Layer,Time_Offset,Target_Timestep,Component,Metric_Mode,Logit_Score,Posteriors_Score,Target_Transition_Prior,Target_String_Prior,Target_Logit,Wrong_Transition_Prior,Wrong_String_Prior,Wrong_Logit,Actual_Argmax_Prior,Actual_String_Prior,Actual_Argmax_Logit,Target_Transition_Post,Target_String_Post,Target_Prob,Wrong_Transition_Post,Wrong_String_Post,Wrong_Prob,Actual_Transition_Post,actual_String_Post,actual_Prob,Is_Target_Logit_Argmax,Is_Target_Prob_Argmax,Should_Decode,Global_MSE_Change,New_String
0,0,54,head_6,recovery,0.0,0.02411597967147827,2972,GCCAGC,4.45703125,3572,GTAGGC,4.5234375,3572,GTAGGC,4.5234375,2972,GCCAGC,0.004180867690593004,3572,GTAGGC,5.821174227094161e-07,732,AGCAGC,0.40364015102386475,False,False,True,0.0001034662127494812,
0,1,54,head_6,recovery,-0.037109375,0.01663440465927124,2972,GCCAGC,4.45703125,3572,GTAGGC,4.52734375,3572,GTAGGC,4.52734375,2972,GCCAGC,0.0041679576970636845,3572,GTAGGC,5.851575224369299e-07,732,AGCAGC,0.40259644389152527,False,False,True,0.00022712349891662598,
0,2,54,head_6,recovery,0.037109375,0.0039362311363220215,2972,GCCAGC,4.45703125,3572,GTAGGC,4.51953125,3572,GTAGGC,4.51953125,2972,GCCAGC,0.004146027844399214,3572,GTAGGC,5.72805959109246e-07,732,AGCAGC,0.4048527777194977,False,False,True,-1.570582389831543e-05,
0,3,54,head_6,recovery,0.0,-0.007875442504882812,2972,GCCAGC,4.45703125,3572,GTAGGC,4.5234375,3572,GTAGGC,4.5234375,2972,GCCAGC,0.004125645384192467,3572,GTAGGC,5.774279543402372e-07,732,AGCAGC,0.40253064036369324,False,False,True,0.0002456977963447571,
0,4,54,head_6,recovery,0.037109375,0.05245471000671387,2972,GCCAGC,4.4609375,3572,GTAGGC,4.5234375,3572,GTAGGC,4.5234375,2972,GCCAGC,0.004229783080518246,3572,GTAGGC,5.844032671120658e-07,732,AGCAGC,0.4028545022010803,False,False,True,0.0004608258605003357,
0,5,54,head_6,recovery,0.0,0.017367184162139893,2972,GCCAGC,4.45703125,3572,GTAGGC,4.5234375,3572,GTAGGC,4.5234375,2972,GCCAGC,0.004169214982539415,3572,GTAGGC,5.778218223895237e-07,732,AGCAGC,0.4033389985561371,False,False,True,0.00018405169248580933,
0,6,54,head_6,recovery,0.0,0.009492576122283936,2972,GCCAGC,4.46484375,3572,GTAGGC,4.53125,3572,GTAGGC,4.53125,2972,GCCAGC,0.004155621398240328,3572,GTAGGC,5.76195134271984e-07,732,AGCAGC,0.4049359858036041,False,False,True,0.00020273029804229736,
0,7,54,head_6,recovery,0.037109375,-0.019457221031188965,2972,GCCAGC,4.44921875,3572,GTAGGC,4.51171875,3572,GTAGGC,4.51171875,2972,GCCAGC,0.004105648025870323,3572,GTAGGC,5.703260512746056e-07,732,AGCAGC,0.4045044779777527,False,False,True,0.0002479478716850281,
0,8,54,head_6,recovery,0.0,0.008309006690979004,2972,GCCAGC,4.46875,3572,GTAGGC,4.53515625,3572,GTAGGC,4.53515625,2972,GCCAGC,0.004153587389737368,3572,GTAGGC,5.850843081134371e-07,732,AGCAGC,0.4039912223815918,False,False,True,0.00043586641550064087,
0,9,54,head_6,recovery,0.037109375,0.00218123197555542,2972,GCCAGC,4.4609375,3572,GTAGGC,4.5234375,3572,GTAGGC,4.5234375,2972,GCCAGC,0.004143005236983299,3572,GTAGGC,5.794766479993996e-07,732,AGCAGC,0.4025624692440033,False,False,True,-0.00010304152965545654,
0,10,54,head_6,recovery,0.037109375,-0.0016578435897827148,2972,GCCAGC,4.4609375,3572,GTAGGC,4.5234375,3572,GTAGGC,4.5234375,2972,GCCAGC,0.004136377479881048,3572,GTAGGC,5.776727221018518e-07,732,AGCAGC,0.4017590582370758,False,False,True,-0.00018463283777236938,
0,11,54,head_6,recovery,0.037109375,0.024096012115478516,2972,GCCAGC,4.453125,3572,GTAGGC,4.515625,3572,GTAGGC,4.515625,2972,GCCAGC,0.004180829506367445,3572,GTAGGC,5.785182111139875e-07,732,AGCAGC,0.4007215201854706,False,False,True,-0.0004145577549934387,
0,12,54,head_6,recovery,-0.037109375,0.004785776138305664,2972,GCCAGC,4.4609375,3572,GTAGGC,4.53125,3572,GTAGGC,4.53125,2972,GCCAGC,0.004147502593696117,3572,GTAGGC,5.813402026433323e-07,732,AGCAGC,0.4045027494430542,False,False,True,0.00014860183000564575,
0,13,54,head_6,recovery,-0.07421875,0.0451541543006897,2972,GCCAGC,4.4609375,3572,GTAGGC,4.53515625,3572,GTAGGC,4.53515625,2972,GCCAGC,0.004217195324599743,3572,GTAGGC,5.973224119770748e-07,732,AGCAGC,0.40494170784950256,False,False,True,-0.0003186911344528198,
0,14,54,head_6,recovery,0.0,0.03253990411758423,2972,GCCAGC,4.4609375,3572,GTAGGC,4.52734375,3572,GTAGGC,4.52734375,2972,GCCAGC,0.004195403307676315,3572,GTAGGC,5.77695118408883e-07,732,AGCAGC,0.4032551050186157,False,False,True,2.4944543838500977e-05,
0,15,54,head_6,recovery,0.0,0.06169092655181885,2972,GCCAGC,4.46875,3572,GTAGGC,4.53515625,3572,GTAGGC,4.53515625,2972,GCCAGC,0.00424572266638279,3572,GTAGGC,5.820808723910886e-07,732,AGCAGC,0.4048171043395996,False,False,True,0.00013700872659683228,
0,16,54,head_6,recovery,-0.037109375,-0.013717412948608398,2972,GCCAGC,4.45703125,3572,GTAGGC,4.52734375,3572,GTAGGC,4.52734375,2972,GCCAGC,0.004115557763725519,3572,GTAGGC,5.731717465096153e-07,732,AGCAGC,0.40220871567726135,False,False,True,-0.0008106082677841187,
0,17,54,head_6,recovery,0.0,0.013739287853240967,2972,GCCAGC,4.46484375,3572,GTAGGC,4.53125,3572,GTAGGC,4.53125,2972,GCCAGC,0.004162952769547701,3572,GTAGGC,5.775143563369056e-07,732,AGCAGC,0.403810054063797,False,False,True,-0.0008554980158805847,
0,18,54,head_6,recovery,0.0,0.02783989906311035,2972,GCCAGC,4.45703125,3572,GTAGGC,4.5234375,3572,GTAGGC,4.5234375,2972,GCCAGC,0.004187293816357851,3572,GTAGGC,5.807542038382962e-07,732,AGCAGC,0.40413105487823486,False,False,True,-0.0008192136883735657,
0,19,54,head_6,recovery,0.0,0.005713343620300293,2972,GCCAGC,4.4609375,3572,GTAGGC,4.52734375,3572,GTAGGC,4.52734375,2972,GCCAGC,0.004149104934185743,3572,GTAGGC,5.827743621011905e-07,732,AGCAGC,0.40149152278900146,False,False,True,0.00040430575609207153,
0,20,54,head_6,recovery,-0.037109375,0.02556610107421875,2972,GCCAGC,4.4609375,3572,GTAGGC,4.53125,3572,GTAGGC,4.53125,2972,GCCAGC,0.004183380864560604,3572,GTAGGC,5.924264883105934e-07,732,AGCAGC,0.40385815501213074,False,False,True,-0.00017450004816055298,
0,21,54,head_6,recovery,0.0,0.04108226299285889,2972,GCCAGC,4.46484375,3572,GTAGGC,4.53125,3572,GTAGGC,4.53125,2972,GCCAGC,0.004210154991596937,3572,GTAGGC,5.853784728060418e-07,732,AGCAGC,0.4019100069999695,False,False,True,0.0002022385597229004,
0,22,54,head_6,recovery,0.0,0.012084126472473145,2972,GCCAGC,4.46875,3572,GTAGGC,4.53515625,3572,GTAGGC,4.53515625,2972,GCCAGC,0.004160099197179079,3572,GTAGGC,5.80745336264954e-07,732,AGCAGC,0.40433448553085327,False,False,True,-0.0005951598286628723,
0,23,54,head_6,recovery,-0.037109375,0.019452393054962158,2972,GCCAGC,4.46875,3572,GTAGGC,4.5390625,3572,GTAGGC,4.5390625,2972,GCCAGC,0.00417281873524189,3572,GTAGGC,5.823332003274118e-07,732,AGCAGC,0.40389713644981384,False,False,True,1.3209879398345947e-05,
0,24,54,head_6,recovery,-0.037109375,0.025258243083953857,2972,GCCAGC,4.46484375,3572,GTAGGC,4.53515625,3572,GTAGGC,4.53515625,2972,GCCAGC,0.004182839300483465,3572,GTAGGC,5.82072971155867e-07,732,AGCAGC,0.4038490056991577,False,False,True,4.970282316207886e-05,
0,25,54,head_6,recovery,0.0,-0.00892794132232666,2972,GCCAGC,4.45703125,3572,GTAGGC,4.5234375,3572,GTAGGC,4.5234375,2972,GCCAGC,0.0041238232515752316,3572,GTAGGC,5.718111992791819e-07,732,AGCAGC,0.4054219424724579,False,False,True,-0.00043758004903793335,
0,26,54,head_6,recovery,-0.111328125,-0.009003162384033203,2972,GCCAGC,4.46484375,3572,GTAGGC,4.54296875,3572,GTAGGC,4.54296875,2972,GCCAGC,0.004123706370592117,3572,GTAGGC,5.849424269399606e-07,732,AGCAGC,0.404193639755249,False,False,True,0.00039665400981903076,
0,27,54,head_6,recovery,-0.07421875,0.02291053533554077,2972,GCCAGC,4.44921875,3572,GTAGGC,4.5234375,3572,GTAGGC,4.5234375,2972,GCCAGC,0.004178790841251612,3572,GTAGGC,5.860105147803552e-07,732,AGCAGC,0.4009847342967987,False,False,True,0.0001547485589981079,
0,28,54,head_6,recovery,-0.07421875,-0.0076601505279541016,2972,GCCAGC,4.44921875,3572,GTAGGC,4.5234375,3572,GTAGGC,4.5234375,2972,GCCAGC,0.004126019775867462,3572,GTAGGC,5.803267981718818e-07,732,AGCAGC,0.403563529253006,False,False,True,9.4585120677948e-05,
0,29,54,head_6,recovery,-0.111328125,0.029095470905303955,2972,GCCAGC,4.45703125,3572,GTAGGC,4.53515625,3572,GTAGGC,4.53515625,2972,GCCAGC,0.004189467988908291,3572,GTAGGC,5.878612796550442e-07,732,AGCAGC,0.4020828902721405,False,False,True,-0.00014623254537582397,
0,30,54,head_6,recovery,-0.07421875,-0.03149712085723877,2972,GCCAGC,4.4609375,3572,GTAGGC,4.53515625,3572,GTAGGC,4.53515625,2972,GCCAGC,0.0040848711505532265,3572,GTAGGC,5.745442308580095e-07,732,AGCAGC,0.4035889804363251,False,False,True,9.161978960037231e-05,
0,31,54,head_6,recovery,-0.07421875,0.017217695713043213,2972,GCCAGC,4.45703125,3572,GTAGGC,4.53125,3572,GTAGGC,4.53125,2972,GCCAGC,0.004168963525444269,3572,GTAGGC,5.843841108799097e-07,732,AGCAGC,0.4012032151222229,False,False,True,-0.0001559033989906311,
1,0,54,head_6,recovery,0.0,0.0044364333152771,2972,GCCAGC,4.4609375,3572,GTAGGC,4.52734375,3572,GTAGGC,4.52734375,2972,GCCAGC,0.004146894905716181,3572,GTAGGC,5.763525905422284e-07,732,AGCAGC,0.4018474817276001,False,False,True,-2.1606683731079102e-07,
1,1,54,head_6,recovery,0.0,0.07561159133911133,2972,GCCAGC,4.4609375,3572,GTAGGC,4.52734375,3572,GTAGGC,4.52734375,2972,GCCAGC,0.004269762430340052,3572,GTAGGC,5.945852308286703e-07,732,AGCAGC,0.4041938781738281,False,False,True,0.0010636672377586365,
1,2,54,head_6,recovery,-0.037109375,0.015152215957641602,2972,GCCAGC,4.453125,3572,GTAGGC,4.5234375,3572,GTAGGC,4.5234375,2972,GCCAGC,0.004165404010564089,3572,GTAGGC,5.900830046812189e-07,732,AGCAGC,0.4028535485267639,False,False,True,0.000759713351726532,
1,3,54,head_6,recovery,0.0,0.038592636585235596,2972,GCCAGC,4.4609375,3572,GTAGGC,4.52734375,3572,GTAGGC,4.52734375,2972,GCCAGC,0.004205864388495684,3572,GTAGGC,5.918160468354472e-07,732,AGCAGC,0.40563857555389404,False,False,True,0.0008249953389167786,
1,4,54,head_6,recovery,0.037109375,0.039449214935302734,2972,GCCAGC,4.44921875,3572,GTAGGC,4.51171875,3572,GTAGGC,4.51171875,2972,GCCAGC,0.0042073386721313,3572,GTAGGC,5.876404998161888e-07,732,AGCAGC,0.40277037024497986,False,False,True,0.0004742816090583801,
1,5,54,head_6,recovery,0.0,0.06555813550949097,2972,GCCAGC,4.45703125,3572,GTAGGC,4.5234375,3572,GTAGGC,4.5234375,2972,GCCAGC,0.004252410028129816,3572,GTAGGC,5.944168037785857e-07,732,AGCAGC,0.40285229682922363,False,False,True,0.0005083233118057251,
1,6,54,head_6,recovery,0.0,-0.01115715503692627,2972,GCCAGC,4.44921875,3572,GTAGGC,4.515625,3572,GTAGGC,4.515625,2972,GCCAGC,0.004119974561035633,3572,GTAGGC,5.711327730750781e-07,732,AGCAGC,0.4046173691749573,False,False,True,-0.00010000169277191162,
1,7,54,head_6,recovery,0.07421875,-0.004369020462036133,2972,GCCAGC,4.46875,3572,GTAGGC,4.52734375,3572,GTAGGC,4.52734375,2972,GCCAGC,0.004131696652621031,3572,GTAGGC,5.766238473370322e-07,732,AGCAGC,0.40565091371536255,False,False,True,-5.5342912673950195e-05,
1,8,54,head_6,recovery,0.0,-0.005284428596496582,2972,GCCAGC,4.45703125,3572,GTAGGC,4.5234375,3572,GTAGGC,4.5234375,2972,GCCAGC,0.004130118992179632,3572,GTAGGC,5.787805434920301e-07,732,AGCAGC,0.4049333930015564,False,False,True,-0.0004926472902297974,
1,9,54,head_6,recovery,0.037109375,0.02117067575454712,2972,GCCAGC,4.45703125,3572,GTAGGC,4.51953125,3572,GTAGGC,4.51953125,2972,GCCAGC,0.0041757868602871895,3572,GTAGGC,5.850696993547899e-07,732,AGCAGC,0.4036605656147003,False,False,True,-2.0347535610198975e-05,
1,10,54,head_6,recovery,-0.037109375,0.029390931129455566,2972,GCCAGC,4.46484375,3572,GTAGGC,4.53515625,3572,GTAGGC,4.53515625,2972,GCCAGC,0.00418997835367918,3572,GTAGGC,5.881345259695081e-07,732,AGCAGC,0.40194171667099,False,False,True,6.214529275894165e-05,
1,11,54,head_6,recovery,0.0,-0.0031414031982421875,2972,GCCAGC,4.45703125,3572,GTAGGC,4.5234375,3572,GTAGGC,4.5234375,2972,GCCAGC,0.004133818671107292,3572,GTAGGC,5.798635811515851e-07,732,AGCAGC,0.40058037638664246,False,False,True,-0.0009952187538146973,
1,12,54,head_6,recovery,0.0,0.025871753692626953,2972,GCCAGC,4.4609375,3572,GTAGGC,4.52734375,3572,GTAGGC,4.52734375,2972,GCCAGC,0.004183895420283079,3572,GTAGGC,5.791087573925324e-07,732,AGCAGC,0.3984110653400421,False,False,True,-0.0010736361145973206,
1,13,54,head_6,recovery,0.07421875,-0.009997010231018066,2972,GCCAGC,4.44921875,3572,GTAGGC,4.5078125,3572,GTAGGC,4.5078125,2972,GCCAGC,0.00412197969853878,3572,GTAGGC,5.735515173910244e-07,732,AGCAGC,0.40313148498535156,False,False,True,-0.0005751848220825195,
1,14,54,head_6,recovery,0.14794921875,0.025717198848724365,2972,GCCAGC,4.4609375,3572,GTAGGC,4.51171875,3572,GTAGGC,4.51171875,2972,GCCAGC,0.004183614160865545,3572,GTAGGC,5.648794854096195e-07,732,AGCAGC,0.4083485007286072,False,False,True,-0.0003042072057723999,
1,15,54,head_6,recovery,0.14794921875,0.02572178840637207,2972,GCCAGC,4.45703125,3572,GTAGGC,4.5078125,3572,GTAGGC,4.5078125,2972,GCCAGC,0.004183633718639612,3572,GTAGGC,5.766901836068428e-07,732,AGCAGC,0.4061877727508545,False,False,True,0.00029694288969039917,
1,16,54,head_6,recovery,0.07421875,0.01569908857345581,2972,GCCAGC,4.45703125,3572,GTAGGC,4.515625,3572,GTAGGC,4.515625,2972,GCCAGC,0.004166336730122566,3572,GTAGGC,5.788950261376158e-07,732,AGCAGC,0.4058191180229187,False,False,True,-0.00033020228147506714,
1,17,54,head_6,recovery,0.037109375,0.00786978006362915,2972,GCCAGC,4.45703125,3572,GTAGGC,4.51953125,3572,GTAGGC,4.51953125,2972,GCCAGC,0.004152829293161631,3572,GTAGGC,5.848652904205665e-07,732,AGCAGC,0.40332624316215515,False,False,True,-0.00038763880729675293,
1,18,54,head_6,recovery,0.0,-0.005812883377075195,2972,GCCAGC,4.4609375,3572,GTAGGC,4.52734375,3572,GTAGGC,4.52734375,2972,GCCAGC,0.004129200242459774,3572,GTAGGC,5.722862397306017e-07,732,AGCAGC,0.40465182065963745,False,False,True,-0.0001026839017868042,
1,19,54,head_6,recovery,0.0,-0.0017695426940917969,2972,GCCAGC,4.45703125,3572,GTAGGC,4.5234375,3572,GTAGGC,4.5234375,2972,GCCAGC,0.004136181902140379,3572,GTAGGC,5.74967145894334e-07,732,AGCAGC,0.40210801362991333,False,False,True,-4.178285598754883e-05,
1,20,54,head_6,recovery,0.037109375,0.011906623840332031,2972,GCCAGC,4.46484375,3572,GTAGGC,4.52734375,3572,GTAGGC,4.52734375,2972,GCCAGC,0.00415978766977787,3572,GTAGGC,5.755533720730455e-07,732,AGCAGC,0.40466222167015076,False,False,True,0.00018884986639022827,
1,21,54,head_6,recovery,0.07421875,-0.03308677673339844,2972,GCCAGC,4.46875,3572,GTAGGC,4.52734375,3572,GTAGGC,4.52734375,2972,GCCAGC,0.004082115832716227,3572,GTAGGC,5.630066084449936e-07,732,AGCAGC,0.40541452169418335,False,False,True,-0.000249326229095459,
1,22,54,head_6,recovery,0.07421875,-0.005915164947509766,2972,GCCAGC,4.46484375,3572,GTAGGC,4.5234375,3572,GTAGGC,4.5234375,2972,GCCAGC,0.0041290209628641605,3572,GTAGGC,5.693353841706994e-07,732,AGCAGC,0.4017673134803772,False,False,True,0.00020417571067810059,
1,23,54,head_6,recovery,0.037109375,0.007244110107421875,2972,GCCAGC,4.453125,3572,GTAGGC,4.515625,3572,GTAGGC,4.515625,2972,GCCAGC,0.004151738248765469,3572,GTAGGC,5.736843604609021e-07,732,AGCAGC,0.40110933780670166,False,False,True,-5.289912223815918e-07,
1,24,54,head_6,recovery,-0.037109375,0.015235841274261475,2972,GCCAGC,4.45703125,3572,GTAGGC,4.52734375,3572,GTAGGC,4.52734375,2972,GCCAGC,0.004165546502918005,3572,GTAGGC,5.87938131957344e-07,732,AGCAGC,0.39906176924705505,False,False,True,-0.00012338906526565552,
1,25,54,head_6,recovery,-0.07421875,0.02538776397705078,2972,GCCAGC,4.4609375,3572,GTAGGC,4.53515625,3572,GTAGGC,4.53515625,2972,GCCAGC,0.004183078184723854,3572,GTAGGC,5.97426890180941e-07,732,AGCAGC,0.4006190598011017,False,False,True,0.0001296699047088623,
1,26,54,head_6,recovery,-0.185546875,-0.0893101692199707,2972,GCCAGC,4.44140625,3572,GTAGGC,4.52734375,3572,GTAGGC,4.52734375,2972,GCCAGC,0.0039850864559412,3572,GTAGGC,5.759000600846775e-07,732,AGCAGC,0.3937361240386963,False,False,True,-0.0003240257501602173,
1,27,54,head_6,recovery,-0.111328125,-0.05539083480834961,2972,GCCAGC,4.4453125,3572,GTAGGC,4.5234375,3572,GTAGGC,4.5234375,2972,GCCAGC,0.004043628927320242,3572,GTAGGC,5.734164574278111e-07,732,AGCAGC,0.3967682421207428,False,False,True,-0.0003546103835105896,
1,28,54,head_6,recovery,-0.111328125,0.005171597003936768,2972,GCCAGC,4.4375,3572,GTAGGC,4.515625,3572,GTAGGC,4.515625,2972,GCCAGC,0.004148176405578852,3572,GTAGGC,5.889191925234627e-07,732,AGCAGC,0.3978527784347534,False,False,True,-0.0001720711588859558,
1,29,54,head_6,recovery,-0.037109375,0.06109875440597534,2972,GCCAGC,4.47265625,3572,GTAGGC,4.54296875,3572,GTAGGC,4.54296875,2972,GCCAGC,0.004244709853082895,3572,GTAGGC,5.915277370149852e-07,732,AGCAGC,0.4111943542957306,False,False,True,4.2669475078582764e-05,
1,30,54,head_6,recovery,-0.037109375,0.004941463470458984,2972,GCCAGC,4.45703125,3572,GTAGGC,4.52734375,3572,GTAGGC,4.52734375,2972,GCCAGC,0.004147775005549192,3572,GTAGGC,5.847354032084695e-07,732,AGCAGC,0.40856143832206726,False,False,True,-0.0005723387002944946,
1,31,54,head_6,recovery,-0.07421875,0.05166637897491455,2972,GCCAGC,4.4609375,3572,GTAGGC,4.53515625,3572,GTAGGC,4.53515625,2972,GCCAGC,0.004228432662785053,3572,GTAGGC,5.944206122876494e-07,732,AGCAGC,0.40548214316368103,False,False,True,-0.0005639120936393738,
2,0,54,head_6,recovery,0.037109375,0.022717654705047607,2972,GCCAGC,4.45703125,3572,GTAGGC,4.51953125,3572,GTAGGC,4.51953125,2972,GCCAGC,0.004178449511528015,3572,GTAGGC,5.772243412138778e-07,732,AGCAGC,0.4040905237197876,False,False,True,-0.0004952996969223022,
2,1,54,head_6,recovery,-0.037109375,0.03750103712081909,2972,GCCAGC,4.453125,3572,GTAGGC,4.5234375,3572,GTAGGC,4.5234375,2972,GCCAGC,0.004203971475362778,3572,GTAGGC,5.83106157137081e-07,732,AGCAGC,0.40298882126808167,False,False,True,-0.00011896342039108276,
2,2,54,head_6,recovery,0.037109375,0.05561959743499756,2972,GCCAGC,4.453125,3572,GTAGGC,4.515625,3572,GTAGGC,4.515625,2972,GCCAGC,0.004235244356095791,3572,GTAGGC,5.82850134378532e-07,732,AGCAGC,0.4029194116592407,False,False,True,-6.847083568572998e-06,
2,3,54,head_6,recovery,-0.07421875,0.02443516254425049,2972,GCCAGC,4.453125,3572,GTAGGC,4.52734375,3572,GTAGGC,4.52734375,2972,GCCAGC,0.004181421361863613,3572,GTAGGC,5.849149715686508e-07,732,AGCAGC,0.40172725915908813,False,False,True,0.0001382976770401001,
2,4,54,head_6,recovery,0.0,0.03655892610549927,2972,GCCAGC,4.44921875,3572,GTAGGC,4.515625,3572,GTAGGC,4.515625,2972,GCCAGC,0.004202352371066809,3572,GTAGGC,5.901870281377342e-07,732,AGCAGC,0.4018574655056,False,False,True,-0.0002283528447151184,
2,5,54,head_6,recovery,0.037109375,0.05258530378341675,2972,GCCAGC,4.4609375,3572,GTAGGC,4.5234375,3572,GTAGGC,4.5234375,2972,GCCAGC,0.004230007994920015,3572,GTAGGC,5.840482231178612e-07,732,AGCAGC,0.4062339961528778,False,False,True,0.00019694864749908447,
2,6,54,head_6,recovery,-0.037109375,0.015397191047668457,2972,GCCAGC,4.44921875,3572,GTAGGC,4.51953125,3572,GTAGGC,4.51953125,2972,GCCAGC,0.004165825434029102,3572,GTAGGC,5.886475378247269e-07,732,AGCAGC,0.40116435289382935,False,False,True,0.00029312819242477417,
2,7,54,head_6,recovery,0.037109375,0.053127825260162354,2972,GCCAGC,4.46484375,3572,GTAGGC,4.52734375,3572,GTAGGC,4.52734375,2972,GCCAGC,0.004230944439768791,3572,GTAGGC,5.84078918564046e-07,732,AGCAGC,0.4018046259880066,False,False,True,0.0002076476812362671,
2,8,54,head_6,recovery,0.037109375,0.010999858379364014,2972,GCCAGC,4.4609375,3572,GTAGGC,4.5234375,3572,GTAGGC,4.5234375,2972,GCCAGC,0.0041582295671105385,3572,GTAGGC,5.823983997288451e-07,732,AGCAGC,0.405709832906723,False,False,True,-1.6786158084869385e-05,
2,9,54,head_6,recovery,-0.037109375,0.003148198127746582,2972,GCCAGC,4.45703125,3572,GTAGGC,4.52734375,3572,GTAGGC,4.52734375,2972,GCCAGC,0.004144676961004734,3572,GTAGGC,5.818663453283079e-07,732,AGCAGC,0.40420863032341003,False,False,True,-0.00013440102338790894,
2,10,54,head_6,recovery,0.0,-0.007472872734069824,2972,GCCAGC,4.4609375,3572,GTAGGC,4.52734375,3572,GTAGGC,4.52734375,2972,GCCAGC,0.004126342944800854,3572,GTAGGC,5.804062652714492e-07,732,AGCAGC,0.40159866213798523,False,False,True,0.000493362545967102,
2,11,54,head_6,recovery,0.0,0.020772993564605713,2972,GCCAGC,4.4609375,3572,GTAGGC,4.52734375,3572,GTAGGC,4.52734375,2972,GCCAGC,0.004175100475549698,3572,GTAGGC,5.847471129527548e-07,732,AGCAGC,0.4002884328365326,False,False,True,8.385628461837769e-05,
2,12,54,head_6,recovery,0.037109375,0.056033432483673096,2972,GCCAGC,4.4609375,3572,GTAGGC,4.5234375,3572,GTAGGC,4.5234375,2972,GCCAGC,0.004235963337123394,3572,GTAGGC,5.878641218259872e-07,732,AGCAGC,0.40090253949165344,False,False,True,0.00024544447660446167,
2,13,54,head_6,recovery,0.0,0.010595977306365967,2972,GCCAGC,4.45703125,3572,GTAGGC,4.5234375,3572,GTAGGC,4.5234375,2972,GCCAGC,0.00415753573179245,3572,GTAGGC,5.855694666934141e-07,732,AGCAGC,0.402743399143219,False,False,True,-0.0005190521478652954,
2,14,54,head_6,recovery,0.0,0.05716007947921753,2972,GCCAGC,4.4609375,3572,GTAGGC,4.52734375,3572,GTAGGC,4.52734375,2972,GCCAGC,0.0042379084043204784,3572,GTAGGC,5.880941671421169e-07,732,AGCAGC,0.40383777022361755,False,False,True,0.0011891350150108337,
2,15,54,head_6,recovery,0.0,0.06688547134399414,2972,GCCAGC,4.44921875,3572,GTAGGC,4.515625,3572,GTAGGC,4.515625,2972,GCCAGC,0.004254697822034359,3572,GTAGGC,5.912352776249463e-07,732,AGCAGC,0.39962735772132874,False,False,True,0.0012869611382484436,
2,16,54,head_6,recovery,-0.037109375,0.03401052951812744,2972,GCCAGC,4.4453125,3572,GTAGGC,4.515625,3572,GTAGGC,4.515625,2972,GCCAGC,0.0041979518719017506,3572,GTAGGC,5.882544087398855e-07,732,AGCAGC,0.39933499693870544,False,False,True,0.0010121390223503113,
2,17,54,head_6,recovery,0.037109375,0.02252715826034546,2972,GCCAGC,4.4453125,3572,GTAGGC,4.5078125,3572,GTAGGC,4.5078125,2972,GCCAGC,0.0041781277395784855,3572,GTAGGC,5.844271413479873e-07,732,AGCAGC,0.39952874183654785,False,False,True,-0.00020876526832580566,
2,18,54,head_6,recovery,0.0,0.04593169689178467,2972,GCCAGC,4.453125,3572,GTAGGC,4.51953125,3572,GTAGGC,4.51953125,2972,GCCAGC,0.004218531772494316,3572,GTAGGC,5.919056320635718e-07,732,AGCAGC,0.39902740716934204,False,False,True,-0.0007606148719787598,
2,19,54,head_6,recovery,0.037109375,0.0483585000038147,2972,GCCAGC,4.4609375,3572,GTAGGC,4.5234375,3572,GTAGGC,4.5234375,2972,GCCAGC,0.004222714342176914,3572,GTAGGC,5.85714076350996e-07,732,AGCAGC,0.3990575671195984,False,False,True,-0.000659845769405365,
2,20,54,head_6,recovery,-0.037109375,0.041133224964141846,2972,GCCAGC,4.45703125,3572,GTAGGC,4.52734375,3572,GTAGGC,4.52734375,2972,GCCAGC,0.004210243932902813,3572,GTAGGC,5.863835781383386e-07,732,AGCAGC,0.40385499596595764,False,False,True,0.00022757798433303833,
2,21,54,head_6,recovery,0.0,0.061647772789001465,2972,GCCAGC,4.453125,3572,GTAGGC,4.51953125,3572,GTAGGC,4.51953125,2972,GCCAGC,0.00424566213041544,3572,GTAGGC,5.959071813776973e-07,732,AGCAGC,0.4017775356769562,False,False,True,0.0003384798765182495,
2,22,54,head_6,recovery,0.0,0.044805049896240234,2972,GCCAGC,4.4609375,3572,GTAGGC,4.52734375,3572,GTAGGC,4.52734375,2972,GCCAGC,0.004216579254716635,3572,GTAGGC,5.837820822307549e-07,732,AGCAGC,0.4014008343219757,False,False,True,-5.945563316345215e-06,
2,23,54,head_6,recovery,0.0,0.049178898334503174,2972,GCCAGC,4.4609375,3572,GTAGGC,4.52734375,3572,GTAGGC,4.52734375,2972,GCCAGC,0.004224130883812904,3572,GTAGGC,5.862588068339392e-07,732,AGCAGC,0.40605974197387695,False,False,True,0.00021547824144363403,
2,24,54,head_6,recovery,0.0,0.06413662433624268,2972,GCCAGC,4.46875,3572,GTAGGC,4.53515625,3572,GTAGGC,4.53515625,2972,GCCAGC,0.004249952267855406,3572,GTAGGC,5.903035571463988e-07,732,AGCAGC,0.4047507345676422,False,False,True,0.00020375847816467285,
2,25,54,head_6,recovery,0.07421875,0.05596357583999634,2972,GCCAGC,4.4609375,3572,GTAGGC,4.51953125,3572,GTAGGC,4.51953125,2972,GCCAGC,0.0042358338832855225,3572,GTAGGC,5.786534416074574e-07,732,AGCAGC,0.402957022190094,False,False,True,-5.3822994232177734e-05,
2,26,54,head_6,recovery,0.0,0.03227388858795166,2972,GCCAGC,4.4609375,3572,GTAGGC,4.52734375,3572,GTAGGC,4.52734375,2972,GCCAGC,0.004194948822259903,3572,GTAGGC,5.824435902468394e-07,732,AGCAGC,0.4078896641731262,False,False,True,-0.00017370283603668213,
2,27,54,head_6,recovery,0.037109375,0.011515140533447266,2972,GCCAGC,4.45703125,3572,GTAGGC,4.51953125,3572,GTAGGC,4.51953125,2972,GCCAGC,0.0041591147892177105,3572,GTAGGC,5.783857091046229e-07,732,AGCAGC,0.4003164768218994,False,False,True,0.0003529489040374756,
2,28,54,head_6,recovery,-0.037109375,0.013860464096069336,2972,GCCAGC,4.4609375,3572,GTAGGC,4.53125,3572,GTAGGC,4.53125,2972,GCCAGC,0.004163168836385012,3572,GTAGGC,5.844616453032359e-07,732,AGCAGC,0.4029569625854492,False,False,True,-8.036196231842041e-05,
2,29,54,head_6,recovery,-0.037109375,0.027763783931732178,2972,GCCAGC,4.45703125,3572,GTAGGC,4.52734375,3572,GTAGGC,4.52734375,2972,GCCAGC,0.004187160171568394,3572,GTAGGC,5.784154382126871e-07,732,AGCAGC,0.40077751874923706,False,False,True,0.0002905130386352539,
2,30,54,head_6,recovery,-0.037109375,0.01624298095703125,2972,GCCAGC,4.45703125,3572,GTAGGC,4.52734375,3572,GTAGGC,4.52734375,2972,GCCAGC,0.004167287144809961,3572,GTAGGC,5.902388693357352e-07,732,AGCAGC,0.4049280285835266,False,False,True,8.19861888885498e-05,
2,31,54,head_6,recovery,-0.111328125,0.031050920486450195,2972,GCCAGC,4.45703125,3572,GTAGGC,4.53515625,3572,GTAGGC,4.53515625,2972,GCCAGC,0.004192851483821869,3572,GTAGGC,5.95913434153772e-07,732,AGCAGC,0.4036129415035248,False,False,True,0.00028280168771743774,
3,0,54,head_6,recovery,0.0,0.02398163080215454,2972,GCCAGC,4.45703125,3572,GTAGGC,4.5234375,3572,GTAGGC,4.5234375,2972,GCCAGC,0.0041806381195783615,3572,GTAGGC,5.843864983035019e-07,732,AGCAGC,0.4036919176578522,False,False,True,-0.00017823278903961182,
3,1,54,head_6,recovery,0.0,0.03512072563171387,2972,GCCAGC,4.45703125,3572,GTAGGC,4.5234375,3572,GTAGGC,4.5234375,2972,GCCAGC,0.0041998643428087234,3572,GTAGGC,5.844714792146988e-07,732,AGCAGC,0.40150922536849976,False,False,True,1.084059476852417e-05,
3,2,54,head_6,recovery,0.07421875,0.021137475967407227,2972,GCCAGC,4.45703125,3572,GTAGGC,4.515625,3572,GTAGGC,4.515625,2972,GCCAGC,0.004175730049610138,3572,GTAGGC,5.855623044226377e-07,732,AGCAGC,0.4018421769142151,False,False,True,-8.127093315124512e-05,
3,3,54,head_6,recovery,0.07421875,0.05702167749404907,2972,GCCAGC,4.45703125,3572,GTAGGC,4.515625,3572,GTAGGC,4.515625,2972,GCCAGC,0.004237669054418802,3572,GTAGGC,5.877528792552766e-07,732,AGCAGC,0.4030270278453827,False,False,True,0.0006929636001586914,
3,4,54,head_6,recovery,0.0,0.031155884265899658,2972,GCCAGC,4.45703125,3572,GTAGGC,4.5234375,3572,GTAGGC,4.5234375,2972,GCCAGC,0.004193025641143322,3572,GTAGGC,5.888641112505866e-07,732,AGCAGC,0.40364202857017517,False,False,True,4.8786401748657227e-05,
3,5,54,head_6,recovery,0.0,0.03419828414916992,2972,GCCAGC,4.45703125,3572,GTAGGC,4.5234375,3572,GTAGGC,4.5234375,2972,GCCAGC,0.004198270384222269,3572,GTAGGC,5.82582231345441e-07,732,AGCAGC,0.40667077898979187,False,False,True,0.0002947971224784851,
3,6,54,head_6,recovery,0.0,0.0616229772567749,2972,GCCAGC,4.4609375,3572,GTAGGC,4.52734375,3572,GTAGGC,4.52734375,2972,GCCAGC,0.00424561183899641,3572,GTAGGC,5.884560891900037e-07,732,AGCAGC,0.40538138151168823,False,False,True,0.00014258921146392822,
3,7,54,head_6,recovery,0.037109375,0.04691725969314575,2972,GCCAGC,4.4609375,3572,GTAGGC,4.5234375,3572,GTAGGC,4.5234375,2972,GCCAGC,0.004220225848257542,3572,GTAGGC,5.848131081620522e-07,732,AGCAGC,0.4034619927406311,False,False,True,7.619708776473999e-05,
3,8,54,head_6,recovery,0.037109375,0.012591063976287842,2972,GCCAGC,4.4609375,3572,GTAGGC,4.5234375,3572,GTAGGC,4.5234375,2972,GCCAGC,0.004160973243415356,3572,GTAGGC,5.798469828732777e-07,732,AGCAGC,0.40497517585754395,False,False,True,-0.0002586543560028076,
3,9,54,head_6,recovery,0.0,0.025180041790008545,2972,GCCAGC,4.4609375,3572,GTAGGC,4.52734375,3572,GTAGGC,4.52734375,2972,GCCAGC,0.00418270705267787,3572,GTAGGC,5.847759894095361e-07,732,AGCAGC,0.4036329388618469,False,False,True,0.00012565404176712036,
3,10,54,head_6,recovery,0.0,0.022938907146453857,2972,GCCAGC,4.4609375,3572,GTAGGC,4.52734375,3572,GTAGGC,4.52734375,2972,GCCAGC,0.004178838338702917,3572,GTAGGC,5.843319286213955e-07,732,AGCAGC,0.4038938581943512,False,False,True,8.103251457214355e-05,
3,11,54,head_6,recovery,0.037109375,0.04940825700759888,2972,GCCAGC,4.4609375,3572,GTAGGC,4.5234375,3572,GTAGGC,4.5234375,2972,GCCAGC,0.0042245276272296906,3572,GTAGGC,5.872105930393445e-07,732,AGCAGC,0.40283310413360596,False,False,True,-0.0003254413604736328,
3,12,54,head_6,recovery,-0.037109375,0.02678525447845459,2972,GCCAGC,4.44921875,3572,GTAGGC,4.51953125,3572,GTAGGC,4.51953125,2972,GCCAGC,0.004185479134321213,3572,GTAGGC,5.863693104402046e-07,732,AGCAGC,0.40163880586624146,False,False,True,-0.00044505298137664795,
3,13,54,head_6,recovery,0.037109375,0.02556633949279785,2972,GCCAGC,4.453125,3572,GTAGGC,4.515625,3572,GTAGGC,4.515625,2972,GCCAGC,0.004183377139270306,3572,GTAGGC,5.880787057321868e-07,732,AGCAGC,0.40197649598121643,False,False,True,-0.00018727779388427734,
3,14,54,head_6,recovery,0.0,0.025972962379455566,2972,GCCAGC,4.4609375,3572,GTAGGC,4.52734375,3572,GTAGGC,4.52734375,2972,GCCAGC,0.0041840653866529465,3572,GTAGGC,5.745735052187229e-07,732,AGCAGC,0.4052947759628296,False,False,True,-6.962567567825317e-05,
3,15,54,head_6,recovery,0.14794921875,0.05794358253479004,2972,GCCAGC,4.45703125,3572,GTAGGC,4.5078125,3572,GTAGGC,4.5078125,2972,GCCAGC,0.004239254165440798,3572,GTAGGC,5.814796395497979e-07,732,AGCAGC,0.4036826193332672,False,False,True,0.0004604905843734741,
3,16,54,head_6,recovery,-0.22265625,0.25886011123657227,2972,GCCAGC,4.45703125,3572,GTAGGC,4.546875,3572,GTAGGC,4.546875,2972,GCCAGC,0.0045861247926950455,3572,GTAGGC,6.670696279797994e-07,732,AGCAGC,0.37997356057167053,False,False,True,0.00865822285413742,
3,17,54,head_6,recovery,-0.4072265625,0.6876200437545776,2972,GCCAGC,4.46484375,3572,GTAGGC,4.57421875,3572,GTAGGC,4.57421875,2972,GCCAGC,0.005326303653419018,3572,GTAGGC,7.9978434541772e-07,732,AGCAGC,0.35312020778656006,False,False,True,0.010189034044742584,
3,18,54,head_6,recovery,-0.3330078125,0.5969510078430176,2972,GCCAGC,4.453125,3572,GTAGGC,4.5546875,2932,GCAGGC,4.5625,2972,GCCAGC,0.005169782321900129,3572,GTAGGC,7.746827463961381e-07,732,AGCAGC,0.3559400141239166,False,False,True,0.008210554718971252,
3,19,54,head_6,recovery,-0.037109375,0.4209754467010498,2972,GCCAGC,4.46875,3572,GTAGGC,4.5390625,3572,GTAGGC,4.5390625,2972,GCCAGC,0.0048659672029316425,3572,GTAGGC,6.962085876693891e-07,732,AGCAGC,0.3780288100242615,False,False,True,-0.0012073516845703125,
3,20,54,head_6,recovery,0.037109375,0.03799718618392944,2972,GCCAGC,4.4609375,3572,GTAGGC,4.5234375,3572,GTAGGC,4.5234375,2972,GCCAGC,0.004204831086099148,3572,GTAGGC,5.86389546697319e-07,732,AGCAGC,0.40372365713119507,False,False,True,-0.0014332681894302368,
3,21,54,head_6,recovery,-0.037109375,0.01029515266418457,2972,GCCAGC,4.45703125,3572,GTAGGC,4.52734375,3572,GTAGGC,4.52734375,2972,GCCAGC,0.004157016985118389,3572,GTAGGC,5.86438147820445e-07,732,AGCAGC,0.3990902602672577,False,False,True,2.3446977138519287e-05,
3,22,54,head_6,recovery,0.037109375,0.06500452756881714,2972,GCCAGC,4.46875,3572,GTAGGC,4.53125,3572,GTAGGC,4.53125,2972,GCCAGC,0.004251441452652216,3572,GTAGGC,5.816116299683927e-07,732,AGCAGC,0.40470728278160095,False,False,True,8.285045623779297e-06,
3,23,54,head_6,recovery,0.0,0.033276140689849854,2972,GCCAGC,4.4609375,3572,GTAGGC,4.52734375,3572,GTAGGC,4.52734375,2972,GCCAGC,0.004196677356958389,3572,GTAGGC,5.811784831166733e-07,732,AGCAGC,0.4024369716644287,False,False,True,0.00029474496841430664,
3,24,54,head_6,recovery,0.07421875,0.05780029296875,2972,GCCAGC,4.46875,3572,GTAGGC,4.52734375,3572,GTAGGC,4.52734375,2972,GCCAGC,0.004239015746861696,3572,GTAGGC,5.906856017645623e-07,732,AGCAGC,0.40798214077949524,False,False,True,2.1725893020629883e-05,
3,25,54,head_6,recovery,0.037109375,0.039134085178375244,2972,GCCAGC,4.45703125,3572,GTAGGC,4.51953125,3572,GTAGGC,4.51953125,2972,GCCAGC,0.004206795711070299,3572,GTAGGC,5.887746397092997e-07,732,AGCAGC,0.4030073583126068,False,False,True,4.816800355911255e-05,
3,26,54,head_6,recovery,0.0,0.004485785961151123,2972,GCCAGC,4.45703125,3572,GTAGGC,4.5234375,3572,GTAGGC,4.5234375,2972,GCCAGC,0.004146987106651068,3572,GTAGGC,5.835925094288541e-07,732,AGCAGC,0.4045511782169342,False,False,True,3.7632882595062256e-05,
3,27,54,head_6,recovery,-0.07421875,-0.026723504066467285,2972,GCCAGC,4.44921875,3572,GTAGGC,4.5234375,3572,GTAGGC,4.5234375,2972,GCCAGC,0.00409311568364501,3572,GTAGGC,5.796420623482845e-07,732,AGCAGC,0.39901572465896606,False,False,True,-8.993595838546753e-05,
3,28,54,head_6,recovery,-0.037109375,0.007466137409210205,2972,GCCAGC,4.45703125,3572,GTAGGC,4.52734375,3572,GTAGGC,4.52734375,2972,GCCAGC,0.004152132198214531,3572,GTAGGC,5.846284807375923e-07,732,AGCAGC,0.401790589094162,False,False,True,6.683170795440674e-05,
3,29,54,head_6,recovery,-0.037109375,-0.0034066438674926758,2972,GCCAGC,4.4453125,3572,GTAGGC,4.515625,3572,GTAGGC,4.515625,2972,GCCAGC,0.004133367910981178,3572,GTAGGC,5.866764922757284e-07,732,AGCAGC,0.4018835127353668,False,False,True,0.00016785413026809692,
3,30,54,head_6,recovery,0.07421875,0.041610777378082275,2972,GCCAGC,4.4609375,3572,GTAGGC,4.51953125,3572,GTAGGC,4.51953125,2972,GCCAGC,0.004211064428091049,3572,GTAGGC,5.825247058055538e-07,732,AGCAGC,0.40598514676094055,False,False,True,0.0003814026713371277,
3,31,54,head_6,recovery,0.111328125,0.027228832244873047,2972,GCCAGC,4.45703125,3572,GTAGGC,4.51171875,3572,GTAGGC,4.51171875,2972,GCCAGC,0.004186238627880812,3572,GTAGGC,5.800011422252283e-07,732,AGCAGC,0.40412166714668274,False,False,True,-5.6512653827667236e-05,
4,0,54,head_6,recovery,-0.037109375,-0.039939165115356445,2972,GCCAGC,4.46484375,3572,GTAGGC,4.53515625,3572,GTAGGC,4.53515625,2972,GCCAGC,0.004070302005857229,3572,GTAGGC,5.76631293824903e-07,732,AGCAGC,0.4083203971385956,False,False,True,-0.00039346516132354736,
4,1,54,head_6,recovery,0.037109375,0.0374106764793396,2972,GCCAGC,4.4609375,3572,GTAGGC,4.5234375,3572,GTAGGC,4.5234375,2972,GCCAGC,0.004203827586025,3572,GTAGGC,5.950589070380374e-07,732,AGCAGC,0.40474367141723633,False,False,True,-0.00020945817232131958,
4,2,54,head_6,recovery,0.07421875,0.0834360122680664,2972,GCCAGC,4.46875,3572,GTAGGC,4.52734375,3572,GTAGGC,4.52734375,2972,GCCAGC,0.004283278249204159,3572,GTAGGC,6.053163588148891e-07,732,AGCAGC,0.4055352210998535,False,False,True,0.00010079890489578247,
4,3,54,head_6,recovery,0.037109375,0.10893464088439941,2972,GCCAGC,4.4609375,3572,GTAGGC,4.5234375,3572,GTAGGC,4.5234375,2972,GCCAGC,0.0043272944167256355,3572,GTAGGC,6.104620524638449e-07,732,AGCAGC,0.405158132314682,False,False,True,0.0002572387456893921,
4,4,54,head_6,recovery,0.037109375,0.06207054853439331,2972,GCCAGC,4.44921875,3572,GTAGGC,4.51171875,3572,GTAGGC,4.51171875,2972,GCCAGC,0.0042463927529752254,3572,GTAGGC,5.969835115138267e-07,732,AGCAGC,0.40439939498901367,False,False,True,-5.4523348808288574e-05,
4,5,54,head_6,recovery,0.0,0.05072671175003052,2972,GCCAGC,4.44921875,3572,GTAGGC,4.515625,3572,GTAGGC,4.515625,2972,GCCAGC,0.004226803779602051,3572,GTAGGC,5.874510407011257e-07,732,AGCAGC,0.4052269458770752,False,False,True,0.0005005598068237305,
4,6,54,head_6,recovery,0.07421875,0.001958131790161133,2972,GCCAGC,4.4609375,3572,GTAGGC,4.51953125,3572,GTAGGC,4.51953125,2972,GCCAGC,0.004142620135098696,3572,GTAGGC,5.791544026578777e-07,732,AGCAGC,0.40825921297073364,False,False,True,0.00012052059173583984,
4,7,54,head_6,recovery,0.111328125,0.023379981517791748,2972,GCCAGC,4.46875,3572,GTAGGC,4.5234375,3572,GTAGGC,4.5234375,2972,GCCAGC,0.004179596900939941,3572,GTAGGC,5.814375754198409e-07,732,AGCAGC,0.405418336391449,False,False,True,-0.0002679675817489624,
4,8,54,head_6,recovery,0.0,-0.022055625915527344,2972,GCCAGC,4.46875,3572,GTAGGC,4.53515625,3572,GTAGGC,4.53515625,2972,GCCAGC,0.004101177211850882,3572,GTAGGC,5.843547228323587e-07,732,AGCAGC,0.4040146470069885,False,False,True,-0.0004055425524711609,
4,9,54,head_6,recovery,0.037109375,0.008596301078796387,2972,GCCAGC,4.47265625,3572,GTAGGC,4.53515625,3572,GTAGGC,4.53515625,2972,GCCAGC,0.00415407819673419,3572,GTAGGC,5.799715836474206e-07,732,AGCAGC,0.4076181948184967,False,False,True,0.000614456832408905,
4,10,54,head_6,recovery,-0.07421875,-0.04174244403839111,2972,GCCAGC,4.4765625,3572,GTAGGC,4.55078125,3572,GTAGGC,4.55078125,2972,GCCAGC,0.004067189991474152,3572,GTAGGC,5.769761628471315e-07,732,AGCAGC,0.40492576360702515,False,False,True,-0.00036203116178512573,
4,11,54,head_6,recovery,0.0,0.03910171985626221,2972,GCCAGC,4.46875,3572,GTAGGC,4.53515625,3572,GTAGGC,4.53515625,2972,GCCAGC,0.004206730984151363,3572,GTAGGC,5.796797495349892e-07,732,AGCAGC,0.4020920693874359,False,False,True,-0.0015687942504882812,
4,12,54,head_6,recovery,0.0,0.04586857557296753,2972,GCCAGC,4.4609375,3572,GTAGGC,4.52734375,3572,GTAGGC,4.52734375,2972,GCCAGC,0.004218410234898329,3572,GTAGGC,5.791904982288543e-07,732,AGCAGC,0.39921078085899353,False,False,True,-0.0018047168850898743,
4,13,54,head_6,recovery,0.29638671875,0.009077072143554688,2972,GCCAGC,4.45703125,3572,GTAGGC,4.4921875,3572,GTAGGC,4.4921875,2972,GCCAGC,0.004154886119067669,3572,GTAGGC,5.579835260505206e-07,732,AGCAGC,0.4050002694129944,False,False,True,-0.00087776780128479,
4,14,54,head_6,recovery,0.22216796875,-0.02946937084197998,2972,GCCAGC,4.44921875,3572,GTAGGC,4.4921875,3572,GTAGGC,4.4921875,2972,GCCAGC,0.004088353365659714,3572,GTAGGC,5.570317398451152e-07,732,AGCAGC,0.410175085067749,False,False,True,-0.0002947598695755005,
4,15,54,head_6,recovery,0.29638671875,-0.029856324195861816,2972,GCCAGC,4.44921875,3572,GTAGGC,4.484375,3572,GTAGGC,4.484375,2972,GCCAGC,0.0040876897983253,3572,GTAGGC,5.609719551102899e-07,732,AGCAGC,0.40993958711624146,False,False,True,-0.0003137663006782532,
4,16,54,head_6,recovery,0.14794921875,0.07577264308929443,2972,GCCAGC,4.45703125,3572,GTAGGC,4.5078125,3572,GTAGGC,4.5078125,2972,GCCAGC,0.0042700269259512424,3572,GTAGGC,5.809828849123733e-07,732,AGCAGC,0.4041387736797333,False,False,True,-8.589774370193481e-05,
4,17,54,head_6,recovery,-0.037109375,0.05195963382720947,2972,GCCAGC,4.45703125,3572,GTAGGC,4.52734375,3572,GTAGGC,4.52734375,2972,GCCAGC,0.00422893650829792,3572,GTAGGC,5.921315846535435e-07,732,AGCAGC,0.40139952301979065,False,False,True,0.0007973238825798035,
4,18,54,head_6,recovery,-0.07421875,0.04898953437805176,2972,GCCAGC,4.44921875,3572,GTAGGC,4.5234375,3572,GTAGGC,4.5234375,2972,GCCAGC,0.004223816096782684,3572,GTAGGC,5.983881692372961e-07,732,AGCAGC,0.39719921350479126,False,False,True,0.00027254223823547363,
4,19,54,head_6,recovery,0.07421875,0.014143168926239014,2972,GCCAGC,4.45703125,3572,GTAGGC,4.515625,3572,GTAGGC,4.515625,2972,GCCAGC,0.004163654986768961,3572,GTAGGC,5.824023219247465e-07,732,AGCAGC,0.40350237488746643,False,False,True,-0.0015179067850112915,
4,20,54,head_6,recovery,0.14794921875,0.03088688850402832,2972,GCCAGC,4.44921875,3572,GTAGGC,4.5,3572,GTAGGC,4.5,2972,GCCAGC,0.004192552529275417,3572,GTAGGC,5.801645102110342e-07,732,AGCAGC,0.40364575386047363,False,False,True,-0.0016115158796310425,
4,21,54,head_6,recovery,0.111328125,-0.023020625114440918,2972,GCCAGC,4.46875,3572,GTAGGC,4.5234375,3572,GTAGGC,4.5234375,2972,GCCAGC,0.004099491983652115,3572,GTAGGC,5.649710033139854e-07,732,AGCAGC,0.40510764718055725,False,False,True,-0.0005429089069366455,
4,22,54,head_6,recovery,0.18505859375,-0.007206320762634277,2972,GCCAGC,4.4609375,3572,GTAGGC,4.5078125,3572,GTAGGC,4.5078125,2972,GCCAGC,0.004126776475459337,3572,GTAGGC,5.538196319321287e-07,732,AGCAGC,0.39936137199401855,False,False,True,0.0002718716859817505,
4,23,54,head_6,recovery,0.111328125,0.0052498579025268555,2972,GCCAGC,4.4609375,3572,GTAGGC,4.515625,3572,GTAGGC,4.515625,2972,GCCAGC,0.004148284438997507,3572,GTAGGC,5.620184992949362e-07,732,AGCAGC,0.3968505561351776,False,False,True,0.0016059726476669312,
4,24,54,head_6,recovery,0.22216796875,0.06667882204055786,2972,GCCAGC,4.46484375,3572,GTAGGC,4.5078125,3572,GTAGGC,4.5078125,2972,GCCAGC,0.0042543257586658,3572,GTAGGC,5.762246928497916e-07,732,AGCAGC,0.39965948462486267,False,False,True,0.0005466118454933167,
4,25,54,head_6,recovery,0.037109375,0.11177176237106323,2972,GCCAGC,4.4765625,3572,GTAGGC,4.5390625,3572,GTAGGC,4.5390625,2972,GCCAGC,0.004332178272306919,3572,GTAGGC,5.973219003863051e-07,732,AGCAGC,0.40533700585365295,False,False,True,0.0016185864806175232,
4,26,54,head_6,recovery,-0.111328125,-0.0686255693435669,2972,GCCAGC,4.46484375,3572,GTAGGC,4.54296875,3572,GTAGGC,4.54296875,2972,GCCAGC,0.004020772874355316,3572,GTAGGC,5.608482638308487e-07,732,AGCAGC,0.3991212844848633,False,False,True,0.0011061429977416992,
4,27,54,head_6,recovery,-0.111328125,-0.15945303440093994,2972,GCCAGC,4.45703125,3572,GTAGGC,4.53515625,3572,GTAGGC,4.53515625,2972,GCCAGC,0.003863980295136571,3572,GTAGGC,5.375129035201098e-07,732,AGCAGC,0.40105167031288147,False,False,True,0.0015245899558067322,
4,28,54,head_6,recovery,-0.07421875,-0.12211465835571289,2972,GCCAGC,4.4609375,3572,GTAGGC,4.53515625,3572,GTAGGC,4.53515625,2972,GCCAGC,0.003928429912775755,3572,GTAGGC,5.408242031990085e-07,732,AGCAGC,0.40088099241256714,False,False,True,0.0015659108757972717,
4,29,54,head_6,recovery,0.037109375,0.053215205669403076,2972,GCCAGC,4.47265625,3572,GTAGGC,4.53515625,3572,GTAGGC,4.53515625,2972,GCCAGC,0.00423109345138073,3572,GTAGGC,5.818870931761921e-07,732,AGCAGC,0.4068097472190857,False,False,True,0.0010470300912857056,
4,30,54,head_6,recovery,0.0,0.14573347568511963,2972,GCCAGC,4.484375,3572,GTAGGC,4.55078125,3572,GTAGGC,4.55078125,2972,GCCAGC,0.004390808288007975,3572,GTAGGC,6.093078468438762e-07,732,AGCAGC,0.41130563616752625,False,False,True,0.0007371455430984497,
4,31,54,head_6,recovery,0.18505859375,0.15642333030700684,2972,GCCAGC,4.48828125,3572,GTAGGC,4.53515625,3572,GTAGGC,4.53515625,2972,GCCAGC,0.004409242887049913,3572,GTAGGC,5.927029746999324e-07,732,AGCAGC,0.40582939982414246,False,False,True,0.0003322586417198181,
5,0,54,head_6,recovery,0.0,0.013411521911621094,2972,GCCAGC,4.45703125,3572,GTAGGC,4.5234375,3572,GTAGGC,4.5234375,2972,GCCAGC,0.004162388388067484,3572,GTAGGC,5.788070325252193e-07,732,AGCAGC,0.40445205569267273,False,False,True,0.00017593801021575928,
5,1,54,head_6,recovery,-0.1484375,-0.01636028289794922,2972,GCCAGC,4.44921875,3572,GTAGGC,4.53125,3572,GTAGGC,4.53125,2972,GCCAGC,0.004110999871045351,3572,GTAGGC,5.768130790784198e-07,732,AGCAGC,0.40166518092155457,False,False,True,0.00037904828786849976,
5,2,54,head_6,recovery,-0.07421875,0.07348209619522095,2972,GCCAGC,4.45703125,3572,GTAGGC,4.53125,3572,GTAGGC,4.53125,2972,GCCAGC,0.004266077186912298,3572,GTAGGC,5.846744670634507e-07,732,AGCAGC,0.4067020118236542,False,False,True,0.0009456798434257507,
5,3,54,head_6,recovery,-0.037109375,0.09300786256790161,2972,GCCAGC,4.44921875,3572,GTAGGC,4.51953125,3572,GTAGGC,4.51953125,2972,GCCAGC,0.004299788270145655,3572,GTAGGC,5.939722313996754e-07,732,AGCAGC,0.40332671999931335,False,False,True,0.0010868683457374573,
5,4,54,head_6,recovery,0.0,0.1321622133255005,2972,GCCAGC,4.44921875,3572,GTAGGC,4.515625,3572,GTAGGC,4.515625,2972,GCCAGC,0.004367378540337086,3572,GTAGGC,6.036409558873856e-07,732,AGCAGC,0.40570420026779175,False,False,True,0.0011919960379600525,
5,5,54,head_6,recovery,-0.037109375,0.13642650842666626,2972,GCCAGC,4.453125,3572,GTAGGC,4.5234375,3572,GTAGGC,4.5234375,2972,GCCAGC,0.004374741576611996,3572,GTAGGC,6.064410058570502e-07,732,AGCAGC,0.3986130654811859,False,False,True,0.00041332095861434937,
5,6,54,head_6,recovery,0.037109375,0.025758743286132812,2972,GCCAGC,4.4609375,3572,GTAGGC,4.5234375,3572,GTAGGC,4.5234375,2972,GCCAGC,0.004183698911219835,3572,GTAGGC,5.780236165264796e-07,732,AGCAGC,0.4022406041622162,False,False,True,-0.0006770044565200806,
5,7,54,head_6,recovery,0.0,-0.002360701560974121,2972,GCCAGC,4.4609375,3572,GTAGGC,4.52734375,3572,GTAGGC,4.52734375,2972,GCCAGC,0.0041351611725986,3572,GTAGGC,5.744917075389822e-07,732,AGCAGC,0.4035145044326782,False,False,True,-0.0005334615707397461,
5,8,54,head_6,recovery,0.037109375,-0.05258631706237793,2972,GCCAGC,4.453125,3572,GTAGGC,4.515625,3572,GTAGGC,4.515625,2972,GCCAGC,0.004048466216772795,3572,GTAGGC,5.700509291273193e-07,732,AGCAGC,0.4064212739467621,False,False,True,8.447468280792236e-05,
5,9,54,head_6,recovery,0.037109375,0.008193254470825195,2972,GCCAGC,4.453125,3572,GTAGGC,4.515625,3572,GTAGGC,4.515625,2972,GCCAGC,0.004153380636125803,3572,GTAGGC,5.780699439128512e-07,732,AGCAGC,0.40257424116134644,False,False,True,0.0009191632270812988,
5,10,54,head_6,recovery,0.07421875,0.03907310962677002,2972,GCCAGC,4.45703125,3572,GTAGGC,4.515625,3572,GTAGGC,4.515625,2972,GCCAGC,0.004206689074635506,3572,GTAGGC,5.87075646762969e-07,732,AGCAGC,0.4044201076030731,False,False,True,0.000516250729560852,
5,11,54,head_6,recovery,0.07421875,0.012280285358428955,2972,GCCAGC,4.45703125,3572,GTAGGC,4.515625,3572,GTAGGC,4.515625,2972,GCCAGC,0.004160438664257526,3572,GTAGGC,5.817508395011828e-07,732,AGCAGC,0.40341222286224365,False,False,True,0.0007918402552604675,
5,12,54,head_6,recovery,0.037109375,-0.04959893226623535,2972,GCCAGC,4.44921875,3572,GTAGGC,4.51171875,3572,GTAGGC,4.51171875,2972,GCCAGC,0.004053626675158739,3572,GTAGGC,5.739741482102545e-07,732,AGCAGC,0.4020817279815674,False,False,True,-0.000820159912109375,
5,13,54,head_6,recovery,-0.037109375,-0.08825981616973877,2972,GCCAGC,4.453125,3572,GTAGGC,4.5234375,3572,GTAGGC,4.5234375,2972,GCCAGC,0.003986896947026253,3572,GTAGGC,5.738380650655017e-07,732,AGCAGC,0.40605971217155457,False,False,True,0.0032213106751441956,
5,14,54,head_6,recovery,0.07421875,-0.0612868070602417,2972,GCCAGC,4.45703125,3572,GTAGGC,4.515625,3572,GTAGGC,4.515625,2972,GCCAGC,0.004033456090837717,3572,GTAGGC,5.770986604147765e-07,732,AGCAGC,0.405241996049881,False,False,True,0.0021536946296691895,
5,15,54,head_6,recovery,0.25927734375,-0.09237301349639893,2972,GCCAGC,4.4453125,3572,GTAGGC,4.484375,3572,GTAGGC,4.484375,2972,GCCAGC,0.003979770466685295,3572,GTAGGC,5.465320782604977e-07,732,AGCAGC,0.41209402680397034,False,False,True,0.0016135647892951965,
5,16,54,head_6,recovery,0.18505859375,-0.10707712173461914,2972,GCCAGC,4.4375,3572,GTAGGC,4.484375,3572,GTAGGC,4.484375,2972,GCCAGC,0.003954390063881874,3572,GTAGGC,5.457443990053434e-07,732,AGCAGC,0.40514039993286133,False,False,True,-0.0022090300917625427,
5,17,54,head_6,recovery,0.14794921875,-0.03712952136993408,2972,GCCAGC,4.44921875,3572,GTAGGC,4.5,3572,GTAGGC,4.5,2972,GCCAGC,0.004075121600180864,3572,GTAGGC,5.465867047860229e-07,732,AGCAGC,0.40701133012771606,False,False,True,-0.0019483864307403564,
5,18,54,head_6,recovery,0.07421875,0.02385646104812622,2972,GCCAGC,4.45703125,3572,GTAGGC,4.515625,3572,GTAGGC,4.515625,2972,GCCAGC,0.004180411342531443,3572,GTAGGC,5.736761181651673e-07,732,AGCAGC,0.4003758430480957,False,False,True,-0.0009118989109992981,
5,19,54,head_6,recovery,0.07421875,0.08935600519180298,2972,GCCAGC,4.44921875,3572,GTAGGC,4.5078125,3572,GTAGGC,4.5078125,2972,GCCAGC,0.004293485544621944,3572,GTAGGC,5.948449484094454e-07,732,AGCAGC,0.39888253808021545,False,False,True,0.0002866983413696289,
5,20,54,head_6,recovery,0.037109375,0.08002018928527832,2972,GCCAGC,4.4609375,3572,GTAGGC,4.5234375,3572,GTAGGC,4.5234375,2972,GCCAGC,0.004277384839951992,3572,GTAGGC,6.078539627196733e-07,732,AGCAGC,0.3990090489387512,False,False,True,0.0008761510252952576,
5,21,54,head_6,recovery,0.037109375,0.0723414421081543,2972,GCCAGC,4.47265625,3572,GTAGGC,4.53515625,3572,GTAGGC,4.53515625,2972,GCCAGC,0.0042641120962798595,3572,GTAGGC,5.884999154659454e-07,732,AGCAGC,0.4029943645000458,False,False,True,0.0013037100434303284,
5,22,54,head_6,recovery,-0.111328125,0.014925062656402588,2972,GCCAGC,4.49609375,3572,GTAGGC,4.57421875,3572,GTAGGC,4.57421875,2972,GCCAGC,0.004164981190115213,3572,GTAGGC,5.591809326688235e-07,732,AGCAGC,0.40727490186691284,False,False,True,0.0023463666439056396,
5,23,54,head_6,recovery,-0.07421875,0.05284076929092407,2972,GCCAGC,4.484375,3572,GTAGGC,4.55859375,3572,GTAGGC,4.55859375,2972,GCCAGC,0.004230424761772156,3572,GTAGGC,5.598495818048832e-07,732,AGCAGC,0.40021342039108276,False,False,True,0.002844668924808502,
5,24,54,head_6,recovery,-0.037109375,0.036684393882751465,2972,GCCAGC,4.4921875,3572,GTAGGC,4.5625,3572,GTAGGC,4.5625,2972,GCCAGC,0.004202533047646284,3572,GTAGGC,5.540699135053728e-07,732,AGCAGC,0.403361439704895,False,False,True,0.0034033432602882385,
5,25,54,head_6,recovery,0.29638671875,0.06316077709197998,2972,GCCAGC,4.48046875,3572,GTAGGC,4.515625,3572,GTAGGC,4.515625,2972,GCCAGC,0.004248265642672777,3572,GTAGGC,5.88305681503698e-07,732,AGCAGC,0.40438026189804077,False,False,True,0.00136517733335495,
5,26,54,head_6,recovery,0.29638671875,-0.08891654014587402,2972,GCCAGC,4.48046875,3572,GTAGGC,4.515625,3572,GTAGGC,4.515625,2972,GCCAGC,0.003985738381743431,3572,GTAGGC,5.48469301975274e-07,732,AGCAGC,0.4025552570819855,False,False,True,0.001248575747013092,
5,27,54,head_6,recovery,0.14794921875,-0.1564042568206787,2972,GCCAGC,4.42578125,3572,GTAGGC,4.4765625,3572,GTAGGC,4.4765625,2972,GCCAGC,0.0038692550733685493,3572,GTAGGC,5.502153612724214e-07,732,AGCAGC,0.3973020911216736,False,False,True,0.0007487013936042786,
5,28,54,head_6,recovery,0.07421875,-0.04991114139556885,2972,GCCAGC,4.4296875,3572,GTAGGC,4.48828125,3572,GTAGGC,4.48828125,2972,GCCAGC,0.004053074866533279,3572,GTAGGC,5.612130848930974e-07,732,AGCAGC,0.402843713760376,False,False,True,0.001074567437171936,
5,29,54,head_6,recovery,0.07421875,0.127521812915802,2972,GCCAGC,4.4453125,3572,GTAGGC,4.50390625,3572,GTAGGC,4.50390625,2972,GCCAGC,0.004359380342066288,3572,GTAGGC,6.148588340693095e-07,732,AGCAGC,0.4051404595375061,False,False,True,0.0009575039148330688,
5,30,54,head_6,recovery,0.0,0.06380611658096313,2972,GCCAGC,4.47265625,3572,GTAGGC,4.5390625,3572,GTAGGC,4.5390625,2972,GCCAGC,0.004249380901455879,3572,GTAGGC,5.897034043300664e-07,732,AGCAGC,0.41197359561920166,False,False,True,0.0005102977156639099,
5,31,54,head_6,recovery,-0.037109375,-0.05162918567657471,2972,GCCAGC,4.44921875,3572,GTAGGC,4.51953125,3572,GTAGGC,4.51953125,2972,GCCAGC,0.004050131421536207,3572,GTAGGC,5.828770213156531e-07,732,AGCAGC,0.40838536620140076,False,False,True,0.00024183839559555054,
6,0,54,head_6,recovery,0.0,0.022972583770751953,2972,GCCAGC,4.45703125,3572,GTAGGC,4.5234375,3572,GTAGGC,4.5234375,2972,GCCAGC,0.004178895615041256,3572,GTAGGC,5.836917011947662e-07,732,AGCAGC,0.4033205211162567,False,False,True,3.330409526824951e-05,
6,1,54,head_6,recovery,0.0,0.07893186807632446,2972,GCCAGC,4.45703125,3572,GTAGGC,4.5234375,3572,GTAGGC,4.5234375,2972,GCCAGC,0.0042754956521093845,3572,GTAGGC,5.968458935967647e-07,732,AGCAGC,0.40357109904289246,False,False,True,9.634345769882202e-05,
6,2,54,head_6,recovery,0.07421875,0.04389315843582153,2972,GCCAGC,4.46484375,3572,GTAGGC,4.5234375,3572,GTAGGC,4.5234375,2972,GCCAGC,0.004215005319565535,3572,GTAGGC,5.83874339099566e-07,732,AGCAGC,0.40568360686302185,False,False,True,-0.0002578645944595337,
6,3,54,head_6,recovery,0.07421875,0.03550785779953003,2972,GCCAGC,4.45703125,3572,GTAGGC,4.515625,3572,GTAGGC,4.515625,2972,GCCAGC,0.004200524650514126,3572,GTAGGC,5.764401294072741e-07,732,AGCAGC,0.40514832735061646,False,False,True,-0.0008000209927558899,
6,4,54,head_6,recovery,0.037109375,0.027147352695465088,2972,GCCAGC,4.4609375,3572,GTAGGC,4.5234375,3572,GTAGGC,4.5234375,2972,GCCAGC,0.004186100792139769,3572,GTAGGC,5.829472229379462e-07,732,AGCAGC,0.4078250825405121,False,False,True,-0.0005223080515861511,
6,5,54,head_6,recovery,0.037109375,0.03619205951690674,2972,GCCAGC,4.45703125,3572,GTAGGC,4.51953125,3572,GTAGGC,4.51953125,2972,GCCAGC,0.004201711621135473,3572,GTAGGC,5.826844926559716e-07,732,AGCAGC,0.4068799316883087,False,False,True,-0.00048711150884628296,
6,6,54,head_6,recovery,0.037109375,-0.005012392997741699,2972,GCCAGC,4.4609375,3572,GTAGGC,4.5234375,3572,GTAGGC,4.5234375,2972,GCCAGC,0.004130586050450802,3572,GTAGGC,5.763591843788163e-07,732,AGCAGC,0.4059443175792694,False,False,True,-0.00012288987636566162,
6,7,54,head_6,recovery,0.0,-0.0222703218460083,2972,GCCAGC,4.4609375,3572,GTAGGC,4.52734375,3572,GTAGGC,4.52734375,2972,GCCAGC,0.004100799560546875,3572,GTAGGC,5.774118108092807e-07,732,AGCAGC,0.40508851408958435,False,False,True,-7.752329111099243e-05,
6,8,54,head_6,recovery,0.037109375,-0.026025056838989258,2972,GCCAGC,4.4609375,3572,GTAGGC,4.5234375,3572,GTAGGC,4.5234375,2972,GCCAGC,0.004094325006008148,3572,GTAGGC,5.836312766405172e-07,732,AGCAGC,0.4057098627090454,False,False,True,0.0002889558672904968,
6,9,54,head_6,recovery,0.0,0.022115468978881836,2972,GCCAGC,4.45703125,3572,GTAGGC,4.5234375,3572,GTAGGC,4.5234375,2972,GCCAGC,0.004177416674792767,3572,GTAGGC,5.838738275087962e-07,732,AGCAGC,0.403485506772995,False,False,True,-0.00020769238471984863,
6,10,54,head_6,recovery,0.0,0.02904367446899414,2972,GCCAGC,4.453125,3572,GTAGGC,4.51953125,3572,GTAGGC,4.51953125,2972,GCCAGC,0.004189373925328255,3572,GTAGGC,5.82896689138579e-07,732,AGCAGC,0.4037153422832489,False,False,True,-0.0004259347915649414,
6,11,54,head_6,recovery,0.0,-0.01712620258331299,2972,GCCAGC,4.453125,3572,GTAGGC,4.51953125,3572,GTAGGC,4.51953125,2972,GCCAGC,0.004109673667699099,3572,GTAGGC,5.7279578413727e-07,732,AGCAGC,0.39951881766319275,False,False,True,-0.0011240318417549133,
6,12,54,head_6,recovery,0.037109375,-0.00809478759765625,2972,GCCAGC,4.453125,3572,GTAGGC,4.515625,3572,GTAGGC,4.515625,2972,GCCAGC,0.004125263541936874,3572,GTAGGC,5.740951678490092e-07,732,AGCAGC,0.3994769752025604,False,False,True,-0.0009132549166679382,
6,13,54,head_6,recovery,0.0,0.006121277809143066,2972,GCCAGC,4.453125,3572,GTAGGC,4.51953125,3572,GTAGGC,4.51953125,2972,GCCAGC,0.004149807151407003,3572,GTAGGC,5.80899268243229e-07,732,AGCAGC,0.3985074758529663,False,False,True,-0.00024412572383880615,
6,14,54,head_6,recovery,0.18505859375,0.04968935251235962,2972,GCCAGC,4.46484375,3572,GTAGGC,4.51171875,3572,GTAGGC,4.51171875,2972,GCCAGC,0.004225009121000767,3572,GTAGGC,5.835798333464481e-07,732,AGCAGC,0.404826283454895,False,False,True,-0.0015267208218574524,
6,15,54,head_6,recovery,0.111328125,0.023061096668243408,2972,GCCAGC,4.4609375,3572,GTAGGC,4.515625,3572,GTAGGC,4.515625,2972,GCCAGC,0.004179049748927355,3572,GTAGGC,5.849748845321301e-07,732,AGCAGC,0.4023396074771881,False,False,True,-0.0015574023127555847,
6,16,54,head_6,recovery,0.22216796875,-0.022792339324951172,2972,GCCAGC,4.4609375,3572,GTAGGC,4.50390625,3572,GTAGGC,4.50390625,2972,GCCAGC,0.004099875222891569,3572,GTAGGC,5.541797349906119e-07,732,AGCAGC,0.4139566421508789,False,False,True,-0.004332035779953003,
6,17,54,head_6,recovery,0.18505859375,-0.05299484729766846,2972,GCCAGC,4.44921875,3572,GTAGGC,4.49609375,2772,GAGGGC,4.5,2972,GCCAGC,0.004047744441777468,3572,GTAGGC,5.5302967894022e-07,732,AGCAGC,0.3816128969192505,False,False,True,-0.012040302157402039,
6,18,54,head_6,recovery,0.25927734375,-0.10622060298919678,2972,GCCAGC,4.45703125,3572,GTAGGC,4.49609375,2772,GAGGGC,4.5,2972,GCCAGC,0.00395585224032402,3572,GTAGGC,5.296753329275816e-07,732,AGCAGC,0.39043644070625305,False,False,True,-0.012355275452136993,
6,19,54,head_6,recovery,0.37060546875,-0.04421961307525635,2972,GCCAGC,4.46875,3572,GTAGGC,4.49609375,2772,GAGGGC,4.51171875,2972,GCCAGC,0.004062896594405174,3572,GTAGGC,5.591111857938813e-07,732,AGCAGC,0.38260915875434875,False,False,True,-0.010402530431747437,
6,20,54,head_6,recovery,0.29638671875,0.03337651491165161,2972,GCCAGC,4.46484375,3572,GTAGGC,4.5,3572,GTAGGC,4.5,2972,GCCAGC,0.00419685197994113,3572,GTAGGC,5.82353948175296e-07,732,AGCAGC,0.41352179646492004,False,False,True,-0.0016281306743621826,
6,21,54,head_6,recovery,0.4443359375,0.04220670461654663,2972,GCCAGC,4.45703125,3572,GTAGGC,4.4765625,3572,GTAGGC,4.4765625,2972,GCCAGC,0.004212102387100458,3572,GTAGGC,5.919237082707696e-07,732,AGCAGC,0.4132676422595978,False,False,True,-0.003200151026248932,
6,22,54,head_6,recovery,0.33349609375,0.016756117343902588,2972,GCCAGC,4.4609375,3572,GTAGGC,4.4921875,3572,GTAGGC,4.4921875,2972,GCCAGC,0.004168164450675249,3572,GTAGGC,5.81860604143003e-07,732,AGCAGC,0.4148584008216858,False,False,True,-0.0034235119819641113,
6,23,54,head_6,recovery,0.29638671875,-0.04321110248565674,2972,GCCAGC,4.4609375,3572,GTAGGC,4.49609375,3572,GTAGGC,4.49609375,2972,GCCAGC,0.004064650274813175,3572,GTAGGC,5.721097409150389e-07,732,AGCAGC,0.41292521357536316,False,False,True,-0.002768494188785553,
6,24,54,head_6,recovery,0.25927734375,0.10695654153823853,2972,GCCAGC,4.47265625,3572,GTAGGC,4.51171875,3572,GTAGGC,4.51171875,2972,GCCAGC,0.004323865287005901,3572,GTAGGC,5.95479718867864e-07,732,AGCAGC,0.40237367153167725,False,False,True,-0.0006119981408119202,
6,25,54,head_6,recovery,0.07421875,0.08199208974838257,2972,GCCAGC,4.48046875,3572,GTAGGC,4.5390625,3572,GTAGGC,4.5390625,2972,GCCAGC,0.004280771128833294,3572,GTAGGC,5.903701207898848e-07,732,AGCAGC,0.40637531876564026,False,False,True,-8.99583101272583e-05,
6,26,54,head_6,recovery,0.18505859375,0.05774986743927002,2972,GCCAGC,4.46875,3572,GTAGGC,4.515625,3572,GTAGGC,4.515625,2972,GCCAGC,0.004238909110426903,3572,GTAGGC,5.707740342586476e-07,732,AGCAGC,0.4035327136516571,False,False,True,-0.0007752180099487305,
6,27,54,head_6,recovery,0.07421875,-0.025657057762145996,2972,GCCAGC,4.44140625,3572,GTAGGC,4.5,3572,GTAGGC,4.5,2972,GCCAGC,0.004094948060810566,3572,GTAGGC,5.714727535632846e-07,732,AGCAGC,0.3957313597202301,False,False,True,1.4767050743103027e-05,
6,28,54,head_6,recovery,0.07421875,0.026527345180511475,2972,GCCAGC,4.44921875,3572,GTAGGC,4.5078125,3572,GTAGGC,4.5078125,2972,GCCAGC,0.004185032099485397,3572,GTAGGC,5.844814836564183e-07,732,AGCAGC,0.3976081907749176,False,False,True,2.9489398002624512e-05,
6,29,54,head_6,recovery,0.111328125,-0.0001862049102783203,2972,GCCAGC,4.4453125,3572,GTAGGC,4.5,3572,GTAGGC,4.5,2972,GCCAGC,0.004138912074267864,3572,GTAGGC,5.721915954381984e-07,732,AGCAGC,0.400120347738266,False,False,True,0.00030985474586486816,
6,30,54,head_6,recovery,0.111328125,0.028960883617401123,2972,GCCAGC,4.45703125,3572,GTAGGC,4.51171875,3572,GTAGGC,4.51171875,2972,GCCAGC,0.004189223516732454,3572,GTAGGC,5.757183316745795e-07,732,AGCAGC,0.40795502066612244,False,False,True,4.801899194717407e-05,
6,31,54,head_6,recovery,0.07421875,0.02026689052581787,2972,GCCAGC,4.4453125,3572,GTAGGC,4.50390625,3572,GTAGGC,4.50390625,2972,GCCAGC,0.004174224101006985,3572,GTAGGC,5.820107276122144e-07,732,AGCAGC,0.4059860110282898,False,False,True,-0.00024531781673431396,
7,0,54,head_6,recovery,0.037109375,0.04185330867767334,2972,GCCAGC,4.45703125,3572,GTAGGC,4.51953125,3572,GTAGGC,4.51953125,2972,GCCAGC,0.004211486782878637,3572,GTAGGC,5.861842851118126e-07,732,AGCAGC,0.4038693904876709,False,False,True,0.0002257823944091797,
7,1,54,head_6,recovery,0.037109375,0.030641674995422363,2972,GCCAGC,4.4609375,3572,GTAGGC,4.5234375,3572,GTAGGC,4.5234375,2972,GCCAGC,0.004192129708826542,3572,GTAGGC,5.807859793094394e-07,732,AGCAGC,0.40601402521133423,False,False,True,-8.028745651245117e-05,
7,2,54,head_6,recovery,0.037109375,-0.006267428398132324,2972,GCCAGC,4.4609375,3572,GTAGGC,4.5234375,3572,GTAGGC,4.5234375,2972,GCCAGC,0.004128416068851948,3572,GTAGGC,5.728919063585636e-07,732,AGCAGC,0.40739983320236206,False,False,True,-9.597837924957275e-05,
7,3,54,head_6,recovery,0.07421875,0.021104872226715088,2972,GCCAGC,4.4609375,3572,GTAGGC,4.51953125,3572,GTAGGC,4.51953125,2972,GCCAGC,0.004175661131739616,3572,GTAGGC,5.729067993343051e-07,732,AGCAGC,0.403352826833725,False,False,True,-4.860013723373413e-05,
7,4,54,head_6,recovery,0.037109375,0.015031099319458008,2972,GCCAGC,4.45703125,3572,GTAGGC,4.51953125,3572,GTAGGC,4.51953125,2972,GCCAGC,0.004165181890130043,3572,GTAGGC,5.771514111074794e-07,732,AGCAGC,0.406983882188797,False,False,True,1.0922551155090332e-05,
7,5,54,head_6,recovery,0.0,0.03593897819519043,2972,GCCAGC,4.44921875,3572,GTAGGC,4.515625,3572,GTAGGC,4.515625,2972,GCCAGC,0.004201275296509266,3572,GTAGGC,5.828872531310481e-07,732,AGCAGC,0.4019445776939392,False,False,True,0.0004581362009048462,
7,6,54,head_6,recovery,0.111328125,0.02463233470916748,2972,GCCAGC,4.4609375,3572,GTAGGC,4.515625,3572,GTAGGC,4.515625,2972,GCCAGC,0.00418175058439374,3572,GTAGGC,5.734783030675317e-07,732,AGCAGC,0.4072458744049072,False,False,True,0.0005142092704772949,
7,7,54,head_6,recovery,0.037109375,0.03551405668258667,2972,GCCAGC,4.4609375,3572,GTAGGC,4.5234375,3572,GTAGGC,4.5234375,2972,GCCAGC,0.004200540017336607,3572,GTAGGC,5.811461392113415e-07,732,AGCAGC,0.40343478322029114,False,False,True,0.0005205795168876648,
7,8,54,head_6,recovery,0.0,0.017364501953125,2972,GCCAGC,4.45703125,3572,GTAGGC,4.5234375,3572,GTAGGC,4.5234375,2972,GCCAGC,0.004169216379523277,3572,GTAGGC,5.837795242769062e-07,732,AGCAGC,0.4059385359287262,False,False,True,-5.543231964111328e-05,
7,9,54,head_6,recovery,0.0,0.02780669927597046,2972,GCCAGC,4.4609375,3572,GTAGGC,4.52734375,3572,GTAGGC,4.52734375,2972,GCCAGC,0.004187236540019512,3572,GTAGGC,5.804939746667515e-07,732,AGCAGC,0.40656864643096924,False,False,True,0.0006659775972366333,
7,10,54,head_6,recovery,0.037109375,0.006824314594268799,2972,GCCAGC,4.4609375,3572,GTAGGC,4.5234375,3572,GTAGGC,4.5234375,2972,GCCAGC,0.004151017405092716,3572,GTAGGC,5.774955411652627e-07,732,AGCAGC,0.40422821044921875,False,False,True,0.0002917572855949402,
7,11,54,head_6,recovery,0.0,0.03319603204727173,2972,GCCAGC,4.4609375,3572,GTAGGC,4.52734375,3572,GTAGGC,4.52734375,2972,GCCAGC,0.004196544177830219,3572,GTAGGC,5.86035469041235e-07,732,AGCAGC,0.405685693025589,False,False,True,0.0009810104966163635,
7,12,54,head_6,recovery,-0.037109375,0.011120438575744629,2972,GCCAGC,4.45703125,3572,GTAGGC,4.52734375,3572,GTAGGC,4.52734375,2972,GCCAGC,0.004158441908657551,3572,GTAGGC,5.868555490451399e-07,732,AGCAGC,0.40327394008636475,False,False,True,-0.0004224628210067749,
7,13,54,head_6,recovery,-0.037109375,0.07585573196411133,2972,GCCAGC,4.45703125,3572,GTAGGC,4.52734375,3572,GTAGGC,4.52734375,2972,GCCAGC,0.004270188510417938,3572,GTAGGC,5.992828846501652e-07,732,AGCAGC,0.40000665187835693,False,False,True,-0.0002596825361251831,
7,14,54,head_6,recovery,0.0,0.0482521653175354,2972,GCCAGC,4.4609375,3572,GTAGGC,4.52734375,3572,GTAGGC,4.52734375,2972,GCCAGC,0.004222534131258726,3572,GTAGGC,5.891255341339274e-07,732,AGCAGC,0.40132424235343933,False,False,True,-0.0009460076689720154,
7,15,54,head_6,recovery,0.14794921875,0.02227306365966797,2972,GCCAGC,4.4609375,3572,GTAGGC,4.51171875,3572,GTAGGC,4.51171875,2972,GCCAGC,0.004177665803581476,3572,GTAGGC,5.610636435449123e-07,732,AGCAGC,0.40582507848739624,False,False,True,-0.0036595240235328674,
7,16,54,head_6,recovery,0.14794921875,-0.05403399467468262,2972,GCCAGC,4.47265625,3572,GTAGGC,4.5234375,3572,GTAGGC,4.5234375,2972,GCCAGC,0.00404593488201499,3572,GTAGGC,5.37590437943436e-07,732,AGCAGC,0.416853666305542,False,False,True,-0.00489526242017746,
7,17,54,head_6,recovery,0.37060546875,0.06993758678436279,2972,GCCAGC,4.4765625,3572,GTAGGC,4.50390625,3572,GTAGGC,4.50390625,2972,GCCAGC,0.004259922541677952,3572,GTAGGC,5.478946718540101e-07,732,AGCAGC,0.417175829410553,False,False,True,-0.005649760365486145,
7,18,54,head_6,recovery,0.07421875,0.3983476161956787,2972,GCCAGC,4.47265625,3572,GTAGGC,4.53125,3572,GTAGGC,4.53125,2972,GCCAGC,0.004826866090297699,3572,GTAGGC,6.508207661681809e-07,732,AGCAGC,0.38834959268569946,False,False,True,-0.0018727034330368042,
7,19,54,head_6,recovery,0.0,0.37596940994262695,2972,GCCAGC,4.46875,3572,GTAGGC,4.53515625,3572,GTAGGC,4.53515625,2972,GCCAGC,0.004788242746144533,3572,GTAGGC,6.52803805678559e-07,732,AGCAGC,0.38423237204551697,False,False,True,-0.0020001083612442017,
7,20,54,head_6,recovery,-0.037109375,0.24813002347946167,2972,GCCAGC,4.46875,3572,GTAGGC,4.5390625,3572,GTAGGC,4.5390625,2972,GCCAGC,0.004567570518702269,3572,GTAGGC,6.33282354556286e-07,732,AGCAGC,0.3901454508304596,False,False,True,-0.00038510560989379883,
7,21,54,head_6,recovery,-0.07421875,-0.03456413745880127,2972,GCCAGC,4.453125,3572,GTAGGC,4.52734375,3572,GTAGGC,4.52734375,2972,GCCAGC,0.004079575650393963,3572,GTAGGC,5.727206939809548e-07,732,AGCAGC,0.40781068801879883,False,False,True,-0.0009446218609809875,
7,22,54,head_6,recovery,-0.111328125,-0.018617630004882812,2972,GCCAGC,4.4453125,3572,GTAGGC,4.5234375,3572,GTAGGC,4.5234375,2972,GCCAGC,0.004107099492102861,3572,GTAGGC,5.727952725465002e-07,732,AGCAGC,0.4042648375034332,False,False,True,9.916722774505615e-06,
7,23,54,head_6,recovery,-0.22265625,-0.03354215621948242,2972,GCCAGC,4.41796875,3572,GTAGGC,4.5078125,3572,GTAGGC,4.5078125,2972,GCCAGC,0.004081337712705135,3572,GTAGGC,5.708460548703442e-07,732,AGCAGC,0.4005599319934845,False,False,True,-0.0012030526995658875,
7,24,54,head_6,recovery,-0.111328125,0.014214694499969482,2972,GCCAGC,4.44140625,3572,GTAGGC,4.51953125,3572,GTAGGC,4.51953125,2972,GCCAGC,0.004163769073784351,3572,GTAGGC,5.732684940085164e-07,732,AGCAGC,0.4084257483482361,False,False,True,-0.00011668354272842407,
7,25,54,head_6,recovery,-0.037109375,0.07000941038131714,2972,GCCAGC,4.44921875,3572,GTAGGC,4.51953125,3572,GTAGGC,4.51953125,2972,GCCAGC,0.004260072018951178,3572,GTAGGC,5.735651029681321e-07,732,AGCAGC,0.4068986475467682,False,False,True,-0.00019512325525283813,
7,26,54,head_6,recovery,0.037109375,0.09994930028915405,2972,GCCAGC,4.46875,3572,GTAGGC,4.53125,3572,GTAGGC,4.53125,2972,GCCAGC,0.004311750642955303,3572,GTAGGC,5.755742904511862e-07,732,AGCAGC,0.4011360704898834,False,False,True,0.001043274998664856,
7,27,54,head_6,recovery,-0.1484375,0.08056461811065674,2972,GCCAGC,4.46484375,3572,GTAGGC,4.546875,3572,GTAGGC,4.546875,2972,GCCAGC,0.004278303124010563,3572,GTAGGC,5.86400574320578e-07,732,AGCAGC,0.39982616901397705,False,False,True,0.00048520416021347046,
7,28,54,head_6,recovery,-0.111328125,0.063454270362854,2972,GCCAGC,4.46875,3572,GTAGGC,4.546875,3572,GTAGGC,4.546875,2972,GCCAGC,0.004248766228556633,3572,GTAGGC,5.822028583679639e-07,732,AGCAGC,0.4016053080558777,False,False,True,0.0002735704183578491,
7,29,54,head_6,recovery,-0.037109375,-0.003957033157348633,2972,GCCAGC,4.46484375,3572,GTAGGC,4.53515625,3572,GTAGGC,4.53515625,2972,GCCAGC,0.004132404457777739,3572,GTAGGC,5.731606620429375e-07,732,AGCAGC,0.40520691871643066,False,False,True,-6.428360939025879e-05,
7,30,54,head_6,recovery,0.111328125,0.08418172597885132,2972,GCCAGC,4.47265625,3572,GTAGGC,4.52734375,3572,GTAGGC,4.52734375,2972,GCCAGC,0.004284546710550785,3572,GTAGGC,5.866694436917896e-07,732,AGCAGC,0.4037594795227051,False,False,True,0.00011733174324035645,
7,31,54,head_6,recovery,0.14794921875,0.06713718175888062,2972,GCCAGC,4.46484375,3572,GTAGGC,4.515625,3572,GTAGGC,4.515625,2972,GCCAGC,0.0042551239021122456,3572,GTAGGC,5.830590907862643e-07,732,AGCAGC,0.4025562107563019,False,False,True,-5.476176738739014e-05,
8,0,54,head_6,recovery,0.14794921875,-0.14534008502960205,2972,GCCAGC,4.44921875,3572,GTAGGC,4.5,2932,GCAGGC,4.50390625,2972,GCCAGC,0.0038883264642208815,3572,GTAGGC,5.245986471891229e-07,732,AGCAGC,0.403369277715683,False,False,True,-0.0019156932830810547,
8,1,54,head_6,recovery,0.18505859375,-0.1617053747177124,2972,GCCAGC,4.45703125,3572,GTAGGC,4.50390625,2932,GCAGGC,4.51953125,2972,GCCAGC,0.0038600536063313484,3572,GTAGGC,4.983862709195819e-07,732,AGCAGC,0.40769290924072266,False,False,True,-0.0031046122312545776,
8,2,54,head_6,recovery,0.037109375,-0.18185174465179443,2972,GCCAGC,4.4609375,3572,GTAGGC,4.5234375,2932,GCAGGC,4.52734375,2972,GCCAGC,0.0038252922240644693,3572,GTAGGC,5.098241899759159e-07,732,AGCAGC,0.4082042872905731,False,False,True,-0.0025572702288627625,
8,3,54,head_6,recovery,-0.111328125,-0.09853971004486084,2972,GCCAGC,4.45703125,3572,GTAGGC,4.53515625,2932,GCAGGC,4.53515625,2972,GCCAGC,0.003969111945480108,3572,GTAGGC,5.315604312272626e-07,732,AGCAGC,0.4189302325248718,False,False,True,-0.0017246454954147339,
8,4,54,head_6,recovery,-0.22265625,-0.07356762886047363,2972,GCCAGC,4.45703125,3572,GTAGGC,4.546875,3572,GTAGGC,4.546875,2972,GCCAGC,0.0040122512727975845,3572,GTAGGC,5.689677777809266e-07,732,AGCAGC,0.4178159534931183,False,False,True,-0.00037577003240585327,
8,5,54,head_6,recovery,-0.185546875,-0.015401482582092285,2972,GCCAGC,4.4609375,3572,GTAGGC,4.546875,3572,GTAGGC,4.546875,2972,GCCAGC,0.004112659487873316,3572,GTAGGC,5.815765007355367e-07,732,AGCAGC,0.41482317447662354,False,False,True,-6.935000419616699e-05,
8,6,54,head_6,recovery,-0.111328125,0.02832549810409546,2972,GCCAGC,4.4609375,3572,GTAGGC,4.5390625,3572,GTAGGC,4.5390625,2972,GCCAGC,0.004188145510852337,3572,GTAGGC,5.943724659118743e-07,732,AGCAGC,0.4080367982387543,False,False,True,0.00029243528842926025,
8,7,54,head_6,recovery,-0.111328125,0.06233060359954834,2972,GCCAGC,4.44921875,3572,GTAGGC,4.52734375,3572,GTAGGC,4.52734375,2972,GCCAGC,0.004246846307069063,3572,GTAGGC,6.018220233272586e-07,732,AGCAGC,0.4003777503967285,False,False,True,0.001110672950744629,
8,8,54,head_6,recovery,0.0,0.032046735286712646,2972,GCCAGC,4.4609375,3572,GTAGGC,4.52734375,3572,GTAGGC,4.52734375,2972,GCCAGC,0.004194566980004311,3572,GTAGGC,5.929066446697107e-07,732,AGCAGC,0.3965790271759033,False,False,True,-0.00018561631441116333,
8,9,54,head_6,recovery,0.0,0.028317391872406006,2972,GCCAGC,4.45703125,3572,GTAGGC,4.5234375,3572,GTAGGC,4.5234375,2972,GCCAGC,0.004188133403658867,3572,GTAGGC,5.961389319963928e-07,732,AGCAGC,0.39622458815574646,False,False,True,-0.0005095228552818298,
8,10,54,head_6,recovery,0.07421875,-0.012972593307495117,2972,GCCAGC,4.46484375,3572,GTAGGC,4.5234375,3572,GTAGGC,4.5234375,2972,GCCAGC,0.004116859752684832,3572,GTAGGC,5.896559969187365e-07,732,AGCAGC,0.39525306224823,False,False,True,-0.0008303001523017883,
8,11,54,head_6,recovery,0.0,0.026320993900299072,2972,GCCAGC,4.46875,3572,GTAGGC,4.53515625,3572,GTAGGC,4.53515625,2972,GCCAGC,0.004184689838439226,3572,GTAGGC,5.981825097478577e-07,732,AGCAGC,0.39644286036491394,False,False,True,0.0007119253277778625,
8,12,54,head_6,recovery,0.037109375,0.03395521640777588,2972,GCCAGC,4.4765625,3572,GTAGGC,4.5390625,2932,GCAGGC,4.546875,2972,GCCAGC,0.004197852686047554,3572,GTAGGC,5.844679549227294e-07,732,AGCAGC,0.4019174575805664,False,False,True,0.003103218972682953,
8,13,54,head_6,recovery,-0.037109375,-0.0027958154678344727,2972,GCCAGC,4.4609375,3572,GTAGGC,4.53125,3572,GTAGGC,4.53125,2972,GCCAGC,0.004134419374167919,3572,GTAGGC,5.839434038534819e-07,732,AGCAGC,0.3983769416809082,False,False,True,0.0004457905888557434,
8,14,54,head_6,recovery,-0.07421875,0.0924939513206482,2972,GCCAGC,4.45703125,3572,GTAGGC,4.53125,3572,GTAGGC,4.53125,2972,GCCAGC,0.004298920277506113,3572,GTAGGC,6.13317013176129e-07,732,AGCAGC,0.39500561356544495,False,False,True,-0.0002085864543914795,
8,15,54,head_6,recovery,0.0,0.1297435164451599,2972,GCCAGC,4.46875,3572,GTAGGC,4.53515625,3572,GTAGGC,4.53515625,2972,GCCAGC,0.004363217391073704,3572,GTAGGC,6.168618256197078e-07,732,AGCAGC,0.39083242416381836,False,False,True,-0.0011494308710098267,
8,16,54,head_6,recovery,0.33349609375,0.08049070835113525,2972,GCCAGC,4.4765625,3572,GTAGGC,4.5078125,3572,GTAGGC,4.5078125,2972,GCCAGC,0.004278162494301796,3572,GTAGGC,5.731499754801916e-07,732,AGCAGC,0.40573129057884216,False,False,True,-0.0036223679780960083,
8,17,54,head_6,recovery,0.4072265625,0.03801769018173218,2972,GCCAGC,4.4765625,3572,GTAGGC,4.5,3572,GTAGGC,4.5,2972,GCCAGC,0.004204825032502413,3572,GTAGGC,5.447181479212304e-07,732,AGCAGC,0.4168247580528259,False,False,True,-0.0052515193819999695,
8,18,54,head_6,recovery,0.4814453125,0.03650093078613281,2972,GCCAGC,4.46875,3572,GTAGGC,4.484375,3572,GTAGGC,4.484375,2972,GCCAGC,0.004202196374535561,3572,GTAGGC,5.339759354683338e-07,732,AGCAGC,0.41791388392448425,False,False,True,-0.005922459065914154,
8,19,54,head_6,recovery,0.25927734375,0.06534957885742188,2972,GCCAGC,4.45703125,3572,GTAGGC,4.49609375,3572,GTAGGC,4.49609375,2972,GCCAGC,0.004252013750374317,3572,GTAGGC,5.584302016359288e-07,732,AGCAGC,0.40725842118263245,False,False,True,-0.0061796680092811584,
8,20,54,head_6,recovery,0.33349609375,0.07121914625167847,2972,GCCAGC,4.46875,3572,GTAGGC,4.5,3572,GTAGGC,4.5,2972,GCCAGC,0.004262159578502178,3572,GTAGGC,5.733425041398732e-07,732,AGCAGC,0.4022447466850281,False,False,True,-0.005431510508060455,
8,21,54,head_6,recovery,0.037109375,0.21063923835754395,2972,GCCAGC,4.4609375,3572,GTAGGC,4.5234375,3572,GTAGGC,4.5234375,2972,GCCAGC,0.004502871539443731,3572,GTAGGC,6.439971684812917e-07,732,AGCAGC,0.3830026686191559,False,False,True,-0.005147360265254974,
8,22,54,head_6,recovery,-0.037109375,0.26561373472213745,2972,GCCAGC,4.4375,3572,GTAGGC,4.5078125,3572,GTAGGC,4.5078125,2972,GCCAGC,0.004597766324877739,3572,GTAGGC,6.521538580273045e-07,732,AGCAGC,0.3891336917877197,False,False,True,-0.0023901164531707764,
8,23,54,head_6,recovery,0.18505859375,0.22754693031311035,2972,GCCAGC,4.41796875,3572,GTAGGC,4.46484375,3572,GTAGGC,4.46484375,2972,GCCAGC,0.0045320321805775166,3572,GTAGGC,6.218064072527341e-07,732,AGCAGC,0.4015061557292938,False,False,True,-0.0014790669083595276,
8,24,54,head_6,recovery,0.111328125,0.1401417851448059,2972,GCCAGC,4.4453125,3572,GTAGGC,4.5,3572,GTAGGC,4.5,2972,GCCAGC,0.004381160251796246,3572,GTAGGC,6.123501634647255e-07,732,AGCAGC,0.43333184719085693,False,False,True,-0.0004963204264640808,
8,25,54,head_6,recovery,-0.22265625,0.1736302375793457,2972,GCCAGC,4.46484375,3572,GTAGGC,4.5546875,3572,GTAGGC,4.5546875,2972,GCCAGC,0.004438971634954214,3572,GTAGGC,6.219116244210454e-07,732,AGCAGC,0.4205327033996582,False,False,True,0.0005802139639854431,
8,26,54,head_6,recovery,-0.5556640625,0.27543866634368896,2972,GCCAGC,4.47265625,3572,GTAGGC,4.59765625,3572,GTAGGC,4.59765625,2972,GCCAGC,0.004614703822880983,3572,GTAGGC,6.314951406238833e-07,732,AGCAGC,0.40527135133743286,False,False,True,-0.00046831369400024414,
8,27,54,head_6,recovery,-0.5556640625,0.11465716361999512,2972,GCCAGC,4.4765625,3572,GTAGGC,4.6015625,2932,GCAGGC,4.609375,2972,GCCAGC,0.004337144549936056,3572,GTAGGC,5.836297987116268e-07,732,AGCAGC,0.3945486545562744,False,False,True,-0.0006688162684440613,
8,28,54,head_6,recovery,-0.2958984375,0.012661755084991455,2972,GCCAGC,4.484375,3572,GTAGGC,4.58203125,3572,GTAGGC,4.58203125,2972,GCCAGC,0.004161099903285503,3572,GTAGGC,5.844390216225293e-07,732,AGCAGC,0.3999823033809662,False,False,True,-0.0006201192736625671,
8,29,54,head_6,recovery,0.0,-0.15262150764465332,2972,GCCAGC,4.4765625,3572,GTAGGC,4.54296875,2932,GCAGGC,4.54296875,2972,GCCAGC,0.0038757859729230404,3572,GTAGGC,5.517881049854623e-07,732,AGCAGC,0.40054360032081604,False,False,True,-0.00032795220613479614,
8,30,54,head_6,recovery,0.07421875,-0.1928766965866089,2972,GCCAGC,4.4609375,3572,GTAGGC,4.51953125,3572,GTAGGC,4.51953125,2972,GCCAGC,0.0038062981329858303,3572,GTAGGC,5.451033189274312e-07,732,AGCAGC,0.3986677825450897,False,False,True,-0.0003170520067214966,
8,31,54,head_6,recovery,-0.111328125,-0.21356666088104248,2972,GCCAGC,4.4609375,3572,GTAGGC,4.5390625,3572,GTAGGC,4.5390625,2972,GCCAGC,0.0037705751601606607,3572,GTAGGC,5.335059540811926e-07,732,AGCAGC,0.39998406171798706,False,False,True,-0.00032354891300201416,
9,0,54,head_6,recovery,0.07421875,0.05529069900512695,2972,GCCAGC,4.45703125,3572,GTAGGC,4.515625,3572,GTAGGC,4.515625,2972,GCCAGC,0.00423468230292201,3572,GTAGGC,5.883773042114626e-07,732,AGCAGC,0.4038506746292114,False,False,True,0.0004957467317581177,
9,1,54,head_6,recovery,0.037109375,-0.002508997917175293,2972,GCCAGC,4.4609375,3572,GTAGGC,4.5234375,3572,GTAGGC,4.5234375,2972,GCCAGC,0.004134905058890581,3572,GTAGGC,5.746720717070275e-07,732,AGCAGC,0.4074056148529053,False,False,True,0.0004916340112686157,
9,2,54,head_6,recovery,0.0,0.048452913761138916,2972,GCCAGC,4.45703125,3572,GTAGGC,4.5234375,3572,GTAGGC,4.5234375,2972,GCCAGC,0.00422288803383708,3572,GTAGGC,5.96358972870803e-07,732,AGCAGC,0.40182968974113464,False,False,True,0.0008868426084518433,
9,3,54,head_6,recovery,0.0,0.02311640977859497,2972,GCCAGC,4.45703125,3572,GTAGGC,4.5234375,3572,GTAGGC,4.5234375,2972,GCCAGC,0.004179148469120264,3572,GTAGGC,5.882703248971666e-07,732,AGCAGC,0.40162530541419983,False,False,True,3.777444362640381e-06,
9,4,54,head_6,recovery,0.0,0.05360370874404907,2972,GCCAGC,4.45703125,3572,GTAGGC,4.5234375,3572,GTAGGC,4.5234375,2972,GCCAGC,0.0042317756451666355,3572,GTAGGC,5.936077513979399e-07,732,AGCAGC,0.40272459387779236,False,False,True,0.0002936124801635742,
9,5,54,head_6,recovery,0.07421875,0.05393880605697632,2972,GCCAGC,4.45703125,3572,GTAGGC,4.515625,3572,GTAGGC,4.515625,2972,GCCAGC,0.004232353996485472,3572,GTAGGC,5.938033496022399e-07,732,AGCAGC,0.40282267332077026,False,False,True,0.000410616397857666,
9,6,54,head_6,recovery,0.037109375,0.026313424110412598,2972,GCCAGC,4.45703125,3572,GTAGGC,4.51953125,3572,GTAGGC,4.51953125,2972,GCCAGC,0.004184671677649021,3572,GTAGGC,5.934334694757126e-07,732,AGCAGC,0.4042355418205261,False,False,True,0.0003228113055229187,
9,7,54,head_6,recovery,0.07421875,0.015614867210388184,2972,GCCAGC,4.45703125,3572,GTAGGC,4.515625,3572,GTAGGC,4.515625,2972,GCCAGC,0.004166198894381523,3572,GTAGGC,5.862761440766917e-07,732,AGCAGC,0.40512511134147644,False,False,True,6.289035081863403e-05,
9,8,54,head_6,recovery,0.07421875,-0.027471303939819336,2972,GCCAGC,4.45703125,3572,GTAGGC,4.515625,3572,GTAGGC,4.515625,2972,GCCAGC,0.004091820679605007,3572,GTAGGC,5.754442327088327e-07,732,AGCAGC,0.40863555669784546,False,False,True,-0.0001373291015625,
9,9,54,head_6,recovery,0.0,-0.001499772071838379,2972,GCCAGC,4.44921875,3572,GTAGGC,4.515625,3572,GTAGGC,4.515625,2972,GCCAGC,0.004136650823056698,3572,GTAGGC,5.781349159406091e-07,732,AGCAGC,0.4051593840122223,False,False,True,0.00021805614233016968,
9,10,54,head_6,recovery,0.07421875,-0.0029658079147338867,2972,GCCAGC,4.45703125,3572,GTAGGC,4.515625,3572,GTAGGC,4.515625,2972,GCCAGC,0.00413411483168602,3572,GTAGGC,5.729899044126796e-07,732,AGCAGC,0.40316009521484375,False,False,True,6.105750799179077e-05,
9,11,54,head_6,recovery,0.037109375,-0.008478164672851562,2972,GCCAGC,4.453125,3572,GTAGGC,4.515625,3572,GTAGGC,4.515625,2972,GCCAGC,0.004124618135392666,3572,GTAGGC,5.904471436224412e-07,732,AGCAGC,0.3998473882675171,False,False,True,0.0002141520380973816,
9,12,54,head_6,recovery,0.14794921875,0.020338118076324463,2972,GCCAGC,4.4765625,3572,GTAGGC,4.52734375,2932,GCAGGC,4.53515625,2972,GCCAGC,0.004174360074102879,3572,GTAGGC,5.950230388407363e-07,732,AGCAGC,0.4052688777446747,False,False,True,0.007053658366203308,
9,13,54,head_6,recovery,0.111328125,0.02163904905319214,2972,GCCAGC,4.4609375,3572,GTAGGC,4.515625,2932,GCAGGC,4.5234375,2972,GCCAGC,0.004176600836217403,3572,GTAGGC,5.905959028496e-07,732,AGCAGC,0.40615516901016235,False,False,True,0.006475850939750671,
9,14,54,head_6,recovery,0.22216796875,0.03369241952896118,2972,GCCAGC,4.44921875,3572,GTAGGC,4.4921875,2932,GCAGGC,4.50390625,2972,GCCAGC,0.004197393544018269,3572,GTAGGC,5.786408223684703e-07,732,AGCAGC,0.40257319808006287,False,False,True,0.004902392625808716,
9,15,54,head_6,recovery,0.14794921875,0.022233903408050537,2972,GCCAGC,4.4375,3572,GTAGGC,4.48828125,3572,GTAGGC,4.48828125,2972,GCCAGC,0.00417762016877532,3572,GTAGGC,5.832103511238529e-07,732,AGCAGC,0.39767998456954956,False,False,True,-0.0012055784463882446,
9,16,54,head_6,recovery,0.18505859375,0.0833672285079956,2972,GCCAGC,4.4453125,3572,GTAGGC,4.4921875,3572,GTAGGC,4.4921875,2972,GCCAGC,0.004283148329705,3572,GTAGGC,5.941050176261342e-07,732,AGCAGC,0.3946629464626312,False,False,True,-0.0009407177567481995,
9,17,54,head_6,recovery,0.18505859375,0.10980284214019775,2972,GCCAGC,4.48046875,3572,GTAGGC,4.52734375,3572,GTAGGC,4.52734375,2972,GCCAGC,0.004328781273216009,3572,GTAGGC,5.989155056340678e-07,732,AGCAGC,0.4003371298313141,False,False,True,-0.0024536103010177612,
9,18,54,head_6,recovery,0.14794921875,0.1310461163520813,2972,GCCAGC,4.484375,3572,GTAGGC,4.53515625,3572,GTAGGC,4.53515625,2972,GCCAGC,0.00436545442789793,3572,GTAGGC,6.059564725546807e-07,732,AGCAGC,0.4025477468967438,False,False,True,-0.003046855330467224,
9,19,54,head_6,recovery,-0.037109375,0.1013336181640625,2972,GCCAGC,4.48828125,3572,GTAGGC,4.55859375,3572,GTAGGC,4.55859375,2972,GCCAGC,0.00431417440995574,3572,GTAGGC,6.100590326241218e-07,732,AGCAGC,0.40560969710350037,False,False,True,-0.002118408679962158,
9,20,54,head_6,recovery,0.0,0.04307276010513306,2972,GCCAGC,4.453125,3572,GTAGGC,4.51953125,3572,GTAGGC,4.51953125,2972,GCCAGC,0.004213592503219843,3572,GTAGGC,5.870620611858612e-07,732,AGCAGC,0.4106663167476654,False,False,True,1.528114080429077e-05,
9,21,54,head_6,recovery,-0.07421875,0.088786780834198,2972,GCCAGC,4.44921875,3572,GTAGGC,4.5234375,3572,GTAGGC,4.5234375,2972,GCCAGC,0.004292508587241173,3572,GTAGGC,6.002698000884266e-07,732,AGCAGC,0.4061301648616791,False,False,True,0.000772424042224884,
9,22,54,head_6,recovery,0.0,0.017011046409606934,2972,GCCAGC,4.43359375,3572,GTAGGC,4.5,3572,GTAGGC,4.5,2972,GCCAGC,0.004168609622865915,3572,GTAGGC,5.872963129149866e-07,732,AGCAGC,0.4049515128135681,False,False,True,3.9480626583099365e-05,
9,23,54,head_6,recovery,0.111328125,0.07591158151626587,2972,GCCAGC,4.45703125,3572,GTAGGC,4.51171875,3572,GTAGGC,4.51171875,2972,GCCAGC,0.0042702797800302505,3572,GTAGGC,5.941744802839821e-07,732,AGCAGC,0.4058311879634857,False,False,True,-0.0003620907664299011,
9,24,54,head_6,recovery,0.037109375,0.00365293025970459,2972,GCCAGC,4.44921875,3572,GTAGGC,4.51171875,3572,GTAGGC,4.51171875,2972,GCCAGC,0.00414554076269269,3572,GTAGGC,5.746665010519791e-07,732,AGCAGC,0.40729591250419617,False,False,True,-0.00023298710584640503,
9,25,54,head_6,recovery,0.14794921875,0.00302809476852417,2972,GCCAGC,4.44921875,3572,GTAGGC,4.5,3572,GTAGGC,4.5,2972,GCCAGC,0.004144451580941677,3572,GTAGGC,5.641148845825228e-07,732,AGCAGC,0.406090646982193,False,False,True,-0.0006358250975608826,
9,26,54,head_6,recovery,0.29638671875,0.07442152500152588,2972,GCCAGC,4.48046875,3572,GTAGGC,4.515625,3572,GTAGGC,4.515625,2972,GCCAGC,0.004267679527401924,3572,GTAGGC,5.655557515638066e-07,732,AGCAGC,0.40711554884910583,False,False,True,3.176182508468628e-05,
9,27,54,head_6,recovery,0.25927734375,0.09097826480865479,2972,GCCAGC,4.48828125,3572,GTAGGC,4.52734375,3572,GTAGGC,4.52734375,2972,GCCAGC,0.004296261817216873,3572,GTAGGC,5.707120749320893e-07,732,AGCAGC,0.40966713428497314,False,False,True,-0.00010879337787628174,
9,28,54,head_6,recovery,0.22216796875,0.0642005205154419,2972,GCCAGC,4.4921875,3572,GTAGGC,4.53515625,3572,GTAGGC,4.53515625,2972,GCCAGC,0.004250046331435442,3572,GTAGGC,5.742843995903968e-07,732,AGCAGC,0.4095558822154999,False,False,True,-0.00012103468179702759,
9,29,54,head_6,recovery,-0.037109375,-0.032853126525878906,2972,GCCAGC,4.4609375,3572,GTAGGC,4.53125,3572,GTAGGC,4.53125,2972,GCCAGC,0.004082536790519953,3572,GTAGGC,5.807156071568897e-07,732,AGCAGC,0.40628623962402344,False,False,True,-0.00012318789958953857,
9,30,54,head_6,recovery,-0.07421875,-0.09726297855377197,2972,GCCAGC,4.4453125,3572,GTAGGC,4.51953125,3572,GTAGGC,4.51953125,2972,GCCAGC,0.003971353638917208,3572,GTAGGC,5.698429959011264e-07,732,AGCAGC,0.406785249710083,False,False,True,-0.0003578886389732361,
9,31,54,head_6,recovery,-0.07421875,-0.06724154949188232,2972,GCCAGC,4.44921875,3572,GTAGGC,4.5234375,3572,GTAGGC,4.5234375,2972,GCCAGC,0.004023161716759205,3572,GTAGGC,5.607803359453101e-07,732,AGCAGC,0.4050412178039551,False,False,True,-0.0006078556180000305,
10,0,54,head_6,recovery,0.037109375,0.10236877202987671,2972,GCCAGC,4.45703125,3572,GTAGGC,4.51953125,3572,GTAGGC,4.51953125,2972,GCCAGC,0.004315951839089394,3572,GTAGGC,6.005846557854966e-07,732,AGCAGC,0.40101873874664307,False,False,True,0.0004687011241912842,
10,1,54,head_6,recovery,0.037109375,0.0776185393333435,2972,GCCAGC,4.4609375,3572,GTAGGC,4.5234375,3572,GTAGGC,4.5234375,2972,GCCAGC,0.004273225553333759,3572,GTAGGC,5.935792728450906e-07,732,AGCAGC,0.40353530645370483,False,False,True,0.0006471052765846252,
10,2,54,head_6,recovery,0.037109375,0.05157679319381714,2972,GCCAGC,4.4609375,3572,GTAGGC,4.5234375,3572,GTAGGC,4.5234375,2972,GCCAGC,0.004228270146995783,3572,GTAGGC,5.868674861631007e-07,732,AGCAGC,0.4033315181732178,False,False,True,6.386637687683105e-05,
10,3,54,head_6,recovery,0.07421875,0.026461005210876465,2972,GCCAGC,4.4609375,3572,GTAGGC,4.51953125,3572,GTAGGC,4.51953125,2972,GCCAGC,0.004184918012470007,3572,GTAGGC,5.848166324540216e-07,732,AGCAGC,0.40313827991485596,False,False,True,0.00032867491245269775,
10,4,54,head_6,recovery,0.14794921875,0.060850560665130615,2972,GCCAGC,4.45703125,3572,GTAGGC,4.5078125,3572,GTAGGC,4.5078125,2972,GCCAGC,0.004244284238666296,3572,GTAGGC,5.94181869928434e-07,732,AGCAGC,0.4020702540874481,False,False,True,7.149577140808105e-05,
10,5,54,head_6,recovery,0.07421875,0.09015727043151855,2972,GCCAGC,4.45703125,3572,GTAGGC,4.515625,3572,GTAGGC,4.515625,2972,GCCAGC,0.00429488206282258,3572,GTAGGC,6.080687739995483e-07,732,AGCAGC,0.4003051519393921,False,False,True,0.0004385262727737427,
10,6,54,head_6,recovery,0.07421875,0.05446141958236694,2972,GCCAGC,4.46875,3572,GTAGGC,4.52734375,3572,GTAGGC,4.52734375,2972,GCCAGC,0.004233264364302158,3572,GTAGGC,6.018948397468193e-07,732,AGCAGC,0.40403589606285095,False,False,True,-5.21540641784668e-08,
10,7,54,head_6,recovery,0.037109375,0.0011042356491088867,2972,GCCAGC,4.46875,3572,GTAGGC,4.53125,3572,GTAGGC,4.53125,2972,GCCAGC,0.004141157027333975,3572,GTAGGC,5.90042134263058e-07,732,AGCAGC,0.405786395072937,False,False,True,-0.00017205625772476196,
10,8,54,head_6,recovery,0.07421875,-0.06967377662658691,2972,GCCAGC,4.46484375,3572,GTAGGC,4.5234375,3572,GTAGGC,4.5234375,2972,GCCAGC,0.0040189726278185844,3572,GTAGGC,5.69716178233648e-07,732,AGCAGC,0.4078427255153656,False,False,True,-0.0006662830710411072,
10,9,54,head_6,recovery,0.07421875,-0.05563962459564209,2972,GCCAGC,4.45703125,3572,GTAGGC,4.515625,3572,GTAGGC,4.515625,2972,GCCAGC,0.004043195862323046,3572,GTAGGC,5.693901812264812e-07,732,AGCAGC,0.4063693583011627,False,False,True,-0.0008077919483184814,
10,10,54,head_6,recovery,0.037109375,0.01098477840423584,2972,GCCAGC,4.453125,3572,GTAGGC,4.515625,3572,GTAGGC,4.515625,2972,GCCAGC,0.0041581992991268635,3572,GTAGGC,5.785381063105888e-07,732,AGCAGC,0.4019419848918915,False,False,True,-0.0007037892937660217,
10,11,54,head_6,recovery,0.0,-0.014095425605773926,2972,GCCAGC,4.44921875,3572,GTAGGC,4.515625,3572,GTAGGC,4.515625,2972,GCCAGC,0.004114910960197449,3572,GTAGGC,5.78687092911423e-07,732,AGCAGC,0.40166714787483215,False,False,True,-0.0009969919919967651,
10,12,54,head_6,recovery,0.07421875,0.007801234722137451,2972,GCCAGC,4.45703125,3572,GTAGGC,4.515625,3572,GTAGGC,4.515625,2972,GCCAGC,0.004152708221226931,3572,GTAGGC,5.818914132760256e-07,732,AGCAGC,0.4040844738483429,False,False,True,-0.0013910159468650818,
10,13,54,head_6,recovery,0.037109375,-0.018533706665039062,2972,GCCAGC,4.453125,3572,GTAGGC,4.515625,3572,GTAGGC,4.515625,2972,GCCAGC,0.004107248038053513,3572,GTAGGC,5.766069648416305e-07,732,AGCAGC,0.4054037034511566,False,False,True,-0.0010362938046455383,
10,14,54,head_6,recovery,0.111328125,-0.05108284950256348,2972,GCCAGC,4.46875,3572,GTAGGC,4.5234375,3572,GTAGGC,4.5234375,2972,GCCAGC,0.0040510594844818115,3572,GTAGGC,5.679268042513286e-07,732,AGCAGC,0.4037754535675049,False,False,True,-0.0017620772123336792,
10,15,54,head_6,recovery,0.037109375,0.014454245567321777,2972,GCCAGC,4.4765625,3572,GTAGGC,4.5390625,3572,GTAGGC,4.5390625,2972,GCCAGC,0.004164194688200951,3572,GTAGGC,5.85384100304509e-07,732,AGCAGC,0.3999989628791809,False,False,True,-0.00018265843391418457,
10,16,54,head_6,recovery,0.037109375,-0.06234145164489746,2972,GCCAGC,4.49609375,3572,GTAGGC,4.55859375,3572,GTAGGC,4.55859375,2972,GCCAGC,0.004031605552881956,3572,GTAGGC,5.469094617183146e-07,732,AGCAGC,0.4125349223613739,False,False,True,-0.002389460802078247,
10,17,54,head_6,recovery,0.22216796875,-0.17416441440582275,2972,GCCAGC,4.484375,3572,GTAGGC,4.52734375,3572,GTAGGC,4.52734375,2972,GCCAGC,0.003838556120172143,3572,GTAGGC,5.053888685324637e-07,732,AGCAGC,0.42589807510375977,False,False,True,-0.005634970963001251,
10,18,54,head_6,recovery,0.29638671875,-0.2552516460418701,2972,GCCAGC,4.4765625,3572,GTAGGC,4.51171875,3572,GTAGGC,4.51171875,2972,GCCAGC,0.0036985729821026325,3572,GTAGGC,4.801094064532663e-07,732,AGCAGC,0.42805057764053345,False,False,True,-0.006113015115261078,
10,19,54,head_6,recovery,0.25927734375,0.0023447275161743164,2972,GCCAGC,4.47265625,3572,GTAGGC,4.51171875,3572,GTAGGC,4.51171875,2972,GCCAGC,0.004143221769481897,3572,GTAGGC,5.136393497195968e-07,732,AGCAGC,0.41697588562965393,False,False,True,-0.009034141898155212,
10,20,54,head_6,recovery,0.0,0.11829692125320435,2972,GCCAGC,4.4609375,3572,GTAGGC,4.52734375,3572,GTAGGC,4.52734375,2972,GCCAGC,0.004343405365943909,3572,GTAGGC,5.622568437502196e-07,732,AGCAGC,0.4084264636039734,False,False,True,-0.005759686231613159,
10,21,54,head_6,recovery,0.18505859375,0.12013739347457886,2972,GCCAGC,4.48046875,3572,GTAGGC,4.52734375,2932,GCAGGC,4.52734375,2972,GCCAGC,0.0043465630151331425,3572,GTAGGC,5.428830149867281e-07,732,AGCAGC,0.4166193902492523,False,False,True,-0.006703115999698639,
10,22,54,head_6,recovery,0.14794921875,-0.0881422758102417,2972,GCCAGC,4.46484375,3572,GTAGGC,4.515625,3572,GTAGGC,4.515625,2972,GCCAGC,0.003987084608525038,3572,GTAGGC,5.583372058026725e-07,732,AGCAGC,0.4165722131729126,False,False,True,-0.0014293193817138672,
10,23,54,head_6,recovery,0.18505859375,-0.027465462684631348,2972,GCCAGC,4.4609375,3572,GTAGGC,4.5078125,3572,GTAGGC,4.5078125,2972,GCCAGC,0.00409181322902441,3572,GTAGGC,5.576450803346233e-07,732,AGCAGC,0.4154944121837616,False,False,True,-0.0014078617095947266,
10,24,54,head_6,recovery,0.0,0.0772327184677124,2972,GCCAGC,4.46875,3572,GTAGGC,4.53515625,3572,GTAGGC,4.53515625,2972,GCCAGC,0.0042725540697574615,3572,GTAGGC,5.879494437976973e-07,732,AGCAGC,0.4104326367378235,False,False,True,0.00013364851474761963,
10,25,54,head_6,recovery,-0.07421875,0.17276209592819214,2972,GCCAGC,4.47265625,3572,GTAGGC,4.546875,3572,GTAGGC,4.546875,2972,GCCAGC,0.00443745544180274,3572,GTAGGC,6.04331773956801e-07,732,AGCAGC,0.4075172543525696,False,False,True,0.0002566725015640259,
10,26,54,head_6,recovery,-0.037109375,0.11507481336593628,2972,GCCAGC,4.484375,3572,GTAGGC,4.5546875,3572,GTAGGC,4.5546875,2972,GCCAGC,0.004337880294770002,3572,GTAGGC,5.981935942145356e-07,732,AGCAGC,0.4092160761356354,False,False,True,0.0005729347467422485,
10,27,54,head_6,recovery,-0.037109375,0.04656708240509033,2972,GCCAGC,4.48046875,3572,GTAGGC,4.55078125,3572,GTAGGC,4.55078125,2972,GCCAGC,0.004219623748213053,3572,GTAGGC,5.874034059161204e-07,732,AGCAGC,0.4109405279159546,False,False,True,0.00025575608015060425,
10,28,54,head_6,recovery,0.0,-0.03830850124359131,2972,GCCAGC,4.47265625,3572,GTAGGC,4.5390625,3572,GTAGGC,4.5390625,2972,GCCAGC,0.004073107149451971,3572,GTAGGC,5.672181941918097e-07,732,AGCAGC,0.4092632234096527,False,False,True,3.065168857574463e-05,
10,29,54,head_6,recovery,0.0,-0.08098900318145752,2972,GCCAGC,4.46875,3572,GTAGGC,4.53515625,3572,GTAGGC,4.53515625,2972,GCCAGC,0.003999435342848301,3572,GTAGGC,5.62407763027295e-07,732,AGCAGC,0.4074859023094177,False,False,True,-4.6953558921813965e-05,
10,30,54,head_6,recovery,0.037109375,-0.03930377960205078,2972,GCCAGC,4.4609375,3572,GTAGGC,4.5234375,3572,GTAGGC,4.5234375,2972,GCCAGC,0.004071400035172701,3572,GTAGGC,5.779961611551698e-07,732,AGCAGC,0.4064907431602478,False,False,True,-0.00013913214206695557,
10,31,54,head_6,recovery,0.111328125,-0.021172285079956055,2972,GCCAGC,4.47265625,3572,GTAGGC,4.52734375,3572,GTAGGC,4.52734375,2972,GCCAGC,0.004102675244212151,3572,GTAGGC,5.576595754064329e-07,732,AGCAGC,0.4095320403575897,False,False,True,-0.00019499659538269043,
11,0,54,head_6,recovery,0.07421875,0.01916748285293579,2972,GCCAGC,4.453125,3572,GTAGGC,4.51171875,3572,GTAGGC,4.51171875,2972,GCCAGC,0.004172328393906355,3572,GTAGGC,5.840062158313231e-07,732,AGCAGC,0.4026252329349518,False,False,True,0.00024800002574920654,
11,1,54,head_6,recovery,0.07421875,0.02569180727005005,2972,GCCAGC,4.45703125,3572,GTAGGC,4.515625,3572,GTAGGC,4.515625,2972,GCCAGC,0.004183590412139893,3572,GTAGGC,5.850903903592553e-07,732,AGCAGC,0.4018743336200714,False,False,True,0.0004573613405227661,
11,2,54,head_6,recovery,0.037109375,0.006397247314453125,2972,GCCAGC,4.453125,3572,GTAGGC,4.515625,3572,GTAGGC,4.515625,2972,GCCAGC,0.0041502853855490685,3572,GTAGGC,5.823694095852261e-07,732,AGCAGC,0.40402746200561523,False,False,True,-4.040449857711792e-05,
11,3,54,head_6,recovery,0.037109375,0.011983275413513184,2972,GCCAGC,4.453125,3572,GTAGGC,4.515625,3572,GTAGGC,4.515625,2972,GCCAGC,0.004159924574196339,3572,GTAGGC,5.802860982839775e-07,732,AGCAGC,0.40325161814689636,False,False,True,4.0844082832336426e-05,
11,4,54,head_6,recovery,0.037109375,0.011821627616882324,2972,GCCAGC,4.453125,3572,GTAGGC,4.515625,3572,GTAGGC,4.515625,2972,GCCAGC,0.004159647971391678,3572,GTAGGC,5.823141577820934e-07,732,AGCAGC,0.4051242768764496,False,False,True,-0.00017890334129333496,
11,5,54,head_6,recovery,0.0,-0.00362241268157959,2972,GCCAGC,4.44921875,3572,GTAGGC,4.515625,3572,GTAGGC,4.515625,2972,GCCAGC,0.0041329883970320225,3572,GTAGGC,5.796100595034659e-07,732,AGCAGC,0.40406012535095215,False,False,True,7.53253698348999e-06,
11,6,54,head_6,recovery,0.07421875,0.025021135807037354,2972,GCCAGC,4.45703125,3572,GTAGGC,4.515625,3572,GTAGGC,4.515625,2972,GCCAGC,0.004182431846857071,3572,GTAGGC,5.837480330228573e-07,732,AGCAGC,0.4032001495361328,False,False,True,-0.0001281946897506714,
11,7,54,head_6,recovery,0.037109375,0.031084895133972168,2972,GCCAGC,4.45703125,3572,GTAGGC,4.51953125,3572,GTAGGC,4.51953125,2972,GCCAGC,0.0041929008439183235,3572,GTAGGC,5.866165224688302e-07,732,AGCAGC,0.4036177098751068,False,False,True,0.00011295825242996216,
11,8,54,head_6,recovery,0.0,0.026618003845214844,2972,GCCAGC,4.453125,3572,GTAGGC,4.51953125,3572,GTAGGC,4.51953125,2972,GCCAGC,0.00418519414961338,3572,GTAGGC,5.901948156861181e-07,732,AGCAGC,0.4040825366973877,False,False,True,-1.0795891284942627e-05,
11,9,54,head_6,recovery,0.037109375,0.03337973356246948,2972,GCCAGC,4.453125,3572,GTAGGC,4.515625,3572,GTAGGC,4.515625,2972,GCCAGC,0.004196861293166876,3572,GTAGGC,5.864922627552005e-07,732,AGCAGC,0.40065932273864746,False,False,True,0.00015369057655334473,
11,10,54,head_6,recovery,0.0,0.024211764335632324,2972,GCCAGC,4.453125,3572,GTAGGC,4.51953125,3572,GTAGGC,4.51953125,2972,GCCAGC,0.0041810390539467335,3572,GTAGGC,5.881083779968321e-07,732,AGCAGC,0.4037121534347534,False,False,True,0.00023949891328811646,
11,11,54,head_6,recovery,0.037109375,0.018470346927642822,2972,GCCAGC,4.45703125,3572,GTAGGC,4.51953125,3572,GTAGGC,4.51953125,2972,GCCAGC,0.00417112372815609,3572,GTAGGC,5.825547759741312e-07,732,AGCAGC,0.40481874346733093,False,False,True,0.00019468367099761963,
11,12,54,head_6,recovery,0.0,0.017663657665252686,2972,GCCAGC,4.44921875,3572,GTAGGC,4.515625,3572,GTAGGC,4.515625,2972,GCCAGC,0.004169735591858625,3572,GTAGGC,5.868797643415746e-07,732,AGCAGC,0.3992132544517517,False,False,True,-9.216368198394775e-05,
11,13,54,head_6,recovery,-0.037109375,0.011425316333770752,2972,GCCAGC,4.4453125,3572,GTAGGC,4.515625,3572,GTAGGC,4.515625,2972,GCCAGC,0.0041589681059122086,3572,GTAGGC,5.868054131497047e-07,732,AGCAGC,0.40128087997436523,False,False,True,-7.729977369308472e-05,
11,14,54,head_6,recovery,-0.07421875,0.022156476974487305,2972,GCCAGC,4.44921875,3572,GTAGGC,4.5234375,3572,GTAGGC,4.5234375,2972,GCCAGC,0.0041775028221309185,3572,GTAGGC,5.991018383610935e-07,732,AGCAGC,0.39941415190696716,False,False,True,0.0001766309142112732,
11,15,54,head_6,recovery,0.037109375,0.009308278560638428,2972,GCCAGC,4.453125,3572,GTAGGC,4.515625,3572,GTAGGC,4.515625,2972,GCCAGC,0.004155314527451992,3572,GTAGGC,5.871875714547059e-07,732,AGCAGC,0.4048875570297241,False,False,True,-1.5124678611755371e-05,
11,16,54,head_6,recovery,0.037109375,0.0012960433959960938,2972,GCCAGC,4.45703125,3572,GTAGGC,4.51953125,3572,GTAGGC,4.51953125,2972,GCCAGC,0.004141483921557665,3572,GTAGGC,5.855737299498287e-07,732,AGCAGC,0.40738192200660706,False,False,True,-0.0004377588629722595,
11,17,54,head_6,recovery,0.07421875,0.0586857795715332,2972,GCCAGC,4.46484375,3572,GTAGGC,4.5234375,3572,GTAGGC,4.5234375,2972,GCCAGC,0.004240540321916342,3572,GTAGGC,5.866377250640653e-07,732,AGCAGC,0.4117944836616516,False,False,True,-0.0011510178446769714,
11,18,54,head_6,recovery,0.07421875,0.06418514251708984,2972,GCCAGC,4.46484375,3572,GTAGGC,4.5234375,3572,GTAGGC,4.5234375,2972,GCCAGC,0.004250033758580685,3572,GTAGGC,5.882287155145605e-07,732,AGCAGC,0.408169686794281,False,False,True,-0.0010527893900871277,
11,19,54,head_6,recovery,0.037109375,0.07175678014755249,2972,GCCAGC,4.46484375,3572,GTAGGC,4.52734375,3572,GTAGGC,4.52734375,2972,GCCAGC,0.004263102076947689,3572,GTAGGC,5.875338615624059e-07,732,AGCAGC,0.40832045674324036,False,False,True,-0.0006605088710784912,
11,20,54,head_6,recovery,0.037109375,0.010436832904815674,2972,GCCAGC,4.45703125,3572,GTAGGC,4.51953125,3572,GTAGGC,4.51953125,2972,GCCAGC,0.004157261922955513,3572,GTAGGC,5.866567676093837e-07,732,AGCAGC,0.4031226634979248,False,False,True,-6.689131259918213e-05,
11,21,54,head_6,recovery,0.037109375,-0.002758026123046875,2972,GCCAGC,4.4453125,3572,GTAGGC,4.5078125,3572,GTAGGC,4.5078125,2972,GCCAGC,0.004134488757699728,3572,GTAGGC,5.879165883015958e-07,732,AGCAGC,0.40109798312187195,False,False,True,-0.00030021369457244873,
11,22,54,head_6,recovery,0.14794921875,0.04508942365646362,2972,GCCAGC,4.4609375,3572,GTAGGC,4.51171875,3572,GTAGGC,4.51171875,2972,GCCAGC,0.004217074252665043,3572,GTAGGC,5.881648803551798e-07,732,AGCAGC,0.40074414014816284,False,False,True,-0.00033914297819137573,
11,23,54,head_6,recovery,0.18505859375,0.18789029121398926,2972,GCCAGC,4.45703125,3572,GTAGGC,4.50390625,3572,GTAGGC,4.50390625,2972,GCCAGC,0.0044635748490691185,3572,GTAGGC,6.121144906501286e-07,732,AGCAGC,0.4013499915599823,False,False,True,-0.00042951107025146484,
11,24,54,head_6,recovery,0.29638671875,0.3458765149116516,2972,GCCAGC,4.47265625,3572,GTAGGC,4.5078125,3572,GTAGGC,4.5078125,2972,GCCAGC,0.0047362749464809895,3572,GTAGGC,6.256352094169415e-07,732,AGCAGC,0.39771267771720886,False,False,True,3.637373447418213e-05,
11,25,54,head_6,recovery,0.22216796875,0.2584381699562073,2972,GCCAGC,4.45703125,3572,GTAGGC,4.5,3572,GTAGGC,4.5,2972,GCCAGC,0.004585349000990391,3572,GTAGGC,6.196396498125978e-07,732,AGCAGC,0.3991452157497406,False,False,True,0.00010192394256591797,
11,26,54,head_6,recovery,0.25927734375,0.12035918235778809,2972,GCCAGC,4.4609375,3572,GTAGGC,4.5,3572,GTAGGC,4.5,2972,GCCAGC,0.0043469881638884544,3572,GTAGGC,5.855022209289018e-07,732,AGCAGC,0.4019596576690674,False,False,True,0.0002575293183326721,
11,27,54,head_6,recovery,0.037109375,-0.02551102638244629,2972,GCCAGC,4.4609375,3572,GTAGGC,4.5234375,3572,GTAGGC,4.5234375,2972,GCCAGC,0.004095208831131458,3572,GTAGGC,5.801334168609174e-07,732,AGCAGC,0.40377771854400635,False,False,True,-0.0001912936568260193,
11,28,54,head_6,recovery,0.0,-0.03751778602600098,2972,GCCAGC,4.45703125,3572,GTAGGC,4.5234375,3572,GTAGGC,4.5234375,2972,GCCAGC,0.004074479918926954,3572,GTAGGC,5.751825256083976e-07,732,AGCAGC,0.40361401438713074,False,False,True,-0.0004460960626602173,
11,29,54,head_6,recovery,-0.037109375,0.0013567805290222168,2972,GCCAGC,4.4453125,3572,GTAGGC,4.515625,3572,GTAGGC,4.515625,2972,GCCAGC,0.004141592886298895,3572,GTAGGC,5.900678843318019e-07,732,AGCAGC,0.3999399244785309,False,False,True,-0.0004863739013671875,
11,30,54,head_6,recovery,0.037109375,0.0041329264640808105,2972,GCCAGC,4.4375,3572,GTAGGC,4.5,3572,GTAGGC,4.5,2972,GCCAGC,0.004146389197558165,3572,GTAGGC,5.944377221567265e-07,732,AGCAGC,0.4015962481498718,False,False,True,-0.0005023255944252014,
11,31,54,head_6,recovery,-0.037109375,0.08761584758758545,2972,GCCAGC,4.44140625,3572,GTAGGC,4.51171875,3572,GTAGGC,4.51171875,2972,GCCAGC,0.00429049925878644,3572,GTAGGC,6.116667918831808e-07,732,AGCAGC,0.3974875509738922,False,False,True,-0.00012361258268356323,
12,0,54,head_6,recovery,0.037109375,0.06241559982299805,2972,GCCAGC,4.4609375,3572,GTAGGC,4.5234375,3572,GTAGGC,4.5234375,2972,GCCAGC,0.0042469990439713,3572,GTAGGC,6.075966325624904e-07,732,AGCAGC,0.4014076292514801,False,False,True,0.0003666728734970093,
12,1,54,head_6,recovery,0.111328125,0.0653182864189148,2972,GCCAGC,4.4609375,3572,GTAGGC,4.515625,3572,GTAGGC,4.515625,2972,GCCAGC,0.004252005834132433,3572,GTAGGC,6.04578872298589e-07,732,AGCAGC,0.39851614832878113,False,False,True,0.00045524537563323975,
12,2,54,head_6,recovery,0.037109375,0.05343562364578247,2972,GCCAGC,4.453125,3572,GTAGGC,4.515625,3572,GTAGGC,4.515625,2972,GCCAGC,0.004231498576700687,3572,GTAGGC,6.065978368496872e-07,732,AGCAGC,0.39810991287231445,False,False,True,0.0002479925751686096,
12,3,54,head_6,recovery,0.037109375,-0.02310776710510254,2972,GCCAGC,4.453125,3572,GTAGGC,4.515625,3572,GTAGGC,4.515625,2972,GCCAGC,0.0040993657894432545,3572,GTAGGC,5.892043759558874e-07,732,AGCAGC,0.40183234214782715,False,False,True,9.056180715560913e-05,
12,4,54,head_6,recovery,0.07421875,0.01510852575302124,2972,GCCAGC,4.45703125,3572,GTAGGC,4.515625,3572,GTAGGC,4.515625,2972,GCCAGC,0.004165326245129108,3572,GTAGGC,5.876960926798347e-07,732,AGCAGC,0.4042684733867645,False,False,True,-1.2293457984924316e-06,
12,5,54,head_6,recovery,0.07421875,0.0018143653869628906,2972,GCCAGC,4.45703125,3572,GTAGGC,4.515625,3572,GTAGGC,4.515625,2972,GCCAGC,0.0041423700749874115,3572,GTAGGC,5.776370244348072e-07,732,AGCAGC,0.4052926301956177,False,False,True,-0.0001392066478729248,
12,6,54,head_6,recovery,0.111328125,0.008391797542572021,2972,GCCAGC,4.45703125,3572,GTAGGC,4.51171875,3572,GTAGGC,4.51171875,2972,GCCAGC,0.004153731744736433,3572,GTAGGC,5.862110583620961e-07,732,AGCAGC,0.4031185209751129,False,False,True,-0.00012606382369995117,
12,7,54,head_6,recovery,0.111328125,0.01290351152420044,2972,GCCAGC,4.45703125,3572,GTAGGC,4.51171875,3572,GTAGGC,4.51171875,2972,GCCAGC,0.004161515273153782,3572,GTAGGC,5.826934170727327e-07,732,AGCAGC,0.4034366011619568,False,False,True,3.371387720108032e-05,
12,8,54,head_6,recovery,0.037109375,-0.02476811408996582,2972,GCCAGC,4.453125,3572,GTAGGC,4.515625,3572,GTAGGC,4.515625,2972,GCCAGC,0.004096491262316704,3572,GTAGGC,5.803554472549877e-07,732,AGCAGC,0.406538188457489,False,False,True,-7.158517837524414e-05,
12,9,54,head_6,recovery,0.07421875,0.016704022884368896,2972,GCCAGC,4.453125,3572,GTAGGC,4.51171875,3572,GTAGGC,4.51171875,2972,GCCAGC,0.004168074112385511,3572,GTAGGC,5.815865051772562e-07,732,AGCAGC,0.40483152866363525,False,False,True,0.00014466792345046997,
12,10,54,head_6,recovery,0.14794921875,-0.007895350456237793,2972,GCCAGC,4.45703125,3572,GTAGGC,4.5078125,3572,GTAGGC,4.5078125,2972,GCCAGC,0.004125609993934631,3572,GTAGGC,5.766185040556593e-07,732,AGCAGC,0.4025701880455017,False,False,True,-0.00016807764768600464,
12,11,54,head_6,recovery,0.14794921875,-0.0489957332611084,2972,GCCAGC,4.45703125,3572,GTAGGC,4.5078125,3572,GTAGGC,4.5078125,2972,GCCAGC,0.004054667893797159,3572,GTAGGC,5.739812536376121e-07,732,AGCAGC,0.4005987048149109,False,False,True,-0.0005837157368659973,
12,12,54,head_6,recovery,0.18505859375,-0.049260616302490234,2972,GCCAGC,4.45703125,3572,GTAGGC,4.50390625,3572,GTAGGC,4.50390625,2972,GCCAGC,0.004054206423461437,3572,GTAGGC,5.701865006813023e-07,732,AGCAGC,0.4011096656322479,False,False,True,-0.0009182170033454895,
12,13,54,head_6,recovery,0.18505859375,-0.022884130477905273,2972,GCCAGC,4.4609375,3572,GTAGGC,4.5078125,3572,GTAGGC,4.5078125,2972,GCCAGC,0.004099735524505377,3572,GTAGGC,5.727556526835542e-07,732,AGCAGC,0.4033306837081909,False,False,True,-0.0013131871819496155,
12,14,54,head_6,recovery,0.07421875,-0.0292055606842041,2972,GCCAGC,4.44921875,3572,GTAGGC,4.5078125,3572,GTAGGC,4.5078125,2972,GCCAGC,0.004088832996785641,3572,GTAGGC,5.810464926980785e-07,732,AGCAGC,0.4011547267436981,False,False,True,-0.0016165301203727722,
12,15,54,head_6,recovery,0.111328125,-0.04965674877166748,2972,GCCAGC,4.45703125,3572,GTAGGC,4.51171875,3572,GTAGGC,4.51171875,2972,GCCAGC,0.004053526557981968,3572,GTAGGC,5.738139634559047e-07,732,AGCAGC,0.4028148651123047,False,False,True,-0.0015454664826393127,
12,16,54,head_6,recovery,0.07421875,-0.05116379261016846,2972,GCCAGC,4.45703125,3572,GTAGGC,4.515625,3572,GTAGGC,4.515625,2972,GCCAGC,0.004050925374031067,3572,GTAGGC,5.738563686463749e-07,732,AGCAGC,0.40368202328681946,False,False,True,-0.0010497495532035828,
12,17,54,head_6,recovery,0.07421875,-0.0378342866897583,2972,GCCAGC,4.453125,3572,GTAGGC,4.51171875,3572,GTAGGC,4.51171875,2972,GCCAGC,0.004073938354849815,3572,GTAGGC,5.79904849473678e-07,732,AGCAGC,0.3989622890949249,False,False,True,-0.0010183453559875488,
12,18,54,head_6,recovery,0.07421875,-0.10128986835479736,2972,GCCAGC,4.45703125,3572,GTAGGC,4.515625,3572,GTAGGC,4.515625,2972,GCCAGC,0.00396439665928483,3572,GTAGGC,5.632286388390639e-07,732,AGCAGC,0.4073573052883148,False,False,True,-0.0008415058255195618,
12,19,54,head_6,recovery,0.111328125,-0.10935556888580322,2972,GCCAGC,4.453125,3572,GTAGGC,4.5078125,3572,GTAGGC,4.5078125,2972,GCCAGC,0.003950478043407202,3572,GTAGGC,5.662378157467174e-07,732,AGCAGC,0.407926470041275,False,False,True,-0.0019892752170562744,
12,20,54,head_6,recovery,0.07421875,-0.17371392250061035,2972,GCCAGC,4.44921875,3572,GTAGGC,4.5078125,3572,GTAGGC,4.5078125,2972,GCCAGC,0.0038393803406506777,3572,GTAGGC,5.51998937226017e-07,732,AGCAGC,0.41824766993522644,False,False,True,-0.0015069544315338135,
12,21,54,head_6,recovery,0.037109375,-0.18629872798919678,2972,GCCAGC,4.4453125,3572,GTAGGC,4.5078125,3572,GTAGGC,4.5078125,2972,GCCAGC,0.0038176800590008497,3572,GTAGGC,5.735084869229468e-07,732,AGCAGC,0.411371111869812,False,False,True,-0.0019825100898742676,
12,22,54,head_6,recovery,0.037109375,-0.19280052185058594,2972,GCCAGC,4.43359375,3572,GTAGGC,4.49609375,3572,GTAGGC,4.49609375,2972,GCCAGC,0.0038064573891460896,3572,GTAGGC,5.731049554924539e-07,732,AGCAGC,0.4053337872028351,False,False,True,-0.0007067248225212097,
12,23,54,head_6,recovery,0.07421875,-0.14914071559906006,2972,GCCAGC,4.4453125,3572,GTAGGC,4.50390625,3572,GTAGGC,4.50390625,2972,GCCAGC,0.0038817895110696554,3572,GTAGGC,5.476738920151547e-07,732,AGCAGC,0.4115493595600128,False,False,True,-0.0012926682829856873,
12,24,54,head_6,recovery,0.18505859375,-0.0888892412185669,2972,GCCAGC,4.4609375,3572,GTAGGC,4.5078125,3572,GTAGGC,4.5078125,2972,GCCAGC,0.003985775168985128,3572,GTAGGC,5.381156711337098e-07,732,AGCAGC,0.41392040252685547,False,False,True,-0.0007817372679710388,
12,25,54,head_6,recovery,0.18505859375,-0.08329379558563232,2972,GCCAGC,4.4609375,3572,GTAGGC,4.5078125,3572,GTAGGC,4.5078125,2972,GCCAGC,0.0039954292587935925,3572,GTAGGC,5.345622184904641e-07,732,AGCAGC,0.4120333790779114,False,False,True,-0.0005529820919036865,
12,26,54,head_6,recovery,0.22216796875,-0.02986443042755127,2972,GCCAGC,4.46875,3572,GTAGGC,4.51171875,3572,GTAGGC,4.51171875,2972,GCCAGC,0.004087685141712427,3572,GTAGGC,5.705709327230579e-07,732,AGCAGC,0.39753884077072144,False,False,True,-0.0002079308032989502,
12,27,54,head_6,recovery,0.25927734375,0.11419528722763062,2972,GCCAGC,4.44921875,3572,GTAGGC,4.48828125,3572,GTAGGC,4.48828125,2972,GCCAGC,0.0043363445438444614,3572,GTAGGC,5.808348646496597e-07,732,AGCAGC,0.39311787486076355,False,False,True,3.713369369506836e-05,
12,28,54,head_6,recovery,0.22216796875,0.12102258205413818,2972,GCCAGC,4.44921875,3572,GTAGGC,4.4921875,3572,GTAGGC,4.4921875,2972,GCCAGC,0.004348128102719784,3572,GTAGGC,5.803894396194664e-07,732,AGCAGC,0.3971504867076874,False,False,True,-1.8768012523651123e-05,
12,29,54,head_6,recovery,0.14794921875,0.09623295068740845,2972,GCCAGC,4.44921875,3572,GTAGGC,4.5,3572,GTAGGC,4.5,2972,GCCAGC,0.004305338021367788,3572,GTAGGC,5.774974169980851e-07,732,AGCAGC,0.4005395174026489,False,False,True,-0.00016770511865615845,
12,30,54,head_6,recovery,0.111328125,0.012536048889160156,2972,GCCAGC,4.45703125,3572,GTAGGC,4.51171875,3572,GTAGGC,4.51171875,2972,GCCAGC,0.004160876851528883,3572,GTAGGC,5.782015364275139e-07,732,AGCAGC,0.39764246344566345,False,False,True,-1.2964010238647461e-05,
12,31,54,head_6,recovery,0.07421875,-0.0059359073638916016,2972,GCCAGC,4.45703125,3572,GTAGGC,4.515625,3572,GTAGGC,4.515625,2972,GCCAGC,0.004128996282815933,3572,GTAGGC,5.80694688778749e-07,732,AGCAGC,0.3972356915473938,False,False,True,2.726912498474121e-05,
13,0,54,head_6,recovery,0.037109375,-0.055333614349365234,2972,GCCAGC,4.4609375,3572,GTAGGC,4.5234375,3572,GTAGGC,4.5234375,2972,GCCAGC,0.004043713677674532,3572,GTAGGC,5.59218733542366e-07,732,AGCAGC,0.4074024260044098,False,False,True,-0.000594213604927063,
13,1,54,head_6,recovery,0.0,-0.03929734230041504,2972,GCCAGC,4.45703125,3572,GTAGGC,4.5234375,3572,GTAGGC,4.5234375,2972,GCCAGC,0.004071394447237253,3572,GTAGGC,5.612766358353838e-07,732,AGCAGC,0.4087916314601898,False,False,True,-0.0006375163793563843,
13,2,54,head_6,recovery,0.037109375,-0.086861252784729,2972,GCCAGC,4.45703125,3572,GTAGGC,4.51953125,3572,GTAGGC,4.51953125,2972,GCCAGC,0.003989285323768854,3572,GTAGGC,5.482581286742061e-07,732,AGCAGC,0.4116509258747101,False,False,True,-0.000672660768032074,
13,3,54,head_6,recovery,0.0,-0.019207119941711426,2972,GCCAGC,4.45703125,3572,GTAGGC,4.5234375,3572,GTAGGC,4.5234375,2972,GCCAGC,0.004106083419173956,3572,GTAGGC,5.743670499214204e-07,732,AGCAGC,0.409584641456604,False,False,True,-0.00023698806762695312,
13,4,54,head_6,recovery,0.037109375,-0.0013616085052490234,2972,GCCAGC,4.45703125,3572,GTAGGC,4.51953125,3572,GTAGGC,4.51953125,2972,GCCAGC,0.004136886913329363,3572,GTAGGC,5.759349051004392e-07,732,AGCAGC,0.40729624032974243,False,False,True,-0.00011224299669265747,
13,5,54,head_6,recovery,0.0,0.03291058540344238,2972,GCCAGC,4.44921875,3572,GTAGGC,4.515625,3572,GTAGGC,4.515625,2972,GCCAGC,0.004196046851575375,3572,GTAGGC,5.814151222693908e-07,732,AGCAGC,0.406548410654068,False,False,True,8.594989776611328e-05,
13,6,54,head_6,recovery,0.0,0.04006403684616089,2972,GCCAGC,4.453125,3572,GTAGGC,4.51953125,3572,GTAGGC,4.51953125,2972,GCCAGC,0.004208394326269627,3572,GTAGGC,5.819086368319404e-07,732,AGCAGC,0.4053441286087036,False,False,True,0.00035505741834640503,
13,7,54,head_6,recovery,0.037109375,0.03193473815917969,2972,GCCAGC,4.45703125,3572,GTAGGC,4.51953125,3572,GTAGGC,4.51953125,2972,GCCAGC,0.004194364417344332,3572,GTAGGC,5.83307894430618e-07,732,AGCAGC,0.4053017497062683,False,False,True,9.737163782119751e-05,
13,8,54,head_6,recovery,0.037109375,0.010793507099151611,2972,GCCAGC,4.45703125,3572,GTAGGC,4.51953125,3572,GTAGGC,4.51953125,2972,GCCAGC,0.004157867282629013,3572,GTAGGC,5.763973831562907e-07,732,AGCAGC,0.4078468084335327,False,False,True,0.0004834681749343872,
13,9,54,head_6,recovery,0.037109375,0.022674500942230225,2972,GCCAGC,4.45703125,3572,GTAGGC,4.51953125,3572,GTAGGC,4.51953125,2972,GCCAGC,0.004178380593657494,3572,GTAGGC,5.8290362403568e-07,732,AGCAGC,0.4048120677471161,False,False,True,0.0003529191017150879,
13,10,54,head_6,recovery,0.0,-0.013165473937988281,2972,GCCAGC,4.45703125,3572,GTAGGC,4.5234375,3572,GTAGGC,4.5234375,2972,GCCAGC,0.004116514232009649,3572,GTAGGC,5.771232167717244e-07,732,AGCAGC,0.4048454463481903,False,False,True,0.00045718252658843994,
13,11,54,head_6,recovery,0.07421875,0.007194459438323975,2972,GCCAGC,4.45703125,3572,GTAGGC,4.515625,3572,GTAGGC,4.515625,2972,GCCAGC,0.004151653964072466,3572,GTAGGC,5.752232254963019e-07,732,AGCAGC,0.4040250778198242,False,False,True,5.24371862411499e-05,
13,12,54,head_6,recovery,0.07421875,0.014399468898773193,2972,GCCAGC,4.45703125,3572,GTAGGC,4.515625,3572,GTAGGC,4.515625,2972,GCCAGC,0.00416408758610487,3572,GTAGGC,5.726501512981486e-07,732,AGCAGC,0.4077470898628235,False,False,True,0.0001568719744682312,
13,13,54,head_6,recovery,0.111328125,0.015344023704528809,2972,GCCAGC,4.45703125,3572,GTAGGC,4.51171875,3572,GTAGGC,4.51171875,2972,GCCAGC,0.004165705759078264,3572,GTAGGC,5.605518822449085e-07,732,AGCAGC,0.41029638051986694,False,False,True,-0.00023506581783294678,
13,14,54,head_6,recovery,0.14794921875,0.007566511631011963,2972,GCCAGC,4.45703125,3572,GTAGGC,4.5078125,3572,GTAGGC,4.5078125,2972,GCCAGC,0.004152281209826469,3572,GTAGGC,5.601022508017195e-07,732,AGCAGC,0.41095083951950073,False,False,True,-9.227544069290161e-05,
13,15,54,head_6,recovery,0.111328125,0.027621328830718994,2972,GCCAGC,4.4609375,3572,GTAGGC,4.515625,3572,GTAGGC,4.515625,2972,GCCAGC,0.004186898469924927,3572,GTAGGC,5.625765311378927e-07,732,AGCAGC,0.4122830629348755,False,False,True,-0.0009235590696334839,
13,16,54,head_6,recovery,-0.07421875,0.07078206539154053,2972,GCCAGC,4.44921875,3572,GTAGGC,4.5234375,3572,GTAGGC,4.5234375,2972,GCCAGC,0.00426141545176506,3572,GTAGGC,5.835649403707066e-07,732,AGCAGC,0.4077543020248413,False,False,True,-4.3138861656188965e-05,
13,17,54,head_6,recovery,-0.037109375,0.06493246555328369,2972,GCCAGC,4.45703125,3572,GTAGGC,4.52734375,3572,GTAGGC,4.52734375,2972,GCCAGC,0.004251318052411079,3572,GTAGGC,5.826163942401763e-07,732,AGCAGC,0.4072352945804596,False,False,True,-0.00046178698539733887,
13,18,54,head_6,recovery,-0.111328125,0.05664342641830444,2972,GCCAGC,4.44921875,3572,GTAGGC,4.52734375,3572,GTAGGC,4.52734375,2972,GCCAGC,0.00423702085390687,3572,GTAGGC,5.925151640440163e-07,732,AGCAGC,0.40520980954170227,False,False,True,0.00043198466300964355,
13,19,54,head_6,recovery,-0.07421875,0.14156657457351685,2972,GCCAGC,4.4453125,3572,GTAGGC,4.51953125,3572,GTAGGC,4.51953125,2972,GCCAGC,0.004383616149425507,3572,GTAGGC,6.089474027248798e-07,732,AGCAGC,0.3991719186306,False,False,True,0.00012399256229400635,
13,20,54,head_6,recovery,-0.037109375,0.06986880302429199,2972,GCCAGC,4.44921875,3572,GTAGGC,4.51953125,3572,GTAGGC,4.51953125,2972,GCCAGC,0.004259864334017038,3572,GTAGGC,6.088491772970883e-07,732,AGCAGC,0.39985623955726624,False,False,True,-0.0017244964838027954,
13,21,54,head_6,recovery,-0.037109375,0.11101043224334717,2972,GCCAGC,4.4609375,3572,GTAGGC,4.53125,3572,GTAGGC,4.53125,2972,GCCAGC,0.004330881871283054,3572,GTAGGC,6.151004754428868e-07,732,AGCAGC,0.3997620940208435,False,False,True,-0.00236482173204422,
13,22,54,head_6,recovery,0.037109375,0.025012731552124023,2972,GCCAGC,4.46875,3572,GTAGGC,4.53125,3572,GTAGGC,4.53125,2972,GCCAGC,0.004182429518550634,3572,GTAGGC,5.961986744296155e-07,732,AGCAGC,0.40507450699806213,False,False,True,-0.002585679292678833,
13,23,54,head_6,recovery,0.111328125,0.1054602861404419,2972,GCCAGC,4.46875,3572,GTAGGC,4.5234375,3572,GTAGGC,4.5234375,2972,GCCAGC,0.004321275278925896,3572,GTAGGC,5.879768423255882e-07,732,AGCAGC,0.40139085054397583,False,False,True,-0.0005549788475036621,
13,24,54,head_6,recovery,0.111328125,0.09044569730758667,2972,GCCAGC,4.46875,3572,GTAGGC,4.5234375,3572,GTAGGC,4.5234375,2972,GCCAGC,0.004295363090932369,3572,GTAGGC,5.913807399338111e-07,732,AGCAGC,0.40070444345474243,False,False,True,-0.0006484761834144592,
13,25,54,head_6,recovery,0.07421875,0.0751194953918457,2972,GCCAGC,4.4609375,3572,GTAGGC,4.51953125,3572,GTAGGC,4.51953125,2972,GCCAGC,0.004268907010555267,3572,GTAGGC,5.886998906134977e-07,732,AGCAGC,0.40120676159858704,False,False,True,-0.00034137070178985596,
13,26,54,head_6,recovery,-0.111328125,0.0681537389755249,2972,GCCAGC,4.4609375,3572,GTAGGC,4.5390625,3572,GTAGGC,4.5390625,2972,GCCAGC,0.004256872925907373,3572,GTAGGC,5.771950668531645e-07,732,AGCAGC,0.41431519389152527,False,False,True,0.00017791986465454102,
13,27,54,head_6,recovery,-0.037109375,0.18607324361801147,2972,GCCAGC,4.46875,3572,GTAGGC,4.5390625,3572,GTAGGC,4.5390625,2972,GCCAGC,0.004460411611944437,3572,GTAGGC,5.853974585079413e-07,732,AGCAGC,0.41356322169303894,False,False,True,0.00048822909593582153,
13,28,54,head_6,recovery,0.037109375,0.15249192714691162,2972,GCCAGC,4.48046875,3572,GTAGGC,4.54296875,3572,GTAGGC,4.54296875,2972,GCCAGC,0.004402438644319773,3572,GTAGGC,5.740325832448434e-07,732,AGCAGC,0.4137628376483917,False,False,True,0.0004508569836616516,
13,29,54,head_6,recovery,0.29638671875,0.07679539918899536,2972,GCCAGC,4.48046875,3572,GTAGGC,4.515625,3572,GTAGGC,4.515625,2972,GCCAGC,0.004271802492439747,3572,GTAGGC,5.913411200708651e-07,732,AGCAGC,0.4064221680164337,False,False,True,0.000594601035118103,
13,30,54,head_6,recovery,0.18505859375,-0.016417741775512695,2972,GCCAGC,4.46875,3572,GTAGGC,4.515625,3572,GTAGGC,4.515625,2972,GCCAGC,0.004110910464078188,3572,GTAGGC,5.866672836418729e-07,732,AGCAGC,0.4038996994495392,False,False,True,0.0002781301736831665,
13,31,54,head_6,recovery,0.14794921875,0.012787222862243652,2972,GCCAGC,4.46875,3572,GTAGGC,4.51953125,3572,GTAGGC,4.51953125,2972,GCCAGC,0.004161323886364698,3572,GTAGGC,5.919515615460114e-07,732,AGCAGC,0.4034118950366974,False,False,True,0.00017011165618896484,
14,0,54,head_6,recovery,0.037109375,-0.012063145637512207,2972,GCCAGC,4.453125,3572,GTAGGC,4.515625,3572,GTAGGC,4.515625,2972,GCCAGC,0.004118397366255522,3572,GTAGGC,5.574729584623128e-07,732,AGCAGC,0.4109133183956146,False,False,True,-0.0005764439702033997,
14,1,54,head_6,recovery,0.037109375,-0.027622461318969727,2972,GCCAGC,4.453125,3572,GTAGGC,4.515625,3572,GTAGGC,4.515625,2972,GCCAGC,0.004091538023203611,3572,GTAGGC,5.536784328796784e-07,732,AGCAGC,0.41085806488990784,False,False,True,-0.0005325675010681152,
14,2,54,head_6,recovery,0.037109375,0.015107393264770508,2972,GCCAGC,4.45703125,3572,GTAGGC,4.51953125,3572,GTAGGC,4.51953125,2972,GCCAGC,0.00416530342772603,3572,GTAGGC,5.668858307217306e-07,732,AGCAGC,0.40804043412208557,False,False,True,-1.360476016998291e-05,
14,3,54,head_6,recovery,0.037109375,-0.0003949403762817383,2972,GCCAGC,4.453125,3572,GTAGGC,4.515625,3572,GTAGGC,4.515625,2972,GCCAGC,0.004138553980737925,3572,GTAGGC,5.746015858676401e-07,732,AGCAGC,0.40615686774253845,False,False,True,8.07642936706543e-06,
14,4,54,head_6,recovery,0.0,0.017519056797027588,2972,GCCAGC,4.44921875,3572,GTAGGC,4.515625,3572,GTAGGC,4.515625,2972,GCCAGC,0.0041694785468280315,3572,GTAGGC,5.791675903310534e-07,732,AGCAGC,0.40609410405158997,False,False,True,-4.928559064865112e-05,
14,5,54,head_6,recovery,0.0,0.028354644775390625,2972,GCCAGC,4.44921875,3572,GTAGGC,4.515625,3572,GTAGGC,4.515625,2972,GCCAGC,0.004188182298094034,3572,GTAGGC,5.80788196202775e-07,732,AGCAGC,0.40476614236831665,False,False,True,-0.00027648359537124634,
14,6,54,head_6,recovery,0.0,0.049644291400909424,2972,GCCAGC,4.44921875,3572,GTAGGC,4.515625,3572,GTAGGC,4.515625,2972,GCCAGC,0.0042249346151947975,3572,GTAGGC,5.865267098670301e-07,732,AGCAGC,0.4011788070201874,False,False,True,0.0002943575382232666,
14,7,54,head_6,recovery,0.037109375,0.049209654331207275,2972,GCCAGC,4.45703125,3572,GTAGGC,4.51953125,3572,GTAGGC,4.51953125,2972,GCCAGC,0.004224185366183519,3572,GTAGGC,5.877541866539104e-07,732,AGCAGC,0.4000014066696167,False,False,True,8.305162191390991e-05,
14,8,54,head_6,recovery,0.0,0.05097275972366333,2972,GCCAGC,4.45703125,3572,GTAGGC,4.5234375,3572,GTAGGC,4.5234375,2972,GCCAGC,0.00422723637893796,3572,GTAGGC,5.956387667538365e-07,732,AGCAGC,0.39952144026756287,False,False,True,0.00012119859457015991,
14,9,54,head_6,recovery,0.037109375,0.019349873065948486,2972,GCCAGC,4.45703125,3572,GTAGGC,4.51953125,3572,GTAGGC,4.51953125,2972,GCCAGC,0.0041726441122591496,3572,GTAGGC,5.848737032465579e-07,732,AGCAGC,0.4034860134124756,False,False,True,-0.0002765953540802002,
14,10,54,head_6,recovery,0.111328125,-0.0034579038619995117,2972,GCCAGC,4.45703125,3572,GTAGGC,4.51171875,3572,GTAGGC,4.51171875,2972,GCCAGC,0.00413326732814312,3572,GTAGGC,5.745518478761369e-07,732,AGCAGC,0.4050936996936798,False,False,True,-6.198137998580933e-05,
14,11,54,head_6,recovery,0.07421875,0.03335815668106079,2972,GCCAGC,4.4609375,3572,GTAGGC,4.51953125,3572,GTAGGC,4.51953125,2972,GCCAGC,0.0041968198493123055,3572,GTAGGC,5.823058586429397e-07,732,AGCAGC,0.4034220576286316,False,False,True,0.00047882646322250366,
14,12,54,head_6,recovery,0.07421875,0.01073223352432251,2972,GCCAGC,4.453125,3572,GTAGGC,4.51171875,3572,GTAGGC,4.51171875,2972,GCCAGC,0.004157754592597485,3572,GTAGGC,5.693053708455409e-07,732,AGCAGC,0.40705862641334534,False,False,True,0.0002011507749557495,
14,13,54,head_6,recovery,0.037109375,0.031257569789886475,2972,GCCAGC,4.45703125,3572,GTAGGC,4.51953125,3572,GTAGGC,4.51953125,2972,GCCAGC,0.004193192347884178,3572,GTAGGC,5.800862368232629e-07,732,AGCAGC,0.40850353240966797,False,False,True,0.0008371397852897644,
14,14,54,head_6,recovery,0.07421875,-0.03664529323577881,2972,GCCAGC,4.44921875,3572,GTAGGC,4.5078125,3572,GTAGGC,4.5078125,2972,GCCAGC,0.004075962118804455,3572,GTAGGC,5.513526275535696e-07,732,AGCAGC,0.4094064235687256,False,False,True,-0.003815382719039917,
14,15,54,head_6,recovery,0.0,0.03807032108306885,2972,GCCAGC,4.44140625,3572,GTAGGC,4.5078125,3572,GTAGGC,4.5078125,2972,GCCAGC,0.0042049516923725605,3572,GTAGGC,5.80639152758522e-07,732,AGCAGC,0.4014500677585602,False,False,True,-0.002619430422782898,
14,16,54,head_6,recovery,0.0,0.03374016284942627,2972,GCCAGC,4.44140625,3572,GTAGGC,4.5078125,3572,GTAGGC,4.5078125,2972,GCCAGC,0.004197460133582354,3572,GTAGGC,5.631594603983103e-07,732,AGCAGC,0.4028683602809906,False,False,True,-0.0038596317172050476,
14,17,54,head_6,recovery,0.0,0.0315127968788147,2972,GCCAGC,4.44140625,3572,GTAGGC,4.5078125,3572,GTAGGC,4.5078125,2972,GCCAGC,0.004193620290607214,3572,GTAGGC,5.67855579447496e-07,732,AGCAGC,0.40653660893440247,False,False,True,-0.00041147321462631226,
14,18,54,head_6,recovery,0.0,-0.03146183490753174,2972,GCCAGC,4.44921875,3572,GTAGGC,4.515625,3572,GTAGGC,4.515625,2972,GCCAGC,0.004084913991391659,3572,GTAGGC,5.563881018133543e-07,732,AGCAGC,0.41081303358078003,False,False,True,-0.0013513565063476562,
14,19,54,head_6,recovery,-0.037109375,0.06690412759780884,2972,GCCAGC,4.44140625,3572,GTAGGC,4.51171875,3572,GTAGGC,4.51171875,2972,GCCAGC,0.0042547439225018024,3572,GTAGGC,6.05552031629486e-07,732,AGCAGC,0.4037505090236664,False,False,True,-0.0006951466202735901,
14,20,54,head_6,recovery,-0.07421875,0.035406649112701416,2972,GCCAGC,4.4296875,3572,GTAGGC,4.50390625,3572,GTAGGC,4.50390625,2972,GCCAGC,0.0042003728449344635,3572,GTAGGC,5.992708338453667e-07,732,AGCAGC,0.4072657823562622,False,False,True,-0.00011295080184936523,
14,21,54,head_6,recovery,0.037109375,0.08280980587005615,2972,GCCAGC,4.4296875,3572,GTAGGC,4.4921875,3572,GTAGGC,4.4921875,2972,GCCAGC,0.00428219698369503,3572,GTAGGC,6.047938541087206e-07,732,AGCAGC,0.40181148052215576,False,False,True,-0.0002184361219406128,
14,22,54,head_6,recovery,0.25927734375,-0.028011202812194824,2972,GCCAGC,4.421875,3572,GTAGGC,4.4609375,3572,GTAGGC,4.4609375,2972,GCCAGC,0.0040908390656113625,3572,GTAGGC,5.257806492409145e-07,732,AGCAGC,0.40792083740234375,False,False,True,0.0002715885639190674,
14,23,54,head_6,recovery,0.14794921875,-0.008216500282287598,2972,GCCAGC,4.43359375,3572,GTAGGC,4.484375,3572,GTAGGC,4.484375,2972,GCCAGC,0.004125026986002922,3572,GTAGGC,5.477481295201869e-07,732,AGCAGC,0.40107250213623047,False,False,True,-0.00025898218154907227,
14,24,54,head_6,recovery,0.18505859375,0.08927887678146362,2972,GCCAGC,4.4453125,3572,GTAGGC,4.4921875,2932,GCAGGC,4.49609375,2972,GCCAGC,0.004293309524655342,3572,GTAGGC,5.516886858458747e-07,732,AGCAGC,0.4053391218185425,False,False,True,0.0004672333598136902,
14,25,54,head_6,recovery,0.0,0.09071248769760132,2972,GCCAGC,4.4453125,3572,GTAGGC,4.51171875,3572,GTAGGC,4.51171875,2972,GCCAGC,0.004295812454074621,3572,GTAGGC,5.803694875794463e-07,732,AGCAGC,0.4035937488079071,False,False,True,0.00024101883172988892,
14,26,54,head_6,recovery,0.37060546875,0.14155924320220947,2972,GCCAGC,4.4609375,3572,GTAGGC,4.48828125,3572,GTAGGC,4.48828125,2972,GCCAGC,0.004383556544780731,3572,GTAGGC,5.620045726573153e-07,732,AGCAGC,0.4074246287345886,False,False,True,0.00034912675619125366,
14,27,54,head_6,recovery,0.07421875,-0.14083218574523926,2972,GCCAGC,4.484375,3572,GTAGGC,4.54296875,3572,GTAGGC,4.54296875,2972,GCCAGC,0.0038961537647992373,3572,GTAGGC,5.711356152460212e-07,732,AGCAGC,0.39973458647727966,False,False,True,-0.000353887677192688,
14,28,54,head_6,recovery,0.14794921875,-0.1264939308166504,2972,GCCAGC,4.49609375,3572,GTAGGC,4.546875,3572,GTAGGC,4.546875,2972,GCCAGC,0.0039209118112921715,3572,GTAGGC,5.812968311147415e-07,732,AGCAGC,0.3997049331665039,False,False,True,-0.0001595616340637207,
14,29,54,head_6,recovery,-0.111328125,-0.14598500728607178,2972,GCCAGC,4.484375,3572,GTAGGC,4.5625,3572,GTAGGC,4.5625,2972,GCCAGC,0.0038872722070664167,3572,GTAGGC,5.833779255226546e-07,732,AGCAGC,0.40218451619148254,False,False,True,5.1252543926239014e-05,
14,30,54,head_6,recovery,0.14794921875,0.013950824737548828,2972,GCCAGC,4.46875,3572,GTAGGC,4.51953125,3572,GTAGGC,4.51953125,2972,GCCAGC,0.004163307137787342,3572,GTAGGC,5.666954052685469e-07,732,AGCAGC,0.40708011388778687,False,False,True,1.6257166862487793e-05,
14,31,54,head_6,recovery,0.0,-0.03406882286071777,2972,GCCAGC,4.46484375,3572,GTAGGC,4.53125,3572,GTAGGC,4.53125,2972,GCCAGC,0.004080434795469046,3572,GTAGGC,5.769508675257384e-07,732,AGCAGC,0.4088001251220703,False,False,True,-0.0006251633167266846,
15,0,54,head_6,recovery,0.111328125,-0.042127132415771484,2972,GCCAGC,4.453125,3572,GTAGGC,4.5078125,3572,GTAGGC,4.5078125,2972,GCCAGC,0.004066501744091511,3572,GTAGGC,5.528556812350871e-07,732,AGCAGC,0.40522804856300354,False,False,True,-0.000688500702381134,
15,1,54,head_6,recovery,0.111328125,-0.049825310707092285,2972,GCCAGC,4.453125,3572,GTAGGC,4.5078125,3572,GTAGGC,4.5078125,2972,GCCAGC,0.004053216427564621,3572,GTAGGC,5.546274337575596e-07,732,AGCAGC,0.40465056896209717,False,False,True,-0.0006994232535362244,
15,2,54,head_6,recovery,0.037109375,-0.015688538551330566,2972,GCCAGC,4.44921875,3572,GTAGGC,4.51171875,3572,GTAGGC,4.51171875,2972,GCCAGC,0.004112156108021736,3572,GTAGGC,5.736085313401418e-07,732,AGCAGC,0.40210938453674316,False,False,True,-0.0003519803285598755,
15,3,54,head_6,recovery,0.07421875,-0.00017702579498291016,2972,GCCAGC,4.453125,3572,GTAGGC,4.51171875,3572,GTAGGC,4.51171875,2972,GCCAGC,0.0041389367543160915,3572,GTAGGC,5.810830998598249e-07,732,AGCAGC,0.40252938866615295,False,False,True,0.00026829540729522705,
15,4,54,head_6,recovery,0.07421875,0.0056334733963012695,2972,GCCAGC,4.45703125,3572,GTAGGC,4.515625,3572,GTAGGC,4.515625,2972,GCCAGC,0.004148964304476976,3572,GTAGGC,5.795652100459847e-07,732,AGCAGC,0.40399131178855896,False,False,True,0.0004721730947494507,
15,5,54,head_6,recovery,0.037109375,-0.000408172607421875,2972,GCCAGC,4.453125,3572,GTAGGC,4.515625,3572,GTAGGC,4.515625,2972,GCCAGC,0.0041385372169315815,3572,GTAGGC,5.808536798213026e-07,732,AGCAGC,0.40365293622016907,False,False,True,0.00037735700607299805,
15,6,54,head_6,recovery,0.07421875,0.017899751663208008,2972,GCCAGC,4.45703125,3572,GTAGGC,4.515625,3572,GTAGGC,4.515625,2972,GCCAGC,0.004170135594904423,3572,GTAGGC,5.792920205749397e-07,732,AGCAGC,0.4038345217704773,False,False,True,0.000295490026473999,
15,7,54,head_6,recovery,0.0,0.008539378643035889,2972,GCCAGC,4.44921875,3572,GTAGGC,4.515625,3572,GTAGGC,4.515625,2972,GCCAGC,0.004153982736170292,3572,GTAGGC,5.825123139402422e-07,732,AGCAGC,0.40386325120925903,False,False,True,0.00015667825937271118,
15,8,54,head_6,recovery,0.0,0.0034336447715759277,2972,GCCAGC,4.44921875,3572,GTAGGC,4.515625,3572,GTAGGC,4.515625,2972,GCCAGC,0.004145167768001556,3572,GTAGGC,5.802522764497553e-07,732,AGCAGC,0.4045341908931732,False,False,True,0.00017982721328735352,
15,9,54,head_6,recovery,0.0,0.0004017353057861328,2972,GCCAGC,4.44921875,3572,GTAGGC,4.515625,3572,GTAGGC,4.515625,2972,GCCAGC,0.004139936529099941,3572,GTAGGC,5.821980835207796e-07,732,AGCAGC,0.405425488948822,False,False,True,7.680803537368774e-05,
15,10,54,head_6,recovery,0.037109375,-0.0014668703079223633,2972,GCCAGC,4.453125,3572,GTAGGC,4.515625,3572,GTAGGC,4.515625,2972,GCCAGC,0.004136709496378899,3572,GTAGGC,5.803579483654175e-07,732,AGCAGC,0.4068564176559448,False,False,True,0.00024590641260147095,
15,11,54,head_6,recovery,0.037109375,0.002728402614593506,2972,GCCAGC,4.453125,3572,GTAGGC,4.515625,3572,GTAGGC,4.515625,2972,GCCAGC,0.004143951460719109,3572,GTAGGC,5.809292815683875e-07,732,AGCAGC,0.4053235650062561,False,False,True,6.11916184425354e-05,
15,12,54,head_6,recovery,0.037109375,0.016039788722991943,2972,GCCAGC,4.453125,3572,GTAGGC,4.515625,3572,GTAGGC,4.515625,2972,GCCAGC,0.004166926257312298,3572,GTAGGC,5.800617941531527e-07,732,AGCAGC,0.4037454426288605,False,False,True,0.0004487261176109314,
15,13,54,head_6,recovery,0.037109375,0.017233073711395264,2972,GCCAGC,4.453125,3572,GTAGGC,4.515625,3572,GTAGGC,4.515625,2972,GCCAGC,0.004168982617557049,3572,GTAGGC,5.770802431470656e-07,732,AGCAGC,0.4041358530521393,False,False,True,0.0002378895878791809,
15,14,54,head_6,recovery,0.037109375,0.025644361972808838,2972,GCCAGC,4.453125,3572,GTAGGC,4.515625,3572,GTAGGC,4.515625,2972,GCCAGC,0.004183500539511442,3572,GTAGGC,5.770614848188416e-07,732,AGCAGC,0.40320470929145813,False,False,True,-0.0001230686902999878,
15,15,54,head_6,recovery,0.0,0.04201573133468628,2972,GCCAGC,4.453125,3572,GTAGGC,4.51953125,3572,GTAGGC,4.51953125,2972,GCCAGC,0.004211771301925182,3572,GTAGGC,5.902643351873849e-07,732,AGCAGC,0.40392136573791504,False,False,True,-0.00038695335388183594,
15,16,54,head_6,recovery,0.037109375,0.02888965606689453,2972,GCCAGC,4.453125,3572,GTAGGC,4.515625,3572,GTAGGC,4.515625,2972,GCCAGC,0.004189112689346075,3572,GTAGGC,5.877329840586754e-07,732,AGCAGC,0.4026627838611603,False,False,True,0.00017646700143814087,
15,17,54,head_6,recovery,0.037109375,0.012673676013946533,2972,GCCAGC,4.453125,3572,GTAGGC,4.515625,3572,GTAGGC,4.515625,2972,GCCAGC,0.004161119926720858,3572,GTAGGC,5.837584922119277e-07,732,AGCAGC,0.4035645127296448,False,False,True,0.00045977532863616943,
15,18,54,head_6,recovery,0.07421875,0.010086655616760254,2972,GCCAGC,4.45703125,3572,GTAGGC,4.515625,3572,GTAGGC,4.515625,2972,GCCAGC,0.004156648647040129,3572,GTAGGC,5.780573246738641e-07,732,AGCAGC,0.4043876528739929,False,False,True,0.00024481862783432007,
15,19,54,head_6,recovery,0.0,-0.0017420053482055664,2972,GCCAGC,4.45703125,3572,GTAGGC,4.5234375,3572,GTAGGC,4.5234375,2972,GCCAGC,0.0041362326592206955,3572,GTAGGC,5.781467393717321e-07,732,AGCAGC,0.40549567341804504,False,False,True,5.1878392696380615e-05,
15,20,54,head_6,recovery,0.037109375,0.003886580467224121,2972,GCCAGC,4.453125,3572,GTAGGC,4.515625,3572,GTAGGC,4.515625,2972,GCCAGC,0.004145945888012648,3572,GTAGGC,5.765774631072418e-07,732,AGCAGC,0.4040301740169525,False,False,True,-3.5315752029418945e-06,
15,21,54,head_6,recovery,0.037109375,-0.03910171985626221,2972,GCCAGC,4.453125,3572,GTAGGC,4.515625,3572,GTAGGC,4.515625,2972,GCCAGC,0.0040717353112995625,3572,GTAGGC,5.641820166601974e-07,732,AGCAGC,0.405254602432251,False,False,True,-8.352100849151611e-05,
15,22,54,head_6,recovery,0.0,-0.11106622219085693,2972,GCCAGC,4.45703125,3572,GTAGGC,4.5234375,3572,GTAGGC,4.5234375,2972,GCCAGC,0.0039475057274103165,3572,GTAGGC,5.465363983603311e-07,732,AGCAGC,0.40878430008888245,False,False,True,-0.0001996159553527832,
15,23,54,head_6,recovery,0.0,-0.07674813270568848,2972,GCCAGC,4.47265625,3572,GTAGGC,4.5390625,3572,GTAGGC,4.5390625,2972,GCCAGC,0.004006748553365469,3572,GTAGGC,5.557948838941229e-07,732,AGCAGC,0.41510286927223206,False,False,True,0.00019616633653640747,
15,24,54,head_6,recovery,0.0,-0.11001431941986084,2972,GCCAGC,4.4609375,3572,GTAGGC,4.52734375,3572,GTAGGC,4.52734375,2972,GCCAGC,0.003949325531721115,3572,GTAGGC,5.510019605026173e-07,732,AGCAGC,0.41369256377220154,False,False,True,0.0003229305148124695,
15,25,54,head_6,recovery,0.0,0.01785224676132202,2972,GCCAGC,4.4609375,3572,GTAGGC,4.52734375,3572,GTAGGC,4.52734375,2972,GCCAGC,0.00417004618793726,3572,GTAGGC,5.720383455809497e-07,732,AGCAGC,0.4073721468448639,False,False,True,0.00028543174266815186,
15,26,54,head_6,recovery,0.4443359375,0.11917531490325928,2972,GCCAGC,4.46484375,3572,GTAGGC,4.484375,3572,GTAGGC,4.484375,2972,GCCAGC,0.004344912711530924,3572,GTAGGC,5.533361218112987e-07,732,AGCAGC,0.39536991715431213,False,False,True,-0.00021848827600479126,
15,27,54,head_6,recovery,0.4443359375,0.058935344219207764,2972,GCCAGC,4.46875,3572,GTAGGC,4.48828125,3572,GTAGGC,4.48828125,2972,GCCAGC,0.004240923561155796,3572,GTAGGC,5.393699780142924e-07,732,AGCAGC,0.4018131494522095,False,False,True,-0.0004192069172859192,
15,28,54,head_6,recovery,0.4443359375,0.017048001289367676,2972,GCCAGC,4.46875,3572,GTAGGC,4.48828125,3572,GTAGGC,4.48828125,2972,GCCAGC,0.0041686249896883965,3572,GTAGGC,5.385799113355461e-07,732,AGCAGC,0.4057384729385376,False,False,True,-0.00041288137435913086,
15,29,54,head_6,recovery,0.07421875,-0.0716620683670044,2972,GCCAGC,4.45703125,3572,GTAGGC,4.515625,3572,GTAGGC,4.515625,2972,GCCAGC,0.004015512764453888,3572,GTAGGC,5.414636348177737e-07,732,AGCAGC,0.40899911522865295,False,False,True,-7.732212543487549e-05,
15,30,54,head_6,recovery,0.037109375,0.016125619411468506,2972,GCCAGC,4.45703125,3572,GTAGGC,4.51953125,3572,GTAGGC,4.51953125,2972,GCCAGC,0.004167045000940561,3572,GTAGGC,5.508272238330392e-07,732,AGCAGC,0.40456485748291016,False,False,True,-4.664808511734009e-05,
15,31,54,head_6,recovery,0.07421875,0.012112200260162354,2972,GCCAGC,4.45703125,3572,GTAGGC,4.515625,3572,GTAGGC,4.515625,2972,GCCAGC,0.004160101059824228,3572,GTAGGC,5.343133011592727e-07,732,AGCAGC,0.40576237440109253,False,False,True,6.891787052154541e-06,
16,0,54,head_6,recovery,0.037109375,0.007846295833587646,2972,GCCAGC,4.453125,3572,GTAGGC,4.515625,3572,GTAGGC,4.515625,2972,GCCAGC,0.004152783192694187,3572,GTAGGC,5.793157811240235e-07,732,AGCAGC,0.4051660895347595,False,False,True,-1.1906027793884277e-05,
16,1,54,head_6,recovery,0.0,0.004864037036895752,2972,GCCAGC,4.44921875,3572,GTAGGC,4.515625,3572,GTAGGC,4.515625,2972,GCCAGC,0.004147638101130724,3572,GTAGGC,5.815593340230407e-07,732,AGCAGC,0.4053005576133728,False,False,True,-3.498047590255737e-05,
16,2,54,head_6,recovery,0.037109375,0.007571399211883545,2972,GCCAGC,4.453125,3572,GTAGGC,4.515625,3572,GTAGGC,4.515625,2972,GCCAGC,0.0041523100808262825,3572,GTAGGC,5.805727596452925e-07,732,AGCAGC,0.40478625893592834,False,False,True,-9.927898645401001e-05,
16,3,54,head_6,recovery,0.037109375,0.006444752216339111,2972,GCCAGC,4.453125,3572,GTAGGC,4.515625,3572,GTAGGC,4.515625,2972,GCCAGC,0.004150367341935635,3572,GTAGGC,5.82459279030445e-07,732,AGCAGC,0.4053383767604828,False,False,True,-0.00035727769136428833,
16,4,54,head_6,recovery,0.0,-0.0018790960311889648,2972,GCCAGC,4.44921875,3572,GTAGGC,4.515625,3572,GTAGGC,4.515625,2972,GCCAGC,0.004135997965931892,3572,GTAGGC,5.803902922707493e-07,732,AGCAGC,0.4046197533607483,False,False,True,-0.00021452456712722778,
16,5,54,head_6,recovery,0.037109375,0.010149478912353516,2972,GCCAGC,4.453125,3572,GTAGGC,4.515625,3572,GTAGGC,4.515625,2972,GCCAGC,0.004156759474426508,3572,GTAGGC,5.803567546536215e-07,732,AGCAGC,0.4053560197353363,False,False,True,-0.00015808641910552979,
16,6,54,head_6,recovery,0.037109375,-0.0017139911651611328,2972,GCCAGC,4.453125,3572,GTAGGC,4.515625,3572,GTAGGC,4.515625,2972,GCCAGC,0.00413628201931715,3572,GTAGGC,5.793946229459834e-07,732,AGCAGC,0.4054757356643677,False,False,True,-0.00026082247495651245,
16,7,54,head_6,recovery,0.037109375,0.01289975643157959,2972,GCCAGC,4.453125,3572,GTAGGC,4.515625,3572,GTAGGC,4.515625,2972,GCCAGC,0.004161508288234472,3572,GTAGGC,5.820461410621647e-07,732,AGCAGC,0.40463194251060486,False,False,True,-0.0011586770415306091,
16,8,54,head_6,recovery,0.037109375,0.005324840545654297,2972,GCCAGC,4.453125,3572,GTAGGC,4.515625,3572,GTAGGC,4.515625,2972,GCCAGC,0.004148432519286871,3572,GTAGGC,5.805185878671182e-07,732,AGCAGC,0.40510615706443787,False,False,True,-0.0015333741903305054,
16,9,54,head_6,recovery,0.0,-0.0006642341613769531,2972,GCCAGC,4.44921875,3572,GTAGGC,4.515625,3572,GTAGGC,4.515625,2972,GCCAGC,0.004138095770031214,3572,GTAGGC,5.810803713757196e-07,732,AGCAGC,0.40517106652259827,False,False,True,-0.001515895128250122,
16,10,54,head_6,recovery,0.037109375,0.010924041271209717,2972,GCCAGC,4.453125,3572,GTAGGC,4.515625,3572,GTAGGC,4.515625,2972,GCCAGC,0.004158097319304943,3572,GTAGGC,5.81097765461891e-07,732,AGCAGC,0.40491148829460144,False,False,True,-0.000899873673915863,
16,11,54,head_6,recovery,0.037109375,0.010806441307067871,2972,GCCAGC,4.453125,3572,GTAGGC,4.515625,3572,GTAGGC,4.515625,2972,GCCAGC,0.004157891031354666,3572,GTAGGC,5.77845810312283e-07,732,AGCAGC,0.40539833903312683,False,False,True,-0.0011668428778648376,
16,12,54,head_6,recovery,0.07421875,0.018656790256500244,2972,GCCAGC,4.45703125,3572,GTAGGC,4.515625,3572,GTAGGC,4.515625,2972,GCCAGC,0.004171440377831459,3572,GTAGGC,5.772587314822886e-07,732,AGCAGC,0.40554195642471313,False,False,True,-0.0010248944163322449,
16,13,54,head_6,recovery,0.111328125,-0.033357858657836914,2972,GCCAGC,4.453125,3572,GTAGGC,4.5078125,3572,GTAGGC,4.5078125,2972,GCCAGC,0.004081645980477333,3572,GTAGGC,5.609218192148546e-07,732,AGCAGC,0.4078558683395386,False,False,True,-0.0009251832962036133,
16,14,54,head_6,recovery,0.14794921875,-0.01901400089263916,2972,GCCAGC,4.45703125,3572,GTAGGC,4.5078125,3572,GTAGGC,4.5078125,2972,GCCAGC,0.004106404725462198,3572,GTAGGC,5.620775596071326e-07,732,AGCAGC,0.4071180522441864,False,False,True,4.92483377456665e-06,
16,15,54,head_6,recovery,0.14794921875,-0.041954755783081055,2972,GCCAGC,4.453125,3572,GTAGGC,4.50390625,3572,GTAGGC,4.50390625,2972,GCCAGC,0.0040668039582669735,3572,GTAGGC,5.576050625677453e-07,732,AGCAGC,0.40805667638778687,False,False,True,0.0004558935761451721,
16,16,54,head_6,recovery,0.111328125,-0.00022554397583007812,2972,GCCAGC,4.453125,3572,GTAGGC,4.5078125,3572,GTAGGC,4.5078125,2972,GCCAGC,0.004138846881687641,3572,GTAGGC,5.752276024395542e-07,732,AGCAGC,0.4045526087284088,False,False,True,0.00028871744871139526,
16,17,54,head_6,recovery,0.037109375,-0.01748836040496826,2972,GCCAGC,4.453125,3572,GTAGGC,4.515625,3572,GTAGGC,4.515625,2972,GCCAGC,0.0041090501472353935,3572,GTAGGC,5.741546829085564e-07,732,AGCAGC,0.4044815003871918,False,False,True,0.00030978769063949585,
16,18,54,head_6,recovery,0.037109375,0.0033173561096191406,2972,GCCAGC,4.453125,3572,GTAGGC,4.515625,3572,GTAGGC,4.515625,2972,GCCAGC,0.004144968930631876,3572,GTAGGC,5.818717454530997e-07,732,AGCAGC,0.4036023020744324,False,False,True,-0.0002386048436164856,
16,19,54,head_6,recovery,0.0,-0.019257545471191406,2972,GCCAGC,4.453125,3572,GTAGGC,4.51953125,3572,GTAGGC,4.51953125,2972,GCCAGC,0.004105998203158379,3572,GTAGGC,5.761234547208005e-07,732,AGCAGC,0.40660589933395386,False,False,True,0.0006637945771217346,
16,20,54,head_6,recovery,0.037109375,0.0018507838249206543,2972,GCCAGC,4.453125,3572,GTAGGC,4.515625,3572,GTAGGC,4.515625,2972,GCCAGC,0.004142439924180508,3572,GTAGGC,5.845043347108003e-07,732,AGCAGC,0.4034729599952698,False,False,True,-0.0013327673077583313,
16,21,54,head_6,recovery,0.037109375,0.04738670587539673,2972,GCCAGC,4.453125,3572,GTAGGC,4.515625,3572,GTAGGC,4.515625,2972,GCCAGC,0.004221045877784491,3572,GTAGGC,5.948257353338704e-07,732,AGCAGC,0.4033864736557007,False,False,True,-0.00138864666223526,
16,22,54,head_6,recovery,0.037109375,0.06430494785308838,2972,GCCAGC,4.4609375,3572,GTAGGC,4.5234375,3572,GTAGGC,4.5234375,2972,GCCAGC,0.004250258207321167,3572,GTAGGC,6.058963890609448e-07,732,AGCAGC,0.4007238745689392,False,False,True,-0.0028616636991500854,
16,23,54,head_6,recovery,0.07421875,-0.03652358055114746,2972,GCCAGC,4.4609375,3572,GTAGGC,4.51953125,3572,GTAGGC,4.51953125,2972,GCCAGC,0.004076193552464247,3572,GTAGGC,5.728122118853207e-07,732,AGCAGC,0.40382078289985657,False,False,True,-0.0011967718601226807,
16,24,54,head_6,recovery,0.07421875,-0.11891710758209229,2972,GCCAGC,4.45703125,3572,GTAGGC,4.515625,3572,GTAGGC,4.515625,2972,GCCAGC,0.003933947999030352,3572,GTAGGC,5.396913707045314e-07,732,AGCAGC,0.40407440066337585,False,False,True,-0.0007888302206993103,
16,25,54,head_6,recovery,0.14794921875,-0.12998604774475098,2972,GCCAGC,4.4375,3572,GTAGGC,4.48828125,3572,GTAGGC,4.48828125,2972,GCCAGC,0.003914835397154093,3572,GTAGGC,5.323857976691215e-07,732,AGCAGC,0.4022033214569092,False,False,True,-0.0006221607327461243,
16,26,54,head_6,recovery,0.18505859375,-0.13278627395629883,2972,GCCAGC,4.453125,3572,GTAGGC,4.5,2772,GAGGGC,4.5,2972,GCCAGC,0.003910012077540159,3572,GTAGGC,5.418296495918185e-07,732,AGCAGC,0.4141874611377716,False,False,True,-0.0009757503867149353,
16,27,54,head_6,recovery,0.14794921875,-0.0919945240020752,2972,GCCAGC,4.484375,3572,GTAGGC,4.53515625,3572,GTAGGC,4.53515625,2972,GCCAGC,0.003980434034019709,3572,GTAGGC,5.567964649344503e-07,732,AGCAGC,0.4204522669315338,False,False,True,-0.0011033937335014343,
16,28,54,head_6,recovery,-0.037109375,-0.05019354820251465,2972,GCCAGC,4.48828125,3572,GTAGGC,4.55859375,3572,GTAGGC,4.55859375,2972,GCCAGC,0.0040525952354073524,3572,GTAGGC,5.688200985787262e-07,732,AGCAGC,0.4207954704761505,False,False,True,-0.0007417201995849609,
16,29,54,head_6,recovery,0.0,-0.007884025573730469,2972,GCCAGC,4.48046875,3572,GTAGGC,4.546875,3572,GTAGGC,4.546875,2972,GCCAGC,0.004125616513192654,3572,GTAGGC,5.633417003991781e-07,732,AGCAGC,0.41445717215538025,False,False,True,-0.0004205629229545593,
16,30,54,head_6,recovery,0.037109375,0.017118990421295166,2972,GCCAGC,4.453125,3572,GTAGGC,4.515625,3572,GTAGGC,4.515625,2972,GCCAGC,0.004168743267655373,3572,GTAGGC,5.346894909052935e-07,732,AGCAGC,0.41259899735450745,False,False,True,-0.0004807785153388977,
16,31,54,head_6,recovery,0.07421875,-0.0024570226669311523,2972,GCCAGC,4.45703125,3572,GTAGGC,4.515625,3572,GTAGGC,4.515625,2972,GCCAGC,0.004134968854486942,3572,GTAGGC,5.48427635749249e-07,732,AGCAGC,0.4108140766620636,False,False,True,-0.0006139874458312988,
17,0,54,head_6,recovery,0.0,7.092952728271484e-05,2972,GCCAGC,4.44921875,3572,GTAGGC,4.515625,3572,GTAGGC,4.515625,2972,GCCAGC,0.004139364697039127,3572,GTAGGC,5.812902372781537e-07,732,AGCAGC,0.4046340584754944,False,False,True,-0.0007109269499778748,
17,1,54,head_6,recovery,0.0,3.159046173095703e-05,2972,GCCAGC,4.44921875,3572,GTAGGC,4.515625,3572,GTAGGC,4.515625,2972,GCCAGC,0.00413929671049118,3572,GTAGGC,5.812983090436319e-07,732,AGCAGC,0.40463361144065857,False,False,True,-0.0006939992308616638,
17,2,54,head_6,recovery,0.0,7.015466690063477e-05,2972,GCCAGC,4.44921875,3572,GTAGGC,4.515625,3572,GTAGGC,4.515625,2972,GCCAGC,0.004139363300055265,3572,GTAGGC,5.813074608340685e-07,732,AGCAGC,0.40463390946388245,False,False,True,-0.0005646944046020508,
17,3,54,head_6,recovery,0.0,7.015466690063477e-05,2972,GCCAGC,4.44921875,3572,GTAGGC,4.515625,3572,GTAGGC,4.515625,2972,GCCAGC,0.004139363300055265,3572,GTAGGC,5.813074608340685e-07,732,AGCAGC,0.40463390946388245,False,False,True,-0.00037298351526260376,
17,4,54,head_6,recovery,0.0,7.069110870361328e-05,2972,GCCAGC,4.44921875,3572,GTAGGC,4.515625,3572,GTAGGC,4.515625,2972,GCCAGC,0.00413936423137784,3572,GTAGGC,5.813076313643251e-07,732,AGCAGC,0.404634028673172,False,False,True,-0.000756680965423584,
17,5,54,head_6,recovery,0.0,3.159046173095703e-05,2972,GCCAGC,4.44921875,3572,GTAGGC,4.515625,3572,GTAGGC,4.515625,2972,GCCAGC,0.00413929671049118,3572,GTAGGC,5.812983090436319e-07,732,AGCAGC,0.40463361144065857,False,False,True,-0.0009116083383560181,
17,6,54,head_6,recovery,0.0,3.159046173095703e-05,2972,GCCAGC,4.44921875,3572,GTAGGC,4.515625,3572,GTAGGC,4.515625,2972,GCCAGC,0.00413929671049118,3572,GTAGGC,5.812983090436319e-07,732,AGCAGC,0.40463361144065857,False,False,True,-0.0005925297737121582,
17,7,54,head_6,recovery,0.0,1.0251998901367188e-05,2972,GCCAGC,4.44921875,3572,GTAGGC,4.515625,3572,GTAGGC,4.515625,2972,GCCAGC,0.004139259923249483,3572,GTAGGC,5.812933068227721e-07,732,AGCAGC,0.4046362042427063,False,False,True,-0.0008425116539001465,
17,8,54,head_6,recovery,0.0,3.159046173095703e-05,2972,GCCAGC,4.44921875,3572,GTAGGC,4.515625,3572,GTAGGC,4.515625,2972,GCCAGC,0.00413929671049118,3572,GTAGGC,5.812983090436319e-07,732,AGCAGC,0.40463361144065857,False,False,True,-0.0015731826424598694,
17,9,54,head_6,recovery,0.0,6.288290023803711e-05,2972,GCCAGC,4.44921875,3572,GTAGGC,4.515625,3572,GTAGGC,4.515625,2972,GCCAGC,0.004139350727200508,3572,GTAGGC,5.813057555315027e-07,732,AGCAGC,0.4046389162540436,False,False,True,-0.0018841251730918884,
17,10,54,head_6,recovery,0.0,6.526708602905273e-05,2972,GCCAGC,4.44921875,3572,GTAGGC,4.515625,3572,GTAGGC,4.515625,2972,GCCAGC,0.004139354918152094,3572,GTAGGC,5.813063808091101e-07,732,AGCAGC,0.40463313460350037,False,False,True,-0.0016495436429977417,
17,11,54,head_6,recovery,0.0,-2.7418136596679688e-06,2972,GCCAGC,4.44921875,3572,GTAGGC,4.515625,3572,GTAGGC,4.515625,2972,GCCAGC,0.004139237571507692,3572,GTAGGC,5.812901235913159e-07,732,AGCAGC,0.40464016795158386,False,False,True,-0.0009021535515785217,
17,12,54,head_6,recovery,0.0,2.6166439056396484e-05,2972,GCCAGC,4.44921875,3572,GTAGGC,4.515625,3572,GTAGGC,4.515625,2972,GCCAGC,0.004139287397265434,3572,GTAGGC,5.81297058488417e-07,732,AGCAGC,0.4046388566493988,False,False,True,-0.001010701060295105,
17,13,54,head_6,recovery,0.0,6.961822509765625e-05,2972,GCCAGC,4.44921875,3572,GTAGGC,4.515625,3572,GTAGGC,4.515625,2972,GCCAGC,0.004139362368732691,3572,GTAGGC,5.813075176774873e-07,732,AGCAGC,0.4046277403831482,False,False,True,-0.001621641218662262,
17,14,54,head_6,recovery,0.0,5.906820297241211e-05,2972,GCCAGC,4.44921875,3572,GTAGGC,4.515625,3572,GTAGGC,4.515625,2972,GCCAGC,0.004139344673603773,3572,GTAGGC,5.813921006847522e-07,732,AGCAGC,0.4046691656112671,False,False,True,-0.004675425589084625,
17,15,54,head_6,recovery,0.0,-0.0018780231475830078,2972,GCCAGC,4.44921875,3572,GTAGGC,4.515625,3572,GTAGGC,4.515625,2972,GCCAGC,0.004136000294238329,3572,GTAGGC,5.807911520605558e-07,732,AGCAGC,0.4048546552658081,False,False,True,-0.0008792206645011902,
17,16,54,head_6,recovery,0.0,-0.008514046669006348,2972,GCCAGC,4.44921875,3572,GTAGGC,4.515625,3572,GTAGGC,4.515625,2972,GCCAGC,0.004124544560909271,3572,GTAGGC,5.786025667475769e-07,732,AGCAGC,0.405437171459198,False,False,True,-0.0002837628126144409,
17,17,54,head_6,recovery,0.0,-0.01168680191040039,2972,GCCAGC,4.44921875,3572,GTAGGC,4.515625,3572,GTAGGC,4.515625,2972,GCCAGC,0.004119067452847958,3572,GTAGGC,5.776568627879897e-07,732,AGCAGC,0.40561607480049133,False,False,True,0.0039429739117622375,
17,18,54,head_6,recovery,0.0,-0.022339463233947754,2972,GCCAGC,4.44921875,3572,GTAGGC,4.515625,3572,GTAGGC,4.515625,2972,GCCAGC,0.004100678022950888,3572,GTAGGC,5.752260108238261e-07,732,AGCAGC,0.40732020139694214,False,False,True,0.00010877847671508789,
17,19,54,head_6,recovery,0.0,-0.005223989486694336,2972,GCCAGC,4.44921875,3572,GTAGGC,4.515625,3572,GTAGGC,4.515625,2972,GCCAGC,0.004130222834646702,3572,GTAGGC,5.782222842753981e-07,732,AGCAGC,0.4051103889942169,False,False,True,-0.004791833460330963,
17,20,54,head_6,recovery,0.0,-0.029056668281555176,2972,GCCAGC,4.44921875,3572,GTAGGC,4.515625,3572,GTAGGC,4.515625,2972,GCCAGC,0.004089077468961477,3572,GTAGGC,5.687973612111819e-07,732,AGCAGC,0.40441781282424927,False,False,True,-0.007563889026641846,
17,21,54,head_6,recovery,0.0,-0.08860540390014648,2972,GCCAGC,4.44921875,3572,GTAGGC,4.515625,3572,GTAGGC,4.515625,2972,GCCAGC,0.003986282739788294,3572,GTAGGC,5.560646627600363e-07,732,AGCAGC,0.41000014543533325,False,False,True,-0.00920499861240387,
17,22,54,head_6,recovery,0.0,0.0028648972511291504,2972,GCCAGC,4.44921875,3572,GTAGGC,4.515625,3572,GTAGGC,4.515625,2972,GCCAGC,0.004144188016653061,3572,GTAGGC,5.821829631713626e-07,732,AGCAGC,0.40923094749450684,False,False,True,-0.004216089844703674,
17,23,54,head_6,recovery,0.0,-0.1446061134338379,2972,GCCAGC,4.44921875,3572,GTAGGC,4.515625,3572,GTAGGC,4.515625,2972,GCCAGC,0.003889648010954261,3572,GTAGGC,5.792549586658424e-07,732,AGCAGC,0.41426193714141846,False,False,True,-0.0033429041504859924,
17,24,54,head_6,recovery,0.0,-0.04451775550842285,2972,GCCAGC,4.44921875,3572,GTAGGC,4.515625,3572,GTAGGC,4.515625,2972,GCCAGC,0.0040624020621180534,3572,GTAGGC,5.791674766442156e-07,732,AGCAGC,0.4145966172218323,False,False,True,-0.0016517490148544312,
17,25,54,head_6,recovery,0.0,-0.1682795286178589,2972,GCCAGC,4.44921875,3572,GTAGGC,4.515625,3572,GTAGGC,4.515625,2972,GCCAGC,0.003848707303404808,3572,GTAGGC,4.992521098756697e-07,732,AGCAGC,0.420981764793396,False,False,True,-0.002121537923812866,
17,26,54,head_6,recovery,-0.2958984375,0.2662143111228943,2972,GCCAGC,4.37109375,3572,GTAGGC,4.46875,3572,GTAGGC,4.46875,2972,GCCAGC,0.004598729312419891,3572,GTAGGC,5.78289700570167e-07,732,AGCAGC,0.37552887201309204,False,False,True,-0.002336733043193817,
17,27,54,head_6,recovery,-0.2958984375,-0.18304109573364258,2972,GCCAGC,4.37109375,3572,GTAGGC,4.46875,3572,GTAGGC,4.46875,2972,GCCAGC,0.0038233520463109016,3572,GTAGGC,6.22684865447809e-07,732,AGCAGC,0.37887042760849,False,False,True,-0.0018641948699951172,
17,28,54,head_6,recovery,-0.2958984375,-0.23746991157531738,2972,GCCAGC,4.37109375,3572,GTAGGC,4.46875,3572,GTAGGC,4.46875,2972,GCCAGC,0.003729480318725109,3572,GTAGGC,6.959426741559582e-07,732,AGCAGC,0.3799174427986145,False,False,True,-0.0010708943009376526,
17,29,54,head_6,recovery,0.0,-0.4521646499633789,2972,GCCAGC,4.44921875,3572,GTAGGC,4.515625,3572,GTAGGC,4.515625,2972,GCCAGC,0.0033588281366974115,3572,GTAGGC,6.100441964917991e-07,732,AGCAGC,0.4192097783088684,False,False,True,-0.00021164864301681519,
17,30,54,head_6,recovery,0.0,-0.08567523956298828,2972,GCCAGC,4.44921875,3572,GTAGGC,4.515625,3572,GTAGGC,4.515625,2972,GCCAGC,0.003991391509771347,3572,GTAGGC,6.07186393608572e-07,732,AGCAGC,0.40821439027786255,False,False,True,-0.0003702789545059204,
17,31,54,head_6,recovery,0.0,-0.03178071975708008,2972,GCCAGC,4.44921875,3572,GTAGGC,4.515625,3572,GTAGGC,4.515625,2972,GCCAGC,0.004084432497620583,3572,GTAGGC,6.251956392588909e-07,732,AGCAGC,0.40298569202423096,False,False,True,-0.00103837251663208,
