Layer,Time_Offset,Target_Timestep,Component,Metric_Mode,Logit_Score,Posteriors_Score,Target_Transition_Prior,Target_String_Prior,Target_Logit,Wrong_Transition_Prior,Wrong_String_Prior,Wrong_Logit,Actual_Argmax_Prior,Actual_String_Prior,Actual_Argmax_Logit,Target_Transition_Post,Target_String_Post,Target_Prob,Wrong_Transition_Post,Wrong_String_Post,Wrong_Prob,Actual_Transition_Post,actual_String_Post,actual_Prob,Is_Target_Logit_Argmax,Is_Target_Prob_Argmax,Should_Decode,Global_MSE_Change,New_String
0,0,20,attn,degradation,0.943359375,0.9675689339637756,3453,GGTAGG,1.76953125,0,AAAAAN,2.0,0,AAAAAN,2.0,3250,GGAGGN,0.03714333474636078,1450,CAGAGN,0.044068437069654465,1450,CAGAGN,0.044068437069654465,False,False,True,-0.0013041496276855469,
0,1,20,attn,degradation,0.90576171875,0.9777989983558655,3453,GGTAGG,1.78125,0,AAAAAN,2.0,0,AAAAAN,2.0,3250,GGAGGN,0.03714918717741966,1450,CAGAGN,0.044186487793922424,1450,CAGAGN,0.044186487793922424,False,False,True,-0.002338588237762451,
0,2,20,attn,degradation,0.96240234375,0.9741387367248535,3453,GGTAGG,1.763671875,0,AAAAAN,2.0,0,AAAAAN,2.0,3250,GGAGGN,0.03734121099114418,1450,CAGAGN,0.04433836787939072,1450,CAGAGN,0.04433836787939072,False,False,True,-0.0009503662586212158,
0,3,20,attn,degradation,0.984375,1.037139892578125,3453,GGTAGG,1.7568359375,0,AAAAAN,2.0,0,AAAAAN,2.0,3250,GGAGGN,0.037070777267217636,1450,CAGAGN,0.04475889727473259,1450,CAGAGN,0.04475889727473259,False,False,True,1.3619661331176758e-05,
0,4,20,attn,degradation,1.015625,0.96732097864151,3453,GGTAGG,1.7470703125,0,AAAAAN,2.0,0,AAAAAN,2.0,3250,GGAGGN,0.03720100596547127,1450,CAGAGN,0.044123388826847076,1450,CAGAGN,0.044123388826847076,False,False,True,-8.976459503173828e-05,
0,5,20,attn,degradation,1.0126953125,0.9510685801506042,3453,GGTAGG,1.748046875,0,AAAAAN,2.0,0,AAAAAN,2.0,3250,GGAGGN,0.037438053637742996,1450,CAGAGN,0.044182188808918,1450,CAGAGN,0.044182188808918,False,False,True,-0.00022801756858825684,
0,6,20,attn,degradation,0.9970703125,0.9451549649238586,3453,GGTAGG,1.7529296875,0,AAAAAN,2.0,0,AAAAAN,2.0,3250,GGAGGN,0.037391792982816696,1450,CAGAGN,0.04407107084989548,1450,CAGAGN,0.04407107084989548,False,False,True,-0.00020232796669006348,
0,7,20,attn,degradation,0.99365234375,1.000792384147644,3453,GGTAGG,1.75390625,0,AAAAAN,2.0,0,AAAAAN,2.0,3250,GGAGGN,0.03702504187822342,1450,CAGAGN,0.04431452229619026,1450,CAGAGN,0.04431452229619026,False,False,True,-0.0007784664630889893,
0,8,20,attn,degradation,0.96533203125,0.9705600142478943,3453,GGTAGG,1.7626953125,0,AAAAAN,2.0,0,AAAAAN,2.0,3250,GGAGGN,0.03720725327730179,1450,CAGAGN,0.04416516050696373,1450,CAGAGN,0.04416516050696373,False,False,True,-0.0006873905658721924,
0,9,20,attn,degradation,0.974609375,0.9137765169143677,3453,GGTAGG,1.759765625,0,AAAAAN,2.0,0,AAAAAN,2.0,3250,GGAGGN,0.03740059956908226,1450,CAGAGN,0.04373573511838913,1450,CAGAGN,0.04373573511838913,False,False,True,-0.0006653070449829102,
0,10,20,attn,degradation,0.94970703125,0.9309453368186951,3453,GGTAGG,1.767578125,0,AAAAAN,2.0,0,AAAAAN,2.0,3250,GGAGGN,0.03777894750237465,1450,CAGAGN,0.044302381575107574,1450,CAGAGN,0.044302381575107574,False,False,True,-0.0008096694946289062,
0,11,20,attn,degradation,0.96875,0.9660173058509827,3453,GGTAGG,1.76171875,0,AAAAAN,2.0,0,AAAAAN,2.0,3250,GGAGGN,0.03773631900548935,1450,CAGAGN,0.04464440420269966,1450,CAGAGN,0.04464440420269966,False,False,True,-0.0009710490703582764,
0,12,20,attn,degradation,0.96533203125,0.9960533976554871,3453,GGTAGG,1.7626953125,0,AAAAAN,2.0,0,AAAAAN,2.0,3250,GGAGGN,0.037818048149347305,1450,CAGAGN,0.04505555331707001,1450,CAGAGN,0.04505555331707001,False,False,True,-0.0011023879051208496,
0,13,20,attn,degradation,0.94970703125,0.9580568671226501,3453,GGTAGG,1.767578125,0,AAAAAN,2.0,0,AAAAAN,2.0,3250,GGAGGN,0.03757411986589432,1450,CAGAGN,0.044394899159669876,1450,CAGAGN,0.044394899159669876,False,False,True,-0.0018115043640136719,
0,14,20,attn,degradation,0.943359375,1.0027583837509155,3453,GGTAGG,1.76953125,0,AAAAAN,2.0,0,AAAAAN,2.0,3250,GGAGGN,0.037175923585891724,1450,CAGAGN,0.044486965984106064,1450,CAGAGN,0.044486965984106064,False,False,True,-0.002289712429046631,
0,15,20,attn,degradation,0.93701171875,1.0316290855407715,3453,GGTAGG,1.771484375,0,AAAAAN,2.0,0,AAAAAN,2.0,3250,GGAGGN,0.037308987230062485,1450,CAGAGN,0.04493666812777519,1450,CAGAGN,0.04493666812777519,False,False,True,-0.0019767582416534424,
0,16,20,attn,degradation,0.96240234375,1.0411198139190674,3453,GGTAGG,1.763671875,0,AAAAAN,2.0,0,AAAAAN,2.0,3250,GGAGGN,0.0371064655482769,1450,CAGAGN,0.04483823478221893,1450,CAGAGN,0.04483823478221893,False,False,True,-0.0010958313941955566,
0,17,20,attn,degradation,1.0185546875,1.0009727478027344,3453,GGTAGG,1.74609375,0,AAAAAN,2.0,0,AAAAAN,2.0,3250,GGAGGN,0.03722145035862923,1450,CAGAGN,0.04451290890574455,1450,CAGAGN,0.04451290890574455,False,False,True,-1.761317253112793e-05,
0,18,20,attn,degradation,1.0595703125,0.907622754573822,3453,GGTAGG,1.7333984375,0,AAAAAN,2.0,0,AAAAAN,2.0,3250,GGAGGN,0.03715082257986069,1450,CAGAGN,0.04341846704483032,1450,CAGAGN,0.04341846704483032,False,False,True,0.0009685754776000977,
0,19,20,attn,degradation,1.056640625,0.8939613699913025,3453,GGTAGG,1.734375,0,AAAAAN,2.0,0,AAAAAN,2.0,3250,GGAGGN,0.03717269375920296,1450,CAGAGN,0.043290507048368454,1450,CAGAGN,0.043290507048368454,False,False,True,0.0012890994548797607,
0,20,20,attn,degradation,1.009765625,0.9320648908615112,3453,GGTAGG,1.7490234375,0,AAAAAN,2.0,0,AAAAAN,2.0,3250,GGAGGN,0.03670630604028702,1450,CAGAGN,0.043242018669843674,1450,CAGAGN,0.043242018669843674,False,False,True,-0.00010251998901367188,
0,21,20,attn,degradation,0.98095703125,0.9667825698852539,3453,GGTAGG,1.7578125,0,AAAAAN,2.0,0,AAAAAN,2.0,3250,GGAGGN,0.03698214143514633,1450,CAGAGN,0.04389861971139908,1450,CAGAGN,0.04389861971139908,False,False,True,-0.0006563961505889893,
0,22,20,attn,degradation,1.0126953125,0.9326236248016357,3453,GGTAGG,1.748046875,0,AAAAAN,2.0,0,AAAAAN,2.0,3250,GGAGGN,0.0371227040886879,1450,CAGAGN,0.04366454482078552,1450,CAGAGN,0.04366454482078552,False,False,True,-0.00010332465171813965,
0,23,20,attn,degradation,1.0283203125,0.9327428340911865,3453,GGTAGG,1.7431640625,0,AAAAAN,2.0,0,AAAAAN,2.0,3250,GGAGGN,0.037454139441251755,1450,CAGAGN,0.04399728775024414,1450,CAGAGN,0.04399728775024414,False,False,True,-0.0003216564655303955,
0,24,20,attn,degradation,1.005859375,0.9846120476722717,3453,GGTAGG,1.75,0,AAAAAN,2.0,0,AAAAAN,2.0,3250,GGAGGN,0.03708835318684578,1450,CAGAGN,0.04420037567615509,1450,CAGAGN,0.04420037567615509,False,False,True,-0.0010654628276824951,
0,25,20,attn,degradation,0.9873046875,0.9872159361839294,3453,GGTAGG,1.755859375,0,AAAAAN,2.0,0,AAAAAN,2.0,3250,GGAGGN,0.037304479628801346,1450,CAGAGN,0.044445060193538666,1450,CAGAGN,0.044445060193538666,False,False,True,-0.000878751277923584,
0,26,20,attn,degradation,0.94970703125,0.9751234650611877,3453,GGTAGG,1.767578125,0,AAAAAN,2.0,0,AAAAAN,2.0,3250,GGAGGN,0.037243910133838654,1450,CAGAGN,0.04425186663866043,1450,CAGAGN,0.04425186663866043,False,False,True,-0.0009397268295288086,
0,27,20,attn,degradation,0.92431640625,1.0007754564285278,3453,GGTAGG,1.775390625,0,AAAAAN,2.0,0,AAAAAN,2.0,3250,GGAGGN,0.037524789571762085,1450,CAGAGN,0.044814083725214005,1450,CAGAGN,0.044814083725214005,False,False,True,-0.001139521598815918,
0,28,20,attn,degradation,0.94970703125,0.9828587174415588,3453,GGTAGG,1.767578125,0,AAAAAN,2.0,0,AAAAAN,2.0,3250,GGAGGN,0.037625931203365326,1450,CAGAGN,0.044718723744153976,1450,CAGAGN,0.044718723744153976,False,False,True,-0.0008516013622283936,
0,29,20,attn,degradation,0.96240234375,0.9467326998710632,3453,GGTAGG,1.763671875,0,AAAAAN,2.0,0,AAAAAN,2.0,3250,GGAGGN,0.03761739656329155,1450,CAGAGN,0.044313978403806686,1450,CAGAGN,0.044313978403806686,False,False,True,-0.001427769660949707,
0,30,20,attn,degradation,0.96240234375,0.9904478788375854,3453,GGTAGG,1.763671875,0,AAAAAN,2.0,0,AAAAAN,2.0,3250,GGAGGN,0.037347760051488876,1450,CAGAGN,0.04452378675341606,1450,CAGAGN,0.04452378675341606,False,False,True,-0.0003420412540435791,
0,31,20,attn,degradation,0.943359375,0.980726957321167,3453,GGTAGG,1.76953125,0,AAAAAN,2.0,0,AAAAAN,2.0,3250,GGAGGN,0.03754882514476776,1450,CAGAGN,0.044618237763643265,1450,CAGAGN,0.044618237763643265,False,False,True,-0.0005543529987335205,
0,32,20,attn,degradation,0.95263671875,1.0184972286224365,3453,GGTAGG,1.7666015625,0,AAAAAN,2.0,0,AAAAAN,2.0,3250,GGAGGN,0.03741701319813728,1450,CAGAGN,0.044900670647621155,1450,CAGAGN,0.044900670647621155,False,False,True,-0.0006237626075744629,
1,0,20,attn,degradation,0.94970703125,0.9339283108711243,3453,GGTAGG,1.767578125,0,AAAAAN,2.0,0,AAAAAN,2.0,3250,GGAGGN,0.03760187327861786,1450,CAGAGN,0.04415802285075188,1450,CAGAGN,0.04415802285075188,False,False,True,-0.001700758934020996,
1,1,20,attn,degradation,0.9150390625,0.9312041401863098,3453,GGTAGG,1.7783203125,0,AAAAAN,2.0,0,AAAAAN,2.0,3250,GGAGGN,0.03771328926086426,1450,CAGAGN,0.04423956200480461,1450,CAGAGN,0.04423956200480461,False,False,True,-0.0017281174659729004,
1,2,20,attn,degradation,0.912109375,0.9914926886558533,3453,GGTAGG,1.779296875,0,AAAAAN,2.0,0,AAAAAN,2.0,3250,GGAGGN,0.03714701533317566,1450,CAGAGN,0.04433450102806091,1450,CAGAGN,0.04433450102806091,False,False,True,-0.001928091049194336,
1,3,20,attn,degradation,0.93701171875,0.9409927129745483,3453,GGTAGG,1.771484375,0,AAAAAN,2.0,0,AAAAAN,2.0,3250,GGAGGN,0.03738831356167793,1450,CAGAGN,0.04402194172143936,1450,CAGAGN,0.04402194172143936,False,False,True,-0.002052485942840576,
1,4,20,attn,degradation,0.96240234375,0.9071642160415649,3453,GGTAGG,1.763671875,0,AAAAAN,2.0,0,AAAAAN,2.0,3250,GGAGGN,0.03732212632894516,1450,CAGAGN,0.04358474165201187,1450,CAGAGN,0.04358474165201187,False,False,True,-0.0021874606609344482,
1,5,20,attn,degradation,0.97802734375,0.9012611508369446,3453,GGTAGG,1.7587890625,0,AAAAAN,2.0,0,AAAAAN,2.0,3250,GGAGGN,0.0374528169631958,1450,CAGAGN,0.04365069046616554,1450,CAGAGN,0.04365069046616554,False,False,True,-0.0019691884517669678,
1,6,20,attn,degradation,1.0,0.9405514597892761,3453,GGTAGG,1.751953125,0,AAAAAN,2.0,0,AAAAAN,2.0,3250,GGAGGN,0.03744443133473396,1450,CAGAGN,0.04407322034239769,1450,CAGAGN,0.04407322034239769,False,False,True,-0.0010465383529663086,
1,7,20,attn,degradation,0.96533203125,0.9904974699020386,3453,GGTAGG,1.7626953125,0,AAAAAN,2.0,0,AAAAAN,2.0,3250,GGAGGN,0.037003494799137115,1450,CAGAGN,0.044180065393447876,1450,CAGAGN,0.044180065393447876,False,False,True,-0.0006939172744750977,
1,8,20,attn,degradation,0.974609375,0.945912778377533,3453,GGTAGG,1.759765625,0,AAAAAN,2.0,0,AAAAAN,2.0,3250,GGAGGN,0.03716874495148659,1450,CAGAGN,0.04385633394122124,1450,CAGAGN,0.04385633394122124,False,False,True,-0.0007835924625396729,
1,9,20,attn,degradation,0.94677734375,0.8885956406593323,3453,GGTAGG,1.7685546875,0,AAAAAN,2.0,0,AAAAAN,2.0,3250,GGAGGN,0.03763053938746452,1450,CAGAGN,0.04368950426578522,1450,CAGAGN,0.04368950426578522,False,False,True,-0.0014195442199707031,
1,10,20,attn,degradation,0.9560546875,0.8512380123138428,3453,GGTAGG,1.765625,0,AAAAAN,2.0,0,AAAAAN,2.0,3250,GGAGGN,0.03824011981487274,1450,CAGAGN,0.0438893660902977,1450,CAGAGN,0.0438893660902977,False,False,True,-0.000976264476776123,
1,11,20,attn,degradation,0.97802734375,0.8199655413627625,3453,GGTAGG,1.7587890625,0,AAAAAN,2.0,0,AAAAAN,2.0,3250,GGAGGN,0.03773341327905655,1450,CAGAGN,0.043039679527282715,1450,CAGAGN,0.043039679527282715,False,False,True,-0.000613868236541748,
1,12,20,attn,degradation,0.96533203125,0.8601719737052917,3453,GGTAGG,1.7626953125,0,AAAAAN,2.0,0,AAAAAN,2.0,3250,GGAGGN,0.03734954446554184,1450,CAGAGN,0.04309677332639694,1450,CAGAGN,0.04309677332639694,False,False,True,-0.0008729696273803711,
1,13,20,attn,degradation,0.94970703125,0.8986284136772156,3453,GGTAGG,1.767578125,0,AAAAAN,2.0,0,AAAAAN,2.0,3250,GGAGGN,0.03649279102683067,1450,CAGAGN,0.04266178980469704,1450,CAGAGN,0.04266178980469704,False,False,True,-0.001633286476135254,
1,14,20,attn,degradation,0.94677734375,0.8589885830879211,3453,GGTAGG,1.7685546875,0,AAAAAN,2.0,0,AAAAAN,2.0,3250,GGAGGN,0.036780789494514465,1450,CAGAGN,0.04251503944396973,1450,CAGAGN,0.04251503944396973,False,False,True,-0.0026446282863616943,
1,15,20,attn,degradation,0.95263671875,0.9793509840965271,3453,GGTAGG,1.7666015625,0,AAAAAN,2.0,0,AAAAAN,2.0,3250,GGAGGN,0.036548178642988205,1450,CAGAGN,0.04360250011086464,1450,CAGAGN,0.04360250011086464,False,False,True,-0.0028846561908721924,
1,16,20,attn,degradation,0.974609375,1.00429368019104,3453,GGTAGG,1.759765625,0,AAAAAN,2.0,0,AAAAAN,2.0,3250,GGAGGN,0.03690829500555992,1450,CAGAGN,0.04423617571592331,1450,CAGAGN,0.04423617571592331,False,False,True,-0.003170579671859741,
1,17,20,attn,degradation,1.025390625,0.9602147936820984,3453,GGTAGG,1.744140625,0,AAAAAN,2.0,0,AAAAAN,2.0,3250,GGAGGN,0.03671785444021225,1450,CAGAGN,0.04356230050325394,1450,CAGAGN,0.04356230050325394,False,False,True,0.002090930938720703,
1,18,20,attn,degradation,0.383544921875,-0.056036919355392456,3453,GGTAGG,1.943359375,0,AAAAAN,2.0,0,AAAAAN,2.0,3250,GGAGGN,0.04764300957322121,1450,CAGAGN,0.0433417409658432,3250,GGAGGN,0.04764300957322121,False,True,True,-0.22093473374843597,
1,19,20,attn,degradation,0.6005859375,-0.8662944436073303,3453,GGTAGG,1.8759765625,0,AAAAAN,2.0,0,AAAAAN,2.0,3250,GGAGGN,0.04854720085859299,1450,CAGAGN,0.0353594534099102,3250,GGAGGN,0.04854720085859299,False,True,True,-0.22713859751820564,
1,20,20,attn,degradation,0.99365234375,0.9692832231521606,3453,GGTAGG,1.75390625,0,AAAAAN,2.0,0,AAAAAN,2.0,3250,GGAGGN,0.03630112484097481,1450,CAGAGN,0.04324502870440483,1450,CAGAGN,0.04324502870440483,False,False,True,-0.001234203577041626,
1,21,20,attn,degradation,0.96533203125,0.9445258975028992,3453,GGTAGG,1.7626953125,0,AAAAAN,2.0,0,AAAAAN,2.0,3250,GGAGGN,0.03649549558758736,1450,CAGAGN,0.043167874217033386,1450,CAGAGN,0.043167874217033386,False,False,True,-0.0012700557708740234,
1,22,20,attn,degradation,0.9560546875,0.9547832012176514,3453,GGTAGG,1.765625,0,AAAAAN,2.0,0,AAAAAN,2.0,3250,GGAGGN,0.036794595420360565,1450,CAGAGN,0.04357947036623955,1450,CAGAGN,0.04357947036623955,False,False,True,-0.0016176402568817139,
1,23,20,attn,degradation,0.98095703125,0.871459424495697,3453,GGTAGG,1.7578125,0,AAAAAN,2.0,0,AAAAAN,2.0,3250,GGAGGN,0.03713664785027504,1450,CAGAGN,0.04300767183303833,1450,CAGAGN,0.04300767183303833,False,False,True,-0.000608593225479126,
1,24,20,attn,degradation,0.9560546875,0.8816647529602051,3453,GGTAGG,1.765625,0,AAAAAN,2.0,0,AAAAAN,2.0,3250,GGAGGN,0.03748822584748268,1450,CAGAGN,0.04347117617726326,1450,CAGAGN,0.04347117617726326,False,False,True,0.00047788023948669434,
1,25,20,attn,degradation,0.96240234375,0.8971701860427856,3453,GGTAGG,1.763671875,0,AAAAAN,2.0,0,AAAAAN,2.0,3250,GGAGGN,0.03707012161612511,1450,CAGAGN,0.04322312772274017,1450,CAGAGN,0.04322312772274017,False,False,True,0.0007880330085754395,
1,26,20,attn,degradation,0.93408203125,1.0066883563995361,3453,GGTAGG,1.7724609375,0,AAAAAN,2.0,0,AAAAAN,2.0,3250,GGAGGN,0.03692152723670006,1450,CAGAGN,0.0442756712436676,1450,CAGAGN,0.0442756712436676,False,False,True,0.0005577802658081055,
1,27,20,attn,degradation,0.92431640625,1.0087966918945312,3453,GGTAGG,1.775390625,0,AAAAAN,2.0,0,AAAAAN,2.0,3250,GGAGGN,0.03686146438121796,1450,CAGAGN,0.044238731265068054,1450,CAGAGN,0.044238731265068054,False,False,True,-0.00022605061531066895,
1,28,20,attn,degradation,0.943359375,1.0462857484817505,3453,GGTAGG,1.76953125,0,AAAAAN,2.0,0,AAAAAN,2.0,3250,GGAGGN,0.036781925708055496,1450,CAGAGN,0.044570352882146835,1450,CAGAGN,0.044570352882146835,False,False,True,-0.0011210739612579346,
1,29,20,attn,degradation,0.95263671875,1.0606292486190796,3453,GGTAGG,1.7666015625,0,AAAAAN,2.0,0,AAAAAN,2.0,3250,GGAGGN,0.03652108088135719,1450,CAGAGN,0.04446681961417198,1450,CAGAGN,0.04446681961417198,False,False,True,-0.0004800856113433838,
1,30,20,attn,degradation,0.974609375,0.961405336856842,3453,GGTAGG,1.759765625,0,AAAAAN,2.0,0,AAAAAN,2.0,3250,GGAGGN,0.03706854209303856,1450,CAGAGN,0.043926045298576355,1450,CAGAGN,0.043926045298576355,False,False,True,0.0002682209014892578,
1,31,20,attn,degradation,0.96240234375,1.0048015117645264,3453,GGTAGG,1.763671875,0,AAAAAN,2.0,0,AAAAAN,2.0,3250,GGAGGN,0.036595623940229416,1450,CAGAGN,0.043929073959589005,1450,CAGAGN,0.043929073959589005,False,False,True,0.0005390048027038574,
1,32,20,attn,degradation,0.94677734375,0.9977768659591675,3453,GGTAGG,1.7685546875,0,AAAAAN,2.0,0,AAAAAN,2.0,3250,GGAGGN,0.03677857667207718,1450,CAGAGN,0.04403498396277428,1450,CAGAGN,0.04403498396277428,False,False,True,-0.00016412138938903809,
2,0,20,attn,degradation,0.96875,1.0182316303253174,3453,GGTAGG,1.76171875,0,AAAAAN,2.0,0,AAAAAN,2.0,3250,GGAGGN,0.037137098610401154,1450,CAGAGN,0.04461784288287163,1450,CAGAGN,0.04461784288287163,False,False,True,-0.0006746053695678711,
2,1,20,attn,degradation,0.93408203125,1.002644658088684,3453,GGTAGG,1.7724609375,0,AAAAAN,2.0,0,AAAAAN,2.0,3250,GGAGGN,0.03733595460653305,1450,CAGAGN,0.044645749032497406,1450,CAGAGN,0.044645749032497406,False,False,True,-0.0010093748569488525,
2,2,20,attn,degradation,0.93408203125,0.9856653809547424,3453,GGTAGG,1.7724609375,0,AAAAAN,2.0,0,AAAAAN,2.0,3250,GGAGGN,0.037418149411678314,1450,CAGAGN,0.044541724026203156,1450,CAGAGN,0.044541724026203156,False,False,True,-0.00104483962059021,
2,3,20,attn,degradation,0.96533203125,1.002577781677246,3453,GGTAGG,1.7626953125,0,AAAAAN,2.0,0,AAAAAN,2.0,3250,GGAGGN,0.0372731015086174,1450,CAGAGN,0.04458216205239296,1450,CAGAGN,0.04458216205239296,False,False,True,-0.0006872117519378662,
2,4,20,attn,degradation,0.97802734375,0.9883704781532288,3453,GGTAGG,1.7587890625,0,AAAAAN,2.0,0,AAAAAN,2.0,3250,GGAGGN,0.03746314346790314,1450,CAGAGN,0.04461638629436493,1450,CAGAGN,0.04461638629436493,False,False,True,-0.0007743239402770996,
2,5,20,attn,degradation,0.974609375,0.9901061654090881,3453,GGTAGG,1.759765625,0,AAAAAN,2.0,0,AAAAAN,2.0,3250,GGAGGN,0.03760220855474472,1450,CAGAGN,0.04477448761463165,1450,CAGAGN,0.04477448761463165,False,False,True,-0.0011334717273712158,
2,6,20,attn,degradation,0.95263671875,0.951892614364624,3453,GGTAGG,1.7666015625,0,AAAAAN,2.0,0,AAAAAN,2.0,3250,GGAGGN,0.03792380169034004,1450,CAGAGN,0.044676974415779114,1450,CAGAGN,0.044676974415779114,False,False,True,-0.001840740442276001,
2,7,20,attn,degradation,0.95263671875,0.9582321643829346,3453,GGTAGG,1.7666015625,0,AAAAAN,2.0,0,AAAAAN,2.0,3250,GGAGGN,0.03793107345700264,1450,CAGAGN,0.044753775000572205,1450,CAGAGN,0.044753775000572205,False,False,True,-0.001618415117263794,
2,8,20,attn,degradation,0.94677734375,0.942071795463562,3453,GGTAGG,1.7685546875,0,AAAAAN,2.0,0,AAAAAN,2.0,3250,GGAGGN,0.03777226060628891,1450,CAGAGN,0.04441772401332855,1450,CAGAGN,0.04441772401332855,False,False,True,-0.0014319121837615967,
2,9,20,attn,degradation,0.94970703125,0.9918789267539978,3453,GGTAGG,1.767578125,0,AAAAAN,2.0,0,AAAAAN,2.0,3250,GGAGGN,0.03733045980334282,1450,CAGAGN,0.044522181153297424,1450,CAGAGN,0.044522181153297424,False,False,True,-0.0012504160404205322,
2,10,20,attn,degradation,1.0,1.0386221408843994,3453,GGTAGG,1.751953125,0,AAAAAN,2.0,0,AAAAAN,2.0,3250,GGAGGN,0.03645821288228035,1450,CAGAGN,0.04416259005665779,1450,CAGAGN,0.04416259005665779,False,False,True,-0.00043529272079467773,
2,11,20,attn,degradation,1.0,1.0297929048538208,3453,GGTAGG,1.751953125,0,AAAAAN,2.0,0,AAAAAN,2.0,3250,GGAGGN,0.036718130111694336,1450,CAGAGN,0.04432567209005356,1450,CAGAGN,0.04432567209005356,False,False,True,0.0006200075149536133,
2,12,20,attn,degradation,0.95263671875,1.0181704759597778,3453,GGTAGG,1.7666015625,0,AAAAAN,2.0,0,AAAAAN,2.0,3250,GGAGGN,0.037046100944280624,1450,CAGAGN,0.044526174664497375,1450,CAGAGN,0.044526174664497375,False,False,True,-0.00010165572166442871,
2,13,20,attn,degradation,0.93701171875,0.954647958278656,3453,GGTAGG,1.771484375,0,AAAAAN,2.0,0,AAAAAN,2.0,3250,GGAGGN,0.03773518279194832,1450,CAGAGN,0.04451857507228851,1450,CAGAGN,0.04451857507228851,False,False,True,-0.0005380213260650635,
2,14,20,attn,degradation,0.92138671875,0.9829273223876953,3453,GGTAGG,1.7763671875,0,AAAAAN,2.0,0,AAAAAN,2.0,3250,GGAGGN,0.03748561069369316,1450,CAGAGN,0.0445791557431221,1450,CAGAGN,0.0445791557431221,False,False,True,-0.0022194385528564453,
2,15,20,attn,degradation,0.96240234375,0.9994775652885437,3453,GGTAGG,1.763671875,0,AAAAAN,2.0,0,AAAAAN,2.0,3250,GGAGGN,0.037635013461112976,1450,CAGAGN,0.04491007328033447,1450,CAGAGN,0.04491007328033447,False,False,True,-0.0030555427074432373,
2,16,20,attn,degradation,0.97802734375,1.0525224208831787,3453,GGTAGG,1.7587890625,0,AAAAAN,2.0,0,AAAAAN,2.0,3250,GGAGGN,0.037713345140218735,1450,CAGAGN,0.04557017236948013,1450,CAGAGN,0.04557017236948013,False,False,True,-0.005088359117507935,
2,17,20,attn,degradation,1.041015625,0.9516069293022156,3453,GGTAGG,1.7392578125,0,AAAAAN,2.0,0,AAAAAN,2.0,3250,GGAGGN,0.037727151066064835,1450,CAGAGN,0.0444771908223629,1450,CAGAGN,0.0444771908223629,False,False,True,0.0001907944679260254,
2,18,20,attn,degradation,0.49365234375,-0.7940462231636047,3453,GGTAGG,1.9091796875,0,AAAAAN,2.0,0,AAAAAN,2.0,3250,GGAGGN,0.04939737543463707,1450,CAGAGN,0.03700200840830803,3250,GGAGGN,0.04939737543463707,False,True,True,-0.22902390733361244,
2,19,20,attn,degradation,0.443359375,-0.7969249486923218,3453,GGTAGG,1.9248046875,0,AAAAAN,2.0,0,AAAAAN,2.0,3250,GGAGGN,0.04929211363196373,1450,CAGAGN,0.036865174770355225,3250,GGAGGN,0.04929211363196373,False,True,True,-0.2248488999903202,
2,20,20,attn,degradation,0.452880859375,-0.7515963315963745,3453,GGTAGG,1.921875,0,AAAAAN,2.0,0,AAAAAN,2.0,3250,GGAGGN,0.050157710909843445,1450,CAGAGN,0.03822791203856468,3250,GGAGGN,0.050157710909843445,False,True,True,-0.2312048263847828,
2,21,20,attn,degradation,0.88037109375,1.0199140310287476,3453,GGTAGG,1.7890625,0,AAAAAN,2.0,0,AAAAAN,2.0,3250,GGAGGN,0.03707345947623253,1450,CAGAGN,0.044572655111551285,1450,CAGAGN,0.044572655111551285,False,False,True,-0.0035621225833892822,
2,22,20,attn,degradation,0.89306640625,1.0489847660064697,3453,GGTAGG,1.78515625,0,AAAAAN,2.0,0,AAAAAN,2.0,3250,GGAGGN,0.03705109283328056,1450,CAGAGN,0.04486912116408348,1450,CAGAGN,0.04486912116408348,False,False,True,-0.0021192729473114014,
2,23,20,attn,degradation,0.912109375,1.0038113594055176,3453,GGTAGG,1.779296875,0,AAAAAN,2.0,0,AAAAAN,2.0,3250,GGAGGN,0.03739779442548752,1450,CAGAGN,0.04472038522362709,1450,CAGAGN,0.04472038522362709,False,False,True,-0.0011105835437774658,
2,24,20,attn,degradation,0.93408203125,1.0366154909133911,3453,GGTAGG,1.7724609375,0,AAAAAN,2.0,0,AAAAAN,2.0,3250,GGAGGN,0.037284690886735916,1450,CAGAGN,0.044967059046030045,1450,CAGAGN,0.044967059046030045,False,False,True,-3.948807716369629e-05,
2,25,20,attn,degradation,0.90234375,0.9364336729049683,3453,GGTAGG,1.7822265625,0,AAAAAN,2.0,0,AAAAAN,2.0,3250,GGAGGN,0.03802508860826492,1450,CAGAGN,0.044608715921640396,1450,CAGAGN,0.044608715921640396,False,False,True,7.25090503692627e-05,
2,26,20,attn,degradation,0.89306640625,1.0150445699691772,3453,GGTAGG,1.78515625,0,AAAAAN,2.0,0,AAAAAN,2.0,3250,GGAGGN,0.037516023963689804,1450,CAGAGN,0.04496181383728981,1450,CAGAGN,0.04496181383728981,False,False,True,-0.00014081597328186035,
2,27,20,attn,degradation,0.88671875,1.0370250940322876,3453,GGTAGG,1.787109375,0,AAAAAN,2.0,0,AAAAAN,2.0,3250,GGAGGN,0.03747713565826416,1450,CAGAGN,0.045163996517658234,1450,CAGAGN,0.045163996517658234,False,False,True,-0.000928044319152832,
2,28,20,attn,degradation,0.91845703125,1.0659701824188232,3453,GGTAGG,1.77734375,0,AAAAAN,2.0,0,AAAAAN,2.0,3250,GGAGGN,0.037331562489271164,1450,CAGAGN,0.04533587768673897,1450,CAGAGN,0.04533587768673897,False,False,True,-0.0014470815658569336,
2,29,20,attn,degradation,0.94970703125,1.0870373249053955,3453,GGTAGG,1.767578125,0,AAAAAN,2.0,0,AAAAAN,2.0,3250,GGAGGN,0.036910902708768845,1450,CAGAGN,0.04514627158641815,1450,CAGAGN,0.04514627158641815,False,False,True,-0.0012193024158477783,
2,30,20,attn,degradation,0.943359375,1.0313125848770142,3453,GGTAGG,1.76953125,0,AAAAAN,2.0,0,AAAAAN,2.0,3250,GGAGGN,0.037045449018478394,1450,CAGAGN,0.044669657945632935,1450,CAGAGN,0.044669657945632935,False,False,True,-0.0007552504539489746,
2,31,20,attn,degradation,0.94970703125,1.0180907249450684,3453,GGTAGG,1.767578125,0,AAAAAN,2.0,0,AAAAAN,2.0,3250,GGAGGN,0.03709229454398155,1450,CAGAGN,0.044571492820978165,1450,CAGAGN,0.044571492820978165,False,False,True,-0.0007289648056030273,
2,32,20,attn,degradation,0.96533203125,0.988180935382843,3453,GGTAGG,1.7626953125,0,AAAAAN,2.0,0,AAAAAN,2.0,3250,GGAGGN,0.03772496059536934,1450,CAGAGN,0.04487612470984459,1450,CAGAGN,0.04487612470984459,False,False,True,-0.0002753138542175293,
3,0,20,attn,degradation,1.0,1.0066014528274536,3453,GGTAGG,1.751953125,0,AAAAAN,2.0,0,AAAAAN,2.0,3250,GGAGGN,0.03748767822980881,1450,CAGAGN,0.044840868562459946,1450,CAGAGN,0.044840868562459946,False,False,True,-0.00026789307594299316,
3,1,20,attn,degradation,0.92138671875,1.0279117822647095,3453,GGTAGG,1.7763671875,0,AAAAAN,2.0,0,AAAAAN,2.0,3250,GGAGGN,0.037554752081632614,1450,CAGAGN,0.045141663402318954,1450,CAGAGN,0.045141663402318954,False,False,True,-0.0007699728012084961,
3,2,20,attn,degradation,0.93408203125,1.0382417440414429,3453,GGTAGG,1.7724609375,0,AAAAAN,2.0,0,AAAAAN,2.0,3250,GGAGGN,0.03742138296365738,1450,CAGAGN,0.04512158781290054,1450,CAGAGN,0.04512158781290054,False,False,True,6.762146949768066e-05,
3,3,20,attn,degradation,0.93408203125,1.0135825872421265,3453,GGTAGG,1.7724609375,0,AAAAAN,2.0,0,AAAAAN,2.0,3250,GGAGGN,0.03734573721885681,1450,CAGAGN,0.04477549344301224,1450,CAGAGN,0.04477549344301224,False,False,True,-0.0006020963191986084,
3,4,20,attn,degradation,0.97802734375,0.8906288743019104,3453,GGTAGG,1.7587890625,0,AAAAAN,2.0,0,AAAAAN,2.0,3250,GGAGGN,0.037435222417116165,1450,CAGAGN,0.04351648688316345,1450,CAGAGN,0.04351648688316345,False,False,True,-0.0018083751201629639,
3,5,20,attn,degradation,0.95263671875,0.8663552403450012,3453,GGTAGG,1.7666015625,0,AAAAAN,2.0,0,AAAAAN,2.0,3250,GGAGGN,0.03769966959953308,1450,CAGAGN,0.043514713644981384,1450,CAGAGN,0.043514713644981384,False,False,True,-0.0028273463249206543,
3,6,20,attn,degradation,0.93701171875,0.7556214332580566,3453,GGTAGG,1.771484375,0,AAAAAN,2.0,0,AAAAAN,2.0,3250,GGAGGN,0.037992287427186966,1450,CAGAGN,0.042592860758304596,1450,CAGAGN,0.042592860758304596,False,False,True,-0.0028269588947296143,
3,7,20,attn,degradation,0.94677734375,0.8320791125297546,3453,GGTAGG,1.7685546875,0,AAAAAN,2.0,0,AAAAAN,2.0,3250,GGAGGN,0.03801407665014267,1450,CAGAGN,0.04345319792628288,1450,CAGAGN,0.04345319792628288,False,False,True,-0.0010484158992767334,
3,8,20,attn,degradation,0.94677734375,0.8531877398490906,3453,GGTAGG,1.7685546875,0,AAAAAN,2.0,0,AAAAAN,2.0,3250,GGAGGN,0.037850428372621536,1450,CAGAGN,0.043521057814359665,1450,CAGAGN,0.043521057814359665,False,False,True,-0.0004570484161376953,
3,9,20,attn,degradation,0.93408203125,0.8385708332061768,3453,GGTAGG,1.7724609375,0,AAAAAN,2.0,0,AAAAAN,2.0,3250,GGAGGN,0.038019999861717224,1450,CAGAGN,0.04353031888604164,1450,CAGAGN,0.04353031888604164,False,False,True,-0.0009451508522033691,
3,10,20,attn,degradation,0.92431640625,0.8647608757019043,3453,GGTAGG,1.775390625,0,AAAAAN,2.0,0,AAAAAN,2.0,3250,GGAGGN,0.0375177338719368,1450,CAGAGN,0.04331529140472412,1450,CAGAGN,0.04331529140472412,False,False,True,-0.001396268606185913,
3,11,20,attn,degradation,0.96533203125,0.6882569193840027,3453,GGTAGG,1.7626953125,0,AAAAAN,2.0,0,AAAAAN,2.0,3250,GGAGGN,0.037290044128894806,1450,CAGAGN,0.04115179926156998,1450,CAGAGN,0.04115179926156998,False,False,True,-0.002667665481567383,
3,12,20,attn,degradation,0.90234375,0.8256787657737732,3453,GGTAGG,1.7822265625,0,AAAAAN,2.0,0,AAAAAN,2.0,3250,GGAGGN,0.037423063069581985,1450,CAGAGN,0.04279198870062828,1450,CAGAGN,0.04279198870062828,False,False,True,-0.004859566688537598,
3,13,20,attn,degradation,0.89013671875,0.8167798519134521,3453,GGTAGG,1.7861328125,0,AAAAAN,2.0,0,AAAAAN,2.0,3250,GGAGGN,0.038222044706344604,1450,CAGAGN,0.043493371456861496,1450,CAGAGN,0.043493371456861496,False,False,True,-0.005353182554244995,
3,14,20,attn,degradation,0.8994140625,0.9440993070602417,3453,GGTAGG,1.783203125,0,AAAAAN,2.0,0,AAAAAN,2.0,3250,GGAGGN,0.03832828253507614,1450,CAGAGN,0.0449959821999073,1450,CAGAGN,0.0449959821999073,False,False,True,-0.004165560007095337,
3,15,20,attn,degradation,0.94677734375,0.8126270771026611,3453,GGTAGG,1.7685546875,0,AAAAAN,2.0,0,AAAAAN,2.0,3250,GGAGGN,0.03780612722039223,1450,CAGAGN,0.04303190857172012,1450,CAGAGN,0.04303190857172012,False,False,True,-0.002092897891998291,
3,16,20,attn,degradation,1.0185546875,0.8751638531684875,3453,GGTAGG,1.74609375,0,AAAAAN,2.0,0,AAAAAN,2.0,3250,GGAGGN,0.03785446286201477,1450,CAGAGN,0.04376611486077309,1450,CAGAGN,0.04376611486077309,False,False,True,-0.001009434461593628,
3,17,20,attn,degradation,1.0380859375,0.9925388693809509,3453,GGTAGG,1.740234375,0,AAAAAN,2.0,0,AAAAAN,2.0,3250,GGAGGN,0.037681031972169876,1450,CAGAGN,0.04487999156117439,1450,CAGAGN,0.04487999156117439,False,False,True,0.0009951293468475342,
3,18,20,attn,degradation,0.427734375,-0.6778753399848938,3453,GGTAGG,1.9296875,0,AAAAAN,2.0,0,AAAAAN,2.0,3250,GGAGGN,0.050110336393117905,1450,CAGAGN,0.03898907080292702,3250,GGAGGN,0.050110336393117905,False,True,True,-0.22885477915406227,
3,19,20,attn,degradation,0.1510009765625,-0.5630974173545837,3453,GGTAGG,2.015625,0,AAAAAN,2.0,3453,GGTAGG,2.015625,3250,GGAGGN,0.05160173028707504,1450,CAGAGN,0.041739288717508316,3250,GGAGGN,0.05160173028707504,True,True,False,-0.22752093896269798,
3,20,20,attn,degradation,0.0628662109375,-0.35545313358306885,3453,GGTAGG,2.04296875,0,AAAAAN,2.0,3453,GGTAGG,2.04296875,3250,GGAGGN,0.052346281707286835,1450,CAGAGN,0.04476117342710495,3250,GGAGGN,0.052346281707286835,True,True,False,-0.2201376035809517,
3,21,20,attn,degradation,0.73583984375,1.5505446195602417,3453,GGTAGG,1.833984375,0,AAAAAN,2.0,0,AAAAAN,2.0,3250,GGAGGN,0.036196064203977585,1450,CAGAGN,0.04951493814587593,1450,CAGAGN,0.04951493814587593,False,False,True,-0.004477739334106445,
3,22,20,attn,degradation,0.87109375,1.1294668912887573,3453,GGTAGG,1.7919921875,0,AAAAAN,2.0,0,AAAAAN,2.0,3250,GGAGGN,0.03587234020233154,1450,CAGAGN,0.04457305371761322,1450,CAGAGN,0.04457305371761322,False,False,True,-0.0018117129802703857,
3,23,20,attn,degradation,0.95263671875,1.0267627239227295,3453,GGTAGG,1.7666015625,0,AAAAAN,2.0,0,AAAAAN,2.0,3250,GGAGGN,0.03624812141060829,1450,CAGAGN,0.043822430074214935,1450,CAGAGN,0.043822430074214935,False,False,True,0.0007258057594299316,
3,24,20,attn,degradation,0.91845703125,1.058573842048645,3453,GGTAGG,1.77734375,0,AAAAAN,2.0,0,AAAAAN,2.0,3250,GGAGGN,0.03612115606665611,1450,CAGAGN,0.04404435306787491,1450,CAGAGN,0.04404435306787491,False,False,True,0.00029078125953674316,
3,25,20,attn,degradation,0.96533203125,1.0944278240203857,3453,GGTAGG,1.7626953125,0,AAAAAN,2.0,0,AAAAAN,2.0,3250,GGAGGN,0.03673572838306427,1450,CAGAGN,0.04505215212702751,1450,CAGAGN,0.04505215212702751,False,False,True,0.0003441274166107178,
3,26,20,attn,degradation,0.9306640625,1.0538049936294556,3453,GGTAGG,1.7734375,0,AAAAAN,2.0,0,AAAAAN,2.0,3250,GGAGGN,0.03749530762434006,1450,CAGAGN,0.04536620154976845,1450,CAGAGN,0.04536620154976845,False,False,True,-0.0009594559669494629,
3,27,20,attn,degradation,0.93408203125,1.071982979774475,3453,GGTAGG,1.7724609375,0,AAAAAN,2.0,0,AAAAAN,2.0,3250,GGAGGN,0.0373067706823349,1450,CAGAGN,0.04537703096866608,1450,CAGAGN,0.04537703096866608,False,False,True,-0.0008007287979125977,
3,28,20,attn,degradation,0.93408203125,1.1181817054748535,3453,GGTAGG,1.7724609375,0,AAAAAN,2.0,0,AAAAAN,2.0,3250,GGAGGN,0.037114981561899185,1450,CAGAGN,0.045691926032304764,1450,CAGAGN,0.045691926032304764,False,False,True,-0.0008318722248077393,
3,29,20,attn,degradation,0.98095703125,1.085691213607788,3453,GGTAGG,1.7578125,0,AAAAAN,2.0,0,AAAAAN,2.0,3250,GGAGGN,0.03666982799768448,1450,CAGAGN,0.04489043354988098,1450,CAGAGN,0.04489043354988098,False,False,True,-5.647540092468262e-05,
3,30,20,attn,degradation,0.96533203125,1.0410844087600708,3453,GGTAGG,1.7626953125,0,AAAAAN,2.0,0,AAAAAN,2.0,3250,GGAGGN,0.0369085930287838,1450,CAGAGN,0.04463997483253479,1450,CAGAGN,0.04463997483253479,False,False,True,-0.00022971630096435547,
3,31,20,attn,degradation,0.9873046875,1.01413893699646,3453,GGTAGG,1.755859375,0,AAAAAN,2.0,0,AAAAAN,2.0,3250,GGAGGN,0.03641657531261444,1450,CAGAGN,0.04385243356227875,1450,CAGAGN,0.04385243356227875,False,False,True,-0.0008152127265930176,
3,32,20,attn,degradation,0.96875,1.0606801509857178,3453,GGTAGG,1.76171875,0,AAAAAN,2.0,0,AAAAAN,2.0,3250,GGAGGN,0.03676525503396988,1450,CAGAGN,0.04471155256032944,1450,CAGAGN,0.04471155256032944,False,False,True,-8.800625801086426e-05,
4,0,20,attn,degradation,1.0,1.0480021238327026,3453,GGTAGG,1.751953125,0,AAAAAN,2.0,0,AAAAAN,2.0,3250,GGAGGN,0.03709745034575462,1450,CAGAGN,0.04490470141172409,1450,CAGAGN,0.04490470141172409,False,False,True,0.0008392333984375,
4,1,20,attn,degradation,0.97802734375,1.0594747066497803,3453,GGTAGG,1.7587890625,0,AAAAAN,2.0,0,AAAAAN,2.0,3250,GGAGGN,0.03734760731458664,1450,CAGAGN,0.045280683785676956,1450,CAGAGN,0.045280683785676956,False,False,True,0.0005941390991210938,
4,2,20,attn,degradation,1.025390625,1.0491923093795776,3453,GGTAGG,1.744140625,0,AAAAAN,2.0,0,AAAAAN,2.0,3250,GGAGGN,0.03662204369902611,1450,CAGAGN,0.044442348182201385,1450,CAGAGN,0.044442348182201385,False,False,True,0.0007696151733398438,
4,3,20,attn,degradation,1.009765625,1.0539734363555908,3453,GGTAGG,1.7490234375,0,AAAAAN,2.0,0,AAAAAN,2.0,3250,GGAGGN,0.03638433292508125,1450,CAGAGN,0.04425707459449768,1450,CAGAGN,0.04425707459449768,False,False,True,-0.0002658665180206299,
4,4,20,attn,degradation,0.96533203125,0.8927331566810608,3453,GGTAGG,1.7626953125,0,AAAAAN,2.0,0,AAAAAN,2.0,3250,GGAGGN,0.03703484311699867,1450,CAGAGN,0.04313918575644493,1450,CAGAGN,0.04313918575644493,False,False,True,-0.0022228360176086426,
4,5,20,attn,degradation,0.943359375,0.8709842562675476,3453,GGTAGG,1.76953125,0,AAAAAN,2.0,0,AAAAAN,2.0,3250,GGAGGN,0.037616174668073654,1450,CAGAGN,0.043481986969709396,1450,CAGAGN,0.043481986969709396,False,False,True,-0.0026755928993225098,
4,6,20,attn,degradation,0.92138671875,0.8547518849372864,3453,GGTAGG,1.7763671875,0,AAAAAN,2.0,0,AAAAAN,2.0,3250,GGAGGN,0.037651706486940384,1450,CAGAGN,0.04333949089050293,1450,CAGAGN,0.04333949089050293,False,False,True,-0.0028623640537261963,
4,7,20,attn,degradation,0.943359375,1.0071853399276733,3453,GGTAGG,1.76953125,0,AAAAAN,2.0,0,AAAAAN,2.0,3250,GGAGGN,0.037064630538225174,1450,CAGAGN,0.04442422464489937,1450,CAGAGN,0.04442422464489937,False,False,True,-0.001554340124130249,
4,8,20,attn,degradation,0.91845703125,1.04281747341156,3453,GGTAGG,1.77734375,0,AAAAAN,2.0,0,AAAAAN,2.0,3250,GGAGGN,0.03659910336136818,1450,CAGAGN,0.044349491596221924,1450,CAGAGN,0.044349491596221924,False,False,True,-0.0008685290813446045,
4,9,20,attn,degradation,0.91845703125,0.9405470490455627,3453,GGTAGG,1.77734375,0,AAAAAN,2.0,0,AAAAAN,2.0,3250,GGAGGN,0.037413787096738815,1450,CAGAGN,0.04404252767562866,1450,CAGAGN,0.04404252767562866,False,False,True,-0.0006643533706665039,
4,10,20,attn,degradation,0.92138671875,0.997614860534668,3453,GGTAGG,1.7763671875,0,AAAAAN,2.0,0,AAAAAN,2.0,3250,GGAGGN,0.037112969905138016,1450,CAGAGN,0.04436760023236275,1450,CAGAGN,0.04436760023236275,False,False,True,-0.0007987916469573975,
4,11,20,attn,degradation,0.8837890625,0.8123852014541626,3453,GGTAGG,1.7880859375,0,AAAAAN,2.0,0,AAAAAN,2.0,3250,GGAGGN,0.03780590742826462,1450,CAGAGN,0.04302903637290001,1450,CAGAGN,0.04302903637290001,False,False,True,-0.0039473772048950195,
4,12,20,attn,degradation,0.9150390625,0.9112157821655273,3453,GGTAGG,1.7783203125,0,AAAAAN,2.0,0,AAAAAN,2.0,3250,GGAGGN,0.03702408820390701,1450,CAGAGN,0.04333113878965378,1450,CAGAGN,0.04333113878965378,False,False,True,-0.0038329660892486572,
4,13,20,attn,degradation,0.90234375,0.778734028339386,3453,GGTAGG,1.7822265625,0,AAAAAN,2.0,0,AAAAAN,2.0,3250,GGAGGN,0.037461426109075546,1450,CAGAGN,0.04231548681855202,1450,CAGAGN,0.04231548681855202,False,False,True,-0.004784882068634033,
4,14,20,attn,degradation,0.95263671875,0.8622982501983643,3453,GGTAGG,1.7666015625,0,AAAAAN,2.0,0,AAAAAN,2.0,3250,GGAGGN,0.037886686623096466,1450,CAGAGN,0.04365723580121994,1450,CAGAGN,0.04365723580121994,False,False,True,-0.0031813085079193115,
4,15,20,attn,degradation,0.92138671875,0.9533337950706482,3453,GGTAGG,1.7763671875,0,AAAAAN,2.0,0,AAAAAN,2.0,3250,GGAGGN,0.03809716925024986,1450,CAGAGN,0.04486614838242531,1450,CAGAGN,0.04486614838242531,False,False,True,-0.0038727223873138428,
4,16,20,attn,degradation,0.912109375,0.991898238658905,3453,GGTAGG,1.779296875,0,AAAAAN,2.0,0,AAAAAN,2.0,3250,GGAGGN,0.03859700635075569,1450,CAGAGN,0.04578894004225731,1450,CAGAGN,0.04578894004225731,False,False,True,0.0020804405212402344,
4,17,20,attn,degradation,1.2294921875,0.9682139754295349,3453,GGTAGG,1.6806640625,0,AAAAAN,2.0,0,AAAAAN,2.0,3250,GGAGGN,0.041998397558927536,1450,CAGAGN,0.048930574208498,1450,CAGAGN,0.048930574208498,False,False,True,-0.17957782745361328,
4,18,20,attn,degradation,0.49365234375,-1.0365787744522095,3453,GGTAGG,1.9091796875,0,AAAAAN,2.0,0,AAAAAN,2.0,3250,GGAGGN,0.053585950285196304,1450,CAGAGN,0.0385306142270565,3250,GGAGGN,0.053585950285196304,False,True,True,-0.22803988307714462,
4,19,20,attn,degradation,0.339599609375,-0.6468518376350403,3453,GGTAGG,1.95703125,0,AAAAAN,2.0,0,AAAAAN,2.0,3250,GGAGGN,0.05178547650575638,1450,CAGAGN,0.04100446030497551,3250,GGAGGN,0.05178547650575638,False,True,True,-0.23113469406962395,
4,20,20,attn,degradation,0.6728515625,1.7029913663864136,3453,GGTAGG,1.853515625,0,AAAAAN,2.0,0,AAAAAN,2.0,3250,GGAGGN,0.03903808072209358,1450,CAGAGN,0.05402890965342522,1450,CAGAGN,0.05402890965342522,False,False,True,0.01402980089187622,
4,21,20,attn,degradation,0.7451171875,1.3655779361724854,3453,GGTAGG,1.8310546875,0,AAAAAN,2.0,0,AAAAAN,2.0,3250,GGAGGN,0.037407245486974716,1450,CAGAGN,0.04869750142097473,1450,CAGAGN,0.04869750142097473,False,False,True,-0.00802922248840332,
4,22,20,attn,degradation,0.669921875,1.6922334432601929,3453,GGTAGG,1.8544921875,0,AAAAAN,2.0,0,AAAAAN,2.0,3250,GGAGGN,0.03731965273618698,1450,CAGAGN,0.05219249427318573,1450,CAGAGN,0.05219249427318573,False,False,True,0.00908544659614563,
4,23,20,attn,degradation,0.72314453125,1.6840935945510864,3453,GGTAGG,1.837890625,0,AAAAAN,2.0,0,AAAAAN,2.0,3250,GGAGGN,0.036733228713274,1450,CAGAGN,0.05151679739356041,1450,CAGAGN,0.05151679739356041,False,False,True,0.008264482021331787,
4,24,20,attn,degradation,0.76123046875,1.6957792043685913,3453,GGTAGG,1.826171875,0,AAAAAN,2.0,0,AAAAAN,2.0,3250,GGAGGN,0.03641878813505173,1450,CAGAGN,0.05133051797747612,1450,CAGAGN,0.05133051797747612,False,False,True,0.01047670841217041,
4,25,20,attn,degradation,1.0,1.038914680480957,3453,GGTAGG,1.751953125,0,AAAAAN,2.0,0,AAAAAN,2.0,3250,GGAGGN,0.03706912323832512,1450,CAGAGN,0.044776707887649536,1450,CAGAGN,0.044776707887649536,False,False,True,0.0017477571964263916,
4,26,20,attn,degradation,0.943359375,1.0408809185028076,3453,GGTAGG,1.76953125,0,AAAAAN,2.0,0,AAAAAN,2.0,3250,GGAGGN,0.03774422034621239,1450,CAGAGN,0.0454733707010746,1450,CAGAGN,0.0454733707010746,False,False,True,0.0005703568458557129,
4,27,20,attn,degradation,0.96240234375,1.0153230428695679,3453,GGTAGG,1.763671875,0,AAAAAN,2.0,0,AAAAAN,2.0,3250,GGAGGN,0.0379788912832737,1450,CAGAGN,0.04542773589491844,1450,CAGAGN,0.04542773589491844,False,False,True,9.953975677490234e-05,
4,28,20,attn,degradation,0.96240234375,1.0678237676620483,3453,GGTAGG,1.763671875,0,AAAAAN,2.0,0,AAAAAN,2.0,3250,GGAGGN,0.03780834749341011,1450,CAGAGN,0.04583299160003662,1450,CAGAGN,0.04583299160003662,False,False,True,-0.0005321800708770752,
4,29,20,attn,degradation,1.03125,0.9907189607620239,3453,GGTAGG,1.7421875,0,AAAAAN,2.0,0,AAAAAN,2.0,3250,GGAGGN,0.036521460860967636,1450,CAGAGN,0.043700460344552994,1450,CAGAGN,0.043700460344552994,False,False,True,5.885958671569824e-05,
4,30,20,attn,degradation,1.03125,0.9906648993492126,3453,GGTAGG,1.7421875,0,AAAAAN,2.0,0,AAAAAN,2.0,3250,GGAGGN,0.03622550144791603,1450,CAGAGN,0.04340390861034393,1450,CAGAGN,0.04340390861034393,False,False,True,-0.0006265938282012939,
4,31,20,attn,degradation,1.0283203125,0.9575718641281128,3453,GGTAGG,1.7431640625,0,AAAAAN,2.0,0,AAAAAN,2.0,3250,GGAGGN,0.03583043813705444,1450,CAGAGN,0.0426458977162838,1450,CAGAGN,0.0426458977162838,False,False,True,-0.0009582638740539551,
4,32,20,attn,degradation,1.0185546875,0.9798839092254639,3453,GGTAGG,1.74609375,0,AAAAAN,2.0,0,AAAAAN,2.0,3250,GGAGGN,0.036471813917160034,1450,CAGAGN,0.043531980365514755,1450,CAGAGN,0.043531980365514755,False,False,True,-0.00011342763900756836,
5,0,20,attn,degradation,0.96533203125,0.9960812330245972,3453,GGTAGG,1.7626953125,0,AAAAAN,2.0,0,AAAAAN,2.0,3250,GGAGGN,0.03753071650862694,1450,CAGAGN,0.044768527150154114,1450,CAGAGN,0.044768527150154114,False,False,True,-0.0002785623073577881,
5,1,20,attn,degradation,0.974609375,0.9734434485435486,3453,GGTAGG,1.759765625,0,AAAAAN,2.0,0,AAAAAN,2.0,3250,GGAGGN,0.03771952912211418,1450,CAGAGN,0.044709060341119766,1450,CAGAGN,0.044709060341119766,False,False,True,0.0001730024814605713,
5,2,20,attn,degradation,0.94970703125,1.0109702348709106,3453,GGTAGG,1.767578125,0,AAAAAN,2.0,0,AAAAAN,2.0,3250,GGAGGN,0.037342462688684464,1450,CAGAGN,0.04474356770515442,1450,CAGAGN,0.04474356770515442,False,False,True,0.0004201233386993408,
5,3,20,attn,degradation,0.90576171875,1.0352751016616821,3453,GGTAGG,1.78125,0,AAAAAN,2.0,0,AAAAAN,2.0,3250,GGAGGN,0.03707423433661461,1450,CAGAGN,0.044741902500391006,1450,CAGAGN,0.044741902500391006,False,False,True,-0.0004941225051879883,
5,4,20,attn,degradation,0.912109375,1.0908212661743164,3453,GGTAGG,1.779296875,0,AAAAAN,2.0,0,AAAAAN,2.0,3250,GGAGGN,0.03655797243118286,1450,CAGAGN,0.044834841042757034,1450,CAGAGN,0.044834841042757034,False,False,True,-0.005828499794006348,
5,5,20,attn,degradation,0.93408203125,1.1265314817428589,3453,GGTAGG,1.7724609375,0,AAAAAN,2.0,0,AAAAAN,2.0,3250,GGAGGN,0.036680568009614944,1450,CAGAGN,0.045349087566137314,1450,CAGAGN,0.045349087566137314,False,False,True,-0.005778849124908447,
5,6,20,attn,degradation,0.94970703125,1.109326958656311,3453,GGTAGG,1.767578125,0,AAAAAN,2.0,0,AAAAAN,2.0,3250,GGAGGN,0.03689859062433243,1450,CAGAGN,0.0453784205019474,1450,CAGAGN,0.0453784205019474,False,False,True,-0.006034135818481445,
5,7,20,attn,degradation,0.93408203125,1.07590913772583,3453,GGTAGG,1.7724609375,0,AAAAAN,2.0,0,AAAAAN,2.0,3250,GGAGGN,0.03767382726073265,1450,CAGAGN,0.04578714817762375,1450,CAGAGN,0.04578714817762375,False,False,True,-0.0019057691097259521,
5,8,20,attn,degradation,0.9150390625,0.9546360969543457,3453,GGTAGG,1.7783203125,0,AAAAAN,2.0,0,AAAAAN,2.0,3250,GGAGGN,0.03764396160840988,1450,CAGAGN,0.04442722350358963,1450,CAGAGN,0.04442722350358963,False,False,True,-0.001874089241027832,
5,9,20,attn,degradation,0.92138671875,0.790375828742981,3453,GGTAGG,1.7763671875,0,AAAAAN,2.0,0,AAAAAN,2.0,3250,GGAGGN,0.0386730320751667,1450,CAGAGN,0.04365477338433266,1450,CAGAGN,0.04365477338433266,False,False,True,-0.0013461112976074219,
5,10,20,attn,degradation,0.94677734375,0.8876140117645264,3453,GGTAGG,1.7685546875,0,AAAAAN,2.0,0,AAAAAN,2.0,3250,GGAGGN,0.03839033469557762,1450,CAGAGN,0.04443853348493576,1450,CAGAGN,0.04443853348493576,False,False,True,-0.0011339783668518066,
5,11,20,attn,degradation,0.92138671875,0.5625365972518921,3453,GGTAGG,1.7763671875,0,AAAAAN,2.0,0,AAAAAN,2.0,3250,GGAGGN,0.039058711379766464,1450,CAGAGN,0.041541632264852524,1450,CAGAGN,0.041541632264852524,False,False,True,-0.0056983232498168945,
5,12,20,attn,degradation,0.88671875,0.7474795579910278,3453,GGTAGG,1.787109375,0,AAAAAN,2.0,0,AAAAAN,2.0,3250,GGAGGN,0.03763211891055107,1450,CAGAGN,0.04214339703321457,1450,CAGAGN,0.04214339703321457,False,False,True,-0.007873058319091797,
5,13,20,attn,degradation,0.85205078125,0.6009227633476257,3453,GGTAGG,1.7978515625,0,AAAAAN,2.0,0,AAAAAN,2.0,3250,GGAGGN,0.03723951429128647,1450,CAGAGN,0.04014343395829201,1450,CAGAGN,0.04014343395829201,False,False,True,-0.009576916694641113,
5,14,20,attn,degradation,0.85205078125,0.8560837507247925,3453,GGTAGG,1.7978515625,0,AAAAAN,2.0,0,AAAAAN,2.0,3250,GGAGGN,0.03669266402721405,1450,CAGAGN,0.042395055294036865,1450,CAGAGN,0.042395055294036865,False,False,True,-0.006363660097122192,
5,15,20,attn,degradation,0.94970703125,0.8016102910041809,3453,GGTAGG,1.767578125,0,AAAAAN,2.0,0,AAAAAN,2.0,3250,GGAGGN,0.03729258477687836,1450,CAGAGN,0.04239754006266594,1450,CAGAGN,0.04239754006266594,False,False,True,-0.0015544593334197998,
5,16,20,attn,degradation,1.0380859375,0.9076744318008423,3453,GGTAGG,1.740234375,0,AAAAAN,2.0,0,AAAAAN,2.0,3250,GGAGGN,0.03797578066587448,1450,CAGAGN,0.04424399137496948,1450,CAGAGN,0.04424399137496948,False,False,True,0.0015435516834259033,
5,17,20,attn,degradation,1.201171875,0.8597215414047241,3453,GGTAGG,1.689453125,0,AAAAAN,2.0,0,AAAAAN,2.0,3250,GGAGGN,0.03797277435660362,1450,CAGAGN,0.043715063482522964,1450,CAGAGN,0.043715063482522964,False,False,True,0.00015753507614135742,
5,18,20,attn,degradation,1.4208984375,1.4243804216384888,3453,GGTAGG,1.62109375,0,AAAAAN,2.0,0,AAAAAN,2.0,3250,GGAGGN,0.035299450159072876,1450,CAGAGN,0.04723462089896202,1450,CAGAGN,0.04723462089896202,False,False,True,0.005430698394775391,
5,19,20,attn,degradation,1.2958984375,1.2313201427459717,3453,GGTAGG,1.66015625,0,AAAAAN,2.0,0,AAAAAN,2.0,3250,GGAGGN,0.03661484271287918,1450,CAGAGN,0.046432629227638245,1450,CAGAGN,0.046432629227638245,False,False,True,-0.00944894552230835,
5,20,20,attn,degradation,1.0908203125,1.2559350728988647,3453,GGTAGG,1.7236328125,0,AAAAAN,2.0,0,AAAAAN,2.0,3250,GGAGGN,0.03786470741033554,1450,CAGAGN,0.04795245826244354,1450,CAGAGN,0.04795245826244354,False,False,True,-0.009647667407989502,
5,21,20,attn,degradation,0.93701171875,0.7913472652435303,3453,GGTAGG,1.771484375,0,AAAAAN,2.0,0,AAAAAN,2.0,3250,GGAGGN,0.03905857726931572,1450,CAGAGN,0.044050972908735275,1450,CAGAGN,0.044050972908735275,False,False,True,-0.004985392093658447,
5,22,20,attn,degradation,0.8115234375,1.1618543863296509,3453,GGTAGG,1.810546875,0,AAAAAN,2.0,0,AAAAAN,2.0,3250,GGAGGN,0.03712775930762291,1450,CAGAGN,0.04618368297815323,1450,CAGAGN,0.04618368297815323,False,False,True,0.0008298158645629883,
5,23,20,attn,degradation,0.76416015625,1.4023571014404297,3453,GGTAGG,1.8251953125,0,AAAAAN,2.0,0,AAAAAN,2.0,3250,GGAGGN,0.03629765659570694,1450,CAGAGN,0.04799128696322441,1450,CAGAGN,0.04799128696322441,False,False,True,0.003956973552703857,
5,24,20,attn,degradation,0.8115234375,1.3546161651611328,3453,GGTAGG,1.810546875,0,AAAAAN,2.0,0,AAAAAN,2.0,3250,GGAGGN,0.03605446591973305,1450,CAGAGN,0.0472244992852211,1450,CAGAGN,0.0472244992852211,False,False,True,0.0018931329250335693,
5,25,20,attn,degradation,0.96875,1.2048735618591309,3453,GGTAGG,1.76171875,0,AAAAAN,2.0,0,AAAAAN,2.0,3250,GGAGGN,0.03620854765176773,1450,CAGAGN,0.04573628306388855,1450,CAGAGN,0.04573628306388855,False,False,True,0.0006212890148162842,
5,26,20,attn,degradation,1.0380859375,0.9854194521903992,3453,GGTAGG,1.740234375,0,AAAAAN,2.0,0,AAAAAN,2.0,3250,GGAGGN,0.03666466847062111,1450,CAGAGN,0.043785545974969864,1450,CAGAGN,0.043785545974969864,False,False,True,-0.0013816654682159424,
5,27,20,attn,degradation,1.0595703125,0.9456080794334412,3453,GGTAGG,1.7333984375,0,AAAAAN,2.0,0,AAAAAN,2.0,3250,GGAGGN,0.03652437403798103,1450,CAGAGN,0.04320862144231796,1450,CAGAGN,0.04320862144231796,False,False,True,-0.00024649500846862793,
5,28,20,attn,degradation,1.025390625,0.9670142531394958,3453,GGTAGG,1.744140625,0,AAAAAN,2.0,0,AAAAAN,2.0,3250,GGAGGN,0.037089113146066666,1450,CAGAGN,0.04400813207030296,1450,CAGAGN,0.04400813207030296,False,False,True,0.00019401311874389648,
5,29,20,attn,degradation,1.0,0.9363470673561096,3453,GGTAGG,1.751953125,0,AAAAAN,2.0,0,AAAAAN,2.0,3250,GGAGGN,0.03722171112895012,1450,CAGAGN,0.043804388493299484,1450,CAGAGN,0.043804388493299484,False,False,True,-0.0002314150333404541,
5,30,20,attn,degradation,0.984375,0.960553765296936,3453,GGTAGG,1.7568359375,0,AAAAAN,2.0,0,AAAAAN,2.0,3250,GGAGGN,0.03730962797999382,1450,CAGAGN,0.04415779188275337,1450,CAGAGN,0.04415779188275337,False,False,True,-0.00028133392333984375,
5,31,20,attn,degradation,0.93701171875,0.9085419178009033,3453,GGTAGG,1.771484375,0,AAAAAN,2.0,0,AAAAAN,2.0,3250,GGAGGN,0.03721843287348747,1450,CAGAGN,0.043496157974004745,1450,CAGAGN,0.043496157974004745,False,False,True,-0.0017192363739013672,
5,32,20,attn,degradation,0.94970703125,0.9656345248222351,3453,GGTAGG,1.767578125,0,AAAAAN,2.0,0,AAAAAN,2.0,3250,GGAGGN,0.03751721978187561,1450,CAGAGN,0.044421106576919556,1450,CAGAGN,0.044421106576919556,False,False,True,-0.0018055737018585205,
6,0,20,attn,degradation,0.97802734375,1.0963085889816284,3453,GGTAGG,1.7587890625,0,AAAAAN,2.0,0,AAAAAN,2.0,3250,GGAGGN,0.03710881993174553,1450,CAGAGN,0.045445870608091354,1450,CAGAGN,0.045445870608091354,False,False,True,0.00042378902435302734,
6,1,20,attn,degradation,0.94677734375,1.095427393913269,3453,GGTAGG,1.7685546875,0,AAAAAN,2.0,0,AAAAAN,2.0,3250,GGAGGN,0.03682069107890129,1450,CAGAGN,0.045148078352212906,1450,CAGAGN,0.045148078352212906,False,False,True,-0.00043123960494995117,
6,2,20,attn,degradation,0.9560546875,1.0467609167099,3453,GGTAGG,1.765625,0,AAAAAN,2.0,0,AAAAAN,2.0,3250,GGAGGN,0.037003543227910995,1450,CAGAGN,0.04479718208312988,1450,CAGAGN,0.04479718208312988,False,False,True,-0.0008845329284667969,
6,3,20,attn,degradation,0.96240234375,1.136821985244751,3453,GGTAGG,1.763671875,0,AAAAAN,2.0,0,AAAAAN,2.0,3250,GGAGGN,0.03657912090420723,1450,CAGAGN,0.0453605018556118,1450,CAGAGN,0.0453605018556118,False,False,True,-0.0007599294185638428,
6,4,20,attn,degradation,0.9970703125,0.9151318073272705,3453,GGTAGG,1.7529296875,0,AAAAAN,2.0,0,AAAAAN,2.0,3250,GGAGGN,0.037456780672073364,1450,CAGAGN,0.0438067801296711,1450,CAGAGN,0.0438067801296711,False,False,True,-0.003554821014404297,
6,5,20,attn,degradation,0.9970703125,0.8846796154975891,3453,GGTAGG,1.7529296875,0,AAAAAN,2.0,0,AAAAAN,2.0,3250,GGAGGN,0.037537213414907455,1450,CAGAGN,0.04355322942137718,1450,CAGAGN,0.04355322942137718,False,False,True,-0.005333930253982544,
6,6,20,attn,degradation,1.015625,0.8625031113624573,3453,GGTAGG,1.7470703125,0,AAAAAN,2.0,0,AAAAAN,2.0,3250,GGAGGN,0.03737881779670715,1450,CAGAGN,0.0431516133248806,1450,CAGAGN,0.0431516133248806,False,False,True,-0.006931662559509277,
6,7,20,attn,degradation,0.9970703125,0.9704819321632385,3453,GGTAGG,1.7529296875,0,AAAAAN,2.0,0,AAAAAN,2.0,3250,GGAGGN,0.03727848827838898,1450,CAGAGN,0.04423553869128227,1450,CAGAGN,0.04423553869128227,False,False,True,-0.003699690103530884,
6,8,20,attn,degradation,0.9873046875,0.9462041854858398,3453,GGTAGG,1.755859375,0,AAAAAN,2.0,0,AAAAAN,2.0,3250,GGAGGN,0.03756587952375412,1450,CAGAGN,0.04425666481256485,1450,CAGAGN,0.04425666481256485,False,False,True,-0.0021792054176330566,
6,9,20,attn,degradation,0.99365234375,0.7756845355033875,3453,GGTAGG,1.75390625,0,AAAAAN,2.0,0,AAAAAN,2.0,3250,GGAGGN,0.03904195874929428,1450,CAGAGN,0.04386257380247116,1450,CAGAGN,0.04386257380247116,False,False,True,-0.001614004373550415,
6,10,20,attn,degradation,0.8994140625,0.7777255773544312,3453,GGTAGG,1.783203125,0,AAAAAN,2.0,0,AAAAAN,2.0,3250,GGAGGN,0.03878677636384964,1450,CAGAGN,0.04362977668642998,1450,CAGAGN,0.04362977668642998,False,False,True,-0.0013138651847839355,
6,11,20,attn,degradation,0.8427734375,0.6324366927146912,3453,GGTAGG,1.80078125,0,AAAAAN,2.0,0,AAAAAN,2.0,3250,GGAGGN,0.03922542929649353,1450,CAGAGN,0.04247497767210007,1450,CAGAGN,0.04247497767210007,False,False,True,-0.002546250820159912,
6,12,20,attn,degradation,0.798828125,0.7182644605636597,3453,GGTAGG,1.814453125,0,AAAAAN,2.0,0,AAAAAN,2.0,3250,GGAGGN,0.037989579141139984,1450,CAGAGN,0.042180441319942474,1450,CAGAGN,0.042180441319942474,False,False,True,-0.0045378804206848145,
6,13,20,attn,degradation,0.8837890625,0.6189685463905334,3453,GGTAGG,1.7880859375,0,AAAAAN,2.0,0,AAAAAN,2.0,3250,GGAGGN,0.03766025975346565,1450,CAGAGN,0.040762096643447876,1450,CAGAGN,0.040762096643447876,False,False,True,-0.0060291588306427,
6,14,20,attn,degradation,0.94677734375,0.7075194716453552,3453,GGTAGG,1.7685546875,0,AAAAAN,2.0,0,AAAAAN,2.0,3250,GGAGGN,0.03799344599246979,1450,CAGAGN,0.042066462337970734,1450,CAGAGN,0.042066462337970734,False,False,True,-0.004740476608276367,
6,15,20,attn,degradation,1.0625,0.7154639363288879,3453,GGTAGG,1.732421875,0,AAAAAN,2.0,0,AAAAAN,2.0,3250,GGAGGN,0.03755537047982216,1450,CAGAGN,0.04171551764011383,1450,CAGAGN,0.04171551764011383,False,False,True,-0.0006073415279388428,
6,16,20,attn,degradation,1.1259765625,0.8474330902099609,3453,GGTAGG,1.712890625,0,AAAAAN,2.0,0,AAAAAN,2.0,3250,GGAGGN,0.038948751986026764,1450,CAGAGN,0.04455626755952835,1450,CAGAGN,0.04455626755952835,False,False,True,0.0015361011028289795,
6,17,20,attn,degradation,1.248046875,0.7948261499404907,3453,GGTAGG,1.6748046875,0,AAAAAN,2.0,0,AAAAAN,2.0,3250,GGAGGN,0.041216880083084106,1450,CAGAGN,0.04624743014574051,1450,CAGAGN,0.04624743014574051,False,False,True,-0.01984819769859314,
6,18,20,attn,degradation,1.4052734375,1.7487305402755737,3453,GGTAGG,1.6259765625,0,AAAAAN,2.0,0,AAAAAN,2.0,3250,GGAGGN,0.03691665455698967,1450,CAGAGN,0.05240912735462189,1450,CAGAGN,0.05240912735462189,False,False,True,-0.03137916326522827,
6,19,20,attn,degradation,1.6064453125,0.9102993607521057,3453,GGTAGG,1.5634765625,0,AAAAAN,2.0,0,AAAAAN,2.0,3250,GGAGGN,0.036201104521751404,1450,CAGAGN,0.04249810427427292,1450,CAGAGN,0.04249810427427292,False,False,True,-0.03528539836406708,
6,20,20,attn,degradation,1.5029296875,0.6806361675262451,3453,GGTAGG,1.595703125,0,AAAAAN,2.0,0,AAAAAN,2.0,3250,GGAGGN,0.03597955033183098,1450,CAGAGN,0.03975772485136986,1450,CAGAGN,0.03975772485136986,False,False,True,-0.013141155242919922,
6,21,20,attn,degradation,1.0947265625,0.6431369185447693,3453,GGTAGG,1.72265625,0,AAAAAN,2.0,0,AAAAAN,2.0,3250,GGAGGN,0.03825582563877106,1450,CAGAGN,0.04162272810935974,1450,CAGAGN,0.04162272810935974,False,False,True,-0.010605007410049438,
6,22,20,attn,degradation,0.7734375,1.55581796169281,3453,GGTAGG,1.822265625,0,AAAAAN,2.0,0,AAAAAN,2.0,3250,GGAGGN,0.040053196251392365,1450,CAGAGN,0.05342990532517433,1450,CAGAGN,0.05342990532517433,False,False,True,0.006781578063964844,
6,23,20,attn,degradation,0.7451171875,1.6680338382720947,3453,GGTAGG,1.8310546875,0,AAAAAN,2.0,0,AAAAAN,2.0,3250,GGAGGN,0.038999397307634354,1450,CAGAGN,0.05360683053731918,1450,CAGAGN,0.05360683053731918,False,False,True,0.005362391471862793,
6,24,20,attn,degradation,0.7421875,1.6766841411590576,3453,GGTAGG,1.83203125,0,AAAAAN,2.0,0,AAAAAN,2.0,3250,GGAGGN,0.038600560277700424,1450,CAGAGN,0.053302865475416183,1450,CAGAGN,0.053302865475416183,False,False,True,0.005576819181442261,
6,25,20,attn,degradation,0.8994140625,1.2030431032180786,3453,GGTAGG,1.783203125,0,AAAAAN,2.0,0,AAAAAN,2.0,3250,GGAGGN,0.03686520829796791,1450,CAGAGN,0.04637286812067032,1450,CAGAGN,0.04637286812067032,False,False,True,0.0006647706031799316,
6,26,20,attn,degradation,1.0283203125,0.9438129663467407,3453,GGTAGG,1.7431640625,0,AAAAAN,2.0,0,AAAAAN,2.0,3250,GGAGGN,0.036856263875961304,1450,CAGAGN,0.04352082312107086,1450,CAGAGN,0.04352082312107086,False,False,True,-0.0005938708782196045,
6,27,20,attn,degradation,1.0595703125,0.8673352003097534,3453,GGTAGG,1.7333984375,0,AAAAAN,2.0,0,AAAAAN,2.0,3250,GGAGGN,0.03722892701625824,1450,CAGAGN,0.043054718524217606,1450,CAGAGN,0.043054718524217606,False,False,True,-0.00047084689140319824,
6,28,20,attn,degradation,1.03125,0.9396951794624329,3453,GGTAGG,1.7421875,0,AAAAAN,2.0,0,AAAAAN,2.0,3250,GGAGGN,0.03695979341864586,1450,CAGAGN,0.04357919096946716,1450,CAGAGN,0.04357919096946716,False,False,True,-0.000193864107131958,
6,29,20,attn,degradation,0.9970703125,0.9729730486869812,3453,GGTAGG,1.7529296875,0,AAAAAN,2.0,0,AAAAAN,2.0,3250,GGAGGN,0.0362541526556015,1450,CAGAGN,0.043238524347543716,1450,CAGAGN,0.043238524347543716,False,False,True,0.0010967552661895752,
6,30,20,attn,degradation,0.984375,1.0008467435836792,3453,GGTAGG,1.7568359375,0,AAAAAN,2.0,0,AAAAAN,2.0,3250,GGAGGN,0.036101825535297394,1450,CAGAGN,0.04339190199971199,1450,CAGAGN,0.04339190199971199,False,False,True,0.000910341739654541,
6,31,20,attn,degradation,0.974609375,0.9417589902877808,3453,GGTAGG,1.759765625,0,AAAAAN,2.0,0,AAAAAN,2.0,3250,GGAGGN,0.036240074783563614,1450,CAGAGN,0.04288210719823837,1450,CAGAGN,0.04288210719823837,False,False,True,0.00042551755905151367,
6,32,20,attn,degradation,0.9560546875,0.9600785970687866,3453,GGTAGG,1.765625,0,AAAAAN,2.0,0,AAAAAN,2.0,3250,GGAGGN,0.03712049499154091,1450,CAGAGN,0.04396344721317291,1450,CAGAGN,0.04396344721317291,False,False,True,9.456276893615723e-05,
7,0,20,attn,degradation,0.96533203125,1.0526446104049683,3453,GGTAGG,1.7626953125,0,AAAAAN,2.0,0,AAAAAN,2.0,3250,GGAGGN,0.03682171553373337,1450,CAGAGN,0.04467988386750221,1450,CAGAGN,0.04467988386750221,False,False,True,-0.002204328775405884,
7,1,20,attn,degradation,0.95263671875,1.1097460985183716,3453,GGTAGG,1.7666015625,0,AAAAAN,2.0,0,AAAAAN,2.0,3250,GGAGGN,0.036333248019218445,1450,CAGAGN,0.04481767490506172,1450,CAGAGN,0.04481767490506172,False,False,True,-0.0026178359985351562,
7,2,20,attn,degradation,0.96240234375,1.0916996002197266,3453,GGTAGG,1.763671875,0,AAAAAN,2.0,0,AAAAAN,2.0,3250,GGAGGN,0.03640782833099365,1450,CAGAGN,0.04469433054327965,1450,CAGAGN,0.04469433054327965,False,False,True,-0.0017298460006713867,
7,3,20,attn,degradation,0.9560546875,1.0805017948150635,3453,GGTAGG,1.765625,0,AAAAAN,2.0,0,AAAAAN,2.0,3250,GGAGGN,0.03627382218837738,1450,CAGAGN,0.04443751275539398,1450,CAGAGN,0.04443751275539398,False,False,True,-0.002080589532852173,
7,4,20,attn,degradation,0.89013671875,1.1310839653015137,3453,GGTAGG,1.7861328125,0,AAAAAN,2.0,0,AAAAAN,2.0,3250,GGAGGN,0.03707824647426605,1450,CAGAGN,0.04579669609665871,1450,CAGAGN,0.04579669609665871,False,False,True,-0.003020256757736206,
7,5,20,attn,degradation,0.92431640625,1.0602195262908936,3453,GGTAGG,1.775390625,0,AAAAAN,2.0,0,AAAAAN,2.0,3250,GGAGGN,0.03767133876681328,1450,CAGAGN,0.04561258479952812,1450,CAGAGN,0.04561258479952812,False,False,True,-0.003699749708175659,
7,6,20,attn,degradation,0.94677734375,1.0390491485595703,3453,GGTAGG,1.7685546875,0,AAAAAN,2.0,0,AAAAAN,2.0,3250,GGAGGN,0.038211409002542496,1450,CAGAGN,0.045920468866825104,1450,CAGAGN,0.045920468866825104,False,False,True,-0.00426638126373291,
7,7,20,attn,degradation,1.0185546875,0.9146453738212585,3453,GGTAGG,1.74609375,0,AAAAAN,2.0,0,AAAAAN,2.0,3250,GGAGGN,0.038559358566999435,1450,CAGAGN,0.04490402340888977,1450,CAGAGN,0.04490402340888977,False,False,True,-0.002665579319000244,
7,8,20,attn,degradation,0.9970703125,0.9327717423439026,3453,GGTAGG,1.7529296875,0,AAAAAN,2.0,0,AAAAAN,2.0,3250,GGAGGN,0.038044705986976624,1450,CAGAGN,0.04458817094564438,1450,CAGAGN,0.04458817094564438,False,False,True,-0.0009860694408416748,
7,9,20,attn,degradation,1.0,0.8356578350067139,3453,GGTAGG,1.751953125,0,AAAAAN,2.0,0,AAAAAN,2.0,3250,GGAGGN,0.03779958561062813,1450,CAGAGN,0.043277956545352936,1450,CAGAGN,0.043277956545352936,False,False,True,-0.001404792070388794,
7,10,20,attn,degradation,0.93701171875,0.8267697691917419,3453,GGTAGG,1.771484375,0,AAAAAN,2.0,0,AAAAAN,2.0,3250,GGAGGN,0.03653617203235626,1450,CAGAGN,0.04191706329584122,1450,CAGAGN,0.04191706329584122,False,False,True,-0.0001010596752166748,
7,11,20,attn,degradation,0.93701171875,0.7879601120948792,3453,GGTAGG,1.771484375,0,AAAAAN,2.0,0,AAAAAN,2.0,3250,GGAGGN,0.03515460342168808,1450,CAGAGN,0.04010985046625137,1450,CAGAGN,0.04010985046625137,False,False,True,-0.0015292167663574219,
7,12,20,attn,degradation,0.9306640625,0.8965064883232117,3453,GGTAGG,1.7734375,0,AAAAAN,2.0,0,AAAAAN,2.0,3250,GGAGGN,0.034481231123209,1450,CAGAGN,0.04062695801258087,1450,CAGAGN,0.04062695801258087,False,False,True,-0.0025670528411865234,
7,13,20,attn,degradation,0.8740234375,0.8544009923934937,3453,GGTAGG,1.791015625,0,AAAAAN,2.0,0,AAAAAN,2.0,3250,GGAGGN,0.03548869863152504,1450,CAGAGN,0.041172634810209274,1450,CAGAGN,0.041172634810209274,False,False,True,-0.005709171295166016,
7,14,20,attn,degradation,0.91845703125,0.9107568860054016,3453,GGTAGG,1.77734375,0,AAAAAN,2.0,0,AAAAAN,2.0,3250,GGAGGN,0.03676320239901543,1450,CAGAGN,0.04306522011756897,1450,CAGAGN,0.04306522011756897,False,False,True,-0.003986746072769165,
7,15,20,attn,degradation,0.92138671875,1.0265752077102661,3453,GGTAGG,1.7763671875,0,AAAAAN,2.0,0,AAAAAN,2.0,3250,GGAGGN,0.037639327347278595,1450,CAGAGN,0.04521157965064049,1450,CAGAGN,0.04521157965064049,False,False,True,-0.0016291141510009766,
7,16,20,attn,degradation,0.99365234375,1.253689169883728,3453,GGTAGG,1.75390625,0,AAAAAN,2.0,0,AAAAAN,2.0,3250,GGAGGN,0.03813977539539337,1450,CAGAGN,0.04820289462804794,1450,CAGAGN,0.04820289462804794,False,False,True,-0.003492206335067749,
7,17,20,attn,degradation,1.1005859375,1.3067054748535156,3453,GGTAGG,1.720703125,0,AAAAAN,2.0,0,AAAAAN,2.0,3250,GGAGGN,0.03765931352972984,1450,CAGAGN,0.048303887248039246,1450,CAGAGN,0.048303887248039246,False,False,True,0.00011774897575378418,
7,18,20,attn,degradation,1.2294921875,0.4941704571247101,3453,GGTAGG,1.6806640625,0,AAAAAN,2.0,0,AAAAAN,2.0,3250,GGAGGN,0.037931378930807114,1450,CAGAGN,0.03966449573636055,1450,CAGAGN,0.03966449573636055,False,False,True,-0.0012539923191070557,
7,19,20,attn,degradation,1.1826171875,0.5902762413024902,3453,GGTAGG,1.6953125,0,AAAAAN,2.0,0,AAAAAN,2.0,3250,GGAGGN,0.03674883395433426,1450,CAGAGN,0.03953598812222481,1450,CAGAGN,0.03953598812222481,False,False,True,-0.001694798469543457,
7,20,20,attn,degradation,1.0,0.7815288305282593,3453,GGTAGG,1.751953125,0,AAAAAN,2.0,0,AAAAAN,2.0,3250,GGAGGN,0.03809812292456627,1450,CAGAGN,0.042982835322618484,1450,CAGAGN,0.042982835322618484,False,False,True,-0.003800421953201294,
7,21,20,attn,degradation,0.84912109375,1.601105809211731,3453,GGTAGG,1.798828125,0,AAAAAN,2.0,0,AAAAAN,2.0,3250,GGAGGN,0.03782534971833229,1450,CAGAGN,0.051698751747608185,1450,CAGAGN,0.051698751747608185,False,False,True,0.00918513536453247,
7,22,20,attn,degradation,0.7578125,1.8109382390975952,3453,GGTAGG,1.8271484375,0,AAAAAN,2.0,0,AAAAAN,2.0,3250,GGAGGN,0.038640089333057404,1450,CAGAGN,0.05481482297182083,1450,CAGAGN,0.05481482297182083,False,False,True,0.013786524534225464,
7,23,20,attn,degradation,0.67919921875,1.7592381238937378,3453,GGTAGG,1.8515625,0,AAAAAN,2.0,0,AAAAAN,2.0,3250,GGAGGN,0.038471754640340805,1450,CAGAGN,0.05407946929335594,1450,CAGAGN,0.05407946929335594,False,False,True,0.016919732093811035,
7,24,20,attn,degradation,0.6728515625,1.5821809768676758,3453,GGTAGG,1.853515625,0,AAAAAN,2.0,0,AAAAAN,2.0,3250,GGAGGN,0.038573797792196274,1450,CAGAGN,0.052239641547203064,1450,CAGAGN,0.052239641547203064,False,False,True,0.016193121671676636,
7,25,20,attn,degradation,0.77685546875,1.392728567123413,3453,GGTAGG,1.8212890625,0,AAAAAN,2.0,0,AAAAAN,2.0,3250,GGAGGN,0.0373217798769474,1450,CAGAGN,0.048909809440374374,1450,CAGAGN,0.048909809440374374,False,False,True,0.007176697254180908,
7,26,20,attn,degradation,0.92431640625,1.0585898160934448,3453,GGTAGG,1.775390625,0,AAAAAN,2.0,0,AAAAAN,2.0,3250,GGAGGN,0.03707899525761604,1450,CAGAGN,0.04500236734747887,1450,CAGAGN,0.04500236734747887,False,False,True,-0.0006728768348693848,
7,27,20,attn,degradation,0.984375,1.0096346139907837,3453,GGTAGG,1.7568359375,0,AAAAAN,2.0,0,AAAAAN,2.0,3250,GGAGGN,0.037392694503068924,1450,CAGAGN,0.04477915167808533,1450,CAGAGN,0.04477915167808533,False,False,True,-0.0002181529998779297,
7,28,20,attn,degradation,1.0126953125,0.960046648979187,3453,GGTAGG,1.748046875,0,AAAAAN,2.0,0,AAAAAN,2.0,3250,GGAGGN,0.037162285298109055,1450,CAGAGN,0.044004887342453,1450,CAGAGN,0.044004887342453,False,False,True,0.0005775094032287598,
7,29,20,attn,degradation,0.9306640625,0.8955591320991516,3453,GGTAGG,1.7734375,0,AAAAAN,2.0,0,AAAAAN,2.0,3250,GGAGGN,0.03820151463150978,1450,CAGAGN,0.04433685168623924,1450,CAGAGN,0.04433685168623924,False,False,True,-0.004469782114028931,
7,30,20,attn,degradation,0.90576171875,0.9398667216300964,3453,GGTAGG,1.78125,0,AAAAAN,2.0,0,AAAAAN,2.0,3250,GGAGGN,0.038132116198539734,1450,CAGAGN,0.04475339502096176,1450,CAGAGN,0.04475339502096176,False,False,True,-0.004020959138870239,
7,31,20,attn,degradation,0.8994140625,0.8827149868011475,3453,GGTAGG,1.783203125,0,AAAAAN,2.0,0,AAAAAN,2.0,3250,GGAGGN,0.03843251243233681,1450,CAGAGN,0.04442698135972023,1450,CAGAGN,0.04442698135972023,False,False,True,-0.004958659410476685,
7,32,20,attn,degradation,0.96875,0.9987055063247681,3453,GGTAGG,1.76171875,0,AAAAAN,2.0,0,AAAAAN,2.0,3250,GGAGGN,0.03707033395767212,1450,CAGAGN,0.04433692619204521,1450,CAGAGN,0.04433692619204521,False,False,True,0.00038179755210876465,
8,0,20,attn,degradation,1.03125,0.9082698225975037,3453,GGTAGG,1.7421875,0,AAAAAN,2.0,0,AAAAAN,2.0,3250,GGAGGN,0.0372125469148159,1450,CAGAGN,0.04348728805780411,1450,CAGAGN,0.04348728805780411,False,False,True,-0.0014017820358276367,
8,1,20,attn,degradation,0.9873046875,0.8527336120605469,3453,GGTAGG,1.755859375,0,AAAAAN,2.0,0,AAAAAN,2.0,3250,GGAGGN,0.03719794377684593,1450,CAGAGN,0.04286359250545502,1450,CAGAGN,0.04286359250545502,False,False,True,-0.0019766390323638916,
8,2,20,attn,degradation,0.94677734375,0.8909603953361511,3453,GGTAGG,1.7685546875,0,AAAAAN,2.0,0,AAAAAN,2.0,3250,GGAGGN,0.03770033270120621,1450,CAGAGN,0.04378523305058479,1450,CAGAGN,0.04378523305058479,False,False,True,-0.001881718635559082,
8,3,20,attn,degradation,0.94970703125,0.9297405481338501,3453,GGTAGG,1.767578125,0,AAAAAN,2.0,0,AAAAAN,2.0,3250,GGAGGN,0.03742688521742821,1450,CAGAGN,0.04393710568547249,1450,CAGAGN,0.04393710568547249,False,False,True,-0.0017183125019073486,
8,4,20,attn,degradation,0.99365234375,1.143243432044983,3453,GGTAGG,1.75390625,0,AAAAAN,2.0,0,AAAAAN,2.0,3250,GGAGGN,0.03672769293189049,1450,CAGAGN,0.04557950049638748,1450,CAGAGN,0.04557950049638748,False,False,True,-0.003551304340362549,
8,5,20,attn,degradation,0.94970703125,1.0811145305633545,3453,GGTAGG,1.767578125,0,AAAAAN,2.0,0,AAAAAN,2.0,3250,GGAGGN,0.03743543103337288,1450,CAGAGN,0.045605842024087906,1450,CAGAGN,0.045605842024087906,False,False,True,-0.005744963884353638,
8,6,20,attn,degradation,0.92138671875,1.1369088888168335,3453,GGTAGG,1.7763671875,0,AAAAAN,2.0,0,AAAAAN,2.0,3250,GGAGGN,0.03673940151929855,1450,CAGAGN,0.04552173614501953,1450,CAGAGN,0.04552173614501953,False,False,True,-0.00650826096534729,
8,7,20,attn,degradation,0.912109375,1.0840082168579102,3453,GGTAGG,1.779296875,0,AAAAAN,2.0,0,AAAAAN,2.0,3250,GGAGGN,0.03706562519073486,1450,CAGAGN,0.04526777192950249,1450,CAGAGN,0.04526777192950249,False,False,True,-0.003838866949081421,
8,8,20,attn,degradation,0.91845703125,1.2388315200805664,3453,GGTAGG,1.77734375,0,AAAAAN,2.0,0,AAAAAN,2.0,3250,GGAGGN,0.03576947748661041,1450,CAGAGN,0.04566964507102966,1450,CAGAGN,0.04566964507102966,False,False,True,-0.000973820686340332,
8,9,20,attn,degradation,0.9150390625,1.0377261638641357,3453,GGTAGG,1.7783203125,0,AAAAAN,2.0,0,AAAAAN,2.0,3250,GGAGGN,0.03728055581450462,1450,CAGAGN,0.04497510567307472,1450,CAGAGN,0.04497510567307472,False,False,True,0.0002034306526184082,
8,10,20,attn,degradation,0.96240234375,1.2607356309890747,3453,GGTAGG,1.763671875,0,AAAAAN,2.0,0,AAAAAN,2.0,3250,GGAGGN,0.03499834984540939,1450,CAGAGN,0.04513875022530556,1450,CAGAGN,0.04513875022530556,False,False,True,0.0010806620121002197,
8,11,20,attn,degradation,0.9873046875,1.058135747909546,3453,GGTAGG,1.755859375,0,AAAAAN,2.0,0,AAAAAN,2.0,3250,GGAGGN,0.03530407324433327,1450,CAGAGN,0.04322246462106705,1450,CAGAGN,0.04322246462106705,False,False,True,-0.001154571771621704,
8,12,20,attn,degradation,1.009765625,1.1447885036468506,3453,GGTAGG,1.7490234375,0,AAAAAN,2.0,0,AAAAAN,2.0,3250,GGAGGN,0.03460926190018654,1450,CAGAGN,0.043478015810251236,1450,CAGAGN,0.043478015810251236,False,False,True,-0.0022780895233154297,
8,13,20,attn,degradation,1.015625,0.8030902147293091,3453,GGTAGG,1.7470703125,0,AAAAAN,2.0,0,AAAAAN,2.0,3250,GGAGGN,0.03660295531153679,1450,CAGAGN,0.04172414168715477,1450,CAGAGN,0.04172414168715477,False,False,True,-0.004939913749694824,
8,14,20,attn,degradation,1.009765625,0.8551323413848877,3453,GGTAGG,1.7490234375,0,AAAAAN,2.0,0,AAAAAN,2.0,3250,GGAGGN,0.03727167099714279,1450,CAGAGN,0.042963627725839615,1450,CAGAGN,0.042963627725839615,False,False,True,-0.0028524398803710938,
8,15,20,attn,degradation,1.0,0.758169949054718,3453,GGTAGG,1.751953125,0,AAAAAN,2.0,0,AAAAAN,2.0,3250,GGAGGN,0.03749143332242966,1450,CAGAGN,0.04211995750665665,1450,CAGAGN,0.04211995750665665,False,False,True,-0.0025428831577301025,
8,16,20,attn,degradation,1.0751953125,0.750190794467926,3453,GGTAGG,1.728515625,0,AAAAAN,2.0,0,AAAAAN,2.0,3250,GGAGGN,0.03792881593108177,1450,CAGAGN,0.04246982932090759,1450,CAGAGN,0.04246982932090759,False,False,True,-0.0034111738204956055,
8,17,20,attn,degradation,1.154296875,0.8375216126441956,3453,GGTAGG,1.7041015625,0,AAAAAN,2.0,0,AAAAAN,2.0,3250,GGAGGN,0.03750627115368843,1450,CAGAGN,0.0430050827562809,1450,CAGAGN,0.0430050827562809,False,False,True,-0.004324615001678467,
8,18,20,attn,degradation,0.8994140625,0.6742901802062988,3453,GGTAGG,1.783203125,0,AAAAAN,2.0,0,AAAAAN,2.0,3250,GGAGGN,0.039976563304662704,1450,CAGAGN,0.04368513822555542,1450,CAGAGN,0.04368513822555542,False,False,True,-0.003933817148208618,
8,19,20,attn,degradation,0.7861328125,0.6844682693481445,3453,GGTAGG,1.818359375,0,AAAAAN,2.0,0,AAAAAN,2.0,3250,GGAGGN,0.040352337062358856,1450,CAGAGN,0.04417254030704498,1450,CAGAGN,0.04417254030704498,False,False,True,-0.004149258136749268,
8,20,20,attn,degradation,0.77685546875,0.6586399674415588,3453,GGTAGG,1.8212890625,0,AAAAAN,2.0,0,AAAAAN,2.0,3250,GGAGGN,0.03925386816263199,1450,CAGAGN,0.04279080033302307,1450,CAGAGN,0.04279080033302307,False,False,True,-0.0015163123607635498,
8,21,20,attn,degradation,0.9970703125,0.9380698800086975,3453,GGTAGG,1.7529296875,0,AAAAAN,2.0,0,AAAAAN,2.0,3250,GGAGGN,0.036882512271404266,1450,CAGAGN,0.04348408430814743,1450,CAGAGN,0.04348408430814743,False,False,True,8.949637413024902e-05,
8,22,20,attn,degradation,0.96875,1.2352945804595947,3453,GGTAGG,1.76171875,0,AAAAAN,2.0,0,AAAAAN,2.0,3250,GGAGGN,0.03567953780293465,1450,CAGAGN,0.04554091393947601,1450,CAGAGN,0.04554091393947601,False,False,True,0.006069988012313843,
8,23,20,attn,degradation,0.73291015625,1.4850109815597534,3453,GGTAGG,1.8349609375,0,AAAAAN,2.0,0,AAAAAN,2.0,3250,GGAGGN,0.038626983761787415,1450,CAGAGN,0.05122711881995201,1450,CAGAGN,0.05122711881995201,False,False,True,0.009673833847045898,
8,24,20,attn,degradation,0.73583984375,1.6017451286315918,3453,GGTAGG,1.833984375,0,AAAAAN,2.0,0,AAAAAN,2.0,3250,GGAGGN,0.038406793028116226,1450,CAGAGN,0.052287206053733826,1450,CAGAGN,0.052287206053733826,False,False,True,0.00900372862815857,
8,25,20,attn,degradation,0.76123046875,1.3364711999893188,3453,GGTAGG,1.826171875,0,AAAAAN,2.0,0,AAAAAN,2.0,3250,GGAGGN,0.03872307762503624,1450,CAGAGN,0.04969410598278046,1450,CAGAGN,0.04969410598278046,False,False,True,0.005268186330795288,
8,26,20,attn,degradation,0.94970703125,1.0593479871749878,3453,GGTAGG,1.767578125,0,AAAAAN,2.0,0,AAAAAN,2.0,3250,GGAGGN,0.03693534806370735,1450,CAGAGN,0.04486703500151634,1450,CAGAGN,0.04486703500151634,False,False,True,0.0006115734577178955,
8,27,20,attn,degradation,0.94677734375,1.0809369087219238,3453,GGTAGG,1.7685546875,0,AAAAAN,2.0,0,AAAAAN,2.0,3250,GGAGGN,0.03649802878499031,1450,CAGAGN,0.04466649144887924,1450,CAGAGN,0.04466649144887924,False,False,True,0.0019867420196533203,
8,28,20,attn,degradation,0.9873046875,1.0362995862960815,3453,GGTAGG,1.755859375,0,AAAAAN,2.0,0,AAAAAN,2.0,3250,GGAGGN,0.03678116202354431,1450,CAGAGN,0.04446006566286087,1450,CAGAGN,0.04446006566286087,False,False,True,0.0007566213607788086,
8,29,20,attn,degradation,0.974609375,1.1529847383499146,3453,GGTAGG,1.759765625,0,AAAAAN,2.0,0,AAAAAN,2.0,3250,GGAGGN,0.03699938952922821,1450,CAGAGN,0.045958034694194794,1450,CAGAGN,0.045958034694194794,False,False,True,-0.00023287534713745117,
8,30,20,attn,degradation,1.005859375,1.1379414796829224,3453,GGTAGG,1.75,0,AAAAAN,2.0,0,AAAAAN,2.0,3250,GGAGGN,0.03654671460390091,1450,CAGAGN,0.04534037411212921,1450,CAGAGN,0.04534037411212921,False,False,True,-0.00011420249938964844,
8,31,20,attn,degradation,0.9970703125,1.113376498222351,3453,GGTAGG,1.7529296875,0,AAAAAN,2.0,0,AAAAAN,2.0,3250,GGAGGN,0.036695919930934906,1450,CAGAGN,0.045220162719488144,1450,CAGAGN,0.045220162719488144,False,False,True,0.0006923973560333252,
8,32,20,attn,degradation,0.97802734375,1.0609956979751587,3453,GGTAGG,1.7587890625,0,AAAAAN,2.0,0,AAAAAN,2.0,3250,GGAGGN,0.03677813708782196,1450,CAGAGN,0.04472789540886879,1450,CAGAGN,0.04472789540886879,False,False,True,0.0009214580059051514,
9,0,20,attn,degradation,0.95263671875,0.923219621181488,3453,GGTAGG,1.7666015625,0,AAAAAN,2.0,0,AAAAAN,2.0,3250,GGAGGN,0.038383740931749344,1450,CAGAGN,0.04482244327664375,1450,CAGAGN,0.04482244327664375,False,False,True,0.0012596845626831055,
9,1,20,attn,degradation,0.912109375,0.9197777509689331,3453,GGTAGG,1.779296875,0,AAAAAN,2.0,0,AAAAAN,2.0,3250,GGAGGN,0.03865925222635269,1450,CAGAGN,0.045060206204652786,1450,CAGAGN,0.045060206204652786,False,False,True,0.0013314485549926758,
9,2,20,attn,degradation,0.89306640625,0.9977527856826782,3453,GGTAGG,1.78515625,0,AAAAAN,2.0,0,AAAAAN,2.0,3250,GGAGGN,0.037452492862939835,1450,CAGAGN,0.04470863565802574,1450,CAGAGN,0.04470863565802574,False,False,True,-0.0006705522537231445,
9,3,20,attn,degradation,0.89013671875,1.0226870775222778,3453,GGTAGG,1.7861328125,0,AAAAAN,2.0,0,AAAAAN,2.0,3250,GGAGGN,0.036657869815826416,1450,CAGAGN,0.044187478721141815,1450,CAGAGN,0.044187478721141815,False,False,True,-0.001998990774154663,
9,4,20,attn,degradation,0.92431640625,1.066904902458191,3453,GGTAGG,1.775390625,0,AAAAAN,2.0,0,AAAAAN,2.0,3250,GGAGGN,0.036494363099336624,1450,CAGAGN,0.044508930295705795,1450,CAGAGN,0.044508930295705795,False,False,True,-0.0018531084060668945,
9,5,20,attn,degradation,0.9970703125,1.1346664428710938,3453,GGTAGG,1.7529296875,0,AAAAAN,2.0,0,AAAAAN,2.0,3250,GGAGGN,0.03625190630555153,1450,CAGAGN,0.04500964656472206,1450,CAGAGN,0.04500964656472206,False,False,True,-0.002152562141418457,
9,6,20,attn,degradation,0.974609375,1.0468764305114746,3453,GGTAGG,1.759765625,0,AAAAAN,2.0,0,AAAAAN,2.0,3250,GGAGGN,0.03697387874126434,1450,CAGAGN,0.04476878419518471,1450,CAGAGN,0.04476878419518471,False,False,True,-0.00165519118309021,
9,7,20,attn,degradation,0.93701171875,1.0602644681930542,3453,GGTAGG,1.771484375,0,AAAAAN,2.0,0,AAAAAN,2.0,3250,GGAGGN,0.03621183708310127,1450,CAGAGN,0.04415357485413551,1450,CAGAGN,0.04415357485413551,False,False,True,-0.0026009976863861084,
9,8,20,attn,degradation,0.9306640625,1.1516902446746826,3453,GGTAGG,1.7734375,0,AAAAAN,2.0,0,AAAAAN,2.0,3250,GGAGGN,0.03570135310292244,1450,CAGAGN,0.044645801186561584,1450,CAGAGN,0.044645801186561584,False,False,True,-0.0013063251972198486,
9,9,20,attn,degradation,0.99365234375,1.1854432821273804,3453,GGTAGG,1.75390625,0,AAAAAN,2.0,0,AAAAAN,2.0,3250,GGAGGN,0.03566494211554527,1450,CAGAGN,0.04497957602143288,1450,CAGAGN,0.04497957602143288,False,False,True,-0.0002320706844329834,
9,10,20,attn,degradation,0.93408203125,1.1098663806915283,3453,GGTAGG,1.7724609375,0,AAAAAN,2.0,0,AAAAAN,2.0,3250,GGAGGN,0.035473428666591644,1450,CAGAGN,0.04395917430520058,1450,CAGAGN,0.04395917430520058,False,False,True,0.0013335049152374268,
9,11,20,attn,degradation,0.88671875,0.881473183631897,3453,GGTAGG,1.787109375,0,AAAAAN,2.0,0,AAAAAN,2.0,3250,GGAGGN,0.036149170249700546,1450,CAGAGN,0.04213001951575279,1450,CAGAGN,0.04213001951575279,False,False,True,0.0005595982074737549,
9,12,20,attn,degradation,0.88671875,0.9417824149131775,3453,GGTAGG,1.787109375,0,AAAAAN,2.0,0,AAAAAN,2.0,3250,GGAGGN,0.03554362803697586,1450,CAGAGN,0.04218591749668121,1450,CAGAGN,0.04218591749668121,False,False,True,0.00105246901512146,
9,13,20,attn,degradation,0.974609375,0.9202172756195068,3453,GGTAGG,1.759765625,0,AAAAAN,2.0,0,AAAAAN,2.0,3250,GGAGGN,0.03668661043047905,1450,CAGAGN,0.043092384934425354,1450,CAGAGN,0.043092384934425354,False,False,True,0.0005828142166137695,
9,14,20,attn,degradation,0.9873046875,1.0743290185928345,3453,GGTAGG,1.755859375,0,AAAAAN,2.0,0,AAAAAN,2.0,3250,GGAGGN,0.03643853962421417,1450,CAGAGN,0.044534530490636826,1450,CAGAGN,0.044534530490636826,False,False,True,0.0005159676074981689,
9,15,20,attn,degradation,0.9970703125,0.9313624501228333,3453,GGTAGG,1.7529296875,0,AAAAAN,2.0,0,AAAAAN,2.0,3250,GGAGGN,0.0371767058968544,1450,CAGAGN,0.04370471462607384,1450,CAGAGN,0.04370471462607384,False,False,True,-0.001525580883026123,
9,16,20,attn,degradation,1.123046875,1.1799886226654053,3453,GGTAGG,1.7138671875,0,AAAAAN,2.0,0,AAAAAN,2.0,3250,GGAGGN,0.03676086664199829,1450,CAGAGN,0.046015676110982895,1450,CAGAGN,0.046015676110982895,False,False,True,-0.005134493112564087,
9,17,20,attn,degradation,1.2197265625,0.993021547794342,3453,GGTAGG,1.68359375,0,AAAAAN,2.0,0,AAAAAN,2.0,3250,GGAGGN,0.03802686929702759,1450,CAGAGN,0.04523112252354622,1450,CAGAGN,0.04523112252354622,False,False,True,-0.002944380044937134,
9,18,20,attn,degradation,1.041015625,0.9007010459899902,3453,GGTAGG,1.7392578125,0,AAAAAN,2.0,0,AAAAAN,2.0,3250,GGAGGN,0.04203680902719498,1450,CAGAGN,0.048228539526462555,1450,CAGAGN,0.048228539526462555,False,False,True,-0.007799595594406128,
9,19,20,attn,degradation,0.67919921875,0.22490955889225006,3453,GGTAGG,1.8515625,0,AAAAAN,2.0,0,AAAAAN,2.0,3250,GGAGGN,0.046248357743024826,1450,CAGAGN,0.045028362423181534,3250,GGAGGN,0.046248357743024826,False,True,True,-0.0021053552627563477,
9,20,20,attn,degradation,0.69189453125,0.35101640224456787,3453,GGTAGG,1.84765625,0,AAAAAN,2.0,0,AAAAAN,2.0,3250,GGAGGN,0.044637471437454224,1450,CAGAGN,0.04480054974555969,1450,CAGAGN,0.04480054974555969,False,False,True,-0.0067078471183776855,
9,21,20,attn,degradation,0.8427734375,0.5495124459266663,3453,GGTAGG,1.80078125,0,AAAAAN,2.0,0,AAAAAN,2.0,3250,GGAGGN,0.04041304811835289,1450,CAGAGN,0.042753126472234726,1450,CAGAGN,0.042753126472234726,False,False,True,-0.0012096762657165527,
9,22,20,attn,degradation,0.96240234375,1.024680495262146,3453,GGTAGG,1.763671875,0,AAAAAN,2.0,0,AAAAAN,2.0,3250,GGAGGN,0.037102922797203064,1450,CAGAGN,0.044654395431280136,1450,CAGAGN,0.044654395431280136,False,False,True,9.718537330627441e-05,
9,23,20,attn,degradation,0.76416015625,1.211605429649353,3453,GGTAGG,1.8251953125,0,AAAAAN,2.0,0,AAAAAN,2.0,3250,GGAGGN,0.038135308772325516,1450,CAGAGN,0.04773687571287155,1450,CAGAGN,0.04773687571287155,False,False,True,0.002110391855239868,
9,24,20,attn,degradation,0.77685546875,1.3896660804748535,3453,GGTAGG,1.8212890625,0,AAAAAN,2.0,0,AAAAAN,2.0,3250,GGAGGN,0.038042016327381134,1450,CAGAGN,0.04959645867347717,1450,CAGAGN,0.04959645867347717,False,False,True,0.005485564470291138,
9,25,20,attn,degradation,0.8427734375,1.314170002937317,3453,GGTAGG,1.80078125,0,AAAAAN,2.0,0,AAAAAN,2.0,3250,GGAGGN,0.03797784447669983,1450,CAGAGN,0.04870428517460823,1450,CAGAGN,0.04870428517460823,False,False,True,0.002826511859893799,
9,26,20,attn,degradation,0.943359375,1.0837843418121338,3453,GGTAGG,1.76953125,0,AAAAAN,2.0,0,AAAAAN,2.0,3250,GGAGGN,0.037759266793727875,1450,CAGAGN,0.04595895856618881,1450,CAGAGN,0.04595895856618881,False,False,True,0.00031310319900512695,
9,27,20,attn,degradation,0.93701171875,0.8905466794967651,3453,GGTAGG,1.771484375,0,AAAAAN,2.0,0,AAAAAN,2.0,3250,GGAGGN,0.038637831807136536,1450,CAGAGN,0.044718194752931595,1450,CAGAGN,0.044718194752931595,False,False,True,-0.0014083683490753174,
9,28,20,attn,degradation,0.93408203125,0.8479126691818237,3453,GGTAGG,1.7724609375,0,AAAAAN,2.0,0,AAAAAN,2.0,3250,GGAGGN,0.03852715715765953,1450,CAGAGN,0.044139932841062546,1450,CAGAGN,0.044139932841062546,False,False,True,-0.002157926559448242,
9,29,20,attn,degradation,0.91845703125,0.908959686756134,3453,GGTAGG,1.77734375,0,AAAAAN,2.0,0,AAAAAN,2.0,3250,GGAGGN,0.037946734577417374,1450,CAGAGN,0.044229041785001755,1450,CAGAGN,0.044229041785001755,False,False,True,-0.0005243420600891113,
9,30,20,attn,degradation,0.9306640625,1.0005943775177002,3453,GGTAGG,1.7734375,0,AAAAAN,2.0,0,AAAAAN,2.0,3250,GGAGGN,0.03742677718400955,1450,CAGAGN,0.04471408575773239,1450,CAGAGN,0.04471408575773239,False,False,True,0.00013554096221923828,
9,31,20,attn,degradation,0.94677734375,1.0538477897644043,3453,GGTAGG,1.7685546875,0,AAAAAN,2.0,0,AAAAAN,2.0,3250,GGAGGN,0.03716713562607765,1450,CAGAGN,0.04503849893808365,1450,CAGAGN,0.04503849893808365,False,False,True,0.0014815926551818848,
9,32,20,attn,degradation,0.96240234375,0.977196455001831,3453,GGTAGG,1.763671875,0,AAAAAN,2.0,0,AAAAAN,2.0,3250,GGAGGN,0.03757830709218979,1450,CAGAGN,0.04460899904370308,1450,CAGAGN,0.04460899904370308,False,False,True,0.0006528496742248535,
10,0,20,attn,degradation,1.009765625,0.9101675748825073,3453,GGTAGG,1.7490234375,0,AAAAAN,2.0,0,AAAAAN,2.0,3250,GGAGGN,0.038075849413871765,1450,CAGAGN,0.04437140375375748,1450,CAGAGN,0.04437140375375748,False,False,True,0.0006770491600036621,
10,1,20,attn,degradation,0.984375,0.8340535759925842,3453,GGTAGG,1.7568359375,0,AAAAAN,2.0,0,AAAAAN,2.0,3250,GGAGGN,0.03848426043987274,1450,CAGAGN,0.043945036828517914,1450,CAGAGN,0.043945036828517914,False,False,True,-0.0008393526077270508,
10,2,20,attn,degradation,0.95263671875,0.9810951352119446,3453,GGTAGG,1.7666015625,0,AAAAAN,2.0,0,AAAAAN,2.0,3250,GGAGGN,0.03742247074842453,1450,CAGAGN,0.044495921581983566,1450,CAGAGN,0.044495921581983566,False,False,True,-0.0009628236293792725,
10,3,20,attn,degradation,0.9306640625,1.0365883111953735,3453,GGTAGG,1.7734375,0,AAAAAN,2.0,0,AAAAAN,2.0,3250,GGAGGN,0.037025149911642075,1450,CAGAGN,0.044707220047712326,1450,CAGAGN,0.044707220047712326,False,False,True,-0.0016556084156036377,
10,4,20,attn,degradation,0.97802734375,1.1059027910232544,3453,GGTAGG,1.7587890625,0,AAAAAN,2.0,0,AAAAAN,2.0,3250,GGAGGN,0.035583991557359695,1450,CAGAGN,0.044026266783475876,1450,CAGAGN,0.044026266783475876,False,False,True,-0.0016638636589050293,
10,5,20,attn,degradation,1.08203125,1.0445985794067383,3453,GGTAGG,1.7265625,0,AAAAAN,2.0,0,AAAAAN,2.0,3250,GGAGGN,0.036525458097457886,1450,CAGAGN,0.044295381754636765,1450,CAGAGN,0.044295381754636765,False,False,True,-0.0019524991512298584,
10,6,20,attn,degradation,1.0283203125,1.1921995878219604,3453,GGTAGG,1.7431640625,0,AAAAAN,2.0,0,AAAAAN,2.0,3250,GGAGGN,0.03577461466193199,1450,CAGAGN,0.0451633483171463,1450,CAGAGN,0.0451633483171463,False,False,True,-0.00342714786529541,
10,7,20,attn,degradation,1.025390625,1.1008878946304321,3453,GGTAGG,1.744140625,0,AAAAAN,2.0,0,AAAAAN,2.0,3250,GGAGGN,0.036627400666475296,1450,CAGAGN,0.045014675706624985,1450,CAGAGN,0.045014675706624985,False,False,True,-0.004072815179824829,
10,8,20,attn,degradation,0.94677734375,1.4120725393295288,3453,GGTAGG,1.7685546875,0,AAAAAN,2.0,0,AAAAAN,2.0,3250,GGAGGN,0.03430028632283211,1450,CAGAGN,0.046100471168756485,1450,CAGAGN,0.046100471168756485,False,False,True,-0.003471583127975464,
10,9,20,attn,degradation,1.169921875,0.9558398723602295,3453,GGTAGG,1.69921875,0,AAAAAN,2.0,0,AAAAAN,2.0,3250,GGAGGN,0.04318343847990036,1450,CAGAGN,0.04997990280389786,1450,CAGAGN,0.04997990280389786,False,False,True,0.039260923862457275,
10,10,20,attn,degradation,1.2705078125,1.711637258529663,3453,GGTAGG,1.66796875,0,AAAAAN,2.0,0,AAAAAN,2.0,3250,GGAGGN,0.04137497767806053,1450,CAGAGN,0.056460630148649216,1450,CAGAGN,0.056460630148649216,False,False,True,0.04163435101509094,
10,11,20,attn,degradation,1.283203125,1.1844226121902466,3453,GGTAGG,1.6640625,0,AAAAAN,2.0,0,AAAAAN,2.0,3250,GGAGGN,0.04448390007019043,1450,CAGAGN,0.053787339478731155,1450,CAGAGN,0.053787339478731155,False,False,True,0.041267186403274536,
10,12,20,attn,degradation,1.0693359375,1.527631402015686,3453,GGTAGG,1.73046875,0,AAAAAN,2.0,0,AAAAAN,2.0,3250,GGAGGN,0.03622220456600189,1450,CAGAGN,0.049289777874946594,1450,CAGAGN,0.049289777874946594,False,False,True,-0.001452118158340454,
10,13,20,attn,degradation,1.056640625,0.9415439963340759,3453,GGTAGG,1.734375,0,AAAAAN,2.0,0,AAAAAN,2.0,3250,GGAGGN,0.03823411464691162,1450,CAGAGN,0.044873788952827454,1450,CAGAGN,0.044873788952827454,False,False,True,-0.0028370022773742676,
10,14,20,attn,degradation,1.0908203125,0.9105072021484375,3453,GGTAGG,1.7236328125,0,AAAAAN,2.0,0,AAAAAN,2.0,3250,GGAGGN,0.037552591413259506,1450,CAGAGN,0.04385187104344368,1450,CAGAGN,0.04385187104344368,False,False,True,-0.001811206340789795,
10,15,20,attn,degradation,1.046875,0.6891169548034668,3453,GGTAGG,1.7373046875,0,AAAAAN,2.0,0,AAAAAN,2.0,3250,GGAGGN,0.038130659610033035,1450,CAGAGN,0.04200184717774391,1450,CAGAGN,0.04200184717774391,False,False,True,-0.0020287930965423584,
10,16,20,attn,degradation,1.1259765625,0.7418676018714905,3453,GGTAGG,1.712890625,0,AAAAAN,2.0,0,AAAAAN,2.0,3250,GGAGGN,0.03666889667510986,1450,CAGAGN,0.04111862555146217,1450,CAGAGN,0.04111862555146217,False,False,True,0.0010915398597717285,
10,17,20,attn,degradation,1.1064453125,0.8186663389205933,3453,GGTAGG,1.71875,0,AAAAAN,2.0,0,AAAAAN,2.0,3250,GGAGGN,0.03653136268258095,1450,CAGAGN,0.0418233796954155,1450,CAGAGN,0.0418233796954155,False,False,True,-0.0006860792636871338,
10,18,20,attn,degradation,1.1728515625,1.085436463356018,3453,GGTAGG,1.6982421875,0,AAAAAN,2.0,0,AAAAAN,2.0,3250,GGAGGN,0.03694033995270729,1450,CAGAGN,0.04515815153717995,1450,CAGAGN,0.04515815153717995,False,False,True,-0.0017493963241577148,
10,19,20,attn,degradation,0.8994140625,0.3272811472415924,3453,GGTAGG,1.783203125,0,AAAAAN,2.0,0,AAAAAN,2.0,3250,GGAGGN,0.044304754585027695,1450,CAGAGN,0.04420751705765724,3250,GGAGGN,0.044304754585027695,False,True,True,0.021884888410568237,
10,20,20,attn,degradation,0.96875,0.19585749506950378,3453,GGTAGG,1.76171875,0,AAAAAN,2.0,0,AAAAAN,2.0,3250,GGAGGN,0.04416247457265854,1450,CAGAGN,0.0426238514482975,3250,GGAGGN,0.04416247457265854,False,True,True,0.029448211193084717,
10,21,20,attn,degradation,0.82373046875,0.21016426384449005,3453,GGTAGG,1.806640625,0,AAAAAN,2.0,0,AAAAAN,2.0,3250,GGAGGN,0.04460928589105606,1450,CAGAGN,0.04322757199406624,3250,GGAGGN,0.04460928589105606,False,True,True,0.009641945362091064,
10,22,20,attn,degradation,0.8994140625,1.0608347654342651,3453,GGTAGG,1.783203125,0,AAAAAN,2.0,0,AAAAAN,2.0,3250,GGAGGN,0.036644089967012405,1450,CAGAGN,0.044592082500457764,1450,CAGAGN,0.044592082500457764,False,False,True,-0.0012272894382476807,
10,23,20,attn,degradation,0.76416015625,1.8139004707336426,3453,GGTAGG,1.8251953125,0,AAAAAN,2.0,0,AAAAAN,2.0,3250,GGAGGN,0.0354340597987175,1450,CAGAGN,0.05164128169417381,1450,CAGAGN,0.05164128169417381,False,False,True,0.008656024932861328,
10,24,20,attn,degradation,0.76123046875,1.66185462474823,3453,GGTAGG,1.826171875,0,AAAAAN,2.0,0,AAAAAN,2.0,3250,GGAGGN,0.035922639071941376,1450,CAGAGN,0.050462301820516586,1450,CAGAGN,0.050462301820516586,False,False,True,0.0052935779094696045,
10,25,20,attn,degradation,0.89306640625,1.564008116722107,3453,GGTAGG,1.78515625,0,AAAAAN,2.0,0,AAAAAN,2.0,3250,GGAGGN,0.03755052387714386,1450,CAGAGN,0.05101705715060234,1450,CAGAGN,0.05101705715060234,False,False,True,0.003554791212081909,
10,26,20,attn,degradation,1.041015625,0.9104107618331909,3453,GGTAGG,1.7392578125,0,AAAAAN,2.0,0,AAAAAN,2.0,3250,GGAGGN,0.038623109459877014,1450,CAGAGN,0.044921331107616425,1450,CAGAGN,0.044921331107616425,False,False,True,-0.001630932092666626,
10,27,20,attn,degradation,1.046875,0.8145298957824707,3453,GGTAGG,1.7373046875,0,AAAAAN,2.0,0,AAAAAN,2.0,3250,GGAGGN,0.03869030252099037,1450,CAGAGN,0.04393695294857025,1450,CAGAGN,0.04393695294857025,False,False,True,-0.0007969439029693604,
10,28,20,attn,degradation,1.025390625,0.8840369582176208,3453,GGTAGG,1.744140625,0,AAAAAN,2.0,0,AAAAAN,2.0,3250,GGAGGN,0.03778105601668358,1450,CAGAGN,0.043790023773908615,1450,CAGAGN,0.043790023773908615,False,False,True,-0.001269996166229248,
10,29,20,attn,degradation,1.005859375,0.9519907832145691,3453,GGTAGG,1.75,0,AAAAAN,2.0,0,AAAAAN,2.0,3250,GGAGGN,0.037606969475746155,1450,CAGAGN,0.04436121881008148,1450,CAGAGN,0.04436121881008148,False,False,True,0.00010356307029724121,
10,30,20,attn,degradation,0.98095703125,0.9613445401191711,3453,GGTAGG,1.7578125,0,AAAAAN,2.0,0,AAAAAN,2.0,3250,GGAGGN,0.03821641206741333,1450,CAGAGN,0.0450732484459877,1450,CAGAGN,0.0450732484459877,False,False,True,-0.0004704892635345459,
10,31,20,attn,degradation,0.96875,0.9701072573661804,3453,GGTAGG,1.76171875,0,AAAAAN,2.0,0,AAAAAN,2.0,3250,GGAGGN,0.0379476435482502,1450,CAGAGN,0.04490058496594429,1450,CAGAGN,0.04490058496594429,False,False,True,-0.00018018484115600586,
10,32,20,attn,degradation,0.984375,0.9714384078979492,3453,GGTAGG,1.7568359375,0,AAAAAN,2.0,0,AAAAAN,2.0,3250,GGAGGN,0.037967465817928314,1450,CAGAGN,0.04493500664830208,1450,CAGAGN,0.04493500664830208,False,False,True,-0.0003833770751953125,
11,0,20,attn,degradation,1.0,0.8958281874656677,3453,GGTAGG,1.751953125,0,AAAAAN,2.0,0,AAAAAN,2.0,3250,GGAGGN,0.038068756461143494,1450,CAGAGN,0.04420704394578934,1450,CAGAGN,0.04420704394578934,False,False,True,0.000130385160446167,
11,1,20,attn,degradation,1.0,0.9692482352256775,3453,GGTAGG,1.751953125,0,AAAAAN,2.0,0,AAAAAN,2.0,3250,GGAGGN,0.037581268697977066,1450,CAGAGN,0.04452478885650635,1450,CAGAGN,0.04452478885650635,False,False,True,0.0004944801330566406,
11,2,20,attn,degradation,0.96875,0.9687163233757019,3453,GGTAGG,1.76171875,0,AAAAAN,2.0,0,AAAAAN,2.0,3250,GGAGGN,0.0375717356801033,1450,CAGAGN,0.04450942203402519,1450,CAGAGN,0.04450942203402519,False,False,True,0.0004899799823760986,
11,3,20,attn,degradation,0.9873046875,1.094870686531067,3453,GGTAGG,1.755859375,0,AAAAAN,2.0,0,AAAAAN,2.0,3250,GGAGGN,0.03624420240521431,1450,CAGAGN,0.044565483927726746,1450,CAGAGN,0.044565483927726746,False,False,True,8.955597877502441e-05,
11,4,20,attn,degradation,1.009765625,1.0883525609970093,3453,GGTAGG,1.7490234375,0,AAAAAN,2.0,0,AAAAAN,2.0,3250,GGAGGN,0.03502051904797554,1450,CAGAGN,0.04327031224966049,1450,CAGAGN,0.04327031224966049,False,False,True,-0.0016015470027923584,
11,5,20,attn,degradation,1.0625,1.226435661315918,3453,GGTAGG,1.732421875,0,AAAAAN,2.0,0,AAAAAN,2.0,3250,GGAGGN,0.03426683694124222,1450,CAGAGN,0.0440310537815094,1450,CAGAGN,0.0440310537815094,False,False,True,-0.0020912885665893555,
11,6,20,attn,degradation,0.9873046875,1.3526519536972046,3453,GGTAGG,1.755859375,0,AAAAAN,2.0,0,AAAAAN,2.0,3250,GGAGGN,0.0338384248316288,1450,CAGAGN,0.04498691484332085,1450,CAGAGN,0.04498691484332085,False,False,True,-0.0016682446002960205,
11,7,20,attn,degradation,0.9970703125,1.2947726249694824,3453,GGTAGG,1.7529296875,0,AAAAAN,2.0,0,AAAAAN,2.0,3250,GGAGGN,0.03450469672679901,1450,CAGAGN,0.04501839727163315,1450,CAGAGN,0.04501839727163315,False,False,True,-0.001323312520980835,
11,8,20,attn,degradation,1.0,1.5569969415664673,3453,GGTAGG,1.751953125,0,AAAAAN,2.0,0,AAAAAN,2.0,3250,GGAGGN,0.03339213505387306,1450,CAGAGN,0.04678177461028099,1450,CAGAGN,0.04678177461028099,False,False,True,0.0001977086067199707,
11,9,20,attn,degradation,1.046875,1.3638099431991577,3453,GGTAGG,1.7373046875,0,AAAAAN,2.0,0,AAAAAN,2.0,3250,GGAGGN,0.03445575758814812,1450,CAGAGN,0.04572662338614464,1450,CAGAGN,0.04572662338614464,False,False,True,-0.0008210539817810059,
11,10,20,attn,degradation,0.90234375,1.2946337461471558,3453,GGTAGG,1.7822265625,0,AAAAAN,2.0,0,AAAAAN,2.0,3250,GGAGGN,0.03415118157863617,1450,CAGAGN,0.044663358479738235,1450,CAGAGN,0.044663358479738235,False,False,True,-0.0012735426425933838,
11,11,20,attn,degradation,0.95263671875,0.9223690629005432,3453,GGTAGG,1.7666015625,0,AAAAAN,2.0,0,AAAAAN,2.0,3250,GGAGGN,0.03550964966416359,1450,CAGAGN,0.04193902388215065,1450,CAGAGN,0.04193902388215065,False,False,True,-0.0032179057598114014,
11,12,20,attn,degradation,0.90576171875,0.879615843296051,3453,GGTAGG,1.78125,0,AAAAAN,2.0,0,AAAAAN,2.0,3250,GGAGGN,0.03606868162751198,1450,CAGAGN,0.042029161006212234,1450,CAGAGN,0.042029161006212234,False,False,True,-0.004113376140594482,
11,13,20,attn,degradation,1.0185546875,0.731238067150116,3453,GGTAGG,1.74609375,0,AAAAAN,2.0,0,AAAAAN,2.0,3250,GGAGGN,0.03827299550175667,1450,CAGAGN,0.04260614514350891,1450,CAGAGN,0.04260614514350891,False,False,True,-0.0034245848655700684,
11,14,20,attn,degradation,0.943359375,0.702158510684967,3453,GGTAGG,1.76953125,0,AAAAAN,2.0,0,AAAAAN,2.0,3250,GGAGGN,0.03841238468885422,1450,CAGAGN,0.04242660477757454,1450,CAGAGN,0.04242660477757454,False,False,True,-0.0008658766746520996,
11,15,20,attn,degradation,1.1005859375,0.9505587220191956,3453,GGTAGG,1.720703125,0,AAAAAN,2.0,0,AAAAAN,2.0,3250,GGAGGN,0.03667271137237549,1450,CAGAGN,0.0434112548828125,1450,CAGAGN,0.0434112548828125,False,False,True,0.004810720682144165,
11,16,20,attn,degradation,1.216796875,1.0090066194534302,3453,GGTAGG,1.6845703125,0,AAAAAN,2.0,0,AAAAAN,2.0,3250,GGAGGN,0.036330439150333405,1450,CAGAGN,0.04371000826358795,1450,CAGAGN,0.04371000826358795,False,False,True,-0.0008440911769866943,
11,17,20,attn,degradation,1.1982421875,0.6796925663948059,3453,GGTAGG,1.6904296875,0,AAAAAN,2.0,0,AAAAAN,2.0,3250,GGAGGN,0.03827043995261192,1450,CAGAGN,0.042038265615701675,1450,CAGAGN,0.042038265615701675,False,False,True,-0.007607161998748779,
11,18,20,attn,degradation,1.1513671875,1.5574504137039185,3453,GGTAGG,1.705078125,0,AAAAAN,2.0,0,AAAAAN,2.0,3250,GGAGGN,0.03835304453969002,1450,CAGAGN,0.05174765735864639,1450,CAGAGN,0.05174765735864639,False,False,True,0.003473132848739624,
11,19,20,attn,degradation,0.83984375,2.1647911071777344,3453,GGTAGG,1.8017578125,0,AAAAAN,2.0,0,AAAAAN,2.0,3250,GGAGGN,0.0372198261320591,1450,CAGAGN,0.0572754330933094,1450,CAGAGN,0.0572754330933094,False,False,True,0.01355704665184021,
11,20,20,attn,degradation,0.80517578125,2.86088490486145,3453,GGTAGG,1.8125,0,AAAAAN,2.0,0,AAAAAN,2.0,3250,GGAGGN,0.035491276532411575,1450,CAGAGN,0.06318127363920212,1450,CAGAGN,0.06318127363920212,False,False,True,0.021344482898712158,
11,21,20,attn,degradation,0.67919921875,1.9835315942764282,3453,GGTAGG,1.8515625,0,AAAAAN,2.0,0,AAAAAN,2.0,3250,GGAGGN,0.038053546100854874,1450,CAGAGN,0.05612119287252426,1450,CAGAGN,0.05612119287252426,False,False,True,-0.00368499755859375,
11,22,20,attn,degradation,0.86181640625,1.3721898794174194,3453,GGTAGG,1.794921875,0,AAAAAN,2.0,0,AAAAAN,2.0,3250,GGAGGN,0.04036223143339157,1450,CAGAGN,0.051725003868341446,1450,CAGAGN,0.051725003868341446,False,False,True,0.0027347803115844727,
11,23,20,attn,degradation,0.8427734375,1.3218413591384888,3453,GGTAGG,1.80078125,0,AAAAAN,2.0,0,AAAAAN,2.0,3250,GGAGGN,0.040192630141973495,1450,CAGAGN,0.05100320652127266,1450,CAGAGN,0.05100320652127266,False,False,True,0.0042684972286224365,
11,24,20,attn,degradation,0.94970703125,1.0862747430801392,3453,GGTAGG,1.767578125,0,AAAAAN,2.0,0,AAAAAN,2.0,3250,GGAGGN,0.03908170014619827,1450,CAGAGN,0.04730870574712753,1450,CAGAGN,0.04730870574712753,False,False,True,0.005859375,
11,25,20,attn,degradation,1.046875,0.9737855195999146,3453,GGTAGG,1.7373046875,0,AAAAAN,2.0,0,AAAAAN,2.0,3250,GGAGGN,0.03834536299109459,1450,CAGAGN,0.045338645577430725,1450,CAGAGN,0.045338645577430725,False,False,True,0.0028388500213623047,
11,26,20,attn,degradation,1.0908203125,0.8609399199485779,3453,GGTAGG,1.7236328125,0,AAAAAN,2.0,0,AAAAAN,2.0,3250,GGAGGN,0.037408553063869476,1450,CAGAGN,0.0431642048060894,1450,CAGAGN,0.0431642048060894,False,False,True,-0.001048654317855835,
11,27,20,attn,degradation,1.0625,0.6690273284912109,3453,GGTAGG,1.732421875,0,AAAAAN,2.0,0,AAAAAN,2.0,3250,GGAGGN,0.039185356348752975,1450,CAGAGN,0.04283621162176132,1450,CAGAGN,0.04283621162176132,False,False,True,-0.0018570423126220703,
11,28,20,attn,degradation,1.0126953125,0.7202606797218323,3453,GGTAGG,1.748046875,0,AAAAAN,2.0,0,AAAAAN,2.0,3250,GGAGGN,0.03997039794921875,1450,CAGAGN,0.0441831536591053,1450,CAGAGN,0.0441831536591053,False,False,True,-0.0007852315902709961,
11,29,20,attn,degradation,1.025390625,0.6709379553794861,3453,GGTAGG,1.744140625,0,AAAAAN,2.0,0,AAAAAN,2.0,3250,GGAGGN,0.040863920003175735,1450,CAGAGN,0.04453573003411293,1450,CAGAGN,0.04453573003411293,False,False,True,-5.429983139038086e-05,
11,30,20,attn,degradation,0.9873046875,0.7847315669059753,3453,GGTAGG,1.755859375,0,AAAAAN,2.0,0,AAAAAN,2.0,3250,GGAGGN,0.040107179433107376,1450,CAGAGN,0.04502701759338379,1450,CAGAGN,0.04502701759338379,False,False,True,-0.00036832690238952637,
11,31,20,attn,degradation,1.015625,0.8132527470588684,3453,GGTAGG,1.7470703125,0,AAAAAN,2.0,0,AAAAAN,2.0,3250,GGAGGN,0.03890502452850342,1450,CAGAGN,0.04413766786456108,1450,CAGAGN,0.04413766786456108,False,False,True,-0.0011787116527557373,
11,32,20,attn,degradation,0.9873046875,0.9019978642463684,3453,GGTAGG,1.755859375,0,AAAAAN,2.0,0,AAAAAN,2.0,3250,GGAGGN,0.03825708106160164,1450,CAGAGN,0.044463034719228745,1450,CAGAGN,0.044463034719228745,False,False,True,-0.0016134977340698242,
12,0,20,attn,degradation,1.025390625,1.046496033668518,3453,GGTAGG,1.744140625,0,AAAAAN,2.0,0,AAAAAN,2.0,3250,GGAGGN,0.037165701389312744,1450,CAGAGN,0.04495643451809883,1450,CAGAGN,0.04495643451809883,False,False,True,1.84476375579834e-05,
12,1,20,attn,degradation,0.88671875,1.1560074090957642,3453,GGTAGG,1.787109375,0,AAAAAN,2.0,0,AAAAAN,2.0,3250,GGAGGN,0.037130486220121384,1450,CAGAGN,0.04612228274345398,1450,CAGAGN,0.04612228274345398,False,False,True,-0.00293576717376709,
12,2,20,attn,degradation,0.7578125,0.9437640309333801,3453,GGTAGG,1.8271484375,0,AAAAAN,2.0,0,AAAAAN,2.0,3250,GGAGGN,0.03865721821784973,1450,CAGAGN,0.04532124102115631,1450,CAGAGN,0.04532124102115631,False,False,True,-0.0055883824825286865,
12,3,20,attn,degradation,0.7578125,0.9041167497634888,3453,GGTAGG,1.8271484375,0,AAAAAN,2.0,0,AAAAAN,2.0,3250,GGAGGN,0.03852243721485138,1450,CAGAGN,0.04475162923336029,1450,CAGAGN,0.04475162923336029,False,False,True,-0.005771517753601074,
12,4,20,attn,degradation,0.7734375,1.035704493522644,3453,GGTAGG,1.822265625,0,AAAAAN,2.0,0,AAAAAN,2.0,3250,GGAGGN,0.037551261484622955,1450,CAGAGN,0.04522363841533661,1450,CAGAGN,0.04522363841533661,False,False,True,-0.005802661180496216,
12,5,20,attn,degradation,0.8427734375,1.008394479751587,3453,GGTAGG,1.80078125,0,AAAAAN,2.0,0,AAAAAN,2.0,3250,GGAGGN,0.03798705339431763,1450,CAGAGN,0.045359909534454346,1450,CAGAGN,0.045359909534454346,False,False,True,-0.005272656679153442,
12,6,20,attn,degradation,0.76708984375,0.5312998294830322,3453,GGTAGG,1.82421875,0,AAAAAN,2.0,0,AAAAAN,2.0,3250,GGAGGN,0.039479345083236694,1450,CAGAGN,0.0416196770966053,1450,CAGAGN,0.0416196770966053,False,False,True,-0.006193667650222778,
12,7,20,attn,degradation,0.87109375,0.06298956274986267,3453,GGTAGG,1.7919921875,0,AAAAAN,2.0,0,AAAAAN,2.0,3250,GGAGGN,0.041989680379629135,1450,CAGAGN,0.03899383172392845,3250,GGAGGN,0.041989680379629135,False,True,True,-0.00485992431640625,
12,8,20,attn,degradation,1.025390625,0.5413726568222046,3453,GGTAGG,1.744140625,0,AAAAAN,2.0,0,AAAAAN,2.0,3250,GGAGGN,0.039023637771606445,1450,CAGAGN,0.04127444326877594,1450,CAGAGN,0.04127444326877594,False,False,True,-0.0032204389572143555,
12,9,20,attn,degradation,0.82080078125,0.8783791065216064,3453,GGTAGG,1.8076171875,0,AAAAAN,2.0,0,AAAAAN,2.0,3250,GGAGGN,0.03939000517129898,1450,CAGAGN,0.04533692076802254,1450,CAGAGN,0.04533692076802254,False,False,True,-0.0009319484233856201,
12,10,20,attn,degradation,0.88671875,0.7565412521362305,3453,GGTAGG,1.787109375,0,AAAAAN,2.0,0,AAAAAN,2.0,3250,GGAGGN,0.04009206220507622,1450,CAGAGN,0.04470272362232208,1450,CAGAGN,0.04470272362232208,False,False,True,0.0009506344795227051,
12,11,20,attn,degradation,0.7138671875,0.22493571043014526,3453,GGTAGG,1.8408203125,0,AAAAAN,2.0,0,AAAAAN,2.0,3250,GGAGGN,0.041922688484191895,1450,CAGAGN,0.040702980011701584,3250,GGAGGN,0.041922688484191895,False,True,True,-0.0016112923622131348,
12,12,20,attn,degradation,0.98095703125,0.44327712059020996,3453,GGTAGG,1.7578125,0,AAAAAN,2.0,0,AAAAAN,2.0,3250,GGAGGN,0.039541095495224,1450,CAGAGN,0.04071604087948799,1450,CAGAGN,0.04071604087948799,False,False,True,-0.003177821636199951,
12,13,20,attn,degradation,0.943359375,0.6282985210418701,3453,GGTAGG,1.76953125,0,AAAAAN,2.0,0,AAAAAN,2.0,3250,GGAGGN,0.03724914789199829,1450,CAGAGN,0.040453311055898666,1450,CAGAGN,0.040453311055898666,False,False,True,-0.003847271203994751,
12,14,20,attn,degradation,0.9306640625,0.711478590965271,3453,GGTAGG,1.7734375,0,AAAAAN,2.0,0,AAAAAN,2.0,3250,GGAGGN,0.037280578166246414,1450,CAGAGN,0.04139701649546623,1450,CAGAGN,0.04139701649546623,False,False,True,-0.0030316412448883057,
12,15,20,attn,degradation,0.8740234375,0.6266868114471436,3453,GGTAGG,1.791015625,0,AAAAAN,2.0,0,AAAAAN,2.0,3250,GGAGGN,0.0368943028151989,1450,CAGAGN,0.04008078947663307,1450,CAGAGN,0.04008078947663307,False,False,True,-0.0056525468826293945,
12,16,20,attn,degradation,0.88037109375,0.5634968876838684,3453,GGTAGG,1.7890625,0,AAAAAN,2.0,0,AAAAAN,2.0,3250,GGAGGN,0.03696484863758087,1450,CAGAGN,0.03945830091834068,1450,CAGAGN,0.03945830091834068,False,False,True,-0.004585772752761841,
12,17,20,attn,degradation,0.9560546875,0.5145158171653748,3453,GGTAGG,1.765625,0,AAAAAN,2.0,0,AAAAAN,2.0,3250,GGAGGN,0.03718652203679085,1450,CAGAGN,0.039142776280641556,1450,CAGAGN,0.039142776280641556,False,False,True,-0.0030391812324523926,
12,18,20,attn,degradation,0.59765625,0.19776642322540283,3453,GGTAGG,1.876953125,0,AAAAAN,2.0,0,AAAAAN,2.0,3250,GGAGGN,0.04201739281415939,1450,CAGAGN,0.04049970582127571,3250,GGAGGN,0.04201739281415939,False,True,True,0.009577929973602295,
12,19,20,attn,degradation,0.254638671875,0.41232869029045105,3453,GGTAGG,1.9833984375,0,AAAAAN,2.0,0,AAAAAN,2.0,3250,GGAGGN,0.04314479976892471,1450,CAGAGN,0.04398031905293465,1450,CAGAGN,0.04398031905293465,False,False,True,0.014075368642807007,
12,20,20,attn,degradation,0.210693359375,0.9397094249725342,3453,GGTAGG,1.9970703125,0,AAAAAN,2.0,0,AAAAAN,2.0,3250,GGAGGN,0.041421957314014435,1450,CAGAGN,0.048041511327028275,1450,CAGAGN,0.048041511327028275,False,False,True,0.012849986553192139,
12,21,20,attn,degradation,0.60986328125,1.9285860061645508,3453,GGTAGG,1.873046875,0,AAAAAN,2.0,0,AAAAAN,2.0,3250,GGAGGN,0.03515766188502312,1450,CAGAGN,0.05262269452214241,1450,CAGAGN,0.05262269452214241,False,False,True,-0.004493087530136108,
12,22,20,attn,degradation,0.94677734375,2.0509514808654785,3453,GGTAGG,1.7685546875,0,AAAAAN,2.0,0,AAAAAN,2.0,3250,GGAGGN,0.03455282002687454,1450,CAGAGN,0.05335989221930504,1450,CAGAGN,0.05335989221930504,False,False,True,0.001729428768157959,
12,23,20,attn,degradation,0.70458984375,1.6060707569122314,3453,GGTAGG,1.84375,0,AAAAAN,2.0,0,AAAAAN,2.0,3250,GGAGGN,0.03798893839120865,1450,CAGAGN,0.05191679298877716,1450,CAGAGN,0.05191679298877716,False,False,True,-0.001124262809753418,
12,24,20,attn,degradation,0.701171875,1.3602988719940186,3453,GGTAGG,1.8447265625,0,AAAAAN,2.0,0,AAAAAN,2.0,3250,GGAGGN,0.03894423693418503,1450,CAGAGN,0.05017659440636635,1450,CAGAGN,0.05017659440636635,False,False,True,-0.000591278076171875,
12,25,20,attn,degradation,0.8837890625,0.8773159980773926,3453,GGTAGG,1.7880859375,0,AAAAAN,2.0,0,AAAAAN,2.0,3250,GGAGGN,0.03882458060979843,1450,CAGAGN,0.0447598360478878,1450,CAGAGN,0.0447598360478878,False,False,True,-0.00017502903938293457,
12,26,20,attn,degradation,1.0625,0.9171769022941589,3453,GGTAGG,1.732421875,0,AAAAAN,2.0,0,AAAAAN,2.0,3250,GGAGGN,0.03736868500709534,1450,CAGAGN,0.04374111443758011,1450,CAGAGN,0.04374111443758011,False,False,True,-0.0007557868957519531,
12,27,20,attn,degradation,1.041015625,1.03402578830719,3453,GGTAGG,1.7392578125,0,AAAAAN,2.0,0,AAAAAN,2.0,3250,GGAGGN,0.03747125715017319,1450,CAGAGN,0.04512522369623184,1450,CAGAGN,0.04512522369623184,False,False,True,0.0002694427967071533,
12,28,20,attn,degradation,0.9306640625,1.2468096017837524,3453,GGTAGG,1.7734375,0,AAAAAN,2.0,0,AAAAAN,2.0,3250,GGAGGN,0.03780406340956688,1450,CAGAGN,0.0477917306125164,1450,CAGAGN,0.0477917306125164,False,False,True,-1.9162893295288086e-05,
12,29,20,attn,degradation,0.92138671875,1.0671043395996094,3453,GGTAGG,1.7763671875,0,AAAAAN,2.0,0,AAAAAN,2.0,3250,GGAGGN,0.03839264437556267,1450,CAGAGN,0.046409398317337036,1450,CAGAGN,0.046409398317337036,False,False,True,0.00043970346450805664,
12,30,20,attn,degradation,0.95263671875,0.9468104839324951,3453,GGTAGG,1.7666015625,0,AAAAAN,2.0,0,AAAAAN,2.0,3250,GGAGGN,0.03829410672187805,1450,CAGAGN,0.044991541653871536,1450,CAGAGN,0.044991541653871536,False,False,True,-0.000575631856918335,
12,31,20,attn,degradation,0.98095703125,0.8235443234443665,3453,GGTAGG,1.7578125,0,AAAAAN,2.0,0,AAAAAN,2.0,3250,GGAGGN,0.03860923647880554,1450,CAGAGN,0.0439547523856163,1450,CAGAGN,0.0439547523856163,False,False,True,-0.0015735328197479248,
12,32,20,attn,degradation,0.99365234375,0.8694173693656921,3453,GGTAGG,1.75390625,0,AAAAAN,2.0,0,AAAAAN,2.0,3250,GGAGGN,0.03764645382761955,1450,CAGAGN,0.04349508136510849,1450,CAGAGN,0.04349508136510849,False,False,True,-0.0028075575828552246,
13,0,20,attn,degradation,0.98095703125,0.9043402075767517,3453,GGTAGG,1.7578125,0,AAAAAN,2.0,0,AAAAAN,2.0,3250,GGAGGN,0.03796270117163658,1450,CAGAGN,0.04419434443116188,1450,CAGAGN,0.04419434443116188,False,False,True,-0.00024083256721496582,
13,1,20,attn,degradation,0.9150390625,0.8462564945220947,3453,GGTAGG,1.7783203125,0,AAAAAN,2.0,0,AAAAAN,2.0,3250,GGAGGN,0.039258699864149094,1450,CAGAGN,0.04485331103205681,1450,CAGAGN,0.04485331103205681,False,False,True,-0.002105921506881714,
13,2,20,attn,degradation,0.9560546875,0.7967286109924316,3453,GGTAGG,1.765625,0,AAAAAN,2.0,0,AAAAAN,2.0,3250,GGAGGN,0.040031976997852325,1450,CAGAGN,0.04508339241147041,1450,CAGAGN,0.04508339241147041,False,False,True,-0.0025289952754974365,
13,3,20,attn,degradation,0.9560546875,0.8398275971412659,3453,GGTAGG,1.765625,0,AAAAAN,2.0,0,AAAAAN,2.0,3250,GGAGGN,0.04008014500141144,1450,CAGAGN,0.045604247599840164,1450,CAGAGN,0.045604247599840164,False,False,True,-0.0026419460773468018,
13,4,20,attn,degradation,0.94970703125,1.111162543296814,3453,GGTAGG,1.767578125,0,AAAAAN,2.0,0,AAAAAN,2.0,3250,GGAGGN,0.038317859172821045,1450,CAGAGN,0.04681782051920891,1450,CAGAGN,0.04681782051920891,False,False,True,-0.0011227428913116455,
13,5,20,attn,degradation,0.94970703125,1.1052998304367065,3453,GGTAGG,1.767578125,0,AAAAAN,2.0,0,AAAAAN,2.0,3250,GGAGGN,0.03809522092342377,1450,CAGAGN,0.04653088375926018,1450,CAGAGN,0.04653088375926018,False,False,True,-0.0009780526161193848,
13,6,20,attn,degradation,0.93408203125,1.1117039918899536,3453,GGTAGG,1.7724609375,0,AAAAAN,2.0,0,AAAAAN,2.0,3250,GGAGGN,0.0374673567712307,1450,CAGAGN,0.04597325623035431,1450,CAGAGN,0.04597325623035431,False,False,True,-0.00014582276344299316,
13,7,20,attn,degradation,0.94677734375,1.0198332071304321,3453,GGTAGG,1.7685546875,0,AAAAAN,2.0,0,AAAAAN,2.0,3250,GGAGGN,0.03755214810371399,1450,CAGAGN,0.04505045711994171,1450,CAGAGN,0.04505045711994171,False,False,True,0.0007958710193634033,
13,8,20,attn,degradation,0.96875,1.3148999214172363,3453,GGTAGG,1.76171875,0,AAAAAN,2.0,0,AAAAAN,2.0,3250,GGAGGN,0.03563371300697327,1450,CAGAGN,0.04636815935373306,1450,CAGAGN,0.04636815935373306,False,False,True,0.002927422523498535,
13,9,20,attn,degradation,0.8583984375,1.3468636274337769,3453,GGTAGG,1.7958984375,0,AAAAAN,2.0,0,AAAAAN,2.0,3250,GGAGGN,0.03566034883260727,1450,CAGAGN,0.04674535617232323,1450,CAGAGN,0.04674535617232323,False,False,True,0.002097189426422119,
13,10,20,attn,degradation,0.69482421875,1.4318212270736694,3453,GGTAGG,1.8466796875,0,AAAAAN,2.0,0,AAAAAN,2.0,3250,GGAGGN,0.03504263237118721,1450,CAGAGN,0.04705940932035446,1450,CAGAGN,0.04705940932035446,False,False,True,0.0008605718612670898,
13,11,20,attn,degradation,0.5595703125,1.2569228410720825,3453,GGTAGG,1.888671875,0,AAAAAN,2.0,0,AAAAAN,2.0,3250,GGAGGN,0.03542078286409378,1450,CAGAGN,0.04551936686038971,1450,CAGAGN,0.04551936686038971,False,False,True,-0.0002955198287963867,
13,12,20,attn,degradation,0.7294921875,1.0915277004241943,3453,GGTAGG,1.8359375,0,AAAAAN,2.0,0,AAAAAN,2.0,3250,GGAGGN,0.03459981828927994,1450,CAGAGN,0.04288443550467491,1450,CAGAGN,0.04288443550467491,False,False,True,0.0005707144737243652,
13,13,20,attn,degradation,0.96240234375,0.8331643342971802,3453,GGTAGG,1.763671875,0,AAAAAN,2.0,0,AAAAAN,2.0,3250,GGAGGN,0.03591316565871239,1450,CAGAGN,0.041364189237356186,1450,CAGAGN,0.041364189237356186,False,False,True,0.001226276159286499,
13,14,20,attn,degradation,1.08203125,0.8932303786277771,3453,GGTAGG,1.7265625,0,AAAAAN,2.0,0,AAAAAN,2.0,3250,GGAGGN,0.03705992549657822,1450,CAGAGN,0.04316972196102142,1450,CAGAGN,0.04316972196102142,False,False,True,0.0011290311813354492,
13,15,20,attn,degradation,0.9970703125,0.8359526991844177,3453,GGTAGG,1.7529296875,0,AAAAAN,2.0,0,AAAAAN,2.0,3250,GGAGGN,0.039325617253780365,1450,CAGAGN,0.04480722174048424,1450,CAGAGN,0.04480722174048424,False,False,True,0.0006044209003448486,
13,16,20,attn,degradation,0.93701171875,0.8441274166107178,3453,GGTAGG,1.771484375,0,AAAAAN,2.0,0,AAAAAN,2.0,3250,GGAGGN,0.039214733988046646,1450,CAGAGN,0.0447859950363636,1450,CAGAGN,0.0447859950363636,False,False,True,-0.006534993648529053,
13,17,20,attn,degradation,1.0126953125,0.6591732501983643,3453,GGTAGG,1.748046875,0,AAAAAN,2.0,0,AAAAAN,2.0,3250,GGAGGN,0.03980352357029915,1450,CAGAGN,0.043346304446458817,1450,CAGAGN,0.043346304446458817,False,False,True,-0.007589280605316162,
13,18,20,attn,degradation,1.185546875,0.9378687739372253,3453,GGTAGG,1.6943359375,0,AAAAAN,2.0,0,AAAAAN,2.0,3250,GGAGGN,0.03597184643149376,1450,CAGAGN,0.042571213096380234,1450,CAGAGN,0.042571213096380234,False,False,True,-0.0117226243019104,
13,19,20,attn,degradation,1.2607421875,1.2750719785690308,3453,GGTAGG,1.6708984375,0,AAAAAN,2.0,0,AAAAAN,2.0,3250,GGAGGN,0.03513478487730026,1450,CAGAGN,0.04543241858482361,1450,CAGAGN,0.04543241858482361,False,False,True,-0.017629921436309814,
13,20,20,attn,degradation,1.263671875,1.1971030235290527,3453,GGTAGG,1.669921875,0,AAAAAN,2.0,0,AAAAAN,2.0,3250,GGAGGN,0.034703582525253296,1450,CAGAGN,0.0441460944712162,1450,CAGAGN,0.0441460944712162,False,False,True,-0.017772197723388672,
13,21,20,attn,degradation,1.046875,1.5240437984466553,3453,GGTAGG,1.7373046875,0,AAAAAN,2.0,0,AAAAAN,2.0,3250,GGAGGN,0.03437252342700958,1450,CAGAGN,0.04740075021982193,1450,CAGAGN,0.04740075021982193,False,False,True,-0.01718074083328247,
13,22,20,attn,degradation,1.025390625,1.2782790660858154,3453,GGTAGG,1.744140625,0,AAAAAN,2.0,0,AAAAAN,2.0,3250,GGAGGN,0.036359839141368866,1450,CAGAGN,0.04669264703989029,1450,CAGAGN,0.04669264703989029,False,False,True,-0.005280524492263794,
13,23,20,attn,degradation,0.95263671875,1.3622026443481445,3453,GGTAGG,1.7666015625,0,AAAAAN,2.0,0,AAAAAN,2.0,3250,GGAGGN,0.03642873838543892,1450,CAGAGN,0.04768197610974312,1450,CAGAGN,0.04768197610974312,False,False,True,-0.001263946294784546,
13,24,20,attn,degradation,0.984375,1.1969648599624634,3453,GGTAGG,1.7568359375,0,AAAAAN,2.0,0,AAAAAN,2.0,3250,GGAGGN,0.03695289418101311,1450,CAGAGN,0.04639388993382454,1450,CAGAGN,0.04639388993382454,False,False,True,-0.00013300776481628418,
13,25,20,attn,degradation,0.984375,0.9673345685005188,3453,GGTAGG,1.7568359375,0,AAAAAN,2.0,0,AAAAAN,2.0,3250,GGAGGN,0.03752273693680763,1450,CAGAGN,0.04444526880979538,1450,CAGAGN,0.04444526880979538,False,False,True,0.00034120678901672363,
13,26,20,attn,degradation,1.0,0.9751798510551453,3453,GGTAGG,1.751953125,0,AAAAAN,2.0,0,AAAAAN,2.0,3250,GGAGGN,0.03767518699169159,1450,CAGAGN,0.04468376189470291,1450,CAGAGN,0.04468376189470291,False,False,True,-0.0015585720539093018,
13,27,20,attn,degradation,0.9970703125,0.9194139838218689,3453,GGTAGG,1.7529296875,0,AAAAAN,2.0,0,AAAAAN,2.0,3250,GGAGGN,0.03799360617995262,1450,CAGAGN,0.04439057037234306,1450,CAGAGN,0.04439057037234306,False,False,True,-0.001539081335067749,
13,28,20,attn,degradation,1.025390625,1.0480186939239502,3453,GGTAGG,1.744140625,0,AAAAAN,2.0,0,AAAAAN,2.0,3250,GGAGGN,0.03712765499949455,1450,CAGAGN,0.044935088604688644,1450,CAGAGN,0.044935088604688644,False,False,True,-0.000982135534286499,
13,29,20,attn,degradation,1.0185546875,0.9980520009994507,3453,GGTAGG,1.74609375,0,AAAAAN,2.0,0,AAAAAN,2.0,3250,GGAGGN,0.03702344000339508,1450,CAGAGN,0.04428286477923393,1450,CAGAGN,0.04428286477923393,False,False,True,-0.0003046095371246338,
13,30,20,attn,degradation,1.0185546875,1.0034373998641968,3453,GGTAGG,1.74609375,0,AAAAAN,2.0,0,AAAAAN,2.0,3250,GGAGGN,0.03670205548405647,1450,CAGAGN,0.04402054473757744,1450,CAGAGN,0.04402054473757744,False,False,True,0.0008293986320495605,
13,31,20,attn,degradation,1.03125,0.9878491163253784,3453,GGTAGG,1.7421875,0,AAAAAN,2.0,0,AAAAAN,2.0,3250,GGAGGN,0.03702406585216522,1450,CAGAGN,0.044171590358018875,1450,CAGAGN,0.044171590358018875,False,False,True,0.0006423294544219971,
13,32,20,attn,degradation,0.9970703125,1.0094261169433594,3453,GGTAGG,1.7529296875,0,AAAAAN,2.0,0,AAAAAN,2.0,3250,GGAGGN,0.03727763518691063,1450,CAGAGN,0.04466180503368378,1450,CAGAGN,0.04466180503368378,False,False,True,0.00010710954666137695,
14,0,20,attn,degradation,0.9873046875,1.0523549318313599,3453,GGTAGG,1.755859375,0,AAAAAN,2.0,0,AAAAAN,2.0,3250,GGAGGN,0.03694460913538933,1450,CAGAGN,0.044799599796533585,1450,CAGAGN,0.044799599796533585,False,False,True,-0.0006290674209594727,
14,1,20,attn,degradation,0.9150390625,0.9567084312438965,3453,GGTAGG,1.7783203125,0,AAAAAN,2.0,0,AAAAAN,2.0,3250,GGAGGN,0.03767218813300133,1450,CAGAGN,0.04447817802429199,1450,CAGAGN,0.04447817802429199,False,False,True,-0.001030266284942627,
14,2,20,attn,degradation,0.89306640625,0.8685407042503357,3453,GGTAGG,1.78515625,0,AAAAAN,2.0,0,AAAAAN,2.0,3250,GGAGGN,0.038124848157167435,1450,CAGAGN,0.04396386072039604,1450,CAGAGN,0.04396386072039604,False,False,True,-0.00245550274848938,
14,3,20,attn,degradation,0.9306640625,0.775444746017456,3453,GGTAGG,1.7734375,0,AAAAAN,2.0,0,AAAAAN,2.0,3250,GGAGGN,0.03787244111299515,1450,CAGAGN,0.042690426111221313,1450,CAGAGN,0.042690426111221313,False,False,True,-0.0032652616500854492,
14,4,20,attn,degradation,0.92138671875,0.9034605026245117,3453,GGTAGG,1.7763671875,0,AAAAAN,2.0,0,AAAAAN,2.0,3250,GGAGGN,0.03781798109412193,1450,CAGAGN,0.044039975851774216,1450,CAGAGN,0.044039975851774216,False,False,True,-0.004064619541168213,
14,5,20,attn,degradation,0.8837890625,0.9013107419013977,3453,GGTAGG,1.7880859375,0,AAAAAN,2.0,0,AAAAAN,2.0,3250,GGAGGN,0.037833958864212036,1450,CAGAGN,0.04403237625956535,1450,CAGAGN,0.04403237625956535,False,False,True,-0.003529965877532959,
14,6,20,attn,degradation,0.83984375,0.7841612696647644,3453,GGTAGG,1.8017578125,0,AAAAAN,2.0,0,AAAAAN,2.0,3250,GGAGGN,0.03863433003425598,1450,CAGAGN,0.04354791343212128,1450,CAGAGN,0.04354791343212128,False,False,True,-0.002178579568862915,
14,7,20,attn,degradation,1.0126953125,0.2672935426235199,3453,GGTAGG,1.748046875,0,AAAAAN,2.0,0,AAAAAN,2.0,3250,GGAGGN,0.040712323039770126,1450,CAGAGN,0.03995717316865921,3250,GGAGGN,0.040712323039770126,False,True,True,-0.0016618072986602783,
14,8,20,attn,degradation,1.0185546875,0.29903069138526917,3453,GGTAGG,1.74609375,0,AAAAAN,2.0,0,AAAAAN,2.0,3250,GGAGGN,0.04143758490681648,1450,CAGAGN,0.041030511260032654,3250,GGAGGN,0.04143758490681648,False,True,True,-0.0020367801189422607,
14,9,20,attn,degradation,1.103515625,0.3643510639667511,3453,GGTAGG,1.7197265625,0,AAAAAN,2.0,0,AAAAAN,2.0,3250,GGAGGN,0.041903357952833176,1450,CAGAGN,0.04221268370747566,1450,CAGAGN,0.04221268370747566,False,False,True,-0.0009666681289672852,
14,10,20,attn,degradation,1.1416015625,0.4885231554508209,3453,GGTAGG,1.7080078125,0,AAAAAN,2.0,0,AAAAAN,2.0,3250,GGAGGN,0.041456520557403564,1450,CAGAGN,0.04312770068645477,1450,CAGAGN,0.04312770068645477,False,False,True,-0.0006795227527618408,
14,11,20,attn,degradation,1.2392578125,0.4100247323513031,3453,GGTAGG,1.677734375,0,AAAAAN,2.0,0,AAAAAN,2.0,3250,GGAGGN,0.04124383628368378,1450,CAGAGN,0.04205408692359924,1450,CAGAGN,0.04205408692359924,False,False,True,-5.835294723510742e-05,
14,12,20,attn,degradation,1.1630859375,0.5716614127159119,3453,GGTAGG,1.701171875,0,AAAAAN,2.0,0,AAAAAN,2.0,3250,GGAGGN,0.040313880890607834,1450,CAGAGN,0.042896877974271774,1450,CAGAGN,0.042896877974271774,False,False,True,-0.0019729435443878174,
14,13,20,attn,degradation,1.03125,1.0302473306655884,3453,GGTAGG,1.7421875,0,AAAAAN,2.0,0,AAAAAN,2.0,3250,GGAGGN,0.03819414973258972,1450,CAGAGN,0.045806676149368286,1450,CAGAGN,0.045806676149368286,False,False,True,-0.001545935869216919,
14,14,20,attn,degradation,0.9873046875,1.0345672369003296,3453,GGTAGG,1.755859375,0,AAAAAN,2.0,0,AAAAAN,2.0,3250,GGAGGN,0.037436310201883316,1450,CAGAGN,0.04509621486067772,1450,CAGAGN,0.04509621486067772,False,False,True,-0.0014949142932891846,
14,15,20,attn,degradation,1.041015625,1.1407740116119385,3453,GGTAGG,1.7392578125,0,AAAAAN,2.0,0,AAAAAN,2.0,3250,GGAGGN,0.03573166951537132,1450,CAGAGN,0.0445563942193985,1450,CAGAGN,0.0445563942193985,False,False,True,-0.0029479563236236572,
14,16,20,attn,degradation,1.041015625,1.0271530151367188,3453,GGTAGG,1.7392578125,0,AAAAAN,2.0,0,AAAAAN,2.0,3250,GGAGGN,0.03546858951449394,1450,CAGAGN,0.04304717853665352,1450,CAGAGN,0.04304717853665352,False,False,True,-0.006540864706039429,
14,17,20,attn,degradation,1.009765625,1.0409576892852783,3453,GGTAGG,1.7490234375,0,AAAAAN,2.0,0,AAAAAN,2.0,3250,GGAGGN,0.03644547984004021,1450,CAGAGN,0.04417547211050987,1450,CAGAGN,0.04417547211050987,False,False,True,-0.015296906232833862,
14,18,20,attn,degradation,0.72314453125,0.4794027507305145,3453,GGTAGG,1.837890625,0,AAAAAN,2.0,0,AAAAAN,2.0,3250,GGAGGN,0.0400470606982708,1450,CAGAGN,0.041618213057518005,1450,CAGAGN,0.041618213057518005,False,False,True,-0.029008522629737854,
14,19,20,attn,degradation,0.85205078125,0.2039537876844406,3453,GGTAGG,1.7978515625,0,AAAAAN,2.0,0,AAAAAN,2.0,3250,GGAGGN,0.0416666716337204,1450,CAGAGN,0.0402168445289135,3250,GGAGGN,0.0416666716337204,False,True,True,-0.026992201805114746,
14,20,20,attn,degradation,0.9560546875,0.3600512146949768,3453,GGTAGG,1.765625,0,AAAAAN,2.0,0,AAAAAN,2.0,3250,GGAGGN,0.040106430649757385,1450,CAGAGN,0.04036859795451164,1450,CAGAGN,0.04036859795451164,False,False,True,-0.019046366214752197,
14,21,20,attn,degradation,1.267578125,0.7983946800231934,3453,GGTAGG,1.6689453125,0,AAAAAN,2.0,0,AAAAAN,2.0,3250,GGAGGN,0.036598678678274155,1450,CAGAGN,0.0416683666408062,1450,CAGAGN,0.0416683666408062,False,False,True,-0.00037473440170288086,
14,22,20,attn,degradation,1.1953125,1.2499059438705444,3453,GGTAGG,1.69140625,0,AAAAAN,2.0,0,AAAAAN,2.0,3250,GGAGGN,0.035534102469682693,1450,CAGAGN,0.045555729418992996,1450,CAGAGN,0.045555729418992996,False,False,True,-6.350874900817871e-05,
14,23,20,attn,degradation,1.08203125,1.1508091688156128,3453,GGTAGG,1.7265625,0,AAAAAN,2.0,0,AAAAAN,2.0,3250,GGAGGN,0.03614388033747673,1450,CAGAGN,0.045078665018081665,1450,CAGAGN,0.045078665018081665,False,False,True,-0.0007956027984619141,
14,24,20,attn,degradation,1.0625,1.0467677116394043,3453,GGTAGG,1.732421875,0,AAAAAN,2.0,0,AAAAAN,2.0,3250,GGAGGN,0.03678763285279274,1450,CAGAGN,0.044581346213817596,1450,CAGAGN,0.044581346213817596,False,False,True,-0.0021909773349761963,
14,25,20,attn,degradation,0.94970703125,1.14143705368042,3453,GGTAGG,1.767578125,0,AAAAAN,2.0,0,AAAAAN,2.0,3250,GGAGGN,0.03694422170519829,1450,CAGAGN,0.04577621817588806,1450,CAGAGN,0.04577621817588806,False,False,True,-0.002742946147918701,
14,26,20,attn,degradation,0.974609375,1.0561697483062744,3453,GGTAGG,1.759765625,0,AAAAAN,2.0,0,AAAAAN,2.0,3250,GGAGGN,0.03689083084464073,1450,CAGAGN,0.044787660241127014,1450,CAGAGN,0.044787660241127014,False,False,True,-0.0019360184669494629,
14,27,20,attn,degradation,0.95263671875,1.1551072597503662,3453,GGTAGG,1.7666015625,0,AAAAAN,2.0,0,AAAAAN,2.0,3250,GGAGGN,0.03655395284295082,1450,CAGAGN,0.04553587734699249,1450,CAGAGN,0.04553587734699249,False,False,True,-0.0014430880546569824,
14,28,20,attn,degradation,1.0126953125,1.0279773473739624,3453,GGTAGG,1.748046875,0,AAAAAN,2.0,0,AAAAAN,2.0,3250,GGAGGN,0.03679532930254936,1450,CAGAGN,0.044382959604263306,1450,CAGAGN,0.044382959604263306,False,False,True,-0.0008659064769744873,
14,29,20,attn,degradation,0.984375,0.96529620885849,3453,GGTAGG,1.7568359375,0,AAAAAN,2.0,0,AAAAAN,2.0,3250,GGAGGN,0.038117505609989166,1450,CAGAGN,0.045017682015895844,1450,CAGAGN,0.045017682015895844,False,False,True,-0.001729041337966919,
14,30,20,attn,degradation,0.984375,0.896196722984314,3453,GGTAGG,1.7568359375,0,AAAAAN,2.0,0,AAAAAN,2.0,3250,GGAGGN,0.03864963352680206,1450,CAGAGN,0.04479196295142174,1450,CAGAGN,0.04479196295142174,False,False,True,-0.001922905445098877,
14,31,20,attn,degradation,1.009765625,0.8216873407363892,3453,GGTAGG,1.7490234375,0,AAAAAN,2.0,0,AAAAAN,2.0,3250,GGAGGN,0.03879787027835846,1450,CAGAGN,0.04412302002310753,1450,CAGAGN,0.04412302002310753,False,False,True,-0.00250399112701416,
14,32,20,attn,degradation,0.99365234375,0.872435986995697,3453,GGTAGG,1.75390625,0,AAAAAN,2.0,0,AAAAAN,2.0,3250,GGAGGN,0.038058146834373474,1450,CAGAGN,0.04393988102674484,1450,CAGAGN,0.04393988102674484,False,False,True,-0.0017036199569702148,
15,0,20,attn,degradation,0.97802734375,0.9338603615760803,3453,GGTAGG,1.7587890625,0,AAAAAN,2.0,0,AAAAAN,2.0,3250,GGAGGN,0.037873804569244385,1450,CAGAGN,0.04442920908331871,1450,CAGAGN,0.04442920908331871,False,False,True,-0.001201719045639038,
15,1,20,attn,degradation,0.93701171875,0.7948268055915833,3453,GGTAGG,1.771484375,0,AAAAAN,2.0,0,AAAAAN,2.0,3250,GGAGGN,0.03874107450246811,1450,CAGAGN,0.04377163201570511,1450,CAGAGN,0.04377163201570511,False,False,True,-0.0027801990509033203,
15,2,20,attn,degradation,0.93408203125,0.7805030345916748,3453,GGTAGG,1.7724609375,0,AAAAAN,2.0,0,AAAAAN,2.0,3250,GGAGGN,0.03898249566555023,1450,CAGAGN,0.04385595768690109,1450,CAGAGN,0.04385595768690109,False,False,True,-0.002942115068435669,
15,3,20,attn,degradation,0.93408203125,0.7318953275680542,3453,GGTAGG,1.7724609375,0,AAAAAN,2.0,0,AAAAAN,2.0,3250,GGAGGN,0.039170265197753906,1450,CAGAGN,0.04351062327623367,1450,CAGAGN,0.04351062327623367,False,False,True,-0.0029611587524414062,
15,4,20,attn,degradation,0.974609375,0.8067100644111633,3453,GGTAGG,1.759765625,0,AAAAAN,2.0,0,AAAAAN,2.0,3250,GGAGGN,0.03926483169198036,1450,CAGAGN,0.04442571848630905,1450,CAGAGN,0.04442571848630905,False,False,True,-0.0022266805171966553,
15,5,20,attn,degradation,0.98095703125,0.8852326273918152,3453,GGTAGG,1.7578125,0,AAAAAN,2.0,0,AAAAAN,2.0,3250,GGAGGN,0.03847895935177803,1450,CAGAGN,0.04450104013085365,1450,CAGAGN,0.04450104013085365,False,False,True,-0.0029340386390686035,
15,6,20,attn,degradation,0.9873046875,0.8542637825012207,3453,GGTAGG,1.755859375,0,AAAAAN,2.0,0,AAAAAN,2.0,3250,GGAGGN,0.03905681148171425,1450,CAGAGN,0.044739242643117905,1450,CAGAGN,0.044739242643117905,False,False,True,-0.0028890371322631836,
15,7,20,attn,degradation,1.0625,0.8215942978858948,3453,GGTAGG,1.732421875,0,AAAAAN,2.0,0,AAAAAN,2.0,3250,GGAGGN,0.03800620511174202,1450,CAGAGN,0.04333033412694931,1450,CAGAGN,0.04333033412694931,False,False,True,-0.002433687448501587,
15,8,20,attn,degradation,1.0908203125,0.8998593688011169,3453,GGTAGG,1.7236328125,0,AAAAAN,2.0,0,AAAAAN,2.0,3250,GGAGGN,0.036430392414331436,1450,CAGAGN,0.042612891644239426,1450,CAGAGN,0.042612891644239426,False,False,True,-0.0011806190013885498,
15,9,20,attn,degradation,0.8427734375,1.0328723192214966,3453,GGTAGG,1.80078125,0,AAAAAN,2.0,0,AAAAAN,2.0,3250,GGAGGN,0.03505302593111992,1450,CAGAGN,0.042694341391325,1450,CAGAGN,0.042694341391325,False,False,True,-0.0008903741836547852,
15,10,20,attn,degradation,0.88671875,0.7534332871437073,3453,GGTAGG,1.787109375,0,AAAAAN,2.0,0,AAAAAN,2.0,3250,GGAGGN,0.036830175668001175,1450,CAGAGN,0.04140675067901611,1450,CAGAGN,0.04140675067901611,False,False,True,-0.0011789202690124512,
15,11,20,attn,degradation,0.830078125,0.38242506980895996,3453,GGTAGG,1.8046875,0,AAAAAN,2.0,0,AAAAAN,2.0,3250,GGAGGN,0.03944006934762001,1450,CAGAGN,0.039947621524333954,1450,CAGAGN,0.039947621524333954,False,False,True,-0.0018114745616912842,
15,12,20,attn,degradation,1.041015625,0.18733932077884674,3453,GGTAGG,1.7392578125,0,AAAAAN,2.0,0,AAAAAN,2.0,3250,GGAGGN,0.04031858220696449,1450,CAGAGN,0.03868653625249863,3250,GGAGGN,0.04031858220696449,False,True,True,-0.0022805631160736084,
15,13,20,attn,degradation,0.85546875,0.3461010754108429,3453,GGTAGG,1.796875,0,AAAAAN,2.0,0,AAAAAN,2.0,3250,GGAGGN,0.039915379136800766,1450,CAGAGN,0.04002454876899719,1450,CAGAGN,0.04002454876899719,False,False,True,-0.0018364489078521729,
15,14,20,attn,degradation,0.87109375,0.578518271446228,3453,GGTAGG,1.7919921875,0,AAAAAN,2.0,0,AAAAAN,2.0,3250,GGAGGN,0.03974291309714317,1450,CAGAGN,0.042401112616062164,1450,CAGAGN,0.042401112616062164,False,False,True,-0.0023252665996551514,
15,15,20,attn,degradation,0.94677734375,0.7670583128929138,3453,GGTAGG,1.7685546875,0,AAAAAN,2.0,0,AAAAAN,2.0,3250,GGAGGN,0.03964366763830185,1450,CAGAGN,0.04436967521905899,1450,CAGAGN,0.04436967521905899,False,False,True,0.0001239478588104248,
15,16,20,attn,degradation,1.0380859375,1.056512475013733,3453,GGTAGG,1.740234375,0,AAAAAN,2.0,0,AAAAAN,2.0,3250,GGAGGN,0.03823450580239296,1450,CAGAGN,0.04613509401679039,1450,CAGAGN,0.04613509401679039,False,False,True,-0.004187494516372681,
15,17,20,attn,degradation,1.0908203125,0.9739373326301575,3453,GGTAGG,1.7236328125,0,AAAAAN,2.0,0,AAAAAN,2.0,3250,GGAGGN,0.03839246183633804,1450,CAGAGN,0.04538740962743759,1450,CAGAGN,0.04538740962743759,False,False,True,-0.007760971784591675,
15,18,20,attn,degradation,1.1416015625,0.8621960282325745,3453,GGTAGG,1.7080078125,0,AAAAAN,2.0,0,AAAAAN,2.0,3250,GGAGGN,0.034863777458667755,1450,CAGAGN,0.04063320532441139,1450,CAGAGN,0.04063320532441139,False,False,True,-0.000209808349609375,
15,19,20,attn,degradation,1.38671875,1.089619755744934,3453,GGTAGG,1.6318359375,0,AAAAAN,2.0,0,AAAAAN,2.0,3250,GGAGGN,0.0316619835793972,1450,CAGAGN,0.039925675839185715,1450,CAGAGN,0.039925675839185715,False,False,True,0.008798539638519287,
15,20,20,attn,degradation,1.396484375,1.3082892894744873,3453,GGTAGG,1.62890625,0,AAAAAN,2.0,0,AAAAAN,2.0,3250,GGAGGN,0.030544746667146683,1450,CAGAGN,0.04120669141411781,1450,CAGAGN,0.04120669141411781,False,False,True,0.011891454458236694,
15,21,20,attn,degradation,1.33984375,1.4151968955993652,3453,GGTAGG,1.646484375,0,AAAAAN,2.0,0,AAAAAN,2.0,3250,GGAGGN,0.03198399394750595,1450,CAGAGN,0.04381844401359558,1450,CAGAGN,0.04381844401359558,False,False,True,0.006096512079238892,
15,22,20,attn,degradation,1.087890625,1.1581075191497803,3453,GGTAGG,1.724609375,0,AAAAAN,2.0,0,AAAAAN,2.0,3250,GGAGGN,0.0357154980301857,1450,CAGAGN,0.044730328023433685,1450,CAGAGN,0.044730328023433685,False,False,True,-0.004302412271499634,
15,23,20,attn,degradation,0.9873046875,0.9116227030754089,3453,GGTAGG,1.755859375,0,AAAAAN,2.0,0,AAAAAN,2.0,3250,GGAGGN,0.03694568946957588,1450,CAGAGN,0.043257202953100204,1450,CAGAGN,0.043257202953100204,False,False,True,-0.0030363500118255615,
15,24,20,attn,degradation,0.99365234375,0.9898589253425598,3453,GGTAGG,1.75390625,0,AAAAAN,2.0,0,AAAAAN,2.0,3250,GGAGGN,0.03716981038451195,1450,CAGAGN,0.0443393774330616,1450,CAGAGN,0.0443393774330616,False,False,True,-0.003224194049835205,
15,25,20,attn,degradation,0.86181640625,1.097117304801941,3453,GGTAGG,1.794921875,0,AAAAAN,2.0,0,AAAAAN,2.0,3250,GGAGGN,0.037500496953725815,1450,CAGAGN,0.04584641754627228,1450,CAGAGN,0.04584641754627228,False,False,True,-0.004044562578201294,
15,26,20,attn,degradation,0.86181640625,1.14744234085083,3453,GGTAGG,1.794921875,0,AAAAAN,2.0,0,AAAAAN,2.0,3250,GGAGGN,0.03772026300430298,1450,CAGAGN,0.04661812260746956,1450,CAGAGN,0.04661812260746956,False,False,True,-0.0032249093055725098,
15,27,20,attn,degradation,0.85546875,1.184108018875122,3453,GGTAGG,1.796875,0,AAAAAN,2.0,0,AAAAAN,2.0,3250,GGAGGN,0.03747120872139931,1450,CAGAGN,0.04677119851112366,1450,CAGAGN,0.04677119851112366,False,False,True,-0.004438549280166626,
15,28,20,attn,degradation,0.95263671875,1.0907729864120483,3453,GGTAGG,1.7666015625,0,AAAAAN,2.0,0,AAAAAN,2.0,3250,GGAGGN,0.03742928057909012,1450,CAGAGN,0.04570562019944191,1450,CAGAGN,0.04570562019944191,False,False,True,-0.0028518736362457275,
15,29,20,attn,degradation,0.97802734375,1.0414941310882568,3453,GGTAGG,1.7587890625,0,AAAAAN,2.0,0,AAAAAN,2.0,3250,GGAGGN,0.03743402659893036,1450,CAGAGN,0.045169901102781296,1450,CAGAGN,0.045169901102781296,False,False,True,-0.0018018484115600586,
15,30,20,attn,degradation,0.9873046875,0.972069501876831,3453,GGTAGG,1.755859375,0,AAAAAN,2.0,0,AAAAAN,2.0,3250,GGAGGN,0.037982743233442307,1450,CAGAGN,0.04495720565319061,1450,CAGAGN,0.04495720565319061,False,False,True,-0.0009705722332000732,
15,31,20,attn,degradation,1.0,0.9892794489860535,3453,GGTAGG,1.751953125,0,AAAAAN,2.0,0,AAAAAN,2.0,3250,GGAGGN,0.03762993589043617,1450,CAGAGN,0.04479314759373665,1450,CAGAGN,0.04479314759373665,False,False,True,-0.0005359649658203125,
15,32,20,attn,degradation,0.9873046875,0.9563120007514954,3453,GGTAGG,1.755859375,0,AAAAAN,2.0,0,AAAAAN,2.0,3250,GGAGGN,0.03764062747359276,1450,CAGAGN,0.04444226995110512,1450,CAGAGN,0.04444226995110512,False,False,True,-0.0003736913204193115,
16,0,20,attn,degradation,1.005859375,0.9745181798934937,3453,GGTAGG,1.75,0,AAAAAN,2.0,0,AAAAAN,2.0,3250,GGAGGN,0.03753027319908142,1450,CAGAGN,0.04453159123659134,1450,CAGAGN,0.04453159123659134,False,False,True,-0.0007751286029815674,
16,1,20,attn,degradation,1.009765625,0.9774386286735535,3453,GGTAGG,1.7490234375,0,AAAAAN,2.0,0,AAAAAN,2.0,3250,GGAGGN,0.037556134164333344,1450,CAGAGN,0.04458948224782944,1450,CAGAGN,0.04458948224782944,False,False,True,-0.0014018714427947998,
16,2,20,attn,degradation,1.015625,1.0072267055511475,3453,GGTAGG,1.7470703125,0,AAAAAN,2.0,0,AAAAAN,2.0,3250,GGAGGN,0.03739386424422264,1450,CAGAGN,0.04475391283631325,1450,CAGAGN,0.04475391283631325,False,False,True,-0.002055138349533081,
16,3,20,attn,degradation,1.03125,1.079475998878479,3453,GGTAGG,1.7421875,0,AAAAAN,2.0,0,AAAAAN,2.0,3250,GGAGGN,0.036881376057863235,1450,CAGAGN,0.04503381624817848,1450,CAGAGN,0.04503381624817848,False,False,True,-0.00211295485496521,
16,4,20,attn,degradation,1.0439453125,1.385738492012024,3453,GGTAGG,1.73828125,0,AAAAAN,2.0,0,AAAAAN,2.0,3250,GGAGGN,0.03551601618528366,1450,CAGAGN,0.047027382999658585,1450,CAGAGN,0.047027382999658585,False,False,True,-0.002138793468475342,
16,5,20,attn,degradation,1.041015625,1.537618637084961,3453,GGTAGG,1.7392578125,0,AAAAAN,2.0,0,AAAAAN,2.0,3250,GGAGGN,0.03511183336377144,1450,CAGAGN,0.048288941383361816,1450,CAGAGN,0.048288941383361816,False,False,True,-0.0016627311706542969,
16,6,20,attn,degradation,1.056640625,1.3584504127502441,3453,GGTAGG,1.734375,0,AAAAAN,2.0,0,AAAAAN,2.0,3250,GGAGGN,0.03635191172361374,1450,CAGAGN,0.04756399616599083,1450,CAGAGN,0.04756399616599083,False,False,True,-0.0015109479427337646,
16,7,20,attn,degradation,0.93408203125,1.025342583656311,3453,GGTAGG,1.7724609375,0,AAAAAN,2.0,0,AAAAAN,2.0,3250,GGAGGN,0.03773365542292595,1450,CAGAGN,0.045292388647794724,1450,CAGAGN,0.045292388647794724,False,False,True,-0.0014390647411346436,
16,8,20,attn,degradation,0.86181640625,0.8847135901451111,3453,GGTAGG,1.794921875,0,AAAAAN,2.0,0,AAAAAN,2.0,3250,GGAGGN,0.036489441990852356,1450,CAGAGN,0.04250583052635193,1450,CAGAGN,0.04250583052635193,False,False,True,-0.001749485731124878,
16,9,20,attn,degradation,0.446533203125,0.8420602083206177,3453,GGTAGG,1.923828125,0,AAAAAN,2.0,0,AAAAAN,2.0,3250,GGAGGN,0.03704452142119408,1450,CAGAGN,0.04259311035275459,1450,CAGAGN,0.04259311035275459,False,False,True,-0.0016504228115081787,
16,10,20,attn,degradation,0.314453125,0.26279670000076294,3453,GGTAGG,1.96484375,0,AAAAAN,2.0,0,AAAAAN,2.0,3250,GGAGGN,0.040374696254730225,1450,CAGAGN,0.03957022726535797,3250,GGAGGN,0.040374696254730225,False,True,True,-0.0018842816352844238,
16,11,20,attn,degradation,0.32080078125,-0.1614733338356018,3453,GGTAGG,1.962890625,0,AAAAAN,2.0,0,AAAAAN,2.0,3250,GGAGGN,0.044085755944252014,1450,CAGAGN,0.03862811625003815,3250,GGAGGN,0.044085755944252014,False,True,True,-0.001813352108001709,
16,12,20,attn,degradation,0.69482421875,-0.2005825936794281,3453,GGTAGG,1.8466796875,0,AAAAAN,2.0,0,AAAAAN,2.0,3250,GGAGGN,0.043928321450948715,1450,CAGAGN,0.03804175183176994,3250,GGAGGN,0.043928321450948715,False,True,True,-0.002282261848449707,
16,13,20,attn,degradation,0.96240234375,0.5665786862373352,3453,GGTAGG,1.763671875,0,AAAAAN,2.0,0,AAAAAN,2.0,3250,GGAGGN,0.040479060262441635,1450,CAGAGN,0.04300631210207939,1450,CAGAGN,0.04300631210207939,False,False,True,-0.001749485731124878,
16,14,20,attn,degradation,1.009765625,0.9410365223884583,3453,GGTAGG,1.7490234375,0,AAAAAN,2.0,0,AAAAAN,2.0,3250,GGAGGN,0.03912440314888954,1450,CAGAGN,0.04575851187109947,1450,CAGAGN,0.04575851187109947,False,False,True,-0.0014590919017791748,
16,15,20,attn,degradation,0.99365234375,1.149612545967102,3453,GGTAGG,1.75390625,0,AAAAAN,2.0,0,AAAAAN,2.0,3250,GGAGGN,0.0377909317612648,1450,CAGAGN,0.046712592244148254,1450,CAGAGN,0.046712592244148254,False,False,True,-0.0024966001510620117,
16,16,20,attn,degradation,0.98095703125,0.977240264415741,3453,GGTAGG,1.7578125,0,AAAAAN,2.0,0,AAAAAN,2.0,3250,GGAGGN,0.03800733759999275,1450,CAGAGN,0.045038510113954544,1450,CAGAGN,0.045038510113954544,False,False,True,-0.02542683482170105,
16,17,20,attn,degradation,0.93701171875,0.8603730201721191,3453,GGTAGG,1.771484375,0,AAAAAN,2.0,0,AAAAAN,2.0,3250,GGAGGN,0.03955535963177681,1450,CAGAGN,0.0453047938644886,1450,CAGAGN,0.0453047938644886,False,False,True,-0.024138689041137695,
16,18,20,attn,degradation,1.041015625,0.9450007677078247,3453,GGTAGG,1.7392578125,0,AAAAAN,2.0,0,AAAAAN,2.0,3250,GGAGGN,0.03600097820162773,1450,CAGAGN,0.04267856478691101,1450,CAGAGN,0.04267856478691101,False,False,True,0.007448166608810425,
16,19,20,attn,degradation,1.03125,1.760671615600586,3453,GGTAGG,1.7421875,0,AAAAAN,2.0,0,AAAAAN,2.0,3250,GGAGGN,0.03180808946490288,1450,CAGAGN,0.047431524842977524,1450,CAGAGN,0.047431524842977524,False,False,True,0.02113226056098938,
16,20,20,attn,degradation,1.1572265625,1.784195065498352,3453,GGTAGG,1.703125,0,AAAAAN,2.0,0,AAAAAN,2.0,3250,GGAGGN,0.029366975650191307,1450,CAGAGN,0.045248404145240784,1450,CAGAGN,0.045248404145240784,False,False,True,0.021108269691467285,
16,21,20,attn,degradation,1.0791015625,1.7556631565093994,3453,GGTAGG,1.7275390625,0,AAAAAN,2.0,0,AAAAAN,2.0,3250,GGAGGN,0.032535187900066376,1450,CAGAGN,0.0481036938726902,1450,CAGAGN,0.0481036938726902,False,False,True,-0.009259253740310669,
16,22,20,attn,degradation,1.072265625,0.9321436882019043,3453,GGTAGG,1.7294921875,0,AAAAAN,2.0,0,AAAAAN,2.0,3250,GGAGGN,0.03672971576452255,1450,CAGAGN,0.04326629266142845,1450,CAGAGN,0.04326629266142845,False,False,True,-0.0014158785343170166,
16,23,20,attn,degradation,1.0,0.9034312963485718,3453,GGTAGG,1.751953125,0,AAAAAN,2.0,0,AAAAAN,2.0,3250,GGAGGN,0.037661418318748474,1450,CAGAGN,0.04388309270143509,1450,CAGAGN,0.04388309270143509,False,False,True,-0.0012478530406951904,
16,24,20,attn,degradation,1.0,0.9667051434516907,3453,GGTAGG,1.751953125,0,AAAAAN,2.0,0,AAAAAN,2.0,3250,GGAGGN,0.03789707273244858,1450,CAGAGN,0.044812701642513275,1450,CAGAGN,0.044812701642513275,False,False,True,-0.001244664192199707,
16,25,20,attn,degradation,0.98095703125,1.3314083814620972,3453,GGTAGG,1.7578125,0,AAAAAN,2.0,0,AAAAAN,2.0,3250,GGAGGN,0.036867719143629074,1450,CAGAGN,0.047783222049474716,1450,CAGAGN,0.047783222049474716,False,False,True,-0.0035865604877471924,
16,26,20,attn,degradation,0.9873046875,1.3907877206802368,3453,GGTAGG,1.755859375,0,AAAAAN,2.0,0,AAAAAN,2.0,3250,GGAGGN,0.03651537746191025,1450,CAGAGN,0.04808212071657181,1450,CAGAGN,0.04808212071657181,False,False,True,-0.0032787322998046875,
16,27,20,attn,degradation,0.9970703125,1.3354617357254028,3453,GGTAGG,1.7529296875,0,AAAAAN,2.0,0,AAAAAN,2.0,3250,GGAGGN,0.03659926727414131,1450,CAGAGN,0.0475592240691185,1450,CAGAGN,0.0475592240691185,False,False,True,-0.0033418238162994385,
16,28,20,attn,degradation,1.0126953125,0.9744444489479065,3453,GGTAGG,1.748046875,0,AAAAAN,2.0,0,AAAAAN,2.0,3250,GGAGGN,0.037341054528951645,1450,CAGAGN,0.0443415641784668,1450,CAGAGN,0.0443415641784668,False,False,True,-0.0006195008754730225,
16,29,20,attn,degradation,0.98095703125,0.8489248752593994,3453,GGTAGG,1.7578125,0,AAAAAN,2.0,0,AAAAAN,2.0,3250,GGAGGN,0.037622060626745224,1450,CAGAGN,0.043245937675237656,1450,CAGAGN,0.043245937675237656,False,False,True,0.0005339682102203369,
16,30,20,attn,degradation,0.96875,0.8707206845283508,3453,GGTAGG,1.76171875,0,AAAAAN,2.0,0,AAAAAN,2.0,3250,GGAGGN,0.03762315586209297,1450,CAGAGN,0.04348607733845711,1450,CAGAGN,0.04348607733845711,False,False,True,0.0010714530944824219,
16,31,20,attn,degradation,0.97802734375,0.9073755145072937,3453,GGTAGG,1.7587890625,0,AAAAAN,2.0,0,AAAAAN,2.0,3250,GGAGGN,0.037679824978113174,1450,CAGAGN,0.04394475743174553,1450,CAGAGN,0.04394475743174553,False,False,True,0.0004145801067352295,
16,32,20,attn,degradation,1.025390625,0.9987198114395142,3453,GGTAGG,1.744140625,0,AAAAAN,2.0,0,AAAAAN,2.0,3250,GGAGGN,0.03734216466546059,1450,CAGAGN,0.044608913362026215,1450,CAGAGN,0.044608913362026215,False,False,True,-0.0001983940601348877,
17,0,20,attn,degradation,1.0,1.0243796110153198,3453,GGTAGG,1.751953125,0,AAAAAN,2.0,0,AAAAAN,2.0,3250,GGAGGN,0.03714704513549805,1450,CAGAGN,0.04469521716237068,1450,CAGAGN,0.04469521716237068,False,False,True,-0.00201570987701416,
17,1,20,attn,degradation,1.0,1.0428211688995361,3453,GGTAGG,1.751953125,0,AAAAAN,2.0,0,AAAAAN,2.0,3250,GGAGGN,0.0370844341814518,1450,CAGAGN,0.044834863394498825,1450,CAGAGN,0.044834863394498825,False,False,True,-0.0029054880142211914,
17,2,20,attn,degradation,1.0,1.0390344858169556,3453,GGTAGG,1.751953125,0,AAAAAN,2.0,0,AAAAAN,2.0,3250,GGAGGN,0.037187498062849045,1450,CAGAGN,0.04489639773964882,1450,CAGAGN,0.04489639773964882,False,False,True,-0.003056466579437256,
17,3,20,attn,degradation,1.0,0.9837449193000793,3453,GGTAGG,1.751953125,0,AAAAAN,2.0,0,AAAAAN,2.0,3250,GGAGGN,0.03752218931913376,1450,CAGAGN,0.044624701142311096,1450,CAGAGN,0.044624701142311096,False,False,True,-0.003525465726852417,
17,4,20,attn,degradation,1.0,0.9664945602416992,3453,GGTAGG,1.751953125,0,AAAAAN,2.0,0,AAAAAN,2.0,3250,GGAGGN,0.03851964324712753,1450,CAGAGN,0.045432962477207184,1450,CAGAGN,0.045432962477207184,False,False,True,-0.0031679868698120117,
17,5,20,attn,degradation,1.0,1.4023200273513794,3453,GGTAGG,1.751953125,0,AAAAAN,2.0,0,AAAAAN,2.0,3250,GGAGGN,0.03729268163442612,1450,CAGAGN,0.048985905945301056,1450,CAGAGN,0.048985905945301056,False,False,True,-0.002869725227355957,
17,6,20,attn,degradation,1.0,1.5915887355804443,3453,GGTAGG,1.751953125,0,AAAAAN,2.0,0,AAAAAN,2.0,3250,GGAGGN,0.03770791366696358,1450,CAGAGN,0.05147693678736687,1450,CAGAGN,0.05147693678736687,False,False,True,-0.002005934715270996,
17,7,20,attn,degradation,1.0,1.5320165157318115,3453,GGTAGG,1.751953125,0,AAAAAN,2.0,0,AAAAAN,2.0,3250,GGAGGN,0.03516422212123871,1450,CAGAGN,0.048279888927936554,1450,CAGAGN,0.048279888927936554,False,False,True,-0.0023671090602874756,
17,8,20,attn,degradation,1.0,1.258042335510254,3453,GGTAGG,1.751953125,0,AAAAAN,2.0,0,AAAAAN,2.0,3250,GGAGGN,0.040000274777412415,1450,CAGAGN,0.050111137330532074,1450,CAGAGN,0.050111137330532074,False,False,True,-0.0018633604049682617,
17,9,20,attn,degradation,0.6005859375,1.0500017404556274,3453,GGTAGG,1.8759765625,0,AAAAAN,2.0,0,AAAAAN,2.0,3250,GGAGGN,0.03941868990659714,1450,CAGAGN,0.04724787175655365,1450,CAGAGN,0.04724787175655365,False,False,True,-0.0024964213371276855,
17,10,20,attn,degradation,0.6005859375,0.5135067105293274,3453,GGTAGG,1.8759765625,0,AAAAAN,2.0,0,AAAAAN,2.0,3250,GGAGGN,0.04317575693130493,1450,CAGAGN,0.04512094333767891,1450,CAGAGN,0.04512094333767891,False,False,True,-0.0025911331176757812,
17,11,20,attn,degradation,0.6005859375,0.3825986385345459,3453,GGTAGG,1.8759765625,0,AAAAAN,2.0,0,AAAAAN,2.0,3250,GGAGGN,0.03821100294589996,1450,CAGAGN,0.03872045874595642,1450,CAGAGN,0.03872045874595642,False,False,True,-0.0030121207237243652,
17,12,20,attn,degradation,1.0,0.6418859362602234,3453,GGTAGG,1.751953125,0,AAAAAN,2.0,0,AAAAAN,2.0,3250,GGAGGN,0.0385652594268322,1450,CAGAGN,0.04191844165325165,1450,CAGAGN,0.04191844165325165,False,False,True,-0.00277024507522583,
17,13,20,attn,degradation,1.0,1.088862657546997,3453,GGTAGG,1.751953125,0,AAAAAN,2.0,0,AAAAAN,2.0,3250,GGAGGN,0.039000846445560455,1450,CAGAGN,0.0472562350332737,1450,CAGAGN,0.0472562350332737,False,False,True,-0.002724260091781616,
17,14,20,attn,degradation,1.0,1.3325048685073853,3453,GGTAGG,1.751953125,0,AAAAAN,2.0,0,AAAAAN,2.0,3250,GGAGGN,0.03904929384589195,1450,CAGAGN,0.04997682198882103,1450,CAGAGN,0.04997682198882103,False,False,True,-0.002800166606903076,
17,15,20,attn,degradation,1.0,1.1069839000701904,3453,GGTAGG,1.751953125,0,AAAAAN,2.0,0,AAAAAN,2.0,3250,GGAGGN,0.03859401121735573,1450,CAGAGN,0.04704814404249191,1450,CAGAGN,0.04704814404249191,False,False,True,-0.0027255117893218994,
17,16,20,attn,degradation,1.0,1.019879698753357,3453,GGTAGG,1.751953125,0,AAAAAN,2.0,0,AAAAAN,2.0,3250,GGAGGN,0.03771369531750679,1450,CAGAGN,0.0452125146985054,1450,CAGAGN,0.0452125146985054,False,False,True,-0.03027886152267456,
17,17,20,attn,degradation,1.0,0.9629426598548889,3453,GGTAGG,1.751953125,0,AAAAAN,2.0,0,AAAAAN,2.0,3250,GGAGGN,0.03756692633032799,1450,CAGAGN,0.04444129019975662,1450,CAGAGN,0.04444129019975662,False,False,True,-0.008586257696151733,
17,18,20,attn,degradation,1.0,0.9695675373077393,3453,GGTAGG,1.751953125,0,AAAAAN,2.0,0,AAAAAN,2.0,3250,GGAGGN,0.03740251064300537,1450,CAGAGN,0.04434953257441521,1450,CAGAGN,0.04434953257441521,False,False,True,-0.04380102455615997,
17,19,20,attn,degradation,1.0,0.9359785318374634,3453,GGTAGG,1.751953125,0,AAAAAN,2.0,0,AAAAAN,2.0,3250,GGAGGN,0.03755321353673935,1450,CAGAGN,0.04413184896111488,1450,CAGAGN,0.04413184896111488,False,False,True,-0.02694612741470337,
17,20,20,attn,degradation,1.0,1.0027265548706055,3453,GGTAGG,1.751953125,0,AAAAAN,2.0,0,AAAAAN,2.0,3250,GGAGGN,0.03717761114239693,1450,CAGAGN,0.04448830336332321,1450,CAGAGN,0.04448830336332321,False,False,True,-0.049159497022628784,
17,21,20,attn,degradation,1.0,0.9617008566856384,3453,GGTAGG,1.751953125,0,AAAAAN,2.0,0,AAAAAN,2.0,3250,GGAGGN,0.037704404443502426,1450,CAGAGN,0.044565148651599884,1450,CAGAGN,0.044565148651599884,False,False,True,-0.013692677021026611,
17,22,20,attn,degradation,1.0,0.9548952579498291,3453,GGTAGG,1.751953125,0,AAAAAN,2.0,0,AAAAAN,2.0,3250,GGAGGN,0.037738945335149765,1450,CAGAGN,0.04452504962682724,1450,CAGAGN,0.04452504962682724,False,False,True,-0.0030211806297302246,
17,23,20,attn,degradation,1.0,0.9532312154769897,3453,GGTAGG,1.751953125,0,AAAAAN,2.0,0,AAAAAN,2.0,3250,GGAGGN,0.03769781067967415,1450,CAGAGN,0.04446566477417946,1450,CAGAGN,0.04446566477417946,False,False,True,-0.00226747989654541,
17,24,20,attn,degradation,1.0,0.971697211265564,3453,GGTAGG,1.751953125,0,AAAAAN,2.0,0,AAAAAN,2.0,3250,GGAGGN,0.03755020350217819,1450,CAGAGN,0.044520583003759384,1450,CAGAGN,0.044520583003759384,False,False,True,-0.002969712018966675,
17,25,20,attn,degradation,1.0,0.9914743304252625,3453,GGTAGG,1.751953125,0,AAAAAN,2.0,0,AAAAAN,2.0,3250,GGAGGN,0.03740988299250603,1450,CAGAGN,0.044597167521715164,1450,CAGAGN,0.044597167521715164,False,False,True,-0.0026424527168273926,
17,26,20,attn,degradation,1.0,0.9964776635169983,3453,GGTAGG,1.751953125,0,AAAAAN,2.0,0,AAAAAN,2.0,3250,GGAGGN,0.037376776337623596,1450,CAGAGN,0.04461893439292908,1450,CAGAGN,0.04461893439292908,False,False,True,-0.0031644999980926514,
17,27,20,attn,degradation,1.0,0.9970377683639526,3453,GGTAGG,1.751953125,0,AAAAAN,2.0,0,AAAAAN,2.0,3250,GGAGGN,0.03736983612179756,1450,CAGAGN,0.044618137180805206,1450,CAGAGN,0.044618137180805206,False,False,True,-0.0029404163360595703,
17,28,20,attn,degradation,1.0,0.9932063221931458,3453,GGTAGG,1.751953125,0,AAAAAN,2.0,0,AAAAAN,2.0,3250,GGAGGN,0.03739895671606064,1450,CAGAGN,0.04460523650050163,1450,CAGAGN,0.04460523650050163,False,False,True,-0.002955883741378784,
17,29,20,attn,degradation,1.0,0.990742027759552,3453,GGTAGG,1.751953125,0,AAAAAN,2.0,0,AAAAAN,2.0,3250,GGAGGN,0.037417683750391006,1450,CAGAGN,0.04459693655371666,1450,CAGAGN,0.04459693655371666,False,False,True,-0.0029340386390686035,
17,30,20,attn,degradation,1.0,0.9984382390975952,3453,GGTAGG,1.751953125,0,AAAAAN,2.0,0,AAAAAN,2.0,3250,GGAGGN,0.03735777363181114,1450,CAGAGN,0.044621434062719345,1450,CAGAGN,0.044621434062719345,False,False,True,-0.002890348434448242,
17,31,20,attn,degradation,1.0,1.0016028881072998,3453,GGTAGG,1.751953125,0,AAAAAN,2.0,0,AAAAAN,2.0,3250,GGAGGN,0.03733324259519577,1450,CAGAGN,0.04463161155581474,1450,CAGAGN,0.04463161155581474,False,False,True,-0.0031298696994781494,
17,32,20,attn,degradation,1.0,1.0022448301315308,3453,GGTAGG,1.751953125,0,AAAAAN,2.0,0,AAAAAN,2.0,3250,GGAGGN,0.03732743114233017,1450,CAGAGN,0.044632840901613235,1450,CAGAGN,0.044632840901613235,False,False,True,-0.002578914165496826,
