Layer,Time_Offset,Target_Timestep,Component,Metric_Mode,Logit_Score,Posteriors_Score,Target_Transition_Prior,Target_String_Prior,Target_Logit,Wrong_Transition_Prior,Wrong_String_Prior,Wrong_Logit,Actual_Argmax_Prior,Actual_String_Prior,Actual_Argmax_Logit,Target_Transition_Post,Target_String_Post,Target_Prob,Wrong_Transition_Post,Wrong_String_Post,Wrong_Prob,Actual_Transition_Post,actual_String_Post,actual_Prob,Is_Target_Logit_Argmax,Is_Target_Prob_Argmax,Should_Decode,Global_MSE_Change,New_String
0,0,61,head_4,degradation,1.015625,0.9928315877914429,701,AGATAA,3.07421875,871,AGGTGA,3.26953125,871,AGGTGA,3.26953125,663,AGACAG,0.021103305742144585,61,AAATAA,0.033321961760520935,61,AAATAA,0.033321961760520935,False,False,True,0.00039055943489074707,
0,1,61,head_4,degradation,0.9921875,0.9979909062385559,701,AGATAA,3.076171875,871,AGGTGA,3.265625,871,AGGTGA,3.265625,663,AGACAG,0.021047458052635193,61,AAATAA,0.0333954319357872,61,AAATAA,0.0333954319357872,False,False,True,0.0008373260498046875,
0,2,61,head_4,degradation,1.0078125,0.9900289177894592,701,AGATAA,3.076171875,871,AGGTGA,3.26953125,871,AGGTGA,3.26953125,663,AGACAG,0.0210634283721447,61,AAATAA,0.033211834728717804,61,AAATAA,0.033211834728717804,False,False,True,0.0006112158298492432,
0,3,61,head_4,degradation,1.0078125,0.9940186142921448,701,AGATAA,3.076171875,871,AGGTGA,3.26953125,871,AGGTGA,3.26953125,663,AGACAG,0.021063458174467087,61,AAATAA,0.0333118662238121,61,AAATAA,0.0333118662238121,False,False,True,0.00045377016067504883,
0,4,61,head_4,degradation,0.9921875,0.9966964721679688,701,AGATAA,3.076171875,871,AGGTGA,3.265625,871,AGGTGA,3.265625,663,AGACAG,0.021187683567404747,61,AAATAA,0.0335032120347023,61,AAATAA,0.0335032120347023,False,False,True,0.00035518407821655273,
0,5,61,head_4,degradation,1.015625,0.9837158918380737,701,AGATAA,3.07421875,871,AGGTGA,3.26953125,871,AGGTGA,3.26953125,663,AGACAG,0.02125265635550022,61,AAATAA,0.03324282541871071,61,AAATAA,0.03324282541871071,False,False,True,0.00011175870895385742,
0,6,61,head_4,degradation,1.0,1.0031260251998901,701,AGATAA,3.07421875,871,AGGTGA,3.265625,871,AGGTGA,3.265625,663,AGACAG,0.020958971232175827,61,AAATAA,0.03343565762042999,61,AAATAA,0.03343565762042999,False,False,True,0.0002542734146118164,
0,7,61,head_4,degradation,1.0078125,0.9850427508354187,701,AGATAA,3.0703125,871,AGGTGA,3.263671875,871,AGGTGA,3.263671875,663,AGACAG,0.02099015563726425,61,AAATAA,0.03301358222961426,61,AAATAA,0.03301358222961426,False,False,True,0.000696718692779541,
0,8,61,head_4,degradation,1.0078125,0.9718323945999146,701,AGATAA,3.0703125,871,AGGTGA,3.263671875,871,AGGTGA,3.263671875,663,AGACAG,0.021229051053524017,61,AAATAA,0.032921358942985535,61,AAATAA,0.032921358942985535,False,False,True,0.0004074275493621826,
0,9,61,head_4,degradation,1.0,0.9969086050987244,701,AGATAA,3.078125,871,AGGTGA,3.26953125,871,AGGTGA,3.26953125,663,AGACAG,0.02118012309074402,61,AAATAA,0.03350096940994263,61,AAATAA,0.03350096940994263,False,False,True,0.0002632737159729004,
0,10,61,head_4,degradation,1.0,0.9997847676277161,701,AGATAA,3.078125,871,AGGTGA,3.26953125,871,AGGTGA,3.26953125,663,AGACAG,0.021064087748527527,61,AAATAA,0.03345702588558197,61,AAATAA,0.03345702588558197,False,False,True,0.0003426671028137207,
0,11,61,head_4,degradation,0.9921875,0.994714617729187,701,AGATAA,3.076171875,871,AGGTGA,3.265625,871,AGGTGA,3.265625,663,AGACAG,0.021001875400543213,61,AAATAA,0.033267728984355927,61,AAATAA,0.033267728984355927,False,False,True,0.00025472044944763184,
0,12,61,head_4,degradation,1.0322265625,0.9775336384773254,701,AGATAA,3.0703125,871,AGGTGA,3.26953125,871,AGGTGA,3.26953125,663,AGACAG,0.021189160645008087,61,AAATAA,0.033024370670318604,61,AAATAA,0.033024370670318604,False,False,True,-0.00010967254638671875,
0,13,61,head_4,degradation,0.98388671875,1.0022947788238525,701,AGATAA,3.078125,871,AGGTGA,3.265625,871,AGGTGA,3.265625,663,AGACAG,0.021032234653830528,61,AAATAA,0.033488087356090546,61,AAATAA,0.033488087356090546,False,False,True,-3.936886787414551e-05,
0,14,61,head_4,degradation,0.9921875,0.9993468523025513,701,AGATAA,3.076171875,871,AGGTGA,3.265625,871,AGGTGA,3.265625,663,AGACAG,0.0211027804762125,61,AAATAA,0.03348474204540253,61,AAATAA,0.03348474204540253,False,False,True,0.00044164061546325684,
0,15,61,head_4,degradation,1.0,0.9808719158172607,701,AGATAA,3.07421875,871,AGGTGA,3.265625,871,AGGTGA,3.265625,663,AGACAG,0.021223193034529686,61,AAATAA,0.033142078667879105,61,AAATAA,0.033142078667879105,False,False,True,0.0006712079048156738,
0,16,61,head_4,degradation,0.9921875,0.9894037842750549,701,AGATAA,3.076171875,871,AGGTGA,3.265625,871,AGGTGA,3.265625,663,AGACAG,0.02122187614440918,61,AAATAA,0.033354613929986954,61,AAATAA,0.033354613929986954,False,False,True,0.0002961158752441406,
0,17,61,head_4,degradation,1.0,0.9965839385986328,701,AGATAA,3.078125,871,AGGTGA,3.26953125,871,AGGTGA,3.26953125,663,AGACAG,0.02115647681057453,61,AAATAA,0.03346918523311615,61,AAATAA,0.03346918523311615,False,False,True,0.00011864304542541504,
0,18,61,head_4,degradation,1.0,0.9762794375419617,701,AGATAA,3.078125,871,AGGTGA,3.26953125,871,AGGTGA,3.26953125,663,AGACAG,0.021440641954541206,61,AAATAA,0.03324441611766815,61,AAATAA,0.03324441611766815,False,False,True,-0.0005240142345428467,
0,19,61,head_4,degradation,0.9921875,0.9945961833000183,701,AGATAA,3.08203125,871,AGGTGA,3.271484375,871,AGGTGA,3.271484375,663,AGACAG,0.021362528204917908,61,AAATAA,0.03362541273236275,61,AAATAA,0.03362541273236275,False,False,True,-0.0008087158203125,
0,20,61,head_4,degradation,0.98388671875,0.9966802597045898,701,AGATAA,3.08203125,871,AGGTGA,3.26953125,871,AGGTGA,3.26953125,663,AGACAG,0.02121780253946781,61,AAATAA,0.03353292495012283,61,AAATAA,0.03353292495012283,False,False,True,7.927417755126953e-06,
0,21,61,head_4,degradation,1.015625,0.9860717058181763,701,AGATAA,3.076171875,871,AGGTGA,3.271484375,871,AGGTGA,3.271484375,663,AGACAG,0.021136043593287468,61,AAATAA,0.033185262233018875,61,AAATAA,0.033185262233018875,False,False,True,0.00046074390411376953,
0,22,61,head_4,degradation,1.0078125,0.9840339422225952,701,AGATAA,3.076171875,871,AGGTGA,3.26953125,871,AGGTGA,3.26953125,663,AGACAG,0.021086310967803,61,AAATAA,0.0330844521522522,61,AAATAA,0.0330844521522522,False,False,True,0.00041741132736206055,
0,23,61,head_4,degradation,1.0244140625,0.9902369976043701,701,AGATAA,3.07421875,871,AGGTGA,3.271484375,871,AGGTGA,3.271484375,663,AGACAG,0.02106368914246559,61,AAATAA,0.03321731090545654,61,AAATAA,0.03321731090545654,False,False,True,0.0007475018501281738,
0,24,61,head_4,degradation,1.0,0.9907028079032898,701,AGATAA,3.07421875,871,AGGTGA,3.265625,871,AGGTGA,3.265625,663,AGACAG,0.02112089842557907,61,AAATAA,0.0332861952483654,61,AAATAA,0.0332861952483654,False,False,True,0.0005242824554443359,
0,25,61,head_4,degradation,0.9921875,0.9895668029785156,701,AGATAA,3.076171875,871,AGGTGA,3.265625,871,AGGTGA,3.265625,663,AGACAG,0.021109355613589287,61,AAATAA,0.033246178179979324,61,AAATAA,0.033246178179979324,False,False,True,0.0003846883773803711,
0,26,61,head_4,degradation,1.0078125,0.9911879301071167,701,AGATAA,3.076171875,871,AGGTGA,3.26953125,871,AGGTGA,3.26953125,663,AGACAG,0.021045278757810593,61,AAATAA,0.033222734928131104,61,AAATAA,0.033222734928131104,False,False,True,0.000500410795211792,
0,27,61,head_4,degradation,1.0,0.9909027814865112,701,AGATAA,3.07421875,871,AGGTGA,3.265625,871,AGGTGA,3.265625,663,AGACAG,0.021042564883828163,61,AAATAA,0.033212874084711075,61,AAATAA,0.033212874084711075,False,False,True,0.0008149147033691406,
0,28,61,head_4,degradation,1.015625,0.9779659509658813,701,AGATAA,3.07421875,871,AGGTGA,3.26953125,871,AGGTGA,3.26953125,663,AGACAG,0.02111409604549408,61,AAATAA,0.03296014294028282,61,AAATAA,0.03296014294028282,False,False,True,0.0005716085433959961,
0,29,61,head_4,degradation,1.0078125,0.9901858568191528,701,AGATAA,3.076171875,871,AGGTGA,3.26953125,871,AGGTGA,3.26953125,663,AGACAG,0.021172616630792618,61,AAATAA,0.0333249568939209,61,AAATAA,0.0333249568939209,False,False,True,0.00035709142684936523,
0,30,61,head_4,degradation,1.0078125,0.9889922142028809,701,AGATAA,3.076171875,871,AGGTGA,3.26953125,871,AGGTGA,3.26953125,663,AGACAG,0.021116072311997414,61,AAATAA,0.0332384929060936,61,AAATAA,0.0332384929060936,False,False,True,0.00016286969184875488,
0,31,61,head_4,degradation,0.9921875,1.0028334856033325,701,AGATAA,3.08203125,871,AGGTGA,3.271484375,871,AGGTGA,3.271484375,663,AGACAG,0.02106972597539425,61,AAATAA,0.03353907912969589,61,AAATAA,0.03353907912969589,False,False,True,0.00032466650009155273,
0,32,61,head_4,degradation,1.0078125,0.9921277165412903,701,AGATAA,3.076171875,871,AGGTGA,3.26953125,871,AGGTGA,3.26953125,663,AGACAG,0.021061444655060768,61,AAATAA,0.0332624576985836,61,AAATAA,0.0332624576985836,False,False,True,0.00040277838706970215,
1,0,61,head_4,degradation,0.9921875,0.9979686141014099,701,AGATAA,3.076171875,871,AGGTGA,3.265625,871,AGGTGA,3.265625,663,AGACAG,0.021096114069223404,61,AAATAA,0.03344352915883064,61,AAATAA,0.03344352915883064,False,False,True,0.0006945133209228516,
1,1,61,head_4,degradation,1.0078125,0.9975332021713257,701,AGATAA,3.076171875,871,AGGTGA,3.26953125,871,AGGTGA,3.26953125,663,AGACAG,0.02112896554172039,61,AAATAA,0.033465467393398285,61,AAATAA,0.033465467393398285,False,False,True,0.0006775259971618652,
1,2,61,head_4,degradation,1.0,0.9877744317054749,701,AGATAA,3.07421875,871,AGGTGA,3.265625,871,AGGTGA,3.265625,663,AGACAG,0.021077893674373627,61,AAATAA,0.03316979110240936,61,AAATAA,0.03316979110240936,False,False,True,0.0002917647361755371,
1,3,61,head_4,degradation,1.0078125,0.9971503019332886,701,AGATAA,3.0703125,871,AGGTGA,3.263671875,871,AGGTGA,3.263671875,663,AGACAG,0.021057583391666412,61,AAATAA,0.03338448703289032,61,AAATAA,0.03338448703289032,False,False,True,0.0003663599491119385,
1,4,61,head_4,degradation,0.9921875,0.9924754500389099,701,AGATAA,3.076171875,871,AGGTGA,3.265625,871,AGGTGA,3.265625,663,AGACAG,0.021072104573249817,61,AAATAA,0.0332818329334259,61,AAATAA,0.0332818329334259,False,False,True,0.00029921531677246094,
1,5,61,head_4,degradation,1.0078125,1.0054125785827637,701,AGATAA,3.078125,871,AGGTGA,3.271484375,871,AGGTGA,3.271484375,663,AGACAG,0.02106817066669464,61,AAATAA,0.03360217064619064,61,AAATAA,0.03360217064619064,False,False,True,0.0002566874027252197,
1,6,61,head_4,degradation,0.9921875,0.9931687116622925,701,AGATAA,3.076171875,871,AGGTGA,3.265625,871,AGGTGA,3.265625,663,AGACAG,0.021076662465929985,61,AAATAA,0.03330376744270325,61,AAATAA,0.03330376744270325,False,False,True,0.000167161226272583,
1,7,61,head_4,degradation,1.015625,0.9997971057891846,701,AGATAA,3.076171875,871,AGGTGA,3.271484375,871,AGGTGA,3.271484375,663,AGACAG,0.021029088646173477,61,AAATAA,0.03342233598232269,61,AAATAA,0.03342233598232269,False,False,True,0.0005619227886199951,
1,8,61,head_4,degradation,1.0078125,0.992155134677887,701,AGATAA,3.078125,871,AGGTGA,3.271484375,871,AGGTGA,3.271484375,663,AGACAG,0.02121332287788391,61,AAATAA,0.03341502323746681,61,AAATAA,0.03341502323746681,False,False,True,0.0003654658794403076,
1,9,61,head_4,degradation,1.0078125,0.9965137243270874,701,AGATAA,3.078125,871,AGGTGA,3.271484375,871,AGGTGA,3.271484375,663,AGACAG,0.02109392359852791,61,AAATAA,0.0334048718214035,61,AAATAA,0.0334048718214035,False,False,True,0.00029268860816955566,
1,10,61,head_4,degradation,1.0,1.0005820989608765,701,AGATAA,3.078125,871,AGGTGA,3.26953125,871,AGGTGA,3.26953125,663,AGACAG,0.021012304350733757,61,AAATAA,0.0334252268075943,61,AAATAA,0.0334252268075943,False,False,True,0.0004507899284362793,
1,11,61,head_4,degradation,1.0078125,0.9923058748245239,701,AGATAA,3.078125,871,AGGTGA,3.271484375,871,AGGTGA,3.271484375,663,AGACAG,0.021181825548410416,61,AAATAA,0.03338730335235596,61,AAATAA,0.03338730335235596,False,False,True,-5.9157609939575195e-05,
1,12,61,head_4,degradation,1.0078125,0.9974435567855835,701,AGATAA,3.076171875,871,AGGTGA,3.26953125,871,AGGTGA,3.26953125,663,AGACAG,0.02118734084069729,61,AAATAA,0.03352159634232521,61,AAATAA,0.03352159634232521,False,False,True,0.00026682019233703613,
1,13,61,head_4,degradation,1.0,1.000172734260559,701,AGATAA,3.07421875,871,AGGTGA,3.265625,871,AGGTGA,3.265625,663,AGACAG,0.020973386242985725,61,AAATAA,0.033376049250364304,61,AAATAA,0.033376049250364304,False,False,True,0.00018528103828430176,
1,14,61,head_4,degradation,1.0,1.0004653930664062,701,AGATAA,3.07421875,871,AGGTGA,3.265625,871,AGGTGA,3.265625,663,AGACAG,0.020913612097501755,61,AAATAA,0.033323608338832855,61,AAATAA,0.033323608338832855,False,False,True,9.268522262573242e-05,
1,15,61,head_4,degradation,1.0322265625,0.9846221208572388,701,AGATAA,3.078125,871,AGGTGA,3.27734375,871,AGGTGA,3.27734375,663,AGACAG,0.02131185308098793,61,AAATAA,0.03332473710179329,61,AAATAA,0.03332473710179329,False,False,True,-0.0006364881992340088,
1,16,61,head_4,degradation,1.0400390625,0.9724922180175781,701,AGATAA,3.076171875,871,AGGTGA,3.27734375,871,AGGTGA,3.27734375,663,AGACAG,0.02138943038880825,61,AAATAA,0.03309827670454979,61,AAATAA,0.03309827670454979,False,False,True,-0.00046133995056152344,
1,17,61,head_4,degradation,1.015625,0.9900600910186768,701,AGATAA,3.076171875,871,AGGTGA,3.271484375,871,AGGTGA,3.271484375,663,AGACAG,0.02102443389594555,61,AAATAA,0.03317362070083618,61,AAATAA,0.03317362070083618,False,False,True,0.0004183053970336914,
1,18,61,head_4,degradation,0.9921875,1.0217375755310059,701,AGATAA,3.076171875,871,AGGTGA,3.265625,871,AGGTGA,3.265625,663,AGACAG,0.020373621955513954,61,AAATAA,0.03331680968403816,61,AAATAA,0.03331680968403816,False,False,True,0.001471877098083496,
1,19,61,head_4,degradation,0.9921875,1.0153378248214722,701,AGATAA,3.07421875,871,AGGTGA,3.263671875,871,AGGTGA,3.263671875,663,AGACAG,0.020632421597838402,61,AAATAA,0.03341519832611084,61,AAATAA,0.03341519832611084,False,False,True,0.0011349916458129883,
1,20,61,head_4,degradation,1.0078125,1.0047937631607056,701,AGATAA,3.076171875,871,AGGTGA,3.26953125,871,AGGTGA,3.26953125,663,AGACAG,0.02088553085923195,61,AAATAA,0.033404018729925156,61,AAATAA,0.033404018729925156,False,False,True,0.0007001757621765137,
1,21,61,head_4,degradation,1.0078125,1.0009757280349731,701,AGATAA,3.076171875,871,AGGTGA,3.26953125,871,AGGTGA,3.26953125,663,AGACAG,0.021072272211313248,61,AAATAA,0.033495061099529266,61,AAATAA,0.033495061099529266,False,False,True,0.0003306567668914795,
1,22,61,head_4,degradation,1.015625,1.0101981163024902,701,AGATAA,3.076171875,871,AGGTGA,3.271484375,871,AGGTGA,3.271484375,663,AGACAG,0.02101646177470684,61,AAATAA,0.03367041051387787,61,AAATAA,0.03367041051387787,False,False,True,0.0002358555793762207,
1,23,61,head_4,degradation,1.0,1.0135366916656494,701,AGATAA,3.078125,871,AGGTGA,3.26953125,871,AGGTGA,3.26953125,663,AGACAG,0.020983939990401268,61,AAATAA,0.033721569925546646,61,AAATAA,0.033721569925546646,False,False,True,0.00042641162872314453,
1,24,61,head_4,degradation,1.0078125,0.9874324798583984,701,AGATAA,3.076171875,871,AGGTGA,3.26953125,871,AGGTGA,3.26953125,663,AGACAG,0.0212378092110157,61,AAATAA,0.033321134746074677,61,AAATAA,0.033321134746074677,False,False,True,0.00036644935607910156,
1,25,61,head_4,degradation,1.0,0.9704952239990234,701,AGATAA,3.07421875,871,AGGTGA,3.265625,871,AGGTGA,3.265625,663,AGACAG,0.021271374076604843,61,AAATAA,0.0329301655292511,61,AAATAA,0.0329301655292511,False,False,True,0.0006402432918548584,
1,26,61,head_4,degradation,1.015625,0.9906700253486633,701,AGATAA,3.076171875,871,AGGTGA,3.271484375,871,AGGTGA,3.271484375,663,AGACAG,0.02109305001795292,61,AAATAA,0.03325752541422844,61,AAATAA,0.03325752541422844,False,False,True,0.0004718899726867676,
1,27,61,head_4,degradation,1.0078125,0.9913203716278076,701,AGATAA,3.076171875,871,AGGTGA,3.26953125,871,AGGTGA,3.26953125,663,AGACAG,0.021137183532118797,61,AAATAA,0.03331796079874039,61,AAATAA,0.03331796079874039,False,False,True,0.0007329285144805908,
1,28,61,head_4,degradation,1.0078125,0.99516761302948,701,AGATAA,3.076171875,871,AGGTGA,3.26953125,871,AGGTGA,3.26953125,663,AGACAG,0.02115248143672943,61,AAATAA,0.03342968970537186,61,AAATAA,0.03342968970537186,False,False,True,0.00033098459243774414,
1,29,61,head_4,degradation,1.0,1.005471110343933,701,AGATAA,3.08203125,871,AGGTGA,3.2734375,871,AGGTGA,3.2734375,663,AGACAG,0.02111121080815792,61,AAATAA,0.03364667668938637,61,AAATAA,0.03364667668938637,False,False,True,0.0003834068775177002,
1,30,61,head_4,degradation,0.9677734375,1.008929967880249,701,AGATAA,3.08203125,871,AGGTGA,3.265625,871,AGGTGA,3.265625,663,AGACAG,0.02101825922727585,61,AAATAA,0.03364042192697525,61,AAATAA,0.03364042192697525,False,False,True,0.0005446374416351318,
1,31,61,head_4,degradation,0.9921875,1.0076161623001099,701,AGATAA,3.083984375,871,AGGTGA,3.2734375,871,AGGTGA,3.2734375,663,AGACAG,0.021183541044592857,61,AAATAA,0.033772774040699005,61,AAATAA,0.033772774040699005,False,False,True,0.0002869069576263428,
1,32,61,head_4,degradation,1.0,0.9965203404426575,701,AGATAA,3.078125,871,AGGTGA,3.26953125,871,AGGTGA,3.26953125,663,AGACAG,0.02111956663429737,61,AAATAA,0.03343068063259125,61,AAATAA,0.03343068063259125,False,False,True,0.00023895502090454102,
2,0,61,head_4,degradation,1.0,0.9921784996986389,701,AGATAA,3.078125,871,AGGTGA,3.26953125,871,AGGTGA,3.26953125,663,AGACAG,0.021152444183826447,61,AAATAA,0.033354729413986206,61,AAATAA,0.033354729413986206,False,False,True,0.0002842843532562256,
2,1,61,head_4,degradation,0.9921875,0.9934873580932617,701,AGATAA,3.08203125,871,AGGTGA,3.271484375,871,AGGTGA,3.271484375,663,AGACAG,0.021147528663277626,61,AAATAA,0.03338262066245079,61,AAATAA,0.03338262066245079,False,False,True,8.046627044677734e-07,
2,2,61,head_4,degradation,0.98388671875,0.9977788925170898,701,AGATAA,3.078125,871,AGGTGA,3.265625,871,AGGTGA,3.265625,663,AGACAG,0.02098122425377369,61,AAATAA,0.03332388401031494,61,AAATAA,0.03332388401031494,False,False,True,0.0003464818000793457,
2,3,61,head_4,degradation,0.9921875,0.9972866177558899,701,AGATAA,3.07421875,871,AGGTGA,3.263671875,871,AGGTGA,3.263671875,663,AGACAG,0.020906830206513405,61,AAATAA,0.03323715180158615,61,AAATAA,0.03323715180158615,False,False,True,0.0005553364753723145,
2,4,61,head_4,degradation,1.0,0.9875739216804504,701,AGATAA,3.07421875,871,AGGTGA,3.265625,871,AGGTGA,3.265625,663,AGACAG,0.021100036799907684,61,AAATAA,0.033186908811330795,61,AAATAA,0.033186908811330795,False,False,True,-3.409385681152344e-05,
2,5,61,head_4,degradation,1.015625,0.9819469451904297,701,AGATAA,3.068359375,871,AGGTGA,3.263671875,871,AGGTGA,3.263671875,663,AGACAG,0.02109636925160885,61,AAATAA,0.03304219990968704,61,AAATAA,0.03304219990968704,False,False,True,0.00025260448455810547,
2,6,61,head_4,degradation,1.0,0.992274284362793,701,AGATAA,3.07421875,871,AGGTGA,3.265625,871,AGGTGA,3.265625,663,AGACAG,0.021153954789042473,61,AAATAA,0.03335864096879959,61,AAATAA,0.03335864096879959,False,False,True,-6.413459777832031e-05,
2,7,61,head_4,degradation,1.015625,1.0047825574874878,701,AGATAA,3.07421875,871,AGGTGA,3.26953125,871,AGGTGA,3.26953125,663,AGACAG,0.02105109579861164,61,AAATAA,0.033569302409887314,61,AAATAA,0.033569302409887314,False,False,True,-2.6851892471313477e-05,
2,8,61,head_4,degradation,1.0078125,0.9916336536407471,701,AGATAA,3.078125,871,AGGTGA,3.271484375,871,AGGTGA,3.271484375,663,AGACAG,0.021166712045669556,61,AAATAA,0.033355340361595154,61,AAATAA,0.033355340361595154,False,False,True,6.750226020812988e-05,
2,9,61,head_4,degradation,1.0,0.9954438209533691,701,AGATAA,3.078125,871,AGGTGA,3.26953125,871,AGGTGA,3.26953125,663,AGACAG,0.021094245836138725,61,AAATAA,0.03337837755680084,61,AAATAA,0.03337837755680084,False,False,True,0.0006037354469299316,
2,10,61,head_4,degradation,0.9921875,0.9916266202926636,701,AGATAA,3.076171875,871,AGGTGA,3.265625,871,AGGTGA,3.265625,663,AGACAG,0.021049387753009796,61,AAATAA,0.03323784098029137,61,AAATAA,0.03323784098029137,False,False,True,0.0006098747253417969,
2,11,61,head_4,degradation,1.0078125,1.010895013809204,701,AGATAA,3.076171875,871,AGGTGA,3.26953125,871,AGGTGA,3.26953125,663,AGACAG,0.020789969712495804,61,AAATAA,0.03346138820052147,61,AAATAA,0.03346138820052147,False,False,True,0.00024706125259399414,
2,12,61,head_4,degradation,1.0244140625,0.9813653826713562,701,AGATAA,3.068359375,871,AGGTGA,3.265625,871,AGGTGA,3.265625,663,AGACAG,0.021005870774388313,61,AAATAA,0.032937124371528625,61,AAATAA,0.032937124371528625,False,False,True,2.4825334548950195e-05,
2,13,61,head_4,degradation,1.0078125,0.9800401926040649,701,AGATAA,3.06640625,871,AGGTGA,3.259765625,871,AGGTGA,3.259765625,663,AGACAG,0.020906861871480942,61,AAATAA,0.03280489891767502,61,AAATAA,0.03280489891767502,False,False,True,-0.00025281310081481934,
2,14,61,head_4,degradation,1.0078125,1.0013082027435303,701,AGATAA,3.076171875,871,AGGTGA,3.26953125,871,AGGTGA,3.26953125,663,AGACAG,0.021018926054239273,61,AAATAA,0.03345004841685295,61,AAATAA,0.03345004841685295,False,False,True,-0.00038549304008483887,
2,15,61,head_4,degradation,1.0478515625,0.9428133368492126,701,AGATAA,3.0703125,871,AGGTGA,3.2734375,871,AGGTGA,3.2734375,663,AGACAG,0.021783703938126564,61,AAATAA,0.03274864703416824,61,AAATAA,0.03274864703416824,False,False,True,-0.0011608004570007324,
2,16,61,head_4,degradation,1.0478515625,0.8626469969749451,701,AGATAA,3.05859375,871,AGGTGA,3.26171875,871,AGGTGA,3.26171875,663,AGACAG,0.022400937974452972,61,AAATAA,0.03135650232434273,61,AAATAA,0.03135650232434273,False,False,True,-0.0032278597354888916,
2,17,61,head_4,degradation,1.0244140625,0.9686378240585327,701,AGATAA,3.0625,871,AGGTGA,3.259765625,871,AGGTGA,3.259765625,663,AGACAG,0.020430441945791245,61,AAATAA,0.03204267844557762,61,AAATAA,0.03204267844557762,False,False,True,0.0029611587524414062,
2,18,61,head_4,degradation,1.015625,1.0576081275939941,701,AGATAA,3.05859375,871,AGGTGA,3.25390625,871,AGGTGA,3.25390625,663,AGACAG,0.01925540715456009,61,AAATAA,0.03309769183397293,61,AAATAA,0.03309769183397293,False,False,True,0.0055682361125946045,
2,19,61,head_4,degradation,1.0078125,1.1524313688278198,701,AGATAA,3.06640625,871,AGGTGA,3.259765625,871,AGGTGA,3.259765625,663,AGACAG,0.019043775275349617,61,AAATAA,0.0352628156542778,61,AAATAA,0.0352628156542778,False,False,True,0.005852609872817993,
2,20,61,head_4,degradation,1.0078125,1.0054664611816406,701,AGATAA,3.076171875,871,AGGTGA,3.26953125,871,AGGTGA,3.26953125,663,AGACAG,0.02074531279504299,61,AAATAA,0.033280663192272186,61,AAATAA,0.033280663192272186,False,False,True,0.0022498369216918945,
2,21,61,head_4,degradation,0.98388671875,0.9978030323982239,701,AGATAA,3.083984375,871,AGGTGA,3.271484375,871,AGGTGA,3.271484375,663,AGACAG,0.021191399544477463,61,AAATAA,0.033534664660692215,61,AAATAA,0.033534664660692215,False,False,True,0.0001709461212158203,
2,22,61,head_4,degradation,1.0,0.981514573097229,701,AGATAA,3.07421875,871,AGGTGA,3.265625,871,AGGTGA,3.265625,663,AGACAG,0.021151283755898476,61,AAATAA,0.033086277544498444,61,AAATAA,0.033086277544498444,False,False,True,0.00012564659118652344,
2,23,61,head_4,degradation,1.0,0.9971297383308411,701,AGATAA,3.078125,871,AGGTGA,3.26953125,871,AGGTGA,3.26953125,663,AGACAG,0.0210593119263649,61,AAATAA,0.03338570147752762,61,AAATAA,0.03338570147752762,False,False,True,0.000244140625,
2,24,61,head_4,degradation,1.0078125,0.9873656034469604,701,AGATAA,3.0703125,871,AGGTGA,3.263671875,871,AGGTGA,3.263671875,663,AGACAG,0.021093569695949554,61,AAATAA,0.03317521885037422,61,AAATAA,0.03317521885037422,False,False,True,0.00021690130233764648,
2,25,61,head_4,degradation,1.0078125,0.9866597056388855,701,AGATAA,3.076171875,871,AGGTGA,3.26953125,871,AGGTGA,3.26953125,663,AGACAG,0.021239502355456352,61,AAATAA,0.033303458243608475,61,AAATAA,0.033303458243608475,False,False,True,0.00037229061126708984,
2,26,61,head_4,degradation,1.0078125,0.9778861999511719,701,AGATAA,3.076171875,871,AGGTGA,3.26953125,871,AGGTGA,3.26953125,663,AGACAG,0.021323805674910545,61,AAATAA,0.03316785395145416,61,AAATAA,0.03316785395145416,False,False,True,0.00020068883895874023,
2,27,61,head_4,degradation,1.0078125,0.9795140624046326,701,AGATAA,3.078125,871,AGGTGA,3.271484375,871,AGGTGA,3.271484375,663,AGACAG,0.02134707197546959,61,AAATAA,0.03323192149400711,61,AAATAA,0.03323192149400711,False,False,True,0.0003927648067474365,
2,28,61,head_4,degradation,1.0078125,0.9956935048103333,701,AGATAA,3.083984375,871,AGGTGA,3.27734375,871,AGGTGA,3.27734375,663,AGACAG,0.021070042625069618,61,AAATAA,0.03336043283343315,61,AAATAA,0.03336043283343315,False,False,True,0.0005502998828887939,
2,29,61,head_4,degradation,1.0244140625,0.9869661927223206,701,AGATAA,3.076171875,871,AGGTGA,3.2734375,871,AGGTGA,3.2734375,663,AGACAG,0.021073441952466965,61,AAATAA,0.033145081251859665,61,AAATAA,0.033145081251859665,False,False,True,0.0006852447986602783,
2,30,61,head_4,degradation,0.9921875,0.9920412302017212,701,AGATAA,3.08203125,871,AGGTGA,3.271484375,871,AGGTGA,3.271484375,663,AGACAG,0.021045440807938576,61,AAATAA,0.033244285732507706,61,AAATAA,0.033244285732507706,False,False,True,0.0009765326976776123,
2,31,61,head_4,degradation,1.015625,0.9991534352302551,701,AGATAA,3.078125,871,AGGTGA,3.2734375,871,AGGTGA,3.2734375,663,AGACAG,0.02097926288843155,61,AAATAA,0.033356375992298126,61,AAATAA,0.033356375992298126,False,False,True,0.00035703182220458984,
2,32,61,head_4,degradation,1.0078125,1.0207509994506836,701,AGATAA,3.083984375,871,AGGTGA,3.27734375,871,AGGTGA,3.27734375,663,AGACAG,0.020898917689919472,61,AAATAA,0.03381737694144249,61,AAATAA,0.03381737694144249,False,False,True,-4.824995994567871e-05,
3,0,61,head_4,degradation,1.0,0.9848694801330566,701,AGATAA,3.07421875,871,AGGTGA,3.265625,871,AGGTGA,3.265625,663,AGACAG,0.021149812266230583,61,AAATAA,0.03316889703273773,61,AAATAA,0.03316889703273773,False,False,True,0.0005327165126800537,
3,1,61,head_4,degradation,1.015625,0.9892573356628418,701,AGATAA,3.068359375,871,AGGTGA,3.263671875,871,AGGTGA,3.263671875,663,AGACAG,0.021065039560198784,61,AAATAA,0.033194106072187424,61,AAATAA,0.033194106072187424,False,False,True,0.00029346346855163574,
3,2,61,head_4,degradation,1.0,0.9749341607093811,701,AGATAA,3.07421875,871,AGGTGA,3.265625,871,AGGTGA,3.265625,663,AGACAG,0.021210521459579468,61,AAATAA,0.032980576157569885,61,AAATAA,0.032980576157569885,False,False,True,0.0002231001853942871,
3,3,61,head_4,degradation,1.0078125,0.9928463101387024,701,AGATAA,3.0703125,871,AGGTGA,3.263671875,871,AGGTGA,3.263671875,663,AGACAG,0.020895743742585182,61,AAATAA,0.03311476856470108,61,AAATAA,0.03311476856470108,False,False,True,5.5670738220214844e-05,
3,4,61,head_4,degradation,1.0,0.9934924244880676,701,AGATAA,3.078125,871,AGGTGA,3.26953125,871,AGGTGA,3.26953125,663,AGACAG,0.02094941772520542,61,AAATAA,0.033184636384248734,61,AAATAA,0.033184636384248734,False,False,True,0.0002709925174713135,
3,5,61,head_4,degradation,1.015625,0.9968451261520386,701,AGATAA,3.076171875,871,AGGTGA,3.271484375,871,AGGTGA,3.271484375,663,AGACAG,0.021041911095380783,61,AAATAA,0.03336116671562195,61,AAATAA,0.03336116671562195,False,False,True,0.0004646778106689453,
3,6,61,head_4,degradation,1.0,0.994086742401123,701,AGATAA,3.07421875,871,AGGTGA,3.265625,871,AGGTGA,3.265625,663,AGACAG,0.021047184243798256,61,AAATAA,0.03329730033874512,61,AAATAA,0.03329730033874512,False,False,True,0.00047516822814941406,
3,7,61,head_4,degradation,0.9921875,0.9988378286361694,701,AGATAA,3.07421875,871,AGGTGA,3.263671875,871,AGGTGA,3.263671875,663,AGACAG,0.021059302613139153,61,AAATAA,0.033428505063056946,61,AAATAA,0.033428505063056946,False,False,True,0.00032216310501098633,
3,8,61,head_4,degradation,0.9921875,1.005385160446167,701,AGATAA,3.076171875,871,AGGTGA,3.265625,871,AGGTGA,3.265625,663,AGACAG,0.021003402769565582,61,AAATAA,0.03353671357035637,61,AAATAA,0.03353671357035637,False,False,True,0.0001277923583984375,
3,9,61,head_4,degradation,1.0078125,1.0061914920806885,701,AGATAA,3.076171875,871,AGGTGA,3.26953125,871,AGGTGA,3.26953125,663,AGACAG,0.020947394892573357,61,AAATAA,0.03350091725587845,61,AAATAA,0.03350091725587845,False,False,True,0.0002980828285217285,
3,10,61,head_4,degradation,1.0,0.9994710683822632,701,AGATAA,3.08203125,871,AGGTGA,3.2734375,871,AGGTGA,3.2734375,663,AGACAG,0.021181456744670868,61,AAATAA,0.03356653079390526,61,AAATAA,0.03356653079390526,False,False,True,0.00018796324729919434,
3,11,61,head_4,degradation,0.9921875,0.9959409832954407,701,AGATAA,3.07421875,871,AGGTGA,3.263671875,871,AGGTGA,3.263671875,663,AGACAG,0.020964207127690315,61,AAATAA,0.03326079994440079,61,AAATAA,0.03326079994440079,False,False,True,0.000576704740524292,
3,12,61,head_4,degradation,1.0,0.9906738996505737,701,AGATAA,3.07421875,871,AGGTGA,3.265625,871,AGGTGA,3.265625,663,AGACAG,0.02104141004383564,61,AAATAA,0.03320598229765892,61,AAATAA,0.03320598229765892,False,False,True,0.0002313852310180664,
3,13,61,head_4,degradation,1.015625,0.992853581905365,701,AGATAA,3.0703125,871,AGGTGA,3.265625,871,AGGTGA,3.265625,663,AGACAG,0.02103419415652752,61,AAATAA,0.03325340151786804,61,AAATAA,0.03325340151786804,False,False,True,0.00011962652206420898,
3,14,61,head_4,degradation,1.015625,0.984614372253418,701,AGATAA,3.0703125,871,AGGTGA,3.265625,871,AGGTGA,3.265625,663,AGACAG,0.02112254500389099,61,AAATAA,0.03313523530960083,61,AAATAA,0.03313523530960083,False,False,True,0.00019153952598571777,
3,15,61,head_4,degradation,1.0078125,0.9859893918037415,701,AGATAA,3.076171875,871,AGGTGA,3.26953125,871,AGGTGA,3.26953125,663,AGACAG,0.021111128851771355,61,AAATAA,0.033158283680677414,61,AAATAA,0.033158283680677414,False,False,True,0.0002308487892150879,
3,16,61,head_4,degradation,1.0244140625,0.9767587780952454,701,AGATAA,3.068359375,871,AGGTGA,3.265625,871,AGGTGA,3.265625,663,AGACAG,0.021037833765149117,61,AAATAA,0.0328536219894886,61,AAATAA,0.0328536219894886,False,False,True,0.0006773769855499268,
3,17,61,head_4,degradation,1.0400390625,0.9444437026977539,701,AGATAA,3.064453125,871,AGGTGA,3.265625,871,AGGTGA,3.265625,663,AGACAG,0.021358676254749298,61,AAATAA,0.032364483922719955,61,AAATAA,0.032364483922719955,False,False,True,0.0002783536911010742,
3,18,61,head_4,degradation,1.064453125,0.9622913002967834,701,AGATAA,3.0390625,871,AGGTGA,3.24609375,871,AGGTGA,3.24609375,663,AGACAG,0.020704928785562515,61,AAATAA,0.03215808793902397,61,AAATAA,0.03215808793902397,False,False,True,0.002766519784927368,
3,19,61,head_4,degradation,1.0322265625,0.9358866214752197,701,AGATAA,3.046875,871,AGGTGA,3.24609375,871,AGGTGA,3.24609375,663,AGACAG,0.021181486546993256,61,AAATAA,0.03197281062602997,61,AAATAA,0.03197281062602997,False,False,True,0.0016046762466430664,
3,20,61,head_4,degradation,1.064453125,0.9051306247711182,701,AGATAA,3.046875,871,AGGTGA,3.25390625,871,AGGTGA,3.25390625,663,AGACAG,0.021747929975390434,61,AAATAA,0.031768351793289185,61,AAATAA,0.031768351793289185,False,False,True,0.0003676116466522217,
3,21,61,head_4,degradation,1.0322265625,0.9000024795532227,701,AGATAA,3.0703125,871,AGGTGA,3.26953125,871,AGGTGA,3.26953125,663,AGACAG,0.02249307371675968,61,AAATAA,0.0323849581182003,61,AAATAA,0.0323849581182003,False,False,True,-0.0022718608379364014,
3,22,61,head_4,degradation,1.0556640625,0.9307355284690857,701,AGATAA,3.076171875,871,AGGTGA,3.28125,871,AGGTGA,3.28125,663,AGACAG,0.022017790004611015,61,AAATAA,0.032680001109838486,61,AAATAA,0.032680001109838486,False,False,True,-0.0014517009258270264,
3,23,61,head_4,degradation,1.015625,0.986683189868927,701,AGATAA,3.08203125,871,AGGTGA,3.27734375,871,AGGTGA,3.27734375,663,AGACAG,0.021433426067233086,61,AAATAA,0.033497970551252365,61,AAATAA,0.033497970551252365,False,False,True,0.0001844167709350586,
3,24,61,head_4,degradation,1.015625,0.9776376485824585,701,AGATAA,3.076171875,871,AGGTGA,3.271484375,871,AGGTGA,3.271484375,663,AGACAG,0.02139481157064438,61,AAATAA,0.03323262929916382,61,AAATAA,0.03323262929916382,False,False,True,0.0003032684326171875,
3,25,61,head_4,degradation,1.015625,0.972492516040802,701,AGATAA,3.076171875,871,AGGTGA,3.271484375,871,AGGTGA,3.271484375,663,AGACAG,0.021579960361123085,61,AAATAA,0.03328881412744522,61,AAATAA,0.03328881412744522,False,False,True,0.00010031461715698242,
3,26,61,head_4,degradation,1.015625,0.9683545827865601,701,AGATAA,3.078125,871,AGGTGA,3.2734375,871,AGGTGA,3.2734375,663,AGACAG,0.02157006412744522,61,AAATAA,0.03317520022392273,61,AAATAA,0.03317520022392273,False,False,True,0.00038379430770874023,
3,27,61,head_4,degradation,0.9921875,0.9755340218544006,701,AGATAA,3.083984375,871,AGGTGA,3.2734375,871,AGGTGA,3.2734375,663,AGACAG,0.02161068469285965,61,AAATAA,0.03339577466249466,61,AAATAA,0.03339577466249466,False,False,True,-0.00017076730728149414,
3,28,61,head_4,degradation,1.0,0.9662657380104065,701,AGATAA,3.0859375,871,AGGTGA,3.27734375,871,AGGTGA,3.27734375,663,AGACAG,0.021632956340909004,61,AAATAA,0.03318573534488678,61,AAATAA,0.03318573534488678,False,False,True,0.00012159347534179688,
3,29,61,head_4,degradation,0.9921875,1.0027514696121216,701,AGATAA,3.083984375,871,AGGTGA,3.2734375,871,AGGTGA,3.2734375,663,AGACAG,0.021211443468928337,61,AAATAA,0.03367874026298523,61,AAATAA,0.03367874026298523,False,False,True,-0.0002841651439666748,
3,30,61,head_4,degradation,1.0078125,0.9855731129646301,701,AGATAA,3.076171875,871,AGGTGA,3.26953125,871,AGGTGA,3.26953125,663,AGACAG,0.021151451393961906,61,AAATAA,0.033188171684741974,61,AAATAA,0.033188171684741974,False,False,True,-0.00023102760314941406,
3,31,61,head_4,degradation,1.0078125,0.997883677482605,701,AGATAA,3.078125,871,AGGTGA,3.271484375,871,AGGTGA,3.271484375,663,AGACAG,0.021039409562945366,61,AAATAA,0.033384695649147034,61,AAATAA,0.033384695649147034,False,False,True,9.60230827331543e-05,
3,32,61,head_4,degradation,1.015625,0.9681242108345032,701,AGATAA,3.076171875,871,AGGTGA,3.271484375,871,AGGTGA,3.271484375,663,AGACAG,0.021289430558681488,61,AAATAA,0.03288879245519638,61,AAATAA,0.03288879245519638,False,False,True,0.00018996000289916992,
4,0,61,head_4,degradation,1.015625,0.9771125316619873,701,AGATAA,3.076171875,871,AGGTGA,3.271484375,871,AGGTGA,3.271484375,663,AGACAG,0.021181993186473846,61,AAATAA,0.03300664946436882,61,AAATAA,0.03300664946436882,False,False,True,0.0005185902118682861,
4,1,61,head_4,degradation,1.0078125,0.9894512295722961,701,AGATAA,3.076171875,871,AGGTGA,3.26953125,871,AGGTGA,3.26953125,663,AGACAG,0.02113965153694153,61,AAATAA,0.03327357769012451,61,AAATAA,0.03327357769012451,False,False,True,0.0006004571914672852,
4,2,61,head_4,degradation,0.98388671875,0.9883263111114502,701,AGATAA,3.078125,871,AGGTGA,3.265625,871,AGGTGA,3.265625,663,AGACAG,0.021260187029838562,61,AAATAA,0.03336591646075249,61,AAATAA,0.03336591646075249,False,False,True,0.00040078163146972656,
4,3,61,head_4,degradation,1.0,0.9877583384513855,701,AGATAA,3.078125,871,AGGTGA,3.26953125,871,AGGTGA,3.26953125,663,AGACAG,0.021216442808508873,61,AAATAA,0.033307936042547226,61,AAATAA,0.033307936042547226,False,False,True,4.264712333679199e-05,
4,4,61,head_4,degradation,1.0078125,1.0051237344741821,701,AGATAA,3.078125,871,AGGTGA,3.271484375,871,AGGTGA,3.271484375,663,AGACAG,0.02118236944079399,61,AAATAA,0.03370912745594978,61,AAATAA,0.03370912745594978,False,False,True,-0.00011050701141357422,
4,5,61,head_4,degradation,1.0322265625,1.000097393989563,701,AGATAA,3.0703125,871,AGGTGA,3.26953125,871,AGGTGA,3.26953125,663,AGACAG,0.021044455468654633,61,AAATAA,0.03344522789120674,61,AAATAA,0.03344522789120674,False,False,True,0.0003457367420196533,
4,6,61,head_4,degradation,1.015625,1.0019594430923462,701,AGATAA,3.076171875,871,AGGTGA,3.271484375,871,AGGTGA,3.271484375,663,AGACAG,0.02113410271704197,61,AAATAA,0.03358154743909836,61,AAATAA,0.03358154743909836,False,False,True,0.0004692375659942627,
4,7,61,head_4,degradation,1.0,0.9961970448493958,701,AGATAA,3.078125,871,AGGTGA,3.26953125,871,AGGTGA,3.26953125,663,AGACAG,0.021181972697377205,61,AAATAA,0.03348498418927193,61,AAATAA,0.03348498418927193,False,False,True,0.0005770623683929443,
4,8,61,head_4,degradation,1.0,0.9942920207977295,701,AGATAA,3.07421875,871,AGGTGA,3.265625,871,AGGTGA,3.265625,663,AGACAG,0.02101852186024189,61,AAATAA,0.03327378258109093,61,AAATAA,0.03327378258109093,False,False,True,0.0006412267684936523,
4,9,61,head_4,degradation,1.0,0.9903367161750793,701,AGATAA,3.07421875,871,AGGTGA,3.265625,871,AGGTGA,3.265625,663,AGACAG,0.021116431802511215,61,AAATAA,0.033272553235292435,61,AAATAA,0.033272553235292435,False,False,True,0.0004989802837371826,
4,10,61,head_4,degradation,1.0,1.0021415948867798,701,AGATAA,3.078125,871,AGGTGA,3.26953125,871,AGGTGA,3.26953125,663,AGACAG,0.020938916131854057,61,AAATAA,0.03339092805981636,61,AAATAA,0.03339092805981636,False,False,True,0.00031262636184692383,
4,11,61,head_4,degradation,1.015625,0.9967263340950012,701,AGATAA,3.0703125,871,AGGTGA,3.265625,871,AGGTGA,3.265625,663,AGACAG,0.02089676447212696,61,AAATAA,0.033213041722774506,61,AAATAA,0.033213041722774506,False,False,True,-0.00042441487312316895,
4,12,61,head_4,degradation,1.0244140625,0.9838256239891052,701,AGATAA,3.06640625,871,AGGTGA,3.263671875,871,AGGTGA,3.263671875,663,AGACAG,0.02082858607172966,61,AAATAA,0.03282150626182556,61,AAATAA,0.03282150626182556,False,False,True,0.00030031800270080566,
4,13,61,head_4,degradation,1.0400390625,0.9824076890945435,701,AGATAA,3.0625,871,AGGTGA,3.263671875,871,AGGTGA,3.263671875,663,AGACAG,0.02100936882197857,61,AAATAA,0.032966747879981995,61,AAATAA,0.032966747879981995,False,False,True,-0.0004884004592895508,
4,14,61,head_4,degradation,1.0244140625,0.9618088603019714,701,AGATAA,3.068359375,871,AGGTGA,3.265625,871,AGGTGA,3.265625,663,AGACAG,0.02146328240633011,61,AAATAA,0.03290434926748276,61,AAATAA,0.03290434926748276,False,False,True,-9.691715240478516e-05,
4,15,61,head_4,degradation,1.072265625,0.9157069325447083,701,AGATAA,3.0625,871,AGGTGA,3.271484375,871,AGGTGA,3.271484375,663,AGACAG,0.022019049152731895,61,AAATAA,0.032304566353559494,61,AAATAA,0.032304566353559494,False,False,True,-0.0011254847049713135,
4,16,61,head_4,degradation,1.064453125,0.8989061117172241,701,AGATAA,3.064453125,871,AGGTGA,3.271484375,871,AGGTGA,3.271484375,663,AGACAG,0.022084442898631096,61,AAATAA,0.03194884583353996,61,AAATAA,0.03194884583353996,False,False,True,-0.000981658697128296,
4,17,61,head_4,degradation,1.072265625,0.9383103251457214,701,AGATAA,3.0625,871,AGGTGA,3.271484375,871,AGGTGA,3.271484375,663,AGACAG,0.02131807617843151,61,AAATAA,0.03217015042901039,61,AAATAA,0.03217015042901039,False,False,True,-0.0012296736240386963,
4,18,61,head_4,degradation,1.0,1.0006901025772095,701,AGATAA,3.0703125,871,AGGTGA,3.26171875,871,AGGTGA,3.26171875,663,AGACAG,0.020556341856718063,61,AAATAA,0.03297197073698044,61,AAATAA,0.03297197073698044,False,False,True,0.0006021261215209961,
4,19,61,head_4,degradation,0.9677734375,1.0512338876724243,701,AGATAA,3.08203125,871,AGGTGA,3.265625,871,AGGTGA,3.265625,663,AGACAG,0.0203406922519207,61,AAATAA,0.03402320668101311,61,AAATAA,0.03402320668101311,False,False,True,0.00042819976806640625,
4,20,61,head_4,degradation,0.98388671875,1.0106209516525269,701,AGATAA,3.078125,871,AGGTGA,3.265625,871,AGGTGA,3.265625,663,AGACAG,0.02083239145576954,61,AAATAA,0.03349693864583969,61,AAATAA,0.03349693864583969,False,False,True,0.0013071894645690918,
4,21,61,head_4,degradation,1.0,1.0121835470199585,701,AGATAA,3.08203125,871,AGGTGA,3.2734375,871,AGGTGA,3.2734375,663,AGACAG,0.021067464724183083,61,AAATAA,0.03377117961645126,61,AAATAA,0.03377117961645126,False,False,True,-0.00023156404495239258,
4,22,61,head_4,degradation,1.0244140625,1.0049114227294922,701,AGATAA,3.076171875,871,AGGTGA,3.2734375,871,AGGTGA,3.2734375,663,AGACAG,0.020997215062379837,61,AAATAA,0.033518653362989426,61,AAATAA,0.033518653362989426,False,False,True,0.00029915571212768555,
4,23,61,head_4,degradation,1.0400390625,0.9820857048034668,701,AGATAA,3.0703125,871,AGGTGA,3.271484375,871,AGGTGA,3.271484375,663,AGACAG,0.021131042391061783,61,AAATAA,0.03308035060763359,61,AAATAA,0.03308035060763359,False,False,True,0.0008003115653991699,
4,24,61,head_4,degradation,1.0322265625,0.9891112446784973,701,AGATAA,3.078125,871,AGGTGA,3.27734375,871,AGGTGA,3.27734375,663,AGACAG,0.02113807387650013,61,AAATAA,0.03326347842812538,61,AAATAA,0.03326347842812538,False,False,True,0.0008604228496551514,
4,25,61,head_4,degradation,1.0478515625,0.9593095779418945,701,AGATAA,3.07421875,871,AGGTGA,3.27734375,871,AGGTGA,3.27734375,663,AGACAG,0.021666299551725388,61,AAATAA,0.0330447219312191,61,AAATAA,0.0330447219312191,False,False,True,0.0007381439208984375,
4,26,61,head_4,degradation,1.0078125,0.9890058040618896,701,AGATAA,3.0859375,871,AGGTGA,3.279296875,871,AGGTGA,3.279296875,663,AGACAG,0.021460440009832382,61,AAATAA,0.033583201467990875,61,AAATAA,0.033583201467990875,False,False,True,-0.00012323260307312012,
4,27,61,head_4,degradation,0.9677734375,0.9911805391311646,701,AGATAA,3.08203125,871,AGGTGA,3.265625,871,AGGTGA,3.265625,663,AGACAG,0.021224042400717735,61,AAATAA,0.03340131416916847,61,AAATAA,0.03340131416916847,False,False,True,-0.0001805126667022705,
4,28,61,head_4,degradation,0.98388671875,0.9858150482177734,701,AGATAA,3.078125,871,AGGTGA,3.265625,871,AGGTGA,3.265625,663,AGACAG,0.021127426996827126,61,AAATAA,0.03317021206021309,61,AAATAA,0.03317021206021309,False,False,True,0.0002509951591491699,
4,29,61,head_4,degradation,0.98388671875,0.9951278567314148,701,AGATAA,3.08203125,871,AGGTGA,3.26953125,871,AGGTGA,3.26953125,663,AGACAG,0.02106754295527935,61,AAATAA,0.03334375470876694,61,AAATAA,0.03334375470876694,False,False,True,0.0004769861698150635,
4,30,61,head_4,degradation,0.9677734375,1.0038034915924072,701,AGATAA,3.08203125,871,AGGTGA,3.265625,871,AGGTGA,3.265625,663,AGACAG,0.021216074004769325,61,AAATAA,0.03370974212884903,61,AAATAA,0.03370974212884903,False,False,True,0.00014039874076843262,
4,31,61,head_4,degradation,0.9921875,1.0032014846801758,701,AGATAA,3.083984375,871,AGGTGA,3.2734375,871,AGGTGA,3.2734375,663,AGACAG,0.021229766309261322,61,AAATAA,0.033708345144987106,61,AAATAA,0.033708345144987106,False,False,True,7.18533992767334e-05,
4,32,61,head_4,degradation,1.0,1.0064685344696045,701,AGATAA,3.08203125,871,AGGTGA,3.2734375,871,AGGTGA,3.2734375,663,AGACAG,0.021155042573809624,61,AAATAA,0.03371550887823105,61,AAATAA,0.03371550887823105,False,False,True,0.00047534704208374023,
5,0,61,head_4,degradation,0.9921875,0.9835993051528931,701,AGATAA,3.07421875,871,AGGTGA,3.263671875,871,AGGTGA,3.263671875,663,AGACAG,0.02109556272625923,61,AAATAA,0.033082809299230576,61,AAATAA,0.033082809299230576,False,False,True,3.159046173095703e-06,
5,1,61,head_4,degradation,0.98388671875,0.9855279326438904,701,AGATAA,3.076171875,871,AGGTGA,3.263671875,871,AGGTGA,3.263671875,663,AGACAG,0.020885242149233818,61,AAATAA,0.03292082995176315,61,AAATAA,0.03292082995176315,False,False,True,0.00046572089195251465,
5,2,61,head_4,degradation,0.9921875,0.9879385232925415,701,AGATAA,3.0703125,871,AGGTGA,3.259765625,871,AGGTGA,3.259765625,663,AGACAG,0.020794488489627838,61,AAATAA,0.032890498638153076,61,AAATAA,0.032890498638153076,False,False,True,0.0007434487342834473,
5,3,61,head_4,degradation,1.0,0.9900550246238708,701,AGATAA,3.0703125,871,AGGTGA,3.26171875,871,AGGTGA,3.26171875,663,AGACAG,0.020743491128087044,61,AAATAA,0.03289255127310753,61,AAATAA,0.03289255127310753,False,False,True,0.0007117986679077148,
5,4,61,head_4,degradation,0.9921875,0.9797355532646179,701,AGATAA,3.07421875,871,AGGTGA,3.263671875,871,AGGTGA,3.263671875,663,AGACAG,0.021206656470894814,61,AAATAA,0.03309705853462219,61,AAATAA,0.03309705853462219,False,False,True,-0.00018143653869628906,
5,5,61,head_4,degradation,0.9921875,0.9854946732521057,701,AGATAA,3.076171875,871,AGGTGA,3.265625,871,AGGTGA,3.265625,663,AGACAG,0.021219365298748016,61,AAATAA,0.033254120498895645,61,AAATAA,0.033254120498895645,False,False,True,-0.0003051161766052246,
5,6,61,head_4,degradation,1.015625,0.9909506440162659,701,AGATAA,3.078125,871,AGGTGA,3.2734375,871,AGGTGA,3.2734375,663,AGACAG,0.0211882796138525,61,AAATAA,0.03335978835821152,61,AAATAA,0.03335978835821152,False,False,True,-0.0006650686264038086,
5,7,61,head_4,degradation,1.0322265625,0.9845758080482483,701,AGATAA,3.0703125,871,AGGTGA,3.26953125,871,AGGTGA,3.26953125,663,AGACAG,0.02119305543601513,61,AAATAA,0.03320477902889252,61,AAATAA,0.03320477902889252,False,False,True,-0.0002211928367614746,
5,8,61,head_4,degradation,0.9921875,0.9911285042762756,701,AGATAA,3.07421875,871,AGGTGA,3.263671875,871,AGGTGA,3.263671875,663,AGACAG,0.021021706983447075,61,AAATAA,0.03319767490029335,61,AAATAA,0.03319767490029335,False,False,True,-0.00015220046043395996,
5,9,61,head_4,degradation,1.0,0.9944308400154114,701,AGATAA,3.07421875,871,AGGTGA,3.265625,871,AGGTGA,3.265625,663,AGACAG,0.021105749532580376,61,AAATAA,0.033364489674568176,61,AAATAA,0.033364489674568176,False,False,True,-1.8835067749023438e-05,
5,10,61,head_4,degradation,1.0400390625,0.9777771234512329,701,AGATAA,3.0703125,871,AGGTGA,3.271484375,871,AGGTGA,3.271484375,663,AGACAG,0.02124982886016369,61,AAATAA,0.033091142773628235,61,AAATAA,0.033091142773628235,False,False,True,0.0001571178436279297,
5,11,61,head_4,degradation,1.0322265625,0.9811503291130066,701,AGATAA,3.0703125,871,AGGTGA,3.26953125,871,AGGTGA,3.26953125,663,AGACAG,0.021233825013041496,61,AAATAA,0.033159688115119934,61,AAATAA,0.033159688115119934,False,False,True,-0.00016927719116210938,
5,12,61,head_4,degradation,1.0322265625,0.9978805184364319,701,AGATAA,3.08203125,871,AGGTGA,3.28125,871,AGGTGA,3.28125,663,AGACAG,0.02109495736658573,61,AAATAA,0.03344016522169113,61,AAATAA,0.03344016522169113,False,False,True,-4.64320182800293e-05,
5,13,61,head_4,degradation,1.0244140625,1.0161703824996948,701,AGATAA,3.076171875,871,AGGTGA,3.2734375,871,AGGTGA,3.2734375,663,AGACAG,0.020811179652810097,61,AAATAA,0.03361482545733452,61,AAATAA,0.03361482545733452,False,False,True,-0.0005550682544708252,
5,14,61,head_4,degradation,0.9921875,1.0370166301727295,701,AGATAA,3.083984375,871,AGGTGA,3.2734375,871,AGGTGA,3.2734375,663,AGACAG,0.020839571952819824,61,AAATAA,0.03416572883725166,61,AAATAA,0.03416572883725166,False,False,True,-0.0006726682186126709,
5,15,61,head_4,degradation,0.98388671875,1.0158628225326538,701,AGATAA,3.076171875,871,AGGTGA,3.263671875,871,AGGTGA,3.263671875,663,AGACAG,0.02095204032957554,61,AAATAA,0.033747974783182144,61,AAATAA,0.033747974783182144,False,False,True,-0.0006740093231201172,
5,16,61,head_4,degradation,1.0322265625,0.9776761531829834,701,AGATAA,3.06640625,871,AGGTGA,3.265625,871,AGGTGA,3.265625,663,AGACAG,0.021108325570821762,61,AAATAA,0.0329471081495285,61,AAATAA,0.0329471081495285,False,False,True,0.00031948089599609375,
5,17,61,head_4,degradation,1.095703125,0.9094860553741455,701,AGATAA,3.046875,871,AGGTGA,3.26171875,871,AGGTGA,3.26171875,663,AGACAG,0.02137617953121662,61,AAATAA,0.0315057709813118,61,AAATAA,0.0315057709813118,False,False,True,2.8014183044433594e-06,
5,18,61,head_4,degradation,1.095703125,0.915256142616272,701,AGATAA,3.048828125,871,AGGTGA,3.263671875,871,AGGTGA,3.263671875,663,AGACAG,0.021420622244477272,61,AAATAA,0.031694840639829636,61,AAATAA,0.031694840639829636,False,False,True,0.00016179680824279785,
5,19,61,head_4,degradation,1.072265625,0.9458217620849609,701,AGATAA,3.064453125,871,AGGTGA,3.2734375,871,AGGTGA,3.2734375,663,AGACAG,0.021175317466259003,61,AAATAA,0.032215666025877,61,AAATAA,0.032215666025877,False,False,True,0.0004424154758453369,
5,20,61,head_4,degradation,0.97607421875,1.0166290998458862,701,AGATAA,3.087890625,871,AGGTGA,3.2734375,871,AGGTGA,3.2734375,663,AGACAG,0.021029165014624596,61,AAATAA,0.03384430706501007,61,AAATAA,0.03384430706501007,False,False,True,0.0009443163871765137,
5,21,61,head_4,degradation,1.015625,0.9969482421875,701,AGATAA,3.076171875,871,AGGTGA,3.271484375,871,AGGTGA,3.271484375,663,AGACAG,0.020846130326390266,61,AAATAA,0.033167969435453415,61,AAATAA,0.033167969435453415,False,False,True,0.001263052225112915,
5,22,61,head_4,degradation,1.0,0.9682032465934753,701,AGATAA,3.068359375,871,AGGTGA,3.259765625,871,AGGTGA,3.259765625,663,AGACAG,0.02136976271867752,61,AAATAA,0.032971106469631195,61,AAATAA,0.032971106469631195,False,False,True,0.0008024871349334717,
5,23,61,head_4,degradation,1.015625,0.9880298972129822,701,AGATAA,3.08203125,871,AGGTGA,3.27734375,871,AGGTGA,3.27734375,663,AGACAG,0.021371040493249893,61,AAATAA,0.033469341695308685,61,AAATAA,0.033469341695308685,False,False,True,6.952881813049316e-05,
5,24,61,head_4,degradation,1.0244140625,0.9709264636039734,701,AGATAA,3.08203125,871,AGGTGA,3.279296875,871,AGGTGA,3.279296875,663,AGACAG,0.021404454484581947,61,AAATAA,0.03307405486702919,61,AAATAA,0.03307405486702919,False,False,True,-0.0003885924816131592,
5,25,61,head_4,degradation,1.0244140625,0.9866278767585754,701,AGATAA,3.076171875,871,AGGTGA,3.2734375,871,AGGTGA,3.2734375,663,AGACAG,0.021095743402838707,61,AAATAA,0.03315890207886696,61,AAATAA,0.03315890207886696,False,False,True,-0.0007184147834777832,
5,26,61,head_4,degradation,1.015625,0.9997621774673462,701,AGATAA,3.078125,871,AGGTGA,3.2734375,871,AGGTGA,3.2734375,663,AGACAG,0.020926762372255325,61,AAATAA,0.0333191342651844,61,AAATAA,0.0333191342651844,False,False,True,-5.2034854888916016e-05,
5,27,61,head_4,degradation,0.9921875,1.0067440271377563,701,AGATAA,3.08203125,871,AGGTGA,3.271484375,871,AGGTGA,3.271484375,663,AGACAG,0.02091171033680439,61,AAATAA,0.03347908332943916,61,AAATAA,0.03347908332943916,False,False,True,-6.23166561126709e-05,
5,28,61,head_4,degradation,1.0078125,0.993951141834259,701,AGATAA,3.078125,871,AGGTGA,3.271484375,871,AGGTGA,3.271484375,663,AGACAG,0.021204683929681778,61,AAATAA,0.03345140069723129,61,AAATAA,0.03345140069723129,False,False,True,0.00016236305236816406,
5,29,61,head_4,degradation,1.0,0.9942903518676758,701,AGATAA,3.07421875,871,AGGTGA,3.265625,871,AGGTGA,3.265625,663,AGACAG,0.021038496866822243,61,AAATAA,0.033293716609478,61,AAATAA,0.033293716609478,False,False,True,0.00018969178199768066,
5,30,61,head_4,degradation,1.015625,0.9928675293922424,701,AGATAA,3.0703125,871,AGGTGA,3.265625,871,AGGTGA,3.265625,663,AGACAG,0.020954683423042297,61,AAATAA,0.033174239099025726,61,AAATAA,0.033174239099025726,False,False,True,0.0003731846809387207,
5,31,61,head_4,degradation,1.0,0.9957160353660583,701,AGATAA,3.07421875,871,AGGTGA,3.265625,871,AGGTGA,3.265625,663,AGACAG,0.021003108471632004,61,AAATAA,0.033294063061475754,61,AAATAA,0.033294063061475754,False,False,True,0.0007332861423492432,
5,32,61,head_4,degradation,1.0078125,1.0139648914337158,701,AGATAA,3.068359375,871,AGGTGA,3.26171875,871,AGGTGA,3.26171875,663,AGACAG,0.02071966417133808,61,AAATAA,0.03346802666783333,61,AAATAA,0.03346802666783333,False,False,True,0.0007545351982116699,
6,0,61,head_4,degradation,0.9921875,0.9949657917022705,701,AGATAA,3.08203125,871,AGGTGA,3.271484375,871,AGGTGA,3.271484375,663,AGACAG,0.021066684275865555,61,AAATAA,0.03333883360028267,61,AAATAA,0.03333883360028267,False,False,True,0.0004684925079345703,
6,1,61,head_4,degradation,0.98388671875,0.9879012703895569,701,AGATAA,3.076171875,871,AGGTGA,3.263671875,871,AGGTGA,3.263671875,663,AGACAG,0.02112232707440853,61,AAATAA,0.033217404037714005,61,AAATAA,0.033217404037714005,False,False,True,0.0006260275840759277,
6,2,61,head_4,degradation,0.97607421875,1.0045044422149658,701,AGATAA,3.078125,871,AGGTGA,3.263671875,871,AGGTGA,3.263671875,663,AGACAG,0.02097240276634693,61,AAATAA,0.03348363935947418,61,AAATAA,0.03348363935947418,False,False,True,0.0006532371044158936,
6,3,61,head_4,degradation,0.9921875,0.9964055418968201,701,AGATAA,3.07421875,871,AGGTGA,3.263671875,871,AGGTGA,3.263671875,663,AGACAG,0.02111637219786644,61,AAATAA,0.033424608409404755,61,AAATAA,0.033424608409404755,False,False,True,-3.49581241607666e-05,
6,4,61,head_4,degradation,0.98388671875,0.988747239112854,701,AGATAA,3.078125,871,AGGTGA,3.265625,871,AGGTGA,3.265625,663,AGACAG,0.02141093648970127,61,AAATAA,0.03352721780538559,61,AAATAA,0.03352721780538559,False,False,True,-0.0006793439388275146,
6,5,61,head_4,degradation,1.0,0.9891476631164551,701,AGATAA,3.078125,871,AGGTGA,3.26953125,871,AGGTGA,3.26953125,663,AGACAG,0.021547740325331688,61,AAATAA,0.03367405757308006,61,AAATAA,0.03367405757308006,False,False,True,-0.0007629692554473877,
6,6,61,head_4,degradation,0.98388671875,0.9962685108184814,701,AGATAA,3.08203125,871,AGGTGA,3.26953125,871,AGGTGA,3.26953125,663,AGACAG,0.021431967616081238,61,AAATAA,0.03373676910996437,61,AAATAA,0.03373676910996437,False,False,True,-0.0003561079502105713,
6,7,61,head_4,degradation,1.0,0.9928549528121948,701,AGATAA,3.078125,871,AGGTGA,3.26953125,871,AGGTGA,3.26953125,663,AGACAG,0.02119332365691662,61,AAATAA,0.03341256454586983,61,AAATAA,0.03341256454586983,False,False,True,0.00015047192573547363,
6,8,61,head_4,degradation,0.98388671875,1.0043278932571411,701,AGATAA,3.08203125,871,AGGTGA,3.26953125,871,AGGTGA,3.26953125,663,AGACAG,0.02107848972082138,61,AAATAA,0.03358530253171921,61,AAATAA,0.03358530253171921,False,False,True,-0.00015267729759216309,
6,9,61,head_4,degradation,1.0478515625,0.9672228097915649,701,AGATAA,3.076171875,871,AGGTGA,3.279296875,871,AGGTGA,3.279296875,663,AGACAG,0.021547410637140274,61,AAATAA,0.033124178647994995,61,AAATAA,0.033124178647994995,False,False,True,0.0002950429916381836,
6,10,61,head_4,degradation,1.0478515625,0.9543952941894531,701,AGATAA,3.076171875,871,AGGTGA,3.279296875,871,AGGTGA,3.279296875,663,AGACAG,0.021718867123126984,61,AAATAA,0.032974112778902054,61,AAATAA,0.032974112778902054,False,False,True,0.0004011094570159912,
6,11,61,head_4,degradation,1.0556640625,0.9577348232269287,701,AGATAA,3.068359375,871,AGGTGA,3.2734375,871,AGGTGA,3.2734375,663,AGACAG,0.021681392565369606,61,AAATAA,0.033020343631505966,61,AAATAA,0.033020343631505966,False,False,True,0.00046068429946899414,
6,12,61,head_4,degradation,0.98388671875,0.9982286691665649,701,AGATAA,3.076171875,871,AGGTGA,3.263671875,871,AGGTGA,3.263671875,663,AGACAG,0.02105414867401123,61,AAATAA,0.03340808302164078,61,AAATAA,0.03340808302164078,False,False,True,0.000544130802154541,
6,13,61,head_4,degradation,1.0,1.0094337463378906,701,AGATAA,3.078125,871,AGGTGA,3.26953125,871,AGGTGA,3.26953125,663,AGACAG,0.020880265161395073,61,AAATAA,0.03351505473256111,61,AAATAA,0.03351505473256111,False,False,True,0.0003993213176727295,
6,14,61,head_4,degradation,0.98388671875,1.0000685453414917,701,AGATAA,3.083984375,871,AGGTGA,3.271484375,871,AGGTGA,3.271484375,663,AGACAG,0.020970690995454788,61,AAATAA,0.033370740711688995,61,AAATAA,0.033370740711688995,False,False,True,0.0002473592758178711,
6,15,61,head_4,degradation,1.015625,1.0143545866012573,701,AGATAA,3.083984375,871,AGGTGA,3.279296875,871,AGGTGA,3.279296875,663,AGACAG,0.020947426557540894,61,AAATAA,0.03370555862784386,61,AAATAA,0.03370555862784386,False,False,True,0.0015352070331573486,
6,16,61,head_4,degradation,1.0556640625,1.0090961456298828,701,AGATAA,3.076171875,871,AGGTGA,3.28125,871,AGGTGA,3.28125,663,AGACAG,0.02072099968791008,61,AAATAA,0.03334732726216316,61,AAATAA,0.03334732726216316,False,False,True,0.0018396377563476562,
6,17,61,head_4,degradation,1.0556640625,0.9551045298576355,701,AGATAA,3.05859375,871,AGGTGA,3.263671875,871,AGGTGA,3.263671875,663,AGACAG,0.021034378558397293,61,AAATAA,0.032307401299476624,61,AAATAA,0.032307401299476624,False,False,True,-0.00936993956565857,
6,18,61,head_4,degradation,1.0244140625,1.0531823635101318,701,AGATAA,3.076171875,871,AGGTGA,3.2734375,871,AGGTGA,3.2734375,663,AGACAG,0.02024860680103302,61,AAATAA,0.03397995978593826,61,AAATAA,0.03397995978593826,False,False,True,-0.011996626853942871,
6,19,61,head_4,degradation,0.98388671875,1.0662723779678345,701,AGATAA,3.07421875,871,AGGTGA,3.26171875,871,AGGTGA,3.26171875,663,AGACAG,0.020134348422288895,61,AAATAA,0.03419380635023117,61,AAATAA,0.03419380635023117,False,False,True,-0.012121230363845825,
6,20,61,head_4,degradation,1.0078125,1.0924139022827148,701,AGATAA,3.083984375,871,AGGTGA,3.27734375,871,AGGTGA,3.27734375,663,AGACAG,0.02006610482931137,61,AAATAA,0.034780800342559814,61,AAATAA,0.034780800342559814,False,False,True,-0.0007899701595306396,
6,21,61,head_4,degradation,1.0244140625,0.9816493988037109,701,AGATAA,3.068359375,871,AGGTGA,3.265625,871,AGGTGA,3.265625,663,AGACAG,0.02097773738205433,61,AAATAA,0.032916110008955,61,AAATAA,0.032916110008955,False,False,True,0.0004716813564300537,
6,22,61,head_4,degradation,0.9677734375,1.0120528936386108,701,AGATAA,3.0859375,871,AGGTGA,3.26953125,871,AGGTGA,3.26953125,663,AGACAG,0.020772259682416916,61,AAATAA,0.0334726981818676,61,AAATAA,0.0334726981818676,False,False,True,0.0005113184452056885,
6,23,61,head_4,degradation,1.0078125,1.011281967163086,701,AGATAA,3.078125,871,AGGTGA,3.271484375,871,AGGTGA,3.271484375,663,AGACAG,0.0206384789198637,61,AAATAA,0.03331959620118141,61,AAATAA,0.03331959620118141,False,False,True,5.233287811279297e-05,
6,24,61,head_4,degradation,1.0,1.0099945068359375,701,AGATAA,3.08203125,871,AGGTGA,3.2734375,871,AGGTGA,3.2734375,663,AGACAG,0.020551342517137527,61,AAATAA,0.03320018947124481,61,AAATAA,0.03320018947124481,False,False,True,0.00032213330268859863,
6,25,61,head_4,degradation,1.0322265625,0.9881594777107239,701,AGATAA,3.07421875,871,AGGTGA,3.2734375,871,AGGTGA,3.2734375,663,AGACAG,0.021059444174170494,61,AAATAA,0.033160991966724396,61,AAATAA,0.033160991966724396,False,False,True,-0.00012663006782531738,
6,26,61,head_4,degradation,1.0078125,0.9879383444786072,701,AGATAA,3.078125,871,AGGTGA,3.271484375,871,AGGTGA,3.271484375,663,AGACAG,0.02110625058412552,61,AAATAA,0.03320225700736046,61,AAATAA,0.03320225700736046,False,False,True,4.583597183227539e-05,
6,27,61,head_4,degradation,1.015625,0.9901538491249084,701,AGATAA,3.0703125,871,AGGTGA,3.265625,871,AGGTGA,3.265625,663,AGACAG,0.021077657118439674,61,AAATAA,0.033229194581508636,61,AAATAA,0.033229194581508636,False,False,True,0.0003012716770172119,
6,28,61,head_4,degradation,1.015625,0.9935843348503113,701,AGATAA,3.0703125,871,AGGTGA,3.265625,871,AGGTGA,3.265625,663,AGACAG,0.020899713039398193,61,AAATAA,0.033137235790491104,61,AAATAA,0.033137235790491104,False,False,True,0.00013679265975952148,
6,29,61,head_4,degradation,0.9921875,1.0117474794387817,701,AGATAA,3.076171875,871,AGGTGA,3.265625,871,AGGTGA,3.265625,663,AGACAG,0.020611170679330826,61,AAATAA,0.03330395370721817,61,AAATAA,0.03330395370721817,False,False,True,0.0009715855121612549,
6,30,61,head_4,degradation,1.0,1.0028060674667358,701,AGATAA,3.068359375,871,AGGTGA,3.259765625,871,AGGTGA,3.259765625,663,AGACAG,0.020514320582151413,61,AAATAA,0.03298298642039299,61,AAATAA,0.03298298642039299,False,False,True,0.0014395415782928467,
6,31,61,head_4,degradation,1.0,1.0228687524795532,701,AGATAA,3.0703125,871,AGGTGA,3.26171875,871,AGGTGA,3.26171875,663,AGACAG,0.020479345694184303,61,AAATAA,0.033450886607170105,61,AAATAA,0.033450886607170105,False,False,True,0.0006682872772216797,
6,32,61,head_4,degradation,0.9921875,1.0173115730285645,701,AGATAA,3.08203125,871,AGGTGA,3.271484375,871,AGGTGA,3.271484375,663,AGACAG,0.020835140720009804,61,AAATAA,0.033667389303445816,61,AAATAA,0.033667389303445816,False,False,True,0.00031185150146484375,
7,0,61,head_4,degradation,1.0,0.9971539974212646,701,AGATAA,3.078125,871,AGGTGA,3.26953125,871,AGGTGA,3.26953125,663,AGACAG,0.021066445857286453,61,AAATAA,0.03339344263076782,61,AAATAA,0.03339344263076782,False,False,True,0.00033664703369140625,
7,1,61,head_4,degradation,1.015625,0.9931870698928833,701,AGATAA,3.078125,871,AGGTGA,3.2734375,871,AGGTGA,3.2734375,663,AGACAG,0.021169766783714294,61,AAATAA,0.033397331833839417,61,AAATAA,0.033397331833839417,False,False,True,-0.0001634061336517334,
7,2,61,head_4,degradation,1.015625,0.9958765506744385,701,AGATAA,3.076171875,871,AGGTGA,3.271484375,871,AGGTGA,3.271484375,663,AGACAG,0.02118309587240219,61,AAATAA,0.03347807377576828,61,AAATAA,0.03347807377576828,False,False,True,-0.0003478527069091797,
7,3,61,head_4,degradation,1.015625,0.9890007972717285,701,AGATAA,3.076171875,871,AGGTGA,3.271484375,871,AGGTGA,3.271484375,663,AGACAG,0.021284515038132668,61,AAATAA,0.03340715169906616,61,AAATAA,0.03340715169906616,False,False,True,-0.0007537901401519775,
7,4,61,head_4,degradation,1.0078125,0.9856073260307312,701,AGATAA,3.076171875,871,AGGTGA,3.26953125,871,AGGTGA,3.26953125,663,AGACAG,0.021324962377548218,61,AAATAA,0.03336254134774208,61,AAATAA,0.03336254134774208,False,False,True,-0.0003980696201324463,
7,5,61,head_4,degradation,0.9921875,0.9935572147369385,701,AGATAA,3.08203125,871,AGGTGA,3.271484375,871,AGGTGA,3.271484375,663,AGACAG,0.021342160180211067,61,AAATAA,0.03357900306582451,61,AAATAA,0.03357900306582451,False,False,True,-0.0004273056983947754,
7,6,61,head_4,degradation,1.0,0.9870709776878357,701,AGATAA,3.08203125,871,AGGTGA,3.2734375,871,AGGTGA,3.2734375,663,AGACAG,0.021366458386182785,61,AAATAA,0.0334407240152359,61,AAATAA,0.0334407240152359,False,False,True,-0.0006605386734008789,
7,7,61,head_4,degradation,1.0,1.0037635564804077,701,AGATAA,3.078125,871,AGGTGA,3.26953125,871,AGGTGA,3.26953125,663,AGACAG,0.021057235077023506,61,AAATAA,0.033549901098012924,61,AAATAA,0.033549901098012924,False,False,True,-8.687376976013184e-05,
7,8,61,head_4,degradation,0.98388671875,1.006519079208374,701,AGATAA,3.083984375,871,AGGTGA,3.271484375,871,AGGTGA,3.271484375,663,AGACAG,0.02102784812450409,61,AAATAA,0.03358958289027214,61,AAATAA,0.03358958289027214,False,False,True,-2.580881118774414e-05,
7,9,61,head_4,degradation,0.98388671875,1.0045093297958374,701,AGATAA,3.083984375,871,AGGTGA,3.271484375,871,AGGTGA,3.271484375,663,AGACAG,0.02104646898806095,61,AAATAA,0.03355782851576805,61,AAATAA,0.03355782851576805,False,False,True,8.58604907989502e-05,
7,10,61,head_4,degradation,1.0,1.0006046295166016,701,AGATAA,3.078125,871,AGGTGA,3.26953125,871,AGGTGA,3.26953125,663,AGACAG,0.021048707887530327,61,AAATAA,0.033462196588516235,61,AAATAA,0.033462196588516235,False,False,True,0.00022935867309570312,
7,11,61,head_4,degradation,0.98388671875,1.0201150178909302,701,AGATAA,3.078125,871,AGGTGA,3.265625,871,AGGTGA,3.265625,663,AGACAG,0.020764369517564774,61,AAATAA,0.033666886389255524,61,AAATAA,0.033666886389255524,False,False,True,0.00036966800689697266,
7,12,61,head_4,degradation,0.9921875,1.014721393585205,701,AGATAA,3.07421875,871,AGGTGA,3.263671875,871,AGGTGA,3.263671875,663,AGACAG,0.02086823061108589,61,AAATAA,0.03363555669784546,61,AAATAA,0.03363555669784546,False,False,True,0.00038546323776245117,
7,13,61,head_4,degradation,0.9921875,1.023741602897644,701,AGATAA,3.076171875,871,AGGTGA,3.265625,871,AGGTGA,3.265625,663,AGACAG,0.020855821669101715,61,AAATAA,0.033849239349365234,61,AAATAA,0.033849239349365234,False,False,True,0.0003109276294708252,
7,14,61,head_4,degradation,1.0,0.9983980655670166,701,AGATAA,3.078125,871,AGGTGA,3.26953125,871,AGGTGA,3.26953125,663,AGACAG,0.021255766972899437,61,AAATAA,0.03361394628882408,61,AAATAA,0.03361394628882408,False,False,True,0.00021004676818847656,
7,15,61,head_4,degradation,0.9921875,0.9825335144996643,701,AGATAA,3.076171875,871,AGGTGA,3.265625,871,AGGTGA,3.265625,663,AGACAG,0.02122706174850464,61,AAATAA,0.03318759426474571,61,AAATAA,0.03318759426474571,False,False,True,0.00017634034156799316,
7,16,61,head_4,degradation,0.97607421875,1.0020350217819214,701,AGATAA,3.083984375,871,AGGTGA,3.26953125,871,AGGTGA,3.26953125,663,AGACAG,0.020749880000948906,61,AAATAA,0.03319922089576721,61,AAATAA,0.03319922089576721,False,False,True,0.0001862049102783203,
7,17,61,head_4,degradation,0.97607421875,0.996116042137146,701,AGATAA,3.0859375,871,AGGTGA,3.271484375,871,AGGTGA,3.271484375,663,AGACAG,0.020854508504271507,61,AAATAA,0.03315548971295357,61,AAATAA,0.03315548971295357,False,False,True,-0.0008050799369812012,
7,18,61,head_4,degradation,0.912109375,0.9904089570045471,701,AGATAA,3.1015625,871,AGGTGA,3.271484375,871,AGGTGA,3.271484375,663,AGACAG,0.021681956946849823,61,AAATAA,0.033839888870716095,61,AAATAA,0.033839888870716095,False,False,True,-0.0020013749599456787,
7,19,61,head_4,degradation,1.0,0.9630486369132996,701,AGATAA,3.0859375,871,AGGTGA,3.27734375,871,AGGTGA,3.27734375,663,AGACAG,0.022210847586393356,61,AAATAA,0.033682990819215775,61,AAATAA,0.033682990819215775,False,False,True,-0.0025190114974975586,
7,20,61,head_4,degradation,1.0322265625,0.9586319327354431,701,AGATAA,3.078125,871,AGGTGA,3.27734375,871,AGGTGA,3.27734375,663,AGACAG,0.022189071401953697,61,AAATAA,0.033550508320331573,61,AAATAA,0.033550508320331573,False,False,True,-0.0015928447246551514,
7,21,61,head_4,degradation,1.095703125,0.9753233194351196,701,AGATAA,3.056640625,871,AGGTGA,3.271484375,871,AGGTGA,3.271484375,663,AGACAG,0.020975550636649132,61,AAATAA,0.03275536000728607,61,AAATAA,0.03275536000728607,False,False,True,0.0007744431495666504,
7,22,61,head_4,degradation,1.064453125,0.9743148684501648,701,AGATAA,3.064453125,871,AGGTGA,3.271484375,871,AGGTGA,3.271484375,663,AGACAG,0.020883556455373764,61,AAATAA,0.03263808786869049,61,AAATAA,0.03263808786869049,False,False,True,0.001273810863494873,
7,23,61,head_4,degradation,1.0478515625,0.9972490072250366,701,AGATAA,3.0703125,871,AGGTGA,3.2734375,871,AGGTGA,3.2734375,663,AGACAG,0.020840903744101524,61,AAATAA,0.03317028284072876,61,AAATAA,0.03317028284072876,False,False,True,0.0009060204029083252,
7,24,61,head_4,degradation,1.0478515625,0.9902233481407166,701,AGATAA,3.0703125,871,AGGTGA,3.2734375,871,AGGTGA,3.2734375,663,AGACAG,0.02093895897269249,61,AAATAA,0.03309223800897598,61,AAATAA,0.03309223800897598,False,False,True,0.0007998645305633545,
7,25,61,head_4,degradation,1.015625,1.0062321424484253,701,AGATAA,3.07421875,871,AGGTGA,3.26953125,871,AGGTGA,3.26953125,663,AGACAG,0.02083275280892849,61,AAATAA,0.03338729590177536,61,AAATAA,0.03338729590177536,False,False,True,0.00023093819618225098,
7,26,61,head_4,degradation,0.98388671875,1.0083600282669067,701,AGATAA,3.08203125,871,AGGTGA,3.26953125,871,AGGTGA,3.26953125,663,AGACAG,0.021240118891000748,61,AAATAA,0.03384799510240555,61,AAATAA,0.03384799510240555,False,False,True,0.00017303228378295898,
7,27,61,head_4,degradation,1.0,0.9931620955467224,701,AGATAA,3.07421875,871,AGGTGA,3.265625,871,AGGTGA,3.265625,663,AGACAG,0.021286550909280777,61,AAATAA,0.03351349011063576,61,AAATAA,0.03351349011063576,False,False,True,0.00034689903259277344,
7,28,61,head_4,degradation,1.0,0.9916986227035522,701,AGATAA,3.078125,871,AGGTGA,3.26953125,871,AGGTGA,3.26953125,663,AGACAG,0.0211863461881876,61,AAATAA,0.033376604318618774,61,AAATAA,0.033376604318618774,False,False,True,0.0002935826778411865,
7,29,61,head_4,degradation,0.98388671875,0.9863987565040588,701,AGATAA,3.076171875,871,AGGTGA,3.263671875,871,AGGTGA,3.263671875,663,AGACAG,0.02115398645401001,61,AAATAA,0.03321140259504318,61,AAATAA,0.03321140259504318,False,False,True,-3.75211238861084e-05,
7,30,61,head_4,degradation,0.98388671875,0.9942315220832825,701,AGATAA,3.078125,871,AGGTGA,3.265625,871,AGGTGA,3.265625,663,AGACAG,0.021067390218377113,61,AAATAA,0.033321134746074677,61,AAATAA,0.033321134746074677,False,False,True,-8.940696716308594e-08,
7,31,61,head_4,degradation,0.98388671875,0.9858798980712891,701,AGATAA,3.083984375,871,AGGTGA,3.271484375,871,AGGTGA,3.271484375,663,AGACAG,0.0212821364402771,61,AAATAA,0.03332654759287834,61,AAATAA,0.03332654759287834,False,False,True,9.98079776763916e-05,
7,32,61,head_4,degradation,1.0078125,0.9955644607543945,701,AGATAA,3.0859375,871,AGGTGA,3.279296875,871,AGGTGA,3.279296875,663,AGACAG,0.02134227380156517,61,AAATAA,0.03362942859530449,61,AAATAA,0.03362942859530449,False,False,True,4.935264587402344e-05,
8,0,61,head_4,degradation,1.0,1.000822901725769,701,AGATAA,3.078125,871,AGGTGA,3.26953125,871,AGGTGA,3.26953125,663,AGACAG,0.02101733535528183,61,AAATAA,0.03343629464507103,61,AAATAA,0.03343629464507103,False,False,True,0.00028055906295776367,
8,1,61,head_4,degradation,0.9921875,0.9959349632263184,701,AGATAA,3.076171875,871,AGGTGA,3.265625,871,AGGTGA,3.265625,663,AGACAG,0.021168023347854614,61,AAATAA,0.033464465290308,61,AAATAA,0.033464465290308,False,False,True,0.00010964274406433105,
8,2,61,head_4,degradation,1.0,0.9921905994415283,701,AGATAA,3.078125,871,AGGTGA,3.26953125,871,AGGTGA,3.26953125,663,AGACAG,0.021329736337065697,61,AAATAA,0.03353232517838478,61,AAATAA,0.03353232517838478,False,False,True,-5.048513412475586e-05,
8,3,61,head_4,degradation,1.0,0.9891619086265564,701,AGATAA,3.078125,871,AGGTGA,3.26953125,871,AGGTGA,3.26953125,663,AGACAG,0.02128891833126545,61,AAATAA,0.03341559320688248,61,AAATAA,0.03341559320688248,False,False,True,-0.00016388297080993652,
8,4,61,head_4,degradation,0.9921875,1.0001264810562134,701,AGATAA,3.08203125,871,AGGTGA,3.271484375,871,AGGTGA,3.271484375,663,AGACAG,0.02113521471619606,61,AAATAA,0.03353671729564667,61,AAATAA,0.03353671729564667,False,False,True,-0.0004381835460662842,
8,5,61,head_4,degradation,0.98388671875,0.9887908101081848,701,AGATAA,3.078125,871,AGGTGA,3.265625,871,AGGTGA,3.265625,663,AGACAG,0.02113114483654499,61,AAATAA,0.03324851766228676,61,AAATAA,0.03324851766228676,False,False,True,-0.0001354515552520752,
8,6,61,head_4,degradation,0.98388671875,0.9949013590812683,701,AGATAA,3.078125,871,AGGTGA,3.265625,871,AGGTGA,3.265625,663,AGACAG,0.02105518989264965,61,AAATAA,0.03332572430372238,61,AAATAA,0.03332572430372238,False,False,True,2.16066837310791e-05,
8,7,61,head_4,degradation,0.98388671875,0.9909319877624512,701,AGATAA,3.08203125,871,AGGTGA,3.26953125,871,AGGTGA,3.26953125,663,AGACAG,0.02123362198472023,61,AAATAA,0.03340466320514679,61,AAATAA,0.03340466320514679,False,False,True,0.00016635656356811523,
8,8,61,head_4,degradation,0.9921875,1.00795578956604,701,AGATAA,3.076171875,871,AGGTGA,3.265625,871,AGGTGA,3.265625,663,AGACAG,0.020847728475928307,61,AAATAA,0.03344547376036644,61,AAATAA,0.03344547376036644,False,False,True,0.00045749545097351074,
8,9,61,head_4,degradation,1.1201171875,0.8398293256759644,701,AGATAA,3.056640625,871,AGGTGA,3.27734375,871,AGGTGA,3.27734375,663,AGACAG,0.022295456379652023,61,AAATAA,0.030679093673825264,61,AAATAA,0.030679093673825264,False,False,True,0.001345306634902954,
8,10,61,head_4,degradation,1.1123046875,0.8312501907348633,701,AGATAA,3.05078125,871,AGGTGA,3.26953125,871,AGGTGA,3.26953125,663,AGACAG,0.02221454493701458,61,AAATAA,0.030383145436644554,61,AAATAA,0.030383145436644554,False,False,True,0.0030278265476226807,
8,11,61,head_4,degradation,1.1279296875,0.8156408071517944,701,AGATAA,3.048828125,871,AGGTGA,3.271484375,871,AGGTGA,3.271484375,663,AGACAG,0.0225544273853302,61,AAATAA,0.030331777408719063,61,AAATAA,0.030331777408719063,False,False,True,0.002348780632019043,
8,12,61,head_4,degradation,1.0,0.9912671446800232,701,AGATAA,3.07421875,871,AGGTGA,3.265625,871,AGGTGA,3.265625,663,AGACAG,0.021121647208929062,61,AAATAA,0.03330108895897865,61,AAATAA,0.03330108895897865,False,False,True,0.001197725534439087,
8,13,61,head_4,degradation,1.0,0.9919174313545227,701,AGATAA,3.078125,871,AGGTGA,3.26953125,871,AGGTGA,3.26953125,663,AGACAG,0.02131776697933674,61,AAATAA,0.03351350873708725,61,AAATAA,0.03351350873708725,False,False,True,0.0002651214599609375,
8,14,61,head_4,degradation,0.98388671875,0.9868296980857849,701,AGATAA,3.08203125,871,AGGTGA,3.26953125,871,AGGTGA,3.26953125,663,AGACAG,0.02135755680501461,61,AAATAA,0.03342577442526817,61,AAATAA,0.03342577442526817,False,False,True,-0.00018009543418884277,
8,15,61,head_4,degradation,1.0244140625,0.9590259790420532,701,AGATAA,3.08203125,871,AGGTGA,3.279296875,871,AGGTGA,3.279296875,663,AGACAG,0.0218217670917511,61,AAATAA,0.03319308161735535,61,AAATAA,0.03319308161735535,False,False,True,-0.0009195804595947266,
8,16,61,head_4,degradation,1.0,0.9879438877105713,701,AGATAA,3.087890625,871,AGGTGA,3.279296875,871,AGGTGA,3.279296875,663,AGACAG,0.021827086806297302,61,AAATAA,0.033923231065273285,61,AAATAA,0.033923231065273285,False,False,True,-0.0014289319515228271,
8,17,61,head_4,degradation,0.97607421875,0.9896765351295471,701,AGATAA,3.09375,871,AGGTGA,3.279296875,871,AGGTGA,3.279296875,663,AGACAG,0.02175537496805191,61,AAATAA,0.03389494866132736,61,AAATAA,0.03389494866132736,False,False,True,-0.003235161304473877,
8,18,61,head_4,degradation,0.9599609375,0.9916177988052368,701,AGATAA,3.095703125,871,AGGTGA,3.27734375,871,AGGTGA,3.27734375,663,AGACAG,0.021679794415831566,61,AAATAA,0.03386802598834038,61,AAATAA,0.03386802598834038,False,False,True,-0.002556532621383667,
8,19,61,head_4,degradation,0.9921875,0.9534364342689514,701,AGATAA,3.08203125,871,AGGTGA,3.271484375,871,AGGTGA,3.271484375,663,AGACAG,0.021618345752358437,61,AAATAA,0.03284955769777298,61,AAATAA,0.03284955769777298,False,False,True,-0.0023069381713867188,
8,20,61,head_4,degradation,1.015625,0.96882563829422,701,AGATAA,3.07421875,871,AGGTGA,3.26953125,871,AGGTGA,3.26953125,663,AGACAG,0.021296823397278786,61,AAATAA,0.03291376680135727,61,AAATAA,0.03291376680135727,False,False,True,0.00037106871604919434,
8,21,61,head_4,degradation,1.015625,0.9875784516334534,701,AGATAA,3.068359375,871,AGGTGA,3.263671875,871,AGGTGA,3.263671875,663,AGACAG,0.020789319649338722,61,AAATAA,0.032876305282115936,61,AAATAA,0.032876305282115936,False,False,True,0.0011217594146728516,
8,22,61,head_4,degradation,1.015625,0.9918645024299622,701,AGATAA,3.07421875,871,AGGTGA,3.26953125,871,AGGTGA,3.26953125,663,AGACAG,0.021476423367857933,61,AAATAA,0.03367083892226219,61,AAATAA,0.03367083892226219,False,False,True,0.0005688965320587158,
8,23,61,head_4,degradation,1.0,0.9941708445549011,701,AGATAA,3.078125,871,AGGTGA,3.26953125,871,AGGTGA,3.26953125,663,AGACAG,0.021067405119538307,61,AAATAA,0.0333196297287941,61,AAATAA,0.0333196297287941,False,False,True,0.000448375940322876,
8,24,61,head_4,degradation,0.9921875,0.9983887076377869,701,AGATAA,3.076171875,871,AGGTGA,3.265625,871,AGGTGA,3.265625,663,AGACAG,0.02102886326611042,61,AAATAA,0.03338680788874626,61,AAATAA,0.03338680788874626,False,False,True,0.00029540061950683594,
8,25,61,head_4,degradation,0.9677734375,1.0061414241790771,701,AGATAA,3.08203125,871,AGGTGA,3.265625,871,AGGTGA,3.265625,663,AGACAG,0.02065020240843296,61,AAATAA,0.03320246934890747,61,AAATAA,0.03320246934890747,False,False,True,0.00043505430221557617,
8,26,61,head_4,degradation,0.98388671875,0.9950829744338989,701,AGATAA,3.083984375,871,AGGTGA,3.271484375,871,AGGTGA,3.271484375,663,AGACAG,0.021450167521834373,61,AAATAA,0.033725254237651825,61,AAATAA,0.033725254237651825,False,False,True,-0.0005627274513244629,
8,27,61,head_4,degradation,1.015625,1.0014652013778687,701,AGATAA,3.08203125,871,AGGTGA,3.27734375,871,AGGTGA,3.27734375,663,AGACAG,0.021160954609513283,61,AAATAA,0.033596012741327286,61,AAATAA,0.033596012741327286,False,False,True,0.00015419721603393555,
8,28,61,head_4,degradation,1.015625,0.9928908944129944,701,AGATAA,3.078125,871,AGGTGA,3.2734375,871,AGGTGA,3.2734375,663,AGACAG,0.02108042873442173,61,AAATAA,0.03330057114362717,61,AAATAA,0.03330057114362717,False,False,True,0.00015863776206970215,
8,29,61,head_4,degradation,1.0400390625,0.97965008020401,701,AGATAA,3.0703125,871,AGGTGA,3.271484375,871,AGGTGA,3.271484375,663,AGACAG,0.02095135860145092,61,AAATAA,0.03283961862325668,61,AAATAA,0.03283961862325668,False,False,True,0.001018911600112915,
8,30,61,head_4,degradation,1.0078125,0.9914178252220154,701,AGATAA,3.078125,871,AGGTGA,3.271484375,871,AGGTGA,3.271484375,663,AGACAG,0.0210534930229187,61,AAATAA,0.03323671221733093,61,AAATAA,0.03323671221733093,False,False,True,0.0006408393383026123,
8,31,61,head_4,degradation,1.0078125,0.9899366497993469,701,AGATAA,3.078125,871,AGGTGA,3.271484375,871,AGGTGA,3.271484375,663,AGACAG,0.020977113395929337,61,AAATAA,0.0331232063472271,61,AAATAA,0.0331232063472271,False,False,True,0.0006076395511627197,
8,32,61,head_4,degradation,0.98388671875,0.9903095364570618,701,AGATAA,3.0859375,871,AGGTGA,3.2734375,871,AGGTGA,3.2734375,663,AGACAG,0.02130356803536415,61,AAATAA,0.03345900774002075,61,AAATAA,0.03345900774002075,False,False,True,6.029009819030762e-05,
9,0,61,head_4,degradation,1.0078125,0.9971441626548767,701,AGATAA,3.076171875,871,AGGTGA,3.26953125,871,AGGTGA,3.26953125,663,AGACAG,0.021210506558418274,61,AAATAA,0.033537257462739944,61,AAATAA,0.033537257462739944,False,False,True,9.268522262573242e-05,
9,1,61,head_4,degradation,1.0,0.9972043633460999,701,AGATAA,3.08203125,871,AGGTGA,3.2734375,871,AGGTGA,3.2734375,663,AGACAG,0.021274011582136154,61,AAATAA,0.0336022712290287,61,AAATAA,0.0336022712290287,False,False,True,-7.677078247070312e-05,
9,2,61,head_4,degradation,1.0078125,0.9960556030273438,701,AGATAA,3.076171875,871,AGGTGA,3.26953125,871,AGGTGA,3.26953125,663,AGACAG,0.020947488024830818,61,AAATAA,0.033246953040361404,61,AAATAA,0.033246953040361404,False,False,True,0.0005309581756591797,
9,3,61,head_4,degradation,0.98388671875,0.9962330460548401,701,AGATAA,3.08203125,871,AGGTGA,3.26953125,871,AGGTGA,3.26953125,663,AGACAG,0.021103711798787117,61,AAATAA,0.03340762481093407,61,AAATAA,0.03340762481093407,False,False,True,6.589293479919434e-05,
9,4,61,head_4,degradation,0.9921875,0.9819062352180481,701,AGATAA,3.08203125,871,AGGTGA,3.271484375,871,AGGTGA,3.271484375,663,AGACAG,0.021278386935591698,61,AAATAA,0.03322319686412811,61,AAATAA,0.03322319686412811,False,False,True,-0.000500798225402832,
9,5,61,head_4,degradation,0.9677734375,0.9888827204704285,701,AGATAA,3.08203125,871,AGGTGA,3.265625,871,AGGTGA,3.265625,663,AGACAG,0.021208815276622772,61,AAATAA,0.03332849219441414,61,AAATAA,0.03332849219441414,False,False,True,-0.00040835142135620117,
9,6,61,head_4,degradation,0.9921875,0.9903662204742432,701,AGATAA,3.08203125,871,AGGTGA,3.271484375,871,AGGTGA,3.271484375,663,AGACAG,0.021198229864239693,61,AAATAA,0.03335509076714516,61,AAATAA,0.03335509076714516,False,False,True,-0.0005293190479278564,
9,7,61,head_4,degradation,1.0,1.0037133693695068,701,AGATAA,3.078125,871,AGGTGA,3.26953125,871,AGGTGA,3.26953125,663,AGACAG,0.021065477281808853,61,AAATAA,0.03355688601732254,61,AAATAA,0.03355688601732254,False,False,True,-4.011392593383789e-05,
9,8,61,head_4,degradation,1.0,1.0044399499893188,701,AGATAA,3.078125,871,AGGTGA,3.26953125,871,AGGTGA,3.26953125,663,AGACAG,0.021168163046240807,61,AAATAA,0.033677782863378525,61,AAATAA,0.033677782863378525,False,False,True,3.606081008911133e-05,
9,9,61,head_4,degradation,0.9921875,1.0201635360717773,701,AGATAA,3.076171875,871,AGGTGA,3.265625,871,AGGTGA,3.265625,663,AGACAG,0.02097386308014393,61,AAATAA,0.033877596259117126,61,AAATAA,0.033877596259117126,False,False,True,1.767277717590332e-05,
9,10,61,head_4,degradation,0.97607421875,1.0232878923416138,701,AGATAA,3.076171875,871,AGGTGA,3.26171875,871,AGGTGA,3.26171875,663,AGACAG,0.020930683240294456,61,AAATAA,0.03391272947192192,61,AAATAA,0.03391272947192192,False,False,True,0.0005539059638977051,
9,11,61,head_4,degradation,0.9599609375,1.020868182182312,701,AGATAA,3.078125,871,AGGTGA,3.259765625,871,AGGTGA,3.259765625,663,AGACAG,0.020846186205744743,61,AAATAA,0.03376758098602295,61,AAATAA,0.03376758098602295,False,False,True,0.0008851587772369385,
9,12,61,head_4,degradation,0.97607421875,0.9917610883712769,701,AGATAA,3.07421875,871,AGGTGA,3.259765625,871,AGGTGA,3.259765625,663,AGACAG,0.021144883707165718,61,AAATAA,0.03333670645952225,61,AAATAA,0.03333670645952225,False,False,True,0.0006935298442840576,
9,13,61,head_4,degradation,0.97607421875,0.9966043829917908,701,AGATAA,3.07421875,871,AGGTGA,3.259765625,871,AGGTGA,3.259765625,663,AGACAG,0.02094757929444313,61,AAATAA,0.03326079994440079,61,AAATAA,0.03326079994440079,False,False,True,0.0005069375038146973,
9,14,61,head_4,degradation,0.97607421875,0.991504967212677,701,AGATAA,3.07421875,871,AGGTGA,3.259765625,871,AGGTGA,3.259765625,663,AGACAG,0.021034495905041695,61,AAATAA,0.033219899982213974,61,AAATAA,0.033219899982213974,False,False,True,0.0006308853626251221,
9,15,61,head_4,degradation,0.97607421875,0.9892515540122986,701,AGATAA,3.078125,871,AGGTGA,3.263671875,871,AGGTGA,3.263671875,663,AGACAG,0.021060379222035408,61,AAATAA,0.03318930044770241,61,AAATAA,0.03318930044770241,False,False,True,0.00037723779678344727,
9,16,61,head_4,degradation,0.9599609375,1.0077074766159058,701,AGATAA,3.083984375,871,AGGTGA,3.265625,871,AGGTGA,3.265625,663,AGACAG,0.021039919927716255,61,AAATAA,0.03363144025206566,61,AAATAA,0.03363144025206566,False,False,True,0.0005187392234802246,
9,17,61,head_4,degradation,0.9677734375,1.015106201171875,701,AGATAA,3.0859375,871,AGGTGA,3.26953125,871,AGGTGA,3.26953125,663,AGACAG,0.02091173082590103,61,AAATAA,0.03368870168924332,61,AAATAA,0.03368870168924332,False,False,True,0.00019878149032592773,
9,18,61,head_4,degradation,0.8798828125,0.9247183203697205,701,AGATAA,3.107421875,871,AGGTGA,3.26953125,871,AGGTGA,3.26953125,663,AGACAG,0.02164151705801487,61,AAATAA,0.03215290606021881,61,AAATAA,0.03215290606021881,False,False,True,0.0005633533000946045,
9,19,61,head_4,degradation,0.90380859375,0.9024246335029602,701,AGATAA,3.09765625,871,AGGTGA,3.265625,871,AGGTGA,3.265625,663,AGACAG,0.02139548771083355,61,AAATAA,0.031348083168268204,61,AAATAA,0.031348083168268204,False,False,True,0.00019788742065429688,
9,20,61,head_4,degradation,0.93603515625,0.9073718786239624,701,AGATAA,3.09765625,871,AGGTGA,3.2734375,871,AGGTGA,3.2734375,663,AGACAG,0.02146267332136631,61,AAATAA,0.031539272516965866,61,AAATAA,0.031539272516965866,False,False,True,0.0007306933403015137,
9,21,61,head_4,degradation,1.0078125,1.0100103616714478,701,AGATAA,3.0859375,871,AGGTGA,3.279296875,871,AGGTGA,3.279296875,663,AGACAG,0.020805543288588524,61,AAATAA,0.033454786986112595,61,AAATAA,0.033454786986112595,False,False,True,-5.4448843002319336e-05,
9,22,61,head_4,degradation,1.015625,1.0215998888015747,701,AGATAA,3.083984375,871,AGGTGA,3.279296875,871,AGGTGA,3.279296875,663,AGACAG,0.020930832251906395,61,AAATAA,0.03387056663632393,61,AAATAA,0.03387056663632393,False,False,True,0.0001017153263092041,
9,23,61,head_4,degradation,1.015625,1.0047075748443604,701,AGATAA,3.068359375,871,AGGTGA,3.263671875,871,AGGTGA,3.263671875,663,AGACAG,0.020631030201911926,61,AAATAA,0.033147357404232025,61,AAATAA,0.033147357404232025,False,False,True,8.657574653625488e-05,
9,24,61,head_4,degradation,1.064453125,0.9929856061935425,701,AGATAA,3.05859375,871,AGGTGA,3.265625,871,AGGTGA,3.265625,663,AGACAG,0.0207915548235178,61,AAATAA,0.033014070242643356,61,AAATAA,0.033014070242643356,False,False,True,0.00044232606887817383,
9,25,61,head_4,degradation,1.0244140625,0.9769631028175354,701,AGATAA,3.064453125,871,AGGTGA,3.26171875,871,AGGTGA,3.26171875,663,AGACAG,0.02106214128434658,61,AAATAA,0.03288305178284645,61,AAATAA,0.03288305178284645,False,False,True,0.00024241209030151367,
9,26,61,head_4,degradation,0.98388671875,1.0054916143417358,701,AGATAA,3.09375,871,AGGTGA,3.28125,871,AGGTGA,3.28125,663,AGACAG,0.021937327459454536,61,AAATAA,0.03447330743074417,61,AAATAA,0.03447330743074417,False,False,True,-0.0002104043960571289,
9,27,61,head_4,degradation,0.9677734375,1.0140812397003174,701,AGATAA,3.1015625,871,AGGTGA,3.28515625,871,AGGTGA,3.28515625,663,AGACAG,0.022216130048036575,61,AAATAA,0.03496741130948067,61,AAATAA,0.03496741130948067,False,False,True,-0.00021952390670776367,
9,28,61,head_4,degradation,1.0078125,1.0217657089233398,701,AGATAA,3.103515625,871,AGGTGA,3.296875,871,AGGTGA,3.296875,663,AGACAG,0.022079618647694588,61,AAATAA,0.035023510456085205,61,AAATAA,0.035023510456085205,False,False,True,-0.0004093945026397705,
9,29,61,head_4,degradation,1.0556640625,0.9964972734451294,701,AGATAA,3.078125,871,AGGTGA,3.283203125,871,AGGTGA,3.283203125,663,AGACAG,0.02164626680314541,61,AAATAA,0.033956803381443024,61,AAATAA,0.033956803381443024,False,False,True,0.00035709142684936523,
9,30,61,head_4,degradation,1.087890625,0.9836761951446533,701,AGATAA,3.076171875,871,AGGTGA,3.2890625,871,AGGTGA,3.2890625,663,AGACAG,0.02122843824326992,61,AAATAA,0.03321761265397072,61,AAATAA,0.03321761265397072,False,False,True,9.050965309143066e-05,
9,31,61,head_4,degradation,1.0478515625,0.9692967534065247,701,AGATAA,3.07421875,871,AGGTGA,3.27734375,871,AGGTGA,3.27734375,663,AGACAG,0.02133229933679104,61,AAATAA,0.032961051911115646,61,AAATAA,0.032961051911115646,False,False,True,0.0006275475025177002,
9,32,61,head_4,degradation,0.9921875,0.9979922771453857,701,AGATAA,3.087890625,871,AGGTGA,3.27734375,871,AGGTGA,3.27734375,663,AGACAG,0.021125929430127144,61,AAATAA,0.03347393870353699,61,AAATAA,0.03347393870353699,False,False,True,0.0004284381866455078,
10,0,61,head_4,degradation,0.9521484375,1.0236181020736694,701,AGATAA,3.083984375,871,AGGTGA,3.263671875,871,AGGTGA,3.263671875,663,AGACAG,0.020792150869965553,61,AAATAA,0.0337824746966362,61,AAATAA,0.0337824746966362,False,False,True,0.0002474486827850342,
10,1,61,head_4,degradation,0.9521484375,1.0265953540802002,701,AGATAA,3.08203125,871,AGGTGA,3.26171875,871,AGGTGA,3.26171875,663,AGACAG,0.02077210694551468,61,AAATAA,0.033837053924798965,61,AAATAA,0.033837053924798965,False,False,True,-0.0001195371150970459,
10,2,61,head_4,degradation,0.9677734375,1.0050257444381714,701,AGATAA,3.076171875,871,AGGTGA,3.259765625,871,AGGTGA,3.259765625,663,AGACAG,0.02077499032020569,61,AAATAA,0.033299293369054794,61,AAATAA,0.033299293369054794,False,False,True,-0.00028398633003234863,
10,3,61,head_4,degradation,0.9677734375,1.0015126466751099,701,AGATAA,3.078125,871,AGGTGA,3.26171875,871,AGGTGA,3.26171875,663,AGACAG,0.020834779366850853,61,AAATAA,0.033271025866270065,61,AAATAA,0.033271025866270065,False,False,True,-0.0002875030040740967,
10,4,61,head_4,degradation,0.98388671875,0.9941020607948303,701,AGATAA,3.07421875,871,AGGTGA,3.26171875,871,AGGTGA,3.26171875,663,AGACAG,0.020869256928563118,61,AAATAA,0.03311975672841072,61,AAATAA,0.03311975672841072,False,False,True,0.00022593140602111816,
10,5,61,head_4,degradation,1.0,1.0106655359268188,701,AGATAA,3.078125,871,AGGTGA,3.26953125,871,AGGTGA,3.26953125,663,AGACAG,0.020863698795437813,61,AAATAA,0.033529363572597504,61,AAATAA,0.033529363572597504,False,False,True,0.0005329251289367676,
10,6,61,head_4,degradation,0.98388671875,1.0062217712402344,701,AGATAA,3.078125,871,AGGTGA,3.265625,871,AGGTGA,3.265625,663,AGACAG,0.020931601524353027,61,AAATAA,0.033485881984233856,61,AAATAA,0.033485881984233856,False,False,True,9.59932804107666e-05,
10,7,61,head_4,degradation,0.98388671875,1.0269943475723267,701,AGATAA,3.08203125,871,AGGTGA,3.26953125,871,AGGTGA,3.26953125,663,AGACAG,0.020798690617084503,61,AAATAA,0.03387364000082016,61,AAATAA,0.03387364000082016,False,False,True,-9.247660636901855e-05,
10,8,61,head_4,degradation,0.9677734375,1.0131136178970337,701,AGATAA,3.08203125,871,AGGTGA,3.265625,871,AGGTGA,3.265625,663,AGACAG,0.02100463956594467,61,AAATAA,0.03373166546225548,61,AAATAA,0.03373166546225548,False,False,True,6.499886512756348e-05,
10,9,61,head_4,degradation,0.9677734375,1.0267904996871948,701,AGATAA,3.08984375,871,AGGTGA,3.2734375,871,AGGTGA,3.2734375,663,AGACAG,0.020767569541931152,61,AAATAA,0.03383740782737732,61,AAATAA,0.03383740782737732,False,False,True,0.0002734363079071045,
10,10,61,head_4,degradation,0.97607421875,1.0071849822998047,701,AGATAA,3.0859375,871,AGGTGA,3.271484375,871,AGGTGA,3.271484375,663,AGACAG,0.020920751616358757,61,AAATAA,0.03349917754530907,61,AAATAA,0.03349917754530907,False,False,True,-5.6743621826171875e-05,
10,11,61,head_4,degradation,0.9521484375,1.0052484273910522,701,AGATAA,3.0859375,871,AGGTGA,3.265625,871,AGGTGA,3.265625,663,AGACAG,0.02081463858485222,61,AAATAA,0.03334452211856842,61,AAATAA,0.03334452211856842,False,False,True,0.00022709369659423828,
10,12,61,head_4,degradation,0.9677734375,1.0029609203338623,701,AGATAA,3.08203125,871,AGGTGA,3.265625,871,AGGTGA,3.265625,663,AGACAG,0.020836876705288887,61,AAATAA,0.03330942615866661,61,AAATAA,0.03330942615866661,False,False,True,0.0003770589828491211,
10,13,61,head_4,degradation,0.97607421875,1.0166218280792236,701,AGATAA,3.087890625,871,AGGTGA,3.2734375,871,AGGTGA,3.2734375,663,AGACAG,0.020744740962982178,61,AAATAA,0.03355970233678818,61,AAATAA,0.03355970233678818,False,False,True,4.857778549194336e-06,
10,14,61,head_4,degradation,0.9921875,1.0289746522903442,701,AGATAA,3.087890625,871,AGGTGA,3.27734375,871,AGGTGA,3.27734375,663,AGACAG,0.020807690918445587,61,AAATAA,0.03393227607011795,61,AAATAA,0.03393227607011795,False,False,True,-0.0013658702373504639,
10,15,61,head_4,degradation,0.9521484375,1.0271302461624146,701,AGATAA,3.0859375,871,AGGTGA,3.265625,871,AGGTGA,3.265625,663,AGACAG,0.02098381519317627,61,AAATAA,0.03406216949224472,61,AAATAA,0.03406216949224472,False,False,True,-0.0011968612670898438,
10,16,61,head_4,degradation,0.97607421875,1.0274111032485962,701,AGATAA,3.07421875,871,AGGTGA,3.259765625,871,AGGTGA,3.259765625,663,AGACAG,0.020955121144652367,61,AAATAA,0.03404051437973976,61,AAATAA,0.03404051437973976,False,False,True,-0.00034373998641967773,
10,17,61,head_4,degradation,0.9599609375,1.0191725492477417,701,AGATAA,3.078125,871,AGGTGA,3.259765625,871,AGGTGA,3.259765625,663,AGACAG,0.02103113755583763,61,AAATAA,0.033910032361745834,61,AAATAA,0.033910032361745834,False,False,True,0.0003058910369873047,
10,18,61,head_4,degradation,0.98388671875,1.0268441438674927,701,AGATAA,3.078125,871,AGGTGA,3.265625,871,AGGTGA,3.265625,663,AGACAG,0.020803388208150864,61,AAATAA,0.033874571323394775,61,AAATAA,0.033874571323394775,False,False,True,0.002003908157348633,
10,19,61,head_4,degradation,0.9599609375,1.0398367643356323,701,AGATAA,3.083984375,871,AGGTGA,3.265625,871,AGGTGA,3.265625,663,AGACAG,0.020594429224729538,61,AAATAA,0.03399127349257469,61,AAATAA,0.03399127349257469,False,False,True,0.0019141435623168945,
10,20,61,head_4,degradation,0.98388671875,1.0377461910247803,701,AGATAA,3.078125,871,AGGTGA,3.265625,871,AGGTGA,3.265625,663,AGACAG,0.020611941814422607,61,AAATAA,0.033956386148929596,61,AAATAA,0.033956386148929596,False,False,True,0.0023155808448791504,
10,21,61,head_4,degradation,0.98388671875,1.032885193824768,701,AGATAA,3.08203125,871,AGGTGA,3.26953125,871,AGGTGA,3.26953125,663,AGACAG,0.020958123728632927,61,AAATAA,0.03418072685599327,61,AAATAA,0.03418072685599327,False,False,True,0.0002620518207550049,
10,22,61,head_4,degradation,0.98388671875,0.998689591884613,701,AGATAA,3.078125,871,AGGTGA,3.265625,871,AGGTGA,3.265625,663,AGACAG,0.021819982677698135,61,AAATAA,0.03418546915054321,61,AAATAA,0.03418546915054321,False,False,True,-0.00034943222999572754,
10,23,61,head_4,degradation,1.0322265625,0.994500458240509,701,AGATAA,3.08203125,871,AGGTGA,3.28125,871,AGGTGA,3.28125,663,AGACAG,0.021902967244386673,61,AAATAA,0.0341634526848793,61,AAATAA,0.0341634526848793,False,False,True,6.383657455444336e-05,
10,24,61,head_4,degradation,1.015625,0.9956549406051636,701,AGATAA,3.08203125,871,AGGTGA,3.27734375,871,AGGTGA,3.27734375,663,AGACAG,0.021715067327022552,61,AAATAA,0.034004490822553635,61,AAATAA,0.034004490822553635,False,False,True,0.0005263090133666992,
10,25,61,head_4,degradation,1.015625,0.9954982995986938,701,AGATAA,3.08203125,871,AGGTGA,3.27734375,871,AGGTGA,3.27734375,663,AGACAG,0.021175552159547806,61,AAATAA,0.03346104919910431,61,AAATAA,0.03346104919910431,False,False,True,0.000597536563873291,
10,26,61,head_4,degradation,0.9521484375,0.9989995956420898,701,AGATAA,3.08203125,871,AGGTGA,3.26171875,871,AGGTGA,3.26171875,663,AGACAG,0.02101592719554901,61,AAATAA,0.03338918462395668,61,AAATAA,0.03338918462395668,False,False,True,-6.4373016357421875e-06,
10,27,61,head_4,degradation,0.97607421875,0.9971697330474854,701,AGATAA,3.076171875,871,AGGTGA,3.26171875,871,AGGTGA,3.26171875,663,AGACAG,0.02091648429632187,61,AAATAA,0.033243875950574875,61,AAATAA,0.033243875950574875,False,False,True,0.00011166930198669434,
10,28,61,head_4,degradation,0.9599609375,0.9885615110397339,701,AGATAA,3.078125,871,AGGTGA,3.259765625,871,AGGTGA,3.259765625,663,AGACAG,0.0211512241512537,61,AAATAA,0.03326284885406494,61,AAATAA,0.03326284885406494,False,False,True,0.000432819128036499,
10,29,61,head_4,degradation,0.98388671875,1.0079777240753174,701,AGATAA,3.078125,871,AGGTGA,3.265625,871,AGGTGA,3.265625,663,AGACAG,0.0209810808300972,61,AAATAA,0.033579375594854355,61,AAATAA,0.033579375594854355,False,False,True,0.00018110871315002441,
10,30,61,head_4,degradation,0.9677734375,1.0061732530593872,701,AGATAA,3.08984375,871,AGGTGA,3.2734375,871,AGGTGA,3.2734375,663,AGACAG,0.021295888349413872,61,AAATAA,0.03384895250201225,61,AAATAA,0.03384895250201225,False,False,True,-7.751584053039551e-05,
10,31,61,head_4,degradation,0.9921875,1.0055599212646484,701,AGATAA,3.08984375,871,AGGTGA,3.279296875,871,AGGTGA,3.279296875,663,AGACAG,0.02124095894396305,61,AAATAA,0.03377865254878998,61,AAATAA,0.03377865254878998,False,False,True,-0.0001690685749053955,
10,32,61,head_4,degradation,0.9921875,1.004604458808899,701,AGATAA,3.08984375,871,AGGTGA,3.279296875,871,AGGTGA,3.279296875,663,AGACAG,0.02131946198642254,61,AAATAA,0.033833205699920654,61,AAATAA,0.033833205699920654,False,False,True,0.00018268823623657227,
11,0,61,head_4,degradation,1.0078125,0.9974308609962463,701,AGATAA,3.076171875,871,AGGTGA,3.26953125,871,AGGTGA,3.26953125,663,AGACAG,0.021073952317237854,61,AAATAA,0.03340788930654526,61,AAATAA,0.03340788930654526,False,False,True,0.0004056692123413086,
11,1,61,head_4,degradation,1.0078125,1.0044723749160767,701,AGATAA,3.076171875,871,AGGTGA,3.26953125,871,AGGTGA,3.26953125,663,AGACAG,0.02100449427962303,61,AAATAA,0.033514928072690964,61,AAATAA,0.033514928072690964,False,False,True,0.0005220174789428711,
11,2,61,head_4,degradation,1.0078125,0.9920545816421509,701,AGATAA,3.076171875,871,AGGTGA,3.26953125,871,AGGTGA,3.26953125,663,AGACAG,0.02117619849741459,61,AAATAA,0.03337537869811058,61,AAATAA,0.03337537869811058,False,False,True,-4.965066909790039e-05,
11,3,61,head_4,degradation,1.0,0.9939170479774475,701,AGATAA,3.078125,871,AGGTGA,3.26953125,871,AGGTGA,3.26953125,663,AGACAG,0.021137980744242668,61,AAATAA,0.033383842557668686,61,AAATAA,0.033383842557668686,False,False,True,0.0002905130386352539,
11,4,61,head_4,degradation,0.98388671875,1.0066771507263184,701,AGATAA,3.076171875,871,AGGTGA,3.263671875,871,AGGTGA,3.263671875,663,AGACAG,0.021082622930407524,61,AAATAA,0.03364831954240799,61,AAATAA,0.03364831954240799,False,False,True,0.00039514899253845215,
11,5,61,head_4,degradation,1.0,0.9975906014442444,701,AGATAA,3.07421875,871,AGGTGA,3.265625,871,AGGTGA,3.265625,663,AGACAG,0.021028628572821617,61,AAATAA,0.03336656838655472,61,AAATAA,0.03336656838655472,False,False,True,0.0001869797706604004,
11,6,61,head_4,degradation,1.0078125,0.9933878183364868,701,AGATAA,3.068359375,871,AGGTGA,3.26171875,871,AGGTGA,3.26171875,663,AGACAG,0.021102793514728546,61,AAATAA,0.03333539143204689,61,AAATAA,0.03333539143204689,False,False,True,0.00045287609100341797,
11,7,61,head_4,degradation,1.015625,0.9826399683952332,701,AGATAA,3.07421875,871,AGGTGA,3.26953125,871,AGGTGA,3.26953125,663,AGACAG,0.021144000813364983,61,AAATAA,0.033107202500104904,61,AAATAA,0.033107202500104904,False,False,True,-0.0003725886344909668,
11,8,61,head_4,degradation,1.0244140625,0.9779863953590393,701,AGATAA,3.076171875,871,AGGTGA,3.2734375,871,AGGTGA,3.2734375,663,AGACAG,0.021242031827569008,61,AAATAA,0.03308859094977379,61,AAATAA,0.03308859094977379,False,False,True,-0.00015118718147277832,
11,9,61,head_4,degradation,1.0322265625,0.9694801568984985,701,AGATAA,3.07421875,871,AGGTGA,3.2734375,871,AGGTGA,3.2734375,663,AGACAG,0.02134442888200283,61,AAATAA,0.03297777846455574,61,AAATAA,0.03297777846455574,False,False,True,-0.00014519691467285156,
11,10,61,head_4,degradation,1.0400390625,1.0011099576950073,701,AGATAA,3.078125,871,AGGTGA,3.279296875,871,AGGTGA,3.279296875,663,AGACAG,0.021377114579081535,61,AAATAA,0.033803269267082214,61,AAATAA,0.033803269267082214,False,False,True,-0.0006217658519744873,
11,11,61,head_4,degradation,1.015625,1.0078721046447754,701,AGATAA,3.0859375,871,AGGTGA,3.28125,871,AGGTGA,3.28125,663,AGACAG,0.02154693752527237,61,AAATAA,0.03414258360862732,61,AAATAA,0.03414258360862732,False,False,True,-0.0018586516380310059,
11,12,61,head_4,degradation,1.015625,1.0116125345230103,701,AGATAA,3.083984375,871,AGGTGA,3.279296875,871,AGGTGA,3.279296875,663,AGACAG,0.021357327699661255,61,AAATAA,0.034046728163957596,61,AAATAA,0.034046728163957596,False,False,True,-0.0015177130699157715,
11,13,61,head_4,degradation,0.9921875,1.0097001791000366,701,AGATAA,3.08203125,871,AGGTGA,3.271484375,871,AGGTGA,3.271484375,663,AGACAG,0.02131853811442852,61,AAATAA,0.0339600071310997,61,AAATAA,0.0339600071310997,False,False,True,-0.0006783902645111084,
11,14,61,head_4,degradation,1.0,1.001741886138916,701,AGATAA,3.07421875,871,AGGTGA,3.265625,871,AGGTGA,3.265625,663,AGACAG,0.021058913320302963,61,AAATAA,0.03350090608000755,61,AAATAA,0.03350090608000755,False,False,True,0.00022518634796142578,
11,15,61,head_4,degradation,0.9921875,1.010233998298645,701,AGATAA,3.076171875,871,AGGTGA,3.265625,871,AGGTGA,3.265625,663,AGACAG,0.020914264023303986,61,AAATAA,0.03356911242008209,61,AAATAA,0.03356911242008209,False,False,True,0.0012313425540924072,
11,16,61,head_4,degradation,0.9921875,0.9777529239654541,701,AGATAA,3.0703125,871,AGGTGA,3.259765625,871,AGGTGA,3.259765625,663,AGACAG,0.020856117829680443,61,AAATAA,0.03269682452082634,61,AAATAA,0.03269682452082634,False,False,True,0.0009499192237854004,
11,17,61,head_4,degradation,0.9677734375,0.9684163928031921,701,AGATAA,3.068359375,871,AGGTGA,3.251953125,871,AGGTGA,3.251953125,663,AGACAG,0.02104555442929268,61,AAATAA,0.03265224024653435,61,AAATAA,0.03265224024653435,False,False,True,0.0007413327693939209,
11,18,61,head_4,degradation,0.8798828125,0.8790278434753418,701,AGATAA,3.103515625,871,AGGTGA,3.265625,871,AGGTGA,3.265625,663,AGACAG,0.021296555176377296,61,AAATAA,0.03066270798444748,61,AAATAA,0.03066270798444748,False,False,True,0.009183436632156372,
11,19,61,head_4,degradation,0.94384765625,0.9078934788703918,701,AGATAA,3.1015625,871,AGGTGA,3.279296875,871,AGGTGA,3.279296875,663,AGACAG,0.02143726870417595,61,AAATAA,0.03152694180607796,61,AAATAA,0.03152694180607796,False,False,True,0.008862912654876709,
11,20,61,head_4,degradation,0.93603515625,0.9522831439971924,701,AGATAA,3.1015625,871,AGGTGA,3.27734375,871,AGGTGA,3.27734375,663,AGACAG,0.020809533074498177,61,AAATAA,0.032011836767196655,61,AAATAA,0.032011836767196655,False,False,True,0.009108424186706543,
11,21,61,head_4,degradation,1.103515625,1.0671639442443848,701,AGATAA,3.0625,871,AGGTGA,3.279296875,871,AGGTGA,3.279296875,663,AGACAG,0.020733287557959557,61,AAATAA,0.034815091639757156,61,AAATAA,0.034815091639757156,False,False,True,-7.778406143188477e-05,
11,22,61,head_4,degradation,0.9677734375,1.0874621868133545,701,AGATAA,3.07421875,871,AGGTGA,3.2578125,871,AGGTGA,3.2578125,663,AGACAG,0.020299294963479042,61,AAATAA,0.03488987684249878,61,AAATAA,0.03488987684249878,False,False,True,-0.0005173385143280029,
11,23,61,head_4,degradation,0.9921875,1.027172327041626,701,AGATAA,3.076171875,871,AGGTGA,3.265625,871,AGGTGA,3.265625,663,AGACAG,0.020856061950325966,61,AAATAA,0.03393547236919403,61,AAATAA,0.03393547236919403,False,False,True,-0.00024235248565673828,
11,24,61,head_4,degradation,0.89599609375,1.0406687259674072,701,AGATAA,3.09765625,871,AGGTGA,3.263671875,871,AGGTGA,3.263671875,663,AGACAG,0.02007710188627243,61,AAATAA,0.033494800329208374,61,AAATAA,0.033494800329208374,False,False,True,0.0008073151111602783,
11,25,61,head_4,degradation,0.9677734375,1.0027201175689697,701,AGATAA,3.09375,871,AGGTGA,3.27734375,871,AGGTGA,3.27734375,663,AGACAG,0.020868446677923203,61,AAATAA,0.03333495929837227,61,AAATAA,0.03333495929837227,False,False,True,9.989738464355469e-05,
11,26,61,head_4,degradation,0.98388671875,1.031412124633789,701,AGATAA,3.09375,871,AGGTGA,3.28125,871,AGGTGA,3.28125,663,AGACAG,0.020940884947776794,61,AAATAA,0.03412656486034393,61,AAATAA,0.03412656486034393,False,False,True,-0.0004904568195343018,
11,27,61,head_4,degradation,0.93603515625,0.9789265394210815,701,AGATAA,3.095703125,871,AGGTGA,3.271484375,871,AGGTGA,3.271484375,663,AGACAG,0.02229752391576767,61,AAATAA,0.03416764736175537,61,AAATAA,0.03416764736175537,False,False,True,-0.0010927915573120117,
11,28,61,head_4,degradation,0.88818359375,1.002384066581726,701,AGATAA,3.115234375,871,AGGTGA,3.279296875,871,AGGTGA,3.279296875,663,AGACAG,0.022603893652558327,61,AAATAA,0.03506198152899742,61,AAATAA,0.03506198152899742,False,False,True,-0.0019087791442871094,
11,29,61,head_4,degradation,0.83203125,1.002156376838684,701,AGATAA,3.12109375,871,AGGTGA,3.271484375,871,AGGTGA,3.271484375,663,AGACAG,0.02259742096066475,61,AAATAA,0.03504980355501175,61,AAATAA,0.03504980355501175,False,False,True,-0.002398163080215454,
11,30,61,head_4,degradation,0.8798828125,1.0459225177764893,701,AGATAA,3.12109375,871,AGGTGA,3.283203125,871,AGGTGA,3.283203125,663,AGACAG,0.021804528310894966,61,AAATAA,0.03535391390323639,61,AAATAA,0.03535391390323639,False,False,True,-0.001980692148208618,
11,31,61,head_4,degradation,0.9599609375,1.0221446752548218,701,AGATAA,3.095703125,871,AGGTGA,3.27734375,871,AGGTGA,3.27734375,663,AGACAG,0.021350586786866188,61,AAATAA,0.03430397808551788,61,AAATAA,0.03430397808551788,False,False,True,-0.0009653866291046143,
11,32,61,head_4,degradation,0.9599609375,1.0073378086090088,701,AGATAA,3.08203125,871,AGGTGA,3.263671875,871,AGGTGA,3.263671875,663,AGACAG,0.021319085732102394,61,AAATAA,0.03390134125947952,61,AAATAA,0.03390134125947952,False,False,True,0.0002740919589996338,
12,0,61,head_4,degradation,1.0,0.9996362328529358,701,AGATAA,3.078125,871,AGGTGA,3.26953125,871,AGGTGA,3.26953125,663,AGACAG,0.02115003950893879,61,AAATAA,0.03353925421833992,61,AAATAA,0.03353925421833992,False,False,True,-0.0001766979694366455,
12,1,61,head_4,degradation,1.0,0.9942526817321777,701,AGATAA,3.07421875,871,AGGTGA,3.265625,871,AGGTGA,3.265625,663,AGACAG,0.021202754229307175,61,AAATAA,0.03345702961087227,61,AAATAA,0.03345702961087227,False,False,True,-0.00010457634925842285,
12,2,61,head_4,degradation,0.9921875,1.0077096223831177,701,AGATAA,3.076171875,871,AGGTGA,3.265625,871,AGGTGA,3.265625,663,AGACAG,0.0210717786103487,61,AAATAA,0.03366335481405258,61,AAATAA,0.03366335481405258,False,False,True,2.7567148208618164e-05,
12,3,61,head_4,degradation,1.0,1.0119891166687012,701,AGATAA,3.08203125,871,AGGTGA,3.2734375,871,AGGTGA,3.2734375,663,AGACAG,0.02101503312587738,61,AAATAA,0.033713873475790024,61,AAATAA,0.033713873475790024,False,False,True,0.00017660856246948242,
12,4,61,head_4,degradation,1.0078125,1.0086395740509033,701,AGATAA,3.076171875,871,AGGTGA,3.26953125,871,AGGTGA,3.26953125,663,AGACAG,0.021018104627728462,61,AAATAA,0.03363298997282982,61,AAATAA,0.03363298997282982,False,False,True,-4.890561103820801e-05,
12,5,61,head_4,degradation,1.0078125,0.9963224530220032,701,AGATAA,3.078125,871,AGGTGA,3.271484375,871,AGGTGA,3.271484375,663,AGACAG,0.021132946014404297,61,AAATAA,0.03343909978866577,61,AAATAA,0.03343909978866577,False,False,True,-0.00019255280494689941,
12,6,61,head_4,degradation,0.9921875,0.9922817945480347,701,AGATAA,3.076171875,871,AGGTGA,3.265625,871,AGGTGA,3.265625,663,AGACAG,0.021222390234470367,61,AAATAA,0.03342726454138756,61,AAATAA,0.03342726454138756,False,False,True,-0.00023755431175231934,
12,7,61,head_4,degradation,0.98388671875,1.0114870071411133,701,AGATAA,3.08203125,871,AGGTGA,3.26953125,871,AGGTGA,3.26953125,663,AGACAG,0.02116800844669342,61,AAATAA,0.03385426476597786,61,AAATAA,0.03385426476597786,False,False,True,-8.150935173034668e-05,
12,8,61,head_4,degradation,0.98388671875,1.0100040435791016,701,AGATAA,3.078125,871,AGGTGA,3.265625,871,AGGTGA,3.265625,663,AGACAG,0.02110341563820839,61,AAATAA,0.033752501010894775,61,AAATAA,0.033752501010894775,False,False,True,-0.0001246333122253418,
12,9,61,head_4,degradation,0.92822265625,1.0676244497299194,701,AGATAA,3.09765625,871,AGGTGA,3.271484375,871,AGGTGA,3.271484375,663,AGACAG,0.02099044993519783,61,AAATAA,0.035083796828985214,61,AAATAA,0.035083796828985214,False,False,True,0.0012803375720977783,
12,10,61,head_4,degradation,0.912109375,1.0432305335998535,701,AGATAA,3.09375,871,AGGTGA,3.263671875,871,AGGTGA,3.263671875,663,AGACAG,0.021107902750372887,61,AAATAA,0.03458981215953827,61,AAATAA,0.03458981215953827,False,False,True,0.0009011030197143555,
12,11,61,head_4,degradation,0.919921875,1.04202401638031,701,AGATAA,3.09375,871,AGGTGA,3.265625,871,AGGTGA,3.265625,663,AGACAG,0.02123652584850788,61,AAATAA,0.03468819335103035,61,AAATAA,0.03468819335103035,False,False,True,5.874037742614746e-05,
12,12,61,head_4,degradation,0.98388671875,0.9760710000991821,701,AGATAA,3.07421875,871,AGGTGA,3.26171875,871,AGGTGA,3.26171875,663,AGACAG,0.0213916078209877,61,AAATAA,0.033190157264471054,61,AAATAA,0.033190157264471054,False,False,True,-0.0011931955814361572,
12,13,61,head_4,degradation,1.0078125,0.9817452430725098,701,AGATAA,3.076171875,871,AGGTGA,3.26953125,871,AGGTGA,3.26953125,663,AGACAG,0.02134089358150959,61,AAATAA,0.03328166902065277,61,AAATAA,0.03328166902065277,False,False,True,-0.0007689595222473145,
12,14,61,head_4,degradation,1.0,1.0036872625350952,701,AGATAA,3.08203125,871,AGGTGA,3.2734375,871,AGGTGA,3.2734375,663,AGACAG,0.021029017865657806,61,AAATAA,0.033519770950078964,61,AAATAA,0.033519770950078964,False,False,True,-0.0004890561103820801,
12,15,61,head_4,degradation,1.015625,1.0124034881591797,701,AGATAA,3.08203125,871,AGGTGA,3.27734375,871,AGGTGA,3.27734375,663,AGACAG,0.020993083715438843,61,AAATAA,0.0337023101747036,61,AAATAA,0.0337023101747036,False,False,True,-0.0008268952369689941,
12,16,61,head_4,degradation,1.0,1.0055210590362549,701,AGATAA,3.08203125,871,AGGTGA,3.2734375,871,AGGTGA,3.2734375,663,AGACAG,0.02104088105261326,61,AAATAA,0.03357759863138199,61,AAATAA,0.03357759863138199,False,False,True,-0.00038373470306396484,
12,17,61,head_4,degradation,1.0,0.9821402430534363,701,AGATAA,3.078125,871,AGGTGA,3.26953125,871,AGGTGA,3.26953125,663,AGACAG,0.021096907556056976,61,AAATAA,0.03304758295416832,61,AAATAA,0.03304758295416832,False,False,True,0.0003075897693634033,
12,18,61,head_4,degradation,0.97607421875,0.9675484895706177,701,AGATAA,3.078125,871,AGGTGA,3.263671875,871,AGGTGA,3.263671875,663,AGACAG,0.02098988927900791,61,AAATAA,0.03257482126355171,61,AAATAA,0.03257482126355171,False,False,True,0.0005736052989959717,
12,19,61,head_4,degradation,0.9677734375,0.9588847756385803,701,AGATAA,3.076171875,871,AGGTGA,3.259765625,871,AGGTGA,3.259765625,663,AGACAG,0.021077383309602737,61,AAATAA,0.03244515880942345,61,AAATAA,0.03244515880942345,False,False,True,0.0002435445785522461,
12,20,61,head_4,degradation,0.97607421875,0.9681731462478638,701,AGATAA,3.076171875,871,AGGTGA,3.26171875,871,AGGTGA,3.26171875,663,AGACAG,0.02110966481268406,61,AAATAA,0.032710254192352295,61,AAATAA,0.032710254192352295,False,False,True,-0.00036641955375671387,
12,21,61,head_4,degradation,0.9677734375,0.9824343323707581,701,AGATAA,3.076171875,871,AGGTGA,3.259765625,871,AGGTGA,3.259765625,663,AGACAG,0.02135450392961502,61,AAATAA,0.03331255167722702,61,AAATAA,0.03331255167722702,False,False,True,-0.00018197298049926758,
12,22,61,head_4,degradation,0.9599609375,1.0067144632339478,701,AGATAA,3.08203125,871,AGGTGA,3.263671875,871,AGGTGA,3.263671875,663,AGACAG,0.02085365355014801,61,AAATAA,0.03342028334736824,61,AAATAA,0.03342028334736824,False,False,True,6.750226020812988e-05,
12,23,61,head_4,degradation,0.93603515625,0.9923593401908875,701,AGATAA,3.083984375,871,AGGTGA,3.259765625,871,AGGTGA,3.259765625,663,AGACAG,0.020676158368587494,61,AAATAA,0.03288297727704048,61,AAATAA,0.03288297727704048,False,False,True,0.0002409517765045166,
12,24,61,head_4,degradation,0.94384765625,0.9843448400497437,701,AGATAA,3.076171875,871,AGGTGA,3.25390625,871,AGGTGA,3.25390625,663,AGACAG,0.020687678828835487,61,AAATAA,0.032693613320589066,61,AAATAA,0.032693613320589066,False,False,True,-7.322430610656738e-05,
12,25,61,head_4,degradation,0.94384765625,0.9852650165557861,701,AGATAA,3.076171875,871,AGGTGA,3.25390625,871,AGGTGA,3.25390625,663,AGACAG,0.02065357007086277,61,AAATAA,0.032682567834854126,61,AAATAA,0.032682567834854126,False,False,True,-0.00038996338844299316,
12,26,61,head_4,degradation,0.9677734375,0.9945393800735474,701,AGATAA,3.078125,871,AGGTGA,3.26171875,871,AGGTGA,3.26171875,663,AGACAG,0.020954452455043793,61,AAATAA,0.03321591392159462,61,AAATAA,0.03321591392159462,False,False,True,6.99758529663086e-05,
12,27,61,head_4,degradation,0.9677734375,0.9734722375869751,701,AGATAA,3.0859375,871,AGGTGA,3.26953125,871,AGGTGA,3.26953125,663,AGACAG,0.02133207954466343,61,AAATAA,0.033065490424633026,61,AAATAA,0.033065490424633026,False,False,True,-0.0006847977638244629,
12,28,61,head_4,degradation,0.9521484375,0.9634836912155151,701,AGATAA,3.09375,871,AGGTGA,3.2734375,871,AGGTGA,3.2734375,663,AGACAG,0.021514642983675003,61,AAATAA,0.03299769014120102,61,AAATAA,0.03299769014120102,False,False,True,-0.0014659464359283447,
12,29,61,head_4,degradation,0.912109375,0.9966450333595276,701,AGATAA,3.09375,871,AGGTGA,3.263671875,871,AGGTGA,3.263671875,663,AGACAG,0.021590949967503548,61,AAATAA,0.033905189484357834,61,AAATAA,0.033905189484357834,False,False,True,-0.0014960169792175293,
12,30,61,head_4,degradation,0.89599609375,1.0386816263198853,701,AGATAA,3.107421875,871,AGGTGA,3.2734375,871,AGGTGA,3.2734375,663,AGACAG,0.02127224951982498,61,AAATAA,0.03464014083147049,61,AAATAA,0.03464014083147049,False,False,True,-0.0012407302856445312,
12,31,61,head_4,degradation,0.93603515625,1.042352318763733,701,AGATAA,3.1015625,871,AGGTGA,3.27734375,871,AGGTGA,3.27734375,663,AGACAG,0.021439004689455032,61,AAATAA,0.03489890322089195,61,AAATAA,0.03489890322089195,False,False,True,-0.0008402168750762939,
12,32,61,head_4,degradation,0.94384765625,1.0198646783828735,701,AGATAA,3.10546875,871,AGGTGA,3.283203125,871,AGGTGA,3.283203125,663,AGACAG,0.021168220788240433,61,AAATAA,0.03406446427106857,61,AAATAA,0.03406446427106857,False,False,True,-0.0007572472095489502,
13,0,61,head_4,degradation,0.9921875,0.9909467101097107,701,AGATAA,3.08203125,871,AGGTGA,3.271484375,871,AGGTGA,3.271484375,663,AGACAG,0.02119607850909233,61,AAATAA,0.03336748853325844,61,AAATAA,0.03336748853325844,False,False,True,6.070733070373535e-05,
13,1,61,head_4,degradation,1.0078125,0.9718246459960938,701,AGATAA,3.076171875,871,AGGTGA,3.26953125,871,AGGTGA,3.26953125,663,AGACAG,0.021284453570842743,61,AAATAA,0.03297656774520874,61,AAATAA,0.03297656774520874,False,False,True,-0.000711977481842041,
13,2,61,head_4,degradation,1.0078125,0.9791796207427979,701,AGATAA,3.076171875,871,AGGTGA,3.26953125,871,AGGTGA,3.26953125,663,AGACAG,0.02123318985104561,61,AAATAA,0.03310965746641159,61,AAATAA,0.03310965746641159,False,False,True,-0.0006978809833526611,
13,3,61,head_4,degradation,0.97607421875,0.975861668586731,701,AGATAA,3.078125,871,AGGTGA,3.263671875,871,AGGTGA,3.263671875,663,AGACAG,0.02127515710890293,61,AAATAA,0.0330684594810009,61,AAATAA,0.0330684594810009,False,False,True,-0.0005688369274139404,
13,4,61,head_4,degradation,0.9521484375,0.9965487122535706,701,AGATAA,3.083984375,871,AGGTGA,3.263671875,871,AGGTGA,3.263671875,663,AGACAG,0.021236827597022057,61,AAATAA,0.03354865312576294,61,AAATAA,0.03354865312576294,False,False,True,-0.0003192424774169922,
13,5,61,head_4,degradation,0.9599609375,1.0008018016815186,701,AGATAA,3.083984375,871,AGGTGA,3.265625,871,AGGTGA,3.265625,663,AGACAG,0.021354960277676582,61,AAATAA,0.03377338871359825,61,AAATAA,0.03377338871359825,False,False,True,-0.00012987852096557617,
13,6,61,head_4,degradation,1.0078125,1.0121207237243652,701,AGATAA,3.078125,871,AGGTGA,3.271484375,871,AGGTGA,3.271484375,663,AGACAG,0.021099066361784935,61,AAATAA,0.033801205456256866,61,AAATAA,0.033801205456256866,False,False,True,-0.00013443827629089355,
13,7,61,head_4,degradation,1.0,1.0185744762420654,701,AGATAA,3.08203125,871,AGGTGA,3.2734375,871,AGGTGA,3.2734375,663,AGACAG,0.020914992317557335,61,AAATAA,0.03377889469265938,61,AAATAA,0.03377889469265938,False,False,True,0.00024956464767456055,
13,8,61,head_4,degradation,0.9921875,1.0048847198486328,701,AGATAA,3.08203125,871,AGGTGA,3.271484375,871,AGGTGA,3.271484375,663,AGACAG,0.021023564040660858,61,AAATAA,0.033544331789016724,61,AAATAA,0.033544331789016724,False,False,True,0.0007717311382293701,
13,9,61,head_4,degradation,0.98388671875,0.993915855884552,701,AGATAA,3.08203125,871,AGGTGA,3.26953125,871,AGGTGA,3.26953125,663,AGACAG,0.021105436608195305,61,AAATAA,0.033351268619298935,61,AAATAA,0.033351268619298935,False,False,True,0.0007180869579315186,
13,10,61,head_4,degradation,0.97607421875,0.9809600710868835,701,AGATAA,3.078125,871,AGGTGA,3.263671875,871,AGGTGA,3.263671875,663,AGACAG,0.02119474671781063,61,AAATAA,0.03311584144830704,61,AAATAA,0.03311584144830704,False,False,True,0.0002894401550292969,
13,11,61,head_4,degradation,0.9677734375,0.9833536148071289,701,AGATAA,3.078125,871,AGGTGA,3.26171875,871,AGGTGA,3.26171875,663,AGACAG,0.021286971867084503,61,AAATAA,0.03326806053519249,61,AAATAA,0.03326806053519249,False,False,True,-0.0004050731658935547,
13,12,61,head_4,degradation,0.98388671875,0.9792017936706543,701,AGATAA,3.076171875,871,AGGTGA,3.263671875,871,AGGTGA,3.263671875,663,AGACAG,0.02134120836853981,61,AAATAA,0.03321823105216026,61,AAATAA,0.03321823105216026,False,False,True,-0.000934302806854248,
13,13,61,head_4,degradation,0.9921875,0.978151798248291,701,AGATAA,3.076171875,871,AGGTGA,3.265625,871,AGGTGA,3.265625,663,AGACAG,0.021256713196635246,61,AAATAA,0.033107418566942215,61,AAATAA,0.033107418566942215,False,False,True,-0.0006341338157653809,
13,14,61,head_4,degradation,1.015625,0.9793792366981506,701,AGATAA,3.076171875,871,AGGTGA,3.271484375,871,AGGTGA,3.271484375,663,AGACAG,0.021292831748723984,61,AAATAA,0.0331743024289608,61,AAATAA,0.0331743024289608,False,False,True,-8.651614189147949e-05,
13,15,61,head_4,degradation,1.0078125,1.011382818222046,701,AGATAA,3.076171875,871,AGGTGA,3.26953125,871,AGGTGA,3.26953125,663,AGACAG,0.020911892876029015,61,AAATAA,0.03359553590416908,61,AAATAA,0.03359553590416908,False,False,True,-0.00029397010803222656,
13,16,61,head_4,degradation,0.97607421875,1.0340012311935425,701,AGATAA,3.083984375,871,AGGTGA,3.26953125,871,AGGTGA,3.26953125,663,AGACAG,0.020834555849432945,61,AAATAA,0.03408513218164444,61,AAATAA,0.03408513218164444,False,False,True,-2.7298927307128906e-05,
13,17,61,head_4,degradation,0.9599609375,1.0377198457717896,701,AGATAA,3.08203125,871,AGGTGA,3.263671875,871,AGGTGA,3.263671875,663,AGACAG,0.020708121359348297,61,AAATAA,0.03405190631747246,61,AAATAA,0.03405190631747246,False,False,True,-0.0011699199676513672,
13,18,61,head_4,degradation,0.97607421875,1.0676703453063965,701,AGATAA,3.083984375,871,AGGTGA,3.26953125,871,AGGTGA,3.26953125,663,AGACAG,0.020277002826333046,61,AAATAA,0.034371498972177505,61,AAATAA,0.034371498972177505,False,False,True,-0.004636824131011963,
13,19,61,head_4,degradation,0.82421875,1.1989960670471191,701,AGATAA,3.076171875,871,AGGTGA,3.224609375,871,AGGTGA,3.224609375,663,AGACAG,0.018821116536855698,61,AAATAA,0.03620730713009834,61,AAATAA,0.03620730713009834,False,False,True,-0.0033503472805023193,
13,20,61,head_4,degradation,0.86376953125,1.1630529165267944,701,AGATAA,3.076171875,871,AGGTGA,3.234375,871,AGGTGA,3.234375,663,AGACAG,0.018934622406959534,61,AAATAA,0.03541989251971245,61,AAATAA,0.03541989251971245,False,False,True,-0.0023280084133148193,
13,21,61,head_4,degradation,0.85595703125,1.1124409437179565,701,AGATAA,3.07421875,871,AGGTGA,3.23046875,871,AGGTGA,3.23046875,663,AGACAG,0.019581420347094536,61,AAATAA,0.03479809686541557,61,AAATAA,0.03479809686541557,False,False,True,0.0013877153396606445,
13,22,61,head_4,degradation,1.0078125,0.9939922094345093,701,AGATAA,3.083984375,871,AGGTGA,3.27734375,871,AGGTGA,3.27734375,663,AGACAG,0.020970867946743965,61,AAATAA,0.033218614757061005,61,AAATAA,0.033218614757061005,False,False,True,0.00012853741645812988,
13,23,61,head_4,degradation,0.98388671875,1.0174287557601929,701,AGATAA,3.083984375,871,AGGTGA,3.271484375,871,AGGTGA,3.271484375,663,AGACAG,0.020824063569307327,61,AAATAA,0.03365924954414368,61,AAATAA,0.03365924954414368,False,False,True,0.0004436373710632324,
13,24,61,head_4,degradation,0.9677734375,1.0135234594345093,701,AGATAA,3.078125,871,AGGTGA,3.26171875,871,AGGTGA,3.26171875,663,AGACAG,0.020952068269252777,61,AAATAA,0.03368936851620674,61,AAATAA,0.03368936851620674,False,False,True,0.0004825294017791748,
13,25,61,head_4,degradation,0.98388671875,1.0136899948120117,701,AGATAA,3.078125,871,AGGTGA,3.265625,871,AGGTGA,3.265625,663,AGACAG,0.021054867655038834,61,AAATAA,0.033796340227127075,61,AAATAA,0.033796340227127075,False,False,True,0.0003114044666290283,
13,26,61,head_4,degradation,1.0,0.9780107140541077,701,AGATAA,3.068359375,871,AGGTGA,3.259765625,871,AGGTGA,3.259765625,663,AGACAG,0.021320313215255737,61,AAATAA,0.033167481422424316,61,AAATAA,0.033167481422424316,False,False,True,0.0002676844596862793,
13,27,61,head_4,degradation,0.9921875,0.9750425219535828,701,AGATAA,3.07421875,871,AGGTGA,3.263671875,871,AGGTGA,3.263671875,663,AGACAG,0.021317414939403534,61,AAATAA,0.03309018537402153,61,AAATAA,0.03309018537402153,False,False,True,0.0004520118236541748,
13,28,61,head_4,degradation,1.015625,0.9650267958641052,701,AGATAA,3.0703125,871,AGGTGA,3.265625,871,AGGTGA,3.265625,663,AGACAG,0.021296018734574318,61,AAATAA,0.032817743718624115,61,AAATAA,0.032817743718624115,False,False,True,-1.5944242477416992e-05,
13,29,61,head_4,degradation,0.9921875,1.033460021018982,701,AGATAA,3.087890625,871,AGGTGA,3.27734375,871,AGGTGA,3.27734375,663,AGACAG,0.02137582190334797,61,AAATAA,0.034612834453582764,61,AAATAA,0.034612834453582764,False,False,True,-2.422928810119629e-05,
13,30,61,head_4,degradation,0.9921875,1.0595855712890625,701,AGATAA,3.087890625,871,AGGTGA,3.27734375,871,AGGTGA,3.27734375,663,AGACAG,0.020705292001366615,61,AAATAA,0.03459714353084564,61,AAATAA,0.03459714353084564,False,False,True,-2.7686357498168945e-05,
13,31,61,head_4,degradation,0.94384765625,1.053525447845459,701,AGATAA,3.09375,871,AGGTGA,3.271484375,871,AGGTGA,3.271484375,663,AGACAG,0.02085956558585167,61,AAATAA,0.03459952026605606,61,AAATAA,0.03459952026605606,False,False,True,-4.279613494873047e-05,
13,32,61,head_4,degradation,1.0,1.0189775228500366,701,AGATAA,3.078125,871,AGGTGA,3.26953125,871,AGGTGA,3.26953125,663,AGACAG,0.020787138491868973,61,AAATAA,0.033661145716905594,61,AAATAA,0.033661145716905594,False,False,True,9.387731552124023e-05,
14,0,61,head_4,degradation,0.98388671875,0.9887637495994568,701,AGATAA,3.078125,871,AGGTGA,3.265625,871,AGGTGA,3.265625,663,AGACAG,0.021121112629771233,61,AAATAA,0.03323780745267868,61,AAATAA,0.03323780745267868,False,False,True,-0.0001793503761291504,
14,1,61,head_4,degradation,0.98388671875,0.9802448153495789,701,AGATAA,3.078125,871,AGGTGA,3.265625,871,AGGTGA,3.265625,663,AGACAG,0.02102724090218544,61,AAATAA,0.0329304076731205,61,AAATAA,0.0329304076731205,False,False,True,-0.000186920166015625,
14,2,61,head_4,degradation,0.97607421875,0.9726467132568359,701,AGATAA,3.078125,871,AGGTGA,3.263671875,871,AGGTGA,3.263671875,663,AGACAG,0.021025333553552628,61,AAATAA,0.03273805230855942,61,AAATAA,0.03273805230855942,False,False,True,-0.0003428459167480469,
14,3,61,head_4,degradation,0.98388671875,0.9935885071754456,701,AGATAA,3.078125,871,AGGTGA,3.265625,871,AGGTGA,3.265625,663,AGACAG,0.02091890573501587,61,AAATAA,0.03315653279423714,61,AAATAA,0.03315653279423714,False,False,True,-0.0001334547996520996,
14,4,61,head_4,degradation,1.0,1.0001847743988037,701,AGATAA,3.078125,871,AGGTGA,3.26953125,871,AGGTGA,3.26953125,663,AGACAG,0.02091117575764656,61,AAATAA,0.033314138650894165,61,AAATAA,0.033314138650894165,False,False,True,-0.00025463104248046875,
14,5,61,head_4,degradation,1.0,0.9884856939315796,701,AGATAA,3.078125,871,AGGTGA,3.26953125,871,AGGTGA,3.26953125,663,AGACAG,0.020906472578644753,61,AAATAA,0.03301619738340378,61,AAATAA,0.03301619738340378,False,False,True,-0.00039449334144592285,
14,6,61,head_4,degradation,0.98388671875,0.9760448336601257,701,AGATAA,3.08203125,871,AGGTGA,3.26953125,871,AGGTGA,3.26953125,663,AGACAG,0.02106224000453949,61,AAATAA,0.03286013379693031,61,AAATAA,0.03286013379693031,False,False,True,-0.0001462697982788086,
14,7,61,head_4,degradation,0.98388671875,0.9929996132850647,701,AGATAA,3.08203125,871,AGGTGA,3.26953125,871,AGGTGA,3.26953125,663,AGACAG,0.02094908058643341,61,AAATAA,0.03317194804549217,61,AAATAA,0.03317194804549217,False,False,True,4.369020462036133e-05,
14,8,61,head_4,degradation,0.98388671875,0.9941412806510925,701,AGATAA,3.078125,871,AGGTGA,3.265625,871,AGGTGA,3.265625,663,AGACAG,0.02096685580909252,61,AAATAA,0.03321833908557892,61,AAATAA,0.03321833908557892,False,False,True,3.6954879760742188e-06,
14,9,61,head_4,degradation,0.9677734375,1.0005940198898315,701,AGATAA,3.08203125,871,AGGTGA,3.265625,871,AGGTGA,3.265625,663,AGACAG,0.020818298682570457,61,AAATAA,0.03323151916265488,61,AAATAA,0.03323151916265488,False,False,True,-0.0002205371856689453,
14,10,61,head_4,degradation,0.98388671875,1.005749225616455,701,AGATAA,3.08203125,871,AGGTGA,3.26953125,871,AGGTGA,3.26953125,663,AGACAG,0.020822806283831596,61,AAATAA,0.033365242183208466,61,AAATAA,0.033365242183208466,False,False,True,-2.104043960571289e-05,
14,11,61,head_4,degradation,0.98388671875,0.9940986633300781,701,AGATAA,3.08203125,871,AGGTGA,3.26953125,871,AGGTGA,3.26953125,663,AGACAG,0.020920859649777412,61,AAATAA,0.03317127376794815,61,AAATAA,0.03317127376794815,False,False,True,3.3736228942871094e-05,
14,12,61,head_4,degradation,0.9921875,0.9823111295700073,701,AGATAA,3.076171875,871,AGGTGA,3.265625,871,AGGTGA,3.265625,663,AGACAG,0.02112140879034996,61,AAATAA,0.033076368272304535,61,AAATAA,0.033076368272304535,False,False,True,-0.00019273161888122559,
14,13,61,head_4,degradation,1.0,0.9816041588783264,701,AGATAA,3.078125,871,AGGTGA,3.26953125,871,AGGTGA,3.26953125,663,AGACAG,0.021203670650720596,61,AAATAA,0.03314090892672539,61,AAATAA,0.03314090892672539,False,False,True,-0.00048464536666870117,
14,14,61,head_4,degradation,0.98388671875,0.9831149578094482,701,AGATAA,3.076171875,871,AGGTGA,3.263671875,871,AGGTGA,3.263671875,663,AGACAG,0.021157899871468544,61,AAATAA,0.03313300758600235,61,AAATAA,0.03313300758600235,False,False,True,-0.00044918060302734375,
14,15,61,head_4,degradation,0.98388671875,0.996333122253418,701,AGATAA,3.078125,871,AGGTGA,3.265625,871,AGGTGA,3.265625,663,AGACAG,0.020984426140785217,61,AAATAA,0.03329084813594818,61,AAATAA,0.03329084813594818,False,False,True,0.00019404292106628418,
14,16,61,head_4,degradation,0.98388671875,1.002325177192688,701,AGATAA,3.078125,871,AGGTGA,3.265625,871,AGGTGA,3.265625,663,AGACAG,0.02097068354487419,61,AAATAA,0.033427298069000244,61,AAATAA,0.033427298069000244,False,False,True,0.0007850825786590576,
14,17,61,head_4,degradation,0.98388671875,1.0029938220977783,701,AGATAA,3.08203125,871,AGGTGA,3.26953125,871,AGGTGA,3.26953125,663,AGACAG,0.02091747336089611,61,AAATAA,0.033390846103429794,61,AAATAA,0.033390846103429794,False,False,True,0.0003769397735595703,
14,18,61,head_4,degradation,0.9599609375,1.025511622428894,701,AGATAA,3.083984375,871,AGGTGA,3.265625,871,AGGTGA,3.265625,663,AGACAG,0.02062286250293255,61,AAATAA,0.0336606465280056,61,AAATAA,0.0336606465280056,False,False,True,-0.000459820032119751,
14,19,61,head_4,degradation,0.9521484375,1.0212459564208984,701,AGATAA,3.0859375,871,AGGTGA,3.265625,871,AGGTGA,3.265625,663,AGACAG,0.020291214808821678,61,AAATAA,0.033222079277038574,61,AAATAA,0.033222079277038574,False,False,True,-0.00041362643241882324,
14,20,61,head_4,degradation,0.9599609375,1.0237857103347778,701,AGATAA,3.087890625,871,AGGTGA,3.26953125,871,AGGTGA,3.26953125,663,AGACAG,0.02038711868226528,61,AAATAA,0.033381640911102295,61,AAATAA,0.033381640911102295,False,False,True,0.0003803074359893799,
14,21,61,head_4,degradation,0.9521484375,0.9922863245010376,701,AGATAA,3.0859375,871,AGGTGA,3.265625,871,AGGTGA,3.265625,663,AGACAG,0.020796874538064003,61,AAATAA,0.0330018624663353,61,AAATAA,0.0330018624663353,False,False,True,0.001453697681427002,
14,22,61,head_4,degradation,0.9599609375,0.9809191823005676,701,AGATAA,3.078125,871,AGGTGA,3.259765625,871,AGGTGA,3.259765625,663,AGACAG,0.02116868831217289,61,AAATAA,0.03308875858783722,61,AAATAA,0.03308875858783722,False,False,True,0.00036969780921936035,
14,23,61,head_4,degradation,0.93603515625,0.9823241829872131,701,AGATAA,3.083984375,871,AGGTGA,3.259765625,871,AGGTGA,3.259765625,663,AGACAG,0.02117648907005787,61,AAATAA,0.03313177451491356,61,AAATAA,0.03313177451491356,False,False,True,0.00010859966278076172,
14,24,61,head_4,degradation,0.9521484375,0.9998134970664978,701,AGATAA,3.0859375,871,AGGTGA,3.265625,871,AGGTGA,3.265625,663,AGACAG,0.02084846794605255,61,AAATAA,0.0332421250641346,61,AAATAA,0.0332421250641346,False,False,True,-0.0006565451622009277,
14,25,61,head_4,degradation,0.9521484375,1.0311493873596191,701,AGATAA,3.0859375,871,AGGTGA,3.265625,871,AGGTGA,3.265625,663,AGACAG,0.020442187786102295,61,AAATAA,0.03362128138542175,61,AAATAA,0.03362128138542175,False,False,True,-0.00016802549362182617,
14,26,61,head_4,degradation,0.9677734375,1.0375466346740723,701,AGATAA,3.0859375,871,AGGTGA,3.26953125,871,AGGTGA,3.26953125,663,AGACAG,0.020365647971630096,61,AAATAA,0.03370508924126625,61,AAATAA,0.03370508924126625,False,False,True,-0.00013142824172973633,
14,27,61,head_4,degradation,0.9677734375,1.0041544437408447,701,AGATAA,3.07421875,871,AGGTGA,3.2578125,871,AGGTGA,3.2578125,663,AGACAG,0.020764868706464767,61,AAATAA,0.03326733410358429,61,AAATAA,0.03326733410358429,False,False,True,-7.44163990020752e-05,
14,28,61,head_4,degradation,0.98388671875,0.9946438074111938,701,AGATAA,3.076171875,871,AGGTGA,3.263671875,871,AGGTGA,3.263671875,663,AGACAG,0.02105719782412052,61,AAATAA,0.03332127630710602,61,AAATAA,0.03332127630710602,False,False,True,0.000287473201751709,
14,29,61,head_4,degradation,1.015625,0.9887672066688538,701,AGATAA,3.0703125,871,AGGTGA,3.265625,871,AGGTGA,3.265625,663,AGACAG,0.020978840067982674,61,AAATAA,0.033095620572566986,61,AAATAA,0.033095620572566986,False,False,True,0.0002639591693878174,
14,30,61,head_4,degradation,1.0078125,0.996624231338501,701,AGATAA,3.076171875,871,AGGTGA,3.26953125,871,AGGTGA,3.26953125,663,AGACAG,0.020930306985974312,61,AAATAA,0.03324402496218681,61,AAATAA,0.03324402496218681,False,False,True,-0.00014135241508483887,
14,31,61,head_4,degradation,0.97607421875,0.991592526435852,701,AGATAA,3.083984375,871,AGGTGA,3.26953125,871,AGGTGA,3.26953125,663,AGACAG,0.021173765882849693,61,AAATAA,0.03336136415600777,61,AAATAA,0.03336136415600777,False,False,True,-4.8160552978515625e-05,
14,32,61,head_4,degradation,1.0,0.9853058457374573,701,AGATAA,3.0859375,871,AGGTGA,3.27734375,871,AGGTGA,3.27734375,663,AGACAG,0.021574677899479866,61,AAATAA,0.0336047001183033,61,AAATAA,0.0336047001183033,False,False,True,-0.0002658963203430176,
15,0,61,head_4,degradation,1.0,1.0012986660003662,701,AGATAA,3.078125,871,AGGTGA,3.26953125,871,AGGTGA,3.26953125,663,AGACAG,0.02108600363135338,61,AAATAA,0.033516887575387955,61,AAATAA,0.033516887575387955,False,False,True,-2.9593706130981445e-05,
15,1,61,head_4,degradation,1.0,0.9923694729804993,701,AGATAA,3.078125,871,AGGTGA,3.26953125,871,AGGTGA,3.26953125,663,AGACAG,0.021205827593803406,61,AAATAA,0.03341289982199669,61,AAATAA,0.03341289982199669,False,False,True,-0.00043255090713500977,
15,2,61,head_4,degradation,1.0078125,0.9904990196228027,701,AGATAA,3.078125,871,AGGTGA,3.271484375,871,AGGTGA,3.271484375,663,AGACAG,0.02119338884949684,61,AAATAA,0.03335357829928398,61,AAATAA,0.03335357829928398,False,False,True,-0.0003249943256378174,
15,3,61,head_4,degradation,0.9921875,0.9946802258491516,701,AGATAA,3.08203125,871,AGGTGA,3.271484375,871,AGGTGA,3.271484375,663,AGACAG,0.021196560934185982,61,AAATAA,0.0334615521132946,61,AAATAA,0.0334615521132946,False,False,True,-0.0005057454109191895,
15,4,61,head_4,degradation,0.9677734375,1.0032520294189453,701,AGATAA,3.08203125,871,AGGTGA,3.265625,871,AGGTGA,3.265625,663,AGACAG,0.021096104755997658,61,AAATAA,0.03357594832777977,61,AAATAA,0.03357594832777977,False,False,True,-0.0001900196075439453,
15,5,61,head_4,degradation,0.97607421875,0.9971034526824951,701,AGATAA,3.083984375,871,AGGTGA,3.26953125,871,AGGTGA,3.26953125,663,AGACAG,0.021072126924991608,61,AAATAA,0.0333978570997715,61,AAATAA,0.0333978570997715,False,False,True,-0.00020888447761535645,
15,6,61,head_4,degradation,0.98388671875,0.9930254817008972,701,AGATAA,3.083984375,871,AGGTGA,3.271484375,871,AGGTGA,3.271484375,663,AGACAG,0.02112312614917755,61,AAATAA,0.033346641808748245,61,AAATAA,0.033346641808748245,False,False,True,-0.0004311800003051758,
15,7,61,head_4,degradation,0.9921875,0.9983628392219543,701,AGATAA,3.083984375,871,AGGTGA,3.2734375,871,AGGTGA,3.2734375,663,AGACAG,0.021100783720612526,61,AAATAA,0.033458080142736435,61,AAATAA,0.033458080142736435,False,False,True,-0.0005760490894317627,
15,8,61,head_4,degradation,0.9921875,0.9952410459518433,701,AGATAA,3.083984375,871,AGGTGA,3.2734375,871,AGGTGA,3.2734375,663,AGACAG,0.02117059752345085,61,AAATAA,0.03344964608550072,61,AAATAA,0.03344964608550072,False,False,True,-0.00018039345741271973,
15,9,61,head_4,degradation,0.9599609375,1.0255297422409058,701,AGATAA,3.087890625,871,AGGTGA,3.26953125,871,AGGTGA,3.26953125,663,AGACAG,0.02089618891477585,61,AAATAA,0.03393442556262016,61,AAATAA,0.03393442556262016,False,False,True,7.644295692443848e-05,
15,10,61,head_4,degradation,0.9521484375,1.014783501625061,701,AGATAA,3.0859375,871,AGGTGA,3.265625,871,AGGTGA,3.265625,663,AGACAG,0.020903537049889565,61,AAATAA,0.03367241844534874,61,AAATAA,0.03367241844534874,False,False,True,0.00017705559730529785,
15,11,61,head_4,degradation,0.9677734375,1.0307062864303589,701,AGATAA,3.087890625,871,AGGTGA,3.271484375,871,AGGTGA,3.271484375,663,AGACAG,0.02075844630599022,61,AAATAA,0.03392643481492996,61,AAATAA,0.03392643481492996,False,False,True,0.00021710991859436035,
15,12,61,head_4,degradation,1.0078125,1.0037778615951538,701,AGATAA,3.078125,871,AGGTGA,3.271484375,871,AGGTGA,3.271484375,663,AGACAG,0.020982982590794563,61,AAATAA,0.033476006239652634,61,AAATAA,0.033476006239652634,False,False,True,-0.0003903806209564209,
15,13,61,head_4,degradation,0.9921875,1.001956582069397,701,AGATAA,3.08203125,871,AGGTGA,3.271484375,871,AGGTGA,3.271484375,663,AGACAG,0.021019646897912025,61,AAATAA,0.033467020839452744,61,AAATAA,0.033467020839452744,False,False,True,-0.0004367530345916748,
15,14,61,head_4,degradation,1.0078125,1.0064332485198975,701,AGATAA,3.083984375,871,AGGTGA,3.27734375,871,AGGTGA,3.27734375,663,AGACAG,0.020847029983997345,61,AAATAA,0.033406611531972885,61,AAATAA,0.033406611531972885,False,False,True,-0.0003631114959716797,
15,15,61,head_4,degradation,1.015625,1.0075860023498535,701,AGATAA,3.083984375,871,AGGTGA,3.279296875,871,AGGTGA,3.279296875,663,AGACAG,0.020848436281085014,61,AAATAA,0.033436913043260574,61,AAATAA,0.033436913043260574,False,False,True,0.0004107654094696045,
15,16,61,head_4,degradation,1.0244140625,1.0016580820083618,701,AGATAA,3.08203125,871,AGGTGA,3.279296875,871,AGGTGA,3.279296875,663,AGACAG,0.020864734426140785,61,AAATAA,0.03330462798476219,61,AAATAA,0.03330462798476219,False,False,True,-2.086162567138672e-05,
15,17,61,head_4,degradation,1.0322265625,0.9896331429481506,701,AGATAA,3.078125,871,AGGTGA,3.27734375,871,AGGTGA,3.27734375,663,AGACAG,0.021091967821121216,61,AAATAA,0.03323045372962952,61,AAATAA,0.03323045372962952,False,False,True,-0.000690072774887085,
15,18,61,head_4,degradation,1.0478515625,0.9917376041412354,701,AGATAA,3.078125,871,AGGTGA,3.28125,871,AGGTGA,3.28125,663,AGACAG,0.02120043896138668,61,AAATAA,0.03339167311787605,61,AAATAA,0.03339167311787605,False,False,True,0.0004940330982208252,
15,19,61,head_4,degradation,0.98388671875,1.0545544624328613,701,AGATAA,3.08203125,871,AGGTGA,3.26953125,871,AGGTGA,3.26953125,663,AGACAG,0.02016817033290863,61,AAATAA,0.033933915197849274,61,AAATAA,0.033933915197849274,False,False,True,0.002293705940246582,
15,20,61,head_4,degradation,1.0078125,1.0964784622192383,701,AGATAA,3.0859375,871,AGGTGA,3.279296875,871,AGGTGA,3.279296875,663,AGACAG,0.019726624712347984,61,AAATAA,0.034543201327323914,61,AAATAA,0.034543201327323914,False,False,True,0.001225978136062622,
15,21,61,head_4,degradation,0.97607421875,1.1072254180908203,701,AGATAA,3.087890625,871,AGGTGA,3.2734375,871,AGGTGA,3.2734375,663,AGACAG,0.01965394802391529,61,AAATAA,0.0347398966550827,61,AAATAA,0.0347398966550827,False,False,True,-0.00028708577156066895,
15,22,61,head_4,degradation,1.0400390625,1.0362534523010254,701,AGATAA,3.08984375,871,AGGTGA,3.291015625,871,AGGTGA,3.291015625,663,AGACAG,0.020929884165525436,61,AAATAA,0.03423691168427467,61,AAATAA,0.03423691168427467,False,False,True,-0.0021229684352874756,
15,23,61,head_4,degradation,1.0,0.9668938517570496,701,AGATAA,3.078125,871,AGGTGA,3.26953125,871,AGGTGA,3.26953125,663,AGACAG,0.021546170115470886,61,AAATAA,0.03311469405889511,61,AAATAA,0.03311469405889511,False,False,True,-0.0015061795711517334,
15,24,61,head_4,degradation,0.98388671875,0.9475185871124268,701,AGATAA,3.076171875,871,AGGTGA,3.263671875,871,AGGTGA,3.263671875,663,AGACAG,0.021598320454359055,61,AAATAA,0.03268120065331459,61,AAATAA,0.03268120065331459,False,False,True,-0.0013931989669799805,
15,25,61,head_4,degradation,0.9599609375,0.9873719811439514,701,AGATAA,3.08203125,871,AGGTGA,3.263671875,871,AGGTGA,3.263671875,663,AGACAG,0.020822744816541672,61,AAATAA,0.03290455415844917,61,AAATAA,0.03290455415844917,False,False,True,-0.0014528334140777588,
15,26,61,head_4,degradation,0.97607421875,1.0324078798294067,701,AGATAA,3.087890625,871,AGGTGA,3.2734375,871,AGGTGA,3.2734375,663,AGACAG,0.020706698298454285,61,AAATAA,0.03391733765602112,61,AAATAA,0.03391733765602112,False,False,True,-0.000787883996963501,
15,27,61,head_4,degradation,0.9677734375,1.042519211769104,701,AGATAA,3.095703125,871,AGGTGA,3.279296875,871,AGGTGA,3.279296875,663,AGACAG,0.0209420807659626,61,AAATAA,0.034406162798404694,61,AAATAA,0.034406162798404694,False,False,True,-0.0009490549564361572,
15,28,61,head_4,degradation,0.94384765625,1.0517046451568604,701,AGATAA,3.1015625,871,AGGTGA,3.279296875,871,AGGTGA,3.279296875,663,AGACAG,0.021150706335902214,61,AAATAA,0.034845020622015,61,AAATAA,0.034845020622015,False,False,True,-0.0010034441947937012,
15,29,61,head_4,degradation,1.015625,0.9966132044792175,701,AGATAA,3.09765625,871,AGGTGA,3.29296875,871,AGGTGA,3.29296875,663,AGACAG,0.02108422853052616,61,AAATAA,0.03339767083525658,61,AAATAA,0.03339767083525658,False,False,True,-0.0009967982769012451,
15,30,61,head_4,degradation,1.0400390625,0.9979672431945801,701,AGATAA,3.087890625,871,AGGTGA,3.2890625,871,AGGTGA,3.2890625,663,AGACAG,0.02082429826259613,61,AAATAA,0.03317167982459068,61,AAATAA,0.03317167982459068,False,False,True,-0.0008113682270050049,
15,31,61,head_4,degradation,1.103515625,0.9409334659576416,701,AGATAA,3.06640625,871,AGGTGA,3.283203125,871,AGGTGA,3.283203125,663,AGACAG,0.021536797285079956,61,AAATAA,0.03245462104678154,61,AAATAA,0.03245462104678154,False,False,True,6.914138793945312e-05,
15,32,61,head_4,degradation,1.0478515625,0.9628961682319641,701,AGATAA,3.0625,871,AGGTGA,3.265625,871,AGGTGA,3.265625,663,AGACAG,0.021585412323474884,61,AAATAA,0.03305373340845108,61,AAATAA,0.03305373340845108,False,False,True,4.309415817260742e-05,
16,0,61,head_4,degradation,0.9921875,0.999546468257904,701,AGATAA,3.08203125,871,AGGTGA,3.271484375,871,AGGTGA,3.271484375,663,AGACAG,0.021135719493031502,61,AAATAA,0.03352268412709236,61,AAATAA,0.03352268412709236,False,False,True,-6.696581840515137e-05,
16,1,61,head_4,degradation,0.9921875,1.002379298210144,701,AGATAA,3.08203125,871,AGGTGA,3.271484375,871,AGGTGA,3.271484375,663,AGACAG,0.02117898315191269,61,AAATAA,0.03363695368170738,61,AAATAA,0.03363695368170738,False,False,True,-0.00029724836349487305,
16,2,61,head_4,degradation,1.0078125,1.0018426179885864,701,AGATAA,3.078125,871,AGGTGA,3.271484375,871,AGGTGA,3.271484375,663,AGACAG,0.02113434486091137,61,AAATAA,0.03357886150479317,61,AAATAA,0.03357886150479317,False,False,True,-0.00023663043975830078,
16,3,61,head_4,degradation,0.97607421875,0.9979957342147827,701,AGATAA,3.083984375,871,AGGTGA,3.26953125,871,AGGTGA,3.26953125,663,AGACAG,0.021280797198414803,61,AAATAA,0.03362889215350151,61,AAATAA,0.03362889215350151,False,False,True,-0.00016552209854125977,
16,4,61,head_4,degradation,0.97607421875,1.0017565488815308,701,AGATAA,3.083984375,871,AGGTGA,3.26953125,871,AGGTGA,3.26953125,663,AGACAG,0.021206600591540337,61,AAATAA,0.033648960292339325,61,AAATAA,0.033648960292339325,False,False,True,4.1037797927856445e-05,
16,5,61,head_4,degradation,0.97607421875,1.0035227537155151,701,AGATAA,3.083984375,871,AGGTGA,3.26953125,871,AGGTGA,3.26953125,663,AGACAG,0.021187540143728256,61,AAATAA,0.03367416933178902,61,AAATAA,0.03367416933178902,False,False,True,0.0002779960632324219,
16,6,61,head_4,degradation,1.015625,1.0011816024780273,701,AGATAA,3.078125,871,AGGTGA,3.2734375,871,AGGTGA,3.2734375,663,AGACAG,0.02108623832464218,61,AAATAA,0.03351418673992157,61,AAATAA,0.03351418673992157,False,False,True,1.7523765563964844e-05,
16,7,61,head_4,degradation,1.0078125,0.9991178512573242,701,AGATAA,3.078125,871,AGGTGA,3.271484375,871,AGGTGA,3.271484375,663,AGACAG,0.021145330742001534,61,AAATAA,0.03352155163884163,61,AAATAA,0.03352155163884163,False,False,True,-2.6464462280273438e-05,
16,8,61,head_4,degradation,0.9921875,1.002644658088684,701,AGATAA,3.08203125,871,AGGTGA,3.271484375,871,AGGTGA,3.271484375,663,AGACAG,0.021090280264616013,61,AAATAA,0.03355490043759346,61,AAATAA,0.03355490043759346,False,False,True,-0.00028255581855773926,
16,9,61,head_4,degradation,1.0078125,0.9989510774612427,701,AGATAA,3.078125,871,AGGTGA,3.271484375,871,AGGTGA,3.271484375,663,AGACAG,0.021079784259200096,61,AAATAA,0.03345182538032532,61,AAATAA,0.03345182538032532,False,False,True,-0.00012025237083435059,
16,10,61,head_4,degradation,1.0078125,0.9997687339782715,701,AGATAA,3.078125,871,AGGTGA,3.271484375,871,AGGTGA,3.271484375,663,AGACAG,0.021070346236228943,61,AAATAA,0.03346288204193115,61,AAATAA,0.03346288204193115,False,False,True,-0.0003451406955718994,
16,11,61,head_4,degradation,1.0,0.9959012269973755,701,AGATAA,3.078125,871,AGGTGA,3.26953125,871,AGGTGA,3.26953125,663,AGACAG,0.021112188696861267,61,AAATAA,0.0334077849984169,61,AAATAA,0.0334077849984169,False,False,True,-0.0002937912940979004,
16,12,61,head_4,degradation,1.0,1.003726601600647,701,AGATAA,3.078125,871,AGGTGA,3.26953125,871,AGGTGA,3.26953125,663,AGACAG,0.02109023556113243,61,AAATAA,0.03358197584748268,61,AAATAA,0.03358197584748268,False,False,True,-0.0004299283027648926,
16,13,61,head_4,degradation,1.0078125,1.0036565065383911,701,AGATAA,3.078125,871,AGGTGA,3.271484375,871,AGGTGA,3.271484375,663,AGACAG,0.021108049899339676,61,AAATAA,0.03359803184866905,61,AAATAA,0.03359803184866905,False,False,True,-0.0004960298538208008,
16,14,61,head_4,degradation,1.0078125,1.0017155408859253,701,AGATAA,3.078125,871,AGGTGA,3.271484375,871,AGGTGA,3.271484375,663,AGACAG,0.02112111821770668,61,AAATAA,0.03356245160102844,61,AAATAA,0.03356245160102844,False,False,True,-0.0005106031894683838,
16,15,61,head_4,degradation,1.0,0.9970868229866028,701,AGATAA,3.078125,871,AGGTGA,3.26953125,871,AGGTGA,3.26953125,663,AGACAG,0.021205391734838486,61,AAATAA,0.03353070467710495,61,AAATAA,0.03353070467710495,False,False,True,-0.00037536025047302246,
16,16,61,head_4,degradation,1.0,1.0007413625717163,701,AGATAA,3.078125,871,AGGTGA,3.26953125,871,AGGTGA,3.26953125,663,AGACAG,0.021156245842576027,61,AAATAA,0.03357316181063652,61,AAATAA,0.03357316181063652,False,False,True,0.002752959728240967,
16,17,61,head_4,degradation,0.98388671875,1.002686858177185,701,AGATAA,3.08203125,871,AGGTGA,3.26953125,871,AGGTGA,3.26953125,663,AGACAG,0.021129382774233818,61,AAATAA,0.03359506279230118,61,AAATAA,0.03359506279230118,False,False,True,-0.0036057233810424805,
16,18,61,head_4,degradation,0.9677734375,1.1850764751434326,701,AGATAA,3.09765625,871,AGGTGA,3.28125,871,AGGTGA,3.28125,663,AGACAG,0.019236864522099495,61,AAATAA,0.03627415746450424,61,AAATAA,0.03627415746450424,False,False,True,0.0024479031562805176,
16,19,61,head_4,degradation,1.072265625,1.1683405637741089,701,AGATAA,3.083984375,871,AGGTGA,3.29296875,871,AGGTGA,3.29296875,663,AGACAG,0.02046782709658146,61,AAATAA,0.0370856337249279,61,AAATAA,0.0370856337249279,False,False,True,0.000379413366317749,
16,20,61,head_4,degradation,1.087890625,1.1681963205337524,701,AGATAA,3.083984375,871,AGGTGA,3.296875,871,AGGTGA,3.296875,663,AGACAG,0.02063097059726715,61,AAATAA,0.03724516183137894,61,AAATAA,0.03724516183137894,False,False,True,0.005257278680801392,
16,21,61,head_4,degradation,1.103515625,0.9949119091033936,701,AGATAA,3.06640625,871,AGGTGA,3.283203125,871,AGGTGA,3.283203125,663,AGACAG,0.022374475374817848,61,AAATAA,0.03464527428150177,61,AAATAA,0.03464527428150177,False,False,True,-0.00015488266944885254,
16,22,61,head_4,degradation,0.9921875,1.0057094097137451,701,AGATAA,3.08203125,871,AGGTGA,3.271484375,871,AGGTGA,3.271484375,663,AGACAG,0.021025601774454117,61,AAATAA,0.03356704115867615,61,AAATAA,0.03356704115867615,False,False,True,-0.0008373558521270752,
16,23,61,head_4,degradation,1.015625,0.995819628238678,701,AGATAA,3.076171875,871,AGGTGA,3.271484375,871,AGGTGA,3.271484375,663,AGACAG,0.020967677235603333,61,AAATAA,0.03326122835278511,61,AAATAA,0.03326122835278511,False,False,True,-8.64267349243164e-06,
16,24,61,head_4,degradation,1.015625,0.9976488351821899,701,AGATAA,3.078125,871,AGGTGA,3.2734375,871,AGGTGA,3.2734375,663,AGACAG,0.02097741700708866,61,AAATAA,0.03331681713461876,61,AAATAA,0.03331681713461876,False,False,True,0.00013300776481628418,
16,25,61,head_4,degradation,1.015625,0.9879894852638245,701,AGATAA,3.078125,871,AGGTGA,3.2734375,871,AGGTGA,3.2734375,663,AGACAG,0.021171409636735916,61,AAATAA,0.03326869755983353,61,AAATAA,0.03326869755983353,False,False,True,0.00011882185935974121,
16,26,61,head_4,degradation,0.97607421875,1.0003547668457031,701,AGATAA,3.083984375,871,AGGTGA,3.26953125,871,AGGTGA,3.26953125,663,AGACAG,0.021132752299308777,61,AAATAA,0.03353997692465782,61,AAATAA,0.03353997692465782,False,False,True,0.00014764070510864258,
16,27,61,head_4,degradation,0.9599609375,0.9858960509300232,701,AGATAA,3.08203125,871,AGGTGA,3.263671875,871,AGGTGA,3.263671875,663,AGACAG,0.021086661145091057,61,AAATAA,0.03313147649168968,61,AAATAA,0.03313147649168968,False,False,True,-0.0008034408092498779,
16,28,61,head_4,degradation,0.98388671875,1.0216608047485352,701,AGATAA,3.076171875,871,AGGTGA,3.263671875,871,AGGTGA,3.263671875,663,AGACAG,0.020845811814069748,61,AAATAA,0.0337870754301548,61,AAATAA,0.0337870754301548,False,False,True,-0.0008890926837921143,
16,29,61,head_4,degradation,1.1435546875,1.0084636211395264,701,AGATAA,3.04296875,871,AGGTGA,3.26953125,871,AGGTGA,3.26953125,663,AGACAG,0.021228834986686707,61,AAATAA,0.033839307725429535,61,AAATAA,0.033839307725429535,False,False,True,-0.0006993710994720459,
16,30,61,head_4,degradation,1.15234375,1.029319405555725,701,AGATAA,3.04296875,871,AGGTGA,3.271484375,871,AGGTGA,3.271484375,663,AGACAG,0.02130846492946148,61,AAATAA,0.034441690891981125,61,AAATAA,0.034441690891981125,False,False,True,-7.557868957519531e-05,
16,31,61,head_4,degradation,1.1357421875,1.0292882919311523,701,AGATAA,3.0546875,871,AGGTGA,3.279296875,871,AGGTGA,3.279296875,663,AGACAG,0.021066416054964066,61,AAATAA,0.034198861569166183,61,AAATAA,0.034198861569166183,False,False,True,3.123283386230469e-05,
16,32,61,head_4,degradation,1.0078125,1.0543845891952515,701,AGATAA,3.0859375,871,AGGTGA,3.279296875,871,AGGTGA,3.279296875,663,AGACAG,0.02070971392095089,61,AAATAA,0.03447120264172554,61,AAATAA,0.03447120264172554,False,False,True,6.0111284255981445e-05,
17,0,61,head_4,degradation,1.0,0.9999815821647644,701,AGATAA,3.078125,871,AGGTGA,3.26953125,871,AGGTGA,3.26953125,663,AGACAG,0.02109767124056816,61,AAATAA,0.03349554166197777,61,AAATAA,0.03349554166197777,False,False,True,-5.221366882324219e-05,
17,1,61,head_4,degradation,1.0,0.9999938607215881,701,AGATAA,3.078125,871,AGGTGA,3.26953125,871,AGGTGA,3.26953125,663,AGACAG,0.021097326651215553,61,AAATAA,0.03349550440907478,61,AAATAA,0.03349550440907478,False,False,True,-0.0002168118953704834,
17,2,61,head_4,degradation,1.0,1.0000214576721191,701,AGATAA,3.078125,871,AGGTGA,3.26953125,871,AGGTGA,3.26953125,663,AGACAG,0.021096762269735336,61,AAATAA,0.03349563106894493,61,AAATAA,0.03349563106894493,False,False,True,-0.0003539919853210449,
17,3,61,head_4,degradation,1.0,1.0000207424163818,701,AGATAA,3.078125,871,AGGTGA,3.26953125,871,AGGTGA,3.26953125,663,AGACAG,0.0210967306047678,61,AAATAA,0.03349558264017105,61,AAATAA,0.03349558264017105,False,False,True,-0.0006532669067382812,
17,4,61,head_4,degradation,1.0,1.0000216960906982,701,AGATAA,3.078125,871,AGGTGA,3.26953125,871,AGGTGA,3.26953125,663,AGACAG,0.02109677344560623,61,AAATAA,0.03349564969539642,61,AAATAA,0.03349564969539642,False,False,True,-0.0005548000335693359,
17,5,61,head_4,degradation,1.0,0.9999805092811584,701,AGATAA,3.078125,871,AGGTGA,3.26953125,871,AGGTGA,3.26953125,663,AGACAG,0.02109762281179428,61,AAATAA,0.0334954671561718,61,AAATAA,0.0334954671561718,False,False,True,-0.0005138516426086426,
17,6,61,head_4,degradation,1.0,1.0000042915344238,701,AGATAA,3.078125,871,AGGTGA,3.26953125,871,AGGTGA,3.26953125,663,AGACAG,0.02109777182340622,61,AAATAA,0.03349621221423149,61,AAATAA,0.03349621221423149,False,False,True,-0.00018012523651123047,
17,7,61,head_4,degradation,1.0,0.9999822378158569,701,AGATAA,3.078125,871,AGGTGA,3.26953125,871,AGGTGA,3.26953125,663,AGACAG,0.02109857089817524,61,AAATAA,0.03349645808339119,61,AAATAA,0.03349645808339119,False,False,True,-0.00019368529319763184,
17,8,61,head_4,degradation,1.0,1.0000014305114746,701,AGATAA,3.078125,871,AGGTGA,3.26953125,871,AGGTGA,3.26953125,663,AGACAG,0.02109764702618122,61,AAATAA,0.03349601477384567,61,AAATAA,0.03349601477384567,False,False,True,-0.00013646483421325684,
17,9,61,head_4,degradation,1.0,1.0000076293945312,701,AGATAA,3.078125,871,AGGTGA,3.26953125,871,AGGTGA,3.26953125,663,AGACAG,0.021097050979733467,61,AAATAA,0.033495575189590454,61,AAATAA,0.033495575189590454,False,False,True,-0.0002840757369995117,
17,10,61,head_4,degradation,1.0,1.0000275373458862,701,AGATAA,3.078125,871,AGGTGA,3.26953125,871,AGGTGA,3.26953125,663,AGACAG,0.021096156910061836,61,AAATAA,0.03349518030881882,61,AAATAA,0.03349518030881882,False,False,True,-0.00024649500846862793,
17,11,61,head_4,degradation,1.0,1.0000855922698975,701,AGATAA,3.078125,871,AGGTGA,3.26953125,871,AGGTGA,3.26953125,663,AGACAG,0.021094275638461113,61,AAATAA,0.033494751900434494,61,AAATAA,0.033494751900434494,False,False,True,-0.0002130568027496338,
17,12,61,head_4,degradation,1.0,1.000165343284607,701,AGATAA,3.078125,871,AGGTGA,3.26953125,871,AGGTGA,3.26953125,663,AGACAG,0.021091600880026817,61,AAATAA,0.03349407762289047,61,AAATAA,0.03349407762289047,False,False,True,-0.0001341104507446289,
17,13,61,head_4,degradation,1.0,1.0002360343933105,701,AGATAA,3.078125,871,AGGTGA,3.26953125,871,AGGTGA,3.26953125,663,AGACAG,0.021088527515530586,61,AAATAA,0.03349277749657631,61,AAATAA,0.03349277749657631,False,False,True,-9.012222290039062e-05,
17,14,61,head_4,degradation,1.0,1.0000989437103271,701,AGATAA,3.078125,871,AGGTGA,3.26953125,871,AGGTGA,3.26953125,663,AGACAG,0.021093981340527534,61,AAATAA,0.03349479287862778,61,AAATAA,0.03349479287862778,False,False,True,-0.000197678804397583,
17,15,61,head_4,degradation,1.0,1.000012755393982,701,AGATAA,3.078125,871,AGGTGA,3.26953125,871,AGGTGA,3.26953125,663,AGACAG,0.02109639160335064,61,AAATAA,0.033495042473077774,61,AAATAA,0.033495042473077774,False,False,True,1.385807991027832e-05,
17,16,61,head_4,degradation,1.0,1.0000547170639038,701,AGATAA,3.078125,871,AGGTGA,3.26953125,871,AGGTGA,3.26953125,663,AGACAG,0.021094705909490585,61,AAATAA,0.033494409173727036,61,AAATAA,0.033494409173727036,False,False,True,-0.0009116530418395996,
17,17,61,head_4,degradation,1.0,1.000474452972412,701,AGATAA,3.078125,871,AGGTGA,3.26953125,871,AGGTGA,3.26953125,663,AGACAG,0.021080445498228073,61,AAATAA,0.03349066898226738,61,AAATAA,0.03349066898226738,False,False,True,-0.0017095208168029785,
17,18,61,head_4,degradation,1.0,1.0032703876495361,701,AGATAA,3.078125,871,AGGTGA,3.26953125,871,AGGTGA,3.26953125,663,AGACAG,0.02097534015774727,61,AAATAA,0.03345564380288124,61,AAATAA,0.03345564380288124,False,False,True,-0.0008700788021087646,
17,19,61,head_4,degradation,1.0,1.004160761833191,701,AGATAA,3.078125,871,AGGTGA,3.26953125,871,AGGTGA,3.26953125,663,AGACAG,0.020942561328411102,61,AAATAA,0.03344518318772316,61,AAATAA,0.03344518318772316,False,False,True,-0.0016973018646240234,
17,20,61,head_4,degradation,1.0,1.004741907119751,701,AGATAA,3.078125,871,AGGTGA,3.26953125,871,AGGTGA,3.26953125,663,AGACAG,0.020911451429128647,61,AAATAA,0.03342863917350769,61,AAATAA,0.03342863917350769,False,False,True,-0.0008834898471832275,
17,21,61,head_4,degradation,1.0,1.0040146112442017,701,AGATAA,3.078125,871,AGGTGA,3.26953125,871,AGGTGA,3.26953125,663,AGACAG,0.02095096930861473,61,AAATAA,0.0334499292075634,61,AAATAA,0.0334499292075634,False,False,True,-0.001858830451965332,
17,22,61,head_4,degradation,1.0,1.0100444555282593,701,AGATAA,3.078125,871,AGGTGA,3.26953125,871,AGGTGA,3.26953125,663,AGACAG,0.020723246037960052,61,AAATAA,0.03337334468960762,61,AAATAA,0.03337334468960762,False,False,True,-0.00012344121932983398,
17,23,61,head_4,degradation,1.0,1.0066382884979248,701,AGATAA,3.078125,871,AGGTGA,3.26953125,871,AGGTGA,3.26953125,663,AGACAG,0.020772039890289307,61,AAATAA,0.033336762338876724,61,AAATAA,0.033336762338876724,False,False,True,-8.875131607055664e-05,
17,24,61,head_4,degradation,1.0,1.0017778873443604,701,AGATAA,3.078125,871,AGGTGA,3.26953125,871,AGGTGA,3.26953125,663,AGACAG,0.020747585222125053,61,AAATAA,0.03319048136472702,61,AAATAA,0.03319048136472702,False,False,True,-0.0001919567584991455,
17,25,61,head_4,degradation,1.0,1.011044979095459,701,AGATAA,3.078125,871,AGGTGA,3.26953125,871,AGGTGA,3.26953125,663,AGACAG,0.020842302590608597,61,AAATAA,0.03351747989654541,61,AAATAA,0.03351747989654541,False,False,True,-0.0002911686897277832,
17,26,61,head_4,degradation,1.0,1.012000560760498,701,AGATAA,3.078125,871,AGGTGA,3.26953125,871,AGGTGA,3.26953125,663,AGACAG,0.02094419300556183,61,AAATAA,0.033643320202827454,61,AAATAA,0.033643320202827454,False,False,True,-0.0005306601524353027,
17,27,61,head_4,degradation,1.0,0.9648802280426025,701,AGATAA,3.078125,871,AGGTGA,3.26953125,871,AGGTGA,3.26953125,663,AGACAG,0.02131052128970623,61,AAATAA,0.032828573137521744,61,AAATAA,0.032828573137521744,False,False,True,-0.00046199560165405273,
17,28,61,head_4,degradation,1.0,0.9677501916885376,701,AGATAA,3.078125,871,AGGTGA,3.26953125,871,AGGTGA,3.26953125,663,AGACAG,0.020525095984339714,61,AAATAA,0.03211508318781853,61,AAATAA,0.03211508318781853,False,False,True,-0.000417172908782959,
17,29,61,head_4,degradation,0.88818359375,0.9907199740409851,701,AGATAA,3.08984375,871,AGGTGA,3.25390625,871,AGGTGA,3.25390625,663,AGACAG,0.020706044510006905,61,AAATAA,0.03287177160382271,61,AAATAA,0.03287177160382271,False,False,True,-0.0002117455005645752,
17,30,61,head_4,degradation,0.88818359375,1.0456286668777466,701,AGATAA,3.08984375,871,AGGTGA,3.25390625,871,AGGTGA,3.25390625,663,AGACAG,0.020497607067227364,61,AAATAA,0.03403962776064873,61,AAATAA,0.03403962776064873,False,False,True,-0.0001494288444519043,
17,31,61,head_4,degradation,0.88818359375,1.0108928680419922,701,AGATAA,3.08984375,871,AGGTGA,3.25390625,871,AGGTGA,3.25390625,663,AGACAG,0.021697998046875,61,AAATAA,0.03436936065554619,61,AAATAA,0.03436936065554619,False,False,True,-2.0444393157958984e-05,
17,32,61,head_4,degradation,1.0,0.9601176977157593,701,AGATAA,3.078125,871,AGGTGA,3.26953125,871,AGGTGA,3.26953125,663,AGACAG,0.021625282242894173,61,AAATAA,0.03302396088838577,61,AAATAA,0.03302396088838577,False,False,True,-6.556510925292969e-07,
