Layer,Time_Offset,Target_Timestep,Component,Metric_Mode,Logit_Score,Posteriors_Score,Target_Transition_Prior,Target_String_Prior,Target_Logit,Wrong_Transition_Prior,Wrong_String_Prior,Wrong_Logit,Actual_Argmax_Prior,Actual_String_Prior,Actual_Argmax_Logit,Target_Transition_Post,Target_String_Post,Target_Prob,Wrong_Transition_Post,Wrong_String_Post,Wrong_Prob,Actual_Transition_Post,actual_String_Post,actual_Prob,Is_Target_Logit_Argmax,Is_Target_Prob_Argmax,Should_Decode,Global_MSE_Change,New_String
0,0,52,head_0,degradation,1.001953125,0.9976658225059509,659,AGAATT,2.966796875,771,AGCGGA,3.552734375,771,AGCGGA,3.552734375,659,AGAATT,2.168335413443856e-05,771,AGCGGA,0.0015947794308885932,3291,GGCAGA,0.3470911681652069,False,False,True,0.00022134184837341309,
0,1,52,head_0,degradation,0.99658203125,0.990990161895752,659,AGAATT,2.96484375,771,AGCGGA,3.544921875,771,AGCGGA,3.544921875,659,AGAATT,2.1868196199648082e-05,771,AGCGGA,0.001587654696777463,3291,GGCAGA,0.3444770872592926,False,False,True,0.0004621446132659912,
0,2,52,head_0,degradation,1.0,0.9793994426727295,659,AGAATT,2.966796875,771,AGCGGA,3.55078125,771,AGCGGA,3.55078125,659,AGAATT,2.15866257349262e-05,771,AGCGGA,0.0015746819553896785,3291,GGCAGA,0.3455473780632019,False,False,True,5.7131052017211914e-05,
0,3,52,head_0,degradation,0.99658203125,0.9944162368774414,659,AGAATT,2.966796875,771,AGCGGA,3.546875,771,AGCGGA,3.546875,659,AGAATT,2.1765861674793996e-05,771,AGCGGA,0.0015913037350401282,3291,GGCAGA,0.34431132674217224,False,False,True,0.0004665255546569824,
0,4,52,head_0,degradation,0.9951171875,0.9824146032333374,659,AGAATT,2.96875,771,AGCGGA,3.546875,771,AGCGGA,3.546875,659,AGAATT,2.1825373551109806e-05,771,AGCGGA,0.0015782221453264356,3291,GGCAGA,0.3474728763103485,False,False,True,0.0003902912139892578,
0,5,52,head_0,degradation,1.001953125,0.9921340942382812,659,AGAATT,2.96875,771,AGCGGA,3.5546875,771,AGCGGA,3.5546875,659,AGAATT,2.1616608137264848e-05,771,AGCGGA,0.001588655635714531,3291,GGCAGA,0.34657177329063416,False,False,True,0.0001958310604095459,
0,6,52,head_0,degradation,1.0078125,0.9980069398880005,659,AGAATT,2.9609375,771,AGCGGA,3.5546875,771,AGCGGA,3.5546875,659,AGAATT,2.1760381059721112e-05,771,AGCGGA,0.0015952298417687416,3291,GGCAGA,0.34455567598342896,False,False,True,0.000621795654296875,
0,7,52,head_0,degradation,1.001953125,0.9889236092567444,659,AGAATT,2.966796875,771,AGCGGA,3.552734375,771,AGCGGA,3.552734375,659,AGAATT,2.159717223548796e-05,771,AGCGGA,0.0015851209172978997,3291,GGCAGA,0.34487321972846985,False,False,True,0.00021183490753173828,
0,8,52,head_0,degradation,1.0,0.9893332123756409,659,AGAATT,2.966796875,771,AGCGGA,3.55078125,771,AGCGGA,3.55078125,659,AGAATT,2.1698104319511913e-05,771,AGCGGA,0.001585670281201601,3291,GGCAGA,0.3464117646217346,False,False,True,0.0004700124263763428,
0,9,52,head_0,degradation,1.0029296875,0.9790506958961487,659,AGAATT,2.96484375,771,AGCGGA,3.552734375,771,AGCGGA,3.552734375,659,AGAATT,2.170247353205923e-05,771,AGCGGA,0.001574415946379304,3291,GGCAGA,0.34582653641700745,False,False,True,0.000566333532333374,
0,10,52,head_0,degradation,1.001953125,0.9818246364593506,659,AGAATT,2.966796875,771,AGCGGA,3.552734375,771,AGCGGA,3.552734375,659,AGAATT,2.1564081180258654e-05,771,AGCGGA,0.0015773148043081164,3291,GGCAGA,0.3474957346916199,False,False,True,0.0003655552864074707,
0,11,52,head_0,degradation,1.001953125,0.9983060956001282,659,AGAATT,2.966796875,771,AGCGGA,3.552734375,771,AGCGGA,3.552734375,659,AGAATT,2.167457205359824e-05,771,AGCGGA,0.0015954716363921762,3291,GGCAGA,0.34552934765815735,False,False,True,0.0004971027374267578,
0,12,52,head_0,degradation,1.0029296875,0.986990749835968,659,AGAATT,2.96484375,771,AGCGGA,3.552734375,771,AGCGGA,3.552734375,659,AGAATT,2.1533958715735935e-05,771,AGCGGA,0.001582941273227334,3291,GGCAGA,0.3472802937030792,False,False,True,0.00030878186225891113,
0,13,52,head_0,degradation,0.9951171875,0.9666066765785217,659,AGAATT,2.96875,771,AGCGGA,3.546875,771,AGCGGA,3.546875,659,AGAATT,2.1587098672171123e-05,771,AGCGGA,0.0015606749802827835,3291,GGCAGA,0.34712448716163635,False,False,True,0.00039651989936828613,
0,14,52,head_0,degradation,0.9951171875,0.9815199971199036,659,AGAATT,2.96875,771,AGCGGA,3.546875,771,AGCGGA,3.546875,659,AGAATT,2.170531115552876e-05,771,AGCGGA,0.0015771224861964583,3291,GGCAGA,0.3471248149871826,False,False,True,0.00013425946235656738,
0,15,52,head_0,degradation,0.9951171875,0.9695204496383667,659,AGAATT,2.96484375,771,AGCGGA,3.54296875,771,AGCGGA,3.54296875,659,AGAATT,2.1713951355195604e-05,771,AGCGGA,0.001563992234878242,3291,GGCAGA,0.3472842574119568,False,False,True,-0.0002447962760925293,
0,16,52,head_0,degradation,0.99853515625,0.9856376051902771,659,AGAATT,2.9609375,771,AGCGGA,3.54296875,771,AGCGGA,3.54296875,659,AGAATT,2.1587849914794788e-05,771,AGCGGA,0.0015815135557204485,3291,GGCAGA,0.3446454107761383,False,False,True,0.00022983551025390625,
0,17,52,head_0,degradation,1.0,0.9596220254898071,659,AGAATT,2.966796875,771,AGCGGA,3.55078125,771,AGCGGA,3.55078125,659,AGAATT,2.1514126274269074e-05,771,AGCGGA,0.0015529541997238994,3291,GGCAGA,0.34908437728881836,False,False,True,0.00012826919555664062,
0,18,52,head_0,degradation,0.9951171875,0.9714226722717285,659,AGAATT,2.96875,771,AGCGGA,3.546875,771,AGCGGA,3.546875,659,AGAATT,2.1551091776927933e-05,771,AGCGGA,0.0015659121563658118,3291,GGCAGA,0.3472704589366913,False,False,True,8.535385131835938e-05,
0,19,52,head_0,degradation,0.99658203125,0.964265763759613,659,AGAATT,2.966796875,771,AGCGGA,3.546875,771,AGCGGA,3.546875,659,AGAATT,2.1642019419232383e-05,771,AGCGGA,0.0015581668121740222,3291,GGCAGA,0.3467676341533661,False,False,True,0.0005213916301727295,
0,20,52,head_0,degradation,1.001953125,0.9874323010444641,659,AGAATT,2.9609375,771,AGCGGA,3.546875,771,AGCGGA,3.546875,659,AGAATT,2.164914803870488e-05,771,AGCGGA,0.00158353999722749,3291,GGCAGA,0.34569305181503296,False,False,True,0.0004917681217193604,
0,21,52,head_0,degradation,0.9951171875,0.9858835935592651,659,AGAATT,2.9765625,771,AGCGGA,3.5546875,771,AGCGGA,3.5546875,659,AGAATT,2.1848180040251464e-05,771,AGCGGA,0.001582043245434761,3291,GGCAGA,0.3479476273059845,False,False,True,-3.1054019927978516e-05,
0,22,52,head_0,degradation,1.0078125,1.000578761100769,659,AGAATT,2.958984375,771,AGCGGA,3.552734375,771,AGCGGA,3.552734375,659,AGAATT,2.1569981981883757e-05,771,AGCGGA,0.0015978554729372263,3291,GGCAGA,0.34570255875587463,False,False,True,0.0002738833427429199,
0,23,52,head_0,degradation,1.009765625,1.0146565437316895,659,AGAATT,2.966796875,771,AGCGGA,3.5625,771,AGCGGA,3.5625,659,AGAATT,2.162312921427656e-05,771,AGCGGA,0.001613322994671762,3291,GGCAGA,0.34750258922576904,False,False,True,0.000514596700668335,
0,24,52,head_0,degradation,1.0078125,1.0089499950408936,659,AGAATT,2.96484375,771,AGCGGA,3.55859375,771,AGCGGA,3.55859375,659,AGAATT,2.159362702514045e-05,771,AGCGGA,0.0016070451820269227,3291,GGCAGA,0.34713947772979736,False,False,True,4.0650367736816406e-05,
0,25,52,head_0,degradation,1.001953125,0.9958275556564331,659,AGAATT,2.96484375,771,AGCGGA,3.55078125,771,AGCGGA,3.55078125,659,AGAATT,2.1787956939078867e-05,771,AGCGGA,0.001592871150933206,3291,GGCAGA,0.3464801609516144,False,False,True,0.0003565549850463867,
0,26,52,head_0,degradation,0.99853515625,0.9909113049507141,659,AGAATT,2.9609375,771,AGCGGA,3.54296875,771,AGCGGA,3.54296875,659,AGAATT,2.178935392294079e-05,771,AGCGGA,0.0015874895034357905,3291,GGCAGA,0.34642836451530457,False,False,True,8.928775787353516e-05,
0,27,52,head_0,degradation,1.0029296875,0.9948492050170898,659,AGAATT,2.95703125,771,AGCGGA,3.544921875,771,AGCGGA,3.544921875,659,AGAATT,2.1894316887483e-05,771,AGCGGA,0.0015919063007459044,3291,GGCAGA,0.344068706035614,False,False,True,0.0003343820571899414,
0,28,52,head_0,degradation,1.0048828125,0.9902082085609436,659,AGAATT,2.9609375,771,AGCGGA,3.55078125,771,AGCGGA,3.55078125,659,AGAATT,2.1775611457997002e-05,771,AGCGGA,0.0015867059119045734,3291,GGCAGA,0.3450864255428314,False,False,True,0.00018650293350219727,
0,29,52,head_0,degradation,0.9951171875,0.9510369896888733,659,AGAATT,2.97265625,771,AGCGGA,3.55078125,771,AGCGGA,3.55078125,659,AGAATT,2.1429807020467706e-05,771,AGCGGA,0.0015434697270393372,3291,GGCAGA,0.35027170181274414,False,False,True,0.00048038363456726074,
0,30,52,head_0,degradation,1.0048828125,0.9984925985336304,659,AGAATT,2.96484375,771,AGCGGA,3.5546875,771,AGCGGA,3.5546875,659,AGAATT,2.172469612560235e-05,771,AGCGGA,0.001595726003870368,3291,GGCAGA,0.34601181745529175,False,False,True,0.0005978643894195557,
0,31,52,head_0,degradation,0.99853515625,0.9999356865882874,659,AGAATT,2.96484375,771,AGCGGA,3.546875,771,AGCGGA,3.546875,659,AGAATT,2.1795978682348505e-05,771,AGCGGA,0.001597377355210483,3291,GGCAGA,0.34305617213249207,False,False,True,0.0005828142166137695,
0,32,52,head_0,degradation,1.001953125,0.9979677796363831,659,AGAATT,2.96484375,771,AGCGGA,3.55078125,771,AGCGGA,3.55078125,659,AGAATT,2.1699981516576372e-05,771,AGCGGA,0.0015951265813782811,3291,GGCAGA,0.3437666594982147,False,False,True,0.0003243684768676758,
1,0,52,head_0,degradation,1.0068359375,1.00311279296875,659,AGAATT,2.9609375,771,AGCGGA,3.552734375,771,AGCGGA,3.552734375,659,AGAATT,2.172282984247431e-05,771,AGCGGA,0.00160078308545053,3291,GGCAGA,0.34320056438446045,False,False,True,0.00035700201988220215,
1,1,52,head_0,degradation,1.009765625,1.002028465270996,659,AGAATT,2.9609375,771,AGCGGA,3.556640625,771,AGCGGA,3.556640625,659,AGAATT,2.1548676159000024e-05,771,AGCGGA,0.001599421608261764,3291,GGCAGA,0.34420350193977356,False,False,True,0.00015059113502502441,
1,2,52,head_0,degradation,1.001953125,1.0034853219985962,659,AGAATT,2.96875,771,AGCGGA,3.5546875,771,AGCGGA,3.5546875,659,AGAATT,2.1744568584836088e-05,771,AGCGGA,0.0016012125415727496,3291,GGCAGA,0.34756195545196533,False,False,True,0.0003077089786529541,
1,3,52,head_0,degradation,0.99365234375,0.9875473380088806,659,AGAATT,2.970703125,771,AGCGGA,3.546875,771,AGCGGA,3.546875,659,AGAATT,2.1858460968360305e-05,771,AGCGGA,0.0015838752733543515,3291,GGCAGA,0.3456449508666992,False,False,True,-0.00017210841178894043,
1,4,52,head_0,degradation,0.9873046875,0.962348222732544,659,AGAATT,2.96875,771,AGCGGA,3.537109375,771,AGCGGA,3.537109375,659,AGAATT,2.20354395423783e-05,771,AGCGGA,0.0015564605128020048,3291,GGCAGA,0.3460920453071594,False,False,True,-0.0008826255798339844,
1,5,52,head_0,degradation,0.99365234375,0.9847501516342163,659,AGAATT,2.970703125,771,AGCGGA,3.546875,771,AGCGGA,3.546875,659,AGAATT,2.2004025595379062e-05,771,AGCGGA,0.0015809580218046904,3291,GGCAGA,0.34434038400650024,False,False,True,-0.0007600486278533936,
1,6,52,head_0,degradation,1.001953125,0.9986587762832642,659,AGAATT,2.9609375,771,AGCGGA,3.546875,771,AGCGGA,3.546875,659,AGAATT,2.1965703126625158e-05,771,AGCGGA,0.0015961489407345653,3291,GGCAGA,0.3439187705516815,False,False,True,-0.00025591254234313965,
1,7,52,head_0,degradation,1.0029296875,0.99197918176651,659,AGAATT,2.96484375,771,AGCGGA,3.552734375,771,AGCGGA,3.552734375,659,AGAATT,2.172181848436594e-05,771,AGCGGA,0.0015885912580415606,3291,GGCAGA,0.34469082951545715,False,False,True,0.00039589405059814453,
1,8,52,head_0,degradation,1.001953125,0.9805207252502441,659,AGAATT,2.96484375,771,AGCGGA,3.55078125,771,AGCGGA,3.55078125,659,AGAATT,2.165519072150346e-05,771,AGCGGA,0.0015759782399982214,3291,GGCAGA,0.34608519077301025,False,False,True,0.00033357739448547363,
1,9,52,head_0,degradation,1.0029296875,0.995604932308197,659,AGAATT,2.958984375,771,AGCGGA,3.546875,771,AGCGGA,3.546875,659,AGAATT,2.183550168410875e-05,771,AGCGGA,0.0015926749911159277,3291,GGCAGA,0.3433587849140167,False,False,True,0.00017327070236206055,
1,10,52,head_0,degradation,0.99658203125,0.9663867950439453,659,AGAATT,2.958984375,771,AGCGGA,3.5390625,771,AGCGGA,3.5390625,659,AGAATT,2.1636198653141037e-05,771,AGCGGA,0.0015604833606630564,3291,GGCAGA,0.3436512351036072,False,False,True,-0.0002576112747192383,
1,11,52,head_0,degradation,1.0,0.9778745770454407,659,AGAATT,2.958984375,771,AGCGGA,3.54296875,771,AGCGGA,3.54296875,659,AGAATT,2.178532668040134e-05,771,AGCGGA,0.0015732110477983952,3291,GGCAGA,0.3432600796222687,False,False,True,-0.00020891427993774414,
1,12,52,head_0,degradation,0.9951171875,0.9848254323005676,659,AGAATT,2.958984375,771,AGCGGA,3.537109375,771,AGCGGA,3.537109375,659,AGAATT,2.2050502593629062e-05,771,AGCGGA,0.0015810868935659528,3291,GGCAGA,0.34030967950820923,False,False,True,-0.00016883015632629395,
1,13,52,head_0,degradation,1.0,0.9945037364959717,659,AGAATT,2.9609375,771,AGCGGA,3.544921875,771,AGCGGA,3.544921875,659,AGAATT,2.1931060473434627e-05,771,AGCGGA,0.0015915647381916642,3291,GGCAGA,0.34319278597831726,False,False,True,-0.00023567676544189453,
1,14,52,head_0,degradation,1.009765625,1.013680100440979,659,AGAATT,2.958984375,771,AGCGGA,3.5546875,771,AGCGGA,3.5546875,659,AGAATT,2.1646730601787567e-05,771,AGCGGA,0.0016122775850817561,3291,GGCAGA,0.3441125154495239,False,False,True,0.0001583397388458252,
1,15,52,head_0,degradation,1.0048828125,0.9879732131958008,659,AGAATT,2.966796875,771,AGCGGA,3.556640625,771,AGCGGA,3.556640625,659,AGAATT,2.1715706679970026e-05,771,AGCGGA,0.0015841989079490304,3291,GGCAGA,0.34798604249954224,False,False,True,-0.00019055604934692383,
1,16,52,head_0,degradation,1.009765625,0.9889878630638123,659,AGAATT,2.958984375,771,AGCGGA,3.5546875,771,AGCGGA,3.5546875,659,AGAATT,2.1433144866023213e-05,771,AGCGGA,0.001585027202963829,3291,GGCAGA,0.35003238916397095,False,False,True,0.0004374980926513672,
1,17,52,head_0,degradation,1.001953125,0.9885666370391846,659,AGAATT,2.966796875,771,AGCGGA,3.552734375,771,AGCGGA,3.552734375,659,AGAATT,2.177349779231008e-05,771,AGCGGA,0.0015849063638597727,3291,GGCAGA,0.3495200276374817,False,False,True,0.00016304850578308105,
1,18,52,head_0,degradation,0.9951171875,0.9988275766372681,659,AGAATT,2.966796875,771,AGCGGA,3.544921875,771,AGCGGA,3.544921875,659,AGAATT,2.208956539107021e-05,771,AGCGGA,0.0015964576741680503,3291,GGCAGA,0.34413233399391174,False,False,True,-4.4852495193481445e-05,
1,19,52,head_0,degradation,1.001953125,1.015965461730957,659,AGAATT,2.9609375,771,AGCGGA,3.546875,771,AGCGGA,3.546875,659,AGAATT,2.1975716663291678e-05,771,AGCGGA,0.0016151088057085872,3291,GGCAGA,0.34228476881980896,False,False,True,-0.0002683401107788086,
1,20,52,head_0,degradation,0.99658203125,1.0175416469573975,659,AGAATT,2.966796875,771,AGCGGA,3.546875,771,AGCGGA,3.546875,659,AGAATT,2.1976396965328604e-05,771,AGCGGA,0.0016168353613466024,3291,GGCAGA,0.34185168147087097,False,False,True,1.4603137969970703e-06,
1,21,52,head_0,degradation,0.99853515625,0.9968008399009705,659,AGAATT,2.970703125,771,AGCGGA,3.552734375,771,AGCGGA,3.552734375,659,AGAATT,2.1607738744933158e-05,771,AGCGGA,0.0015937566058710217,3291,GGCAGA,0.34475788474082947,False,False,True,3.740191459655762e-05,
1,22,52,head_0,degradation,0.99365234375,0.9786201119422913,659,AGAATT,2.970703125,771,AGCGGA,3.546875,771,AGCGGA,3.546875,659,AGAATT,2.1642605133820325e-05,771,AGCGGA,0.0015738846268504858,3291,GGCAGA,0.3451511263847351,False,False,True,-3.758072853088379e-05,
1,23,52,head_0,degradation,0.99658203125,0.9838701486587524,659,AGAATT,2.966796875,771,AGCGGA,3.546875,771,AGCGGA,3.546875,659,AGAATT,2.1622512576868758e-05,771,AGCGGA,0.001579612959176302,3291,GGCAGA,0.3445938527584076,False,False,True,0.00045675039291381836,
1,24,52,head_0,degradation,0.99853515625,1.0100393295288086,659,AGAATT,2.96484375,771,AGCGGA,3.546875,771,AGCGGA,3.546875,659,AGAATT,2.1851761630387045e-05,771,AGCGGA,0.0016084960661828518,3291,GGCAGA,0.3413153290748596,False,False,True,0.0006584823131561279,
1,25,52,head_0,degradation,1.0029296875,1.0229755640029907,659,AGAATT,2.96484375,771,AGCGGA,3.552734375,771,AGCGGA,3.552734375,659,AGAATT,2.1921328880125657e-05,771,AGCGGA,0.0016227301675826311,3291,GGCAGA,0.34252262115478516,False,False,True,0.00035375356674194336,
1,26,52,head_0,degradation,1.0,1.0004295110702515,659,AGAATT,2.958984375,771,AGCGGA,3.54296875,771,AGCGGA,3.54296875,659,AGAATT,2.1824029317940585e-05,771,AGCGGA,0.0015979461604729295,3291,GGCAGA,0.3409964442253113,False,False,True,0.00016200542449951172,
1,27,52,head_0,degradation,0.99658203125,0.9959762096405029,659,AGAATT,2.966796875,771,AGCGGA,3.546875,771,AGCGGA,3.546875,659,AGAATT,2.203827716584783e-05,771,AGCGGA,0.001593284192495048,3291,GGCAGA,0.3434482514858246,False,False,True,-0.0004981160163879395,
1,28,52,head_0,degradation,0.99365234375,0.993942379951477,659,AGAATT,2.96875,771,AGCGGA,3.544921875,771,AGCGGA,3.544921875,659,AGAATT,2.1772133550257422e-05,771,AGCGGA,0.0015907911583781242,3291,GGCAGA,0.34530511498451233,False,False,True,-4.8220157623291016e-05,
1,29,52,head_0,degradation,1.0,0.9891749024391174,659,AGAATT,2.96875,771,AGCGGA,3.552734375,771,AGCGGA,3.552734375,659,AGAATT,2.163306089641992e-05,771,AGCGGA,0.0015854319790378213,3291,GGCAGA,0.3471427857875824,False,False,True,0.00015994906425476074,
1,30,52,head_0,degradation,1.001953125,0.995398223400116,659,AGAATT,2.96875,771,AGCGGA,3.5546875,771,AGCGGA,3.5546875,659,AGAATT,2.1743413526564837e-05,771,AGCGGA,0.0015923564787954092,3291,GGCAGA,0.34656912088394165,False,False,True,0.00045624375343322754,
1,31,52,head_0,degradation,1.0029296875,1.0289582014083862,659,AGAATT,2.96484375,771,AGCGGA,3.552734375,771,AGCGGA,3.552734375,659,AGAATT,2.2102043658378534e-05,771,AGCGGA,0.0016294615343213081,3291,GGCAGA,0.3424510061740875,False,False,True,0.0005244612693786621,
1,32,52,head_0,degradation,1.0029296875,1.0004221200942993,659,AGAATT,2.958984375,771,AGCGGA,3.546875,771,AGCGGA,3.546875,659,AGAATT,2.1734675101470202e-05,771,AGCGGA,0.0015978486044332385,3291,GGCAGA,0.3428642749786377,False,False,True,0.0006306469440460205,
2,0,52,head_0,degradation,1.0068359375,1.0119067430496216,659,AGAATT,2.96484375,771,AGCGGA,3.556640625,771,AGCGGA,3.556640625,659,AGAATT,2.168190258089453e-05,771,AGCGGA,0.0016103709349408746,3291,GGCAGA,0.34568843245506287,False,False,True,0.00023490190505981445,
2,1,52,head_0,degradation,1.0,0.9993773102760315,659,AGAATT,2.96875,771,AGCGGA,3.552734375,771,AGCGGA,3.552734375,659,AGAATT,2.1759242372354493e-05,771,AGCGGA,0.0015967291546985507,3291,GGCAGA,0.3450689911842346,False,False,True,0.0001443028450012207,
2,2,52,head_0,degradation,0.99853515625,0.988052248954773,659,AGAATT,2.96875,771,AGCGGA,3.55078125,771,AGCGGA,3.55078125,659,AGAATT,2.1627096430165693e-05,771,AGCGGA,0.0015841966960579157,3291,GGCAGA,0.3482830226421356,False,False,True,0.0005947649478912354,
2,3,52,head_0,degradation,1.0,1.0105915069580078,659,AGAATT,2.966796875,771,AGCGGA,3.55078125,771,AGCGGA,3.55078125,659,AGAATT,2.178753675252665e-05,771,AGCGGA,0.0016090365825220942,3291,GGCAGA,0.34368807077407837,False,False,True,8.666515350341797e-05,
2,4,52,head_0,degradation,0.99853515625,0.9976822137832642,659,AGAATT,2.96875,771,AGCGGA,3.55078125,771,AGCGGA,3.55078125,659,AGAATT,2.172252607124392e-05,771,AGCGGA,0.0015948364743962884,3291,GGCAGA,0.34499144554138184,False,False,True,0.0004278123378753662,
2,5,52,head_0,degradation,0.99853515625,0.9839767813682556,659,AGAATT,2.96484375,771,AGCGGA,3.546875,771,AGCGGA,3.546875,659,AGAATT,2.1689435016014613e-05,771,AGCGGA,0.0015797966625541449,3291,GGCAGA,0.34637895226478577,False,False,True,0.0007188320159912109,
2,6,52,head_0,degradation,1.0,0.9848628044128418,659,AGAATT,2.966796875,771,AGCGGA,3.55078125,771,AGCGGA,3.55078125,659,AGAATT,2.1703272068407387e-05,771,AGCGGA,0.001580780721269548,3291,GGCAGA,0.34722989797592163,False,False,True,0.00021123886108398438,
2,7,52,head_0,degradation,0.99658203125,1.0058069229125977,659,AGAATT,2.966796875,771,AGCGGA,3.546875,771,AGCGGA,3.546875,659,AGAATT,2.203496296715457e-05,771,AGCGGA,0.0016040450427681208,3291,GGCAGA,0.3434804081916809,False,False,True,0.0006659030914306641,
2,8,52,head_0,degradation,0.99853515625,0.9851548075675964,659,AGAATT,2.9609375,771,AGCGGA,3.54296875,771,AGCGGA,3.54296875,659,AGAATT,2.174299515900202e-05,771,AGCGGA,0.0015811400953680277,3291,GGCAGA,0.34514811635017395,False,False,True,0.0002640187740325928,
2,9,52,head_0,degradation,1.0048828125,0.9817725419998169,659,AGAATT,2.9609375,771,AGCGGA,3.55078125,771,AGCGGA,3.55078125,659,AGAATT,2.1534968254854903e-05,771,AGCGGA,0.0015772286569699645,3291,GGCAGA,0.3448200225830078,False,False,True,0.00032326579093933105,
2,10,52,head_0,degradation,1.0068359375,0.9845842719078064,659,AGAATT,2.958984375,771,AGCGGA,3.55078125,771,AGCGGA,3.55078125,659,AGAATT,2.13802995858714e-05,771,AGCGGA,0.0015801526606082916,3291,GGCAGA,0.34757956862449646,False,False,True,0.00032773613929748535,
2,11,52,head_0,degradation,0.99853515625,0.9945115447044373,659,AGAATT,2.96484375,771,AGCGGA,3.546875,771,AGCGGA,3.546875,659,AGAATT,2.1817857486894354e-05,771,AGCGGA,0.0015914600808173418,3291,GGCAGA,0.3445606529712677,False,False,True,0.0002498030662536621,
2,12,52,head_0,degradation,1.001953125,1.001003623008728,659,AGAATT,2.966796875,771,AGCGGA,3.552734375,771,AGCGGA,3.552734375,659,AGAATT,2.184016011597123e-05,771,AGCGGA,0.0015985909849405289,3291,GGCAGA,0.3444187045097351,False,False,True,0.00034746527671813965,
2,13,52,head_0,degradation,1.001953125,0.9885122776031494,659,AGAATT,2.9609375,771,AGCGGA,3.546875,771,AGCGGA,3.546875,659,AGAATT,2.1684300008928403e-05,771,AGCGGA,0.0015847577014937997,3291,GGCAGA,0.34440508484840393,False,False,True,0.00039145350456237793,
2,14,52,head_0,degradation,1.001953125,1.0013988018035889,659,AGAATT,2.96484375,771,AGCGGA,3.55078125,771,AGCGGA,3.55078125,659,AGAATT,2.168561695725657e-05,771,AGCGGA,0.0015988689847290516,3291,GGCAGA,0.3445521891117096,False,False,True,0.0004896223545074463,
2,15,52,head_0,degradation,0.99853515625,0.9786574244499207,659,AGAATT,2.96875,771,AGCGGA,3.55078125,771,AGCGGA,3.55078125,659,AGAATT,2.1728019419242628e-05,771,AGCGGA,0.0015740108210593462,3291,GGCAGA,0.34549495577812195,False,False,True,0.00037676095962524414,
2,16,52,head_0,degradation,0.99853515625,0.9681641459465027,659,AGAATT,2.96875,771,AGCGGA,3.55078125,771,AGCGGA,3.55078125,659,AGAATT,2.1566935174632818e-05,771,AGCGGA,0.0015623602084815502,3291,GGCAGA,0.3476159870624542,False,False,True,9.971857070922852e-05,
2,17,52,head_0,degradation,1.001953125,0.9843859076499939,659,AGAATT,2.966796875,771,AGCGGA,3.552734375,771,AGCGGA,3.552734375,659,AGAATT,2.168661194446031e-05,771,AGCGGA,0.001580241834744811,3291,GGCAGA,0.34793347120285034,False,False,True,4.544854164123535e-05,
2,18,52,head_0,degradation,0.99658203125,0.9689645171165466,659,AGAATT,2.96484375,771,AGCGGA,3.544921875,771,AGCGGA,3.544921875,659,AGAATT,2.1464704332174733e-05,771,AGCGGA,0.0015631342539563775,3291,GGCAGA,0.348808616399765,False,False,True,2.2917985916137695e-05,
2,19,52,head_0,degradation,1.001953125,0.9898472428321838,659,AGAATT,2.966796875,771,AGCGGA,3.552734375,771,AGCGGA,3.552734375,659,AGAATT,2.1794368876726367e-05,771,AGCGGA,0.0015863294247537851,3291,GGCAGA,0.3476892113685608,False,False,True,3.096461296081543e-05,
2,20,52,head_0,degradation,1.001953125,1.0062352418899536,659,AGAATT,2.96484375,771,AGCGGA,3.55078125,771,AGCGGA,3.55078125,659,AGAATT,2.1674790332326666e-05,771,AGCGGA,0.001604153891094029,3291,GGCAGA,0.3450007438659668,False,False,True,0.0004901587963104248,
2,21,52,head_0,degradation,1.0068359375,0.9882726669311523,659,AGAATT,2.9609375,771,AGCGGA,3.552734375,771,AGCGGA,3.552734375,659,AGAATT,2.1327572540030815e-05,771,AGCGGA,0.0015841384883970022,3291,GGCAGA,0.3489990830421448,False,False,True,0.000390857458114624,
2,22,52,head_0,degradation,0.99853515625,0.976555585861206,659,AGAATT,2.970703125,771,AGCGGA,3.552734375,771,AGCGGA,3.552734375,659,AGAATT,2.1621799533022568e-05,771,AGCGGA,0.0015716032357886434,3291,GGCAGA,0.3508376479148865,False,False,True,0.00024759769439697266,
2,23,52,head_0,degradation,0.99853515625,0.9704659581184387,659,AGAATT,2.96484375,771,AGCGGA,3.546875,771,AGCGGA,3.546875,659,AGAATT,2.1497224224731326e-05,771,AGCGGA,0.001564810867421329,3291,GGCAGA,0.348735511302948,False,False,True,0.00023829936981201172,
2,24,52,head_0,degradation,1.001953125,0.9869070649147034,659,AGAATT,2.966796875,771,AGCGGA,3.552734375,771,AGCGGA,3.552734375,659,AGAATT,2.1452615328598768e-05,771,AGCGGA,0.001582768396474421,3291,GGCAGA,0.3494908809661865,False,False,True,0.0003840625286102295,
2,25,52,head_0,degradation,1.0,0.9944678544998169,659,AGAATT,2.966796875,771,AGCGGA,3.55078125,771,AGCGGA,3.55078125,659,AGAATT,2.1751502572442405e-05,771,AGCGGA,0.0015913458773866296,3291,GGCAGA,0.34463581442832947,False,False,True,6.642937660217285e-05,
2,26,52,head_0,degradation,0.99365234375,0.9826576113700867,659,AGAATT,2.96875,771,AGCGGA,3.544921875,771,AGCGGA,3.544921875,659,AGAATT,2.1830452169524506e-05,771,AGCGGA,0.0015784932766109705,3291,GGCAGA,0.34448620676994324,False,False,True,0.00018036365509033203,
2,27,52,head_0,degradation,0.990234375,0.9654855132102966,659,AGAATT,2.96484375,771,AGCGGA,3.537109375,771,AGCGGA,3.537109375,659,AGAATT,2.169870822399389e-05,771,AGCGGA,0.0015595589065924287,3291,GGCAGA,0.34547117352485657,False,False,True,-4.410743713378906e-06,
2,28,52,head_0,degradation,0.9951171875,0.996494710445404,659,AGAATT,2.96484375,771,AGCGGA,3.54296875,771,AGCGGA,3.54296875,659,AGAATT,2.184464938181918e-05,771,AGCGGA,0.0015936583513393998,3291,GGCAGA,0.3447261154651642,False,False,True,4.884600639343262e-05,
2,29,52,head_0,degradation,0.99365234375,0.9885608553886414,659,AGAATT,2.966796875,771,AGCGGA,3.54296875,771,AGCGGA,3.54296875,659,AGAATT,2.188583130191546e-05,771,AGCGGA,0.001585012418217957,3291,GGCAGA,0.3458825945854187,False,False,True,0.00017407536506652832,
2,30,52,head_0,degradation,1.001953125,0.9977827072143555,659,AGAATT,2.9609375,771,AGCGGA,3.546875,771,AGCGGA,3.546875,659,AGAATT,2.171128653571941e-05,771,AGCGGA,0.0015949353110045195,3291,GGCAGA,0.3458086848258972,False,False,True,0.00021693110466003418,
2,31,52,head_0,degradation,0.99853515625,0.9989779591560364,659,AGAATT,2.96484375,771,AGCGGA,3.546875,771,AGCGGA,3.546875,659,AGAATT,2.1777437723358162e-05,771,AGCGGA,0.0015963101759552956,3291,GGCAGA,0.34433162212371826,False,False,True,-2.4527311325073242e-05,
2,32,52,head_0,degradation,1.0048828125,0.9906603693962097,659,AGAATT,2.9609375,771,AGCGGA,3.55078125,771,AGCGGA,3.55078125,659,AGAATT,2.1517036657314748e-05,771,AGCGGA,0.0015869424678385258,3291,GGCAGA,0.3472243845462799,False,False,True,0.0002802908420562744,
3,0,52,head_0,degradation,1.0,1.0048446655273438,659,AGAATT,2.9609375,771,AGCGGA,3.544921875,771,AGCGGA,3.544921875,659,AGAATT,2.190583836636506e-05,771,AGCGGA,0.001602862379513681,3291,GGCAGA,0.3422909379005432,False,False,True,0.00037211179733276367,
3,1,52,head_0,degradation,1.0029296875,0.9927279949188232,659,AGAATT,2.95703125,771,AGCGGA,3.544921875,771,AGCGGA,3.544921875,659,AGAATT,2.1605856090900488e-05,771,AGCGGA,0.0015892952214926481,3291,GGCAGA,0.342865526676178,False,False,True,0.00032392144203186035,
3,2,52,head_0,degradation,1.0126953125,1.0395700931549072,659,AGAATT,2.95703125,771,AGCGGA,3.556640625,771,AGCGGA,3.556640625,659,AGAATT,2.184344339184463e-05,771,AGCGGA,0.0016408223891630769,3291,GGCAGA,0.3395649194717407,False,False,True,0.0004992187023162842,
3,3,52,head_0,degradation,1.0107421875,1.017387866973877,659,AGAATT,2.958984375,771,AGCGGA,3.556640625,771,AGCGGA,3.556640625,659,AGAATT,2.1630943592754193e-05,771,AGCGGA,0.0016163215041160583,3291,GGCAGA,0.3443025052547455,False,False,True,-6.282329559326172e-05,
3,4,52,head_0,degradation,1.0048828125,1.0092183351516724,659,AGAATT,2.9609375,771,AGCGGA,3.55078125,771,AGCGGA,3.55078125,659,AGAATT,2.19789599213982e-05,771,AGCGGA,0.001607724349014461,3291,GGCAGA,0.3433659076690674,False,False,True,-0.0014057159423828125,
3,5,52,head_0,degradation,0.98876953125,0.9988669157028198,659,AGAATT,2.97265625,771,AGCGGA,3.54296875,771,AGCGGA,3.54296875,659,AGAATT,2.22943981498247e-05,771,AGCGGA,0.0015967055223882198,3291,GGCAGA,0.3444747030735016,False,False,True,-0.0013954639434814453,
3,6,52,head_0,degradation,0.99365234375,0.983715832233429,659,AGAATT,2.96875,771,AGCGGA,3.544921875,771,AGCGGA,3.544921875,659,AGAATT,2.2083826479502022e-05,771,AGCGGA,0.0015799053944647312,3291,GGCAGA,0.34656137228012085,False,False,True,-0.001558750867843628,
3,7,52,head_0,degradation,1.0,0.9977536797523499,659,AGAATT,2.966796875,771,AGCGGA,3.55078125,771,AGCGGA,3.55078125,659,AGAATT,2.18010027310811e-05,771,AGCGGA,0.0015949931694194674,3291,GGCAGA,0.34828901290893555,False,False,True,-0.00026223063468933105,
3,8,52,head_0,degradation,1.0048828125,1.0179964303970337,659,AGAATT,2.966796875,771,AGCGGA,3.556640625,771,AGCGGA,3.556640625,659,AGAATT,2.2011485270923004e-05,771,AGCGGA,0.001617368427105248,3291,GGCAGA,0.3461431860923767,False,False,True,-6.875395774841309e-05,
3,9,52,head_0,degradation,1.0029296875,1.0457574129104614,659,AGAATT,2.966796875,771,AGCGGA,3.5546875,771,AGCGGA,3.5546875,659,AGAATT,2.222184593847487e-05,771,AGCGGA,0.0016479756450280547,3291,GGCAGA,0.34289246797561646,False,False,True,-6.443262100219727e-05,
3,10,52,head_0,degradation,1.001953125,1.0418013334274292,659,AGAATT,2.97265625,771,AGCGGA,3.55859375,771,AGCGGA,3.55859375,659,AGAATT,2.230704740213696e-05,771,AGCGGA,0.0016437290469184518,3291,GGCAGA,0.3453809916973114,False,False,True,0.0002149045467376709,
3,11,52,head_0,degradation,0.98583984375,1.014543056488037,659,AGAATT,2.97265625,771,AGCGGA,3.5390625,771,AGCGGA,3.5390625,659,AGAATT,2.256525112898089e-05,771,AGCGGA,0.001614140928722918,3291,GGCAGA,0.34389570355415344,False,False,True,-0.000907599925994873,
3,12,52,head_0,degradation,0.990234375,1.0090264081954956,659,AGAATT,2.97265625,771,AGCGGA,3.544921875,771,AGCGGA,3.544921875,659,AGAATT,2.242165464849677e-05,771,AGCGGA,0.0016079569468274713,3291,GGCAGA,0.3441079556941986,False,False,True,-0.0015198886394500732,
3,13,52,head_0,degradation,0.9873046875,0.9715437293052673,659,AGAATT,2.966796875,771,AGCGGA,3.53515625,771,AGCGGA,3.53515625,659,AGAATT,2.2028823877917603e-05,771,AGCGGA,0.0015665225218981504,3291,GGCAGA,0.3432327210903168,False,False,True,-0.0016373693943023682,
3,14,52,head_0,degradation,0.99365234375,0.9666016697883606,659,AGAATT,2.96875,771,AGCGGA,3.544921875,771,AGCGGA,3.544921875,659,AGAATT,2.1740817828685977e-05,771,AGCGGA,0.0015608231769874692,3291,GGCAGA,0.34590432047843933,False,False,True,-0.0009041726589202881,
3,15,52,head_0,degradation,1.0126953125,1.0396274328231812,659,AGAATT,2.958984375,771,AGCGGA,3.55859375,771,AGCGGA,3.55859375,659,AGAATT,2.1888907212996855e-05,771,AGCGGA,0.001640930655412376,3291,GGCAGA,0.3414630889892578,False,False,True,-0.00019252300262451172,
3,16,52,head_0,degradation,1.0146484375,1.0287327766418457,659,AGAATT,2.95703125,771,AGCGGA,3.55859375,771,AGCGGA,3.55859375,659,AGAATT,2.1895959434914403e-05,771,AGCGGA,0.0016290086787194014,3291,GGCAGA,0.3404180109500885,False,False,True,-2.1219253540039062e-05,
3,17,52,head_0,degradation,1.0107421875,1.0215554237365723,659,AGAATT,2.958984375,771,AGCGGA,3.556640625,771,AGCGGA,3.556640625,659,AGAATT,2.212433173554018e-05,771,AGCGGA,0.001621378236450255,3291,GGCAGA,0.34014439582824707,False,False,True,-0.00010916590690612793,
3,18,52,head_0,degradation,0.9951171875,1.0323176383972168,659,AGAATT,2.96484375,771,AGCGGA,3.54296875,771,AGCGGA,3.54296875,659,AGAATT,2.2311071006697603e-05,771,AGCGGA,0.001633348991163075,3291,GGCAGA,0.34230560064315796,False,False,True,-0.00022670626640319824,
3,19,52,head_0,degradation,0.9873046875,1.0194954872131348,659,AGAATT,2.970703125,771,AGCGGA,3.5390625,771,AGCGGA,3.5390625,659,AGAATT,2.2162257664604113e-05,771,AGCGGA,0.0016191605245694518,3291,GGCAGA,0.34840360283851624,False,False,True,-0.00026348233222961426,
3,20,52,head_0,degradation,0.9794921875,1.0298740863800049,659,AGAATT,2.98046875,771,AGCGGA,3.5390625,771,AGCGGA,3.5390625,659,AGAATT,2.25014919124078e-05,771,AGCGGA,0.0016308637568727136,3291,GGCAGA,0.3458611071109772,False,False,True,-0.00030100345611572266,
3,21,52,head_0,degradation,0.9921875,1.0605432987213135,659,AGAATT,2.96875,771,AGCGGA,3.54296875,771,AGCGGA,3.54296875,659,AGAATT,2.2627002181252465e-05,771,AGCGGA,0.0016645704163238406,3291,GGCAGA,0.33892685174942017,False,False,True,0.0006524622440338135,
3,22,52,head_0,degradation,1.0078125,1.1333800554275513,659,AGAATT,2.95703125,771,AGCGGA,3.55078125,771,AGCGGA,3.55078125,659,AGAATT,2.309085539309308e-05,771,AGCGGA,0.0017447867430746555,3291,GGCAGA,0.32676681876182556,False,False,True,0.0006279945373535156,
3,23,52,head_0,degradation,1.0029296875,1.108624815940857,659,AGAATT,2.958984375,771,AGCGGA,3.546875,771,AGCGGA,3.546875,659,AGAATT,2.3008144125924446e-05,771,AGCGGA,0.0017175982939079404,3291,GGCAGA,0.32935845851898193,False,False,True,0.000599205493927002,
3,24,52,head_0,degradation,1.0068359375,1.080236792564392,659,AGAATT,2.958984375,771,AGCGGA,3.55078125,771,AGCGGA,3.55078125,659,AGAATT,2.2372247258317657e-05,771,AGCGGA,0.0016858790768310428,3291,GGCAGA,0.3362719714641571,False,False,True,4.538893699645996e-05,
3,25,52,head_0,degradation,1.001953125,1.0341004133224487,659,AGAATT,2.9609375,771,AGCGGA,3.546875,771,AGCGGA,3.546875,659,AGAATT,2.221065733465366e-05,771,AGCGGA,0.0016352005768567324,3291,GGCAGA,0.34314361214637756,False,False,True,-0.00035947561264038086,
3,26,52,head_0,degradation,0.99658203125,1.0253446102142334,659,AGAATT,2.96484375,771,AGCGGA,3.544921875,771,AGCGGA,3.544921875,659,AGAATT,2.2056525267544203e-05,771,AGCGGA,0.00162545929197222,3291,GGCAGA,0.34355971217155457,False,False,True,7.915496826171875e-05,
3,27,52,head_0,degradation,1.009765625,1.0591782331466675,659,AGAATT,2.9609375,771,AGCGGA,3.556640625,771,AGCGGA,3.556640625,659,AGAATT,2.220323403889779e-05,771,AGCGGA,0.0016626520082354546,3291,GGCAGA,0.33894971013069153,False,False,True,0.0004897415637969971,
3,28,52,head_0,degradation,0.9951171875,1.0190099477767944,659,AGAATT,2.96484375,771,AGCGGA,3.54296875,771,AGCGGA,3.54296875,659,AGAATT,2.2338250346365385e-05,771,AGCGGA,0.0016188048757612705,3291,GGCAGA,0.33966153860092163,False,False,True,0.00040715932846069336,
3,29,52,head_0,degradation,0.99658203125,1.0208457708358765,659,AGAATT,2.96484375,771,AGCGGA,3.544921875,771,AGCGGA,3.544921875,659,AGAATT,2.2202673790161498e-05,771,AGCGGA,0.0016206795116886497,3291,GGCAGA,0.3433658182621002,False,False,True,0.00010922551155090332,
3,30,52,head_0,degradation,0.9951171875,1.0145896673202515,659,AGAATT,2.9609375,771,AGCGGA,3.5390625,771,AGCGGA,3.5390625,659,AGAATT,2.209423837484792e-05,771,AGCGGA,0.0016137210186570883,3291,GGCAGA,0.3421211540699005,False,False,True,-0.0003364384174346924,
3,31,52,head_0,degradation,0.9951171875,1.007806420326233,659,AGAATT,2.96484375,771,AGCGGA,3.54296875,771,AGCGGA,3.54296875,659,AGAATT,2.2145095499581657e-05,771,AGCGGA,0.0016063445946201682,3291,GGCAGA,0.3441355526447296,False,False,True,-0.00019565224647521973,
3,32,52,head_0,degradation,0.9951171875,1.0146852731704712,659,AGAATT,2.958984375,771,AGCGGA,3.537109375,771,AGCGGA,3.537109375,659,AGAATT,2.221388967882376e-05,771,AGCGGA,0.0016139453509822488,3291,GGCAGA,0.33993101119995117,False,False,True,-8.20457935333252e-05,
4,0,52,head_0,degradation,0.99658203125,0.984735369682312,659,AGAATT,2.96484375,771,AGCGGA,3.544921875,771,AGCGGA,3.544921875,659,AGAATT,2.1668465706170537e-05,771,AGCGGA,0.0015806063311174512,3291,GGCAGA,0.3459171950817108,False,False,True,0.00045031309127807617,
4,1,52,head_0,degradation,0.99853515625,0.9872828722000122,659,AGAATT,2.96484375,771,AGCGGA,3.546875,771,AGCGGA,3.546875,659,AGAATT,2.1615442165057175e-05,771,AGCGGA,0.0015833426732569933,3291,GGCAGA,0.3462306559085846,False,False,True,0.00041413307189941406,
4,2,52,head_0,degradation,1.0,1.0006327629089355,659,AGAATT,2.96875,771,AGCGGA,3.552734375,771,AGCGGA,3.552734375,659,AGAATT,2.1764424673165195e-05,771,AGCGGA,0.0015981090255081654,3291,GGCAGA,0.34531980752944946,False,False,True,0.00036659836769104004,
4,3,52,head_0,degradation,1.001953125,1.0032085180282593,659,AGAATT,2.966796875,771,AGCGGA,3.552734375,771,AGCGGA,3.552734375,659,AGAATT,2.1805033611599356e-05,771,AGCGGA,0.0016009700484573841,3291,GGCAGA,0.34529465436935425,False,False,True,0.00027820467948913574,
4,4,52,head_0,degradation,1.0048828125,1.0108667612075806,659,AGAATT,2.96484375,771,AGCGGA,3.5546875,771,AGCGGA,3.5546875,659,AGAATT,2.178123213525396e-05,771,AGCGGA,0.0016093315789476037,3291,GGCAGA,0.3441289961338043,False,False,True,0.000552058219909668,
4,5,52,head_0,degradation,1.0048828125,1.018196702003479,659,AGAATT,2.96484375,771,AGCGGA,3.5546875,771,AGCGGA,3.5546875,659,AGAATT,2.1815953004988842e-05,771,AGCGGA,0.0016173922922462225,3291,GGCAGA,0.3439895212650299,False,False,True,0.0007611215114593506,
4,6,52,head_0,degradation,1.0078125,1.0185914039611816,659,AGAATT,2.958984375,771,AGCGGA,3.552734375,771,AGCGGA,3.552734375,659,AGAATT,2.1754492991021834e-05,771,AGCGGA,0.0016177629586309195,3291,GGCAGA,0.3435699939727783,False,False,True,0.0003668069839477539,
4,7,52,head_0,degradation,0.99658203125,0.990846574306488,659,AGAATT,2.96484375,771,AGCGGA,3.544921875,771,AGCGGA,3.544921875,659,AGAATT,2.183018841606099e-05,771,AGCGGA,0.0015874594682827592,3291,GGCAGA,0.3455296456813812,False,False,True,-6.690621376037598e-05,
4,8,52,head_0,degradation,0.99658203125,0.995883584022522,659,AGAATT,2.966796875,771,AGCGGA,3.546875,771,AGCGGA,3.546875,659,AGAATT,2.1772975742351264e-05,771,AGCGGA,0.0015929174842312932,3291,GGCAGA,0.34568753838539124,False,False,True,0.00028446316719055176,
4,9,52,head_0,degradation,0.99853515625,0.9957761168479919,659,AGAATT,2.96484375,771,AGCGGA,3.546875,771,AGCGGA,3.546875,659,AGAATT,2.1720907170674764e-05,771,AGCGGA,0.0015927477506920695,3291,GGCAGA,0.3453502357006073,False,False,True,-4.1604042053222656e-05,
4,10,52,head_0,degradation,0.99853515625,1.0027774572372437,659,AGAATT,2.96484375,771,AGCGGA,3.546875,771,AGCGGA,3.546875,659,AGAATT,2.1745327103417367e-05,771,AGCGGA,0.0016004382632672787,3291,GGCAGA,0.3439811170101166,False,False,True,0.0002665221691131592,
4,11,52,head_0,degradation,1.001953125,0.985358476638794,659,AGAATT,2.9609375,771,AGCGGA,3.546875,771,AGCGGA,3.546875,659,AGAATT,2.1603987988783047e-05,771,AGCGGA,0.0015812241472303867,3291,GGCAGA,0.3457251787185669,False,False,True,0.0009443759918212891,
4,12,52,head_0,degradation,1.0,0.9987640380859375,659,AGAATT,2.9609375,771,AGCGGA,3.544921875,771,AGCGGA,3.544921875,659,AGAATT,2.1738202121923678e-05,771,AGCGGA,0.001596036716364324,3291,GGCAGA,0.34495094418525696,False,False,True,0.0005026459693908691,
4,13,52,head_0,degradation,0.99658203125,1.0010607242584229,659,AGAATT,2.966796875,771,AGCGGA,3.546875,771,AGCGGA,3.546875,659,AGAATT,2.166980630136095e-05,771,AGCGGA,0.0015984830679371953,3291,GGCAGA,0.3460705876350403,False,False,True,0.00033664703369140625,
4,14,52,head_0,degradation,1.001953125,0.9937350749969482,659,AGAATT,2.96484375,771,AGCGGA,3.55078125,771,AGCGGA,3.55078125,659,AGAATT,2.1461515643750317e-05,771,AGCGGA,0.0015902535524219275,3291,GGCAGA,0.34616950154304504,False,False,True,-7.241964340209961e-06,
4,15,52,head_0,degradation,0.99658203125,1.0087580680847168,659,AGAATT,2.97265625,771,AGCGGA,3.552734375,771,AGCGGA,3.552734375,659,AGAATT,2.2069709302741103e-05,771,AGCGGA,0.0016073110746219754,3291,GGCAGA,0.34613367915153503,False,False,True,-2.9385089874267578e-05,
4,16,52,head_0,degradation,1.0078125,0.9945489764213562,659,AGAATT,2.9609375,771,AGCGGA,3.5546875,771,AGCGGA,3.5546875,659,AGAATT,2.1830235709785484e-05,771,AGCGGA,0.0015915133990347385,3291,GGCAGA,0.3450983464717865,False,False,True,0.0016948580741882324,
4,17,52,head_0,degradation,0.9873046875,1.0222324132919312,659,AGAATT,3.037109375,771,AGCGGA,3.60546875,771,AGCGGA,3.60546875,659,AGAATT,2.2053613065509126e-05,771,AGCGGA,0.0016220486722886562,3291,GGCAGA,0.3677786886692047,False,False,True,-0.008821308612823486,
4,18,52,head_0,degradation,0.85888671875,0.9817253351211548,659,AGAATT,3.076171875,771,AGCGGA,3.486328125,771,AGCGGA,3.486328125,659,AGAATT,2.0592780856532045e-05,771,AGCGGA,0.001576234819367528,3291,GGCAGA,0.35846686363220215,False,False,True,0.004247128963470459,
4,19,52,head_0,degradation,0.86181640625,0.9847245216369629,659,AGAATT,3.0859375,771,AGCGGA,3.5,771,AGCGGA,3.5,659,AGAATT,2.0590681742760353e-05,771,AGCGGA,0.001579516683705151,3291,GGCAGA,0.36021772027015686,False,False,True,0.00202023983001709,
4,20,52,head_0,degradation,0.8779296875,0.9438571333885193,659,AGAATT,2.9921875,771,AGCGGA,3.42578125,771,AGCGGA,3.42578125,659,AGAATT,2.0585446691256948e-05,771,AGCGGA,0.0015347638400271535,3291,GGCAGA,0.3299764394760132,False,False,True,0.01769399642944336,
4,21,52,head_0,degradation,1.0078125,0.9859707951545715,659,AGAATT,2.96484375,771,AGCGGA,3.55859375,771,AGCGGA,3.55859375,659,AGAATT,2.1651401766575873e-05,771,AGCGGA,0.0015819419641047716,3291,GGCAGA,0.3423745036125183,False,False,True,0.0016329288482666016,
4,22,52,head_0,degradation,1.0107421875,1.0087475776672363,659,AGAATT,2.9609375,771,AGCGGA,3.55859375,771,AGCGGA,3.55859375,659,AGAATT,2.152795423171483e-05,771,AGCGGA,0.0016067578690126538,3291,GGCAGA,0.34522876143455505,False,False,True,0.0005060732364654541,
4,23,52,head_0,degradation,1.0029296875,0.9670220613479614,659,AGAATT,2.958984375,771,AGCGGA,3.546875,771,AGCGGA,3.546875,659,AGAATT,2.1426158127724193e-05,771,AGCGGA,0.0015609688125550747,3291,GGCAGA,0.34897977113723755,False,False,True,0.0009129941463470459,
4,24,52,head_0,degradation,1.0048828125,1.0006465911865234,659,AGAATT,2.966796875,771,AGCGGA,3.556640625,771,AGCGGA,3.556640625,659,AGAATT,2.16779881156981e-05,771,AGCGGA,0.0015980377793312073,3291,GGCAGA,0.34903907775878906,False,False,True,0.0008344054222106934,
4,25,52,head_0,degradation,1.001953125,0.9978317022323608,659,AGAATT,2.96484375,771,AGCGGA,3.55078125,771,AGCGGA,3.55078125,659,AGAATT,2.1574489437625743e-05,771,AGCGGA,0.0015948520740494132,3291,GGCAGA,0.34895503520965576,False,False,True,0.0006913542747497559,
4,26,52,head_0,degradation,1.0,0.9984951615333557,659,AGAATT,2.9609375,771,AGCGGA,3.544921875,771,AGCGGA,3.544921875,659,AGAATT,2.174590372305829e-05,771,AGCGGA,0.0015957499854266644,3291,GGCAGA,0.34608036279678345,False,False,True,0.0005750060081481934,
4,27,52,head_0,degradation,0.98876953125,0.9752559065818787,659,AGAATT,2.96875,771,AGCGGA,3.5390625,771,AGCGGA,3.5390625,659,AGAATT,2.1757863578386605e-05,771,AGCGGA,0.0015703162644058466,3291,GGCAGA,0.346487432718277,False,False,True,-0.00010326504707336426,
4,28,52,head_0,degradation,0.9921875,0.9696587920188904,659,AGAATT,2.97265625,771,AGCGGA,3.546875,771,AGCGGA,3.546875,659,AGAATT,2.1735908376285806e-05,771,AGCGGA,0.0015641656937077641,3291,GGCAGA,0.35006824135780334,False,False,True,-0.000341951847076416,
4,29,52,head_0,degradation,0.9951171875,0.9992008805274963,659,AGAATT,2.96875,771,AGCGGA,3.546875,771,AGCGGA,3.546875,659,AGAATT,2.1771385945612565e-05,771,AGCGGA,0.0015965482452884316,3291,GGCAGA,0.3443409502506256,False,False,True,9.447336196899414e-05,
4,30,52,head_0,degradation,1.0,1.0136367082595825,659,AGAATT,2.958984375,771,AGCGGA,3.54296875,771,AGCGGA,3.54296875,659,AGAATT,2.2098889530752786e-05,771,AGCGGA,0.0016126821283251047,3291,GGCAGA,0.34078627824783325,False,False,True,0.0002886652946472168,
4,31,52,head_0,degradation,0.9921875,0.9898046255111694,659,AGAATT,2.96484375,771,AGCGGA,3.5390625,771,AGCGGA,3.5390625,659,AGAATT,2.189066435676068e-05,771,AGCGGA,0.0015863790176808834,3291,GGCAGA,0.34299445152282715,False,False,True,0.0004749596118927002,
4,32,52,head_0,degradation,1.0078125,1.0085177421569824,659,AGAATT,2.9609375,771,AGCGGA,3.5546875,771,AGCGGA,3.5546875,659,AGAATT,2.1590187316178344e-05,771,AGCGGA,0.0016065684612840414,3291,GGCAGA,0.346116304397583,False,False,True,0.00018581748008728027,
5,0,52,head_0,degradation,0.99853515625,0.9931067228317261,659,AGAATT,2.96484375,771,AGCGGA,3.546875,771,AGCGGA,3.546875,659,AGAATT,2.1685880710720085e-05,771,AGCGGA,0.0015897898701950908,3291,GGCAGA,0.3446299433708191,False,False,True,0.0001010596752166748,
5,1,52,head_0,degradation,1.0048828125,1.0132445096969604,659,AGAATT,2.966796875,771,AGCGGA,3.556640625,771,AGCGGA,3.556640625,659,AGAATT,2.158077222702559e-05,771,AGCGGA,0.0016117346240207553,3291,GGCAGA,0.34516385197639465,False,False,True,0.00022092461585998535,
5,2,52,head_0,degradation,1.009765625,1.0372583866119385,659,AGAATT,2.95703125,771,AGCGGA,3.552734375,771,AGCGGA,3.552734375,659,AGAATT,2.1952722818241455e-05,771,AGCGGA,0.0016384004848077893,3291,GGCAGA,0.33691826462745667,False,False,True,0.0003985762596130371,
5,3,52,head_0,degradation,1.015625,1.0396783351898193,659,AGAATT,2.951171875,771,AGCGGA,3.5546875,771,AGCGGA,3.5546875,659,AGAATT,2.172617860196624e-05,771,AGCGGA,0.001640823669731617,3291,GGCAGA,0.3364141285419464,False,False,True,0.0005274415016174316,
5,4,52,head_0,degradation,1.001953125,1.0251410007476807,659,AGAATT,2.9609375,771,AGCGGA,3.546875,771,AGCGGA,3.546875,659,AGAATT,2.1991152607370168e-05,771,AGCGGA,0.0016251710476353765,3291,GGCAGA,0.33973008394241333,False,False,True,-0.00045099854469299316,
5,5,52,head_0,degradation,0.99365234375,1.0036956071853638,659,AGAATT,2.970703125,771,AGCGGA,3.546875,771,AGCGGA,3.546875,659,AGAATT,2.199495429522358e-05,771,AGCGGA,0.001601693220436573,3291,GGCAGA,0.3455718457698822,False,False,True,-0.00016364455223083496,
5,6,52,head_0,degradation,0.9951171875,1.0026105642318726,659,AGAATT,2.96875,771,AGCGGA,3.546875,771,AGCGGA,3.546875,659,AGAATT,2.1932244635536335e-05,771,AGCGGA,0.0016004425706341863,3291,GGCAGA,0.3453810513019562,False,False,True,-9.542703628540039e-05,
5,7,52,head_0,degradation,1.0,0.9969449043273926,659,AGAATT,2.96875,771,AGCGGA,3.552734375,771,AGCGGA,3.552734375,659,AGAATT,2.1807274606544524e-05,771,AGCGGA,0.0015941138844937086,3291,GGCAGA,0.3464754521846771,False,False,True,2.3126602172851562e-05,
5,8,52,head_0,degradation,1.0048828125,0.9954103827476501,659,AGAATT,2.9609375,771,AGCGGA,3.55078125,771,AGCGGA,3.55078125,659,AGAATT,2.1478628696058877e-05,771,AGCGGA,0.001592105021700263,3291,GGCAGA,0.3454532325267792,False,False,True,0.0002714991569519043,
5,9,52,head_0,degradation,1.0068359375,0.96807461977005,659,AGAATT,2.951171875,771,AGCGGA,3.54296875,771,AGCGGA,3.54296875,659,AGAATT,2.123957710864488e-05,771,AGCGGA,0.0015619348268955946,3291,GGCAGA,0.3433520793914795,False,False,True,-0.00012630224227905273,
5,10,52,head_0,degradation,1.009765625,0.9583411812782288,659,AGAATT,2.951171875,771,AGCGGA,3.546875,771,AGCGGA,3.546875,659,AGAATT,2.1012649085605517e-05,771,AGCGGA,0.0015510502271354198,3291,GGCAGA,0.3444209694862366,False,False,True,0.0006276965141296387,
5,11,52,head_0,degradation,1.001953125,0.9916922450065613,659,AGAATT,2.95703125,771,AGCGGA,3.54296875,771,AGCGGA,3.54296875,659,AGAATT,2.1604926587315276e-05,771,AGCGGA,0.0015881601721048355,3291,GGCAGA,0.3419886529445648,False,False,True,-0.00027683377265930176,
5,12,52,head_0,degradation,0.99365234375,1.019020676612854,659,AGAATT,2.9609375,771,AGCGGA,3.537109375,771,AGCGGA,3.537109375,659,AGAATT,2.2177669961820357e-05,771,AGCGGA,0.0016186562133952975,3291,GGCAGA,0.3389314115047455,False,False,True,-0.0008587241172790527,
5,13,52,head_0,degradation,0.9873046875,0.9882697463035583,659,AGAATT,2.96875,771,AGCGGA,3.537109375,771,AGCGGA,3.537109375,659,AGAATT,2.1846200979780406e-05,771,AGCGGA,0.0015846539754420519,3291,GGCAGA,0.34501901268959045,False,False,True,-0.0011419951915740967,
5,14,52,head_0,degradation,0.98583984375,0.9903661012649536,659,AGAATT,2.97265625,771,AGCGGA,3.5390625,771,AGCGGA,3.5390625,659,AGAATT,2.1926032786723226e-05,771,AGCGGA,0.0015870291972532868,3291,GGCAGA,0.34653937816619873,False,False,True,-0.0010700225830078125,
5,15,52,head_0,degradation,0.9951171875,1.0404330492019653,659,AGAATT,2.958984375,771,AGCGGA,3.537109375,771,AGCGGA,3.537109375,659,AGAATT,2.1856525563634932e-05,771,AGCGGA,0.0016417803708463907,3291,GGCAGA,0.34193193912506104,False,False,True,-0.0010212361812591553,
5,16,52,head_0,degradation,1.0107421875,1.0589861869812012,659,AGAATT,2.94921875,771,AGCGGA,3.546875,771,AGCGGA,3.546875,659,AGAATT,2.1775254936073907e-05,771,AGCGGA,0.0016620138194411993,3291,GGCAGA,0.3409927785396576,False,False,True,-0.00015178322792053223,
5,17,52,head_0,degradation,1.0302734375,1.0982487201690674,659,AGAATT,2.9453125,771,AGCGGA,3.56640625,771,AGCGGA,3.56640625,659,AGAATT,2.1357393052312545e-05,771,AGCGGA,0.001704586436972022,3291,GGCAGA,0.3369819223880768,False,False,True,-0.0007992982864379883,
5,18,52,head_0,degradation,1.0400390625,1.1178995370864868,659,AGAATT,2.953125,771,AGCGGA,3.5859375,771,AGCGGA,3.5859375,659,AGAATT,2.1648995243594982e-05,771,AGCGGA,0.0017263945192098618,3291,GGCAGA,0.337152361869812,False,False,True,-0.0008516609668731689,
5,19,52,head_0,degradation,1.0302734375,1.077000617980957,659,AGAATT,2.96484375,771,AGCGGA,3.5859375,771,AGCGGA,3.5859375,659,AGAATT,2.177498936362099e-05,771,AGCGGA,0.0016817384166643023,3291,GGCAGA,0.3391413390636444,False,False,True,-0.000363767147064209,
5,20,52,head_0,degradation,1.0205078125,1.0557005405426025,659,AGAATT,2.95703125,771,AGCGGA,3.56640625,771,AGCGGA,3.56640625,659,AGAATT,2.23982788156718e-05,771,AGCGGA,0.0016590392915531993,3291,GGCAGA,0.3337225019931793,False,False,True,0.002097219228744507,
5,21,52,head_0,degradation,0.99658203125,0.9751073718070984,659,AGAATT,2.953125,771,AGCGGA,3.533203125,771,AGCGGA,3.533203125,659,AGAATT,2.2206068024388514e-05,771,AGCGGA,0.001570601831190288,3291,GGCAGA,0.335734486579895,False,False,True,0.0024521052837371826,
5,22,52,head_0,degradation,0.9921875,0.9345916509628296,659,AGAATT,2.95703125,771,AGCGGA,3.53125,771,AGCGGA,3.53125,659,AGAATT,2.1354335331125185e-05,771,AGCGGA,0.0015253874007612467,3291,GGCAGA,0.34513434767723083,False,False,True,0.0026047825813293457,
5,23,52,head_0,degradation,0.98583984375,0.9112961888313293,659,AGAATT,2.966796875,771,AGCGGA,3.533203125,771,AGCGGA,3.533203125,659,AGAATT,2.1039486455265433e-05,771,AGCGGA,0.0014995653182268143,3291,GGCAGA,0.35041478276252747,False,False,True,0.0015043318271636963,
5,24,52,head_0,degradation,0.98095703125,0.9141148328781128,659,AGAATT,2.966796875,771,AGCGGA,3.52734375,771,AGCGGA,3.52734375,659,AGAATT,2.1307658244040795e-05,771,AGCGGA,0.0015029197093099356,3291,GGCAGA,0.3484283983707428,False,False,True,0.001090914011001587,
5,25,52,head_0,degradation,0.98876953125,0.9704087972640991,659,AGAATT,2.9609375,771,AGCGGA,3.53125,771,AGCGGA,3.53125,659,AGAATT,2.1709836801164784e-05,771,AGCGGA,0.0015649608103558421,3291,GGCAGA,0.34589114785194397,False,False,True,0.0003384053707122803,
5,26,52,head_0,degradation,0.99658203125,1.0156333446502686,659,AGAATT,2.96484375,771,AGCGGA,3.544921875,771,AGCGGA,3.544921875,659,AGAATT,2.2025809812475927e-05,771,AGCGGA,0.0016147952992469072,3291,GGCAGA,0.34436601400375366,False,False,True,0.00018268823623657227,
5,27,52,head_0,degradation,0.99365234375,0.9851701259613037,659,AGAATT,2.966796875,771,AGCGGA,3.54296875,771,AGCGGA,3.54296875,659,AGAATT,2.184129880333785e-05,771,AGCGGA,0.0015812551137059927,3291,GGCAGA,0.3461489975452423,False,False,True,-2.422928810119629e-05,
5,28,52,head_0,degradation,0.9951171875,0.989227831363678,659,AGAATT,2.96484375,771,AGCGGA,3.54296875,771,AGCGGA,3.54296875,659,AGAATT,2.194418448198121e-05,771,AGCGGA,0.0015858010156080127,3291,GGCAGA,0.3423936665058136,False,False,True,-0.00012761354446411133,
5,29,52,head_0,degradation,0.99658203125,1.0042386054992676,659,AGAATT,2.96484375,771,AGCGGA,3.544921875,771,AGCGGA,3.544921875,659,AGAATT,2.2156882550916635e-05,771,AGCGGA,0.0016024496871978045,3291,GGCAGA,0.3401983678340912,False,False,True,0.00037276744842529297,
5,30,52,head_0,degradation,1.0048828125,1.0269806385040283,659,AGAATT,2.9609375,771,AGCGGA,3.55078125,771,AGCGGA,3.55078125,659,AGAATT,2.2252535927691497e-05,771,AGCGGA,0.0016274467343464494,3291,GGCAGA,0.3410946726799011,False,False,True,0.0005788505077362061,
5,31,52,head_0,degradation,1.001953125,1.0082975625991821,659,AGAATT,2.96484375,771,AGCGGA,3.55078125,771,AGCGGA,3.55078125,659,AGAATT,2.221814065705985e-05,771,AGCGGA,0.0016069553093984723,3291,GGCAGA,0.3447657823562622,False,False,True,0.0006175339221954346,
5,32,52,head_0,degradation,0.99658203125,0.9959290027618408,659,AGAATT,2.966796875,771,AGCGGA,3.546875,771,AGCGGA,3.546875,659,AGAATT,2.2033462300896645e-05,771,AGCGGA,0.001593227731063962,3291,GGCAGA,0.34779733419418335,False,False,True,-0.00044590234756469727,
6,0,52,head_0,degradation,0.9873046875,0.9367228150367737,659,AGAATT,2.96875,771,AGCGGA,3.537109375,771,AGCGGA,3.537109375,659,AGAATT,2.1808777091791853e-05,771,AGCGGA,0.00152817543130368,3291,GGCAGA,0.3455753028392792,False,False,True,0.00010028481483459473,
6,1,52,head_0,degradation,0.98095703125,0.9465001821517944,659,AGAATT,2.970703125,771,AGCGGA,3.53125,771,AGCGGA,3.53125,659,AGAATT,2.2447513401857577e-05,771,AGCGGA,0.001539519871585071,3291,GGCAGA,0.34475743770599365,False,False,True,-0.0009085536003112793,
6,2,52,head_0,degradation,0.9921875,0.983412504196167,659,AGAATT,2.96875,771,AGCGGA,3.54296875,771,AGCGGA,3.54296875,659,AGAATT,2.210406273661647e-05,771,AGCGGA,0.001579593401402235,3291,GGCAGA,0.34583795070648193,False,False,True,-0.0007813870906829834,
6,3,52,head_0,degradation,0.99365234375,1.0003817081451416,659,AGAATT,2.970703125,771,AGCGGA,3.546875,771,AGCGGA,3.546875,659,AGAATT,2.2155194528750144e-05,771,AGCGGA,0.001598224975168705,3291,GGCAGA,0.34655895829200745,False,False,True,-0.00018993020057678223,
6,4,52,head_0,degradation,0.99658203125,0.9972054958343506,659,AGAATT,2.947265625,771,AGCGGA,3.52734375,771,AGCGGA,3.52734375,659,AGAATT,2.1898760678595863e-05,771,AGCGGA,0.0015944907208904624,3291,GGCAGA,0.331121563911438,False,False,True,-0.0005978643894195557,
6,5,52,head_0,degradation,0.98583984375,0.9814919233322144,659,AGAATT,2.953125,771,AGCGGA,3.51953125,771,AGCGGA,3.51953125,659,AGAATT,2.219509769929573e-05,771,AGCGGA,0.001577581511810422,3291,GGCAGA,0.33299270272254944,False,False,True,-0.001689136028289795,
6,6,52,head_0,degradation,0.9775390625,0.9957521557807922,659,AGAATT,2.951171875,771,AGCGGA,3.5078125,771,AGCGGA,3.5078125,659,AGAATT,2.2766280380892567e-05,771,AGCGGA,0.0015937669668346643,3291,GGCAGA,0.3332415223121643,False,False,True,-0.002515166997909546,
6,7,52,head_0,degradation,0.98095703125,0.9751853346824646,659,AGAATT,2.97265625,771,AGCGGA,3.533203125,771,AGCGGA,3.533203125,659,AGAATT,2.2550073481397703e-05,771,AGCGGA,0.0015710311708971858,3291,GGCAGA,0.3481453061103821,False,False,True,-0.0013081133365631104,
6,8,52,head_0,degradation,0.990234375,0.9915403127670288,659,AGAATT,2.966796875,771,AGCGGA,3.5390625,771,AGCGGA,3.5390625,659,AGAATT,2.212465369666461e-05,771,AGCGGA,0.0015885134926065803,3291,GGCAGA,0.3477909564971924,False,False,True,-0.0008251368999481201,
6,9,52,head_0,degradation,0.990234375,0.9898442625999451,659,AGAATT,2.97265625,771,AGCGGA,3.544921875,771,AGCGGA,3.544921875,659,AGAATT,2.2050633560866117e-05,771,AGCGGA,0.0015865825116634369,3291,GGCAGA,0.3439556658267975,False,False,True,-0.0001589357852935791,
6,10,52,head_0,degradation,0.9873046875,0.9907588362693787,659,AGAATT,2.978515625,771,AGCGGA,3.546875,771,AGCGGA,3.546875,659,AGAATT,2.238341221527662e-05,771,AGCGGA,0.0015879166312515736,3291,GGCAGA,0.34312787652015686,False,False,True,-0.00024256110191345215,
6,11,52,head_0,degradation,0.9775390625,0.9902747869491577,659,AGAATT,2.98046875,771,AGCGGA,3.537109375,771,AGCGGA,3.537109375,659,AGAATT,2.2953026928007603e-05,771,AGCGGA,0.0015879562124609947,3291,GGCAGA,0.339511513710022,False,False,True,-0.0012635588645935059,
6,12,52,head_0,degradation,0.97607421875,0.9881200790405273,659,AGAATT,2.970703125,771,AGCGGA,3.525390625,771,AGCGGA,3.525390625,659,AGAATT,2.282499917782843e-05,771,AGCGGA,0.0015854688826948404,3291,GGCAGA,0.335803359746933,False,False,True,-0.0017473995685577393,
6,13,52,head_0,degradation,0.97607421875,0.9817469120025635,659,AGAATT,2.96875,771,AGCGGA,3.5234375,771,AGCGGA,3.5234375,659,AGAATT,2.2815434931544587e-05,771,AGCGGA,0.0015784810530021787,3291,GGCAGA,0.337444543838501,False,False,True,-0.002109616994857788,
6,14,52,head_0,degradation,0.98095703125,0.9823769330978394,659,AGAATT,2.970703125,771,AGCGGA,3.53125,771,AGCGGA,3.53125,659,AGAATT,2.2481324776890688e-05,771,AGCGGA,0.0015788368182256818,3291,GGCAGA,0.34049496054649353,False,False,True,-0.0008987486362457275,
6,15,52,head_0,degradation,0.99853515625,1.0234683752059937,659,AGAATT,2.953125,771,AGCGGA,3.53515625,771,AGCGGA,3.53515625,659,AGAATT,2.2461343178292736e-05,771,AGCGGA,0.0016238096868619323,3291,GGCAGA,0.334606409072876,False,False,True,1.4543533325195312e-05,
6,16,52,head_0,degradation,1.0048828125,1.0451899766921997,659,AGAATT,2.94921875,771,AGCGGA,3.5390625,771,AGCGGA,3.5390625,659,AGAATT,2.2533689843839966e-05,771,AGCGGA,0.0016476662131026387,3291,GGCAGA,0.33390170335769653,False,False,True,8.109211921691895e-05,
6,17,52,head_0,degradation,1.009765625,1.0293939113616943,659,AGAATT,2.94921875,771,AGCGGA,3.544921875,771,AGCGGA,3.544921875,659,AGAATT,2.2227884983294643e-05,771,AGCGGA,0.0016300644492730498,3291,GGCAGA,0.33504045009613037,False,False,True,0.0006990730762481689,
6,18,52,head_0,degradation,0.98583984375,1.080166220664978,659,AGAATT,2.958984375,771,AGCGGA,3.525390625,771,AGCGGA,3.525390625,659,AGAATT,2.2573030946659856e-05,771,AGCGGA,0.0016860025934875011,3291,GGCAGA,0.3276652693748474,False,False,True,-0.0008329451084136963,
6,19,52,head_0,degradation,0.97607421875,1.0723791122436523,659,AGAATT,2.96875,771,AGCGGA,3.5234375,771,AGCGGA,3.5234375,659,AGAATT,2.262569250888191e-05,771,AGCGGA,0.0016775287222117186,3291,GGCAGA,0.3340197205543518,False,False,True,-0.0012323856353759766,
6,20,52,head_0,degradation,0.97607421875,1.0764963626861572,659,AGAATT,2.96484375,771,AGCGGA,3.51953125,771,AGCGGA,3.51953125,659,AGAATT,2.2820988306193613e-05,771,AGCGGA,0.0016822322504594922,3291,GGCAGA,0.3317112624645233,False,False,True,-0.001539677381515503,
6,21,52,head_0,degradation,0.990234375,0.9455550909042358,659,AGAATT,2.958984375,771,AGCGGA,3.53125,771,AGCGGA,3.53125,659,AGAATT,2.1420404664240777e-05,771,AGCGGA,0.0015374579234048724,3291,GGCAGA,0.3500111401081085,False,False,True,-0.00041598081588745117,
6,22,52,head_0,degradation,0.966796875,0.9078420400619507,659,AGAATT,2.9609375,771,AGCGGA,3.50390625,771,AGCGGA,3.50390625,659,AGAATT,2.1531306629185565e-05,771,AGCGGA,0.0014962750719860196,3291,GGCAGA,0.3423812687397003,False,False,True,-0.0016030669212341309,
6,23,52,head_0,degradation,0.888671875,0.8241474032402039,659,AGAATT,2.96875,771,AGCGGA,3.416015625,771,AGCGGA,3.416015625,659,AGAATT,2.280541775689926e-05,771,AGCGGA,0.0014059079112485051,3291,GGCAGA,0.3398588001728058,False,False,True,-0.0016247928142547607,
6,24,52,head_0,degradation,0.8984375,0.8542003631591797,659,AGAATT,2.9765625,771,AGCGGA,3.435546875,771,AGCGGA,3.435546875,659,AGAATT,2.2969034034758806e-05,771,AGCGGA,0.0014389780117198825,3291,GGCAGA,0.34215715527534485,False,False,True,-0.0025069117546081543,
6,25,52,head_0,degradation,0.9267578125,0.9110028147697449,659,AGAATT,2.984375,771,AGCGGA,3.478515625,771,AGCGGA,3.478515625,659,AGAATT,2.2612237444263883e-05,771,AGCGGA,0.0015008168993517756,3291,GGCAGA,0.34605592489242554,False,False,True,-0.0023948252201080322,
6,26,52,head_0,degradation,1.009765625,1.0051021575927734,659,AGAATT,2.9609375,771,AGCGGA,3.556640625,771,AGCGGA,3.556640625,659,AGAATT,2.1145713617443107e-05,771,AGCGGA,0.0016023841453716159,3291,GGCAGA,0.3467194139957428,False,False,True,-0.001343071460723877,
6,27,52,head_0,degradation,1.0078125,0.9858641624450684,659,AGAATT,2.9609375,771,AGCGGA,3.5546875,771,AGCGGA,3.5546875,659,AGAATT,2.0958199456799775e-05,771,AGCGGA,0.0015811320627108216,3291,GGCAGA,0.3475085198879242,False,False,True,-0.0012095868587493896,
6,28,52,head_0,degradation,1.0078125,0.9517950415611267,659,AGAATT,2.95703125,771,AGCGGA,3.55078125,771,AGCGGA,3.55078125,659,AGAATT,2.0976764062652364e-05,771,AGCGGA,0.0015438466798514128,3291,GGCAGA,0.35019156336784363,False,False,True,-0.00035706162452697754,
6,29,52,head_0,degradation,1.001953125,1.0116621255874634,659,AGAATT,2.951171875,771,AGCGGA,3.537109375,771,AGCGGA,3.537109375,659,AGAATT,2.1858641048311256e-05,771,AGCGGA,0.001610279781743884,3291,GGCAGA,0.3355555832386017,False,False,True,-0.00043317675590515137,
6,30,52,head_0,degradation,1.0,0.9931384921073914,659,AGAATT,2.94921875,771,AGCGGA,3.533203125,771,AGCGGA,3.533203125,659,AGAATT,2.1752186512458138e-05,771,AGCGGA,0.0015898910351097584,3291,GGCAGA,0.33301493525505066,False,False,True,-0.0004445016384124756,
6,31,52,head_0,degradation,0.99365234375,1.0225458145141602,659,AGAATT,2.939453125,771,AGCGGA,3.515625,771,AGCGGA,3.515625,659,AGAATT,2.2330497813527472e-05,771,AGCGGA,0.0016226688167080283,3291,GGCAGA,0.3251437842845917,False,False,True,-0.00045117735862731934,
6,32,52,head_0,degradation,0.9951171875,1.0089293718338013,659,AGAATT,2.947265625,771,AGCGGA,3.525390625,771,AGCGGA,3.525390625,659,AGAATT,2.2625703422818333e-05,771,AGCGGA,0.001608054619282484,3291,GGCAGA,0.32727956771850586,False,False,True,0.00010833144187927246,
7,0,52,head_0,degradation,1.001953125,0.9922799468040466,659,AGAATT,2.96484375,771,AGCGGA,3.55078125,771,AGCGGA,3.55078125,659,AGAATT,2.168979699490592e-05,771,AGCGGA,0.0015888885827735066,3291,GGCAGA,0.34642699360847473,False,False,True,0.0005684494972229004,
7,1,52,head_0,degradation,1.0078125,1.0096378326416016,659,AGAATT,2.9609375,771,AGCGGA,3.5546875,771,AGCGGA,3.5546875,659,AGAATT,2.161022712243721e-05,771,AGCGGA,0.0016078149201348424,3291,GGCAGA,0.3447818160057068,False,False,True,0.0007630288600921631,
7,2,52,head_0,degradation,1.001953125,0.999679684638977,659,AGAATT,2.96484375,771,AGCGGA,3.55078125,771,AGCGGA,3.55078125,659,AGAATT,2.1807607481605373e-05,771,AGCGGA,0.0015971086686477065,3291,GGCAGA,0.3447088897228241,False,False,True,0.0002759695053100586,
7,3,52,head_0,degradation,0.9951171875,1.0016286373138428,659,AGAATT,2.96875,771,AGCGGA,3.546875,771,AGCGGA,3.546875,659,AGAATT,2.1896985344938003e-05,771,AGCGGA,0.0015993320848792791,3291,GGCAGA,0.3450992703437805,False,False,True,-0.00013336539268493652,
7,4,52,head_0,degradation,0.99365234375,0.999237060546875,659,AGAATT,2.970703125,771,AGCGGA,3.546875,771,AGCGGA,3.546875,659,AGAATT,2.2006499420967884e-05,771,AGCGGA,0.0015968228690326214,3291,GGCAGA,0.34621793031692505,False,False,True,-0.0004315674304962158,
7,5,52,head_0,degradation,0.9921875,1.0010910034179688,659,AGAATT,2.970703125,771,AGCGGA,3.544921875,771,AGCGGA,3.544921875,659,AGAATT,2.2132875528768636e-05,771,AGCGGA,0.0015989793464541435,3291,GGCAGA,0.34484949707984924,False,False,True,3.936886787414551e-05,
7,6,52,head_0,degradation,0.99658203125,0.9887552261352539,659,AGAATT,2.966796875,771,AGCGGA,3.546875,771,AGCGGA,3.546875,659,AGAATT,2.1823572751600295e-05,771,AGCGGA,0.0015851629432290792,3291,GGCAGA,0.3448560833930969,False,False,True,0.00047719478607177734,
7,7,52,head_0,degradation,0.99658203125,0.9949961304664612,659,AGAATT,2.966796875,771,AGCGGA,3.546875,771,AGCGGA,3.546875,659,AGAATT,2.1853260477655567e-05,771,AGCGGA,0.0015920260921120644,3291,GGCAGA,0.34528329968452454,False,False,True,0.0002473592758178711,
7,8,52,head_0,degradation,0.99853515625,0.9860445857048035,659,AGAATT,2.96484375,771,AGCGGA,3.546875,771,AGCGGA,3.546875,659,AGAATT,2.1793952328152955e-05,771,AGCGGA,0.0015821653651073575,3291,GGCAGA,0.34631654620170593,False,False,True,-0.00018200278282165527,
7,9,52,head_0,degradation,1.009765625,1.0119435787200928,659,AGAATT,2.958984375,771,AGCGGA,3.5546875,771,AGCGGA,3.5546875,659,AGAATT,2.1545794879784808e-05,771,AGCGGA,0.0016102752415463328,3291,GGCAGA,0.3453410267829895,False,False,True,0.00018134713172912598,
7,10,52,head_0,degradation,1.0078125,1.0166586637496948,659,AGAATT,2.958984375,771,AGCGGA,3.552734375,771,AGCGGA,3.552734375,659,AGAATT,2.1491499865078367e-05,771,AGCGGA,0.0016153836622834206,3291,GGCAGA,0.34628334641456604,False,False,True,2.720952033996582e-05,
7,11,52,head_0,degradation,0.9921875,1.0080863237380981,659,AGAATT,2.9765625,771,AGCGGA,3.55078125,771,AGCGGA,3.55078125,659,AGAATT,2.19190424104454e-05,771,AGCGGA,0.0016064249211922288,3291,GGCAGA,0.3525238335132599,False,False,True,-0.0003351271152496338,
7,12,52,head_0,degradation,0.9951171875,1.0145294666290283,659,AGAATT,2.97265625,771,AGCGGA,3.55078125,771,AGCGGA,3.55078125,659,AGAATT,2.2034299036022276e-05,771,AGCGGA,0.0016135950572788715,3291,GGCAGA,0.35038337111473083,False,False,True,-0.0001970529556274414,
7,13,52,head_0,degradation,0.9921875,0.9919160008430481,659,AGAATT,2.97265625,771,AGCGGA,3.546875,771,AGCGGA,3.546875,659,AGAATT,2.192163810832426e-05,771,AGCGGA,0.0015887218760326505,3291,GGCAGA,0.34948045015335083,False,False,True,-0.0003205239772796631,
7,14,52,head_0,degradation,0.99658203125,0.9761620759963989,659,AGAATT,2.96484375,771,AGCGGA,3.544921875,771,AGCGGA,3.544921875,659,AGAATT,2.170623338315636e-05,771,AGCGGA,0.0015712567837908864,3291,GGCAGA,0.34531694650650024,False,False,True,-0.0007080137729644775,
7,15,52,head_0,degradation,0.9921875,0.9563789367675781,659,AGAATT,2.97265625,771,AGCGGA,3.546875,771,AGCGGA,3.546875,659,AGAATT,2.1747311620856635e-05,771,AGCGGA,0.0015496363630518317,3291,GGCAGA,0.34773844480514526,False,False,True,-0.0005065500736236572,
7,16,52,head_0,degradation,1.001953125,0.9002159833908081,659,AGAATT,2.970703125,771,AGCGGA,3.556640625,771,AGCGGA,3.556640625,659,AGAATT,2.1364441636251286e-05,771,AGCGGA,0.0014877580106258392,3291,GGCAGA,0.3597273826599121,False,False,True,-0.0010193288326263428,
7,17,52,head_0,degradation,1.0048828125,1.0089093446731567,659,AGAATT,2.96875,771,AGCGGA,3.55859375,771,AGCGGA,3.55859375,659,AGAATT,2.2060072296881117e-05,771,AGCGGA,0.0016074671875685453,3291,GGCAGA,0.35740113258361816,False,False,True,0.0023900866508483887,
7,18,52,head_0,degradation,1.015625,0.9623645544052124,659,AGAATT,2.953125,771,AGCGGA,3.556640625,771,AGCGGA,3.556640625,659,AGAATT,2.135257273039315e-05,771,AGCGGA,0.0015557955484837294,3291,GGCAGA,0.35677313804626465,False,False,True,0.0016869902610778809,
7,19,52,head_0,degradation,0.9951171875,0.9939518570899963,659,AGAATT,2.96484375,771,AGCGGA,3.54296875,771,AGCGGA,3.54296875,659,AGAATT,2.2163645553519018e-05,771,AGCGGA,0.0015911930240690708,3291,GGCAGA,0.35760366916656494,False,False,True,0.0034056007862091064,
7,20,52,head_0,degradation,0.9873046875,0.873441219329834,659,AGAATT,2.96484375,771,AGCGGA,3.533203125,771,AGCGGA,3.533203125,659,AGAATT,2.132964254997205e-05,771,AGCGGA,0.0014584062155336142,3291,GGCAGA,0.3619910776615143,False,False,True,0.00037747621536254883,
7,21,52,head_0,degradation,0.9794921875,0.914996862411499,659,AGAATT,2.9765625,771,AGCGGA,3.53515625,771,AGCGGA,3.53515625,659,AGAATT,2.1825584553880617e-05,771,AGCGGA,0.0015044034225866199,3291,GGCAGA,0.3579160273075104,False,False,True,0.00048282742500305176,
7,22,52,head_0,degradation,1.001953125,0.9921030402183533,659,AGAATT,2.96484375,771,AGCGGA,3.55078125,771,AGCGGA,3.55078125,659,AGAATT,2.1644902517437004e-05,771,AGCGGA,0.0015886499313637614,3291,GGCAGA,0.34499821066856384,False,False,True,0.0002581775188446045,
7,23,52,head_0,degradation,1.0048828125,0.9868601560592651,659,AGAATT,2.966796875,771,AGCGGA,3.556640625,771,AGCGGA,3.556640625,659,AGAATT,2.131075962097384e-05,771,AGCGGA,0.0015825751470401883,3291,GGCAGA,0.3457883298397064,False,False,True,0.00034376978874206543,
7,24,52,head_0,degradation,1.0146484375,1.0041756629943848,659,AGAATT,2.9609375,771,AGCGGA,3.5625,771,AGCGGA,3.5625,659,AGAATT,2.138185482181143e-05,771,AGCGGA,0.001601605792529881,3291,GGCAGA,0.3483429253101349,False,False,True,0.0007472336292266846,
7,25,52,head_0,degradation,1.0029296875,0.9823738932609558,659,AGAATT,2.96484375,771,AGCGGA,3.552734375,771,AGCGGA,3.552734375,659,AGAATT,2.141654294973705e-05,771,AGCGGA,0.0015777687076479197,3291,GGCAGA,0.3490040898323059,False,False,True,0.0003261864185333252,
7,26,52,head_0,degradation,0.99853515625,0.9976760745048523,659,AGAATT,2.96484375,771,AGCGGA,3.546875,771,AGCGGA,3.546875,659,AGAATT,2.175100235035643e-05,771,AGCGGA,0.00159485824406147,3291,GGCAGA,0.34536486864089966,False,False,True,0.00023683905601501465,
7,27,52,head_0,degradation,1.009765625,1.0034973621368408,659,AGAATT,2.9609375,771,AGCGGA,3.556640625,771,AGCGGA,3.556640625,659,AGAATT,2.1456220565596595e-05,771,AGCGGA,0.0016009374521672726,3291,GGCAGA,0.3452243506908417,False,False,True,0.00018778443336486816,
7,28,52,head_0,degradation,1.0029296875,0.9957848191261292,659,AGAATT,2.966796875,771,AGCGGA,3.5546875,771,AGCGGA,3.5546875,659,AGAATT,2.1684463717974722e-05,771,AGCGGA,0.0015927208587527275,3291,GGCAGA,0.34360456466674805,False,False,True,0.0003953874111175537,
7,29,52,head_0,degradation,1.0029296875,1.015047550201416,659,AGAATT,2.966796875,771,AGCGGA,3.5546875,771,AGCGGA,3.5546875,659,AGAATT,2.1936410121270455e-05,771,AGCGGA,0.0016140644438564777,3291,GGCAGA,0.34223052859306335,False,False,True,0.00017017126083374023,
7,30,52,head_0,degradation,0.99853515625,0.9969096779823303,659,AGAATT,2.96484375,771,AGCGGA,3.546875,771,AGCGGA,3.546875,659,AGAATT,2.178584509238135e-05,771,AGCGGA,0.0015940539306029677,3291,GGCAGA,0.3432420790195465,False,False,True,0.00011515617370605469,
7,31,52,head_0,degradation,1.001953125,0.991574764251709,659,AGAATT,2.96484375,771,AGCGGA,3.55078125,771,AGCGGA,3.55078125,659,AGAATT,2.17207198147662e-05,771,AGCGGA,0.0015881473664194345,3291,GGCAGA,0.3459537625312805,False,False,True,4.360079765319824e-05,
7,32,52,head_0,degradation,0.9951171875,0.9892260432243347,659,AGAATT,2.96875,771,AGCGGA,3.546875,771,AGCGGA,3.546875,659,AGAATT,2.171829873987008e-05,771,AGCGGA,0.0015855731908231974,3291,GGCAGA,0.3454720675945282,False,False,True,-0.00011768937110900879,
8,0,52,head_0,degradation,0.99365234375,0.980577290058136,659,AGAATT,2.970703125,771,AGCGGA,3.546875,771,AGCGGA,3.546875,659,AGAATT,2.186876008636318e-05,771,AGCGGA,0.001576253678649664,3291,GGCAGA,0.34684890508651733,False,False,True,2.5600194931030273e-05,
8,1,52,head_0,degradation,0.98876953125,0.9684962630271912,659,AGAATT,2.97265625,771,AGCGGA,3.54296875,771,AGCGGA,3.54296875,659,AGAATT,2.1807178200106137e-05,771,AGCGGA,0.0015629640547558665,3291,GGCAGA,0.3483664393424988,False,False,True,-0.0008990764617919922,
8,2,52,head_0,degradation,0.98876953125,0.9619221687316895,659,AGAATT,2.97265625,771,AGCGGA,3.54296875,771,AGCGGA,3.54296875,659,AGAATT,2.1739304429502226e-05,771,AGCGGA,0.0015556978760287166,3291,GGCAGA,0.3481783866882324,False,False,True,-0.0007239580154418945,
8,3,52,head_0,degradation,0.990234375,0.9708974361419678,659,AGAATT,2.97265625,771,AGCGGA,3.544921875,771,AGCGGA,3.544921875,659,AGAATT,2.1774872948299162e-05,771,AGCGGA,0.00156556093133986,3291,GGCAGA,0.34819528460502625,False,False,True,-0.00048226118087768555,
8,4,52,head_0,degradation,0.9921875,0.9855594635009766,659,AGAATT,2.97265625,771,AGCGGA,3.546875,771,AGCGGA,3.546875,659,AGAATT,2.185571429436095e-05,771,AGCGGA,0.0015816958621144295,3291,GGCAGA,0.34715536236763,False,False,True,-0.00032192468643188477,
8,5,52,head_0,degradation,0.99365234375,0.985455334186554,659,AGAATT,2.96875,771,AGCGGA,3.544921875,771,AGCGGA,3.544921875,659,AGAATT,2.190148734371178e-05,771,AGCGGA,0.0015816276427358389,3291,GGCAGA,0.3456287682056427,False,False,True,-0.0006738007068634033,
8,6,52,head_0,degradation,0.9921875,0.9909698963165283,659,AGAATT,2.97265625,771,AGCGGA,3.546875,771,AGCGGA,3.546875,659,AGAATT,2.1993038899381645e-05,771,AGCGGA,0.0015877573750913143,3291,GGCAGA,0.34724900126457214,False,False,True,-0.0009422004222869873,
8,7,52,head_0,degradation,0.99365234375,0.9932124018669128,659,AGAATT,2.96875,771,AGCGGA,3.544921875,771,AGCGGA,3.544921875,659,AGAATT,2.1810907128383406e-05,771,AGCGGA,0.0015900306170806289,3291,GGCAGA,0.3460523188114166,False,False,True,-0.0005361437797546387,
8,8,52,head_0,degradation,0.99658203125,1.0104128122329712,659,AGAATT,2.970703125,771,AGCGGA,3.55078125,771,AGCGGA,3.55078125,659,AGAATT,2.1956302589387633e-05,771,AGCGGA,0.0016090095741674304,3291,GGCAGA,0.3451433479785919,False,False,True,-0.00031891465187072754,
8,9,52,head_0,degradation,0.99658203125,0.9687779545783997,659,AGAATT,2.96484375,771,AGCGGA,3.544921875,771,AGCGGA,3.544921875,659,AGAATT,2.166963713534642e-05,771,AGCGGA,0.0015631349524483085,3291,GGCAGA,0.3459147810935974,False,False,True,-0.0002455413341522217,
8,10,52,head_0,degradation,0.98876953125,0.9907374382019043,659,AGAATT,2.97265625,771,AGCGGA,3.54296875,771,AGCGGA,3.54296875,659,AGAATT,2.2073969375924207e-05,771,AGCGGA,0.0015875837998464704,3291,GGCAGA,0.34662872552871704,False,False,True,0.00024503469467163086,
8,11,52,head_0,degradation,0.9921875,0.9954872131347656,659,AGAATT,2.96875,771,AGCGGA,3.54296875,771,AGCGGA,3.54296875,659,AGAATT,2.186952951888088e-05,771,AGCGGA,0.0015925801126286387,3291,GGCAGA,0.34678176045417786,False,False,True,0.00032275915145874023,
8,12,52,head_0,degradation,0.99853515625,1.03500497341156,659,AGAATT,2.96875,771,AGCGGA,3.55078125,771,AGCGGA,3.55078125,659,AGAATT,2.2288988475338556e-05,771,AGCGGA,0.0016362693859264255,3291,GGCAGA,0.34470656514167786,False,False,True,0.0007891058921813965,
8,13,52,head_0,degradation,0.990234375,0.9826650619506836,659,AGAATT,2.97265625,771,AGCGGA,3.544921875,771,AGCGGA,3.544921875,659,AGAATT,2.2167079805512913e-05,771,AGCGGA,0.0015788380987942219,3291,GGCAGA,0.3476986587047577,False,False,True,0.00012961030006408691,
8,14,52,head_0,degradation,0.98583984375,0.9674782752990723,659,AGAATT,2.978515625,771,AGCGGA,3.544921875,771,AGCGGA,3.544921875,659,AGAATT,2.2360700313583948e-05,771,AGCGGA,0.0015624029329046607,3291,GGCAGA,0.34680959582328796,False,False,True,-0.00039261579513549805,
8,15,52,head_0,degradation,0.982421875,0.9984047412872314,659,AGAATT,2.9765625,771,AGCGGA,3.5390625,771,AGCGGA,3.5390625,659,AGAATT,2.2070778868510388e-05,771,AGCGGA,0.0015959759475663304,3291,GGCAGA,0.34525901079177856,False,False,True,-0.00036770105361938477,
8,16,52,head_0,degradation,0.98876953125,0.9578859210014343,659,AGAATT,2.9765625,771,AGCGGA,3.546875,771,AGCGGA,3.546875,659,AGAATT,2.1555668354267254e-05,771,AGCGGA,0.0015510948142036796,3291,GGCAGA,0.3488367199897766,False,False,True,-0.0022732913494110107,
8,17,52,head_0,degradation,0.99365234375,0.9780051708221436,659,AGAATT,2.96875,771,AGCGGA,3.544921875,771,AGCGGA,3.544921875,659,AGAATT,2.1707954147132114e-05,771,AGCGGA,0.0015732765896245837,3291,GGCAGA,0.3464157283306122,False,False,True,-0.0016307532787322998,
8,18,52,head_0,degradation,0.98876953125,1.0257904529571533,659,AGAATT,2.9609375,771,AGCGGA,3.53125,771,AGCGGA,3.53125,659,AGAATT,2.179271359636914e-05,771,AGCGGA,0.0016256837407127023,3291,GGCAGA,0.34548404812812805,False,False,True,-0.00033986568450927734,
8,19,52,head_0,degradation,0.99853515625,1.0423660278320312,659,AGAATT,2.953125,771,AGCGGA,3.53515625,771,AGCGGA,3.53515625,659,AGAATT,2.166295234928839e-05,771,AGCGGA,0.001643703319132328,3291,GGCAGA,0.3395337164402008,False,False,True,0.0019890964031219482,
8,20,52,head_0,degradation,0.99658203125,1.059461236000061,659,AGAATT,2.95703125,771,AGCGGA,3.537109375,771,AGCGGA,3.537109375,659,AGAATT,2.1538484361371957e-05,771,AGCGGA,0.001662297174334526,3291,GGCAGA,0.33420440554618835,False,False,True,0.0018335580825805664,
8,21,52,head_0,degradation,1.001953125,1.0071030855178833,659,AGAATT,2.96875,771,AGCGGA,3.5546875,771,AGCGGA,3.5546875,659,AGAATT,2.1645257220370695e-05,771,AGCGGA,0.0016050745034590364,3291,GGCAGA,0.33827415108680725,False,False,True,0.0005720555782318115,
8,22,52,head_0,degradation,0.99365234375,0.9880373477935791,659,AGAATT,2.970703125,771,AGCGGA,3.546875,771,AGCGGA,3.546875,659,AGAATT,2.170023253711406e-05,771,AGCGGA,0.001584253623150289,3291,GGCAGA,0.3424251675605774,False,False,True,0.0007572770118713379,
8,23,52,head_0,degradation,0.9873046875,0.9557954668998718,659,AGAATT,2.96484375,771,AGCGGA,3.533203125,771,AGCGGA,3.533203125,659,AGAATT,2.177288661187049e-05,771,AGCGGA,0.0015490230871364474,3291,GGCAGA,0.34691205620765686,False,False,True,0.001174837350845337,
8,24,52,head_0,degradation,0.9921875,0.9632951021194458,659,AGAATT,2.958984375,771,AGCGGA,3.533203125,771,AGCGGA,3.533203125,659,AGAATT,2.1820598703925498e-05,771,AGCGGA,0.0015572825213894248,3291,GGCAGA,0.3461269438266754,False,False,True,0.0010212063789367676,
8,25,52,head_0,degradation,1.0068359375,1.0019731521606445,659,AGAATT,2.9609375,771,AGCGGA,3.552734375,771,AGCGGA,3.552734375,659,AGAATT,2.1730855223722756e-05,771,AGCGGA,0.0015995431458577514,3291,GGCAGA,0.34343221783638,False,False,True,0.00028634071350097656,
8,26,52,head_0,degradation,1.0048828125,0.9953600764274597,659,AGAATT,2.966796875,771,AGCGGA,3.556640625,771,AGCGGA,3.556640625,659,AGAATT,2.156638765882235e-05,771,AGCGGA,0.0015921377344056964,3291,GGCAGA,0.34618857502937317,False,False,True,1.919269561767578e-05,
8,27,52,head_0,degradation,1.0048828125,0.9875249862670898,659,AGAATT,2.96875,771,AGCGGA,3.55859375,771,AGCGGA,3.55859375,659,AGAATT,2.1312451281119138e-05,771,AGCGGA,0.0015833048382773995,3291,GGCAGA,0.34708982706069946,False,False,True,0.0002785325050354004,
8,28,52,head_0,degradation,1.0068359375,1.0076216459274292,659,AGAATT,2.966796875,771,AGCGGA,3.55859375,771,AGCGGA,3.55859375,659,AGAATT,2.1621573978336528e-05,771,AGCGGA,0.0016056187450885773,3291,GGCAGA,0.3451261520385742,False,False,True,0.000617682933807373,
8,29,52,head_0,degradation,1.009765625,1.0014222860336304,659,AGAATT,2.9609375,771,AGCGGA,3.556640625,771,AGCGGA,3.556640625,659,AGAATT,2.155460424546618e-05,771,AGCGGA,0.00159876374527812,3291,GGCAGA,0.3440146744251251,False,False,True,0.000614166259765625,
8,30,52,head_0,degradation,1.0078125,1.0017642974853516,659,AGAATT,2.95703125,771,AGCGGA,3.55078125,771,AGCGGA,3.55078125,659,AGAATT,2.1414560251287185e-05,771,AGCGGA,0.0015989982057362795,3291,GGCAGA,0.34237876534461975,False,False,True,0.0006451904773712158,
8,31,52,head_0,degradation,1.001953125,1.0146217346191406,659,AGAATT,2.953125,771,AGCGGA,3.5390625,771,AGCGGA,3.5390625,659,AGAATT,2.191439489251934e-05,771,AGCGGA,0.0016135761979967356,3291,GGCAGA,0.3398532569408417,False,False,True,0.00043633580207824707,
8,32,52,head_0,degradation,1.0,1.0108834505081177,659,AGAATT,2.9609375,771,AGCGGA,3.544921875,771,AGCGGA,3.544921875,659,AGAATT,2.185772427765187e-05,771,AGCGGA,0.0016094263410195708,3291,GGCAGA,0.3437398672103882,False,False,True,0.000385284423828125,
9,0,52,head_0,degradation,1.0126953125,0.9873002171516418,659,AGAATT,2.951171875,771,AGCGGA,3.55078125,771,AGCGGA,3.55078125,659,AGAATT,2.1300860680639744e-05,771,AGCGGA,0.0015830470947548747,3291,GGCAGA,0.33968815207481384,False,False,True,0.0005161762237548828,
9,1,52,head_0,degradation,1.0146484375,0.9883713126182556,659,AGAATT,2.94921875,771,AGCGGA,3.55078125,771,AGCGGA,3.55078125,659,AGAATT,2.123954618582502e-05,771,AGCGGA,0.0015841585118323565,3291,GGCAGA,0.34041455388069153,False,False,True,0.0006390810012817383,
9,2,52,head_0,degradation,1.001953125,1.0000044107437134,659,AGAATT,2.96484375,771,AGCGGA,3.55078125,771,AGCGGA,3.55078125,659,AGAATT,2.1707886844524182e-05,771,AGCGGA,0.0015973644331097603,3291,GGCAGA,0.34477463364601135,False,False,True,-0.00013241171836853027,
9,3,52,head_0,degradation,1.001953125,0.9934403300285339,659,AGAATT,2.9609375,771,AGCGGA,3.546875,771,AGCGGA,3.546875,659,AGAATT,2.1588875824818388e-05,771,AGCGGA,0.0015900582075119019,3291,GGCAGA,0.34558868408203125,False,False,True,-0.0002833902835845947,
9,4,52,head_0,degradation,0.99365234375,0.9855354428291321,659,AGAATT,2.96875,771,AGCGGA,3.544921875,771,AGCGGA,3.544921875,659,AGAATT,2.1925086912233382e-05,771,AGCGGA,0.0015817389357835054,3291,GGCAGA,0.3448786437511444,False,False,True,-0.0007968544960021973,
9,5,52,head_0,degradation,1.001953125,0.9714300632476807,659,AGAATT,2.9609375,771,AGCGGA,3.546875,771,AGCGGA,3.546875,659,AGAATT,2.154421054001432e-05,771,AGCGGA,0.001565913436934352,3291,GGCAGA,0.34569525718688965,False,False,True,-0.0006291866302490234,
9,6,52,head_0,degradation,0.9951171875,0.9779331684112549,659,AGAATT,2.966796875,771,AGCGGA,3.544921875,771,AGCGGA,3.544921875,659,AGAATT,2.181049967475701e-05,771,AGCGGA,0.0015733003383502364,3291,GGCAGA,0.3439611792564392,False,False,True,-0.0004336237907409668,
9,7,52,head_0,degradation,1.0,1.000748872756958,659,AGAATT,2.966796875,771,AGCGGA,3.55078125,771,AGCGGA,3.55078125,659,AGAATT,2.200851304223761e-05,771,AGCGGA,0.0015984803903847933,3291,GGCAGA,0.34354984760284424,False,False,True,-8.90195369720459e-05,
9,8,52,head_0,degradation,0.9951171875,0.9929715991020203,659,AGAATT,2.96875,771,AGCGGA,3.546875,771,AGCGGA,3.546875,659,AGAATT,2.2052097847335972e-05,771,AGCGGA,0.0015900081489235163,3291,GGCAGA,0.34253811836242676,False,False,True,-0.0004551410675048828,
9,9,52,head_0,degradation,0.9951171875,1.0018442869186401,659,AGAATT,2.97265625,771,AGCGGA,3.55078125,771,AGCGGA,3.55078125,659,AGAATT,2.212219624198042e-05,771,AGCGGA,0.0015997933223843575,3291,GGCAGA,0.344719797372818,False,False,True,0.00014796853065490723,
9,10,52,head_0,degradation,0.9951171875,0.998593807220459,659,AGAATT,2.97265625,771,AGCGGA,3.55078125,771,AGCGGA,3.55078125,659,AGAATT,2.1745043341070414e-05,771,AGCGGA,0.0015958570875227451,3291,GGCAGA,0.34527018666267395,False,False,True,0.00020000338554382324,
9,11,52,head_0,degradation,0.99853515625,1.0011839866638184,659,AGAATT,2.97265625,771,AGCGGA,3.5546875,771,AGCGGA,3.5546875,659,AGAATT,2.1596068108920008e-05,771,AGCGGA,0.0015985443023964763,3291,GGCAGA,0.34442436695098877,False,False,True,0.00017392635345458984,
9,12,52,head_0,degradation,1.0078125,0.9950437545776367,659,AGAATT,2.9609375,771,AGCGGA,3.5546875,771,AGCGGA,3.5546875,659,AGAATT,2.1274887330946513e-05,771,AGCGGA,0.0015914998948574066,3291,GGCAGA,0.34392842650413513,False,False,True,0.0005678832530975342,
9,13,52,head_0,degradation,1.0068359375,1.0031794309616089,659,AGAATT,2.9609375,771,AGCGGA,3.552734375,771,AGCGGA,3.552734375,659,AGAATT,2.1623300199280493e-05,771,AGCGGA,0.0016007564263418317,3291,GGCAGA,0.34398651123046875,False,False,True,0.0005287826061248779,
9,14,52,head_0,degradation,1.001953125,1.0140267610549927,659,AGAATT,2.966796875,771,AGCGGA,3.552734375,771,AGCGGA,3.552734375,659,AGAATT,2.1871583157917485e-05,771,AGCGGA,0.0016128818970173597,3291,GGCAGA,0.34509342908859253,False,False,True,-3.1888484954833984e-06,
9,15,52,head_0,degradation,1.0078125,1.022940754890442,659,AGAATT,2.95703125,771,AGCGGA,3.55078125,771,AGCGGA,3.55078125,659,AGAATT,2.1837258827872574e-05,771,AGCGGA,0.0016226080479100347,3291,GGCAGA,0.34275826811790466,False,False,True,0.000164031982421875,
9,16,52,head_0,degradation,1.0078125,1.0122729539871216,659,AGAATT,2.958984375,771,AGCGGA,3.552734375,771,AGCGGA,3.552734375,659,AGAATT,2.1638812540913932e-05,771,AGCGGA,0.0016107289120554924,3291,GGCAGA,0.34484848380088806,False,False,True,-0.00011673569679260254,
9,17,52,head_0,degradation,1.0107421875,0.9943705201148987,659,AGAATT,2.95703125,771,AGCGGA,3.5546875,771,AGCGGA,3.5546875,659,AGAATT,2.123600097547751e-05,771,AGCGGA,0.0015907238703221083,3291,GGCAGA,0.3476324677467346,False,False,True,0.00031304359436035156,
9,18,52,head_0,degradation,1.0,0.9814726114273071,659,AGAATT,2.970703125,771,AGCGGA,3.5546875,771,AGCGGA,3.5546875,659,AGAATT,2.158242386940401e-05,771,AGCGGA,0.0015769477467983961,3291,GGCAGA,0.34983524680137634,False,False,True,0.000615537166595459,
9,19,52,head_0,degradation,1.0,0.9930739402770996,659,AGAATT,2.96875,771,AGCGGA,3.552734375,771,AGCGGA,3.552734375,659,AGAATT,2.159136965929065e-05,771,AGCGGA,0.0015896594850346446,3291,GGCAGA,0.347675621509552,False,False,True,0.0006663203239440918,
9,20,52,head_0,degradation,1.0048828125,1.0120311975479126,659,AGAATT,2.9609375,771,AGCGGA,3.55078125,771,AGCGGA,3.55078125,659,AGAATT,2.1926492991042323e-05,771,AGCGGA,0.0016107518458738923,3291,GGCAGA,0.3459918797016144,False,False,True,0.0010794997215270996,
9,21,52,head_0,degradation,1.0068359375,1.016052007675171,659,AGAATT,2.958984375,771,AGCGGA,3.55078125,771,AGCGGA,3.55078125,659,AGAATT,2.1852672944078222e-05,771,AGCGGA,0.001615080633200705,3291,GGCAGA,0.34482648968696594,False,False,True,0.0007227659225463867,
9,22,52,head_0,degradation,1.0068359375,0.99803626537323,659,AGAATT,2.958984375,771,AGCGGA,3.55078125,771,AGCGGA,3.55078125,659,AGAATT,2.1899228158872575e-05,771,AGCGGA,0.0015954008558765054,3291,GGCAGA,0.3447030484676361,False,False,True,0.00044542551040649414,
9,23,52,head_0,degradation,0.9951171875,0.9598966836929321,659,AGAATT,2.966796875,771,AGCGGA,3.544921875,771,AGCGGA,3.544921875,659,AGAATT,2.149506144633051e-05,771,AGCGGA,0.0015532358083873987,3291,GGCAGA,0.34700196981430054,False,False,True,-3.892183303833008e-05,
9,24,52,head_0,degradation,0.98876953125,0.9692342281341553,659,AGAATT,2.9765625,771,AGCGGA,3.546875,771,AGCGGA,3.546875,659,AGAATT,2.1671296053682454e-05,771,AGCGGA,0.0015636362368240952,3291,GGCAGA,0.345867395401001,False,False,True,0.00012001395225524902,
9,25,52,head_0,degradation,0.982421875,0.9597324728965759,659,AGAATT,2.970703125,771,AGCGGA,3.533203125,771,AGCGGA,3.533203125,659,AGAATT,2.1741965610999614e-05,771,AGCGGA,0.0015533029800280929,3291,GGCAGA,0.34396466612815857,False,False,True,0.00012221932411193848,
9,26,52,head_0,degradation,0.990234375,0.9966371655464172,659,AGAATT,2.96484375,771,AGCGGA,3.537109375,771,AGCGGA,3.537109375,659,AGAATT,2.1970816305838525e-05,771,AGCGGA,0.0015939405420795083,3291,GGCAGA,0.3414468765258789,False,False,True,0.0004700124263763428,
9,27,52,head_0,degradation,0.990234375,0.9986437559127808,659,AGAATT,2.9609375,771,AGCGGA,3.533203125,771,AGCGGA,3.533203125,659,AGAATT,2.195834349549841e-05,771,AGCGGA,0.0015961251920089126,3291,GGCAGA,0.34202444553375244,False,False,True,0.00041669607162475586,
9,28,52,head_0,degradation,1.0048828125,1.0220698118209839,659,AGAATT,2.9609375,771,AGCGGA,3.55078125,771,AGCGGA,3.55078125,659,AGAATT,2.1883719455217943e-05,771,AGCGGA,0.0016217008233070374,3291,GGCAGA,0.3448216915130615,False,False,True,0.0005137622356414795,
9,29,52,head_0,degradation,1.0126953125,1.0240963697433472,659,AGAATT,2.951171875,771,AGCGGA,3.55078125,771,AGCGGA,3.55078125,659,AGAATT,2.1819063476868905e-05,771,AGCGGA,0.0016238550888374448,3291,GGCAGA,0.34052368998527527,False,False,True,0.0009786486625671387,
9,30,52,head_0,degradation,1.009765625,1.013957142829895,659,AGAATT,2.95703125,771,AGCGGA,3.552734375,771,AGCGGA,3.552734375,659,AGAATT,2.1403611754067242e-05,771,AGCGGA,0.0016123377718031406,3291,GGCAGA,0.3430296778678894,False,False,True,0.0008854866027832031,
9,31,52,head_0,degradation,1.0107421875,0.9872725009918213,659,AGAATT,2.958984375,771,AGCGGA,3.556640625,771,AGCGGA,3.556640625,659,AGAATT,2.1233379811747e-05,771,AGCGGA,0.0015829491894692183,3291,GGCAGA,0.3446268141269684,False,False,True,0.0008574128150939941,
9,32,52,head_0,degradation,1.0,0.9665333032608032,659,AGAATT,2.966796875,771,AGCGGA,3.55078125,771,AGCGGA,3.55078125,659,AGAATT,2.1233714505797252e-05,771,AGCGGA,0.0015602412167936563,3291,GGCAGA,0.3483065068721771,False,False,True,9.775161743164062e-05,
10,0,52,head_0,degradation,0.9951171875,0.9922215938568115,659,AGAATT,2.966796875,771,AGCGGA,3.544921875,771,AGCGGA,3.544921875,659,AGAATT,2.184981894970406e-05,771,AGCGGA,0.0015889847418293357,3291,GGCAGA,0.34431353211402893,False,False,True,7.995963096618652e-05,
10,1,52,head_0,degradation,1.001953125,0.9987666606903076,659,AGAATT,2.96484375,771,AGCGGA,3.55078125,771,AGCGGA,3.55078125,659,AGAATT,2.1758418370154686e-05,771,AGCGGA,0.0015960597665980458,3291,GGCAGA,0.3445403575897217,False,False,True,-0.00022712349891662598,
10,2,52,head_0,degradation,0.99365234375,0.9948502779006958,659,AGAATT,2.970703125,771,AGCGGA,3.546875,771,AGCGGA,3.546875,659,AGAATT,2.178255090257153e-05,771,AGCGGA,0.0015917957061901689,3291,GGCAGA,0.3453861176967621,False,False,True,-0.00024434924125671387,
10,3,52,head_0,degradation,0.99853515625,0.9920939803123474,659,AGAATT,2.96875,771,AGCGGA,3.55078125,771,AGCGGA,3.55078125,659,AGAATT,2.166050035157241e-05,771,AGCGGA,0.001588655635714531,3291,GGCAGA,0.3450468182563782,False,False,True,-0.0004312098026275635,
10,4,52,head_0,degradation,0.99853515625,1.0147228240966797,659,AGAATT,2.96875,771,AGCGGA,3.55078125,771,AGCGGA,3.55078125,659,AGAATT,2.2024285499355756e-05,771,AGCGGA,0.0016137968050315976,3291,GGCAGA,0.34424760937690735,False,False,True,-0.0007552504539489746,
10,5,52,head_0,degradation,1.0,1.0081889629364014,659,AGAATT,2.966796875,771,AGCGGA,3.55078125,771,AGCGGA,3.55078125,659,AGAATT,2.1922629457549192e-05,771,AGCGGA,0.0016065409872680902,3291,GGCAGA,0.3448399603366852,False,False,True,-0.0004265904426574707,
10,6,52,head_0,degradation,0.99365234375,1.0068646669387817,659,AGAATT,2.96875,771,AGCGGA,3.544921875,771,AGCGGA,3.544921875,659,AGAATT,2.2104348317952827e-05,771,AGCGGA,0.0016052726423367858,3291,GGCAGA,0.34435224533081055,False,False,True,-0.0009833574295043945,
10,7,52,head_0,degradation,0.9873046875,0.9875823259353638,659,AGAATT,2.970703125,771,AGCGGA,3.5390625,771,AGCGGA,3.5390625,659,AGAATT,2.1857307729078457e-05,771,AGCGGA,0.0015839124098420143,3291,GGCAGA,0.3454684913158417,False,False,True,-0.001292198896408081,
10,8,52,head_0,degradation,0.98388671875,0.9885774850845337,659,AGAATT,2.978515625,771,AGCGGA,3.54296875,771,AGCGGA,3.54296875,659,AGAATT,2.19865014514653e-05,771,AGCGGA,0.0015851312782615423,3291,GGCAGA,0.3499058187007904,False,False,True,-0.0013134777545928955,
10,9,52,head_0,degradation,0.98388671875,0.9711724519729614,659,AGAATT,2.98046875,771,AGCGGA,3.544921875,771,AGCGGA,3.544921875,659,AGAATT,2.1678972188965417e-05,771,AGCGGA,0.0015657661715522408,3291,GGCAGA,0.3540651500225067,False,False,True,-0.0008621513843536377,
10,10,52,head_0,degradation,0.9873046875,1.0031334161758423,659,AGAATT,2.9765625,771,AGCGGA,3.544921875,771,AGCGGA,3.544921875,659,AGAATT,2.2010197426425293e-05,771,AGCGGA,0.0016010928666219115,3291,GGCAGA,0.3512840270996094,False,False,True,-0.00023534893989562988,
10,11,52,head_0,degradation,0.990234375,1.0137195587158203,659,AGAATT,2.978515625,771,AGCGGA,3.55078125,771,AGCGGA,3.55078125,659,AGAATT,2.1935031327302568e-05,771,AGCGGA,0.0016126090195029974,3291,GGCAGA,0.3517705500125885,False,False,True,-0.0009078383445739746,
10,12,52,head_0,degradation,0.990234375,1.0320309400558472,659,AGAATT,2.984375,771,AGCGGA,3.556640625,771,AGCGGA,3.556640625,659,AGAATT,2.2327430997393094e-05,771,AGCGGA,0.0016330514336004853,3291,GGCAGA,0.35306409001350403,False,False,True,-0.0007131993770599365,
10,13,52,head_0,degradation,0.99365234375,0.9890603423118591,659,AGAATT,2.978515625,771,AGCGGA,3.5546875,771,AGCGGA,3.5546875,659,AGAATT,2.1987138097756542e-05,771,AGCGGA,0.0015856606187298894,3291,GGCAGA,0.3524128794670105,False,False,True,-0.0009553730487823486,
10,14,52,head_0,degradation,0.99853515625,0.9894025921821594,659,AGAATT,2.97265625,771,AGCGGA,3.5546875,771,AGCGGA,3.5546875,659,AGAATT,2.2093317966209725e-05,771,AGCGGA,0.0015861415304243565,3291,GGCAGA,0.34954699873924255,False,False,True,-1.6570091247558594e-05,
10,15,52,head_0,degradation,1.001953125,1.0290766954421997,659,AGAATT,2.9765625,771,AGCGGA,3.5625,771,AGCGGA,3.5625,659,AGAATT,2.2500067643704824e-05,771,AGCGGA,0.0016299893613904715,3291,GGCAGA,0.33980274200439453,False,False,True,0.0005021095275878906,
10,16,52,head_0,degradation,1.0,1.0143848657608032,659,AGAATT,2.97265625,771,AGCGGA,3.556640625,771,AGCGGA,3.556640625,659,AGAATT,2.259248140035197e-05,771,AGCGGA,0.001613994943909347,3291,GGCAGA,0.34097522497177124,False,False,True,0.00032395124435424805,
10,17,52,head_0,degradation,1.001953125,1.0276343822479248,659,AGAATT,2.96875,771,AGCGGA,3.5546875,771,AGCGGA,3.5546875,659,AGAATT,2.235905412817374e-05,771,AGCGGA,0.0016282690921798348,3291,GGCAGA,0.34148579835891724,False,False,True,-0.00028020143508911133,
10,18,52,head_0,degradation,0.98583984375,0.9048357009887695,659,AGAATT,2.919921875,771,AGCGGA,3.486328125,771,AGCGGA,3.486328125,659,AGAATT,2.0969022443750873e-05,771,AGCGGA,0.001492421026341617,3291,GGCAGA,0.32404622435569763,False,False,True,-0.0003266334533691406,
10,19,52,head_0,degradation,0.98583984375,0.9418002963066101,659,AGAATT,2.888671875,771,AGCGGA,3.455078125,771,AGCGGA,3.455078125,659,AGAATT,2.1224686861387454e-05,771,AGCGGA,0.0015331509057432413,3291,GGCAGA,0.2798299193382263,False,False,True,0.003855586051940918,
10,20,52,head_0,degradation,0.97314453125,0.9314739108085632,659,AGAATT,2.88671875,771,AGCGGA,3.4375,771,AGCGGA,3.4375,659,AGAATT,2.1798334273626097e-05,771,AGCGGA,0.0015224176459014416,3291,GGCAGA,0.27072250843048096,False,False,True,0.0051457881927490234,
10,21,52,head_0,degradation,0.99658203125,0.9709284901618958,659,AGAATT,2.927734375,771,AGCGGA,3.5078125,771,AGCGGA,3.5078125,659,AGAATT,2.1278689018799923e-05,771,AGCGGA,0.001565098762512207,3291,GGCAGA,0.309193879365921,False,False,True,0.0021862685680389404,
10,22,52,head_0,degradation,0.9873046875,0.9338922500610352,659,AGAATT,2.970703125,771,AGCGGA,3.5390625,771,AGCGGA,3.5390625,659,AGAATT,2.1585186914307997e-05,771,AGCGGA,0.001524852472357452,3291,GGCAGA,0.35331904888153076,False,False,True,3.793835639953613e-05,
10,23,52,head_0,degradation,0.99658203125,0.9069837331771851,659,AGAATT,2.984375,771,AGCGGA,3.564453125,771,AGCGGA,3.564453125,659,AGAATT,2.0598778064595535e-05,771,AGCGGA,0.0014944026479497552,3291,GGCAGA,0.3667834401130676,False,False,True,0.0007505714893341064,
10,24,52,head_0,degradation,0.99853515625,0.9478113055229187,659,AGAATT,2.98828125,771,AGCGGA,3.5703125,771,AGCGGA,3.5703125,659,AGAATT,2.0951016267645173e-05,771,AGCGGA,0.0015394589863717556,3291,GGCAGA,0.35788655281066895,False,False,True,0.00035315752029418945,
10,25,52,head_0,degradation,0.99658203125,0.9377449154853821,659,AGAATT,2.978515625,771,AGCGGA,3.55859375,771,AGCGGA,3.55859375,659,AGAATT,2.088570545311086e-05,771,AGCGGA,0.0015283714747056365,3291,GGCAGA,0.3548808991909027,False,False,True,0.0005891621112823486,
10,26,52,head_0,degradation,0.99365234375,0.9732601642608643,659,AGAATT,2.95703125,771,AGCGGA,3.533203125,771,AGCGGA,3.533203125,659,AGAATT,2.1519508663914166e-05,771,AGCGGA,0.0015678926138207316,3291,GGCAGA,0.3431190550327301,False,False,True,0.00036337971687316895,
10,27,52,head_0,degradation,0.9951171875,0.993513822555542,659,AGAATT,2.958984375,771,AGCGGA,3.537109375,771,AGCGGA,3.537109375,659,AGAATT,2.1887472030357458e-05,771,AGCGGA,0.0015904372557997704,3291,GGCAGA,0.3427247107028961,False,False,True,0.0005120933055877686,
10,28,52,head_0,degradation,1.001953125,1.015913963317871,659,AGAATT,2.958984375,771,AGCGGA,3.544921875,771,AGCGGA,3.544921875,659,AGAATT,2.2049138351576403e-05,771,AGCGGA,0.0016151259187608957,3291,GGCAGA,0.3414485454559326,False,False,True,0.0005334615707397461,
10,29,52,head_0,degradation,1.0078125,1.0364290475845337,659,AGAATT,2.958984375,771,AGCGGA,3.552734375,771,AGCGGA,3.552734375,659,AGAATT,2.215616223111283e-05,771,AGCGGA,0.0016376958228647709,3291,GGCAGA,0.3429705500602722,False,False,True,0.0003426671028137207,
10,30,52,head_0,degradation,1.0,1.0079964399337769,659,AGAATT,2.9609375,771,AGCGGA,3.544921875,771,AGCGGA,3.544921875,659,AGAATT,2.1861158529645763e-05,771,AGCGGA,0.001606268691830337,3291,GGCAGA,0.3420827388763428,False,False,True,0.00010818243026733398,
10,31,52,head_0,degradation,0.99658203125,1.0130351781845093,659,AGAATT,2.96484375,771,AGCGGA,3.544921875,771,AGCGGA,3.544921875,659,AGAATT,2.193148247897625e-05,771,AGCGGA,0.0016118561616167426,3291,GGCAGA,0.3406013548374176,False,False,True,0.00012367963790893555,
10,32,52,head_0,degradation,0.99365234375,1.0203838348388672,659,AGAATT,2.966796875,771,AGCGGA,3.54296875,771,AGCGGA,3.54296875,659,AGAATT,2.194245098507963e-05,771,AGCGGA,0.0016199134988710284,3291,GGCAGA,0.342178612947464,False,False,True,0.0005173981189727783,
11,0,52,head_0,degradation,1.001953125,1.0070844888687134,659,AGAATT,2.958984375,771,AGCGGA,3.544921875,771,AGCGGA,3.544921875,659,AGAATT,2.1849749828106724e-05,771,AGCGGA,0.0016052586724981666,3291,GGCAGA,0.34271374344825745,False,False,True,0.00013935565948486328,
11,1,52,head_0,degradation,0.99658203125,1.0030252933502197,659,AGAATT,2.958984375,771,AGCGGA,3.5390625,771,AGCGGA,3.5390625,659,AGAATT,2.1991201720084064e-05,771,AGCGGA,0.0016009556129574776,3291,GGCAGA,0.3414771258831024,False,False,True,-0.00012877583503723145,
11,2,52,head_0,degradation,0.99658203125,1.0220234394073486,659,AGAATT,2.966796875,771,AGCGGA,3.546875,771,AGCGGA,3.546875,659,AGAATT,2.203001713496633e-05,771,AGCGGA,0.0016217962838709354,3291,GGCAGA,0.3428482413291931,False,False,True,-6.657838821411133e-05,
11,3,52,head_0,degradation,0.99853515625,1.0157986879348755,659,AGAATT,2.9609375,771,AGCGGA,3.54296875,771,AGCGGA,3.54296875,659,AGAATT,2.1901294530835003e-05,771,AGCGGA,0.0016148518770933151,3291,GGCAGA,0.3420424163341522,False,False,True,-0.0004431605339050293,
11,4,52,head_0,degradation,0.99658203125,1.0294164419174194,659,AGAATT,2.966796875,771,AGCGGA,3.546875,771,AGCGGA,3.546875,659,AGAATT,2.2221005565370433e-05,771,AGCGGA,0.0016300822608172894,3291,GGCAGA,0.3414750397205353,False,False,True,-0.0003877878189086914,
11,5,52,head_0,degradation,1.0,1.0080269575119019,659,AGAATT,2.958984375,771,AGCGGA,3.54296875,771,AGCGGA,3.54296875,659,AGAATT,2.184776349167805e-05,771,AGCGGA,0.0016062887152656913,3291,GGCAGA,0.34134137630462646,False,False,True,-0.00017631053924560547,
11,6,52,head_0,degradation,1.0048828125,1.0114938020706177,659,AGAATT,2.9609375,771,AGCGGA,3.55078125,771,AGCGGA,3.55078125,659,AGAATT,2.1882478904444724e-05,771,AGCGGA,0.0016101193614304066,3291,GGCAGA,0.34229639172554016,False,False,True,0.00015494227409362793,
11,7,52,head_0,degradation,0.99853515625,0.9923286437988281,659,AGAATT,2.9609375,771,AGCGGA,3.54296875,771,AGCGGA,3.54296875,659,AGAATT,2.1442117940750904e-05,771,AGCGGA,0.0015886941691860557,3291,GGCAGA,0.34446606040000916,False,False,True,-0.000293731689453125,
11,8,52,head_0,degradation,0.9951171875,0.9888848066329956,659,AGAATT,2.966796875,771,AGCGGA,3.544921875,771,AGCGGA,3.544921875,659,AGAATT,2.1712778107030317e-05,771,AGCGGA,0.001585194026120007,3291,GGCAGA,0.34705889225006104,False,False,True,-0.0004661679267883301,
11,9,52,head_0,degradation,0.9873046875,0.9838322401046753,659,AGAATT,2.970703125,771,AGCGGA,3.5390625,771,AGCGGA,3.5390625,659,AGAATT,2.19718294829363e-05,771,AGCGGA,0.0015799208777025342,3291,GGCAGA,0.3461367189884186,False,False,True,-0.0005179345607757568,
11,10,52,head_0,degradation,0.9951171875,1.0138211250305176,659,AGAATT,2.97265625,771,AGCGGA,3.55078125,771,AGCGGA,3.55078125,659,AGAATT,2.2343636373989284e-05,771,AGCGGA,0.0016131288139149547,3291,GGCAGA,0.34519368410110474,False,False,True,-7.897615432739258e-06,
11,11,52,head_0,degradation,0.99853515625,1.0039219856262207,659,AGAATT,2.96484375,771,AGCGGA,3.546875,771,AGCGGA,3.546875,659,AGAATT,2.2050853658583947e-05,771,AGCGGA,0.0016019969480112195,3291,GGCAGA,0.3462655544281006,False,False,True,-0.00017330050468444824,
11,12,52,head_0,degradation,1.001953125,1.0306378602981567,659,AGAATT,2.9609375,771,AGCGGA,3.546875,771,AGCGGA,3.546875,659,AGAATT,2.216944267274812e-05,771,AGCGGA,0.0016313680680468678,3291,GGCAGA,0.34287261962890625,False,False,True,-0.0003472864627838135,
11,13,52,head_0,degradation,0.99365234375,0.995369017124176,659,AGAATT,2.966796875,771,AGCGGA,3.54296875,771,AGCGGA,3.54296875,659,AGAATT,2.2049067410989664e-05,771,AGCGGA,0.0015926301712170243,3291,GGCAGA,0.34112972021102905,False,False,True,-0.0004654824733734131,
11,14,52,head_0,degradation,0.98876953125,1.005959153175354,659,AGAATT,2.966796875,771,AGCGGA,3.537109375,771,AGCGGA,3.537109375,659,AGAATT,2.2220712708076462e-05,771,AGCGGA,0.001604397431947291,3291,GGCAGA,0.33731722831726074,False,False,True,0.00041240453720092773,
11,15,52,head_0,degradation,0.982421875,0.9691447019577026,659,AGAATT,2.96875,771,AGCGGA,3.53125,771,AGCGGA,3.53125,659,AGAATT,2.1507990823010914e-05,771,AGCGGA,0.0015633748844265938,3291,GGCAGA,0.34468749165534973,False,False,True,0.0010401904582977295,
11,16,52,head_0,degradation,0.98388671875,1.0028940439224243,659,AGAATT,2.970703125,771,AGCGGA,3.53515625,771,AGCGGA,3.53515625,659,AGAATT,2.1785792341688648e-05,771,AGCGGA,0.0016006064834073186,3291,GGCAGA,0.3399886190891266,False,False,True,0.0010122358798980713,
11,17,52,head_0,degradation,0.9921875,1.0405539274215698,659,AGAATT,2.96875,771,AGCGGA,3.54296875,771,AGCGGA,3.54296875,659,AGAATT,2.2166610506246798e-05,771,AGCGGA,0.001642222865484655,3291,GGCAGA,0.3418884575366974,False,False,True,-0.0019765496253967285,
11,18,52,head_0,degradation,1.001953125,1.10395348072052,659,AGAATT,2.90234375,771,AGCGGA,3.48828125,771,AGCGGA,3.48828125,659,AGAATT,2.4036908143898472e-05,771,AGCGGA,0.0017135122325271368,3291,GGCAGA,0.30086469650268555,False,False,True,0.002015620470046997,
11,19,52,head_0,degradation,1.0126953125,1.1110094785690308,659,AGAATT,2.892578125,771,AGCGGA,3.4921875,771,AGCGGA,3.4921875,659,AGAATT,2.3557293388876133e-05,771,AGCGGA,0.0017207586206495762,3291,GGCAGA,0.3037596046924591,False,False,True,0.0030239522457122803,
11,20,52,head_0,degradation,0.99853515625,0.9724138975143433,659,AGAATT,2.9140625,771,AGCGGA,3.49609375,771,AGCGGA,3.49609375,659,AGAATT,2.1655803720932454e-05,771,AGCGGA,0.0015671022702008486,3291,GGCAGA,0.32884320616722107,False,False,True,0.005176365375518799,
11,21,52,head_0,degradation,0.9921875,0.9020657539367676,659,AGAATT,2.98046875,771,AGCGGA,3.5546875,771,AGCGGA,3.5546875,659,AGAATT,1.9944827727158554e-05,771,AGCGGA,0.0014883638359606266,3291,GGCAGA,0.3762306869029999,False,False,True,0.0004386007785797119,
11,22,52,head_0,degradation,1.0,0.9038957357406616,659,AGAATT,2.978515625,771,AGCGGA,3.5625,771,AGCGGA,3.5625,659,AGAATT,1.9929160771425813e-05,771,AGCGGA,0.0014903518604114652,3291,GGCAGA,0.37380144000053406,False,False,True,0.0005313754081726074,
11,23,52,head_0,degradation,0.99853515625,0.9598995447158813,659,AGAATT,2.96875,771,AGCGGA,3.55078125,771,AGCGGA,3.55078125,659,AGAATT,2.1260389985400252e-05,771,AGCGGA,0.001553004258312285,3291,GGCAGA,0.3534964621067047,False,False,True,-0.0003186166286468506,
11,24,52,head_0,degradation,1.001953125,0.9897090196609497,659,AGAATT,2.96484375,771,AGCGGA,3.55078125,771,AGCGGA,3.55078125,659,AGAATT,2.1582332919933833e-05,771,AGCGGA,0.0015859660925343633,3291,GGCAGA,0.34337636828422546,False,False,True,-5.5402517318725586e-05,
11,25,52,head_0,degradation,0.9873046875,0.975441575050354,659,AGAATT,2.958984375,771,AGCGGA,3.52734375,771,AGCGGA,3.52734375,659,AGAATT,2.1792040570289828e-05,771,AGCGGA,0.0015705536352470517,3291,GGCAGA,0.341484934091568,False,False,True,8.672475814819336e-06,
11,26,52,head_0,degradation,0.9921875,0.9678107500076294,659,AGAATT,2.958984375,771,AGCGGA,3.533203125,771,AGCGGA,3.533203125,659,AGAATT,2.1724197722505778e-05,771,AGCGGA,0.0015621304046362638,3291,GGCAGA,0.3431384265422821,False,False,True,-0.00036793947219848633,
11,27,52,head_0,degradation,0.99365234375,0.9784650802612305,659,AGAATT,2.9609375,771,AGCGGA,3.537109375,771,AGCGGA,3.537109375,659,AGAATT,2.174793553422205e-05,771,AGCGGA,0.0015738201327621937,3291,GGCAGA,0.34238842129707336,False,False,True,-0.00019073486328125,
11,28,52,head_0,degradation,1.0126953125,1.035127878189087,659,AGAATT,2.958984375,771,AGCGGA,3.55859375,771,AGCGGA,3.55859375,659,AGAATT,2.1631914933095686e-05,771,AGCGGA,0.0016357469139620662,3291,GGCAGA,0.3408886194229126,False,False,True,0.0007885992527008057,
11,29,52,head_0,degradation,1.0107421875,1.0521395206451416,659,AGAATT,2.9609375,771,AGCGGA,3.55859375,771,AGCGGA,3.55859375,659,AGAATT,2.182502612413373e-05,771,AGCGGA,0.001654566964134574,3291,GGCAGA,0.3394545316696167,False,False,True,0.000883936882019043,
11,30,52,head_0,degradation,1.0107421875,1.0596044063568115,659,AGAATT,2.95703125,771,AGCGGA,3.5546875,771,AGCGGA,3.5546875,659,AGAATT,2.2004180209478363e-05,771,AGCGGA,0.0016629196470603347,3291,GGCAGA,0.3387405276298523,False,False,True,0.0006096065044403076,
11,31,52,head_0,degradation,1.0048828125,1.0128304958343506,659,AGAATT,2.9609375,771,AGCGGA,3.55078125,771,AGCGGA,3.55078125,659,AGAATT,2.190162194892764e-05,771,AGCGGA,0.001611602259799838,3291,GGCAGA,0.342925488948822,False,False,True,-2.855062484741211e-05,
11,32,52,head_0,degradation,0.9951171875,0.9714281558990479,659,AGAATT,2.958984375,771,AGCGGA,3.537109375,771,AGCGGA,3.537109375,659,AGAATT,2.1521873350138776e-05,771,AGCGGA,0.0015658889897167683,3291,GGCAGA,0.34311485290527344,False,False,True,-0.0004114210605621338,
12,0,52,head_0,degradation,1.0,1.0017931461334229,659,AGAATT,2.966796875,771,AGCGGA,3.55078125,771,AGCGGA,3.55078125,659,AGAATT,2.1743599063483998e-05,771,AGCGGA,0.0015993588604032993,3291,GGCAGA,0.34606480598449707,False,False,True,0.00018587708473205566,
12,1,52,head_0,degradation,1.0,0.9909123778343201,659,AGAATT,2.966796875,771,AGCGGA,3.55078125,771,AGCGGA,3.55078125,659,AGAATT,2.160317490051966e-05,771,AGCGGA,0.0015873045194894075,3291,GGCAGA,0.34728240966796875,False,False,True,2.327561378479004e-05,
12,2,52,head_0,degradation,1.001953125,0.9930026531219482,659,AGAATT,2.966796875,771,AGCGGA,3.552734375,771,AGCGGA,3.552734375,659,AGAATT,2.1617684978991747e-05,771,AGCGGA,0.0015896077966317534,3291,GGCAGA,0.34687477350234985,False,False,True,-0.00010737776756286621,
12,3,52,head_0,degradation,0.99853515625,0.9964983463287354,659,AGAATT,2.96875,771,AGCGGA,3.55078125,771,AGCGGA,3.55078125,659,AGAATT,2.1621233827318065e-05,771,AGCGGA,0.001593438908457756,3291,GGCAGA,0.346809983253479,False,False,True,0.0001735687255859375,
12,4,52,head_0,degradation,0.99658203125,1.003089189529419,659,AGAATT,2.970703125,771,AGCGGA,3.55078125,771,AGCGGA,3.55078125,659,AGAATT,2.1830892364960164e-05,771,AGCGGA,0.001600865158252418,3291,GGCAGA,0.3450086712837219,False,False,True,7.319450378417969e-05,
12,5,52,head_0,degradation,0.9921875,0.9990418553352356,659,AGAATT,2.970703125,771,AGCGGA,3.544921875,771,AGCGGA,3.544921875,659,AGAATT,2.1847210518899374e-05,771,AGCGGA,0.0015964498743414879,3291,GGCAGA,0.3443407118320465,False,False,True,7.411837577819824e-05,
12,6,52,head_0,degradation,0.9951171875,0.9994838237762451,659,AGAATT,2.96875,771,AGCGGA,3.546875,771,AGCGGA,3.546875,659,AGAATT,2.171145024476573e-05,771,AGCGGA,0.0015967980725690722,3291,GGCAGA,0.3455686867237091,False,False,True,-0.00010251998901367188,
12,7,52,head_0,degradation,0.9951171875,0.9958763718605042,659,AGAATT,2.96875,771,AGCGGA,3.546875,771,AGCGGA,3.546875,659,AGAATT,2.1792740881210193e-05,771,AGCGGA,0.0015929293585941195,3291,GGCAGA,0.3452737033367157,False,False,True,0.00014343857765197754,
12,8,52,head_0,degradation,0.9951171875,1.0018391609191895,659,AGAATT,2.96875,771,AGCGGA,3.546875,771,AGCGGA,3.546875,659,AGAATT,2.1981615645927377e-05,771,AGCGGA,0.0015996472211554646,3291,GGCAGA,0.34466204047203064,False,False,True,8.407235145568848e-05,
12,9,52,head_0,degradation,0.9951171875,0.976326048374176,659,AGAATT,2.966796875,771,AGCGGA,3.544921875,771,AGCGGA,3.544921875,659,AGAATT,2.1869494958082214e-05,771,AGCGGA,0.0015715996269136667,3291,GGCAGA,0.3472895324230194,False,False,True,-0.0001112818717956543,
12,10,52,head_0,degradation,0.990234375,0.9638267755508423,659,AGAATT,2.966796875,771,AGCGGA,3.5390625,771,AGCGGA,3.5390625,659,AGAATT,2.169388608308509e-05,771,AGCGGA,0.0015577379381284118,3291,GGCAGA,0.34806618094444275,False,False,True,-0.00049591064453125,
12,11,52,head_0,degradation,0.9921875,0.9660881161689758,659,AGAATT,2.970703125,771,AGCGGA,3.544921875,771,AGCGGA,3.544921875,659,AGAATT,2.1627251044264995e-05,771,AGCGGA,0.0015601473860442638,3291,GGCAGA,0.3511779308319092,False,False,True,-0.000809013843536377,
12,12,52,head_0,degradation,0.98876953125,0.9705200791358948,659,AGAATT,2.9765625,771,AGCGGA,3.546875,771,AGCGGA,3.546875,659,AGAATT,2.1649180780514143e-05,771,AGCGGA,0.001565022044815123,3291,GGCAGA,0.3517434298992157,False,False,True,-0.0007547736167907715,
12,13,52,head_0,degradation,0.99658203125,0.994154691696167,659,AGAATT,2.97265625,771,AGCGGA,3.552734375,771,AGCGGA,3.552734375,659,AGAATT,2.1808044039062224e-05,771,AGCGGA,0.0015910596121102571,3291,GGCAGA,0.350272536277771,False,False,True,-0.0003775060176849365,
12,14,52,head_0,degradation,0.99853515625,1.0054614543914795,659,AGAATT,2.970703125,771,AGCGGA,3.552734375,771,AGCGGA,3.552734375,659,AGAATT,2.1840431145392358e-05,771,AGCGGA,0.0016034722793847322,3291,GGCAGA,0.34729912877082825,False,False,True,-0.0007507801055908203,
12,15,52,head_0,degradation,1.0,1.005497932434082,659,AGAATT,2.970703125,771,AGCGGA,3.5546875,771,AGCGGA,3.5546875,659,AGAATT,2.1682506485376507e-05,771,AGCGGA,0.0016033542342483997,3291,GGCAGA,0.3492876887321472,False,False,True,-6.082653999328613e-05,
12,16,52,head_0,degradation,0.99853515625,1.0131301879882812,659,AGAATT,2.96875,771,AGCGGA,3.55078125,771,AGCGGA,3.55078125,659,AGAATT,2.1750558516941965e-05,771,AGCGGA,0.001611779211089015,3291,GGCAGA,0.3460012972354889,False,False,True,-0.0006130635738372803,
12,17,52,head_0,degradation,0.9951171875,1.0098497867584229,659,AGAATT,2.97265625,771,AGCGGA,3.55078125,771,AGCGGA,3.55078125,659,AGAATT,2.196678724430967e-05,771,AGCGGA,0.0016084035160019994,3291,GGCAGA,0.34602028131484985,False,False,True,0.0001251697540283203,
12,18,52,head_0,degradation,0.9951171875,0.9896849989891052,659,AGAATT,2.96875,771,AGCGGA,3.546875,771,AGCGGA,3.546875,659,AGAATT,2.167427373933606e-05,771,AGCGGA,0.0015860317507758737,3291,GGCAGA,0.3458304703235626,False,False,True,0.0006302297115325928,
12,19,52,head_0,degradation,0.9921875,0.9878483414649963,659,AGAATT,2.970703125,771,AGCGGA,3.544921875,771,AGCGGA,3.544921875,659,AGAATT,2.1573578123934567e-05,771,AGCGGA,0.001583919976837933,3291,GGCAGA,0.34857308864593506,False,False,True,0.001415550708770752,
12,20,52,head_0,degradation,0.99365234375,0.9884390234947205,659,AGAATT,2.970703125,771,AGCGGA,3.546875,771,AGCGGA,3.546875,659,AGAATT,2.159418727387674e-05,771,AGCGGA,0.0015845873858779669,3291,GGCAGA,0.34561043977737427,False,False,True,0.000831902027130127,
12,21,52,head_0,degradation,0.99853515625,1.0126676559448242,659,AGAATT,2.96875,771,AGCGGA,3.55078125,771,AGCGGA,3.55078125,659,AGAATT,2.1832564016222022e-05,771,AGCGGA,0.001611354760825634,3291,GGCAGA,0.34337544441223145,False,False,True,0.00024816393852233887,
12,22,52,head_0,degradation,1.0029296875,1.0144723653793335,659,AGAATT,2.958984375,771,AGCGGA,3.546875,771,AGCGGA,3.546875,659,AGAATT,2.1846179151907563e-05,771,AGCGGA,0.0016133444150909781,3291,GGCAGA,0.3429611027240753,False,False,True,-8.085370063781738e-05,
12,23,52,head_0,degradation,1.001953125,1.008189082145691,659,AGAATT,2.958984375,771,AGCGGA,3.544921875,771,AGCGGA,3.544921875,659,AGAATT,2.1536627173190936e-05,771,AGCGGA,0.001606155070476234,3291,GGCAGA,0.34718021750450134,False,False,True,-0.00035762786865234375,
12,24,52,head_0,degradation,1.001953125,1.0104467868804932,659,AGAATT,2.95703125,771,AGCGGA,3.54296875,771,AGCGGA,3.54296875,659,AGAATT,2.149364991055336e-05,771,AGCGGA,0.001608584076166153,3291,GGCAGA,0.34631267189979553,False,False,True,-0.00028198957443237305,
12,25,52,head_0,degradation,0.9951171875,1.006913661956787,659,AGAATT,2.958984375,771,AGCGGA,3.537109375,771,AGCGGA,3.537109375,659,AGAATT,2.1624702640110627e-05,771,AGCGGA,0.001604846678674221,3291,GGCAGA,0.3408580720424652,False,False,True,-1.2636184692382812e-05,
12,26,52,head_0,degradation,0.9921875,1.0030546188354492,659,AGAATT,2.96484375,771,AGCGGA,3.5390625,771,AGCGGA,3.5390625,659,AGAATT,2.1683363229385577e-05,771,AGCGGA,0.0016006798250600696,3291,GGCAGA,0.34105899930000305,False,False,True,-7.939338684082031e-05,
12,27,52,head_0,degradation,0.990234375,0.9849528074264526,659,AGAATT,2.96484375,771,AGCGGA,3.537109375,771,AGCGGA,3.537109375,659,AGAATT,2.1591158656519838e-05,771,AGCGGA,0.0015807671006768942,3291,GGCAGA,0.34191668033599854,False,False,True,9.149312973022461e-06,
12,28,52,head_0,degradation,0.9951171875,0.9830056428909302,659,AGAATT,2.96484375,771,AGCGGA,3.54296875,771,AGCGGA,3.54296875,659,AGAATT,2.145953658327926e-05,771,AGCGGA,0.0015785034047439694,3291,GGCAGA,0.3471425473690033,False,False,True,9.229779243469238e-05,
12,29,52,head_0,degradation,0.99658203125,0.9914135336875916,659,AGAATT,2.96484375,771,AGCGGA,3.544921875,771,AGCGGA,3.544921875,659,AGAATT,2.1721631128457375e-05,771,AGCGGA,0.0015879716956987977,3291,GGCAGA,0.34917688369750977,False,False,True,0.00012952089309692383,
12,30,52,head_0,degradation,0.990234375,1.0071213245391846,659,AGAATT,2.970703125,771,AGCGGA,3.54296875,771,AGCGGA,3.54296875,659,AGAATT,2.213118932559155e-05,771,AGCGGA,0.0016055804444476962,3291,GGCAGA,0.34663262963294983,False,False,True,0.0001552104949951172,
12,31,52,head_0,degradation,0.99658203125,1.0324491262435913,659,AGAATT,2.970703125,771,AGCGGA,3.55078125,771,AGCGGA,3.55078125,659,AGAATT,2.2286514649749734e-05,771,AGCGGA,0.0016334684332832694,3291,GGCAGA,0.34441065788269043,False,False,True,-2.1845102310180664e-05,
12,32,52,head_0,degradation,0.99365234375,1.0182733535766602,659,AGAATT,2.970703125,771,AGCGGA,3.546875,771,AGCGGA,3.546875,659,AGAATT,2.218688496213872e-05,771,AGCGGA,0.0016178471269086003,3291,GGCAGA,0.34316346049308777,False,False,True,8.288025856018066e-05,
13,0,52,head_0,degradation,1.0048828125,1.0026780366897583,659,AGAATT,2.9609375,771,AGCGGA,3.55078125,771,AGCGGA,3.55078125,659,AGAATT,2.1779158487333916e-05,771,AGCGGA,0.0016003632918000221,3291,GGCAGA,0.34473738074302673,False,False,True,-7.18235969543457e-05,
13,1,52,head_0,degradation,1.0048828125,0.9968430399894714,659,AGAATT,2.9609375,771,AGCGGA,3.55078125,771,AGCGGA,3.55078125,659,AGAATT,2.1689711502403952e-05,771,AGCGGA,0.0015938847791403532,3291,GGCAGA,0.3461456000804901,False,False,True,-0.000284045934677124,
13,2,52,head_0,degradation,0.99853515625,1.0009331703186035,659,AGAATT,2.96875,771,AGCGGA,3.55078125,771,AGCGGA,3.55078125,659,AGAATT,2.1751806343672797e-05,771,AGCGGA,0.001598425442352891,3291,GGCAGA,0.34608981013298035,False,False,True,-0.00039908289909362793,
13,3,52,head_0,degradation,0.9951171875,0.9969784617424011,659,AGAATT,2.96875,771,AGCGGA,3.546875,771,AGCGGA,3.546875,659,AGAATT,2.179733564844355e-05,771,AGCGGA,0.0015941407764330506,3291,GGCAGA,0.345847487449646,False,False,True,-0.00023514032363891602,
13,4,52,head_0,degradation,0.99853515625,1.0070701837539673,659,AGAATT,2.970703125,771,AGCGGA,3.552734375,771,AGCGGA,3.552734375,659,AGAATT,2.1916532205068506e-05,771,AGCGGA,0.0016053098952397704,3291,GGCAGA,0.3446388244628906,False,False,True,0.00011247396469116211,
13,5,52,head_0,degradation,0.99853515625,0.9829258918762207,659,AGAATT,2.96875,771,AGCGGA,3.55078125,771,AGCGGA,3.55078125,659,AGAATT,2.1689185814466327e-05,771,AGCGGA,0.0015786457806825638,3291,GGCAGA,0.3459840416908264,False,False,True,-0.0002028346061706543,
13,6,52,head_0,degradation,1.0,0.9938270449638367,659,AGAATT,2.96875,771,AGCGGA,3.552734375,771,AGCGGA,3.552734375,659,AGAATT,2.1917659978498705e-05,771,AGCGGA,0.0015908103669062257,3291,GGCAGA,0.3456466495990753,False,False,True,-0.0003491044044494629,
13,7,52,head_0,degradation,1.0,0.9975967407226562,659,AGAATT,2.970703125,771,AGCGGA,3.5546875,771,AGCGGA,3.5546875,659,AGAATT,2.203110489062965e-05,771,AGCGGA,0.0015950514934957027,3291,GGCAGA,0.344990611076355,False,False,True,-0.0003127455711364746,
13,8,52,head_0,degradation,1.0,1.0069602727890015,659,AGAATT,2.970703125,771,AGCGGA,3.5546875,771,AGCGGA,3.5546875,659,AGAATT,2.2126330804894678e-05,771,AGCGGA,0.0016053993022069335,3291,GGCAGA,0.3449263274669647,False,False,True,6.523728370666504e-05,
13,9,52,head_0,degradation,1.001953125,1.0177059173583984,659,AGAATT,2.966796875,771,AGCGGA,3.552734375,771,AGCGGA,3.552734375,659,AGAATT,2.2126181647763588e-05,771,AGCGGA,0.0016171650495380163,3291,GGCAGA,0.3432648777961731,False,False,True,0.0004235506057739258,
13,10,52,head_0,degradation,1.001953125,1.0142314434051514,659,AGAATT,2.966796875,771,AGCGGA,3.552734375,771,AGCGGA,3.552734375,659,AGAATT,2.2083670046413317e-05,771,AGCGGA,0.0016133181052282453,3291,GGCAGA,0.3425893783569336,False,False,True,0.0008049309253692627,
13,11,52,head_0,degradation,0.99853515625,1.0113142728805542,659,AGAATT,2.96875,771,AGCGGA,3.55078125,771,AGCGGA,3.55078125,659,AGAATT,2.1965872292639688e-05,771,AGCGGA,0.0016100062057375908,3291,GGCAGA,0.3432922959327698,False,False,True,0.0009938478469848633,
13,12,52,head_0,degradation,0.99853515625,1.0095432996749878,659,AGAATT,2.96875,771,AGCGGA,3.55078125,771,AGCGGA,3.55078125,659,AGAATT,2.1915331672062166e-05,771,AGCGGA,0.0016080165514722466,3291,GGCAGA,0.34354883432388306,False,False,True,0.0004692673683166504,
13,13,52,head_0,degradation,1.001953125,1.0226043462753296,659,AGAATT,2.970703125,771,AGCGGA,3.556640625,771,AGCGGA,3.556640625,659,AGAATT,2.1809635654790327e-05,771,AGCGGA,0.0016222120029851794,3291,GGCAGA,0.3463438153266907,False,False,True,0.0002847015857696533,
13,14,52,head_0,degradation,0.99853515625,1.0222997665405273,659,AGAATT,2.970703125,771,AGCGGA,3.552734375,771,AGCGGA,3.552734375,659,AGAATT,2.1696485418942757e-05,771,AGCGGA,0.0016217653173953295,3291,GGCAGA,0.3472113311290741,False,False,True,-0.0005512833595275879,
13,15,52,head_0,degradation,1.0,1.0075409412384033,659,AGAATT,2.966796875,771,AGCGGA,3.55078125,771,AGCGGA,3.55078125,659,AGAATT,2.1276888219290413e-05,771,AGCGGA,0.001605185680091381,3291,GGCAGA,0.34850412607192993,False,False,True,-5.081295967102051e-05,
13,16,52,head_0,degradation,0.99853515625,0.9955918192863464,659,AGAATT,2.96484375,771,AGCGGA,3.546875,771,AGCGGA,3.546875,659,AGAATT,2.131693145202007e-05,771,AGCGGA,0.001592142041772604,3291,GGCAGA,0.3469139337539673,False,False,True,0.00023624300956726074,
13,17,52,head_0,degradation,1.0029296875,0.9738355875015259,659,AGAATT,2.958984375,771,AGCGGA,3.546875,771,AGCGGA,3.546875,659,AGAATT,2.1244220988592133e-05,771,AGCGGA,0.0015682473313063383,3291,GGCAGA,0.34756553173065186,False,False,True,-0.001203984022140503,
13,18,52,head_0,degradation,1.001953125,1.0893632173538208,659,AGAATT,2.94140625,771,AGCGGA,3.52734375,771,AGCGGA,3.52734375,659,AGAATT,2.314598714292515e-05,771,AGCGGA,0.0016966458642855287,3291,GGCAGA,0.31379029154777527,False,False,True,-0.0014247298240661621,
13,19,52,head_0,degradation,1.009765625,1.0920060873031616,659,AGAATT,2.9375,771,AGCGGA,3.533203125,771,AGCGGA,3.533203125,659,AGAATT,2.320141538803e-05,771,AGCGGA,0.0016995950136333704,3291,GGCAGA,0.3135405480861664,False,False,True,-0.0009253919124603271,
13,20,52,head_0,degradation,1.0068359375,1.1153427362442017,659,AGAATT,2.9453125,771,AGCGGA,3.537109375,771,AGCGGA,3.537109375,659,AGAATT,2.3459673684556037e-05,771,AGCGGA,0.0017254056874662638,3291,GGCAGA,0.3109286427497864,False,False,True,0.0014536380767822266,
13,21,52,head_0,degradation,1.0078125,0.9797025918960571,659,AGAATT,2.96875,771,AGCGGA,3.5625,771,AGCGGA,3.5625,659,AGAATT,2.0988918549846858e-05,771,AGCGGA,0.0015744160627946258,3291,GGCAGA,0.3524375855922699,False,False,True,0.0013311505317687988,
13,22,52,head_0,degradation,1.001953125,0.9777463674545288,659,AGAATT,2.98046875,771,AGCGGA,3.56640625,771,AGCGGA,3.56640625,659,AGAATT,2.1082825696794316e-05,771,AGCGGA,0.0015723680844530463,3291,GGCAGA,0.3530064523220062,False,False,True,0.0005922317504882812,
13,23,52,head_0,degradation,1.0078125,0.9577550292015076,659,AGAATT,2.978515625,771,AGCGGA,3.572265625,771,AGCGGA,3.572265625,659,AGAATT,2.072868483082857e-05,771,AGCGGA,0.001550124492496252,3291,GGCAGA,0.36153367161750793,False,False,True,0.00024566054344177246,
13,24,52,head_0,degradation,1.0078125,0.9678735733032227,659,AGAATT,2.958984375,771,AGCGGA,3.552734375,771,AGCGGA,3.552734375,659,AGAATT,2.1030049538239837e-05,771,AGCGGA,0.0015615051379427314,3291,GGCAGA,0.3528323173522949,False,False,True,-0.0004956424236297607,
13,25,52,head_0,degradation,1.015625,0.9766635894775391,659,AGAATT,2.94140625,771,AGCGGA,3.544921875,771,AGCGGA,3.544921875,659,AGAATT,2.0982870410080068e-05,771,AGCGGA,0.0015710825100541115,3291,GGCAGA,0.3522123098373413,False,False,True,-0.00021249055862426758,
13,26,52,head_0,degradation,1.0126953125,1.0013759136199951,659,AGAATT,2.951171875,771,AGCGGA,3.55078125,771,AGCGGA,3.55078125,659,AGAATT,2.1542586182476953e-05,771,AGCGGA,0.0015987008810043335,3291,GGCAGA,0.34356051683425903,False,False,True,-0.00012671947479248047,
13,27,52,head_0,degradation,1.009765625,0.9880383014678955,659,AGAATT,2.966796875,771,AGCGGA,3.5625,771,AGCGGA,3.5625,659,AGAATT,2.1452040527947247e-05,771,AGCGGA,0.0015840064734220505,3291,GGCAGA,0.34465181827545166,False,False,True,0.0002333521842956543,
13,28,52,head_0,degradation,0.99658203125,0.9589802026748657,659,AGAATT,2.986328125,771,AGCGGA,3.56640625,771,AGCGGA,3.56640625,659,AGAATT,2.1283583919284865e-05,771,AGCGGA,0.0015520208980888128,3291,GGCAGA,0.34957268834114075,False,False,True,0.00043773651123046875,
13,29,52,head_0,degradation,0.99365234375,0.9671826958656311,659,AGAATT,2.986328125,771,AGCGGA,3.5625,771,AGCGGA,3.5625,659,AGAATT,2.1460109564941376e-05,771,AGCGGA,0.0015611787093803287,3291,GGCAGA,0.3486594259738922,False,False,True,0.0006850957870483398,
13,30,52,head_0,degradation,0.9951171875,0.9729629158973694,659,AGAATT,2.9765625,771,AGCGGA,3.5546875,771,AGCGGA,3.5546875,659,AGAATT,2.1682659280486405e-05,771,AGCGGA,0.001567730330862105,3291,GGCAGA,0.3484916388988495,False,False,True,0.0001766681671142578,
13,31,52,head_0,degradation,0.990234375,0.9805142283439636,659,AGAATT,2.97265625,771,AGCGGA,3.544921875,771,AGCGGA,3.544921875,659,AGAATT,2.1842435671715066e-05,771,AGCGGA,0.0015761583345010877,3291,GGCAGA,0.3454124927520752,False,False,True,0.00018772482872009277,
13,32,52,head_0,degradation,0.9921875,0.9778392910957336,659,AGAATT,2.9765625,771,AGCGGA,3.55078125,771,AGCGGA,3.55078125,659,AGAATT,2.1687295884476043e-05,771,AGCGGA,0.0015730742597952485,3291,GGCAGA,0.3472231328487396,False,False,True,0.00011152029037475586,
14,0,52,head_0,degradation,0.99658203125,1.004004716873169,659,AGAATT,2.966796875,771,AGCGGA,3.546875,771,AGCGGA,3.546875,659,AGAATT,2.178638897021301e-05,771,AGCGGA,0.0016018232563510537,3291,GGCAGA,0.34407922625541687,False,False,True,0.0007016360759735107,
14,1,52,head_0,degradation,0.99658203125,1.0057270526885986,659,AGAATT,2.966796875,771,AGCGGA,3.546875,771,AGCGGA,3.546875,659,AGAATT,2.178440809075255e-05,771,AGCGGA,0.0016037070890888572,3291,GGCAGA,0.3442631959915161,False,False,True,0.0006086528301239014,
14,2,52,head_0,degradation,0.99853515625,0.9972706437110901,659,AGAATT,2.970703125,771,AGCGGA,3.552734375,771,AGCGGA,3.552734375,659,AGAATT,2.1764377379440702e-05,771,AGCGGA,0.001594427740201354,3291,GGCAGA,0.34485042095184326,False,False,True,0.00024271011352539062,
14,3,52,head_0,degradation,1.0029296875,1.000854730606079,659,AGAATT,2.966796875,771,AGCGGA,3.5546875,771,AGCGGA,3.5546875,659,AGAATT,2.158646020689048e-05,771,AGCGGA,0.0015981741016730666,3291,GGCAGA,0.3452811539173126,False,False,True,5.510449409484863e-05,
14,4,52,head_0,degradation,0.99658203125,0.9922847747802734,659,AGAATT,2.970703125,771,AGCGGA,3.55078125,771,AGCGGA,3.55078125,659,AGAATT,2.1618550817947835e-05,771,AGCGGA,0.0015888225752860308,3291,GGCAGA,0.34573137760162354,False,False,True,-0.0004137754440307617,
14,5,52,head_0,degradation,0.9921875,0.9854801297187805,659,AGAATT,2.96875,771,AGCGGA,3.54296875,771,AGCGGA,3.54296875,659,AGAATT,2.1774545530206524e-05,771,AGCGGA,0.0015815278748050332,3291,GGCAGA,0.34526437520980835,False,False,True,-0.0005639195442199707,
14,6,52,head_0,degradation,0.9873046875,1.0030994415283203,659,AGAATT,2.9765625,771,AGCGGA,3.544921875,771,AGCGGA,3.544921875,659,AGAATT,2.2102460206951946e-05,771,AGCGGA,0.0016011480474844575,3291,GGCAGA,0.3449433147907257,False,False,True,-0.00043511390686035156,
14,7,52,head_0,degradation,0.98583984375,1.0052683353424072,659,AGAATT,2.9765625,771,AGCGGA,3.54296875,771,AGCGGA,3.54296875,659,AGAATT,2.2026410078979097e-05,771,AGCGGA,0.0016034466680139303,3291,GGCAGA,0.3440497815608978,False,False,True,-0.0006536245346069336,
14,8,52,head_0,degradation,0.98583984375,1.0008772611618042,659,AGAATT,2.97265625,771,AGCGGA,3.5390625,771,AGCGGA,3.5390625,659,AGAATT,2.1983938495395705e-05,771,AGCGGA,0.001598596340045333,3291,GGCAGA,0.34369534254074097,False,False,True,-0.001027226448059082,
14,9,52,head_0,degradation,0.9921875,0.9887821078300476,659,AGAATT,2.970703125,771,AGCGGA,3.544921875,771,AGCGGA,3.544921875,659,AGAATT,2.155300353479106e-05,771,AGCGGA,0.0015849218470975757,3291,GGCAGA,0.3437424898147583,False,False,True,-0.0004969537258148193,
14,10,52,head_0,degradation,0.99365234375,0.988204300403595,659,AGAATT,2.970703125,771,AGCGGA,3.546875,771,AGCGGA,3.546875,659,AGAATT,2.159864925488364e-05,771,AGCGGA,0.0015843347646296024,3291,GGCAGA,0.3450916111469269,False,False,True,-0.0005319118499755859,
14,11,52,head_0,degradation,0.99365234375,0.9686742424964905,659,AGAATT,2.966796875,771,AGCGGA,3.54296875,771,AGCGGA,3.54296875,659,AGAATT,2.1455303794937208e-05,771,AGCGGA,0.0015628071269020438,3291,GGCAGA,0.3463175296783447,False,False,True,-0.0005181431770324707,
14,12,52,head_0,degradation,0.990234375,0.9792331457138062,659,AGAATT,2.970703125,771,AGCGGA,3.54296875,771,AGCGGA,3.54296875,659,AGAATT,2.1784966520499438e-05,771,AGCGGA,0.0015746981371194124,3291,GGCAGA,0.34782031178474426,False,False,True,-0.0012635290622711182,
14,13,52,head_0,degradation,0.99365234375,0.9801660180091858,659,AGAATT,2.970703125,771,AGCGGA,3.546875,771,AGCGGA,3.546875,659,AGAATT,2.1548245058511384e-05,771,AGCGGA,0.0015754828928038478,3291,GGCAGA,0.34895607829093933,False,False,True,-0.0008439719676971436,
14,14,52,head_0,degradation,1.0029296875,0.9782959222793579,659,AGAATT,2.96875,771,AGCGGA,3.556640625,771,AGCGGA,3.556640625,659,AGAATT,2.1290179574862123e-05,771,AGCGGA,0.0015731771709397435,3291,GGCAGA,0.34956902265548706,False,False,True,-0.0010173320770263672,
14,15,52,head_0,degradation,0.99365234375,1.0104702711105347,659,AGAATT,2.9765625,771,AGCGGA,3.552734375,771,AGCGGA,3.552734375,659,AGAATT,2.225319985882379e-05,771,AGCGGA,0.0016093694139271975,3291,GGCAGA,0.34304654598236084,False,False,True,-0.0013069212436676025,
14,16,52,head_0,degradation,0.9951171875,0.9893468022346497,659,AGAATT,2.97265625,771,AGCGGA,3.55078125,771,AGCGGA,3.55078125,659,AGAATT,2.1979984012432396e-05,771,AGCGGA,0.0015859671402722597,3291,GGCAGA,0.34437882900238037,False,False,True,-0.00039082765579223633,
14,17,52,head_0,degradation,0.9921875,1.0013834238052368,659,AGAATT,2.97265625,771,AGCGGA,3.546875,771,AGCGGA,3.546875,659,AGAATT,2.1839839973836206e-05,771,AGCGGA,0.0015990064712241292,3291,GGCAGA,0.34596216678619385,False,False,True,-0.000968635082244873,
14,18,52,head_0,degradation,0.9921875,1.0137698650360107,659,AGAATT,2.96875,771,AGCGGA,3.54296875,771,AGCGGA,3.54296875,659,AGAATT,2.2201282263267785e-05,771,AGCGGA,0.0016129304422065616,3291,GGCAGA,0.33771705627441406,False,False,True,0.0028516650199890137,
14,19,52,head_0,degradation,1.0078125,1.023141860961914,659,AGAATT,2.9609375,771,AGCGGA,3.5546875,771,AGCGGA,3.5546875,659,AGAATT,2.2807789719081484e-05,771,AGCGGA,0.0016237986274063587,3291,GGCAGA,0.33039820194244385,False,False,True,0.003824949264526367,
14,20,52,head_0,degradation,1.033203125,1.0125492811203003,659,AGAATT,2.9453125,771,AGCGGA,3.5703125,771,AGCGGA,3.5703125,659,AGAATT,2.16238677239744e-05,771,AGCGGA,0.0016110165743157268,3291,GGCAGA,0.3470534384250641,False,False,True,0.004204094409942627,
14,21,52,head_0,degradation,1.033203125,0.93360435962677,659,AGAATT,2.96484375,771,AGCGGA,3.58984375,771,AGCGGA,3.58984375,659,AGAATT,1.895418972708285e-05,771,AGCGGA,0.0015219062333926558,3291,GGCAGA,0.38038432598114014,False,False,True,0.0005090236663818359,
14,22,52,head_0,degradation,1.009765625,0.8664294481277466,659,AGAATT,2.94921875,771,AGCGGA,3.544921875,771,AGCGGA,3.544921875,659,AGAATT,1.6676587620167993e-05,771,AGCGGA,0.0014460757374763489,3291,GGCAGA,0.412131667137146,False,False,True,-0.0016283988952636719,
14,23,52,head_0,degradation,0.966796875,0.7105547189712524,659,AGAATT,2.96484375,771,AGCGGA,3.5078125,771,AGCGGA,3.5078125,659,AGAATT,1.662849899730645e-05,771,AGCGGA,0.0012753530172631145,3291,GGCAGA,0.4161864221096039,False,False,True,-0.002413839101791382,
14,24,52,head_0,degradation,0.966796875,0.7893088459968567,659,AGAATT,2.951171875,771,AGCGGA,3.494140625,771,AGCGGA,3.494140625,659,AGAATT,1.9001645341631956e-05,771,AGCGGA,0.001363957766443491,3291,GGCAGA,0.3937124013900757,False,False,True,-0.0018703341484069824,
14,25,52,head_0,degradation,0.98583984375,0.8313093781471252,659,AGAATT,2.986328125,771,AGCGGA,3.552734375,771,AGCGGA,3.552734375,659,AGAATT,2.0532133930828422e-05,771,AGCGGA,0.0014114766381680965,3291,GGCAGA,0.3782331049442291,False,False,True,-0.0015152394771575928,
14,26,52,head_0,degradation,0.99853515625,1.0048632621765137,659,AGAATT,2.9921875,771,AGCGGA,3.57421875,771,AGCGGA,3.57421875,659,AGAATT,2.269733158755116e-05,771,AGCGGA,0.0016036741435527802,3291,GGCAGA,0.3541179299354553,False,False,True,-0.00020754337310791016,
14,27,52,head_0,degradation,1.0068359375,0.9595440030097961,659,AGAATT,2.990234375,771,AGCGGA,3.58203125,771,AGCGGA,3.58203125,659,AGAATT,2.1611640477203764e-05,771,AGCGGA,0.0015529663069173694,3291,GGCAGA,0.3602288067340851,False,False,True,-0.0005655586719512939,
14,28,52,head_0,degradation,0.9921875,0.965674102306366,659,AGAATT,2.98046875,771,AGCGGA,3.5546875,771,AGCGGA,3.5546875,659,AGAATT,2.195790693804156e-05,771,AGCGGA,0.0015600246842950583,3291,GGCAGA,0.34583285450935364,False,False,True,-0.00047963857650756836,
14,29,52,head_0,degradation,0.9873046875,0.9009654521942139,659,AGAATT,2.978515625,771,AGCGGA,3.546875,771,AGCGGA,3.546875,659,AGAATT,2.1022167857154272e-05,771,AGCGGA,0.0014882363611832261,3291,GGCAGA,0.3538859784603119,False,False,True,-0.0005856752395629883,
14,30,52,head_0,degradation,0.98095703125,0.9289496541023254,659,AGAATT,2.978515625,771,AGCGGA,3.5390625,771,AGCGGA,3.5390625,659,AGAATT,2.1262059817672707e-05,771,AGCGGA,0.0015191175043582916,3291,GGCAGA,0.3516036868095398,False,False,True,-0.0004011690616607666,
14,31,52,head_0,degradation,0.990234375,0.9206756949424744,659,AGAATT,2.97265625,771,AGCGGA,3.544921875,771,AGCGGA,3.544921875,659,AGAATT,2.1153144189156592e-05,771,AGCGGA,0.0015099489828571677,3291,GGCAGA,0.3521742820739746,False,False,True,-0.0013362467288970947,
14,32,52,head_0,degradation,1.0048828125,0.9591453075408936,659,AGAATT,2.9609375,771,AGCGGA,3.55078125,771,AGCGGA,3.55078125,659,AGAATT,2.0968576791347004e-05,771,AGCGGA,0.0015518866712227464,3291,GGCAGA,0.3499480187892914,False,False,True,-0.0010335445404052734,
15,0,52,head_0,degradation,0.99658203125,1.0097742080688477,659,AGAATT,2.970703125,771,AGCGGA,3.55078125,771,AGCGGA,3.55078125,659,AGAATT,2.1947311324765906e-05,771,AGCGGA,0.0016083014197647572,3291,GGCAGA,0.3436201810836792,False,False,True,-0.000439375638961792,
15,1,52,head_0,degradation,1.0,1.0213462114334106,659,AGAATT,2.966796875,771,AGCGGA,3.55078125,771,AGCGGA,3.55078125,659,AGAATT,2.208220394095406e-05,771,AGCGGA,0.0016211069887503982,3291,GGCAGA,0.34075239300727844,False,False,True,-0.0006900429725646973,
15,2,52,head_0,degradation,1.0,1.0137925148010254,659,AGAATT,2.96875,771,AGCGGA,3.552734375,771,AGCGGA,3.552734375,659,AGAATT,2.190020495618228e-05,771,AGCGGA,0.0016126540722325444,3291,GGCAGA,0.34280386567115784,False,False,True,-0.0006879568099975586,
15,3,52,head_0,degradation,1.0068359375,0.9925692677497864,659,AGAATT,2.9609375,771,AGCGGA,3.552734375,771,AGCGGA,3.552734375,659,AGAATT,2.1633544747601263e-05,771,AGCGGA,0.0015891491202637553,3291,GGCAGA,0.343729704618454,False,False,True,-0.0007245242595672607,
15,4,52,head_0,degradation,1.001953125,0.9953120350837708,659,AGAATT,2.966796875,771,AGCGGA,3.552734375,771,AGCGGA,3.552734375,659,AGAATT,2.1792260668007657e-05,771,AGCGGA,0.0015923109604045749,3291,GGCAGA,0.34463968873023987,False,False,True,-0.0005973577499389648,
15,5,52,head_0,degradation,1.0,0.999652624130249,659,AGAATT,2.966796875,771,AGCGGA,3.55078125,771,AGCGGA,3.55078125,659,AGAATT,2.1973406546749175e-05,771,AGCGGA,0.001597244874574244,3291,GGCAGA,0.34455955028533936,False,False,True,-0.00016626715660095215,
15,6,52,head_0,degradation,1.0,1.0085293054580688,659,AGAATT,2.96875,771,AGCGGA,3.552734375,771,AGCGGA,3.552734375,659,AGAATT,2.1968508008285426e-05,771,AGCGGA,0.001606959500350058,3291,GGCAGA,0.3441097140312195,False,False,True,-0.00010892748832702637,
15,7,52,head_0,degradation,1.001953125,1.0086250305175781,659,AGAATT,2.96875,771,AGCGGA,3.5546875,771,AGCGGA,3.5546875,659,AGAATT,2.1939747966825962e-05,771,AGCGGA,0.001607035519555211,3291,GGCAGA,0.3441207706928253,False,False,True,-7.364153861999512e-05,
15,8,52,head_0,degradation,1.001953125,1.007827877998352,659,AGAATT,2.96875,771,AGCGGA,3.5546875,771,AGCGGA,3.5546875,659,AGAATT,2.1850164557690732e-05,771,AGCGGA,0.001606072997674346,3291,GGCAGA,0.3445134162902832,False,False,True,-0.00022166967391967773,
15,9,52,head_0,degradation,1.001953125,1.0049355030059814,659,AGAATT,2.96484375,771,AGCGGA,3.55078125,771,AGCGGA,3.55078125,659,AGAATT,2.1921789084444754e-05,771,AGCGGA,0.0016029777470976114,3291,GGCAGA,0.3443640172481537,False,False,True,-0.0004907548427581787,
15,10,52,head_0,degradation,1.001953125,1.0000282526016235,659,AGAATT,2.9609375,771,AGCGGA,3.546875,771,AGCGGA,3.546875,659,AGAATT,2.1752934117102996e-05,771,AGCGGA,0.0015974356792867184,3291,GGCAGA,0.34503209590911865,False,False,True,-0.000884711742401123,
15,11,52,head_0,degradation,1.0029296875,1.0105633735656738,659,AGAATT,2.96484375,771,AGCGGA,3.552734375,771,AGCGGA,3.552734375,659,AGAATT,2.192939973610919e-05,771,AGCGGA,0.0016091475263237953,3291,GGCAGA,0.344609797000885,False,False,True,-0.0009402036666870117,
15,12,52,head_0,degradation,1.0,1.0023733377456665,659,AGAATT,2.966796875,771,AGCGGA,3.55078125,771,AGCGGA,3.55078125,659,AGAATT,2.189915358030703e-05,771,AGCGGA,0.0016001495532691479,3291,GGCAGA,0.3444862961769104,False,False,True,-0.0003154277801513672,
15,13,52,head_0,degradation,1.0,1.004343032836914,659,AGAATT,2.96875,771,AGCGGA,3.552734375,771,AGCGGA,3.552734375,659,AGAATT,2.1885029127588496e-05,771,AGCGGA,0.0016022922936826944,3291,GGCAGA,0.34451624751091003,False,False,True,-0.0001455545425415039,
15,14,52,head_0,degradation,1.0,1.0059396028518677,659,AGAATT,2.96875,771,AGCGGA,3.552734375,771,AGCGGA,3.552734375,659,AGAATT,2.177750320697669e-05,771,AGCGGA,0.0016039328183978796,3291,GGCAGA,0.34499531984329224,False,False,True,6.601214408874512e-05,
15,15,52,head_0,degradation,0.99853515625,0.9595231413841248,659,AGAATT,2.96875,771,AGCGGA,3.55078125,771,AGCGGA,3.55078125,659,AGAATT,2.1046680558356456e-05,771,AGCGGA,0.0015523785259574652,3291,GGCAGA,0.3516543209552765,False,False,True,0.00046452879905700684,
15,16,52,head_0,degradation,1.0,0.9761939644813538,659,AGAATT,2.966796875,771,AGCGGA,3.55078125,771,AGCGGA,3.55078125,659,AGAATT,2.1383888451964594e-05,771,AGCGGA,0.0015709693543612957,3291,GGCAGA,0.3484504818916321,False,False,True,0.0012583732604980469,
15,17,52,head_0,degradation,1.0,0.9727601408958435,659,AGAATT,2.966796875,771,AGCGGA,3.55078125,771,AGCGGA,3.55078125,659,AGAATT,2.1351497707655653e-05,771,AGCGGA,0.0015671771252527833,3291,GGCAGA,0.34948673844337463,False,False,True,0.0009820759296417236,
15,18,52,head_0,degradation,1.017578125,0.9621759653091431,659,AGAATT,2.947265625,771,AGCGGA,3.552734375,771,AGCGGA,3.552734375,659,AGAATT,2.2066846213419922e-05,771,AGCGGA,0.0015563033521175385,3291,GGCAGA,0.3379014730453491,False,False,True,0.002119690179824829,
15,19,52,head_0,degradation,1.0126953125,1.029186487197876,659,AGAATT,2.95703125,771,AGCGGA,3.556640625,771,AGCGGA,3.556640625,659,AGAATT,2.2869109670864418e-05,771,AGCGGA,0.0016304785385727882,3291,GGCAGA,0.33154481649398804,False,False,True,0.0012211799621582031,
15,20,52,head_0,degradation,1.0048828125,1.0458277463912964,659,AGAATT,2.96484375,771,AGCGGA,3.5546875,771,AGCGGA,3.5546875,659,AGAATT,2.3474631234421395e-05,771,AGCGGA,0.0016493054572492838,3291,GGCAGA,0.32655617594718933,False,False,True,0.0022912025451660156,
15,21,52,head_0,degradation,0.98583984375,1.1011338233947754,659,AGAATT,2.990234375,771,AGCGGA,3.556640625,771,AGCGGA,3.556640625,659,AGAATT,2.3031027012621053e-05,771,AGCGGA,0.0017094190698117018,3291,GGCAGA,0.33567604422569275,False,False,True,0.0008027851581573486,
15,22,52,head_0,degradation,0.9775390625,1.0564323663711548,659,AGAATT,2.98828125,771,AGCGGA,3.544921875,771,AGCGGA,3.544921875,659,AGAATT,2.2363899915944785e-05,771,AGCGGA,0.0016598061192780733,3291,GGCAGA,0.34500643610954285,False,False,True,0.0001957416534423828,
15,23,52,head_0,degradation,0.98095703125,1.0577720403671265,659,AGAATT,2.9921875,771,AGCGGA,3.552734375,771,AGCGGA,3.552734375,659,AGAATT,2.177072747144848e-05,771,AGCGGA,0.0016606798162683845,3291,GGCAGA,0.3539729416370392,False,False,True,-0.00012952089309692383,
15,24,52,head_0,degradation,0.98876953125,1.0521621704101562,659,AGAATT,2.984375,771,AGCGGA,3.5546875,771,AGCGGA,3.5546875,659,AGAATT,2.15401996683795e-05,771,AGCGGA,0.0016543068923056126,3291,GGCAGA,0.3544108271598816,False,False,True,0.00012442469596862793,
15,25,52,head_0,degradation,0.9873046875,1.0346397161483765,659,AGAATT,2.998046875,771,AGCGGA,3.56640625,771,AGCGGA,3.56640625,659,AGAATT,2.2087942852522247e-05,771,AGCGGA,0.0016356684500351548,3291,GGCAGA,0.35293447971343994,False,False,True,3.6329030990600586e-05,
15,26,52,head_0,degradation,1.0,1.0405219793319702,659,AGAATT,2.9921875,771,AGCGGA,3.576171875,771,AGCGGA,3.576171875,659,AGAATT,2.2440282918978482e-05,771,AGCGGA,0.0016424615168944001,3291,GGCAGA,0.3478214144706726,False,False,True,-0.00010854005813598633,
15,27,52,head_0,degradation,0.99365234375,1.0014487504959106,659,AGAATT,2.99609375,771,AGCGGA,3.572265625,771,AGCGGA,3.572265625,659,AGAATT,2.2712447389494628e-05,771,AGCGGA,0.0015999504830688238,3291,GGCAGA,0.3465045988559723,False,False,True,-0.0002866387367248535,
15,28,52,head_0,degradation,1.0078125,0.9885330200195312,659,AGAATT,2.96875,771,AGCGGA,3.5625,771,AGCGGA,3.5625,659,AGAATT,2.206314638897311e-05,771,AGCGGA,0.0015851592179387808,3291,GGCAGA,0.34408262372016907,False,False,True,-0.00011727213859558105,
15,29,52,head_0,degradation,1.0029296875,0.973545253276825,659,AGAATT,2.966796875,771,AGCGGA,3.5546875,771,AGCGGA,3.5546875,659,AGAATT,2.1983078113407828e-05,771,AGCGGA,0.0015686682891100645,3291,GGCAGA,0.3453746438026428,False,False,True,8.830428123474121e-05,
15,30,52,head_0,degradation,1.0068359375,0.9970972537994385,659,AGAATT,2.966796875,771,AGCGGA,3.55859375,771,AGCGGA,3.55859375,659,AGAATT,2.201868119300343e-05,771,AGCGGA,0.0015944921178743243,3291,GGCAGA,0.3461824357509613,False,False,True,0.00025585293769836426,
15,31,52,head_0,degradation,1.0029296875,0.9947900772094727,659,AGAATT,2.966796875,771,AGCGGA,3.5546875,771,AGCGGA,3.5546875,659,AGAATT,2.2000665921950713e-05,771,AGCGGA,0.0015919478610157967,3291,GGCAGA,0.34571966528892517,False,False,True,0.00034743547439575195,
15,32,52,head_0,degradation,1.0,0.9834979176521301,659,AGAATT,2.966796875,771,AGCGGA,3.55078125,771,AGCGGA,3.55078125,659,AGAATT,2.1866670067538507e-05,771,AGCGGA,0.001579449512064457,3291,GGCAGA,0.3458434045314789,False,False,True,-5.307793617248535e-05,
16,0,52,head_0,degradation,1.001953125,0.9995061159133911,659,AGAATT,2.966796875,771,AGCGGA,3.552734375,771,AGCGGA,3.552734375,659,AGAATT,2.168427818105556e-05,771,AGCGGA,0.0015967953950166702,3291,GGCAGA,0.3459954857826233,False,False,True,-9.524822235107422e-05,
16,1,52,head_0,degradation,1.001953125,0.9988614320755005,659,AGAATT,2.966796875,771,AGCGGA,3.552734375,771,AGCGGA,3.552734375,659,AGAATT,2.1665180611307733e-05,771,AGCGGA,0.0015960702439770103,3291,GGCAGA,0.3460811972618103,False,False,True,-0.00011986494064331055,
16,2,52,head_0,degradation,1.0,1.0032480955123901,659,AGAATT,2.96875,771,AGCGGA,3.552734375,771,AGCGGA,3.552734375,659,AGAATT,2.1795183783979155e-05,771,AGCGGA,0.0016010034596547484,3291,GGCAGA,0.345370352268219,False,False,True,-0.00018256902694702148,
16,3,52,head_0,degradation,1.0,0.9959297180175781,659,AGAATT,2.96875,771,AGCGGA,3.552734375,771,AGCGGA,3.552734375,659,AGAATT,2.179590956075117e-05,771,AGCGGA,0.001592990942299366,3291,GGCAGA,0.34547674655914307,False,False,True,-0.00023698806762695312,
16,4,52,head_0,degradation,1.0,1.0018935203552246,659,AGAATT,2.966796875,771,AGCGGA,3.55078125,771,AGCGGA,3.55078125,659,AGAATT,2.188713006034959e-05,771,AGCGGA,0.0015996122965589166,3291,GGCAGA,0.344270795583725,False,False,True,-0.00023385882377624512,
16,5,52,head_0,degradation,1.001953125,0.9938174486160278,659,AGAATT,2.96484375,771,AGCGGA,3.55078125,771,AGCGGA,3.55078125,659,AGAATT,2.1777304937131703e-05,771,AGCGGA,0.0015906596090644598,3291,GGCAGA,0.34488165378570557,False,False,True,-0.0002180635929107666,
16,6,52,head_0,degradation,0.99853515625,0.9983046054840088,659,AGAATT,2.96875,771,AGCGGA,3.55078125,771,AGCGGA,3.55078125,659,AGAATT,2.1874882804695517e-05,771,AGCGGA,0.0015956703573465347,3291,GGCAGA,0.3449980914592743,False,False,True,-0.00024944543838500977,
16,7,52,head_0,degradation,0.99365234375,0.9914862513542175,659,AGAATT,2.970703125,771,AGCGGA,3.546875,771,AGCGGA,3.546875,659,AGAATT,2.1896765247220173e-05,771,AGCGGA,0.0015882265288382769,3291,GGCAGA,0.3443436026573181,False,False,True,-0.0001310408115386963,
16,8,52,head_0,degradation,0.99365234375,0.9943626523017883,659,AGAATT,2.970703125,771,AGCGGA,3.546875,771,AGCGGA,3.546875,659,AGAATT,2.1858815671293996e-05,771,AGCGGA,0.0015913380775600672,3291,GGCAGA,0.3447287976741791,False,False,True,-0.00018975138664245605,
16,9,52,head_0,degradation,0.99853515625,0.9995375871658325,659,AGAATT,2.96875,771,AGCGGA,3.55078125,771,AGCGGA,3.55078125,659,AGAATT,2.1906846086494625e-05,771,AGCGGA,0.0015970523236319423,3291,GGCAGA,0.34475985169410706,False,False,True,-0.00020942091941833496,
16,10,52,head_0,degradation,1.001953125,0.9981655478477478,659,AGAATT,2.966796875,771,AGCGGA,3.552734375,771,AGCGGA,3.552734375,659,AGAATT,2.183289143431466e-05,771,AGCGGA,0.0015954760601744056,3291,GGCAGA,0.3449665904045105,False,False,True,-0.0001512765884399414,
16,11,52,head_0,degradation,1.001953125,0.9970118403434753,659,AGAATT,2.966796875,771,AGCGGA,3.552734375,771,AGCGGA,3.552734375,659,AGAATT,2.1745994672528468e-05,771,AGCGGA,0.0015941259916871786,3291,GGCAGA,0.34597620368003845,False,False,True,-2.8133392333984375e-05,
16,12,52,head_0,degradation,1.001953125,1.0006550550460815,659,AGAATT,2.96875,771,AGCGGA,3.5546875,771,AGCGGA,3.5546875,659,AGAATT,2.18078785110265e-05,771,AGCGGA,0.0015981768956407905,3291,GGCAGA,0.34554001688957214,False,False,True,1.5974044799804688e-05,
16,13,52,head_0,degradation,1.001953125,0.997861385345459,659,AGAATT,2.96875,771,AGCGGA,3.5546875,771,AGCGGA,3.5546875,659,AGAATT,2.1813764760736376e-05,771,AGCGGA,0.001595123903825879,3291,GGCAGA,0.34545400738716125,False,False,True,9.721517562866211e-05,
16,14,52,head_0,degradation,1.001953125,0.9970285296440125,659,AGAATT,2.96875,771,AGCGGA,3.5546875,771,AGCGGA,3.5546875,659,AGAATT,2.1830812329426408e-05,771,AGCGGA,0.0015942290192469954,3291,GGCAGA,0.345207542181015,False,False,True,-1.9043684005737305e-05,
16,15,52,head_0,degradation,0.99853515625,0.9889703392982483,659,AGAATT,2.96875,771,AGCGGA,3.55078125,771,AGCGGA,3.55078125,659,AGAATT,2.182516982429661e-05,771,AGCGGA,0.0015854000812396407,3291,GGCAGA,0.3462681472301483,False,False,True,-0.0003871619701385498,
16,16,52,head_0,degradation,1.0,0.9896995425224304,659,AGAATT,2.96875,771,AGCGGA,3.552734375,771,AGCGGA,3.552734375,659,AGAATT,2.176416637666989e-05,771,AGCGGA,0.0015861375723034143,3291,GGCAGA,0.34604886174201965,False,False,True,9.632110595703125e-05,
16,17,52,head_0,degradation,1.0,0.9835219979286194,659,AGAATT,2.96875,771,AGCGGA,3.552734375,771,AGCGGA,3.552734375,659,AGAATT,2.1611209376715124e-05,771,AGCGGA,0.0015792205231264234,3291,GGCAGA,0.34623149037361145,False,False,True,-0.0014493763446807861,
16,18,52,head_0,degradation,1.0146484375,1.0118099451065063,659,AGAATT,2.970703125,771,AGCGGA,3.572265625,771,AGCGGA,3.572265625,659,AGAATT,2.1189451217651367e-05,771,AGCGGA,0.0016097725601866841,3291,GGCAGA,0.34954798221588135,False,False,True,-0.001850128173828125,
16,19,52,head_0,degradation,1.0234375,1.0195846557617188,659,AGAATT,2.96875,771,AGCGGA,3.58203125,771,AGCGGA,3.58203125,659,AGAATT,2.2197911675903015e-05,771,AGCGGA,0.0016192939365282655,3291,GGCAGA,0.34515151381492615,False,False,True,-0.0038237273693084717,
16,20,52,head_0,degradation,1.0224609375,1.0306675434112549,659,AGAATT,2.97265625,771,AGCGGA,3.583984375,771,AGCGGA,3.583984375,659,AGAATT,2.2336429537972435e-05,771,AGCGGA,0.0016315674874931574,3291,GGCAGA,0.3423551023006439,False,False,True,-0.0024636387825012207,
16,21,52,head_0,degradation,1.009765625,0.9818512797355652,659,AGAATT,2.9765625,771,AGCGGA,3.572265625,771,AGCGGA,3.572265625,659,AGAATT,2.2804400941822678e-05,771,AGCGGA,0.0015785843133926392,3291,GGCAGA,0.34038853645324707,False,False,True,-0.0016339123249053955,
16,22,52,head_0,degradation,0.98583984375,0.8954046964645386,659,AGAATT,2.998046875,771,AGCGGA,3.564453125,771,AGCGGA,3.564453125,659,AGAATT,2.2046908270567656e-05,771,AGCGGA,0.0014831724110990763,3291,GGCAGA,0.3484559953212738,False,False,True,-0.0004648268222808838,
16,23,52,head_0,degradation,0.982421875,0.8751278519630432,659,AGAATT,3.0,771,AGCGGA,3.5625,771,AGCGGA,3.5625,659,AGAATT,2.2163485482451506e-05,771,AGCGGA,0.001461086911149323,3291,GGCAGA,0.34450554847717285,False,False,True,-0.0006258785724639893,
16,24,52,head_0,degradation,0.974609375,0.8996184468269348,659,AGAATT,3.005859375,771,AGCGGA,3.55859375,771,AGCGGA,3.55859375,659,AGAATT,2.222943840024527e-05,771,AGCGGA,0.001487968722358346,3291,GGCAGA,0.34356489777565,False,False,True,-0.0006725788116455078,
16,25,52,head_0,degradation,0.8984375,0.8389933705329895,659,AGAATT,3.0078125,771,AGCGGA,3.466796875,771,AGCGGA,3.466796875,659,AGAATT,2.1925394321442582e-05,771,AGCGGA,0.0014212834648787975,3291,GGCAGA,0.3420899510383606,False,False,True,-0.0008366107940673828,
16,26,52,head_0,degradation,0.89990234375,0.8421976566314697,659,AGAATT,2.998046875,771,AGCGGA,3.458984375,771,AGCGGA,3.458984375,659,AGAATT,2.1734218535129912e-05,771,AGCGGA,0.0014246008358895779,3291,GGCAGA,0.3467821180820465,False,False,True,-0.0005167722702026367,
16,27,52,head_0,degradation,0.90771484375,0.8440366983413696,659,AGAATT,2.986328125,771,AGCGGA,3.45703125,771,AGCGGA,3.45703125,659,AGAATT,2.158179268008098e-05,771,AGCGGA,0.001426461967639625,3291,GGCAGA,0.34613481163978577,False,False,True,-0.0001703798770904541,
16,28,52,head_0,degradation,1.001953125,0.976502537727356,659,AGAATT,2.953125,771,AGCGGA,3.5390625,771,AGCGGA,3.5390625,659,AGAATT,2.1506279153982177e-05,771,AGCGGA,0.0015714296605437994,3291,GGCAGA,0.3442501127719879,False,False,True,0.0004115104675292969,
16,29,52,head_0,degradation,1.0205078125,1.0605534315109253,659,AGAATT,2.9609375,771,AGCGGA,3.5703125,771,AGCGGA,3.5703125,659,AGAATT,2.14369338209508e-05,771,AGCGGA,0.001663391594775021,3291,GGCAGA,0.3422923982143402,False,False,True,0.0013434886932373047,
16,30,52,head_0,degradation,1.01953125,1.0639348030090332,659,AGAATT,2.96484375,771,AGCGGA,3.572265625,771,AGCGGA,3.572265625,659,AGAATT,2.1556741558015347e-05,771,AGCGGA,0.001667213742621243,3291,GGCAGA,0.3428173065185547,False,False,True,0.0010139048099517822,
16,31,52,head_0,degradation,1.015625,1.0736483335494995,659,AGAATT,2.970703125,771,AGCGGA,3.57421875,771,AGCGGA,3.57421875,659,AGAATT,2.176684938604012e-05,771,AGCGGA,0.0016780596924945712,3291,GGCAGA,0.3420490026473999,False,False,True,0.000848621129989624,
16,32,52,head_0,degradation,1.001953125,1.017633080482483,659,AGAATT,2.96484375,771,AGCGGA,3.55078125,771,AGCGGA,3.55078125,659,AGAATT,2.2096355678513646e-05,771,AGCGGA,0.0016170553863048553,3291,GGCAGA,0.3429431617259979,False,False,True,-0.00016635656356811523,
17,0,52,head_0,degradation,1.0,1.0000311136245728,659,AGAATT,2.966796875,771,AGCGGA,3.55078125,771,AGCGGA,3.55078125,659,AGAATT,2.178798968088813e-05,771,AGCGGA,0.0015974738635122776,3291,GGCAGA,0.34498247504234314,False,False,True,-0.00037595629692077637,
17,1,52,head_0,degradation,1.0,1.0000423192977905,659,AGAATT,2.966796875,771,AGCGGA,3.55078125,771,AGCGGA,3.55078125,659,AGAATT,2.17878205148736e-05,771,AGCGGA,0.0015974859707057476,3291,GGCAGA,0.34497982263565063,False,False,True,-0.0006627142429351807,
17,2,52,head_0,degradation,1.0,1.0000977516174316,659,AGAATT,2.966796875,771,AGCGGA,3.55078125,771,AGCGGA,3.55078125,659,AGAATT,2.1787644072901458e-05,771,AGCGGA,0.0015975463902577758,3291,GGCAGA,0.34497177600860596,False,False,True,-0.0008772909641265869,
17,3,52,head_0,degradation,1.0,1.0000821352005005,659,AGAATT,2.966796875,771,AGCGGA,3.55078125,771,AGCGGA,3.55078125,659,AGAATT,2.178774775529746e-05,771,AGCGGA,0.0015975295100361109,3291,GGCAGA,0.3449734151363373,False,False,True,-0.0007165074348449707,
17,4,52,head_0,degradation,1.0,0.9998502135276794,659,AGAATT,2.966796875,771,AGCGGA,3.55078125,771,AGCGGA,3.55078125,659,AGAATT,2.17882807191927e-05,771,AGCGGA,0.0015972760738804936,3291,GGCAGA,0.34500813484191895,False,False,True,-0.0007853507995605469,
17,5,52,head_0,degradation,1.0,0.9997490048408508,659,AGAATT,2.966796875,771,AGCGGA,3.55078125,771,AGCGGA,3.55078125,659,AGAATT,2.178708564315457e-05,771,AGCGGA,0.0015971640823408961,3291,GGCAGA,0.34502607583999634,False,False,True,-0.0005324184894561768,
17,6,52,head_0,degradation,1.0,0.9996703863143921,659,AGAATT,2.966796875,771,AGCGGA,3.55078125,771,AGCGGA,3.55078125,659,AGAATT,2.1782529074698687e-05,771,AGCGGA,0.001597073394805193,3291,GGCAGA,0.3450433611869812,False,False,True,-0.0005854368209838867,
17,7,52,head_0,degradation,1.0,0.9998195767402649,659,AGAATT,2.966796875,771,AGCGGA,3.55078125,771,AGCGGA,3.55078125,659,AGAATT,2.1778387235826813e-05,771,AGCGGA,0.0015972326509654522,3291,GGCAGA,0.34502512216567993,False,False,True,-0.00036326050758361816,
17,8,52,head_0,degradation,1.0,0.999528706073761,659,AGAATT,2.966796875,771,AGCGGA,3.55078125,771,AGCGGA,3.55078125,659,AGAATT,2.177129135816358e-05,771,AGCGGA,0.0015969070373103023,3291,GGCAGA,0.3450811207294464,False,False,True,-0.0004042685031890869,
17,9,52,head_0,degradation,1.0,0.9995656609535217,659,AGAATT,2.966796875,771,AGCGGA,3.55078125,771,AGCGGA,3.55078125,659,AGAATT,2.177522037527524e-05,771,AGCGGA,0.0015969515079632401,3291,GGCAGA,0.34506967663764954,False,False,True,-0.0005050301551818848,
17,10,52,head_0,degradation,1.0,0.9990048408508301,659,AGAATT,2.966796875,771,AGCGGA,3.55078125,771,AGCGGA,3.55078125,659,AGAATT,2.177313217543997e-05,771,AGCGGA,0.0015963353216648102,3291,GGCAGA,0.34516820311546326,False,False,True,-0.00045248866081237793,
17,11,52,head_0,degradation,1.0,0.9977567195892334,659,AGAATT,2.966796875,771,AGCGGA,3.55078125,771,AGCGGA,3.55078125,659,AGAATT,2.1760968593298458e-05,771,AGCGGA,0.001594956498593092,3291,GGCAGA,0.34538087248802185,False,False,True,-0.0004457235336303711,
17,12,52,head_0,degradation,1.0,0.9981726408004761,659,AGAATT,2.966796875,771,AGCGGA,3.55078125,771,AGCGGA,3.55078125,659,AGAATT,2.1755828129244037e-05,771,AGCGGA,0.0015954067930579185,3291,GGCAGA,0.3453255593776703,False,False,True,-0.0002993941307067871,
17,13,52,head_0,degradation,1.0,1.002148151397705,659,AGAATT,2.966796875,771,AGCGGA,3.55078125,771,AGCGGA,3.55078125,659,AGAATT,2.1790358005091548e-05,771,AGCGGA,0.001599794370122254,3291,GGCAGA,0.3446463942527771,False,False,True,-0.00028887391090393066,
17,14,52,head_0,degradation,1.0,1.0058374404907227,659,AGAATT,2.966796875,771,AGCGGA,3.55078125,771,AGCGGA,3.55078125,659,AGAATT,2.1826526790391654e-05,771,AGCGGA,0.001603869954124093,3291,GGCAGA,0.34400931000709534,False,False,True,-0.00020143389701843262,
17,15,52,head_0,degradation,1.0,1.0080673694610596,659,AGAATT,2.966796875,771,AGCGGA,3.55078125,771,AGCGGA,3.55078125,659,AGAATT,2.186459460062906e-05,771,AGCGGA,0.0016063497168943286,3291,GGCAGA,0.3436224162578583,False,False,True,-0.0003236532211303711,
17,16,52,head_0,degradation,1.0,1.008091926574707,659,AGAATT,2.966796875,771,AGCGGA,3.55078125,771,AGCGGA,3.55078125,659,AGAATT,2.187714198953472e-05,771,AGCGGA,0.001606389181688428,3291,GGCAGA,0.343630850315094,False,False,True,-0.00014725327491760254,
17,17,52,head_0,degradation,1.0,1.0069986581802368,659,AGAATT,2.966796875,771,AGCGGA,3.55078125,771,AGCGGA,3.55078125,659,AGAATT,2.1883281078771688e-05,771,AGCGGA,0.0016051982529461384,3291,GGCAGA,0.34371161460876465,False,False,True,0.001361250877380371,
17,18,52,head_0,degradation,1.0,1.0025113821029663,659,AGAATT,2.966796875,771,AGCGGA,3.55078125,771,AGCGGA,3.55078125,659,AGAATT,2.1705716790165752e-05,771,AGCGGA,0.0016001074109226465,3291,GGCAGA,0.34525078535079956,False,False,True,-0.00021505355834960938,
17,19,52,head_0,degradation,1.0,0.9829971194267273,659,AGAATT,2.966796875,771,AGCGGA,3.55078125,771,AGCGGA,3.55078125,659,AGAATT,2.1315572666935623e-05,771,AGCGGA,0.0015783500857651234,3291,GGCAGA,0.34866955876350403,False,False,True,-0.00040787458419799805,
17,20,52,head_0,degradation,1.0,0.9520243406295776,659,AGAATT,2.966796875,771,AGCGGA,3.55078125,771,AGCGGA,3.55078125,659,AGAATT,2.0665072952397168e-05,771,AGCGGA,0.0015437861438840628,3291,GGCAGA,0.35337692499160767,False,False,True,-0.0021334588527679443,
17,21,52,head_0,degradation,1.0,0.9367232322692871,659,AGAATT,2.966796875,771,AGCGGA,3.55078125,771,AGCGGA,3.55078125,659,AGAATT,2.045493783953134e-05,771,AGCGGA,0.0015268221031874418,3291,GGCAGA,0.3556915521621704,False,False,True,-0.000515371561050415,
17,22,52,head_0,degradation,1.0,0.8723294138908386,659,AGAATT,2.966796875,771,AGCGGA,3.55078125,771,AGCGGA,3.55078125,659,AGAATT,1.9726890968740918e-05,771,AGCGGA,0.0014555861707776785,3291,GGCAGA,0.36060816049575806,False,False,True,-0.000532001256942749,
17,23,52,head_0,degradation,1.0,0.9014694094657898,659,AGAATT,2.966796875,771,AGCGGA,3.55078125,771,AGCGGA,3.55078125,659,AGAATT,2.0603773009497672e-05,771,AGCGGA,0.0014883697731420398,3291,GGCAGA,0.35317325592041016,False,False,True,-0.00035059452056884766,
17,24,52,head_0,degradation,1.0,0.8796129822731018,659,AGAATT,2.966796875,771,AGCGGA,3.55078125,771,AGCGGA,3.55078125,659,AGAATT,2.09770896617556e-05,771,AGCGGA,0.001464811502955854,3291,GGCAGA,0.35194337368011475,False,False,True,-0.0002579987049102783,
17,25,52,head_0,degradation,1.05078125,0.8897239565849304,659,AGAATT,2.8515625,771,AGCGGA,3.498046875,771,AGCGGA,3.498046875,659,AGAATT,1.9728100596694276e-05,771,AGCGGA,0.0014746334636583924,3291,GGCAGA,0.34079769253730774,False,False,True,-0.0003102421760559082,
17,26,52,head_0,degradation,1.05078125,0.8868440389633179,659,AGAATT,2.8515625,771,AGCGGA,3.498046875,771,AGCGGA,3.498046875,659,AGAATT,1.9470815459499136e-05,771,AGCGGA,0.0014712228439748287,3291,GGCAGA,0.35039058327674866,False,False,True,-0.0002452731132507324,
17,27,52,head_0,degradation,1.05078125,0.9301377534866333,659,AGAATT,2.8515625,771,AGCGGA,3.498046875,771,AGCGGA,3.498046875,659,AGAATT,1.953600258275401e-05,771,AGCGGA,0.0015186923556029797,3291,GGCAGA,0.3492118716239929,False,False,True,-0.00020754337310791016,
17,28,52,head_0,degradation,1.0,0.9940258264541626,659,AGAATT,2.966796875,771,AGCGGA,3.55078125,771,AGCGGA,3.55078125,659,AGAATT,2.1759937226306647e-05,771,AGCGGA,0.0015908703207969666,3291,GGCAGA,0.3551170527935028,False,False,True,-0.00024017691612243652,
17,29,52,head_0,degradation,1.0,0.9784414172172546,659,AGAATT,2.966796875,771,AGCGGA,3.55078125,771,AGCGGA,3.55078125,659,AGAATT,2.153339119104203e-05,771,AGCGGA,0.0015735796187072992,3291,GGCAGA,0.3499520421028137,False,False,True,-0.0003769397735595703,
17,30,52,head_0,degradation,1.0,0.9681638479232788,659,AGAATT,2.966796875,771,AGCGGA,3.55078125,771,AGCGGA,3.55078125,659,AGAATT,2.1432279027067125e-05,771,AGCGGA,0.001562225166708231,3291,GGCAGA,0.3495272397994995,False,False,True,-0.0003896057605743408,
17,31,52,head_0,degradation,1.0,0.9820388555526733,659,AGAATT,2.966796875,771,AGCGGA,3.55078125,771,AGCGGA,3.55078125,659,AGAATT,2.1418782125692815e-05,771,AGCGGA,0.0015774040948599577,3291,GGCAGA,0.3474942147731781,False,False,True,-0.0003078579902648926,
17,32,52,head_0,degradation,1.0,1.0181840658187866,659,AGAATT,2.966796875,771,AGCGGA,3.55078125,771,AGCGGA,3.55078125,659,AGAATT,2.145125290553551e-05,771,AGCGGA,0.0016170137096196413,3291,GGCAGA,0.34650054574012756,False,False,True,-0.0002766549587249756,
