Layer,Time_Offset,Target_Timestep,Component,Metric_Mode,Logit_Score,Posteriors_Score,Target_Transition_Prior,Target_String_Prior,Target_Logit,Wrong_Transition_Prior,Wrong_String_Prior,Wrong_Logit,Actual_Argmax_Prior,Actual_String_Prior,Actual_Argmax_Logit,Target_Transition_Post,Target_String_Post,Target_Prob,Wrong_Transition_Post,Wrong_String_Post,Wrong_Prob,Actual_Transition_Post,actual_String_Post,actual_Prob,Is_Target_Logit_Argmax,Is_Target_Prob_Argmax,Should_Decode,Global_MSE_Change,New_String
0,0,48,mlp,degradation,0.8125,0.9058242440223694,3323,GGCGAG,4.2734375,3293,GGCAGG,4.390625,3293,GGCAGG,4.390625,3323,GGCGAG,0.021169060841202736,3293,GGCAGG,0.09011509269475937,3293,GGCAGG,0.09011509269475937,False,False,True,-0.003975290805101395,TGCGGGCAGGGCTGCAACCC
0,1,48,mlp,degradation,0.796875,0.8358481526374817,3323,GGCGAG,4.265625,3293,GGCAGG,4.37890625,3293,GGCAGG,4.37890625,3323,GGCGAG,0.020900703966617584,3293,GGCAGG,0.08838006854057312,3293,GGCAGG,0.08838006854057312,False,False,True,-0.001443035900592804,TGCGGGCAGGGCTGCAACCC
0,2,48,mlp,degradation,0.984375,0.9135103225708008,3323,GGCGAG,4.2265625,3293,GGCAGG,4.38671875,3293,GGCAGG,4.38671875,3323,GGCGAG,0.02015729993581772,3293,GGCAGG,0.08926443010568619,3293,GGCAGG,0.08926443010568619,False,False,True,0.0017718486487865448,TGCGGGCAGGGCTGCAACCC
0,3,48,mlp,degradation,0.96875,0.9137104749679565,3323,GGCGAG,4.2265625,3293,GGCAGG,4.3828125,3293,GGCAGG,4.3828125,3323,GGCGAG,0.020219819620251656,3293,GGCAGG,0.08933114260435104,3293,GGCAGG,0.08933114260435104,False,False,True,0.0015905797481536865,TGCGGGCAGGGCTGCAACCC
0,4,48,mlp,degradation,0.984375,0.918875515460968,3323,GGCGAG,4.2265625,3293,GGCAGG,4.38671875,3293,GGCAGG,4.38671875,3323,GGCGAG,0.02026587910950184,3293,GGCAGG,0.08948545902967453,3293,GGCAGG,0.08948545902967453,False,False,True,0.0024701207876205444,TGCGGGCAGGGCTGCAACCC
0,5,48,mlp,degradation,0.984375,0.9051691293716431,3323,GGCGAG,4.22265625,3293,GGCAGG,4.3828125,3293,GGCAGG,4.3828125,3323,GGCGAG,0.02010471560060978,3293,GGCAGG,0.08903701603412628,3293,GGCAGG,0.08903701603412628,False,False,True,0.0021043606102466583,TGCGGGCAGGGCTGCAACCC
0,6,48,mlp,degradation,0.984375,0.9123603701591492,3323,GGCGAG,4.22265625,3293,GGCAGG,4.3828125,3293,GGCAGG,4.3828125,3323,GGCGAG,0.020184459164738655,3293,GGCAGG,0.08926748484373093,3293,GGCAGG,0.08926748484373093,False,False,True,0.001446317881345749,TGCGGGCAGGGCTGCAACCC
0,7,48,mlp,degradation,0.953125,0.9105982780456543,3323,GGCGAG,4.23046875,3293,GGCAGG,4.3828125,3293,GGCAGG,4.3828125,3323,GGCGAG,0.020439108833670616,3293,GGCAGG,0.08948520570993423,3293,GGCAGG,0.08948520570993423,False,False,True,0.00019084662199020386,TGCGGGCAGGGCTGCAACCC
0,8,48,mlp,degradation,0.953125,0.9120685458183289,3323,GGCGAG,4.23046875,3293,GGCAGG,4.3828125,3293,GGCAGG,4.3828125,3323,GGCGAG,0.02032856084406376,3293,GGCAGG,0.08940546959638596,3293,GGCAGG,0.08940546959638596,False,False,True,0.0007346048951148987,TGCGGGCAGGGCTGCAACCC
0,9,48,mlp,degradation,0.921875,0.866516649723053,3323,GGCGAG,4.234375,3293,GGCAGG,4.37890625,3293,GGCAGG,4.37890625,3323,GGCGAG,0.02038075588643551,3293,GGCAGG,0.0885029211640358,3293,GGCAGG,0.0885029211640358,False,False,True,0.001524563878774643,TGCGGGCAGGGCTGCAACCC
0,10,48,mlp,degradation,0.96875,0.8860136866569519,3323,GGCGAG,4.2265625,3293,GGCAGG,4.3828125,3293,GGCAGG,4.3828125,3323,GGCGAG,0.0202954038977623,3293,GGCAGG,0.08882621675729752,3293,GGCAGG,0.08882621675729752,False,False,True,0.0017923563718795776,TGCGGGCAGGGCTGCAACCC
0,11,48,mlp,degradation,0.984375,0.9457244277000427,3323,GGCGAG,4.23046875,3293,GGCAGG,4.390625,3293,GGCAGG,4.390625,3323,GGCGAG,0.020189380273222923,3293,GGCAGG,0.08997170627117157,3293,GGCAGG,0.08997170627117157,False,False,True,0.0005356743931770325,TGCGGGCAGGGCTGCAACCC
0,12,48,mlp,degradation,0.953125,0.8722348213195801,3323,GGCGAG,4.2265625,3293,GGCAGG,4.37890625,3293,GGCAGG,4.37890625,3323,GGCGAG,0.020283585414290428,3293,GGCAGG,0.08852560073137283,3293,GGCAGG,0.08852560073137283,False,False,True,0.002206467092037201,TGCGGGCAGGGCTGCAACCC
0,13,48,mlp,degradation,0.96875,0.913441002368927,3323,GGCGAG,4.23046875,3293,GGCAGG,4.38671875,3293,GGCAGG,4.38671875,3323,GGCGAG,0.020220959559082985,3293,GGCAGG,0.0893266350030899,3293,GGCAGG,0.0893266350030899,False,False,True,0.0011718422174453735,TGCGGGCAGGGCTGCAACCC
0,14,48,mlp,degradation,1.0,0.940799355506897,3323,GGCGAG,4.2265625,3293,GGCAGG,4.390625,3293,GGCAGG,4.390625,3323,GGCGAG,0.02015158161520958,3293,GGCAGG,0.0898306742310524,3293,GGCAGG,0.0898306742310524,False,False,True,-0.0007975921034812927,TGCGGGCAGGGCTGCAACCC
0,15,48,mlp,degradation,0.78125,0.7975955605506897,3323,GGCGAG,4.26171875,3293,GGCAGG,4.37109375,3293,GGCAGG,4.37109375,3323,GGCGAG,0.021763155236840248,3293,GGCAGG,0.08844076097011566,3293,GGCAGG,0.08844076097011566,False,False,True,-0.021178653463721275,TGCGGGCAGGGCTGCAACCC
0,16,48,mlp,degradation,0.9375,1.0625576972961426,3323,GGCGAG,4.26953125,3293,GGCAGG,4.41796875,3293,GGCAGG,4.41796875,3323,GGCGAG,0.021102584898471832,3293,GGCAGG,0.09333368390798569,3293,GGCAGG,0.09333368390798569,False,False,True,-0.024060653522610664,GCGGGCAGGGCTGCAACCC
0,17,48,mlp,degradation,0.84375,0.980998158454895,3323,GGCGAG,4.27734375,3293,GGCAGG,4.40234375,3293,GGCAGG,4.40234375,3323,GGCGAG,0.021310312673449516,3293,GGCAGG,0.09183195978403091,3293,GGCAGG,0.09183195978403091,False,False,True,-0.02554500475525856,GCGGGCAGGGCTGCAACCC
0,18,48,mlp,degradation,1.046875,1.1183444261550903,3323,GGCGAG,4.24609375,3293,GGCAGG,4.421875,3293,GGCAGG,4.421875,3323,GGCGAG,0.019985130056738853,3293,GGCAGG,0.0933854952454567,3293,GGCAGG,0.0933854952454567,False,False,True,-0.006404493004083633,GCGGGCAGGGCTGCAACCC
0,19,48,mlp,degradation,0.921875,0.8822776675224304,3323,GGCGAG,4.234375,3293,GGCAGG,4.37890625,3293,GGCAGG,4.37890625,3323,GGCGAG,0.020439036190509796,3293,GGCAGG,0.08889154344797134,3293,GGCAGG,0.08889154344797134,False,False,True,-0.0012392103672027588,TGCGGGCAGGGCTGCAACCC
0,20,48,mlp,degradation,0.9375,0.8919323682785034,3323,GGCGAG,4.234375,3293,GGCAGG,4.3828125,3293,GGCAGG,4.3828125,3323,GGCGAG,0.02028435841202736,3293,GGCAGG,0.08893922716379166,3293,GGCAGG,0.08893922716379166,False,False,True,0.001546282321214676,TGCGGGCAGGGCTGCAACCC
0,21,48,mlp,degradation,0.9375,0.9353989958763123,3323,GGCGAG,4.25,3293,GGCAGG,4.3984375,3293,GGCAGG,4.3984375,3323,GGCGAG,0.020192230120301247,3293,GGCAGG,0.08975813537836075,3293,GGCAGG,0.08975813537836075,False,False,True,-0.0003605373203754425,TGCGGGCAGGGCTGCAACCC
0,22,48,mlp,degradation,0.984375,0.9659029245376587,3323,GGCGAG,4.234375,3293,GGCAGG,4.39453125,3293,GGCAGG,4.39453125,3323,GGCGAG,0.019598577171564102,3293,GGCAGG,0.08980382978916168,3293,GGCAGG,0.08980382978916168,False,False,True,0.0023858509957790375,TGCGGGCAGGGCTGCAACCC
0,23,48,mlp,degradation,0.953125,0.9483122825622559,3323,GGCGAG,4.25390625,3293,GGCAGG,4.40625,3293,GGCAGG,4.40625,3323,GGCGAG,0.02038210816681385,3293,GGCAGG,0.0902186706662178,3293,GGCAGG,0.0902186706662178,False,False,True,-0.00012373924255371094,TGCGGGCAGGGCTGCAACCC
0,24,48,mlp,degradation,0.9375,0.9448517560958862,3323,GGCGAG,4.25390625,3293,GGCAGG,4.40234375,3293,GGCAGG,4.40234375,3323,GGCGAG,0.020336074754595757,3293,GGCAGG,0.09010010957717896,3293,GGCAGG,0.09010010957717896,False,False,True,-0.00013264641165733337,TGCGGGCAGGGCTGCAACCC
0,25,48,mlp,degradation,0.9375,0.9619244933128357,3323,GGCGAG,4.2578125,3293,GGCAGG,4.40625,3293,GGCAGG,4.40625,3323,GGCGAG,0.0206381194293499,3293,GGCAGG,0.09075998514890671,3293,GGCAGG,0.09075998514890671,False,False,True,-0.0012871995568275452,TGCGGGCAGGGCTGCAACCC
0,26,48,mlp,degradation,0.9375,0.894925057888031,3323,GGCGAG,4.23046875,3293,GGCAGG,4.37890625,3293,GGCAGG,4.37890625,3323,GGCGAG,0.02047109603881836,3293,GGCAGG,0.08918868750333786,3293,GGCAGG,0.08918868750333786,False,False,True,0.001332297921180725,TGCGGGCAGGGCTGCAACCC
0,27,48,mlp,degradation,0.859375,0.7364746332168579,3323,GGCGAG,4.2265625,3293,GGCAGG,4.35546875,3293,GGCAGG,4.35546875,3323,GGCGAG,0.02079416625201702,3293,GGCAGG,0.08619070798158646,3293,GGCAGG,0.08619070798158646,False,False,True,0.002558015286922455,TGCGGGCAGGGCTGCAACCC
0,28,48,mlp,degradation,0.828125,0.700175404548645,3323,GGCGAG,4.23046875,3293,GGCAGG,4.3515625,3293,GGCAGG,4.3515625,3323,GGCGAG,0.021060870960354805,3293,GGCAGG,0.08569659292697906,3293,GGCAGG,0.08569659292697906,False,False,True,0.0007606036961078644,TGCGGGCAGGGCTGCAACCC
0,29,48,mlp,degradation,0.84375,0.721267819404602,3323,GGCGAG,4.23046875,3293,GGCAGG,4.35546875,3293,GGCAGG,4.35546875,3323,GGCGAG,0.020895879715681076,3293,GGCAGG,0.08597369492053986,3293,GGCAGG,0.08597369492053986,False,False,True,4.5686960220336914e-05,TGCGGGCAGGGCTGCAACCC
0,30,48,mlp,degradation,0.90625,0.8338965773582458,3323,GGCGAG,4.234375,3293,GGCAGG,4.375,3293,GGCAGG,4.375,3323,GGCGAG,0.020586026832461357,3293,GGCAGG,0.08802448958158493,3293,GGCAGG,0.08802448958158493,False,False,True,0.00041176751255989075,TGCGGGCAGGGCTGCAACCC
0,31,48,mlp,degradation,0.96875,0.8631851673126221,3323,GGCGAG,4.21875,3293,GGCAGG,4.375,3293,GGCAGG,4.375,3323,GGCGAG,0.02049929089844227,3293,GGCAGG,0.08855162560939789,3293,GGCAGG,0.08855162560939789,False,False,True,0.0012620724737644196,TGCGGGCAGGGCTGCAACCC
1,0,48,mlp,degradation,0.984375,0.9748740196228027,3323,GGCGAG,4.23828125,3293,GGCAGG,4.3984375,3293,GGCAGG,4.3984375,3323,GGCGAG,0.020158298313617706,3293,GGCAGG,0.09055158495903015,3293,GGCAGG,0.09055158495903015,False,False,True,0.0007523372769355774,TGCGGGCAGGGCTGCAACCC
1,1,48,mlp,degradation,0.984375,0.9706417322158813,3323,GGCGAG,4.23828125,3293,GGCAGG,4.3984375,3293,GGCAGG,4.3984375,3323,GGCGAG,0.02022046409547329,3293,GGCAGG,0.09052504599094391,3293,GGCAGG,0.09052504599094391,False,False,True,0.001363128423690796,TGCGGGCAGGGCTGCAACCC
1,2,48,mlp,degradation,0.984375,0.9340563416481018,3323,GGCGAG,4.23046875,3293,GGCAGG,4.390625,3293,GGCAGG,4.390625,3323,GGCGAG,0.020090939477086067,3293,GGCAGG,0.08962870389223099,3293,GGCAGG,0.08962870389223099,False,False,True,0.0010120943188667297,TGCGGGCAGGGCTGCAACCC
1,3,48,mlp,degradation,0.984375,0.9400226473808289,3323,GGCGAG,4.234375,3293,GGCAGG,4.39453125,3293,GGCAGG,4.39453125,3323,GGCGAG,0.020186951383948326,3293,GGCAGG,0.08984977006912231,3293,GGCAGG,0.08984977006912231,False,False,True,0.0014377571642398834,TGCGGGCAGGGCTGCAACCC
1,4,48,mlp,degradation,0.96875,0.9281110763549805,3323,GGCGAG,4.2265625,3293,GGCAGG,4.3828125,3293,GGCAGG,4.3828125,3323,GGCGAG,0.020067166537046432,3293,GGCAGG,0.08948031812906265,3293,GGCAGG,0.08948031812906265,False,False,True,0.0016913898289203644,TGCGGGCAGGGCTGCAACCC
1,5,48,mlp,degradation,0.953125,0.919543445110321,3323,GGCGAG,4.234375,3293,GGCAGG,4.38671875,3293,GGCAGG,4.38671875,3323,GGCGAG,0.020269980654120445,3293,GGCAGG,0.08950356394052505,3293,GGCAGG,0.08950356394052505,False,False,True,0.0007317140698432922,TGCGGGCAGGGCTGCAACCC
1,6,48,mlp,degradation,0.96875,0.970538318157196,3323,GGCGAG,4.234375,3293,GGCAGG,4.390625,3293,GGCAGG,4.390625,3323,GGCGAG,0.020233748480677605,3293,GGCAGG,0.09053616225719452,3293,GGCAGG,0.09053616225719452,False,False,True,-0.00014649704098701477,TGCGGGCAGGGCTGCAACCC
1,7,48,mlp,degradation,0.96875,0.9798631072044373,3323,GGCGAG,4.23828125,3293,GGCAGG,4.39453125,3293,GGCAGG,4.39453125,3323,GGCGAG,0.020205290988087654,3293,GGCAGG,0.09070314466953278,3293,GGCAGG,0.09070314466953278,False,False,True,-0.0009431689977645874,TGCGGGCAGGGCTGCAACCC
1,8,48,mlp,degradation,0.953125,0.9493698477745056,3323,GGCGAG,4.23828125,3293,GGCAGG,4.390625,3293,GGCAGG,4.390625,3323,GGCGAG,0.020346829667687416,3293,GGCAGG,0.09020555764436722,3293,GGCAGG,0.09020555764436722,False,False,True,-0.0012600906193256378,TGCGGGCAGGGCTGCAACCC
1,9,48,mlp,degradation,1.03125,1.0002371072769165,3323,GGCGAG,4.2265625,3293,GGCAGG,4.3984375,3293,GGCAGG,4.3984375,3323,GGCGAG,0.020002851262688637,3293,GGCAGG,0.09092773497104645,3293,GGCAGG,0.09092773497104645,False,False,True,0.00024071335792541504,TGCGGGCAGGGCTGCAACCC
1,10,48,mlp,degradation,1.03125,1.0337064266204834,3323,GGCGAG,4.234375,3293,GGCAGG,4.40625,3293,GGCAGG,4.40625,3323,GGCGAG,0.01993725448846817,3293,GGCAGG,0.0915636420249939,3293,GGCAGG,0.0915636420249939,False,False,True,-0.0005066283047199249,TGCGGGCAGGGCTGCAACCC
1,11,48,mlp,degradation,1.03125,0.9984081983566284,3323,GGCGAG,4.23046875,3293,GGCAGG,4.40234375,3293,GGCAGG,4.40234375,3323,GGCGAG,0.0198832880705595,3293,GGCAGG,0.09076984226703644,3293,GGCAGG,0.09076984226703644,False,False,True,5.22024929523468e-05,TGCGGGCAGGGCTGCAACCC
1,12,48,mlp,degradation,1.015625,0.9815100431442261,3323,GGCGAG,4.23046875,3293,GGCAGG,4.3984375,3293,GGCAGG,4.3984375,3323,GGCGAG,0.02002970315515995,3293,GGCAGG,0.09056207537651062,3293,GGCAGG,0.09056207537651062,False,False,True,-0.00041991472244262695,TGCGGGCAGGGCTGCAACCC
1,13,48,mlp,degradation,1.046875,1.0492104291915894,3323,GGCGAG,4.234375,3293,GGCAGG,4.41015625,3293,GGCAGG,4.41015625,3323,GGCGAG,0.01993849128484726,3293,GGCAGG,0.09188983589410782,3293,GGCAGG,0.09188983589410782,False,False,True,-0.0005943402647972107,TGCGGGCAGGGCTGCAACCC
1,14,48,mlp,degradation,1.046875,1.042568325996399,3323,GGCGAG,4.234375,3293,GGCAGG,4.41015625,3293,GGCAGG,4.41015625,3323,GGCGAG,0.020070649683475494,3293,GGCAGG,0.09188278019428253,3293,GGCAGG,0.09188278019428253,False,False,True,-0.0028720498085021973,TGCGGGCAGGGCTGCAACCC
1,15,48,mlp,degradation,0.953125,1.081128716468811,3323,GGCGAG,4.265625,3293,GGCAGG,4.41796875,3293,GGCAGG,4.41796875,3323,GGCGAG,0.020748766139149666,3293,GGCAGG,0.09336910396814346,3293,GGCAGG,0.09336910396814346,False,False,True,-0.018038034439086914,TGCGGGCAGGGCTGCAACCC
1,16,48,mlp,degradation,1.125,1.4284844398498535,3323,GGCGAG,4.265625,3293,GGCAGG,4.4609375,3293,GGCAGG,4.4609375,3323,GGCGAG,0.019259875640273094,3293,GGCAGG,0.09916064143180847,3293,GGCAGG,0.09916064143180847,False,False,True,-0.0137263722717762,GCGGGCAGGGCTGCAACCC
1,17,48,mlp,degradation,1.0625,1.345526099205017,3323,GGCGAG,4.265625,3293,GGCAGG,4.4453125,3293,GGCAGG,4.4453125,3323,GGCGAG,0.019621632993221283,3293,GGCAGG,0.09778362512588501,3293,GGCAGG,0.09778362512588501,False,False,True,-0.014834143221378326,GCGGGCAGGGCTGCAACCC
1,18,48,mlp,degradation,1.125,1.2371004819869995,3323,GGCGAG,4.234375,3293,GGCAGG,4.4296875,3293,GGCAGG,4.4296875,3323,GGCGAG,0.018992692232131958,3293,GGCAGG,0.09488213062286377,3293,GGCAGG,0.09488213062286377,False,False,True,0.0029402896761894226,TGCGGGCAGGGCTGCAACCC
1,19,48,mlp,degradation,0.90625,0.9029306769371033,3323,GGCGAG,4.2421875,3293,GGCAGG,4.3828125,3293,GGCAGG,4.3828125,3323,GGCGAG,0.02068813517689705,3293,GGCAGG,0.08957352489233017,3293,GGCAGG,0.08957352489233017,False,False,True,-0.002859491854906082,TGCGGGCAGGGCTGCAACCC
1,20,48,mlp,degradation,0.921875,0.8657281994819641,3323,GGCGAG,4.24609375,3293,GGCAGG,4.390625,3293,GGCAGG,4.390625,3323,GGCGAG,0.020410586148500443,3293,GGCAGG,0.0885162204504013,3293,GGCAGG,0.0885162204504013,False,False,True,0.001137271523475647,TGCGGGCAGGGCTGCAACCC
1,21,48,mlp,degradation,0.953125,0.8826722502708435,3323,GGCGAG,4.23828125,3293,GGCAGG,4.390625,3293,GGCAGG,4.390625,3323,GGCGAG,0.020294319838285446,3293,GGCAGG,0.08875509351491928,3293,GGCAGG,0.08875509351491928,False,False,True,0.0006434209644794464,TGCGGGCAGGGCTGCAACCC
1,22,48,mlp,degradation,1.0,0.9183846116065979,3323,GGCGAG,4.2265625,3293,GGCAGG,4.390625,3293,GGCAGG,4.390625,3323,GGCGAG,0.019857408478856087,3293,GGCAGG,0.08906669914722443,3293,GGCAGG,0.08906669914722443,False,False,True,0.0028829090297222137,TGCGGGCAGGGCTGCAACCC
1,23,48,mlp,degradation,0.96875,0.9208366274833679,3323,GGCGAG,4.234375,3293,GGCAGG,4.390625,3293,GGCAGG,4.390625,3323,GGCGAG,0.02025153487920761,3293,GGCAGG,0.08951222151517868,3293,GGCAGG,0.08951222151517868,False,False,True,0.0010986290872097015,TGCGGGCAGGGCTGCAACCC
1,24,48,mlp,degradation,0.953125,0.9621078968048096,3323,GGCGAG,4.24609375,3293,GGCAGG,4.3984375,3293,GGCAGG,4.3984375,3323,GGCGAG,0.02050567977130413,3293,GGCAGG,0.0906313955783844,3293,GGCAGG,0.0906313955783844,False,False,True,3.8273632526397705e-05,TGCGGGCAGGGCTGCAACCC
1,25,48,mlp,degradation,0.875,0.8242202401161194,3323,GGCGAG,4.2421875,3293,GGCAGG,4.375,3293,GGCAGG,4.375,3323,GGCGAG,0.02082313597202301,3293,GGCAGG,0.08805878460407257,3293,GGCAGG,0.08805878460407257,False,False,True,0.00025605037808418274,TGCGGGCAGGGCTGCAACCC
1,26,48,mlp,degradation,0.75,0.6063743829727173,3323,GGCGAG,4.2265625,3293,GGCAGG,4.328125,3293,GGCAGG,4.328125,3323,GGCGAG,0.02125735953450203,3293,GGCAGG,0.08392705768346786,3293,GGCAGG,0.08392705768346786,False,False,True,0.002505306154489517,TGCGGGCAGGGCTGCAACCC
1,27,48,mlp,degradation,0.625,0.2998693585395813,3323,GGCGAG,4.19921875,3293,GGCAGG,4.26953125,3293,GGCAGG,4.26953125,3323,GGCGAG,0.021441685035824776,3293,GGCAGG,0.07768716663122177,3293,GGCAGG,0.07768716663122177,False,False,True,0.00785331055521965,TGCGGGCAGGGCTGCAACCC
1,28,48,mlp,degradation,0.671875,0.3950439691543579,3323,GGCGAG,4.20703125,3293,GGCAGG,4.2890625,3293,GGCAGG,4.2890625,3323,GGCGAG,0.021403038874268532,3293,GGCAGG,0.07964333891868591,3293,GGCAGG,0.07964333891868591,False,False,True,0.005170933902263641,TGCGGGCAGGGCTGCAACCC
1,29,48,mlp,degradation,0.796875,0.5685402154922485,3323,GGCGAG,4.2109375,3293,GGCAGG,4.32421875,3293,GGCAGG,4.32421875,3323,GGCGAG,0.021008117124438286,3293,GGCAGG,0.08288482576608658,3293,GGCAGG,0.08288482576608658,False,False,True,0.004182245582342148,TGCGGGCAGGGCTGCAACCC
1,30,48,mlp,degradation,0.84375,0.7724049091339111,3323,GGCGAG,4.2421875,3293,GGCAGG,4.3671875,3293,GGCAGG,4.3671875,3323,GGCGAG,0.02088957652449608,3293,GGCAGG,0.08703920245170593,3293,GGCAGG,0.08703920245170593,False,False,True,-0.0005890242755413055,TGCGGGCAGGGCTGCAACCC
1,31,48,mlp,degradation,0.90625,0.8784961104393005,3323,GGCGAG,4.234375,3293,GGCAGG,4.375,3293,GGCAGG,4.375,3323,GGCGAG,0.02090008184313774,3293,GGCAGG,0.08927333354949951,3293,GGCAGG,0.08927333354949951,False,False,True,-0.0012635774910449982,TGCGGGCAGGGCTGCAACCC
2,0,48,mlp,degradation,0.984375,0.9292179942131042,3323,GGCGAG,4.2265625,3293,GGCAGG,4.38671875,3293,GGCAGG,4.38671875,3323,GGCGAG,0.02000531554222107,3293,GGCAGG,0.08944167196750641,3293,GGCAGG,0.08944167196750641,False,False,True,0.0025160051882267,TGCGGGCAGGGCTGCAACCC
2,1,48,mlp,degradation,1.0,0.9407823085784912,3323,GGCGAG,4.2265625,3293,GGCAGG,4.390625,3293,GGCAGG,4.390625,3323,GGCGAG,0.020149892196059227,3293,GGCAGG,0.08982863277196884,3293,GGCAGG,0.08982863277196884,False,False,True,0.0014799386262893677,TGCGGGCAGGGCTGCAACCC
2,2,48,mlp,degradation,1.03125,1.0187206268310547,3323,GGCGAG,4.2265625,3293,GGCAGG,4.3984375,3293,GGCAGG,4.3984375,3323,GGCGAG,0.02006535977125168,3293,GGCAGG,0.09137765318155289,3293,GGCAGG,0.09137765318155289,False,False,True,0.0011735856533050537,TGCGGGCAGGGCTGCAACCC
2,3,48,mlp,degradation,1.0,0.9918745756149292,3323,GGCGAG,4.234375,3293,GGCAGG,4.3984375,3293,GGCAGG,4.3984375,3323,GGCGAG,0.02005443535745144,3293,GGCAGG,0.09080404788255692,3293,GGCAGG,0.09080404788255692,False,False,True,0.0014802701771259308,TGCGGGCAGGGCTGCAACCC
2,4,48,mlp,degradation,0.96875,0.9187745451927185,3323,GGCGAG,4.234375,3293,GGCAGG,4.390625,3293,GGCAGG,4.390625,3323,GGCGAG,0.02015688270330429,3293,GGCAGG,0.0893743485212326,3293,GGCAGG,0.0893743485212326,False,False,True,0.0018962398171424866,TGCGGGCAGGGCTGCAACCC
2,5,48,mlp,degradation,0.984375,0.959301769733429,3323,GGCGAG,4.234375,3293,GGCAGG,4.39453125,3293,GGCAGG,4.39453125,3323,GGCGAG,0.02011413685977459,3293,GGCAGG,0.09018103778362274,3293,GGCAGG,0.09018103778362274,False,False,True,0.00027682259678840637,TGCGGGCAGGGCTGCAACCC
2,6,48,mlp,degradation,0.953125,0.9572386145591736,3323,GGCGAG,4.2421875,3293,GGCAGG,4.39453125,3293,GGCAGG,4.39453125,3323,GGCGAG,0.020362751558423042,3293,GGCAGG,0.09038640558719635,3293,GGCAGG,0.09038640558719635,False,False,True,-0.001565098762512207,TGCGGGCAGGGCTGCAACCC
2,7,48,mlp,degradation,0.953125,0.9680116176605225,3323,GGCGAG,4.24609375,3293,GGCAGG,4.3984375,3293,GGCAGG,4.3984375,3323,GGCGAG,0.020503420382738113,3293,GGCAGG,0.09075286984443665,3293,GGCAGG,0.09075286984443665,False,False,True,-0.003649480640888214,TGCGGGCAGGGCTGCAACCC
2,8,48,mlp,degradation,0.96875,1.0287545919418335,3323,GGCGAG,4.25,3293,GGCAGG,4.40625,3293,GGCAGG,4.40625,3323,GGCGAG,0.020578458905220032,3293,GGCAGG,0.09210105985403061,3293,GGCAGG,0.09210105985403061,False,False,True,-0.0048155710101127625,TGCGGGCAGGGCTGCAACCC
2,9,48,mlp,degradation,1.0,1.0858014822006226,3323,GGCGAG,4.24609375,3293,GGCAGG,4.41015625,3293,GGCAGG,4.41015625,3323,GGCGAG,0.020401062443852425,3293,GGCAGG,0.09311933815479279,3293,GGCAGG,0.09311933815479279,False,False,True,-0.0044609420001506805,TGCGGGCAGGGCTGCAACCC
2,10,48,mlp,degradation,1.0,1.0402343273162842,3323,GGCGAG,4.2421875,3293,GGCAGG,4.40625,3293,GGCAGG,4.40625,3323,GGCGAG,0.02026146836578846,3293,GGCAGG,0.09202467650175095,3293,GGCAGG,0.09202467650175095,False,False,True,-0.0028280168771743774,TGCGGGCAGGGCTGCAACCC
2,11,48,mlp,degradation,0.984375,1.1016374826431274,3323,GGCGAG,4.25,3293,GGCAGG,4.41015625,3293,GGCAGG,4.41015625,3323,GGCGAG,0.020187856629490852,3293,GGCAGG,0.09323804825544357,3293,GGCAGG,0.09323804825544357,False,False,True,-0.003239724785089493,TGCGGGCAGGGCTGCAACCC
2,12,48,mlp,degradation,0.984375,1.0909497737884521,3323,GGCGAG,4.25,3293,GGCAGG,4.41015625,3293,GGCAGG,4.41015625,3323,GGCGAG,0.02030090242624283,3293,GGCAGG,0.09312708675861359,3293,GGCAGG,0.09312708675861359,False,False,True,-0.004109863191843033,TGCGGGCAGGGCTGCAACCC
2,13,48,mlp,degradation,0.984375,1.1031347513198853,3323,GGCGAG,4.25390625,3293,GGCAGG,4.4140625,3293,GGCAGG,4.4140625,3323,GGCGAG,0.020369313657283783,3293,GGCAGG,0.0934508889913559,3293,GGCAGG,0.0934508889913559,False,False,True,-0.004895031452178955,TGCGGGCAGGGCTGCAACCC
2,14,48,mlp,degradation,0.9375,1.0528578758239746,3323,GGCGAG,4.26171875,3293,GGCAGG,4.41015625,3293,GGCAGG,4.41015625,3323,GGCGAG,0.020637301728129387,3293,GGCAGG,0.09266509860754013,3293,GGCAGG,0.09266509860754013,False,False,True,-0.009084019809961319,TGCGGGCAGGGCTGCAACCC
2,15,48,mlp,degradation,0.984375,1.1683980226516724,3323,GGCGAG,4.26171875,3293,GGCAGG,4.421875,3293,GGCAGG,4.421875,3323,GGCGAG,0.02052333950996399,3293,GGCAGG,0.09497280418872833,3293,GGCAGG,0.09497280418872833,False,False,True,-0.019558846950531006,TGCGGGCAGGGCTGCAACCC
2,16,48,mlp,degradation,0.890625,0.9002600312232971,3323,GGCGAG,4.25,3293,GGCAGG,4.38671875,3293,GGCAGG,4.38671875,3323,GGCGAG,0.020613590255379677,3293,GGCAGG,0.08944299817085266,3293,GGCAGG,0.08944299817085266,False,False,True,-0.01549343392252922,TGCGGGCAGGGCTGCAACCC
2,17,48,mlp,degradation,0.90625,0.8920969367027283,3323,GGCGAG,4.23828125,3293,GGCAGG,4.37890625,3293,GGCAGG,4.37890625,3323,GGCGAG,0.020351270213723183,3293,GGCAGG,0.08900958299636841,3293,GGCAGG,0.08900958299636841,False,False,True,-0.013608412817120552,TGCGGGCAGGGCTGCAACCC
2,18,48,mlp,degradation,0.84375,0.6756086349487305,3323,GGCGAG,4.2265625,3293,GGCAGG,4.3515625,3293,GGCAGG,4.3515625,3323,GGCGAG,0.02046867087483406,3293,GGCAGG,0.08458948135375977,3293,GGCAGG,0.08458948135375977,False,False,True,0.00254850834608078,TGCGGGCAGGGCTGCAACCC
2,19,48,mlp,degradation,1.0,0.9707071781158447,3323,GGCGAG,4.2265625,3293,GGCAGG,4.390625,3293,GGCAGG,4.390625,3323,GGCGAG,0.020140796899795532,3293,GGCAGG,0.09044674783945084,3293,GGCAGG,0.09044674783945084,False,False,True,-0.0020724311470985413,TGCGGGCAGGGCTGCAACCC
2,20,48,mlp,degradation,1.0,0.8936368227005005,3323,GGCGAG,4.2265625,3293,GGCAGG,4.390625,3293,GGCAGG,4.390625,3323,GGCGAG,0.020118938758969307,3293,GGCAGG,0.0888095274567604,3293,GGCAGG,0.0888095274567604,False,False,True,0.0009372644126415253,TGCGGGCAGGGCTGCAACCC
2,21,48,mlp,degradation,0.90625,0.7406159043312073,3323,GGCGAG,4.21875,3293,GGCAGG,4.359375,3293,GGCAGG,4.359375,3323,GGCGAG,0.020359253510832787,3293,GGCAGG,0.08584259450435638,3293,GGCAGG,0.08584259450435638,False,False,True,0.0038138143718242645,TGCGGGCAGGGCTGCAACCC
2,22,48,mlp,degradation,0.890625,0.7023345828056335,3323,GGCGAG,4.21484375,3293,GGCAGG,4.3515625,3293,GGCAGG,4.3515625,3323,GGCGAG,0.020469725131988525,3293,GGCAGG,0.08515070378780365,3293,GGCAGG,0.08515070378780365,False,False,True,0.005484908819198608,TGCGGGCAGGGCTGCAACCC
2,23,48,mlp,degradation,0.84375,0.629743218421936,3323,GGCGAG,4.2109375,3293,GGCAGG,4.3359375,3293,GGCAGG,4.3359375,3323,GGCGAG,0.020600685849785805,3293,GGCAGG,0.08376017957925797,3293,GGCAGG,0.08376017957925797,False,False,True,0.005377370864152908,TGCGGGCAGGGCTGCAACCC
2,24,48,mlp,degradation,0.875,0.7671381831169128,3323,GGCGAG,4.2265625,3293,GGCAGG,4.359375,3293,GGCAGG,4.359375,3323,GGCGAG,0.020358454436063766,3293,GGCAGG,0.086397685110569,3293,GGCAGG,0.086397685110569,False,False,True,0.0016797184944152832,TGCGGGCAGGGCTGCAACCC
2,25,48,mlp,degradation,0.84375,0.8106478452682495,3323,GGCGAG,4.25,3293,GGCAGG,4.375,3293,GGCAGG,4.375,3323,GGCGAG,0.020925896242260933,3293,GGCAGG,0.0878770723938942,3293,GGCAGG,0.0878770723938942,False,False,True,-0.0004571862518787384,TGCGGGCAGGGCTGCAACCC
2,26,48,mlp,degradation,0.828125,0.6223646402359009,3323,GGCGAG,4.22265625,3293,GGCAGG,4.34375,3293,GGCAGG,4.34375,3323,GGCGAG,0.020541513338685036,3293,GGCAGG,0.08354635536670685,3293,GGCAGG,0.08354635536670685,False,False,True,0.0022730380296707153,TGCGGGCAGGGCTGCAACCC
2,27,48,mlp,degradation,0.765625,0.5832699537277222,3323,GGCGAG,4.234375,3293,GGCAGG,4.33984375,3293,GGCAGG,4.33984375,3323,GGCGAG,0.02095274068415165,3293,GGCAGG,0.08313817530870438,3293,GGCAGG,0.08313817530870438,False,False,True,0.0017874166369438171,TGCGGGCAGGGCTGCAACCC
2,28,48,mlp,degradation,0.8125,0.6542332768440247,3323,GGCGAG,4.234375,3293,GGCAGG,4.3515625,3293,GGCAGG,4.3515625,3323,GGCGAG,0.020748792216181755,3293,GGCAGG,0.08442158997058868,3293,GGCAGG,0.08442158997058868,False,False,True,0.0019293725490570068,TGCGGGCAGGGCTGCAACCC
2,29,48,mlp,degradation,0.828125,0.7610361576080322,3323,GGCGAG,4.25,3293,GGCAGG,4.37109375,3293,GGCAGG,4.37109375,3323,GGCGAG,0.02071848325431347,3293,GGCAGG,0.08662982285022736,3293,GGCAGG,0.08662982285022736,False,False,True,0.0006122887134552002,TGCGGGCAGGGCTGCAACCC
2,30,48,mlp,degradation,0.859375,0.7661471366882324,3323,GGCGAG,4.23828125,3293,GGCAGG,4.3671875,3293,GGCAGG,4.3671875,3323,GGCGAG,0.020679481327533722,3293,GGCAGG,0.08669794350862503,3293,GGCAGG,0.08669794350862503,False,False,True,0.002125341445207596,TGCGGGCAGGGCTGCAACCC
2,31,48,mlp,degradation,0.875,0.7490915060043335,3323,GGCGAG,4.234375,3293,GGCAGG,4.3671875,3293,GGCAGG,4.3671875,3323,GGCGAG,0.020549792796373367,3293,GGCAGG,0.08621077984571457,3293,GGCAGG,0.08621077984571457,False,False,True,0.0022208765149116516,TGCGGGCAGGGCTGCAACCC
3,0,48,mlp,degradation,1.0,0.9396412372589111,3323,GGCGAG,4.22265625,3293,GGCAGG,4.38671875,3293,GGCAGG,4.38671875,3323,GGCGAG,0.01992843486368656,3293,GGCAGG,0.08958325535058975,3293,GGCAGG,0.08958325535058975,False,False,True,0.004019089043140411,TGCGGGCAGGGCTGCAACCC
3,1,48,mlp,degradation,0.984375,0.9070108532905579,3323,GGCGAG,4.22265625,3293,GGCAGG,4.3828125,3293,GGCAGG,4.3828125,3323,GGCGAG,0.019945593550801277,3293,GGCAGG,0.08891649544239044,3293,GGCAGG,0.08891649544239044,False,False,True,0.004199564456939697,TGCGGGCAGGGCTGCAACCC
3,2,48,mlp,degradation,0.96875,0.8737804293632507,3323,GGCGAG,4.2265625,3293,GGCAGG,4.3828125,3293,GGCAGG,4.3828125,3323,GGCGAG,0.020040098577737808,3293,GGCAGG,0.08831450343132019,3293,GGCAGG,0.08831450343132019,False,False,True,0.0022605881094932556,TGCGGGCAGGGCTGCAACCC
3,3,48,mlp,degradation,0.984375,0.9353147745132446,3323,GGCGAG,4.23046875,3293,GGCAGG,4.390625,3293,GGCAGG,4.390625,3323,GGCGAG,0.020019302144646645,3293,GGCAGG,0.08958344161510468,3293,GGCAGG,0.08958344161510468,False,False,True,0.0010945983231067657,TGCGGGCAGGGCTGCAACCC
3,4,48,mlp,degradation,0.96875,0.9325307011604309,3323,GGCGAG,4.234375,3293,GGCAGG,4.390625,3293,GGCAGG,4.390625,3323,GGCGAG,0.020162470638751984,3293,GGCAGG,0.08966825902462006,3293,GGCAGG,0.08966825902462006,False,False,True,0.00019943714141845703,TGCGGGCAGGGCTGCAACCC
3,5,48,mlp,degradation,1.0,0.9875733256340027,3323,GGCGAG,4.23046875,3293,GGCAGG,4.39453125,3293,GGCAGG,4.39453125,3323,GGCGAG,0.020121712237596512,3293,GGCAGG,0.09078117460012436,3293,GGCAGG,0.09078117460012436,False,False,True,0.0010122507810592651,TGCGGGCAGGGCTGCAACCC
3,6,48,mlp,degradation,0.96875,0.9557065367698669,3323,GGCGAG,4.234375,3293,GGCAGG,4.390625,3293,GGCAGG,4.390625,3323,GGCGAG,0.020177559927105904,3293,GGCAGG,0.09016910195350647,3293,GGCAGG,0.09016910195350647,False,False,True,0.0009959116578102112,TGCGGGCAGGGCTGCAACCC
3,7,48,mlp,degradation,0.953125,0.9353229403495789,3323,GGCGAG,4.23828125,3293,GGCAGG,4.390625,3293,GGCAGG,4.390625,3323,GGCGAG,0.02023116871714592,3293,GGCAGG,0.08979547768831253,3293,GGCAGG,0.08979547768831253,False,False,True,-2.0541250705718994e-05,TGCGGGCAGGGCTGCAACCC
3,8,48,mlp,degradation,0.984375,1.0197045803070068,3323,GGCGAG,4.2421875,3293,GGCAGG,4.40234375,3293,GGCAGG,4.40234375,3323,GGCGAG,0.020215023308992386,3293,GGCAGG,0.09154793620109558,3293,GGCAGG,0.09154793620109558,False,False,True,-0.0010623633861541748,TGCGGGCAGGGCTGCAACCC
3,9,48,mlp,degradation,1.0,1.0166475772857666,3323,GGCGAG,4.234375,3293,GGCAGG,4.3984375,3293,GGCAGG,4.3984375,3323,GGCGAG,0.020217448472976685,3293,GGCAGG,0.09148629009723663,3293,GGCAGG,0.09148629009723663,False,False,True,-0.0012046657502651215,TGCGGGCAGGGCTGCAACCC
3,10,48,mlp,degradation,1.0,0.9992947578430176,3323,GGCGAG,4.234375,3293,GGCAGG,4.3984375,3293,GGCAGG,4.3984375,3323,GGCGAG,0.020128855481743813,3293,GGCAGG,0.09103398770093918,3293,GGCAGG,0.09103398770093918,False,False,True,-0.0009445957839488983,TGCGGGCAGGGCTGCAACCC
3,11,48,mlp,degradation,0.96875,0.9536067247390747,3323,GGCGAG,4.234375,3293,GGCAGG,4.390625,3293,GGCAGG,4.390625,3323,GGCGAG,0.020166458562016487,3293,GGCAGG,0.09011399000883102,3293,GGCAGG,0.09011399000883102,False,False,True,-0.0008499510586261749,TGCGGGCAGGGCTGCAACCC
3,12,48,mlp,degradation,0.984375,0.9924219846725464,3323,GGCGAG,4.23828125,3293,GGCAGG,4.3984375,3293,GGCAGG,4.3984375,3323,GGCGAG,0.02028392069041729,3293,GGCAGG,0.09104500710964203,3293,GGCAGG,0.09104500710964203,False,False,True,-0.001142900437116623,TGCGGGCAGGGCTGCAACCC
3,13,48,mlp,degradation,0.953125,0.943617582321167,3323,GGCGAG,4.23828125,3293,GGCAGG,4.390625,3293,GGCAGG,4.390625,3323,GGCGAG,0.02022549882531166,3293,GGCAGG,0.08996366709470749,3293,GGCAGG,0.08996366709470749,False,False,True,-0.0013480521738529205,TGCGGGCAGGGCTGCAACCC
3,14,48,mlp,degradation,0.90625,0.9314411282539368,3323,GGCGAG,4.25,3293,GGCAGG,4.390625,3293,GGCAGG,4.390625,3323,GGCGAG,0.02058389037847519,3293,GGCAGG,0.09006684273481369,3293,GGCAGG,0.09006684273481369,False,False,True,-0.005758203566074371,TGCGGGCAGGGCTGCAACCC
3,15,48,mlp,degradation,0.90625,1.071913480758667,3323,GGCGAG,4.2734375,3293,GGCAGG,4.4140625,3293,GGCAGG,4.4140625,3323,GGCGAG,0.02085757441818714,3293,GGCAGG,0.09328476339578629,3293,GGCAGG,0.09328476339578629,False,False,True,-0.01915537193417549,TGCGGGCAGGGCTGCAACCC
3,16,48,mlp,degradation,0.984375,1.2718921899795532,3323,GGCGAG,4.265625,3293,GGCAGG,4.42578125,3293,GGCAGG,4.42578125,3323,GGCGAG,0.021113919094204903,3293,GGCAGG,0.09773257374763489,3293,GGCAGG,0.09773257374763489,False,False,True,-0.020227888599038124,TGCGGGCAGGGCTGCAACCC
3,17,48,mlp,degradation,1.046875,1.3771259784698486,3323,GGCGAG,4.26171875,3293,GGCAGG,4.4375,3293,GGCAGG,4.4375,3323,GGCGAG,0.021094564348459244,3293,GGCAGG,0.09991887956857681,3293,GGCAGG,0.09991887956857681,False,False,True,-0.020499536767601967,TGCGGGCAGGGCTGCAACCC
3,18,48,mlp,degradation,1.078125,1.2058038711547852,3323,GGCGAG,4.22265625,3293,GGCAGG,4.40625,3293,GGCAGG,4.40625,3323,GGCGAG,0.020571952685713768,3293,GGCAGG,0.09580542892217636,3293,GGCAGG,0.09580542892217636,False,False,True,-0.006448239088058472,TGCGGGCAGGGCTGCAACCC
3,19,48,mlp,degradation,1.015625,1.0535980463027954,3323,GGCGAG,4.234375,3293,GGCAGG,4.40234375,3293,GGCAGG,4.40234375,3323,GGCGAG,0.020340949296951294,3293,GGCAGG,0.09238425642251968,3293,GGCAGG,0.09238425642251968,False,False,True,-0.004626911133527756,TGCGGGCAGGGCTGCAACCC
3,20,48,mlp,degradation,0.96875,0.9763108491897583,3323,GGCGAG,4.2421875,3293,GGCAGG,4.3984375,3293,GGCAGG,4.3984375,3323,GGCGAG,0.020145954564213753,3293,GGCAGG,0.09056935459375381,3293,GGCAGG,0.09056935459375381,False,False,True,-0.0009359046816825867,TGCGGGCAGGGCTGCAACCC
3,21,48,mlp,degradation,0.8125,0.6319066286087036,3323,GGCGAG,4.2265625,3293,GGCAGG,4.34375,3293,GGCAGG,4.34375,3323,GGCGAG,0.020658502355217934,3293,GGCAGG,0.08386334031820297,3293,GGCAGG,0.08386334031820297,False,False,True,0.003321077674627304,TGCGGGCAGGGCTGCAACCC
3,22,48,mlp,degradation,0.828125,0.6292579770088196,3323,GGCGAG,4.21875,3293,GGCAGG,4.33984375,3293,GGCAGG,4.33984375,3323,GGCGAG,0.020715748891234398,3293,GGCAGG,0.08386507630348206,3293,GGCAGG,0.08386507630348206,False,False,True,0.0024225786328315735,TGCGGGCAGGGCTGCAACCC
3,23,48,mlp,degradation,0.75,0.5728007555007935,3323,GGCGAG,4.2265625,3293,GGCAGG,4.328125,3293,GGCAGG,4.328125,3323,GGCGAG,0.021082352846860886,3293,GGCAGG,0.08304835855960846,3293,GGCAGG,0.08304835855960846,False,False,True,0.0024289265275001526,TGCGGGCAGGGCTGCAACCC
3,24,48,mlp,degradation,0.90625,0.9480851292610168,3323,GGCGAG,4.25,3293,GGCAGG,4.390625,3293,GGCAGG,4.390625,3323,GGCGAG,0.020498039200901985,3293,GGCAGG,0.0903298407793045,3293,GGCAGG,0.0903298407793045,False,False,True,-0.0018117614090442657,TGCGGGCAGGGCTGCAACCC
3,25,48,mlp,degradation,0.9375,0.9932914972305298,3323,GGCGAG,4.25,3293,GGCAGG,4.3984375,3293,GGCAGG,4.3984375,3323,GGCGAG,0.020380213856697083,3293,GGCAGG,0.09115952253341675,3293,GGCAGG,0.09115952253341675,False,False,True,-0.002149544656276703,TGCGGGCAGGGCTGCAACCC
3,26,48,mlp,degradation,0.90625,0.9580338001251221,3323,GGCGAG,4.25,3293,GGCAGG,4.390625,3293,GGCAGG,4.390625,3323,GGCGAG,0.02048555575311184,3293,GGCAGG,0.09052588045597076,3293,GGCAGG,0.09052588045597076,False,False,True,-0.0033940784633159637,TGCGGGCAGGGCTGCAACCC
3,27,48,mlp,degradation,1.046875,1.0776455402374268,3323,GGCGAG,4.234375,3293,GGCAGG,4.41015625,3293,GGCAGG,4.41015625,3323,GGCGAG,0.019841304048895836,3293,GGCAGG,0.09238863736391068,3293,GGCAGG,0.09238863736391068,False,False,True,-0.0010166876018047333,TGCGGGCAGGGCTGCAACCC
3,28,48,mlp,degradation,1.046875,1.1046628952026367,3323,GGCGAG,4.234375,3293,GGCAGG,4.41015625,3293,GGCAGG,4.41015625,3323,GGCGAG,0.01987423375248909,3293,GGCAGG,0.09298784285783768,3293,GGCAGG,0.09298784285783768,False,False,True,-5.980581045150757e-05,TGCGGGCAGGGCTGCAACCC
3,29,48,mlp,degradation,1.109375,1.1559689044952393,3323,GGCGAG,4.22265625,3293,GGCAGG,4.4140625,3293,GGCAGG,4.4140625,3323,GGCGAG,0.019579892978072166,3293,GGCAGG,0.09376884996891022,3293,GGCAGG,0.09376884996891022,False,False,True,0.00219692662358284,TGCGGGCAGGGCTGCAACCC
3,30,48,mlp,degradation,0.84375,0.811697244644165,3323,GGCGAG,4.234375,3293,GGCAGG,4.359375,3293,GGCAGG,4.359375,3323,GGCGAG,0.020895501598715782,3293,GGCAGG,0.08786867558956146,3293,GGCAGG,0.08786867558956146,False,False,True,-0.0008949525654315948,TGCGGGCAGGGCTGCAACCC
3,31,48,mlp,degradation,0.828125,0.7125519514083862,3323,GGCGAG,4.22265625,3293,GGCAGG,4.34375,3293,GGCAGG,4.34375,3323,GGCGAG,0.02084478735923767,3293,GGCAGG,0.08573991805315018,3293,GGCAGG,0.08573991805315018,False,False,True,0.000982973724603653,TGCGGGCAGGGCTGCAACCC
4,0,48,mlp,degradation,1.0,0.9557971358299255,3323,GGCGAG,4.23046875,3293,GGCAGG,4.39453125,3293,GGCAGG,4.39453125,3323,GGCGAG,0.019886009395122528,3293,GGCAGG,0.08987945318222046,3293,GGCAGG,0.08987945318222046,False,False,True,0.005286905914545059,TGCGGGCAGGGCTGCAACCC
4,1,48,mlp,degradation,1.015625,0.9709200859069824,3323,GGCGAG,4.2265625,3293,GGCAGG,4.39453125,3293,GGCAGG,4.39453125,3323,GGCGAG,0.01977263204753399,3293,GGCAGG,0.090083047747612,3293,GGCAGG,0.090083047747612,False,False,True,0.005287133157253265,TGCGGGCAGGGCTGCAACCC
4,2,48,mlp,degradation,0.953125,0.9015184044837952,3323,GGCGAG,4.23046875,3293,GGCAGG,4.3828125,3293,GGCAGG,4.3828125,3323,GGCGAG,0.02009863592684269,3293,GGCAGG,0.08895441889762878,3293,GGCAGG,0.08895441889762878,False,False,True,0.0016831085085868835,TGCGGGCAGGGCTGCAACCC
4,3,48,mlp,degradation,0.984375,0.967826783657074,3323,GGCGAG,4.234375,3293,GGCAGG,4.39453125,3293,GGCAGG,4.39453125,3323,GGCGAG,0.020117972046136856,3293,GGCAGG,0.09036354720592499,3293,GGCAGG,0.09036354720592499,False,False,True,0.00013044849038124084,TGCGGGCAGGGCTGCAACCC
4,4,48,mlp,degradation,0.96875,0.944837212562561,3323,GGCGAG,4.234375,3293,GGCAGG,4.390625,3293,GGCAGG,4.390625,3323,GGCGAG,0.02016296796500683,3293,GGCAGG,0.08992669731378555,3293,GGCAGG,0.08992669731378555,False,False,True,0.0006177611649036407,TGCGGGCAGGGCTGCAACCC
4,5,48,mlp,degradation,0.96875,0.9373491406440735,3323,GGCGAG,4.234375,3293,GGCAGG,4.390625,3293,GGCAGG,4.390625,3323,GGCGAG,0.020158808678388596,3293,GGCAGG,0.08976558595895767,3293,GGCAGG,0.08976558595895767,False,False,True,0.0011544190347194672,TGCGGGCAGGGCTGCAACCC
4,6,48,mlp,degradation,0.9375,0.8899267315864563,3323,GGCGAG,4.234375,3293,GGCAGG,4.3828125,3293,GGCAGG,4.3828125,3323,GGCGAG,0.020209942013025284,3293,GGCAGG,0.08882277458906174,3293,GGCAGG,0.08882277458906174,False,False,True,0.00033827871084213257,TGCGGGCAGGGCTGCAACCC
4,7,48,mlp,degradation,0.921875,0.9000954627990723,3323,GGCGAG,4.2421875,3293,GGCAGG,4.38671875,3293,GGCAGG,4.38671875,3323,GGCGAG,0.020196013152599335,3293,GGCAGG,0.08902197331190109,3293,GGCAGG,0.08902197331190109,False,False,True,0.0013489201664924622,TGCGGGCAGGGCTGCAACCC
4,8,48,mlp,degradation,0.90625,0.8712096214294434,3323,GGCGAG,4.24609375,3293,GGCAGG,4.38671875,3293,GGCAGG,4.38671875,3323,GGCGAG,0.020315371453762054,3293,GGCAGG,0.08853589743375778,3293,GGCAGG,0.08853589743375778,False,False,True,0.0022329017519950867,TGCGGGCAGGGCTGCAACCC
4,9,48,mlp,degradation,0.96875,0.920367419719696,3323,GGCGAG,4.234375,3293,GGCAGG,4.390625,3293,GGCAGG,4.390625,3323,GGCGAG,0.020094847306609154,3293,GGCAGG,0.08934570103883743,3293,GGCAGG,0.08934570103883743,False,False,True,0.0015091970562934875,TGCGGGCAGGGCTGCAACCC
4,10,48,mlp,degradation,0.96875,0.9202234745025635,3323,GGCGAG,4.234375,3293,GGCAGG,4.390625,3293,GGCAGG,4.390625,3323,GGCGAG,0.02007143758237362,3293,GGCAGG,0.08931927382946014,3293,GGCAGG,0.08931927382946014,False,False,True,0.0012328997254371643,TGCGGGCAGGGCTGCAACCC
4,11,48,mlp,degradation,0.984375,0.9723014831542969,3323,GGCGAG,4.234375,3293,GGCAGG,4.39453125,3293,GGCAGG,4.39453125,3323,GGCGAG,0.020058466121554375,3293,GGCAGG,0.09039783477783203,3293,GGCAGG,0.09039783477783203,False,False,True,-0.00035927072167396545,TGCGGGCAGGGCTGCAACCC
4,12,48,mlp,degradation,0.953125,0.9532597661018372,3323,GGCGAG,4.2421875,3293,GGCAGG,4.39453125,3293,GGCAGG,4.39453125,3323,GGCGAG,0.020426461473107338,3293,GGCAGG,0.09036672115325928,3293,GGCAGG,0.09036672115325928,False,False,True,-0.001126762479543686,TGCGGGCAGGGCTGCAACCC
4,13,48,mlp,degradation,0.9375,0.9305069446563721,3323,GGCGAG,4.2421875,3293,GGCAGG,4.390625,3293,GGCAGG,4.390625,3323,GGCGAG,0.020414862781763077,3293,GGCAGG,0.08987823128700256,3293,GGCAGG,0.08987823128700256,False,False,True,-0.0034977272152900696,TGCGGGCAGGGCTGCAACCC
4,14,48,mlp,degradation,0.9375,0.953127920627594,3323,GGCGAG,4.25,3293,GGCAGG,4.3984375,3293,GGCAGG,4.3984375,3323,GGCGAG,0.020521771162748337,3293,GGCAGG,0.09045926481485367,3293,GGCAGG,0.09045926481485367,False,False,True,-0.009731728583574295,TGCGGGCAGGGCTGCAACCC
4,15,48,mlp,degradation,0.921875,1.0496238470077515,3323,GGCGAG,4.265625,3293,GGCAGG,4.41015625,3293,GGCAGG,4.41015625,3323,GGCGAG,0.021113989874720573,3293,GGCAGG,0.0930740013718605,3293,GGCAGG,0.0930740013718605,False,False,True,-0.018120063468813896,TGCGGGCAGGGCTGCAACCC
4,16,48,mlp,degradation,0.953125,1.1352784633636475,3323,GGCGAG,4.265625,3293,GGCAGG,4.41796875,3293,GGCAGG,4.41796875,3323,GGCGAG,0.021104903891682625,3293,GGCAGG,0.09486019611358643,3293,GGCAGG,0.09486019611358643,False,False,True,-0.018855173140764236,TGCGGGCAGGGCTGCAACCC
4,17,48,mlp,degradation,1.078125,1.4350006580352783,3323,GGCGAG,4.25390625,3293,GGCAGG,4.4375,3293,GGCAGG,4.4375,3323,GGCGAG,0.02076016180217266,3293,GGCAGG,0.10079750418663025,3293,GGCAGG,0.10079750418663025,False,False,True,-0.016819177195429802,TGCGGGCAGGGCTGCAACCC
4,18,48,mlp,degradation,1.046875,1.2565324306488037,3323,GGCGAG,4.23828125,3293,GGCAGG,4.4140625,3293,GGCAGG,4.4140625,3323,GGCGAG,0.02017933316528797,3293,GGCAGG,0.09647605568170547,3293,GGCAGG,0.09647605568170547,False,False,True,-0.006979096680879593,TGCGGGCAGGGCTGCAACCC
4,19,48,mlp,degradation,1.015625,1.1190727949142456,3323,GGCGAG,4.23828125,3293,GGCAGG,4.40625,3293,GGCAGG,4.40625,3323,GGCGAG,0.019891396164894104,3293,GGCAGG,0.0933070257306099,3293,GGCAGG,0.0933070257306099,False,False,True,-0.0012797638773918152,TGCGGGCAGGGCTGCAACCC
4,20,48,mlp,degradation,0.734375,0.6899356245994568,3323,GGCGAG,4.26171875,3293,GGCAGG,4.359375,3293,GGCAGG,4.359375,3323,GGCGAG,0.021067975088953972,3293,GGCAGG,0.08548907935619354,3293,GGCAGG,0.08548907935619354,False,False,True,-0.0005994625389575958,TGCGGGCAGGGCTGCAACCC
4,21,48,mlp,degradation,0.78125,0.7511823773384094,3323,GGCGAG,4.26171875,3293,GGCAGG,4.37109375,3293,GGCAGG,4.37109375,3323,GGCGAG,0.02106958068907261,3293,GGCAGG,0.08677438646554947,3293,GGCAGG,0.08677438646554947,False,False,True,-0.0014357157051563263,TGCGGGCAGGGCTGCAACCC
4,22,48,mlp,degradation,0.765625,0.6871469616889954,3323,GGCGAG,4.24609375,3293,GGCAGG,4.3515625,3293,GGCAGG,4.3515625,3323,GGCGAG,0.021033525466918945,3293,GGCAGG,0.0853961780667305,3293,GGCAGG,0.0853961780667305,False,False,True,0.00014049559831619263,TGCGGGCAGGGCTGCAACCC
4,23,48,mlp,degradation,1.015625,0.9861692190170288,3323,GGCGAG,4.22265625,3293,GGCAGG,4.390625,3293,GGCAGG,4.390625,3323,GGCGAG,0.01960364542901516,3293,GGCAGG,0.09023367613554001,3293,GGCAGG,0.09023367613554001,False,False,True,0.004863221198320389,TGCGGGCAGGGCTGCAACCC
4,24,48,mlp,degradation,1.078125,1.0091303586959839,3323,GGCGAG,4.22265625,3293,GGCAGG,4.40625,3293,GGCAGG,4.40625,3323,GGCGAG,0.01931307651102543,3293,GGCAGG,0.09042435884475708,3293,GGCAGG,0.09042435884475708,False,False,True,0.005393233150243759,TGCGGGCAGGGCTGCAACCC
4,25,48,mlp,degradation,1.09375,1.0969395637512207,3323,GGCGAG,4.234375,3293,GGCAGG,4.421875,3293,GGCAGG,4.421875,3323,GGCGAG,0.019664062187075615,3293,GGCAGG,0.09261579066514969,3293,GGCAGG,0.09261579066514969,False,False,True,-0.00045536085963249207,TGCGGGCAGGGCTGCAACCC
4,26,48,mlp,degradation,0.96875,0.9978561401367188,3323,GGCGAG,4.25,3293,GGCAGG,4.40625,3293,GGCAGG,4.40625,3323,GGCGAG,0.0202028825879097,3293,GGCAGG,0.09107786417007446,3293,GGCAGG,0.09107786417007446,False,False,True,-0.0007245875895023346,TGCGGGCAGGGCTGCAACCC
4,27,48,mlp,degradation,0.984375,0.9900058507919312,3323,GGCGAG,4.2421875,3293,GGCAGG,4.40234375,3293,GGCAGG,4.40234375,3323,GGCGAG,0.02039402723312378,3293,GGCAGG,0.09110447019338608,3293,GGCAGG,0.09110447019338608,False,False,True,-0.0010588616132736206,TGCGGGCAGGGCTGCAACCC
4,28,48,mlp,degradation,0.96875,1.0105135440826416,3323,GGCGAG,4.25,3293,GGCAGG,4.40625,3293,GGCAGG,4.40625,3323,GGCGAG,0.020557979121804237,3293,GGCAGG,0.09169825166463852,3293,GGCAGG,0.09169825166463852,False,False,True,0.0015667490661144257,TGCGGGCAGGGCTGCAACCC
4,29,48,mlp,degradation,1.0,1.0107890367507935,3323,GGCGAG,4.2421875,3293,GGCAGG,4.40625,3293,GGCAGG,4.40625,3323,GGCGAG,0.02031876891851425,3293,GGCAGG,0.0914648175239563,3293,GGCAGG,0.0914648175239563,False,False,True,0.001318521797657013,TGCGGGCAGGGCTGCAACCC
4,30,48,mlp,degradation,0.796875,0.7958274483680725,3323,GGCGAG,4.25390625,3293,GGCAGG,4.3671875,3293,GGCAGG,4.3671875,3323,GGCGAG,0.021100470796227455,3293,GGCAGG,0.08774101734161377,3293,GGCAGG,0.08774101734161377,False,False,True,-0.0019760839641094208,TGCGGGCAGGGCTGCAACCC
4,31,48,mlp,degradation,0.8125,0.8062207698822021,3323,GGCGAG,4.25,3293,GGCAGG,4.3671875,3293,GGCAGG,4.3671875,3323,GGCGAG,0.02105119824409485,3293,GGCAGG,0.08790958672761917,3293,GGCAGG,0.08790958672761917,False,False,True,-0.0034805424511432648,TGCGGGCAGGGCTGCAACCC
5,0,48,mlp,degradation,1.1875,1.2730886936187744,3323,GGCGAG,4.2265625,3293,GGCAGG,4.4375,3293,GGCAGG,4.4375,3323,GGCGAG,0.01938697323203087,3293,GGCAGG,0.09603071212768555,3293,GGCAGG,0.09603071212768555,False,False,True,-0.0009857825934886932,TGCGGGCAGGGCTGCAACCC
5,1,48,mlp,degradation,1.203125,1.2485694885253906,3323,GGCGAG,4.22265625,3293,GGCAGG,4.4375,3293,GGCAGG,4.4375,3323,GGCGAG,0.019299739971756935,3293,GGCAGG,0.09542956203222275,3293,GGCAGG,0.09542956203222275,False,False,True,0.0001819804310798645,GCGGGCAGGGCTGCAACCC
5,2,48,mlp,degradation,1.0,0.9789822697639465,3323,GGCGAG,4.23046875,3293,GGCAGG,4.39453125,3293,GGCAGG,4.39453125,3323,GGCGAG,0.019880320876836777,3293,GGCAGG,0.09035971760749817,3293,GGCAGG,0.09035971760749817,False,False,True,0.0015639662742614746,TGCGGGCAGGGCTGCAACCC
5,3,48,mlp,degradation,1.0,0.9674733877182007,3323,GGCGAG,4.234375,3293,GGCAGG,4.3984375,3293,GGCAGG,4.3984375,3323,GGCGAG,0.020113090053200722,3293,GGCAGG,0.09035126119852066,3293,GGCAGG,0.09035126119852066,False,False,True,0.0006179064512252808,TGCGGGCAGGGCTGCAACCC
5,4,48,mlp,degradation,1.0,0.9963762760162354,3323,GGCGAG,4.234375,3293,GGCAGG,4.3984375,3293,GGCAGG,4.3984375,3323,GGCGAG,0.020092196762561798,3293,GGCAGG,0.09093616157770157,3293,GGCAGG,0.09093616157770157,False,False,True,-6.0208141803741455e-05,TGCGGGCAGGGCTGCAACCC
5,5,48,mlp,degradation,1.0,0.9975401163101196,3323,GGCGAG,4.234375,3293,GGCAGG,4.3984375,3293,GGCAGG,4.3984375,3323,GGCGAG,0.02014799788594246,3293,GGCAGG,0.09101635217666626,3293,GGCAGG,0.09101635217666626,False,False,True,0.001041993498802185,TGCGGGCAGGGCTGCAACCC
5,6,48,mlp,degradation,0.953125,0.9417868852615356,3323,GGCGAG,4.23828125,3293,GGCAGG,4.390625,3293,GGCAGG,4.390625,3323,GGCGAG,0.020271766930818558,3293,GGCAGG,0.08997156471014023,3293,GGCAGG,0.08997156471014023,False,False,True,-0.00018786638975143433,TGCGGGCAGGGCTGCAACCC
5,7,48,mlp,degradation,0.953125,0.983561098575592,3323,GGCGAG,4.2421875,3293,GGCAGG,4.39453125,3293,GGCAGG,4.39453125,3323,GGCGAG,0.02030313014984131,3293,GGCAGG,0.09087849408388138,3293,GGCAGG,0.09087849408388138,False,False,True,-0.0015842318534851074,TGCGGGCAGGGCTGCAACCC
5,8,48,mlp,degradation,0.96875,0.9543606638908386,3323,GGCGAG,4.24609375,3293,GGCAGG,4.40234375,3293,GGCAGG,4.40234375,3323,GGCGAG,0.020309986546635628,3293,GGCAGG,0.09027332067489624,3293,GGCAGG,0.09027332067489624,False,False,True,7.37607479095459e-06,TGCGGGCAGGGCTGCAACCC
5,9,48,mlp,degradation,1.0,0.989632248878479,3323,GGCGAG,4.234375,3293,GGCAGG,4.3984375,3293,GGCAGG,4.3984375,3323,GGCGAG,0.020103637129068375,3293,GGCAGG,0.0908062532544136,3293,GGCAGG,0.0908062532544136,False,False,True,0.0002558082342147827,TGCGGGCAGGGCTGCAACCC
5,10,48,mlp,degradation,0.984375,0.9839581847190857,3323,GGCGAG,4.234375,3293,GGCAGG,4.39453125,3293,GGCAGG,4.39453125,3323,GGCGAG,0.02013840340077877,3293,GGCAGG,0.09072209149599075,3293,GGCAGG,0.09072209149599075,False,False,True,-0.00015455111861228943,TGCGGGCAGGGCTGCAACCC
5,11,48,mlp,degradation,0.984375,0.9794585704803467,3323,GGCGAG,4.234375,3293,GGCAGG,4.39453125,3293,GGCAGG,4.39453125,3323,GGCGAG,0.02015019580721855,3293,GGCAGG,0.09063957631587982,3293,GGCAGG,0.09063957631587982,False,False,True,-0.0014886558055877686,TGCGGGCAGGGCTGCAACCC
5,12,48,mlp,degradation,0.984375,0.9790931344032288,3323,GGCGAG,4.234375,3293,GGCAGG,4.39453125,3293,GGCAGG,4.39453125,3323,GGCGAG,0.020201459527015686,3293,GGCAGG,0.09068317711353302,3293,GGCAGG,0.09068317711353302,False,False,True,-0.0007594786584377289,TGCGGGCAGGGCTGCAACCC
5,13,48,mlp,degradation,0.96875,0.9784063696861267,3323,GGCGAG,4.2421875,3293,GGCAGG,4.3984375,3293,GGCAGG,4.3984375,3323,GGCGAG,0.02028121054172516,3293,GGCAGG,0.09074853360652924,3293,GGCAGG,0.09074853360652924,False,False,True,-0.0029852725565433502,TGCGGGCAGGGCTGCAACCC
5,14,48,mlp,degradation,1.0,1.0719337463378906,3323,GGCGAG,4.25390625,3293,GGCAGG,4.41796875,3293,GGCAGG,4.41796875,3323,GGCGAG,0.020266003906726837,3293,GGCAGG,0.09269361943006516,3293,GGCAGG,0.09269361943006516,False,False,True,-0.00792267918586731,TGCGGGCAGGGCTGCAACCC
5,15,48,mlp,degradation,1.09375,1.2349750995635986,3323,GGCGAG,4.2578125,3293,GGCAGG,4.4453125,3293,GGCAGG,4.4453125,3323,GGCGAG,0.020376717671751976,3293,GGCAGG,0.09622161090373993,3293,GGCAGG,0.09622161090373993,False,False,True,-0.015224134549498558,GCGGGCAGGGCTGCAACCC
5,16,48,mlp,degradation,1.171875,1.5063543319702148,3323,GGCGAG,4.26171875,3293,GGCAGG,4.46875,3293,GGCAGG,4.46875,3323,GGCGAG,0.020727291703224182,3293,GGCAGG,0.10226017236709595,3293,GGCAGG,0.10226017236709595,False,False,True,-0.01880771853029728,GCGGGCAGGGCTGCAACCC
5,17,48,mlp,degradation,1.34375,1.8039005994796753,3323,GGCGAG,4.25,3293,GGCAGG,4.5,3293,GGCAGG,4.5,3323,GGCGAG,0.020496077835559845,3293,GGCAGG,0.10826539993286133,3293,GGCAGG,0.10826539993286133,False,False,True,-0.01729119010269642,TGCGGGCAGGGCTGCAACCC
5,18,48,mlp,degradation,1.25,1.523164987564087,3323,GGCGAG,4.23046875,3293,GGCAGG,4.45703125,3293,GGCAGG,4.45703125,3323,GGCGAG,0.02006778120994568,3293,GGCAGG,0.10195300728082657,3293,GGCAGG,0.10195300728082657,False,False,True,-0.010976966470479965,TGCGGGCAGGGCTGCAACCC
5,19,48,mlp,degradation,1.21875,1.3849090337753296,3323,GGCGAG,4.23046875,3293,GGCAGG,4.44921875,3293,GGCAGG,4.44921875,3323,GGCGAG,0.019438356161117554,3293,GGCAGG,0.09842579811811447,3293,GGCAGG,0.09842579811811447,False,False,True,-0.002730153501033783,TGCGGGCAGGGCTGCAACCC
5,20,48,mlp,degradation,1.078125,1.1666828393936157,3323,GGCGAG,4.25,3293,GGCAGG,4.43359375,3293,GGCAGG,4.43359375,3323,GGCGAG,0.019463608041405678,3293,GGCAGG,0.09387712180614471,3293,GGCAGG,0.09387712180614471,False,False,True,-0.0021651536226272583,TGCGGGCAGGGCTGCAACCC
5,21,48,mlp,degradation,1.0625,1.1371721029281616,3323,GGCGAG,4.24609375,3293,GGCAGG,4.42578125,3293,GGCAGG,4.42578125,3323,GGCGAG,0.019475536420941353,3293,GGCAGG,0.09327051788568497,3293,GGCAGG,0.09327051788568497,False,False,True,-0.001184031367301941,GCGGGCAGGGCTGCAACCC
5,22,48,mlp,degradation,1.078125,1.1649993658065796,3323,GGCGAG,4.23828125,3293,GGCAGG,4.421875,3293,GGCAGG,4.421875,3323,GGCGAG,0.019487746059894562,3293,GGCAGG,0.09386597573757172,3293,GGCAGG,0.09386597573757172,False,False,True,-0.0019432082772254944,TGCGGGCAGGGCTGCAACCC
5,23,48,mlp,degradation,1.046875,1.1311763525009155,3323,GGCGAG,4.234375,3293,GGCAGG,4.41015625,3293,GGCAGG,4.41015625,3323,GGCGAG,0.019874805584549904,3293,GGCAGG,0.0935441181063652,3293,GGCAGG,0.0935441181063652,False,False,True,0.0018129833042621613,TGCGGGCAGGGCTGCAACCC
5,24,48,mlp,degradation,1.0,1.0295227766036987,3323,GGCGAG,4.234375,3293,GGCAGG,4.3984375,3293,GGCAGG,4.3984375,3323,GGCGAG,0.020038791000843048,3293,GGCAGG,0.09157749265432358,3293,GGCAGG,0.09157749265432358,False,False,True,0.002027064561843872,TGCGGGCAGGGCTGCAACCC
5,25,48,mlp,degradation,0.921875,0.9036857485771179,3323,GGCGAG,4.23828125,3293,GGCAGG,4.3828125,3293,GGCAGG,4.3828125,3323,GGCGAG,0.02040630765259266,3293,GGCAGG,0.0893075168132782,3293,GGCAGG,0.0893075168132782,False,False,True,0.0003420300781726837,TGCGGGCAGGGCTGCAACCC
5,26,48,mlp,degradation,0.921875,0.8227197527885437,3323,GGCGAG,4.2421875,3293,GGCAGG,4.38671875,3293,GGCAGG,4.38671875,3323,GGCGAG,0.020652370527386665,3293,GGCAGG,0.08785656839609146,3293,GGCAGG,0.08785656839609146,False,False,True,-0.0013044103980064392,TGCGGGCAGGGCTGCAACCC
5,27,48,mlp,degradation,0.984375,0.8854321241378784,3323,GGCGAG,4.23046875,3293,GGCAGG,4.390625,3293,GGCAGG,4.390625,3323,GGCGAG,0.020677907392382622,3293,GGCAGG,0.08919653296470642,3293,GGCAGG,0.08919653296470642,False,False,True,0.0003505311906337738,TGCGGGCAGGGCTGCAACCC
5,28,48,mlp,degradation,1.03125,0.9818267226219177,3323,GGCGAG,4.23046875,3293,GGCAGG,4.40234375,3293,GGCAGG,4.40234375,3323,GGCGAG,0.020399469882249832,3293,GGCAGG,0.09093848615884781,3293,GGCAGG,0.09093848615884781,False,False,True,0.0020322203636169434,TGCGGGCAGGGCTGCAACCC
5,29,48,mlp,degradation,1.046875,1.0458546876907349,3323,GGCGAG,4.2265625,3293,GGCAGG,4.40234375,3293,GGCAGG,4.40234375,3323,GGCGAG,0.020175235345959663,3293,GGCAGG,0.09205624461174011,3293,GGCAGG,0.09205624461174011,False,False,True,0.001473352313041687,TGCGGGCAGGGCTGCAACCC
5,30,48,mlp,degradation,1.0625,1.0242263078689575,3323,GGCGAG,4.22265625,3293,GGCAGG,4.40234375,3293,GGCAGG,4.40234375,3323,GGCGAG,0.01974138803780079,3293,GGCAGG,0.091169074177742,3293,GGCAGG,0.091169074177742,False,False,True,-0.0008229613304138184,TGCGGGCAGGGCTGCAACCC
5,31,48,mlp,degradation,1.171875,1.2217735052108765,3323,GGCGAG,4.2265625,3293,GGCAGG,4.43359375,3293,GGCAGG,4.43359375,3323,GGCGAG,0.01926066167652607,3293,GGCAGG,0.09482885152101517,3293,GGCAGG,0.09482885152101517,False,False,True,-0.0014312639832496643,TGCGGGCAGGGCTGCAACCC
6,0,48,mlp,degradation,1.28125,1.3628650903701782,3323,GGCGAG,4.2109375,3293,GGCAGG,4.4453125,3293,GGCAGG,4.4453125,3323,GGCGAG,0.018744463101029396,3293,GGCAGG,0.09726987034082413,3293,GGCAGG,0.09726987034082413,False,False,True,0.0014326423406600952,TGCGGGCAGGGCTGCAACCC
6,1,48,mlp,degradation,1.265625,1.3196216821670532,3323,GGCGAG,4.21484375,3293,GGCAGG,4.4453125,3293,GGCAGG,4.4453125,3323,GGCGAG,0.018877999857068062,3293,GGCAGG,0.09649704396724701,3293,GGCAGG,0.09649704396724701,False,False,True,0.001590874046087265,TGCGGGCAGGGCTGCAACCC
6,2,48,mlp,degradation,1.015625,0.93327397108078,3323,GGCGAG,4.22265625,3293,GGCAGG,4.390625,3293,GGCAGG,4.390625,3323,GGCGAG,0.01977822557091713,3293,GGCAGG,0.08929958939552307,3293,GGCAGG,0.08929958939552307,False,False,True,0.004049193114042282,TGCGGGCAGGGCTGCAACCC
6,3,48,mlp,degradation,0.984375,0.9266304969787598,3323,GGCGAG,4.23046875,3293,GGCAGG,4.390625,3293,GGCAGG,4.390625,3323,GGCGAG,0.019977515563368797,3293,GGCAGG,0.08935964107513428,3293,GGCAGG,0.08935964107513428,False,False,True,0.0008681714534759521,TGCGGGCAGGGCTGCAACCC
6,4,48,mlp,degradation,1.0,0.9510306119918823,3323,GGCGAG,4.23046875,3293,GGCAGG,4.39453125,3293,GGCAGG,4.39453125,3323,GGCGAG,0.02003287710249424,3293,GGCAGG,0.08992641419172287,3293,GGCAGG,0.08992641419172287,False,False,True,0.0015172027051448822,TGCGGGCAGGGCTGCAACCC
6,5,48,mlp,degradation,1.015625,1.030250072479248,3323,GGCGAG,4.234375,3293,GGCAGG,4.40234375,3293,GGCAGG,4.40234375,3323,GGCGAG,0.020024672150611877,3293,GGCAGG,0.09157861769199371,3293,GGCAGG,0.09157861769199371,False,False,True,-0.00026716291904449463,TGCGGGCAGGGCTGCAACCC
6,6,48,mlp,degradation,0.96875,0.9447842240333557,3323,GGCGAG,4.234375,3293,GGCAGG,4.390625,3293,GGCAGG,4.390625,3323,GGCGAG,0.02013411745429039,3293,GGCAGG,0.08989673852920532,3293,GGCAGG,0.08989673852920532,False,False,True,0.0002238638699054718,TGCGGGCAGGGCTGCAACCC
6,7,48,mlp,degradation,0.96875,0.9658986926078796,3323,GGCGAG,4.23828125,3293,GGCAGG,4.39453125,3293,GGCAGG,4.39453125,3323,GGCGAG,0.020246312022209167,3293,GGCAGG,0.09045147895812988,3293,GGCAGG,0.09045147895812988,False,False,True,-0.0014478638768196106,TGCGGGCAGGGCTGCAACCC
6,8,48,mlp,degradation,0.984375,1.0074187517166138,3323,GGCGAG,4.23828125,3293,GGCAGG,4.3984375,3293,GGCAGG,4.3984375,3323,GGCGAG,0.020301779732108116,3293,GGCAGG,0.09137719124555588,3293,GGCAGG,0.09137719124555588,False,False,True,-0.0023746266961097717,TGCGGGCAGGGCTGCAACCC
6,9,48,mlp,degradation,1.015625,1.0460232496261597,3323,GGCGAG,4.234375,3293,GGCAGG,4.40234375,3293,GGCAGG,4.40234375,3323,GGCGAG,0.020103055983781815,3293,GGCAGG,0.09198760241270065,3293,GGCAGG,0.09198760241270065,False,False,True,-0.0017161443829536438,TGCGGGCAGGGCTGCAACCC
6,10,48,mlp,degradation,0.984375,0.9436808228492737,3323,GGCGAG,4.23046875,3293,GGCAGG,4.390625,3293,GGCAGG,4.390625,3323,GGCGAG,0.02006818726658821,3293,GGCAGG,0.08980768173933029,3293,GGCAGG,0.08980768173933029,False,False,True,0.0014969073235988617,TGCGGGCAGGGCTGCAACCC
6,11,48,mlp,degradation,1.0,0.9908465147018433,3323,GGCGAG,4.234375,3293,GGCAGG,4.3984375,3293,GGCAGG,4.3984375,3323,GGCGAG,0.020067183300852776,3293,GGCAGG,0.09079524874687195,3293,GGCAGG,0.09079524874687195,False,False,True,0.00021633505821228027,TGCGGGCAGGGCTGCAACCC
6,12,48,mlp,degradation,1.015625,1.0105788707733154,3323,GGCGAG,4.23046875,3293,GGCAGG,4.3984375,3293,GGCAGG,4.3984375,3323,GGCGAG,0.02003692463040352,3293,GGCAGG,0.09117857366800308,3293,GGCAGG,0.09117857366800308,False,False,True,0.00019793212413787842,TGCGGGCAGGGCTGCAACCC
6,13,48,mlp,degradation,0.96875,0.9573239088058472,3323,GGCGAG,4.23828125,3293,GGCAGG,4.39453125,3293,GGCAGG,4.39453125,3323,GGCGAG,0.020248161628842354,3293,GGCAGG,0.09027360379695892,3293,GGCAGG,0.09027360379695892,False,False,True,-0.0021299757063388824,TGCGGGCAGGGCTGCAACCC
6,14,48,mlp,degradation,0.96875,0.9614925384521484,3323,GGCGAG,4.2421875,3293,GGCAGG,4.3984375,3293,GGCAGG,4.3984375,3323,GGCGAG,0.020303362980484962,3293,GGCAGG,0.09041617810726166,3293,GGCAGG,0.09041617810726166,False,False,True,-0.006562408059835434,TGCGGGCAGGGCTGCAACCC
6,15,48,mlp,degradation,0.9375,0.9636350274085999,3323,GGCGAG,4.2578125,3293,GGCAGG,4.40625,3293,GGCAGG,4.40625,3323,GGCGAG,0.02067806012928486,3293,GGCAGG,0.09083577990531921,3293,GGCAGG,0.09083577990531921,False,False,True,-0.013422876596450806,TGCGGGCAGGGCTGCAACCC
6,16,48,mlp,degradation,0.90625,1.014512538909912,3323,GGCGAG,4.2734375,3293,GGCAGG,4.4140625,3293,GGCAGG,4.4140625,3323,GGCGAG,0.021417692303657532,3293,GGCAGG,0.09264178574085236,3293,GGCAGG,0.09264178574085236,False,False,True,-0.018534300848841667,TGCGGGCAGGGCTGCAACCC
6,17,48,mlp,degradation,0.78125,0.811671257019043,3323,GGCGAG,4.2734375,3293,GGCAGG,4.3828125,3293,GGCAGG,4.3828125,3323,GGCGAG,0.02214040234684944,3293,GGCAGG,0.0891130268573761,3293,GGCAGG,0.0891130268573761,False,False,True,-0.016853157430887222,GCGGGCAGGGCTGCAACCC
6,18,48,mlp,degradation,0.84375,0.8688744902610779,3323,GGCGAG,4.2578125,3293,GGCAGG,4.3828125,3293,GGCAGG,4.3828125,3323,GGCGAG,0.021795524284243584,3293,GGCAGG,0.08996710926294327,3293,GGCAGG,0.08996710926294327,False,False,True,-0.011164207011461258,TGCGGGCAGGGCTGCAACCC
6,19,48,mlp,degradation,0.859375,0.802354633808136,3323,GGCGAG,4.23828125,3293,GGCAGG,4.3671875,3293,GGCAGG,4.3671875,3323,GGCGAG,0.02098228968679905,3293,GGCAGG,0.08775964379310608,3293,GGCAGG,0.08775964379310608,False,False,True,-0.0010316520929336548,TGCGGGCAGGGCTGCAACCC
6,20,48,mlp,degradation,0.6875,0.6784207820892334,3323,GGCGAG,4.26171875,3293,GGCAGG,4.34765625,3293,GGCAGG,4.34765625,3323,GGCGAG,0.021211082115769386,3293,GGCAGG,0.0853908360004425,3293,GGCAGG,0.0853908360004425,False,False,True,-0.0013773143291473389,TGCGGGCAGGGCTGCAACCC
6,21,48,mlp,degradation,0.734375,0.733292818069458,3323,GGCGAG,4.2578125,3293,GGCAGG,4.35546875,3293,GGCAGG,4.35546875,3323,GGCGAG,0.020900022238492966,3293,GGCAGG,0.08622987568378448,3293,GGCAGG,0.08622987568378448,False,False,True,-0.001530822366476059,TGCGGGCAGGGCTGCAACCC
6,22,48,mlp,degradation,0.734375,0.7233157157897949,3323,GGCGAG,4.2421875,3293,GGCAGG,4.33984375,3293,GGCAGG,4.33984375,3323,GGCGAG,0.021028095856308937,3293,GGCAGG,0.08614882826805115,3293,GGCAGG,0.08614882826805115,False,False,True,0.0003953501582145691,TGCGGGCAGGGCTGCAACCC
6,23,48,mlp,degradation,0.96875,0.9955195784568787,3323,GGCGAG,4.22265625,3293,GGCAGG,4.37890625,3293,GGCAGG,4.37890625,3323,GGCGAG,0.02012176252901554,3293,GGCAGG,0.09094776958227158,3293,GGCAGG,0.09094776958227158,False,False,True,0.0017416588962078094,TGCGGGCAGGGCTGCAACCC
6,24,48,mlp,degradation,0.90625,0.9165005683898926,3323,GGCGAG,4.2265625,3293,GGCAGG,4.3671875,3293,GGCAGG,4.3671875,3323,GGCGAG,0.020205030217766762,3293,GGCAGG,0.0893748328089714,3293,GGCAGG,0.0893748328089714,False,False,True,0.001019362360239029,TGCGGGCAGGGCTGCAACCC
6,25,48,mlp,degradation,0.859375,0.8788046836853027,3323,GGCGAG,4.25390625,3293,GGCAGG,4.3828125,3293,GGCAGG,4.3828125,3323,GGCGAG,0.020940832793712616,3293,GGCAGG,0.08932054787874222,3293,GGCAGG,0.08932054787874222,False,False,True,-0.005107462406158447,TGCGGGCAGGGCTGCAACCC
6,26,48,mlp,degradation,0.8125,0.7686489820480347,3323,GGCGAG,4.25390625,3293,GGCAGG,4.37109375,3293,GGCAGG,4.37109375,3323,GGCGAG,0.021339651197195053,3293,GGCAGG,0.08741054683923721,3293,GGCAGG,0.08741054683923721,False,False,True,-0.004245147109031677,TGCGGGCAGGGCTGCAACCC
6,27,48,mlp,degradation,0.78125,0.7363854050636292,3323,GGCGAG,4.265625,3293,GGCAGG,4.375,3293,GGCAGG,4.375,3323,GGCGAG,0.021969005465507507,3293,GGCAGG,0.08736367523670197,3293,GGCAGG,0.08736367523670197,False,False,True,-0.0038180314004421234,TGCGGGCAGGGCTGCAACCC
6,28,48,mlp,degradation,0.875,0.8770898580551147,3323,GGCGAG,4.25390625,3293,GGCAGG,4.38671875,3293,GGCAGG,4.38671875,3323,GGCGAG,0.021146457642316818,3293,GGCAGG,0.08949023485183716,3293,GGCAGG,0.08949023485183716,False,False,True,-0.0017744600772857666,TGCGGGCAGGGCTGCAACCC
6,29,48,mlp,degradation,0.921875,0.9031766653060913,3323,GGCGAG,4.2421875,3293,GGCAGG,4.38671875,3293,GGCAGG,4.38671875,3323,GGCGAG,0.0206634271889925,3293,GGCAGG,0.08955396711826324,3293,GGCAGG,0.08955396711826324,False,False,True,-0.0010647736489772797,TGCGGGCAGGGCTGCAACCC
6,30,48,mlp,degradation,0.984375,0.9627200365066528,3323,GGCGAG,4.23046875,3293,GGCAGG,4.390625,3293,GGCAGG,4.390625,3323,GGCGAG,0.019976895302534103,3293,GGCAGG,0.09011544287204742,3293,GGCAGG,0.09011544287204742,False,False,True,-0.0017954669892787933,TGCGGGCAGGGCTGCAACCC
6,31,48,mlp,degradation,0.84375,0.8307133316993713,3323,GGCGAG,4.2421875,3293,GGCAGG,4.3671875,3293,GGCAGG,4.3671875,3323,GGCGAG,0.020472124218940735,3293,GGCAGG,0.0878438651561737,3293,GGCAGG,0.0878438651561737,False,False,True,-0.0038666129112243652,TGCGGGCAGGGCTGCAACCC
7,0,48,mlp,degradation,0.890625,0.8741010427474976,3323,GGCGAG,4.24609375,3293,GGCAGG,4.3828125,3293,GGCAGG,4.3828125,3323,GGCGAG,0.020797651261091232,3293,GGCAGG,0.08907877653837204,3293,GGCAGG,0.08907877653837204,False,False,True,-0.0013304650783538818,TGCGGGCAGGGCTGCAACCC
7,1,48,mlp,degradation,0.890625,0.8463221788406372,3323,GGCGAG,4.24609375,3293,GGCAGG,4.3828125,3293,GGCAGG,4.3828125,3323,GGCGAG,0.020775780081748962,3293,GGCAGG,0.08847467601299286,3293,GGCAGG,0.08847467601299286,False,False,True,-0.000812578946352005,TGCGGGCAGGGCTGCAACCC
7,2,48,mlp,degradation,1.0,0.9419994354248047,3323,GGCGAG,4.2265625,3293,GGCAGG,4.390625,3293,GGCAGG,4.390625,3323,GGCGAG,0.02003244310617447,3293,GGCAGG,0.0897366926074028,3293,GGCAGG,0.0897366926074028,False,False,True,0.0019219256937503815,TGCGGGCAGGGCTGCAACCC
7,3,48,mlp,degradation,1.0,0.9822689294815063,3323,GGCGAG,4.23046875,3293,GGCAGG,4.39453125,3293,GGCAGG,4.39453125,3323,GGCGAG,0.01995551586151123,3293,GGCAGG,0.09050379693508148,3293,GGCAGG,0.09050379693508148,False,False,True,0.0011805333197116852,TGCGGGCAGGGCTGCAACCC
7,4,48,mlp,degradation,1.015625,0.9998599290847778,3323,GGCGAG,4.23046875,3293,GGCAGG,4.3984375,3293,GGCAGG,4.3984375,3323,GGCGAG,0.019972477108240128,3293,GGCAGG,0.09088946133852005,3293,GGCAGG,0.09088946133852005,False,False,True,0.0008048713207244873,TGCGGGCAGGGCTGCAACCC
7,5,48,mlp,degradation,1.03125,1.0954959392547607,3323,GGCGAG,4.23828125,3293,GGCAGG,4.41015625,3293,GGCAGG,4.41015625,3323,GGCGAG,0.020013924688100815,3293,GGCAGG,0.09293539077043533,3293,GGCAGG,0.09293539077043533,False,False,True,-0.0014296062290668488,TGCGGGCAGGGCTGCAACCC
7,6,48,mlp,degradation,1.0,0.9470705986022949,3323,GGCGAG,4.2265625,3293,GGCAGG,4.390625,3293,GGCAGG,4.390625,3323,GGCGAG,0.019880356267094612,3293,GGCAGG,0.08969089388847351,3293,GGCAGG,0.08969089388847351,False,False,True,0.0014529041945934296,TGCGGGCAGGGCTGCAACCC
7,7,48,mlp,degradation,0.953125,0.8770959377288818,3323,GGCGAG,4.234375,3293,GGCAGG,4.38671875,3293,GGCAGG,4.38671875,3323,GGCGAG,0.02015460468828678,3293,GGCAGG,0.08849850296974182,3293,GGCAGG,0.08849850296974182,False,False,True,0.0027158930897712708,TGCGGGCAGGGCTGCAACCC
7,8,48,mlp,degradation,0.96875,0.9594905376434326,3323,GGCGAG,4.23828125,3293,GGCAGG,4.39453125,3293,GGCAGG,4.39453125,3323,GGCGAG,0.02025252766907215,3293,GGCAGG,0.09032338112592697,3293,GGCAGG,0.09032338112592697,False,False,True,0.0010800957679748535,TGCGGGCAGGGCTGCAACCC
7,9,48,mlp,degradation,0.984375,1.0198525190353394,3323,GGCGAG,4.2421875,3293,GGCAGG,4.40234375,3293,GGCAGG,4.40234375,3323,GGCGAG,0.020243242383003235,3293,GGCAGG,0.09157925844192505,3293,GGCAGG,0.09157925844192505,False,False,True,-0.0004999563097953796,TGCGGGCAGGGCTGCAACCC
7,10,48,mlp,degradation,1.03125,1.0660151243209839,3323,GGCGAG,4.234375,3293,GGCAGG,4.40625,3293,GGCAGG,4.40625,3323,GGCGAG,0.02004351280629635,3293,GGCAGG,0.09234707802534103,3293,GGCAGG,0.09234707802534103,False,False,True,-0.0011260882019996643,TGCGGGCAGGGCTGCAACCC
7,11,48,mlp,degradation,1.015625,0.9952295422554016,3323,GGCGAG,4.2265625,3293,GGCAGG,4.39453125,3293,GGCAGG,4.39453125,3323,GGCGAG,0.02002294734120369,3293,GGCAGG,0.09084288030862808,3293,GGCAGG,0.09084288030862808,False,False,True,-0.00023484602570533752,TGCGGGCAGGGCTGCAACCC
7,12,48,mlp,degradation,1.0,0.9927756786346436,3323,GGCGAG,4.23046875,3293,GGCAGG,4.39453125,3293,GGCAGG,4.39453125,3323,GGCGAG,0.020071184262633324,3293,GGCAGG,0.090839684009552,3293,GGCAGG,0.090839684009552,False,False,True,-0.0013611242175102234,TGCGGGCAGGGCTGCAACCC
7,13,48,mlp,degradation,0.96875,0.9308627843856812,3323,GGCGAG,4.234375,3293,GGCAGG,4.390625,3293,GGCAGG,4.390625,3323,GGCGAG,0.020186083391308784,3293,GGCAGG,0.08965691179037094,3293,GGCAGG,0.08965691179037094,False,False,True,-0.0030562467873096466,TGCGGGCAGGGCTGCAACCC
7,14,48,mlp,degradation,0.953125,0.9290338754653931,3323,GGCGAG,4.2421875,3293,GGCAGG,4.39453125,3293,GGCAGG,4.39453125,3323,GGCGAG,0.020361531525850296,3293,GGCAGG,0.08979403227567673,3293,GGCAGG,0.08979403227567673,False,False,True,-0.006342548877000809,TGCGGGCAGGGCTGCAACCC
7,15,48,mlp,degradation,0.953125,0.9676774740219116,3323,GGCGAG,4.25,3293,GGCAGG,4.40234375,3293,GGCAGG,4.40234375,3323,GGCGAG,0.02048158459365368,3293,GGCAGG,0.09072403609752655,3293,GGCAGG,0.09072403609752655,False,False,True,-0.010432168841362,TGCGGGCAGGGCTGCAACCC
7,16,48,mlp,degradation,0.953125,1.0837652683258057,3323,GGCGAG,4.265625,3293,GGCAGG,4.41796875,3293,GGCAGG,4.41796875,3323,GGCGAG,0.020782897248864174,3293,GGCAGG,0.09345849603414536,3293,GGCAGG,0.09345849603414536,False,False,True,-0.013446025550365448,GCGGGCAGGGCTGCAACCC
7,17,48,mlp,degradation,0.890625,1.0215352773666382,3323,GGCGAG,4.2734375,3293,GGCAGG,4.41015625,3293,GGCAGG,4.41015625,3323,GGCGAG,0.021049462258815765,3293,GGCAGG,0.09242074936628342,3293,GGCAGG,0.09242074936628342,False,False,True,-0.012671587988734245,GCGGGCAGGGCTGCAACCC
7,18,48,mlp,degradation,0.921875,1.0944597721099854,3323,GGCGAG,4.265625,3293,GGCAGG,4.41015625,3293,GGCAGG,4.41015625,3323,GGCGAG,0.020896976813673973,3293,GGCAGG,0.0937967300415039,3293,GGCAGG,0.0937967300415039,False,False,True,-0.011332334950566292,TGCGGGCAGGGCTGCAACCC
7,19,48,mlp,degradation,0.953125,1.0947270393371582,3323,GGCGAG,4.25390625,3293,GGCAGG,4.40625,3293,GGCAGG,4.40625,3323,GGCGAG,0.02029484324157238,3293,GGCAGG,0.0932001993060112,3293,GGCAGG,0.0932001993060112,False,False,True,-0.006439786404371262,TGCGGGCAGGGCTGCAACCC
7,20,48,mlp,degradation,0.515625,0.6027463674545288,3323,GGCGAG,4.2890625,3293,GGCAGG,4.33203125,3293,GGCAGG,4.33203125,3323,GGCGAG,0.02207592874765396,3293,GGCAGG,0.0846695825457573,3293,GGCAGG,0.0846695825457573,False,False,True,-0.004526063799858093,TGCGGGCAGGGCTGCAACCC
7,21,48,mlp,degradation,0.515625,0.6062406897544861,3323,GGCGAG,4.2890625,3293,GGCAGG,4.33203125,3293,GGCAGG,4.33203125,3323,GGCGAG,0.022122303023934364,3293,GGCAGG,0.08478919416666031,3293,GGCAGG,0.08478919416666031,False,False,True,-0.002200283110141754,TGCGGGCAGGGCTGCAACCC
7,22,48,mlp,degradation,0.4375,0.4667946398258209,3323,GGCGAG,4.27734375,3293,GGCAGG,4.30078125,3293,GGCAGG,4.30078125,3323,GGCGAG,0.02246236242353916,3293,GGCAGG,0.08220652490854263,3293,GGCAGG,0.08220652490854263,False,False,True,-0.00299631804227829,TGCGGGCAGGGCTGCAACCC
7,23,48,mlp,degradation,0.875,0.8453425168991089,3323,GGCGAG,4.2265625,3293,GGCAGG,4.359375,3293,GGCAGG,4.359375,3323,GGCGAG,0.02075747400522232,3293,GGCAGG,0.0884358361363411,3293,GGCAGG,0.0884358361363411,False,False,True,-0.004066206514835358,TGCGGGCAGGGCTGCAACCC
7,24,48,mlp,degradation,0.875,0.7769663333892822,3323,GGCGAG,4.2265625,3293,GGCAGG,4.359375,3293,GGCAGG,4.359375,3323,GGCGAG,0.02077714540064335,3293,GGCAGG,0.08702237159013748,3293,GGCAGG,0.08702237159013748,False,False,True,-0.002655643969774246,TGCGGGCAGGGCTGCAACCC
7,25,48,mlp,degradation,0.953125,0.8488286137580872,3323,GGCGAG,4.23046875,3293,GGCAGG,4.3828125,3293,GGCAGG,4.3828125,3323,GGCGAG,0.02064124494791031,3293,GGCAGG,0.08839267492294312,3293,GGCAGG,0.08839267492294312,False,False,True,-0.0015166960656642914,TGCGGGCAGGGCTGCAACCC
7,26,48,mlp,degradation,0.9375,0.8982477188110352,3323,GGCGAG,4.24609375,3293,GGCAGG,4.39453125,3293,GGCAGG,4.39453125,3323,GGCGAG,0.020548751577734947,3293,GGCAGG,0.08933598548173904,3293,GGCAGG,0.08933598548173904,False,False,True,-0.002400491386651993,TGCGGGCAGGGCTGCAACCC
7,27,48,mlp,degradation,0.890625,0.9245235919952393,3323,GGCGAG,4.25390625,3293,GGCAGG,4.390625,3293,GGCAGG,4.390625,3323,GGCGAG,0.020755194127559662,3293,GGCAGG,0.09009315818548203,3293,GGCAGG,0.09009315818548203,False,False,True,-0.0037978962063789368,TGCGGGCAGGGCTGCAACCC
7,28,48,mlp,degradation,0.90625,0.9669210314750671,3323,GGCGAG,4.25,3293,GGCAGG,4.390625,3293,GGCAGG,4.390625,3323,GGCGAG,0.020664449781179428,3293,GGCAGG,0.0908910408616066,3293,GGCAGG,0.0908910408616066,False,False,True,-0.002254582941532135,TGCGGGCAGGGCTGCAACCC
7,29,48,mlp,degradation,0.90625,0.9104070067405701,3323,GGCGAG,4.2421875,3293,GGCAGG,4.3828125,3293,GGCAGG,4.3828125,3323,GGCGAG,0.02058936282992363,3293,GGCAGG,0.08963144570589066,3293,GGCAGG,0.08963144570589066,False,False,True,-0.0006514638662338257,TGCGGGCAGGGCTGCAACCC
7,30,48,mlp,degradation,0.921875,0.9225912690162659,3323,GGCGAG,4.2421875,3293,GGCAGG,4.38671875,3293,GGCAGG,4.38671875,3323,GGCGAG,0.02031952328979969,3293,GGCAGG,0.08961698412895203,3293,GGCAGG,0.08961698412895203,False,False,True,-0.0006375163793563843,TGCGGGCAGGGCTGCAACCC
7,31,48,mlp,degradation,0.90625,0.8001958727836609,3323,GGCGAG,4.22265625,3293,GGCAGG,4.36328125,3293,GGCAGG,4.36328125,3323,GGCGAG,0.02016478404402733,3293,GGCAGG,0.08689688891172409,3293,GGCAGG,0.08689688891172409,False,False,True,0.002619042992591858,TGCGGGCAGGGCTGCAACCC
8,0,48,mlp,degradation,1.03125,1.1930053234100342,3323,GGCGAG,4.25,3293,GGCAGG,4.421875,3293,GGCAGG,4.421875,3323,GGCGAG,0.020487451925873756,3293,GGCAGG,0.0954526737332344,3293,GGCAGG,0.0954526737332344,False,False,True,-0.007747668772935867,TGCGGGCAGGGCTGCAACCC
8,1,48,mlp,degradation,1.03125,1.1853668689727783,3323,GGCGAG,4.25,3293,GGCAGG,4.421875,3293,GGCAGG,4.421875,3323,GGCGAG,0.020467150956392288,3293,GGCAGG,0.09527228027582169,3293,GGCAGG,0.09527228027582169,False,False,True,-0.00801672413945198,TGCGGGCAGGGCTGCAACCC
8,2,48,mlp,degradation,1.015625,1.0301135778427124,3323,GGCGAG,4.23828125,3293,GGCAGG,4.40625,3293,GGCAGG,4.40625,3323,GGCGAG,0.02027169056236744,3293,GGCAGG,0.09182277321815491,3293,GGCAGG,0.09182277321815491,False,False,True,-0.0032775066792964935,TGCGGGCAGGGCTGCAACCC
8,3,48,mlp,degradation,0.96875,0.862640917301178,3323,GGCGAG,4.2265625,3293,GGCAGG,4.3828125,3293,GGCAGG,4.3828125,3323,GGCGAG,0.020077556371688843,3293,GGCAGG,0.08811848610639572,3293,GGCAGG,0.08811848610639572,False,False,True,0.002756275236606598,TGCGGGCAGGGCTGCAACCC
8,4,48,mlp,degradation,0.984375,0.9271999597549438,3323,GGCGAG,4.23046875,3293,GGCAGG,4.390625,3293,GGCAGG,4.390625,3323,GGCGAG,0.020130455493927002,3293,GGCAGG,0.0895245149731636,3293,GGCAGG,0.0895245149731636,False,False,True,0.0016517117619514465,TGCGGGCAGGGCTGCAACCC
8,5,48,mlp,degradation,0.984375,0.9642072916030884,3323,GGCGAG,4.234375,3293,GGCAGG,4.39453125,3293,GGCAGG,4.39453125,3323,GGCGAG,0.020202700048685074,3293,GGCAGG,0.09037241339683533,3293,GGCAGG,0.09037241339683533,False,False,True,6.595253944396973e-05,TGCGGGCAGGGCTGCAACCC
8,6,48,mlp,degradation,1.015625,1.0487116575241089,3323,GGCGAG,4.23828125,3293,GGCAGG,4.40625,3293,GGCAGG,4.40625,3323,GGCGAG,0.02007761411368847,3293,GGCAGG,0.0920185074210167,3293,GGCAGG,0.0920185074210167,False,False,True,-0.0025196336209774017,TGCGGGCAGGGCTGCAACCC
8,7,48,mlp,degradation,0.984375,0.978901207447052,3323,GGCGAG,4.23828125,3293,GGCAGG,4.3984375,3293,GGCAGG,4.3984375,3323,GGCGAG,0.02026308700442314,3293,GGCAGG,0.09074078500270844,3293,GGCAGG,0.09074078500270844,False,False,True,-0.0012654997408390045,TGCGGGCAGGGCTGCAACCC
8,8,48,mlp,degradation,0.921875,0.7262284755706787,3323,GGCGAG,4.22265625,3293,GGCAGG,4.3671875,3293,GGCAGG,4.3671875,3323,GGCGAG,0.019869839772582054,3293,GGCAGG,0.08505162596702576,3293,GGCAGG,0.08505162596702576,False,False,True,0.007167290896177292,TGCGGGCAGGGCTGCAACCC
8,9,48,mlp,degradation,0.890625,0.657096266746521,3323,GGCGAG,4.22265625,3293,GGCAGG,4.359375,3293,GGCAGG,4.359375,3323,GGCGAG,0.019978737458586693,3293,GGCAGG,0.08371154218912125,3293,GGCAGG,0.08371154218912125,False,False,True,0.00877942144870758,TGCGGGCAGGGCTGCAACCC
8,10,48,mlp,degradation,0.921875,0.6640304923057556,3323,GGCGAG,4.21484375,3293,GGCAGG,4.359375,3293,GGCAGG,4.359375,3323,GGCGAG,0.019816942512989044,3293,GGCAGG,0.08369508385658264,3293,GGCAGG,0.08369508385658264,False,False,True,0.009660229086875916,TGCGGGCAGGGCTGCAACCC
8,11,48,mlp,degradation,0.96875,0.9382722973823547,3323,GGCGAG,4.234375,3293,GGCAGG,4.390625,3293,GGCAGG,4.390625,3323,GGCGAG,0.020156875252723694,3293,GGCAGG,0.08978300541639328,3293,GGCAGG,0.08978300541639328,False,False,True,0.00024141743779182434,TGCGGGCAGGGCTGCAACCC
8,12,48,mlp,degradation,0.96875,0.9929602146148682,3323,GGCGAG,4.2421875,3293,GGCAGG,4.3984375,3293,GGCAGG,4.3984375,3323,GGCGAG,0.020237836986780167,3293,GGCAGG,0.0910101979970932,3293,GGCAGG,0.0910101979970932,False,False,True,-0.001614503562450409,TGCGGGCAGGGCTGCAACCC
8,13,48,mlp,degradation,0.96875,0.9791852235794067,3323,GGCGAG,4.2421875,3293,GGCAGG,4.3984375,3293,GGCAGG,4.3984375,3323,GGCGAG,0.0203282181173563,3293,GGCAGG,0.09081186354160309,3293,GGCAGG,0.09081186354160309,False,False,True,-0.003957241773605347,TGCGGGCAGGGCTGCAACCC
8,14,48,mlp,degradation,0.953125,0.9766936898231506,3323,GGCGAG,4.24609375,3293,GGCAGG,4.3984375,3293,GGCAGG,4.3984375,3323,GGCGAG,0.020558558404445648,3293,GGCAGG,0.09098998457193375,3293,GGCAGG,0.09098998457193375,False,False,True,-0.006737660616636276,TGCGGGCAGGGCTGCAACCC
8,15,48,mlp,degradation,0.921875,0.9405028820037842,3323,GGCGAG,4.25,3293,GGCAGG,4.39453125,3293,GGCAGG,4.39453125,3323,GGCGAG,0.020562361925840378,3293,GGCAGG,0.09023524075746536,3293,GGCAGG,0.09023524075746536,False,False,True,-0.00925792008638382,TGCGGGCAGGGCTGCAACCC
8,16,48,mlp,degradation,0.921875,0.9581329822540283,3323,GGCGAG,4.25,3293,GGCAGG,4.39453125,3293,GGCAGG,4.39453125,3323,GGCGAG,0.020520539954304695,3293,GGCAGG,0.09056293964385986,3293,GGCAGG,0.09056293964385986,False,False,True,-0.00910067930817604,TGCGGGCAGGGCTGCAACCC
8,17,48,mlp,degradation,0.875,0.8666602969169617,3323,GGCGAG,4.26171875,3293,GGCAGG,4.39453125,3293,GGCAGG,4.39453125,3323,GGCGAG,0.02064761146903038,3293,GGCAGG,0.08877278119325638,3293,GGCAGG,0.08877278119325638,False,False,True,-0.009908076375722885,GCGGGCAGGGCTGCAACCC
8,18,48,mlp,degradation,0.859375,0.9013360738754272,3323,GGCGAG,4.26171875,3293,GGCAGG,4.390625,3293,GGCAGG,4.390625,3323,GGCGAG,0.02047744207084179,3293,GGCAGG,0.08932940661907196,3293,GGCAGG,0.08932940661907196,False,False,True,-0.007259782403707504,TGCGGGCAGGGCTGCAACCC
8,19,48,mlp,degradation,0.859375,0.9053543210029602,3323,GGCGAG,4.265625,3293,GGCAGG,4.39453125,3293,GGCAGG,4.39453125,3323,GGCGAG,0.020343339070677757,3293,GGCAGG,0.08927952498197556,3293,GGCAGG,0.08927952498197556,False,False,True,-0.0053176842629909515,TGCGGGCAGGGCTGCAACCC
8,20,48,mlp,degradation,0.921875,1.0948216915130615,3323,GGCGAG,4.265625,3293,GGCAGG,4.41015625,3293,GGCAGG,4.41015625,3323,GGCGAG,0.019918853417038918,3293,GGCAGG,0.09282618761062622,3293,GGCAGG,0.09282618761062622,False,False,True,-0.002602536231279373,GCGGGCAGGGCTGCAACCC
8,21,48,mlp,degradation,1.0,1.1248396635055542,3323,GGCGAG,4.25,3293,GGCAGG,4.4140625,3293,GGCAGG,4.4140625,3323,GGCGAG,0.01977299340069294,3293,GGCAGG,0.09330949187278748,3293,GGCAGG,0.09330949187278748,False,False,True,-0.00021402165293693542,TGCGGGCAGGGCTGCAACCC
8,22,48,mlp,degradation,0.984375,1.131930947303772,3323,GGCGAG,4.24609375,3293,GGCAGG,4.40625,3293,GGCAGG,4.40625,3323,GGCGAG,0.019799156114459038,3293,GGCAGG,0.0934842899441719,3293,GGCAGG,0.0934842899441719,False,False,True,0.0022403188049793243,TGCGGGCAGGGCTGCAACCC
8,23,48,mlp,degradation,0.9375,0.9932993054389954,3323,GGCGAG,4.234375,3293,GGCAGG,4.3828125,3293,GGCAGG,4.3828125,3323,GGCGAG,0.020168932154774666,3293,GGCAGG,0.09094840288162231,3293,GGCAGG,0.09094840288162231,False,False,True,0.000820692628622055,TGCGGGCAGGGCTGCAACCC
8,24,48,mlp,degradation,0.875,0.9646250009536743,3323,GGCGAG,4.25,3293,GGCAGG,4.3828125,3293,GGCAGG,4.3828125,3323,GGCGAG,0.020650699734687805,3293,GGCAGG,0.09082917124032974,3293,GGCAGG,0.09082917124032974,False,False,True,-0.002482987940311432,TGCGGGCAGGGCTGCAACCC
8,25,48,mlp,degradation,0.875,0.8640251159667969,3323,GGCGAG,4.24609375,3293,GGCAGG,4.37890625,3293,GGCAGG,4.37890625,3323,GGCGAG,0.0209953710436821,3293,GGCAGG,0.0890653133392334,3293,GGCAGG,0.0890653133392334,False,False,True,-0.005273893475532532,TGCGGGCAGGGCTGCAACCC
8,26,48,mlp,degradation,0.921875,0.8458173871040344,3323,GGCGAG,4.24609375,3293,GGCAGG,4.390625,3293,GGCAGG,4.390625,3323,GGCGAG,0.020748939365148544,3293,GGCAGG,0.08843725174665451,3293,GGCAGG,0.08843725174665451,False,False,True,-0.002896297723054886,TGCGGGCAGGGCTGCAACCC
8,27,48,mlp,degradation,0.9375,0.8311054110527039,3323,GGCGAG,4.234375,3293,GGCAGG,4.3828125,3293,GGCAGG,4.3828125,3323,GGCGAG,0.020276615396142006,3293,GGCAGG,0.08765657246112823,3293,GGCAGG,0.08765657246112823,False,False,True,-0.0001814626157283783,TGCGGGCAGGGCTGCAACCC
8,28,48,mlp,degradation,0.984375,0.9486048817634583,3323,GGCGAG,4.23828125,3293,GGCAGG,4.3984375,3293,GGCAGG,4.3984375,3323,GGCGAG,0.020018303766846657,3293,GGCAGG,0.08986099809408188,3293,GGCAGG,0.08986099809408188,False,False,True,0.0007731765508651733,TGCGGGCAGGGCTGCAACCC
8,29,48,mlp,degradation,0.96875,0.9688850045204163,3323,GGCGAG,4.234375,3293,GGCAGG,4.390625,3293,GGCAGG,4.390625,3323,GGCGAG,0.019949868321418762,3293,GGCAGG,0.09021762758493423,3293,GGCAGG,0.09021762758493423,False,False,True,0.0013910755515098572,TGCGGGCAGGGCTGCAACCC
8,30,48,mlp,degradation,0.984375,0.9912890791893005,3323,GGCGAG,4.234375,3293,GGCAGG,4.39453125,3293,GGCAGG,4.39453125,3323,GGCGAG,0.020094208419322968,3293,GGCAGG,0.09083154797554016,3293,GGCAGG,0.09083154797554016,False,False,True,0.0006152652204036713,TGCGGGCAGGGCTGCAACCC
8,31,48,mlp,degradation,1.0,0.9887791275978088,3323,GGCGAG,4.2265625,3293,GGCAGG,4.390625,3293,GGCAGG,4.390625,3323,GGCGAG,0.02005685679614544,3293,GGCAGG,0.0907415896654129,3293,GGCAGG,0.0907415896654129,False,False,True,0.0027749426662921906,TGCGGGCAGGGCTGCAACCC
9,0,48,mlp,degradation,0.984375,1.0543313026428223,3323,GGCGAG,4.24609375,3293,GGCAGG,4.40625,3293,GGCAGG,4.40625,3323,GGCGAG,0.02046273835003376,3293,GGCAGG,0.09252141416072845,3293,GGCAGG,0.09252141416072845,False,False,True,-0.00460062175989151,TGCGGGCAGGGCTGCAACCC
9,1,48,mlp,degradation,0.984375,1.0589866638183594,3323,GGCGAG,4.24609375,3293,GGCAGG,4.40625,3293,GGCAGG,4.40625,3323,GGCGAG,0.020432740449905396,3293,GGCAGG,0.09258899092674255,3293,GGCAGG,0.09258899092674255,False,False,True,-0.005421947687864304,TGCGGGCAGGGCTGCAACCC
9,2,48,mlp,degradation,1.03125,1.070731520652771,3323,GGCGAG,4.234375,3293,GGCAGG,4.40625,3293,GGCAGG,4.40625,3323,GGCGAG,0.0200822651386261,3293,GGCAGG,0.09248468279838562,3293,GGCAGG,0.09248468279838562,False,False,True,-0.001403573900461197,TGCGGGCAGGGCTGCAACCC
9,3,48,mlp,degradation,1.015625,1.0279797315597534,3323,GGCGAG,4.234375,3293,GGCAGG,4.40234375,3293,GGCAGG,4.40234375,3323,GGCGAG,0.0200512632727623,3293,GGCAGG,0.09155762195587158,3293,GGCAGG,0.09155762195587158,False,False,True,-0.0003625340759754181,TGCGGGCAGGGCTGCAACCC
9,4,48,mlp,degradation,1.015625,1.013110637664795,3323,GGCGAG,4.234375,3293,GGCAGG,4.40234375,3293,GGCAGG,4.40234375,3323,GGCGAG,0.020070308819413185,3293,GGCAGG,0.09126501530408859,3293,GGCAGG,0.09126501530408859,False,False,True,-0.00011620670557022095,TGCGGGCAGGGCTGCAACCC
9,5,48,mlp,degradation,1.015625,1.0006234645843506,3323,GGCGAG,4.23046875,3293,GGCAGG,4.3984375,3293,GGCAGG,4.3984375,3323,GGCGAG,0.020050199702382088,3293,GGCAGG,0.09098318219184875,3293,GGCAGG,0.09098318219184875,False,False,True,-0.00010581314563751221,TGCGGGCAGGGCTGCAACCC
9,6,48,mlp,degradation,1.015625,1.0348353385925293,3323,GGCGAG,4.234375,3293,GGCAGG,4.40234375,3293,GGCAGG,4.40234375,3323,GGCGAG,0.020112374797463417,3293,GGCAGG,0.09176242351531982,3293,GGCAGG,0.09176242351531982,False,False,True,-0.0011890046298503876,TGCGGGCAGGGCTGCAACCC
9,7,48,mlp,degradation,0.96875,0.9863220453262329,3323,GGCGAG,4.2421875,3293,GGCAGG,4.3984375,3293,GGCAGG,4.3984375,3323,GGCGAG,0.0202079638838768,3293,GGCAGG,0.09084119647741318,3293,GGCAGG,0.09084119647741318,False,False,True,-0.0012917034327983856,TGCGGGCAGGGCTGCAACCC
9,8,48,mlp,degradation,1.0,1.0439682006835938,3323,GGCGAG,4.2421875,3293,GGCAGG,4.40625,3293,GGCAGG,4.40625,3323,GGCGAG,0.02010945789515972,3293,GGCAGG,0.0919509306550026,3293,GGCAGG,0.0919509306550026,False,False,True,-0.0010081715881824493,TGCGGGCAGGGCTGCAACCC
9,9,48,mlp,degradation,1.015625,1.0321426391601562,3323,GGCGAG,4.23828125,3293,GGCAGG,4.40625,3293,GGCAGG,4.40625,3323,GGCGAG,0.02012207917869091,3293,GGCAGG,0.09171569347381592,3293,GGCAGG,0.09171569347381592,False,False,True,-0.0001517273485660553,TGCGGGCAGGGCTGCAACCC
9,10,48,mlp,degradation,1.03125,1.0439927577972412,3323,GGCGAG,4.234375,3293,GGCAGG,4.40625,3293,GGCAGG,4.40625,3323,GGCGAG,0.019886473193764687,3293,GGCAGG,0.09172845631837845,3293,GGCAGG,0.09172845631837845,False,False,True,4.563480615615845e-05,TGCGGGCAGGGCTGCAACCC
9,11,48,mlp,degradation,1.015625,1.028649091720581,3323,GGCGAG,4.234375,3293,GGCAGG,4.40234375,3293,GGCAGG,4.40234375,3323,GGCGAG,0.02006656304001808,3293,GGCAGG,0.09158694744110107,3293,GGCAGG,0.09158694744110107,False,False,True,-0.0005423948168754578,TGCGGGCAGGGCTGCAACCC
9,12,48,mlp,degradation,1.0,1.022704839706421,3323,GGCGAG,4.23828125,3293,GGCAGG,4.40234375,3293,GGCAGG,4.40234375,3323,GGCGAG,0.02013920620083809,3293,GGCAGG,0.09153500199317932,3293,GGCAGG,0.09153500199317932,False,False,True,-0.0010868944227695465,TGCGGGCAGGGCTGCAACCC
9,13,48,mlp,degradation,0.96875,0.9866586923599243,3323,GGCGAG,4.2421875,3293,GGCAGG,4.3984375,3293,GGCAGG,4.3984375,3323,GGCGAG,0.02018660120666027,3293,GGCAGG,0.09082689136266708,3293,GGCAGG,0.09082689136266708,False,False,True,-0.002931613475084305,TGCGGGCAGGGCTGCAACCC
9,14,48,mlp,degradation,0.96875,0.9745299220085144,3323,GGCGAG,4.2421875,3293,GGCAGG,4.3984375,3293,GGCAGG,4.3984375,3323,GGCGAG,0.02030845917761326,3293,GGCAGG,0.09069453179836273,3293,GGCAGG,0.09069453179836273,False,False,True,-0.00500401109457016,TGCGGGCAGGGCTGCAACCC
9,15,48,mlp,degradation,1.0,1.010406494140625,3323,GGCGAG,4.2421875,3293,GGCAGG,4.40625,3293,GGCAGG,4.40625,3323,GGCGAG,0.02018112875521183,3293,GGCAGG,0.09131915867328644,3293,GGCAGG,0.09131915867328644,False,False,True,-0.006620589643716812,TGCGGGCAGGGCTGCAACCC
9,16,48,mlp,degradation,0.96875,1.0704052448272705,3323,GGCGAG,4.25390625,3293,GGCAGG,4.41015625,3293,GGCAGG,4.41015625,3323,GGCGAG,0.020608428865671158,3293,GGCAGG,0.0930040031671524,3293,GGCAGG,0.0930040031671524,False,False,True,-0.00912773609161377,TGCGGGCAGGGCTGCAACCC
9,17,48,mlp,degradation,1.0,1.1086783409118652,3323,GGCGAG,4.2421875,3293,GGCAGG,4.40625,3293,GGCAGG,4.40625,3323,GGCGAG,0.02017122320830822,3293,GGCAGG,0.09336899220943451,3293,GGCAGG,0.09336899220943451,False,False,True,-0.004408583045005798,TGCGGGCAGGGCTGCAACCC
9,18,48,mlp,degradation,1.0,1.220616102218628,3323,GGCGAG,4.24609375,3293,GGCAGG,4.41015625,3293,GGCAGG,4.41015625,3323,GGCGAG,0.020084261894226074,3293,GGCAGG,0.09562819451093674,3293,GGCAGG,0.09562819451093674,False,False,True,0.001378372311592102,TGCGGGCAGGGCTGCAACCC
9,19,48,mlp,degradation,1.09375,1.2811334133148193,3323,GGCGAG,4.23046875,3293,GGCAGG,4.41796875,3293,GGCAGG,4.41796875,3323,GGCGAG,0.019225867465138435,3293,GGCAGG,0.09603821486234665,3293,GGCAGG,0.09603821486234665,False,False,True,0.00954819843173027,TGCGGGCAGGGCTGCAACCC
9,20,48,mlp,degradation,1.140625,1.3150438070297241,3323,GGCGAG,4.234375,3293,GGCAGG,4.43359375,3293,GGCAGG,4.43359375,3323,GGCGAG,0.019043568521738052,3293,GGCAGG,0.09656666219234467,3293,GGCAGG,0.09656666219234467,False,False,True,0.0057638585567474365,TGCGGGCAGGGCTGCAACCC
9,21,48,mlp,degradation,1.1875,1.2752794027328491,3323,GGCGAG,4.2265625,3293,GGCAGG,4.4375,3293,GGCAGG,4.4375,3323,GGCGAG,0.019015632569789886,3293,GGCAGG,0.09570528566837311,3293,GGCAGG,0.09570528566837311,False,False,True,0.00502534955739975,TGCGGGCAGGGCTGCAACCC
9,22,48,mlp,degradation,1.171875,1.23258376121521,3323,GGCGAG,4.21484375,3293,GGCAGG,4.421875,3293,GGCAGG,4.421875,3323,GGCGAG,0.019134150817990303,3293,GGCAGG,0.09492892026901245,3293,GGCAGG,0.09492892026901245,False,False,True,0.006157249212265015,GCGGGCAGGGCTGCAACCC
9,23,48,mlp,degradation,1.15625,1.1927109956741333,3323,GGCGAG,4.203125,3293,GGCAGG,4.40625,3293,GGCAGG,4.40625,3323,GGCGAG,0.019184252247214317,3293,GGCAGG,0.09414330869913101,3293,GGCAGG,0.09414330869913101,False,False,True,0.010207731276750565,TGCGGGCAGGGCTGCAACCC
9,24,48,mlp,degradation,1.03125,1.0654932260513306,3323,GGCGAG,4.21875,3293,GGCAGG,4.390625,3293,GGCAGG,4.390625,3323,GGCGAG,0.019567765295505524,3293,GGCAGG,0.09186039119958878,3293,GGCAGG,0.09186039119958878,False,False,True,0.008254945278167725,TGCGGGCAGGGCTGCAACCC
9,25,48,mlp,degradation,0.9375,0.95454341173172,3323,GGCGAG,4.234375,3293,GGCAGG,4.3828125,3293,GGCAGG,4.3828125,3323,GGCGAG,0.02023131027817726,3293,GGCAGG,0.09019847214221954,3293,GGCAGG,0.09019847214221954,False,False,True,0.0027742870151996613,TGCGGGCAGGGCTGCAACCC
9,26,48,mlp,degradation,0.90625,0.9009613990783691,3323,GGCGAG,4.2421875,3293,GGCAGG,4.3828125,3293,GGCAGG,4.3828125,3323,GGCGAG,0.020499851554632187,3293,GGCAGG,0.08934396505355835,3293,GGCAGG,0.08934396505355835,False,False,True,0.0003260970115661621,TGCGGGCAGGGCTGCAACCC
9,27,48,mlp,degradation,0.9375,0.9027981162071228,3323,GGCGAG,4.234375,3293,GGCAGG,4.3828125,3293,GGCAGG,4.3828125,3323,GGCGAG,0.020368145778775215,3293,GGCAGG,0.08925075083971024,3293,GGCAGG,0.08925075083971024,False,False,True,-0.00011272728443145752,TGCGGGCAGGGCTGCAACCC
9,28,48,mlp,degradation,0.984375,0.9916577339172363,3323,GGCGAG,4.23828125,3293,GGCAGG,4.3984375,3293,GGCAGG,4.3984375,3323,GGCGAG,0.020073186606168747,3293,GGCAGG,0.09081824868917465,3293,GGCAGG,0.09081824868917465,False,False,True,0.001367758959531784,TGCGGGCAGGGCTGCAACCC
9,29,48,mlp,degradation,0.96875,0.94598788022995,3323,GGCGAG,4.234375,3293,GGCAGG,4.390625,3293,GGCAGG,4.390625,3323,GGCGAG,0.020095521584153175,3293,GGCAGG,0.08988336473703384,3293,GGCAGG,0.08988336473703384,False,False,True,0.0019387267529964447,TGCGGGCAGGGCTGCAACCC
9,30,48,mlp,degradation,1.046875,1.0550401210784912,3323,GGCGAG,4.2265625,3293,GGCAGG,4.40234375,3293,GGCAGG,4.40234375,3323,GGCGAG,0.019783126190304756,3293,GGCAGG,0.09185665845870972,3293,GGCAGG,0.09185665845870972,False,False,True,0.0012199021875858307,TGCGGGCAGGGCTGCAACCC
9,31,48,mlp,degradation,1.0625,0.9586758017539978,3323,GGCGAG,4.21484375,3293,GGCAGG,4.39453125,3293,GGCAGG,4.39453125,3323,GGCGAG,0.019752925261855125,3293,GGCAGG,0.0898067057132721,3293,GGCAGG,0.0898067057132721,False,False,True,0.00318758562207222,TGCGGGCAGGGCTGCAACCC
10,0,48,mlp,degradation,1.015625,1.0024065971374512,3323,GGCGAG,4.23046875,3293,GGCAGG,4.3984375,3293,GGCAGG,4.3984375,3323,GGCGAG,0.020090237259864807,3293,GGCAGG,0.0910605937242508,3293,GGCAGG,0.0910605937242508,False,False,True,-0.0013638697564601898,TGCGGGCAGGGCTGCAACCC
10,1,48,mlp,degradation,1.015625,0.9971128106117249,3323,GGCGAG,4.23046875,3293,GGCAGG,4.3984375,3293,GGCAGG,4.3984375,3323,GGCGAG,0.020084768533706665,3293,GGCAGG,0.09094417095184326,3293,GGCAGG,0.09094417095184326,False,False,True,-0.0018777251243591309,TGCGGGCAGGGCTGCAACCC
10,2,48,mlp,degradation,0.9375,0.7415380477905273,3323,GGCGAG,4.22265625,3293,GGCAGG,4.37109375,3293,GGCAGG,4.37109375,3323,GGCGAG,0.019917644560337067,3293,GGCAGG,0.08542031049728394,3293,GGCAGG,0.08542031049728394,False,False,True,0.00863957405090332,TGCGGGCAGGGCTGCAACCC
10,3,48,mlp,degradation,0.9375,0.7567245960235596,3323,GGCGAG,4.22265625,3293,GGCAGG,4.37109375,3293,GGCAGG,4.37109375,3323,GGCGAG,0.019872872158885002,3293,GGCAGG,0.0856938436627388,3293,GGCAGG,0.0856938436627388,False,False,True,0.008757717907428741,TGCGGGCAGGGCTGCAACCC
10,4,48,mlp,degradation,0.9375,0.7525580525398254,3323,GGCGAG,4.22265625,3293,GGCAGG,4.37109375,3293,GGCAGG,4.37109375,3323,GGCGAG,0.01997237280011177,3293,GGCAGG,0.08570601791143417,3293,GGCAGG,0.08570601791143417,False,False,True,0.007986083626747131,TGCGGGCAGGGCTGCAACCC
10,5,48,mlp,degradation,1.03125,1.0412598848342896,3323,GGCGAG,4.234375,3293,GGCAGG,4.40625,3293,GGCAGG,4.40625,3323,GGCGAG,0.02004028484225273,3293,GGCAGG,0.09182499349117279,3293,GGCAGG,0.09182499349117279,False,False,True,-0.0014618635177612305,TGCGGGCAGGGCTGCAACCC
10,6,48,mlp,degradation,1.0,1.0215058326721191,3323,GGCGAG,4.23828125,3293,GGCAGG,4.40234375,3293,GGCAGG,4.40234375,3323,GGCGAG,0.020206719636917114,3293,GGCAGG,0.09157738834619522,3293,GGCAGG,0.09157738834619522,False,False,True,-0.0018330588936805725,TGCGGGCAGGGCTGCAACCC
10,7,48,mlp,degradation,0.984375,1.024852991104126,3323,GGCGAG,4.2421875,3293,GGCAGG,4.40234375,3293,GGCAGG,4.40234375,3323,GGCGAG,0.020244812592864037,3293,GGCAGG,0.09168563783168793,3293,GGCAGG,0.09168563783168793,False,False,True,-0.0007635615766048431,TGCGGGCAGGGCTGCAACCC
10,8,48,mlp,degradation,1.0,1.0407465696334839,3323,GGCGAG,4.2421875,3293,GGCAGG,4.40625,3293,GGCAGG,4.40625,3323,GGCGAG,0.02023756131529808,3293,GGCAGG,0.09201151132583618,3293,GGCAGG,0.09201151132583618,False,False,True,-0.0028381608426570892,TGCGGGCAGGGCTGCAACCC
10,9,48,mlp,degradation,1.015625,1.0524587631225586,3323,GGCGAG,4.23828125,3293,GGCAGG,4.40625,3293,GGCAGG,4.40625,3323,GGCGAG,0.020273443311452866,3293,GGCAGG,0.09229286760091782,3293,GGCAGG,0.09229286760091782,False,False,True,-0.002174895256757736,TGCGGGCAGGGCTGCAACCC
10,10,48,mlp,degradation,1.015625,1.066496729850769,3323,GGCGAG,4.23828125,3293,GGCAGG,4.40625,3293,GGCAGG,4.40625,3323,GGCGAG,0.020226217806339264,3293,GGCAGG,0.09253987669944763,3293,GGCAGG,0.09253987669944763,False,False,True,-0.0018730349838733673,TGCGGGCAGGGCTGCAACCC
10,11,48,mlp,degradation,1.03125,1.059861421585083,3323,GGCGAG,4.234375,3293,GGCAGG,4.40625,3293,GGCAGG,4.40625,3323,GGCGAG,0.020075352862477303,3293,GGCAGG,0.09224993735551834,3293,GGCAGG,0.09224993735551834,False,False,True,-0.0013543441891670227,TGCGGGCAGGGCTGCAACCC
10,12,48,mlp,degradation,1.015625,1.0853880643844604,3323,GGCGAG,4.2421875,3293,GGCAGG,4.41015625,3293,GGCAGG,4.41015625,3323,GGCGAG,0.020125852897763252,3293,GGCAGG,0.09283546358346939,3293,GGCAGG,0.09283546358346939,False,False,True,-0.0032294131815433502,TGCGGGCAGGGCTGCAACCC
10,13,48,mlp,degradation,1.03125,1.0636248588562012,3323,GGCGAG,4.23828125,3293,GGCAGG,4.41015625,3293,GGCAGG,4.41015625,3323,GGCGAG,0.020100820809602737,3293,GGCAGG,0.09235428273677826,3293,GGCAGG,0.09235428273677826,False,False,True,-0.005582556128501892,TGCGGGCAGGGCTGCAACCC
10,14,48,mlp,degradation,1.015625,1.0588057041168213,3323,GGCGAG,4.2421875,3293,GGCAGG,4.41015625,3293,GGCAGG,4.41015625,3323,GGCGAG,0.020222952589392662,3293,GGCAGG,0.09237541258335114,3293,GGCAGG,0.09237541258335114,False,False,True,-0.00790441408753395,TGCGGGCAGGGCTGCAACCC
10,15,48,mlp,degradation,1.0,1.03139328956604,3323,GGCGAG,4.2421875,3293,GGCAGG,4.40625,3293,GGCAGG,4.40625,3323,GGCGAG,0.020347733050584793,3293,GGCAGG,0.09192563593387604,3293,GGCAGG,0.09192563593387604,False,False,True,-0.007801886647939682,TGCGGGCAGGGCTGCAACCC
10,16,48,mlp,degradation,0.921875,1.0264607667922974,3323,GGCGAG,4.25390625,3293,GGCAGG,4.3984375,3293,GGCAGG,4.3984375,3323,GGCGAG,0.02075725607573986,3293,GGCAGG,0.09223178029060364,3293,GGCAGG,0.09223178029060364,False,False,True,-0.0068411752581596375,GCGGGCAGGGCTGCAACCC
10,17,48,mlp,degradation,0.96875,1.1136517524719238,3323,GGCGAG,4.2421875,3293,GGCAGG,4.3984375,3293,GGCAGG,4.3984375,3323,GGCGAG,0.02001073956489563,3293,GGCAGG,0.09331274777650833,3293,GGCAGG,0.09331274777650833,False,False,True,-0.001034032553434372,TGCGGGCAGGGCTGCAACCC
10,18,48,mlp,degradation,1.0,1.2733666896820068,3323,GGCGAG,4.2421875,3293,GGCAGG,4.40625,3293,GGCAGG,4.40625,3323,GGCGAG,0.019722886383533478,3293,GGCAGG,0.09637244790792465,3293,GGCAGG,0.09637244790792465,False,False,True,0.0023965276777744293,TGCGGGCAGGGCTGCAACCC
10,19,48,mlp,degradation,1.0625,1.2454203367233276,3323,GGCGAG,4.22265625,3293,GGCAGG,4.40234375,3293,GGCAGG,4.40234375,3323,GGCGAG,0.01904141902923584,3293,GGCAGG,0.09510523825883865,3293,GGCAGG,0.09510523825883865,False,False,True,0.009902425110340118,TGCGGGCAGGGCTGCAACCC
10,20,48,mlp,degradation,1.015625,1.2081272602081299,3323,GGCGAG,4.2421875,3293,GGCAGG,4.41015625,3293,GGCAGG,4.41015625,3323,GGCGAG,0.019988015294075012,3293,GGCAGG,0.09527018666267395,3293,GGCAGG,0.09527018666267395,False,False,True,0.0043549612164497375,TGCGGGCAGGGCTGCAACCC
10,21,48,mlp,degradation,0.96875,0.9935986399650574,3323,GGCGAG,4.2421875,3293,GGCAGG,4.3984375,3293,GGCAGG,4.3984375,3323,GGCGAG,0.02033846452832222,3293,GGCAGG,0.09112421423196793,3293,GGCAGG,0.09112421423196793,False,False,True,0.0027036331593990326,TGCGGGCAGGGCTGCAACCC
10,22,48,mlp,degradation,1.015625,1.122647762298584,3323,GGCGAG,4.2421875,3293,GGCAGG,4.41015625,3293,GGCAGG,4.41015625,3323,GGCGAG,0.020200740545988083,3293,GGCAGG,0.09369130432605743,3293,GGCAGG,0.09369130432605743,False,False,True,-0.0005856603384017944,TGCGGGCAGGGCTGCAACCC
10,23,48,mlp,degradation,1.03125,1.1204324960708618,3323,GGCGAG,4.2265625,3293,GGCAGG,4.3984375,3293,GGCAGG,4.3984375,3323,GGCGAG,0.019804077222943306,3293,GGCAGG,0.09324820339679718,3293,GGCAGG,0.09324820339679718,False,False,True,-1.7795711755752563e-05,TGCGGGCAGGGCTGCAACCC
10,24,48,mlp,degradation,0.96875,1.13050377368927,3323,GGCGAG,4.234375,3293,GGCAGG,4.390625,3293,GGCAGG,4.390625,3323,GGCGAG,0.02003234252333641,3293,GGCAGG,0.09368756413459778,3293,GGCAGG,0.09368756413459778,False,False,True,-0.0008231699466705322,TGCGGGCAGGGCTGCAACCC
10,25,48,mlp,degradation,0.921875,1.0218353271484375,3323,GGCGAG,4.234375,3293,GGCAGG,4.37890625,3293,GGCAGG,4.37890625,3323,GGCGAG,0.020568642765283585,3293,GGCAGG,0.09194621443748474,3293,GGCAGG,0.09194621443748474,False,False,True,-0.0030502118170261383,TGCGGGCAGGGCTGCAACCC
10,26,48,mlp,degradation,0.96875,0.9662367105484009,3323,GGCGAG,4.22265625,3293,GGCAGG,4.37890625,3293,GGCAGG,4.37890625,3323,GGCGAG,0.020359784364700317,3293,GGCAGG,0.09057203680276871,3293,GGCAGG,0.09057203680276871,False,False,True,-0.0005070604383945465,TGCGGGCAGGGCTGCAACCC
10,27,48,mlp,degradation,1.046875,1.0173418521881104,3323,GGCGAG,4.21484375,3293,GGCAGG,4.390625,3293,GGCAGG,4.390625,3323,GGCGAG,0.020174114033579826,3293,GGCAGG,0.09145750850439072,3293,GGCAGG,0.09145750850439072,False,False,True,0.0011722221970558167,TGCGGGCAGGGCTGCAACCC
10,28,48,mlp,degradation,1.046875,1.0148296356201172,3323,GGCGAG,4.21875,3293,GGCAGG,4.39453125,3293,GGCAGG,4.39453125,3323,GGCGAG,0.02008203975856304,3293,GGCAGG,0.09131278097629547,3293,GGCAGG,0.09131278097629547,False,False,True,0.0026272721588611603,TGCGGGCAGGGCTGCAACCC
10,29,48,mlp,degradation,1.015625,1.0023002624511719,3323,GGCGAG,4.2265625,3293,GGCAGG,4.39453125,3293,GGCAGG,4.39453125,3323,GGCGAG,0.019890621304512024,3293,GGCAGG,0.09085875004529953,3293,GGCAGG,0.09085875004529953,False,False,True,0.0005202367901802063,TGCGGGCAGGGCTGCAACCC
10,30,48,mlp,degradation,1.03125,1.0418001413345337,3323,GGCGAG,4.22265625,3293,GGCAGG,4.39453125,3293,GGCAGG,4.39453125,3323,GGCGAG,0.01999344490468502,3293,GGCAGG,0.09178947657346725,3293,GGCAGG,0.09178947657346725,False,False,True,-0.000460699200630188,TGCGGGCAGGGCTGCAACCC
10,31,48,mlp,degradation,1.046875,1.0435185432434082,3323,GGCGAG,4.21484375,3293,GGCAGG,4.390625,3293,GGCAGG,4.390625,3323,GGCGAG,0.0199886504560709,3293,GGCAGG,0.09182069450616837,3293,GGCAGG,0.09182069450616837,False,False,True,0.0003297477960586548,TGCGGGCAGGGCTGCAACCC
11,0,48,mlp,degradation,1.03125,1.055942416191101,3323,GGCGAG,4.23828125,3293,GGCAGG,4.41015625,3293,GGCAGG,4.41015625,3323,GGCGAG,0.01996513642370701,3293,GGCAGG,0.09205757826566696,3293,GGCAGG,0.09205757826566696,False,False,True,-0.0007484406232833862,TGCGGGCAGGGCTGCAACCC
11,1,48,mlp,degradation,1.015625,1.0570546388626099,3323,GGCGAG,4.2421875,3293,GGCAGG,4.41015625,3293,GGCAGG,4.41015625,3323,GGCGAG,0.020108750090003014,3293,GGCAGG,0.09222450852394104,3293,GGCAGG,0.09222450852394104,False,False,True,-0.0006308667361736298,TGCGGGCAGGGCTGCAACCC
11,2,48,mlp,degradation,1.0625,0.9519743919372559,3323,GGCGAG,4.21484375,3293,GGCAGG,4.39453125,3293,GGCAGG,4.39453125,3323,GGCGAG,0.019690582528710365,3293,GGCAGG,0.08960390090942383,3293,GGCAGG,0.08960390090942383,False,False,True,0.004728417843580246,TGCGGGCAGGGCTGCAACCC
11,3,48,mlp,degradation,1.078125,0.9671748280525208,3323,GGCGAG,4.21484375,3293,GGCAGG,4.3984375,3293,GGCAGG,4.3984375,3323,GGCGAG,0.01971699856221676,3293,GGCAGG,0.08994891494512558,3293,GGCAGG,0.08994891494512558,False,False,True,0.004293713718652725,TGCGGGCAGGGCTGCAACCC
11,4,48,mlp,degradation,1.046875,0.9323621988296509,3323,GGCGAG,4.21484375,3293,GGCAGG,4.390625,3293,GGCAGG,4.390625,3323,GGCGAG,0.019780538976192474,3293,GGCAGG,0.0892827957868576,3293,GGCAGG,0.0892827957868576,False,False,True,0.004337310791015625,TGCGGGCAGGGCTGCAACCC
11,5,48,mlp,degradation,1.015625,1.0112489461898804,3323,GGCGAG,4.23828125,3293,GGCAGG,4.40625,3293,GGCAGG,4.40625,3323,GGCGAG,0.020121419802308083,3293,GGCAGG,0.0912771075963974,3293,GGCAGG,0.0912771075963974,False,False,True,-0.0005127303302288055,TGCGGGCAGGGCTGCAACCC
11,6,48,mlp,degradation,0.984375,0.9921756386756897,3323,GGCGAG,4.23828125,3293,GGCAGG,4.3984375,3293,GGCAGG,4.3984375,3323,GGCGAG,0.02019467018544674,3293,GGCAGG,0.09095059335231781,3293,GGCAGG,0.09095059335231781,False,False,True,-0.0006239339709281921,TGCGGGCAGGGCTGCAACCC
11,7,48,mlp,degradation,1.0,1.0174907445907593,3323,GGCGAG,4.23828125,3293,GGCAGG,4.40234375,3293,GGCAGG,4.40234375,3323,GGCGAG,0.020165126770734787,3293,GGCAGG,0.09145164489746094,3293,GGCAGG,0.09145164489746094,False,False,True,-0.0007561296224594116,TGCGGGCAGGGCTGCAACCC
11,8,48,mlp,degradation,0.96875,1.070090889930725,3323,GGCGAG,4.25390625,3293,GGCAGG,4.41015625,3293,GGCAGG,4.41015625,3323,GGCGAG,0.020446952432394028,3293,GGCAGG,0.09283594787120819,3293,GGCAGG,0.09283594787120819,False,False,True,-0.003720700740814209,TGCGGGCAGGGCTGCAACCC
11,9,48,mlp,degradation,0.96875,1.071522831916809,3323,GGCGAG,4.25390625,3293,GGCAGG,4.41015625,3293,GGCAGG,4.41015625,3323,GGCGAG,0.020429829135537148,3293,GGCAGG,0.09284882992506027,3293,GGCAGG,0.09284882992506027,False,False,True,-0.0031114965677261353,TGCGGGCAGGGCTGCAACCC
11,10,48,mlp,degradation,1.015625,1.0792721509933472,3323,GGCGAG,4.2421875,3293,GGCAGG,4.41015625,3293,GGCAGG,4.41015625,3323,GGCGAG,0.020223598927259445,3293,GGCAGG,0.09280502796173096,3293,GGCAGG,0.09280502796173096,False,False,True,-0.002401072531938553,TGCGGGCAGGGCTGCAACCC
11,11,48,mlp,degradation,1.0,1.0046943426132202,3323,GGCGAG,4.234375,3293,GGCAGG,4.3984375,3293,GGCAGG,4.3984375,3323,GGCGAG,0.02003507688641548,3293,GGCAGG,0.09105338156223297,3293,GGCAGG,0.09105338156223297,False,False,True,0.0014784112572669983,TGCGGGCAGGGCTGCAACCC
11,12,48,mlp,degradation,1.015625,1.0074650049209595,3323,GGCGAG,4.234375,3293,GGCAGG,4.40234375,3293,GGCAGG,4.40234375,3323,GGCGAG,0.020076584070920944,3293,GGCAGG,0.09115296602249146,3293,GGCAGG,0.09115296602249146,False,False,True,0.001417793333530426,TGCGGGCAGGGCTGCAACCC
11,13,48,mlp,degradation,1.015625,1.011927604675293,3323,GGCGAG,4.234375,3293,GGCAGG,4.40234375,3293,GGCAGG,4.40234375,3323,GGCGAG,0.020098282024264336,3293,GGCAGG,0.09126819670200348,3293,GGCAGG,0.09126819670200348,False,False,True,0.0018245689570903778,TGCGGGCAGGGCTGCAACCC
11,14,48,mlp,degradation,1.015625,1.0418442487716675,3323,GGCGAG,4.23828125,3293,GGCAGG,4.40625,3293,GGCAGG,4.40625,3323,GGCGAG,0.020239297300577164,3293,GGCAGG,0.09203625470399857,3293,GGCAGG,0.09203625470399857,False,False,True,0.0018011368811130524,TGCGGGCAGGGCTGCAACCC
11,15,48,mlp,degradation,1.0,1.0609610080718994,3323,GGCGAG,4.2421875,3293,GGCAGG,4.40625,3293,GGCAGG,4.40625,3323,GGCGAG,0.020081762224435806,3293,GGCAGG,0.09227938950061798,3293,GGCAGG,0.09227938950061798,False,False,True,0.0005214288830757141,TGCGGGCAGGGCTGCAACCC
11,16,48,mlp,degradation,0.953125,1.0360791683197021,3323,GGCGAG,4.24609375,3293,GGCAGG,4.3984375,3293,GGCAGG,4.3984375,3323,GGCGAG,0.020037725567817688,3293,GGCAGG,0.09171384572982788,3293,GGCAGG,0.09171384572982788,False,False,True,-0.0007164813578128815,TGCGGGCAGGGCTGCAACCC
11,17,48,mlp,degradation,1.0,1.084944486618042,3323,GGCGAG,4.234375,3293,GGCAGG,4.3984375,3293,GGCAGG,4.3984375,3323,GGCGAG,0.019841471686959267,3293,GGCAGG,0.09254178404808044,3293,GGCAGG,0.09254178404808044,False,False,True,0.0003572218120098114,TGCGGGCAGGGCTGCAACCC
11,18,48,mlp,degradation,0.90625,0.91844642162323,3323,GGCGAG,4.2421875,3293,GGCAGG,4.3828125,3293,GGCAGG,4.3828125,3323,GGCGAG,0.020307673141360283,3293,GGCAGG,0.08951826393604279,3293,GGCAGG,0.08951826393604279,False,False,True,0.001394711434841156,TGCGGGCAGGGCTGCAACCC
11,19,48,mlp,degradation,0.9375,0.9201011657714844,3323,GGCGAG,4.234375,3293,GGCAGG,4.3828125,3293,GGCAGG,4.3828125,3323,GGCGAG,0.020137587562203407,3293,GGCAGG,0.08938285708427429,3293,GGCAGG,0.08938285708427429,False,False,True,0.0008633248507976532,TGCGGGCAGGGCTGCAACCC
11,20,48,mlp,degradation,0.90625,0.8690984845161438,3323,GGCGAG,4.25,3293,GGCAGG,4.390625,3293,GGCAGG,4.390625,3323,GGCGAG,0.02081497758626938,3293,GGCAGG,0.08899125456809998,3293,GGCAGG,0.08899125456809998,False,False,True,-0.002334069460630417,TGCGGGCAGGGCTGCAACCC
11,21,48,mlp,degradation,0.96875,0.953667163848877,3323,GGCGAG,4.2421875,3293,GGCAGG,4.3984375,3293,GGCAGG,4.3984375,3323,GGCGAG,0.02036062628030777,3293,GGCAGG,0.09030942618846893,3293,GGCAGG,0.09030942618846893,False,False,True,-0.0048365406692028046,TGCGGGCAGGGCTGCAACCC
11,22,48,mlp,degradation,1.015625,1.0000109672546387,3323,GGCGAG,4.22265625,3293,GGCAGG,4.390625,3293,GGCAGG,4.390625,3323,GGCGAG,0.019897378981113434,3293,GGCAGG,0.09081752598285675,3293,GGCAGG,0.09081752598285675,False,False,True,-0.0015309080481529236,TGCGGGCAGGGCTGCAACCC
11,23,48,mlp,degradation,1.015625,1.0175753831863403,3323,GGCGAG,4.21484375,3293,GGCAGG,4.3828125,3293,GGCAGG,4.3828125,3323,GGCGAG,0.019848179072141647,3293,GGCAGG,0.09113646298646927,3293,GGCAGG,0.09113646298646927,False,False,True,0.0006240867078304291,TGCGGGCAGGGCTGCAACCC
11,24,48,mlp,degradation,0.984375,0.9823204874992371,3323,GGCGAG,4.22265625,3293,GGCAGG,4.3828125,3293,GGCAGG,4.3828125,3323,GGCGAG,0.02011953294277191,3293,GGCAGG,0.09066889435052872,3293,GGCAGG,0.09066889435052872,False,False,True,0.0011028163135051727,TGCGGGCAGGGCTGCAACCC
11,25,48,mlp,degradation,0.9375,0.9228468537330627,3323,GGCGAG,4.234375,3293,GGCAGG,4.3828125,3293,GGCAGG,4.3828125,3323,GGCGAG,0.020708518102765083,3293,GGCAGG,0.09001133590936661,3293,GGCAGG,0.09001133590936661,False,False,True,-0.001081753522157669,TGCGGGCAGGGCTGCAACCC
11,26,48,mlp,degradation,0.875,0.8027772903442383,3323,GGCGAG,4.25,3293,GGCAGG,4.3828125,3293,GGCAGG,4.3828125,3323,GGCGAG,0.020703798159956932,3293,GGCAGG,0.087490014731884,3293,GGCAGG,0.087490014731884,False,False,True,-0.002078276127576828,TGCGGGCAGGGCTGCAACCC
11,27,48,mlp,degradation,0.953125,0.8918395638465881,3323,GGCGAG,4.234375,3293,GGCAGG,4.38671875,3293,GGCAGG,4.38671875,3323,GGCGAG,0.020448995754122734,3293,GGCAGG,0.08910191804170609,3293,GGCAGG,0.08910191804170609,False,False,True,-0.0015556477010250092,TGCGGGCAGGGCTGCAACCC
11,28,48,mlp,degradation,0.984375,0.9017309546470642,3323,GGCGAG,4.23828125,3293,GGCAGG,4.3984375,3293,GGCAGG,4.3984375,3323,GGCGAG,0.020131269469857216,3293,GGCAGG,0.08899150788784027,3293,GGCAGG,0.08899150788784027,False,False,True,-0.0014096498489379883,TGCGGGCAGGGCTGCAACCC
11,29,48,mlp,degradation,1.0,1.0079647302627563,3323,GGCGAG,4.234375,3293,GGCAGG,4.3984375,3293,GGCAGG,4.3984375,3323,GGCGAG,0.020003490149974823,3293,GGCAGG,0.09109034389257431,3293,GGCAGG,0.09109034389257431,False,False,True,-0.001410316675901413,TGCGGGCAGGGCTGCAACCC
11,30,48,mlp,degradation,1.03125,1.0758204460144043,3323,GGCGAG,4.2265625,3293,GGCAGG,4.3984375,3293,GGCAGG,4.3984375,3323,GGCGAG,0.01986594684422016,3293,GGCAGG,0.0923750251531601,3293,GGCAGG,0.0923750251531601,False,False,True,0.00017056986689567566,TGCGGGCAGGGCTGCAACCC
11,31,48,mlp,degradation,1.0,0.9990971088409424,3323,GGCGAG,4.22265625,3293,GGCAGG,4.38671875,3293,GGCAGG,4.38671875,3323,GGCGAG,0.019983600825071335,3293,GGCAGG,0.09088459610939026,3293,GGCAGG,0.09088459610939026,False,False,True,0.0029243193566799164,TGCGGGCAGGGCTGCAACCC
12,0,48,mlp,degradation,1.015625,0.988562285900116,3323,GGCGAG,4.2265625,3293,GGCAGG,4.39453125,3293,GGCAGG,4.39453125,3323,GGCGAG,0.020040642470121384,3293,GGCAGG,0.09072083234786987,3293,GGCAGG,0.09072083234786987,False,False,True,0.0025423578917980194,TGCGGGCAGGGCTGCAACCC
12,1,48,mlp,degradation,1.015625,0.9903051853179932,3323,GGCGAG,4.2265625,3293,GGCAGG,4.39453125,3293,GGCAGG,4.39453125,3323,GGCGAG,0.019921528175473213,3293,GGCAGG,0.09063824266195297,3293,GGCAGG,0.09063824266195297,False,False,True,0.0024178512394428253,TGCGGGCAGGGCTGCAACCC
12,2,48,mlp,degradation,1.0,0.9302396178245544,3323,GGCGAG,4.2265625,3293,GGCAGG,4.390625,3293,GGCAGG,4.390625,3323,GGCGAG,0.020178314298391342,3293,GGCAGG,0.08963608741760254,3293,GGCAGG,0.08963608741760254,False,False,True,0.0011779144406318665,TGCGGGCAGGGCTGCAACCC
12,3,48,mlp,degradation,1.0,0.9386067986488342,3323,GGCGAG,4.2265625,3293,GGCAGG,4.390625,3293,GGCAGG,4.390625,3323,GGCGAG,0.02016366459429264,3293,GGCAGG,0.08979680389165878,3293,GGCAGG,0.08979680389165878,False,False,True,0.0005647614598274231,TGCGGGCAGGGCTGCAACCC
12,4,48,mlp,degradation,1.0,0.9312179088592529,3323,GGCGAG,4.2265625,3293,GGCAGG,4.390625,3293,GGCAGG,4.390625,3323,GGCGAG,0.02020176872611046,3293,GGCAGG,0.08968004584312439,3293,GGCAGG,0.08968004584312439,False,False,True,5.5186450481414795e-05,TGCGGGCAGGGCTGCAACCC
12,5,48,mlp,degradation,0.984375,0.9878904223442078,3323,GGCGAG,4.23828125,3293,GGCAGG,4.3984375,3293,GGCAGG,4.3984375,3323,GGCGAG,0.02013465389609337,3293,GGCAGG,0.09080076217651367,3293,GGCAGG,0.09080076217651367,False,False,True,0.0002513974905014038,TGCGGGCAGGGCTGCAACCC
12,6,48,mlp,degradation,1.0,1.0087205171585083,3323,GGCGAG,4.23828125,3293,GGCAGG,4.40234375,3293,GGCAGG,4.40234375,3323,GGCGAG,0.02009030617773533,3293,GGCAGG,0.09119299799203873,3293,GGCAGG,0.09119299799203873,False,False,True,0.00037188827991485596,TGCGGGCAGGGCTGCAACCC
12,7,48,mlp,degradation,1.0,1.0178604125976562,3323,GGCGAG,4.234375,3293,GGCAGG,4.3984375,3293,GGCAGG,4.3984375,3323,GGCGAG,0.02007794752717018,3293,GGCAGG,0.09137221425771713,3293,GGCAGG,0.09137221425771713,False,False,True,0.0017615295946598053,TGCGGGCAGGGCTGCAACCC
12,8,48,mlp,degradation,0.984375,0.97760409116745,3323,GGCGAG,4.234375,3293,GGCAGG,4.39453125,3293,GGCAGG,4.39453125,3323,GGCGAG,0.020124467089772224,3293,GGCAGG,0.0905749723315239,3293,GGCAGG,0.0905749723315239,False,False,True,0.0022794976830482483,TGCGGGCAGGGCTGCAACCC
12,9,48,mlp,degradation,1.0,0.9986037015914917,3323,GGCGAG,4.234375,3293,GGCAGG,4.3984375,3293,GGCAGG,4.3984375,3323,GGCGAG,0.020142491906881332,3293,GGCAGG,0.09103313833475113,3293,GGCAGG,0.09103313833475113,False,False,True,0.0017962343990802765,TGCGGGCAGGGCTGCAACCC
12,10,48,mlp,degradation,1.0,0.9954769611358643,3323,GGCGAG,4.23828125,3293,GGCAGG,4.40234375,3293,GGCAGG,4.40234375,3323,GGCGAG,0.02013649418950081,3293,GGCAGG,0.09096160531044006,3293,GGCAGG,0.09096160531044006,False,False,True,0.0005918964743614197,TGCGGGCAGGGCTGCAACCC
12,11,48,mlp,degradation,1.0,1.0073477029800415,3323,GGCGAG,4.234375,3293,GGCAGG,4.3984375,3293,GGCAGG,4.3984375,3323,GGCGAG,0.0200558640062809,3293,GGCAGG,0.09112977981567383,3293,GGCAGG,0.09112977981567383,False,False,True,-0.00031661614775657654,TGCGGGCAGGGCTGCAACCC
12,12,48,mlp,degradation,1.0,0.9955906867980957,3323,GGCGAG,4.234375,3293,GGCAGG,4.3984375,3293,GGCAGG,4.3984375,3323,GGCGAG,0.020014116540551186,3293,GGCAGG,0.0908416137099266,3293,GGCAGG,0.0908416137099266,False,False,True,-0.0006914176046848297,TGCGGGCAGGGCTGCAACCC
12,13,48,mlp,degradation,1.0,1.0180861949920654,3323,GGCGAG,4.234375,3293,GGCAGG,4.3984375,3293,GGCAGG,4.3984375,3323,GGCGAG,0.02007927931845188,3293,GGCAGG,0.09137827157974243,3293,GGCAGG,0.09137827157974243,False,False,True,-0.0010677874088287354,TGCGGGCAGGGCTGCAACCC
12,14,48,mlp,degradation,0.984375,1.0079824924468994,3323,GGCGAG,4.2421875,3293,GGCAGG,4.40234375,3293,GGCAGG,4.40234375,3323,GGCGAG,0.020169878378510475,3293,GGCAGG,0.09125710278749466,3293,GGCAGG,0.09125710278749466,False,False,True,-0.003391280770301819,TGCGGGCAGGGCTGCAACCC
12,15,48,mlp,degradation,0.953125,0.9468274712562561,3323,GGCGAG,4.2421875,3293,GGCAGG,4.39453125,3293,GGCAGG,4.39453125,3323,GGCGAG,0.02017621323466301,3293,GGCAGG,0.08998166024684906,3293,GGCAGG,0.08998166024684906,False,False,True,-0.003305044025182724,TGCGGGCAGGGCTGCAACCC
12,16,48,mlp,degradation,0.953125,0.9013178944587708,3323,GGCGAG,4.23828125,3293,GGCAGG,4.390625,3293,GGCAGG,4.390625,3323,GGCGAG,0.01999512128531933,3293,GGCAGG,0.08884670585393906,3293,GGCAGG,0.08884670585393906,False,False,True,-0.0009376928210258484,TGCGGGCAGGGCTGCAACCC
12,17,48,mlp,degradation,0.953125,0.9286950826644897,3323,GGCGAG,4.234375,3293,GGCAGG,4.38671875,3293,GGCAGG,4.38671875,3323,GGCGAG,0.01979161985218525,3293,GGCAGG,0.08921701461076736,3293,GGCAGG,0.08921701461076736,False,False,True,0.0069767385721206665,TGCGGGCAGGGCTGCAACCC
12,18,48,mlp,degradation,0.9375,0.8815222978591919,3323,GGCGAG,4.23046875,3293,GGCAGG,4.37890625,3293,GGCAGG,4.37890625,3323,GGCGAG,0.019809797406196594,3293,GGCAGG,0.08824647217988968,3293,GGCAGG,0.08824647217988968,False,False,True,0.007357567548751831,TGCGGGCAGGGCTGCAACCC
12,19,48,mlp,degradation,0.9375,0.9223289489746094,3323,GGCGAG,4.22265625,3293,GGCAGG,4.37109375,3293,GGCAGG,4.37109375,3323,GGCGAG,0.020035285502672195,3293,GGCAGG,0.08932725340127945,3293,GGCAGG,0.08932725340127945,False,False,True,0.005927044898271561,TGCGGGCAGGGCTGCAACCC
12,20,48,mlp,degradation,0.96875,0.9019691348075867,3323,GGCGAG,4.2265625,3293,GGCAGG,4.3828125,3293,GGCAGG,4.3828125,3323,GGCGAG,0.019997118040919304,3293,GGCAGG,0.0888623520731926,3293,GGCAGG,0.0888623520731926,False,False,True,-0.0003415122628211975,TGCGGGCAGGGCTGCAACCC
12,21,48,mlp,degradation,1.0,0.9735385179519653,3323,GGCGAG,4.22265625,3293,GGCAGG,4.38671875,3293,GGCAGG,4.38671875,3323,GGCGAG,0.0200977586209774,3293,GGCAGG,0.0904630497097969,3293,GGCAGG,0.0904630497097969,False,False,True,-8.161738514900208e-05,TGCGGGCAGGGCTGCAACCC
12,22,48,mlp,degradation,0.9375,1.1511379480361938,3323,GGCGAG,4.2421875,3293,GGCAGG,4.390625,3293,GGCAGG,4.390625,3323,GGCGAG,0.019282065331935883,3293,GGCAGG,0.09336976706981659,3293,GGCAGG,0.09336976706981659,False,False,True,-0.0031365863978862762,TGCGGGCAGGGCTGCAACCC
12,23,48,mlp,degradation,0.875,1.211277723312378,3323,GGCGAG,4.265625,3293,GGCAGG,4.3984375,3293,GGCAGG,4.3984375,3323,GGCGAG,0.020024100318551064,3293,GGCAGG,0.09537230432033539,3293,GGCAGG,0.09537230432033539,False,False,True,-0.004301585257053375,TGCGGGCAGGGCTGCAACCC
12,24,48,mlp,degradation,0.84375,1.0813751220703125,3323,GGCGAG,4.28125,3293,GGCAGG,4.40625,3293,GGCAGG,4.40625,3323,GGCGAG,0.020403726026415825,3293,GGCAGG,0.09302923083305359,3293,GGCAGG,0.09302923083305359,False,False,True,-0.005080696195363998,TGCGGGCAGGGCTGCAACCC
12,25,48,mlp,degradation,0.890625,0.8472940325737,3323,GGCGAG,4.26953125,3293,GGCAGG,4.40625,3293,GGCAGG,4.40625,3323,GGCGAG,0.02144891768693924,3293,GGCAGG,0.08916818350553513,3293,GGCAGG,0.08916818350553513,False,False,True,-0.0035321302711963654,TGCGGGCAGGGCTGCAACCC
12,26,48,mlp,degradation,0.8125,0.6008076667785645,3323,GGCGAG,4.265625,3293,GGCAGG,4.3828125,3293,GGCAGG,4.3828125,3323,GGCGAG,0.0218268521130085,3293,GGCAGG,0.08437986671924591,3293,GGCAGG,0.08437986671924591,False,False,True,-0.0006307885050773621,TGCGGGCAGGGCTGCAACCC
12,27,48,mlp,degradation,0.84375,0.7162172794342041,3323,GGCGAG,4.25390625,3293,GGCAGG,4.37890625,3293,GGCAGG,4.37890625,3323,GGCGAG,0.021442845463752747,3293,GGCAGG,0.08641479909420013,3293,GGCAGG,0.08641479909420013,False,False,True,0.00042029470205307007,TGCGGGCAGGGCTGCAACCC
12,28,48,mlp,degradation,0.875,0.7932267785072327,3323,GGCGAG,4.25,3293,GGCAGG,4.3828125,3293,GGCAGG,4.3828125,3323,GGCGAG,0.020978910848498344,3293,GGCAGG,0.08756495267152786,3293,GGCAGG,0.08756495267152786,False,False,True,0.001350153237581253,TGCGGGCAGGGCTGCAACCC
12,29,48,mlp,degradation,0.921875,0.8816797733306885,3323,GGCGAG,4.23828125,3293,GGCAGG,4.3828125,3293,GGCAGG,4.3828125,3323,GGCGAG,0.020481115207076073,3293,GGCAGG,0.08892109245061874,3293,GGCAGG,0.08892109245061874,False,False,True,0.0019327551126480103,TGCGGGCAGGGCTGCAACCC
12,30,48,mlp,degradation,0.921875,0.8535581827163696,3323,GGCGAG,4.24609375,3293,GGCAGG,4.390625,3293,GGCAGG,4.390625,3323,GGCGAG,0.02067103609442711,3293,GGCAGG,0.08852159976959229,3293,GGCAGG,0.08852159976959229,False,False,True,0.002087097615003586,TGCGGGCAGGGCTGCAACCC
12,31,48,mlp,degradation,0.90625,0.8309059739112854,3323,GGCGAG,4.25,3293,GGCAGG,4.390625,3293,GGCAGG,4.390625,3323,GGCGAG,0.020906198769807816,3293,GGCAGG,0.08828198164701462,3293,GGCAGG,0.08828198164701462,False,False,True,0.002090767025947571,TGCGGGCAGGGCTGCAACCC
13,0,48,mlp,degradation,1.0,0.9915198087692261,3323,GGCGAG,4.23828125,3293,GGCAGG,4.40234375,3293,GGCAGG,4.40234375,3323,GGCGAG,0.02014843001961708,3293,GGCAGG,0.09089060872793198,3293,GGCAGG,0.09089060872793198,False,False,True,-0.0006186068058013916,TGCGGGCAGGGCTGCAACCC
13,1,48,mlp,degradation,1.0,1.0126477479934692,3323,GGCGAG,4.2421875,3293,GGCAGG,4.40625,3293,GGCAGG,4.40625,3323,GGCGAG,0.02016955241560936,3293,GGCAGG,0.09135455638170242,3293,GGCAGG,0.09135455638170242,False,False,True,-0.0012790188193321228,TGCGGGCAGGGCTGCAACCC
13,2,48,mlp,degradation,1.0,0.9193258881568909,3323,GGCGAG,4.2265625,3293,GGCAGG,4.390625,3293,GGCAGG,4.390625,3323,GGCGAG,0.02005414105951786,3293,GGCAGG,0.08928316086530685,3293,GGCAGG,0.08928316086530685,False,False,True,0.0003183409571647644,TGCGGGCAGGGCTGCAACCC
13,3,48,mlp,degradation,1.0,0.9312602281570435,3323,GGCGAG,4.2265625,3293,GGCAGG,4.390625,3293,GGCAGG,4.390625,3323,GGCGAG,0.01998423971235752,3293,GGCAGG,0.08946339786052704,3293,GGCAGG,0.08946339786052704,False,False,True,5.0615519285202026e-05,TGCGGGCAGGGCTGCAACCC
13,4,48,mlp,degradation,1.0,0.9289122819900513,3323,GGCGAG,4.2265625,3293,GGCAGG,4.390625,3293,GGCAGG,4.390625,3323,GGCGAG,0.019972439855337143,3293,GGCAGG,0.08940238505601883,3293,GGCAGG,0.08940238505601883,False,False,True,0.00033963099122047424,TGCGGGCAGGGCTGCAACCC
13,5,48,mlp,degradation,1.0,0.9921870231628418,3323,GGCGAG,4.234375,3293,GGCAGG,4.3984375,3293,GGCAGG,4.3984375,3323,GGCGAG,0.020128721371293068,3293,GGCAGG,0.09088487923145294,3293,GGCAGG,0.09088487923145294,False,False,True,-0.0011073015630245209,TGCGGGCAGGGCTGCAACCC
13,6,48,mlp,degradation,0.96875,0.9927195310592651,3323,GGCGAG,4.2421875,3293,GGCAGG,4.3984375,3293,GGCAGG,4.3984375,3323,GGCGAG,0.020224489271640778,3293,GGCAGG,0.09099180996417999,3293,GGCAGG,0.09099180996417999,False,False,True,-0.0012850388884544373,TGCGGGCAGGGCTGCAACCC
13,7,48,mlp,degradation,0.96875,1.0052047967910767,3323,GGCGAG,4.2421875,3293,GGCAGG,4.3984375,3293,GGCAGG,4.3984375,3323,GGCGAG,0.02035592496395111,3293,GGCAGG,0.09138493239879608,3293,GGCAGG,0.09138493239879608,False,False,True,-0.0019010603427886963,TGCGGGCAGGGCTGCAACCC
13,8,48,mlp,degradation,0.96875,0.9980093240737915,3323,GGCGAG,4.2421875,3293,GGCAGG,4.3984375,3293,GGCAGG,4.3984375,3323,GGCGAG,0.02033185586333275,3293,GGCAGG,0.09121004492044449,3293,GGCAGG,0.09121004492044449,False,False,True,-0.0009862147271633148,TGCGGGCAGGGCTGCAACCC
13,9,48,mlp,degradation,0.96875,1.0002086162567139,3323,GGCGAG,4.2421875,3293,GGCAGG,4.3984375,3293,GGCAGG,4.3984375,3323,GGCGAG,0.020365865901112556,3293,GGCAGG,0.09129015356302261,3293,GGCAGG,0.09129015356302261,False,False,True,-0.0004512704908847809,TGCGGGCAGGGCTGCAACCC
13,10,48,mlp,degradation,0.984375,0.9956440329551697,3323,GGCGAG,4.23828125,3293,GGCAGG,4.3984375,3293,GGCAGG,4.3984375,3323,GGCGAG,0.020213833078742027,3293,GGCAGG,0.09104245156049728,3293,GGCAGG,0.09104245156049728,False,False,True,-0.0004230476915836334,TGCGGGCAGGGCTGCAACCC
13,11,48,mlp,degradation,1.0,0.9974579811096191,3323,GGCGAG,4.23828125,3293,GGCAGG,4.40234375,3293,GGCAGG,4.40234375,3323,GGCGAG,0.02018466591835022,3293,GGCAGG,0.09105130285024643,3293,GGCAGG,0.09105130285024643,False,False,True,-0.0013239756226539612,TGCGGGCAGGGCTGCAACCC
13,12,48,mlp,degradation,1.0,0.9944684505462646,3323,GGCGAG,4.234375,3293,GGCAGG,4.3984375,3293,GGCAGG,4.3984375,3323,GGCGAG,0.02007456123828888,3293,GGCAGG,0.09087853878736496,3293,GGCAGG,0.09087853878736496,False,False,True,-0.0004027150571346283,TGCGGGCAGGGCTGCAACCC
13,13,48,mlp,degradation,1.0,1.019717812538147,3323,GGCGAG,4.234375,3293,GGCAGG,4.3984375,3293,GGCAGG,4.3984375,3323,GGCGAG,0.02014518342912197,3293,GGCAGG,0.0914783775806427,3293,GGCAGG,0.0914783775806427,False,False,True,-0.000246196985244751,TGCGGGCAGGGCTGCAACCC
13,14,48,mlp,degradation,1.0,1.053985834121704,3323,GGCGAG,4.2421875,3293,GGCAGG,4.40625,3293,GGCAGG,4.40625,3323,GGCGAG,0.02023572102189064,3293,GGCAGG,0.09228715300559998,3293,GGCAGG,0.09228715300559998,False,False,True,-0.0012666210532188416,TGCGGGCAGGGCTGCAACCC
13,15,48,mlp,degradation,0.984375,1.0340359210968018,3323,GGCGAG,4.2421875,3293,GGCAGG,4.40234375,3293,GGCAGG,4.40234375,3323,GGCGAG,0.020250137895345688,3293,GGCAGG,0.09188343584537506,3293,GGCAGG,0.09188343584537506,False,False,True,-0.0020552054047584534,TGCGGGCAGGGCTGCAACCC
13,16,48,mlp,degradation,0.96875,1.0039230585098267,3323,GGCGAG,4.2421875,3293,GGCAGG,4.3984375,3293,GGCAGG,4.3984375,3323,GGCGAG,0.020373012870550156,3293,GGCAGG,0.09137515723705292,3293,GGCAGG,0.09137515723705292,False,False,True,-0.003056485205888748,TGCGGGCAGGGCTGCAACCC
13,17,48,mlp,degradation,0.9375,0.9241311550140381,3323,GGCGAG,4.2421875,3293,GGCAGG,4.390625,3293,GGCAGG,4.390625,3323,GGCGAG,0.02025773748755455,3293,GGCAGG,0.08958747982978821,3293,GGCAGG,0.08958747982978821,False,False,True,0.0003446713089942932,TGCGGGCAGGGCTGCAACCC
13,18,48,mlp,degradation,0.9375,0.9349283576011658,3323,GGCGAG,4.2421875,3293,GGCAGG,4.390625,3293,GGCAGG,4.390625,3323,GGCGAG,0.02018538862466812,3293,GGCAGG,0.08974143117666245,3293,GGCAGG,0.08974143117666245,False,False,True,-0.0015742145478725433,TGCGGGCAGGGCTGCAACCC
13,19,48,mlp,degradation,1.0,1.0021268129348755,3323,GGCGAG,4.234375,3293,GGCAGG,4.3984375,3293,GGCAGG,4.3984375,3323,GGCGAG,0.01992577500641346,3293,GGCAGG,0.09089026600122452,3293,GGCAGG,0.09089026600122452,False,False,True,-0.00029670819640159607,TGCGGGCAGGGCTGCAACCC
13,20,48,mlp,degradation,0.984375,1.3333230018615723,3323,GGCGAG,4.25390625,3293,GGCAGG,4.4140625,3293,GGCAGG,4.4140625,3323,GGCGAG,0.020581580698490143,3293,GGCAGG,0.09848780184984207,3293,GGCAGG,0.09848780184984207,False,False,True,-0.007892578840255737,TGCGGGCAGGGCTGCAACCC
13,21,48,mlp,degradation,1.015625,1.2741892337799072,3323,GGCGAG,4.2421875,3293,GGCAGG,4.41015625,3293,GGCAGG,4.41015625,3323,GGCGAG,0.020542997866868973,3293,GGCAGG,0.09720980376005173,3293,GGCAGG,0.09720980376005173,False,False,True,-0.005660627037286758,TGCGGGCAGGGCTGCAACCC
13,22,48,mlp,degradation,0.953125,1.346411943435669,3323,GGCGAG,4.265625,3293,GGCAGG,4.41796875,3293,GGCAGG,4.41796875,3323,GGCGAG,0.02054365538060665,3293,GGCAGG,0.09872421622276306,3293,GGCAGG,0.09872421622276306,False,False,True,-0.009801596403121948,TGCGGGCAGGGCTGCAACCC
13,23,48,mlp,degradation,0.875,0.9721393585205078,3323,GGCGAG,4.26171875,3293,GGCAGG,4.39453125,3293,GGCAGG,4.39453125,3323,GGCGAG,0.020935792475938797,3293,GGCAGG,0.09127175807952881,3293,GGCAGG,0.09127175807952881,False,False,True,-0.008728202432394028,TGCGGGCAGGGCTGCAACCC
13,24,48,mlp,degradation,0.796875,1.0610153675079346,3323,GGCGAG,4.29296875,3293,GGCAGG,4.40625,3293,GGCAGG,4.40625,3323,GGCGAG,0.02122548408806324,3293,GGCAGG,0.0934242531657219,3293,GGCAGG,0.0934242531657219,False,False,True,-0.01114175096154213,TGCGGGCAGGGCTGCAACCC
13,25,48,mlp,degradation,0.875,0.9846616387367249,3323,GGCGAG,4.27734375,3293,GGCAGG,4.41015625,3293,GGCAGG,4.41015625,3323,GGCGAG,0.02142915315926075,3293,GGCAGG,0.09202758222818375,3293,GGCAGG,0.09202758222818375,False,False,True,-0.0071456171572208405,TGCGGGCAGGGCTGCAACCC
13,26,48,mlp,degradation,0.9375,0.9499485492706299,3323,GGCGAG,4.26171875,3293,GGCAGG,4.41015625,3293,GGCAGG,4.41015625,3323,GGCGAG,0.02098492905497551,3293,GGCAGG,0.09085578471422195,3293,GGCAGG,0.09085578471422195,False,False,True,-0.00323297455906868,TGCGGGCAGGGCTGCAACCC
13,27,48,mlp,degradation,1.015625,0.8867570161819458,3323,GGCGAG,4.234375,3293,GGCAGG,4.40234375,3293,GGCAGG,4.40234375,3323,GGCGAG,0.020720837637782097,3293,GGCAGG,0.08926723152399063,3293,GGCAGG,0.08926723152399063,False,False,True,-0.0003482550382614136,TGCGGGCAGGGCTGCAACCC
13,28,48,mlp,degradation,1.0,0.8879016041755676,3323,GGCGAG,4.234375,3293,GGCAGG,4.3984375,3293,GGCAGG,4.3984375,3323,GGCGAG,0.020634850487113,3293,GGCAGG,0.08920523524284363,3293,GGCAGG,0.08920523524284363,False,False,True,0.00012531504034996033,TGCGGGCAGGGCTGCAACCC
13,29,48,mlp,degradation,0.96875,0.896679699420929,3323,GGCGAG,4.234375,3293,GGCAGG,4.390625,3293,GGCAGG,4.390625,3323,GGCGAG,0.020364025607705116,3293,GGCAGG,0.08911839127540588,3293,GGCAGG,0.08911839127540588,False,False,True,0.0013728216290473938,TGCGGGCAGGGCTGCAACCC
13,30,48,mlp,degradation,0.953125,0.9073840975761414,3323,GGCGAG,4.234375,3293,GGCAGG,4.38671875,3293,GGCAGG,4.38671875,3323,GGCGAG,0.020259225741028786,3293,GGCAGG,0.08923795074224472,3293,GGCAGG,0.08923795074224472,False,False,True,0.0010510124266147614,TGCGGGCAGGGCTGCAACCC
13,31,48,mlp,degradation,0.96875,0.8786312341690063,3323,GGCGAG,4.2265625,3293,GGCAGG,4.3828125,3293,GGCAGG,4.3828125,3323,GGCGAG,0.020184826105833054,3293,GGCAGG,0.08856090158224106,3293,GGCAGG,0.08856090158224106,False,False,True,0.002355102449655533,TGCGGGCAGGGCTGCAACCC
14,0,48,mlp,degradation,0.984375,0.9824748039245605,3323,GGCGAG,4.23828125,3293,GGCAGG,4.3984375,3293,GGCAGG,4.3984375,3323,GGCGAG,0.020107438787817955,3293,GGCAGG,0.09066003561019897,3293,GGCAGG,0.09066003561019897,False,False,True,-0.0035866238176822662,TGCGGGCAGGGCTGCAACCC
14,1,48,mlp,degradation,0.984375,0.9934489727020264,3323,GGCGAG,4.2421875,3293,GGCAGG,4.40234375,3293,GGCAGG,4.40234375,3323,GGCGAG,0.020201891660690308,3293,GGCAGG,0.09098450094461441,3293,GGCAGG,0.09098450094461441,False,False,True,-0.004110291600227356,TGCGGGCAGGGCTGCAACCC
14,2,48,mlp,degradation,1.0,0.9229378700256348,3323,GGCGAG,4.23046875,3293,GGCAGG,4.39453125,3293,GGCAGG,4.39453125,3323,GGCGAG,0.020070144906640053,3293,GGCAGG,0.08937487006187439,3293,GGCAGG,0.08937487006187439,False,False,True,-0.0011714771389961243,TGCGGGCAGGGCTGCAACCC
14,3,48,mlp,degradation,1.0,0.9347939491271973,3323,GGCGAG,4.23046875,3293,GGCAGG,4.39453125,3293,GGCAGG,4.39453125,3323,GGCGAG,0.020103706046938896,3293,GGCAGG,0.08965693414211273,3293,GGCAGG,0.08965693414211273,False,False,True,-0.00032265111804008484,TGCGGGCAGGGCTGCAACCC
14,4,48,mlp,degradation,1.015625,0.9328882694244385,3323,GGCGAG,4.2265625,3293,GGCAGG,4.39453125,3293,GGCAGG,4.39453125,3323,GGCGAG,0.02001803368330002,3293,GGCAGG,0.0895313173532486,3293,GGCAGG,0.0895313173532486,False,False,True,-0.0005016736686229706,TGCGGGCAGGGCTGCAACCC
14,5,48,mlp,degradation,1.0,1.0070664882659912,3323,GGCGAG,4.23828125,3293,GGCAGG,4.40234375,3293,GGCAGG,4.40234375,3323,GGCGAG,0.020147452130913734,3293,GGCAGG,0.09121547639369965,3293,GGCAGG,0.09121547639369965,False,False,True,-0.0009572543203830719,TGCGGGCAGGGCTGCAACCC
14,6,48,mlp,degradation,1.0,0.9879543781280518,3323,GGCGAG,4.234375,3293,GGCAGG,4.3984375,3293,GGCAGG,4.3984375,3323,GGCGAG,0.020083006471395493,3293,GGCAGG,0.09075044840574265,3293,GGCAGG,0.09075044840574265,False,False,True,-0.001172136515378952,TGCGGGCAGGGCTGCAACCC
14,7,48,mlp,degradation,0.984375,1.0032671689987183,3323,GGCGAG,4.23828125,3293,GGCAGG,4.3984375,3293,GGCAGG,4.3984375,3323,GGCGAG,0.020189248025417328,3293,GGCAGG,0.09117764234542847,3293,GGCAGG,0.09117764234542847,False,False,True,-0.001460738480091095,TGCGGGCAGGGCTGCAACCC
14,8,48,mlp,degradation,1.0,1.0027918815612793,3323,GGCGAG,4.234375,3293,GGCAGG,4.3984375,3293,GGCAGG,4.3984375,3323,GGCGAG,0.020139403641223907,3293,GGCAGG,0.09111783653497696,3293,GGCAGG,0.09111783653497696,False,False,True,-0.00019709765911102295,TGCGGGCAGGGCTGCAACCC
14,9,48,mlp,degradation,0.96875,1.0137568712234497,3323,GGCGAG,4.2421875,3293,GGCAGG,4.3984375,3293,GGCAGG,4.3984375,3323,GGCGAG,0.02028912678360939,3293,GGCAGG,0.09149738401174545,3293,GGCAGG,0.09149738401174545,False,False,True,-0.00029974058270454407,TGCGGGCAGGGCTGCAACCC
14,10,48,mlp,degradation,1.0,1.0145634412765503,3323,GGCGAG,4.234375,3293,GGCAGG,4.3984375,3293,GGCAGG,4.3984375,3323,GGCGAG,0.020110739395022392,3293,GGCAGG,0.09133590012788773,3293,GGCAGG,0.09133590012788773,False,False,True,0.0003960318863391876,TGCGGGCAGGGCTGCAACCC
14,11,48,mlp,degradation,1.0,0.9967737197875977,3323,GGCGAG,4.234375,3293,GGCAGG,4.3984375,3293,GGCAGG,4.3984375,3323,GGCGAG,0.020132780075073242,3293,GGCAGG,0.09098507463932037,3293,GGCAGG,0.09098507463932037,False,False,True,-0.0007562078535556793,TGCGGGCAGGGCTGCAACCC
14,12,48,mlp,degradation,1.0,1.001091718673706,3323,GGCGAG,4.234375,3293,GGCAGG,4.3984375,3293,GGCAGG,4.3984375,3323,GGCGAG,0.020112739875912666,3293,GGCAGG,0.09105553478002548,3293,GGCAGG,0.09105553478002548,False,False,True,-0.0018434002995491028,TGCGGGCAGGGCTGCAACCC
14,13,48,mlp,degradation,0.984375,0.9959621429443359,3323,GGCGAG,4.23828125,3293,GGCAGG,4.3984375,3293,GGCAGG,4.3984375,3323,GGCGAG,0.020167432725429535,3293,GGCAGG,0.09100271761417389,3293,GGCAGG,0.09100271761417389,False,False,True,-0.0029272548854351044,TGCGGGCAGGGCTGCAACCC
14,14,48,mlp,degradation,0.96875,0.9893677830696106,3323,GGCGAG,4.2421875,3293,GGCAGG,4.3984375,3293,GGCAGG,4.3984375,3323,GGCGAG,0.020183414220809937,3293,GGCAGG,0.09088048338890076,3293,GGCAGG,0.09088048338890076,False,False,True,-0.005782034248113632,TGCGGGCAGGGCTGCAACCC
14,15,48,mlp,degradation,0.984375,1.01802396774292,3323,GGCGAG,4.2421875,3293,GGCAGG,4.40234375,3293,GGCAGG,4.40234375,3323,GGCGAG,0.02020464837551117,3293,GGCAGG,0.09150233864784241,3293,GGCAGG,0.09150233864784241,False,False,True,-0.006324585527181625,TGCGGGCAGGGCTGCAACCC
14,16,48,mlp,degradation,1.0,1.0204802751541138,3323,GGCGAG,4.2421875,3293,GGCAGG,4.40625,3293,GGCAGG,4.40625,3323,GGCGAG,0.020292650908231735,3293,GGCAGG,0.09164182841777802,3293,GGCAGG,0.09164182841777802,False,False,True,-0.009643025696277618,TGCGGGCAGGGCTGCAACCC
14,17,48,mlp,degradation,0.890625,0.9411405920982361,3323,GGCGAG,4.26171875,3293,GGCAGG,4.3984375,3293,GGCAGG,4.3984375,3323,GGCGAG,0.020787227898836136,3293,GGCAGG,0.0904734805226326,3293,GGCAGG,0.0904734805226326,False,False,True,-0.005863640457391739,TGCGGGCAGGGCTGCAACCC
14,18,48,mlp,degradation,0.890625,0.9058924913406372,3323,GGCGAG,4.2578125,3293,GGCAGG,4.39453125,3293,GGCAGG,4.39453125,3323,GGCGAG,0.020873581990599632,3293,GGCAGG,0.08982104808092117,3293,GGCAGG,0.08982104808092117,False,False,True,-0.005798324942588806,TGCGGGCAGGGCTGCAACCC
14,19,48,mlp,degradation,0.90625,0.997636079788208,3323,GGCGAG,4.2578125,3293,GGCAGG,4.3984375,3293,GGCAGG,4.3984375,3323,GGCGAG,0.020785659551620483,3293,GGCAGG,0.09165602922439575,3293,GGCAGG,0.09165602922439575,False,False,True,-0.0017417743802070618,TGCGGGCAGGGCTGCAACCC
14,20,48,mlp,degradation,1.0,1.0889207124710083,3323,GGCGAG,4.2421875,3293,GGCAGG,4.40625,3293,GGCAGG,4.40625,3323,GGCGAG,0.019857272505760193,3293,GGCAGG,0.09264092892408371,3293,GGCAGG,0.09264092892408371,False,False,True,-0.0024870596826076508,TGCGGGCAGGGCTGCAACCC
14,21,48,mlp,degradation,1.03125,1.1812561750411987,3323,GGCGAG,4.2421875,3293,GGCAGG,4.4140625,3293,GGCAGG,4.4140625,3323,GGCGAG,0.019472932443022728,3293,GGCAGG,0.09419190138578415,3293,GGCAGG,0.09419190138578415,False,False,True,-0.0008920356631278992,TGCGGGCAGGGCTGCAACCC
14,22,48,mlp,degradation,0.96875,1.0975477695465088,3323,GGCGAG,4.2265625,3293,GGCAGG,4.3828125,3293,GGCAGG,4.3828125,3323,GGCGAG,0.018640177324414253,3293,GGCAGG,0.09160465002059937,3293,GGCAGG,0.09160465002059937,False,False,True,-0.001739460974931717,TGCGGGCAGGGCTGCAACCC
14,23,48,mlp,degradation,0.90625,0.8627045750617981,3323,GGCGAG,4.2265625,3293,GGCAGG,4.3671875,3293,GGCAGG,4.3671875,3323,GGCGAG,0.019894488155841827,3293,GGCAGG,0.08793675154447556,3293,GGCAGG,0.08793675154447556,False,False,True,-0.0027392692863941193,GCGGGCAGGGCTGCAACCC
14,24,48,mlp,degradation,0.78125,0.7889692783355713,3323,GGCGAG,4.2265625,3293,GGCAGG,4.3359375,3293,GGCAGG,4.3359375,3323,GGCGAG,0.020039871335029602,3293,GGCAGG,0.08653667569160461,3293,GGCAGG,0.08653667569160461,False,False,True,-0.003605879843235016,TGCGGGCAGGGCTGCAACCC
14,25,48,mlp,degradation,0.828125,0.801142156124115,3323,GGCGAG,4.23828125,3293,GGCAGG,4.359375,3293,GGCAGG,4.359375,3323,GGCGAG,0.020958328619599342,3293,GGCAGG,0.08771026879549026,3293,GGCAGG,0.08771026879549026,False,False,True,-0.0006835833191871643,TGCGGGCAGGGCTGCAACCC
14,26,48,mlp,degradation,0.8125,0.9090114235877991,3323,GGCGAG,4.2421875,3293,GGCAGG,4.359375,3293,GGCAGG,4.359375,3323,GGCGAG,0.020457973703742027,3293,GGCAGG,0.08947081118822098,3293,GGCAGG,0.08947081118822098,False,False,True,0.00015074759721755981,TGCGGGCAGGGCTGCAACCC
14,27,48,mlp,degradation,0.90625,0.9066535830497742,3323,GGCGAG,4.2421875,3293,GGCAGG,4.3828125,3293,GGCAGG,4.3828125,3323,GGCGAG,0.020723490044474602,3293,GGCAGG,0.08968690782785416,3293,GGCAGG,0.08968690782785416,False,False,True,0.0011397935450077057,TGCGGGCAGGGCTGCAACCC
14,28,48,mlp,degradation,0.921875,0.8554361462593079,3323,GGCGAG,4.2421875,3293,GGCAGG,4.38671875,3293,GGCAGG,4.38671875,3323,GGCGAG,0.02076350711286068,3293,GGCAGG,0.08865343034267426,3293,GGCAGG,0.08865343034267426,False,False,True,0.0012565702199935913,TGCGGGCAGGGCTGCAACCC
14,29,48,mlp,degradation,1.0,0.9611402750015259,3323,GGCGAG,4.23828125,3293,GGCAGG,4.40234375,3293,GGCAGG,4.40234375,3323,GGCGAG,0.020399387925863266,3293,GGCAGG,0.09050482511520386,3293,GGCAGG,0.09050482511520386,False,False,True,0.00026471540331840515,TGCGGGCAGGGCTGCAACCC
14,30,48,mlp,degradation,0.984375,0.9366239309310913,3323,GGCGAG,4.23828125,3293,GGCAGG,4.3984375,3293,GGCAGG,4.3984375,3323,GGCGAG,0.020448101684451103,3293,GGCAGG,0.0900396853685379,3293,GGCAGG,0.0900396853685379,False,False,True,-0.00018499046564102173,TGCGGGCAGGGCTGCAACCC
14,31,48,mlp,degradation,1.015625,1.0087205171585083,3323,GGCGAG,4.2421875,3293,GGCAGG,4.41015625,3293,GGCAGG,4.41015625,3323,GGCGAG,0.020260240882635117,3293,GGCAGG,0.09136293083429337,3293,GGCAGG,0.09136293083429337,False,False,True,-0.0003441832959651947,TGCGGGCAGGGCTGCAACCC
15,0,48,mlp,degradation,1.0,1.0001955032348633,3323,GGCGAG,4.234375,3293,GGCAGG,4.3984375,3293,GGCAGG,4.3984375,3323,GGCGAG,0.02007594145834446,3293,GGCAGG,0.09099995344877243,3293,GGCAGG,0.09099995344877243,False,False,True,0.0006513781845569611,TGCGGGCAGGGCTGCAACCC
15,1,48,mlp,degradation,1.0,1.0063679218292236,3323,GGCGAG,4.234375,3293,GGCAGG,4.3984375,3293,GGCAGG,4.3984375,3323,GGCGAG,0.020034387707710266,3293,GGCAGG,0.09108777344226837,3293,GGCAGG,0.09108777344226837,False,False,True,-0.00022409111261367798,TGCGGGCAGGGCTGCAACCC
15,2,48,mlp,degradation,1.0,0.8817604780197144,3323,GGCGAG,4.23046875,3293,GGCAGG,4.39453125,3293,GGCAGG,4.39453125,3323,GGCGAG,0.020242566242814064,3293,GGCAGG,0.08868423104286194,3293,GGCAGG,0.08868423104286194,False,False,True,-0.0001636408269405365,TGCGGGCAGGGCTGCAACCC
15,3,48,mlp,degradation,1.0,0.9084171056747437,3323,GGCGAG,4.234375,3293,GGCAGG,4.3984375,3293,GGCAGG,4.3984375,3323,GGCGAG,0.0203152634203434,3293,GGCAGG,0.08931563794612885,3293,GGCAGG,0.08931563794612885,False,False,True,-0.001130722463130951,TGCGGGCAGGGCTGCAACCC
15,4,48,mlp,degradation,1.0,0.8905061483383179,3323,GGCGAG,4.234375,3293,GGCAGG,4.3984375,3293,GGCAGG,4.3984375,3323,GGCGAG,0.020329318940639496,3293,GGCAGG,0.08895429223775864,3293,GGCAGG,0.08895429223775864,False,False,True,-0.0016728043556213379,TGCGGGCAGGGCTGCAACCC
15,5,48,mlp,degradation,1.0,0.9997127652168274,3323,GGCGAG,4.234375,3293,GGCAGG,4.3984375,3293,GGCAGG,4.3984375,3323,GGCGAG,0.020139627158641815,3293,GGCAGG,0.09105352312326431,3293,GGCAGG,0.09105352312326431,False,False,True,-0.0023102164268493652,TGCGGGCAGGGCTGCAACCC
15,6,48,mlp,degradation,1.0,0.9991607069969177,3323,GGCGAG,4.234375,3293,GGCAGG,4.3984375,3293,GGCAGG,4.3984375,3323,GGCGAG,0.02010953426361084,3293,GGCAGG,0.09101185947656631,3293,GGCAGG,0.09101185947656631,False,False,True,-0.0025409944355487823,TGCGGGCAGGGCTGCAACCC
15,7,48,mlp,degradation,1.0,1.0034520626068115,3323,GGCGAG,4.234375,3293,GGCAGG,4.3984375,3293,GGCAGG,4.3984375,3323,GGCGAG,0.02016148902475834,3293,GGCAGG,0.09115375578403473,3293,GGCAGG,0.09115375578403473,False,False,True,-0.0021202638745307922,TGCGGGCAGGGCTGCAACCC
15,8,48,mlp,degradation,1.015625,0.9975060224533081,3323,GGCGAG,4.23046875,3293,GGCAGG,4.3984375,3293,GGCAGG,4.3984375,3323,GGCGAG,0.020098518580198288,3293,GGCAGG,0.09096616506576538,3293,GGCAGG,0.09096616506576538,False,False,True,-0.0019441694021224976,TGCGGGCAGGGCTGCAACCC
15,9,48,mlp,degradation,1.0,0.9938563704490662,3323,GGCGAG,4.234375,3293,GGCAGG,4.3984375,3293,GGCAGG,4.3984375,3323,GGCGAG,0.020144201815128326,3293,GGCAGG,0.0909353494644165,3293,GGCAGG,0.0909353494644165,False,False,True,-0.002114567905664444,TGCGGGCAGGGCTGCAACCC
15,10,48,mlp,degradation,1.0,0.9956255555152893,3323,GGCGAG,4.234375,3293,GGCAGG,4.3984375,3293,GGCAGG,4.3984375,3323,GGCGAG,0.020150016993284225,3293,GGCAGG,0.09097824990749359,3293,GGCAGG,0.09097824990749359,False,False,True,-0.0027029216289520264,TGCGGGCAGGGCTGCAACCC
15,11,48,mlp,degradation,1.015625,1.0093780755996704,3323,GGCGAG,4.234375,3293,GGCAGG,4.40234375,3293,GGCAGG,4.40234375,3323,GGCGAG,0.02003062143921852,3293,GGCAGG,0.09114710241556168,3293,GGCAGG,0.09114710241556168,False,False,True,-0.003180425614118576,TGCGGGCAGGGCTGCAACCC
15,12,48,mlp,degradation,1.0,1.0020396709442139,3323,GGCGAG,4.234375,3293,GGCAGG,4.3984375,3293,GGCAGG,4.3984375,3323,GGCGAG,0.020125862210989,3293,GGCAGG,0.09108853340148926,3293,GGCAGG,0.09108853340148926,False,False,True,-0.0029206760227680206,TGCGGGCAGGGCTGCAACCC
15,13,48,mlp,degradation,1.0,0.9970495700836182,3323,GGCGAG,4.234375,3293,GGCAGG,4.3984375,3293,GGCAGG,4.3984375,3323,GGCGAG,0.020066704601049423,3293,GGCAGG,0.09092478454113007,3293,GGCAGG,0.09092478454113007,False,False,True,-0.002345465123653412,TGCGGGCAGGGCTGCAACCC
15,14,48,mlp,degradation,1.0,0.9880674481391907,3323,GGCGAG,4.23828125,3293,GGCAGG,4.40234375,3293,GGCAGG,4.40234375,3323,GGCGAG,0.0200950987637043,3293,GGCAGG,0.09076491743326187,3293,GGCAGG,0.09076491743326187,False,False,True,-0.002798762172460556,TGCGGGCAGGGCTGCAACCC
15,15,48,mlp,degradation,1.0,0.9811186194419861,3323,GGCGAG,4.2421875,3293,GGCAGG,4.40625,3293,GGCAGG,4.40625,3323,GGCGAG,0.02014630287885666,3293,GGCAGG,0.09067047387361526,3293,GGCAGG,0.09067047387361526,False,False,True,-0.004481419920921326,TGCGGGCAGGGCTGCAACCC
15,16,48,mlp,degradation,1.0,0.9580618739128113,3323,GGCGAG,4.2421875,3293,GGCAGG,4.40625,3293,GGCAGG,4.40625,3323,GGCGAG,0.020288128405809402,3293,GGCAGG,0.09032903611660004,3293,GGCAGG,0.09032903611660004,False,False,True,-0.0042340755462646484,GCGGGCAGGGCTGCAACCC
15,17,48,mlp,degradation,0.953125,0.9338175058364868,3323,GGCGAG,4.234375,3293,GGCAGG,4.38671875,3293,GGCAGG,4.38671875,3323,GGCGAG,0.019988657906651497,3293,GGCAGG,0.08952141553163528,3293,GGCAGG,0.08952141553163528,False,False,True,0.002048227936029434,TGCGGGCAGGGCTGCAACCC
15,18,48,mlp,degradation,0.984375,0.9518802165985107,3323,GGCGAG,4.23046875,3293,GGCAGG,4.390625,3293,GGCAGG,4.390625,3323,GGCGAG,0.019928589463233948,3293,GGCAGG,0.08983993530273438,3293,GGCAGG,0.08983993530273438,False,False,True,0.004083506762981415,TGCGGGCAGGGCTGCAACCC
15,19,48,mlp,degradation,0.96875,0.9933465719223022,3323,GGCGAG,4.2265625,3293,GGCAGG,4.3828125,3293,GGCAGG,4.3828125,3323,GGCGAG,0.019992217421531677,3293,GGCAGG,0.09077268093824387,3293,GGCAGG,0.09077268093824387,False,False,True,0.004099726676940918,TGCGGGCAGGGCTGCAACCC
15,20,48,mlp,degradation,1.03125,1.0907291173934937,3323,GGCGAG,4.2265625,3293,GGCAGG,4.3984375,3293,GGCAGG,4.3984375,3323,GGCGAG,0.02013878896832466,3293,GGCAGG,0.09296035021543503,3293,GGCAGG,0.09296035021543503,False,False,True,0.0009036250412464142,TGCGGGCAGGGCTGCAACCC
15,21,48,mlp,degradation,1.03125,1.0843205451965332,3323,GGCGAG,4.23046875,3293,GGCAGG,4.40234375,3293,GGCAGG,4.40234375,3323,GGCGAG,0.020289868116378784,3293,GGCAGG,0.09297710657119751,3293,GGCAGG,0.09297710657119751,False,False,True,0.0009647458791732788,TGCGGGCAGGGCTGCAACCC
15,22,48,mlp,degradation,1.0,1.1262270212173462,3323,GGCGAG,4.2265625,3293,GGCAGG,4.390625,3293,GGCAGG,4.390625,3323,GGCGAG,0.019529981538653374,3293,GGCAGG,0.093095563352108,3293,GGCAGG,0.093095563352108,False,False,True,0.005505997687578201,TGCGGGCAGGGCTGCAACCC
15,23,48,mlp,degradation,1.078125,1.032341718673706,3323,GGCGAG,4.2421875,3293,GGCAGG,4.42578125,3293,GGCAGG,4.42578125,3323,GGCGAG,0.019913751631975174,3293,GGCAGG,0.09151154011487961,3293,GGCAGG,0.09151154011487961,False,False,True,0.0038286857306957245,TGCGGGCAGGGCTGCAACCC
15,24,48,mlp,degradation,1.0,1.024404764175415,3323,GGCGAG,4.23828125,3293,GGCAGG,4.40234375,3293,GGCAGG,4.40234375,3323,GGCGAG,0.019944773986935616,3293,GGCAGG,0.09137620031833649,3293,GGCAGG,0.09137620031833649,False,False,True,0.004808720201253891,TGCGGGCAGGGCTGCAACCC
15,25,48,mlp,degradation,1.03125,1.0210624933242798,3323,GGCGAG,4.2421875,3293,GGCAGG,4.4140625,3293,GGCAGG,4.4140625,3323,GGCGAG,0.02074195258319378,3293,GGCAGG,0.09210333228111267,3293,GGCAGG,0.09210333228111267,False,False,True,0.001915816217660904,TGCGGGCAGGGCTGCAACCC
15,26,48,mlp,degradation,0.890625,1.0611450672149658,3323,GGCGAG,4.234375,3293,GGCAGG,4.37109375,3293,GGCAGG,4.37109375,3323,GGCGAG,0.020646506920456886,3293,GGCAGG,0.09284799546003342,3293,GGCAGG,0.09284799546003342,False,False,True,0.0016516149044036865,TGCGGGCAGGGCTGCAACCC
15,27,48,mlp,degradation,0.953125,1.0589066743850708,3323,GGCGAG,4.23828125,3293,GGCAGG,4.390625,3293,GGCAGG,4.390625,3323,GGCGAG,0.020566822960972786,3293,GGCAGG,0.09272139519453049,3293,GGCAGG,0.09272139519453049,False,False,True,0.0006968304514884949,TGCGGGCAGGGCTGCAACCC
15,28,48,mlp,degradation,0.984375,0.991827666759491,3323,GGCGAG,4.234375,3293,GGCAGG,4.39453125,3293,GGCAGG,4.39453125,3323,GGCGAG,0.020291104912757874,3293,GGCAGG,0.0910397320985794,3293,GGCAGG,0.0910397320985794,False,False,True,0.00042178481817245483,TGCGGGCAGGGCTGCAACCC
15,29,48,mlp,degradation,0.96875,0.9876799583435059,3323,GGCGAG,4.25,3293,GGCAGG,4.40625,3293,GGCAGG,4.40625,3323,GGCGAG,0.020389588549733162,3293,GGCAGG,0.09105128049850464,3293,GGCAGG,0.09105128049850464,False,False,True,-0.0008804388344287872,TGCGGGCAGGGCTGCAACCC
15,30,48,mlp,degradation,0.9375,0.9442929625511169,3323,GGCGAG,4.25,3293,GGCAGG,4.3984375,3293,GGCAGG,4.3984375,3323,GGCGAG,0.020789630711078644,3293,GGCAGG,0.09054195135831833,3293,GGCAGG,0.09054195135831833,False,False,True,-0.000913374125957489,TGCGGGCAGGGCTGCAACCC
15,31,48,mlp,degradation,0.921875,0.9212585687637329,3323,GGCGAG,4.25,3293,GGCAGG,4.39453125,3293,GGCAGG,4.39453125,3323,GGCGAG,0.020795246586203575,3293,GGCAGG,0.09006477892398834,3293,GGCAGG,0.09006477892398834,False,False,True,-0.0001905001699924469,TGCGGGCAGGGCTGCAACCC
16,0,48,mlp,degradation,1.0,0.9948875904083252,3323,GGCGAG,4.234375,3293,GGCAGG,4.3984375,3293,GGCAGG,4.3984375,3323,GGCGAG,0.020119573920965195,3293,GGCAGG,0.09093233197927475,3293,GGCAGG,0.09093233197927475,False,False,True,-0.0027529746294021606,TGCGGGCAGGGCTGCAACCC
16,1,48,mlp,degradation,0.984375,0.9850388169288635,3323,GGCGAG,4.23828125,3293,GGCAGG,4.3984375,3293,GGCAGG,4.3984375,3323,GGCGAG,0.020226454362273216,3293,GGCAGG,0.09083279222249985,3293,GGCAGG,0.09083279222249985,False,False,True,-0.003616373986005783,TGCGGGCAGGGCTGCAACCC
16,2,48,mlp,degradation,1.0,0.9919911623001099,3323,GGCGAG,4.234375,3293,GGCAGG,4.3984375,3293,GGCAGG,4.3984375,3323,GGCGAG,0.020105479285120964,3293,GGCAGG,0.09085753560066223,3293,GGCAGG,0.09085753560066223,False,False,True,-0.0013879351317882538,TGCGGGCAGGGCTGCAACCC
16,3,48,mlp,degradation,1.0,0.9990633130073547,3323,GGCGAG,4.234375,3293,GGCAGG,4.3984375,3293,GGCAGG,4.3984375,3323,GGCGAG,0.02011171169579029,3293,GGCAGG,0.09101199358701706,3293,GGCAGG,0.09101199358701706,False,False,True,-0.0011561326682567596,TGCGGGCAGGGCTGCAACCC
16,4,48,mlp,degradation,1.0,1.002644419670105,3323,GGCGAG,4.234375,3293,GGCAGG,4.3984375,3293,GGCAGG,4.3984375,3323,GGCGAG,0.020072385668754578,3293,GGCAGG,0.0910477265715599,3293,GGCAGG,0.0910477265715599,False,False,True,-0.00136493518948555,TGCGGGCAGGGCTGCAACCC
16,5,48,mlp,degradation,1.0,0.9999552369117737,3323,GGCGAG,4.234375,3293,GGCAGG,4.3984375,3293,GGCAGG,4.3984375,3323,GGCGAG,0.020105592906475067,3293,GGCAGG,0.09102457016706467,3293,GGCAGG,0.09102457016706467,False,False,True,-0.0018259920179843903,TGCGGGCAGGGCTGCAACCC
16,6,48,mlp,degradation,1.0,0.9947823286056519,3323,GGCGAG,4.234375,3293,GGCAGG,4.3984375,3293,GGCAGG,4.3984375,3323,GGCGAG,0.02012525498867035,3293,GGCAGG,0.09093581140041351,3293,GGCAGG,0.09093581140041351,False,False,True,-0.0014920160174369812,TGCGGGCAGGGCTGCAACCC
16,7,48,mlp,degradation,1.0,1.003052830696106,3323,GGCGAG,4.234375,3293,GGCAGG,4.3984375,3293,GGCAGG,4.3984375,3323,GGCGAG,0.02010115422308445,3293,GGCAGG,0.0910850539803505,3293,GGCAGG,0.0910850539803505,False,False,True,-0.00011350587010383606,TGCGGGCAGGGCTGCAACCC
16,8,48,mlp,degradation,1.0,1.0016945600509644,3323,GGCGAG,4.234375,3293,GGCAGG,4.3984375,3293,GGCAGG,4.3984375,3323,GGCGAG,0.020107656717300415,3293,GGCAGG,0.09106308966875076,3293,GGCAGG,0.09106308966875076,False,False,True,0.000537041574716568,TGCGGGCAGGGCTGCAACCC
16,9,48,mlp,degradation,1.0,0.9926050901412964,3323,GGCGAG,4.234375,3293,GGCAGG,4.3984375,3293,GGCAGG,4.3984375,3323,GGCGAG,0.020115835592150688,3293,GGCAGG,0.09088075906038284,3293,GGCAGG,0.09088075906038284,False,False,True,-0.0010141879320144653,TGCGGGCAGGGCTGCAACCC
16,10,48,mlp,degradation,1.0,0.9994944930076599,3323,GGCGAG,4.234375,3293,GGCAGG,4.3984375,3293,GGCAGG,4.3984375,3323,GGCGAG,0.020129650831222534,3293,GGCAGG,0.09103897213935852,3293,GGCAGG,0.09103897213935852,False,False,True,-0.003611963242292404,TGCGGGCAGGGCTGCAACCC
16,11,48,mlp,degradation,1.0,0.992708146572113,3323,GGCGAG,4.234375,3293,GGCAGG,4.3984375,3293,GGCAGG,4.3984375,3323,GGCGAG,0.020136170089244843,3293,GGCAGG,0.09090325236320496,3293,GGCAGG,0.09090325236320496,False,False,True,-0.006351742893457413,TGCGGGCAGGGCTGCAACCC
16,12,48,mlp,degradation,1.0,1.0018669366836548,3323,GGCGAG,4.234375,3293,GGCAGG,4.3984375,3293,GGCAGG,4.3984375,3323,GGCGAG,0.02013390325009823,3293,GGCAGG,0.09109295159578323,3293,GGCAGG,0.09109295159578323,False,False,True,-0.007738921791315079,TGCGGGCAGGGCTGCAACCC
16,13,48,mlp,degradation,1.0,0.9983716011047363,3323,GGCGAG,4.234375,3293,GGCAGG,4.3984375,3293,GGCAGG,4.3984375,3323,GGCGAG,0.020121389999985695,3293,GGCAGG,0.09100717306137085,3293,GGCAGG,0.09100717306137085,False,False,True,-0.009581409394741058,TGCGGGCAGGGCTGCAACCC
16,14,48,mlp,degradation,1.0,1.0006259679794312,3323,GGCGAG,4.234375,3293,GGCAGG,4.3984375,3293,GGCAGG,4.3984375,3323,GGCGAG,0.02013598568737507,3293,GGCAGG,0.09106902033090591,3293,GGCAGG,0.09106902033090591,False,False,True,-0.01158352941274643,TGCGGGCAGGGCTGCAACCC
16,15,48,mlp,degradation,0.96875,0.9763957858085632,3323,GGCGAG,4.2421875,3293,GGCAGG,4.3984375,3293,GGCAGG,4.3984375,3323,GGCGAG,0.020229699090123177,3293,GGCAGG,0.0906548798084259,3293,GGCAGG,0.0906548798084259,False,False,True,-0.011227784678339958,TGCGGGCAGGGCTGCAACCC
16,16,48,mlp,degradation,0.96875,0.978706419467926,3323,GGCGAG,4.2421875,3293,GGCAGG,4.3984375,3293,GGCAGG,4.3984375,3323,GGCGAG,0.020206671208143234,3293,GGCAGG,0.09068027883768082,3293,GGCAGG,0.09068027883768082,False,False,True,-0.008422233164310455,TGCGGGCAGGGCTGCAACCC
16,17,48,mlp,degradation,1.09375,1.1094970703125,3323,GGCGAG,4.21875,3293,GGCAGG,4.40625,3293,GGCAGG,4.40625,3323,GGCGAG,0.019179994240403175,3293,GGCAGG,0.09239491820335388,3293,GGCAGG,0.09239491820335388,False,False,True,-0.0013796277344226837,TGCGGGCAGGGCTGCAACCC
16,18,48,mlp,degradation,1.09375,1.089198350906372,3323,GGCGAG,4.21484375,3293,GGCAGG,4.40234375,3293,GGCAGG,4.40234375,3323,GGCGAG,0.018959861248731613,3293,GGCAGG,0.09174933284521103,3293,GGCAGG,0.09174933284521103,False,False,True,0.000347871333360672,TGCGGGCAGGGCTGCAACCC
16,19,48,mlp,degradation,1.109375,1.1527600288391113,3323,GGCGAG,4.21484375,3293,GGCAGG,4.40625,3293,GGCAGG,4.40625,3323,GGCGAG,0.018914062529802322,3293,GGCAGG,0.0930357575416565,3293,GGCAGG,0.0930357575416565,False,False,True,0.001543678343296051,GCGGGCAGGGCTGCAACCC
16,20,48,mlp,degradation,0.921875,0.9498841762542725,3323,GGCGAG,4.24609375,3293,GGCAGG,4.390625,3293,GGCAGG,4.390625,3323,GGCGAG,0.01978442259132862,3293,GGCAGG,0.08965393155813217,3293,GGCAGG,0.08965393155813217,False,False,True,-0.0008918531239032745,GCGGGCAGGGCTGCAACCC
16,21,48,mlp,degradation,0.890625,0.9402011036872864,3323,GGCGAG,4.25390625,3293,GGCAGG,4.390625,3293,GGCAGG,4.390625,3323,GGCGAG,0.019971737638115883,3293,GGCAGG,0.08963829278945923,3293,GGCAGG,0.08963829278945923,False,False,True,-0.0005160979926586151,TGCGGGCAGGGCTGCAACCC
16,22,48,mlp,degradation,0.9375,0.7221611142158508,3323,GGCGAG,4.23046875,3293,GGCAGG,4.37890625,3293,GGCAGG,4.37890625,3323,GGCGAG,0.019766993820667267,3293,GGCAGG,0.08486352860927582,3293,GGCAGG,0.08486352860927582,False,False,True,-4.1000545024871826e-05,TGCGGGCAGGGCTGCAACCC
16,23,48,mlp,degradation,0.5,0.2562845051288605,3323,GGCGAG,4.2734375,3293,GGCAGG,4.3125,3293,GGCAGG,4.3125,3323,GGCGAG,0.022202949970960617,3293,GGCAGG,0.07753491401672363,3293,GGCAGG,0.07753491401672363,False,False,True,0.0008855238556861877,TGCGGGCAGGGCTGCAACCC
16,24,48,mlp,degradation,0.59375,0.32959872484207153,3323,GGCGAG,4.26171875,3293,GGCAGG,4.32421875,3293,GGCAGG,4.32421875,3323,GGCGAG,0.02222280390560627,3293,GGCAGG,0.0790913999080658,3293,GGCAGG,0.0790913999080658,False,False,True,0.00037209317088127136,TGCGGGCAGGGCTGCAACCC
16,25,48,mlp,degradation,0.5625,0.5066860914230347,3323,GGCGAG,4.28125,3293,GGCAGG,4.3359375,3293,GGCAGG,4.3359375,3323,GGCGAG,0.022838037461042404,3293,GGCAGG,0.08341830968856812,3293,GGCAGG,0.08341830968856812,False,False,True,0.0001907944679260254,TGCGGGCAGGGCTGCAACCC
16,26,48,mlp,degradation,1.046875,1.0344394445419312,3323,GGCGAG,4.234375,3293,GGCAGG,4.41015625,3293,GGCAGG,4.41015625,3323,GGCGAG,0.020848067477345467,3293,GGCAGG,0.0924898162484169,3293,GGCAGG,0.0924898162484169,False,False,True,-0.0006123334169387817,TGCGGGCAGGGCTGCAACCC
16,27,48,mlp,degradation,1.0,0.9705272912979126,3323,GGCGAG,4.23828125,3293,GGCAGG,4.40234375,3293,GGCAGG,4.40234375,3323,GGCGAG,0.02070876955986023,3293,GGCAGG,0.09101095050573349,3293,GGCAGG,0.09101095050573349,False,False,True,-0.00038135796785354614,TGCGGGCAGGGCTGCAACCC
16,28,48,mlp,degradation,0.984375,0.9447451233863831,3323,GGCGAG,4.2421875,3293,GGCAGG,4.40234375,3293,GGCAGG,4.40234375,3323,GGCGAG,0.020575590431690216,3293,GGCAGG,0.09033738821744919,3293,GGCAGG,0.09033738821744919,False,False,True,-0.0006247945129871368,TGCGGGCAGGGCTGCAACCC
16,29,48,mlp,degradation,1.0,0.9619973301887512,3323,GGCGAG,4.2421875,3293,GGCAGG,4.40625,3293,GGCAGG,4.40625,3323,GGCGAG,0.020421503111720085,3293,GGCAGG,0.09054490178823471,3293,GGCAGG,0.09054490178823471,False,False,True,-0.0006388165056705475,TGCGGGCAGGGCTGCAACCC
16,30,48,mlp,degradation,0.953125,0.9450390934944153,3323,GGCGAG,4.24609375,3293,GGCAGG,4.3984375,3293,GGCAGG,4.3984375,3323,GGCGAG,0.02044457383453846,3293,GGCAGG,0.09021253138780594,3293,GGCAGG,0.09021253138780594,False,False,True,-0.00034496188163757324,TGCGGGCAGGGCTGCAACCC
16,31,48,mlp,degradation,0.875,0.9259710907936096,3323,GGCGAG,4.2578125,3293,GGCAGG,4.390625,3293,GGCAGG,4.390625,3323,GGCGAG,0.020806316286325455,3293,GGCAGG,0.0901746153831482,3293,GGCAGG,0.0901746153831482,False,False,True,-0.0003229007124900818,TGCGGGCAGGGCTGCAACCC
17,0,48,mlp,degradation,1.0,0.9999964237213135,3323,GGCGAG,4.234375,3293,GGCAGG,4.3984375,3293,GGCAGG,4.3984375,3323,GGCGAG,0.020104655995965004,3293,GGCAGG,0.0910244956612587,3293,GGCAGG,0.0910244956612587,False,False,True,-0.0008894018828868866,TGCGGGCAGGGCTGCAACCC
17,1,48,mlp,degradation,1.0,0.9999296069145203,3323,GGCGAG,4.234375,3293,GGCAGG,4.3984375,3293,GGCAGG,4.3984375,3323,GGCGAG,0.020104261115193367,3293,GGCAGG,0.09102270007133484,3293,GGCAGG,0.09102270007133484,False,False,True,-0.002159256488084793,TGCGGGCAGGGCTGCAACCC
17,2,48,mlp,degradation,1.0,1.0002466440200806,3323,GGCGAG,4.234375,3293,GGCAGG,4.3984375,3293,GGCAGG,4.3984375,3323,GGCGAG,0.020105354487895966,3293,GGCAGG,0.09103044122457504,3293,GGCAGG,0.09103044122457504,False,False,True,-0.0021803267300128937,TGCGGGCAGGGCTGCAACCC
17,3,48,mlp,degradation,1.0,1.0003931522369385,3323,GGCGAG,4.234375,3293,GGCAGG,4.3984375,3293,GGCAGG,4.3984375,3323,GGCGAG,0.020106621086597443,3293,GGCAGG,0.09103477746248245,3293,GGCAGG,0.09103477746248245,False,False,True,-0.002031829208135605,TGCGGGCAGGGCTGCAACCC
17,4,48,mlp,degradation,1.0,1.0004948377609253,3323,GGCGAG,4.234375,3293,GGCAGG,4.3984375,3293,GGCAGG,4.3984375,3323,GGCGAG,0.020106829702854156,3293,GGCAGG,0.09103711694478989,3293,GGCAGG,0.09103711694478989,False,False,True,-0.00233444944024086,TGCGGGCAGGGCTGCAACCC
17,5,48,mlp,degradation,1.0,1.0001343488693237,3323,GGCGAG,4.234375,3293,GGCAGG,4.3984375,3293,GGCAGG,4.3984375,3323,GGCGAG,0.020105477422475815,3293,GGCAGG,0.09102821350097656,3293,GGCAGG,0.09102821350097656,False,False,True,-0.0029991939663887024,TGCGGGCAGGGCTGCAACCC
17,6,48,mlp,degradation,1.0,0.9999925494194031,3323,GGCGAG,4.234375,3293,GGCAGG,4.3984375,3293,GGCAGG,4.3984375,3323,GGCGAG,0.020104242488741875,3293,GGCAGG,0.0910240039229393,3293,GGCAGG,0.0910240039229393,False,False,True,-0.0037678666412830353,TGCGGGCAGGGCTGCAACCC
17,7,48,mlp,degradation,1.0,0.9997845888137817,3323,GGCGAG,4.234375,3293,GGCAGG,4.3984375,3293,GGCAGG,4.3984375,3323,GGCGAG,0.02010260708630085,3293,GGCAGG,0.09101800620555878,3293,GGCAGG,0.09101800620555878,False,False,True,-0.0028229355812072754,TGCGGGCAGGGCTGCAACCC
17,8,48,mlp,degradation,1.0,0.9999921917915344,3323,GGCGAG,4.234375,3293,GGCAGG,4.3984375,3293,GGCAGG,4.3984375,3323,GGCGAG,0.0201034527271986,3293,GGCAGG,0.09102320671081543,3293,GGCAGG,0.09102320671081543,False,False,True,-0.0021513067185878754,TGCGGGCAGGGCTGCAACCC
17,9,48,mlp,degradation,1.0,1.0000340938568115,3323,GGCGAG,4.234375,3293,GGCAGG,4.3984375,3293,GGCAGG,4.3984375,3323,GGCGAG,0.02010370045900345,3293,GGCAGG,0.09102433174848557,3293,GGCAGG,0.09102433174848557,False,False,True,-0.0023803338408470154,TGCGGGCAGGGCTGCAACCC
17,10,48,mlp,degradation,1.0,1.0000675916671753,3323,GGCGAG,4.234375,3293,GGCAGG,4.3984375,3293,GGCAGG,4.3984375,3323,GGCGAG,0.020104289054870605,3293,GGCAGG,0.09102562069892883,3293,GGCAGG,0.09102562069892883,False,False,True,-0.004652701318264008,TGCGGGCAGGGCTGCAACCC
17,11,48,mlp,degradation,1.0,0.999740481376648,3323,GGCGAG,4.234375,3293,GGCAGG,4.3984375,3293,GGCAGG,4.3984375,3323,GGCGAG,0.020102348178625107,3293,GGCAGG,0.09101682901382446,3293,GGCAGG,0.09101682901382446,False,False,True,-0.008049007505178452,TGCGGGCAGGGCTGCAACCC
17,12,48,mlp,degradation,1.0,0.9996018409729004,3323,GGCGAG,4.234375,3293,GGCAGG,4.3984375,3293,GGCAGG,4.3984375,3323,GGCGAG,0.020100736990571022,3293,GGCAGG,0.09101230651140213,3293,GGCAGG,0.09101230651140213,False,False,True,-0.009460292756557465,TGCGGGCAGGGCTGCAACCC
17,13,48,mlp,degradation,1.0,0.9991475939750671,3323,GGCGAG,4.234375,3293,GGCAGG,4.3984375,3293,GGCAGG,4.3984375,3323,GGCGAG,0.020098824054002762,3293,GGCAGG,0.09100086987018585,3293,GGCAGG,0.09100086987018585,False,False,True,-0.009826511144638062,TGCGGGCAGGGCTGCAACCC
17,14,48,mlp,degradation,1.0,0.998376190662384,3323,GGCGAG,4.234375,3293,GGCAGG,4.3984375,3293,GGCAGG,4.3984375,3323,GGCGAG,0.020096996799111366,3293,GGCAGG,0.09098287671804428,3293,GGCAGG,0.09098287671804428,False,False,True,-0.008859727531671524,TGCGGGCAGGGCTGCAACCC
17,15,48,mlp,degradation,1.0,0.9968678951263428,3323,GGCGAG,4.234375,3293,GGCAGG,4.3984375,3293,GGCAGG,4.3984375,3323,GGCGAG,0.020091576501727104,3293,GGCAGG,0.09094584733247757,3293,GGCAGG,0.09094584733247757,False,False,True,-0.007218070328235626,TGCGGGCAGGGCTGCAACCC
17,16,48,mlp,degradation,1.0,0.9960712790489197,3323,GGCGAG,4.234375,3293,GGCAGG,4.3984375,3293,GGCAGG,4.3984375,3323,GGCGAG,0.020100615918636322,3293,GGCAGG,0.09093818813562393,3293,GGCAGG,0.09093818813562393,False,False,True,-0.004256490617990494,GCGGGCAGGGCTGCAACCC
17,17,48,mlp,degradation,1.0,1.004020094871521,3323,GGCGAG,4.234375,3293,GGCAGG,4.3984375,3293,GGCAGG,4.3984375,3323,GGCGAG,0.020155392587184906,3293,GGCAGG,0.09115956723690033,3293,GGCAGG,0.09115956723690033,False,False,True,-0.0018270611763000488,GCGGGCAGGGCTGCAACCC
17,18,48,mlp,degradation,1.0,1.0017340183258057,3323,GGCGAG,4.234375,3293,GGCAGG,4.3984375,3293,GGCAGG,4.3984375,3323,GGCGAG,0.020063456147909164,3293,GGCAGG,0.09101971983909607,3293,GGCAGG,0.09101971983909607,False,False,True,-0.0008954890072345734,GCGGGCAGGGCTGCAACCC
17,19,48,mlp,degradation,1.0,1.0068439245224,3323,GGCGAG,4.234375,3293,GGCAGG,4.3984375,3293,GGCAGG,4.3984375,3323,GGCGAG,0.020091379061341286,3293,GGCAGG,0.09115473926067352,3293,GGCAGG,0.09115473926067352,False,False,True,-0.0010710246860980988,GCGGGCAGGGCTGCAACCC
17,20,48,mlp,degradation,1.0,0.9400286674499512,3323,GGCGAG,4.234375,3293,GGCAGG,4.3984375,3293,GGCAGG,4.3984375,3323,GGCGAG,0.019767306745052338,3293,GGCAGG,0.08943025022745132,3293,GGCAGG,0.08943025022745132,False,False,True,-0.0010883323848247528,TGCGGGCAGGGCTGCAACCC
17,21,48,mlp,degradation,1.0,0.8859823942184448,3323,GGCGAG,4.234375,3293,GGCAGG,4.3984375,3293,GGCAGG,4.3984375,3323,GGCGAG,0.019710499793291092,3293,GGCAGG,0.08824065327644348,3293,GGCAGG,0.08824065327644348,False,False,True,-0.0008462853729724884,TGCGGGCAGGGCTGCAACCC
17,22,48,mlp,degradation,1.0,1.0461127758026123,3323,GGCGAG,4.234375,3293,GGCAGG,4.3984375,3293,GGCAGG,4.3984375,3323,GGCGAG,0.0195945892482996,3293,GGCAGG,0.09148100763559341,3293,GGCAGG,0.09148100763559341,False,False,True,-0.0004944540560245514,TGCGGGCAGGGCTGCAACCC
17,23,48,mlp,degradation,0.46875,1.0527530908584595,3323,GGCGAG,4.3515625,3293,GGCAGG,4.3828125,3293,GGCAGG,4.3828125,3323,GGCGAG,0.022135786712169647,3293,GGCAGG,0.09416138380765915,3293,GGCAGG,0.09416138380765915,False,False,True,-0.00038891658186912537,TGCGGGCAGGGCTGCAACCC
17,24,48,mlp,degradation,0.46875,1.4309240579605103,3323,GGCGAG,4.3515625,3293,GGCAGG,4.3828125,3293,GGCAGG,4.3828125,3323,GGCGAG,0.022381428629159927,3293,GGCAGG,0.10233332961797714,3293,GGCAGG,0.10233332961797714,False,False,True,-0.0004166550934314728,TGCGGGCAGGGCTGCAACCC
17,25,48,mlp,degradation,0.46875,1.2489533424377441,3323,GGCGAG,4.3515625,3293,GGCAGG,4.3828125,3293,GGCAGG,4.3828125,3323,GGCGAG,0.022753166034817696,3293,GGCAGG,0.09889103472232819,3293,GGCAGG,0.09889103472232819,False,False,True,-0.0003802739083766937,TGCGGGCAGGGCTGCAACCC
17,26,48,mlp,degradation,1.0,1.2906337976455688,3323,GGCGAG,4.234375,3293,GGCAGG,4.3984375,3293,GGCAGG,4.3984375,3323,GGCGAG,0.02075193077325821,3293,GGCAGG,0.09776340425014496,3293,GGCAGG,0.09776340425014496,False,False,True,-0.00038998574018478394,TGCGGGCAGGGCTGCAACCC
17,27,48,mlp,degradation,1.0,0.9511151909828186,3323,GGCGAG,4.234375,3293,GGCAGG,4.3984375,3293,GGCAGG,4.3984375,3323,GGCGAG,0.020957734435796738,3293,GGCAGG,0.09085304290056229,3293,GGCAGG,0.09085304290056229,False,False,True,-0.00034708529710769653,TGCGGGCAGGGCTGCAACCC
17,28,48,mlp,degradation,1.0,0.9454866647720337,3323,GGCGAG,4.234375,3293,GGCAGG,4.3984375,3293,GGCAGG,4.3984375,3323,GGCGAG,0.020739931613206863,3293,GGCAGG,0.09051727503538132,3293,GGCAGG,0.09051727503538132,False,False,True,-0.0003276132047176361,TGCGGGCAGGGCTGCAACCC
17,29,48,mlp,degradation,1.0,0.9633691310882568,3323,GGCGAG,4.234375,3293,GGCAGG,4.3984375,3293,GGCAGG,4.3984375,3323,GGCGAG,0.020400920882821083,3293,GGCAGG,0.09055306762456894,3293,GGCAGG,0.09055306762456894,False,False,True,-0.0002599582076072693,TGCGGGCAGGGCTGCAACCC
17,30,48,mlp,degradation,1.0,0.9873135089874268,3323,GGCGAG,4.234375,3293,GGCAGG,4.3984375,3293,GGCAGG,4.3984375,3323,GGCGAG,0.020171521231532097,3293,GGCAGG,0.09082553535699844,3293,GGCAGG,0.09082553535699844,False,False,True,-0.0003713667392730713,TGCGGGCAGGGCTGCAACCC
17,31,48,mlp,degradation,1.0,0.9922791123390198,3323,GGCGAG,4.234375,3293,GGCAGG,4.3984375,3293,GGCAGG,4.3984375,3323,GGCGAG,0.02016046829521656,3293,GGCAGG,0.09091855585575104,3293,GGCAGG,0.09091855585575104,False,False,True,-0.0006475187838077545,TGCGGGCAGGGCTGCAACCC
