Layer,Time_Offset,Target_Timestep,Component,Metric_Mode,Logit_Score,Posteriors_Score,Target_Transition_Prior,Target_String_Prior,Target_Logit,Wrong_Transition_Prior,Wrong_String_Prior,Wrong_Logit,Actual_Argmax_Prior,Actual_String_Prior,Actual_Argmax_Logit,Target_Transition_Post,Target_String_Post,Target_Prob,Wrong_Transition_Post,Wrong_String_Post,Wrong_Prob,Actual_Transition_Post,actual_String_Post,actual_Prob,Is_Target_Logit_Argmax,Is_Target_Prob_Argmax,Should_Decode,Global_MSE_Change,New_String
0,0,64,head_4,degradation,0.97607421875,0.9711185693740845,2926,GCAGCA,1.7236328125,0,AAAAAN,2.0,0,AAAAAN,2.0,732,AGCAGC,0.18631617724895477,1460,CAGCAN,0.20167112350463867,1460,CAGCAN,0.20167112350463867,False,False,True,0.0001889541745185852,
0,1,64,head_4,degradation,0.98681640625,0.9666539430618286,2926,GCAGCA,1.7197265625,0,AAAAAN,2.0,0,AAAAAN,2.0,732,AGCAGC,0.18739460408687592,1460,CAGCAN,0.20249517261981964,1460,CAGCAN,0.20249517261981964,False,False,True,0.00036000460386276245,
0,2,64,head_4,degradation,1.0,0.9825149178504944,2926,GCAGCA,1.71484375,0,AAAAAN,2.0,0,AAAAAN,2.0,732,AGCAGC,0.186592236161232,1460,CAGCAN,0.2025965005159378,1460,CAGCAN,0.2025965005159378,False,False,True,0.0005329176783561707,
0,3,64,head_4,degradation,0.978515625,0.9660924077033997,2926,GCAGCA,1.72265625,0,AAAAAN,2.0,0,AAAAAN,2.0,732,AGCAGC,0.18784332275390625,1460,CAGCAN,0.20291189849376678,1460,CAGCAN,0.20291189849376678,False,False,True,0.0002868250012397766,
0,4,64,head_4,degradation,0.978515625,0.9664648771286011,2926,GCAGCA,1.72265625,0,AAAAAN,2.0,0,AAAAAN,2.0,732,AGCAGC,0.1874530166387558,1460,CAGCAN,0.20254281163215637,1460,CAGCAN,0.20254281163215637,False,False,True,0.0001071244478225708,
0,5,64,head_4,degradation,0.98388671875,0.97800213098526,2926,GCAGCA,1.720703125,0,AAAAAN,2.0,0,AAAAAN,2.0,732,AGCAGC,0.18673011660575867,1460,CAGCAN,0.20247726142406464,1460,CAGCAN,0.20247726142406464,False,False,True,-0.00013136863708496094,
0,6,64,head_4,degradation,0.978515625,0.9697646498680115,2926,GCAGCA,1.72265625,0,AAAAAN,2.0,0,AAAAAN,2.0,732,AGCAGC,0.18718019127845764,1460,CAGCAN,0.202457994222641,1460,CAGCAN,0.202457994222641,False,False,True,0.00016974657773971558,
0,7,64,head_4,degradation,0.9921875,0.9929315447807312,2926,GCAGCA,1.7177734375,0,AAAAAN,2.0,0,AAAAAN,2.0,732,AGCAGC,0.18630358576774597,1460,CAGCAN,0.20290134847164154,1460,CAGCAN,0.20290134847164154,False,False,True,-1.5832483768463135e-05,
0,8,64,head_4,degradation,0.96826171875,0.9675868153572083,2926,GCAGCA,1.7265625,0,AAAAAN,2.0,0,AAAAAN,2.0,732,AGCAGC,0.18732604384422302,1460,CAGCAN,0.2024797648191452,1460,CAGCAN,0.2024797648191452,False,False,True,-8.297711610794067e-05,
0,9,64,head_4,degradation,1.0029296875,1.015506625175476,2926,GCAGCA,1.7138671875,0,AAAAAN,2.0,0,AAAAAN,2.0,732,AGCAGC,0.18457087874412537,1460,CAGCAN,0.20245487987995148,1460,CAGCAN,0.20245487987995148,False,False,True,0.000346548855304718,
0,10,64,head_4,degradation,0.98681640625,0.9796981811523438,2926,GCAGCA,1.7197265625,0,AAAAAN,2.0,0,AAAAAN,2.0,732,AGCAGC,0.18674029409885406,1460,CAGCAN,0.20258407294750214,1460,CAGCAN,0.20258407294750214,False,False,True,-7.536262273788452e-05,
0,11,64,head_4,degradation,0.98681640625,0.9840114116668701,2926,GCAGCA,1.7197265625,0,AAAAAN,2.0,0,AAAAAN,2.0,732,AGCAGC,0.1863979697227478,1460,CAGCAN,0.2024874985218048,1460,CAGCAN,0.2024874985218048,False,False,True,0.00018931925296783447,
0,12,64,head_4,degradation,0.962890625,0.9613469243049622,2926,GCAGCA,1.728515625,0,AAAAAN,2.0,0,AAAAAN,2.0,732,AGCAGC,0.18677443265914917,1460,CAGCAN,0.20157262682914734,1460,CAGCAN,0.20157262682914734,False,False,True,-0.0002126246690750122,
0,13,64,head_4,degradation,0.9521484375,0.9641024470329285,2926,GCAGCA,1.732421875,0,AAAAAN,2.0,0,AAAAAN,2.0,732,AGCAGC,0.18689069151878357,1460,CAGCAN,0.20184588432312012,1460,CAGCAN,0.20184588432312012,False,False,True,-0.00016772747039794922,
0,14,64,head_4,degradation,0.95751953125,0.9494835138320923,2926,GCAGCA,1.73046875,0,AAAAAN,2.0,0,AAAAAN,2.0,732,AGCAGC,0.18786951899528503,1460,CAGCAN,0.20199178159236908,1460,CAGCAN,0.20199178159236908,False,False,True,-9.243935346603394e-05,
0,15,64,head_4,degradation,1.0048828125,1.00448477268219,2926,GCAGCA,1.712890625,0,AAAAAN,2.0,0,AAAAAN,2.0,732,AGCAGC,0.18601134419441223,1460,CAGCAN,0.20326736569404602,1460,CAGCAN,0.20326736569404602,False,False,True,0.00045946240425109863,
0,16,64,head_4,degradation,1.0048828125,1.0028645992279053,2926,GCAGCA,1.712890625,0,AAAAAN,2.0,0,AAAAAN,2.0,732,AGCAGC,0.1863892823457718,1460,CAGCAN,0.2035529911518097,1460,CAGCAN,0.2035529911518097,False,False,True,-0.00020007789134979248,
0,17,64,head_4,degradation,1.013671875,1.0021408796310425,2926,GCAGCA,1.7099609375,0,AAAAAN,2.0,0,AAAAAN,2.0,732,AGCAGC,0.18637996912002563,1460,CAGCAN,0.20350244641304016,1460,CAGCAN,0.20350244641304016,False,False,True,-4.5530498027801514e-05,
0,18,64,head_4,degradation,0.99462890625,0.9782678484916687,2926,GCAGCA,1.716796875,0,AAAAAN,2.0,0,AAAAAN,2.0,732,AGCAGC,0.18731431663036346,1460,CAGCAN,0.20307660102844238,1460,CAGCAN,0.20307660102844238,False,False,True,0.0003869384527206421,
0,19,64,head_4,degradation,0.9921875,0.9951174259185791,2926,GCAGCA,1.7177734375,0,AAAAAN,2.0,0,AAAAAN,2.0,732,AGCAGC,0.18641452491283417,1460,CAGCAN,0.20313683152198792,1460,CAGCAN,0.20313683152198792,False,False,True,2.30446457862854e-05,
0,20,64,head_4,degradation,1.0048828125,0.9934990406036377,2926,GCAGCA,1.712890625,0,AAAAAN,2.0,0,AAAAAN,2.0,732,AGCAGC,0.1863187849521637,1460,CAGCAN,0.20294888317584991,1460,CAGCAN,0.20294888317584991,False,False,True,0.00021865218877792358,
0,21,64,head_4,degradation,0.98681640625,0.9866531491279602,2926,GCAGCA,1.7197265625,0,AAAAAN,2.0,0,AAAAAN,2.0,732,AGCAGC,0.18649370968341827,1460,CAGCAN,0.20273375511169434,1460,CAGCAN,0.20273375511169434,False,False,True,0.0003904402256011963,
0,22,64,head_4,degradation,0.97607421875,0.9722039699554443,2926,GCAGCA,1.7236328125,0,AAAAAN,2.0,0,AAAAAN,2.0,732,AGCAGC,0.1867673099040985,1460,CAGCAN,0.20218409597873688,1460,CAGCAN,0.20218409597873688,False,False,True,-6.394833326339722e-05,
0,23,64,head_4,degradation,0.98388671875,0.9942765831947327,2926,GCAGCA,1.720703125,0,AAAAAN,2.0,0,AAAAAN,2.0,732,AGCAGC,0.1861220747232437,1460,CAGCAN,0.20279647409915924,1460,CAGCAN,0.20279647409915924,False,False,True,-0.0003567934036254883,
0,24,64,head_4,degradation,1.0029296875,0.982976496219635,2926,GCAGCA,1.7138671875,0,AAAAAN,2.0,0,AAAAAN,2.0,732,AGCAGC,0.18600036203861237,1460,CAGCAN,0.20203092694282532,1460,CAGCAN,0.20203092694282532,False,False,True,0.0005105882883071899,
0,25,64,head_4,degradation,0.95751953125,0.9473663568496704,2926,GCAGCA,1.73046875,0,AAAAAN,2.0,0,AAAAAN,2.0,732,AGCAGC,0.18811187148094177,1460,CAGCAN,0.20211350917816162,1460,CAGCAN,0.20211350917816162,False,False,True,-0.00018478929996490479,
0,26,64,head_4,degradation,1.0,0.992654025554657,2926,GCAGCA,1.71484375,0,AAAAAN,2.0,0,AAAAAN,2.0,732,AGCAGC,0.18553757667541504,1460,CAGCAN,0.20211952924728394,1460,CAGCAN,0.20211952924728394,False,False,True,0.000606141984462738,
0,27,64,head_4,degradation,1.0185546875,1.0116157531738281,2926,GCAGCA,1.7080078125,0,AAAAAN,2.0,0,AAAAAN,2.0,732,AGCAGC,0.1860394924879074,1460,CAGCAN,0.20370180904865265,1460,CAGCAN,0.20370180904865265,False,False,True,0.00013174116611480713,
0,28,64,head_4,degradation,1.0107421875,1.0018725395202637,2926,GCAGCA,1.7109375,0,AAAAAN,2.0,0,AAAAAN,2.0,732,AGCAGC,0.1861458569765091,1460,CAGCAN,0.20325304567813873,1460,CAGCAN,0.20325304567813873,False,False,True,0.00028596818447113037,
0,29,64,head_4,degradation,1.0107421875,0.9936326742172241,2926,GCAGCA,1.7109375,0,AAAAAN,2.0,0,AAAAAN,2.0,732,AGCAGC,0.18616154789924622,1460,CAGCAN,0.2027992606163025,1460,CAGCAN,0.2027992606163025,False,False,True,0.00024831295013427734,
0,30,64,head_4,degradation,0.9921875,0.9874492883682251,2926,GCAGCA,1.7177734375,0,AAAAAN,2.0,0,AAAAAN,2.0,732,AGCAGC,0.1871214359998703,1460,CAGCAN,0.20340684056282043,1460,CAGCAN,0.20340684056282043,False,False,True,0.00045499205589294434,
0,31,64,head_4,degradation,1.0185546875,1.0278420448303223,2926,GCAGCA,1.7080078125,0,AAAAAN,2.0,0,AAAAAN,2.0,732,AGCAGC,0.18494455516338348,1460,CAGCAN,0.2035313844680786,1460,CAGCAN,0.2035313844680786,False,False,True,0.0003941282629966736,
1,0,64,head_4,degradation,1.0322265625,1.0291377305984497,2926,GCAGCA,1.703125,0,AAAAAN,2.0,0,AAAAAN,2.0,732,AGCAGC,0.18429294228553772,1460,CAGCAN,0.20295359194278717,1460,CAGCAN,0.20295359194278717,False,False,True,0.0003362521529197693,
1,1,64,head_4,degradation,1.0185546875,1.0252838134765625,2926,GCAGCA,1.7080078125,0,AAAAAN,2.0,0,AAAAAN,2.0,732,AGCAGC,0.18451115489006042,1460,CAGCAN,0.20295222103595734,1460,CAGCAN,0.20295222103595734,False,False,True,0.0003326907753944397,
1,2,64,head_4,degradation,1.0029296875,1.008216381072998,2926,GCAGCA,1.7138671875,0,AAAAAN,2.0,0,AAAAAN,2.0,732,AGCAGC,0.18563207983970642,1460,CAGCAN,0.20310071110725403,1460,CAGCAN,0.20310071110725403,False,False,True,3.6522746086120605e-05,
1,3,64,head_4,degradation,1.015625,1.0150096416473389,2926,GCAGCA,1.708984375,0,AAAAAN,2.0,0,AAAAAN,2.0,732,AGCAGC,0.18523837625980377,1460,CAGCAN,0.20309406518936157,1460,CAGCAN,0.20309406518936157,False,False,True,0.0004264935851097107,
1,4,64,head_4,degradation,0.99462890625,0.9907628893852234,2926,GCAGCA,1.716796875,0,AAAAAN,2.0,0,AAAAAN,2.0,732,AGCAGC,0.18588712811470032,1460,CAGCAN,0.2023613303899765,1460,CAGCAN,0.2023613303899765,False,False,True,0.00021421164274215698,
1,5,64,head_4,degradation,1.0,1.0025460720062256,2926,GCAGCA,1.71484375,0,AAAAAN,2.0,0,AAAAAN,2.0,732,AGCAGC,0.18482045829296112,1460,CAGCAN,0.20196601748466492,1460,CAGCAN,0.20196601748466492,False,False,True,1.430511474609375e-06,
1,6,64,head_4,degradation,1.029296875,1.0219656229019165,2926,GCAGCA,1.7041015625,0,AAAAAN,2.0,0,AAAAAN,2.0,732,AGCAGC,0.18469677865505219,1460,CAGCAN,0.20294879376888275,1460,CAGCAN,0.20294879376888275,False,False,True,0.00041189044713974,
1,7,64,head_4,degradation,1.015625,1.0050196647644043,2926,GCAGCA,1.708984375,0,AAAAAN,2.0,0,AAAAAN,2.0,732,AGCAGC,0.1856055110692978,1460,CAGCAN,0.202892005443573,1460,CAGCAN,0.202892005443573,False,False,True,0.00021863728761672974,
1,8,64,head_4,degradation,1.015625,0.9948700070381165,2926,GCAGCA,1.708984375,0,AAAAAN,2.0,0,AAAAAN,2.0,732,AGCAGC,0.18601582944393158,1460,CAGCAN,0.20272403955459595,1460,CAGCAN,0.20272403955459595,False,False,True,0.000318087637424469,
1,9,64,head_4,degradation,0.99462890625,0.9815530180931091,2926,GCAGCA,1.716796875,0,AAAAAN,2.0,0,AAAAAN,2.0,732,AGCAGC,0.18678301572799683,1460,CAGCAN,0.20273247361183167,1460,CAGCAN,0.20273247361183167,False,False,True,0.00014327466487884521,
1,10,64,head_4,degradation,1.0,0.9853954315185547,2926,GCAGCA,1.71484375,0,AAAAAN,2.0,0,AAAAAN,2.0,732,AGCAGC,0.1863451600074768,1460,CAGCAN,0.20251354575157166,1460,CAGCAN,0.20251354575157166,False,False,True,5.911290645599365e-05,
1,11,64,head_4,degradation,0.9921875,0.9868798851966858,2926,GCAGCA,1.7177734375,0,AAAAAN,2.0,0,AAAAAN,2.0,732,AGCAGC,0.18678423762321472,1460,CAGCAN,0.20303720235824585,1460,CAGCAN,0.20303720235824585,False,False,True,6.038695573806763e-05,
1,12,64,head_4,degradation,0.96533203125,0.9672873616218567,2926,GCAGCA,1.7275390625,0,AAAAAN,2.0,0,AAAAAN,2.0,732,AGCAGC,0.18703874945640564,1460,CAGCAN,0.20217540860176086,1460,CAGCAN,0.20217540860176086,False,False,True,-0.0003131553530693054,
1,13,64,head_4,degradation,1.0029296875,1.008787751197815,2926,GCAGCA,1.7138671875,0,AAAAAN,2.0,0,AAAAAN,2.0,732,AGCAGC,0.18555031716823578,1460,CAGCAN,0.20305150747299194,1460,CAGCAN,0.20305150747299194,False,False,True,0.00026245415210723877,
1,14,64,head_4,degradation,0.9921875,1.0309550762176514,2926,GCAGCA,1.7177734375,0,AAAAAN,2.0,0,AAAAAN,2.0,732,AGCAGC,0.18394137918949127,1460,CAGCAN,0.20270557701587677,1460,CAGCAN,0.20270557701587677,False,False,True,-3.933161497116089e-05,
1,15,64,head_4,degradation,1.0029296875,1.0114004611968994,2926,GCAGCA,1.7138671875,0,AAAAAN,2.0,0,AAAAAN,2.0,732,AGCAGC,0.1859102100133896,1460,CAGCAN,0.2035602629184723,1460,CAGCAN,0.2035602629184723,False,False,True,-0.000623658299446106,
1,16,64,head_4,degradation,0.9892578125,1.012266755104065,2926,GCAGCA,1.71875,0,AAAAAN,2.0,0,AAAAAN,2.0,732,AGCAGC,0.1853535771369934,1460,CAGCAN,0.20305298268795013,1460,CAGCAN,0.20305298268795013,False,False,True,-0.00018251687288284302,
1,17,64,head_4,degradation,0.97607421875,0.974058210849762,2926,GCAGCA,1.7236328125,0,AAAAAN,2.0,0,AAAAAN,2.0,732,AGCAGC,0.18696194887161255,1460,CAGCAN,0.2024843841791153,1460,CAGCAN,0.2024843841791153,False,False,True,-0.00034683942794799805,
1,18,64,head_4,degradation,0.96826171875,0.9844549894332886,2926,GCAGCA,1.7265625,0,AAAAAN,2.0,0,AAAAAN,2.0,732,AGCAGC,0.18629710376262665,1460,CAGCAN,0.20241190493106842,1460,CAGCAN,0.20241190493106842,False,False,True,0.0003763362765312195,
1,19,64,head_4,degradation,0.99462890625,0.9947434663772583,2926,GCAGCA,1.716796875,0,AAAAAN,2.0,0,AAAAAN,2.0,732,AGCAGC,0.18583250045776367,1460,CAGCAN,0.20253349840641022,1460,CAGCAN,0.20253349840641022,False,False,True,-0.00010803341865539551,
1,20,64,head_4,degradation,1.0029296875,1.0061389207839966,2926,GCAGCA,1.7138671875,0,AAAAAN,2.0,0,AAAAAN,2.0,732,AGCAGC,0.18539360165596008,1460,CAGCAN,0.20274387300014496,1460,CAGCAN,0.20274387300014496,False,False,True,0.00038486719131469727,
1,21,64,head_4,degradation,1.0107421875,0.9966487288475037,2926,GCAGCA,1.7109375,0,AAAAAN,2.0,0,AAAAAN,2.0,732,AGCAGC,0.1858365535736084,1460,CAGCAN,0.20264610648155212,1460,CAGCAN,0.20264610648155212,False,False,True,-2.6620924472808838e-05,
1,22,64,head_4,degradation,1.037109375,1.042418122291565,2926,GCAGCA,1.701171875,0,AAAAAN,2.0,0,AAAAAN,2.0,732,AGCAGC,0.18364261090755463,1460,CAGCAN,0.20305992662906647,1460,CAGCAN,0.20305992662906647,False,False,True,4.1268765926361084e-05,
1,23,64,head_4,degradation,1.0029296875,0.9994071125984192,2926,GCAGCA,1.7138671875,0,AAAAAN,2.0,0,AAAAAN,2.0,732,AGCAGC,0.18566060066223145,1460,CAGCAN,0.20262731611728668,1460,CAGCAN,0.20262731611728668,False,False,True,0.0001223236322402954,
1,24,64,head_4,degradation,0.99462890625,0.9920731782913208,2926,GCAGCA,1.716796875,0,AAAAAN,2.0,0,AAAAAN,2.0,732,AGCAGC,0.1867295652627945,1460,CAGCAN,0.20327842235565186,1460,CAGCAN,0.20327842235565186,False,False,True,0.0001945197582244873,
1,25,64,head_4,degradation,1.0048828125,1.0107171535491943,2926,GCAGCA,1.712890625,0,AAAAAN,2.0,0,AAAAAN,2.0,732,AGCAGC,0.18530455231666565,1460,CAGCAN,0.20291566848754883,1460,CAGCAN,0.20291566848754883,False,False,True,0.00012609362602233887,
1,26,64,head_4,degradation,1.0,0.9970616698265076,2926,GCAGCA,1.71484375,0,AAAAAN,2.0,0,AAAAAN,2.0,732,AGCAGC,0.1859939694404602,1460,CAGCAN,0.20282705128192902,1460,CAGCAN,0.20282705128192902,False,False,True,-3.600865602493286e-05,
1,27,64,head_4,degradation,1.029296875,1.0088542699813843,2926,GCAGCA,1.7041015625,0,AAAAAN,2.0,0,AAAAAN,2.0,732,AGCAGC,0.18526223301887512,1460,CAGCAN,0.20276720821857452,1460,CAGCAN,0.20276720821857452,False,False,True,0.00018192827701568604,
1,28,64,head_4,degradation,0.98681640625,0.9641696214675903,2926,GCAGCA,1.7197265625,0,AAAAAN,2.0,0,AAAAAN,2.0,732,AGCAGC,0.18751771748065948,1460,CAGCAN,0.20247673988342285,1460,CAGCAN,0.20247673988342285,False,False,True,-0.0003351345658302307,
1,29,64,head_4,degradation,0.98388671875,0.9671961069107056,2926,GCAGCA,1.720703125,0,AAAAAN,2.0,0,AAAAAN,2.0,732,AGCAGC,0.18712718784809113,1460,CAGCAN,0.2022586464881897,1460,CAGCAN,0.2022586464881897,False,False,True,8.049607276916504e-05,
1,30,64,head_4,degradation,1.0107421875,1.0068409442901611,2926,GCAGCA,1.7109375,0,AAAAAN,2.0,0,AAAAAN,2.0,732,AGCAGC,0.18582110106945038,1460,CAGCAN,0.20321136713027954,1460,CAGCAN,0.20321136713027954,False,False,True,0.0001240745186805725,
1,31,64,head_4,degradation,1.0185546875,1.0082770586013794,2926,GCAGCA,1.7080078125,0,AAAAAN,2.0,0,AAAAAN,2.0,732,AGCAGC,0.18563610315322876,1460,CAGCAN,0.20310819149017334,1460,CAGCAN,0.20310819149017334,False,False,True,0.0004229918122291565,
2,0,64,head_4,degradation,1.021484375,1.0186245441436768,2926,GCAGCA,1.70703125,0,AAAAAN,2.0,0,AAAAAN,2.0,732,AGCAGC,0.1850610375404358,1460,CAGCAN,0.20312269032001495,1460,CAGCAN,0.20312269032001495,False,False,True,0.00036012381315231323,
2,1,64,head_4,degradation,0.9921875,0.9943255186080933,2926,GCAGCA,1.7177734375,0,AAAAAN,2.0,0,AAAAAN,2.0,732,AGCAGC,0.18656867742538452,1460,CAGCAN,0.2032458633184433,1460,CAGCAN,0.2032458633184433,False,False,True,-0.000148676335811615,
2,2,64,head_4,degradation,1.021484375,1.0161405801773071,2926,GCAGCA,1.70703125,0,AAAAAN,2.0,0,AAAAAN,2.0,732,AGCAGC,0.18516749143600464,1460,CAGCAN,0.20308761298656464,1460,CAGCAN,0.20308761298656464,False,False,True,0.00034443289041519165,
2,3,64,head_4,degradation,0.99462890625,1.0075130462646484,2926,GCAGCA,1.716796875,0,AAAAAN,2.0,0,AAAAAN,2.0,732,AGCAGC,0.18543662130832672,1460,CAGCAN,0.20286518335342407,1460,CAGCAN,0.20286518335342407,False,False,True,0.00021719187498092651,
2,4,64,head_4,degradation,1.013671875,0.9986159801483154,2926,GCAGCA,1.7099609375,0,AAAAAN,2.0,0,AAAAAN,2.0,732,AGCAGC,0.18611681461334229,1460,CAGCAN,0.20303845405578613,1460,CAGCAN,0.20303845405578613,False,False,True,0.0005316808819770813,
2,5,64,head_4,degradation,1.0029296875,0.9900839328765869,2926,GCAGCA,1.7138671875,0,AAAAAN,2.0,0,AAAAAN,2.0,732,AGCAGC,0.18600861728191376,1460,CAGCAN,0.2024441361427307,1460,CAGCAN,0.2024441361427307,False,False,True,0.0003268793225288391,
2,6,64,head_4,degradation,1.021484375,1.0166223049163818,2926,GCAGCA,1.70703125,0,AAAAAN,2.0,0,AAAAAN,2.0,732,AGCAGC,0.18529096245765686,1460,CAGCAN,0.20323853194713593,1460,CAGCAN,0.20323853194713593,False,False,True,0.00015612691640853882,
2,7,64,head_4,degradation,1.0029296875,1.0097070932388306,2926,GCAGCA,1.7138671875,0,AAAAAN,2.0,0,AAAAAN,2.0,732,AGCAGC,0.18525272607803345,1460,CAGCAN,0.202806293964386,1460,CAGCAN,0.202806293964386,False,False,True,0.0004841461777687073,
2,8,64,head_4,degradation,1.0107421875,1.0166805982589722,2926,GCAGCA,1.7109375,0,AAAAAN,2.0,0,AAAAAN,2.0,732,AGCAGC,0.1850692480802536,1460,CAGCAN,0.2030201405286789,1460,CAGCAN,0.2030201405286789,False,False,True,0.00013771653175354004,
2,9,64,head_4,degradation,1.0185546875,1.0173232555389404,2926,GCAGCA,1.7080078125,0,AAAAAN,2.0,0,AAAAAN,2.0,732,AGCAGC,0.18445970118045807,1460,CAGCAN,0.20244720578193665,1460,CAGCAN,0.20244720578193665,False,False,True,0.0005145370960235596,
2,10,64,head_4,degradation,1.0048828125,1.0177000761032104,2926,GCAGCA,1.712890625,0,AAAAAN,2.0,0,AAAAAN,2.0,732,AGCAGC,0.18525269627571106,1460,CAGCAN,0.20326167345046997,1460,CAGCAN,0.20326167345046997,False,False,True,4.00543212890625e-05,
2,11,64,head_4,degradation,0.98681640625,0.9799427390098572,2926,GCAGCA,1.7197265625,0,AAAAAN,2.0,0,AAAAAN,2.0,732,AGCAGC,0.1866133064031601,1460,CAGCAN,0.20247101783752441,1460,CAGCAN,0.20247101783752441,False,False,True,-0.00022339075803756714,
2,12,64,head_4,degradation,0.93896484375,0.9366254210472107,2926,GCAGCA,1.7373046875,0,AAAAAN,2.0,0,AAAAAN,2.0,732,AGCAGC,0.18886050581932068,1460,CAGCAN,0.2022501677274704,1460,CAGCAN,0.2022501677274704,False,False,True,-0.0002626851201057434,
2,13,64,head_4,degradation,0.9306640625,0.9428342580795288,2926,GCAGCA,1.740234375,0,AAAAAN,2.0,0,AAAAAN,2.0,732,AGCAGC,0.1881634145975113,1460,CAGCAN,0.20190683007240295,1460,CAGCAN,0.20190683007240295,False,False,True,-0.00044914335012435913,
2,14,64,head_4,degradation,0.92529296875,0.9149879813194275,2926,GCAGCA,1.7421875,0,AAAAAN,2.0,0,AAAAAN,2.0,732,AGCAGC,0.19012218713760376,1460,CAGCAN,0.20227903127670288,1460,CAGCAN,0.20227903127670288,False,False,True,-0.0008477941155433655,
2,15,64,head_4,degradation,0.94677734375,0.9023472666740417,2926,GCAGCA,1.734375,0,AAAAAN,2.0,0,AAAAAN,2.0,732,AGCAGC,0.19468656182289124,1460,CAGCAN,0.20612318813800812,1460,CAGCAN,0.20612318813800812,False,False,True,-0.002385169267654419,
2,16,64,head_4,degradation,0.98388671875,0.9172332286834717,2926,GCAGCA,1.720703125,0,AAAAAN,2.0,0,AAAAAN,2.0,732,AGCAGC,0.1933991014957428,1460,CAGCAN,0.2056838721036911,1460,CAGCAN,0.2056838721036911,False,False,True,0.00019184499979019165,
2,17,64,head_4,degradation,0.97607421875,0.952060878276825,2926,GCAGCA,1.7236328125,0,AAAAAN,2.0,0,AAAAAN,2.0,732,AGCAGC,0.1922558695077896,1460,CAGCAN,0.20652498304843903,1460,CAGCAN,0.20652498304843903,False,False,True,0.0007859095931053162,
2,18,64,head_4,degradation,1.072265625,1.0603169202804565,2926,GCAGCA,1.6884765625,0,AAAAAN,2.0,0,AAAAAN,2.0,732,AGCAGC,0.18273237347602844,1460,CAGCAN,0.20316949486732483,1460,CAGCAN,0.20316949486732483,False,False,True,0.0024687200784683228,
2,19,64,head_4,degradation,0.96533203125,0.9669314622879028,2926,GCAGCA,1.7275390625,0,AAAAAN,2.0,0,AAAAAN,2.0,732,AGCAGC,0.1868262141942978,1460,CAGCAN,0.2019425928592682,1460,CAGCAN,0.2019425928592682,False,False,True,9.997934103012085e-05,
2,20,64,head_4,degradation,1.021484375,1.016208291053772,2926,GCAGCA,1.70703125,0,AAAAAN,2.0,0,AAAAAN,2.0,732,AGCAGC,0.1849195808172226,1460,CAGCAN,0.2028435617685318,1460,CAGCAN,0.2028435617685318,False,False,True,0.0003556683659553528,
2,21,64,head_4,degradation,0.98681640625,1.0092352628707886,2926,GCAGCA,1.7197265625,0,AAAAAN,2.0,0,AAAAAN,2.0,732,AGCAGC,0.1855904757976532,1460,CAGCAN,0.20311716198921204,1460,CAGCAN,0.20311716198921204,False,False,True,0.00013078004121780396,
2,22,64,head_4,degradation,1.0107421875,1.0153743028640747,2926,GCAGCA,1.7109375,0,AAAAAN,2.0,0,AAAAAN,2.0,732,AGCAGC,0.1852288395166397,1460,CAGCAN,0.20310530066490173,1460,CAGCAN,0.20310530066490173,False,False,True,-0.0002862215042114258,
2,23,64,head_4,degradation,0.9921875,0.9969026446342468,2926,GCAGCA,1.7177734375,0,AAAAAN,2.0,0,AAAAAN,2.0,732,AGCAGC,0.18596230447292328,1460,CAGCAN,0.20278632640838623,1460,CAGCAN,0.20278632640838623,False,False,True,-0.00030224770307540894,
2,24,64,head_4,degradation,1.0,0.9887608289718628,2926,GCAGCA,1.71484375,0,AAAAAN,2.0,0,AAAAAN,2.0,732,AGCAGC,0.18638108670711517,1460,CAGCAN,0.20274122059345245,1460,CAGCAN,0.20274122059345245,False,False,True,0.00018560141324996948,
2,25,64,head_4,degradation,1.013671875,1.0154836177825928,2926,GCAGCA,1.7099609375,0,AAAAAN,2.0,0,AAAAAN,2.0,732,AGCAGC,0.1851649284362793,1460,CAGCAN,0.20304761826992035,1460,CAGCAN,0.20304761826992035,False,False,True,0.00033535808324813843,
2,26,64,head_4,degradation,1.0107421875,1.0225611925125122,2926,GCAGCA,1.7109375,0,AAAAAN,2.0,0,AAAAAN,2.0,732,AGCAGC,0.18504010140895844,1460,CAGCAN,0.2033260464668274,1460,CAGCAN,0.2033260464668274,False,False,True,0.0005036070942878723,
2,27,64,head_4,degradation,1.037109375,1.0303311347961426,2926,GCAGCA,1.701171875,0,AAAAAN,2.0,0,AAAAAN,2.0,732,AGCAGC,0.18499518930912018,1460,CAGCAN,0.20372383296489716,1460,CAGCAN,0.20372383296489716,False,False,True,0.00047894567251205444,
2,28,64,head_4,degradation,1.0185546875,1.0167055130004883,2926,GCAGCA,1.7080078125,0,AAAAAN,2.0,0,AAAAAN,2.0,732,AGCAGC,0.18479692935943604,1460,CAGCAN,0.20274923741817474,1460,CAGCAN,0.20274923741817474,False,False,True,0.00021779537200927734,
2,29,64,head_4,degradation,0.9921875,0.9866976141929626,2926,GCAGCA,1.7177734375,0,AAAAAN,2.0,0,AAAAAN,2.0,732,AGCAGC,0.18641608953475952,1460,CAGCAN,0.20265866816043854,1460,CAGCAN,0.20265866816043854,False,False,True,-9.412318468093872e-05,
2,30,64,head_4,degradation,1.0048828125,0.9968453645706177,2926,GCAGCA,1.712890625,0,AAAAAN,2.0,0,AAAAAN,2.0,732,AGCAGC,0.1857210397720337,1460,CAGCAN,0.2025417983531952,1460,CAGCAN,0.2025417983531952,False,False,True,0.000120602548122406,
2,31,64,head_4,degradation,0.9921875,0.9679087996482849,2926,GCAGCA,1.7177734375,0,AAAAAN,2.0,0,AAAAAN,2.0,732,AGCAGC,0.18759097158908844,1460,CAGCAN,0.20276303589344025,1460,CAGCAN,0.20276303589344025,False,False,True,-0.00012571364641189575,
3,0,64,head_4,degradation,1.013671875,1.010325312614441,2926,GCAGCA,1.7099609375,0,AAAAAN,2.0,0,AAAAAN,2.0,732,AGCAGC,0.18536308407783508,1460,CAGCAN,0.20295187830924988,1460,CAGCAN,0.20295187830924988,False,False,True,0.0002596527338027954,
3,1,64,head_4,degradation,1.0185546875,1.0148833990097046,2926,GCAGCA,1.7080078125,0,AAAAAN,2.0,0,AAAAAN,2.0,732,AGCAGC,0.18484294414520264,1460,CAGCAN,0.2026914358139038,1460,CAGCAN,0.2026914358139038,False,False,True,0.0006188452243804932,
3,2,64,head_4,degradation,1.0048828125,1.006892442703247,2926,GCAGCA,1.712890625,0,AAAAAN,2.0,0,AAAAAN,2.0,732,AGCAGC,0.18545569479465485,1460,CAGCAN,0.2028488963842392,1460,CAGCAN,0.2028488963842392,False,False,True,0.000116005539894104,
3,3,64,head_4,degradation,1.0029296875,1.011885643005371,2926,GCAGCA,1.7138671875,0,AAAAAN,2.0,0,AAAAAN,2.0,732,AGCAGC,0.18515846133232117,1460,CAGCAN,0.20283615589141846,1460,CAGCAN,0.20283615589141846,False,False,True,0.00018972903490066528,
3,4,64,head_4,degradation,0.9736328125,0.976286768913269,2926,GCAGCA,1.724609375,0,AAAAAN,2.0,0,AAAAAN,2.0,732,AGCAGC,0.1870018094778061,1460,CAGCAN,0.2026512175798416,1460,CAGCAN,0.2026512175798416,False,False,True,-0.0002562478184700012,
3,5,64,head_4,degradation,0.98388671875,0.9912211298942566,2926,GCAGCA,1.720703125,0,AAAAAN,2.0,0,AAAAAN,2.0,732,AGCAGC,0.1857987493276596,1460,CAGCAN,0.2022990584373474,1460,CAGCAN,0.2022990584373474,False,False,True,0.00026866793632507324,
3,6,64,head_4,degradation,0.9892578125,1.0007498264312744,2926,GCAGCA,1.71875,0,AAAAAN,2.0,0,AAAAAN,2.0,732,AGCAGC,0.1859218329191208,1460,CAGCAN,0.20296505093574524,1460,CAGCAN,0.20296505093574524,False,False,True,1.6592442989349365e-05,
3,7,64,head_4,degradation,1.0048828125,1.008374810218811,2926,GCAGCA,1.712890625,0,AAAAAN,2.0,0,AAAAAN,2.0,732,AGCAGC,0.1854320764541626,1460,CAGCAN,0.20290973782539368,1460,CAGCAN,0.20290973782539368,False,False,True,0.0001185685396194458,
3,8,64,head_4,degradation,0.99462890625,1.0015007257461548,2926,GCAGCA,1.716796875,0,AAAAAN,2.0,0,AAAAAN,2.0,732,AGCAGC,0.1853775829076767,1460,CAGCAN,0.20246358215808868,1460,CAGCAN,0.20246358215808868,False,False,True,-0.0002390742301940918,
3,9,64,head_4,degradation,1.0048828125,1.0286943912506104,2926,GCAGCA,1.712890625,0,AAAAAN,2.0,0,AAAAAN,2.0,732,AGCAGC,0.18425743281841278,1460,CAGCAN,0.20289282500743866,1460,CAGCAN,0.20289282500743866,False,False,True,0.00022274255752563477,
3,10,64,head_4,degradation,1.015625,1.0385690927505493,2926,GCAGCA,1.708984375,0,AAAAAN,2.0,0,AAAAAN,2.0,732,AGCAGC,0.18355931341648102,1460,CAGCAN,0.202757328748703,1460,CAGCAN,0.202757328748703,False,False,True,0.0002631843090057373,
3,11,64,head_4,degradation,0.978515625,0.9885105490684509,2926,GCAGCA,1.72265625,0,AAAAAN,2.0,0,AAAAAN,2.0,732,AGCAGC,0.1863243579864502,1460,CAGCAN,0.20267023146152496,1460,CAGCAN,0.20267023146152496,False,False,True,0.00010872632265090942,
3,12,64,head_4,degradation,0.962890625,0.9767794609069824,2926,GCAGCA,1.728515625,0,AAAAAN,2.0,0,AAAAAN,2.0,732,AGCAGC,0.18674682080745697,1460,CAGCAN,0.2024243026971817,1460,CAGCAN,0.2024243026971817,False,False,True,3.288686275482178e-05,
3,13,64,head_4,degradation,0.962890625,0.9720088243484497,2926,GCAGCA,1.728515625,0,AAAAAN,2.0,0,AAAAAN,2.0,732,AGCAGC,0.18768391013145447,1460,CAGCAN,0.20308957993984222,1460,CAGCAN,0.20308957993984222,False,False,True,-0.00015979260206222534,
3,14,64,head_4,degradation,0.9736328125,0.9651551246643066,2926,GCAGCA,1.724609375,0,AAAAAN,2.0,0,AAAAAN,2.0,732,AGCAGC,0.18783344328403473,1460,CAGCAN,0.2028486132621765,1460,CAGCAN,0.2028486132621765,False,False,True,0.00023845583200454712,
3,15,64,head_4,degradation,1.0029296875,1.0094891786575317,2926,GCAGCA,1.7138671875,0,AAAAAN,2.0,0,AAAAAN,2.0,732,AGCAGC,0.18590793013572693,1460,CAGCAN,0.203449085354805,1460,CAGCAN,0.203449085354805,False,False,True,-3.98978590965271e-05,
3,16,64,head_4,degradation,0.9736328125,0.957238495349884,2926,GCAGCA,1.724609375,0,AAAAAN,2.0,0,AAAAAN,2.0,732,AGCAGC,0.18807704746723175,1460,CAGCAN,0.20264115929603577,1460,CAGCAN,0.20264115929603577,False,False,True,-0.0006926953792572021,
3,17,64,head_4,degradation,0.98388671875,0.9613358974456787,2926,GCAGCA,1.720703125,0,AAAAAN,2.0,0,AAAAAN,2.0,732,AGCAGC,0.18813470005989075,1460,CAGCAN,0.20293226838111877,1460,CAGCAN,0.20293226838111877,False,False,True,-0.0016949698328971863,
3,18,64,head_4,degradation,0.9599609375,0.9711949825286865,2926,GCAGCA,1.7294921875,0,AAAAAN,2.0,0,AAAAAN,2.0,732,AGCAGC,0.18742063641548157,1460,CAGCAN,0.20277993381023407,1460,CAGCAN,0.20277993381023407,False,False,True,-0.001252971589565277,
3,19,64,head_4,degradation,1.0185546875,1.0394636392593384,2926,GCAGCA,1.7080078125,0,AAAAAN,2.0,0,AAAAAN,2.0,732,AGCAGC,0.18461154401302338,1460,CAGCAN,0.20386052131652832,1460,CAGCAN,0.20386052131652832,False,False,True,-0.0006183013319969177,
3,20,64,head_4,degradation,1.0,1.0018786191940308,2926,GCAGCA,1.71484375,0,AAAAAN,2.0,0,AAAAAN,2.0,732,AGCAGC,0.18530984222888947,1460,CAGCAN,0.20241737365722656,1460,CAGCAN,0.20241737365722656,False,False,True,4.0411949157714844e-05,
3,21,64,head_4,degradation,0.97607421875,0.9691845178604126,2926,GCAGCA,1.7236328125,0,AAAAAN,2.0,0,AAAAAN,2.0,732,AGCAGC,0.18685084581375122,1460,CAGCAN,0.20209559798240662,1460,CAGCAN,0.20209559798240662,False,False,True,0.0003177747130393982,
3,22,64,head_4,degradation,0.978515625,0.9837634563446045,2926,GCAGCA,1.72265625,0,AAAAAN,2.0,0,AAAAAN,2.0,732,AGCAGC,0.18688015639781952,1460,CAGCAN,0.20295555889606476,1460,CAGCAN,0.20295555889606476,False,False,True,0.0010470598936080933,
3,23,64,head_4,degradation,0.9921875,1.0083125829696655,2926,GCAGCA,1.7177734375,0,AAAAAN,2.0,0,AAAAAN,2.0,732,AGCAGC,0.18451184034347534,1460,CAGCAN,0.20198595523834229,1460,CAGCAN,0.20198595523834229,False,False,True,0.001483321189880371,
3,24,64,head_4,degradation,1.0029296875,1.0193524360656738,2926,GCAGCA,1.7138671875,0,AAAAAN,2.0,0,AAAAAN,2.0,732,AGCAGC,0.18422135710716248,1460,CAGCAN,0.20232447981834412,1460,CAGCAN,0.20232447981834412,False,False,True,0.0006448999047279358,
3,25,64,head_4,degradation,1.0107421875,1.0212072134017944,2926,GCAGCA,1.7109375,0,AAAAAN,2.0,0,AAAAAN,2.0,732,AGCAGC,0.18441589176654816,1460,CAGCAN,0.20262469351291656,1460,CAGCAN,0.20262469351291656,False,False,True,0.000603117048740387,
3,26,64,head_4,degradation,0.97607421875,0.9806012511253357,2926,GCAGCA,1.7236328125,0,AAAAAN,2.0,0,AAAAAN,2.0,732,AGCAGC,0.1866910308599472,1460,CAGCAN,0.20258626341819763,1460,CAGCAN,0.20258626341819763,False,False,True,0.00021963566541671753,
3,27,64,head_4,degradation,1.021484375,1.0167250633239746,2926,GCAGCA,1.70703125,0,AAAAAN,2.0,0,AAAAAN,2.0,732,AGCAGC,0.18538330495357513,1460,CAGCAN,0.20333673059940338,1460,CAGCAN,0.20333673059940338,False,False,True,0.0003669559955596924,
3,28,64,head_4,degradation,1.0107421875,1.0016751289367676,2926,GCAGCA,1.7109375,0,AAAAAN,2.0,0,AAAAAN,2.0,732,AGCAGC,0.18612463772296906,1460,CAGCAN,0.20322057604789734,1460,CAGCAN,0.20322057604789734,False,False,True,0.00030460208654403687,
3,29,64,head_4,degradation,1.0185546875,1.0143914222717285,2926,GCAGCA,1.7080078125,0,AAAAAN,2.0,0,AAAAAN,2.0,732,AGCAGC,0.18542005121707916,1460,CAGCAN,0.2032405138015747,1460,CAGCAN,0.2032405138015747,False,False,True,0.0005785003304481506,
3,30,64,head_4,degradation,1.029296875,1.0218619108200073,2926,GCAGCA,1.7041015625,0,AAAAAN,2.0,0,AAAAAN,2.0,732,AGCAGC,0.18451157212257385,1460,CAGCAN,0.20275767147541046,1460,CAGCAN,0.20275767147541046,False,False,True,-2.3461878299713135e-05,
3,31,64,head_4,degradation,1.0029296875,1.0026516914367676,2926,GCAGCA,1.7138671875,0,AAAAAN,2.0,0,AAAAAN,2.0,732,AGCAGC,0.18635855615139008,1460,CAGCAN,0.2035101354122162,1460,CAGCAN,0.2035101354122162,False,False,True,0.0004045143723487854,
4,0,64,head_4,degradation,0.9921875,0.9992426037788391,2926,GCAGCA,1.7177734375,0,AAAAAN,2.0,0,AAAAAN,2.0,732,AGCAGC,0.1859646886587143,1460,CAGCAN,0.2029220312833786,1460,CAGCAN,0.2029220312833786,False,False,True,0.00010649114847183228,
4,1,64,head_4,degradation,1.0029296875,1.0005468130111694,2926,GCAGCA,1.7138671875,0,AAAAAN,2.0,0,AAAAAN,2.0,732,AGCAGC,0.185458704829216,1460,CAGCAN,0.20249035954475403,1460,CAGCAN,0.20249035954475403,False,False,True,-8.347630500793457e-05,
4,2,64,head_4,degradation,1.0,0.9790922403335571,2926,GCAGCA,1.71484375,0,AAAAAN,2.0,0,AAAAAN,2.0,732,AGCAGC,0.18655160069465637,1460,CAGCAN,0.2023608535528183,1460,CAGCAN,0.2023608535528183,False,False,True,0.000230446457862854,
4,3,64,head_4,degradation,1.0,0.9653431177139282,2926,GCAGCA,1.71484375,0,AAAAAN,2.0,0,AAAAAN,2.0,732,AGCAGC,0.18808379769325256,1460,CAGCAN,0.20310968160629272,1460,CAGCAN,0.20310968160629272,False,False,True,0.0012347623705863953,
4,4,64,head_4,degradation,0.97607421875,0.9468605518341064,2926,GCAGCA,1.7236328125,0,AAAAAN,2.0,0,AAAAAN,2.0,732,AGCAGC,0.18914073705673218,1460,CAGCAN,0.20311355590820312,1460,CAGCAN,0.20311355590820312,False,False,True,0.0007859617471694946,
4,5,64,head_4,degradation,0.9736328125,0.95074462890625,2926,GCAGCA,1.724609375,0,AAAAAN,2.0,0,AAAAAN,2.0,732,AGCAGC,0.1887020617723465,1460,CAGCAN,0.20289617776870728,1460,CAGCAN,0.20289617776870728,False,False,True,0.0005549043416976929,
4,6,64,head_4,degradation,0.97607421875,0.9873566627502441,2926,GCAGCA,1.7236328125,0,AAAAAN,2.0,0,AAAAAN,2.0,732,AGCAGC,0.18617355823516846,1460,CAGCAN,0.20245368778705597,1460,CAGCAN,0.20245368778705597,False,False,True,-0.0002740994095802307,
4,7,64,head_4,degradation,0.9892578125,1.000691533088684,2926,GCAGCA,1.71875,0,AAAAAN,2.0,0,AAAAAN,2.0,732,AGCAGC,0.18558214604854584,1460,CAGCAN,0.20262204110622406,1460,CAGCAN,0.20262204110622406,False,False,True,-0.00013725459575653076,
4,8,64,head_4,degradation,1.0,1.01043701171875,2926,GCAGCA,1.71484375,0,AAAAAN,2.0,0,AAAAAN,2.0,732,AGCAGC,0.18477925658226013,1460,CAGCAN,0.2023744136095047,1460,CAGCAN,0.2023744136095047,False,False,True,0.00022599846124649048,
4,9,64,head_4,degradation,0.96533203125,0.9669492244720459,2926,GCAGCA,1.7275390625,0,AAAAAN,2.0,0,AAAAAN,2.0,732,AGCAGC,0.18787264823913574,1460,CAGCAN,0.20299004018306732,1460,CAGCAN,0.20299004018306732,False,False,True,0.00042123347520828247,
4,10,64,head_4,degradation,0.96826171875,0.9708484411239624,2926,GCAGCA,1.7265625,0,AAAAAN,2.0,0,AAAAAN,2.0,732,AGCAGC,0.18778499960899353,1460,CAGCAN,0.20312455296516418,1460,CAGCAN,0.20312455296516418,False,False,True,0.0006134286522865295,
4,11,64,head_4,degradation,1.029296875,1.0323015451431274,2926,GCAGCA,1.7041015625,0,AAAAAN,2.0,0,AAAAAN,2.0,732,AGCAGC,0.1841166913509369,1460,CAGCAN,0.20295760035514832,1460,CAGCAN,0.20295760035514832,False,False,True,0.00010272860527038574,
4,12,64,head_4,degradation,1.06640625,1.0836588144302368,2926,GCAGCA,1.6904296875,0,AAAAAN,2.0,0,AAAAAN,2.0,732,AGCAGC,0.18149834871292114,1460,CAGCAN,0.20326539874076843,1460,CAGCAN,0.20326539874076843,False,False,True,5.700439214706421e-05,
4,13,64,head_4,degradation,1.0556640625,1.0858622789382935,2926,GCAGCA,1.6943359375,0,AAAAAN,2.0,0,AAAAAN,2.0,732,AGCAGC,0.18194875121116638,1460,CAGCAN,0.20384134352207184,1460,CAGCAN,0.20384134352207184,False,False,True,-0.00019140541553497314,
4,14,64,head_4,degradation,1.0029296875,0.9527913331985474,2926,GCAGCA,1.7138671875,0,AAAAAN,2.0,0,AAAAAN,2.0,732,AGCAGC,0.1904604434967041,1460,CAGCAN,0.20477117598056793,1460,CAGCAN,0.20477117598056793,False,False,True,-0.0026564225554466248,
4,15,64,head_4,degradation,0.9150390625,0.8318242430686951,2926,GCAGCA,1.74609375,0,AAAAAN,2.0,0,AAAAAN,2.0,732,AGCAGC,0.1967996507883072,1460,CAGCAN,0.20421814918518066,1460,CAGCAN,0.20421814918518066,False,False,True,-0.0009473636746406555,
4,16,64,head_4,degradation,0.962890625,0.8398096561431885,2926,GCAGCA,1.728515625,0,AAAAAN,2.0,0,AAAAAN,2.0,732,AGCAGC,0.19663174450397491,1460,CAGCAN,0.20450522005558014,1460,CAGCAN,0.20450522005558014,False,False,True,0.0009470358490943909,
4,17,64,head_4,degradation,0.962890625,0.9080913662910461,2926,GCAGCA,1.728515625,0,AAAAAN,2.0,0,AAAAAN,2.0,732,AGCAGC,0.19020001590251923,1460,CAGCAN,0.20196391642093658,1460,CAGCAN,0.20196391642093658,False,False,True,0.0018336698412895203,
4,18,64,head_4,degradation,1.015625,1.0301640033721924,2926,GCAGCA,1.708984375,0,AAAAAN,2.0,0,AAAAAN,2.0,732,AGCAGC,0.1851775348186493,1460,CAGCAN,0.2038966566324234,1460,CAGCAN,0.2038966566324234,False,False,True,-2.053380012512207e-05,
4,19,64,head_4,degradation,1.0322265625,1.0332599878311157,2926,GCAGCA,1.703125,0,AAAAAN,2.0,0,AAAAAN,2.0,732,AGCAGC,0.1838342696428299,1460,CAGCAN,0.20272979140281677,1460,CAGCAN,0.20272979140281677,False,False,True,-0.0007580369710922241,
4,20,64,head_4,degradation,1.0185546875,1.0046061277389526,2926,GCAGCA,1.7080078125,0,AAAAAN,2.0,0,AAAAAN,2.0,732,AGCAGC,0.18625305593013763,1460,CAGCAN,0.20351599156856537,1460,CAGCAN,0.20351599156856537,False,False,True,0.0002593621611595154,
4,21,64,head_4,degradation,1.0048828125,0.992365837097168,2926,GCAGCA,1.712890625,0,AAAAAN,2.0,0,AAAAAN,2.0,732,AGCAGC,0.18569909036159515,1460,CAGCAN,0.20226462185382843,1460,CAGCAN,0.20226462185382843,False,False,True,-9.98377799987793e-07,
4,22,64,head_4,degradation,1.0,1.0033494234085083,2926,GCAGCA,1.71484375,0,AAAAAN,2.0,0,AAAAAN,2.0,732,AGCAGC,0.18544721603393555,1460,CAGCAN,0.20263855159282684,1460,CAGCAN,0.20263855159282684,False,False,True,-0.0003693327307701111,
4,23,64,head_4,degradation,0.9921875,0.9958065748214722,2926,GCAGCA,1.7177734375,0,AAAAAN,2.0,0,AAAAAN,2.0,732,AGCAGC,0.18568164110183716,1460,CAGCAN,0.2024432122707367,1460,CAGCAN,0.2024432122707367,False,False,True,5.433708429336548e-05,
4,24,64,head_4,degradation,1.0048828125,1.0172209739685059,2926,GCAGCA,1.712890625,0,AAAAAN,2.0,0,AAAAAN,2.0,732,AGCAGC,0.18478085100650787,1460,CAGCAN,0.20276252925395966,1460,CAGCAN,0.20276252925395966,False,False,True,0.00045821070671081543,
4,25,64,head_4,degradation,1.029296875,1.0311789512634277,2926,GCAGCA,1.7041015625,0,AAAAAN,2.0,0,AAAAAN,2.0,732,AGCAGC,0.18452274799346924,1460,CAGCAN,0.20329970121383667,1460,CAGCAN,0.20329970121383667,False,False,True,0.0005780458450317383,
4,26,64,head_4,degradation,1.029296875,1.0260974168777466,2926,GCAGCA,1.7041015625,0,AAAAAN,2.0,0,AAAAAN,2.0,732,AGCAGC,0.18466497957706451,1460,CAGCAN,0.20315240323543549,1460,CAGCAN,0.20315240323543549,False,False,True,0.0003145262598991394,
4,27,64,head_4,degradation,1.013671875,0.9879239201545715,2926,GCAGCA,1.7099609375,0,AAAAAN,2.0,0,AAAAAN,2.0,732,AGCAGC,0.18782584369182587,1460,CAGCAN,0.20413829386234283,1460,CAGCAN,0.20413829386234283,False,False,True,-1.1995434761047363e-05,
4,28,64,head_4,degradation,0.98681640625,0.9471749067306519,2926,GCAGCA,1.7197265625,0,AAAAAN,2.0,0,AAAAAN,2.0,732,AGCAGC,0.18934136629104614,1460,CAGCAN,0.2033320963382721,1460,CAGCAN,0.2033320963382721,False,False,True,-0.0004618242383003235,
4,29,64,head_4,degradation,0.96533203125,0.9341790676116943,2926,GCAGCA,1.7275390625,0,AAAAAN,2.0,0,AAAAAN,2.0,732,AGCAGC,0.18969133496284485,1460,CAGCAN,0.20294161140918732,1460,CAGCAN,0.20294161140918732,False,False,True,-0.00021057575941085815,
4,30,64,head_4,degradation,1.0185546875,0.9895682334899902,2926,GCAGCA,1.7080078125,0,AAAAAN,2.0,0,AAAAAN,2.0,732,AGCAGC,0.1871529221534729,1460,CAGCAN,0.2035590559244156,1460,CAGCAN,0.2035590559244156,False,False,True,0.0004493817687034607,
4,31,64,head_4,degradation,1.0263671875,0.9936075806617737,2926,GCAGCA,1.705078125,0,AAAAAN,2.0,0,AAAAAN,2.0,732,AGCAGC,0.18680575489997864,1460,CAGCAN,0.2034420371055603,1460,CAGCAN,0.2034420371055603,False,False,True,0.0006418153643608093,
5,0,64,head_4,degradation,1.021484375,1.0370289087295532,2926,GCAGCA,1.70703125,0,AAAAAN,2.0,0,AAAAAN,2.0,732,AGCAGC,0.18402455747127533,1460,CAGCAN,0.20313481986522675,1460,CAGCAN,0.20313481986522675,False,False,True,0.000284440815448761,
5,1,64,head_4,degradation,1.0,1.005011796951294,2926,GCAGCA,1.71484375,0,AAAAAN,2.0,0,AAAAAN,2.0,732,AGCAGC,0.18560071289539337,1460,CAGCAN,0.20288676023483276,1460,CAGCAN,0.20288676023483276,False,False,True,0.00029709190130233765,
5,2,64,head_4,degradation,0.99462890625,1.0205450057983398,2926,GCAGCA,1.716796875,0,AAAAAN,2.0,0,AAAAAN,2.0,732,AGCAGC,0.18381552398204803,1460,CAGCAN,0.20198659598827362,1460,CAGCAN,0.20198659598827362,False,False,True,-0.0014181658625602722,
5,3,64,head_4,degradation,0.978515625,0.9841753840446472,2926,GCAGCA,1.72265625,0,AAAAAN,2.0,0,AAAAAN,2.0,732,AGCAGC,0.18589918315410614,1460,CAGCAN,0.2019980549812317,1460,CAGCAN,0.2019980549812317,False,False,True,-0.0005635321140289307,
5,4,64,head_4,degradation,0.98681640625,1.0069949626922607,2926,GCAGCA,1.7197265625,0,AAAAAN,2.0,0,AAAAAN,2.0,732,AGCAGC,0.18555110692977905,1460,CAGCAN,0.2029501497745514,1460,CAGCAN,0.2029501497745514,False,False,True,-0.0007560998201370239,
5,5,64,head_4,degradation,1.0,1.000160574913025,2926,GCAGCA,1.71484375,0,AAAAAN,2.0,0,AAAAAN,2.0,732,AGCAGC,0.18596111238002777,1460,CAGCAN,0.20297075808048248,1460,CAGCAN,0.20297075808048248,False,False,True,0.0005060061812400818,
5,6,64,head_4,degradation,1.0107421875,1.0077364444732666,2926,GCAGCA,1.7109375,0,AAAAAN,2.0,0,AAAAAN,2.0,732,AGCAGC,0.18504607677459717,1460,CAGCAN,0.20248736441135406,1460,CAGCAN,0.20248736441135406,False,False,True,1.695007085800171e-05,
5,7,64,head_4,degradation,0.99462890625,0.9990496039390564,2926,GCAGCA,1.716796875,0,AAAAAN,2.0,0,AAAAAN,2.0,732,AGCAGC,0.18564072251319885,1460,CAGCAN,0.2025870680809021,1460,CAGCAN,0.2025870680809021,False,False,True,0.0004125833511352539,
5,8,64,head_4,degradation,1.0107421875,1.0023399591445923,2926,GCAGCA,1.7109375,0,AAAAAN,2.0,0,AAAAAN,2.0,732,AGCAGC,0.18687625229358673,1460,CAGCAN,0.20401006937026978,1460,CAGCAN,0.20401006937026978,False,False,True,0.00014779716730117798,
5,9,64,head_4,degradation,1.0322265625,1.0266327857971191,2926,GCAGCA,1.703125,0,AAAAAN,2.0,0,AAAAAN,2.0,732,AGCAGC,0.18534263968467712,1460,CAGCAN,0.2038605660200119,1460,CAGCAN,0.2038605660200119,False,False,True,0.0001284778118133545,
5,10,64,head_4,degradation,0.75,0.7548452615737915,2926,GCAGCA,1.806640625,0,AAAAAN,2.0,0,AAAAAN,2.0,732,AGCAGC,0.19702933728694916,1460,CAGCAN,0.2000618726015091,1460,CAGCAN,0.2000618726015091,False,False,True,-0.000308111310005188,
5,11,64,head_4,degradation,0.8671875,0.8627969026565552,2926,GCAGCA,1.763671875,0,AAAAAN,2.0,0,AAAAAN,2.0,732,AGCAGC,0.19167181849479675,1460,CAGCAN,0.20085501670837402,1460,CAGCAN,0.20085501670837402,False,False,True,-0.0008444786071777344,
5,12,64,head_4,degradation,0.6728515625,0.6686304211616516,2926,GCAGCA,1.8349609375,0,AAAAAN,2.0,0,AAAAAN,2.0,732,AGCAGC,0.19994664192199707,1460,CAGCAN,0.19806699454784393,732,AGCAGC,0.19994664192199707,False,True,True,-0.0015517696738243103,
5,13,64,head_4,degradation,0.8349609375,0.8412423133850098,2926,GCAGCA,1.775390625,0,AAAAAN,2.0,0,AAAAAN,2.0,732,AGCAGC,0.1920442283153534,1460,CAGCAN,0.19999933242797852,1460,CAGCAN,0.19999933242797852,False,False,True,-0.0025429725646972656,
5,14,64,head_4,degradation,0.74755859375,0.7557700276374817,2926,GCAGCA,1.8076171875,0,AAAAAN,2.0,0,AAAAAN,2.0,732,AGCAGC,0.1980605125427246,1460,CAGCAN,0.201145738363266,1460,CAGCAN,0.201145738363266,False,False,True,-0.004078425467014313,
5,15,64,head_4,degradation,0.82958984375,0.816901683807373,2926,GCAGCA,1.77734375,0,AAAAAN,2.0,0,AAAAAN,2.0,732,AGCAGC,0.19565178453922272,1460,CAGCAN,0.20222005248069763,1460,CAGCAN,0.20222005248069763,False,False,True,-0.0004781484603881836,
5,16,64,head_4,degradation,0.9921875,0.9414193630218506,2926,GCAGCA,1.7177734375,0,AAAAAN,2.0,0,AAAAAN,2.0,732,AGCAGC,0.19029979407787323,1460,CAGCAN,0.20396259427070618,1460,CAGCAN,0.20396259427070618,False,False,True,0.0010443106293678284,
5,17,64,head_4,degradation,0.98681640625,0.9404336214065552,2926,GCAGCA,1.7197265625,0,AAAAAN,2.0,0,AAAAAN,2.0,732,AGCAGC,0.1900801658630371,1460,CAGCAN,0.20368680357933044,1460,CAGCAN,0.20368680357933044,False,False,True,0.003021553158760071,
5,18,64,head_4,degradation,0.9892578125,0.9989774227142334,2926,GCAGCA,1.71875,0,AAAAAN,2.0,0,AAAAAN,2.0,732,AGCAGC,0.1860707551240921,1460,CAGCAN,0.20301298797130585,1460,CAGCAN,0.20301298797130585,False,False,True,0.0001613125205039978,
5,19,64,head_4,degradation,1.0,0.980355978012085,2926,GCAGCA,1.71484375,0,AAAAAN,2.0,0,AAAAAN,2.0,732,AGCAGC,0.1871454119682312,1460,CAGCAN,0.2030266672372818,1460,CAGCAN,0.2030266672372818,False,False,True,-0.00029205530881881714,
5,20,64,head_4,degradation,0.9921875,0.9722599387168884,2926,GCAGCA,1.7177734375,0,AAAAAN,2.0,0,AAAAAN,2.0,732,AGCAGC,0.18736813962459564,1460,CAGCAN,0.2027881145477295,1460,CAGCAN,0.2027881145477295,False,False,True,-0.0002484172582626343,
5,21,64,head_4,degradation,0.99462890625,0.9944981336593628,2926,GCAGCA,1.716796875,0,AAAAAN,2.0,0,AAAAAN,2.0,732,AGCAGC,0.18723547458648682,1460,CAGCAN,0.20392249524593353,1460,CAGCAN,0.20392249524593353,False,False,True,-0.00011739879846572876,
5,22,64,head_4,degradation,0.98681640625,0.9783337712287903,2926,GCAGCA,1.7197265625,0,AAAAAN,2.0,0,AAAAAN,2.0,732,AGCAGC,0.18820947408676147,1460,CAGCAN,0.20397551357746124,1460,CAGCAN,0.20397551357746124,False,False,True,0.0005797818303108215,
5,23,64,head_4,degradation,0.98388671875,0.983539879322052,2926,GCAGCA,1.720703125,0,AAAAAN,2.0,0,AAAAAN,2.0,732,AGCAGC,0.18756285309791565,1460,CAGCAN,0.20362551510334015,1460,CAGCAN,0.20362551510334015,False,False,True,0.0005442127585411072,
5,24,64,head_4,degradation,0.9892578125,0.9677019119262695,2926,GCAGCA,1.71875,0,AAAAAN,2.0,0,AAAAAN,2.0,732,AGCAGC,0.1878667026758194,1460,CAGCAN,0.20302698016166687,1460,CAGCAN,0.20302698016166687,False,False,True,0.0002185925841331482,
5,25,64,head_4,degradation,0.96826171875,0.96174156665802,2926,GCAGCA,1.7265625,0,AAAAAN,2.0,0,AAAAAN,2.0,732,AGCAGC,0.18686404824256897,1460,CAGCAN,0.20168472826480865,1460,CAGCAN,0.20168472826480865,False,False,True,0.0005338340997695923,
5,26,64,head_4,degradation,0.98681640625,0.9825183153152466,2926,GCAGCA,1.7197265625,0,AAAAAN,2.0,0,AAAAAN,2.0,732,AGCAGC,0.18555481731891632,1460,CAGCAN,0.20155927538871765,1460,CAGCAN,0.20155927538871765,False,False,True,6.794929504394531e-05,
5,27,64,head_4,degradation,0.9921875,1.0013636350631714,2926,GCAGCA,1.7177734375,0,AAAAAN,2.0,0,AAAAAN,2.0,732,AGCAGC,0.18539348244667053,1460,CAGCAN,0.20247167348861694,1460,CAGCAN,0.20247167348861694,False,False,True,0.0005058273673057556,
5,28,64,head_4,degradation,0.978515625,0.9918832778930664,2926,GCAGCA,1.72265625,0,AAAAAN,2.0,0,AAAAAN,2.0,732,AGCAGC,0.18563321232795715,1460,CAGCAN,0.20217125117778778,1460,CAGCAN,0.20217125117778778,False,False,True,0.0005047619342803955,
5,29,64,head_4,degradation,0.978515625,0.9885997772216797,2926,GCAGCA,1.72265625,0,AAAAAN,2.0,0,AAAAAN,2.0,732,AGCAGC,0.1862061768770218,1460,CAGCAN,0.20255713164806366,1460,CAGCAN,0.20255713164806366,False,False,True,0.00042551755905151367,
5,30,64,head_4,degradation,0.9892578125,0.983034074306488,2926,GCAGCA,1.71875,0,AAAAAN,2.0,0,AAAAAN,2.0,732,AGCAGC,0.18521925806999207,1460,CAGCAN,0.20125310122966766,1460,CAGCAN,0.20125310122966766,False,False,True,0.00013655424118041992,
5,31,64,head_4,degradation,0.98388671875,1.0004945993423462,2926,GCAGCA,1.720703125,0,AAAAAN,2.0,0,AAAAAN,2.0,732,AGCAGC,0.18539249897003174,1460,CAGCAN,0.202421173453331,1460,CAGCAN,0.202421173453331,False,False,True,0.00039958953857421875,
6,0,64,head_4,degradation,1.0,1.0091625452041626,2926,GCAGCA,1.71484375,0,AAAAAN,2.0,0,AAAAAN,2.0,732,AGCAGC,0.18499046564102173,1460,CAGCAN,0.20251300930976868,1460,CAGCAN,0.20251300930976868,False,False,True,-4.054605960845947e-05,
6,1,64,head_4,degradation,1.0029296875,1.0323342084884644,2926,GCAGCA,1.7138671875,0,AAAAAN,2.0,0,AAAAAN,2.0,732,AGCAGC,0.1841953545808792,1460,CAGCAN,0.20303812623023987,1460,CAGCAN,0.20303812623023987,False,False,True,-0.00014322996139526367,
6,2,64,head_4,degradation,1.0263671875,1.0375055074691772,2926,GCAGCA,1.705078125,0,AAAAAN,2.0,0,AAAAAN,2.0,732,AGCAGC,0.18339353799819946,1460,CAGCAN,0.20253095030784607,1460,CAGCAN,0.20253095030784607,False,False,True,-4.909932613372803e-05,
6,3,64,head_4,degradation,0.99462890625,0.9998967051506042,2926,GCAGCA,1.716796875,0,AAAAAN,2.0,0,AAAAAN,2.0,732,AGCAGC,0.18505527079105377,1460,CAGCAN,0.2020498812198639,1460,CAGCAN,0.2020498812198639,False,False,True,-0.00032526999711990356,
6,4,64,head_4,degradation,1.013671875,1.0011340379714966,2926,GCAGCA,1.7099609375,0,AAAAAN,2.0,0,AAAAAN,2.0,732,AGCAGC,0.1853521168231964,1460,CAGCAN,0.20241722464561462,1460,CAGCAN,0.20241722464561462,False,False,True,-5.4135918617248535e-05,
6,5,64,head_4,degradation,1.013671875,1.0193688869476318,2926,GCAGCA,1.7099609375,0,AAAAAN,2.0,0,AAAAAN,2.0,732,AGCAGC,0.1848297119140625,1460,CAGCAN,0.20293377339839935,1460,CAGCAN,0.20293377339839935,False,False,True,0.00014747679233551025,
6,6,64,head_4,degradation,1.021484375,1.019426941871643,2926,GCAGCA,1.70703125,0,AAAAAN,2.0,0,AAAAAN,2.0,732,AGCAGC,0.1848633736371994,1460,CAGCAN,0.2029707431793213,1460,CAGCAN,0.2029707431793213,False,False,True,0.00042025744915008545,
6,7,64,head_4,degradation,1.021484375,1.0187451839447021,2926,GCAGCA,1.70703125,0,AAAAAN,2.0,0,AAAAAN,2.0,732,AGCAGC,0.18421466648578644,1460,CAGCAN,0.20228318870067596,1460,CAGCAN,0.20228318870067596,False,False,True,0.00016030669212341309,
6,8,64,head_4,degradation,1.021484375,1.0177605152130127,2926,GCAGCA,1.70703125,0,AAAAAN,2.0,0,AAAAAN,2.0,732,AGCAGC,0.1849694401025772,1460,CAGCAN,0.2029818594455719,1460,CAGCAN,0.2029818594455719,False,False,True,0.0002094060182571411,
6,9,64,head_4,degradation,1.0,0.9997745752334595,2926,GCAGCA,1.71484375,0,AAAAAN,2.0,0,AAAAAN,2.0,732,AGCAGC,0.18588963150978088,1460,CAGCAN,0.20287728309631348,1460,CAGCAN,0.20287728309631348,False,False,True,0.00019303709268569946,
6,10,64,head_4,degradation,1.0263671875,1.025726556777954,2926,GCAGCA,1.705078125,0,AAAAAN,2.0,0,AAAAAN,2.0,732,AGCAGC,0.1850433051586151,1460,CAGCAN,0.2035095989704132,1460,CAGCAN,0.2035095989704132,False,False,True,0.0005944743752479553,
6,11,64,head_4,degradation,0.88037109375,0.9029684066772461,2926,GCAGCA,1.7587890625,0,AAAAAN,2.0,0,AAAAAN,2.0,732,AGCAGC,0.1901090443134308,1460,CAGCAN,0.20158106088638306,1460,CAGCAN,0.20158106088638306,False,False,True,-0.0010796040296554565,
6,12,64,head_4,degradation,0.646484375,0.6866341233253479,2926,GCAGCA,1.8447265625,0,AAAAAN,2.0,0,AAAAAN,2.0,732,AGCAGC,0.19957031309604645,1460,CAGCAN,0.1987164467573166,732,AGCAGC,0.19957031309604645,False,True,True,-0.0015351027250289917,
6,13,64,head_4,degradation,0.6435546875,0.6855310201644897,2926,GCAGCA,1.845703125,0,AAAAAN,2.0,0,AAAAAN,2.0,732,AGCAGC,0.20005644857883453,1460,CAGCAN,0.19913972914218903,732,AGCAGC,0.20005644857883453,False,True,True,-0.002029798924922943,
6,14,64,head_4,degradation,0.79248046875,0.8469740748405457,2926,GCAGCA,1.791015625,0,AAAAAN,2.0,0,AAAAAN,2.0,732,AGCAGC,0.1929643601179123,1460,CAGCAN,0.20124603807926178,1460,CAGCAN,0.20124603807926178,False,False,True,-0.0025596022605895996,
6,15,64,head_4,degradation,1.072265625,1.1248210668563843,2926,GCAGCA,1.6884765625,0,AAAAAN,2.0,0,AAAAAN,2.0,732,AGCAGC,0.17973920702934265,1460,CAGCAN,0.20385152101516724,1460,CAGCAN,0.20385152101516724,False,False,True,-0.0039520785212516785,
6,16,64,head_4,degradation,0.95751953125,1.002875566482544,2926,GCAGCA,1.73046875,0,AAAAAN,2.0,0,AAAAAN,2.0,732,AGCAGC,0.18595848977565765,1460,CAGCAN,0.2031228244304657,1460,CAGCAN,0.2031228244304657,False,False,True,-0.0032544657588005066,
6,17,64,head_4,degradation,0.9521484375,0.9871134757995605,2926,GCAGCA,1.732421875,0,AAAAAN,2.0,0,AAAAAN,2.0,732,AGCAGC,0.1876523792743683,1460,CAGCAN,0.20391865074634552,1460,CAGCAN,0.20391865074634552,False,False,True,-0.0004764944314956665,
6,18,64,head_4,degradation,0.88818359375,0.8991090059280396,2926,GCAGCA,1.755859375,0,AAAAAN,2.0,0,AAAAAN,2.0,732,AGCAGC,0.1915985643863678,1460,CAGCAN,0.20285068452358246,1460,CAGCAN,0.20285068452358246,False,False,True,0.0015856251120567322,
6,19,64,head_4,degradation,1.0400390625,1.0695703029632568,2926,GCAGCA,1.7001953125,0,AAAAAN,2.0,0,AAAAAN,2.0,732,AGCAGC,0.18305359780788422,1460,CAGCAN,0.20401793718338013,1460,CAGCAN,0.20401793718338013,False,False,True,0.0005988776683807373,
6,20,64,head_4,degradation,1.0693359375,1.0744248628616333,2926,GCAGCA,1.689453125,0,AAAAAN,2.0,0,AAAAAN,2.0,732,AGCAGC,0.1829136461019516,1460,CAGCAN,0.2041545808315277,1460,CAGCAN,0.2041545808315277,False,False,True,0.00042095035314559937,
6,21,64,head_4,degradation,1.04296875,1.0335040092468262,2926,GCAGCA,1.69921875,0,AAAAAN,2.0,0,AAAAAN,2.0,732,AGCAGC,0.18345901370048523,1460,CAGCAN,0.20236843824386597,1460,CAGCAN,0.20236843824386597,False,False,True,7.168948650360107e-05,
6,22,64,head_4,degradation,1.044921875,1.0390833616256714,2926,GCAGCA,1.6982421875,0,AAAAAN,2.0,0,AAAAAN,2.0,732,AGCAGC,0.18289603292942047,1460,CAGCAN,0.20212334394454956,1460,CAGCAN,0.20212334394454956,False,False,True,0.0006132125854492188,
6,23,64,head_4,degradation,1.0400390625,1.0378799438476562,2926,GCAGCA,1.7001953125,0,AAAAAN,2.0,0,AAAAAN,2.0,732,AGCAGC,0.18353866040706635,1460,CAGCAN,0.20269741117954254,1460,CAGCAN,0.20269741117954254,False,False,True,0.000541388988494873,
6,24,64,head_4,degradation,1.021484375,1.038604736328125,2926,GCAGCA,1.70703125,0,AAAAAN,2.0,0,AAAAAN,2.0,732,AGCAGC,0.18354907631874084,1460,CAGCAN,0.2027491182088852,1460,CAGCAN,0.2027491182088852,False,False,True,0.00028680264949798584,
6,25,64,head_4,degradation,1.0185546875,1.0269598960876465,2926,GCAGCA,1.7080078125,0,AAAAAN,2.0,0,AAAAAN,2.0,732,AGCAGC,0.18496987223625183,1460,CAGCAN,0.2035064399242401,1460,CAGCAN,0.2035064399242401,False,False,True,-5.054473876953125e-05,
6,26,64,head_4,degradation,1.015625,1.02919602394104,2926,GCAGCA,1.708984375,0,AAAAAN,2.0,0,AAAAAN,2.0,732,AGCAGC,0.1850626915693283,1460,CAGCAN,0.203726664185524,1460,CAGCAN,0.203726664185524,False,False,True,-0.0006060004234313965,
6,27,64,head_4,degradation,0.99462890625,0.9906773567199707,2926,GCAGCA,1.716796875,0,AAAAAN,2.0,0,AAAAAN,2.0,732,AGCAGC,0.1864612102508545,1460,CAGCAN,0.2029305398464203,1460,CAGCAN,0.2029305398464203,False,False,True,-0.0003071799874305725,
6,28,64,head_4,degradation,0.98681640625,1.0027620792388916,2926,GCAGCA,1.7197265625,0,AAAAAN,2.0,0,AAAAAN,2.0,732,AGCAGC,0.18649457395076752,1460,CAGCAN,0.20365244150161743,1460,CAGCAN,0.20365244150161743,False,False,True,-0.00021185725927352905,
6,29,64,head_4,degradation,0.9892578125,1.0006300210952759,2926,GCAGCA,1.71875,0,AAAAAN,2.0,0,AAAAAN,2.0,732,AGCAGC,0.18608395755290985,1460,CAGCAN,0.20312035083770752,1460,CAGCAN,0.20312035083770752,False,False,True,4.193931818008423e-05,
6,30,64,head_4,degradation,0.98681640625,0.9930139183998108,2926,GCAGCA,1.7197265625,0,AAAAAN,2.0,0,AAAAAN,2.0,732,AGCAGC,0.1870890110731125,1460,CAGCAN,0.20369146764278412,1460,CAGCAN,0.20369146764278412,False,False,True,8.352845907211304e-05,
6,31,64,head_4,degradation,1.021484375,1.0574877262115479,2926,GCAGCA,1.70703125,0,AAAAAN,2.0,0,AAAAAN,2.0,732,AGCAGC,0.1838265210390091,1460,CAGCAN,0.20410244166851044,1460,CAGCAN,0.20410244166851044,False,False,True,0.00032070279121398926,
7,0,64,head_4,degradation,1.0107421875,1.0150407552719116,2926,GCAGCA,1.7109375,0,AAAAAN,2.0,0,AAAAAN,2.0,732,AGCAGC,0.18490369617938995,1460,CAGCAN,0.20276115834712982,1460,CAGCAN,0.20276115834712982,False,False,True,0.0005467906594276428,
7,1,64,head_4,degradation,0.96826171875,0.9686120748519897,2926,GCAGCA,1.7265625,0,AAAAAN,2.0,0,AAAAAN,2.0,732,AGCAGC,0.18820160627365112,1460,CAGCAN,0.20341373980045319,1460,CAGCAN,0.20341373980045319,False,False,True,0.0006899088621139526,
7,2,64,head_4,degradation,0.9921875,0.9945614337921143,2926,GCAGCA,1.7177734375,0,AAAAAN,2.0,0,AAAAAN,2.0,732,AGCAGC,0.1866493970155716,1460,CAGCAN,0.20334002375602722,1460,CAGCAN,0.20334002375602722,False,False,True,0.000725671648979187,
7,3,64,head_4,degradation,1.0029296875,1.0193558931350708,2926,GCAGCA,1.7138671875,0,AAAAAN,2.0,0,AAAAAN,2.0,732,AGCAGC,0.18596674501895905,1460,CAGCAN,0.2040700614452362,1460,CAGCAN,0.2040700614452362,False,False,True,0.0011272728443145752,
7,4,64,head_4,degradation,1.021484375,1.0182067155838013,2926,GCAGCA,1.70703125,0,AAAAAN,2.0,0,AAAAAN,2.0,732,AGCAGC,0.18545374274253845,1460,CAGCAN,0.20349158346652985,1460,CAGCAN,0.20349158346652985,False,False,True,0.0006176233291625977,
7,5,64,head_4,degradation,1.015625,1.0298770666122437,2926,GCAGCA,1.708984375,0,AAAAAN,2.0,0,AAAAAN,2.0,732,AGCAGC,0.1844947189092636,1460,CAGCAN,0.20319749414920807,1460,CAGCAN,0.20319749414920807,False,False,True,0.0003195628523826599,
7,6,64,head_4,degradation,0.98681640625,0.9917119741439819,2926,GCAGCA,1.7197265625,0,AAAAAN,2.0,0,AAAAAN,2.0,732,AGCAGC,0.18618331849575043,1460,CAGCAN,0.20271159708499908,1460,CAGCAN,0.20271159708499908,False,False,True,-0.00011575967073440552,
7,7,64,head_4,degradation,1.013671875,0.9991133809089661,2926,GCAGCA,1.7099609375,0,AAAAAN,2.0,0,AAAAAN,2.0,732,AGCAGC,0.18578223884105682,1460,CAGCAN,0.20273222029209137,1460,CAGCAN,0.20273222029209137,False,False,True,-0.0003128647804260254,
7,8,64,head_4,degradation,1.029296875,1.0257285833358765,2926,GCAGCA,1.7041015625,0,AAAAAN,2.0,0,AAAAAN,2.0,732,AGCAGC,0.1846717894077301,1460,CAGCAN,0.20313820242881775,1460,CAGCAN,0.20313820242881775,False,False,True,0.0002060234546661377,
7,9,64,head_4,degradation,0.97607421875,1.0048466920852661,2926,GCAGCA,1.7236328125,0,AAAAAN,2.0,0,AAAAAN,2.0,732,AGCAGC,0.18566621840000153,1460,CAGCAN,0.2029428631067276,1460,CAGCAN,0.2029428631067276,False,False,True,-0.0008901283144950867,
7,10,64,head_4,degradation,0.9599609375,0.9774084687232971,2926,GCAGCA,1.7294921875,0,AAAAAN,2.0,0,AAAAAN,2.0,732,AGCAGC,0.18654878437519073,1460,CAGCAN,0.20226210355758667,1460,CAGCAN,0.20226210355758667,False,False,True,-0.0007056295871734619,
7,11,64,head_4,degradation,0.9921875,0.9986525774002075,2926,GCAGCA,1.7177734375,0,AAAAAN,2.0,0,AAAAAN,2.0,732,AGCAGC,0.1851227581501007,1460,CAGCAN,0.2020464837551117,1460,CAGCAN,0.2020464837551117,False,False,True,-0.0007044076919555664,
7,12,64,head_4,degradation,1.0556640625,1.0333988666534424,2926,GCAGCA,1.6943359375,0,AAAAAN,2.0,0,AAAAAN,2.0,732,AGCAGC,0.18388094007968903,1460,CAGCAN,0.20278437435626984,1460,CAGCAN,0.20278437435626984,False,False,True,0.0006694644689559937,
7,13,64,head_4,degradation,1.125,1.1052916049957275,2926,GCAGCA,1.6689453125,0,AAAAAN,2.0,0,AAAAAN,2.0,732,AGCAGC,0.18137994408607483,1460,CAGCAN,0.20437954366207123,1460,CAGCAN,0.20437954366207123,False,False,True,0.002629391849040985,
7,14,64,head_4,degradation,0.845703125,0.8659454584121704,2926,GCAGCA,1.771484375,0,AAAAAN,2.0,0,AAAAAN,2.0,732,AGCAGC,0.19082821905612946,1460,CAGCAN,0.20019081234931946,1460,CAGCAN,0.20019081234931946,False,False,True,0.0014855489134788513,
7,15,64,head_4,degradation,0.64111328125,0.6478227972984314,2926,GCAGCA,1.8466796875,0,AAAAAN,2.0,0,AAAAAN,2.0,732,AGCAGC,0.19983910024166107,1460,CAGCAN,0.19677391648292542,732,AGCAGC,0.19983910024166107,False,True,True,0.0018498972058296204,
7,16,64,head_4,degradation,0.62255859375,0.609774112701416,2926,GCAGCA,1.853515625,0,AAAAAN,2.0,732,AGCAGC,2.00390625,732,AGCAGC,0.2005234956741333,1460,CAGCAN,0.1952904462814331,732,AGCAGC,0.2005234956741333,False,True,True,0.0015415176749229431,
7,17,64,head_4,degradation,0.8671875,0.7908950448036194,2926,GCAGCA,1.763671875,0,AAAAAN,2.0,0,AAAAAN,2.0,732,AGCAGC,0.19518399238586426,1460,CAGCAN,0.20027050375938416,1460,CAGCAN,0.20027050375938416,False,False,True,0.0020888447761535645,
7,18,64,head_4,degradation,0.94970703125,0.878402054309845,2926,GCAGCA,1.7333984375,0,AAAAAN,2.0,0,AAAAAN,2.0,732,AGCAGC,0.19205114245414734,1460,CAGCAN,0.2021234631538391,1460,CAGCAN,0.2021234631538391,False,False,True,0.00037842243909835815,
7,19,64,head_4,degradation,0.912109375,0.8777924180030823,2926,GCAGCA,1.7470703125,0,AAAAAN,2.0,0,AAAAAN,2.0,732,AGCAGC,0.19185896217823029,1460,CAGCAN,0.2018965482711792,1460,CAGCAN,0.2018965482711792,False,False,True,-0.002196885645389557,
7,20,64,head_4,degradation,0.97607421875,0.9796429872512817,2926,GCAGCA,1.7236328125,0,AAAAAN,2.0,0,AAAAAN,2.0,732,AGCAGC,0.18677595257759094,1460,CAGCAN,0.2026165872812271,1460,CAGCAN,0.2026165872812271,False,False,True,-0.001535177230834961,
7,21,64,head_4,degradation,1.0029296875,1.0059276819229126,2926,GCAGCA,1.7138671875,0,AAAAAN,2.0,0,AAAAAN,2.0,732,AGCAGC,0.18480373919010162,1460,CAGCAN,0.20214197039604187,1460,CAGCAN,0.20214197039604187,False,False,True,-0.0003000199794769287,
7,22,64,head_4,degradation,1.0693359375,1.0477672815322876,2926,GCAGCA,1.689453125,0,AAAAAN,2.0,0,AAAAAN,2.0,732,AGCAGC,0.18330475687980652,1460,CAGCAN,0.20302684605121613,1460,CAGCAN,0.20302684605121613,False,False,True,-0.00011879205703735352,
7,23,64,head_4,degradation,1.07421875,1.0459887981414795,2926,GCAGCA,1.6875,0,AAAAAN,2.0,0,AAAAAN,2.0,732,AGCAGC,0.1826498806476593,1460,CAGCAN,0.20227064192295074,1460,CAGCAN,0.20227064192295074,False,False,True,-9.831041097640991e-05,
7,24,64,head_4,degradation,1.044921875,1.0371642112731934,2926,GCAGCA,1.6982421875,0,AAAAAN,2.0,0,AAAAAN,2.0,732,AGCAGC,0.1843978315591812,1460,CAGCAN,0.20351579785346985,1460,CAGCAN,0.20351579785346985,False,False,True,0.0007806643843650818,
7,25,64,head_4,degradation,1.0029296875,1.028978943824768,2926,GCAGCA,1.7138671875,0,AAAAAN,2.0,0,AAAAAN,2.0,732,AGCAGC,0.1839592605829239,1460,CAGCAN,0.20261086523532867,1460,CAGCAN,0.20261086523532867,False,False,True,0.000608980655670166,
7,26,64,head_4,degradation,1.0107421875,1.0166032314300537,2926,GCAGCA,1.7109375,0,AAAAAN,2.0,0,AAAAAN,2.0,732,AGCAGC,0.18585781753063202,1460,CAGCAN,0.20380429923534393,1460,CAGCAN,0.20380429923534393,False,False,True,0.0003820359706878662,
7,27,64,head_4,degradation,0.97607421875,1.002711534500122,2926,GCAGCA,1.7236328125,0,AAAAAN,2.0,0,AAAAAN,2.0,732,AGCAGC,0.18575651943683624,1460,CAGCAN,0.20291151106357574,1460,CAGCAN,0.20291151106357574,False,False,True,0.0003312602639198303,
7,28,64,head_4,degradation,1.0048828125,1.0418503284454346,2926,GCAGCA,1.712890625,0,AAAAAN,2.0,0,AAAAAN,2.0,732,AGCAGC,0.18354161083698273,1460,CAGCAN,0.20292657613754272,1460,CAGCAN,0.20292657613754272,False,False,True,0.0002552643418312073,
7,29,64,head_4,degradation,0.98681640625,1.0417046546936035,2926,GCAGCA,1.7197265625,0,AAAAAN,2.0,0,AAAAAN,2.0,732,AGCAGC,0.18384480476379395,1460,CAGCAN,0.20322147011756897,1460,CAGCAN,0.20322147011756897,False,False,True,0.00019387900829315186,
7,30,64,head_4,degradation,1.0048828125,1.031490683555603,2926,GCAGCA,1.712890625,0,AAAAAN,2.0,0,AAAAAN,2.0,732,AGCAGC,0.18509462475776672,1460,CAGCAN,0.20388934016227722,1460,CAGCAN,0.20388934016227722,False,False,True,0.00025328248739242554,
7,31,64,head_4,degradation,1.013671875,1.0388689041137695,2926,GCAGCA,1.7099609375,0,AAAAAN,2.0,0,AAAAAN,2.0,732,AGCAGC,0.18521429598331451,1460,CAGCAN,0.20442938804626465,1460,CAGCAN,0.20442938804626465,False,False,True,0.00047134608030319214,
8,0,64,head_4,degradation,0.9921875,0.9880288243293762,2926,GCAGCA,1.7177734375,0,AAAAAN,2.0,0,AAAAAN,2.0,732,AGCAGC,0.18632860481739044,1460,CAGCAN,0.20264703035354614,1460,CAGCAN,0.20264703035354614,False,False,True,0.00017443299293518066,
8,1,64,head_4,degradation,0.9921875,1.0065312385559082,2926,GCAGCA,1.7177734375,0,AAAAAN,2.0,0,AAAAAN,2.0,732,AGCAGC,0.185368150472641,1460,CAGCAN,0.20274077355861664,1460,CAGCAN,0.20274077355861664,False,False,True,-0.00012525171041488647,
8,2,64,head_4,degradation,1.0,0.9961118102073669,2926,GCAGCA,1.71484375,0,AAAAAN,2.0,0,AAAAAN,2.0,732,AGCAGC,0.18584033846855164,1460,CAGCAN,0.2026192992925644,1460,CAGCAN,0.2026192992925644,False,False,True,-8.582323789596558e-05,
8,3,64,head_4,degradation,1.0322265625,1.0201815366744995,2926,GCAGCA,1.703125,0,AAAAAN,2.0,0,AAAAAN,2.0,732,AGCAGC,0.18508075177669525,1460,CAGCAN,0.2032311111688614,1460,CAGCAN,0.2032311111688614,False,False,True,0.0006886422634124756,
8,4,64,head_4,degradation,1.029296875,1.0330768823623657,2926,GCAGCA,1.7041015625,0,AAAAAN,2.0,0,AAAAAN,2.0,732,AGCAGC,0.18418510258197784,1460,CAGCAN,0.20307019352912903,1460,CAGCAN,0.20307019352912903,False,False,True,0.0007111206650733948,
8,5,64,head_4,degradation,1.037109375,1.0249782800674438,2926,GCAGCA,1.701171875,0,AAAAAN,2.0,0,AAAAAN,2.0,732,AGCAGC,0.18439918756484985,1460,CAGCAN,0.20282284915447235,1460,CAGCAN,0.20282284915447235,False,False,True,0.0010516941547393799,
8,6,64,head_4,degradation,0.9892578125,0.9958792924880981,2926,GCAGCA,1.71875,0,AAAAAN,2.0,0,AAAAAN,2.0,732,AGCAGC,0.18579621613025665,1460,CAGCAN,0.20256192982196808,1460,CAGCAN,0.20256192982196808,False,False,True,0.0003736168146133423,
8,7,64,head_4,degradation,0.98388671875,0.9686274528503418,2926,GCAGCA,1.720703125,0,AAAAAN,2.0,0,AAAAAN,2.0,732,AGCAGC,0.18729513883590698,1460,CAGCAN,0.20250815153121948,1460,CAGCAN,0.20250815153121948,False,False,True,0.0005801543593406677,
8,8,64,head_4,degradation,0.99462890625,0.9784156084060669,2926,GCAGCA,1.716796875,0,AAAAAN,2.0,0,AAAAAN,2.0,732,AGCAGC,0.1860239952802658,1460,CAGCAN,0.20179469883441925,1460,CAGCAN,0.20179469883441925,False,False,True,-1.1041760444641113e-05,
8,9,64,head_4,degradation,0.98681640625,1.0015721321105957,2926,GCAGCA,1.7197265625,0,AAAAAN,2.0,0,AAAAAN,2.0,732,AGCAGC,0.1856566220521927,1460,CAGCAN,0.2027466893196106,1460,CAGCAN,0.2027466893196106,False,False,True,-0.0003692731261253357,
8,10,64,head_4,degradation,0.962890625,0.9795020222663879,2926,GCAGCA,1.728515625,0,AAAAAN,2.0,0,AAAAAN,2.0,732,AGCAGC,0.18679074943065643,1460,CAGCAN,0.20262335240840912,1460,CAGCAN,0.20262335240840912,False,False,True,-0.000428520143032074,
8,11,64,head_4,degradation,1.0986328125,1.0973249673843384,2926,GCAGCA,1.6787109375,0,AAAAAN,2.0,0,AAAAAN,2.0,732,AGCAGC,0.18148763477802277,1460,CAGCAN,0.20403333008289337,1460,CAGCAN,0.20403333008289337,False,False,True,0.0020959749817848206,
8,12,64,head_4,degradation,0.6806640625,0.6595541834831238,2926,GCAGCA,1.83203125,0,AAAAAN,2.0,0,AAAAAN,2.0,732,AGCAGC,0.2018081545829773,1460,CAGCAN,0.19941137731075287,732,AGCAGC,0.2018081545829773,False,True,True,3.162771463394165e-05,
8,13,64,head_4,degradation,0.5263671875,0.509217381477356,2926,GCAGCA,1.888671875,0,AAAAAN,2.0,732,AGCAGC,2.025390625,732,AGCAGC,0.2088787853717804,1460,CAGCAN,0.1979164034128189,732,AGCAGC,0.2088787853717804,False,True,True,-0.000805877149105072,
8,14,64,head_4,degradation,0.39892578125,0.4268361032009125,2926,GCAGCA,1.935546875,0,AAAAAN,2.0,3086,GCGGCA,2.05078125,732,AGCAGC,0.2117505967617035,1460,CAGCAN,0.19609445333480835,732,AGCAGC,0.2117505967617035,False,True,True,-0.0029923468828201294,
8,15,64,head_4,degradation,0.896484375,0.9583771824836731,2926,GCAGCA,1.7529296875,0,AAAAAN,2.0,0,AAAAAN,2.0,732,AGCAGC,0.18972042202949524,1460,CAGCAN,0.20434941351413727,1460,CAGCAN,0.20434941351413727,False,False,True,-0.004129327833652496,
8,16,64,head_4,degradation,1.013671875,1.0791122913360596,2926,GCAGCA,1.7099609375,0,AAAAAN,2.0,0,AAAAAN,2.0,732,AGCAGC,0.1832771748304367,1460,CAGCAN,0.20478518307209015,1460,CAGCAN,0.20478518307209015,False,False,True,-0.0024534016847610474,
8,17,64,head_4,degradation,1.0634765625,1.1082074642181396,2926,GCAGCA,1.69140625,0,AAAAAN,2.0,0,AAAAAN,2.0,732,AGCAGC,0.18155723810195923,1460,CAGCAN,0.20472297072410583,1460,CAGCAN,0.20472297072410583,False,False,True,-0.001722000539302826,
8,18,64,head_4,degradation,1.0478515625,1.090208649635315,2926,GCAGCA,1.697265625,0,AAAAAN,2.0,0,AAAAAN,2.0,732,AGCAGC,0.18079295754432678,1460,CAGCAN,0.2029331922531128,1460,CAGCAN,0.2029331922531128,False,False,True,-0.0003455057740211487,
8,19,64,head_4,degradation,1.06640625,1.0765540599822998,2926,GCAGCA,1.6904296875,0,AAAAAN,2.0,0,AAAAAN,2.0,732,AGCAGC,0.18185006082057953,1460,CAGCAN,0.20321230590343475,1460,CAGCAN,0.20321230590343475,False,False,True,-0.0006979405879974365,
8,20,64,head_4,degradation,1.013671875,1.0205105543136597,2926,GCAGCA,1.7099609375,0,AAAAAN,2.0,0,AAAAAN,2.0,732,AGCAGC,0.18498742580413818,1460,CAGCAN,0.20315653085708618,1460,CAGCAN,0.20315653085708618,False,False,True,0.0004796907305717468,
8,21,64,head_4,degradation,1.013671875,1.027132272720337,2926,GCAGCA,1.7099609375,0,AAAAAN,2.0,0,AAAAAN,2.0,732,AGCAGC,0.18423420190811157,1460,CAGCAN,0.2027805894613266,1460,CAGCAN,0.2027805894613266,False,False,True,0.0005701109766960144,
8,22,64,head_4,degradation,1.013671875,1.027405858039856,2926,GCAGCA,1.7099609375,0,AAAAAN,2.0,0,AAAAAN,2.0,732,AGCAGC,0.18469716608524323,1460,CAGCAN,0.20325914025306702,1460,CAGCAN,0.20325914025306702,False,False,True,-0.000590890645980835,
8,23,64,head_4,degradation,0.9921875,1.0095127820968628,2926,GCAGCA,1.7177734375,0,AAAAAN,2.0,0,AAAAAN,2.0,732,AGCAGC,0.18559378385543823,1460,CAGCAN,0.20313628017902374,1460,CAGCAN,0.20313628017902374,False,False,True,-0.0012698546051979065,
8,24,64,head_4,degradation,1.013671875,1.0003771781921387,2926,GCAGCA,1.7099609375,0,AAAAAN,2.0,0,AAAAAN,2.0,732,AGCAGC,0.18626534938812256,1460,CAGCAN,0.20328733325004578,1460,CAGCAN,0.20328733325004578,False,False,True,-0.0004558637738227844,
8,25,64,head_4,degradation,1.0107421875,1.0160939693450928,2926,GCAGCA,1.7109375,0,AAAAAN,2.0,0,AAAAAN,2.0,732,AGCAGC,0.18475665152072906,1460,CAGCAN,0.20267412066459656,1460,CAGCAN,0.20267412066459656,False,False,True,0.0001958310604095459,
8,26,64,head_4,degradation,1.021484375,1.011247992515564,2926,GCAGCA,1.70703125,0,AAAAAN,2.0,0,AAAAAN,2.0,732,AGCAGC,0.18510203063488007,1460,CAGCAN,0.20274339616298676,1460,CAGCAN,0.20274339616298676,False,False,True,5.401670932769775e-06,
8,27,64,head_4,degradation,1.037109375,1.0470062494277954,2926,GCAGCA,1.701171875,0,AAAAAN,2.0,0,AAAAAN,2.0,732,AGCAGC,0.18350689113140106,1460,CAGCAN,0.20318561792373657,1460,CAGCAN,0.20318561792373657,False,False,True,9.457021951675415e-05,
8,28,64,head_4,degradation,1.015625,1.0418128967285156,2926,GCAGCA,1.708984375,0,AAAAAN,2.0,0,AAAAAN,2.0,732,AGCAGC,0.18360932171344757,1460,CAGCAN,0.20299215614795685,1460,CAGCAN,0.20299215614795685,False,False,True,4.1253864765167236e-05,
8,29,64,head_4,degradation,1.0048828125,1.0269410610198975,2926,GCAGCA,1.712890625,0,AAAAAN,2.0,0,AAAAAN,2.0,732,AGCAGC,0.18431058526039124,1460,CAGCAN,0.20284608006477356,1460,CAGCAN,0.20284608006477356,False,False,True,0.0006782561540603638,
8,30,64,head_4,degradation,1.013671875,1.022056221961975,2926,GCAGCA,1.7099609375,0,AAAAAN,2.0,0,AAAAAN,2.0,732,AGCAGC,0.1857890635728836,1460,CAGCAN,0.20404623448848724,1460,CAGCAN,0.20404623448848724,False,False,True,0.0002380162477493286,
8,31,64,head_4,degradation,1.029296875,1.0288043022155762,2926,GCAGCA,1.7041015625,0,AAAAAN,2.0,0,AAAAAN,2.0,732,AGCAGC,0.18502627313137054,1460,CAGCAN,0.20366792380809784,1460,CAGCAN,0.20366792380809784,False,False,True,0.00048816949129104614,
9,0,64,head_4,degradation,1.013671875,1.0164512395858765,2926,GCAGCA,1.7099609375,0,AAAAAN,2.0,0,AAAAAN,2.0,732,AGCAGC,0.18426668643951416,1460,CAGCAN,0.20220451056957245,1460,CAGCAN,0.20220451056957245,False,False,True,0.00011514872312545776,
9,1,64,head_4,degradation,1.015625,1.0282069444656372,2926,GCAGCA,1.708984375,0,AAAAAN,2.0,0,AAAAAN,2.0,732,AGCAGC,0.1836167424917221,1460,CAGCAN,0.20222435891628265,1460,CAGCAN,0.20222435891628265,False,False,True,0.00020140409469604492,
9,2,64,head_4,degradation,1.015625,1.0243165493011475,2926,GCAGCA,1.708984375,0,AAAAAN,2.0,0,AAAAAN,2.0,732,AGCAGC,0.18439346551895142,1460,CAGCAN,0.20277942717075348,1460,CAGCAN,0.20277942717075348,False,False,True,0.00020015984773635864,
9,3,64,head_4,degradation,0.99462890625,1.0288814306259155,2926,GCAGCA,1.716796875,0,AAAAAN,2.0,0,AAAAAN,2.0,732,AGCAGC,0.184240460395813,1460,CAGCAN,0.20288650691509247,1460,CAGCAN,0.20288650691509247,False,False,True,1.3388693332672119e-05,
9,4,64,head_4,degradation,1.0107421875,1.041841745376587,2926,GCAGCA,1.7109375,0,AAAAAN,2.0,0,AAAAAN,2.0,732,AGCAGC,0.18365426361560822,1460,CAGCAN,0.20303873717784882,1460,CAGCAN,0.20303873717784882,False,False,True,-0.00017020851373672485,
9,5,64,head_4,degradation,1.015625,1.0430740118026733,2926,GCAGCA,1.708984375,0,AAAAAN,2.0,0,AAAAAN,2.0,732,AGCAGC,0.18364456295967102,1460,CAGCAN,0.20309925079345703,1460,CAGCAN,0.20309925079345703,False,False,True,7.206201553344727e-05,
9,6,64,head_4,degradation,1.0185546875,1.0271307229995728,2926,GCAGCA,1.7080078125,0,AAAAAN,2.0,0,AAAAAN,2.0,732,AGCAGC,0.18478839099407196,1460,CAGCAN,0.20333468914031982,1460,CAGCAN,0.20333468914031982,False,False,True,0.00046359747648239136,
9,7,64,head_4,degradation,1.0,1.0152188539505005,2926,GCAGCA,1.71484375,0,AAAAAN,2.0,0,AAAAAN,2.0,732,AGCAGC,0.18481668829917908,1460,CAGCAN,0.20268429815769196,1460,CAGCAN,0.20268429815769196,False,False,True,0.0005916282534599304,
9,8,64,head_4,degradation,1.013671875,1.0216764211654663,2926,GCAGCA,1.7099609375,0,AAAAAN,2.0,0,AAAAAN,2.0,732,AGCAGC,0.18496939539909363,1460,CAGCAN,0.2032049298286438,1460,CAGCAN,0.2032049298286438,False,False,True,0.0002407953143119812,
9,9,64,head_4,degradation,1.0107421875,1.0053222179412842,2926,GCAGCA,1.7109375,0,AAAAAN,2.0,0,AAAAAN,2.0,732,AGCAGC,0.1857573390007019,1460,CAGCAN,0.2030610740184784,1460,CAGCAN,0.2030610740184784,False,False,True,-0.0003785863518714905,
9,10,64,head_4,degradation,1.0029296875,0.999890148639679,2926,GCAGCA,1.7138671875,0,AAAAAN,2.0,0,AAAAAN,2.0,732,AGCAGC,0.18525265157222748,1460,CAGCAN,0.20224688947200775,1460,CAGCAN,0.20224688947200775,False,False,True,-0.0004094913601875305,
9,11,64,head_4,degradation,1.029296875,1.0528056621551514,2926,GCAGCA,1.7041015625,0,AAAAAN,2.0,0,AAAAAN,2.0,732,AGCAGC,0.1837492138147354,1460,CAGCAN,0.2037583738565445,1460,CAGCAN,0.2037583738565445,False,False,True,-0.00020497292280197144,
9,12,64,head_4,degradation,1.1865234375,1.192075252532959,2926,GCAGCA,1.646484375,0,AAAAAN,2.0,0,AAAAAN,2.0,732,AGCAGC,0.17707513272762299,1460,CAGCAN,0.20501932501792908,1460,CAGCAN,0.20501932501792908,False,False,True,0.0012166127562522888,
9,13,64,head_4,degradation,1.177734375,1.1814827919006348,2926,GCAGCA,1.6494140625,0,AAAAAN,2.0,0,AAAAAN,2.0,732,AGCAGC,0.1775570660829544,1460,CAGCAN,0.20489774644374847,1460,CAGCAN,0.20489774644374847,False,False,True,0.001247309148311615,
9,14,64,head_4,degradation,1.177734375,1.1862777471542358,2926,GCAGCA,1.6494140625,0,AAAAAN,2.0,0,AAAAAN,2.0,732,AGCAGC,0.17746302485466003,1460,CAGCAN,0.2050769031047821,1460,CAGCAN,0.2050769031047821,False,False,True,0.0008346140384674072,
9,15,64,head_4,degradation,0.99462890625,1.0238240957260132,2926,GCAGCA,1.716796875,0,AAAAAN,2.0,0,AAAAAN,2.0,732,AGCAGC,0.18488968908786774,1460,CAGCAN,0.20324759185314178,1460,CAGCAN,0.20324759185314178,False,False,True,-0.00037772953510284424,
9,16,64,head_4,degradation,0.98388671875,0.9964763522148132,2926,GCAGCA,1.720703125,0,AAAAAN,2.0,0,AAAAAN,2.0,732,AGCAGC,0.18586482107639313,1460,CAGCAN,0.2026645541191101,1460,CAGCAN,0.2026645541191101,False,False,True,1.385807991027832e-05,
9,17,64,head_4,degradation,0.94677734375,0.9006739854812622,2926,GCAGCA,1.734375,0,AAAAAN,2.0,0,AAAAAN,2.0,732,AGCAGC,0.18941545486450195,1460,CAGCAN,0.2007567435503006,1460,CAGCAN,0.2007567435503006,False,False,True,1.7024576663970947e-05,
9,18,64,head_4,degradation,0.94140625,0.8994738459587097,2926,GCAGCA,1.736328125,0,AAAAAN,2.0,0,AAAAAN,2.0,732,AGCAGC,0.19017300009727478,1460,CAGCAN,0.20144590735435486,1460,CAGCAN,0.20144590735435486,False,False,True,0.00023422390222549438,
9,19,64,head_4,degradation,0.99462890625,0.9743247032165527,2926,GCAGCA,1.716796875,0,AAAAAN,2.0,0,AAAAAN,2.0,732,AGCAGC,0.18666160106658936,1460,CAGCAN,0.20219922065734863,1460,CAGCAN,0.20219922065734863,False,False,True,-0.0010878294706344604,
9,20,64,head_4,degradation,1.021484375,1.0270010232925415,2926,GCAGCA,1.70703125,0,AAAAAN,2.0,0,AAAAAN,2.0,732,AGCAGC,0.18480734527111053,1460,CAGCAN,0.20334625244140625,1460,CAGCAN,0.20334625244140625,False,False,True,-0.0005106553435325623,
9,21,64,head_4,degradation,0.9599609375,0.9452424645423889,2926,GCAGCA,1.7294921875,0,AAAAAN,2.0,0,AAAAAN,2.0,732,AGCAGC,0.18793438374996185,1460,CAGCAN,0.20181500911712646,1460,CAGCAN,0.20181500911712646,False,False,True,-0.0029123350977897644,
9,22,64,head_4,degradation,1.0107421875,1.0246851444244385,2926,GCAGCA,1.7109375,0,AAAAAN,2.0,0,AAAAAN,2.0,732,AGCAGC,0.185352623462677,1460,CAGCAN,0.2037595808506012,1460,CAGCAN,0.2037595808506012,False,False,True,-0.0033600032329559326,
9,23,64,head_4,degradation,1.0107421875,1.0059130191802979,2926,GCAGCA,1.7109375,0,AAAAAN,2.0,0,AAAAAN,2.0,732,AGCAGC,0.18625228106975555,1460,CAGCAN,0.20358967781066895,1460,CAGCAN,0.20358967781066895,False,False,True,-0.0030463337898254395,
9,24,64,head_4,degradation,1.037109375,1.04620361328125,2926,GCAGCA,1.701171875,0,AAAAAN,2.0,0,AAAAAN,2.0,732,AGCAGC,0.18421195447444916,1460,CAGCAN,0.20384494960308075,1460,CAGCAN,0.20384494960308075,False,False,True,7.199496030807495e-05,
9,25,64,head_4,degradation,0.9736328125,0.9687166810035706,2926,GCAGCA,1.724609375,0,AAAAAN,2.0,0,AAAAAN,2.0,732,AGCAGC,0.18603487312793732,1460,CAGCAN,0.20125296711921692,1460,CAGCAN,0.20125296711921692,False,False,True,0.001252107322216034,
9,26,64,head_4,degradation,0.962890625,0.9607791304588318,2926,GCAGCA,1.728515625,0,AAAAAN,2.0,0,AAAAAN,2.0,732,AGCAGC,0.18659870326519012,1460,CAGCAN,0.20136454701423645,1460,CAGCAN,0.20136454701423645,False,False,True,0.0011273249983787537,
9,27,64,head_4,degradation,1.0048828125,1.0046254396438599,2926,GCAGCA,1.712890625,0,AAAAAN,2.0,0,AAAAAN,2.0,732,AGCAGC,0.18616461753845215,1460,CAGCAN,0.20342865586280823,1460,CAGCAN,0.20342865586280823,False,False,True,0.0007724687457084656,
9,28,64,head_4,degradation,0.97607421875,0.971146285533905,2926,GCAGCA,1.7236328125,0,AAAAAN,2.0,0,AAAAAN,2.0,732,AGCAGC,0.18670974671840668,1460,CAGCAN,0.20206627249717712,1460,CAGCAN,0.20206627249717712,False,False,True,0.000659257173538208,
9,29,64,head_4,degradation,0.98681640625,0.9849061369895935,2926,GCAGCA,1.7197265625,0,AAAAAN,2.0,0,AAAAAN,2.0,732,AGCAGC,0.1863086223602295,1460,CAGCAN,0.20244912803173065,1460,CAGCAN,0.20244912803173065,False,False,True,0.00032041966915130615,
9,30,64,head_4,degradation,0.98681640625,0.9772669672966003,2926,GCAGCA,1.7197265625,0,AAAAAN,2.0,0,AAAAAN,2.0,732,AGCAGC,0.18704085052013397,1460,CAGCAN,0.20274610817432404,1460,CAGCAN,0.20274610817432404,False,False,True,-0.0001361370086669922,
9,31,64,head_4,degradation,0.9921875,0.9739319086074829,2926,GCAGCA,1.7177734375,0,AAAAAN,2.0,0,AAAAAN,2.0,732,AGCAGC,0.18780967593193054,1460,CAGCAN,0.20332491397857666,1460,CAGCAN,0.20332491397857666,False,False,True,-5.7071447372436523e-05,
10,0,64,head_4,degradation,1.0029296875,1.010130524635315,2926,GCAGCA,1.7138671875,0,AAAAAN,2.0,0,AAAAAN,2.0,732,AGCAGC,0.18501797318458557,1460,CAGCAN,0.20259566605091095,1460,CAGCAN,0.20259566605091095,False,False,True,1.7859041690826416e-05,
10,1,64,head_4,degradation,0.98681640625,1.004306435585022,2926,GCAGCA,1.7197265625,0,AAAAAN,2.0,0,AAAAAN,2.0,732,AGCAGC,0.1851693093776703,1460,CAGCAN,0.20241516828536987,1460,CAGCAN,0.20241516828536987,False,False,True,-0.00011453032493591309,
10,2,64,head_4,degradation,0.9921875,0.999565601348877,2926,GCAGCA,1.7177734375,0,AAAAAN,2.0,0,AAAAAN,2.0,732,AGCAGC,0.18491679430007935,1460,CAGCAN,0.20189253985881805,1460,CAGCAN,0.20189253985881805,False,False,True,0.0001576840877532959,
10,3,64,head_4,degradation,0.978515625,0.9985746145248413,2926,GCAGCA,1.72265625,0,AAAAAN,2.0,0,AAAAAN,2.0,732,AGCAGC,0.18514157831668854,1460,CAGCAN,0.20206086337566376,1460,CAGCAN,0.20206086337566376,False,False,True,0.0002929121255874634,
10,4,64,head_4,degradation,0.9892578125,0.9880921244621277,2926,GCAGCA,1.71875,0,AAAAAN,2.0,0,AAAAAN,2.0,732,AGCAGC,0.1858062595129013,1460,CAGCAN,0.20212829113006592,1460,CAGCAN,0.20212829113006592,False,False,True,0.00026166439056396484,
10,5,64,head_4,degradation,1.0029296875,1.0105997323989868,2926,GCAGCA,1.7138671875,0,AAAAAN,2.0,0,AAAAAN,2.0,732,AGCAGC,0.1846495270729065,1460,CAGCAN,0.20225395262241364,1460,CAGCAN,0.20225395262241364,False,False,True,0.00037281960248947144,
10,6,64,head_4,degradation,0.98681640625,1.0053805112838745,2926,GCAGCA,1.7197265625,0,AAAAAN,2.0,0,AAAAAN,2.0,732,AGCAGC,0.1856934279203415,1460,CAGCAN,0.2030004858970642,1460,CAGCAN,0.2030004858970642,False,False,True,0.00016041845083236694,
10,7,64,head_4,degradation,0.98388671875,1.0062440633773804,2926,GCAGCA,1.720703125,0,AAAAAN,2.0,0,AAAAAN,2.0,732,AGCAGC,0.18549086153507233,1460,CAGCAN,0.20284712314605713,1460,CAGCAN,0.20284712314605713,False,False,True,4.7340989112854004e-05,
10,8,64,head_4,degradation,0.97607421875,0.9846811890602112,2926,GCAGCA,1.7236328125,0,AAAAAN,2.0,0,AAAAAN,2.0,732,AGCAGC,0.18641038239002228,1460,CAGCAN,0.20253807306289673,1460,CAGCAN,0.20253807306289673,False,False,True,-0.00023023784160614014,
10,9,64,head_4,degradation,0.98681640625,1.0028153657913208,2926,GCAGCA,1.7197265625,0,AAAAAN,2.0,0,AAAAAN,2.0,732,AGCAGC,0.18535245954990387,1460,CAGCAN,0.20251336693763733,1460,CAGCAN,0.20251336693763733,False,False,True,-0.00038949400186538696,
10,10,64,head_4,degradation,1.0048828125,1.0029202699661255,2926,GCAGCA,1.712890625,0,AAAAAN,2.0,0,AAAAAN,2.0,732,AGCAGC,0.18598616123199463,1460,CAGCAN,0.20315304398536682,1460,CAGCAN,0.20315304398536682,False,False,True,-0.00012580305337905884,
10,11,64,head_4,degradation,0.98681640625,0.9869915843009949,2926,GCAGCA,1.7197265625,0,AAAAAN,2.0,0,AAAAAN,2.0,732,AGCAGC,0.18707123398780823,1460,CAGCAN,0.20333056151866913,1460,CAGCAN,0.20333056151866913,False,False,True,-0.00043767690658569336,
10,12,64,head_4,degradation,0.95751953125,0.9297926425933838,2926,GCAGCA,1.73046875,0,AAAAAN,2.0,0,AAAAAN,2.0,732,AGCAGC,0.19029051065444946,1460,CAGCAN,0.20329086482524872,1460,CAGCAN,0.20329086482524872,False,False,True,-0.0008500814437866211,
10,13,64,head_4,degradation,0.9150390625,0.8972916007041931,2926,GCAGCA,1.74609375,0,AAAAAN,2.0,0,AAAAAN,2.0,732,AGCAGC,0.19183975458145142,1460,CAGCAN,0.20298832654953003,1460,CAGCAN,0.20298832654953003,False,False,True,-0.0013956129550933838,
10,14,64,head_4,degradation,0.98388671875,0.9644235968589783,2926,GCAGCA,1.720703125,0,AAAAAN,2.0,0,AAAAAN,2.0,732,AGCAGC,0.18879064917564392,1460,CAGCAN,0.2037641406059265,1460,CAGCAN,0.2037641406059265,False,False,True,-0.001543290913105011,
10,15,64,head_4,degradation,1.0400390625,1.0375138521194458,2926,GCAGCA,1.7001953125,0,AAAAAN,2.0,0,AAAAAN,2.0,732,AGCAGC,0.18600943684577942,1460,CAGCAN,0.20514732599258423,1460,CAGCAN,0.20514732599258423,False,False,True,-0.00274030864238739,
10,16,64,head_4,degradation,1.0322265625,1.020205020904541,2926,GCAGCA,1.703125,0,AAAAAN,2.0,0,AAAAAN,2.0,732,AGCAGC,0.18623961508274078,1460,CAGCAN,0.20439131557941437,1460,CAGCAN,0.20439131557941437,False,False,True,-0.0024006441235542297,
10,17,64,head_4,degradation,1.0029296875,1.0303261280059814,2926,GCAGCA,1.7138671875,0,AAAAAN,2.0,0,AAAAAN,2.0,732,AGCAGC,0.18548478186130524,1460,CAGCAN,0.20421314239501953,1460,CAGCAN,0.20421314239501953,False,False,True,-0.002199612557888031,
10,18,64,head_4,degradation,1.0048828125,1.0110613107681274,2926,GCAGCA,1.712890625,0,AAAAAN,2.0,0,AAAAAN,2.0,732,AGCAGC,0.18629677593708038,1460,CAGCAN,0.20392750203609467,1460,CAGCAN,0.20392750203609467,False,False,True,-0.001640021800994873,
10,19,64,head_4,degradation,1.013671875,1.0260634422302246,2926,GCAGCA,1.7099609375,0,AAAAAN,2.0,0,AAAAAN,2.0,732,AGCAGC,0.18623755872249603,1460,CAGCAN,0.2047230452299118,1460,CAGCAN,0.2047230452299118,False,False,True,-0.002229534089565277,
10,20,64,head_4,degradation,1.0185546875,1.029231071472168,2926,GCAGCA,1.7080078125,0,AAAAAN,2.0,0,AAAAAN,2.0,732,AGCAGC,0.18514424562454224,1460,CAGCAN,0.2038102149963379,1460,CAGCAN,0.2038102149963379,False,False,True,-0.0009409710764884949,
10,21,64,head_4,degradation,1.0263671875,1.0468220710754395,2926,GCAGCA,1.705078125,0,AAAAAN,2.0,0,AAAAAN,2.0,732,AGCAGC,0.18378545343875885,1460,CAGCAN,0.2034536898136139,1460,CAGCAN,0.2034536898136139,False,False,True,-0.0006931200623512268,
10,22,64,head_4,degradation,1.021484375,1.039780616760254,2926,GCAGCA,1.70703125,0,AAAAAN,2.0,0,AAAAAN,2.0,732,AGCAGC,0.1837749183177948,1460,CAGCAN,0.2030419558286667,1460,CAGCAN,0.2030419558286667,False,False,True,-0.00035878270864486694,
10,23,64,head_4,degradation,1.0029296875,1.0248987674713135,2926,GCAGCA,1.7138671875,0,AAAAAN,2.0,0,AAAAAN,2.0,732,AGCAGC,0.18497519195079803,1460,CAGCAN,0.2033943235874176,1460,CAGCAN,0.2033943235874176,False,False,True,-0.00069456547498703,
10,24,64,head_4,degradation,1.015625,1.0196003913879395,2926,GCAGCA,1.708984375,0,AAAAAN,2.0,0,AAAAAN,2.0,732,AGCAGC,0.1844908446073532,1460,CAGCAN,0.20260809361934662,1460,CAGCAN,0.20260809361934662,False,False,True,-3.758817911148071e-05,
10,25,64,head_4,degradation,1.0029296875,1.0020734071731567,2926,GCAGCA,1.7138671875,0,AAAAAN,2.0,0,AAAAAN,2.0,732,AGCAGC,0.1855974793434143,1460,CAGCAN,0.20271611213684082,1460,CAGCAN,0.20271611213684082,False,False,True,0.00029334425926208496,
10,26,64,head_4,degradation,1.0185546875,1.013549566268921,2926,GCAGCA,1.7080078125,0,AAAAAN,2.0,0,AAAAAN,2.0,732,AGCAGC,0.18501733243465424,1460,CAGCAN,0.20278982818126678,1460,CAGCAN,0.20278982818126678,False,False,True,4.824250936508179e-05,
10,27,64,head_4,degradation,1.013671875,1.015952229499817,2926,GCAGCA,1.7099609375,0,AAAAAN,2.0,0,AAAAAN,2.0,732,AGCAGC,0.18502461910247803,1460,CAGCAN,0.20293401181697845,1460,CAGCAN,0.20293401181697845,False,False,True,-0.00013990700244903564,
10,28,64,head_4,degradation,0.99462890625,1.0102170705795288,2926,GCAGCA,1.716796875,0,AAAAAN,2.0,0,AAAAAN,2.0,732,AGCAGC,0.1859198957681656,1460,CAGCAN,0.20350252091884613,1460,CAGCAN,0.20350252091884613,False,False,True,-0.000264681875705719,
10,29,64,head_4,degradation,0.97607421875,0.9980518221855164,2926,GCAGCA,1.7236328125,0,AAAAAN,2.0,0,AAAAAN,2.0,732,AGCAGC,0.18488305807113647,1460,CAGCAN,0.2017725557088852,1460,CAGCAN,0.2017725557088852,False,False,True,-0.00043995678424835205,
10,30,64,head_4,degradation,0.99462890625,0.9998111724853516,2926,GCAGCA,1.716796875,0,AAAAAN,2.0,0,AAAAAN,2.0,732,AGCAGC,0.18560825288295746,1460,CAGCAN,0.2025979906320572,1460,CAGCAN,0.2025979906320572,False,False,True,-0.0004938989877700806,
10,31,64,head_4,degradation,0.97607421875,0.9660301804542542,2926,GCAGCA,1.7236328125,0,AAAAAN,2.0,0,AAAAAN,2.0,732,AGCAGC,0.1854730248451233,1460,CAGCAN,0.2005380541086197,1460,CAGCAN,0.2005380541086197,False,False,True,-0.0009290426969528198,
11,0,64,head_4,degradation,1.013671875,1.0052918195724487,2926,GCAGCA,1.7099609375,0,AAAAAN,2.0,0,AAAAAN,2.0,732,AGCAGC,0.18563902378082275,1460,CAGCAN,0.20294103026390076,1460,CAGCAN,0.20294103026390076,False,False,True,-8.284300565719604e-05,
11,1,64,head_4,degradation,0.99462890625,1.0033167600631714,2926,GCAGCA,1.716796875,0,AAAAAN,2.0,0,AAAAAN,2.0,732,AGCAGC,0.18586158752441406,1460,CAGCAN,0.20305106043815613,1460,CAGCAN,0.20305106043815613,False,False,True,0.00026348233222961426,
11,2,64,head_4,degradation,1.0107421875,1.0197436809539795,2926,GCAGCA,1.7109375,0,AAAAAN,2.0,0,AAAAAN,2.0,732,AGCAGC,0.1848263144493103,1460,CAGCAN,0.20295172929763794,1460,CAGCAN,0.20295172929763794,False,False,True,0.0014293566346168518,
11,3,64,head_4,degradation,0.99462890625,1.0130869150161743,2926,GCAGCA,1.716796875,0,AAAAAN,2.0,0,AAAAAN,2.0,732,AGCAGC,0.1844540238380432,1460,CAGCAN,0.20220015943050385,1460,CAGCAN,0.20220015943050385,False,False,True,0.0010605156421661377,
11,4,64,head_4,degradation,1.015625,1.0413672924041748,2926,GCAGCA,1.708984375,0,AAAAAN,2.0,0,AAAAAN,2.0,732,AGCAGC,0.1831054836511612,1460,CAGCAN,0.20246292650699615,1460,CAGCAN,0.20246292650699615,False,False,True,0.0007340312004089355,
11,5,64,head_4,degradation,0.99462890625,1.0187281370162964,2926,GCAGCA,1.716796875,0,AAAAAN,2.0,0,AAAAAN,2.0,732,AGCAGC,0.18455158174037933,1460,CAGCAN,0.20261913537979126,1460,CAGCAN,0.20261913537979126,False,False,True,-0.0003196448087692261,
11,6,64,head_4,degradation,0.9921875,0.9864454865455627,2926,GCAGCA,1.7177734375,0,AAAAAN,2.0,0,AAAAAN,2.0,732,AGCAGC,0.18579153716564178,1460,CAGCAN,0.20201975107192993,1460,CAGCAN,0.20201975107192993,False,False,True,0.0003270059823989868,
11,7,64,head_4,degradation,0.9892578125,0.9765341877937317,2926,GCAGCA,1.71875,0,AAAAAN,2.0,0,AAAAAN,2.0,732,AGCAGC,0.186470165848732,1460,CAGCAN,0.2021336704492569,1460,CAGCAN,0.2021336704492569,False,False,True,0.00047475844621658325,
11,8,64,head_4,degradation,0.99462890625,0.9889844655990601,2926,GCAGCA,1.716796875,0,AAAAAN,2.0,0,AAAAAN,2.0,732,AGCAGC,0.1856137216091156,1460,CAGCAN,0.20198659598827362,1460,CAGCAN,0.20198659598827362,False,False,True,0.0004332885146141052,
11,9,64,head_4,degradation,1.0029296875,0.9991235733032227,2926,GCAGCA,1.7138671875,0,AAAAAN,2.0,0,AAAAAN,2.0,732,AGCAGC,0.185348778963089,1460,CAGCAN,0.2022993415594101,1460,CAGCAN,0.2022993415594101,False,False,True,0.0008728876709938049,
11,10,64,head_4,degradation,0.9892578125,0.9913997054100037,2926,GCAGCA,1.71875,0,AAAAAN,2.0,0,AAAAAN,2.0,732,AGCAGC,0.18570476770401,1460,CAGCAN,0.2022152543067932,1460,CAGCAN,0.2022152543067932,False,False,True,0.0007964074611663818,
11,11,64,head_4,degradation,0.99462890625,1.015735149383545,2926,GCAGCA,1.716796875,0,AAAAAN,2.0,0,AAAAAN,2.0,732,AGCAGC,0.18483300507068634,1460,CAGCAN,0.20273002982139587,1460,CAGCAN,0.20273002982139587,False,False,True,0.0007231533527374268,
11,12,64,head_4,degradation,0.97607421875,0.9888840317726135,2926,GCAGCA,1.7236328125,0,AAAAAN,2.0,0,AAAAAN,2.0,732,AGCAGC,0.1863907277584076,1460,CAGCAN,0.20275788009166718,1460,CAGCAN,0.20275788009166718,False,False,True,-2.794712781906128e-05,
11,13,64,head_4,degradation,0.98388671875,0.9922196269035339,2926,GCAGCA,1.720703125,0,AAAAAN,2.0,0,AAAAAN,2.0,732,AGCAGC,0.18685877323150635,1460,CAGCAN,0.20341597497463226,1460,CAGCAN,0.20341597497463226,False,False,True,0.00047138333320617676,
11,14,64,head_4,degradation,0.9736328125,0.9807621240615845,2926,GCAGCA,1.724609375,0,AAAAAN,2.0,0,AAAAAN,2.0,732,AGCAGC,0.18676212430000305,1460,CAGCAN,0.2026665210723877,1460,CAGCAN,0.2026665210723877,False,False,True,0.000689387321472168,
11,15,64,head_4,degradation,0.9921875,1.0076972246170044,2926,GCAGCA,1.7177734375,0,AAAAAN,2.0,0,AAAAAN,2.0,732,AGCAGC,0.18459732830524445,1460,CAGCAN,0.20203638076782227,1460,CAGCAN,0.20203638076782227,False,False,True,-0.00026585161685943604,
11,16,64,head_4,degradation,0.85888671875,0.916028618812561,2926,GCAGCA,1.7666015625,0,AAAAAN,2.0,0,AAAAAN,2.0,732,AGCAGC,0.1910008043050766,1460,CAGCAN,0.20321694016456604,1460,CAGCAN,0.20321694016456604,False,False,True,-0.0026126056909561157,
11,17,64,head_4,degradation,0.87255859375,0.9295488595962524,2926,GCAGCA,1.76171875,0,AAAAAN,2.0,0,AAAAAN,2.0,732,AGCAGC,0.1921961009502411,1460,CAGCAN,0.20518256723880768,1460,CAGCAN,0.20518256723880768,False,False,True,-0.0037194713950157166,
11,18,64,head_4,degradation,0.88037109375,0.9397706389427185,2926,GCAGCA,1.7587890625,0,AAAAAN,2.0,0,AAAAAN,2.0,732,AGCAGC,0.19303373992443085,1460,CAGCAN,0.20660260319709778,1460,CAGCAN,0.20660260319709778,False,False,True,-0.0027475506067276,
11,19,64,head_4,degradation,0.98681640625,1.0079373121261597,2926,GCAGCA,1.7197265625,0,AAAAAN,2.0,0,AAAAAN,2.0,732,AGCAGC,0.18809784948825836,1460,CAGCAN,0.20555058121681213,1460,CAGCAN,0.20555058121681213,False,False,True,-0.0017987415194511414,
11,20,64,head_4,degradation,1.015625,1.0078740119934082,2926,GCAGCA,1.708984375,0,AAAAAN,2.0,0,AAAAAN,2.0,732,AGCAGC,0.18741877377033234,1460,CAGCAN,0.2048678994178772,1460,CAGCAN,0.2048678994178772,False,False,True,-0.00042204558849334717,
11,21,64,head_4,degradation,0.9521484375,0.9164188504219055,2926,GCAGCA,1.732421875,0,AAAAAN,2.0,0,AAAAAN,2.0,732,AGCAGC,0.19100883603096008,1460,CAGCAN,0.20324720442295074,1460,CAGCAN,0.20324720442295074,False,False,True,-0.0003768429160118103,
11,22,64,head_4,degradation,0.95751953125,0.9058045148849487,2926,GCAGCA,1.73046875,0,AAAAAN,2.0,0,AAAAAN,2.0,732,AGCAGC,0.19201454520225525,1460,CAGCAN,0.2036481499671936,1460,CAGCAN,0.2036481499671936,False,False,True,-0.0004147142171859741,
11,23,64,head_4,degradation,0.9228515625,0.8588113784790039,2926,GCAGCA,1.7431640625,0,AAAAAN,2.0,0,AAAAAN,2.0,732,AGCAGC,0.19519762694835663,1460,CAGCAN,0.20415374636650085,1460,CAGCAN,0.20415374636650085,False,False,True,-0.0023345574736595154,
11,24,64,head_4,degradation,0.98388671875,0.9543762803077698,2926,GCAGCA,1.720703125,0,AAAAAN,2.0,0,AAAAAN,2.0,732,AGCAGC,0.18820802867412567,1460,CAGCAN,0.20260906219482422,1460,CAGCAN,0.20260906219482422,False,False,True,-0.0028474926948547363,
11,25,64,head_4,degradation,0.92529296875,0.8927241563796997,2926,GCAGCA,1.7421875,0,AAAAAN,2.0,0,AAAAAN,2.0,732,AGCAGC,0.1895732283592224,1460,CAGCAN,0.20046156644821167,1460,CAGCAN,0.20046156644821167,False,False,True,-0.002103947103023529,
11,26,64,head_4,degradation,0.9599609375,0.9606800079345703,2926,GCAGCA,1.7294921875,0,AAAAAN,2.0,0,AAAAAN,2.0,732,AGCAGC,0.18456777930259705,1460,CAGCAN,0.1993279755115509,1460,CAGCAN,0.1993279755115509,False,False,True,-0.0005780309438705444,
11,27,64,head_4,degradation,0.9736328125,1.0472840070724487,2926,GCAGCA,1.724609375,0,AAAAAN,2.0,0,AAAAAN,2.0,732,AGCAGC,0.18435150384902954,1460,CAGCAN,0.20404605567455292,1460,CAGCAN,0.20404605567455292,False,False,True,-0.0005812942981719971,
11,28,64,head_4,degradation,1.021484375,1.0920449495315552,2926,GCAGCA,1.70703125,0,AAAAAN,2.0,0,AAAAAN,2.0,732,AGCAGC,0.182540625333786,1460,CAGCAN,0.20478548109531403,1460,CAGCAN,0.20478548109531403,False,False,True,-0.0007660090923309326,
11,29,64,head_4,degradation,0.96826171875,0.9978941082954407,2926,GCAGCA,1.7265625,0,AAAAAN,2.0,0,AAAAAN,2.0,732,AGCAGC,0.18593688309192657,1460,CAGCAN,0.2028173953294754,1460,CAGCAN,0.2028173953294754,False,False,True,-0.00045734643936157227,
11,30,64,head_4,degradation,1.0,0.9356344938278198,2926,GCAGCA,1.71484375,0,AAAAAN,2.0,0,AAAAAN,2.0,732,AGCAGC,0.18660128116607666,1460,CAGCAN,0.1999344825744629,1460,CAGCAN,0.1999344825744629,False,False,True,0.00022202730178833008,
11,31,64,head_4,degradation,0.9521484375,0.9065574407577515,2926,GCAGCA,1.732421875,0,AAAAAN,2.0,0,AAAAAN,2.0,732,AGCAGC,0.18741215765476227,1460,CAGCAN,0.1990886628627777,1460,CAGCAN,0.1990886628627777,False,False,True,-0.00029639899730682373,
12,0,64,head_4,degradation,1.0107421875,0.9898838996887207,2926,GCAGCA,1.7109375,0,AAAAAN,2.0,0,AAAAAN,2.0,732,AGCAGC,0.18633495271205902,1460,CAGCAN,0.20275907218456268,1460,CAGCAN,0.20275907218456268,False,False,True,0.00030546635389328003,
12,1,64,head_4,degradation,1.0185546875,0.996996283531189,2926,GCAGCA,1.7080078125,0,AAAAAN,2.0,0,AAAAAN,2.0,732,AGCAGC,0.18591858446598053,1460,CAGCAN,0.20274794101715088,1460,CAGCAN,0.20274794101715088,False,False,True,0.00015328824520111084,
12,2,64,head_4,degradation,1.0185546875,1.0014781951904297,2926,GCAGCA,1.7080078125,0,AAAAAN,2.0,0,AAAAAN,2.0,732,AGCAGC,0.18566595017910004,1460,CAGCAN,0.20275066792964935,1460,CAGCAN,0.20275066792964935,False,False,True,0.00026500970125198364,
12,3,64,head_4,degradation,1.013671875,1.0127068758010864,2926,GCAGCA,1.7099609375,0,AAAAAN,2.0,0,AAAAAN,2.0,732,AGCAGC,0.18464615941047668,1460,CAGCAN,0.20237064361572266,1460,CAGCAN,0.20237064361572266,False,False,True,-0.00011169165372848511,
12,4,64,head_4,degradation,1.0107421875,1.023896336555481,2926,GCAGCA,1.7109375,0,AAAAAN,2.0,0,AAAAAN,2.0,732,AGCAGC,0.18474377691745758,1460,CAGCAN,0.20310579240322113,1460,CAGCAN,0.20310579240322113,False,False,True,-3.604590892791748e-05,
12,5,64,head_4,degradation,1.0048828125,1.0120078325271606,2926,GCAGCA,1.712890625,0,AAAAAN,2.0,0,AAAAAN,2.0,732,AGCAGC,0.18493999540805817,1460,CAGCAN,0.20262464880943298,1460,CAGCAN,0.20262464880943298,False,False,True,3.214925527572632e-05,
12,6,64,head_4,degradation,1.0029296875,0.9991834759712219,2926,GCAGCA,1.7138671875,0,AAAAAN,2.0,0,AAAAAN,2.0,732,AGCAGC,0.18562264740467072,1460,CAGCAN,0.2025766223669052,1460,CAGCAN,0.2025766223669052,False,False,True,-4.082918167114258e-06,
12,7,64,head_4,degradation,1.0029296875,1.0088346004486084,2926,GCAGCA,1.7138671875,0,AAAAAN,2.0,0,AAAAAN,2.0,732,AGCAGC,0.1855456531047821,1460,CAGCAN,0.20304951071739197,1460,CAGCAN,0.20304951071739197,False,False,True,6.770342588424683e-05,
12,8,64,head_4,degradation,1.0029296875,0.9972209334373474,2926,GCAGCA,1.7138671875,0,AAAAAN,2.0,0,AAAAAN,2.0,732,AGCAGC,0.1857525110244751,1460,CAGCAN,0.20259466767311096,1460,CAGCAN,0.20259466767311096,False,False,True,0.00025159120559692383,
12,9,64,head_4,degradation,0.99462890625,1.0014718770980835,2926,GCAGCA,1.716796875,0,AAAAAN,2.0,0,AAAAAN,2.0,732,AGCAGC,0.18549394607543945,1460,CAGCAN,0.20257830619812012,1460,CAGCAN,0.20257830619812012,False,False,True,0.00042528659105300903,
12,10,64,head_4,degradation,1.013671875,1.0135596990585327,2926,GCAGCA,1.7099609375,0,AAAAAN,2.0,0,AAAAAN,2.0,732,AGCAGC,0.1852816939353943,1460,CAGCAN,0.2030547708272934,1460,CAGCAN,0.2030547708272934,False,False,True,0.0006951242685317993,
12,11,64,head_4,degradation,1.0107421875,1.0016437768936157,2926,GCAGCA,1.7109375,0,AAAAAN,2.0,0,AAAAAN,2.0,732,AGCAGC,0.18519823253154755,1460,CAGCAN,0.20229238271713257,1460,CAGCAN,0.20229238271713257,False,False,True,0.0007677227258682251,
12,12,64,head_4,degradation,1.2685546875,1.2296795845031738,2926,GCAGCA,1.6162109375,0,AAAAAN,2.0,0,AAAAAN,2.0,732,AGCAGC,0.17361044883728027,1460,CAGCAN,0.20369718968868256,1460,CAGCAN,0.20369718968868256,False,False,True,0.002850577235221863,
12,13,64,head_4,degradation,1.2607421875,1.213404893875122,2926,GCAGCA,1.619140625,0,AAAAAN,2.0,0,AAAAAN,2.0,732,AGCAGC,0.17459163069725037,1460,CAGCAN,0.2037511020898819,1460,CAGCAN,0.2037511020898819,False,False,True,0.0028670206665992737,
12,14,64,head_4,degradation,1.25,1.218248724937439,2926,GCAGCA,1.623046875,0,AAAAAN,2.0,0,AAAAAN,2.0,732,AGCAGC,0.17484508454799652,1460,CAGCAN,0.2042805403470993,1460,CAGCAN,0.2042805403470993,False,False,True,0.0027236565947532654,
12,15,64,head_4,degradation,1.0,0.9955068826675415,2926,GCAGCA,1.71484375,0,AAAAAN,2.0,0,AAAAAN,2.0,732,AGCAGC,0.18552671372890472,1460,CAGCAN,0.2022712081670761,1460,CAGCAN,0.2022712081670761,False,False,True,0.0008070096373558044,
12,16,64,head_4,degradation,1.0048828125,1.000866413116455,2926,GCAGCA,1.712890625,0,AAAAAN,2.0,0,AAAAAN,2.0,732,AGCAGC,0.18545500934123993,1460,CAGCAN,0.20250487327575684,1460,CAGCAN,0.20250487327575684,False,False,True,0.0003309771418571472,
12,17,64,head_4,degradation,1.0185546875,0.9997165203094482,2926,GCAGCA,1.7080078125,0,AAAAAN,2.0,0,AAAAAN,2.0,732,AGCAGC,0.18602299690246582,1460,CAGCAN,0.20300734043121338,1460,CAGCAN,0.20300734043121338,False,False,True,0.000416487455368042,
12,18,64,head_4,degradation,1.015625,1.0066473484039307,2926,GCAGCA,1.708984375,0,AAAAAN,2.0,0,AAAAAN,2.0,732,AGCAGC,0.18600177764892578,1460,CAGCAN,0.2033810168504715,1460,CAGCAN,0.2033810168504715,False,False,True,0.0008211806416511536,
12,19,64,head_4,degradation,1.0185546875,1.0298922061920166,2926,GCAGCA,1.7080078125,0,AAAAAN,2.0,0,AAAAAN,2.0,732,AGCAGC,0.1850244700908661,1460,CAGCAN,0.2037281095981598,1460,CAGCAN,0.2037281095981598,False,False,True,0.0010889694094657898,
12,20,64,head_4,degradation,1.021484375,1.0331703424453735,2926,GCAGCA,1.70703125,0,AAAAAN,2.0,0,AAAAAN,2.0,732,AGCAGC,0.18520911037921906,1460,CAGCAN,0.20409952104091644,1460,CAGCAN,0.20409952104091644,False,False,True,0.0005664601922035217,
12,21,64,head_4,degradation,0.9921875,1.012010931968689,2926,GCAGCA,1.7177734375,0,AAAAAN,2.0,0,AAAAAN,2.0,732,AGCAGC,0.1852007508277893,1460,CAGCAN,0.20288558304309845,1460,CAGCAN,0.20288558304309845,False,False,True,-0.001036025583744049,
12,22,64,head_4,degradation,0.9921875,0.9909849166870117,2926,GCAGCA,1.7177734375,0,AAAAAN,2.0,0,AAAAAN,2.0,732,AGCAGC,0.18561267852783203,1460,CAGCAN,0.2020995318889618,1460,CAGCAN,0.2020995318889618,False,False,True,-0.0013163015246391296,
12,23,64,head_4,degradation,0.99462890625,0.9925925731658936,2926,GCAGCA,1.716796875,0,AAAAAN,2.0,0,AAAAAN,2.0,732,AGCAGC,0.184879332780838,1460,CAGCAN,0.20145778357982635,1460,CAGCAN,0.20145778357982635,False,False,True,-0.0005743131041526794,
12,24,64,head_4,degradation,1.015625,1.0223537683486938,2926,GCAGCA,1.708984375,0,AAAAAN,2.0,0,AAAAAN,2.0,732,AGCAGC,0.18532943725585938,1460,CAGCAN,0.2036035656929016,1460,CAGCAN,0.2036035656929016,False,False,True,0.0009597986936569214,
12,25,64,head_4,degradation,1.0107421875,1.0198501348495483,2926,GCAGCA,1.7109375,0,AAAAAN,2.0,0,AAAAAN,2.0,732,AGCAGC,0.18606393039226532,1460,CAGCAN,0.20419541001319885,1460,CAGCAN,0.20419541001319885,False,False,True,0.0004580393433570862,
12,26,64,head_4,degradation,1.0107421875,1.0631561279296875,2926,GCAGCA,1.7109375,0,AAAAAN,2.0,0,AAAAAN,2.0,732,AGCAGC,0.18465465307235718,1460,CAGCAN,0.20525354146957397,1460,CAGCAN,0.20525354146957397,False,False,True,0.00031054019927978516,
12,27,64,head_4,degradation,1.0029296875,1.0230337381362915,2926,GCAGCA,1.7138671875,0,AAAAAN,2.0,0,AAAAAN,2.0,732,AGCAGC,0.18496739864349365,1460,CAGCAN,0.2032802700996399,1460,CAGCAN,0.2032802700996399,False,False,True,0.00012981146574020386,
12,28,64,head_4,degradation,1.013671875,1.018669605255127,2926,GCAGCA,1.7099609375,0,AAAAAN,2.0,0,AAAAAN,2.0,732,AGCAGC,0.18588483333587646,1460,CAGCAN,0.20394904911518097,1460,CAGCAN,0.20394904911518097,False,False,True,0.0002851933240890503,
12,29,64,head_4,degradation,1.0107421875,0.9674712419509888,2926,GCAGCA,1.7109375,0,AAAAAN,2.0,0,AAAAAN,2.0,732,AGCAGC,0.188011035323143,1460,CAGCAN,0.2031581699848175,1460,CAGCAN,0.2031581699848175,False,False,True,0.0003833398222923279,
12,30,64,head_4,degradation,0.9599609375,1.122627854347229,2926,GCAGCA,1.7294921875,0,AAAAAN,2.0,0,AAAAAN,2.0,732,AGCAGC,0.1804831475019455,1460,CAGCAN,0.20447050034999847,1460,CAGCAN,0.20447050034999847,False,False,True,-0.000479966402053833,
12,31,64,head_4,degradation,1.052734375,1.1566836833953857,2926,GCAGCA,1.6953125,0,AAAAAN,2.0,0,AAAAAN,2.0,732,AGCAGC,0.1814744770526886,1460,CAGCAN,0.20740219950675964,1460,CAGCAN,0.20740219950675964,False,False,True,-0.00046562403440475464,
13,0,64,head_4,degradation,0.9921875,1.0053625106811523,2926,GCAGCA,1.7177734375,0,AAAAAN,2.0,0,AAAAAN,2.0,732,AGCAGC,0.1856159269809723,1460,CAGCAN,0.20292195677757263,1460,CAGCAN,0.20292195677757263,False,False,True,-0.00021741539239883423,
13,1,64,head_4,degradation,0.98681640625,0.9911941885948181,2926,GCAGCA,1.7197265625,0,AAAAAN,2.0,0,AAAAAN,2.0,732,AGCAGC,0.18592067062854767,1460,CAGCAN,0.2024194449186325,1460,CAGCAN,0.2024194449186325,False,False,True,2.444535493850708e-05,
13,2,64,head_4,degradation,0.98388671875,0.9875821471214294,2926,GCAGCA,1.720703125,0,AAAAAN,2.0,0,AAAAAN,2.0,732,AGCAGC,0.18649743497371674,1460,CAGCAN,0.20279040932655334,1460,CAGCAN,0.20279040932655334,False,False,True,0.00032664835453033447,
13,3,64,head_4,degradation,0.98388671875,0.9728285074234009,2926,GCAGCA,1.720703125,0,AAAAAN,2.0,0,AAAAAN,2.0,732,AGCAGC,0.1858959048986435,1460,CAGCAN,0.20134827494621277,1460,CAGCAN,0.20134827494621277,False,False,True,0.00019965320825576782,
13,4,64,head_4,degradation,0.9892578125,0.9771924614906311,2926,GCAGCA,1.71875,0,AAAAAN,2.0,0,AAAAAN,2.0,732,AGCAGC,0.18578243255615234,1460,CAGCAN,0.20148344337940216,1460,CAGCAN,0.20148344337940216,False,False,True,0.00010026246309280396,
13,5,64,head_4,degradation,0.9921875,0.9917196035385132,2926,GCAGCA,1.7177734375,0,AAAAAN,2.0,0,AAAAAN,2.0,732,AGCAGC,0.18573623895645142,1460,CAGCAN,0.2022649496793747,1460,CAGCAN,0.2022649496793747,False,False,True,-9.948015213012695e-05,
13,6,64,head_4,degradation,0.9892578125,0.98026442527771,2926,GCAGCA,1.71875,0,AAAAAN,2.0,0,AAAAAN,2.0,732,AGCAGC,0.18606752157211304,1460,CAGCAN,0.2019435614347458,1460,CAGCAN,0.2019435614347458,False,False,True,-0.00022745877504348755,
13,7,64,head_4,degradation,0.98388671875,0.9767797589302063,2926,GCAGCA,1.720703125,0,AAAAAN,2.0,0,AAAAAN,2.0,732,AGCAGC,0.1861235648393631,1460,CAGCAN,0.20180106163024902,1460,CAGCAN,0.20180106163024902,False,False,True,-0.0001404881477355957,
13,8,64,head_4,degradation,0.9892578125,0.9905829429626465,2926,GCAGCA,1.71875,0,AAAAAN,2.0,0,AAAAAN,2.0,732,AGCAGC,0.18559765815734863,1460,CAGCAN,0.20206160843372345,1460,CAGCAN,0.20206160843372345,False,False,True,-9.675323963165283e-05,
13,9,64,head_4,degradation,0.9921875,0.9906409978866577,2926,GCAGCA,1.7177734375,0,AAAAAN,2.0,0,AAAAAN,2.0,732,AGCAGC,0.18605317175388336,1460,CAGCAN,0.2025204300880432,1460,CAGCAN,0.2025204300880432,False,False,True,-0.0016270577907562256,
13,10,64,head_4,degradation,0.9892578125,0.9862090945243835,2926,GCAGCA,1.71875,0,AAAAAN,2.0,0,AAAAAN,2.0,732,AGCAGC,0.18638058006763458,1460,CAGCAN,0.2025953233242035,1460,CAGCAN,0.2025953233242035,False,False,True,-0.0014598295092582703,
13,11,64,head_4,degradation,1.0,0.9911878705024719,2926,GCAGCA,1.71484375,0,AAAAAN,2.0,0,AAAAAN,2.0,732,AGCAGC,0.18553441762924194,1460,CAGCAN,0.20203283429145813,1460,CAGCAN,0.20203283429145813,False,False,True,-0.0016033574938774109,
13,12,64,head_4,degradation,0.962890625,0.9506517648696899,2926,GCAGCA,1.728515625,0,AAAAAN,2.0,0,AAAAAN,2.0,732,AGCAGC,0.18768997490406036,1460,CAGCAN,0.20187880098819733,1460,CAGCAN,0.20187880098819733,False,False,True,0.0002942010760307312,
13,13,64,head_4,degradation,0.9736328125,0.9605353474617004,2926,GCAGCA,1.724609375,0,AAAAAN,2.0,0,AAAAAN,2.0,732,AGCAGC,0.18685086071491241,1460,CAGCAN,0.20160281658172607,1460,CAGCAN,0.20160281658172607,False,False,True,-6.236135959625244e-05,
13,14,64,head_4,degradation,0.93359375,0.9115979671478271,2926,GCAGCA,1.7392578125,0,AAAAAN,2.0,0,AAAAAN,2.0,732,AGCAGC,0.18999439477920532,1460,CAGCAN,0.2019580900669098,1460,CAGCAN,0.2019580900669098,False,False,True,-0.0002391338348388672,
13,15,64,head_4,degradation,0.97607421875,0.9697130918502808,2926,GCAGCA,1.7236328125,0,AAAAAN,2.0,0,AAAAAN,2.0,732,AGCAGC,0.18680419027805328,1460,CAGCAN,0.20207905769348145,1460,CAGCAN,0.20207905769348145,False,False,True,-0.00036104023456573486,
13,16,64,head_4,degradation,0.97607421875,0.961198091506958,2926,GCAGCA,1.7236328125,0,AAAAAN,2.0,0,AAAAAN,2.0,732,AGCAGC,0.1881529986858368,1460,CAGCAN,0.20294271409511566,1460,CAGCAN,0.20294271409511566,False,False,True,-0.0008123740553855896,
13,17,64,head_4,degradation,0.9892578125,1.0056569576263428,2926,GCAGCA,1.71875,0,AAAAAN,2.0,0,AAAAAN,2.0,732,AGCAGC,0.18632933497428894,1460,CAGCAN,0.20365214347839355,1460,CAGCAN,0.20365214347839355,False,False,True,0.0003978237509727478,
13,18,64,head_4,degradation,0.9892578125,1.0015848875045776,2926,GCAGCA,1.71875,0,AAAAAN,2.0,0,AAAAAN,2.0,732,AGCAGC,0.18654242157936096,1460,CAGCAN,0.20363321900367737,1460,CAGCAN,0.20363321900367737,False,False,True,0.0005103498697280884,
13,19,64,head_4,degradation,0.99462890625,1.0009119510650635,2926,GCAGCA,1.716796875,0,AAAAAN,2.0,0,AAAAAN,2.0,732,AGCAGC,0.18565143644809723,1460,CAGCAN,0.20270389318466187,1460,CAGCAN,0.20270389318466187,False,False,True,0.003613784909248352,
13,20,64,head_4,degradation,1.013671875,1.0077141523361206,2926,GCAGCA,1.7099609375,0,AAAAAN,2.0,0,AAAAAN,2.0,732,AGCAGC,0.18473811447620392,1460,CAGCAN,0.20217813551425934,1460,CAGCAN,0.20217813551425934,False,False,True,0.00253237783908844,
13,21,64,head_4,degradation,1.0185546875,1.0051592588424683,2926,GCAGCA,1.7080078125,0,AAAAAN,2.0,0,AAAAAN,2.0,732,AGCAGC,0.18440251052379608,1460,CAGCAN,0.2016969621181488,1460,CAGCAN,0.2016969621181488,False,False,True,0.0028789564967155457,
13,22,64,head_4,degradation,1.0263671875,0.9810425043106079,2926,GCAGCA,1.705078125,0,AAAAAN,2.0,0,AAAAAN,2.0,732,AGCAGC,0.18658706545829773,1460,CAGCAN,0.20250743627548218,1460,CAGCAN,0.20250743627548218,False,False,True,0.0004354938864707947,
13,23,64,head_4,degradation,1.0322265625,0.9905254244804382,2926,GCAGCA,1.703125,0,AAAAAN,2.0,0,AAAAAN,2.0,732,AGCAGC,0.1860135793685913,1460,CAGCAN,0.20247425138950348,1460,CAGCAN,0.20247425138950348,False,False,True,6.704777479171753e-05,
13,24,64,head_4,degradation,1.013671875,1.002498984336853,2926,GCAGCA,1.7099609375,0,AAAAAN,2.0,0,AAAAAN,2.0,732,AGCAGC,0.1868053376674652,1460,CAGCAN,0.2039482146501541,1460,CAGCAN,0.2039482146501541,False,False,True,-0.0004946291446685791,
13,25,64,head_4,degradation,1.0029296875,0.9998703002929688,2926,GCAGCA,1.7138671875,0,AAAAAN,2.0,0,AAAAAN,2.0,732,AGCAGC,0.18649306893348694,1460,CAGCAN,0.20348617434501648,1460,CAGCAN,0.20348617434501648,False,False,True,-0.0006825923919677734,
13,26,64,head_4,degradation,0.9921875,1.0108771324157715,2926,GCAGCA,1.7177734375,0,AAAAAN,2.0,0,AAAAAN,2.0,732,AGCAGC,0.18674592673778534,1460,CAGCAN,0.20436616241931915,1460,CAGCAN,0.20436616241931915,False,False,True,4.295259714126587e-05,
13,27,64,head_4,degradation,1.0,0.9950154423713684,2926,GCAGCA,1.71484375,0,AAAAAN,2.0,0,AAAAAN,2.0,732,AGCAGC,0.18508000671863556,1460,CAGCAN,0.2017965018749237,1460,CAGCAN,0.2017965018749237,False,False,True,0.0004387274384498596,
13,28,64,head_4,degradation,1.013671875,0.9926603436470032,2926,GCAGCA,1.7099609375,0,AAAAAN,2.0,0,AAAAAN,2.0,732,AGCAGC,0.18530051410198212,1460,CAGCAN,0.20188282430171967,1460,CAGCAN,0.20188282430171967,False,False,True,0.0002517998218536377,
13,29,64,head_4,degradation,1.013671875,1.0087809562683105,2926,GCAGCA,1.7099609375,0,AAAAAN,2.0,0,AAAAAN,2.0,732,AGCAGC,0.18450061976909637,1460,CAGCAN,0.2020014226436615,1460,CAGCAN,0.2020014226436615,False,False,True,-7.117539644241333e-05,
13,30,64,head_4,degradation,1.013671875,1.009350299835205,2926,GCAGCA,1.7099609375,0,AAAAAN,2.0,0,AAAAAN,2.0,732,AGCAGC,0.1842261105775833,1460,CAGCAN,0.20175935328006744,1460,CAGCAN,0.20175935328006744,False,False,True,5.540996789932251e-05,
13,31,64,head_4,degradation,1.029296875,1.0666277408599854,2926,GCAGCA,1.7041015625,0,AAAAAN,2.0,0,AAAAAN,2.0,732,AGCAGC,0.1811322569847107,1460,CAGCAN,0.20192894339561462,1460,CAGCAN,0.20192894339561462,False,False,True,0.0003261938691139221,
14,0,64,head_4,degradation,0.9892578125,0.9848224520683289,2926,GCAGCA,1.71875,0,AAAAAN,2.0,0,AAAAAN,2.0,732,AGCAGC,0.18621788918972015,1460,CAGCAN,0.20235362648963928,1460,CAGCAN,0.20235362648963928,False,False,True,0.0001779794692993164,
14,1,64,head_4,degradation,0.9921875,0.9812911748886108,2926,GCAGCA,1.7177734375,0,AAAAAN,2.0,0,AAAAAN,2.0,732,AGCAGC,0.18639136850833893,1460,CAGCAN,0.20232591032981873,1460,CAGCAN,0.20232591032981873,False,False,True,0.0005884096026420593,
14,2,64,head_4,degradation,0.9921875,0.9573028087615967,2926,GCAGCA,1.7177734375,0,AAAAAN,2.0,0,AAAAAN,2.0,732,AGCAGC,0.18772608041763306,1460,CAGCAN,0.20229385793209076,1460,CAGCAN,0.20229385793209076,False,False,True,0.00022011250257492065,
14,3,64,head_4,degradation,1.0107421875,0.9958789944648743,2926,GCAGCA,1.7109375,0,AAAAAN,2.0,0,AAAAAN,2.0,732,AGCAGC,0.18644888699054718,1460,CAGCAN,0.2032145857810974,1460,CAGCAN,0.2032145857810974,False,False,True,0.0006252676248550415,
14,4,64,head_4,degradation,1.0048828125,1.0019432306289673,2926,GCAGCA,1.712890625,0,AAAAAN,2.0,0,AAAAAN,2.0,732,AGCAGC,0.1861896514892578,1460,CAGCAN,0.2033008635044098,1460,CAGCAN,0.2033008635044098,False,False,True,0.00018262118101119995,
14,5,64,head_4,degradation,1.0,0.9978326559066772,2926,GCAGCA,1.71484375,0,AAAAAN,2.0,0,AAAAAN,2.0,732,AGCAGC,0.1858641356229782,1460,CAGCAN,0.20274114608764648,1460,CAGCAN,0.20274114608764648,False,False,True,0.00010602176189422607,
14,6,64,head_4,degradation,1.0,0.9966026544570923,2926,GCAGCA,1.71484375,0,AAAAAN,2.0,0,AAAAAN,2.0,732,AGCAGC,0.18580760061740875,1460,CAGCAN,0.20261453092098236,1460,CAGCAN,0.20261453092098236,False,False,True,-9.185820817947388e-05,
14,7,64,head_4,degradation,1.0029296875,0.9844003319740295,2926,GCAGCA,1.7138671875,0,AAAAAN,2.0,0,AAAAAN,2.0,732,AGCAGC,0.1862611174583435,1460,CAGCAN,0.20237280428409576,1460,CAGCAN,0.20237280428409576,False,False,True,-0.0008055195212364197,
14,8,64,head_4,degradation,0.99462890625,0.9711227416992188,2926,GCAGCA,1.716796875,0,AAAAAN,2.0,0,AAAAAN,2.0,732,AGCAGC,0.18688085675239563,1460,CAGCAN,0.20223604142665863,1460,CAGCAN,0.20223604142665863,False,False,True,-0.0019894838333129883,
14,9,64,head_4,degradation,0.9892578125,0.9655424356460571,2926,GCAGCA,1.71875,0,AAAAAN,2.0,0,AAAAAN,2.0,732,AGCAGC,0.18737579882144928,1460,CAGCAN,0.20241303741931915,1460,CAGCAN,0.20241303741931915,False,False,True,-0.0024298354983329773,
14,10,64,head_4,degradation,0.9921875,0.9763889908790588,2926,GCAGCA,1.7177734375,0,AAAAAN,2.0,0,AAAAAN,2.0,732,AGCAGC,0.18747897446155548,1460,CAGCAN,0.2031342089176178,1460,CAGCAN,0.2031342089176178,False,False,True,-0.0018935948610305786,
14,11,64,head_4,degradation,0.9892578125,0.979737401008606,2926,GCAGCA,1.71875,0,AAAAAN,2.0,0,AAAAAN,2.0,732,AGCAGC,0.18694886565208435,1460,CAGCAN,0.2027948796749115,1460,CAGCAN,0.2027948796749115,False,False,True,-0.0008442923426628113,
14,12,64,head_4,degradation,1.0107421875,1.003220796585083,2926,GCAGCA,1.7109375,0,AAAAAN,2.0,0,AAAAAN,2.0,732,AGCAGC,0.184043750166893,1460,CAGCAN,0.20122775435447693,1460,CAGCAN,0.20122775435447693,False,False,True,-0.0010121390223503113,
14,13,64,head_4,degradation,1.013671875,1.0068260431289673,2926,GCAGCA,1.7099609375,0,AAAAAN,2.0,0,AAAAAN,2.0,732,AGCAGC,0.18358509242534637,1460,CAGCAN,0.2009745091199875,1460,CAGCAN,0.2009745091199875,False,False,True,-0.001393638551235199,
14,14,64,head_4,degradation,1.0107421875,0.9911640882492065,2926,GCAGCA,1.7109375,0,AAAAAN,2.0,0,AAAAAN,2.0,732,AGCAGC,0.18431341648101807,1460,CAGCAN,0.2008104771375656,1460,CAGCAN,0.2008104771375656,False,False,True,-0.0019088387489318848,
14,15,64,head_4,degradation,0.9892578125,0.9829809665679932,2926,GCAGCA,1.71875,0,AAAAAN,2.0,0,AAAAAN,2.0,732,AGCAGC,0.1865055114030838,1460,CAGCAN,0.20253632962703705,1460,CAGCAN,0.20253632962703705,False,False,True,-0.0013476461172103882,
14,16,64,head_4,degradation,0.9921875,0.9782189726829529,2926,GCAGCA,1.7177734375,0,AAAAAN,2.0,0,AAAAAN,2.0,732,AGCAGC,0.18658393621444702,1460,CAGCAN,0.2023434340953827,1460,CAGCAN,0.2023434340953827,False,False,True,-0.00106869637966156,
14,17,64,head_4,degradation,0.9921875,0.9751650094985962,2926,GCAGCA,1.7177734375,0,AAAAAN,2.0,0,AAAAAN,2.0,732,AGCAGC,0.18686580657958984,1460,CAGCAN,0.20245130360126495,1460,CAGCAN,0.20245130360126495,False,False,True,-0.0004139542579650879,
14,18,64,head_4,degradation,1.0,0.9718744158744812,2926,GCAGCA,1.71484375,0,AAAAAN,2.0,0,AAAAAN,2.0,732,AGCAGC,0.18646526336669922,1460,CAGCAN,0.20186327397823334,1460,CAGCAN,0.20186327397823334,False,False,True,0.0003198385238647461,
14,19,64,head_4,degradation,0.99462890625,0.9882131814956665,2926,GCAGCA,1.716796875,0,AAAAAN,2.0,0,AAAAAN,2.0,732,AGCAGC,0.18606089055538177,1460,CAGCAN,0.20238982141017914,1460,CAGCAN,0.20238982141017914,False,False,True,0.001360960304737091,
14,20,64,head_4,degradation,0.9921875,1.008721113204956,2926,GCAGCA,1.7177734375,0,AAAAAN,2.0,0,AAAAAN,2.0,732,AGCAGC,0.18511657416820526,1460,CAGCAN,0.202613964676857,1460,CAGCAN,0.202613964676857,False,False,True,0.0009815990924835205,
14,21,64,head_4,degradation,0.99462890625,1.0133042335510254,2926,GCAGCA,1.716796875,0,AAAAAN,2.0,0,AAAAAN,2.0,732,AGCAGC,0.18487200140953064,1460,CAGCAN,0.20263051986694336,1460,CAGCAN,0.20263051986694336,False,False,True,0.0002015531063079834,
14,22,64,head_4,degradation,1.0048828125,1.0037312507629395,2926,GCAGCA,1.712890625,0,AAAAAN,2.0,0,AAAAAN,2.0,732,AGCAGC,0.1853487491607666,1460,CAGCAN,0.20256184041500092,1460,CAGCAN,0.20256184041500092,False,False,True,-0.0011718645691871643,
14,23,64,head_4,degradation,1.0,1.00139319896698,2926,GCAGCA,1.71484375,0,AAAAAN,2.0,0,AAAAAN,2.0,732,AGCAGC,0.18494316935539246,1460,CAGCAN,0.20202304422855377,1460,CAGCAN,0.20202304422855377,False,False,True,-0.0009443908929824829,
14,24,64,head_4,degradation,0.9892578125,0.9888495206832886,2926,GCAGCA,1.71875,0,AAAAAN,2.0,0,AAAAAN,2.0,732,AGCAGC,0.1851777285337448,1460,CAGCAN,0.2015429139137268,1460,CAGCAN,0.2015429139137268,False,False,True,-0.0007945746183395386,
14,25,64,head_4,degradation,1.0,0.9955525994300842,2926,GCAGCA,1.71484375,0,AAAAAN,2.0,0,AAAAAN,2.0,732,AGCAGC,0.1848059743642807,1460,CAGCAN,0.201553076505661,1460,CAGCAN,0.201553076505661,False,False,True,9.988248348236084e-05,
14,26,64,head_4,degradation,0.99462890625,0.9899416565895081,2926,GCAGCA,1.716796875,0,AAAAAN,2.0,0,AAAAAN,2.0,732,AGCAGC,0.1844947636127472,1460,CAGCAN,0.2009221762418747,1460,CAGCAN,0.2009221762418747,False,False,True,0.0002675876021385193,
14,27,64,head_4,degradation,1.0048828125,0.9935725331306458,2926,GCAGCA,1.712890625,0,AAAAAN,2.0,0,AAAAAN,2.0,732,AGCAGC,0.18491917848587036,1460,CAGCAN,0.20155346393585205,1460,CAGCAN,0.20155346393585205,False,False,True,0.00029296427965164185,
14,28,64,head_4,degradation,1.0048828125,0.9926459193229675,2926,GCAGCA,1.712890625,0,AAAAAN,2.0,0,AAAAAN,2.0,732,AGCAGC,0.18598194420337677,1460,CAGCAN,0.20256343483924866,1460,CAGCAN,0.20256343483924866,False,False,True,7.240474224090576e-05,
14,29,64,head_4,degradation,1.0,0.985619843006134,2926,GCAGCA,1.71484375,0,AAAAAN,2.0,0,AAAAAN,2.0,732,AGCAGC,0.1867779791355133,1460,CAGCAN,0.20295915007591248,1460,CAGCAN,0.20295915007591248,False,False,True,-9.97781753540039e-05,
14,30,64,head_4,degradation,0.99462890625,1.008735179901123,2926,GCAGCA,1.716796875,0,AAAAAN,2.0,0,AAAAAN,2.0,732,AGCAGC,0.18714112043380737,1460,CAGCAN,0.20463931560516357,1460,CAGCAN,0.20463931560516357,False,False,True,-0.00017829984426498413,
14,31,64,head_4,degradation,0.787109375,0.7685585021972656,2926,GCAGCA,1.79296875,0,AAAAAN,2.0,0,AAAAAN,2.0,732,AGCAGC,0.19773663580417633,1460,CAGCAN,0.20155049860477448,1460,CAGCAN,0.20155049860477448,False,False,True,-0.0005257725715637207,
15,0,64,head_4,degradation,0.9921875,0.9988683462142944,2926,GCAGCA,1.7177734375,0,AAAAAN,2.0,0,AAAAAN,2.0,732,AGCAGC,0.186479851603508,1460,CAGCAN,0.2034158706665039,1460,CAGCAN,0.2034158706665039,False,False,True,-0.0003729388117790222,
15,1,64,head_4,degradation,0.9921875,1.0029270648956299,2926,GCAGCA,1.7177734375,0,AAAAAN,2.0,0,AAAAAN,2.0,732,AGCAGC,0.18676595389842987,1460,CAGCAN,0.2039332240819931,1460,CAGCAN,0.2039332240819931,False,False,True,-0.00035522133111953735,
15,2,64,head_4,degradation,1.0,1.0128679275512695,2926,GCAGCA,1.71484375,0,AAAAAN,2.0,0,AAAAAN,2.0,732,AGCAGC,0.1857447773218155,1460,CAGCAN,0.20347844064235687,1460,CAGCAN,0.20347844064235687,False,False,True,-0.0002517327666282654,
15,3,64,head_4,degradation,0.9921875,0.9947724938392639,2926,GCAGCA,1.7177734375,0,AAAAAN,2.0,0,AAAAAN,2.0,732,AGCAGC,0.18585079908370972,1460,CAGCAN,0.20255345106124878,1460,CAGCAN,0.20255345106124878,False,False,True,-0.0004609227180480957,
15,4,64,head_4,degradation,1.0,1.0015590190887451,2926,GCAGCA,1.71484375,0,AAAAAN,2.0,0,AAAAAN,2.0,732,AGCAGC,0.18581686913967133,1460,CAGCAN,0.20290619134902954,1460,CAGCAN,0.20290619134902954,False,False,True,-0.00042597949504852295,
15,5,64,head_4,degradation,1.0,0.993270993232727,2926,GCAGCA,1.71484375,0,AAAAAN,2.0,0,AAAAAN,2.0,732,AGCAGC,0.18634673953056335,1460,CAGCAN,0.20296384394168854,1460,CAGCAN,0.20296384394168854,False,False,True,-0.000254020094871521,
15,6,64,head_4,degradation,1.0,0.9979686737060547,2926,GCAGCA,1.71484375,0,AAAAAN,2.0,0,AAAAAN,2.0,732,AGCAGC,0.18584734201431274,1460,CAGCAN,0.20273210108280182,1460,CAGCAN,0.20273210108280182,False,False,True,-0.0003610178828239441,
15,7,64,head_4,degradation,0.9921875,0.9917253255844116,2926,GCAGCA,1.7177734375,0,AAAAAN,2.0,0,AAAAAN,2.0,732,AGCAGC,0.18622666597366333,1460,CAGCAN,0.20275570452213287,1460,CAGCAN,0.20275570452213287,False,False,True,-0.00018897652626037598,
15,8,64,head_4,degradation,0.9892578125,0.9914324283599854,2926,GCAGCA,1.71875,0,AAAAAN,2.0,0,AAAAAN,2.0,732,AGCAGC,0.18603867292404175,1460,CAGCAN,0.20255102217197418,1460,CAGCAN,0.20255102217197418,False,False,True,-0.0004064291715621948,
15,9,64,head_4,degradation,0.9921875,1.0012365579605103,2926,GCAGCA,1.7177734375,0,AAAAAN,2.0,0,AAAAAN,2.0,732,AGCAGC,0.1857852190732956,1460,CAGCAN,0.2028561681509018,1460,CAGCAN,0.2028561681509018,False,False,True,-0.000552736222743988,
15,10,64,head_4,degradation,1.0048828125,1.0065195560455322,2926,GCAGCA,1.712890625,0,AAAAAN,2.0,0,AAAAAN,2.0,732,AGCAGC,0.18559224903583527,1460,CAGCAN,0.2029642015695572,1460,CAGCAN,0.2029642015695572,False,False,True,-0.0006879717111587524,
15,11,64,head_4,degradation,1.0029296875,0.9998320937156677,2926,GCAGCA,1.7138671875,0,AAAAAN,2.0,0,AAAAAN,2.0,732,AGCAGC,0.18623121082782745,1460,CAGCAN,0.2032221406698227,1460,CAGCAN,0.2032221406698227,False,False,True,-0.00018092989921569824,
15,12,64,head_4,degradation,0.978515625,0.9731990694999695,2926,GCAGCA,1.72265625,0,AAAAAN,2.0,0,AAAAAN,2.0,732,AGCAGC,0.18730413913726807,1460,CAGCAN,0.20277762413024902,1460,CAGCAN,0.20277762413024902,False,False,True,0.00037989020347595215,
15,13,64,head_4,degradation,0.978515625,0.9812794327735901,2926,GCAGCA,1.72265625,0,AAAAAN,2.0,0,AAAAAN,2.0,732,AGCAGC,0.1872905194759369,1460,CAGCAN,0.20322439074516296,1460,CAGCAN,0.20322439074516296,False,False,True,0.00021532177925109863,
15,14,64,head_4,degradation,0.978515625,0.9792650938034058,2926,GCAGCA,1.72265625,0,AAAAAN,2.0,0,AAAAAN,2.0,732,AGCAGC,0.18736295402050018,1460,CAGCAN,0.20318205654621124,1460,CAGCAN,0.20318205654621124,False,False,True,5.046278238296509e-05,
15,15,64,head_4,degradation,1.0048828125,1.0012166500091553,2926,GCAGCA,1.712890625,0,AAAAAN,2.0,0,AAAAAN,2.0,732,AGCAGC,0.18547029793262482,1460,CAGCAN,0.20254011452198029,1460,CAGCAN,0.20254011452198029,False,False,True,0.0007678046822547913,
15,16,64,head_4,degradation,1.015625,1.0149197578430176,2926,GCAGCA,1.708984375,0,AAAAAN,2.0,0,AAAAAN,2.0,732,AGCAGC,0.1834966391324997,1460,CAGCAN,0.2013472020626068,1460,CAGCAN,0.2013472020626068,False,False,True,0.0013153105974197388,
15,17,64,head_4,degradation,1.013671875,1.010633111000061,2926,GCAGCA,1.7099609375,0,AAAAAN,2.0,0,AAAAAN,2.0,732,AGCAGC,0.1838957816362381,1460,CAGCAN,0.20150211453437805,1460,CAGCAN,0.20150211453437805,False,False,True,0.0017098188400268555,
15,18,64,head_4,degradation,1.013671875,1.008987545967102,2926,GCAGCA,1.7099609375,0,AAAAAN,2.0,0,AAAAAN,2.0,732,AGCAGC,0.18384762108325958,1460,CAGCAN,0.20136019587516785,1460,CAGCAN,0.20136019587516785,False,False,True,0.0013429522514343262,
15,19,64,head_4,degradation,0.98681640625,0.9957283735275269,2926,GCAGCA,1.7197265625,0,AAAAAN,2.0,0,AAAAAN,2.0,732,AGCAGC,0.18576930463314056,1460,CAGCAN,0.20252642035484314,1460,CAGCAN,0.20252642035484314,False,False,True,0.00037036091089248657,
15,20,64,head_4,degradation,1.0048828125,1.0184671878814697,2926,GCAGCA,1.712890625,0,AAAAAN,2.0,0,AAAAAN,2.0,732,AGCAGC,0.1853509247303009,1460,CAGCAN,0.20340360701084137,1460,CAGCAN,0.20340360701084137,False,False,True,-0.001300126314163208,
15,21,64,head_4,degradation,1.0,1.0005121231079102,2926,GCAGCA,1.71484375,0,AAAAAN,2.0,0,AAAAAN,2.0,732,AGCAGC,0.18594291806221008,1460,CAGCAN,0.20297259092330933,1460,CAGCAN,0.20297259092330933,False,False,True,-0.001185484230518341,
15,22,64,head_4,degradation,1.0048828125,0.999548077583313,2926,GCAGCA,1.712890625,0,AAAAAN,2.0,0,AAAAAN,2.0,732,AGCAGC,0.18687205016613007,1460,CAGCAN,0.2038467973470688,1460,CAGCAN,0.2038467973470688,False,False,True,-0.0033553093671798706,
15,23,64,head_4,degradation,0.9921875,0.9862838983535767,2926,GCAGCA,1.7177734375,0,AAAAAN,2.0,0,AAAAAN,2.0,732,AGCAGC,0.18782560527324677,1460,CAGCAN,0.20404461026191711,1460,CAGCAN,0.20404461026191711,False,False,True,-0.0019620507955551147,
15,24,64,head_4,degradation,0.96826171875,0.9925081133842468,2926,GCAGCA,1.7265625,0,AAAAAN,2.0,0,AAAAAN,2.0,732,AGCAGC,0.19105209410190582,1460,CAGCAN,0.20762573182582855,1460,CAGCAN,0.20762573182582855,False,False,True,-0.0032926127314567566,
15,25,64,head_4,degradation,0.96826171875,0.9863448143005371,2926,GCAGCA,1.7265625,0,AAAAAN,2.0,0,AAAAAN,2.0,732,AGCAGC,0.18950219452381134,1460,CAGCAN,0.20572467148303986,1460,CAGCAN,0.20572467148303986,False,False,True,-0.0007328838109970093,
15,26,64,head_4,degradation,0.95751953125,1.007469654083252,2926,GCAGCA,1.73046875,0,AAAAAN,2.0,0,AAAAAN,2.0,732,AGCAGC,0.19110511243343353,1460,CAGCAN,0.2085312008857727,1460,CAGCAN,0.2085312008857727,False,False,True,-0.0008814409375190735,
15,27,64,head_4,degradation,0.978515625,1.0055193901062012,2926,GCAGCA,1.72265625,0,AAAAAN,2.0,0,AAAAAN,2.0,732,AGCAGC,0.1908971667289734,1460,CAGCAN,0.20821213722229004,1460,CAGCAN,0.20821213722229004,False,False,True,-0.00023731589317321777,
15,28,64,head_4,degradation,0.98681640625,1.0152685642242432,2926,GCAGCA,1.7197265625,0,AAAAAN,2.0,0,AAAAAN,2.0,732,AGCAGC,0.1911563277244568,1460,CAGCAN,0.2090267688035965,1460,CAGCAN,0.2090267688035965,False,False,True,2.8096139430999756e-05,
15,29,64,head_4,degradation,1.0185546875,1.045546293258667,2926,GCAGCA,1.7080078125,0,AAAAAN,2.0,0,AAAAAN,2.0,732,AGCAGC,0.1880570352077484,1460,CAGCAN,0.20765258371829987,1460,CAGCAN,0.20765258371829987,False,False,True,-0.00011364370584487915,
15,30,64,head_4,degradation,1.0107421875,0.9800434112548828,2926,GCAGCA,1.7109375,0,AAAAAN,2.0,0,AAAAAN,2.0,732,AGCAGC,0.19148829579353333,1460,CAGCAN,0.20735174417495728,1460,CAGCAN,0.20735174417495728,False,False,True,0.0004587322473526001,
15,31,64,head_4,degradation,1.0478515625,0.9752324819564819,2926,GCAGCA,1.697265625,0,AAAAAN,2.0,0,AAAAAN,2.0,732,AGCAGC,0.1894260048866272,1460,CAGCAN,0.20501534640789032,1460,CAGCAN,0.20501534640789032,False,False,True,0.00014828890562057495,
16,0,64,head_4,degradation,0.99462890625,0.9986518025398254,2926,GCAGCA,1.716796875,0,AAAAAN,2.0,0,AAAAAN,2.0,732,AGCAGC,0.18607114255428314,1460,CAGCAN,0.20299482345581055,1460,CAGCAN,0.20299482345581055,False,False,True,0.00034352391958236694,
16,1,64,head_4,degradation,0.99462890625,1.000091791152954,2926,GCAGCA,1.716796875,0,AAAAAN,2.0,0,AAAAAN,2.0,732,AGCAGC,0.18591822683811188,1460,CAGCAN,0.2029239535331726,1460,CAGCAN,0.2029239535331726,False,False,True,0.00027164071798324585,
16,2,64,head_4,degradation,0.99462890625,0.9985756874084473,2926,GCAGCA,1.716796875,0,AAAAAN,2.0,0,AAAAAN,2.0,732,AGCAGC,0.18609148263931274,1460,CAGCAN,0.20301082730293274,1460,CAGCAN,0.20301082730293274,False,False,True,-1.7851591110229492e-05,
16,3,64,head_4,degradation,0.99462890625,1.0006604194641113,2926,GCAGCA,1.716796875,0,AAAAAN,2.0,0,AAAAAN,2.0,732,AGCAGC,0.18606916069984436,1460,CAGCAN,0.20310728251934052,1460,CAGCAN,0.20310728251934052,False,False,True,-1.7680227756500244e-05,
16,4,64,head_4,degradation,0.9921875,0.9978444576263428,2926,GCAGCA,1.7177734375,0,AAAAAN,2.0,0,AAAAAN,2.0,732,AGCAGC,0.1863495409488678,1460,CAGCAN,0.2032272219657898,1460,CAGCAN,0.2032272219657898,False,False,True,9.17091965675354e-05,
16,5,64,head_4,degradation,0.99462890625,1.0009726285934448,2926,GCAGCA,1.716796875,0,AAAAAN,2.0,0,AAAAAN,2.0,732,AGCAGC,0.186127707362175,1460,CAGCAN,0.2031836211681366,1460,CAGCAN,0.2031836211681366,False,False,True,0.00019875913858413696,
16,6,64,head_4,degradation,1.0,1.00576913356781,2926,GCAGCA,1.71484375,0,AAAAAN,2.0,0,AAAAAN,2.0,732,AGCAGC,0.1859641671180725,1460,CAGCAN,0.20329336822032928,1460,CAGCAN,0.20329336822032928,False,False,True,-1.516193151473999e-05,
16,7,64,head_4,degradation,1.0,1.0010416507720947,2926,GCAGCA,1.71484375,0,AAAAAN,2.0,0,AAAAAN,2.0,732,AGCAGC,0.18610332906246185,1460,CAGCAN,0.20316317677497864,1460,CAGCAN,0.20316317677497864,False,False,True,-0.00018315017223358154,
16,8,64,head_4,degradation,1.0,1.0016915798187256,2926,GCAGCA,1.71484375,0,AAAAAN,2.0,0,AAAAAN,2.0,732,AGCAGC,0.18627019226551056,1460,CAGCAN,0.20336706936359406,1460,CAGCAN,0.20336706936359406,False,False,True,-5.02169132232666e-05,
16,9,64,head_4,degradation,0.9921875,0.9941858649253845,2926,GCAGCA,1.7177734375,0,AAAAAN,2.0,0,AAAAAN,2.0,732,AGCAGC,0.18592633306980133,1460,CAGCAN,0.2025955617427826,1460,CAGCAN,0.2025955617427826,False,False,True,0.0001731663942337036,
16,10,64,head_4,degradation,0.99462890625,1.001646876335144,2926,GCAGCA,1.716796875,0,AAAAAN,2.0,0,AAAAAN,2.0,732,AGCAGC,0.18577034771442413,1460,CAGCAN,0.20286467671394348,1460,CAGCAN,0.20286467671394348,False,False,True,0.0002448856830596924,
16,11,64,head_4,degradation,0.99462890625,0.9973524808883667,2926,GCAGCA,1.716796875,0,AAAAAN,2.0,0,AAAAAN,2.0,732,AGCAGC,0.18617716431617737,1460,CAGCAN,0.20302681624889374,1460,CAGCAN,0.20302681624889374,False,False,True,-1.2189149856567383e-05,
16,12,64,head_4,degradation,0.9921875,0.9979624152183533,2926,GCAGCA,1.7177734375,0,AAAAAN,2.0,0,AAAAAN,2.0,732,AGCAGC,0.18615029752254486,1460,CAGCAN,0.20303469896316528,1460,CAGCAN,0.20303469896316528,False,False,True,-2.4624168872833252e-05,
16,13,64,head_4,degradation,1.0,0.9968992471694946,2926,GCAGCA,1.71484375,0,AAAAAN,2.0,0,AAAAAN,2.0,732,AGCAGC,0.18575499951839447,1460,CAGCAN,0.2025788277387619,1460,CAGCAN,0.2025788277387619,False,False,True,0.0003654584288597107,
16,14,64,head_4,degradation,0.99462890625,1.0068076848983765,2926,GCAGCA,1.716796875,0,AAAAAN,2.0,0,AAAAAN,2.0,732,AGCAGC,0.18543733656406403,1460,CAGCAN,0.20282571017742157,1460,CAGCAN,0.20282571017742157,False,False,True,0.0011686906218528748,
16,15,64,head_4,degradation,1.0,1.001917839050293,2926,GCAGCA,1.71484375,0,AAAAAN,2.0,0,AAAAAN,2.0,732,AGCAGC,0.18550121784210205,1460,CAGCAN,0.20261098444461823,1460,CAGCAN,0.20261098444461823,False,False,True,0.0012324079871177673,
16,16,64,head_4,degradation,1.0,1.0056438446044922,2926,GCAGCA,1.71484375,0,AAAAAN,2.0,0,AAAAAN,2.0,732,AGCAGC,0.18555544316768646,1460,CAGCAN,0.20287750661373138,1460,CAGCAN,0.20287750661373138,False,False,True,0.000621311366558075,
16,17,64,head_4,degradation,1.0029296875,1.00696861743927,2926,GCAGCA,1.7138671875,0,AAAAAN,2.0,0,AAAAAN,2.0,732,AGCAGC,0.18553493916988373,1460,CAGCAN,0.2029324769973755,1460,CAGCAN,0.2029324769973755,False,False,True,-0.00040599703788757324,
16,18,64,head_4,degradation,0.9921875,0.9986389875411987,2926,GCAGCA,1.7177734375,0,AAAAAN,2.0,0,AAAAAN,2.0,732,AGCAGC,0.1863357573747635,1460,CAGCAN,0.2032587081193924,1460,CAGCAN,0.2032587081193924,False,False,True,-0.0003263428807258606,
16,19,64,head_4,degradation,1.0029296875,1.0031378269195557,2926,GCAGCA,1.7138671875,0,AAAAAN,2.0,0,AAAAAN,2.0,732,AGCAGC,0.18605326116085052,1460,CAGCAN,0.203232541680336,1460,CAGCAN,0.203232541680336,False,False,True,-0.0013459250330924988,
16,20,64,head_4,degradation,0.99462890625,1.0026788711547852,2926,GCAGCA,1.716796875,0,AAAAAN,2.0,0,AAAAAN,2.0,732,AGCAGC,0.1858372539281845,1460,CAGCAN,0.20299038290977478,1460,CAGCAN,0.20299038290977478,False,False,True,-0.0016216114163398743,
16,21,64,head_4,degradation,1.0,1.0022330284118652,2926,GCAGCA,1.71484375,0,AAAAAN,2.0,0,AAAAAN,2.0,732,AGCAGC,0.18593129515647888,1460,CAGCAN,0.20305901765823364,1460,CAGCAN,0.20305901765823364,False,False,True,-0.0037785619497299194,
16,22,64,head_4,degradation,1.0,1.0082817077636719,2926,GCAGCA,1.71484375,0,AAAAAN,2.0,0,AAAAAN,2.0,732,AGCAGC,0.18659842014312744,1460,CAGCAN,0.2040707767009735,1460,CAGCAN,0.2040707767009735,False,False,True,-0.003226347267627716,
16,23,64,head_4,degradation,1.0,1.0085813999176025,2926,GCAGCA,1.71484375,0,AAAAAN,2.0,0,AAAAAN,2.0,732,AGCAGC,0.18651506304740906,1460,CAGCAN,0.20400449633598328,1460,CAGCAN,0.20400449633598328,False,False,True,-0.0029578953981399536,
16,24,64,head_4,degradation,0.9921875,1.0001503229141235,2926,GCAGCA,1.7177734375,0,AAAAAN,2.0,0,AAAAAN,2.0,732,AGCAGC,0.18605642020702362,1460,CAGCAN,0.20306548476219177,1460,CAGCAN,0.20306548476219177,False,False,True,-0.001580357551574707,
16,25,64,head_4,degradation,0.9921875,1.0019147396087646,2926,GCAGCA,1.7177734375,0,AAAAAN,2.0,0,AAAAAN,2.0,732,AGCAGC,0.18671351671218872,1460,CAGCAN,0.20382310450077057,1460,CAGCAN,0.20382310450077057,False,False,True,-0.0007661283016204834,
16,26,64,head_4,degradation,0.9921875,0.9978269338607788,2926,GCAGCA,1.7177734375,0,AAAAAN,2.0,0,AAAAAN,2.0,732,AGCAGC,0.1870603859424591,1460,CAGCAN,0.20393706858158112,1460,CAGCAN,0.20393706858158112,False,False,True,-0.0006688982248306274,
16,27,64,head_4,degradation,0.9599609375,0.9743584394454956,2926,GCAGCA,1.7294921875,0,AAAAAN,2.0,0,AAAAAN,2.0,732,AGCAGC,0.18735435605049133,1460,CAGCAN,0.20289389789104462,1460,CAGCAN,0.20289389789104462,False,False,True,-0.00046247243881225586,
16,28,64,head_4,degradation,0.9599609375,0.9681344628334045,2926,GCAGCA,1.7294921875,0,AAAAAN,2.0,0,AAAAAN,2.0,732,AGCAGC,0.1862305998802185,1460,CAGCAN,0.2014155238866806,1460,CAGCAN,0.2014155238866806,False,False,True,-0.0005095303058624268,
16,29,64,head_4,degradation,0.962890625,0.962862491607666,2926,GCAGCA,1.728515625,0,AAAAAN,2.0,0,AAAAAN,2.0,732,AGCAGC,0.1851685792207718,1460,CAGCAN,0.2000531256198883,1460,CAGCAN,0.2000531256198883,False,False,True,-0.000723324716091156,
16,30,64,head_4,degradation,0.9892578125,0.954938530921936,2926,GCAGCA,1.71875,0,AAAAAN,2.0,0,AAAAAN,2.0,732,AGCAGC,0.18434911966323853,1460,CAGCAN,0.19878219068050385,1460,CAGCAN,0.19878219068050385,False,False,True,-0.0007121041417121887,
16,31,64,head_4,degradation,0.89892578125,0.9450755715370178,2926,GCAGCA,1.751953125,0,AAAAAN,2.0,0,AAAAAN,2.0,732,AGCAGC,0.1856224089860916,1460,CAGCAN,0.19949352741241455,1460,CAGCAN,0.19949352741241455,False,False,True,-0.0005079135298728943,
17,0,64,head_4,degradation,1.0,1.0,2926,GCAGCA,1.71484375,0,AAAAAN,2.0,0,AAAAAN,2.0,732,AGCAGC,0.18562442064285278,1460,CAGCAN,0.20262491703033447,1460,CAGCAN,0.20262491703033447,False,False,True,-0.00041137635707855225,
17,1,64,head_4,degradation,1.0,1.0,2926,GCAGCA,1.71484375,0,AAAAAN,2.0,0,AAAAAN,2.0,732,AGCAGC,0.18562442064285278,1460,CAGCAN,0.20262491703033447,1460,CAGCAN,0.20262491703033447,False,False,True,-0.0005282387137413025,
17,2,64,head_4,degradation,1.0,1.0,2926,GCAGCA,1.71484375,0,AAAAAN,2.0,0,AAAAAN,2.0,732,AGCAGC,0.18562442064285278,1460,CAGCAN,0.20262491703033447,1460,CAGCAN,0.20262491703033447,False,False,True,-0.00048666447401046753,
17,3,64,head_4,degradation,1.0,0.999998927116394,2926,GCAGCA,1.71484375,0,AAAAAN,2.0,0,AAAAAN,2.0,732,AGCAGC,0.18562370538711548,1460,CAGCAN,0.2026241421699524,1460,CAGCAN,0.2026241421699524,False,False,True,-0.0005039870738983154,
17,4,64,head_4,degradation,1.0,1.0,2926,GCAGCA,1.71484375,0,AAAAAN,2.0,0,AAAAAN,2.0,732,AGCAGC,0.18562442064285278,1460,CAGCAN,0.20262491703033447,1460,CAGCAN,0.20262491703033447,False,False,True,-0.0005318596959114075,
17,5,64,head_4,degradation,1.0,1.000000238418579,2926,GCAGCA,1.71484375,0,AAAAAN,2.0,0,AAAAAN,2.0,732,AGCAGC,0.18562443554401398,1460,CAGCAN,0.20262494683265686,1460,CAGCAN,0.20262494683265686,False,False,True,-0.0006605684757232666,
17,6,64,head_4,degradation,1.0,1.0,2926,GCAGCA,1.71484375,0,AAAAAN,2.0,0,AAAAAN,2.0,732,AGCAGC,0.18562442064285278,1460,CAGCAN,0.20262491703033447,1460,CAGCAN,0.20262491703033447,False,False,True,-0.00041002780199050903,
17,7,64,head_4,degradation,1.0,1.0,2926,GCAGCA,1.71484375,0,AAAAAN,2.0,0,AAAAAN,2.0,732,AGCAGC,0.18562442064285278,1460,CAGCAN,0.20262491703033447,1460,CAGCAN,0.20262491703033447,False,False,True,-0.0005672425031661987,
17,8,64,head_4,degradation,1.0,1.000000238418579,2926,GCAGCA,1.71484375,0,AAAAAN,2.0,0,AAAAAN,2.0,732,AGCAGC,0.18562443554401398,1460,CAGCAN,0.20262494683265686,1460,CAGCAN,0.20262494683265686,False,False,True,-0.0010191500186920166,
17,9,64,head_4,degradation,1.0,1.0,2926,GCAGCA,1.71484375,0,AAAAAN,2.0,0,AAAAAN,2.0,732,AGCAGC,0.1856243908405304,1460,CAGCAN,0.20262488722801208,1460,CAGCAN,0.20262488722801208,False,False,True,-0.0010519549250602722,
17,10,64,head_4,degradation,1.0,0.9999997615814209,2926,GCAGCA,1.71484375,0,AAAAAN,2.0,0,AAAAAN,2.0,732,AGCAGC,0.18562430143356323,1460,CAGCAN,0.20262478291988373,1460,CAGCAN,0.20262478291988373,False,False,True,-0.0008167102932929993,
17,11,64,head_4,degradation,1.0,1.0,2926,GCAGCA,1.71484375,0,AAAAAN,2.0,0,AAAAAN,2.0,732,AGCAGC,0.18562431633472443,1460,CAGCAN,0.20262481272220612,1460,CAGCAN,0.20262481272220612,False,False,True,-0.00023812800645828247,
17,12,64,head_4,degradation,1.0,0.9999992251396179,2926,GCAGCA,1.71484375,0,AAAAAN,2.0,0,AAAAAN,2.0,732,AGCAGC,0.18562373518943787,1460,CAGCAN,0.20262418687343597,1460,CAGCAN,0.20262418687343597,False,False,True,-0.00019757449626922607,
17,13,64,head_4,degradation,1.0,0.999998927116394,2926,GCAGCA,1.71484375,0,AAAAAN,2.0,0,AAAAAN,2.0,732,AGCAGC,0.18562370538711548,1460,CAGCAN,0.2026241421699524,1460,CAGCAN,0.2026241421699524,False,False,True,-0.00013708323240280151,
17,14,64,head_4,degradation,1.0,0.9999984502792358,2926,GCAGCA,1.71484375,0,AAAAAN,2.0,0,AAAAAN,2.0,732,AGCAGC,0.18562351167201996,1460,CAGCAN,0.20262391865253448,1460,CAGCAN,0.20262391865253448,False,False,True,-0.00015679746866226196,
17,15,64,head_4,degradation,1.0,1.0000085830688477,2926,GCAGCA,1.71484375,0,AAAAAN,2.0,0,AAAAAN,2.0,732,AGCAGC,0.1856296956539154,1460,CAGCAN,0.2026306837797165,1460,CAGCAN,0.2026306837797165,False,False,True,-0.0005319714546203613,
17,16,64,head_4,degradation,1.0,1.0000646114349365,2926,GCAGCA,1.71484375,0,AAAAAN,2.0,0,AAAAAN,2.0,732,AGCAGC,0.18566448986530304,1460,CAGCAN,0.2026686668395996,1460,CAGCAN,0.2026686668395996,False,False,True,-0.0007492825388908386,
17,17,64,head_4,degradation,1.0,0.999998152256012,2926,GCAGCA,1.71484375,0,AAAAAN,2.0,0,AAAAAN,2.0,732,AGCAGC,0.18562324345111847,1460,CAGCAN,0.2026236355304718,1460,CAGCAN,0.2026236355304718,False,False,True,-0.0007691457867622375,
17,18,64,head_4,degradation,1.0,0.9999502897262573,2926,GCAGCA,1.71484375,0,AAAAAN,2.0,0,AAAAAN,2.0,732,AGCAGC,0.1855933964252472,1460,CAGCAN,0.20259106159210205,1460,CAGCAN,0.20259106159210205,False,False,True,-0.0002901703119277954,
17,19,64,head_4,degradation,1.0,0.9998509287834167,2926,GCAGCA,1.71484375,0,AAAAAN,2.0,0,AAAAAN,2.0,732,AGCAGC,0.18553175032138824,1460,CAGCAN,0.20252375304698944,1460,CAGCAN,0.20252375304698944,False,False,True,0.00014122575521469116,
17,20,64,head_4,degradation,1.0,1.0001384019851685,2926,GCAGCA,1.71484375,0,AAAAAN,2.0,0,AAAAAN,2.0,732,AGCAGC,0.18571051955223083,1460,CAGCAN,0.20271889865398407,1460,CAGCAN,0.20271889865398407,False,False,True,-0.0005356967449188232,
17,21,64,head_4,degradation,1.0,1.0000277757644653,2926,GCAGCA,1.71484375,0,AAAAAN,2.0,0,AAAAAN,2.0,732,AGCAGC,0.1856415718793869,1460,CAGCAN,0.20264364778995514,1460,CAGCAN,0.20264364778995514,False,False,True,-0.00045727193355560303,
17,22,64,head_4,degradation,1.0,0.9991322159767151,2926,GCAGCA,1.71484375,0,AAAAAN,2.0,0,AAAAAN,2.0,732,AGCAGC,0.18508465588092804,1460,CAGCAN,0.20203571021556854,1460,CAGCAN,0.20203571021556854,False,False,True,-0.0006527155637741089,
17,23,64,head_4,degradation,1.0,0.9990351796150208,2926,GCAGCA,1.71484375,0,AAAAAN,2.0,0,AAAAAN,2.0,732,AGCAGC,0.1850241869688034,1460,CAGCAN,0.201969712972641,1460,CAGCAN,0.201969712972641,False,False,True,0.00011438876390457153,
17,24,64,head_4,degradation,1.0,0.9988283514976501,2926,GCAGCA,1.71484375,0,AAAAAN,2.0,0,AAAAAN,2.0,732,AGCAGC,0.18489550054073334,1460,CAGCAN,0.2018292397260666,1460,CAGCAN,0.2018292397260666,False,False,True,-0.00013604015111923218,
17,25,64,head_4,degradation,1.0,1.000632643699646,2926,GCAGCA,1.71484375,0,AAAAAN,2.0,0,AAAAAN,2.0,732,AGCAGC,0.1860179603099823,1460,CAGCAN,0.2030545026063919,1460,CAGCAN,0.2030545026063919,False,False,True,-0.00034430623054504395,
17,26,64,head_4,degradation,1.0,1.0005005598068237,2926,GCAGCA,1.71484375,0,AAAAAN,2.0,0,AAAAAN,2.0,732,AGCAGC,0.18593573570251465,1460,CAGCAN,0.20296475291252136,1460,CAGCAN,0.20296475291252136,False,False,True,-0.0004811510443687439,
17,27,64,head_4,degradation,1.0,1.0015101432800293,2926,GCAGCA,1.71484375,0,AAAAAN,2.0,0,AAAAAN,2.0,732,AGCAGC,0.18656373023986816,1460,CAGCAN,0.20365026593208313,1460,CAGCAN,0.20365026593208313,False,False,True,-0.0004378408193588257,
17,28,64,head_4,degradation,1.0,1.0010403394699097,2926,GCAGCA,1.71484375,0,AAAAAN,2.0,0,AAAAAN,2.0,732,AGCAGC,0.18627168238162994,1460,CAGCAN,0.20333145558834076,1460,CAGCAN,0.20333145558834076,False,False,True,-0.0003599300980567932,
17,29,64,head_4,degradation,1.0,1.0043537616729736,2926,GCAGCA,1.71484375,0,AAAAAN,2.0,0,AAAAAN,2.0,732,AGCAGC,0.18833275139331818,1460,CAGCAN,0.20558130741119385,1460,CAGCAN,0.20558130741119385,False,False,True,-0.0004486590623855591,
17,30,64,head_4,degradation,1.0,1.0064350366592407,2926,GCAGCA,1.71484375,0,AAAAAN,2.0,0,AAAAAN,2.0,732,AGCAGC,0.18962766230106354,1460,CAGCAN,0.20699480175971985,1460,CAGCAN,0.20699480175971985,False,False,True,-0.0004919841885566711,
17,31,64,head_4,degradation,0.95751953125,0.9131640791893005,2926,GCAGCA,1.73046875,0,AAAAAN,2.0,0,AAAAAN,2.0,732,AGCAGC,0.19360500574111938,1460,CAGCAN,0.2056579291820526,1460,CAGCAN,0.2056579291820526,False,False,True,-0.00043793022632598877,
