Layer,Time_Offset,Target_Timestep,Component,Metric_Mode,Logit_Score,Posteriors_Score,Target_Transition_Prior,Target_String_Prior,Target_Logit,Wrong_Transition_Prior,Wrong_String_Prior,Wrong_Logit,Actual_Argmax_Prior,Actual_String_Prior,Actual_Argmax_Logit,Target_Transition_Post,Target_String_Post,Target_Prob,Wrong_Transition_Post,Wrong_String_Post,Wrong_Prob,Actual_Transition_Post,actual_String_Post,actual_Prob,Is_Target_Logit_Argmax,Is_Target_Prob_Argmax,Should_Decode,Global_MSE_Change,New_String
0,0,17,mlp,degradation,1.0185546875,1.2041946649551392,757,AGCCTC,2.330078125,3478,GGTCTG,3.181640625,3478,GGTCTG,3.181640625,757,AGCCTC,0.03722414746880531,3478,GGTCTG,0.0007741064764559269,1465,CAGCCN,0.49365758895874023,False,False,True,0.0032851696014404297,
0,1,17,mlp,degradation,1.0185546875,1.097047209739685,757,AGCCTC,2.3359375,3478,GGTCTG,3.1875,3478,GGTCTG,3.1875,757,AGCCTC,0.03754651919007301,3478,GGTCTG,0.0007798100123181939,1465,CAGCCN,0.492033988237381,False,False,True,0.003949522972106934,
0,2,17,mlp,degradation,1.00390625,1.0348498821258545,757,AGCCTC,2.341796875,3478,GGTCTG,3.1796875,3478,GGTCTG,3.1796875,757,AGCCTC,0.03773508220911026,3478,GGTCTG,0.0007845519576221704,1465,CAGCCN,0.48769354820251465,False,False,True,0.00021371245384216309,
0,3,17,mlp,degradation,0.9873046875,0.9769570827484131,757,AGCCTC,2.349609375,3478,GGTCTG,3.171875,3478,GGTCTG,3.171875,757,AGCCTC,0.037939757108688354,3478,GGTCTG,0.0008181294542737305,1465,CAGCCN,0.4820081293582916,False,False,True,-0.0009844005107879639,
0,4,17,mlp,degradation,0.9580078125,0.5864149928092957,757,AGCCTC,2.37109375,3478,GGTCTG,3.166015625,3478,GGTCTG,3.166015625,757,AGCCTC,0.03911136835813522,3478,GGTCTG,0.000835516257211566,1465,CAGCCN,0.4729318618774414,False,False,True,-0.0035074949264526367,
0,5,17,mlp,degradation,0.95166015625,0.44841593503952026,757,AGCCTC,2.376953125,3478,GGTCTG,3.166015625,3478,GGTCTG,3.166015625,757,AGCCTC,0.03955242037773132,3478,GGTCTG,0.0008687182562425733,1465,CAGCCN,0.46540728211402893,False,False,True,-0.004171222448348999,
0,6,17,mlp,degradation,0.9599609375,0.4608405530452728,757,AGCCTC,2.375,3478,GGTCTG,3.171875,3478,GGTCTG,3.171875,757,AGCCTC,0.03951479494571686,3478,GGTCTG,0.0008678123122081161,1465,CAGCCN,0.4682610332965851,False,False,True,-0.002960503101348877,
0,7,17,mlp,degradation,1.0,0.6558147668838501,757,AGCCTC,2.361328125,3478,GGTCTG,3.1953125,3478,GGTCTG,3.1953125,757,AGCCTC,0.03889896348118782,3478,GGTCTG,0.0008282192284241319,1465,CAGCCN,0.4840297996997833,False,False,True,-0.0015451610088348389,
0,8,17,mlp,degradation,1.00390625,0.6921898126602173,757,AGCCTC,2.361328125,3478,GGTCTG,3.19921875,3478,GGTCTG,3.19921875,757,AGCCTC,0.03878460079431534,3478,GGTCTG,0.0008213609107770026,1465,CAGCCN,0.48541319370269775,False,False,True,-0.00026702880859375,
0,9,17,mlp,degradation,1.0126953125,0.7958910465240479,757,AGCCTC,2.35546875,3478,GGTCTG,3.201171875,3478,GGTCTG,3.201171875,757,AGCCTC,0.03846045210957527,3478,GGTCTG,0.0008036940707825124,1465,CAGCCN,0.481209397315979,False,False,True,-0.00029736757278442383,
0,10,17,mlp,degradation,1.0,0.9501011967658997,757,AGCCTC,2.3515625,3478,GGTCTG,3.185546875,3478,GGTCTG,3.185546875,757,AGCCTC,0.037991903722286224,3478,GGTCTG,0.0007909044506959617,1465,CAGCCN,0.47839584946632385,False,False,True,-0.00039708614349365234,
0,11,17,mlp,degradation,1.0,0.9565548896789551,757,AGCCTC,2.353515625,3478,GGTCTG,3.1875,3478,GGTCTG,3.1875,757,AGCCTC,0.037985704839229584,3478,GGTCTG,0.0008037799270823598,1465,CAGCCN,0.4831591844558716,False,False,True,-0.0005769133567810059,
0,12,17,mlp,degradation,0.9892578125,0.8561800122261047,757,AGCCTC,2.3515625,3478,GGTCTG,3.17578125,3478,GGTCTG,3.17578125,757,AGCCTC,0.038264863193035126,3478,GGTCTG,0.0007862860220484436,1465,CAGCCN,0.4851306676864624,False,False,True,0.00015398859977722168,
0,13,17,mlp,degradation,0.98095703125,0.7912738919258118,757,AGCCTC,2.359375,3478,GGTCTG,3.17578125,3478,GGTCTG,3.17578125,757,AGCCTC,0.038472723215818405,3478,GGTCTG,0.0008023206028155982,1465,CAGCCN,0.4849015176296234,False,False,True,0.0010508894920349121,
0,14,17,mlp,degradation,0.99365234375,0.9787973761558533,757,AGCCTC,2.34375,3478,GGTCTG,3.171875,3478,GGTCTG,3.171875,757,AGCCTC,0.03790074214339256,3478,GGTCTG,0.0007845528889447451,1465,CAGCCN,0.4869431257247925,False,False,True,0.0007009506225585938,
0,15,17,mlp,degradation,1.05859375,0.9300658106803894,757,AGCCTC,2.29296875,3478,GGTCTG,3.181640625,3478,GGTCTG,3.181640625,757,AGCCTC,0.03800685703754425,3478,GGTCTG,0.0007466436363756657,1465,CAGCCN,0.4808606207370758,False,False,True,-0.012967616319656372,
0,16,17,mlp,degradation,1.126953125,1.3583984375,757,AGCCTC,2.15234375,3478,GGTCTG,3.103515625,3478,GGTCTG,3.103515625,757,AGCCTC,0.03652887046337128,3478,GGTCTG,0.0005345714744180441,1465,CAGCCN,0.5074298977851868,False,False,True,-0.05177116394042969,
0,17,17,mlp,degradation,0.97265625,0.012632571160793304,757,AGCCTC,2.2734375,3478,GGTCTG,3.08203125,3478,GGTCTG,3.08203125,757,AGCCTC,0.04043029248714447,3478,GGTCTG,0.00045865876018069685,1465,CAGCCN,0.5221999883651733,False,False,True,-0.08712264895439148,
0,18,17,mlp,degradation,0.66455078125,-2.3102517127990723,757,AGCCTC,2.47265625,3478,GGTCTG,2.99609375,3478,GGTCTG,2.99609375,757,AGCCTC,0.04735936224460602,3478,GGTCTG,0.0005225725471973419,1465,CAGCCN,0.47723355889320374,False,False,True,-0.07214882969856262,
0,19,17,mlp,degradation,0.5634765625,-2.3515100479125977,757,AGCCTC,2.517578125,3478,GGTCTG,2.947265625,3478,GGTCTG,2.947265625,757,AGCCTC,0.04758130759000778,3478,GGTCTG,0.0006225829711183906,1465,CAGCCN,0.46904256939888,False,False,True,-0.07656505703926086,
0,20,17,mlp,degradation,0.681640625,-0.3752196431159973,757,AGCCTC,2.40234375,3478,GGTCTG,2.94140625,3478,GGTCTG,2.94140625,757,AGCCTC,0.04182035103440285,3478,GGTCTG,0.000702439050655812,1465,CAGCCN,0.47095826268196106,False,False,True,-0.027029305696487427,
0,21,17,mlp,degradation,0.892578125,1.292192816734314,757,AGCCTC,2.314453125,3478,GGTCTG,3.048828125,3478,GGTCTG,3.048828125,757,AGCCTC,0.0369190014898777,3478,GGTCTG,0.0007290343637578189,1465,CAGCCN,0.5043593645095825,False,False,True,-0.012406617403030396,
0,22,17,mlp,degradation,1.021484375,0.8738192319869995,757,AGCCTC,2.33203125,3478,GGTCTG,3.185546875,3478,GGTCTG,3.185546875,757,AGCCTC,0.03822440281510353,3478,GGTCTG,0.0007979574147611856,1465,CAGCCN,0.49869057536125183,False,False,True,-0.00202372670173645,
0,23,17,mlp,degradation,1.0087890625,0.6141695976257324,757,AGCCTC,2.359375,3478,GGTCTG,3.201171875,3478,GGTCTG,3.201171875,757,AGCCTC,0.03898655250668526,3478,GGTCTG,0.0007927251281216741,1465,CAGCCN,0.49406924843788147,False,False,True,-0.005253106355667114,
0,24,17,mlp,degradation,1.0,0.6631432175636292,757,AGCCTC,2.359375,3478,GGTCTG,3.193359375,3478,GGTCTG,3.193359375,757,AGCCTC,0.03884151950478554,3478,GGTCTG,0.0007924318197183311,1465,CAGCCN,0.4910609722137451,False,False,True,-0.0017788112163543701,
0,25,17,mlp,degradation,0.9873046875,0.7896668314933777,757,AGCCTC,2.361328125,3478,GGTCTG,3.18359375,3478,GGTCTG,3.18359375,757,AGCCTC,0.038476936519145966,3478,GGTCTG,0.0008017842774279416,1465,CAGCCN,0.48431864380836487,False,False,True,-0.0004551112651824951,
0,26,17,mlp,degradation,0.98095703125,0.9214932918548584,757,AGCCTC,2.34765625,3478,GGTCTG,3.1640625,3478,GGTCTG,3.1640625,757,AGCCTC,0.03809305280447006,3478,GGTCTG,0.0008075039950199425,1465,CAGCCN,0.4799477756023407,False,False,True,-0.0007342398166656494,
0,27,17,mlp,degradation,1.0,1.0060478448867798,757,AGCCTC,2.333984375,3478,GGTCTG,3.16796875,3478,GGTCTG,3.16796875,757,AGCCTC,0.03782487288117409,3478,GGTCTG,0.0007892196299508214,1465,CAGCCN,0.48251771926879883,False,False,True,-0.0027206838130950928,
0,28,17,mlp,degradation,1.0,0.8515704274177551,757,AGCCTC,2.349609375,3478,GGTCTG,3.18359375,3478,GGTCTG,3.18359375,757,AGCCTC,0.038261350244283676,3478,GGTCTG,0.0007691506762057543,1465,CAGCCN,0.48273801803588867,False,False,True,-0.0017138421535491943,
0,29,17,mlp,degradation,1.0,0.8697579503059387,757,AGCCTC,2.34765625,3478,GGTCTG,3.181640625,3478,GGTCTG,3.181640625,757,AGCCTC,0.038206662982702255,3478,GGTCTG,0.0007682153955101967,1465,CAGCCN,0.4829757511615753,False,False,True,-0.002246171236038208,
0,30,17,mlp,degradation,0.99365234375,0.9508776664733887,757,AGCCTC,2.34765625,3478,GGTCTG,3.17578125,3478,GGTCTG,3.17578125,757,AGCCTC,0.0379871241748333,3478,GGTCTG,0.000788419449236244,1465,CAGCCN,0.4823448657989502,False,False,True,-0.002777993679046631,
0,31,17,mlp,degradation,0.9873046875,1.0096036195755005,757,AGCCTC,2.345703125,3478,GGTCTG,3.16796875,3478,GGTCTG,3.16796875,757,AGCCTC,0.037837158888578415,3478,GGTCTG,0.0008120171842165291,1465,CAGCCN,0.48288074135780334,False,False,True,-0.0024941861629486084,
0,32,17,mlp,degradation,0.97900390625,0.9417189955711365,757,AGCCTC,2.353515625,3478,GGTCTG,3.16796875,3478,GGTCTG,3.16796875,757,AGCCTC,0.03804268687963486,3478,GGTCTG,0.0008169139036908746,1465,CAGCCN,0.4821445941925049,False,False,True,-0.0001360774040222168,
0,33,17,mlp,degradation,0.98291015625,0.9265112280845642,757,AGCCTC,2.34765625,3478,GGTCTG,3.166015625,3478,GGTCTG,3.166015625,757,AGCCTC,0.03807727247476578,3478,GGTCTG,0.0008065539295785129,1465,CAGCCN,0.4864198565483093,False,False,True,0.002617746591567993,
0,34,17,mlp,degradation,0.9853515625,0.9399619102478027,757,AGCCTC,2.345703125,3478,GGTCTG,3.166015625,3478,GGTCTG,3.166015625,757,AGCCTC,0.03805495426058769,3478,GGTCTG,0.000823988753836602,1465,CAGCCN,0.477817177772522,False,False,True,0.001976311206817627,
1,0,17,mlp,degradation,1.0107421875,1.0739941596984863,757,AGCCTC,2.3359375,3478,GGTCTG,3.1796875,3478,GGTCTG,3.1796875,757,AGCCTC,0.03765023872256279,3478,GGTCTG,0.0008153998642228544,1465,CAGCCN,0.4801507294178009,False,False,True,0.0016996562480926514,
1,1,17,mlp,degradation,1.0166015625,1.1341255903244019,757,AGCCTC,2.33203125,3478,GGTCTG,3.181640625,3478,GGTCTG,3.181640625,757,AGCCTC,0.03746994584798813,3478,GGTCTG,0.0008128212648443878,1465,CAGCCN,0.4817095696926117,False,False,True,0.0023399293422698975,
1,2,17,mlp,degradation,1.0185546875,0.9517385959625244,757,AGCCTC,2.33984375,3478,GGTCTG,3.19140625,3478,GGTCTG,3.19140625,757,AGCCTC,0.037982720881700516,3478,GGTCTG,0.0007865618681535125,1465,CAGCCN,0.4891519248485565,False,False,True,0.003249645233154297,
1,3,17,mlp,degradation,1.0107421875,0.9212323427200317,757,AGCCTC,2.341796875,3478,GGTCTG,3.185546875,3478,GGTCTG,3.185546875,757,AGCCTC,0.03807418420910835,3478,GGTCTG,0.0007878665928728878,1465,CAGCCN,0.48721978068351746,False,False,True,0.0019249916076660156,
1,4,17,mlp,degradation,0.98291015625,0.7195838689804077,757,AGCCTC,2.353515625,3478,GGTCTG,3.171875,3478,GGTCTG,3.171875,757,AGCCTC,0.038684774190187454,3478,GGTCTG,0.0008024947601370513,1465,CAGCCN,0.4810635447502136,False,False,True,-0.00025460124015808105,
1,5,17,mlp,degradation,0.97900390625,0.8093908429145813,757,AGCCTC,2.34765625,3478,GGTCTG,3.162109375,3478,GGTCTG,3.162109375,757,AGCCTC,0.038433294743299484,3478,GGTCTG,0.0008164337486959994,1465,CAGCCN,0.47470924258232117,False,False,True,-0.0007764101028442383,
1,6,17,mlp,degradation,0.99169921875,0.7654314637184143,757,AGCCTC,2.345703125,3478,GGTCTG,3.171875,3478,GGTCTG,3.171875,757,AGCCTC,0.03857238218188286,3478,GGTCTG,0.0008256006985902786,1465,CAGCCN,0.4735715687274933,False,False,True,-0.001324295997619629,
1,7,17,mlp,degradation,1.005859375,0.6755766272544861,757,AGCCTC,2.353515625,3478,GGTCTG,3.193359375,3478,GGTCTG,3.193359375,757,AGCCTC,0.038852546364068985,3478,GGTCTG,0.0008402065723203123,1465,CAGCCN,0.4801293611526489,False,False,True,-0.000441133975982666,
1,8,17,mlp,degradation,1.005859375,0.5594141483306885,757,AGCCTC,2.359375,3478,GGTCTG,3.19921875,3478,GGTCTG,3.19921875,757,AGCCTC,0.039188485592603683,3478,GGTCTG,0.0008328317198902369,1465,CAGCCN,0.4846208095550537,False,False,True,0.00045427680015563965,
1,9,17,mlp,degradation,1.0234375,0.6353482604026794,757,AGCCTC,2.357421875,3478,GGTCTG,3.212890625,3478,GGTCTG,3.212890625,757,AGCCTC,0.0389506034553051,3478,GGTCTG,0.0008193693938665092,1465,CAGCCN,0.48542729020118713,False,False,True,0.0009046792984008789,
1,10,17,mlp,degradation,1.0126953125,0.7548736333847046,757,AGCCTC,2.353515625,3478,GGTCTG,3.19921875,3478,GGTCTG,3.19921875,757,AGCCTC,0.038566891103982925,3478,GGTCTG,0.0007889088010415435,1465,CAGCCN,0.48674148321151733,False,False,True,-0.0012386441230773926,
1,11,17,mlp,degradation,1.0107421875,0.6727808713912964,757,AGCCTC,2.35546875,3478,GGTCTG,3.19921875,3478,GGTCTG,3.19921875,757,AGCCTC,0.038812972605228424,3478,GGTCTG,0.0007923691300675273,1465,CAGCCN,0.48745378851890564,False,False,True,-0.0002224445343017578,
1,12,17,mlp,degradation,0.99169921875,0.8386781811714172,757,AGCCTC,2.359375,3478,GGTCTG,3.185546875,3478,GGTCTG,3.185546875,757,AGCCTC,0.03832174465060234,3478,GGTCTG,0.0007914419402368367,1465,CAGCCN,0.48819267749786377,False,False,True,0.00109022855758667,
1,13,17,mlp,degradation,0.98095703125,0.8463116884231567,757,AGCCTC,2.359375,3478,GGTCTG,3.17578125,3478,GGTCTG,3.17578125,757,AGCCTC,0.038289397954940796,3478,GGTCTG,0.0007816566503606737,1465,CAGCCN,0.4892863929271698,False,False,True,0.00379297137260437,
1,14,17,mlp,degradation,0.98291015625,1.3641701936721802,757,AGCCTC,2.302734375,3478,GGTCTG,3.12109375,3478,GGTCTG,3.12109375,757,AGCCTC,0.03668671101331711,3478,GGTCTG,0.0007094714674167335,1465,CAGCCN,0.48480352759361267,False,False,True,-0.0032864511013031006,
1,15,17,mlp,degradation,0.998046875,1.6087381839752197,757,AGCCTC,2.234375,3478,GGTCTG,3.06640625,3478,GGTCTG,3.06640625,757,AGCCTC,0.03581671044230461,3478,GGTCTG,0.0005622784956358373,1465,CAGCCN,0.4833051264286041,False,False,True,-0.034271061420440674,
1,16,17,mlp,degradation,1.0966796875,0.8254897594451904,757,AGCCTC,2.248046875,3478,GGTCTG,3.171875,3478,GGTCTG,3.171875,757,AGCCTC,0.03807733580470085,3478,GGTCTG,0.0005080556147731841,1465,CAGCCN,0.49135154485702515,False,False,True,-0.04044586420059204,
1,17,17,mlp,degradation,1.0107421875,-0.5920833945274353,757,AGCCTC,2.35546875,3478,GGTCTG,3.19921875,3478,GGTCTG,3.19921875,757,AGCCTC,0.04223927855491638,3478,GGTCTG,0.0004804394848179072,1465,CAGCCN,0.5106452107429504,False,False,True,-0.041057288646698,
1,18,17,mlp,degradation,0.947265625,-2.0925912857055664,757,AGCCTC,2.45703125,3478,GGTCTG,3.2421875,3478,GGTCTG,3.2421875,757,AGCCTC,0.04674995318055153,3478,GGTCTG,0.000556446670088917,1465,CAGCCN,0.5155578255653381,False,False,True,-0.01615852117538452,
1,19,17,mlp,degradation,0.97265625,-1.7672377824783325,757,AGCCTC,2.39453125,3478,GGTCTG,3.203125,3478,GGTCTG,3.203125,757,AGCCTC,0.04589173570275307,3478,GGTCTG,0.0006597948377020657,1465,CAGCCN,0.5386103391647339,False,False,True,-0.031415581703186035,
1,20,17,mlp,degradation,0.9619140625,-0.3906114101409912,757,AGCCTC,2.341796875,3478,GGTCTG,3.140625,3478,GGTCTG,3.140625,757,AGCCTC,0.04187742620706558,3478,GGTCTG,0.0007140276720747352,1465,CAGCCN,0.5154295563697815,False,False,True,-0.025514990091323853,
1,21,17,mlp,degradation,0.96435546875,1.0654959678649902,757,AGCCTC,2.3203125,3478,GGTCTG,3.12109375,3478,GGTCTG,3.12109375,757,AGCCTC,0.03759438171982765,3478,GGTCTG,0.0007344277109950781,1465,CAGCCN,0.507904589176178,False,False,True,-0.00955083966255188,
1,22,17,mlp,degradation,1.0234375,0.8765645623207092,757,AGCCTC,2.33984375,3478,GGTCTG,3.1953125,3478,GGTCTG,3.1953125,757,AGCCTC,0.038201190531253815,3478,GGTCTG,0.0007828603847883642,1465,CAGCCN,0.48997265100479126,False,False,True,0.002501457929611206,
1,23,17,mlp,degradation,1.0,0.664145290851593,757,AGCCTC,2.3671875,3478,GGTCTG,3.201171875,3478,GGTCTG,3.201171875,757,AGCCTC,0.03883400186896324,3478,GGTCTG,0.0007878782926127315,1465,CAGCCN,0.47987091541290283,False,False,True,-0.0018794536590576172,
1,24,17,mlp,degradation,1.021484375,0.6910578608512878,757,AGCCTC,2.365234375,3478,GGTCTG,3.21875,3478,GGTCTG,3.21875,757,AGCCTC,0.03878319263458252,3478,GGTCTG,0.0008166074985638261,1465,CAGCCN,0.4763486981391907,False,False,True,-0.0026228129863739014,
1,25,17,mlp,degradation,1.0166015625,0.8451066613197327,757,AGCCTC,2.35546875,3478,GGTCTG,3.205078125,3478,GGTCTG,3.205078125,757,AGCCTC,0.03835231438279152,3478,GGTCTG,0.0008410111768171191,1465,CAGCCN,0.4771622121334076,False,False,True,-0.0011389553546905518,
1,26,17,mlp,degradation,1.025390625,0.9859985709190369,757,AGCCTC,2.345703125,3478,GGTCTG,3.203125,3478,GGTCTG,3.203125,757,AGCCTC,0.03793542459607124,3478,GGTCTG,0.0008405201369896531,1465,CAGCCN,0.4767162501811981,False,False,True,-0.0011526644229888916,
1,27,17,mlp,degradation,1.0234375,0.885273277759552,757,AGCCTC,2.3359375,3478,GGTCTG,3.19140625,3478,GGTCTG,3.19140625,757,AGCCTC,0.03816550597548485,3478,GGTCTG,0.0007729109493084252,1465,CAGCCN,0.4797392785549164,False,False,True,-0.001323312520980835,
1,28,17,mlp,degradation,1.021484375,0.979436457157135,757,AGCCTC,2.328125,3478,GGTCTG,3.181640625,3478,GGTCTG,3.181640625,757,AGCCTC,0.03789085894823074,3478,GGTCTG,0.0007765601621940732,1465,CAGCCN,0.47514015436172485,False,False,True,-0.0046651363372802734,
1,29,17,mlp,degradation,1.025390625,1.0638434886932373,757,AGCCTC,2.322265625,3478,GGTCTG,3.1796875,3478,GGTCTG,3.1796875,757,AGCCTC,0.037675172090530396,3478,GGTCTG,0.0008103316649794579,1465,CAGCCN,0.46958935260772705,False,False,True,-0.005497366189956665,
1,30,17,mlp,degradation,1.0234375,1.275325059890747,757,AGCCTC,2.31640625,3478,GGTCTG,3.171875,3478,GGTCTG,3.171875,757,AGCCTC,0.037093885242938995,3478,GGTCTG,0.0008540665730834007,1465,CAGCCN,0.4716789424419403,False,False,True,-0.0050078630447387695,
1,31,17,mlp,degradation,1.0146484375,0.982974648475647,757,AGCCTC,2.3359375,3478,GGTCTG,3.18359375,3478,GGTCTG,3.18359375,757,AGCCTC,0.037936732172966,3478,GGTCTG,0.0008328889380209148,1465,CAGCCN,0.4771329462528229,False,False,True,-0.0023120641708374023,
1,32,17,mlp,degradation,1.005859375,0.9059918522834778,757,AGCCTC,2.345703125,3478,GGTCTG,3.185546875,3478,GGTCTG,3.185546875,757,AGCCTC,0.038133542984724045,3478,GGTCTG,0.0008021817193366587,1465,CAGCCN,0.48195576667785645,False,False,True,3.579258918762207e-05,
1,33,17,mlp,degradation,1.0,0.7923554182052612,757,AGCCTC,2.3515625,3478,GGTCTG,3.185546875,3478,GGTCTG,3.185546875,757,AGCCTC,0.03844620659947395,3478,GGTCTG,0.0007789995870552957,1465,CAGCCN,0.48601865768432617,False,False,True,0.0019764602184295654,
1,34,17,mlp,degradation,1.00390625,0.7769812941551208,757,AGCCTC,2.345703125,3478,GGTCTG,3.18359375,3478,GGTCTG,3.18359375,757,AGCCTC,0.03851022943854332,3478,GGTCTG,0.0007975829066708684,1465,CAGCCN,0.4852261543273926,False,False,True,0.0016956329345703125,
2,0,17,mlp,degradation,0.99169921875,1.0637552738189697,757,AGCCTC,2.33984375,3478,GGTCTG,3.166015625,3478,GGTCTG,3.166015625,757,AGCCTC,0.0377337671816349,3478,GGTCTG,0.0008686668006703258,1465,CAGCCN,0.4728526771068573,False,False,True,-0.0026494264602661133,
2,1,17,mlp,degradation,1.005859375,1.1345932483673096,757,AGCCTC,2.341796875,3478,GGTCTG,3.181640625,3478,GGTCTG,3.181640625,757,AGCCTC,0.03754739463329315,3478,GGTCTG,0.000891651026904583,1465,CAGCCN,0.47421473264694214,False,False,True,-0.003058791160583496,
2,2,17,mlp,degradation,1.021484375,1.1935057640075684,757,AGCCTC,2.333984375,3478,GGTCTG,3.1875,3478,GGTCTG,3.1875,757,AGCCTC,0.03732283040881157,3478,GGTCTG,0.0008412010502070189,1465,CAGCCN,0.48157864809036255,False,False,True,0.00013127923011779785,
2,3,17,mlp,degradation,1.0126953125,1.0915275812149048,757,AGCCTC,2.3359375,3478,GGTCTG,3.181640625,3478,GGTCTG,3.181640625,757,AGCCTC,0.037630561739206314,3478,GGTCTG,0.0008475416107103229,1465,CAGCCN,0.4804786145687103,False,False,True,0.0005078315734863281,
2,4,17,mlp,degradation,0.98095703125,0.7690125107765198,757,AGCCTC,2.34765625,3478,GGTCTG,3.1640625,3478,GGTCTG,3.1640625,757,AGCCTC,0.038569726049900055,3478,GGTCTG,0.0008335306192748249,1465,CAGCCN,0.47868970036506653,False,False,True,-0.0007181167602539062,
2,5,17,mlp,degradation,0.95556640625,0.5507017374038696,757,AGCCTC,2.359375,3478,GGTCTG,3.15234375,3478,GGTCTG,3.15234375,757,AGCCTC,0.03920736908912659,3478,GGTCTG,0.000825967057608068,1465,CAGCCN,0.4759554862976074,False,False,True,-0.003280729055404663,
2,6,17,mlp,degradation,0.95166015625,0.7087991833686829,757,AGCCTC,2.35546875,3478,GGTCTG,3.14453125,3478,GGTCTG,3.14453125,757,AGCCTC,0.03874855116009712,3478,GGTCTG,0.0008343979134224355,1465,CAGCCN,0.47276031970977783,False,False,True,-0.0032508671283721924,
2,7,17,mlp,degradation,0.93017578125,0.6547256708145142,757,AGCCTC,2.3515625,3478,GGTCTG,3.12109375,3478,GGTCTG,3.12109375,757,AGCCTC,0.03895049914717674,3478,GGTCTG,0.0008765339152887464,1465,CAGCCN,0.4690001606941223,False,False,True,-0.0023118257522583008,
2,8,17,mlp,degradation,0.91552734375,0.5050973892211914,757,AGCCTC,2.373046875,3478,GGTCTG,3.12890625,3478,GGTCTG,3.12890625,757,AGCCTC,0.03943227231502533,3478,GGTCTG,0.0009160884656012058,1465,CAGCCN,0.46486514806747437,False,False,True,0.00021630525588989258,
2,9,17,mlp,degradation,0.9580078125,0.37287387251853943,757,AGCCTC,2.38671875,3478,GGTCTG,3.181640625,3478,GGTCTG,3.181640625,757,AGCCTC,0.03984352946281433,3478,GGTCTG,0.0009365680743940175,1465,CAGCCN,0.46043863892555237,False,False,True,-0.00017601251602172852,
2,10,17,mlp,degradation,0.99169921875,0.5862599611282349,757,AGCCTC,2.37890625,3478,GGTCTG,3.205078125,3478,GGTCTG,3.205078125,757,AGCCTC,0.03921402618288994,3478,GGTCTG,0.0009377163369208574,1465,CAGCCN,0.4579673409461975,False,False,True,-0.000873863697052002,
2,11,17,mlp,degradation,1.02734375,0.7803820967674255,757,AGCCTC,2.3671875,3478,GGTCTG,3.2265625,3478,GGTCTG,3.2265625,757,AGCCTC,0.03862112760543823,3478,GGTCTG,0.0009185354574583471,1465,CAGCCN,0.4633342921733856,False,False,True,-0.0016045570373535156,
2,12,17,mlp,degradation,1.03125,1.263549566268921,757,AGCCTC,2.330078125,3478,GGTCTG,3.193359375,3478,GGTCTG,3.193359375,757,AGCCTC,0.03718977048993111,3478,GGTCTG,0.0009151497506536543,1465,CAGCCN,0.47229960560798645,False,False,True,-0.0005178749561309814,
2,13,17,mlp,degradation,1.0439453125,1.273256540298462,757,AGCCTC,2.3203125,3478,GGTCTG,3.1953125,3478,GGTCTG,3.1953125,757,AGCCTC,0.03713088482618332,3478,GGTCTG,0.000884954642970115,1465,CAGCCN,0.4818733334541321,False,False,True,0.0018099546432495117,
2,14,17,mlp,degradation,1.0087890625,1.1526256799697876,757,AGCCTC,2.283203125,3478,GGTCTG,3.125,3478,GGTCTG,3.125,757,AGCCTC,0.03730231523513794,3478,GGTCTG,0.0006998652243055403,1465,CAGCCN,0.5022544860839844,False,False,True,-0.0058917999267578125,
2,15,17,mlp,degradation,0.9853515625,0.3665071725845337,757,AGCCTC,2.30078125,3478,GGTCTG,3.12109375,3478,GGTCTG,3.12109375,757,AGCCTC,0.039526309818029404,3478,GGTCTG,0.0006005332688800991,1465,CAGCCN,0.514018177986145,False,False,True,-0.03564947843551636,
2,16,17,mlp,degradation,1.03125,-0.21942128241062164,757,AGCCTC,2.322265625,3478,GGTCTG,3.185546875,3478,GGTCTG,3.185546875,757,AGCCTC,0.041183214634656906,3478,GGTCTG,0.0005257590673863888,1465,CAGCCN,0.5288414359092712,False,False,True,-0.045221924781799316,
2,17,17,mlp,degradation,1.1875,0.4187227189540863,757,AGCCTC,2.25,3478,GGTCTG,3.2578125,3478,GGTCTG,3.2578125,757,AGCCTC,0.039289750158786774,3478,GGTCTG,0.0005182909080758691,1465,CAGCCN,0.547943115234375,False,False,True,-0.05654549598693848,
2,18,17,mlp,degradation,1.3017578125,0.6797236204147339,757,AGCCTC,2.203125,3478,GGTCTG,3.31640625,3478,GGTCTG,3.31640625,757,AGCCTC,0.03844926506280899,3478,GGTCTG,0.00044918066123500466,1465,CAGCCN,0.5578885674476624,False,False,True,-0.021860718727111816,
2,19,17,mlp,degradation,1.1923828125,0.593351423740387,757,AGCCTC,2.23046875,3478,GGTCTG,3.2421875,3478,GGTCTG,3.2421875,757,AGCCTC,0.03881357982754707,3478,GGTCTG,0.0005582281155511737,1465,CAGCCN,0.5491055846214294,False,False,True,-0.027225881814956665,
2,20,17,mlp,degradation,0.92626953125,-0.0017041744431480765,757,AGCCTC,2.37890625,3478,GGTCTG,3.14453125,3478,GGTCTG,3.14453125,757,AGCCTC,0.040680382400751114,3478,GGTCTG,0.0006663748645223677,1465,CAGCCN,0.5063046813011169,False,False,True,-0.014729797840118408,
2,21,17,mlp,degradation,0.869140625,0.5488765239715576,757,AGCCTC,2.37109375,3478,GGTCTG,3.083984375,3478,GGTCTG,3.083984375,757,AGCCTC,0.039118193089962006,3478,GGTCTG,0.0007313965470530093,1465,CAGCCN,0.48604530096054077,False,False,True,-0.004006117582321167,
2,22,17,mlp,degradation,0.9873046875,0.39898353815078735,757,AGCCTC,2.384765625,3478,GGTCTG,3.20703125,3478,GGTCTG,3.20703125,757,AGCCTC,0.0396575964987278,3478,GGTCTG,0.000827800075057894,1465,CAGCCN,0.47837477922439575,False,False,True,0.0008153319358825684,
2,23,17,mlp,degradation,1.0107421875,0.6906822323799133,757,AGCCTC,2.3671875,3478,GGTCTG,3.2109375,3478,GGTCTG,3.2109375,757,AGCCTC,0.03879773989319801,3478,GGTCTG,0.0008300441550090909,1465,CAGCCN,0.4707098603248596,False,False,True,0.001446366310119629,
2,24,17,mlp,degradation,1.021484375,0.6766051650047302,757,AGCCTC,2.365234375,3478,GGTCTG,3.21875,3478,GGTCTG,3.21875,757,AGCCTC,0.038887135684490204,3478,GGTCTG,0.0008778361952863634,1465,CAGCCN,0.4636726677417755,False,False,True,-0.0032888948917388916,
2,25,17,mlp,degradation,1.0185546875,0.7615529894828796,757,AGCCTC,2.35546875,3478,GGTCTG,3.20703125,3478,GGTCTG,3.20703125,757,AGCCTC,0.038642577826976776,3478,GGTCTG,0.0008843370596878231,1465,CAGCCN,0.4679696559906006,False,False,True,-0.0038684606552124023,
2,26,17,mlp,degradation,1.00390625,0.8023321628570557,757,AGCCTC,2.34765625,3478,GGTCTG,3.185546875,3478,GGTCTG,3.185546875,757,AGCCTC,0.03849849849939346,3478,GGTCTG,0.0008607754134573042,1465,CAGCCN,0.47294583916664124,False,False,True,-0.005035281181335449,
2,27,17,mlp,degradation,0.98291015625,0.7915852665901184,757,AGCCTC,2.3359375,3478,GGTCTG,3.154296875,3478,GGTCTG,3.154296875,757,AGCCTC,0.03846347704529762,3478,GGTCTG,0.0007939932984299958,1465,CAGCCN,0.48118847608566284,False,False,True,-0.007251173257827759,
2,28,17,mlp,degradation,0.9873046875,0.47044292092323303,757,AGCCTC,2.349609375,3478,GGTCTG,3.171875,3478,GGTCTG,3.171875,757,AGCCTC,0.039431169629096985,3478,GGTCTG,0.0008125667809508741,1465,CAGCCN,0.4751502275466919,False,False,True,-0.011275321245193481,
2,29,17,mlp,degradation,1.00390625,0.7053593397140503,757,AGCCTC,2.341796875,3478,GGTCTG,3.1796875,3478,GGTCTG,3.1796875,757,AGCCTC,0.03877190127968788,3478,GGTCTG,0.0008475825889036059,1465,CAGCCN,0.4706476330757141,False,False,True,-0.011795789003372192,
2,30,17,mlp,degradation,1.0185546875,0.7937898635864258,757,AGCCTC,2.34765625,3478,GGTCTG,3.19921875,3478,GGTCTG,3.19921875,757,AGCCTC,0.038554925471544266,3478,GGTCTG,0.0008919555693864822,1465,CAGCCN,0.468778520822525,False,False,True,-0.008481830358505249,
2,31,17,mlp,degradation,1.0439453125,1.1367852687835693,757,AGCCTC,2.330078125,3478,GGTCTG,3.205078125,3478,GGTCTG,3.205078125,757,AGCCTC,0.0375247560441494,3478,GGTCTG,0.0008754928130656481,1465,CAGCCN,0.4717714488506317,False,False,True,-0.0035834908485412598,
2,32,17,mlp,degradation,1.0341796875,0.9413546919822693,757,AGCCTC,2.337890625,3478,GGTCTG,3.203125,3478,GGTCTG,3.203125,757,AGCCTC,0.038058895617723465,3478,GGTCTG,0.0008320467313751578,1465,CAGCCN,0.47568413615226746,False,False,True,-0.0002187192440032959,
2,33,17,mlp,degradation,1.0087890625,0.7853232026100159,757,AGCCTC,2.3515625,3478,GGTCTG,3.193359375,3478,GGTCTG,3.193359375,757,AGCCTC,0.03848651796579361,3478,GGTCTG,0.000798528257291764,1465,CAGCCN,0.4835677742958069,False,False,True,0.0018799006938934326,
2,34,17,mlp,degradation,1.0,0.7434247136116028,757,AGCCTC,2.34765625,3478,GGTCTG,3.181640625,3478,GGTCTG,3.181640625,757,AGCCTC,0.03860950842499733,3478,GGTCTG,0.0007976891938596964,1465,CAGCCN,0.4893059730529785,False,False,True,0.002148866653442383,
3,0,17,mlp,degradation,0.9580078125,0.7237535715103149,757,AGCCTC,2.37109375,3478,GGTCTG,3.166015625,3478,GGTCTG,3.166015625,757,AGCCTC,0.038702212274074554,3478,GGTCTG,0.0008322563371621072,1465,CAGCCN,0.4725337028503418,False,False,True,-0.000470578670501709,
3,1,17,mlp,degradation,0.9580078125,0.9202958345413208,757,AGCCTC,2.359375,3478,GGTCTG,3.154296875,3478,GGTCTG,3.154296875,757,AGCCTC,0.038089025765657425,3478,GGTCTG,0.0007999382214620709,1465,CAGCCN,0.4724785387516022,False,False,True,0.000439375638961792,
3,2,17,mlp,degradation,0.97265625,1.0047520399093628,757,AGCCTC,2.34765625,3478,GGTCTG,3.15625,3478,GGTCTG,3.15625,757,AGCCTC,0.03781064599752426,3478,GGTCTG,0.0007711651851423085,1465,CAGCCN,0.4824392795562744,False,False,True,0.0030803680419921875,
3,3,17,mlp,degradation,0.95361328125,0.6955060958862305,757,AGCCTC,2.361328125,3478,GGTCTG,3.15234375,3478,GGTCTG,3.15234375,757,AGCCTC,0.03872223570942879,3478,GGTCTG,0.0007687952020205557,1465,CAGCCN,0.48411527276039124,False,False,True,0.003542274236679077,
3,4,17,mlp,degradation,0.96630859375,0.7162625193595886,757,AGCCTC,2.3515625,3478,GGTCTG,3.154296875,3478,GGTCTG,3.154296875,757,AGCCTC,0.03867606446146965,3478,GGTCTG,0.0007839679601602256,1465,CAGCCN,0.4869142770767212,False,False,True,0.0033299624919891357,
3,5,17,mlp,degradation,0.97900390625,0.7324849367141724,757,AGCCTC,2.359375,3478,GGTCTG,3.173828125,3478,GGTCTG,3.173828125,757,AGCCTC,0.03861315920948982,3478,GGTCTG,0.0007690080092288554,1465,CAGCCN,0.49348387122154236,False,False,True,0.0018583238124847412,
3,6,17,mlp,degradation,1.001953125,1.22365403175354,757,AGCCTC,2.33984375,3478,GGTCTG,3.17578125,3478,GGTCTG,3.17578125,757,AGCCTC,0.03713580220937729,3478,GGTCTG,0.0007432738784700632,1465,CAGCCN,0.4899898171424866,False,False,True,0.0007627904415130615,
3,7,17,mlp,degradation,0.97900390625,0.852239727973938,757,AGCCTC,2.361328125,3478,GGTCTG,3.17578125,3478,GGTCTG,3.17578125,757,AGCCTC,0.03826100006699562,3478,GGTCTG,0.0007707766490057111,1465,CAGCCN,0.48731470108032227,False,False,True,0.00017839670181274414,
3,8,17,mlp,degradation,0.947265625,0.6324768662452698,757,AGCCTC,2.390625,3478,GGTCTG,3.17578125,3478,GGTCTG,3.17578125,757,AGCCTC,0.038988057523965836,3478,GGTCTG,0.0008483375422656536,1465,CAGCCN,0.483556866645813,False,False,True,0.0006451904773712158,
3,9,17,mlp,degradation,0.9326171875,0.2503926455974579,757,AGCCTC,2.41015625,3478,GGTCTG,3.181640625,3478,GGTCTG,3.181640625,757,AGCCTC,0.040165070444345474,3478,GGTCTG,0.0008961209678091109,1465,CAGCCN,0.4735402464866638,False,False,True,-6.434321403503418e-05,
3,10,17,mlp,degradation,0.92822265625,0.19475361704826355,757,AGCCTC,2.41796875,3478,GGTCTG,3.185546875,3478,GGTCTG,3.185546875,757,AGCCTC,0.04034234955906868,3478,GGTCTG,0.0009089643717743456,1465,CAGCCN,0.4626668393611908,False,False,True,-0.000330507755279541,
3,11,17,mlp,degradation,0.970703125,0.026615120470523834,757,AGCCTC,2.41796875,3478,GGTCTG,3.224609375,3478,GGTCTG,3.224609375,757,AGCCTC,0.04083559662103653,3478,GGTCTG,0.0009052883251570165,1465,CAGCCN,0.45201414823532104,False,False,True,-0.003387361764907837,
3,12,17,mlp,degradation,0.9619140625,0.3406596779823303,757,AGCCTC,2.388671875,3478,GGTCTG,3.1875,3478,GGTCTG,3.1875,757,AGCCTC,0.039874669164419174,3478,GGTCTG,0.0008725012885406613,1465,CAGCCN,0.4697650671005249,False,False,True,-0.0031814873218536377,
3,13,17,mlp,degradation,0.998046875,0.7327799201011658,757,AGCCTC,2.3515625,3478,GGTCTG,3.18359375,3478,GGTCTG,3.18359375,757,AGCCTC,0.03874216973781586,3478,GGTCTG,0.000898889556992799,1465,CAGCCN,0.4638795256614685,False,False,True,-0.00581735372543335,
3,14,17,mlp,degradation,1.0107421875,1.5158921480178833,757,AGCCTC,2.30078125,3478,GGTCTG,3.14453125,3478,GGTCTG,3.14453125,757,AGCCTC,0.036284636706113815,3478,GGTCTG,0.0007558016804978251,1465,CAGCCN,0.4634065628051758,False,False,True,-0.002277582883834839,
3,15,17,mlp,degradation,1.1669921875,1.2638912200927734,757,AGCCTC,2.26171875,3478,GGTCTG,3.25,3478,GGTCTG,3.25,757,AGCCTC,0.03700122982263565,3478,GGTCTG,0.0007276208489201963,1465,CAGCCN,0.4879758954048157,False,False,True,-0.042197972536087036,
3,16,17,mlp,degradation,1.232421875,1.382555603981018,757,AGCCTC,2.228515625,3478,GGTCTG,3.27734375,3478,GGTCTG,3.27734375,757,AGCCTC,0.036512378603219986,3478,GGTCTG,0.0005894754431210458,1465,CAGCCN,0.5293565988540649,False,False,True,-0.05858448147773743,
3,17,17,mlp,degradation,1.2216796875,0.33893534541130066,757,AGCCTC,2.244140625,3478,GGTCTG,3.283203125,3478,GGTCTG,3.283203125,757,AGCCTC,0.03964661806821823,3478,GGTCTG,0.0006393531803041697,1465,CAGCCN,0.5442066192626953,False,False,True,-0.1019364595413208,
3,18,17,mlp,degradation,1.2490234375,0.7484237551689148,757,AGCCTC,2.19921875,3478,GGTCTG,3.263671875,3478,GGTCTG,3.263671875,757,AGCCTC,0.03837352618575096,3478,GGTCTG,0.0005764817469753325,1465,CAGCCN,0.5350183248519897,False,False,True,-0.022433936595916748,
3,19,17,mlp,degradation,1.078125,0.11750232428312302,757,AGCCTC,2.2421875,3478,GGTCTG,3.1484375,3478,GGTCTG,3.1484375,757,AGCCTC,0.040311697870492935,3478,GGTCTG,0.0006499988376162946,1465,CAGCCN,0.49114182591438293,False,False,True,-0.05896264314651489,
3,20,17,mlp,degradation,0.96435546875,0.740224301815033,757,AGCCTC,2.306640625,3478,GGTCTG,3.107421875,3478,GGTCTG,3.107421875,757,AGCCTC,0.03851701319217682,3478,GGTCTG,0.0006957348668947816,1465,CAGCCN,0.4576784372329712,False,False,True,-0.026446282863616943,
3,21,17,mlp,degradation,0.88623046875,0.9605897068977356,757,AGCCTC,2.333984375,3478,GGTCTG,3.0625,3478,GGTCTG,3.0625,757,AGCCTC,0.037975192070007324,3478,GGTCTG,0.0008051898330450058,1465,CAGCCN,0.4238945245742798,False,False,True,-0.007742106914520264,
3,22,17,mlp,degradation,0.93017578125,1.258570671081543,757,AGCCTC,2.337890625,3478,GGTCTG,3.107421875,3478,GGTCTG,3.107421875,757,AGCCTC,0.03703336790204048,3478,GGTCTG,0.0007440338958986104,1465,CAGCCN,0.4314587414264679,False,False,True,0.01190677285194397,
3,23,17,mlp,degradation,0.97265625,1.2309433221817017,757,AGCCTC,2.328125,3478,GGTCTG,3.13671875,3478,GGTCTG,3.13671875,757,AGCCTC,0.03711290657520294,3478,GGTCTG,0.0007419207249768078,1465,CAGCCN,0.4608269929885864,False,False,True,-0.0021506547927856445,
3,24,17,mlp,degradation,0.98291015625,1.2120814323425293,757,AGCCTC,2.337890625,3478,GGTCTG,3.15625,3478,GGTCTG,3.15625,757,AGCCTC,0.037216175347566605,3478,GGTCTG,0.0007894458249211311,1465,CAGCCN,0.4606379270553589,False,False,True,-0.010792046785354614,
3,25,17,mlp,degradation,0.9892578125,1.0878708362579346,757,AGCCTC,2.34375,3478,GGTCTG,3.16796875,3478,GGTCTG,3.16796875,757,AGCCTC,0.037630509585142136,3478,GGTCTG,0.0008366827969439328,1465,CAGCCN,0.46621423959732056,False,False,True,-0.008172184228897095,
3,26,17,mlp,degradation,0.9873046875,1.068881630897522,757,AGCCTC,2.337890625,3478,GGTCTG,3.16015625,3478,GGTCTG,3.16015625,757,AGCCTC,0.03770115599036217,3478,GGTCTG,0.0008512071799486876,1465,CAGCCN,0.47060930728912354,False,False,True,-0.008752107620239258,
3,27,17,mlp,degradation,1.00390625,1.5006024837493896,757,AGCCTC,2.296875,3478,GGTCTG,3.134765625,3478,GGTCTG,3.134765625,757,AGCCTC,0.03640066087245941,3478,GGTCTG,0.0008266369695775211,1465,CAGCCN,0.4741153419017792,False,False,True,-0.004557907581329346,
3,28,17,mlp,degradation,0.99560546875,1.8818787336349487,757,AGCCTC,2.29296875,3478,GGTCTG,3.123046875,3478,GGTCTG,3.123046875,757,AGCCTC,0.03527268394827843,3478,GGTCTG,0.0008255031425505877,1465,CAGCCN,0.48604828119277954,False,False,True,-0.0007441341876983643,
3,29,17,mlp,degradation,0.9873046875,1.8882354497909546,757,AGCCTC,2.302734375,3478,GGTCTG,3.125,3478,GGTCTG,3.125,757,AGCCTC,0.035243596881628036,3478,GGTCTG,0.0008152007358148694,1465,CAGCCN,0.49331793189048767,False,False,True,0.0026442408561706543,
3,30,17,mlp,degradation,1.005859375,1.757790446281433,757,AGCCTC,2.3125,3478,GGTCTG,3.15234375,3478,GGTCTG,3.15234375,757,AGCCTC,0.03560083732008934,3478,GGTCTG,0.0007869188557378948,1465,CAGCCN,0.5003602504730225,False,False,True,0.006006687879562378,
3,31,17,mlp,degradation,1.0712890625,1.2910432815551758,757,AGCCTC,2.29296875,3478,GGTCTG,3.193359375,3478,GGTCTG,3.193359375,757,AGCCTC,0.03694770112633705,3478,GGTCTG,0.000754336069803685,1465,CAGCCN,0.48627468943595886,False,False,True,-0.0012510120868682861,
3,32,17,mlp,degradation,1.080078125,1.1798408031463623,757,AGCCTC,2.298828125,3478,GGTCTG,3.20703125,3478,GGTCTG,3.20703125,757,AGCCTC,0.03730307146906853,3478,GGTCTG,0.0007810567039996386,1465,CAGCCN,0.477068156003952,False,False,True,-0.004505842924118042,
3,33,17,mlp,degradation,1.029296875,0.7796056270599365,757,AGCCTC,2.33203125,3478,GGTCTG,3.193359375,3478,GGTCTG,3.193359375,757,AGCCTC,0.03846557438373566,3478,GGTCTG,0.000760687398724258,1465,CAGCCN,0.48024651408195496,False,False,True,-0.004571855068206787,
3,34,17,mlp,degradation,0.99169921875,0.6604570746421814,757,AGCCTC,2.361328125,3478,GGTCTG,3.1875,3478,GGTCTG,3.1875,757,AGCCTC,0.038840942084789276,3478,GGTCTG,0.0007839174941182137,1465,CAGCCN,0.4925019145011902,False,False,True,0.002091705799102783,
4,0,17,mlp,degradation,0.99169921875,0.7090474963188171,757,AGCCTC,2.3671875,3478,GGTCTG,3.193359375,3478,GGTCTG,3.193359375,757,AGCCTC,0.038762543350458145,3478,GGTCTG,0.0008491253247484565,1465,CAGCCN,0.47709137201309204,False,False,True,-0.0009708404541015625,
4,1,17,mlp,degradation,0.9892578125,0.807358980178833,757,AGCCTC,2.3671875,3478,GGTCTG,3.19140625,3478,GGTCTG,3.19140625,757,AGCCTC,0.038479335606098175,3478,GGTCTG,0.000856469850987196,1465,CAGCCN,0.47212645411491394,False,False,True,-0.0012946128845214844,
4,2,17,mlp,degradation,1.0087890625,0.9893955588340759,757,AGCCTC,2.349609375,3478,GGTCTG,3.19140625,3478,GGTCTG,3.19140625,757,AGCCTC,0.03789471462368965,3478,GGTCTG,0.0008098470862023532,1465,CAGCCN,0.4878844916820526,False,False,True,0.0012868642807006836,
4,3,17,mlp,degradation,1.0146484375,1.1258530616760254,757,AGCCTC,2.333984375,3478,GGTCTG,3.181640625,3478,GGTCTG,3.181640625,757,AGCCTC,0.03743531554937363,3478,GGTCTG,0.0007537406054325402,1465,CAGCCN,0.4939870238304138,False,False,True,0.0028157830238342285,
4,4,17,mlp,degradation,1.0185546875,1.1810886859893799,757,AGCCTC,2.322265625,3478,GGTCTG,3.173828125,3478,GGTCTG,3.173828125,757,AGCCTC,0.037265729159116745,3478,GGTCTG,0.0007474009762518108,1465,CAGCCN,0.4984424412250519,False,False,True,0.00492134690284729,
4,5,17,mlp,degradation,1.0,0.9368371367454529,757,AGCCTC,2.341796875,3478,GGTCTG,3.17578125,3478,GGTCTG,3.17578125,757,AGCCTC,0.037996839731931686,3478,GGTCTG,0.0007566413842141628,1465,CAGCCN,0.48702454566955566,False,False,True,0.0009834468364715576,
4,6,17,mlp,degradation,0.95556640625,0.47822892665863037,757,AGCCTC,2.37890625,3478,GGTCTG,3.171875,3478,GGTCTG,3.171875,757,AGCCTC,0.03942496329545975,3478,GGTCTG,0.0008293731953017414,1465,CAGCCN,0.4721197783946991,False,False,True,-0.0015385746955871582,
4,7,17,mlp,degradation,0.9345703125,0.21807634830474854,757,AGCCTC,2.39453125,3478,GGTCTG,3.16796875,3478,GGTCTG,3.16796875,757,AGCCTC,0.040177442133426666,3478,GGTCTG,0.0008129851776175201,1465,CAGCCN,0.4751555919647217,False,False,True,-0.0022499561309814453,
4,8,17,mlp,degradation,0.8544921875,-0.3700302243232727,757,AGCCTC,2.4375,3478,GGTCTG,3.13671875,3478,GGTCTG,3.13671875,757,AGCCTC,0.04196145758032799,3478,GGTCTG,0.0008588829659856856,1465,CAGCCN,0.47859203815460205,False,False,True,-0.003140091896057129,
4,9,17,mlp,degradation,0.892578125,-0.0593751035630703,757,AGCCTC,2.412109375,3478,GGTCTG,3.146484375,3478,GGTCTG,3.146484375,757,AGCCTC,0.041017983108758926,3478,GGTCTG,0.0008335341699421406,1465,CAGCCN,0.4778670370578766,False,False,True,-0.0038968026638031006,
4,10,17,mlp,degradation,0.93017578125,-0.3817237317562103,757,AGCCTC,2.42578125,3478,GGTCTG,3.1953125,3478,GGTCTG,3.1953125,757,AGCCTC,0.04206986725330353,3478,GGTCTG,0.0009327360894531012,1465,CAGCCN,0.46044081449508667,False,False,True,-0.006000697612762451,
4,11,17,mlp,degradation,0.998046875,0.032294861972332,757,AGCCTC,2.39453125,3478,GGTCTG,3.2265625,3478,GGTCTG,3.2265625,757,AGCCTC,0.04080531373620033,3478,GGTCTG,0.0008917890372686088,1465,CAGCCN,0.45884785056114197,False,False,True,-0.0026685893535614014,
4,12,17,mlp,degradation,1.0185546875,0.3889412581920624,757,AGCCTC,2.361328125,3478,GGTCTG,3.212890625,3478,GGTCTG,3.212890625,757,AGCCTC,0.039723243564367294,3478,GGTCTG,0.0008637672872282565,1465,CAGCCN,0.4709036648273468,False,False,True,-0.005416303873062134,
4,13,17,mlp,degradation,1.025390625,1.364537000656128,757,AGCCTC,2.294921875,3478,GGTCTG,3.15234375,3478,GGTCTG,3.15234375,757,AGCCTC,0.03679908812046051,3478,GGTCTG,0.0008229298400692642,1465,CAGCCN,0.47663551568984985,False,False,True,-0.002776592969894409,
4,14,17,mlp,degradation,1.0166015625,1.7112975120544434,757,AGCCTC,2.1953125,3478,GGTCTG,3.044921875,3478,GGTCTG,3.044921875,757,AGCCTC,0.035464201122522354,3478,GGTCTG,0.0005128745106048882,1465,CAGCCN,0.5037232041358948,False,False,True,-0.006333291530609131,
4,15,17,mlp,degradation,1.0673828125,1.6388335227966309,757,AGCCTC,2.20703125,3478,GGTCTG,3.103515625,3478,GGTCTG,3.103515625,757,AGCCTC,0.03575780987739563,3478,GGTCTG,0.0005923194112256169,1465,CAGCCN,0.493154376745224,False,False,True,-0.03522542119026184,
4,16,17,mlp,degradation,1.1708984375,2.916994571685791,757,AGCCTC,2.12109375,3478,GGTCTG,3.11328125,3478,GGTCTG,3.11328125,757,AGCCTC,0.03185845911502838,3478,GGTCTG,0.0004705057945102453,1465,CAGCCN,0.5392643213272095,False,False,True,-0.04639250040054321,
4,17,17,mlp,degradation,1.2470703125,3.6532697677612305,757,AGCCTC,2.130859375,3478,GGTCTG,3.193359375,3478,GGTCTG,3.193359375,757,AGCCTC,0.029975129291415215,3478,GGTCTG,0.0007631940534338355,1465,CAGCCN,0.5041287541389465,False,False,True,-0.07294392585754395,
4,18,17,mlp,degradation,1.2490234375,3.9085216522216797,757,AGCCTC,2.130859375,3478,GGTCTG,3.1953125,3478,GGTCTG,3.1953125,757,AGCCTC,0.02925858646631241,3478,GGTCTG,0.0008010335150174797,1465,CAGCCN,0.49399614334106445,False,False,True,-0.049163371324539185,
4,19,17,mlp,degradation,1.2470703125,1.9452180862426758,757,AGCCTC,2.177734375,3478,GGTCTG,3.240234375,3478,GGTCTG,3.240234375,757,AGCCTC,0.03505859151482582,3478,GGTCTG,0.0007986053824424744,1465,CAGCCN,0.504955530166626,False,False,True,-0.030336707830429077,
4,20,17,mlp,degradation,1.0869140625,1.4432567358016968,757,AGCCTC,2.25390625,3478,GGTCTG,3.16796875,3478,GGTCTG,3.16796875,757,AGCCTC,0.0364900678396225,3478,GGTCTG,0.0007465633098036051,1465,CAGCCN,0.4909657835960388,False,False,True,-0.018307983875274658,
4,21,17,mlp,degradation,1.0419921875,1.3111807107925415,757,AGCCTC,2.287109375,3478,GGTCTG,3.16015625,3478,GGTCTG,3.16015625,757,AGCCTC,0.036887235939502716,3478,GGTCTG,0.000753388914745301,1465,CAGCCN,0.48582717776298523,False,False,True,-0.015709608793258667,
4,22,17,mlp,degradation,0.97265625,1.0322961807250977,757,AGCCTC,2.3359375,3478,GGTCTG,3.14453125,3478,GGTCTG,3.14453125,757,AGCCTC,0.0377080962061882,3478,GGTCTG,0.0007500213687308133,1465,CAGCCN,0.46600788831710815,False,False,True,-0.00046455860137939453,
4,23,17,mlp,degradation,0.98291015625,0.9641770720481873,757,AGCCTC,2.32421875,3478,GGTCTG,3.142578125,3478,GGTCTG,3.142578125,757,AGCCTC,0.037890393286943436,3478,GGTCTG,0.0007309954380616546,1465,CAGCCN,0.47276222705841064,False,False,True,-0.001318901777267456,
4,24,17,mlp,degradation,0.98095703125,0.9963861703872681,757,AGCCTC,2.318359375,3478,GGTCTG,3.134765625,3478,GGTCTG,3.134765625,757,AGCCTC,0.03781654313206673,3478,GGTCTG,0.0007523389649577439,1465,CAGCCN,0.467191219329834,False,False,True,-0.005521535873413086,
4,25,17,mlp,degradation,1.0126953125,1.2991493940353394,757,AGCCTC,2.302734375,3478,GGTCTG,3.1484375,3478,GGTCTG,3.1484375,757,AGCCTC,0.03696693480014801,3478,GGTCTG,0.0007975290063768625,1465,CAGCCN,0.46421974897384644,False,False,True,-0.007335066795349121,
4,26,17,mlp,degradation,0.998046875,1.0466076135635376,757,AGCCTC,2.333984375,3478,GGTCTG,3.166015625,3478,GGTCTG,3.166015625,757,AGCCTC,0.03775598108768463,3478,GGTCTG,0.0008402029052376747,1465,CAGCCN,0.46785441040992737,False,False,True,-0.003435671329498291,
4,27,17,mlp,degradation,1.0,1.0456534624099731,757,AGCCTC,2.3515625,3478,GGTCTG,3.185546875,3478,GGTCTG,3.185546875,757,AGCCTC,0.03775474429130554,3478,GGTCTG,0.0008361468208022416,1465,CAGCCN,0.4741562306880951,False,False,True,0.004413425922393799,
4,28,17,mlp,degradation,1.0234375,1.5427316427230835,757,AGCCTC,2.37109375,3478,GGTCTG,3.2265625,3478,GGTCTG,3.2265625,757,AGCCTC,0.03633604571223259,3478,GGTCTG,0.0008865342824719846,1465,CAGCCN,0.49474701285362244,False,False,True,0.022012293338775635,
4,29,17,mlp,degradation,0.95361328125,1.9147837162017822,757,AGCCTC,2.3828125,3478,GGTCTG,3.173828125,3478,GGTCTG,3.173828125,757,AGCCTC,0.03521065041422844,3478,GGTCTG,0.000860717031173408,1465,CAGCCN,0.5147548913955688,False,False,True,0.031352847814559937,
4,30,17,mlp,degradation,0.96826171875,1.969791293144226,757,AGCCTC,2.361328125,3478,GGTCTG,3.166015625,3478,GGTCTG,3.166015625,757,AGCCTC,0.035030264407396317,3478,GGTCTG,0.0008429032750427723,1465,CAGCCN,0.5184549689292908,False,False,True,0.028315871953964233,
4,31,17,mlp,degradation,0.98291015625,1.5814776420593262,757,AGCCTC,2.3359375,3478,GGTCTG,3.154296875,3478,GGTCTG,3.154296875,757,AGCCTC,0.03614216670393944,3478,GGTCTG,0.0008071671472862363,1465,CAGCCN,0.4961863160133362,False,False,True,0.011061102151870728,
4,32,17,mlp,degradation,1.0400390625,1.2389512062072754,757,AGCCTC,2.328125,3478,GGTCTG,3.19921875,3478,GGTCTG,3.19921875,757,AGCCTC,0.0371306836605072,3478,GGTCTG,0.0007833655690774322,1465,CAGCCN,0.4831222891807556,False,False,True,0.0047311484813690186,
4,33,17,mlp,degradation,1.0185546875,0.9023314118385315,757,AGCCTC,2.341796875,3478,GGTCTG,3.193359375,3478,GGTCTG,3.193359375,757,AGCCTC,0.03810606151819229,3478,GGTCTG,0.0007638813694939017,1465,CAGCCN,0.4926685392856598,False,False,True,0.006300389766693115,
4,34,17,mlp,degradation,1.0,0.637312114238739,757,AGCCTC,2.365234375,3478,GGTCTG,3.19921875,3478,GGTCTG,3.19921875,757,AGCCTC,0.03891018033027649,3478,GGTCTG,0.00078475201735273,1465,CAGCCN,0.5026658773422241,False,False,True,0.005461990833282471,
5,0,17,mlp,degradation,0.97900390625,0.6564348936080933,757,AGCCTC,2.361328125,3478,GGTCTG,3.17578125,3478,GGTCTG,3.17578125,757,AGCCTC,0.03889622911810875,3478,GGTCTG,0.0008273147395811975,1465,CAGCCN,0.4748082756996155,False,False,True,-0.0015041530132293701,
5,1,17,mlp,degradation,0.97265625,0.45822882652282715,757,AGCCTC,2.376953125,3478,GGTCTG,3.185546875,3478,GGTCTG,3.185546875,757,AGCCTC,0.0394662544131279,3478,GGTCTG,0.0008115543168969452,1465,CAGCCN,0.4762338697910309,False,False,True,-8.64267349243164e-06,
5,2,17,mlp,degradation,1.00390625,0.7555631399154663,757,AGCCTC,2.361328125,3478,GGTCTG,3.19921875,3478,GGTCTG,3.19921875,757,AGCCTC,0.03857611119747162,3478,GGTCTG,0.0008001673268154263,1465,CAGCCN,0.4873930811882019,False,False,True,0.0037029683589935303,
5,3,17,mlp,degradation,0.99169921875,0.6255605816841125,757,AGCCTC,2.375,3478,GGTCTG,3.201171875,3478,GGTCTG,3.201171875,757,AGCCTC,0.03896340727806091,3478,GGTCTG,0.0008032462210394442,1465,CAGCCN,0.49132582545280457,False,False,True,0.003360062837600708,
5,4,17,mlp,degradation,0.970703125,0.5438182353973389,757,AGCCTC,2.353515625,3478,GGTCTG,3.16015625,3478,GGTCTG,3.16015625,757,AGCCTC,0.03923674672842026,3478,GGTCTG,0.0008350032730959356,1465,CAGCCN,0.48973265290260315,False,False,True,0.0016475319862365723,
5,5,17,mlp,degradation,0.9345703125,0.512001097202301,757,AGCCTC,2.33984375,3478,GGTCTG,3.11328125,3478,GGTCTG,3.11328125,757,AGCCTC,0.039342090487480164,3478,GGTCTG,0.0008463131380267441,1465,CAGCCN,0.4753589332103729,False,False,True,-0.0007973015308380127,
5,6,17,mlp,degradation,0.84375,0.234956756234169,757,AGCCTC,2.359375,3478,GGTCTG,3.048828125,3478,GGTCTG,3.048828125,757,AGCCTC,0.040266674011945724,3478,GGTCTG,0.000952105678152293,1465,CAGCCN,0.44572344422340393,False,False,True,-0.00798216462135315,
5,7,17,mlp,degradation,0.84375,0.03335997089743614,757,AGCCTC,2.37890625,3478,GGTCTG,3.068359375,3478,GGTCTG,3.068359375,757,AGCCTC,0.0409097820520401,3478,GGTCTG,0.0009994041174650192,1465,CAGCCN,0.4344388246536255,False,False,True,-0.008891910314559937,
5,8,17,mlp,degradation,0.84814453125,0.12978322803974152,757,AGCCTC,2.400390625,3478,GGTCTG,3.09375,3478,GGTCTG,3.09375,757,AGCCTC,0.04064255207777023,3478,GGTCTG,0.0010171501198783517,1465,CAGCCN,0.4467647075653076,False,False,True,-0.008650481700897217,
5,9,17,mlp,degradation,0.89892578125,0.3021153509616852,757,AGCCTC,2.380859375,3478,GGTCTG,3.12109375,3478,GGTCTG,3.12109375,757,AGCCTC,0.03997581824660301,3478,GGTCTG,0.0008597355335950851,1465,CAGCCN,0.4657398462295532,False,False,True,-0.005730330944061279,
5,10,17,mlp,degradation,0.91748046875,0.13501548767089844,757,AGCCTC,2.390625,3478,GGTCTG,3.1484375,3478,GGTCTG,3.1484375,757,AGCCTC,0.04045037925243378,3478,GGTCTG,0.0008404406253248453,1465,CAGCCN,0.45506495237350464,False,False,True,-0.00697857141494751,
5,11,17,mlp,degradation,0.91552734375,-0.12215981632471085,757,AGCCTC,2.396484375,3478,GGTCTG,3.15234375,3478,GGTCTG,3.15234375,757,AGCCTC,0.04118254780769348,3478,GGTCTG,0.0008125427411869168,1465,CAGCCN,0.4504612386226654,False,False,True,-0.003963857889175415,
5,12,17,mlp,degradation,0.9892578125,0.20761685073375702,757,AGCCTC,2.388671875,3478,GGTCTG,3.212890625,3478,GGTCTG,3.212890625,757,AGCCTC,0.0402652770280838,3478,GGTCTG,0.0008699073223397136,1465,CAGCCN,0.4558044970035553,False,False,True,-0.0026042163372039795,
5,13,17,mlp,degradation,1.0361328125,1.2970733642578125,757,AGCCTC,2.328125,3478,GGTCTG,3.1953125,3478,GGTCTG,3.1953125,757,AGCCTC,0.03700185939669609,3478,GGTCTG,0.000826316128950566,1465,CAGCCN,0.47931310534477234,False,False,True,-0.00015306472778320312,
5,14,17,mlp,degradation,0.96630859375,1.6072494983673096,757,AGCCTC,2.322265625,3478,GGTCTG,3.125,3478,GGTCTG,3.125,757,AGCCTC,0.03583856299519539,3478,GGTCTG,0.0005797283374704421,1465,CAGCCN,0.5028107166290283,False,False,True,-0.0011938810348510742,
5,15,17,mlp,degradation,0.94921875,1.5001524686813354,757,AGCCTC,2.337890625,3478,GGTCTG,3.125,3478,GGTCTG,3.125,757,AGCCTC,0.03610832244157791,3478,GGTCTG,0.0005329680861905217,1465,CAGCCN,0.52385014295578,False,False,True,-0.006385236978530884,
5,16,17,mlp,degradation,0.98095703125,2.7189221382141113,757,AGCCTC,2.30078125,3478,GGTCTG,3.1171875,3478,GGTCTG,3.1171875,757,AGCCTC,0.03245111554861069,3478,GGTCTG,0.0004777687427122146,1465,CAGCCN,0.5381048917770386,False,False,True,0.0024843811988830566,
5,17,17,mlp,degradation,1.1328125,3.4216513633728027,757,AGCCTC,2.21484375,3478,GGTCTG,3.171875,3478,GGTCTG,3.171875,757,AGCCTC,0.030651453882455826,3478,GGTCTG,0.0007549848523922265,1465,CAGCCN,0.49264034628868103,False,False,True,-0.05757009983062744,
5,18,17,mlp,degradation,1.208984375,3.610257148742676,757,AGCCTC,2.171875,3478,GGTCTG,3.19921875,3478,GGTCTG,3.19921875,757,AGCCTC,0.03011808544397354,3478,GGTCTG,0.000779028341639787,1465,CAGCCN,0.4748210906982422,False,False,True,-0.05622950196266174,
5,19,17,mlp,degradation,1.259765625,2.787177324295044,757,AGCCTC,2.130859375,3478,GGTCTG,3.205078125,3478,GGTCTG,3.205078125,757,AGCCTC,0.032519254833459854,3478,GGTCTG,0.0007476320606656373,1465,CAGCCN,0.49839115142822266,False,False,True,-0.04100474715232849,
5,20,17,mlp,degradation,1.107421875,2.1966922283172607,757,AGCCTC,2.203125,3478,GGTCTG,3.13671875,3478,GGTCTG,3.13671875,757,AGCCTC,0.03420066833496094,3478,GGTCTG,0.0006839014240540564,1465,CAGCCN,0.5024829506874084,False,False,True,-0.010836750268936157,
5,21,17,mlp,degradation,1.052734375,2.1144280433654785,757,AGCCTC,2.259765625,3478,GGTCTG,3.142578125,3478,GGTCTG,3.142578125,757,AGCCTC,0.03448997437953949,3478,GGTCTG,0.0007300782599486411,1465,CAGCCN,0.4854802191257477,False,False,True,0.0031915605068206787,
5,22,17,mlp,degradation,1.02734375,1.3821498155593872,757,AGCCTC,2.30078125,3478,GGTCTG,3.16015625,3478,GGTCTG,3.16015625,757,AGCCTC,0.036696285009384155,3478,GGTCTG,0.0007721835281699896,1465,CAGCCN,0.4865161180496216,False,False,True,-0.002756476402282715,
5,23,17,mlp,degradation,1.025390625,1.4441630840301514,757,AGCCTC,2.27734375,3478,GGTCTG,3.134765625,3478,GGTCTG,3.134765625,757,AGCCTC,0.036487601697444916,3478,GGTCTG,0.0007467749528586864,1465,CAGCCN,0.4847395122051239,False,False,True,-0.0006488561630249023,
5,24,17,mlp,degradation,0.99169921875,1.244246482849121,757,AGCCTC,2.30078125,3478,GGTCTG,3.126953125,3478,GGTCTG,3.126953125,757,AGCCTC,0.03706374019384384,3478,GGTCTG,0.0007320711156353354,1465,CAGCCN,0.4846930503845215,False,False,True,-0.0035838186740875244,
5,25,17,mlp,degradation,0.9892578125,1.2604777812957764,757,AGCCTC,2.3046875,3478,GGTCTG,3.12890625,3478,GGTCTG,3.12890625,757,AGCCTC,0.037047792226076126,3478,GGTCTG,0.0007640935946255922,1465,CAGCCN,0.48122066259384155,False,False,True,-0.0018520355224609375,
5,26,17,mlp,degradation,0.98291015625,0.9814973473548889,757,AGCCTC,2.349609375,3478,GGTCTG,3.16796875,3478,GGTCTG,3.16796875,757,AGCCTC,0.03793352469801903,3478,GGTCTG,0.0008253168780356646,1465,CAGCCN,0.480357825756073,False,False,True,-0.003800511360168457,
5,27,17,mlp,degradation,0.98095703125,0.976528525352478,757,AGCCTC,2.35546875,3478,GGTCTG,3.171875,3478,GGTCTG,3.171875,757,AGCCTC,0.03798464685678482,3478,GGTCTG,0.0008617527200840414,1465,CAGCCN,0.47154340147972107,False,False,True,-0.0035114586353302,
5,28,17,mlp,degradation,1.005859375,0.8617135286331177,757,AGCCTC,2.3515625,3478,GGTCTG,3.19140625,3478,GGTCTG,3.19140625,757,AGCCTC,0.03835047781467438,3478,GGTCTG,0.0008882554247975349,1465,CAGCCN,0.4688326120376587,False,False,True,-0.006077021360397339,
5,29,17,mlp,degradation,1.0166015625,0.9520701169967651,757,AGCCTC,2.337890625,3478,GGTCTG,3.1875,3478,GGTCTG,3.1875,757,AGCCTC,0.03801800310611725,3478,GGTCTG,0.0008228244842030108,1465,CAGCCN,0.4313843250274658,False,False,True,-0.025041639804840088,
5,30,17,mlp,degradation,1.0546875,1.106391191482544,757,AGCCTC,2.31640625,3478,GGTCTG,3.201171875,3478,GGTCTG,3.201171875,757,AGCCTC,0.03755037114024162,3478,GGTCTG,0.0008112787618301809,1465,CAGCCN,0.43644195795059204,False,False,True,-0.02217310667037964,
5,31,17,mlp,degradation,1.02734375,0.8485628962516785,757,AGCCTC,2.35546875,3478,GGTCTG,3.21484375,3478,GGTCTG,3.21484375,757,AGCCTC,0.038322556763887405,3478,GGTCTG,0.0008214684203267097,1465,CAGCCN,0.4397308826446533,False,False,True,-0.018418967723846436,
5,32,17,mlp,degradation,1.0107421875,0.6719640493392944,757,AGCCTC,2.341796875,3478,GGTCTG,3.185546875,3478,GGTCTG,3.185546875,757,AGCCTC,0.03894250839948654,3478,GGTCTG,0.0009194903541356325,1465,CAGCCN,0.4515533149242401,False,False,True,-0.014145731925964355,
5,33,17,mlp,degradation,0.9619140625,-0.03363979980349541,757,AGCCTC,2.3828125,3478,GGTCTG,3.181640625,3478,GGTCTG,3.181640625,757,AGCCTC,0.04097241163253784,3478,GGTCTG,0.00086401985026896,1465,CAGCCN,0.4625583291053772,False,False,True,-0.011818230152130127,
5,34,17,mlp,degradation,0.97900390625,0.29640913009643555,757,AGCCTC,2.357421875,3478,GGTCTG,3.171875,3478,GGTCTG,3.171875,757,AGCCTC,0.03995022922754288,3478,GGTCTG,0.0008172803209163249,1465,CAGCCN,0.47995272278785706,False,False,True,-0.0010305047035217285,
6,0,17,mlp,degradation,1.0146484375,1.1618045568466187,757,AGCCTC,2.32421875,3478,GGTCTG,3.171875,3478,GGTCTG,3.171875,757,AGCCTC,0.03739378973841667,3478,GGTCTG,0.0008184674079529941,1465,CAGCCN,0.48446395993232727,False,False,True,5.7250261306762695e-05,
6,1,17,mlp,degradation,0.9853515625,0.9825939536094666,757,AGCCTC,2.3515625,3478,GGTCTG,3.171875,3478,GGTCTG,3.171875,757,AGCCTC,0.03792908042669296,3478,GGTCTG,0.0008241128525696695,1465,CAGCCN,0.48769399523735046,False,False,True,-0.0009798705577850342,
6,2,17,mlp,degradation,0.96630859375,0.7182843089103699,757,AGCCTC,2.365234375,3478,GGTCTG,3.16796875,3478,GGTCTG,3.16796875,757,AGCCTC,0.03869680315256119,3478,GGTCTG,0.0008106837631203234,1465,CAGCCN,0.4914460778236389,False,False,True,0.0004031956195831299,
6,3,17,mlp,degradation,0.96435546875,0.5898838639259338,757,AGCCTC,2.37890625,3478,GGTCTG,3.1796875,3478,GGTCTG,3.1796875,757,AGCCTC,0.03908431529998779,3478,GGTCTG,0.00081871438305825,1465,CAGCCN,0.49530819058418274,False,False,True,0.0025191009044647217,
6,4,17,mlp,degradation,0.9853515625,0.6682872176170349,757,AGCCTC,2.365234375,3478,GGTCTG,3.185546875,3478,GGTCTG,3.185546875,757,AGCCTC,0.03887904807925224,3478,GGTCTG,0.0008451658068224788,1465,CAGCCN,0.4844394624233246,False,False,True,0.0011236369609832764,
6,5,17,mlp,degradation,0.96630859375,0.2806127369403839,757,AGCCTC,2.380859375,3478,GGTCTG,3.18359375,3478,GGTCTG,3.18359375,757,AGCCTC,0.04003165662288666,3478,GGTCTG,0.0008520236588083208,1465,CAGCCN,0.4846733510494232,False,False,True,-0.0003464221954345703,
6,6,17,mlp,degradation,0.892578125,0.033496104180812836,757,AGCCTC,2.37890625,3478,GGTCTG,3.11328125,3478,GGTCTG,3.11328125,757,AGCCTC,0.0407850407063961,3478,GGTCTG,0.0008750667329877615,1465,CAGCCN,0.46325480937957764,False,False,True,-0.0052786171436309814,
6,7,17,mlp,degradation,0.9052734375,0.051047082990407944,757,AGCCTC,2.380859375,3478,GGTCTG,3.126953125,3478,GGTCTG,3.126953125,757,AGCCTC,0.04072438180446625,3478,GGTCTG,0.0008662781328894198,1465,CAGCCN,0.4661298096179962,False,False,True,-0.004945904016494751,
6,8,17,mlp,degradation,0.9072265625,0.8209331035614014,757,AGCCTC,2.3359375,3478,GGTCTG,3.083984375,3478,GGTCTG,3.083984375,757,AGCCTC,0.038459762930870056,3478,GGTCTG,0.000877016456797719,1465,CAGCCN,0.4596136808395386,False,False,True,-0.0060114264488220215,
6,9,17,mlp,degradation,0.923828125,1.9656871557235718,757,AGCCTC,2.28125,3478,GGTCTG,3.044921875,3478,GGTCTG,3.044921875,757,AGCCTC,0.03496747463941574,3478,GGTCTG,0.00076798174995929,1465,CAGCCN,0.4853994846343994,False,False,True,-0.0014601945877075195,
6,10,17,mlp,degradation,0.9345703125,2.0888969898223877,757,AGCCTC,2.26953125,3478,GGTCTG,3.04296875,3478,GGTCTG,3.04296875,757,AGCCTC,0.034548964351415634,3478,GGTCTG,0.0007136124768294394,1465,CAGCCN,0.49565255641937256,False,False,True,-0.0033548176288604736,
6,11,17,mlp,degradation,0.9580078125,1.710824728012085,757,AGCCTC,2.287109375,3478,GGTCTG,3.08203125,3478,GGTCTG,3.08203125,757,AGCCTC,0.03565644845366478,3478,GGTCTG,0.0007037273608148098,1465,CAGCCN,0.5063378810882568,False,False,True,-0.0021349191665649414,
6,12,17,mlp,degradation,1.0654296875,1.0967875719070435,757,AGCCTC,2.30859375,3478,GGTCTG,3.203125,3478,GGTCTG,3.203125,757,AGCCTC,0.0375819057226181,3478,GGTCTG,0.0008144293678924441,1465,CAGCCN,0.4873248338699341,False,False,True,-0.012781590223312378,
6,13,17,mlp,degradation,1.0419921875,0.9831422567367554,757,AGCCTC,2.30859375,3478,GGTCTG,3.181640625,3478,GGTCTG,3.181640625,757,AGCCTC,0.03796480968594551,3478,GGTCTG,0.000861460343003273,1465,CAGCCN,0.4812236428260803,False,False,True,-0.013273239135742188,
6,14,17,mlp,degradation,1.025390625,1.547423243522644,757,AGCCTC,2.267578125,3478,GGTCTG,3.125,3478,GGTCTG,3.125,757,AGCCTC,0.036057788878679276,3478,GGTCTG,0.0006221436196938157,1465,CAGCCN,0.5110301971435547,False,False,True,-0.005511730909347534,
6,15,17,mlp,degradation,0.97900390625,1.5512096881866455,757,AGCCTC,2.2890625,3478,GGTCTG,3.103515625,3478,GGTCTG,3.103515625,757,AGCCTC,0.0359889380633831,3478,GGTCTG,0.0005644824123010039,1465,CAGCCN,0.5249701142311096,False,False,True,-0.01475861668586731,
6,16,17,mlp,degradation,0.7998046875,1.1887398958206177,757,AGCCTC,2.359375,3478,GGTCTG,3.0078125,3478,GGTCTG,3.0078125,757,AGCCTC,0.03699120506644249,3478,GGTCTG,0.0004954881151206791,1465,CAGCCN,0.5314029455184937,False,False,True,-0.03216102719306946,
6,17,17,mlp,degradation,0.7744140625,-0.15874284505844116,757,AGCCTC,2.404296875,3478,GGTCTG,3.029296875,3478,GGTCTG,3.029296875,757,AGCCTC,0.041151873767375946,3478,GGTCTG,0.0006737483781762421,1465,CAGCCN,0.4986392557621002,False,False,True,-0.05244636535644531,
6,18,17,mlp,degradation,0.87744140625,0.7002593874931335,757,AGCCTC,2.345703125,3478,GGTCTG,3.06640625,3478,GGTCTG,3.06640625,757,AGCCTC,0.03859643638134003,3478,GGTCTG,0.000657042779494077,1465,CAGCCN,0.5112476944923401,False,False,True,-0.04161962866783142,
6,19,17,mlp,degradation,1.111328125,1.409132957458496,757,AGCCTC,2.228515625,3478,GGTCTG,3.166015625,3478,GGTCTG,3.166015625,757,AGCCTC,0.03649122267961502,3478,GGTCTG,0.0006468681967817247,1465,CAGCCN,0.535041093826294,False,False,True,-0.027933269739151,
6,20,17,mlp,degradation,1.1396484375,1.8507007360458374,757,AGCCTC,2.212890625,3478,GGTCTG,3.17578125,3478,GGTCTG,3.17578125,757,AGCCTC,0.03517540171742439,3478,GGTCTG,0.0006360745173878968,1465,CAGCCN,0.5348225235939026,False,False,True,0.002117335796356201,
6,21,17,mlp,degradation,1.099609375,1.7437574863433838,757,AGCCTC,2.248046875,3478,GGTCTG,3.173828125,3478,GGTCTG,3.173828125,757,AGCCTC,0.035550475120544434,3478,GGTCTG,0.0006950825336389244,1465,CAGCCN,0.5182815790176392,False,False,True,0.007244139909744263,
6,22,17,mlp,degradation,1.0185546875,1.3656525611877441,757,AGCCTC,2.296875,3478,GGTCTG,3.1484375,3478,GGTCTG,3.1484375,757,AGCCTC,0.03670336678624153,3478,GGTCTG,0.0007305053295567632,1465,CAGCCN,0.4889470338821411,False,False,True,0.008718550205230713,
6,23,17,mlp,degradation,0.99169921875,1.2693541049957275,757,AGCCTC,2.30078125,3478,GGTCTG,3.126953125,3478,GGTCTG,3.126953125,757,AGCCTC,0.0369563065469265,3478,GGTCTG,0.000698843679856509,1465,CAGCCN,0.4903523623943329,False,False,True,-0.002098947763442993,
6,24,17,mlp,degradation,0.98291015625,1.2364529371261597,757,AGCCTC,2.30859375,3478,GGTCTG,3.126953125,3478,GGTCTG,3.126953125,757,AGCCTC,0.037058260291814804,3478,GGTCTG,0.0007035571616142988,1465,CAGCCN,0.4881913661956787,False,False,True,-0.001142054796218872,
6,25,17,mlp,degradation,0.96826171875,1.081386923789978,757,AGCCTC,2.33203125,3478,GGTCTG,3.13671875,3478,GGTCTG,3.13671875,757,AGCCTC,0.03753253445029259,3478,GGTCTG,0.0007195429061539471,1465,CAGCCN,0.48004671931266785,False,False,True,0.00048106908798217773,
6,26,17,mlp,degradation,0.96630859375,0.7402659058570862,757,AGCCTC,2.365234375,3478,GGTCTG,3.16796875,3478,GGTCTG,3.16796875,757,AGCCTC,0.03863430395722389,3478,GGTCTG,0.0008131498470902443,1465,CAGCCN,0.4782927334308624,False,False,True,-0.00286179780960083,
6,27,17,mlp,degradation,0.95166015625,0.6819748282432556,757,AGCCTC,2.373046875,3478,GGTCTG,3.162109375,3478,GGTCTG,3.162109375,757,AGCCTC,0.03878842294216156,3478,GGTCTG,0.0007949914433993399,1465,CAGCCN,0.47912484407424927,False,False,True,-0.003260374069213867,
6,28,17,mlp,degradation,0.98095703125,0.7880685329437256,757,AGCCTC,2.3515625,3478,GGTCTG,3.16796875,3478,GGTCTG,3.16796875,757,AGCCTC,0.03846247121691704,3478,GGTCTG,0.0007825943757779896,1465,CAGCCN,0.47897839546203613,False,False,True,-0.0026569366455078125,
6,29,17,mlp,degradation,0.99560546875,0.7151532769203186,757,AGCCTC,2.3515625,3478,GGTCTG,3.181640625,3478,GGTCTG,3.181640625,757,AGCCTC,0.03869444131851196,3478,GGTCTG,0.0007990659214556217,1465,CAGCCN,0.47345635294914246,False,False,True,-0.005140483379364014,
6,30,17,mlp,degradation,1.0234375,0.9783713817596436,757,AGCCTC,2.33203125,3478,GGTCTG,3.1875,3478,GGTCTG,3.1875,757,AGCCTC,0.03792881593108177,3478,GGTCTG,0.0008113677613437176,1465,CAGCCN,0.47689512372016907,False,False,True,-0.004578202962875366,
6,31,17,mlp,degradation,1.0087890625,0.813492476940155,757,AGCCTC,2.36328125,3478,GGTCTG,3.205078125,3478,GGTCTG,3.205078125,757,AGCCTC,0.03846058249473572,3478,GGTCTG,0.0008558433619327843,1465,CAGCCN,0.47250881791114807,False,False,True,-0.012004196643829346,
6,32,17,mlp,degradation,0.99169921875,0.884285032749176,757,AGCCTC,2.361328125,3478,GGTCTG,3.1875,3478,GGTCTG,3.1875,757,AGCCTC,0.03818437084555626,3478,GGTCTG,0.0007888576365076005,1465,CAGCCN,0.48801130056381226,False,False,True,-0.004984498023986816,
6,33,17,mlp,degradation,0.98291015625,0.6753093600273132,757,AGCCTC,2.3828125,3478,GGTCTG,3.201171875,3478,GGTCTG,3.201171875,757,AGCCTC,0.03881523013114929,3478,GGTCTG,0.0008020984823815525,1465,CAGCCN,0.4910656809806824,False,False,True,-0.0037319958209991455,
6,34,17,mlp,degradation,0.9853515625,0.8093908429145813,757,AGCCTC,2.359375,3478,GGTCTG,3.1796875,3478,GGTCTG,3.1796875,757,AGCCTC,0.03840840980410576,3478,GGTCTG,0.0007915512542240322,1465,CAGCCN,0.494573712348938,False,False,True,0.0035503506660461426,
7,0,17,mlp,degradation,1.0,1.0112913846969604,757,AGCCTC,2.337890625,3478,GGTCTG,3.171875,3478,GGTCTG,3.171875,757,AGCCTC,0.03781562298536301,3478,GGTCTG,0.0007954697939567268,1465,CAGCCN,0.4820023477077484,False,False,True,-0.0008275210857391357,
7,1,17,mlp,degradation,0.998046875,1.2052546739578247,757,AGCCTC,2.3203125,3478,GGTCTG,3.15234375,3478,GGTCTG,3.15234375,757,AGCCTC,0.03720065951347351,3478,GGTCTG,0.0007537510246038437,1465,CAGCCN,0.48340538144111633,False,False,True,-0.0016296207904815674,
7,2,17,mlp,degradation,0.9873046875,1.3239268064498901,757,AGCCTC,2.3125,3478,GGTCTG,3.134765625,3478,GGTCTG,3.134765625,757,AGCCTC,0.03684356063604355,3478,GGTCTG,0.0007473818259313703,1465,CAGCCN,0.48279985785484314,False,False,True,-0.0008680224418640137,
7,3,17,mlp,degradation,0.970703125,1.1467682123184204,757,AGCCTC,2.31640625,3478,GGTCTG,3.123046875,3478,GGTCTG,3.123046875,757,AGCCTC,0.037376295775175095,3478,GGTCTG,0.0007565359119325876,1465,CAGCCN,0.4825334846973419,False,False,True,0.001988232135772705,
7,4,17,mlp,degradation,0.9599609375,0.9530406594276428,757,AGCCTC,2.326171875,3478,GGTCTG,3.123046875,3478,GGTCTG,3.123046875,757,AGCCTC,0.03798867017030716,3478,GGTCTG,0.0007963589741848409,1465,CAGCCN,0.4828726053237915,False,False,True,0.0030578672885894775,
7,5,17,mlp,degradation,0.94287109375,0.6437228918075562,757,AGCCTC,2.345703125,3478,GGTCTG,3.126953125,3478,GGTCTG,3.126953125,757,AGCCTC,0.03891195356845856,3478,GGTCTG,0.0008054724894464016,1465,CAGCCN,0.481340616941452,False,False,True,0.0024694502353668213,
7,6,17,mlp,degradation,0.8564453125,0.018541721627116203,757,AGCCTC,2.373046875,3478,GGTCTG,3.07421875,3478,GGTCTG,3.07421875,757,AGCCTC,0.04070339724421501,3478,GGTCTG,0.0007492247968912125,1465,CAGCCN,0.49651992321014404,False,False,True,-0.0007671117782592773,
7,7,17,mlp,degradation,0.86083984375,0.18971167504787445,757,AGCCTC,2.37109375,3478,GGTCTG,3.076171875,3478,GGTCTG,3.076171875,757,AGCCTC,0.04019778594374657,3478,GGTCTG,0.0007494972087442875,1465,CAGCCN,0.4935198724269867,False,False,True,-0.001654118299484253,
7,8,17,mlp,degradation,0.86083984375,-0.011748972348868847,757,AGCCTC,2.3828125,3478,GGTCTG,3.087890625,3478,GGTCTG,3.087890625,757,AGCCTC,0.04083755612373352,3478,GGTCTG,0.000793861981946975,1465,CAGCCN,0.4811089038848877,False,False,True,-0.005634695291519165,
7,9,17,mlp,degradation,0.9052734375,0.4099648892879486,757,AGCCTC,2.3671875,3478,GGTCTG,3.11328125,3478,GGTCTG,3.11328125,757,AGCCTC,0.03959013521671295,3478,GGTCTG,0.000792795792222023,1465,CAGCCN,0.4659007787704468,False,False,True,-0.004058122634887695,
7,10,17,mlp,degradation,0.8564453125,-0.5915791988372803,757,AGCCTC,2.435546875,3478,GGTCTG,3.13671875,3478,GGTCTG,3.13671875,757,AGCCTC,0.042497631162405014,3478,GGTCTG,0.0007402815972454846,1465,CAGCCN,0.46832722425460815,False,False,True,-0.00411573052406311,
7,11,17,mlp,degradation,0.87744140625,-0.2697713375091553,757,AGCCTC,2.427734375,3478,GGTCTG,3.1484375,3478,GGTCTG,3.1484375,757,AGCCTC,0.041521597653627396,3478,GGTCTG,0.0007153337355703115,1465,CAGCCN,0.4819660186767578,False,False,True,-0.0005659759044647217,
7,12,17,mlp,degradation,0.970703125,0.048754263669252396,757,AGCCTC,2.400390625,3478,GGTCTG,3.20703125,3478,GGTCTG,3.20703125,757,AGCCTC,0.04064318910241127,3478,GGTCTG,0.0007783095352351665,1465,CAGCCN,0.48574376106262207,False,False,True,-0.004122346639633179,
7,13,17,mlp,degradation,1.0166015625,1.2560030221939087,757,AGCCTC,2.32421875,3478,GGTCTG,3.173828125,3478,GGTCTG,3.173828125,757,AGCCTC,0.03714900091290474,3478,GGTCTG,0.0008520789560861886,1465,CAGCCN,0.489543616771698,False,False,True,-0.0023284852504730225,
7,14,17,mlp,degradation,1.048828125,1.8142966032028198,757,AGCCTC,2.302734375,3478,GGTCTG,3.181640625,3478,GGTCTG,3.181640625,757,AGCCTC,0.03532129526138306,3478,GGTCTG,0.0006743777194060385,1465,CAGCCN,0.5084056258201599,False,False,True,0.012701213359832764,
7,15,17,mlp,degradation,0.98095703125,1.8889148235321045,757,AGCCTC,2.328125,3478,GGTCTG,3.14453125,3478,GGTCTG,3.14453125,757,AGCCTC,0.03503764420747757,3478,GGTCTG,0.0006112578557804227,1465,CAGCCN,0.505092978477478,False,False,True,0.015449970960617065,
7,16,17,mlp,degradation,0.94287109375,1.3648899793624878,757,AGCCTC,2.35546875,3478,GGTCTG,3.13671875,3478,GGTCTG,3.13671875,757,AGCCTC,0.036537546664476395,3478,GGTCTG,0.0005624316981993616,1465,CAGCCN,0.5127816200256348,False,False,True,0.003400474786758423,
7,17,17,mlp,degradation,0.970703125,1.1920019388198853,757,AGCCTC,2.3359375,3478,GGTCTG,3.142578125,3478,GGTCTG,3.142578125,757,AGCCTC,0.037168003618717194,3478,GGTCTG,0.0006819299305789173,1465,CAGCCN,0.5000185966491699,False,False,True,-0.009019464254379272,
7,18,17,mlp,degradation,1.0234375,1.2264761924743652,757,AGCCTC,2.291015625,3478,GGTCTG,3.146484375,3478,GGTCTG,3.146484375,757,AGCCTC,0.037100277841091156,3478,GGTCTG,0.0007160910754464567,1465,CAGCCN,0.505553662776947,False,False,True,-0.015513181686401367,
7,19,17,mlp,degradation,1.1162109375,1.6755211353302002,757,AGCCTC,2.2421875,3478,GGTCTG,3.18359375,3478,GGTCTG,3.18359375,757,AGCCTC,0.03581234812736511,3478,GGTCTG,0.0007552870665676892,1465,CAGCCN,0.5171359777450562,False,False,True,-0.007284969091415405,
7,20,17,mlp,degradation,1.080078125,1.3972604274749756,757,AGCCTC,2.25390625,3478,GGTCTG,3.162109375,3478,GGTCTG,3.162109375,757,AGCCTC,0.03670712187886238,3478,GGTCTG,0.0008276774897240102,1465,CAGCCN,0.50933837890625,False,False,True,-0.02184617519378662,
7,21,17,mlp,degradation,1.0673828125,1.4912749528884888,757,AGCCTC,2.26953125,3478,GGTCTG,3.166015625,3478,GGTCTG,3.166015625,757,AGCCTC,0.03644629567861557,3478,GGTCTG,0.0008447060827165842,1465,CAGCCN,0.501118004322052,False,False,True,-0.013071119785308838,
7,22,17,mlp,degradation,1.0341796875,1.3271523714065552,757,AGCCTC,2.26953125,3478,GGTCTG,3.134765625,3478,GGTCTG,3.134765625,757,AGCCTC,0.0368681475520134,3478,GGTCTG,0.0007815026910975575,1465,CAGCCN,0.4933955669403076,False,False,True,-0.008863747119903564,
7,23,17,mlp,degradation,0.99365234375,1.3733818531036377,757,AGCCTC,2.287109375,3478,GGTCTG,3.115234375,3478,GGTCTG,3.115234375,757,AGCCTC,0.03665198013186455,3478,GGTCTG,0.0007019652402959764,1465,CAGCCN,0.4960952699184418,False,False,True,-0.0026198923587799072,
7,24,17,mlp,degradation,0.98095703125,1.3068535327911377,757,AGCCTC,2.29296875,3478,GGTCTG,3.109375,3478,GGTCTG,3.109375,757,AGCCTC,0.03683578968048096,3478,GGTCTG,0.000689153850544244,1465,CAGCCN,0.4993446171283722,False,False,True,-0.001767963171005249,
7,25,17,mlp,degradation,0.97265625,1.1967225074768066,757,AGCCTC,2.32421875,3478,GGTCTG,3.1328125,3478,GGTCTG,3.1328125,757,AGCCTC,0.037206053733825684,3478,GGTCTG,0.0007339295698329806,1465,CAGCCN,0.4888312816619873,False,False,True,0.0007424354553222656,
7,26,17,mlp,degradation,0.99560546875,1.0029104948043823,757,AGCCTC,2.341796875,3478,GGTCTG,3.171875,3478,GGTCTG,3.171875,757,AGCCTC,0.03782085329294205,3478,GGTCTG,0.000775930006057024,1465,CAGCCN,0.4818043112754822,False,False,True,-6.079673767089844e-05,
7,27,17,mlp,degradation,1.052734375,1.2404487133026123,757,AGCCTC,2.318359375,3478,GGTCTG,3.201171875,3478,GGTCTG,3.201171875,757,AGCCTC,0.03715190663933754,3478,GGTCTG,0.0008090147166512907,1465,CAGCCN,0.4775698482990265,False,False,True,0.0015799999237060547,
7,28,17,mlp,degradation,1.0712890625,1.04246187210083,757,AGCCTC,2.3203125,3478,GGTCTG,3.220703125,3478,GGTCTG,3.220703125,757,AGCCTC,0.03779090195894241,3478,GGTCTG,0.0008628694340586662,1465,CAGCCN,0.47851526737213135,False,False,True,-0.0021466314792633057,
7,29,17,mlp,degradation,1.0908203125,1.2268682718276978,757,AGCCTC,2.30859375,3478,GGTCTG,3.2265625,3478,GGTCTG,3.2265625,757,AGCCTC,0.03722198307514191,3478,GGTCTG,0.000838953594211489,1465,CAGCCN,0.4759875237941742,False,False,True,-0.007736146450042725,
7,30,17,mlp,degradation,1.0546875,1.0319595336914062,757,AGCCTC,2.328125,3478,GGTCTG,3.212890625,3478,GGTCTG,3.212890625,757,AGCCTC,0.037788309156894684,3478,GGTCTG,0.0008292379789054394,1465,CAGCCN,0.4809859097003937,False,False,True,-0.010222315788269043,
7,31,17,mlp,degradation,1.0107421875,0.9771146774291992,757,AGCCTC,2.37109375,3478,GGTCTG,3.21484375,3478,GGTCTG,3.21484375,757,AGCCTC,0.03789525479078293,3478,GGTCTG,0.0007740947185084224,1465,CAGCCN,0.4826711416244507,False,False,True,-0.007668018341064453,
7,32,17,mlp,degradation,1.0380859375,0.7708099484443665,757,AGCCTC,2.376953125,3478,GGTCTG,3.24609375,3478,GGTCTG,3.24609375,757,AGCCTC,0.038584399968385696,3478,GGTCTG,0.0008535174420103431,1465,CAGCCN,0.47944942116737366,False,False,True,-0.001791626214981079,
7,33,17,mlp,degradation,1.021484375,0.6614100337028503,757,AGCCTC,2.37890625,3478,GGTCTG,3.232421875,3478,GGTCTG,3.232421875,757,AGCCTC,0.03888518363237381,3478,GGTCTG,0.0008309760596603155,1465,CAGCCN,0.47796592116355896,False,False,True,-0.001324385404586792,
7,34,17,mlp,degradation,1.0439453125,1.2112622261047363,757,AGCCTC,2.31640625,3478,GGTCTG,3.19140625,3478,GGTCTG,3.19140625,757,AGCCTC,0.037248045206069946,3478,GGTCTG,0.0008188929059542716,1465,CAGCCN,0.47647348046302795,False,False,True,0.0035378634929656982,
8,0,17,mlp,degradation,0.9853515625,0.6832869648933411,757,AGCCTC,2.34765625,3478,GGTCTG,3.16796875,3478,GGTCTG,3.16796875,757,AGCCTC,0.03879871964454651,3478,GGTCTG,0.0008091683266684413,1465,CAGCCN,0.47990337014198303,False,False,True,-0.0006229579448699951,
8,1,17,mlp,degradation,0.95166015625,0.8028451800346375,757,AGCCTC,2.333984375,3478,GGTCTG,3.123046875,3478,GGTCTG,3.123046875,757,AGCCTC,0.038395777344703674,3478,GGTCTG,0.0007595735951326787,1465,CAGCCN,0.4820229709148407,False,False,True,-0.003553152084350586,
8,2,17,mlp,degradation,0.93896484375,1.0355910062789917,757,AGCCTC,2.31640625,3478,GGTCTG,3.09375,3478,GGTCTG,3.09375,757,AGCCTC,0.037677016109228134,3478,GGTCTG,0.0007286779582500458,1465,CAGCCN,0.48219624161720276,False,False,True,-0.0027008056640625,
8,3,17,mlp,degradation,0.919921875,0.9820998907089233,757,AGCCTC,2.31640625,3478,GGTCTG,3.076171875,3478,GGTCTG,3.076171875,757,AGCCTC,0.03782422095537186,3478,GGTCTG,0.0007177921943366528,1465,CAGCCN,0.4782871901988983,False,False,True,-0.0005466043949127197,
8,4,17,mlp,degradation,0.923828125,0.8127135038375854,757,AGCCTC,2.341796875,3478,GGTCTG,3.10546875,3478,GGTCTG,3.10546875,757,AGCCTC,0.038343191146850586,3478,GGTCTG,0.0007361501920968294,1465,CAGCCN,0.48231858015060425,False,False,True,0.0018219947814941406,
8,5,17,mlp,degradation,0.93896484375,0.7827719449996948,757,AGCCTC,2.345703125,3478,GGTCTG,3.123046875,3478,GGTCTG,3.123046875,757,AGCCTC,0.03843655437231064,3478,GGTCTG,0.0007410230464302003,1465,CAGCCN,0.4818800389766693,False,False,True,0.005167752504348755,
8,6,17,mlp,degradation,0.8671875,0.2149869054555893,757,AGCCTC,2.36328125,3478,GGTCTG,3.07421875,3478,GGTCTG,3.07421875,757,AGCCTC,0.040122970938682556,3478,GGTCTG,0.0007493817829526961,1465,CAGCCN,0.48931261897087097,False,False,True,0.0013493001461029053,
8,7,17,mlp,degradation,0.90283203125,0.3558598756790161,757,AGCCTC,2.34375,3478,GGTCTG,3.087890625,3478,GGTCTG,3.087890625,757,AGCCTC,0.039725758135318756,3478,GGTCTG,0.0007685113232582808,1465,CAGCCN,0.4835600256919861,False,False,True,0.0021909475326538086,
8,8,17,mlp,degradation,0.79541015625,-0.5583792924880981,757,AGCCTC,2.42578125,3478,GGTCTG,3.0703125,3478,GGTCTG,3.0703125,757,AGCCTC,0.04248086363077164,3478,GGTCTG,0.0008216337882913649,1465,CAGCCN,0.46230030059814453,False,False,True,-0.007466167211532593,
8,9,17,mlp,degradation,0.94921875,0.8668071627616882,757,AGCCTC,2.365234375,3478,GGTCTG,3.15234375,3478,GGTCTG,3.15234375,757,AGCCTC,0.03830021247267723,3478,GGTCTG,0.0008530425257049501,1465,CAGCCN,0.4614727795124054,False,False,True,-4.538893699645996e-05,
8,10,17,mlp,degradation,0.90087890625,0.4106493294239044,757,AGCCTC,2.380859375,3478,GGTCTG,3.123046875,3478,GGTCTG,3.123046875,757,AGCCTC,0.03960271179676056,3478,GGTCTG,0.0008073943317867815,1465,CAGCCN,0.47189512848854065,False,False,True,-0.0006246864795684814,
8,11,17,mlp,degradation,1.005859375,1.3009556531906128,757,AGCCTC,2.30078125,3478,GGTCTG,3.140625,3478,GGTCTG,3.140625,757,AGCCTC,0.03692929446697235,3478,GGTCTG,0.000765225850045681,1465,CAGCCN,0.4976646304130554,False,False,True,0.007856786251068115,
8,12,17,mlp,degradation,0.9765625,0.31149712204933167,757,AGCCTC,2.3359375,3478,GGTCTG,3.1484375,3478,GGTCTG,3.1484375,757,AGCCTC,0.03992372378706932,3478,GGTCTG,0.0008353666635230184,1465,CAGCCN,0.4873361587524414,False,False,True,-0.007611602544784546,
8,13,17,mlp,degradation,1.0087890625,0.553333580493927,757,AGCCTC,2.322265625,3478,GGTCTG,3.1640625,3478,GGTCTG,3.1640625,757,AGCCTC,0.0392356738448143,3478,GGTCTG,0.0008620506851002574,1465,CAGCCN,0.4802252948284149,False,False,True,-0.0097426176071167,
8,14,17,mlp,degradation,1.1416015625,0.9068842530250549,757,AGCCTC,2.27734375,3478,GGTCTG,3.2421875,3478,GGTCTG,3.2421875,757,AGCCTC,0.03812621161341667,3478,GGTCTG,0.0007974880281835794,1465,CAGCCN,0.496370792388916,False,False,True,-0.016598761081695557,
8,15,17,mlp,degradation,1.1015625,1.4749176502227783,757,AGCCTC,2.287109375,3478,GGTCTG,3.21484375,3478,GGTCTG,3.21484375,757,AGCCTC,0.03636031970381737,3478,GGTCTG,0.0007103850366547704,1465,CAGCCN,0.5068256855010986,False,False,True,-0.004946529865264893,
8,16,17,mlp,degradation,1.083984375,1.6289286613464355,757,AGCCTC,2.318359375,3478,GGTCTG,3.23046875,3478,GGTCTG,3.23046875,757,AGCCTC,0.03591205179691315,3478,GGTCTG,0.0007172907353378832,1465,CAGCCN,0.5102088451385498,False,False,True,-0.015202462673187256,
8,17,17,mlp,degradation,0.98095703125,1.425371766090393,757,AGCCTC,2.3359375,3478,GGTCTG,3.15234375,3478,GGTCTG,3.15234375,757,AGCCTC,0.03653213381767273,3478,GGTCTG,0.0007357691065408289,1465,CAGCCN,0.500156819820404,False,False,True,0.005854278802871704,
8,18,17,mlp,degradation,1.0439453125,1.450087308883667,757,AGCCTC,2.30859375,3478,GGTCTG,3.18359375,3478,GGTCTG,3.18359375,757,AGCCTC,0.036494556814432144,3478,GGTCTG,0.0007712382939644158,1465,CAGCCN,0.504306972026825,False,False,True,-0.0021296143531799316,
8,19,17,mlp,degradation,1.1162109375,1.5972551107406616,757,AGCCTC,2.26171875,3478,GGTCTG,3.203125,3478,GGTCTG,3.203125,757,AGCCTC,0.036098748445510864,3478,GGTCTG,0.0008103785221464932,1465,CAGCCN,0.5119074583053589,False,False,True,0.0003910064697265625,
8,20,17,mlp,degradation,1.10546875,0.7996737957000732,757,AGCCTC,2.28125,3478,GGTCTG,3.212890625,3478,GGTCTG,3.212890625,757,AGCCTC,0.038655996322631836,3478,GGTCTG,0.0010104173561558127,1465,CAGCCN,0.491272509098053,False,False,True,-0.02993839979171753,
8,21,17,mlp,degradation,1.029296875,0.6174972653388977,757,AGCCTC,2.322265625,3478,GGTCTG,3.18359375,3478,GGTCTG,3.18359375,757,AGCCTC,0.03918280452489853,3478,GGTCTG,0.0009988148231059313,1465,CAGCCN,0.47887617349624634,False,False,True,-0.028478354215621948,
8,22,17,mlp,degradation,0.99169921875,0.46735599637031555,757,AGCCTC,2.3359375,3478,GGTCTG,3.162109375,3478,GGTCTG,3.162109375,757,AGCCTC,0.039585646241903305,3478,GGTCTG,0.0009579216130077839,1465,CAGCCN,0.46822822093963623,False,False,True,-0.020239055156707764,
8,23,17,mlp,degradation,1.03125,1.1921154260635376,757,AGCCTC,2.296875,3478,GGTCTG,3.16015625,3478,GGTCTG,3.16015625,757,AGCCTC,0.037305738776922226,3478,GGTCTG,0.0008199986768886447,1465,CAGCCN,0.4813433885574341,False,False,True,-0.0026800036430358887,
8,24,17,mlp,degradation,1.046875,1.2817257642745972,757,AGCCTC,2.2890625,3478,GGTCTG,3.166015625,3478,GGTCTG,3.166015625,757,AGCCTC,0.037033043801784515,3478,GGTCTG,0.000812143727671355,1465,CAGCCN,0.4828527867794037,False,False,True,-0.004242420196533203,
8,25,17,mlp,degradation,1.052734375,1.3051871061325073,757,AGCCTC,2.302734375,3478,GGTCTG,3.185546875,3478,GGTCTG,3.185546875,757,AGCCTC,0.03698247671127319,3478,GGTCTG,0.0008309140685014427,1465,CAGCCN,0.4797496199607849,False,False,True,-0.0017604827880859375,
8,26,17,mlp,degradation,1.0341796875,1.2449674606323242,757,AGCCTC,2.318359375,3478,GGTCTG,3.18359375,3478,GGTCTG,3.18359375,757,AGCCTC,0.03713355213403702,3478,GGTCTG,0.0008040136890485883,1465,CAGCCN,0.48259225487709045,False,False,True,0.0012942850589752197,
8,27,17,mlp,degradation,1.02734375,0.9982189536094666,757,AGCCTC,2.3359375,3478,GGTCTG,3.1953125,3478,GGTCTG,3.1953125,757,AGCCTC,0.037850696593523026,3478,GGTCTG,0.0007919064373709261,1465,CAGCCN,0.48613694310188293,False,False,True,0.0007516443729400635,
8,28,17,mlp,degradation,1.03125,1.2509006261825562,757,AGCCTC,2.33203125,3478,GGTCTG,3.1953125,3478,GGTCTG,3.1953125,757,AGCCTC,0.03713854029774666,3478,GGTCTG,0.0008265385404229164,1465,CAGCCN,0.47878411412239075,False,False,True,-0.0013260245323181152,
8,29,17,mlp,degradation,1.07421875,1.7047795057296753,757,AGCCTC,2.3203125,3478,GGTCTG,3.22265625,3478,GGTCTG,3.22265625,757,AGCCTC,0.03578514605760574,3478,GGTCTG,0.0008145585306920111,1465,CAGCCN,0.46288052201271057,False,False,True,-0.012869268655776978,
8,30,17,mlp,degradation,1.07421875,1.7837765216827393,757,AGCCTC,2.31640625,3478,GGTCTG,3.21875,3478,GGTCTG,3.21875,757,AGCCTC,0.03558717295527458,3478,GGTCTG,0.0008500546682626009,1465,CAGCCN,0.45575591921806335,False,False,True,-0.012046366930007935,
8,31,17,mlp,degradation,1.056640625,1.3461655378341675,757,AGCCTC,2.3515625,3478,GGTCTG,3.23828125,3478,GGTCTG,3.23828125,757,AGCCTC,0.036833375692367554,3478,GGTCTG,0.000802923459559679,1465,CAGCCN,0.46647632122039795,False,False,True,-0.013304173946380615,
8,32,17,mlp,degradation,1.05078125,1.176982045173645,757,AGCCTC,2.349609375,3478,GGTCTG,3.23046875,3478,GGTCTG,3.23046875,757,AGCCTC,0.03733222186565399,3478,GGTCTG,0.0008017558138817549,1465,CAGCCN,0.4800342321395874,False,False,True,-0.004563450813293457,
8,33,17,mlp,degradation,1.056640625,1.277748942375183,757,AGCCTC,2.33984375,3478,GGTCTG,3.2265625,3478,GGTCTG,3.2265625,757,AGCCTC,0.03700234740972519,3478,GGTCTG,0.0007696935208514333,1465,CAGCCN,0.4832630753517151,False,False,True,-0.0026085376739501953,
8,34,17,mlp,degradation,1.05078125,1.5061209201812744,757,AGCCTC,2.3046875,3478,GGTCTG,3.185546875,3478,GGTCTG,3.185546875,757,AGCCTC,0.036330852657556534,3478,GGTCTG,0.0007731397054158151,1465,CAGCCN,0.48217862844467163,False,False,True,0.0021258294582366943,
9,0,17,mlp,degradation,0.94921875,0.13766880333423615,757,AGCCTC,2.3671875,3478,GGTCTG,3.154296875,3478,GGTCTG,3.154296875,757,AGCCTC,0.04034731164574623,3478,GGTCTG,0.0007452131831087172,1465,CAGCCN,0.4840136468410492,False,False,True,-0.002680361270904541,
9,1,17,mlp,degradation,0.92626953125,-0.14524558186531067,757,AGCCTC,2.376953125,3478,GGTCTG,3.142578125,3478,GGTCTG,3.142578125,757,AGCCTC,0.041183751076459885,3478,GGTCTG,0.0007455172599293292,1465,CAGCCN,0.4797031283378601,False,False,True,-0.005036056041717529,
9,2,17,mlp,degradation,0.9453125,0.29576125741004944,757,AGCCTC,2.376953125,3478,GGTCTG,3.16015625,3478,GGTCTG,3.16015625,757,AGCCTC,0.039944570511579514,3478,GGTCTG,0.0008097051177173853,1465,CAGCCN,0.475221186876297,False,False,True,-0.0030939877033233643,
9,3,17,mlp,degradation,0.919921875,0.21563100814819336,757,AGCCTC,2.384765625,3478,GGTCTG,3.14453125,3478,GGTCTG,3.14453125,757,AGCCTC,0.04019435867667198,3478,GGTCTG,0.0008226760546676815,1465,CAGCCN,0.474529504776001,False,False,True,-0.0005988776683807373,
9,4,17,mlp,degradation,0.95361328125,0.7471191883087158,757,AGCCTC,2.3828125,3478,GGTCTG,3.173828125,3478,GGTCTG,3.173828125,757,AGCCTC,0.03861985728144646,3478,GGTCTG,0.000818958505988121,1465,CAGCCN,0.48583585023880005,False,False,True,0.0040864646434783936,
9,5,17,mlp,degradation,0.9853515625,1.2959023714065552,757,AGCCTC,2.3515625,3478,GGTCTG,3.171875,3478,GGTCTG,3.171875,757,AGCCTC,0.03701705113053322,3478,GGTCTG,0.0008380477083846927,1465,CAGCCN,0.47978803515434265,False,False,True,0.0065063536167144775,
9,6,17,mlp,degradation,0.9619140625,0.7415024638175964,757,AGCCTC,2.36328125,3478,GGTCTG,3.162109375,3478,GGTCTG,3.162109375,757,AGCCTC,0.03872232884168625,3478,GGTCTG,0.0009048266219906509,1465,CAGCCN,0.48183926939964294,False,False,True,0.0011121928691864014,
9,7,17,mlp,degradation,0.97265625,0.6216808557510376,757,AGCCTC,2.345703125,3478,GGTCTG,3.154296875,3478,GGTCTG,3.154296875,757,AGCCTC,0.039104923605918884,3478,GGTCTG,0.0009332970948889852,1465,CAGCCN,0.47575610876083374,False,False,True,0.0007700324058532715,
9,8,17,mlp,degradation,0.9619140625,0.4818137288093567,757,AGCCTC,2.3359375,3478,GGTCTG,3.134765625,3478,GGTCTG,3.134765625,757,AGCCTC,0.03944903984665871,3478,GGTCTG,0.0008640448213554919,1465,CAGCCN,0.49085959792137146,False,False,True,0.0012910664081573486,
9,9,17,mlp,degradation,1.021484375,1.1313613653182983,757,AGCCTC,2.330078125,3478,GGTCTG,3.18359375,3478,GGTCTG,3.18359375,757,AGCCTC,0.0374981164932251,3478,GGTCTG,0.0008328237454406917,1465,CAGCCN,0.4795699119567871,False,False,True,0.00428202748298645,
9,10,17,mlp,degradation,1.005859375,0.5798630118370056,757,AGCCTC,2.365234375,3478,GGTCTG,3.205078125,3478,GGTCTG,3.205078125,757,AGCCTC,0.03906657546758652,3478,GGTCTG,0.0007713593076914549,1465,CAGCCN,0.484515905380249,False,False,True,0.0037872493267059326,
9,11,17,mlp,degradation,1.0126953125,0.32376039028167725,757,AGCCTC,2.38671875,3478,GGTCTG,3.232421875,3478,GGTCTG,3.232421875,757,AGCCTC,0.039866525679826736,3478,GGTCTG,0.0008144114981405437,1465,CAGCCN,0.47994208335876465,False,False,True,0.002522766590118408,
9,12,17,mlp,degradation,1.021484375,0.7944579124450684,757,AGCCTC,2.330078125,3478,GGTCTG,3.18359375,3478,GGTCTG,3.18359375,757,AGCCTC,0.03842728212475777,3478,GGTCTG,0.0007662876741960645,1465,CAGCCN,0.48930564522743225,False,False,True,0.00441393256187439,
9,13,17,mlp,degradation,1.0185546875,1.4400010108947754,757,AGCCTC,2.29296875,3478,GGTCTG,3.14453125,3478,GGTCTG,3.14453125,757,AGCCTC,0.036557652056217194,3478,GGTCTG,0.0008045247523114085,1465,CAGCCN,0.48844966292381287,False,False,True,0.003665715456008911,
9,14,17,mlp,degradation,1.0166015625,0.9758995175361633,757,AGCCTC,2.390625,3478,GGTCTG,3.240234375,3478,GGTCTG,3.240234375,757,AGCCTC,0.038080357015132904,3478,GGTCTG,0.0009556048316881061,1465,CAGCCN,0.4441172778606415,False,False,True,0.007115960121154785,
9,15,17,mlp,degradation,1.052734375,1.1908272504806519,757,AGCCTC,2.388671875,3478,GGTCTG,3.271484375,3478,GGTCTG,3.271484375,757,AGCCTC,0.037361402064561844,3478,GGTCTG,0.0008718544850125909,1465,CAGCCN,0.45849379897117615,False,False,True,0.0016447007656097412,
9,16,17,mlp,degradation,1.02734375,1.2508463859558105,757,AGCCTC,2.400390625,3478,GGTCTG,3.259765625,3478,GGTCTG,3.259765625,757,AGCCTC,0.03718544915318489,3478,GGTCTG,0.0008732874994166195,1465,CAGCCN,0.4473375678062439,False,False,True,-0.010611951351165771,
9,17,17,mlp,degradation,1.05078125,1.730241298675537,757,AGCCTC,2.306640625,3478,GGTCTG,3.1875,3478,GGTCTG,3.1875,757,AGCCTC,0.03570013865828514,3478,GGTCTG,0.000804800249170512,1465,CAGCCN,0.47576388716697693,False,False,True,-0.005290418863296509,
9,18,17,mlp,degradation,1.046875,1.5739778280258179,757,AGCCTC,2.314453125,3478,GGTCTG,3.19140625,3478,GGTCTG,3.19140625,757,AGCCTC,0.036260489374399185,3478,GGTCTG,0.0009033242240548134,1465,CAGCCN,0.4653649926185608,False,False,True,-0.004837930202484131,
9,19,17,mlp,degradation,1.1474609375,1.8591724634170532,757,AGCCTC,2.25,3478,GGTCTG,3.220703125,3478,GGTCTG,3.220703125,757,AGCCTC,0.035415008664131165,3478,GGTCTG,0.0009007202461361885,1465,CAGCCN,0.4872208535671234,False,False,True,0.0003611743450164795,
9,20,17,mlp,degradation,1.1240234375,1.689603328704834,757,AGCCTC,2.263671875,3478,GGTCTG,3.212890625,3478,GGTCTG,3.212890625,757,AGCCTC,0.03594765439629555,3478,GGTCTG,0.0009322137339040637,1465,CAGCCN,0.48826518654823303,False,False,True,-0.009938538074493408,
9,21,17,mlp,degradation,1.10546875,1.7326185703277588,757,AGCCTC,2.26953125,3478,GGTCTG,3.201171875,3478,GGTCTG,3.201171875,757,AGCCTC,0.035768914967775345,3478,GGTCTG,0.0008806028054095805,1465,CAGCCN,0.4921497702598572,False,False,True,-0.004509329795837402,
9,22,17,mlp,degradation,1.0400390625,1.258948802947998,757,AGCCTC,2.30859375,3478,GGTCTG,3.1796875,3478,GGTCTG,3.1796875,757,AGCCTC,0.03711772710084915,3478,GGTCTG,0.0008295109728351235,1465,CAGCCN,0.4869198203086853,False,False,True,-0.00043958425521850586,
9,23,17,mlp,degradation,1.0126953125,0.9720487594604492,757,AGCCTC,2.328125,3478,GGTCTG,3.173828125,3478,GGTCTG,3.173828125,757,AGCCTC,0.03794717788696289,3478,GGTCTG,0.0008110424387268722,1465,CAGCCN,0.48652157187461853,False,False,True,-0.0006513297557830811,
9,24,17,mlp,degradation,1.021484375,1.0250357389450073,757,AGCCTC,2.3203125,3478,GGTCTG,3.173828125,3478,GGTCTG,3.173828125,757,AGCCTC,0.03776277229189873,3478,GGTCTG,0.0007832370465621352,1465,CAGCCN,0.4922846853733063,False,False,True,0.0031137168407440186,
9,25,17,mlp,degradation,1.021484375,1.0855982303619385,757,AGCCTC,2.326171875,3478,GGTCTG,3.1796875,3478,GGTCTG,3.1796875,757,AGCCTC,0.03759177774190903,3478,GGTCTG,0.0007912319269962609,1465,CAGCCN,0.48236966133117676,False,False,True,0.00537678599357605,
9,26,17,mlp,degradation,1.05078125,1.3616492748260498,757,AGCCTC,2.298828125,3478,GGTCTG,3.1796875,3478,GGTCTG,3.1796875,757,AGCCTC,0.03672788664698601,3478,GGTCTG,0.0007431961712427437,1465,CAGCCN,0.4892961084842682,False,False,True,0.005013376474380493,
9,27,17,mlp,degradation,1.05078125,1.5774856805801392,757,AGCCTC,2.283203125,3478,GGTCTG,3.1640625,3478,GGTCTG,3.1640625,757,AGCCTC,0.03612121194601059,3478,GGTCTG,0.0007744117174297571,1465,CAGCCN,0.47804492712020874,False,False,True,0.004230320453643799,
9,28,17,mlp,degradation,1.0634765625,1.5121068954467773,757,AGCCTC,2.283203125,3478,GGTCTG,3.17578125,3478,GGTCTG,3.17578125,757,AGCCTC,0.03638041391968727,3478,GGTCTG,0.0008403919637203217,1465,CAGCCN,0.4730280637741089,False,False,True,0.00448840856552124,
9,29,17,mlp,degradation,1.0654296875,1.5010348558425903,757,AGCCTC,2.3046875,3478,GGTCTG,3.19921875,3478,GGTCTG,3.19921875,757,AGCCTC,0.03641276806592941,3478,GGTCTG,0.0008400234510190785,1465,CAGCCN,0.4613817632198334,False,False,True,-0.000599294900894165,
9,30,17,mlp,degradation,1.05859375,1.2463566064834595,757,AGCCTC,2.33203125,3478,GGTCTG,3.220703125,3478,GGTCTG,3.220703125,757,AGCCTC,0.03716643899679184,3478,GGTCTG,0.0008410059381276369,1465,CAGCCN,0.4616395831108093,False,False,True,-0.002477705478668213,
9,31,17,mlp,degradation,1.0693359375,1.4406073093414307,757,AGCCTC,2.3125,3478,GGTCTG,3.2109375,3478,GGTCTG,3.2109375,757,AGCCTC,0.0365084633231163,3478,GGTCTG,0.0007571293972432613,1465,CAGCCN,0.4693273603916168,False,False,True,-0.001465141773223877,
9,32,17,mlp,degradation,1.0439453125,1.3133740425109863,757,AGCCTC,2.3125,3478,GGTCTG,3.1875,3478,GGTCTG,3.1875,757,AGCCTC,0.036837972700595856,3478,GGTCTG,0.0007106052944436669,1465,CAGCCN,0.4897677004337311,False,False,True,0.0027829110622406006,
9,33,17,mlp,degradation,1.07421875,1.517706036567688,757,AGCCTC,2.283203125,3478,GGTCTG,3.185546875,3478,GGTCTG,3.185546875,757,AGCCTC,0.03622937947511673,3478,GGTCTG,0.0007059070630930364,1465,CAGCCN,0.4901209771633148,False,False,True,0.006530672311782837,
9,34,17,mlp,degradation,1.0166015625,1.4157127141952515,757,AGCCTC,2.306640625,3478,GGTCTG,3.15625,3478,GGTCTG,3.15625,757,AGCCTC,0.0365661084651947,3478,GGTCTG,0.0007411994156427681,1465,CAGCCN,0.4829002022743225,False,False,True,-0.0007537007331848145,
10,0,17,mlp,degradation,0.9873046875,0.6850806474685669,757,AGCCTC,2.326171875,3478,GGTCTG,3.1484375,3478,GGTCTG,3.1484375,757,AGCCTC,0.03871186077594757,3478,GGTCTG,0.0007276085088960826,1465,CAGCCN,0.48832517862319946,False,False,True,-0.0006237030029296875,
10,1,17,mlp,degradation,0.9580078125,0.7218754291534424,757,AGCCTC,2.33203125,3478,GGTCTG,3.126953125,3478,GGTCTG,3.126953125,757,AGCCTC,0.03857653960585594,3478,GGTCTG,0.00070103321922943,1465,CAGCCN,0.4848320186138153,False,False,True,-0.0006371438503265381,
10,2,17,mlp,degradation,0.9453125,0.7517262101173401,757,AGCCTC,2.361328125,3478,GGTCTG,3.14453125,3478,GGTCTG,3.14453125,757,AGCCTC,0.038544218987226486,3478,GGTCTG,0.0007569343433715403,1465,CAGCCN,0.47986453771591187,False,False,True,0.00011554360389709473,
10,3,17,mlp,degradation,0.9365234375,0.877178430557251,757,AGCCTC,2.359375,3478,GGTCTG,3.134765625,3478,GGTCTG,3.134765625,757,AGCCTC,0.03816898167133331,3478,GGTCTG,0.000752464693505317,1465,CAGCCN,0.48054495453834534,False,False,True,-0.00015291571617126465,
10,4,17,mlp,degradation,0.95166015625,0.9234861135482788,757,AGCCTC,2.357421875,3478,GGTCTG,3.146484375,3478,GGTCTG,3.146484375,757,AGCCTC,0.03806626796722412,3478,GGTCTG,0.0007866096566431224,1465,CAGCCN,0.4793541729450226,False,False,True,9.98377799987793e-06,
10,5,17,mlp,degradation,0.93896484375,0.9830300807952881,757,AGCCTC,2.357421875,3478,GGTCTG,3.134765625,3478,GGTCTG,3.134765625,757,AGCCTC,0.03792308643460274,3478,GGTCTG,0.0008194062393158674,1465,CAGCCN,0.47495684027671814,False,False,True,-0.000248640775680542,
10,6,17,mlp,degradation,0.919921875,0.6747409105300903,757,AGCCTC,2.357421875,3478,GGTCTG,3.1171875,3478,GGTCTG,3.1171875,757,AGCCTC,0.03888388350605965,3478,GGTCTG,0.00086907361401245,1465,CAGCCN,0.46382492780685425,False,False,True,-0.001214355230331421,
10,7,17,mlp,degradation,0.9345703125,0.40501242876052856,757,AGCCTC,2.3515625,3478,GGTCTG,3.125,3478,GGTCTG,3.125,757,AGCCTC,0.03967621177434921,3478,GGTCTG,0.0008642334723845124,1465,CAGCCN,0.46968626976013184,False,False,True,0.0004980862140655518,
10,8,17,mlp,degradation,0.9580078125,0.15568743646144867,757,AGCCTC,2.359375,3478,GGTCTG,3.154296875,3478,GGTCTG,3.154296875,757,AGCCTC,0.04034106433391571,3478,GGTCTG,0.0007922204677015543,1465,CAGCCN,0.47729453444480896,False,False,True,0.004013478755950928,
10,9,17,mlp,degradation,0.9873046875,0.2608092725276947,757,AGCCTC,2.341796875,3478,GGTCTG,3.1640625,3478,GGTCTG,3.1640625,757,AGCCTC,0.03997739031910896,3478,GGTCTG,0.0007392262923531234,1465,CAGCCN,0.49335187673568726,False,False,True,0.008279591798782349,
10,10,17,mlp,degradation,1.029296875,0.060691047459840775,757,AGCCTC,2.3203125,3478,GGTCTG,3.181640625,3478,GGTCTG,3.181640625,757,AGCCTC,0.040577325969934464,3478,GGTCTG,0.0007477252511307597,1465,CAGCCN,0.49377503991127014,False,False,True,0.014865666627883911,
10,11,17,mlp,degradation,1.0341796875,0.44342318177223206,757,AGCCTC,2.302734375,3478,GGTCTG,3.16796875,3478,GGTCTG,3.16796875,757,AGCCTC,0.03950028121471405,3478,GGTCTG,0.0008018238586373627,1465,CAGCCN,0.48792535066604614,False,False,True,0.009252607822418213,
10,12,17,mlp,degradation,1.0712890625,0.43243932723999023,757,AGCCTC,2.318359375,3478,GGTCTG,3.21875,3478,GGTCTG,3.21875,757,AGCCTC,0.03967072442173958,3478,GGTCTG,0.0009398053516633809,1465,CAGCCN,0.4647170305252075,False,False,True,0.000766068696975708,
10,13,17,mlp,degradation,1.07421875,1.1651562452316284,757,AGCCTC,2.3125,3478,GGTCTG,3.21484375,3478,GGTCTG,3.21484375,757,AGCCTC,0.03755713626742363,3478,GGTCTG,0.0009917218703776598,1465,CAGCCN,0.4678896367549896,False,False,True,-0.004044532775878906,
10,14,17,mlp,degradation,1.0693359375,0.15490971505641937,757,AGCCTC,2.390625,3478,GGTCTG,3.2890625,3478,GGTCTG,3.2890625,757,AGCCTC,0.040875647217035294,3478,GGTCTG,0.001324503100477159,1465,CAGCCN,0.4519675374031067,False,False,True,0.012182921171188354,
10,15,17,mlp,degradation,1.0380859375,0.3448810577392578,757,AGCCTC,2.423828125,3478,GGTCTG,3.29296875,3478,GGTCTG,3.29296875,757,AGCCTC,0.04014737904071808,3478,GGTCTG,0.0011576857650652528,1465,CAGCCN,0.4658937454223633,False,False,True,-0.003036320209503174,
10,16,17,mlp,degradation,0.91552734375,-0.5090553164482117,757,AGCCTC,2.490234375,3478,GGTCTG,3.24609375,3478,GGTCTG,3.24609375,757,AGCCTC,0.04259318858385086,3478,GGTCTG,0.0010797349968925118,1465,CAGCCN,0.4660901725292206,False,False,True,-0.009567290544509888,
10,17,17,mlp,degradation,0.892578125,0.22226746380329132,757,AGCCTC,2.439453125,3478,GGTCTG,3.173828125,3478,GGTCTG,3.173828125,757,AGCCTC,0.04014306515455246,3478,GGTCTG,0.000790995080024004,1465,CAGCCN,0.47767743468284607,False,False,True,-0.02553388476371765,
10,18,17,mlp,degradation,0.95166015625,0.5182833075523376,757,AGCCTC,2.390625,3478,GGTCTG,3.1796875,3478,GGTCTG,3.1796875,757,AGCCTC,0.039334967732429504,3478,GGTCTG,0.0008577554835937917,1465,CAGCCN,0.4846320152282715,False,False,True,-0.009624660015106201,
10,19,17,mlp,degradation,1.0927734375,1.6859983205795288,757,AGCCTC,2.294921875,3478,GGTCTG,3.21484375,3478,GGTCTG,3.21484375,757,AGCCTC,0.03587144613265991,3478,GGTCTG,0.0008453520713374019,1465,CAGCCN,0.48982420563697815,False,False,True,-0.011161714792251587,
10,20,17,mlp,degradation,1.0908203125,1.5472391843795776,757,AGCCTC,2.283203125,3478,GGTCTG,3.201171875,3478,GGTCTG,3.201171875,757,AGCCTC,0.03635731339454651,3478,GGTCTG,0.0009211230790242553,1465,CAGCCN,0.4828612804412842,False,False,True,-0.025409311056137085,
10,21,17,mlp,degradation,1.07421875,1.5252677202224731,757,AGCCTC,2.28515625,3478,GGTCTG,3.1875,3478,GGTCTG,3.1875,757,AGCCTC,0.0363779254257679,3478,GGTCTG,0.0008768009720370173,1465,CAGCCN,0.4792362451553345,False,False,True,-0.023045480251312256,
10,22,17,mlp,degradation,1.0380859375,1.409146785736084,757,AGCCTC,2.296875,3478,GGTCTG,3.166015625,3478,GGTCTG,3.166015625,757,AGCCTC,0.036701638251543045,3478,GGTCTG,0.0008573216618970037,1465,CAGCCN,0.4762518107891083,False,False,True,-0.015194743871688843,
10,23,17,mlp,degradation,1.0546875,1.5877611637115479,757,AGCCTC,2.287109375,3478,GGTCTG,3.171875,3478,GGTCTG,3.171875,757,AGCCTC,0.03609062358736992,3478,GGTCTG,0.0007741929730400443,1465,CAGCCN,0.48945969343185425,False,False,True,0.0005426704883575439,
10,24,17,mlp,degradation,1.056640625,1.604399561882019,757,AGCCTC,2.29296875,3478,GGTCTG,3.1796875,3478,GGTCTG,3.1796875,757,AGCCTC,0.036030739545822144,3478,GGTCTG,0.0007634842768311501,1465,CAGCCN,0.4921495318412781,False,False,True,-0.002189457416534424,
10,25,17,mlp,degradation,1.0087890625,1.1384906768798828,757,AGCCTC,2.333984375,3478,GGTCTG,3.17578125,3478,GGTCTG,3.17578125,757,AGCCTC,0.037406791001558304,3478,GGTCTG,0.0007625677390024066,1465,CAGCCN,0.4876440465450287,False,False,True,-0.002248138189315796,
10,26,17,mlp,degradation,0.9892578125,1.009365439414978,757,AGCCTC,2.3515625,3478,GGTCTG,3.17578125,3478,GGTCTG,3.17578125,757,AGCCTC,0.03780050575733185,3478,GGTCTG,0.0007746610790491104,1465,CAGCCN,0.48561084270477295,False,False,True,-0.0027565062046051025,
10,27,17,mlp,degradation,0.94091796875,0.7994985580444336,757,AGCCTC,2.375,3478,GGTCTG,3.154296875,3478,GGTCTG,3.154296875,757,AGCCTC,0.03841952234506607,3478,GGTCTG,0.0007734271348454058,1465,CAGCCN,0.4779035747051239,False,False,True,-0.007350027561187744,
10,28,17,mlp,degradation,0.94091796875,0.7493149042129517,757,AGCCTC,2.365234375,3478,GGTCTG,3.14453125,3478,GGTCTG,3.14453125,757,AGCCTC,0.038544733077287674,3478,GGTCTG,0.0007503208471462131,1465,CAGCCN,0.48104390501976013,False,False,True,-0.00400465726852417,
10,29,17,mlp,degradation,0.9580078125,1.049660563468933,757,AGCCTC,2.330078125,3478,GGTCTG,3.125,3478,GGTCTG,3.125,757,AGCCTC,0.03757394477725029,3478,GGTCTG,0.0006671900628134608,1465,CAGCCN,0.4830613136291504,False,False,True,0.0002950429916381836,
10,30,17,mlp,degradation,0.9853515625,1.1358234882354736,757,AGCCTC,2.31640625,3478,GGTCTG,3.13671875,3478,GGTCTG,3.13671875,757,AGCCTC,0.037332627922296524,3478,GGTCTG,0.0006805227603763342,1465,CAGCCN,0.4866549074649811,False,False,True,0.003589540719985962,
10,31,17,mlp,degradation,1.021484375,1.4720147848129272,757,AGCCTC,2.29296875,3478,GGTCTG,3.146484375,3478,GGTCTG,3.146484375,757,AGCCTC,0.036353856325149536,3478,GGTCTG,0.0006953425472602248,1465,CAGCCN,0.4871295094490051,False,False,True,0.0004214644432067871,
10,32,17,mlp,degradation,0.99169921875,1.01388418674469,757,AGCCTC,2.330078125,3478,GGTCTG,3.15625,3478,GGTCTG,3.15625,757,AGCCTC,0.03777672350406647,3478,GGTCTG,0.0007642327109351754,1465,CAGCCN,0.4857053756713867,False,False,True,-0.001745760440826416,
10,33,17,mlp,degradation,1.005859375,1.120497226715088,757,AGCCTC,2.3203125,3478,GGTCTG,3.16015625,3478,GGTCTG,3.16015625,757,AGCCTC,0.03746148198843002,3478,GGTCTG,0.000764078984502703,1465,CAGCCN,0.48652732372283936,False,False,True,0.0007651746273040771,
10,34,17,mlp,degradation,1.001953125,1.1366528272628784,757,AGCCTC,2.3203125,3478,GGTCTG,3.15625,3478,GGTCTG,3.15625,757,AGCCTC,0.03744770586490631,3478,GGTCTG,0.0007980503723956645,1465,CAGCCN,0.4760254919528961,False,False,True,0.001895308494567871,
11,0,17,mlp,degradation,0.99169921875,0.8524426817893982,757,AGCCTC,2.34765625,3478,GGTCTG,3.173828125,3478,GGTCTG,3.173828125,757,AGCCTC,0.03829270973801613,3478,GGTCTG,0.0008030877797864377,1465,CAGCCN,0.48097118735313416,False,False,True,0.0007369518280029297,
11,1,17,mlp,degradation,1.0126953125,0.8546485304832458,757,AGCCTC,2.34765625,3478,GGTCTG,3.193359375,3478,GGTCTG,3.193359375,757,AGCCTC,0.038312919437885284,3478,GGTCTG,0.0008298147586174309,1465,CAGCCN,0.47634485363960266,False,False,True,0.0018746554851531982,
11,2,17,mlp,degradation,1.0166015625,1.0767155885696411,757,AGCCTC,2.322265625,3478,GGTCTG,3.171875,3478,GGTCTG,3.171875,757,AGCCTC,0.0375928170979023,3478,GGTCTG,0.000766020966693759,1465,CAGCCN,0.4792429506778717,False,False,True,7.30752944946289e-05,
11,3,17,mlp,degradation,1.001953125,0.8896660208702087,757,AGCCTC,2.32421875,3478,GGTCTG,3.16015625,3478,GGTCTG,3.16015625,757,AGCCTC,0.03812666982412338,3478,GGTCTG,0.0007470570271834731,1465,CAGCCN,0.48076725006103516,False,False,True,0.0008206367492675781,
11,4,17,mlp,degradation,0.9599609375,0.6277059316635132,757,AGCCTC,2.34765625,3478,GGTCTG,3.14453125,3478,GGTCTG,3.14453125,757,AGCCTC,0.03887061029672623,3478,GGTCTG,0.0007167895673774183,1465,CAGCCN,0.4838468134403229,False,False,True,-2.0205974578857422e-05,
11,5,17,mlp,degradation,0.98095703125,0.33686813712120056,757,AGCCTC,2.376953125,3478,GGTCTG,3.193359375,3478,GGTCTG,3.193359375,757,AGCCTC,0.03984924778342247,3478,GGTCTG,0.0008358719642274082,1465,CAGCCN,0.48007825016975403,False,False,True,0.0018658339977264404,
11,6,17,mlp,degradation,0.923828125,0.6830991506576538,757,AGCCTC,2.412109375,3478,GGTCTG,3.17578125,3478,GGTCTG,3.17578125,757,AGCCTC,0.03898690640926361,3478,GGTCTG,0.0009967980440706015,1465,CAGCCN,0.4584101140499115,False,False,True,-0.008798301219940186,
11,7,17,mlp,degradation,0.923828125,0.7875139117240906,757,AGCCTC,2.404296875,3478,GGTCTG,3.16796875,3478,GGTCTG,3.16796875,757,AGCCTC,0.03873841464519501,3478,GGTCTG,0.001056899200193584,1465,CAGCCN,0.4583118259906769,False,False,True,-0.009634643793106079,
11,8,17,mlp,degradation,0.8525390625,0.28143081068992615,757,AGCCTC,2.44921875,3478,GGTCTG,3.146484375,3478,GGTCTG,3.146484375,757,AGCCTC,0.04012785106897354,3478,GGTCTG,0.0009506346541456878,1465,CAGCCN,0.47520673274993896,False,False,True,-0.010729014873504639,
11,9,17,mlp,degradation,0.89013671875,0.023403408005833626,757,AGCCTC,2.400390625,3478,GGTCTG,3.1328125,3478,GGTCTG,3.1328125,757,AGCCTC,0.040774453431367874,3478,GGTCTG,0.0008346510003320873,1465,CAGCCN,0.4956895709037781,False,False,True,0.0012735724449157715,
11,10,17,mlp,degradation,0.94921875,0.5046524405479431,757,AGCCTC,2.369140625,3478,GGTCTG,3.15625,3478,GGTCTG,3.15625,757,AGCCTC,0.0392935648560524,3478,GGTCTG,0.0007760659791529179,1465,CAGCCN,0.5022715330123901,False,False,True,0.00491216778755188,
11,11,17,mlp,degradation,0.99560546875,1.1196362972259521,757,AGCCTC,2.314453125,3478,GGTCTG,3.14453125,3478,GGTCTG,3.14453125,757,AGCCTC,0.03749135509133339,3478,GGTCTG,0.0007914093439467251,1465,CAGCCN,0.488180011510849,False,False,True,0.005979955196380615,
11,12,17,mlp,degradation,1.0615234375,1.5954653024673462,757,AGCCTC,2.26171875,3478,GGTCTG,3.15234375,3478,GGTCTG,3.15234375,757,AGCCTC,0.036095842719078064,3478,GGTCTG,0.000802181544713676,1465,CAGCCN,0.4828168749809265,False,False,True,0.009676724672317505,
11,13,17,mlp,degradation,1.029296875,1.5439543724060059,757,AGCCTC,2.26171875,3478,GGTCTG,3.123046875,3478,GGTCTG,3.123046875,757,AGCCTC,0.03628028929233551,3478,GGTCTG,0.000834391510579735,1465,CAGCCN,0.48227962851524353,False,False,True,0.012342453002929688,
11,14,17,mlp,degradation,1.005859375,1.9187971353530884,757,AGCCTC,2.248046875,3478,GGTCTG,3.087890625,3478,GGTCTG,3.087890625,757,AGCCTC,0.03504572808742523,3478,GGTCTG,0.0007076552719809115,1465,CAGCCN,0.4965958297252655,False,False,True,0.025446385145187378,
11,15,17,mlp,degradation,0.96826171875,1.437548041343689,757,AGCCTC,2.30859375,3478,GGTCTG,3.11328125,3478,GGTCTG,3.11328125,757,AGCCTC,0.036464180797338486,3478,GGTCTG,0.0007038029143586755,1465,CAGCCN,0.49778127670288086,False,False,True,0.006828010082244873,
11,16,17,mlp,degradation,0.92626953125,1.192813754081726,757,AGCCTC,2.361328125,3478,GGTCTG,3.126953125,3478,GGTCTG,3.126953125,757,AGCCTC,0.037209417670965195,3478,GGTCTG,0.000725743651855737,1465,CAGCCN,0.47928813099861145,False,False,True,-0.004364341497421265,
11,17,17,mlp,degradation,0.99560546875,1.1129872798919678,757,AGCCTC,2.380859375,3478,GGTCTG,3.2109375,3478,GGTCTG,3.2109375,757,AGCCTC,0.03769482672214508,3478,GGTCTG,0.0009752275072969496,1465,CAGCCN,0.44990208745002747,False,False,True,-0.006444692611694336,
11,18,17,mlp,degradation,1.0654296875,1.861024022102356,757,AGCCTC,2.32421875,3478,GGTCTG,3.21875,3478,GGTCTG,3.21875,757,AGCCTC,0.03554430231451988,3478,GGTCTG,0.0010354849509894848,1465,CAGCCN,0.4605586528778076,False,False,True,0.010463625192642212,
11,19,17,mlp,degradation,1.134765625,2.2560787200927734,757,AGCCTC,2.25390625,3478,GGTCTG,3.212890625,3478,GGTCTG,3.212890625,757,AGCCTC,0.034318942576646805,3478,GGTCTG,0.0009776868391782045,1465,CAGCCN,0.489640474319458,False,False,True,0.012114256620407104,
11,20,17,mlp,degradation,1.0908203125,1.7651327848434448,757,AGCCTC,2.25390625,3478,GGTCTG,3.171875,3478,GGTCTG,3.171875,757,AGCCTC,0.03576607629656792,3478,GGTCTG,0.0009738572407513857,1465,CAGCCN,0.49433839321136475,False,False,True,-0.008598029613494873,
11,21,17,mlp,degradation,1.03125,1.2576240301132202,757,AGCCTC,2.3125,3478,GGTCTG,3.17578125,3478,GGTCTG,3.17578125,757,AGCCTC,0.037175312638282776,3478,GGTCTG,0.0008831789600662887,1465,CAGCCN,0.4925812780857086,False,False,True,-0.01299971342086792,
11,22,17,mlp,degradation,0.9873046875,0.8470830917358398,757,AGCCTC,2.33203125,3478,GGTCTG,3.154296875,3478,GGTCTG,3.154296875,757,AGCCTC,0.03835498169064522,3478,GGTCTG,0.0008495178772136569,1465,CAGCCN,0.4851837158203125,False,False,True,-0.009178191423416138,
11,23,17,mlp,degradation,0.9326171875,0.47626885771751404,757,AGCCTC,2.380859375,3478,GGTCTG,3.15234375,3478,GGTCTG,3.15234375,757,AGCCTC,0.03945552930235863,3478,GGTCTG,0.0008541449205949903,1465,CAGCCN,0.4662478268146515,False,False,True,-0.0023173391819000244,
11,24,17,mlp,degradation,0.94091796875,0.5183526277542114,757,AGCCTC,2.375,3478,GGTCTG,3.154296875,3478,GGTCTG,3.154296875,757,AGCCTC,0.03932687267661095,3478,GGTCTG,0.0008498671813867986,1465,CAGCCN,0.46704497933387756,False,False,True,-0.004121303558349609,
11,25,17,mlp,degradation,0.93017578125,0.5893985629081726,757,AGCCTC,2.37890625,3478,GGTCTG,3.1484375,3478,GGTCTG,3.1484375,757,AGCCTC,0.039093371480703354,3478,GGTCTG,0.0008263348136097193,1465,CAGCCN,0.4644136428833008,False,False,True,-0.006223231554031372,
11,26,17,mlp,degradation,1.0166015625,1.2896755933761597,757,AGCCTC,2.322265625,3478,GGTCTG,3.171875,3478,GGTCTG,3.171875,757,AGCCTC,0.03695198893547058,3478,GGTCTG,0.0007545847329311073,1465,CAGCCN,0.4877356290817261,False,False,True,-0.0024244189262390137,
11,27,17,mlp,degradation,1.005859375,0.90622878074646,757,AGCCTC,2.3515625,3478,GGTCTG,3.19140625,3478,GGTCTG,3.19140625,757,AGCCTC,0.038065094500780106,3478,GGTCTG,0.0007344330660998821,1465,CAGCCN,0.49016785621643066,False,False,True,-0.00335085391998291,
11,28,17,mlp,degradation,1.0947265625,1.5259987115859985,757,AGCCTC,2.27734375,3478,GGTCTG,3.19921875,3478,GGTCTG,3.19921875,757,AGCCTC,0.036218512803316116,3478,GGTCTG,0.000719547679182142,1465,CAGCCN,0.4981001317501068,False,False,True,0.0034082531929016113,
11,29,17,mlp,degradation,1.1728515625,2.3828279972076416,757,AGCCTC,2.228515625,3478,GGTCTG,3.22265625,3478,GGTCTG,3.22265625,757,AGCCTC,0.03370320796966553,3478,GGTCTG,0.0007365536876022816,1465,CAGCCN,0.49135822057724,False,False,True,0.004147082567214966,
11,30,17,mlp,degradation,1.15625,2.503092050552368,757,AGCCTC,2.220703125,3478,GGTCTG,3.19921875,3478,GGTCTG,3.19921875,757,AGCCTC,0.03338225185871124,3478,GGTCTG,0.000771028979215771,1465,CAGCCN,0.48541077971458435,False,False,True,0.0010445713996887207,
11,31,17,mlp,degradation,1.1181640625,2.151289701461792,757,AGCCTC,2.259765625,3478,GGTCTG,3.203125,3478,GGTCTG,3.203125,757,AGCCTC,0.03447769209742546,3478,GGTCTG,0.0008267386583611369,1465,CAGCCN,0.4797191619873047,False,False,True,-0.01017528772354126,
11,32,17,mlp,degradation,1.03125,1.025381088256836,757,AGCCTC,2.31640625,3478,GGTCTG,3.1796875,3478,GGTCTG,3.1796875,757,AGCCTC,0.03776799142360687,3478,GGTCTG,0.0007894769660197198,1465,CAGCCN,0.4942571222782135,False,False,True,-0.005807459354400635,
11,33,17,mlp,degradation,1.0234375,1.0529415607452393,757,AGCCTC,2.3125,3478,GGTCTG,3.16796875,3478,GGTCTG,3.16796875,757,AGCCTC,0.037667788565158844,3478,GGTCTG,0.0007707290351390839,1465,CAGCCN,0.49652406573295593,False,False,True,-0.003781944513320923,
11,34,17,mlp,degradation,0.94921875,0.43273553252220154,757,AGCCTC,2.373046875,3478,GGTCTG,3.16015625,3478,GGTCTG,3.16015625,757,AGCCTC,0.039492566138505936,3478,GGTCTG,0.0007625211728736758,1465,CAGCCN,0.49080169200897217,False,False,True,-0.00444754958152771,
12,0,17,mlp,degradation,0.98095703125,0.5896745920181274,757,AGCCTC,2.365234375,3478,GGTCTG,3.181640625,3478,GGTCTG,3.181640625,757,AGCCTC,0.03909866511821747,3478,GGTCTG,0.0008324457448907197,1465,CAGCCN,0.48089075088500977,False,False,True,-0.0010301768779754639,
12,1,17,mlp,degradation,0.97265625,0.6485316753387451,757,AGCCTC,2.3828125,3478,GGTCTG,3.19140625,3478,GGTCTG,3.19140625,757,AGCCTC,0.038932982832193375,3478,GGTCTG,0.0008407136192545295,1465,CAGCCN,0.4821375608444214,False,False,True,-0.0007767975330352783,
12,2,17,mlp,degradation,0.96630859375,0.858450174331665,757,AGCCTC,2.37890625,3478,GGTCTG,3.181640625,3478,GGTCTG,3.181640625,757,AGCCTC,0.03827030956745148,3478,GGTCTG,0.0007984405383467674,1465,CAGCCN,0.4773349463939667,False,False,True,0.0015697479248046875,
12,3,17,mlp,degradation,0.95556640625,0.8697957992553711,757,AGCCTC,2.38671875,3478,GGTCTG,3.1796875,3478,GGTCTG,3.1796875,757,AGCCTC,0.038216251879930496,3478,GGTCTG,0.0007779168081469834,1465,CAGCCN,0.47634080052375793,False,False,True,0.0006435215473175049,
12,4,17,mlp,degradation,0.9052734375,0.4889795780181885,757,AGCCTC,2.4140625,3478,GGTCTG,3.16015625,3478,GGTCTG,3.16015625,757,AGCCTC,0.03930068016052246,3478,GGTCTG,0.0007368631195276976,1465,CAGCCN,0.47414180636405945,False,False,True,-0.00033602118492126465,
12,5,17,mlp,degradation,0.919921875,0.3825821280479431,757,AGCCTC,2.404296875,3478,GGTCTG,3.1640625,3478,GGTCTG,3.1640625,757,AGCCTC,0.039657287299633026,3478,GGTCTG,0.0007790183881297708,1465,CAGCCN,0.47086837887763977,False,False,True,-0.0016894340515136719,
12,6,17,mlp,degradation,0.89013671875,0.3784111738204956,757,AGCCTC,2.390625,3478,GGTCTG,3.123046875,3478,GGTCTG,3.123046875,757,AGCCTC,0.03976363316178322,3478,GGTCTG,0.0008730373810976744,1465,CAGCCN,0.4760228395462036,False,False,True,-0.0036674141883850098,
12,7,17,mlp,degradation,0.86474609375,0.41210517287254333,757,AGCCTC,2.38671875,3478,GGTCTG,3.095703125,3478,GGTCTG,3.095703125,757,AGCCTC,0.03977170214056969,3478,GGTCTG,0.000980687327682972,1465,CAGCCN,0.47411856055259705,False,False,True,-0.003778994083404541,
12,8,17,mlp,degradation,0.84814453125,0.13847552239894867,757,AGCCTC,2.4296875,3478,GGTCTG,3.123046875,3478,GGTCTG,3.123046875,757,AGCCTC,0.04065921902656555,3478,GGTCTG,0.00105950771830976,1465,CAGCCN,0.4586304724216461,False,False,True,-0.005856066942214966,
12,9,17,mlp,degradation,0.82275390625,-0.19284775853157043,757,AGCCTC,2.43359375,3478,GGTCTG,3.103515625,3478,GGTCTG,3.103515625,757,AGCCTC,0.04156876727938652,3478,GGTCTG,0.0009898467687889934,1465,CAGCCN,0.43877753615379333,False,False,True,-0.003907561302185059,
12,10,17,mlp,degradation,0.96435546875,-0.047040004283189774,757,AGCCTC,2.37109375,3478,GGTCTG,3.171875,3478,GGTCTG,3.171875,757,AGCCTC,0.041126348078250885,3478,GGTCTG,0.0009783559944480658,1465,CAGCCN,0.4427371323108673,False,False,True,0.0007113814353942871,
12,11,17,mlp,degradation,0.99560546875,0.672843873500824,757,AGCCTC,2.32421875,3478,GGTCTG,3.154296875,3478,GGTCTG,3.154296875,757,AGCCTC,0.03890399634838104,3478,GGTCTG,0.0008835798944346607,1465,CAGCCN,0.4631805717945099,False,False,True,0.00114363431930542,
12,12,17,mlp,degradation,1.0400390625,0.7329778075218201,757,AGCCTC,2.3125,3478,GGTCTG,3.18359375,3478,GGTCTG,3.18359375,757,AGCCTC,0.0386197604238987,3478,GGTCTG,0.0007770666270516813,1465,CAGCCN,0.4996606707572937,False,False,True,-0.0025295019149780273,
12,13,17,mlp,degradation,0.91748046875,0.7846286296844482,757,AGCCTC,2.35546875,3478,GGTCTG,3.11328125,3478,GGTCTG,3.11328125,757,AGCCTC,0.038357142359018326,3478,GGTCTG,0.0006670985021628439,1465,CAGCCN,0.5058115720748901,False,False,True,-0.0073881447315216064,
12,14,17,mlp,degradation,0.93896484375,1.4882384538650513,757,AGCCTC,2.3515625,3478,GGTCTG,3.12890625,3478,GGTCTG,3.12890625,757,AGCCTC,0.036204103380441666,3478,GGTCTG,0.0005935399094596505,1465,CAGCCN,0.509289562702179,False,False,True,-0.010777473449707031,
12,15,17,mlp,degradation,0.9599609375,1.6307374238967896,757,AGCCTC,2.35546875,3478,GGTCTG,3.15234375,3478,GGTCTG,3.15234375,757,AGCCTC,0.03581783175468445,3478,GGTCTG,0.0006284159026108682,1465,CAGCCN,0.49907344579696655,False,False,True,-0.007178634405136108,
12,16,17,mlp,degradation,0.92822265625,1.5863255262374878,757,AGCCTC,2.396484375,3478,GGTCTG,3.1640625,3478,GGTCTG,3.1640625,757,AGCCTC,0.035922542214393616,3478,GGTCTG,0.0006018694257363677,1465,CAGCCN,0.4936078190803528,False,False,True,0.0003654658794403076,
12,17,17,mlp,degradation,0.9072265625,0.8346623182296753,757,AGCCTC,2.400390625,3478,GGTCTG,3.1484375,3478,GGTCTG,3.1484375,757,AGCCTC,0.038262173533439636,3478,GGTCTG,0.0007200019317679107,1465,CAGCCN,0.4825053811073303,False,False,True,0.007994920015335083,
12,18,17,mlp,degradation,0.92626953125,1.074476957321167,757,AGCCTC,2.3984375,3478,GGTCTG,3.1640625,3478,GGTCTG,3.1640625,757,AGCCTC,0.03759239614009857,3478,GGTCTG,0.0007589850574731827,1465,CAGCCN,0.47685229778289795,False,False,True,0.004964679479598999,
12,19,17,mlp,degradation,0.9326171875,0.6771673560142517,757,AGCCTC,2.384765625,3478,GGTCTG,3.15625,3478,GGTCTG,3.15625,757,AGCCTC,0.03881819173693657,3478,GGTCTG,0.0008105509332381189,1465,CAGCCN,0.4770769476890564,False,False,True,-0.009931832551956177,
12,20,17,mlp,degradation,0.92822265625,0.5134606957435608,757,AGCCTC,2.38671875,3478,GGTCTG,3.154296875,3478,GGTCTG,3.154296875,757,AGCCTC,0.03934226185083389,3478,GGTCTG,0.0008507967577315867,1465,CAGCCN,0.47137391567230225,False,False,True,-0.026689589023590088,
12,21,17,mlp,degradation,0.9453125,0.5187056064605713,757,AGCCTC,2.37109375,3478,GGTCTG,3.154296875,3478,GGTCTG,3.154296875,757,AGCCTC,0.039313141256570816,3478,GGTCTG,0.0008371781441383064,1465,CAGCCN,0.4734172523021698,False,False,True,-0.02017998695373535,
12,22,17,mlp,degradation,0.97265625,0.9020956754684448,757,AGCCTC,2.34765625,3478,GGTCTG,3.15625,3478,GGTCTG,3.15625,757,AGCCTC,0.03813932463526726,3478,GGTCTG,0.0007964487303979695,1465,CAGCCN,0.4778764545917511,False,False,True,-0.017693310976028442,
12,23,17,mlp,degradation,0.96826171875,1.0074557065963745,757,AGCCTC,2.3515625,3478,GGTCTG,3.15625,3478,GGTCTG,3.15625,757,AGCCTC,0.03778500482439995,3478,GGTCTG,0.0007535145850852132,1465,CAGCCN,0.48267892003059387,False,False,True,-0.004160702228546143,
12,24,17,mlp,degradation,0.96826171875,0.9764251708984375,757,AGCCTC,2.35546875,3478,GGTCTG,3.16015625,3478,GGTCTG,3.16015625,757,AGCCTC,0.03786453232169151,3478,GGTCTG,0.0007413322455249727,1465,CAGCCN,0.4878605008125305,False,False,True,-0.005530208349227905,
12,25,17,mlp,degradation,0.98095703125,0.8934487700462341,757,AGCCTC,2.365234375,3478,GGTCTG,3.181640625,3478,GGTCTG,3.181640625,757,AGCCTC,0.03814786300063133,3478,GGTCTG,0.0007794330595061183,1465,CAGCCN,0.4842750132083893,False,False,True,-0.0063048601150512695,
12,26,17,mlp,degradation,0.98095703125,0.8147479295730591,757,AGCCTC,2.359375,3478,GGTCTG,3.17578125,3478,GGTCTG,3.17578125,757,AGCCTC,0.0383901409804821,3478,GGTCTG,0.0007891129935160279,1465,CAGCCN,0.4829607605934143,False,False,True,-0.007621556520462036,
12,27,17,mlp,degradation,0.9892578125,0.8854434490203857,757,AGCCTC,2.357421875,3478,GGTCTG,3.181640625,3478,GGTCTG,3.181640625,757,AGCCTC,0.03821844607591629,3478,GGTCTG,0.000826355186291039,1465,CAGCCN,0.47924062609672546,False,False,True,-0.00829380750656128,
12,28,17,mlp,degradation,1.0673828125,1.714762568473816,757,AGCCTC,2.306640625,3478,GGTCTG,3.203125,3478,GGTCTG,3.203125,757,AGCCTC,0.035827044397592545,3478,GGTCTG,0.0008859590161591768,1465,CAGCCN,0.4637691378593445,False,False,True,-0.011875748634338379,
12,29,17,mlp,degradation,1.0908203125,1.7594404220581055,757,AGCCTC,2.2890625,3478,GGTCTG,3.20703125,3478,GGTCTG,3.20703125,757,AGCCTC,0.03574952483177185,3478,GGTCTG,0.0009404831216670573,1465,CAGCCN,0.4666942059993744,False,False,True,-0.009507298469543457,
12,30,17,mlp,degradation,1.0908203125,1.740966796875,757,AGCCTC,2.28515625,3478,GGTCTG,3.203125,3478,GGTCTG,3.203125,757,AGCCTC,0.035787519067525864,3478,GGTCTG,0.0009238788625225425,1465,CAGCCN,0.4646805226802826,False,False,True,-0.010017424821853638,
12,31,17,mlp,degradation,1.0,0.868071436882019,757,AGCCTC,2.330078125,3478,GGTCTG,3.1640625,3478,GGTCTG,3.1640625,757,AGCCTC,0.038307107985019684,3478,GGTCTG,0.000863674737047404,1465,CAGCCN,0.48014721274375916,False,False,True,-0.009672164916992188,
12,32,17,mlp,degradation,0.97900390625,0.765445351600647,757,AGCCTC,2.349609375,3478,GGTCTG,3.1640625,3478,GGTCTG,3.1640625,757,AGCCTC,0.03860725089907646,3478,GGTCTG,0.0008605108596384525,1465,CAGCCN,0.4724327325820923,False,False,True,-0.013517707586288452,
12,33,17,mlp,degradation,0.9765625,0.8653097152709961,757,AGCCTC,2.34765625,3478,GGTCTG,3.16015625,3478,GGTCTG,3.16015625,757,AGCCTC,0.03828146308660507,3478,GGTCTG,0.0008298675529658794,1465,CAGCCN,0.4784659147262573,False,False,True,-0.0116119384765625,
12,34,17,mlp,degradation,0.96630859375,0.8465827107429504,757,AGCCTC,2.345703125,3478,GGTCTG,3.1484375,3478,GGTCTG,3.1484375,757,AGCCTC,0.03828560560941696,3478,GGTCTG,0.0007786628557369113,1465,CAGCCN,0.4832652509212494,False,False,True,-0.0064015984535217285,
13,0,17,mlp,degradation,1.025390625,0.9955466985702515,757,AGCCTC,2.326171875,3478,GGTCTG,3.18359375,3478,GGTCTG,3.18359375,757,AGCCTC,0.03786318004131317,3478,GGTCTG,0.0007964945398271084,1465,CAGCCN,0.48859554529190063,False,False,True,-0.002277582883834839,
13,1,17,mlp,degradation,1.0341796875,1.1406712532043457,757,AGCCTC,2.328125,3478,GGTCTG,3.193359375,3478,GGTCTG,3.193359375,757,AGCCTC,0.037436652928590775,3478,GGTCTG,0.0007988745928741992,1465,CAGCCN,0.48821204900741577,False,False,True,-0.003264874219894409,
13,2,17,mlp,degradation,0.95361328125,0.8796955943107605,757,AGCCTC,2.384765625,3478,GGTCTG,3.17578125,3478,GGTCTG,3.17578125,757,AGCCTC,0.03824478015303612,3478,GGTCTG,0.0008357024053111672,1465,CAGCCN,0.4689980447292328,False,False,True,-0.0015373826026916504,
13,3,17,mlp,degradation,0.93896484375,0.8529645204544067,757,AGCCTC,2.39453125,3478,GGTCTG,3.171875,3478,GGTCTG,3.171875,757,AGCCTC,0.038303956389427185,3478,GGTCTG,0.0008158744894899428,1465,CAGCCN,0.46703651547431946,False,False,True,-0.0021165013313293457,
13,4,17,mlp,degradation,0.8564453125,0.5272793769836426,757,AGCCTC,2.43359375,3478,GGTCTG,3.134765625,3478,GGTCTG,3.134765625,757,AGCCTC,0.0392066091299057,3478,GGTCTG,0.0007559842197224498,1465,CAGCCN,0.46560966968536377,False,False,True,-0.0023021697998046875,
13,5,17,mlp,degradation,0.8564453125,0.5598061680793762,757,AGCCTC,2.40625,3478,GGTCTG,3.107421875,3478,GGTCTG,3.107421875,757,AGCCTC,0.03901976719498634,3478,GGTCTG,0.0006652736919932067,1465,CAGCCN,0.4756772220134735,False,False,True,-0.004291623830795288,
13,6,17,mlp,degradation,0.77001953125,-0.5844436287879944,757,AGCCTC,2.4375,3478,GGTCTG,3.05859375,3478,GGTCTG,3.05859375,757,AGCCTC,0.042437683790922165,3478,GGTCTG,0.000701425364241004,1465,CAGCCN,0.49790453910827637,False,False,True,-0.010041385889053345,
13,7,17,mlp,degradation,0.78076171875,-0.8860358595848083,757,AGCCTC,2.427734375,3478,GGTCTG,3.05859375,3478,GGTCTG,3.05859375,757,AGCCTC,0.04343246668577194,3478,GGTCTG,0.0008048679446801543,1465,CAGCCN,0.49515050649642944,False,False,True,-0.009665250778198242,
13,8,17,mlp,degradation,0.74072265625,-1.988897681236267,757,AGCCTC,2.462890625,3478,GGTCTG,3.056640625,3478,GGTCTG,3.056640625,757,AGCCTC,0.04686588793992996,3478,GGTCTG,0.000978844123892486,1465,CAGCCN,0.48154598474502563,False,False,True,-0.008443951606750488,
13,9,17,mlp,degradation,0.78076171875,-1.487375020980835,757,AGCCTC,2.443359375,3478,GGTCTG,3.07421875,3478,GGTCTG,3.07421875,757,AGCCTC,0.045306090265512466,3478,GGTCTG,0.0009012687369249761,1465,CAGCCN,0.4583718478679657,False,False,True,-0.000900954008102417,
13,10,17,mlp,degradation,0.81005859375,-2.196481704711914,757,AGCCTC,2.46484375,3478,GGTCTG,3.123046875,3478,GGTCTG,3.123046875,757,AGCCTC,0.047445148229599,3478,GGTCTG,0.0009445982286706567,1465,CAGCCN,0.44246533513069153,False,False,True,0.0009485185146331787,
13,11,17,mlp,degradation,0.90087890625,-1.158454179763794,757,AGCCTC,2.43359375,3478,GGTCTG,3.17578125,3478,GGTCTG,3.17578125,757,AGCCTC,0.0443306565284729,3478,GGTCTG,0.0008979414124041796,1465,CAGCCN,0.45341619849205017,False,False,True,0.000486224889755249,
13,12,17,mlp,degradation,0.98095703125,-0.9844922423362732,757,AGCCTC,2.423828125,3478,GGTCTG,3.240234375,3478,GGTCTG,3.240234375,757,AGCCTC,0.043823327869176865,3478,GGTCTG,0.0009047447238117456,1465,CAGCCN,0.46534350514411926,False,False,True,-0.004968434572219849,
13,13,17,mlp,degradation,0.9892578125,0.0436997227370739,757,AGCCTC,2.35546875,3478,GGTCTG,3.1796875,3478,GGTCTG,3.1796875,757,AGCCTC,0.04064159095287323,3478,GGTCTG,0.0007617716328240931,1465,CAGCCN,0.48636993765830994,False,False,True,-0.0044386982917785645,
13,14,17,mlp,degradation,1.1162109375,0.7178356051445007,757,AGCCTC,2.283203125,3478,GGTCTG,3.224609375,3478,GGTCTG,3.224609375,757,AGCCTC,0.038661420345306396,3478,GGTCTG,0.0007739741122350097,1465,CAGCCN,0.48261064291000366,False,False,True,-0.022395581007003784,
13,15,17,mlp,degradation,1.130859375,1.5049234628677368,757,AGCCTC,2.255859375,3478,GGTCTG,3.2109375,3478,GGTCTG,3.2109375,757,AGCCTC,0.03636031225323677,3478,GGTCTG,0.0007990594604052603,1465,CAGCCN,0.4843326807022095,False,False,True,-0.025102227926254272,
13,16,17,mlp,degradation,1.1650390625,1.7734620571136475,757,AGCCTC,2.220703125,3478,GGTCTG,3.20703125,3478,GGTCTG,3.20703125,757,AGCCTC,0.03549759462475777,3478,GGTCTG,0.0007299912977032363,1465,CAGCCN,0.49423423409461975,False,False,True,-0.012211143970489502,
13,17,17,mlp,degradation,1.056640625,1.2706775665283203,757,AGCCTC,2.2890625,3478,GGTCTG,3.17578125,3478,GGTCTG,3.17578125,757,AGCCTC,0.0369466170668602,3478,GGTCTG,0.0006930648814886808,1465,CAGCCN,0.5028992891311646,False,False,True,-0.01447245478630066,
13,18,17,mlp,degradation,1.0693359375,1.282440423965454,757,AGCCTC,2.302734375,3478,GGTCTG,3.201171875,3478,GGTCTG,3.201171875,757,AGCCTC,0.036975692957639694,3478,GGTCTG,0.0007569028530269861,1465,CAGCCN,0.49411049485206604,False,False,True,-0.005224287509918213,
13,19,17,mlp,degradation,1.046875,1.286850929260254,757,AGCCTC,2.30859375,3478,GGTCTG,3.185546875,3478,GGTCTG,3.185546875,757,AGCCTC,0.03704637289047241,3478,GGTCTG,0.0008406204869970679,1465,CAGCCN,0.47920921444892883,False,False,True,-0.03417140245437622,
13,20,17,mlp,degradation,1.05859375,1.5762264728546143,757,AGCCTC,2.291015625,3478,GGTCTG,3.1796875,3478,GGTCTG,3.1796875,757,AGCCTC,0.03620564937591553,3478,GGTCTG,0.0008551306673325598,1465,CAGCCN,0.474057137966156,False,False,True,-0.021398097276687622,
13,21,17,mlp,degradation,1.0341796875,1.5762341022491455,757,AGCCTC,2.294921875,3478,GGTCTG,3.16015625,3478,GGTCTG,3.16015625,757,AGCCTC,0.036175359040498734,3478,GGTCTG,0.0008248618105426431,1465,CAGCCN,0.4733426570892334,False,False,True,-0.01761239767074585,
13,22,17,mlp,degradation,1.02734375,1.38554048538208,757,AGCCTC,2.326171875,3478,GGTCTG,3.185546875,3478,GGTCTG,3.185546875,757,AGCCTC,0.03675605729222298,3478,GGTCTG,0.0008419735240750015,1465,CAGCCN,0.47098425030708313,False,False,True,-0.013195961713790894,
13,23,17,mlp,degradation,1.0087890625,1.2439301013946533,757,AGCCTC,2.341796875,3478,GGTCTG,3.18359375,3478,GGTCTG,3.18359375,757,AGCCTC,0.037114016711711884,3478,GGTCTG,0.0007814145064912736,1465,CAGCCN,0.480846643447876,False,False,True,0.0009238123893737793,
13,24,17,mlp,degradation,1.005859375,1.0650863647460938,757,AGCCTC,2.35546875,3478,GGTCTG,3.1953125,3478,GGTCTG,3.1953125,757,AGCCTC,0.037626102566719055,3478,GGTCTG,0.0007649346953257918,1465,CAGCCN,0.4848625063896179,False,False,True,-0.0010168850421905518,
13,25,17,mlp,degradation,1.005859375,0.9784104228019714,757,AGCCTC,2.3515625,3478,GGTCTG,3.19140625,3478,GGTCTG,3.19140625,757,AGCCTC,0.03788802772760391,3478,GGTCTG,0.0007706945179961622,1465,CAGCCN,0.4832054078578949,False,False,True,-0.005803853273391724,
13,26,17,mlp,degradation,0.99169921875,0.6851789951324463,757,AGCCTC,2.359375,3478,GGTCTG,3.185546875,3478,GGTCTG,3.185546875,757,AGCCTC,0.03878142312169075,3478,GGTCTG,0.0007974599138833582,1465,CAGCCN,0.4821256399154663,False,False,True,-0.007540643215179443,
13,27,17,mlp,degradation,1.001953125,0.7985368371009827,757,AGCCTC,2.357421875,3478,GGTCTG,3.193359375,3478,GGTCTG,3.193359375,757,AGCCTC,0.03846267610788345,3478,GGTCTG,0.0008137358818203211,1465,CAGCCN,0.4828849136829376,False,False,True,-0.006649196147918701,
13,28,17,mlp,degradation,1.0185546875,1.0820273160934448,757,AGCCTC,2.359375,3478,GGTCTG,3.2109375,3478,GGTCTG,3.2109375,757,AGCCTC,0.03764612600207329,3478,GGTCTG,0.0008350273128598928,1465,CAGCCN,0.47379598021507263,False,False,True,-0.006349891424179077,
13,29,17,mlp,degradation,1.0185546875,0.9194676876068115,757,AGCCTC,2.3515625,3478,GGTCTG,3.203125,3478,GGTCTG,3.203125,757,AGCCTC,0.038094472140073776,3478,GGTCTG,0.0008029388845898211,1465,CAGCCN,0.47779545187950134,False,False,True,-0.014946848154067993,
13,30,17,mlp,degradation,1.021484375,0.8924075961112976,757,AGCCTC,2.349609375,3478,GGTCTG,3.203125,3478,GGTCTG,3.203125,757,AGCCTC,0.03817704692482948,3478,GGTCTG,0.0008055392536334693,1465,CAGCCN,0.47979652881622314,False,False,True,-0.015955835580825806,
13,31,17,mlp,degradation,1.0166015625,0.5739677548408508,757,AGCCTC,2.3515625,3478,GGTCTG,3.201171875,3478,GGTCTG,3.201171875,757,AGCCTC,0.03908194974064827,3478,GGTCTG,0.0007693115039728582,1465,CAGCCN,0.49109408259391785,False,False,True,-0.015344440937042236,
13,32,17,mlp,degradation,1.0361328125,0.8903883099555969,757,AGCCTC,2.34765625,3478,GGTCTG,3.21484375,3478,GGTCTG,3.21484375,757,AGCCTC,0.038186214864254,3478,GGTCTG,0.0008087381720542908,1465,CAGCCN,0.4847693145275116,False,False,True,-0.007979929447174072,
13,33,17,mlp,degradation,1.0185546875,0.7299929857254028,757,AGCCTC,2.35546875,3478,GGTCTG,3.20703125,3478,GGTCTG,3.20703125,757,AGCCTC,0.03866077959537506,3478,GGTCTG,0.0008092619245871902,1465,CAGCCN,0.48018598556518555,False,False,True,-0.007101655006408691,
13,34,17,mlp,degradation,0.99560546875,0.6195493340492249,757,AGCCTC,2.365234375,3478,GGTCTG,3.1953125,3478,GGTCTG,3.1953125,757,AGCCTC,0.039016034454107285,3478,GGTCTG,0.0008381090010516346,1465,CAGCCN,0.47618356347084045,False,False,True,-0.005373924970626831,
14,0,17,mlp,degradation,1.0107421875,0.7954058051109314,757,AGCCTC,2.34765625,3478,GGTCTG,3.19140625,3478,GGTCTG,3.19140625,757,AGCCTC,0.03849341720342636,3478,GGTCTG,0.0008352265576831996,1465,CAGCCN,0.48363229632377625,False,False,True,-0.0010488629341125488,
14,1,17,mlp,degradation,1.021484375,0.9647051692008972,757,AGCCTC,2.345703125,3478,GGTCTG,3.19921875,3478,GGTCTG,3.19921875,757,AGCCTC,0.038041964173316956,3478,GGTCTG,0.0008841264061629772,1465,CAGCCN,0.4709596037864685,False,False,True,-0.0023788809776306152,
14,2,17,mlp,degradation,0.9892578125,1.0579785108566284,757,AGCCTC,2.349609375,3478,GGTCTG,3.173828125,3478,GGTCTG,3.173828125,757,AGCCTC,0.037726353853940964,3478,GGTCTG,0.0008441809331998229,1465,CAGCCN,0.46419623494148254,False,False,True,-0.0028353333473205566,
14,3,17,mlp,degradation,0.9853515625,0.9758478403091431,757,AGCCTC,2.341796875,3478,GGTCTG,3.162109375,3478,GGTCTG,3.162109375,757,AGCCTC,0.03793756291270256,3478,GGTCTG,0.0008126577013172209,1465,CAGCCN,0.45508503913879395,False,False,True,-0.0032703280448913574,
14,4,17,mlp,degradation,0.9892578125,0.6710073351860046,757,AGCCTC,2.33203125,3478,GGTCTG,3.15625,3478,GGTCTG,3.15625,757,AGCCTC,0.03879113495349884,3478,GGTCTG,0.0007652899366803467,1465,CAGCCN,0.4638283848762512,False,False,True,-0.0015853941440582275,
14,5,17,mlp,degradation,0.96826171875,0.44693487882614136,757,AGCCTC,2.322265625,3478,GGTCTG,3.126953125,3478,GGTCTG,3.126953125,757,AGCCTC,0.039412323385477066,3478,GGTCTG,0.0007242436986416578,1465,CAGCCN,0.4756193161010742,False,False,True,0.0014487206935882568,
14,6,17,mlp,degradation,0.87548828125,-0.22232544422149658,757,AGCCTC,2.384765625,3478,GGTCTG,3.103515625,3478,GGTCTG,3.103515625,757,AGCCTC,0.04128881171345711,3478,GGTCTG,0.0006227712146937847,1465,CAGCCN,0.4909588396549225,False,False,True,0.002606213092803955,
14,7,17,mlp,degradation,0.89013671875,-0.4368472397327423,757,AGCCTC,2.439453125,3478,GGTCTG,3.171875,3478,GGTCTG,3.171875,757,AGCCTC,0.04200344532728195,3478,GGTCTG,0.000703396915923804,1465,CAGCCN,0.47862523794174194,False,False,True,0.0024091601371765137,
14,8,17,mlp,degradation,0.77001953125,-1.4400098323822021,757,AGCCTC,2.49609375,3478,GGTCTG,3.1171875,3478,GGTCTG,3.1171875,757,AGCCTC,0.04505431652069092,3478,GGTCTG,0.0007894770824350417,1465,CAGCCN,0.4818362295627594,False,False,True,-0.00011596083641052246,
14,9,17,mlp,degradation,0.869140625,-0.5602196455001831,757,AGCCTC,2.421875,3478,GGTCTG,3.134765625,3478,GGTCTG,3.134765625,757,AGCCTC,0.04256923496723175,3478,GGTCTG,0.0009045679471455514,1465,CAGCCN,0.4774499833583832,False,False,True,0.0013710260391235352,
14,10,17,mlp,degradation,0.892578125,-0.2045387476682663,757,AGCCTC,2.33984375,3478,GGTCTG,3.07421875,3478,GGTCTG,3.07421875,757,AGCCTC,0.041445761919021606,3478,GGTCTG,0.0008322878857143223,1465,CAGCCN,0.4827107787132263,False,False,True,0.00018408894538879395,
14,11,17,mlp,degradation,1.0654296875,1.1098763942718506,757,AGCCTC,2.26953125,3478,GGTCTG,3.1640625,3478,GGTCTG,3.1640625,757,AGCCTC,0.03754943609237671,3478,GGTCTG,0.0008206460042856634,1465,CAGCCN,0.4711606204509735,False,False,True,0.00018724799156188965,
14,12,17,mlp,degradation,1.1328125,0.11998800188302994,757,AGCCTC,2.255859375,3478,GGTCTG,3.212890625,3478,GGTCTG,3.212890625,757,AGCCTC,0.040614865720272064,3478,GGTCTG,0.0009605145314708352,1465,CAGCCN,0.45772483944892883,False,False,True,-0.010823935270309448,
14,13,17,mlp,degradation,1.0869140625,-0.15366435050964355,757,AGCCTC,2.2890625,3478,GGTCTG,3.203125,3478,GGTCTG,3.203125,757,AGCCTC,0.04136316105723381,3478,GGTCTG,0.0009000439895316958,1465,CAGCCN,0.4737952947616577,False,False,True,-0.011868894100189209,
14,14,17,mlp,degradation,1.1240234375,0.19129861891269684,757,AGCCTC,2.255859375,3478,GGTCTG,3.205078125,3478,GGTCTG,3.205078125,757,AGCCTC,0.04031164199113846,3478,GGTCTG,0.0008680432219989598,1465,CAGCCN,0.4760230779647827,False,False,True,-0.022617071866989136,
14,15,17,mlp,degradation,1.05859375,1.225106120109558,757,AGCCTC,2.298828125,3478,GGTCTG,3.1875,3478,GGTCTG,3.1875,757,AGCCTC,0.037166446447372437,3478,GGTCTG,0.0007782079046592116,1465,CAGCCN,0.47861042618751526,False,False,True,-0.026759862899780273,
14,16,17,mlp,degradation,1.0185546875,1.5391796827316284,757,AGCCTC,2.33203125,3478,GGTCTG,3.18359375,3478,GGTCTG,3.18359375,757,AGCCTC,0.03621995076537132,3478,GGTCTG,0.0007599423406645656,1465,CAGCCN,0.4813453257083893,False,False,True,-0.024822980165481567,
14,17,17,mlp,degradation,0.9599609375,0.8497024178504944,757,AGCCTC,2.396484375,3478,GGTCTG,3.193359375,3478,GGTCTG,3.193359375,757,AGCCTC,0.03831992298364639,3478,GGTCTG,0.0008222018950618804,1465,CAGCCN,0.46820175647735596,False,False,True,-0.01665225625038147,
14,18,17,mlp,degradation,0.9619140625,0.9673660397529602,757,AGCCTC,2.376953125,3478,GGTCTG,3.17578125,3478,GGTCTG,3.17578125,757,AGCCTC,0.03799210861325264,3478,GGTCTG,0.0008421356906183064,1465,CAGCCN,0.47456684708595276,False,False,True,-0.013924837112426758,
14,19,17,mlp,degradation,0.9853515625,0.8668676614761353,757,AGCCTC,2.34765625,3478,GGTCTG,3.16796875,3478,GGTCTG,3.16796875,757,AGCCTC,0.038299575448036194,3478,GGTCTG,0.0008525859448127449,1465,CAGCCN,0.48044124245643616,False,False,True,-0.021238595247268677,
14,20,17,mlp,degradation,0.96435546875,1.0155367851257324,757,AGCCTC,2.34375,3478,GGTCTG,3.14453125,3478,GGTCTG,3.14453125,757,AGCCTC,0.037801630795001984,3478,GGTCTG,0.0007940236828289926,1465,CAGCCN,0.48261868953704834,False,False,True,-0.02158069610595703,
14,21,17,mlp,degradation,0.93896484375,1.0169509649276733,757,AGCCTC,2.357421875,3478,GGTCTG,3.134765625,3478,GGTCTG,3.134765625,757,AGCCTC,0.03777578845620155,3478,GGTCTG,0.0007723610615357757,1465,CAGCCN,0.48234763741493225,False,False,True,-0.00850096344947815,
14,22,17,mlp,degradation,0.9765625,1.1813067197799683,757,AGCCTC,2.34765625,3478,GGTCTG,3.16015625,3478,GGTCTG,3.16015625,757,AGCCTC,0.03732192516326904,3478,GGTCTG,0.0008042420377023518,1465,CAGCCN,0.47589111328125,False,False,True,-0.0007288157939910889,
14,23,17,mlp,degradation,0.97900390625,0.9732323884963989,757,AGCCTC,2.34765625,3478,GGTCTG,3.162109375,3478,GGTCTG,3.162109375,757,AGCCTC,0.03793935105204582,3478,GGTCTG,0.0008067162707448006,1465,CAGCCN,0.47966983914375305,False,False,True,0.005696892738342285,
14,24,17,mlp,degradation,0.9853515625,0.949019730091095,757,AGCCTC,2.34765625,3478,GGTCTG,3.16796875,3478,GGTCTG,3.16796875,757,AGCCTC,0.03802122175693512,3478,GGTCTG,0.0008170263608917594,1465,CAGCCN,0.47915971279144287,False,False,True,0.004034459590911865,
14,25,17,mlp,degradation,0.9765625,0.7872088551521301,757,AGCCTC,2.359375,3478,GGTCTG,3.171875,3478,GGTCTG,3.171875,757,AGCCTC,0.03849073126912117,3478,GGTCTG,0.0008083130232989788,1465,CAGCCN,0.47922787070274353,False,False,True,-0.0019798576831817627,
14,26,17,mlp,degradation,0.9765625,0.7944440245628357,757,AGCCTC,2.35546875,3478,GGTCTG,3.16796875,3478,GGTCTG,3.16796875,757,AGCCTC,0.038480404764413834,3478,GGTCTG,0.0008193700923584402,1465,CAGCCN,0.47691115736961365,False,False,True,-0.004744231700897217,
14,27,17,mlp,degradation,0.98095703125,0.935119092464447,757,AGCCTC,2.34375,3478,GGTCTG,3.16015625,3478,GGTCTG,3.16015625,757,AGCCTC,0.038077034056186676,3478,GGTCTG,0.0008317575557157397,1465,CAGCCN,0.47137218713760376,False,False,True,-0.0044393837451934814,
14,28,17,mlp,degradation,0.9853515625,0.8142474889755249,757,AGCCTC,2.345703125,3478,GGTCTG,3.166015625,3478,GGTCTG,3.166015625,757,AGCCTC,0.03843538090586662,3478,GGTCTG,0.0008328737458214164,1465,CAGCCN,0.4780570864677429,False,False,True,-0.00577738881111145,
14,29,17,mlp,degradation,0.96826171875,0.7176944017410278,757,AGCCTC,2.359375,3478,GGTCTG,3.1640625,3478,GGTCTG,3.1640625,757,AGCCTC,0.038664478808641434,3478,GGTCTG,0.0007766142953187227,1465,CAGCCN,0.473833829164505,False,False,True,-0.018557846546173096,
14,30,17,mlp,degradation,0.974609375,0.5775361657142639,757,AGCCTC,2.36328125,3478,GGTCTG,3.173828125,3478,GGTCTG,3.173828125,757,AGCCTC,0.03906580060720444,3478,GGTCTG,0.0007637082599103451,1465,CAGCCN,0.48041319847106934,False,False,True,-0.018966466188430786,
14,31,17,mlp,degradation,0.998046875,0.8042153120040894,757,AGCCTC,2.349609375,3478,GGTCTG,3.181640625,3478,GGTCTG,3.181640625,757,AGCCTC,0.038396261632442474,3478,GGTCTG,0.0007641051197424531,1465,CAGCCN,0.47834351658821106,False,False,True,-0.01447555422782898,
14,32,17,mlp,degradation,1.0146484375,0.8130374550819397,757,AGCCTC,2.33203125,3478,GGTCTG,3.1796875,3478,GGTCTG,3.1796875,757,AGCCTC,0.03841175138950348,3478,GGTCTG,0.0008056703954935074,1465,CAGCCN,0.4836309552192688,False,False,True,0.0020608901977539062,
14,33,17,mlp,degradation,1.001953125,0.8044673800468445,757,AGCCTC,2.3359375,3478,GGTCTG,3.171875,3478,GGTCTG,3.171875,757,AGCCTC,0.038431767374277115,3478,GGTCTG,0.0008003544644452631,1465,CAGCCN,0.4846588969230652,False,False,True,0.0013949573040008545,
14,34,17,mlp,degradation,0.98291015625,0.8721919655799866,757,AGCCTC,2.333984375,3478,GGTCTG,3.15234375,3478,GGTCTG,3.15234375,757,AGCCTC,0.03823201730847359,3478,GGTCTG,0.0008007634896785021,1465,CAGCCN,0.4809715151786804,False,False,True,0.0003171861171722412,
15,0,17,mlp,degradation,0.998046875,0.7078361511230469,757,AGCCTC,2.353515625,3478,GGTCTG,3.185546875,3478,GGTCTG,3.185546875,757,AGCCTC,0.038752201944589615,3478,GGTCTG,0.0008352025179192424,1465,CAGCCN,0.48551860451698303,False,False,True,-0.0003268718719482422,
15,1,17,mlp,degradation,1.00390625,0.6301714777946472,757,AGCCTC,2.35546875,3478,GGTCTG,3.193359375,3478,GGTCTG,3.193359375,757,AGCCTC,0.03899325057864189,3478,GGTCTG,0.0008467175648547709,1465,CAGCCN,0.4823462963104248,False,False,True,-0.0006150007247924805,
15,2,17,mlp,degradation,0.99560546875,0.9192836284637451,757,AGCCTC,2.345703125,3478,GGTCTG,3.17578125,3478,GGTCTG,3.17578125,757,AGCCTC,0.03813132271170616,3478,GGTCTG,0.0008392457384616137,1465,CAGCCN,0.4734075665473938,False,False,True,-0.001780480146408081,
15,3,17,mlp,degradation,1.001953125,0.9369039535522461,757,AGCCTC,2.33984375,3478,GGTCTG,3.17578125,3478,GGTCTG,3.17578125,757,AGCCTC,0.03805835172533989,3478,GGTCTG,0.0008183483732864261,1465,CAGCCN,0.47256648540496826,False,False,True,-0.0015760362148284912,
15,4,17,mlp,degradation,0.98291015625,0.8590098023414612,757,AGCCTC,2.34375,3478,GGTCTG,3.162109375,3478,GGTCTG,3.162109375,757,AGCCTC,0.03826996311545372,3478,GGTCTG,0.0007997501525096595,1465,CAGCCN,0.476021409034729,False,False,True,-0.0017600059509277344,
15,5,17,mlp,degradation,0.99169921875,0.7999384999275208,757,AGCCTC,2.34765625,3478,GGTCTG,3.173828125,3478,GGTCTG,3.173828125,757,AGCCTC,0.03845402970910072,3478,GGTCTG,0.0008092320640571415,1465,CAGCCN,0.4815550446510315,False,False,True,-0.000951230525970459,
15,6,17,mlp,degradation,0.9873046875,0.20916347205638885,757,AGCCTC,2.345703125,3478,GGTCTG,3.16796875,3478,GGTCTG,3.16796875,757,AGCCTC,0.04024131968617439,3478,GGTCTG,0.0008505214937031269,1465,CAGCCN,0.46212834119796753,False,False,True,-0.0008574128150939941,
15,7,17,mlp,degradation,0.97265625,0.04037456586956978,757,AGCCTC,2.404296875,3478,GGTCTG,3.212890625,3478,GGTCTG,3.212890625,757,AGCCTC,0.04092345014214516,3478,GGTCTG,0.0010338047286495566,1465,CAGCCN,0.4434191584587097,False,False,True,-0.0004611015319824219,
15,8,17,mlp,degradation,0.83349609375,-0.7463136911392212,757,AGCCTC,2.388671875,3478,GGTCTG,3.068359375,3478,GGTCTG,3.068359375,757,AGCCTC,0.043329644948244095,3478,GGTCTG,0.0011149862548336387,1465,CAGCCN,0.4075525403022766,False,False,True,-0.005073845386505127,
15,9,17,mlp,degradation,0.9072265625,1.2964835166931152,757,AGCCTC,2.244140625,3478,GGTCTG,2.9921875,3478,GGTCTG,2.9921875,757,AGCCTC,0.03721445053815842,3478,GGTCTG,0.0010371650569140911,1465,CAGCCN,0.42727670073509216,False,False,True,-0.004599153995513916,
15,10,17,mlp,degradation,0.8056640625,0.7209048867225647,757,AGCCTC,2.169921875,3478,GGTCTG,2.82421875,3478,GGTCTG,2.82421875,757,AGCCTC,0.03871238976716995,3478,GGTCTG,0.000834013510029763,1465,CAGCCN,0.4314381778240204,False,False,True,0.001584082841873169,
15,11,17,mlp,degradation,0.9091796875,1.3227847814559937,757,AGCCTC,2.20703125,3478,GGTCTG,2.95703125,3478,GGTCTG,2.95703125,757,AGCCTC,0.036870602518320084,3478,GGTCTG,0.0007710481877438724,1465,CAGCCN,0.46227583289146423,False,False,True,0.0034862756729125977,
15,12,17,mlp,degradation,0.83349609375,-0.6096180081367493,757,AGCCTC,2.34765625,3478,GGTCTG,3.02734375,3478,GGTCTG,3.02734375,757,AGCCTC,0.042604006826877594,3478,GGTCTG,0.0007933436427265406,1465,CAGCCN,0.4756213128566742,False,False,True,0.003154367208480835,
15,13,17,mlp,degradation,1.0107421875,0.8130550980567932,757,AGCCTC,2.337890625,3478,GGTCTG,3.181640625,3478,GGTCTG,3.181640625,757,AGCCTC,0.038380153477191925,3478,GGTCTG,0.0007741214940324426,1465,CAGCCN,0.5020768046379089,False,False,True,-0.002057403326034546,
15,14,17,mlp,degradation,1.021484375,1.0397833585739136,757,AGCCTC,2.333984375,3478,GGTCTG,3.1875,3478,GGTCTG,3.1875,757,AGCCTC,0.03763650357723236,3478,GGTCTG,0.0007005545194260776,1465,CAGCCN,0.5065222382545471,False,False,True,-0.0029379427433013916,
15,15,17,mlp,degradation,1.005859375,1.3794586658477783,757,AGCCTC,2.33203125,3478,GGTCTG,3.171875,3478,GGTCTG,3.171875,757,AGCCTC,0.036612510681152344,3478,GGTCTG,0.0006804554141126573,1465,CAGCCN,0.4976145029067993,False,False,True,-0.04427272081375122,
15,16,17,mlp,degradation,0.97900390625,1.0679186582565308,757,AGCCTC,2.33203125,3478,GGTCTG,3.146484375,3478,GGTCTG,3.146484375,757,AGCCTC,0.03748961538076401,3478,GGTCTG,0.0006368198664858937,1465,CAGCCN,0.49692782759666443,False,False,True,-0.04947200417518616,
15,17,17,mlp,degradation,0.97900390625,0.8292309045791626,757,AGCCTC,2.337890625,3478,GGTCTG,3.15234375,3478,GGTCTG,3.15234375,757,AGCCTC,0.038242220878601074,3478,GGTCTG,0.000683995836880058,1465,CAGCCN,0.4929599165916443,False,False,True,-0.06959328055381775,
15,18,17,mlp,degradation,0.9853515625,0.8241297006607056,757,AGCCTC,2.341796875,3478,GGTCTG,3.162109375,3478,GGTCTG,3.162109375,757,AGCCTC,0.03828233852982521,3478,GGTCTG,0.000709039974026382,1465,CAGCCN,0.4885769784450531,False,False,True,-0.016698390245437622,
15,19,17,mlp,degradation,0.998046875,0.9972659945487976,757,AGCCTC,2.3359375,3478,GGTCTG,3.16796875,3478,GGTCTG,3.16796875,757,AGCCTC,0.03785887360572815,3478,GGTCTG,0.0007972671883180737,1465,CAGCCN,0.482472687959671,False,False,True,-0.024314433336257935,
15,20,17,mlp,degradation,0.9873046875,1.0806230306625366,757,AGCCTC,2.33203125,3478,GGTCTG,3.154296875,3478,GGTCTG,3.154296875,757,AGCCTC,0.03762742504477501,3478,GGTCTG,0.0008121748105622828,1465,CAGCCN,0.4793255925178528,False,False,True,-0.018130242824554443,
15,21,17,mlp,degradation,0.9892578125,1.1710906028747559,757,AGCCTC,2.33203125,3478,GGTCTG,3.15625,3478,GGTCTG,3.15625,757,AGCCTC,0.03736373037099838,3478,GGTCTG,0.0008158526616171002,1465,CAGCCN,0.4782816171646118,False,False,True,-0.004991769790649414,
15,22,17,mlp,degradation,0.9892578125,1.1445763111114502,757,AGCCTC,2.33984375,3478,GGTCTG,3.1640625,3478,GGTCTG,3.1640625,757,AGCCTC,0.0374610498547554,3478,GGTCTG,0.0008348108967766166,1465,CAGCCN,0.47404196858406067,False,False,True,-0.012107640504837036,
15,23,17,mlp,degradation,1.0087890625,1.2069638967514038,757,AGCCTC,2.33203125,3478,GGTCTG,3.173828125,3478,GGTCTG,3.173828125,757,AGCCTC,0.03726118803024292,3478,GGTCTG,0.0008193319663405418,1465,CAGCCN,0.47820788621902466,False,False,True,-0.000530540943145752,
15,24,17,mlp,degradation,1.005859375,1.126114010810852,757,AGCCTC,2.328125,3478,GGTCTG,3.16796875,3478,GGTCTG,3.16796875,757,AGCCTC,0.03750120848417282,3478,GGTCTG,0.0008204053156077862,1465,CAGCCN,0.4760078489780426,False,False,True,-0.0047744810581207275,
15,25,17,mlp,degradation,1.0,1.0440703630447388,757,AGCCTC,2.328125,3478,GGTCTG,3.162109375,3478,GGTCTG,3.162109375,757,AGCCTC,0.03774586692452431,3478,GGTCTG,0.0008225885103456676,1465,CAGCCN,0.474884569644928,False,False,True,-0.0004259943962097168,
15,26,17,mlp,degradation,0.9873046875,0.9216483235359192,757,AGCCTC,2.33984375,3478,GGTCTG,3.162109375,3478,GGTCTG,3.162109375,757,AGCCTC,0.038120336830616,3478,GGTCTG,0.0008352486183866858,1465,CAGCCN,0.476932168006897,False,False,True,-0.002033531665802002,
15,27,17,mlp,degradation,0.9853515625,0.9053691625595093,757,AGCCTC,2.345703125,3478,GGTCTG,3.166015625,3478,GGTCTG,3.166015625,757,AGCCTC,0.03817565739154816,3478,GGTCTG,0.0008424553088843822,1465,CAGCCN,0.4764232933521271,False,False,True,0.00021898746490478516,
15,28,17,mlp,degradation,0.98291015625,0.8312426209449768,757,AGCCTC,2.34765625,3478,GGTCTG,3.166015625,3478,GGTCTG,3.166015625,757,AGCCTC,0.03838541731238365,3478,GGTCTG,0.0008331374847330153,1465,CAGCCN,0.47871220111846924,False,False,True,-0.001010119915008545,
15,29,17,mlp,degradation,0.98291015625,1.148940086364746,757,AGCCTC,2.2890625,3478,GGTCTG,3.107421875,3478,GGTCTG,3.107421875,757,AGCCTC,0.03739692643284798,3478,GGTCTG,0.000783583614975214,1465,CAGCCN,0.46516919136047363,False,False,True,-0.014404118061065674,
15,30,17,mlp,degradation,0.98095703125,1.2026480436325073,757,AGCCTC,2.28515625,3478,GGTCTG,3.1015625,3478,GGTCTG,3.1015625,757,AGCCTC,0.037225913256406784,3478,GGTCTG,0.0007713015074841678,1465,CAGCCN,0.4655570387840271,False,False,True,-0.016618549823760986,
15,31,17,mlp,degradation,0.99365234375,1.3069593906402588,757,AGCCTC,2.28125,3478,GGTCTG,3.109375,3478,GGTCTG,3.109375,757,AGCCTC,0.036913368850946426,3478,GGTCTG,0.0007670464110560715,1465,CAGCCN,0.467582106590271,False,False,True,-0.0189206600189209,
15,32,17,mlp,degradation,1.001953125,1.054175615310669,757,AGCCTC,2.33203125,3478,GGTCTG,3.16796875,3478,GGTCTG,3.16796875,757,AGCCTC,0.03770318627357483,3478,GGTCTG,0.0008097719983197749,1465,CAGCCN,0.4805105924606323,False,False,True,-0.004725039005279541,
15,33,17,mlp,degradation,1.0087890625,1.085173487663269,757,AGCCTC,2.330078125,3478,GGTCTG,3.171875,3478,GGTCTG,3.171875,757,AGCCTC,0.037619028240442276,3478,GGTCTG,0.0008172265370376408,1465,CAGCCN,0.48083004355430603,False,False,True,-0.004326224327087402,
15,34,17,mlp,degradation,1.0,0.9076140522956848,757,AGCCTC,2.337890625,3478,GGTCTG,3.171875,3478,GGTCTG,3.171875,757,AGCCTC,0.038151588290929794,3478,GGTCTG,0.0008250229293480515,1465,CAGCCN,0.4777822196483612,False,False,True,-0.0027102530002593994,
16,0,17,mlp,degradation,1.0,1.0714051723480225,757,AGCCTC,2.341796875,3478,GGTCTG,3.17578125,3478,GGTCTG,3.17578125,757,AGCCTC,0.037723053246736526,3478,GGTCTG,0.0008805625839158893,1465,CAGCCN,0.4795915186405182,False,False,True,-0.0006716251373291016,
16,1,17,mlp,degradation,1.005859375,1.0141602754592896,757,AGCCTC,2.3515625,3478,GGTCTG,3.19140625,3478,GGTCTG,3.19140625,757,AGCCTC,0.03791460394859314,3478,GGTCTG,0.0009029300417751074,1465,CAGCCN,0.47346144914627075,False,False,True,-0.0020418167114257812,
16,2,17,mlp,degradation,1.005859375,1.066887617111206,757,AGCCTC,2.359375,3478,GGTCTG,3.19921875,3478,GGTCTG,3.19921875,757,AGCCTC,0.03774241358041763,3478,GGTCTG,0.000886570371221751,1465,CAGCCN,0.4653230309486389,False,False,True,-0.0028258562088012695,
16,3,17,mlp,degradation,0.9892578125,1.0644044876098633,757,AGCCTC,2.359375,3478,GGTCTG,3.18359375,3478,GGTCTG,3.18359375,757,AGCCTC,0.03775298222899437,3478,GGTCTG,0.0008898006635718048,1465,CAGCCN,0.46007275581359863,False,False,True,-0.003055661916732788,
16,4,17,mlp,degradation,0.95361328125,0.7043899893760681,757,AGCCTC,2.373046875,3478,GGTCTG,3.1640625,3478,GGTCTG,3.1640625,757,AGCCTC,0.03878677636384964,3478,GGTCTG,0.0008595927502028644,1465,CAGCCN,0.4640311300754547,False,False,True,-0.002163410186767578,
16,5,17,mlp,degradation,0.9326171875,-0.45629775524139404,757,AGCCTC,2.400390625,3478,GGTCTG,3.171875,3478,GGTCTG,3.171875,757,AGCCTC,0.04211554303765297,3478,GGTCTG,0.000758011476136744,1465,CAGCCN,0.4890318512916565,False,False,True,-0.0025162100791931152,
16,6,17,mlp,degradation,0.93896484375,-0.9954370260238647,757,AGCCTC,2.40625,3478,GGTCTG,3.18359375,3478,GGTCTG,3.18359375,757,AGCCTC,0.0437740720808506,3478,GGTCTG,0.0008231432875618339,1465,CAGCCN,0.5022380948066711,False,False,True,-0.002607107162475586,
16,7,17,mlp,degradation,0.7490234375,-3.1569037437438965,757,AGCCTC,2.578125,3478,GGTCTG,3.1796875,3478,GGTCTG,3.1796875,757,AGCCTC,0.050201211124658585,3478,GGTCTG,0.0008621891611255705,1465,CAGCCN,0.5010002255439758,False,False,True,-0.002615034580230713,
16,8,17,mlp,degradation,0.24267578125,-5.418890476226807,757,AGCCTC,2.609375,3478,GGTCTG,2.7421875,3478,GGTCTG,2.7421875,757,AGCCTC,0.05667288973927498,3478,GGTCTG,0.0006486923084594309,1465,CAGCCN,0.4438798427581787,False,False,True,-0.010774850845336914,
16,9,17,mlp,degradation,0.265869140625,-5.2393317222595215,757,AGCCTC,2.599609375,3478,GGTCTG,2.75390625,3478,GGTCTG,2.75390625,757,AGCCTC,0.056020621210336685,3478,GGTCTG,0.0005270981346257031,1465,CAGCCN,0.4340299069881439,False,False,True,-0.010899931192398071,
16,10,17,mlp,degradation,0.525390625,-2.532102108001709,757,AGCCTC,2.388671875,3478,GGTCTG,2.783203125,3478,GGTCTG,2.783203125,757,AGCCTC,0.048004377633333206,3478,GGTCTG,0.0005119224661029875,1465,CAGCCN,0.42327380180358887,False,False,True,-0.010883480310440063,
16,11,17,mlp,degradation,1.0146484375,-0.09914211183786392,757,AGCCTC,2.34375,3478,GGTCTG,3.19140625,3478,GGTCTG,3.19140625,757,AGCCTC,0.041020575910806656,3478,GGTCTG,0.0007185981376096606,1465,CAGCCN,0.4630313813686371,False,False,True,-0.0038602352142333984,
16,12,17,mlp,degradation,0.998046875,0.4542217254638672,757,AGCCTC,2.3515625,3478,GGTCTG,3.18359375,3478,GGTCTG,3.18359375,757,AGCCTC,0.039460524916648865,3478,GGTCTG,0.0007939834031276405,1465,CAGCCN,0.46597257256507874,False,False,True,-0.009337455034255981,
16,13,17,mlp,degradation,0.97900390625,1.0408145189285278,757,AGCCTC,2.357421875,3478,GGTCTG,3.171875,3478,GGTCTG,3.171875,757,AGCCTC,0.03778601065278053,3478,GGTCTG,0.000853109871968627,1465,CAGCCN,0.47239595651626587,False,False,True,-0.014790385961532593,
16,14,17,mlp,degradation,0.98095703125,1.0046448707580566,757,AGCCTC,2.359375,3478,GGTCTG,3.17578125,3478,GGTCTG,3.17578125,757,AGCCTC,0.03787447139620781,3478,GGTCTG,0.0008346745744347572,1465,CAGCCN,0.47564536333084106,False,False,True,-0.0455816388130188,
16,15,17,mlp,degradation,0.9873046875,0.9842817783355713,757,AGCCTC,2.353515625,3478,GGTCTG,3.17578125,3478,GGTCTG,3.17578125,757,AGCCTC,0.03797898814082146,3478,GGTCTG,0.0008790071005932987,1465,CAGCCN,0.4737592041492462,False,False,True,-0.06529009342193604,
16,16,17,mlp,degradation,0.970703125,0.8198957443237305,757,AGCCTC,2.349609375,3478,GGTCTG,3.15625,3478,GGTCTG,3.15625,757,AGCCTC,0.03830345347523689,3478,GGTCTG,0.0007176402723416686,1465,CAGCCN,0.4842953681945801,False,False,True,-0.06592220067977905,
16,17,17,mlp,degradation,0.96630859375,0.9746718406677246,757,AGCCTC,2.349609375,3478,GGTCTG,3.15234375,3478,GGTCTG,3.15234375,757,AGCCTC,0.03781009837985039,3478,GGTCTG,0.0006817167741246521,1465,CAGCCN,0.49130234122276306,False,False,True,-0.0890665352344513,
16,18,17,mlp,degradation,0.970703125,0.8575804233551025,757,AGCCTC,2.34765625,3478,GGTCTG,3.154296875,3478,GGTCTG,3.154296875,757,AGCCTC,0.03816404938697815,3478,GGTCTG,0.000689611944835633,1465,CAGCCN,0.4881983697414398,False,False,True,-0.06504878401756287,
16,19,17,mlp,degradation,0.99560546875,0.9501831531524658,757,AGCCTC,2.345703125,3478,GGTCTG,3.17578125,3478,GGTCTG,3.17578125,757,AGCCTC,0.037990473210811615,3478,GGTCTG,0.000789717014413327,1465,CAGCCN,0.4856073260307312,False,False,True,-0.07716906070709229,
16,20,17,mlp,degradation,0.99560546875,0.9604422450065613,757,AGCCTC,2.34375,3478,GGTCTG,3.173828125,3478,GGTCTG,3.173828125,757,AGCCTC,0.03797784820199013,3478,GGTCTG,0.000807411503046751,1465,CAGCCN,0.4842252731323242,False,False,True,-0.018693983554840088,
16,21,17,mlp,degradation,1.0,1.0362615585327148,757,AGCCTC,2.341796875,3478,GGTCTG,3.17578125,3478,GGTCTG,3.17578125,757,AGCCTC,0.03776826709508896,3478,GGTCTG,0.0008219094597734511,1465,CAGCCN,0.4815530478954315,False,False,True,-0.025073766708374023,
16,22,17,mlp,degradation,0.99365234375,0.9684765338897705,757,AGCCTC,2.345703125,3478,GGTCTG,3.173828125,3478,GGTCTG,3.173828125,757,AGCCTC,0.037970058619976044,3478,GGTCTG,0.0008233682019636035,1465,CAGCCN,0.47923827171325684,False,False,True,-0.01672866940498352,
16,23,17,mlp,degradation,1.00390625,1.056429386138916,757,AGCCTC,2.3359375,3478,GGTCTG,3.173828125,3478,GGTCTG,3.173828125,757,AGCCTC,0.037710003554821014,3478,GGTCTG,0.0008232502150349319,1465,CAGCCN,0.47752004861831665,False,False,True,-0.002228647470474243,
16,24,17,mlp,degradation,1.00390625,1.0571503639221191,757,AGCCTC,2.3359375,3478,GGTCTG,3.173828125,3478,GGTCTG,3.173828125,757,AGCCTC,0.03770921006798744,3478,GGTCTG,0.0008245905628427863,1465,CAGCCN,0.47670188546180725,False,False,True,-0.004412412643432617,
16,25,17,mlp,degradation,1.0,1.1553810834884644,757,AGCCTC,2.330078125,3478,GGTCTG,3.1640625,3478,GGTCTG,3.1640625,757,AGCCTC,0.0374324731528759,3478,GGTCTG,0.0008381675579585135,1465,CAGCCN,0.4761441648006439,False,False,True,-0.008212357759475708,
16,26,17,mlp,degradation,0.9892578125,1.0898258686065674,757,AGCCTC,2.3359375,3478,GGTCTG,3.16015625,3478,GGTCTG,3.16015625,757,AGCCTC,0.03762174770236015,3478,GGTCTG,0.0008336974424310029,1465,CAGCCN,0.478683203458786,False,False,True,-0.009799927473068237,
16,27,17,mlp,degradation,0.9853515625,1.0294725894927979,757,AGCCTC,2.33984375,3478,GGTCTG,3.16015625,3478,GGTCTG,3.16015625,757,AGCCTC,0.03779807686805725,3478,GGTCTG,0.0008316574967466295,1465,CAGCCN,0.4798419177532196,False,False,True,-0.009426206350326538,
16,28,17,mlp,degradation,0.998046875,1.0044949054718018,757,AGCCTC,2.34375,3478,GGTCTG,3.17578125,3478,GGTCTG,3.17578125,757,AGCCTC,0.03785514086484909,3478,GGTCTG,0.0008148985216394067,1465,CAGCCN,0.48390698432922363,False,False,True,-0.006711006164550781,
16,29,17,mlp,degradation,0.99169921875,0.9820242524147034,757,AGCCTC,2.33984375,3478,GGTCTG,3.166015625,3478,GGTCTG,3.166015625,757,AGCCTC,0.037893351167440414,3478,GGTCTG,0.0007867011590860784,1465,CAGCCN,0.4836789667606354,False,False,True,-0.007705479860305786,
16,30,17,mlp,degradation,0.99169921875,0.9919606447219849,757,AGCCTC,2.3359375,3478,GGTCTG,3.162109375,3478,GGTCTG,3.162109375,757,AGCCTC,0.03786204382777214,3478,GGTCTG,0.0007847570232115686,1465,CAGCCN,0.48317617177963257,False,False,True,-0.008098006248474121,
16,31,17,mlp,degradation,0.99169921875,0.9688042998313904,757,AGCCTC,2.333984375,3478,GGTCTG,3.16015625,3478,GGTCTG,3.16015625,757,AGCCTC,0.03793587163090706,3478,GGTCTG,0.0007901479257270694,1465,CAGCCN,0.48241493105888367,False,False,True,-0.009935617446899414,
16,32,17,mlp,degradation,1.001953125,0.9573477506637573,757,AGCCTC,2.3359375,3478,GGTCTG,3.171875,3478,GGTCTG,3.171875,757,AGCCTC,0.03799622133374214,3478,GGTCTG,0.0008166385814547539,1465,CAGCCN,0.480909526348114,False,False,True,-0.004949748516082764,
16,33,17,mlp,degradation,1.0,0.9290536642074585,757,AGCCTC,2.337890625,3478,GGTCTG,3.171875,3478,GGTCTG,3.171875,757,AGCCTC,0.03808405622839928,3478,GGTCTG,0.000820852757897228,1465,CAGCCN,0.4797758460044861,False,False,True,-0.005057036876678467,
16,34,17,mlp,degradation,0.998046875,0.9258078932762146,757,AGCCTC,2.33984375,3478,GGTCTG,3.171875,3478,GGTCTG,3.171875,757,AGCCTC,0.03809710592031479,3478,GGTCTG,0.0008243100601248443,1465,CAGCCN,0.47835373878479004,False,False,True,-0.002253115177154541,
17,0,17,mlp,degradation,1.0,1.0198992490768433,757,AGCCTC,2.33984375,3478,GGTCTG,3.173828125,3478,GGTCTG,3.173828125,757,AGCCTC,0.037804409861564636,3478,GGTCTG,0.0008096942328847945,1465,CAGCCN,0.4813450574874878,False,False,True,-0.001528322696685791,
17,1,17,mlp,degradation,1.0,1.1424851417541504,757,AGCCTC,2.33984375,3478,GGTCTG,3.173828125,3478,GGTCTG,3.173828125,757,AGCCTC,0.037445515394210815,3478,GGTCTG,0.0008130972855724394,1465,CAGCCN,0.4767754077911377,False,False,True,-0.0032144784927368164,
17,2,17,mlp,degradation,1.0,1.1115679740905762,757,AGCCTC,2.33984375,3478,GGTCTG,3.173828125,3478,GGTCTG,3.173828125,757,AGCCTC,0.0375288762152195,3478,GGTCTG,0.0008050817996263504,1465,CAGCCN,0.47783681750297546,False,False,True,-0.0037379562854766846,
17,3,17,mlp,degradation,1.0,1.1373095512390137,757,AGCCTC,2.33984375,3478,GGTCTG,3.173828125,3478,GGTCTG,3.173828125,757,AGCCTC,0.037478283047676086,3478,GGTCTG,0.0008305690134875476,1465,CAGCCN,0.4771926701068878,False,False,True,-0.0033190250396728516,
17,4,17,mlp,degradation,1.0,0.9383648633956909,757,AGCCTC,2.33984375,3478,GGTCTG,3.173828125,3478,GGTCTG,3.173828125,757,AGCCTC,0.03800541162490845,3478,GGTCTG,0.0007697275723330677,1465,CAGCCN,0.48390430212020874,False,False,True,-0.002702951431274414,
17,5,17,mlp,degradation,1.0,1.549482822418213,757,AGCCTC,2.33984375,3478,GGTCTG,3.173828125,3478,GGTCTG,3.173828125,757,AGCCTC,0.03633071854710579,3478,GGTCTG,0.0009011600632220507,1465,CAGCCN,0.4625812768936157,False,False,True,-0.0028439462184906006,
17,6,17,mlp,degradation,1.0,1.5905581712722778,757,AGCCTC,2.33984375,3478,GGTCTG,3.173828125,3478,GGTCTG,3.173828125,757,AGCCTC,0.036476973444223404,3478,GGTCTG,0.001168808783404529,1465,CAGCCN,0.46444347500801086,False,False,True,-0.003870248794555664,
17,7,17,mlp,degradation,0.056976318359375,0.2811799645423889,757,AGCCTC,2.46875,3478,GGTCTG,2.4296875,3798,GTTCTG,2.654296875,757,AGCCTC,0.03978623449802399,3478,GGTCTG,0.0006082757608965039,1465,CAGCCN,0.44531121850013733,False,False,True,-0.0034005939960479736,
17,8,17,mlp,degradation,0.056976318359375,-0.014354392886161804,757,AGCCTC,2.46875,3478,GGTCTG,2.4296875,3798,GTTCTG,2.654296875,757,AGCCTC,0.040395013988018036,3478,GGTCTG,0.00034362051519565284,1465,CAGCCN,0.5297018885612488,False,False,True,-0.004092484712600708,
17,9,17,mlp,degradation,0.056976318359375,-0.4716554880142212,757,AGCCTC,2.46875,3478,GGTCTG,2.4296875,3798,GTTCTG,2.654296875,757,AGCCTC,0.041735488921403885,3478,GGTCTG,0.00033256865572184324,1465,CAGCCN,0.5340964198112488,False,False,True,-0.0023958683013916016,
17,10,17,mlp,degradation,1.0,0.5516974925994873,757,AGCCTC,2.33984375,3478,GGTCTG,3.173828125,3478,GGTCTG,3.173828125,757,AGCCTC,0.039149705320596695,3478,GGTCTG,0.0007712451624684036,1465,CAGCCN,0.5226992964744568,False,False,True,-0.004449754953384399,
17,11,17,mlp,degradation,1.0,0.7446536421775818,757,AGCCTC,2.33984375,3478,GGTCTG,3.173828125,3478,GGTCTG,3.173828125,757,AGCCTC,0.039177775382995605,3478,GGTCTG,0.001369587262161076,1465,CAGCCN,0.4337892234325409,False,False,True,-0.00770878791809082,
17,12,17,mlp,degradation,1.0,1.2869642972946167,757,AGCCTC,2.33984375,3478,GGTCTG,3.173828125,3478,GGTCTG,3.173828125,757,AGCCTC,0.037152018398046494,3478,GGTCTG,0.0009466003975830972,1465,CAGCCN,0.4541260302066803,False,False,True,-0.010452300310134888,
17,13,17,mlp,degradation,1.0,2.035801410675049,757,AGCCTC,2.33984375,3478,GGTCTG,3.173828125,3478,GGTCTG,3.173828125,757,AGCCTC,0.034760620445013046,3478,GGTCTG,0.000768347061239183,1465,CAGCCN,0.49760210514068604,False,False,True,-0.014553755521774292,
17,14,17,mlp,degradation,1.0,1.9513579607009888,757,AGCCTC,2.33984375,3478,GGTCTG,3.173828125,3478,GGTCTG,3.173828125,757,AGCCTC,0.03479786217212677,3478,GGTCTG,0.0005560223362408578,1465,CAGCCN,0.5176625847816467,False,False,True,-0.03300368785858154,
17,15,17,mlp,degradation,1.0,1.5796159505844116,757,AGCCTC,2.33984375,3478,GGTCTG,3.173828125,3478,GGTCTG,3.173828125,757,AGCCTC,0.035911835730075836,3478,GGTCTG,0.0005713318823836744,1465,CAGCCN,0.5116870999336243,False,False,True,-0.052626579999923706,
17,16,17,mlp,degradation,1.0,1.2924309968948364,757,AGCCTC,2.33984375,3478,GGTCTG,3.173828125,3478,GGTCTG,3.173828125,757,AGCCTC,0.03682192787528038,3478,GGTCTG,0.0006326676229946315,1465,CAGCCN,0.49933183193206787,False,False,True,-0.07608288526535034,
17,17,17,mlp,degradation,1.0,1.2813148498535156,757,AGCCTC,2.33984375,3478,GGTCTG,3.173828125,3478,GGTCTG,3.173828125,757,AGCCTC,0.03690550848841667,3478,GGTCTG,0.0006833936204202473,1465,CAGCCN,0.49658578634262085,False,False,True,-0.1452457308769226,
17,18,17,mlp,degradation,1.0,1.0449539422988892,757,AGCCTC,2.33984375,3478,GGTCTG,3.173828125,3478,GGTCTG,3.173828125,757,AGCCTC,0.037675924599170685,3478,GGTCTG,0.0007552587776444852,1465,CAGCCN,0.4869215190410614,False,False,True,-0.09250015020370483,
17,19,17,mlp,degradation,1.0,1.022071123123169,757,AGCCTC,2.33984375,3478,GGTCTG,3.173828125,3478,GGTCTG,3.173828125,757,AGCCTC,0.03777586668729782,3478,GGTCTG,0.0007875719456933439,1465,CAGCCN,0.48385244607925415,False,False,True,-0.07315921783447266,
17,20,17,mlp,degradation,1.0,0.9461924433708191,757,AGCCTC,2.33984375,3478,GGTCTG,3.173828125,3478,GGTCTG,3.173828125,757,AGCCTC,0.038052622228860855,3478,GGTCTG,0.0008400733349844813,1465,CAGCCN,0.47773683071136475,False,False,True,-0.0019173622131347656,
17,21,17,mlp,degradation,1.0,0.9407497048377991,757,AGCCTC,2.33984375,3478,GGTCTG,3.173828125,3478,GGTCTG,3.173828125,757,AGCCTC,0.03807630389928818,3478,GGTCTG,0.0008476674556732178,1465,CAGCCN,0.47699952125549316,False,False,True,-0.0364970862865448,
17,22,17,mlp,degradation,1.0,0.9869237542152405,757,AGCCTC,2.33984375,3478,GGTCTG,3.173828125,3478,GGTCTG,3.173828125,757,AGCCTC,0.037915587425231934,3478,GGTCTG,0.0008234174456447363,1465,CAGCCN,0.4802772104740143,False,False,True,-0.029661446809768677,
17,23,17,mlp,degradation,1.0,0.9985995888710022,757,AGCCTC,2.33984375,3478,GGTCTG,3.173828125,3478,GGTCTG,3.173828125,757,AGCCTC,0.03787703812122345,3478,GGTCTG,0.0008193734101951122,1465,CAGCCN,0.48091763257980347,False,False,True,-0.010241031646728516,
17,24,17,mlp,degradation,1.0,1.0043524503707886,757,AGCCTC,2.33984375,3478,GGTCTG,3.173828125,3478,GGTCTG,3.173828125,757,AGCCTC,0.037854187190532684,3478,GGTCTG,0.0008135238895192742,1465,CAGCCN,0.4816112816333771,False,False,True,-0.007363647222518921,
17,25,17,mlp,degradation,1.0,1.000973105430603,757,AGCCTC,2.33984375,3478,GGTCTG,3.173828125,3478,GGTCTG,3.173828125,757,AGCCTC,0.03786422684788704,3478,GGTCTG,0.0008135782554745674,1465,CAGCCN,0.4815773367881775,False,False,True,-0.006544202566146851,
17,26,17,mlp,degradation,1.0,0.99329674243927,757,AGCCTC,2.33984375,3478,GGTCTG,3.173828125,3478,GGTCTG,3.173828125,757,AGCCTC,0.037882428616285324,3478,GGTCTG,0.0008090905030258,1465,CAGCCN,0.4819117486476898,False,False,True,-0.007773488759994507,
17,27,17,mlp,degradation,1.0,0.9890892505645752,757,AGCCTC,2.33984375,3478,GGTCTG,3.173828125,3478,GGTCTG,3.173828125,757,AGCCTC,0.037897296249866486,3478,GGTCTG,0.000811522826552391,1465,CAGCCN,0.48160094022750854,False,False,True,-0.008229255676269531,
17,28,17,mlp,degradation,1.0,0.9975054860115051,757,AGCCTC,2.33984375,3478,GGTCTG,3.173828125,3478,GGTCTG,3.173828125,757,AGCCTC,0.03787050023674965,3478,GGTCTG,0.0008096012752503157,1465,CAGCCN,0.4819217622280121,False,False,True,-0.00763508677482605,
17,29,17,mlp,degradation,1.0,0.9996634721755981,757,AGCCTC,2.33984375,3478,GGTCTG,3.173828125,3478,GGTCTG,3.173828125,757,AGCCTC,0.03786269575357437,3478,GGTCTG,0.0008081755950115621,1465,CAGCCN,0.4821019172668457,False,False,True,-0.009453028440475464,
17,30,17,mlp,degradation,1.0,1.0016260147094727,757,AGCCTC,2.33984375,3478,GGTCTG,3.173828125,3478,GGTCTG,3.173828125,757,AGCCTC,0.03785567358136177,3478,GGTCTG,0.0008069538162089884,1465,CAGCCN,0.48226261138916016,False,False,True,-0.008996576070785522,
17,31,17,mlp,degradation,1.0,1.0014231204986572,757,AGCCTC,2.33984375,3478,GGTCTG,3.173828125,3478,GGTCTG,3.173828125,757,AGCCTC,0.037856802344322205,3478,GGTCTG,0.0008074828656390309,1465,CAGCCN,0.4822033941745758,False,False,True,-0.009147435426712036,
17,32,17,mlp,degradation,1.0,1.0000579357147217,757,AGCCTC,2.33984375,3478,GGTCTG,3.173828125,3478,GGTCTG,3.173828125,757,AGCCTC,0.03786168247461319,3478,GGTCTG,0.0008083266438916326,1465,CAGCCN,0.48208901286125183,False,False,True,-0.005803167819976807,
17,33,17,mlp,degradation,1.0,0.9996836185455322,757,AGCCTC,2.33984375,3478,GGTCTG,3.173828125,3478,GGTCTG,3.173828125,757,AGCCTC,0.03786337748169899,3478,GGTCTG,0.0008089180337265134,1465,CAGCCN,0.4820222854614258,False,False,True,-0.005056172609329224,
17,34,17,mlp,degradation,1.0,0.9994214177131653,757,AGCCTC,2.33984375,3478,GGTCTG,3.173828125,3478,GGTCTG,3.173828125,757,AGCCTC,0.03786413371562958,3478,GGTCTG,0.0008088973117992282,1465,CAGCCN,0.48201724886894226,False,False,True,-0.0028616786003112793,
