Layer,Time_Offset,Target_Timestep,Component,Metric_Mode,Logit_Score,Posteriors_Score,Target_Transition_Prior,Target_String_Prior,Target_Logit,Wrong_Transition_Prior,Wrong_String_Prior,Wrong_Logit,Actual_Argmax_Prior,Actual_String_Prior,Actual_Argmax_Logit,Target_Transition_Post,Target_String_Post,Target_Prob,Wrong_Transition_Post,Wrong_String_Post,Wrong_Prob,Actual_Transition_Post,actual_String_Post,actual_Prob,Is_Target_Logit_Argmax,Is_Target_Prob_Argmax,Should_Decode,Global_MSE_Change,New_String
0,0,40,head_0,degradation,0.966796875,0.9997573494911194,2693,GACGGG,1.6162109375,0,AAAAAN,2.0,0,AAAAAN,2.0,3330,GGCGGN,0.08448178321123123,3090,GCGGGN,0.12368790060281754,3090,GCGGGN,0.12368790060281754,False,False,True,0.00021572783589363098,
0,1,40,head_0,degradation,0.9833984375,1.001228928565979,2693,GACGGG,1.609375,0,AAAAAN,2.0,0,AAAAAN,2.0,3330,GGCGGN,0.08478639274835587,3090,GCGGGN,0.12425895035266876,3090,GCGGGN,0.12425895035266876,False,False,True,0.0003507472574710846,
0,2,40,head_0,degradation,0.96875,0.9962179660797119,2693,GACGGG,1.615234375,0,AAAAAN,2.0,0,AAAAAN,2.0,3330,GGCGGN,0.08502588421106339,3090,GCGGGN,0.12359116971492767,3090,GCGGGN,0.12359116971492767,False,False,True,-0.0004585385322570801,
0,3,40,head_0,degradation,0.98095703125,0.9980670809745789,2693,GACGGG,1.6103515625,0,AAAAAN,2.0,0,AAAAAN,2.0,3330,GGCGGN,0.08427632600069046,3090,GCGGGN,0.12317640334367752,3090,GCGGGN,0.12317640334367752,False,False,True,-0.00016899779438972473,
0,4,40,head_0,degradation,0.99755859375,1.003762125968933,2693,GACGGG,1.603515625,0,AAAAAN,2.0,0,AAAAAN,2.0,3330,GGCGGN,0.08322476595640182,3090,GCGGGN,0.12315597385168076,3090,GCGGGN,0.12315597385168076,False,False,True,0.0004082024097442627,
0,5,40,head_0,degradation,0.99755859375,1.0005745887756348,2693,GACGGG,1.603515625,0,AAAAAN,2.0,0,AAAAAN,2.0,3330,GGCGGN,0.08428081125020981,3090,GCGGGN,0.12363490462303162,3090,GCGGGN,0.12363490462303162,False,False,True,0.0002074912190437317,
0,6,40,head_0,degradation,0.96875,1.0005607604980469,2693,GACGGG,1.615234375,0,AAAAAN,2.0,0,AAAAAN,2.0,3330,GGCGGN,0.08368109911680222,3090,GCGGGN,0.12303268164396286,3090,GCGGGN,0.12303268164396286,False,False,True,0.0003442429006099701,
0,7,40,head_0,degradation,1.0,1.0005793571472168,2693,GACGGG,1.6025390625,0,AAAAAN,2.0,0,AAAAAN,2.0,3330,GGCGGN,0.08386416733264923,3090,GCGGGN,0.12321910262107849,3090,GCGGGN,0.12321910262107849,False,False,True,0.0002277381718158722,
0,8,40,head_0,degradation,1.0068359375,1.001307487487793,2693,GACGGG,1.599609375,0,AAAAAN,2.0,0,AAAAAN,2.0,3330,GGCGGN,0.08386451750993729,3090,GCGGGN,0.12335129827260971,3090,GCGGGN,0.12335129827260971,False,False,True,0.0005312338471412659,
0,9,40,head_0,degradation,0.99267578125,0.9978682398796082,2693,GACGGG,1.60546875,0,AAAAAN,2.0,0,AAAAAN,2.0,3330,GGCGGN,0.08495251834392548,3090,GCGGGN,0.1238166019320488,3090,GCGGGN,0.1238166019320488,False,False,True,-4.778057336807251e-05,
0,10,40,head_0,degradation,1.0048828125,1.0010491609573364,2693,GACGGG,1.6005859375,0,AAAAAN,2.0,0,AAAAAN,2.0,3330,GGCGGN,0.08414996415376663,3090,GCGGGN,0.12358996272087097,3090,GCGGGN,0.12358996272087097,False,False,True,0.00043013691902160645,
0,11,40,head_0,degradation,1.0166015625,1.002980351448059,2693,GACGGG,1.595703125,0,AAAAAN,2.0,0,AAAAAN,2.0,3330,GGCGGN,0.08358186483383179,3090,GCGGGN,0.12337152659893036,3090,GCGGGN,0.12337152659893036,False,False,True,0.0009086206555366516,
0,12,40,head_0,degradation,1.0166015625,1.0050104856491089,2693,GACGGG,1.595703125,0,AAAAAN,2.0,0,AAAAAN,2.0,3330,GGCGGN,0.08258190751075745,3090,GCGGGN,0.12273914366960526,3090,GCGGGN,0.12273914366960526,False,False,True,0.00132843479514122,
0,13,40,head_0,degradation,0.9833984375,0.9991053938865662,2693,GACGGG,1.609375,0,AAAAAN,2.0,0,AAAAAN,2.0,3330,GGCGGN,0.08383164554834366,3090,GCGGGN,0.1229197233915329,3090,GCGGGN,0.1229197233915329,False,False,True,0.00045335665345191956,
0,14,40,head_0,degradation,0.990234375,1.00269615650177,2693,GACGGG,1.6064453125,0,AAAAAN,2.0,0,AAAAAN,2.0,3330,GGCGGN,0.08297082036733627,3090,GCGGGN,0.12270902097225189,3090,GCGGGN,0.12270902097225189,False,False,True,0.0010753720998764038,
0,15,40,head_0,degradation,0.96435546875,0.99882572889328,2693,GACGGG,1.6171875,0,AAAAAN,2.0,0,AAAAAN,2.0,3330,GGCGGN,0.08384372293949127,3090,GCGGGN,0.12288116663694382,3090,GCGGGN,0.12288116663694382,False,False,True,0.000570494681596756,
0,16,40,head_0,degradation,0.978515625,0.9997305274009705,2693,GACGGG,1.611328125,0,AAAAAN,2.0,0,AAAAAN,2.0,3330,GGCGGN,0.08365660160779953,3090,GCGGGN,0.12285786867141724,3090,GCGGGN,0.12285786867141724,False,False,True,0.0005979053676128387,
0,17,40,head_0,degradation,1.0146484375,0.9999733567237854,2693,GACGGG,1.5966796875,0,AAAAAN,2.0,0,AAAAAN,2.0,3330,GGCGGN,0.084647536277771,3090,GCGGGN,0.12389276176691055,3090,GCGGGN,0.12389276176691055,False,False,True,-5.0395727157592773e-05,
0,18,40,head_0,degradation,0.98828125,1.0004374980926514,2693,GACGGG,1.607421875,0,AAAAAN,2.0,0,AAAAAN,2.0,3330,GGCGGN,0.08419535309076309,3090,GCGGGN,0.12352460622787476,3090,GCGGGN,0.12352460622787476,False,False,True,-4.151090979576111e-05,
0,19,40,head_0,degradation,0.99267578125,0.9960833191871643,2693,GACGGG,1.60546875,0,AAAAAN,2.0,0,AAAAAN,2.0,3330,GGCGGN,0.08543127775192261,3090,GCGGGN,0.12397218495607376,3090,GCGGGN,0.12397218495607376,False,False,True,-0.00045255571603775024,
0,20,40,head_0,degradation,0.95703125,0.9985921382904053,2693,GACGGG,1.6201171875,0,AAAAAN,2.0,0,AAAAAN,2.0,3330,GGCGGN,0.08297061175107956,3090,GCGGGN,0.12196575850248337,3090,GCGGGN,0.12196575850248337,False,False,True,0.000309966504573822,
0,21,40,head_0,degradation,0.96435546875,0.9979831576347351,2693,GACGGG,1.6171875,0,AAAAAN,2.0,0,AAAAAN,2.0,3330,GGCGGN,0.08368483185768127,3090,GCGGGN,0.12256971746683121,3090,GCGGGN,0.12256971746683121,False,False,True,0.00040027499198913574,
0,22,40,head_0,degradation,0.94287109375,0.9980124235153198,2693,GACGGG,1.6259765625,0,AAAAAN,2.0,0,AAAAAN,2.0,3330,GGCGGN,0.08366404473781586,3090,GCGGGN,0.1225542277097702,3090,GCGGGN,0.1225542277097702,False,False,True,0.0001922398805618286,
0,23,40,head_0,degradation,0.9736328125,0.9981865286827087,2693,GACGGG,1.61328125,0,AAAAAN,2.0,0,AAAAAN,2.0,3330,GGCGGN,0.08442102372646332,3090,GCGGGN,0.12334272265434265,3090,GCGGGN,0.12334272265434265,False,False,True,-0.00015175342559814453,
0,24,40,head_0,degradation,0.97607421875,0.9992672204971313,2693,GACGGG,1.6123046875,0,AAAAAN,2.0,0,AAAAAN,2.0,3330,GGCGGN,0.0846734419465065,3090,GCGGGN,0.12379081547260284,3090,GCGGGN,0.12379081547260284,False,False,True,8.263066411018372e-05,
0,25,40,head_0,degradation,0.98095703125,1.0001426935195923,2693,GACGGG,1.6103515625,0,AAAAAN,2.0,0,AAAAAN,2.0,3330,GGCGGN,0.084380142390728,3090,GCGGGN,0.1236560195684433,3090,GCGGGN,0.1236560195684433,False,False,True,0.0002529434859752655,
0,26,40,head_0,degradation,0.98828125,1.0011804103851318,2693,GACGGG,1.607421875,0,AAAAAN,2.0,0,AAAAAN,2.0,3330,GGCGGN,0.08343356847763062,3090,GCGGGN,0.12289732694625854,3090,GCGGGN,0.12289732694625854,False,False,True,0.0006581433117389679,
0,27,40,head_0,degradation,1.001953125,1.0013666152954102,2693,GACGGG,1.6015625,0,AAAAAN,2.0,0,AAAAAN,2.0,3330,GGCGGN,0.08462033420801163,3090,GCGGGN,0.12411781400442123,3090,GCGGGN,0.12411781400442123,False,False,True,-1.7695128917694092e-05,
0,28,40,head_0,degradation,1.041015625,1.0044565200805664,2693,GACGGG,1.5859375,0,AAAAAN,2.0,0,AAAAAN,2.0,3330,GGCGGN,0.08359691500663757,3090,GCGGGN,0.123653843998909,3090,GCGGGN,0.123653843998909,False,False,True,0.0010561496019363403,
0,29,40,head_0,degradation,1.0146484375,1.002359390258789,2693,GACGGG,1.5966796875,0,AAAAAN,2.0,0,AAAAAN,2.0,3330,GGCGGN,0.08324331045150757,3090,GCGGGN,0.12292055040597916,3090,GCGGGN,0.12292055040597916,False,False,True,0.0006451793015003204,
0,30,40,head_0,degradation,1.0048828125,1.0003223419189453,2693,GACGGG,1.6005859375,0,AAAAAN,2.0,0,AAAAAN,2.0,3330,GGCGGN,0.08424759656190872,3090,GCGGGN,0.12355600297451019,3090,GCGGGN,0.12355600297451019,False,False,True,0.0003375932574272156,
0,31,40,head_0,degradation,1.01171875,0.99989253282547,2693,GACGGG,1.59765625,0,AAAAAN,2.0,0,AAAAAN,2.0,3330,GGCGGN,0.08419379591941833,3090,GCGGGN,0.12342437356710434,3090,GCGGGN,0.12342437356710434,False,False,True,-1.8671154975891113e-05,
0,32,40,head_0,degradation,1.0,1.0015538930892944,2693,GACGGG,1.6025390625,0,AAAAAN,2.0,0,AAAAAN,2.0,3330,GGCGGN,0.08401531726121902,3090,GCGGGN,0.12354670464992523,3090,GCGGGN,0.12354670464992523,False,False,True,0.0004832223057746887,
0,33,40,head_0,degradation,1.03125,1.00298011302948,2693,GACGGG,1.58984375,0,AAAAAN,2.0,0,AAAAAN,2.0,3330,GGCGGN,0.08346328884363174,3090,GCGGGN,0.12325290590524673,3090,GCGGGN,0.12325290590524673,False,False,True,0.0005587264895439148,
0,34,40,head_0,degradation,0.98095703125,0.9973030686378479,2693,GACGGG,1.6103515625,0,AAAAAN,2.0,0,AAAAAN,2.0,3330,GGCGGN,0.08487731218338013,3090,GCGGGN,0.1236390620470047,3090,GCGGGN,0.1236390620470047,False,False,True,-0.00010982155799865723,
0,35,40,head_0,degradation,0.9833984375,0.9985715746879578,2693,GACGGG,1.609375,0,AAAAAN,2.0,0,AAAAAN,2.0,3330,GGCGGN,0.08338415622711182,3090,GCGGGN,0.12237557023763657,3090,GCGGGN,0.12237557023763657,False,False,True,0.00039947032928466797,
0,36,40,head_0,degradation,0.966796875,1.000373125076294,2693,GACGGG,1.6162109375,0,AAAAAN,2.0,0,AAAAAN,2.0,3330,GGCGGN,0.08330662548542023,3090,GCGGGN,0.1226242408156395,3090,GCGGGN,0.1226242408156395,False,False,True,0.00045945867896080017,
0,37,40,head_0,degradation,0.966796875,0.9998005628585815,2693,GACGGG,1.6162109375,0,AAAAAN,2.0,0,AAAAAN,2.0,3330,GGCGGN,0.08357971906661987,3090,GCGGGN,0.12279365956783295,3090,GCGGGN,0.12279365956783295,False,False,True,0.00042489543557167053,
0,38,40,head_0,degradation,0.98095703125,0.9976860284805298,2693,GACGGG,1.6103515625,0,AAAAAN,2.0,0,AAAAAN,2.0,3330,GGCGGN,0.08488860726356506,3090,GCGGGN,0.12371968477964401,3090,GCGGGN,0.12371968477964401,False,False,True,-0.00010775774717330933,
0,39,40,head_0,degradation,1.0,0.9987999200820923,2693,GACGGG,1.6025390625,0,AAAAAN,2.0,0,AAAAAN,2.0,3330,GGCGGN,0.08452294766902924,3090,GCGGGN,0.12355571240186691,3090,GCGGGN,0.12355571240186691,False,False,True,0.000181637704372406,
0,40,40,head_0,degradation,1.0068359375,1.0022534132003784,2693,GACGGG,1.599609375,0,AAAAAN,2.0,0,AAAAAN,2.0,3330,GGCGGN,0.0835820659995079,3090,GCGGGN,0.12324011325836182,3090,GCGGGN,0.12324011325836182,False,False,True,0.00023510679602622986,
0,41,40,head_0,degradation,0.99755859375,0.9992716312408447,2693,GACGGG,1.603515625,0,AAAAAN,2.0,0,AAAAAN,2.0,3330,GGCGGN,0.08408983051776886,3090,GCGGGN,0.12320800870656967,3090,GCGGGN,0.12320800870656967,False,False,True,0.0004885271191596985,
0,42,40,head_0,degradation,0.99267578125,0.9989763498306274,2693,GACGGG,1.60546875,0,AAAAAN,2.0,0,AAAAAN,2.0,3330,GGCGGN,0.08334124833345413,3090,GCGGGN,0.12240594625473022,3090,GCGGGN,0.12240594625473022,False,False,True,0.000974014401435852,
0,43,40,head_0,degradation,1.0361328125,1.004462718963623,2693,GACGGG,1.587890625,0,AAAAAN,2.0,0,AAAAAN,2.0,3330,GGCGGN,0.08224747329950333,3090,GCGGGN,0.12230551242828369,3090,GCGGGN,0.12230551242828369,False,False,True,0.00147281214594841,
0,44,40,head_0,degradation,1.0146484375,1.0040147304534912,2693,GACGGG,1.5966796875,0,AAAAAN,2.0,0,AAAAAN,2.0,3330,GGCGGN,0.082596056163311,3090,GCGGGN,0.12257299572229385,3090,GCGGGN,0.12257299572229385,False,False,True,0.0011839047074317932,
0,45,40,head_0,degradation,0.99267578125,1.001939058303833,2693,GACGGG,1.60546875,0,AAAAAN,2.0,0,AAAAAN,2.0,3330,GGCGGN,0.08336717635393143,3090,GCGGGN,0.12296829372644424,3090,GCGGGN,0.12296829372644424,False,False,True,0.0006592646241188049,
0,46,40,head_0,degradation,1.0,1.0034477710723877,2693,GACGGG,1.6025390625,0,AAAAAN,2.0,0,AAAAAN,2.0,3330,GGCGGN,0.08327850699424744,3090,GCGGGN,0.12315279245376587,3090,GCGGGN,0.12315279245376587,False,False,True,0.0007472485303878784,
0,47,40,head_0,degradation,1.0283203125,0.9997616410255432,2693,GACGGG,1.5908203125,0,AAAAAN,2.0,0,AAAAAN,2.0,3330,GGCGGN,0.08378072828054428,3090,GCGGGN,0.12298761308193207,3090,GCGGGN,0.12298761308193207,False,False,True,0.0004013143479824066,
0,48,40,head_0,degradation,0.99267578125,1.0026096105575562,2693,GACGGG,1.60546875,0,AAAAAN,2.0,0,AAAAAN,2.0,3330,GGCGGN,0.08253337442874908,3090,GCGGGN,0.12225590646266937,3090,GCGGGN,0.12225590646266937,False,False,True,0.001091793179512024,
0,49,40,head_0,degradation,1.052734375,1.0039925575256348,2693,GACGGG,1.5810546875,0,AAAAAN,2.0,0,AAAAAN,2.0,3330,GGCGGN,0.0827658474445343,3090,GCGGGN,0.122738778591156,3090,GCGGGN,0.122738778591156,False,False,True,0.0011837072670459747,
0,50,40,head_0,degradation,1.0166015625,1.005104660987854,2693,GACGGG,1.595703125,0,AAAAAN,2.0,0,AAAAAN,2.0,3330,GGCGGN,0.08186747133731842,3090,GCGGGN,0.1220417395234108,3090,GCGGGN,0.1220417395234108,False,False,True,0.0015434063971042633,
0,51,40,head_0,degradation,1.0,1.0043978691101074,2693,GACGGG,1.6025390625,0,AAAAAN,2.0,0,AAAAAN,2.0,3330,GGCGGN,0.0822693482041359,3090,GCGGGN,0.12231564521789551,3090,GCGGGN,0.12231564521789551,False,False,True,0.0009860023856163025,
1,0,40,head_0,degradation,0.9736328125,0.9980625510215759,2693,GACGGG,1.61328125,0,AAAAAN,2.0,0,AAAAAN,2.0,3330,GGCGGN,0.08422572165727615,3090,GCGGGN,0.12312497943639755,3090,GCGGGN,0.12312497943639755,False,False,True,-0.0003841519355773926,
1,1,40,head_0,degradation,0.95703125,0.9968311190605164,2693,GACGGG,1.6201171875,0,AAAAAN,2.0,0,AAAAAN,2.0,3330,GGCGGN,0.08423881977796555,3090,GCGGGN,0.1229151114821434,3090,GCGGGN,0.1229151114821434,False,False,True,-0.0005838833749294281,
1,2,40,head_0,degradation,0.97607421875,0.9942969083786011,2693,GACGGG,1.6123046875,0,AAAAAN,2.0,0,AAAAAN,2.0,3330,GGCGGN,0.08539244532585144,3090,GCGGGN,0.12360989302396774,3090,GCGGGN,0.12360989302396774,False,False,True,-0.0009608305990695953,
1,3,40,head_0,degradation,0.96435546875,0.9927122592926025,2693,GACGGG,1.6171875,0,AAAAAN,2.0,0,AAAAAN,2.0,3330,GGCGGN,0.08597923815250397,3090,GCGGGN,0.12390978634357452,3090,GCGGGN,0.12390978634357452,False,False,True,-0.0008847638964653015,
1,4,40,head_0,degradation,0.95458984375,0.995927095413208,2693,GACGGG,1.62109375,0,AAAAAN,2.0,0,AAAAAN,2.0,3330,GGCGGN,0.08689116686582565,3090,GCGGGN,0.1254037767648697,3090,GCGGGN,0.1254037767648697,False,False,True,-0.0013144537806510925,
1,5,40,head_0,degradation,0.9521484375,0.9938371777534485,2693,GACGGG,1.6220703125,0,AAAAAN,2.0,0,AAAAAN,2.0,3330,GGCGGN,0.08648402243852615,3090,GCGGGN,0.12461824715137482,3090,GCGGGN,0.12461824715137482,False,False,True,-0.0009820237755775452,
1,6,40,head_0,degradation,0.95947265625,0.9960001707077026,2693,GACGGG,1.619140625,0,AAAAAN,2.0,0,AAAAAN,2.0,3330,GGCGGN,0.08639688044786453,3090,GCGGGN,0.1249227300286293,3090,GCGGGN,0.1249227300286293,False,False,True,-0.0010979101061820984,
1,7,40,head_0,degradation,0.9833984375,0.9931678771972656,2693,GACGGG,1.609375,0,AAAAAN,2.0,0,AAAAAN,2.0,3330,GGCGGN,0.08659753203392029,3090,GCGGGN,0.12461057305335999,3090,GCGGGN,0.12461057305335999,False,False,True,-0.0013958103954792023,
1,8,40,head_0,degradation,1.0,0.9957674145698547,2693,GACGGG,1.6025390625,0,AAAAAN,2.0,0,AAAAAN,2.0,3330,GGCGGN,0.08477966487407684,3090,GCGGGN,0.12326336652040482,3090,GCGGGN,0.12326336652040482,False,False,True,-0.0005228817462921143,
1,9,40,head_0,degradation,0.96875,0.9992782473564148,2693,GACGGG,1.615234375,0,AAAAAN,2.0,0,AAAAAN,2.0,3330,GGCGGN,0.08387456834316254,3090,GCGGGN,0.12299392372369766,3090,GCGGGN,0.12299392372369766,False,False,True,-8.176267147064209e-05,
1,10,40,head_0,degradation,0.978515625,0.9975387454032898,2693,GACGGG,1.611328125,0,AAAAAN,2.0,0,AAAAAN,2.0,3330,GGCGGN,0.08460810780525208,3090,GCGGGN,0.12341251969337463,3090,GCGGGN,0.12341251969337463,False,False,True,-0.00014165043830871582,
1,11,40,head_0,degradation,0.99267578125,0.9975840449333191,2693,GACGGG,1.60546875,0,AAAAAN,2.0,0,AAAAAN,2.0,3330,GGCGGN,0.08458498120307922,3090,GCGGGN,0.12339760363101959,3090,GCGGGN,0.12339760363101959,False,False,True,-0.00029948726296424866,
1,12,40,head_0,degradation,0.9833984375,1.0003942251205444,2693,GACGGG,1.609375,0,AAAAAN,2.0,0,AAAAAN,2.0,3330,GGCGGN,0.08448608964681625,3090,GCGGGN,0.12380751222372055,3090,GCGGGN,0.12380751222372055,False,False,True,0.00029613450169563293,
1,13,40,head_0,degradation,1.0048828125,0.9987327456474304,2693,GACGGG,1.6005859375,0,AAAAAN,2.0,0,AAAAAN,2.0,3330,GGCGGN,0.0851290225982666,3090,GCGGGN,0.1241496130824089,3090,GCGGGN,0.1241496130824089,False,False,True,-0.00010854750871658325,
1,14,40,head_0,degradation,0.99755859375,0.9938810467720032,2693,GACGGG,1.603515625,0,AAAAAN,2.0,0,AAAAAN,2.0,3330,GGCGGN,0.08702224493026733,3090,GCGGGN,0.12516440451145172,3090,GCGGGN,0.12516440451145172,False,False,True,-0.0007639117538928986,
1,15,40,head_0,degradation,0.94287109375,0.9921671748161316,2693,GACGGG,1.6259765625,0,AAAAAN,2.0,0,AAAAAN,2.0,3330,GGCGGN,0.0865134745836258,3090,GCGGGN,0.1243453323841095,3090,GCGGGN,0.1243453323841095,False,False,True,-0.0008779764175415039,
1,16,40,head_0,degradation,0.92138671875,0.9943526983261108,2693,GACGGG,1.634765625,0,AAAAAN,2.0,0,AAAAAN,2.0,3330,GGCGGN,0.08666113764047623,3090,GCGGGN,0.12488870322704315,3090,GCGGGN,0.12488870322704315,False,False,True,-0.0012555047869682312,
1,17,40,head_0,degradation,0.99267578125,0.9933273792266846,2693,GACGGG,1.60546875,0,AAAAAN,2.0,0,AAAAAN,2.0,3330,GGCGGN,0.08574401587247849,3090,GCGGGN,0.12378593534231186,3090,GCGGGN,0.12378593534231186,False,False,True,-0.0008981302380561829,
1,18,40,head_0,degradation,1.0478515625,0.995789647102356,2693,GACGGG,1.5830078125,0,AAAAAN,2.0,0,AAAAAN,2.0,3330,GGCGGN,0.08486320078372955,3090,GCGGGN,0.12335093319416046,3090,GCGGGN,0.12335093319416046,False,False,True,-0.0003290437161922455,
1,19,40,head_0,degradation,1.03125,0.9968927502632141,2693,GACGGG,1.58984375,0,AAAAAN,2.0,0,AAAAAN,2.0,3330,GGCGGN,0.0850621685385704,3090,GCGGGN,0.12374962121248245,3090,GCGGGN,0.12374962121248245,False,False,True,-0.0005698725581169128,
1,20,40,head_0,degradation,1.0498046875,1.0057213306427002,2693,GACGGG,1.58203125,0,AAAAAN,2.0,0,AAAAAN,2.0,3330,GGCGGN,0.08274625241756439,3090,GCGGGN,0.12303220480680466,3090,GCGGGN,0.12303220480680466,False,False,True,0.0010912567377090454,
1,21,40,head_0,degradation,1.0595703125,1.0026259422302246,2693,GACGGG,1.578125,0,AAAAAN,2.0,0,AAAAAN,2.0,3330,GGCGGN,0.08447620272636414,3090,GCGGGN,0.124201700091362,3090,GCGGGN,0.124201700091362,False,False,True,0.0002190209925174713,
1,22,40,head_0,degradation,1.052734375,1.0057282447814941,2693,GACGGG,1.5810546875,0,AAAAAN,2.0,0,AAAAAN,2.0,3330,GGCGGN,0.08333061635494232,3090,GCGGGN,0.12361780554056168,3090,GCGGGN,0.12361780554056168,False,False,True,0.0007419027388095856,
1,23,40,head_0,degradation,1.041015625,0.9996826648712158,2693,GACGGG,1.5859375,0,AAAAAN,2.0,0,AAAAAN,2.0,3330,GGCGGN,0.08444449305534363,3090,GCGGGN,0.12363708019256592,3090,GCGGGN,0.12363708019256592,False,False,True,-0.0005530752241611481,
1,24,40,head_0,degradation,0.96435546875,0.9978069067001343,2693,GACGGG,1.6171875,0,AAAAAN,2.0,0,AAAAAN,2.0,3330,GGCGGN,0.08466468006372452,3090,GCGGGN,0.12351765483617783,3090,GCGGGN,0.12351765483617783,False,False,True,-0.000802457332611084,
1,25,40,head_0,degradation,0.95458984375,0.9957239627838135,2693,GACGGG,1.62109375,0,AAAAAN,2.0,0,AAAAAN,2.0,3330,GGCGGN,0.08525358885526657,3090,GCGGGN,0.12372943758964539,3090,GCGGGN,0.12372943758964539,False,False,True,-0.0009728744626045227,
1,26,40,head_0,degradation,0.9736328125,0.9951249957084656,2693,GACGGG,1.61328125,0,AAAAAN,2.0,0,AAAAAN,2.0,3330,GGCGGN,0.08551634848117828,3090,GCGGGN,0.12388373166322708,3090,GCGGGN,0.12388373166322708,False,False,True,-0.0009035803377628326,
1,27,40,head_0,degradation,0.98095703125,0.9983870983123779,2693,GACGGG,1.6103515625,0,AAAAAN,2.0,0,AAAAAN,2.0,3330,GGCGGN,0.08452428877353668,3090,GCGGGN,0.12348229438066483,3090,GCGGGN,0.12348229438066483,False,False,True,-4.139542579650879e-05,
1,28,40,head_0,degradation,0.978515625,0.9989143013954163,2693,GACGGG,1.611328125,0,AAAAAN,2.0,0,AAAAAN,2.0,3330,GGCGGN,0.08478881418704987,3090,GCGGGN,0.1238422840833664,3090,GCGGGN,0.1238422840833664,False,False,True,0.00034765899181365967,
1,29,40,head_0,degradation,1.01171875,1.002046823501587,2693,GACGGG,1.59765625,0,AAAAAN,2.0,0,AAAAAN,2.0,3330,GGCGGN,0.08423712849617004,3090,GCGGGN,0.1238577589392662,3090,GCGGGN,0.1238577589392662,False,False,True,0.00021027401089668274,
1,30,40,head_0,degradation,0.966796875,0.9993980526924133,2693,GACGGG,1.6162109375,0,AAAAAN,2.0,0,AAAAAN,2.0,3330,GGCGGN,0.08455318212509155,3090,GCGGGN,0.12369424849748611,3090,GCGGGN,0.12369424849748611,False,False,True,4.408881068229675e-05,
1,31,40,head_0,degradation,0.9736328125,0.9982823729515076,2693,GACGGG,1.61328125,0,AAAAAN,2.0,0,AAAAAN,2.0,3330,GGCGGN,0.08480291068553925,3090,GCGGGN,0.12374196946620941,3090,GCGGGN,0.12374196946620941,False,False,True,-0.000347137451171875,
1,32,40,head_0,degradation,0.990234375,0.9998956322669983,2693,GACGGG,1.6064453125,0,AAAAAN,2.0,0,AAAAAN,2.0,3330,GGCGGN,0.08509223163127899,3090,GCGGGN,0.12432337552309036,3090,GCGGGN,0.12432337552309036,False,False,True,-0.0003048442304134369,
1,33,40,head_0,degradation,0.966796875,0.9987340569496155,2693,GACGGG,1.6162109375,0,AAAAAN,2.0,0,AAAAAN,2.0,3330,GGCGGN,0.08503871411085129,3090,GCGGGN,0.12405954301357269,3090,GCGGGN,0.12405954301357269,False,False,True,-0.0004507005214691162,
1,34,40,head_0,degradation,0.95703125,0.9994783997535706,2693,GACGGG,1.6201171875,0,AAAAAN,2.0,0,AAAAAN,2.0,3330,GGCGGN,0.08501877635717392,3090,GCGGGN,0.12417437136173248,3090,GCGGGN,0.12417437136173248,False,False,True,0.0001486167311668396,
1,35,40,head_0,degradation,0.8876953125,0.9904745221138,2693,GACGGG,1.6484375,0,AAAAAN,2.0,0,AAAAAN,2.0,3330,GGCGGN,0.08658452332019806,3090,GCGGGN,0.1241099089384079,3090,GCGGGN,0.1241099089384079,False,False,True,-0.0018065348267555237,
1,36,40,head_0,degradation,0.88525390625,0.9813868999481201,2693,GACGGG,1.6494140625,0,AAAAAN,2.0,0,AAAAAN,2.0,3330,GGCGGN,0.08892511576414108,3090,GCGGGN,0.12480510771274567,3090,GCGGGN,0.12480510771274567,False,False,True,-0.0031221136450767517,
1,37,40,head_0,degradation,0.8447265625,0.9783430099487305,2693,GACGGG,1.666015625,0,AAAAAN,2.0,0,AAAAAN,2.0,3330,GGCGGN,0.08994664251804352,3090,GCGGGN,0.12527552247047424,3090,GCGGGN,0.12527552247047424,False,False,True,-0.004033859819173813,
1,38,40,head_0,degradation,0.8876953125,0.9832322001457214,2693,GACGGG,1.6484375,0,AAAAAN,2.0,0,AAAAAN,2.0,3330,GGCGGN,0.08903408795595169,3090,GCGGGN,0.12524820864200592,3090,GCGGGN,0.12524820864200592,False,False,True,-0.003344886004924774,
1,39,40,head_0,degradation,0.8974609375,0.9894731640815735,2693,GACGGG,1.64453125,0,AAAAAN,2.0,0,AAAAAN,2.0,3330,GGCGGN,0.08671709150075912,3090,GCGGGN,0.12406117469072342,3090,GCGGGN,0.12406117469072342,False,False,True,-0.001644369214773178,
1,40,40,head_0,degradation,0.935546875,0.999576985836029,2693,GACGGG,1.62890625,0,AAAAAN,2.0,0,AAAAAN,2.0,3330,GGCGGN,0.08412773907184601,3090,GCGGGN,0.1233011856675148,3090,GCGGGN,0.1233011856675148,False,False,True,-0.0004650391638278961,
1,41,40,head_0,degradation,0.95458984375,0.9986425042152405,2693,GACGGG,1.62109375,0,AAAAAN,2.0,0,AAAAAN,2.0,3330,GGCGGN,0.08442860096693039,3090,GCGGGN,0.12343287467956543,3090,GCGGGN,0.12343287467956543,False,False,True,-0.00012584403157234192,
1,42,40,head_0,degradation,0.99755859375,0.9987897872924805,2693,GACGGG,1.603515625,0,AAAAAN,2.0,0,AAAAAN,2.0,3330,GGCGGN,0.08445366472005844,3090,GCGGGN,0.12348458915948868,3090,GCGGGN,0.12348458915948868,False,False,True,5.573779344558716e-05,
1,43,40,head_0,degradation,0.9736328125,0.999817967414856,2693,GACGGG,1.61328125,0,AAAAAN,2.0,0,AAAAAN,2.0,3330,GGCGGN,0.08492208272218704,3090,GCGGGN,0.12413917481899261,3090,GCGGGN,0.12413917481899261,False,False,True,-0.00015237554907798767,
1,44,40,head_0,degradation,0.97607421875,0.996576189994812,2693,GACGGG,1.6123046875,0,AAAAAN,2.0,0,AAAAAN,2.0,3330,GGCGGN,0.08585654944181442,3090,GCGGGN,0.12448669224977493,3090,GCGGGN,0.12448669224977493,False,False,True,-0.0009871162474155426,
1,45,40,head_0,degradation,0.9521484375,0.9979966282844543,2693,GACGGG,1.6220703125,0,AAAAAN,2.0,0,AAAAAN,2.0,3330,GGCGGN,0.08448531478643417,3090,GCGGGN,0.1233726292848587,3090,GCGGGN,0.1233726292848587,False,False,True,-0.00018886849284172058,
1,46,40,head_0,degradation,0.94970703125,0.9972608685493469,2693,GACGGG,1.623046875,0,AAAAAN,2.0,0,AAAAAN,2.0,3330,GGCGGN,0.0845312625169754,3090,GCGGGN,0.12328536808490753,3090,GCGGGN,0.12328536808490753,False,False,True,-0.0002155005931854248,
1,47,40,head_0,degradation,0.978515625,0.9997996091842651,2693,GACGGG,1.611328125,0,AAAAAN,2.0,0,AAAAAN,2.0,3330,GGCGGN,0.08427096158266068,3090,GCGGGN,0.12348472326993942,3090,GCGGGN,0.12348472326993942,False,False,True,0.00013470277190208435,
1,48,40,head_0,degradation,1.0,0.9986596703529358,2693,GACGGG,1.6025390625,0,AAAAAN,2.0,0,AAAAAN,2.0,3330,GGCGGN,0.08468872308731079,3090,GCGGGN,0.12369608879089355,3090,GCGGGN,0.12369608879089355,False,False,True,-8.756667375564575e-05,
1,49,40,head_0,degradation,1.001953125,0.999859094619751,2693,GACGGG,1.6015625,0,AAAAAN,2.0,0,AAAAAN,2.0,3330,GGCGGN,0.08437521755695343,3090,GCGGGN,0.12359975278377533,3090,GCGGGN,0.12359975278377533,False,False,True,-0.0001347362995147705,
1,50,40,head_0,degradation,0.9736328125,0.9996894001960754,2693,GACGGG,1.61328125,0,AAAAAN,2.0,0,AAAAAN,2.0,3330,GGCGGN,0.08496195077896118,3090,GCGGGN,0.12415575981140137,3090,GCGGGN,0.12415575981140137,False,False,True,-0.0002345740795135498,
1,51,40,head_0,degradation,1.001953125,0.996391773223877,2693,GACGGG,1.6015625,0,AAAAAN,2.0,0,AAAAAN,2.0,3330,GGCGGN,0.085345558822155,3090,GCGGGN,0.1239423155784607,3090,GCGGGN,0.1239423155784607,False,False,True,-0.0005915574729442596,
2,0,40,head_0,degradation,0.99267578125,1.0007638931274414,2693,GACGGG,1.60546875,0,AAAAAN,2.0,0,AAAAAN,2.0,3330,GGCGGN,0.0842653289437294,3090,GCGGGN,0.12365369498729706,3090,GCGGGN,0.12365369498729706,False,False,True,5.830824375152588e-05,
2,1,40,head_0,degradation,0.978515625,1.0007961988449097,2693,GACGGG,1.611328125,0,AAAAAN,2.0,0,AAAAAN,2.0,3330,GGCGGN,0.08422940224409103,3090,GCGGGN,0.12362360954284668,3090,GCGGGN,0.12362360954284668,False,False,True,-6.506964564323425e-05,
2,2,40,head_0,degradation,0.99755859375,1.000386118888855,2693,GACGGG,1.603515625,0,AAAAAN,2.0,0,AAAAAN,2.0,3330,GGCGGN,0.08399827033281326,3090,GCGGGN,0.12331823259592056,3090,GCGGGN,0.12331823259592056,False,False,True,0.00013996288180351257,
2,3,40,head_0,degradation,0.98095703125,0.9989722371101379,2693,GACGGG,1.6103515625,0,AAAAAN,2.0,0,AAAAAN,2.0,3330,GGCGGN,0.08434592187404633,3090,GCGGGN,0.12340987473726273,3090,GCGGGN,0.12340987473726273,False,False,True,-0.00031647831201553345,
2,4,40,head_0,degradation,0.9833984375,0.9995104670524597,2693,GACGGG,1.609375,0,AAAAAN,2.0,0,AAAAAN,2.0,3330,GGCGGN,0.0842394158244133,3090,GCGGGN,0.12340082973241806,3090,GCGGGN,0.12340082973241806,False,False,True,-7.910653948783875e-05,
2,5,40,head_0,degradation,0.98828125,0.9985799193382263,2693,GACGGG,1.607421875,0,AAAAAN,2.0,0,AAAAAN,2.0,3330,GGCGGN,0.08484616875648499,3090,GCGGGN,0.12383909523487091,3090,GCGGGN,0.12383909523487091,False,False,True,-0.00030970945954322815,
2,6,40,head_0,degradation,0.9521484375,0.994604229927063,2693,GACGGG,1.6220703125,0,AAAAAN,2.0,0,AAAAAN,2.0,3330,GGCGGN,0.08593205362558365,3090,GCGGGN,0.12420514225959778,3090,GCGGGN,0.12420514225959778,False,False,True,-0.0009407065808773041,
2,7,40,head_0,degradation,0.98095703125,0.9953553080558777,2693,GACGGG,1.6103515625,0,AAAAAN,2.0,0,AAAAAN,2.0,3330,GGCGGN,0.08508895337581635,3090,GCGGGN,0.12349804490804672,3090,GCGGGN,0.12349804490804672,False,False,True,-0.0006592161953449249,
2,8,40,head_0,degradation,0.9833984375,0.9968873858451843,2693,GACGGG,1.609375,0,AAAAAN,2.0,0,AAAAAN,2.0,3330,GGCGGN,0.08455608040094376,3090,GCGGGN,0.1232425644993782,3090,GCGGGN,0.1232425644993782,False,False,True,-0.0004178062081336975,
2,9,40,head_0,degradation,0.990234375,0.9988670349121094,2693,GACGGG,1.6064453125,0,AAAAAN,2.0,0,AAAAAN,2.0,3330,GGCGGN,0.0841425359249115,3090,GCGGGN,0.12318746000528336,3090,GCGGGN,0.12318746000528336,False,False,True,-0.00035620853304862976,
2,10,40,head_0,degradation,0.966796875,0.9997380971908569,2693,GACGGG,1.6162109375,0,AAAAAN,2.0,0,AAAAAN,2.0,3330,GGCGGN,0.08440925925970078,3090,GCGGGN,0.12361188977956772,3090,GCGGGN,0.12361188977956772,False,False,True,-0.00041387975215911865,
2,11,40,head_0,degradation,0.98828125,0.9979417324066162,2693,GACGGG,1.607421875,0,AAAAAN,2.0,0,AAAAAN,2.0,3330,GGCGGN,0.08443102240562439,3090,GCGGGN,0.12330840528011322,3090,GCGGGN,0.12330840528011322,False,False,True,-0.0003262050449848175,
2,12,40,head_0,degradation,1.03125,1.0012121200561523,2693,GACGGG,1.58984375,0,AAAAAN,2.0,0,AAAAAN,2.0,3330,GGCGGN,0.08422096818685532,3090,GCGGGN,0.12369047105312347,3090,GCGGGN,0.12369047105312347,False,False,True,-7.433071732521057e-05,
2,13,40,head_0,degradation,1.01171875,1.0032848119735718,2693,GACGGG,1.59765625,0,AAAAAN,2.0,0,AAAAAN,2.0,3330,GGCGGN,0.08330328017473221,3090,GCGGGN,0.12314807623624802,3090,GCGGGN,0.12314807623624802,False,False,True,0.0002901703119277954,
2,14,40,head_0,degradation,1.0263671875,1.0026051998138428,2693,GACGGG,1.591796875,0,AAAAAN,2.0,0,AAAAAN,2.0,3330,GGCGGN,0.08332875370979309,3090,GCGGGN,0.12305048853158951,3090,GCGGGN,0.12305048853158951,False,False,True,0.00040446966886520386,
2,15,40,head_0,degradation,1.0048828125,1.0041508674621582,2693,GACGGG,1.6005859375,0,AAAAAN,2.0,0,AAAAAN,2.0,3330,GGCGGN,0.08244635164737701,3090,GCGGGN,0.12244795262813568,3090,GCGGGN,0.12244795262813568,False,False,True,0.0009890161454677582,
2,16,40,head_0,degradation,1.001953125,1.0061399936676025,2693,GACGGG,1.6015625,0,AAAAAN,2.0,0,AAAAAN,2.0,3330,GGCGGN,0.08234105259180069,3090,GCGGGN,0.12270278483629227,3090,GCGGGN,0.12270278483629227,False,False,True,0.001011136919260025,
2,17,40,head_0,degradation,0.9521484375,1.0023317337036133,2693,GACGGG,1.6220703125,0,AAAAAN,2.0,0,AAAAAN,2.0,3330,GGCGGN,0.0832800343632698,3090,GCGGGN,0.12295226752758026,3090,GCGGGN,0.12295226752758026,False,False,True,0.0003856085240840912,
2,18,40,head_0,degradation,0.94970703125,0.9986741542816162,2693,GACGGG,1.623046875,0,AAAAAN,2.0,0,AAAAAN,2.0,3330,GGCGGN,0.08497384190559387,3090,GCGGGN,0.12398382276296616,3090,GCGGGN,0.12398382276296616,False,False,True,-0.0005333125591278076,
2,19,40,head_0,degradation,0.95458984375,0.999902069568634,2693,GACGGG,1.62109375,0,AAAAAN,2.0,0,AAAAAN,2.0,3330,GGCGGN,0.08424604684114456,3090,GCGGGN,0.12347835302352905,3090,GCGGGN,0.12347835302352905,False,False,True,-0.00010123103857040405,
2,20,40,head_0,degradation,0.96435546875,0.9981055855751038,2693,GACGGG,1.6171875,0,AAAAAN,2.0,0,AAAAAN,2.0,3330,GGCGGN,0.08346742391586304,3090,GCGGGN,0.12237447500228882,3090,GCGGGN,0.12237447500228882,False,False,True,0.00026717036962509155,
2,21,40,head_0,degradation,0.99267578125,1.002017855644226,2693,GACGGG,1.60546875,0,AAAAAN,2.0,0,AAAAAN,2.0,3330,GGCGGN,0.08232622593641281,3090,GCGGGN,0.12194162607192993,3090,GCGGGN,0.12194162607192993,False,False,True,0.000705961138010025,
2,22,40,head_0,degradation,0.97607421875,1.0075956583023071,2693,GACGGG,1.6123046875,0,AAAAAN,2.0,0,AAAAAN,2.0,3330,GGCGGN,0.0807347223162651,3090,GCGGGN,0.12136001884937286,3090,GCGGGN,0.12136001884937286,False,False,True,0.001671120524406433,
2,23,40,head_0,degradation,1.0166015625,1.0025618076324463,2693,GACGGG,1.595703125,0,AAAAAN,2.0,0,AAAAAN,2.0,3330,GGCGGN,0.08317859470844269,3090,GCGGGN,0.12289248406887054,3090,GCGGGN,0.12289248406887054,False,False,True,0.00054168701171875,
2,24,40,head_0,degradation,1.001953125,1.0050623416900635,2693,GACGGG,1.6015625,0,AAAAAN,2.0,0,AAAAAN,2.0,3330,GGCGGN,0.08293362706899643,3090,GCGGGN,0.12310025095939636,3090,GCGGGN,0.12310025095939636,False,False,True,0.0009027421474456787,
2,25,40,head_0,degradation,1.0068359375,1.0025620460510254,2693,GACGGG,1.599609375,0,AAAAAN,2.0,0,AAAAAN,2.0,3330,GGCGGN,0.08284983038902283,3090,GCGGGN,0.12256374210119247,3090,GCGGGN,0.12256374210119247,False,False,True,0.0007269904017448425,
2,26,40,head_0,degradation,1.0048828125,1.002311110496521,2693,GACGGG,1.6005859375,0,AAAAAN,2.0,0,AAAAAN,2.0,3330,GGCGGN,0.08342999219894409,3090,GCGGGN,0.12309850007295609,3090,GCGGGN,0.12309850007295609,False,False,True,0.00045209750533103943,
2,27,40,head_0,degradation,0.990234375,0.9990505576133728,2693,GACGGG,1.6064453125,0,AAAAAN,2.0,0,AAAAAN,2.0,3330,GGCGGN,0.08421415835618973,3090,GCGGGN,0.12329231202602386,3090,GCGGGN,0.12329231202602386,False,False,True,6.148591637611389e-05,
2,28,40,head_0,degradation,0.990234375,0.9998393654823303,2693,GACGGG,1.6064453125,0,AAAAAN,2.0,0,AAAAAN,2.0,3330,GGCGGN,0.08431887626647949,3090,GCGGGN,0.12353984266519547,3090,GCGGGN,0.12353984266519547,False,False,True,-0.0003509223461151123,
2,29,40,head_0,degradation,0.98828125,0.9992897510528564,2693,GACGGG,1.607421875,0,AAAAAN,2.0,0,AAAAAN,2.0,3330,GGCGGN,0.08467403799295425,3090,GCGGGN,0.12379547953605652,3090,GCGGGN,0.12379547953605652,False,False,True,-0.0003773421049118042,
2,30,40,head_0,degradation,0.978515625,0.9993708729743958,2693,GACGGG,1.611328125,0,AAAAAN,2.0,0,AAAAAN,2.0,3330,GGCGGN,0.08416888862848282,3090,GCGGGN,0.12330503761768341,3090,GCGGGN,0.12330503761768341,False,False,True,-2.0802021026611328e-05,
2,31,40,head_0,degradation,0.98828125,0.9984185099601746,2693,GACGGG,1.607421875,0,AAAAAN,2.0,0,AAAAAN,2.0,3330,GGCGGN,0.08434894680976868,3090,GCGGGN,0.12331265211105347,3090,GCGGGN,0.12331265211105347,False,False,True,-0.00020892545580863953,
2,32,40,head_0,degradation,1.0068359375,1.000714898109436,2693,GACGGG,1.599609375,0,AAAAAN,2.0,0,AAAAAN,2.0,3330,GGCGGN,0.0843675434589386,3090,GCGGGN,0.12374703586101532,3090,GCGGGN,0.12374703586101532,False,False,True,1.3336539268493652e-05,
2,33,40,head_0,degradation,1.0146484375,1.002203345298767,2693,GACGGG,1.5966796875,0,AAAAAN,2.0,0,AAAAAN,2.0,3330,GGCGGN,0.08286261558532715,3090,GCGGGN,0.1225116029381752,3090,GCGGGN,0.1225116029381752,False,False,True,0.0005711875855922699,
2,34,40,head_0,degradation,1.001953125,1.0032864809036255,2693,GACGGG,1.6015625,0,AAAAAN,2.0,0,AAAAAN,2.0,3330,GGCGGN,0.08256302028894424,3090,GCGGGN,0.12240811437368393,3090,GCGGGN,0.12240811437368393,False,False,True,0.0009028203785419464,
2,35,40,head_0,degradation,1.01171875,1.0094680786132812,2693,GACGGG,1.59765625,0,AAAAAN,2.0,0,AAAAAN,2.0,3330,GGCGGN,0.08264856785535812,3090,GCGGGN,0.12361288070678711,3090,GCGGGN,0.12361288070678711,False,False,True,0.0012011341750621796,
2,36,40,head_0,degradation,1.0068359375,1.0026684999465942,2693,GACGGG,1.599609375,0,AAAAAN,2.0,0,AAAAAN,2.0,3330,GGCGGN,0.08351857215166092,3090,GCGGGN,0.123251773416996,3090,GCGGGN,0.123251773416996,False,False,True,0.0006323568522930145,
2,37,40,head_0,degradation,0.99267578125,1.0003538131713867,2693,GACGGG,1.60546875,0,AAAAAN,2.0,0,AAAAAN,2.0,3330,GGCGGN,0.08406618982553482,3090,GCGGGN,0.12338029593229294,3090,GCGGGN,0.12338029593229294,False,False,True,0.0001668594777584076,
2,38,40,head_0,degradation,1.001953125,0.9996476173400879,2693,GACGGG,1.6015625,0,AAAAAN,2.0,0,AAAAAN,2.0,3330,GGCGGN,0.08476518839597702,3090,GCGGGN,0.12395143508911133,3090,GCGGGN,0.12395143508911133,False,False,True,6.168708205223083e-05,
2,39,40,head_0,degradation,1.01171875,1.0025485754013062,2693,GACGGG,1.59765625,0,AAAAAN,2.0,0,AAAAAN,2.0,3330,GGCGGN,0.08382974565029144,3090,GCGGGN,0.1235412135720253,3090,GCGGGN,0.1235412135720253,False,False,True,0.0003674812614917755,
2,40,40,head_0,degradation,1.0,1.0015418529510498,2693,GACGGG,1.6025390625,0,AAAAAN,2.0,0,AAAAAN,2.0,3330,GGCGGN,0.08351634442806244,3090,GCGGGN,0.12304554879665375,3090,GCGGGN,0.12304554879665375,False,False,True,0.0003795698285102844,
2,41,40,head_0,degradation,0.99267578125,0.9982168674468994,2693,GACGGG,1.60546875,0,AAAAAN,2.0,0,AAAAAN,2.0,3330,GGCGGN,0.08409927040338516,3090,GCGGGN,0.12302646040916443,3090,GCGGGN,0.12302646040916443,False,False,True,8.866935968399048e-05,
2,42,40,head_0,degradation,1.0,1.0000402927398682,2693,GACGGG,1.6025390625,0,AAAAAN,2.0,0,AAAAAN,2.0,3330,GGCGGN,0.0838644802570343,3090,GCGGGN,0.12312182039022446,3090,GCGGGN,0.12312182039022446,False,False,True,0.0002489164471626282,
2,43,40,head_0,degradation,1.03125,1.0050135850906372,2693,GACGGG,1.58984375,0,AAAAAN,2.0,0,AAAAAN,2.0,3330,GGCGGN,0.08252144604921341,3090,GCGGGN,0.12267923355102539,3090,GCGGGN,0.12267923355102539,False,False,True,0.001026194542646408,
2,44,40,head_0,degradation,1.0234375,1.005405068397522,2693,GACGGG,1.5927734375,0,AAAAAN,2.0,0,AAAAAN,2.0,3330,GGCGGN,0.08282923698425293,3090,GCGGGN,0.12305790930986404,3090,GCGGGN,0.12305790930986404,False,False,True,0.000995531678199768,
2,45,40,head_0,degradation,1.01171875,1.0047011375427246,2693,GACGGG,1.59765625,0,AAAAAN,2.0,0,AAAAAN,2.0,3330,GGCGGN,0.08232078701257706,3090,GCGGGN,0.1224220022559166,3090,GCGGGN,0.1224220022559166,False,False,True,0.001116238534450531,
2,46,40,head_0,degradation,0.98828125,1.0009160041809082,2693,GACGGG,1.607421875,0,AAAAAN,2.0,0,AAAAAN,2.0,3330,GGCGGN,0.08399411290884018,3090,GCGGGN,0.12341001629829407,3090,GCGGGN,0.12341001629829407,False,False,True,9.162351489067078e-05,
2,47,40,head_0,degradation,0.99755859375,0.99653160572052,2693,GACGGG,1.603515625,0,AAAAAN,2.0,0,AAAAAN,2.0,3330,GGCGGN,0.08490181714296341,3090,GCGGGN,0.12352388352155685,3090,GCGGGN,0.12352388352155685,False,False,True,-0.0004913806915283203,
2,48,40,head_0,degradation,0.98095703125,0.9952375292778015,2693,GACGGG,1.6103515625,0,AAAAAN,2.0,0,AAAAAN,2.0,3330,GGCGGN,0.08543545007705688,3090,GCGGGN,0.12382321059703827,3090,GCGGGN,0.12382321059703827,False,False,True,-0.0003968477249145508,
2,49,40,head_0,degradation,0.966796875,0.9971601366996765,2693,GACGGG,1.6162109375,0,AAAAAN,2.0,0,AAAAAN,2.0,3330,GGCGGN,0.08543537557125092,3090,GCGGGN,0.12417124956846237,3090,GCGGGN,0.12417124956846237,False,False,True,-0.0008556433022022247,
2,50,40,head_0,degradation,0.99755859375,0.9984306693077087,2693,GACGGG,1.603515625,0,AAAAAN,2.0,0,AAAAAN,2.0,3330,GGCGGN,0.08544082939624786,3090,GCGGGN,0.12440674751996994,3090,GCGGGN,0.12440674751996994,False,False,True,-0.0006627403199672699,
2,51,40,head_0,degradation,0.96875,0.9967881441116333,2693,GACGGG,1.615234375,0,AAAAAN,2.0,0,AAAAAN,2.0,3330,GGCGGN,0.08464019000530243,3090,GCGGGN,0.1233086958527565,3090,GCGGGN,0.1233086958527565,False,False,True,-0.000431157648563385,
3,0,40,head_0,degradation,0.966796875,0.999758780002594,2693,GACGGG,1.6162109375,0,AAAAAN,2.0,0,AAAAAN,2.0,3330,GGCGGN,0.08447419106960297,3090,GCGGGN,0.12368056178092957,3090,GCGGGN,0.12368056178092957,False,False,True,-0.0003975704312324524,
3,1,40,head_0,degradation,0.95703125,0.9978827238082886,2693,GACGGG,1.6201171875,0,AAAAAN,2.0,0,AAAAAN,2.0,3330,GGCGGN,0.08480154722929001,3090,GCGGGN,0.12366825342178345,3090,GCGGGN,0.12366825342178345,False,False,True,-0.0006200037896633148,
3,2,40,head_0,degradation,1.0048828125,0.9983949661254883,2693,GACGGG,1.6005859375,0,AAAAAN,2.0,0,AAAAAN,2.0,3330,GGCGGN,0.08444571495056152,3090,GCGGGN,0.12340515106916428,3090,GCGGGN,0.12340515106916428,False,False,True,-6.414949893951416e-06,
3,3,40,head_0,degradation,1.01171875,1.0015594959259033,2693,GACGGG,1.59765625,0,AAAAAN,2.0,0,AAAAAN,2.0,3330,GGCGGN,0.0838894322514534,3090,GCGGGN,0.12342184036970139,3090,GCGGGN,0.12342184036970139,False,False,True,0.00040194764733314514,
3,4,40,head_0,degradation,1.0048828125,1.0021536350250244,2693,GACGGG,1.6005859375,0,AAAAAN,2.0,0,AAAAAN,2.0,3330,GGCGGN,0.08350439369678497,3090,GCGGGN,0.12314437329769135,3090,GCGGGN,0.12314437329769135,False,False,True,0.0004010610282421112,
3,5,40,head_0,degradation,0.97607421875,1.0023629665374756,2693,GACGGG,1.6123046875,0,AAAAAN,2.0,0,AAAAAN,2.0,3330,GGCGGN,0.08401398360729218,3090,GCGGGN,0.1236918568611145,3090,GCGGGN,0.1236918568611145,False,False,True,0.00014964863657951355,
3,6,40,head_0,degradation,1.0283203125,1.0066959857940674,2693,GACGGG,1.5908203125,0,AAAAAN,2.0,0,AAAAAN,2.0,3330,GGCGGN,0.08276903629302979,3090,GCGGGN,0.123231440782547,3090,GCGGGN,0.123231440782547,False,False,True,0.0007127262651920319,
3,7,40,head_0,degradation,1.0048828125,1.004575252532959,2693,GACGGG,1.6005859375,0,AAAAAN,2.0,0,AAAAAN,2.0,3330,GGCGGN,0.08320247381925583,3090,GCGGGN,0.12328090518712997,3090,GCGGGN,0.12328090518712997,False,False,True,0.00045729801058769226,
3,8,40,head_0,degradation,1.01171875,1.0007283687591553,2693,GACGGG,1.59765625,0,AAAAAN,2.0,0,AAAAAN,2.0,3330,GGCGGN,0.0836179256439209,3090,GCGGGN,0.12299984693527222,3090,GCGGGN,0.12299984693527222,False,False,True,-4.071742296218872e-05,
3,9,40,head_0,degradation,0.990234375,0.9941127300262451,2693,GACGGG,1.6064453125,0,AAAAAN,2.0,0,AAAAAN,2.0,3330,GGCGGN,0.08458226174116135,3090,GCGGGN,0.12276637554168701,3090,GCGGGN,0.12276637554168701,False,False,True,-0.0003471784293651581,
3,10,40,head_0,degradation,0.95947265625,0.9935749769210815,2693,GACGGG,1.619140625,0,AAAAAN,2.0,0,AAAAAN,2.0,3330,GGCGGN,0.08474048972129822,3090,GCGGGN,0.12282723188400269,3090,GCGGGN,0.12282723188400269,False,False,True,-0.0004826672375202179,
3,11,40,head_0,degradation,0.98095703125,0.9951656460762024,2693,GACGGG,1.6103515625,0,AAAAAN,2.0,0,AAAAAN,2.0,3330,GGCGGN,0.08463062345981598,3090,GCGGGN,0.12300537526607513,3090,GCGGGN,0.12300537526607513,False,False,True,-0.00017065927386283875,
3,12,40,head_0,degradation,0.990234375,0.9964021444320679,2693,GACGGG,1.6064453125,0,AAAAAN,2.0,0,AAAAAN,2.0,3330,GGCGGN,0.0857611894607544,3090,GCGGGN,0.12435980886220932,3090,GCGGGN,0.12435980886220932,False,False,True,-0.0006845779716968536,
3,13,40,head_0,degradation,0.9736328125,1.0012876987457275,2693,GACGGG,1.61328125,0,AAAAAN,2.0,0,AAAAAN,2.0,3330,GGCGGN,0.08606304973363876,3090,GCGGGN,0.12554624676704407,3090,GCGGGN,0.12554624676704407,False,False,True,-0.0008915439248085022,
3,14,40,head_0,degradation,0.95947265625,1.0006567239761353,2693,GACGGG,1.619140625,0,AAAAAN,2.0,0,AAAAAN,2.0,3330,GGCGGN,0.08450701832771301,3090,GCGGGN,0.12387597560882568,3090,GCGGGN,0.12387597560882568,False,False,True,0.00020937621593475342,
3,15,40,head_0,degradation,0.9736328125,1.004932165145874,2693,GACGGG,1.61328125,0,AAAAAN,2.0,0,AAAAAN,2.0,3330,GGCGGN,0.082699254155159,3090,GCGGGN,0.12284229695796967,3090,GCGGGN,0.12284229695796967,False,False,True,0.0017675608396530151,
3,16,40,head_0,degradation,1.021484375,1.0000033378601074,2693,GACGGG,1.59375,0,AAAAAN,2.0,0,AAAAAN,2.0,3330,GGCGGN,0.08230936527252197,3090,GCGGGN,0.1215599998831749,3090,GCGGGN,0.1215599998831749,False,False,True,0.001239735633134842,
3,17,40,head_0,degradation,1.1171875,0.9908255934715271,2693,GACGGG,1.5546875,0,AAAAAN,2.0,0,AAAAAN,2.0,3330,GGCGGN,0.08631271868944168,3090,GCGGGN,0.12390166521072388,3090,GCGGGN,0.12390166521072388,False,False,True,-0.000576268881559372,
3,18,40,head_0,degradation,1.1025390625,0.9890927076339722,2693,GACGGG,1.560546875,0,AAAAAN,2.0,0,AAAAAN,2.0,3330,GGCGGN,0.08668015152215958,3090,GCGGGN,0.12395534664392471,3090,GCGGGN,0.12395534664392471,False,False,True,-0.001637980341911316,
3,19,40,head_0,degradation,1.064453125,0.9931081533432007,2693,GACGGG,1.576171875,0,AAAAAN,2.0,0,AAAAAN,2.0,3330,GGCGGN,0.08599592745304108,3090,GCGGGN,0.12399815768003464,3090,GCGGGN,0.12399815768003464,False,False,True,-0.0010901428759098053,
3,20,40,head_0,degradation,0.9453125,1.0069152116775513,2693,GACGGG,1.625,0,AAAAAN,2.0,0,AAAAAN,2.0,3330,GGCGGN,0.08274253457784653,3090,GCGGGN,0.12324463576078415,3090,GCGGGN,0.12324463576078415,False,False,True,0.0006094761192798615,
3,21,40,head_0,degradation,0.9521484375,1.011262059211731,2693,GACGGG,1.6220703125,0,AAAAAN,2.0,0,AAAAAN,2.0,3330,GGCGGN,0.0809372290968895,3090,GCGGGN,0.12222636491060257,3090,GCGGGN,0.12222636491060257,False,False,True,0.0015536211431026459,
3,22,40,head_0,degradation,1.0068359375,1.0130187273025513,2693,GACGGG,1.599609375,0,AAAAAN,2.0,0,AAAAAN,2.0,3330,GGCGGN,0.07990190386772156,3090,GCGGGN,0.12150909006595612,3090,GCGGGN,0.12150909006595612,False,False,True,0.0022049807012081146,
3,23,40,head_0,degradation,0.95703125,1.0057966709136963,2693,GACGGG,1.6201171875,0,AAAAAN,2.0,0,AAAAAN,2.0,3330,GGCGGN,0.08132237195968628,3090,GCGGGN,0.12162195146083832,3090,GCGGGN,0.12162195146083832,False,False,True,0.0015011131763458252,
3,24,40,head_0,degradation,0.97607421875,1.0037239789962769,2693,GACGGG,1.6123046875,0,AAAAAN,2.0,0,AAAAAN,2.0,3330,GGCGGN,0.08223322033882141,3090,GCGGGN,0.1221575066447258,3090,GCGGGN,0.1221575066447258,False,False,True,0.001082681119441986,
3,25,40,head_0,degradation,0.98095703125,0.9967602491378784,2693,GACGGG,1.6103515625,0,AAAAAN,2.0,0,AAAAAN,2.0,3330,GGCGGN,0.08453863859176636,3090,GCGGGN,0.12320210039615631,3090,GCGGGN,0.12320210039615631,False,False,True,-0.000229518860578537,
3,26,40,head_0,degradation,0.97607421875,0.9961968660354614,2693,GACGGG,1.6123046875,0,AAAAAN,2.0,0,AAAAAN,2.0,3330,GGCGGN,0.08437303453683853,3090,GCGGGN,0.1229344978928566,3090,GCGGGN,0.1229344978928566,False,False,True,-0.000821482390165329,
3,27,40,head_0,degradation,0.990234375,0.9975260496139526,2693,GACGGG,1.6064453125,0,AAAAAN,2.0,0,AAAAAN,2.0,3330,GGCGGN,0.08424309641122818,3090,GCGGGN,0.12304521352052689,3090,GCGGGN,0.12304521352052689,False,False,True,-0.0005511865019798279,
3,28,40,head_0,degradation,1.0,1.000856637954712,2693,GACGGG,1.6025390625,0,AAAAAN,2.0,0,AAAAAN,2.0,3330,GGCGGN,0.08318313211202621,3090,GCGGGN,0.12258828431367874,3090,GCGGGN,0.12258828431367874,False,False,True,0.00015589594841003418,
3,29,40,head_0,degradation,0.99267578125,1.0039875507354736,2693,GACGGG,1.60546875,0,AAAAAN,2.0,0,AAAAAN,2.0,3330,GGCGGN,0.08321582525968552,3090,GCGGGN,0.1231878474354744,3090,GCGGGN,0.1231878474354744,False,False,True,6.50063157081604e-05,
3,30,40,head_0,degradation,0.98828125,1.000929355621338,2693,GACGGG,1.607421875,0,AAAAAN,2.0,0,AAAAAN,2.0,3330,GGCGGN,0.08437786251306534,3090,GCGGGN,0.12379616498947144,3090,GCGGGN,0.12379616498947144,False,False,True,-0.000304248183965683,
3,31,40,head_0,degradation,0.98828125,1.0014616250991821,2693,GACGGG,1.607421875,0,AAAAAN,2.0,0,AAAAAN,2.0,3330,GGCGGN,0.08308286964893341,3090,GCGGGN,0.12259756028652191,3090,GCGGGN,0.12259756028652191,False,False,True,0.000348798930644989,
3,32,40,head_0,degradation,0.99267578125,1.0031068325042725,2693,GACGGG,1.60546875,0,AAAAAN,2.0,0,AAAAAN,2.0,3330,GGCGGN,0.08289163559675217,3090,GCGGGN,0.12270419299602509,3090,GCGGGN,0.12270419299602509,False,False,True,0.00020068883895874023,
3,33,40,head_0,degradation,0.978515625,1.0000065565109253,2693,GACGGG,1.611328125,0,AAAAAN,2.0,0,AAAAAN,2.0,3330,GGCGGN,0.083308644592762,3090,GCGGGN,0.12255987524986267,3090,GCGGGN,0.12255987524986267,False,False,True,-7.931888103485107e-05,
3,34,40,head_0,degradation,0.99755859375,1.0057504177093506,2693,GACGGG,1.603515625,0,AAAAAN,2.0,0,AAAAAN,2.0,3330,GGCGGN,0.08194615691900253,3090,GCGGGN,0.12223736196756363,3090,GCGGGN,0.12223736196756363,False,False,True,0.0006081759929656982,
3,35,40,head_0,degradation,0.99267578125,1.004152536392212,2693,GACGGG,1.60546875,0,AAAAAN,2.0,0,AAAAAN,2.0,3330,GGCGGN,0.08286461979150772,3090,GCGGGN,0.12286651879549026,3090,GCGGGN,0.12286651879549026,False,False,True,0.0004415437579154968,
3,36,40,head_0,degradation,1.0048828125,1.0039772987365723,2693,GACGGG,1.6005859375,0,AAAAAN,2.0,0,AAAAAN,2.0,3330,GGCGGN,0.08349451422691345,3090,GCGGGN,0.1234646886587143,3090,GCGGGN,0.1234646886587143,False,False,True,0.00013549253344535828,
3,37,40,head_0,degradation,0.9521484375,0.9993305802345276,2693,GACGGG,1.6220703125,0,AAAAAN,2.0,0,AAAAAN,2.0,3330,GGCGGN,0.08453492820262909,3090,GCGGGN,0.1236637756228447,3090,GCGGGN,0.1236637756228447,False,False,True,-0.0002025887370109558,
3,38,40,head_0,degradation,0.94970703125,0.9946606755256653,2693,GACGGG,1.623046875,0,AAAAAN,2.0,0,AAAAAN,2.0,3330,GGCGGN,0.0859890878200531,3090,GCGGGN,0.1242724135518074,3090,GCGGGN,0.1242724135518074,False,False,True,-0.0010015293955802917,
3,39,40,head_0,degradation,0.94970703125,0.9939523935317993,2693,GACGGG,1.623046875,0,AAAAAN,2.0,0,AAAAAN,2.0,3330,GGCGGN,0.08651406317949295,3090,GCGGGN,0.1246691420674324,3090,GCGGGN,0.1246691420674324,False,False,True,-0.0013428516685962677,
3,40,40,head_0,degradation,0.966796875,1.0007734298706055,2693,GACGGG,1.6162109375,0,AAAAAN,2.0,0,AAAAAN,2.0,3330,GGCGGN,0.08409972488880157,3090,GCGGGN,0.12348979711532593,3090,GCGGGN,0.12348979711532593,False,False,True,-0.00027366355061531067,
3,41,40,head_0,degradation,0.97607421875,1.003464698791504,2693,GACGGG,1.6123046875,0,AAAAAN,2.0,0,AAAAAN,2.0,3330,GGCGGN,0.08285506069660187,3090,GCGGGN,0.12273241579532623,3090,GCGGGN,0.12273241579532623,False,False,True,0.0004971101880073547,
3,42,40,head_0,degradation,1.01171875,1.005721092224121,2693,GACGGG,1.59765625,0,AAAAAN,2.0,0,AAAAAN,2.0,3330,GGCGGN,0.08286193013191223,3090,GCGGGN,0.12314781546592712,3090,GCGGGN,0.12314781546592712,False,False,True,0.0005614049732685089,
3,43,40,head_0,degradation,0.95947265625,1.000860333442688,2693,GACGGG,1.619140625,0,AAAAAN,2.0,0,AAAAAN,2.0,3330,GGCGGN,0.08431074023246765,3090,GCGGGN,0.12371654808521271,3090,GCGGGN,0.12371654808521271,False,False,True,-8.626654744148254e-05,
3,44,40,head_0,degradation,0.98828125,0.9994925260543823,2693,GACGGG,1.607421875,0,AAAAAN,2.0,0,AAAAAN,2.0,3330,GGCGGN,0.08454117178916931,3090,GCGGGN,0.12369932979345322,3090,GCGGGN,0.12369932979345322,False,False,True,-0.0003493763506412506,
3,45,40,head_0,degradation,0.99267578125,1.0004963874816895,2693,GACGGG,1.60546875,0,AAAAAN,2.0,0,AAAAAN,2.0,3330,GGCGGN,0.08440414816141129,3090,GCGGGN,0.12374407052993774,3090,GCGGGN,0.12374407052993774,False,False,True,3.1303614377975464e-05,
3,46,40,head_0,degradation,0.9833984375,1.0007911920547485,2693,GACGGG,1.609375,0,AAAAAN,2.0,0,AAAAAN,2.0,3330,GGCGGN,0.08396999537944794,3090,GCGGGN,0.12336328625679016,3090,GCGGGN,0.12336328625679016,False,False,True,-9.764358401298523e-05,
3,47,40,head_0,degradation,1.0263671875,1.0062757730484009,2693,GACGGG,1.591796875,0,AAAAAN,2.0,0,AAAAAN,2.0,3330,GGCGGN,0.08253666013479233,3090,GCGGGN,0.12292297929525375,3090,GCGGGN,0.12292297929525375,False,False,True,0.0006496310234069824,
3,48,40,head_0,degradation,1.0068359375,1.005937099456787,2693,GACGGG,1.599609375,0,AAAAAN,2.0,0,AAAAAN,2.0,3330,GGCGGN,0.08251862972974777,3090,GCGGGN,0.12284363061189651,3090,GCGGGN,0.12284363061189651,False,False,True,0.0005380697548389435,
3,49,40,head_0,degradation,1.041015625,1.0063337087631226,2693,GACGGG,1.5859375,0,AAAAAN,2.0,0,AAAAAN,2.0,3330,GGCGGN,0.08206216245889664,3090,GCGGGN,0.12245897948741913,3090,GCGGGN,0.12245897948741913,False,False,True,0.0011421218514442444,
3,50,40,head_0,degradation,1.0283203125,1.0047286748886108,2693,GACGGG,1.5908203125,0,AAAAAN,2.0,0,AAAAAN,2.0,3330,GGCGGN,0.0833461806178093,3090,GCGGGN,0.12345238775014877,3090,GCGGGN,0.12345238775014877,False,False,True,0.00017939135432243347,
3,51,40,head_0,degradation,1.0234375,1.0014722347259521,2693,GACGGG,1.5927734375,0,AAAAAN,2.0,0,AAAAAN,2.0,3330,GGCGGN,0.08347390592098236,3090,GCGGGN,0.12299051880836487,3090,GCGGGN,0.12299051880836487,False,False,True,0.00024863332509994507,
4,0,40,head_0,degradation,0.99755859375,0.997304379940033,2693,GACGGG,1.603515625,0,AAAAAN,2.0,0,AAAAAN,2.0,3330,GGCGGN,0.08474581688642502,3090,GCGGGN,0.12350780516862869,3090,GCGGGN,0.12350780516862869,False,False,True,-0.00018081068992614746,
4,1,40,head_0,degradation,0.9833984375,0.9993374943733215,2693,GACGGG,1.609375,0,AAAAAN,2.0,0,AAAAAN,2.0,3330,GGCGGN,0.08432606607675552,3090,GCGGGN,0.12345615029335022,3090,GCGGGN,0.12345615029335022,False,False,True,3.682076930999756e-05,
4,2,40,head_0,degradation,0.990234375,1.0012346506118774,2693,GACGGG,1.6064453125,0,AAAAAN,2.0,0,AAAAAN,2.0,3330,GGCGGN,0.08382851630449295,3090,GCGGGN,0.12330210953950882,3090,GCGGGN,0.12330210953950882,False,False,True,0.0002158544957637787,
4,3,40,head_0,degradation,0.99755859375,1.0004347562789917,2693,GACGGG,1.603515625,0,AAAAAN,2.0,0,AAAAAN,2.0,3330,GGCGGN,0.08429932594299316,3090,GCGGGN,0.12362809479236603,3090,GCGGGN,0.12362809479236603,False,False,True,-3.0193477869033813e-05,
4,4,40,head_0,degradation,0.95703125,0.9975765943527222,2693,GACGGG,1.6201171875,0,AAAAAN,2.0,0,AAAAAN,2.0,3330,GGCGGN,0.08444270491600037,3090,GCGGGN,0.12325397878885269,3090,GCGGGN,0.12325397878885269,False,False,True,-0.00014197081327438354,
4,5,40,head_0,degradation,0.99267578125,1.0008217096328735,2693,GACGGG,1.60546875,0,AAAAAN,2.0,0,AAAAAN,2.0,3330,GGCGGN,0.08432002365589142,3090,GCGGGN,0.12371884286403656,3090,GCGGGN,0.12371884286403656,False,False,True,-3.34419310092926e-05,
4,6,40,head_0,degradation,1.0068359375,1.001953125,2693,GACGGG,1.599609375,0,AAAAAN,2.0,0,AAAAAN,2.0,3330,GGCGGN,0.0844184160232544,3090,GCGGGN,0.12402208149433136,3090,GCGGGN,0.12402208149433136,False,False,True,6.404519081115723e-05,
4,7,40,head_0,degradation,1.0068359375,1.002659797668457,2693,GACGGG,1.599609375,0,AAAAAN,2.0,0,AAAAAN,2.0,3330,GGCGGN,0.08386432379484177,3090,GCGGGN,0.1235959380865097,3090,GCGGGN,0.1235959380865097,False,False,True,0.00014602020382881165,
4,8,40,head_0,degradation,0.990234375,1.0013989210128784,2693,GACGGG,1.6064453125,0,AAAAAN,2.0,0,AAAAAN,2.0,3330,GGCGGN,0.08497495204210281,3090,GCGGGN,0.1244782954454422,3090,GCGGGN,0.1244782954454422,False,False,True,-0.00024091824889183044,
4,9,40,head_0,degradation,0.98095703125,0.9958674907684326,2693,GACGGG,1.6103515625,0,AAAAAN,2.0,0,AAAAAN,2.0,3330,GGCGGN,0.08526095002889633,3090,GCGGGN,0.12376277893781662,3090,GCGGGN,0.12376277893781662,False,False,True,-0.00039854273200035095,
4,10,40,head_0,degradation,0.99267578125,0.994892418384552,2693,GACGGG,1.60546875,0,AAAAAN,2.0,0,AAAAAN,2.0,3330,GGCGGN,0.08558270335197449,3090,GCGGGN,0.12390799075365067,3090,GCGGGN,0.12390799075365067,False,False,True,-0.0003362223505973816,
4,11,40,head_0,degradation,0.9453125,0.9983413219451904,2693,GACGGG,1.625,0,AAAAAN,2.0,0,AAAAAN,2.0,3330,GGCGGN,0.08358302712440491,3090,GCGGGN,0.12253274768590927,3090,GCGGGN,0.12253274768590927,False,False,True,-0.00017212703824043274,
4,12,40,head_0,degradation,0.92822265625,1.0008634328842163,2693,GACGGG,1.6318359375,0,AAAAAN,2.0,0,AAAAAN,2.0,3330,GGCGGN,0.08308316022157669,3090,GCGGGN,0.12248953431844711,3090,GCGGGN,0.12248953431844711,False,False,True,-7.192790508270264e-05,
4,13,40,head_0,degradation,0.9521484375,1.00322687625885,2693,GACGGG,1.6220703125,0,AAAAAN,2.0,0,AAAAAN,2.0,3330,GGCGGN,0.08222442120313644,3090,GCGGGN,0.12205871939659119,3090,GCGGGN,0.12205871939659119,False,False,True,0.000201445072889328,
4,14,40,head_0,degradation,0.94970703125,0.9990254640579224,2693,GACGGG,1.623046875,0,AAAAAN,2.0,0,AAAAAN,2.0,3330,GGCGGN,0.08448075503110886,3090,GCGGGN,0.12355435639619827,3090,GCGGGN,0.12355435639619827,False,False,True,-2.2724270820617676e-05,
4,15,40,head_0,degradation,0.9404296875,0.9955137968063354,2693,GACGGG,1.626953125,0,AAAAAN,2.0,0,AAAAAN,2.0,3330,GGCGGN,0.08652453869581223,3090,GCGGGN,0.12496232241392136,3090,GCGGGN,0.12496232241392136,False,False,True,-0.0010994113981723785,
4,16,40,head_0,degradation,0.935546875,0.9909638166427612,2693,GACGGG,1.62890625,0,AAAAAN,2.0,0,AAAAAN,2.0,3330,GGCGGN,0.08755676448345184,3090,GCGGGN,0.1251707375049591,3090,GCGGGN,0.1251707375049591,False,False,True,-0.0019029080867767334,
4,17,40,head_0,degradation,0.75439453125,0.987933337688446,2693,GACGGG,1.703125,0,AAAAAN,2.0,0,AAAAAN,2.0,3330,GGCGGN,0.08579123020172119,3090,GCGGGN,0.1228565126657486,3090,GCGGGN,0.1228565126657486,False,False,True,-0.0022124722599983215,
4,18,40,head_0,degradation,0.6875,0.9959269165992737,2693,GACGGG,1.73046875,0,AAAAAN,2.0,0,AAAAAN,2.0,3330,GGCGGN,0.0806473046541214,3090,GCGGGN,0.11915989220142365,3090,GCGGGN,0.11915989220142365,False,False,True,-0.000978957861661911,
4,19,40,head_0,degradation,0.322265625,0.9827889800071716,2693,GACGGG,1.8798828125,0,AAAAAN,2.0,0,AAAAAN,2.0,3330,GGCGGN,0.08768696337938309,3090,GCGGGN,0.12382081151008606,3090,GCGGGN,0.12382081151008606,False,False,True,-0.00650918111205101,
4,20,40,head_0,degradation,1.0595703125,0.822181224822998,2693,GACGGG,1.578125,0,AAAAAN,2.0,0,AAAAAN,2.0,3330,GGCGGN,0.1249297559261322,3090,GCGGGN,0.13198435306549072,3090,GCGGGN,0.13198435306549072,False,False,True,-0.017332501709461212,
4,21,40,head_0,degradation,1.130859375,0.8482822179794312,2693,GACGGG,1.548828125,0,AAAAAN,2.0,0,AAAAAN,2.0,3330,GGCGGN,0.11953318864107132,3090,GCGGGN,0.13131357729434967,3090,GCGGGN,0.13131357729434967,False,False,True,-0.014663837850093842,
4,22,40,head_0,degradation,1.765625,0.8659648299217224,2693,GACGGG,1.2890625,0,AAAAAN,2.0,0,AAAAAN,2.0,3330,GGCGGN,0.11376076936721802,3090,GCGGGN,0.12874272465705872,3090,GCGGGN,0.12874272465705872,False,False,True,-0.009243659675121307,
4,23,40,head_0,degradation,1.0263671875,1.0163999795913696,2693,GACGGG,1.591796875,0,AAAAAN,2.0,0,AAAAAN,2.0,3330,GGCGGN,0.07915084809064865,3090,GCGGGN,0.12137023359537125,3090,GCGGGN,0.12137023359537125,False,False,True,0.003094412386417389,
4,24,40,head_0,degradation,0.92822265625,1.0028512477874756,2693,GACGGG,1.6318359375,0,AAAAAN,2.0,0,AAAAAN,2.0,3330,GGCGGN,0.08333560079336166,3090,GCGGGN,0.12310189753770828,3090,GCGGGN,0.12310189753770828,False,False,True,0.0012651234865188599,
4,25,40,head_0,degradation,0.92138671875,1.0005815029144287,2693,GACGGG,1.634765625,0,AAAAAN,2.0,0,AAAAAN,2.0,3330,GGCGGN,0.08314114063978195,3090,GCGGGN,0.12249648571014404,3090,GCGGGN,0.12249648571014404,False,False,True,0.0008668266236782074,
4,26,40,head_0,degradation,0.96435546875,0.9973539710044861,2693,GACGGG,1.6171875,0,AAAAAN,2.0,0,AAAAAN,2.0,3330,GGCGGN,0.08410219848155975,3090,GCGGGN,0.12287315726280212,3090,GCGGGN,0.12287315726280212,False,False,True,-0.000224333256483078,
4,27,40,head_0,degradation,0.978515625,0.9997629523277283,2693,GACGGG,1.611328125,0,AAAAAN,2.0,0,AAAAAN,2.0,3330,GGCGGN,0.08327852189540863,3090,GCGGGN,0.12248564511537552,3090,GCGGGN,0.12248564511537552,False,False,True,-2.7272850275039673e-05,
4,28,40,head_0,degradation,0.9736328125,1.000335454940796,2693,GACGGG,1.61328125,0,AAAAAN,2.0,0,AAAAAN,2.0,3330,GGCGGN,0.08363419026136398,3090,GCGGGN,0.12294497340917587,3090,GCGGGN,0.12294497340917587,False,False,True,0.00018305703997612,
4,29,40,head_0,degradation,0.9833984375,1.0017178058624268,2693,GACGGG,1.609375,0,AAAAAN,2.0,0,AAAAAN,2.0,3330,GGCGGN,0.08396630734205246,3090,GCGGGN,0.12352738529443741,3090,GCGGGN,0.12352738529443741,False,False,True,-7.00540840625763e-05,
4,30,40,head_0,degradation,0.978515625,1.0009709596633911,2693,GACGGG,1.611328125,0,AAAAAN,2.0,0,AAAAAN,2.0,3330,GGCGGN,0.08467790484428406,3090,GCGGGN,0.12410373985767365,3090,GCGGGN,0.12410373985767365,False,False,True,-0.0003951452672481537,
4,31,40,head_0,degradation,0.99755859375,0.9967012405395508,2693,GACGGG,1.603515625,0,AAAAAN,2.0,0,AAAAAN,2.0,3330,GGCGGN,0.08444136381149292,3090,GCGGGN,0.12309414148330688,3090,GCGGGN,0.12309414148330688,False,False,True,-0.00020480528473854065,
4,32,40,head_0,degradation,1.0166015625,1.0004388093948364,2693,GACGGG,1.595703125,0,AAAAAN,2.0,0,AAAAAN,2.0,3330,GGCGGN,0.08361019939184189,3090,GCGGGN,0.12293969839811325,3090,GCGGGN,0.12293969839811325,False,False,True,0.0004855133593082428,
4,33,40,head_0,degradation,1.0146484375,1.0006093978881836,2693,GACGGG,1.5966796875,0,AAAAAN,2.0,0,AAAAAN,2.0,3330,GGCGGN,0.08341307938098907,3090,GCGGGN,0.12277344614267349,3090,GCGGGN,0.12277344614267349,False,False,True,0.0005747750401496887,
4,34,40,head_0,degradation,1.0146484375,1.002683401107788,2693,GACGGG,1.5966796875,0,AAAAAN,2.0,0,AAAAAN,2.0,3330,GGCGGN,0.08324827253818512,3090,GCGGGN,0.12298417091369629,3090,GCGGGN,0.12298417091369629,False,False,True,0.0002929568290710449,
4,35,40,head_0,degradation,0.99267578125,0.9983449578285217,2693,GACGGG,1.60546875,0,AAAAAN,2.0,0,AAAAAN,2.0,3330,GGCGGN,0.08426312357187271,3090,GCGGGN,0.1232134997844696,3090,GCGGGN,0.1232134997844696,False,False,True,-0.0001922808587551117,
4,36,40,head_0,degradation,0.990234375,1.0011826753616333,2693,GACGGG,1.6064453125,0,AAAAAN,2.0,0,AAAAAN,2.0,3330,GGCGGN,0.08421768993139267,3090,GCGGGN,0.12368187308311462,3090,GCGGGN,0.12368187308311462,False,False,True,0.00013811513781547546,
4,37,40,head_0,degradation,1.01171875,1.001725673675537,2693,GACGGG,1.59765625,0,AAAAAN,2.0,0,AAAAAN,2.0,3330,GGCGGN,0.08340441435575485,3090,GCGGGN,0.12296690791845322,3090,GCGGGN,0.12296690791845322,False,False,True,0.0006185732781887054,
4,38,40,head_0,degradation,1.03125,1.0018318891525269,2693,GACGGG,1.58984375,0,AAAAAN,2.0,0,AAAAAN,2.0,3330,GGCGGN,0.08350039273500443,3090,GCGGGN,0.12308211624622345,3090,GCGGGN,0.12308211624622345,False,False,True,0.0008552148938179016,
4,39,40,head_0,degradation,1.0283203125,1.0037442445755005,2693,GACGGG,1.5908203125,0,AAAAAN,2.0,0,AAAAAN,2.0,3330,GGCGGN,0.08303038775920868,3090,GCGGGN,0.12295835465192795,3090,GCGGGN,0.12295835465192795,False,False,True,0.000804264098405838,
4,40,40,head_0,degradation,0.9833984375,1.0027052164077759,2693,GACGGG,1.609375,0,AAAAAN,2.0,0,AAAAAN,2.0,3330,GGCGGN,0.08344566822052002,3090,GCGGGN,0.12318551540374756,3090,GCGGGN,0.12318551540374756,False,False,True,0.0006043203175067902,
4,41,40,head_0,degradation,0.990234375,0.9999961853027344,2693,GACGGG,1.6064453125,0,AAAAAN,2.0,0,AAAAAN,2.0,3330,GGCGGN,0.08412909507751465,3090,GCGGGN,0.1233784481883049,3090,GCGGGN,0.1233784481883049,False,False,True,-8.38935375213623e-05,
4,42,40,head_0,degradation,1.0,0.9991989135742188,2693,GACGGG,1.6025390625,0,AAAAAN,2.0,0,AAAAAN,2.0,3330,GGCGGN,0.08457311987876892,3090,GCGGGN,0.12367811053991318,3090,GCGGGN,0.12367811053991318,False,False,True,-1.2114644050598145e-05,
4,43,40,head_0,degradation,1.0,0.9993678331375122,2693,GACGGG,1.6025390625,0,AAAAAN,2.0,0,AAAAAN,2.0,3330,GGCGGN,0.08449245244264603,3090,GCGGGN,0.12362804263830185,3090,GCGGGN,0.12362804263830185,False,False,True,-5.596131086349487e-05,
4,44,40,head_0,degradation,0.9736328125,1.0023472309112549,2693,GACGGG,1.61328125,0,AAAAAN,2.0,0,AAAAAN,2.0,3330,GGCGGN,0.08411192148923874,3090,GCGGGN,0.12378694862127304,3090,GCGGGN,0.12378694862127304,False,False,True,0.00023736059665679932,
4,45,40,head_0,degradation,0.99755859375,0.999907910823822,2693,GACGGG,1.603515625,0,AAAAAN,2.0,0,AAAAAN,2.0,3330,GGCGGN,0.08472805470228195,3090,GCGGGN,0.1239614263176918,3090,GCGGGN,0.1239614263176918,False,False,True,-3.0566006898880005e-05,
4,46,40,head_0,degradation,0.978515625,0.9986479878425598,2693,GACGGG,1.611328125,0,AAAAAN,2.0,0,AAAAAN,2.0,3330,GGCGGN,0.08477438241243362,3090,GCGGGN,0.12377963960170746,3090,GCGGGN,0.12377963960170746,False,False,True,-1.0695308446884155e-05,
4,47,40,head_0,degradation,0.990234375,0.9997064471244812,2693,GACGGG,1.6064453125,0,AAAAAN,2.0,0,AAAAAN,2.0,3330,GGCGGN,0.08467378467321396,3090,GCGGGN,0.12387067824602127,3090,GCGGGN,0.12387067824602127,False,False,True,4.026666283607483e-05,
4,48,40,head_0,degradation,1.021484375,1.0025800466537476,2693,GACGGG,1.59375,0,AAAAAN,2.0,0,AAAAAN,2.0,3330,GGCGGN,0.08344541490077972,3090,GCGGGN,0.12316259741783142,3090,GCGGGN,0.12316259741783142,False,False,True,0.0004715248942375183,
4,49,40,head_0,degradation,1.0283203125,1.004158854484558,2693,GACGGG,1.5908203125,0,AAAAAN,2.0,0,AAAAAN,2.0,3330,GGCGGN,0.08340584486722946,3090,GCGGGN,0.12340886890888214,3090,GCGGGN,0.12340886890888214,False,False,True,0.0006493180990219116,
4,50,40,head_0,degradation,1.0166015625,0.9988452196121216,2693,GACGGG,1.595703125,0,AAAAAN,2.0,0,AAAAAN,2.0,3330,GGCGGN,0.08448359370231628,3090,GCGGGN,0.12352456152439117,3090,GCGGGN,0.12352456152439117,False,False,True,0.00010948255658149719,
4,51,40,head_0,degradation,1.021484375,1.0005916357040405,2693,GACGGG,1.59375,0,AAAAAN,2.0,0,AAAAAN,2.0,3330,GGCGGN,0.08410188555717468,3090,GCGGGN,0.12345905601978302,3090,GCGGGN,0.12345905601978302,False,False,True,0.0003532618284225464,
5,0,40,head_0,degradation,0.98095703125,0.9968730807304382,2693,GACGGG,1.6103515625,0,AAAAAN,2.0,0,AAAAAN,2.0,3330,GGCGGN,0.08486375957727432,3090,GCGGGN,0.12354765832424164,3090,GCGGGN,0.12354765832424164,False,False,True,-0.00033812224864959717,
5,1,40,head_0,degradation,0.99755859375,0.9987228512763977,2693,GACGGG,1.603515625,0,AAAAAN,2.0,0,AAAAAN,2.0,3330,GGCGGN,0.08471355587244034,3090,GCGGGN,0.12373235821723938,3090,GCGGGN,0.12373235821723938,False,False,True,-7.240846753120422e-05,
5,2,40,head_0,degradation,0.99755859375,0.9971160292625427,2693,GACGGG,1.603515625,0,AAAAAN,2.0,0,AAAAAN,2.0,3330,GGCGGN,0.08473716676235199,3090,GCGGGN,0.12346504628658295,3090,GCGGGN,0.12346504628658295,False,False,True,-1.3548880815505981e-05,
5,3,40,head_0,degradation,1.0,0.9991844892501831,2693,GACGGG,1.6025390625,0,AAAAAN,2.0,0,AAAAAN,2.0,3330,GGCGGN,0.08447778224945068,3090,GCGGGN,0.12358017265796661,3090,GCGGGN,0.12358017265796661,False,False,True,-6.606429815292358e-05,
5,4,40,head_0,degradation,0.97607421875,0.9968653321266174,2693,GACGGG,1.6123046875,0,AAAAAN,2.0,0,AAAAAN,2.0,3330,GGCGGN,0.08543466776609421,3090,GCGGGN,0.1241171658039093,3090,GCGGGN,0.1241171658039093,False,False,True,-0.00032030045986175537,
5,5,40,head_0,degradation,0.9833984375,0.9987190961837769,2693,GACGGG,1.609375,0,AAAAAN,2.0,0,AAAAAN,2.0,3330,GGCGGN,0.08507407456636429,3090,GCGGGN,0.12409219145774841,3090,GCGGGN,0.12409219145774841,False,False,True,-0.00042755529284477234,
5,6,40,head_0,degradation,0.92822265625,0.9955103397369385,2693,GACGGG,1.6318359375,0,AAAAAN,2.0,0,AAAAAN,2.0,3330,GGCGGN,0.08711885660886765,3090,GCGGGN,0.12555600702762604,3090,GCGGGN,0.12555600702762604,False,False,True,-0.0009723305702209473,
5,7,40,head_0,degradation,0.92822265625,0.9909398555755615,2693,GACGGG,1.6318359375,0,AAAAAN,2.0,0,AAAAAN,2.0,3330,GGCGGN,0.08723647147417068,3090,GCGGGN,0.12484611570835114,3090,GCGGGN,0.12484611570835114,False,False,True,-0.0012855790555477142,
5,8,40,head_0,degradation,0.935546875,0.9932747483253479,2693,GACGGG,1.62890625,0,AAAAAN,2.0,0,AAAAAN,2.0,3330,GGCGGN,0.08696331083774567,3090,GCGGGN,0.12499570101499557,3090,GCGGGN,0.12499570101499557,False,False,True,-0.0008173808455467224,
5,9,40,head_0,degradation,1.0048828125,0.9982911348342896,2693,GACGGG,1.6005859375,0,AAAAAN,2.0,0,AAAAAN,2.0,3330,GGCGGN,0.08495460450649261,3090,GCGGGN,0.12389525026082993,3090,GCGGGN,0.12389525026082993,False,False,True,-0.000291287899017334,
5,10,40,head_0,degradation,0.990234375,0.9983242154121399,2693,GACGGG,1.6064453125,0,AAAAAN,2.0,0,AAAAAN,2.0,3330,GGCGGN,0.08529045432806015,3090,GCGGGN,0.1242370754480362,3090,GCGGGN,0.1242370754480362,False,False,True,-5.752965807914734e-05,
5,11,40,head_0,degradation,0.94287109375,1.0000982284545898,2693,GACGGG,1.6259765625,0,AAAAAN,2.0,0,AAAAAN,2.0,3330,GGCGGN,0.08320903033018112,3090,GCGGGN,0.12247686088085175,3090,GCGGGN,0.12247686088085175,False,False,True,4.9773603677749634e-05,
5,12,40,head_0,degradation,0.95703125,0.9989452362060547,2693,GACGGG,1.6201171875,0,AAAAAN,2.0,0,AAAAAN,2.0,3330,GGCGGN,0.08286129683256149,3090,GCGGGN,0.12192036211490631,3090,GCGGGN,0.12192036211490631,False,False,True,-1.5683472156524658e-05,
5,13,40,head_0,degradation,0.97607421875,0.9997520446777344,2693,GACGGG,1.6123046875,0,AAAAAN,2.0,0,AAAAAN,2.0,3330,GGCGGN,0.08240082114934921,3090,GCGGGN,0.12160596996545792,3090,GCGGGN,0.12160596996545792,False,False,True,0.00029192492365837097,
5,14,40,head_0,degradation,1.021484375,1.0003960132598877,2693,GACGGG,1.59375,0,AAAAAN,2.0,0,AAAAAN,2.0,3330,GGCGGN,0.0826537236571312,3090,GCGGGN,0.12197547405958176,3090,GCGGGN,0.12197547405958176,False,False,True,0.0014677979052066803,
5,15,40,head_0,degradation,0.9736328125,1.0000531673431396,2693,GACGGG,1.61328125,0,AAAAAN,2.0,0,AAAAAN,2.0,3330,GGCGGN,0.08295481652021408,3090,GCGGGN,0.12221449613571167,3090,GCGGGN,0.12221449613571167,False,False,True,0.0010176114737987518,
5,16,40,head_0,degradation,0.89501953125,0.9926273226737976,2693,GACGGG,1.6455078125,0,AAAAAN,2.0,0,AAAAAN,2.0,3330,GGCGGN,0.0877317413687706,3090,GCGGGN,0.1256469190120697,3090,GCGGGN,0.1256469190120697,False,False,True,-0.0020034201443195343,
5,17,40,head_0,degradation,0.978515625,0.9861810803413391,2693,GACGGG,1.611328125,0,AAAAAN,2.0,0,AAAAAN,2.0,3330,GGCGGN,0.09074869006872177,3090,GCGGGN,0.12749670445919037,3090,GCGGGN,0.12749670445919037,False,False,True,-0.0022764913737773895,
5,18,40,head_0,degradation,1.0146484375,0.9920843243598938,2693,GACGGG,1.5966796875,0,AAAAAN,2.0,0,AAAAAN,2.0,3330,GGCGGN,0.09020129591226578,3090,GCGGGN,0.12801814079284668,3090,GCGGGN,0.12801814079284668,False,False,True,-0.0024832338094711304,
5,19,40,head_0,degradation,1.041015625,1.0071178674697876,2693,GACGGG,1.5859375,0,AAAAAN,2.0,0,AAAAAN,2.0,3330,GGCGGN,0.08427680283784866,3090,GCGGGN,0.12481558322906494,3090,GCGGGN,0.12481558322906494,False,False,True,0.0007270462810993195,
5,20,40,head_0,degradation,1.044921875,1.0231544971466064,2693,GACGGG,1.583984375,0,AAAAAN,2.0,0,AAAAAN,2.0,3330,GGCGGN,0.08155087381601334,3090,GCGGGN,0.1249932125210762,3090,GCGGGN,0.1249932125210762,False,False,True,0.0006258562207221985,
5,21,40,head_0,degradation,1.0146484375,1.0224264860153198,2693,GACGGG,1.5966796875,0,AAAAAN,2.0,0,AAAAAN,2.0,3330,GGCGGN,0.0803140327334404,3090,GCGGGN,0.12362457066774368,3090,GCGGGN,0.12362457066774368,False,False,True,0.0014979913830757141,
5,22,40,head_0,degradation,1.1337890625,1.0225343704223633,2693,GACGGG,1.5478515625,0,AAAAAN,2.0,0,AAAAAN,2.0,3330,GGCGGN,0.07936644554138184,3090,GCGGGN,0.12269652634859085,3090,GCGGGN,0.12269652634859085,False,False,True,0.002497326582670212,
5,23,40,head_0,degradation,1.0146484375,1.0135842561721802,2693,GACGGG,1.5966796875,0,AAAAAN,2.0,0,AAAAAN,2.0,3330,GGCGGN,0.0796862468123436,3090,GCGGGN,0.12139581888914108,3090,GCGGGN,0.12139581888914108,False,False,True,0.00215873122215271,
5,24,40,head_0,degradation,1.0478515625,1.0078213214874268,2693,GACGGG,1.5830078125,0,AAAAAN,2.0,0,AAAAAN,2.0,3330,GGCGGN,0.08131206035614014,3090,GCGGGN,0.12197820842266083,3090,GCGGGN,0.12197820842266083,False,False,True,0.0012732185423374176,
5,25,40,head_0,degradation,1.001953125,1.0001702308654785,2693,GACGGG,1.6015625,0,AAAAAN,2.0,0,AAAAAN,2.0,3330,GGCGGN,0.08422084897756577,3090,GCGGGN,0.12350171059370041,3090,GCGGGN,0.12350171059370041,False,False,True,6.636232137680054e-05,
5,26,40,head_0,degradation,0.99755859375,0.9996991157531738,2693,GACGGG,1.603515625,0,AAAAAN,2.0,0,AAAAAN,2.0,3330,GGCGGN,0.08476900309324265,3090,GCGGGN,0.12396456301212311,3090,GCGGGN,0.12396456301212311,False,False,True,-0.00011243298649787903,
5,27,40,head_0,degradation,1.001953125,0.9985237717628479,2693,GACGGG,1.6015625,0,AAAAAN,2.0,0,AAAAAN,2.0,3330,GGCGGN,0.08497225493192673,3090,GCGGGN,0.12395501881837845,3090,GCGGGN,0.12395501881837845,False,False,True,-2.3115426301956177e-05,
5,28,40,head_0,degradation,1.021484375,1.0006695985794067,2693,GACGGG,1.59375,0,AAAAAN,2.0,0,AAAAAN,2.0,3330,GGCGGN,0.0843418762087822,3090,GCGGGN,0.1237131655216217,3090,GCGGGN,0.1237131655216217,False,False,True,7.989630103111267e-05,
5,29,40,head_0,degradation,1.0,1.001267433166504,2693,GACGGG,1.6025390625,0,AAAAAN,2.0,0,AAAAAN,2.0,3330,GGCGGN,0.08388908207416534,3090,GCGGGN,0.12336859852075577,3090,GCGGGN,0.12336859852075577,False,False,True,0.0002921074628829956,
5,30,40,head_0,degradation,0.99755859375,1.0003981590270996,2693,GACGGG,1.603515625,0,AAAAAN,2.0,0,AAAAAN,2.0,3330,GGCGGN,0.08384237438440323,3090,GCGGGN,0.12316451966762543,3090,GCGGGN,0.12316451966762543,False,False,True,0.0004906356334686279,
5,31,40,head_0,degradation,1.0166015625,1.0005264282226562,2693,GACGGG,1.595703125,0,AAAAAN,2.0,0,AAAAAN,2.0,3330,GGCGGN,0.08375568687915802,3090,GCGGGN,0.12310103327035904,3090,GCGGGN,0.12310103327035904,False,False,True,0.00022144988179206848,
5,32,40,head_0,degradation,0.99267578125,0.9997734427452087,2693,GACGGG,1.60546875,0,AAAAAN,2.0,0,AAAAAN,2.0,3330,GGCGGN,0.08356923609972,3090,GCGGGN,0.1227782592177391,3090,GCGGGN,0.1227782592177391,False,False,True,2.4653971195220947e-05,
5,33,40,head_0,degradation,0.990234375,1.0009022951126099,2693,GACGGG,1.6064453125,0,AAAAAN,2.0,0,AAAAAN,2.0,3330,GGCGGN,0.08378060162067413,3090,GCGGGN,0.12319402396678925,3090,GCGGGN,0.12319402396678925,False,False,True,-0.0003782697021961212,
5,34,40,head_0,degradation,0.98095703125,0.9997233152389526,2693,GACGGG,1.6103515625,0,AAAAAN,2.0,0,AAAAAN,2.0,3330,GGCGGN,0.08532144129276276,3090,GCGGGN,0.12452138960361481,3090,GCGGGN,0.12452138960361481,False,False,True,-1.4897435903549194e-05,
5,35,40,head_0,degradation,0.97607421875,0.9991615414619446,2693,GACGGG,1.6123046875,0,AAAAAN,2.0,0,AAAAAN,2.0,3330,GGCGGN,0.08556415140628815,3090,GCGGGN,0.124662384390831,3090,GCGGGN,0.124662384390831,False,False,True,0.00031781941652297974,
5,36,40,head_0,degradation,0.95947265625,0.9973194599151611,2693,GACGGG,1.619140625,0,AAAAAN,2.0,0,AAAAAN,2.0,3330,GGCGGN,0.08550737053155899,3090,GCGGGN,0.12427208572626114,3090,GCGGGN,0.12427208572626114,False,False,True,0.0005369484424591064,
5,37,40,head_0,degradation,0.99755859375,0.9998741745948792,2693,GACGGG,1.603515625,0,AAAAAN,2.0,0,AAAAAN,2.0,3330,GGCGGN,0.08381625264883041,3090,GCGGGN,0.12304351478815079,3090,GCGGGN,0.12304351478815079,False,False,True,0.00017365440726280212,
5,38,40,head_0,degradation,0.98828125,0.9981405138969421,2693,GACGGG,1.607421875,0,AAAAAN,2.0,0,AAAAAN,2.0,3330,GGCGGN,0.08441112190485,3090,GCGGGN,0.12332448363304138,3090,GCGGGN,0.12332448363304138,False,False,True,-0.00011860951781272888,
5,39,40,head_0,degradation,1.001953125,1.0007449388504028,2693,GACGGG,1.6015625,0,AAAAAN,2.0,0,AAAAAN,2.0,3330,GGCGGN,0.08422569185495377,3090,GCGGGN,0.12361062318086624,3090,GCGGGN,0.12361062318086624,False,False,True,4.336237907409668e-05,
5,40,40,head_0,degradation,1.01171875,1.0025699138641357,2693,GACGGG,1.59765625,0,AAAAAN,2.0,0,AAAAAN,2.0,3330,GGCGGN,0.08381408452987671,3090,GCGGGN,0.12352944165468216,3090,GCGGGN,0.12352944165468216,False,False,True,0.000360637903213501,
5,41,40,head_0,degradation,1.01171875,1.0027803182601929,2693,GACGGG,1.59765625,0,AAAAAN,2.0,0,AAAAAN,2.0,3330,GGCGGN,0.083600714802742,3090,GCGGGN,0.12335416674613953,3090,GCGGGN,0.12335416674613953,False,False,True,0.00029277801513671875,
5,42,40,head_0,degradation,1.0146484375,1.0028350353240967,2693,GACGGG,1.5966796875,0,AAAAAN,2.0,0,AAAAAN,2.0,3330,GGCGGN,0.08347922563552856,3090,GCGGGN,0.12324259430170059,3090,GCGGGN,0.12324259430170059,False,False,True,0.0005814321339130402,
5,43,40,head_0,degradation,1.0166015625,1.0034680366516113,2693,GACGGG,1.595703125,0,AAAAAN,2.0,0,AAAAAN,2.0,3330,GGCGGN,0.08354587852954865,3090,GCGGGN,0.12342382222414017,3090,GCGGGN,0.12342382222414017,False,False,True,0.0004633106291294098,
5,44,40,head_0,degradation,1.0361328125,1.004294753074646,2693,GACGGG,1.587890625,0,AAAAAN,2.0,0,AAAAAN,2.0,3330,GGCGGN,0.08281705528497696,3090,GCGGGN,0.12284471094608307,3090,GCGGGN,0.12284471094608307,False,False,True,0.0007320679724216461,
5,45,40,head_0,degradation,1.0263671875,1.0018935203552246,2693,GACGGG,1.591796875,0,AAAAAN,2.0,0,AAAAAN,2.0,3330,GGCGGN,0.08306632936000824,3090,GCGGGN,0.12265921384096146,3090,GCGGGN,0.12265921384096146,False,False,True,0.0006677061319351196,
5,46,40,head_0,degradation,0.98828125,0.999890923500061,2693,GACGGG,1.607421875,0,AAAAAN,2.0,0,AAAAAN,2.0,3330,GGCGGN,0.08367053419351578,3090,GCGGGN,0.1229008361697197,3090,GCGGGN,0.1229008361697197,False,False,True,0.00031854212284088135,
5,47,40,head_0,degradation,1.001953125,0.9992561936378479,2693,GACGGG,1.6015625,0,AAAAAN,2.0,0,AAAAAN,2.0,3330,GGCGGN,0.08420513570308685,3090,GCGGGN,0.12332049757242203,3090,GCGGGN,0.12332049757242203,False,False,True,5.782023072242737e-05,
5,48,40,head_0,degradation,0.99267578125,1.0003643035888672,2693,GACGGG,1.60546875,0,AAAAAN,2.0,0,AAAAAN,2.0,3330,GGCGGN,0.08425579965114594,3090,GCGGGN,0.12357181310653687,3090,GCGGGN,0.12357181310653687,False,False,True,0.00010233372449874878,
5,49,40,head_0,degradation,0.99267578125,0.9979429244995117,2693,GACGGG,1.60546875,0,AAAAAN,2.0,0,AAAAAN,2.0,3330,GGCGGN,0.0845378190279007,3090,GCGGGN,0.12341541051864624,3090,GCGGGN,0.12341541051864624,False,False,True,-0.00019254162907600403,
5,50,40,head_0,degradation,0.990234375,1.0000386238098145,2693,GACGGG,1.6064453125,0,AAAAAN,2.0,0,AAAAAN,2.0,3330,GGCGGN,0.0841052234172821,3090,GCGGGN,0.12336226552724838,3090,GCGGGN,0.12336226552724838,False,False,True,-8.087605237960815e-06,
5,51,40,head_0,degradation,0.99267578125,0.9982853531837463,2693,GACGGG,1.60546875,0,AAAAAN,2.0,0,AAAAAN,2.0,3330,GGCGGN,0.08461529016494751,3090,GCGGGN,0.12355488538742065,3090,GCGGGN,0.12355488538742065,False,False,True,-0.00019271299242973328,
6,0,40,head_0,degradation,0.9833984375,1.0004206895828247,2693,GACGGG,1.609375,0,AAAAAN,2.0,0,AAAAAN,2.0,3330,GGCGGN,0.08404381573200226,3090,GCGGGN,0.12337004393339157,3090,GCGGGN,0.12337004393339157,False,False,True,-6.0033053159713745e-05,
6,1,40,head_0,degradation,0.99267578125,1.0010943412780762,2693,GACGGG,1.60546875,0,AAAAAN,2.0,0,AAAAAN,2.0,3330,GGCGGN,0.08377458900213242,3090,GCGGGN,0.12322277575731277,3090,GCGGGN,0.12322277575731277,False,False,True,-6.075948476791382e-05,
6,2,40,head_0,degradation,1.0478515625,0.9986441731452942,2693,GACGGG,1.5830078125,0,AAAAAN,2.0,0,AAAAAN,2.0,3330,GGCGGN,0.0830223336815834,3090,GCGGGN,0.12202689796686172,3090,GCGGGN,0.12202689796686172,False,False,True,-0.00012856721878051758,
6,3,40,head_0,degradation,1.044921875,1.0012686252593994,2693,GACGGG,1.583984375,0,AAAAAN,2.0,0,AAAAAN,2.0,3330,GGCGGN,0.08211372047662735,3090,GCGGGN,0.12159346044063568,3090,GCGGGN,0.12159346044063568,False,False,True,0.00010028481483459473,
6,4,40,head_0,degradation,1.052734375,1.0021796226501465,2693,GACGGG,1.5810546875,0,AAAAAN,2.0,0,AAAAAN,2.0,3330,GGCGGN,0.08186359703540802,3090,GCGGGN,0.12150827050209045,3090,GCGGGN,0.12150827050209045,False,False,True,0.0001226775348186493,
6,5,40,head_0,degradation,0.99267578125,0.9995213150978088,2693,GACGGG,1.60546875,0,AAAAAN,2.0,0,AAAAAN,2.0,3330,GGCGGN,0.08343207836151123,3090,GCGGGN,0.12259546667337418,3090,GCGGGN,0.12259546667337418,False,False,True,7.040798664093018e-05,
6,6,40,head_0,degradation,1.044921875,1.0065934658050537,2693,GACGGG,1.583984375,0,AAAAAN,2.0,0,AAAAAN,2.0,3330,GGCGGN,0.08127639442682266,3090,GCGGGN,0.12172022461891174,3090,GCGGGN,0.12172022461891174,False,False,True,0.0005705393850803375,
6,7,40,head_0,degradation,1.044921875,1.0053895711898804,2693,GACGGG,1.583984375,0,AAAAAN,2.0,0,AAAAAN,2.0,3330,GGCGGN,0.08188148587942123,3090,GCGGGN,0.12210734188556671,3090,GCGGGN,0.12210734188556671,False,False,True,0.0005002059042453766,
6,8,40,head_0,degradation,1.0283203125,1.0052869319915771,2693,GACGGG,1.5908203125,0,AAAAAN,2.0,0,AAAAAN,2.0,3330,GGCGGN,0.08195751160383224,3090,GCGGGN,0.12216479331254959,3090,GCGGGN,0.12216479331254959,False,False,True,0.0003861747682094574,
6,9,40,head_0,degradation,0.978515625,0.9997177124023438,2693,GACGGG,1.611328125,0,AAAAAN,2.0,0,AAAAAN,2.0,3330,GGCGGN,0.0840936154127121,3090,GCGGGN,0.12329255789518356,3090,GCGGGN,0.12329255789518356,False,False,True,0.00014792755246162415,
6,10,40,head_0,degradation,1.001953125,0.9994257092475891,2693,GACGGG,1.6015625,0,AAAAAN,2.0,0,AAAAAN,2.0,3330,GGCGGN,0.08442555367946625,3090,GCGGGN,0.12357162684202194,3090,GCGGGN,0.12357162684202194,False,False,True,7.465481758117676e-05,
6,11,40,head_0,degradation,1.0146484375,0.9997019171714783,2693,GACGGG,1.5966796875,0,AAAAAN,2.0,0,AAAAAN,2.0,3330,GGCGGN,0.08450897783041,3090,GCGGGN,0.12370505928993225,3090,GCGGGN,0.12370505928993225,False,False,True,-9.496510028839111e-05,
6,12,40,head_0,degradation,1.001953125,1.001688838005066,2693,GACGGG,1.6015625,0,AAAAAN,2.0,0,AAAAAN,2.0,3330,GGCGGN,0.08466415107250214,3090,GCGGGN,0.12421998381614685,3090,GCGGGN,0.12421998381614685,False,False,True,0.0,
6,13,40,head_0,degradation,0.97607421875,0.9984785318374634,2693,GACGGG,1.6123046875,0,AAAAAN,2.0,0,AAAAAN,2.0,3330,GGCGGN,0.08469947427511215,3090,GCGGGN,0.12367404252290726,3090,GCGGGN,0.12367404252290726,False,False,True,-0.00014064833521842957,
6,14,40,head_0,degradation,0.92578125,1.001335620880127,2693,GACGGG,1.6328125,0,AAAAAN,2.0,0,AAAAAN,2.0,3330,GGCGGN,0.08456774801015854,3090,GCGGGN,0.12405960261821747,3090,GCGGGN,0.12405960261821747,False,False,True,-0.00031714141368865967,
6,15,40,head_0,degradation,0.93310546875,0.996809720993042,2693,GACGGG,1.6298828125,0,AAAAAN,2.0,0,AAAAAN,2.0,3330,GGCGGN,0.08472293615341187,3090,GCGGGN,0.12339535355567932,3090,GCGGGN,0.12339535355567932,False,False,True,-0.00023292377591133118,
6,16,40,head_0,degradation,0.990234375,1.001196265220642,2693,GACGGG,1.6064453125,0,AAAAAN,2.0,0,AAAAAN,2.0,3330,GGCGGN,0.08298969268798828,3090,GCGGGN,0.12245633453130722,3090,GCGGGN,0.12245633453130722,False,False,True,0.0004991479218006134,
6,17,40,head_0,degradation,0.96875,1.0037730932235718,2693,GACGGG,1.615234375,0,AAAAAN,2.0,0,AAAAAN,2.0,3330,GGCGGN,0.08087333291769028,3090,GCGGGN,0.12080652266740799,3090,GCGGGN,0.12080652266740799,False,False,True,0.001186661422252655,
6,18,40,head_0,degradation,0.935546875,1.0010942220687866,2693,GACGGG,1.62890625,0,AAAAAN,2.0,0,AAAAAN,2.0,3330,GGCGGN,0.08083705604076385,3090,GCGGGN,0.12028523534536362,3090,GCGGGN,0.12028523534536362,False,False,True,0.0014522261917591095,
6,19,40,head_0,degradation,0.8115234375,0.9963549971580505,2693,GACGGG,1.6796875,0,AAAAAN,2.0,0,AAAAAN,2.0,3330,GGCGGN,0.08096244931221008,3090,GCGGGN,0.11955253779888153,3090,GCGGGN,0.11955253779888153,False,False,True,0.0012841969728469849,
6,20,40,head_0,degradation,1.044921875,0.9853063821792603,2693,GACGGG,1.583984375,0,AAAAAN,2.0,0,AAAAAN,2.0,3330,GGCGGN,0.08798231184482574,3090,GCGGGN,0.12457196414470673,3090,GCGGGN,0.12457196414470673,False,False,True,-0.0018071718513965607,
6,21,40,head_0,degradation,1.1005859375,0.9816365242004395,2693,GACGGG,1.5615234375,0,AAAAAN,2.0,0,AAAAAN,2.0,3330,GGCGGN,0.09000059962272644,3090,GCGGGN,0.12592579424381256,3090,GCGGGN,0.12592579424381256,False,False,True,-0.0029876194894313812,
6,22,40,head_0,degradation,1.181640625,0.9870297312736511,2693,GACGGG,1.5283203125,0,AAAAAN,2.0,0,AAAAAN,2.0,3330,GGCGGN,0.09098364412784576,3090,GCGGGN,0.12788532674312592,3090,GCGGGN,0.12788532674312592,False,False,True,-0.003130044788122177,
6,23,40,head_0,degradation,1.0146484375,0.9968482851982117,2693,GACGGG,1.5966796875,0,AAAAAN,2.0,0,AAAAAN,2.0,3330,GGCGGN,0.08547806739807129,3090,GCGGGN,0.12415747344493866,3090,GCGGGN,0.12415747344493866,False,False,True,-0.0008211620151996613,
6,24,40,head_0,degradation,1.01171875,1.0003857612609863,2693,GACGGG,1.59765625,0,AAAAAN,2.0,0,AAAAAN,2.0,3330,GGCGGN,0.08415110409259796,3090,GCGGGN,0.12347099184989929,3090,GCGGGN,0.12347099184989929,False,False,True,-1.7773360013961792e-05,
6,25,40,head_0,degradation,1.0166015625,1.001136302947998,2693,GACGGG,1.595703125,0,AAAAAN,2.0,0,AAAAAN,2.0,3330,GGCGGN,0.08412731438875198,3090,GCGGGN,0.1235831007361412,3090,GCGGGN,0.1235831007361412,False,False,True,-6.687641143798828e-05,
6,26,40,head_0,degradation,1.0068359375,0.9999606013298035,2693,GACGGG,1.599609375,0,AAAAAN,2.0,0,AAAAAN,2.0,3330,GGCGGN,0.08432552963495255,3090,GCGGGN,0.12356843799352646,3090,GCGGGN,0.12356843799352646,False,False,True,-2.014636993408203e-05,
6,27,40,head_0,degradation,1.0146484375,1.0000194311141968,2693,GACGGG,1.5966796875,0,AAAAAN,2.0,0,AAAAAN,2.0,3330,GGCGGN,0.08429981023073196,3090,GCGGGN,0.12355336546897888,3090,GCGGGN,0.12355336546897888,False,False,True,-0.0002594701945781708,
6,28,40,head_0,degradation,1.0048828125,0.9985979199409485,2693,GACGGG,1.6005859375,0,AAAAAN,2.0,0,AAAAAN,2.0,3330,GGCGGN,0.08406181633472443,3090,GCGGGN,0.1230580061674118,3090,GCGGGN,0.1230580061674118,False,False,True,-0.0004426687955856323,
6,29,40,head_0,degradation,1.0048828125,0.9993418455123901,2693,GACGGG,1.6005859375,0,AAAAAN,2.0,0,AAAAAN,2.0,3330,GGCGGN,0.08378671109676361,3090,GCGGGN,0.12291759252548218,3090,GCGGGN,0.12291759252548218,False,False,True,-0.00033357366919517517,
6,30,40,head_0,degradation,1.001953125,1.0016298294067383,2693,GACGGG,1.6015625,0,AAAAAN,2.0,0,AAAAAN,2.0,3330,GGCGGN,0.08347862958908081,3090,GCGGGN,0.12302376329898834,3090,GCGGGN,0.12302376329898834,False,False,True,6.410852074623108e-05,
6,31,40,head_0,degradation,0.99755859375,1.0031545162200928,2693,GACGGG,1.603515625,0,AAAAAN,2.0,0,AAAAAN,2.0,3330,GGCGGN,0.08241302520036697,3090,GCGGGN,0.12223421782255173,3090,GCGGGN,0.12223421782255173,False,False,True,0.0005105398595333099,
6,32,40,head_0,degradation,1.0146484375,1.0025500059127808,2693,GACGGG,1.5966796875,0,AAAAAN,2.0,0,AAAAAN,2.0,3330,GGCGGN,0.08185657113790512,3090,GCGGGN,0.12156831473112106,3090,GCGGGN,0.12156831473112106,False,False,True,0.0005762875080108643,
6,33,40,head_0,degradation,1.0048828125,1.0037734508514404,2693,GACGGG,1.6005859375,0,AAAAAN,2.0,0,AAAAAN,2.0,3330,GGCGGN,0.08181583881378174,3090,GCGGGN,0.12174908816814423,3090,GCGGGN,0.12174908816814423,False,False,True,0.0005516000092029572,
6,34,40,head_0,degradation,0.99755859375,1.0040847063064575,2693,GACGGG,1.603515625,0,AAAAAN,2.0,0,AAAAAN,2.0,3330,GGCGGN,0.0836217850446701,3090,GCGGGN,0.12361139804124832,3090,GCGGGN,0.12361139804124832,False,False,True,-0.0003260709345340729,
6,35,40,head_0,degradation,0.978515625,1.0045485496520996,2693,GACGGG,1.611328125,0,AAAAAN,2.0,0,AAAAAN,2.0,3330,GGCGGN,0.08417035639286041,3090,GCGGGN,0.12424395978450775,3090,GCGGGN,0.12424395978450775,False,False,True,-0.0005189664661884308,
6,36,40,head_0,degradation,0.978515625,1.0049008131027222,2693,GACGGG,1.611328125,0,AAAAAN,2.0,0,AAAAAN,2.0,3330,GGCGGN,0.08404973149299622,3090,GCGGGN,0.12418711930513382,3090,GCGGGN,0.12418711930513382,False,False,True,-0.00035754963755607605,
6,37,40,head_0,degradation,1.001953125,1.0000519752502441,2693,GACGGG,1.6015625,0,AAAAAN,2.0,0,AAAAAN,2.0,3330,GGCGGN,0.08419115841388702,3090,GCGGGN,0.1234506294131279,3090,GCGGGN,0.1234506294131279,False,False,True,-9.156763553619385e-05,
6,38,40,head_0,degradation,0.9833984375,0.9994790554046631,2693,GACGGG,1.609375,0,AAAAAN,2.0,0,AAAAAN,2.0,3330,GGCGGN,0.08421909064054489,3090,GCGGGN,0.1233748197555542,3090,GCGGGN,0.1233748197555542,False,False,True,-0.0001596584916114807,
6,39,40,head_0,degradation,1.0,1.001327633857727,2693,GACGGG,1.6025390625,0,AAAAAN,2.0,0,AAAAAN,2.0,3330,GGCGGN,0.08408057689666748,3090,GCGGGN,0.1235710009932518,3090,GCGGGN,0.1235710009932518,False,False,True,-0.00014796853065490723,
6,40,40,head_0,degradation,0.9833984375,0.9966579079627991,2693,GACGGG,1.609375,0,AAAAAN,2.0,0,AAAAAN,2.0,3330,GGCGGN,0.08547724038362503,3090,GCGGGN,0.12412218749523163,3090,GCGGGN,0.12412218749523163,False,False,True,-0.001126859337091446,
6,41,40,head_0,degradation,0.9736328125,0.9958321452140808,2693,GACGGG,1.61328125,0,AAAAAN,2.0,0,AAAAAN,2.0,3330,GGCGGN,0.08581016212701797,3090,GCGGGN,0.12430557608604431,3090,GCGGGN,0.12430557608604431,False,False,True,-0.0013569816946983337,
6,42,40,head_0,degradation,0.9736328125,0.9965553879737854,2693,GACGGG,1.61328125,0,AAAAAN,2.0,0,AAAAAN,2.0,3330,GGCGGN,0.08582282811403275,3090,GCGGGN,0.12444919347763062,3090,GCGGGN,0.12444919347763062,False,False,True,-0.0013538934290409088,
6,43,40,head_0,degradation,1.0,0.9985727667808533,2693,GACGGG,1.6025390625,0,AAAAAN,2.0,0,AAAAAN,2.0,3330,GGCGGN,0.08450732380151749,3090,GCGGGN,0.12349894642829895,3090,GCGGGN,0.12349894642829895,False,False,True,0.00025276094675064087,
6,44,40,head_0,degradation,1.0,1.0001354217529297,2693,GACGGG,1.6025390625,0,AAAAAN,2.0,0,AAAAAN,2.0,3330,GGCGGN,0.08415890485048294,3090,GCGGGN,0.12343346327543259,3090,GCGGGN,0.12343346327543259,False,False,True,0.00015645846724510193,
6,45,40,head_0,degradation,1.001953125,0.9966632723808289,2693,GACGGG,1.6015625,0,AAAAAN,2.0,0,AAAAAN,2.0,3330,GGCGGN,0.08418894559144974,3090,GCGGGN,0.12283485382795334,3090,GCGGGN,0.12283485382795334,False,False,True,0.00020254775881767273,
6,46,40,head_0,degradation,1.0048828125,0.9997878074645996,2693,GACGGG,1.6005859375,0,AAAAAN,2.0,0,AAAAAN,2.0,3330,GGCGGN,0.08410470187664032,3090,GCGGGN,0.12331633269786835,3090,GCGGGN,0.12331633269786835,False,False,True,0.00015075132250785828,
6,47,40,head_0,degradation,1.0234375,0.9994563460350037,2693,GACGGG,1.5927734375,0,AAAAAN,2.0,0,AAAAAN,2.0,3330,GGCGGN,0.08379895985126495,3090,GCGGGN,0.12295056879520416,3090,GCGGGN,0.12295056879520416,False,False,True,-0.00014689937233924866,
6,48,40,head_0,degradation,1.0146484375,1.0032157897949219,2693,GACGGG,1.5966796875,0,AAAAAN,2.0,0,AAAAAN,2.0,3330,GGCGGN,0.08345023542642593,3090,GCGGGN,0.1232825219631195,3090,GCGGGN,0.1232825219631195,False,False,True,-0.00011516734957695007,
6,49,40,head_0,degradation,1.0283203125,1.0058858394622803,2693,GACGGG,1.5908203125,0,AAAAAN,2.0,0,AAAAAN,2.0,3330,GGCGGN,0.08293105661869049,3090,GCGGGN,0.12324678897857666,3090,GCGGGN,0.12324678897857666,False,False,True,0.0001229904592037201,
6,50,40,head_0,degradation,1.021484375,1.0052729845046997,2693,GACGGG,1.59375,0,AAAAAN,2.0,0,AAAAAN,2.0,3330,GGCGGN,0.08301237225532532,3090,GCGGGN,0.1232171282172203,3090,GCGGGN,0.1232171282172203,False,False,True,-3.1925737857818604e-06,
6,51,40,head_0,degradation,1.0234375,1.0026988983154297,2693,GACGGG,1.5927734375,0,AAAAAN,2.0,0,AAAAAN,2.0,3330,GGCGGN,0.08338012546300888,3090,GCGGGN,0.1231188252568245,3090,GCGGGN,0.1231188252568245,False,False,True,-0.0001483634114265442,
7,0,40,head_0,degradation,0.98828125,0.9985787272453308,2693,GACGGG,1.607421875,0,AAAAAN,2.0,0,AAAAAN,2.0,3330,GGCGGN,0.08453420549631119,3090,GCGGGN,0.1235269233584404,3090,GCGGGN,0.1235269233584404,False,False,True,-6.048381328582764e-05,
7,1,40,head_0,degradation,1.001953125,0.999555766582489,2693,GACGGG,1.6015625,0,AAAAAN,2.0,0,AAAAAN,2.0,3330,GGCGGN,0.08411949872970581,3090,GCGGGN,0.12328910827636719,3090,GCGGGN,0.12328910827636719,False,False,True,1.6316771507263184e-06,
7,2,40,head_0,degradation,0.98828125,0.9974677562713623,2693,GACGGG,1.607421875,0,AAAAAN,2.0,0,AAAAAN,2.0,3330,GGCGGN,0.08501706272363663,3090,GCGGGN,0.12380862236022949,3090,GCGGGN,0.12380862236022949,False,False,True,-3.3598393201828e-05,
7,3,40,head_0,degradation,0.98828125,0.9976580739021301,2693,GACGGG,1.607421875,0,AAAAAN,2.0,0,AAAAAN,2.0,3330,GGCGGN,0.08473748713731766,3090,GCGGGN,0.12356351315975189,3090,GCGGGN,0.12356351315975189,False,False,True,0.00011025741696357727,
7,4,40,head_0,degradation,0.978515625,0.998291015625,2693,GACGGG,1.611328125,0,AAAAAN,2.0,0,AAAAAN,2.0,3330,GGCGGN,0.08460932224988937,3090,GCGGGN,0.1235499456524849,3090,GCGGGN,0.1235499456524849,False,False,True,0.00011597946286201477,
7,5,40,head_0,degradation,0.98828125,0.9997450113296509,2693,GACGGG,1.607421875,0,AAAAAN,2.0,0,AAAAAN,2.0,3330,GGCGGN,0.0842578336596489,3090,GCGGGN,0.12346171587705612,3090,GCGGGN,0.12346171587705612,False,False,True,2.815946936607361e-05,
7,6,40,head_0,degradation,0.97607421875,1.0025782585144043,2693,GACGGG,1.6123046875,0,AAAAAN,2.0,0,AAAAAN,2.0,3330,GGCGGN,0.08384116739034653,3090,GCGGGN,0.12355804443359375,3090,GCGGGN,0.12355804443359375,False,False,True,-7.719919085502625e-05,
7,7,40,head_0,degradation,0.97607421875,1.0006605386734009,2693,GACGGG,1.6123046875,0,AAAAAN,2.0,0,AAAAAN,2.0,3330,GGCGGN,0.0839596837759018,3090,GCGGGN,0.12332931905984879,3090,GCGGGN,0.12332931905984879,False,False,True,-7.647648453712463e-05,
7,8,40,head_0,degradation,0.9736328125,1.0001909732818604,2693,GACGGG,1.61328125,0,AAAAAN,2.0,0,AAAAAN,2.0,3330,GGCGGN,0.08422087877988815,3090,GCGGGN,0.12350550293922424,3090,GCGGGN,0.12350550293922424,False,False,True,3.62396240234375e-05,
7,9,40,head_0,degradation,0.99755859375,1.0014841556549072,2693,GACGGG,1.603515625,0,AAAAAN,2.0,0,AAAAAN,2.0,3330,GGCGGN,0.08410076797008514,3090,GCGGGN,0.12361954152584076,3090,GCGGGN,0.12361954152584076,False,False,True,0.00019647926092147827,
7,10,40,head_0,degradation,1.001953125,1.0006790161132812,2693,GACGGG,1.6015625,0,AAAAAN,2.0,0,AAAAAN,2.0,3330,GGCGGN,0.08403914421796799,3090,GCGGGN,0.12341213971376419,3090,GCGGGN,0.12341213971376419,False,False,True,8.254498243331909e-05,
7,11,40,head_0,degradation,1.0263671875,1.0001881122589111,2693,GACGGG,1.591796875,0,AAAAAN,2.0,0,AAAAAN,2.0,3330,GGCGGN,0.08425205945968628,3090,GCGGGN,0.12353616207838058,3090,GCGGGN,0.12353616207838058,False,False,True,2.9940158128738403e-05,
7,12,40,head_0,degradation,1.0234375,1.0021655559539795,2693,GACGGG,1.5927734375,0,AAAAAN,2.0,0,AAAAAN,2.0,3330,GGCGGN,0.0843472108244896,3090,GCGGGN,0.12398935109376907,3090,GCGGGN,0.12398935109376907,False,False,True,0.00012085586786270142,
7,13,40,head_0,degradation,1.0234375,0.9977011680603027,2693,GACGGG,1.5927734375,0,AAAAAN,2.0,0,AAAAAN,2.0,3330,GGCGGN,0.08458196371793747,3090,GCGGGN,0.12341579794883728,3090,GCGGGN,0.12341579794883728,False,False,True,0.00040452927350997925,
7,14,40,head_0,degradation,1.0048828125,0.9987396597862244,2693,GACGGG,1.6005859375,0,AAAAAN,2.0,0,AAAAAN,2.0,3330,GGCGGN,0.08348924666643143,3090,GCGGGN,0.12251110374927521,3090,GCGGGN,0.12251110374927521,False,False,True,0.0009014420211315155,
7,15,40,head_0,degradation,0.96875,0.9961341619491577,2693,GACGGG,1.615234375,0,AAAAAN,2.0,0,AAAAAN,2.0,3330,GGCGGN,0.08420068770647049,3090,GCGGGN,0.12275079637765884,3090,GCGGGN,0.12275079637765884,False,False,True,0.0005414038896560669,
7,16,40,head_0,degradation,0.9453125,0.9968559741973877,2693,GACGGG,1.625,0,AAAAAN,2.0,0,AAAAAN,2.0,3330,GGCGGN,0.08615542948246002,3090,GCGGGN,0.12483622133731842,3090,GCGGGN,0.12483622133731842,False,False,True,-0.0005580037832260132,
7,17,40,head_0,degradation,1.0048828125,0.987859845161438,2693,GACGGG,1.6005859375,0,AAAAAN,2.0,0,AAAAAN,2.0,3330,GGCGGN,0.0891588106751442,3090,GCGGGN,0.1262107789516449,3090,GCGGGN,0.1262107789516449,False,False,True,-0.0010847635567188263,
7,18,40,head_0,degradation,1.07421875,0.9878290295600891,2693,GACGGG,1.572265625,0,AAAAAN,2.0,0,AAAAAN,2.0,3330,GGCGGN,0.09135012328624725,3090,GCGGGN,0.12839652597904205,3090,GCGGGN,0.12839652597904205,False,False,True,-0.001420479267835617,
7,19,40,head_0,degradation,1.09765625,0.996277391910553,2693,GACGGG,1.5625,0,AAAAAN,2.0,0,AAAAAN,2.0,3330,GGCGGN,0.08933316171169281,3090,GCGGGN,0.12790919840335846,3090,GCGGGN,0.12790919840335846,False,False,True,-0.0015331730246543884,
7,20,40,head_0,degradation,0.90673828125,1.0065817832946777,2693,GACGGG,1.640625,0,AAAAAN,2.0,0,AAAAAN,2.0,3330,GGCGGN,0.0831824317574501,3090,GCGGGN,0.12362414598464966,3090,GCGGGN,0.12362414598464966,False,False,True,1.720339059829712e-05,
7,21,40,head_0,degradation,0.849609375,1.0064672231674194,2693,GACGGG,1.6640625,0,AAAAAN,2.0,0,AAAAAN,2.0,3330,GGCGGN,0.08219490200281143,3090,GCGGGN,0.12261588126420975,3090,GCGGGN,0.12261588126420975,False,False,True,-0.0004991739988327026,
7,22,40,head_0,degradation,0.84716796875,0.9980936646461487,2693,GACGGG,1.6650390625,0,AAAAAN,2.0,0,AAAAAN,2.0,3330,GGCGGN,0.08205697685480118,3090,GCGGGN,0.12096186727285385,3090,GCGGGN,0.12096186727285385,False,False,True,0.0007314607501029968,
7,23,40,head_0,degradation,1.0068359375,0.9979173541069031,2693,GACGGG,1.599609375,0,AAAAAN,2.0,0,AAAAAN,2.0,3330,GGCGGN,0.08442144095897675,3090,GCGGGN,0.1232944130897522,3090,GCGGGN,0.1232944130897522,False,False,True,-0.000367533415555954,
7,24,40,head_0,degradation,0.99755859375,1.0005614757537842,2693,GACGGG,1.603515625,0,AAAAAN,2.0,0,AAAAAN,2.0,3330,GGCGGN,0.08259151130914688,3090,GCGGGN,0.12194320559501648,3090,GCGGGN,0.12194320559501648,False,False,True,0.0009186640381813049,
7,25,40,head_0,degradation,1.001953125,1.002164363861084,2693,GACGGG,1.6015625,0,AAAAAN,2.0,0,AAAAAN,2.0,3330,GGCGGN,0.08273863047361374,3090,GCGGGN,0.12238055467605591,3090,GCGGGN,0.12238055467605591,False,False,True,0.0006451494991779327,
7,26,40,head_0,degradation,1.0048828125,1.00128173828125,2693,GACGGG,1.6005859375,0,AAAAAN,2.0,0,AAAAAN,2.0,3330,GGCGGN,0.08376676589250565,3090,GCGGGN,0.1232488751411438,3090,GCGGGN,0.1232488751411438,False,False,True,0.0003541037440299988,
7,27,40,head_0,degradation,1.0048828125,1.0006282329559326,2693,GACGGG,1.6005859375,0,AAAAAN,2.0,0,AAAAAN,2.0,3330,GGCGGN,0.08397131413221359,3090,GCGGGN,0.123335100710392,3090,GCGGGN,0.123335100710392,False,False,True,-0.0001788400113582611,
7,28,40,head_0,degradation,0.99755859375,0.998253583908081,2693,GACGGG,1.603515625,0,AAAAAN,2.0,0,AAAAAN,2.0,3330,GGCGGN,0.0845618024468422,3090,GCGGGN,0.12349564582109451,3090,GCGGGN,0.12349564582109451,False,False,True,-0.00043883174657821655,
7,29,40,head_0,degradation,0.99267578125,0.9997430443763733,2693,GACGGG,1.60546875,0,AAAAAN,2.0,0,AAAAAN,2.0,3330,GGCGGN,0.08413577824831009,3090,GCGGGN,0.12333931028842926,3090,GCGGGN,0.12333931028842926,False,False,True,-0.0005086883902549744,
7,30,40,head_0,degradation,1.0,1.0002244710922241,2693,GACGGG,1.6025390625,0,AAAAAN,2.0,0,AAAAAN,2.0,3330,GGCGGN,0.08420960605144501,3090,GCGGGN,0.123500294983387,3090,GCGGGN,0.123500294983387,False,False,True,-0.0001334846019744873,
7,31,40,head_0,degradation,1.0146484375,1.0010974407196045,2693,GACGGG,1.5966796875,0,AAAAAN,2.0,0,AAAAAN,2.0,3330,GGCGGN,0.08379973471164703,3090,GCGGGN,0.12324848771095276,3090,GCGGGN,0.12324848771095276,False,False,True,-1.3846904039382935e-05,
7,32,40,head_0,degradation,1.01171875,1.0015493631362915,2693,GACGGG,1.59765625,0,AAAAAN,2.0,0,AAAAAN,2.0,3330,GGCGGN,0.08343999832868576,3090,GCGGGN,0.1229705810546875,3090,GCGGGN,0.1229705810546875,False,False,True,0.0002645142376422882,
7,33,40,head_0,degradation,0.99755859375,1.0004500150680542,2693,GACGGG,1.603515625,0,AAAAAN,2.0,0,AAAAAN,2.0,3330,GGCGGN,0.08373428136110306,3090,GCGGGN,0.12306580692529678,3090,GCGGGN,0.12306580692529678,False,False,True,-8.445978164672852e-05,
7,34,40,head_0,degradation,1.0,1.0011413097381592,2693,GACGGG,1.6025390625,0,AAAAAN,2.0,0,AAAAAN,2.0,3330,GGCGGN,0.08399270474910736,3090,GCGGGN,0.12344939261674881,3090,GCGGGN,0.12344939261674881,False,False,True,-0.0002793706953525543,
7,35,40,head_0,degradation,0.99267578125,0.9995461106300354,2693,GACGGG,1.60546875,0,AAAAAN,2.0,0,AAAAAN,2.0,3330,GGCGGN,0.0842290073633194,3090,GCGGGN,0.1233968734741211,3090,GCGGGN,0.1233968734741211,False,False,True,-0.00019117072224617004,
7,36,40,head_0,degradation,0.990234375,0.999774158000946,2693,GACGGG,1.6064453125,0,AAAAAN,2.0,0,AAAAAN,2.0,3330,GGCGGN,0.08417209982872009,3090,GCGGGN,0.12338126450777054,3090,GCGGGN,0.12338126450777054,False,False,True,-6.50063157081604e-05,
7,37,40,head_0,degradation,1.0048828125,1.000663161277771,2693,GACGGG,1.6005859375,0,AAAAAN,2.0,0,AAAAAN,2.0,3330,GGCGGN,0.0840812399983406,3090,GCGGGN,0.1234513521194458,3090,GCGGGN,0.1234513521194458,False,False,True,8.165836334228516e-06,
7,38,40,head_0,degradation,1.0,1.0012584924697876,2693,GACGGG,1.6025390625,0,AAAAAN,2.0,0,AAAAAN,2.0,3330,GGCGGN,0.08411823213100433,3090,GCGGGN,0.12359615415334702,3090,GCGGGN,0.12359615415334702,False,False,True,0.0001498982310295105,
7,39,40,head_0,degradation,1.01171875,0.999174177646637,2693,GACGGG,1.59765625,0,AAAAAN,2.0,0,AAAAAN,2.0,3330,GGCGGN,0.08424615859985352,3090,GCGGGN,0.12334669381380081,3090,GCGGGN,0.12334669381380081,False,False,True,0.00023986026644706726,
7,40,40,head_0,degradation,0.990234375,0.9986048340797424,2693,GACGGG,1.6064453125,0,AAAAAN,2.0,0,AAAAAN,2.0,3330,GGCGGN,0.08465080708265305,3090,GCGGGN,0.1236482560634613,3090,GCGGGN,0.1236482560634613,False,False,True,-0.00012190639972686768,
7,41,40,head_0,degradation,0.99755859375,0.9984961748123169,2693,GACGGG,1.603515625,0,AAAAAN,2.0,0,AAAAAN,2.0,3330,GGCGGN,0.084509938955307,3090,GCGGGN,0.12348770350217819,3090,GCGGGN,0.12348770350217819,False,False,True,-0.00010395795106887817,
7,42,40,head_0,degradation,0.99267578125,0.9996074438095093,2693,GACGGG,1.60546875,0,AAAAAN,2.0,0,AAAAAN,2.0,3330,GGCGGN,0.08448022603988647,3090,GCGGGN,0.12365919351577759,3090,GCGGGN,0.12365919351577759,False,False,True,-0.0002871975302696228,
7,43,40,head_0,degradation,1.0,1.0009623765945435,2693,GACGGG,1.6025390625,0,AAAAAN,2.0,0,AAAAAN,2.0,3330,GGCGGN,0.08393978327512741,3090,GCGGGN,0.12336408346891403,3090,GCGGGN,0.12336408346891403,False,False,True,0.00011202692985534668,
7,44,40,head_0,degradation,1.0048828125,0.9992914795875549,2693,GACGGG,1.6005859375,0,AAAAAN,2.0,0,AAAAAN,2.0,3330,GGCGGN,0.08439750224351883,3090,GCGGGN,0.12351926416158676,3090,GCGGGN,0.12351926416158676,False,False,True,0.00011646747589111328,
7,45,40,head_0,degradation,1.0,0.9997384548187256,2693,GACGGG,1.6025390625,0,AAAAAN,2.0,0,AAAAAN,2.0,3330,GGCGGN,0.0842067301273346,3090,GCGGGN,0.12340942770242691,3090,GCGGGN,0.12340942770242691,False,False,True,-0.0003246515989303589,
7,46,40,head_0,degradation,0.98095703125,0.9994734525680542,2693,GACGGG,1.6103515625,0,AAAAAN,2.0,0,AAAAAN,2.0,3330,GGCGGN,0.08429797738790512,3090,GCGGGN,0.12345269322395325,3090,GCGGGN,0.12345269322395325,False,False,True,-0.00015215575695037842,
7,47,40,head_0,degradation,1.0,0.9998962879180908,2693,GACGGG,1.6025390625,0,AAAAAN,2.0,0,AAAAAN,2.0,3330,GGCGGN,0.084568552672863,3090,GCGGGN,0.12379982322454453,3090,GCGGGN,0.12379982322454453,False,False,True,-0.00017895177006721497,
7,48,40,head_0,degradation,1.0,1.0017160177230835,2693,GACGGG,1.6025390625,0,AAAAAN,2.0,0,AAAAAN,2.0,3330,GGCGGN,0.08460976183414459,3090,GCGGGN,0.12417048960924149,3090,GCGGGN,0.12417048960924149,False,False,True,4.6059489250183105e-05,
7,49,40,head_0,degradation,0.98828125,1.0018677711486816,2693,GACGGG,1.607421875,0,AAAAAN,2.0,0,AAAAAN,2.0,3330,GGCGGN,0.0845470204949379,3090,GCGGGN,0.12413522601127625,3090,GCGGGN,0.12413522601127625,False,False,True,-8.759647607803345e-05,
7,50,40,head_0,degradation,0.98828125,0.99867844581604,2693,GACGGG,1.607421875,0,AAAAAN,2.0,0,AAAAAN,2.0,3330,GGCGGN,0.08427981287240982,3090,GCGGGN,0.12329056859016418,3090,GCGGGN,0.12329056859016418,False,False,True,-0.00018843263387680054,
7,51,40,head_0,degradation,0.99755859375,1.0018224716186523,2693,GACGGG,1.603515625,0,AAAAAN,2.0,0,AAAAAN,2.0,3330,GGCGGN,0.08387856930494308,3090,GCGGGN,0.12345857918262482,3090,GCGGGN,0.12345857918262482,False,False,True,-2.3446977138519287e-05,
8,0,40,head_0,degradation,0.990234375,1.0006537437438965,2693,GACGGG,1.6064453125,0,AAAAAN,2.0,0,AAAAAN,2.0,3330,GGCGGN,0.08422262966632843,3090,GCGGGN,0.12359104305505753,3090,GCGGGN,0.12359104305505753,False,False,True,9.104609489440918e-06,
8,1,40,head_0,degradation,1.0048828125,0.997901976108551,2693,GACGGG,1.6005859375,0,AAAAAN,2.0,0,AAAAAN,2.0,3330,GGCGGN,0.08439906686544418,3090,GCGGGN,0.12326925247907639,3090,GCGGGN,0.12326925247907639,False,False,True,-0.0001115649938583374,
8,2,40,head_0,degradation,1.0048828125,1.0016721487045288,2693,GACGGG,1.6005859375,0,AAAAAN,2.0,0,AAAAAN,2.0,3330,GGCGGN,0.0839887335896492,3090,GCGGGN,0.12354153394699097,3090,GCGGGN,0.12354153394699097,False,False,True,-6.716698408126831e-06,
8,3,40,head_0,degradation,0.99267578125,1.000238060951233,2693,GACGGG,1.60546875,0,AAAAAN,2.0,0,AAAAAN,2.0,3330,GGCGGN,0.08409389108419418,3090,GCGGGN,0.12338704615831375,3090,GCGGGN,0.12338704615831375,False,False,True,7.504969835281372e-05,
8,4,40,head_0,degradation,0.9833984375,0.9996114373207092,2693,GACGGG,1.609375,0,AAAAAN,2.0,0,AAAAAN,2.0,3330,GGCGGN,0.08417350053787231,3090,GCGGGN,0.12335319817066193,3090,GCGGGN,0.12335319817066193,False,False,True,-3.585591912269592e-05,
8,5,40,head_0,degradation,0.98828125,0.9999645948410034,2693,GACGGG,1.607421875,0,AAAAAN,2.0,0,AAAAAN,2.0,3330,GGCGGN,0.08411680907011032,3090,GCGGGN,0.12336044013500214,3090,GCGGGN,0.12336044013500214,False,False,True,-2.8420239686965942e-05,
8,6,40,head_0,degradation,1.0048828125,0.9989907741546631,2693,GACGGG,1.6005859375,0,AAAAAN,2.0,0,AAAAAN,2.0,3330,GGCGGN,0.08415839076042175,3090,GCGGGN,0.12322570383548737,3090,GCGGGN,0.12322570383548737,False,False,True,-0.00019110366702079773,
8,7,40,head_0,degradation,0.99755859375,0.9993380308151245,2693,GACGGG,1.603515625,0,AAAAAN,2.0,0,AAAAAN,2.0,3330,GGCGGN,0.08394613116979599,3090,GCGGGN,0.12307632714509964,3090,GCGGGN,0.12307632714509964,False,False,True,0.00010099634528160095,
8,8,40,head_0,degradation,1.0166015625,1.0021686553955078,2693,GACGGG,1.595703125,0,AAAAAN,2.0,0,AAAAAN,2.0,3330,GGCGGN,0.08360520005226135,3090,GCGGGN,0.123247891664505,3090,GCGGGN,0.123247891664505,False,False,True,0.00027159228920936584,
8,9,40,head_0,degradation,1.0,0.999361515045166,2693,GACGGG,1.6025390625,0,AAAAAN,2.0,0,AAAAAN,2.0,3330,GGCGGN,0.08392306417226791,3090,GCGGGN,0.12305751442909241,3090,GCGGGN,0.12305751442909241,False,False,True,0.00023262575268745422,
8,10,40,head_0,degradation,0.99267578125,0.9999113082885742,2693,GACGGG,1.60546875,0,AAAAAN,2.0,0,AAAAAN,2.0,3330,GGCGGN,0.0839914008975029,3090,GCGGGN,0.1232253834605217,3090,GCGGGN,0.1232253834605217,False,False,True,0.00017981231212615967,
8,11,40,head_0,degradation,0.990234375,1.001161813735962,2693,GACGGG,1.6064453125,0,AAAAAN,2.0,0,AAAAAN,2.0,3330,GGCGGN,0.08363297581672668,3090,GCGGGN,0.12309335917234421,3090,GCGGGN,0.12309335917234421,False,False,True,0.0004559755325317383,
8,12,40,head_0,degradation,0.9453125,0.9964579343795776,2693,GACGGG,1.625,0,AAAAAN,2.0,0,AAAAAN,2.0,3330,GGCGGN,0.08522997051477432,3090,GCGGGN,0.12383870035409927,3090,GCGGGN,0.12383870035409927,False,False,True,-0.000423382967710495,
8,13,40,head_0,degradation,0.94287109375,0.9978349804878235,2693,GACGGG,1.6259765625,0,AAAAAN,2.0,0,AAAAAN,2.0,3330,GGCGGN,0.0848156288266182,3090,GCGGGN,0.1236736923456192,3090,GCGGGN,0.1236736923456192,False,False,True,-0.00034489110112190247,
8,14,40,head_0,degradation,0.97607421875,0.9969176054000854,2693,GACGGG,1.6123046875,0,AAAAAN,2.0,0,AAAAAN,2.0,3330,GGCGGN,0.08346224576234818,3090,GCGGGN,0.12215419858694077,3090,GCGGGN,0.12215419858694077,False,False,True,0.0005491189658641815,
8,15,40,head_0,degradation,1.021484375,1.0054463148117065,2693,GACGGG,1.59375,0,AAAAAN,2.0,0,AAAAAN,2.0,3330,GGCGGN,0.08189481496810913,3090,GCGGGN,0.12213095277547836,3090,GCGGGN,0.12213095277547836,False,False,True,0.0006798356771469116,
8,16,40,head_0,degradation,1.0283203125,1.0072568655014038,2693,GACGGG,1.5908203125,0,AAAAAN,2.0,0,AAAAAN,2.0,3330,GGCGGN,0.08295362442731857,3090,GCGGGN,0.12351758033037186,3090,GCGGGN,0.12351758033037186,False,False,True,0.0006543770432472229,
8,17,40,head_0,degradation,1.0166015625,1.0019274950027466,2693,GACGGG,1.595703125,0,AAAAAN,2.0,0,AAAAAN,2.0,3330,GGCGGN,0.08578226715326309,3090,GCGGGN,0.12538129091262817,3090,GCGGGN,0.12538129091262817,False,False,True,-0.000740446150302887,
8,18,40,head_0,degradation,1.0068359375,1.0010064840316772,2693,GACGGG,1.599609375,0,AAAAAN,2.0,0,AAAAAN,2.0,3330,GGCGGN,0.0858687087893486,3090,GCGGGN,0.12530098855495453,3090,GCGGGN,0.12530098855495453,False,False,True,-0.0006008148193359375,
8,19,40,head_0,degradation,1.0927734375,0.9963160753250122,2693,GACGGG,1.564453125,0,AAAAAN,2.0,0,AAAAAN,2.0,3330,GGCGGN,0.08664511889219284,3090,GCGGGN,0.1252281665802002,3090,GCGGGN,0.1252281665802002,False,False,True,-0.0014103800058364868,
8,20,40,head_0,degradation,1.044921875,1.0060679912567139,2693,GACGGG,1.583984375,0,AAAAAN,2.0,0,AAAAAN,2.0,3330,GGCGGN,0.08306863158941269,3090,GCGGGN,0.12341734021902084,3090,GCGGGN,0.12341734021902084,False,False,True,0.000535082072019577,
8,21,40,head_0,degradation,1.044921875,0.9999188780784607,2693,GACGGG,1.583984375,0,AAAAAN,2.0,0,AAAAAN,2.0,3330,GGCGGN,0.0849534198641777,3090,GCGGGN,0.12418876588344574,3090,GCGGGN,0.12418876588344574,False,False,True,-0.0001466311514377594,
8,22,40,head_0,degradation,0.96875,1.0002845525741577,2693,GACGGG,1.615234375,0,AAAAAN,2.0,0,AAAAAN,2.0,3330,GGCGGN,0.08363853394985199,3090,GCGGGN,0.12294010072946548,3090,GCGGGN,0.12294010072946548,False,False,True,0.00037248432636260986,
8,23,40,head_0,degradation,1.021484375,0.9945122003555298,2693,GACGGG,1.59375,0,AAAAAN,2.0,0,AAAAAN,2.0,3330,GGCGGN,0.0859542116522789,3090,GCGGGN,0.12421064078807831,3090,GCGGGN,0.12421064078807831,False,False,True,-0.0007680729031562805,
8,24,40,head_0,degradation,0.990234375,0.9997601509094238,2693,GACGGG,1.6064453125,0,AAAAAN,2.0,0,AAAAAN,2.0,3330,GGCGGN,0.08437727391719818,3090,GCGGGN,0.12358390539884567,3090,GCGGGN,0.12358390539884567,False,False,True,-0.00022483989596366882,
8,25,40,head_0,degradation,0.9833984375,1.0009671449661255,2693,GACGGG,1.609375,0,AAAAAN,2.0,0,AAAAAN,2.0,3330,GGCGGN,0.08399779349565506,3090,GCGGGN,0.12342296540737152,3090,GCGGGN,0.12342296540737152,False,False,True,-0.0002867504954338074,
8,26,40,head_0,degradation,0.98095703125,0.9986580014228821,2693,GACGGG,1.6103515625,0,AAAAAN,2.0,0,AAAAAN,2.0,3330,GGCGGN,0.08444283157587051,3090,GCGGGN,0.1234498992562294,3090,GCGGGN,0.1234498992562294,False,False,True,-0.0002564378082752228,
8,27,40,head_0,degradation,1.0,0.9999865889549255,2693,GACGGG,1.6025390625,0,AAAAAN,2.0,0,AAAAAN,2.0,3330,GGCGGN,0.08401251584291458,3090,GCGGGN,0.12326013296842575,3090,GCGGGN,0.12326013296842575,False,False,True,-0.0002397671341896057,
8,28,40,head_0,degradation,1.0,1.0018337965011597,2693,GACGGG,1.6025390625,0,AAAAAN,2.0,0,AAAAAN,2.0,3330,GGCGGN,0.08369959145784378,3090,GCGGGN,0.12328165769577026,3090,GCGGGN,0.12328165769577026,False,False,True,-7.79181718826294e-05,
8,29,40,head_0,degradation,1.001953125,1.0010089874267578,2693,GACGGG,1.6015625,0,AAAAAN,2.0,0,AAAAAN,2.0,3330,GGCGGN,0.08416666835546494,3090,GCGGGN,0.12359940260648727,3090,GCGGGN,0.12359940260648727,False,False,True,-0.00024254247546195984,
8,30,40,head_0,degradation,1.001953125,1.0006310939788818,2693,GACGGG,1.6015625,0,AAAAAN,2.0,0,AAAAAN,2.0,3330,GGCGGN,0.08421386778354645,3090,GCGGGN,0.12357818335294724,3090,GCGGGN,0.12357818335294724,False,False,True,-9.012594819068909e-05,
8,31,40,head_0,degradation,1.0068359375,1.0004079341888428,2693,GACGGG,1.599609375,0,AAAAAN,2.0,0,AAAAAN,2.0,3330,GGCGGN,0.08425658196210861,3090,GCGGGN,0.12358049303293228,3090,GCGGGN,0.12358049303293228,False,False,True,-0.0002850554883480072,
8,32,40,head_0,degradation,1.0,1.0003126859664917,2693,GACGGG,1.6025390625,0,AAAAAN,2.0,0,AAAAAN,2.0,3330,GGCGGN,0.08399394899606705,3090,GCGGGN,0.12330061942338943,3090,GCGGGN,0.12330061942338943,False,False,True,-0.0003803819417953491,
8,33,40,head_0,degradation,0.990234375,0.9982682466506958,2693,GACGGG,1.6064453125,0,AAAAAN,2.0,0,AAAAAN,2.0,3330,GGCGGN,0.08425748348236084,3090,GCGGGN,0.12319397181272507,3090,GCGGGN,0.12319397181272507,False,False,True,-0.00043880194425582886,
8,34,40,head_0,degradation,0.9736328125,0.9990686774253845,2693,GACGGG,1.61328125,0,AAAAAN,2.0,0,AAAAAN,2.0,3330,GGCGGN,0.08452218025922775,3090,GCGGGN,0.12360361218452454,3090,GCGGGN,0.12360361218452454,False,False,True,-0.00027086958289146423,
8,35,40,head_0,degradation,0.98828125,0.9995999932289124,2693,GACGGG,1.607421875,0,AAAAAN,2.0,0,AAAAAN,2.0,3330,GGCGGN,0.08447735011577606,3090,GCGGGN,0.12365498393774033,3090,GCGGGN,0.12365498393774033,False,False,True,-0.0002574510872364044,
8,36,40,head_0,degradation,0.978515625,1.0006603002548218,2693,GACGGG,1.611328125,0,AAAAAN,2.0,0,AAAAAN,2.0,3330,GGCGGN,0.08423324674367905,3090,GCGGGN,0.12360284477472305,3090,GCGGGN,0.12360284477472305,False,False,True,-0.0001059211790561676,
8,37,40,head_0,degradation,0.99267578125,0.9992048144340515,2693,GACGGG,1.60546875,0,AAAAAN,2.0,0,AAAAAN,2.0,3330,GGCGGN,0.08427431434392929,3090,GCGGGN,0.1233803853392601,3090,GCGGGN,0.1233803853392601,False,False,True,-0.0001958496868610382,
8,38,40,head_0,degradation,0.99267578125,1.0007798671722412,2693,GACGGG,1.60546875,0,AAAAAN,2.0,0,AAAAAN,2.0,3330,GGCGGN,0.08407812565565109,3090,GCGGGN,0.12346938252449036,3090,GCGGGN,0.12346938252449036,False,False,True,-1.008063554763794e-05,
8,39,40,head_0,degradation,0.98828125,0.9990127086639404,2693,GACGGG,1.607421875,0,AAAAAN,2.0,0,AAAAAN,2.0,3330,GGCGGN,0.08408599346876144,3090,GCGGGN,0.12315727770328522,3090,GCGGGN,0.12315727770328522,False,False,True,-0.00011552870273590088,
8,40,40,head_0,degradation,1.0,0.9995975494384766,2693,GACGGG,1.6025390625,0,AAAAAN,2.0,0,AAAAAN,2.0,3330,GGCGGN,0.08395829051733017,3090,GCGGGN,0.12313547730445862,3090,GCGGGN,0.12313547730445862,False,False,True,6.811320781707764e-05,
8,41,40,head_0,degradation,1.0048828125,0.9977319836616516,2693,GACGGG,1.6005859375,0,AAAAAN,2.0,0,AAAAAN,2.0,3330,GGCGGN,0.08436489850282669,3090,GCGGGN,0.123204305768013,3090,GCGGGN,0.123204305768013,False,False,True,-0.00011906027793884277,
8,42,40,head_0,degradation,0.99755859375,0.999274492263794,2693,GACGGG,1.603515625,0,AAAAAN,2.0,0,AAAAAN,2.0,3330,GGCGGN,0.08441528677940369,3090,GCGGGN,0.12353397905826569,3090,GCGGGN,0.12353397905826569,False,False,True,-1.666322350502014e-05,
8,43,40,head_0,degradation,1.0,1.0015366077423096,2693,GACGGG,1.6025390625,0,AAAAAN,2.0,0,AAAAAN,2.0,3330,GGCGGN,0.08402466773986816,3090,GCGGGN,0.12355291843414307,3090,GCGGGN,0.12355291843414307,False,False,True,0.00012082606554031372,
8,44,40,head_0,degradation,1.0,0.9996901154518127,2693,GACGGG,1.6025390625,0,AAAAAN,2.0,0,AAAAAN,2.0,3330,GGCGGN,0.08424459397792816,3090,GCGGGN,0.12343853712081909,3090,GCGGGN,0.12343853712081909,False,False,True,4.5452266931533813e-05,
8,45,40,head_0,degradation,1.0,0.9986770749092102,2693,GACGGG,1.6025390625,0,AAAAAN,2.0,0,AAAAAN,2.0,3330,GGCGGN,0.08414127677679062,3090,GCGGGN,0.12315179407596588,3090,GCGGGN,0.12315179407596588,False,False,True,1.7061829566955566e-05,
8,46,40,head_0,degradation,1.001953125,0.999340295791626,2693,GACGGG,1.6015625,0,AAAAAN,2.0,0,AAAAAN,2.0,3330,GGCGGN,0.08424604684114456,3090,GCGGGN,0.12337665259838104,3090,GCGGGN,0.12337665259838104,False,False,True,-6.0539692640304565e-05,
8,47,40,head_0,degradation,1.01171875,0.9988976716995239,2693,GACGGG,1.59765625,0,AAAAAN,2.0,0,AAAAAN,2.0,3330,GGCGGN,0.08400075882673264,3090,GCGGGN,0.123051218688488,3090,GCGGGN,0.123051218688488,False,False,True,-5.963444709777832e-05,
8,48,40,head_0,degradation,1.01171875,1.0007151365280151,2693,GACGGG,1.59765625,0,AAAAAN,2.0,0,AAAAAN,2.0,3330,GGCGGN,0.08370853960514069,3090,GCGGGN,0.12308806926012039,3090,GCGGGN,0.12308806926012039,False,False,True,5.8844685554504395e-05,
8,49,40,head_0,degradation,1.001953125,0.9996936917304993,2693,GACGGG,1.6015625,0,AAAAAN,2.0,0,AAAAAN,2.0,3330,GGCGGN,0.0837705135345459,3090,GCGGGN,0.12296510487794876,3090,GCGGGN,0.12296510487794876,False,False,True,-1.0248273611068726e-05,
8,50,40,head_0,degradation,1.0068359375,0.9989456534385681,2693,GACGGG,1.599609375,0,AAAAAN,2.0,0,AAAAAN,2.0,3330,GGCGGN,0.0838661715388298,3090,GCGGGN,0.12292531877756119,3090,GCGGGN,0.12292531877756119,False,False,True,-0.00010281801223754883,
8,51,40,head_0,degradation,1.01171875,0.9987969398498535,2693,GACGGG,1.59765625,0,AAAAAN,2.0,0,AAAAAN,2.0,3330,GGCGGN,0.08421247452497482,3090,GCGGGN,0.12324470281600952,3090,GCGGGN,0.12324470281600952,False,False,True,-7.88569450378418e-05,
9,0,40,head_0,degradation,0.99267578125,0.999089241027832,2693,GACGGG,1.60546875,0,AAAAAN,2.0,0,AAAAAN,2.0,3330,GGCGGN,0.0842130109667778,3090,GCGGGN,0.12329816818237305,3090,GCGGGN,0.12329816818237305,False,False,True,1.6722828149795532e-05,
9,1,40,head_0,degradation,0.98095703125,0.9998384714126587,2693,GACGGG,1.6103515625,0,AAAAAN,2.0,0,AAAAAN,2.0,3330,GGCGGN,0.08458668738603592,3090,GCGGGN,0.12380748242139816,3090,GCGGGN,0.12380748242139816,False,False,True,7.623061537742615e-05,
9,2,40,head_0,degradation,0.9833984375,0.9991879463195801,2693,GACGGG,1.609375,0,AAAAAN,2.0,0,AAAAAN,2.0,3330,GGCGGN,0.0845198780298233,3090,GCGGGN,0.12362289428710938,3090,GCGGGN,0.12362289428710938,False,False,True,-0.00015138834714889526,
9,3,40,head_0,degradation,0.978515625,0.9982642531394958,2693,GACGGG,1.611328125,0,AAAAAN,2.0,0,AAAAAN,2.0,3330,GGCGGN,0.0843455120921135,3090,GCGGGN,0.12328129261732101,3090,GCGGGN,0.12328129261732101,False,False,True,-2.7649104595184326e-05,
9,4,40,head_0,degradation,0.99267578125,0.9993563890457153,2693,GACGGG,1.60546875,0,AAAAAN,2.0,0,AAAAAN,2.0,3330,GGCGGN,0.08405007421970367,3090,GCGGGN,0.12318359315395355,3090,GCGGGN,0.12318359315395355,False,False,True,4.5690685510635376e-05,
9,5,40,head_0,degradation,0.99267578125,0.9977538585662842,2693,GACGGG,1.60546875,0,AAAAAN,2.0,0,AAAAAN,2.0,3330,GGCGGN,0.08423484861850739,3090,GCGGGN,0.12307821959257126,3090,GCGGGN,0.12307821959257126,False,False,True,6.770342588424683e-05,
9,6,40,head_0,degradation,0.99755859375,0.9990003705024719,2693,GACGGG,1.603515625,0,AAAAAN,2.0,0,AAAAAN,2.0,3330,GGCGGN,0.08438944071531296,3090,GCGGGN,0.12345848977565765,3090,GCGGGN,0.12345848977565765,False,False,True,6.906688213348389e-05,
9,7,40,head_0,degradation,0.97607421875,0.9992491006851196,2693,GACGGG,1.6123046875,0,AAAAAN,2.0,0,AAAAAN,2.0,3330,GGCGGN,0.08436468988656998,3090,GCGGGN,0.12347878515720367,3090,GCGGGN,0.12347878515720367,False,False,True,-5.432218313217163e-05,
9,8,40,head_0,degradation,0.99267578125,0.9987021088600159,2693,GACGGG,1.60546875,0,AAAAAN,2.0,0,AAAAAN,2.0,3330,GGCGGN,0.08440306037664413,3090,GCGGGN,0.12341812252998352,3090,GCGGGN,0.12341812252998352,False,False,True,2.0831823348999023e-05,
9,9,40,head_0,degradation,0.99755859375,0.9996706247329712,2693,GACGGG,1.603515625,0,AAAAAN,2.0,0,AAAAAN,2.0,3330,GGCGGN,0.0840107873082161,3090,GCGGGN,0.12320119142532349,3090,GCGGGN,0.12320119142532349,False,False,True,7.678195834159851e-05,
9,10,40,head_0,degradation,0.990234375,0.9990504384040833,2693,GACGGG,1.6064453125,0,AAAAAN,2.0,0,AAAAAN,2.0,3330,GGCGGN,0.08412494510412216,3090,GCGGGN,0.12320306152105331,3090,GCGGGN,0.12320306152105331,False,False,True,-8.978694677352905e-05,
9,11,40,head_0,degradation,0.978515625,0.9979416728019714,2693,GACGGG,1.611328125,0,AAAAAN,2.0,0,AAAAAN,2.0,3330,GGCGGN,0.08431673794984818,3090,GCGGGN,0.12319411337375641,3090,GCGGGN,0.12319411337375641,False,False,True,-0.00015411898493766785,
9,12,40,head_0,degradation,0.98828125,1.0001410245895386,2693,GACGGG,1.607421875,0,AAAAAN,2.0,0,AAAAAN,2.0,3330,GGCGGN,0.08392756432294846,3090,GCGGGN,0.12320315837860107,3090,GCGGGN,0.12320315837860107,False,False,True,8.28281044960022e-05,
9,13,40,head_0,degradation,1.001953125,1.0012636184692383,2693,GACGGG,1.6015625,0,AAAAAN,2.0,0,AAAAAN,2.0,3330,GGCGGN,0.08397568762302399,3090,GCGGGN,0.1234545111656189,3090,GCGGGN,0.1234545111656189,False,False,True,-5.4389238357543945e-06,
9,14,40,head_0,degradation,1.0166015625,1.0028784275054932,2693,GACGGG,1.595703125,0,AAAAAN,2.0,0,AAAAAN,2.0,3330,GGCGGN,0.08405957370996475,3090,GCGGGN,0.12383077293634415,3090,GCGGGN,0.12383077293634415,False,False,True,1.0088086128234863e-05,
9,15,40,head_0,degradation,1.01171875,0.9995009899139404,2693,GACGGG,1.59765625,0,AAAAAN,2.0,0,AAAAAN,2.0,3330,GGCGGN,0.08475682884454727,3090,GCGGGN,0.12391652911901474,3090,GCGGGN,0.12391652911901474,False,False,True,-0.00023723021149635315,
9,16,40,head_0,degradation,0.990234375,1.000648021697998,2693,GACGGG,1.6064453125,0,AAAAAN,2.0,0,AAAAAN,2.0,3330,GGCGGN,0.08429311215877533,3090,GCGGGN,0.12366048991680145,3090,GCGGGN,0.12366048991680145,False,False,True,-0.0002223961055278778,
9,17,40,head_0,degradation,0.98828125,1.0012750625610352,2693,GACGGG,1.607421875,0,AAAAAN,2.0,0,AAAAAN,2.0,3330,GGCGGN,0.08436628431081772,3090,GCGGGN,0.12384719401597977,3090,GCGGGN,0.12384719401597977,False,False,True,-0.0001066848635673523,
9,18,40,head_0,degradation,0.99267578125,1.0011224746704102,2693,GACGGG,1.60546875,0,AAAAAN,2.0,0,AAAAAN,2.0,3330,GGCGGN,0.08454994112253189,3090,GCGGGN,0.12400321662425995,3090,GCGGGN,0.12400321662425995,False,False,True,-5.5242329835891724e-05,
9,19,40,head_0,degradation,1.5771484375,1.0294148921966553,2693,GACGGG,1.3662109375,0,AAAAAN,2.0,0,AAAAAN,2.0,3330,GGCGGN,0.09164296090602875,3090,GCGGGN,0.13621880114078522,3090,GCGGGN,0.13621880114078522,False,False,True,-0.0017746798694133759,
9,20,40,head_0,degradation,1.5537109375,1.0364570617675781,2693,GACGGG,1.3759765625,0,AAAAAN,2.0,0,AAAAAN,2.0,3330,GGCGGN,0.09019697457551956,3090,GCGGGN,0.1360478550195694,3090,GCGGGN,0.1360478550195694,False,False,True,-0.0008797384798526764,
9,21,40,head_0,degradation,1.4912109375,1.028990387916565,2693,GACGGG,1.4013671875,0,AAAAAN,2.0,0,AAAAAN,2.0,3330,GGCGGN,0.09171578288078308,3090,GCGGGN,0.13621476292610168,3090,GCGGGN,0.13621476292610168,False,False,True,-0.0013581253588199615,
9,22,40,head_0,degradation,0.91650390625,1.0027812719345093,2693,GACGGG,1.63671875,0,AAAAAN,2.0,0,AAAAAN,2.0,3330,GGCGGN,0.08432670682668686,3090,GCGGGN,0.12408031523227692,3090,GCGGGN,0.12408031523227692,False,False,True,0.00011250004172325134,
9,23,40,head_0,degradation,0.92822265625,0.9971333146095276,2693,GACGGG,1.6318359375,0,AAAAAN,2.0,0,AAAAAN,2.0,3330,GGCGGN,0.08534950762987137,3090,GCGGGN,0.12408052384853363,3090,GCGGGN,0.12408052384853363,False,False,True,-0.0006915703415870667,
9,24,40,head_0,degradation,0.96435546875,0.9994977116584778,2693,GACGGG,1.6171875,0,AAAAAN,2.0,0,AAAAAN,2.0,3330,GGCGGN,0.08416971564292908,3090,GCGGGN,0.12332881987094879,3090,GCGGGN,0.12332881987094879,False,False,True,-0.0004367046058177948,
9,25,40,head_0,degradation,0.990234375,0.9999111294746399,2693,GACGGG,1.6064453125,0,AAAAAN,2.0,0,AAAAAN,2.0,3330,GGCGGN,0.08440360426902771,3090,GCGGGN,0.12363755702972412,3090,GCGGGN,0.12363755702972412,False,False,True,-0.0002318061888217926,
9,26,40,head_0,degradation,0.9833984375,0.9980738162994385,2693,GACGGG,1.609375,0,AAAAAN,2.0,0,AAAAAN,2.0,3330,GGCGGN,0.08453207463026047,3090,GCGGGN,0.12343338131904602,3090,GCGGGN,0.12343338131904602,False,False,True,-8.167698979377747e-05,
9,27,40,head_0,degradation,0.99755859375,0.9991006851196289,2693,GACGGG,1.603515625,0,AAAAAN,2.0,0,AAAAAN,2.0,3330,GGCGGN,0.08446130156517029,3090,GCGGGN,0.12354852259159088,3090,GCGGGN,0.12354852259159088,False,False,True,-4.766881465911865e-05,
9,28,40,head_0,degradation,0.990234375,0.9981515407562256,2693,GACGGG,1.6064453125,0,AAAAAN,2.0,0,AAAAAN,2.0,3330,GGCGGN,0.08418737351894379,3090,GCGGGN,0.12310273945331573,3090,GCGGGN,0.12310273945331573,False,False,True,-4.408881068229675e-05,
9,29,40,head_0,degradation,1.0,0.9977808594703674,2693,GACGGG,1.6025390625,0,AAAAAN,2.0,0,AAAAAN,2.0,3330,GGCGGN,0.08419658988714218,3090,GCGGGN,0.12304484099149704,3090,GCGGGN,0.12304484099149704,False,False,True,-7.14622437953949e-05,
9,30,40,head_0,degradation,0.99267578125,0.9994378089904785,2693,GACGGG,1.60546875,0,AAAAAN,2.0,0,AAAAAN,2.0,3330,GGCGGN,0.0841059535741806,3090,GCGGGN,0.1232542097568512,3090,GCGGGN,0.1232542097568512,False,False,True,-3.56137752532959e-06,
9,31,40,head_0,degradation,0.98828125,0.9972695112228394,2693,GACGGG,1.607421875,0,AAAAAN,2.0,0,AAAAAN,2.0,3330,GGCGGN,0.08450184017419815,3090,GCGGGN,0.12325751036405563,3090,GCGGGN,0.12325751036405563,False,False,True,-0.0001968666911125183,
9,32,40,head_0,degradation,0.9736328125,0.9985345602035522,2693,GACGGG,1.61328125,0,AAAAAN,2.0,0,AAAAAN,2.0,3330,GGCGGN,0.08485297113656998,3090,GCGGGN,0.12383768707513809,3090,GCGGGN,0.12383768707513809,False,False,True,-0.0003208853304386139,
9,33,40,head_0,degradation,0.9736328125,0.9967711567878723,2693,GACGGG,1.61328125,0,AAAAAN,2.0,0,AAAAAN,2.0,3330,GGCGGN,0.08538024872541428,3090,GCGGGN,0.12404568493366241,3090,GCGGGN,0.12404568493366241,False,False,True,-0.0005847662687301636,
9,34,40,head_0,degradation,0.966796875,0.9957323670387268,2693,GACGGG,1.6162109375,0,AAAAAN,2.0,0,AAAAAN,2.0,3330,GGCGGN,0.0852067843079567,3090,GCGGGN,0.12368415296077728,3090,GCGGGN,0.12368415296077728,False,False,True,-0.00047125667333602905,
9,35,40,head_0,degradation,0.966796875,0.9960249066352844,2693,GACGGG,1.6162109375,0,AAAAAN,2.0,0,AAAAAN,2.0,3330,GGCGGN,0.0849820002913475,3090,GCGGGN,0.12351231276988983,3090,GCGGGN,0.12351231276988983,False,False,True,-0.00040315091609954834,
9,36,40,head_0,degradation,0.9833984375,0.9971396327018738,2693,GACGGG,1.609375,0,AAAAAN,2.0,0,AAAAAN,2.0,3330,GGCGGN,0.08462300151586533,3090,GCGGGN,0.12335515767335892,3090,GCGGGN,0.12335515767335892,False,False,True,-0.00023483112454414368,
9,37,40,head_0,degradation,0.98095703125,0.9976588487625122,2693,GACGGG,1.6103515625,0,AAAAAN,2.0,0,AAAAAN,2.0,3330,GGCGGN,0.08461448550224304,3090,GCGGGN,0.12344064563512802,3090,GCGGGN,0.12344064563512802,False,False,True,-0.000228196382522583,
9,38,40,head_0,degradation,0.990234375,1.0012085437774658,2693,GACGGG,1.6064453125,0,AAAAAN,2.0,0,AAAAAN,2.0,3330,GGCGGN,0.08405879139900208,3090,GCGGGN,0.1235276609659195,3090,GCGGGN,0.1235276609659195,False,False,True,-2.061203122138977e-05,
9,39,40,head_0,degradation,0.990234375,1.0001569986343384,2693,GACGGG,1.6064453125,0,AAAAAN,2.0,0,AAAAAN,2.0,3330,GGCGGN,0.08439382165670395,3090,GCGGGN,0.12367229163646698,3090,GCGGGN,0.12367229163646698,False,False,True,2.7239322662353516e-05,
9,40,40,head_0,degradation,0.990234375,0.998243510723114,2693,GACGGG,1.6064453125,0,AAAAAN,2.0,0,AAAAAN,2.0,3330,GGCGGN,0.08456607908010483,3090,GCGGGN,0.1234981045126915,3090,GCGGGN,0.1234981045126915,False,False,True,-0.00020015984773635864,
9,41,40,head_0,degradation,1.001953125,1.000199556350708,2693,GACGGG,1.6015625,0,AAAAAN,2.0,0,AAAAAN,2.0,3330,GGCGGN,0.08425651490688324,3090,GCGGGN,0.12354269623756409,3090,GCGGGN,0.12354269623756409,False,False,True,-0.00019498541951179504,
9,42,40,head_0,degradation,0.99267578125,0.9981865882873535,2693,GACGGG,1.60546875,0,AAAAAN,2.0,0,AAAAAN,2.0,3330,GGCGGN,0.08475688844919205,3090,GCGGGN,0.12367859482765198,3090,GCGGGN,0.12367859482765198,False,False,True,-9.825080633163452e-05,
9,43,40,head_0,degradation,0.99267578125,0.997869074344635,2693,GACGGG,1.60546875,0,AAAAAN,2.0,0,AAAAAN,2.0,3330,GGCGGN,0.08451694995164871,3090,GCGGGN,0.12338116765022278,3090,GCGGGN,0.12338116765022278,False,False,True,-0.0001661144196987152,
9,44,40,head_0,degradation,0.9833984375,0.9983142614364624,2693,GACGGG,1.609375,0,AAAAAN,2.0,0,AAAAAN,2.0,3330,GGCGGN,0.08445485681295395,3090,GCGGGN,0.12339968234300613,3090,GCGGGN,0.12339968234300613,False,False,True,-6.385892629623413e-05,
9,45,40,head_0,degradation,0.978515625,0.9982433915138245,2693,GACGGG,1.611328125,0,AAAAAN,2.0,0,AAAAAN,2.0,3330,GGCGGN,0.08450055867433548,3090,GCGGGN,0.12343255430459976,3090,GCGGGN,0.12343255430459976,False,False,True,-0.0003151223063468933,
9,46,40,head_0,degradation,0.98828125,0.9995951652526855,2693,GACGGG,1.607421875,0,AAAAAN,2.0,0,AAAAAN,2.0,3330,GGCGGN,0.08440224826335907,3090,GCGGGN,0.1235789954662323,3090,GCGGGN,0.1235789954662323,False,False,True,-0.0001385211944580078,
9,47,40,head_0,degradation,0.98095703125,0.9970680475234985,2693,GACGGG,1.6103515625,0,AAAAAN,2.0,0,AAAAAN,2.0,3330,GGCGGN,0.08492463827133179,3090,GCGGGN,0.12364383041858673,3090,GCGGGN,0.12364383041858673,False,False,True,-0.00031221285462379456,
9,48,40,head_0,degradation,0.978515625,0.9993563890457153,2693,GACGGG,1.611328125,0,AAAAAN,2.0,0,AAAAAN,2.0,3330,GGCGGN,0.08456133306026459,3090,GCGGGN,0.12369484454393387,3090,GCGGGN,0.12369484454393387,False,False,True,-0.0002616383135318756,
9,49,40,head_0,degradation,0.98828125,0.9994567036628723,2693,GACGGG,1.607421875,0,AAAAAN,2.0,0,AAAAAN,2.0,3330,GGCGGN,0.0845109075307846,3090,GCGGGN,0.12366259098052979,3090,GCGGGN,0.12366259098052979,False,False,True,-0.00013579055666923523,
9,50,40,head_0,degradation,0.990234375,0.9997552633285522,2693,GACGGG,1.6064453125,0,AAAAAN,2.0,0,AAAAAN,2.0,3330,GGCGGN,0.08439967781305313,3090,GCGGGN,0.1236054077744484,3090,GCGGGN,0.1236054077744484,False,False,True,7.756054401397705e-06,
9,51,40,head_0,degradation,0.9833984375,0.9969995021820068,2693,GACGGG,1.609375,0,AAAAAN,2.0,0,AAAAAN,2.0,3330,GGCGGN,0.08462511003017426,3090,GCGGGN,0.12333188205957413,3090,GCGGGN,0.12333188205957413,False,False,True,-0.00012612342834472656,
10,0,40,head_0,degradation,1.0,1.001323938369751,2693,GACGGG,1.6025390625,0,AAAAAN,2.0,0,AAAAAN,2.0,3330,GGCGGN,0.08419167250394821,3090,GCGGGN,0.12368141114711761,3090,GCGGGN,0.12368141114711761,False,False,True,-2.6520341634750366e-05,
10,1,40,head_0,degradation,1.0,0.9995744824409485,2693,GACGGG,1.6025390625,0,AAAAAN,2.0,0,AAAAAN,2.0,3330,GGCGGN,0.08409447968006134,3090,GCGGGN,0.12326747924089432,3090,GCGGGN,0.12326747924089432,False,False,True,7.445737719535828e-05,
10,2,40,head_0,degradation,1.0,0.998837411403656,2693,GACGGG,1.6025390625,0,AAAAAN,2.0,0,AAAAAN,2.0,3330,GGCGGN,0.0841066762804985,3090,GCGGGN,0.12314622104167938,3090,GCGGGN,0.12314622104167938,False,False,True,2.898275852203369e-06,
10,3,40,head_0,degradation,1.01171875,0.997930645942688,2693,GACGGG,1.59765625,0,AAAAAN,2.0,0,AAAAAN,2.0,3330,GGCGGN,0.08422280102968216,3090,GCGGGN,0.12309817224740982,3090,GCGGGN,0.12309817224740982,False,False,True,8.765608072280884e-06,
10,4,40,head_0,degradation,1.0,0.9974289536476135,2693,GACGGG,1.6025390625,0,AAAAAN,2.0,0,AAAAAN,2.0,3330,GGCGGN,0.08445820957422256,3090,GCGGGN,0.12324275076389313,3090,GCGGGN,0.12324275076389313,False,False,True,-0.00010339170694351196,
10,5,40,head_0,degradation,0.99755859375,1.0002251863479614,2693,GACGGG,1.603515625,0,AAAAAN,2.0,0,AAAAAN,2.0,3330,GGCGGN,0.08400031179189682,3090,GCGGGN,0.12329113483428955,3090,GCGGGN,0.12329113483428955,False,False,True,-0.00011065229773521423,
10,6,40,head_0,degradation,1.001953125,1.0005676746368408,2693,GACGGG,1.6015625,0,AAAAAN,2.0,0,AAAAAN,2.0,3330,GGCGGN,0.08429428935050964,3090,GCGGGN,0.12364712357521057,3090,GCGGGN,0.12364712357521057,False,False,True,2.4907290935516357e-05,
10,7,40,head_0,degradation,1.0048828125,0.9994419813156128,2693,GACGGG,1.6005859375,0,AAAAAN,2.0,0,AAAAAN,2.0,3330,GGCGGN,0.08435063064098358,3090,GCGGGN,0.12349965423345566,3090,GCGGGN,0.12349965423345566,False,False,True,-2.30446457862854e-05,
10,8,40,head_0,degradation,0.9833984375,0.9981154799461365,2693,GACGGG,1.609375,0,AAAAAN,2.0,0,AAAAAN,2.0,3330,GGCGGN,0.08470424264669418,3090,GCGGGN,0.12361308932304382,3090,GCGGGN,0.12361308932304382,False,False,True,6.927177309989929e-05,
10,9,40,head_0,degradation,0.990234375,1.000357747077942,2693,GACGGG,1.6064453125,0,AAAAAN,2.0,0,AAAAAN,2.0,3330,GGCGGN,0.08417248725891113,3090,GCGGGN,0.12348730862140656,3090,GCGGGN,0.12348730862140656,False,False,True,8.80211591720581e-05,
10,10,40,head_0,degradation,0.99755859375,0.9999592900276184,2693,GACGGG,1.603515625,0,AAAAAN,2.0,0,AAAAAN,2.0,3330,GGCGGN,0.08427640795707703,3090,GCGGGN,0.12351907789707184,3090,GCGGGN,0.12351907789707184,False,False,True,6.617233157157898e-05,
10,11,40,head_0,degradation,1.0,0.9992662072181702,2693,GACGGG,1.6025390625,0,AAAAAN,2.0,0,AAAAAN,2.0,3330,GGCGGN,0.08439578860998154,3090,GCGGGN,0.12351298332214355,3090,GCGGGN,0.12351298332214355,False,False,True,2.7492642402648926e-05,
10,12,40,head_0,degradation,0.9833984375,0.9993702173233032,2693,GACGGG,1.609375,0,AAAAAN,2.0,0,AAAAAN,2.0,3330,GGCGGN,0.08483670651912689,3090,GCGGGN,0.12397273629903793,3090,GCGGGN,0.12397273629903793,False,False,True,-6.294995546340942e-05,
10,13,40,head_0,degradation,1.01171875,0.9992902278900146,2693,GACGGG,1.59765625,0,AAAAAN,2.0,0,AAAAAN,2.0,3330,GGCGGN,0.08420223742723465,3090,GCGGGN,0.12332377582788467,3090,GCGGGN,0.12332377582788467,False,False,True,0.00015275925397872925,
10,14,40,head_0,degradation,1.03125,1.0012954473495483,2693,GACGGG,1.58984375,0,AAAAAN,2.0,0,AAAAAN,2.0,3330,GGCGGN,0.08439840376377106,3090,GCGGGN,0.12388300150632858,3090,GCGGGN,0.12388300150632858,False,False,True,8.231401443481445e-05,
10,15,40,head_0,degradation,1.044921875,0.9968867897987366,2693,GACGGG,1.583984375,0,AAAAAN,2.0,0,AAAAAN,2.0,3330,GGCGGN,0.08431801944971085,3090,GCGGGN,0.12300439924001694,3090,GCGGGN,0.12300439924001694,False,False,True,0.0005470849573612213,
10,16,40,head_0,degradation,1.0166015625,0.9961224794387817,2693,GACGGG,1.595703125,0,AAAAAN,2.0,0,AAAAAN,2.0,3330,GGCGGN,0.08486320823431015,3090,GCGGGN,0.12341119349002838,3090,GCGGGN,0.12341119349002838,False,False,True,-0.00016072392463684082,
10,17,40,head_0,degradation,0.9833984375,0.9923387765884399,2693,GACGGG,1.609375,0,AAAAAN,2.0,0,AAAAAN,2.0,3330,GGCGGN,0.08531517535448074,3090,GCGGGN,0.12317810952663422,3090,GCGGGN,0.12317810952663422,False,False,True,0.00022284314036369324,
10,18,40,head_0,degradation,0.97607421875,1.001525640487671,2693,GACGGG,1.6123046875,0,AAAAAN,2.0,0,AAAAAN,2.0,3330,GGCGGN,0.08418908715248108,3090,GCGGGN,0.1237153634428978,3090,GCGGGN,0.1237153634428978,False,False,True,0.0001767277717590332,
10,19,40,head_0,degradation,0.99267578125,0.997449517250061,2693,GACGGG,1.60546875,0,AAAAAN,2.0,0,AAAAAN,2.0,3330,GGCGGN,0.08378293365240097,3090,GCGGGN,0.1225711926817894,3090,GCGGGN,0.1225711926817894,False,False,True,0.0006465055048465729,
10,20,40,head_0,degradation,1.0166015625,0.9981377720832825,2693,GACGGG,1.595703125,0,AAAAAN,2.0,0,AAAAAN,2.0,3330,GGCGGN,0.08465557545423508,3090,GCGGGN,0.12356845289468765,3090,GCGGGN,0.12356845289468765,False,False,True,-0.00010242313146591187,
10,21,40,head_0,degradation,1.07421875,0.9982104301452637,2693,GACGGG,1.572265625,0,AAAAAN,2.0,0,AAAAAN,2.0,3330,GGCGGN,0.08374924212694168,3090,GCGGGN,0.12267528474330902,3090,GCGGGN,0.12267528474330902,False,False,True,-0.000436343252658844,
10,22,40,head_0,degradation,1.044921875,0.9989110827445984,2693,GACGGG,1.583984375,0,AAAAAN,2.0,0,AAAAAN,2.0,3330,GGCGGN,0.08493547886610031,3090,GCGGGN,0.12398836761713028,3090,GCGGGN,0.12398836761713028,False,False,True,-0.0005354546010494232,
10,23,40,head_0,degradation,1.0380859375,1.0003902912139893,2693,GACGGG,1.5869140625,0,AAAAAN,2.0,0,AAAAAN,2.0,3330,GGCGGN,0.08398378640413284,3090,GCGGGN,0.12330450117588043,3090,GCGGGN,0.12330450117588043,False,False,True,-0.00020053237676620483,
10,24,40,head_0,degradation,1.0,1.0005370378494263,2693,GACGGG,1.6025390625,0,AAAAAN,2.0,0,AAAAAN,2.0,3330,GGCGGN,0.08402442187070847,3090,GCGGGN,0.12337169796228409,3090,GCGGGN,0.12337169796228409,False,False,True,0.00015674158930778503,
10,25,40,head_0,degradation,1.0234375,1.0021111965179443,2693,GACGGG,1.5927734375,0,AAAAAN,2.0,0,AAAAAN,2.0,3330,GGCGGN,0.08348817378282547,3090,GCGGGN,0.12312045693397522,3090,GCGGGN,0.12312045693397522,False,False,True,0.00021750852465629578,
10,26,40,head_0,degradation,1.01171875,1.0003432035446167,2693,GACGGG,1.59765625,0,AAAAAN,2.0,0,AAAAAN,2.0,3330,GGCGGN,0.08363715559244156,3090,GCGGGN,0.12294933199882507,3090,GCGGGN,0.12294933199882507,False,False,True,8.111074566841125e-05,
10,27,40,head_0,degradation,0.99755859375,0.9985694289207458,2693,GACGGG,1.603515625,0,AAAAAN,2.0,0,AAAAAN,2.0,3330,GGCGGN,0.08439996838569641,3090,GCGGGN,0.12339100986719131,3090,GCGGGN,0.12339100986719131,False,False,True,-7.759407162666321e-05,
10,28,40,head_0,degradation,0.99267578125,0.9984950423240662,2693,GACGGG,1.60546875,0,AAAAAN,2.0,0,AAAAAN,2.0,3330,GGCGGN,0.08445235341787338,3090,GCGGGN,0.12342992424964905,3090,GCGGGN,0.12342992424964905,False,False,True,-2.6654452085494995e-05,
10,29,40,head_0,degradation,0.97607421875,0.998986542224884,2693,GACGGG,1.6123046875,0,AAAAAN,2.0,0,AAAAAN,2.0,3330,GGCGGN,0.08444107323884964,3090,GCGGGN,0.12350762635469437,3090,GCGGGN,0.12350762635469437,False,False,True,-7.229670882225037e-05,
10,30,40,head_0,degradation,0.98828125,0.9993205070495605,2693,GACGGG,1.607421875,0,AAAAAN,2.0,0,AAAAAN,2.0,3330,GGCGGN,0.0843275636434555,3090,GCGGGN,0.12345458567142487,3090,GCGGGN,0.12345458567142487,False,False,True,-5.354732275009155e-05,
10,31,40,head_0,degradation,0.98828125,0.9973421692848206,2693,GACGGG,1.607421875,0,AAAAAN,2.0,0,AAAAAN,2.0,3330,GGCGGN,0.08426868915557861,3090,GCGGGN,0.12303751707077026,3090,GCGGGN,0.12303751707077026,False,False,True,2.232193946838379e-05,
10,32,40,head_0,degradation,0.98828125,0.9992731213569641,2693,GACGGG,1.607421875,0,AAAAAN,2.0,0,AAAAAN,2.0,3330,GGCGGN,0.08404190838336945,3090,GCGGGN,0.12316035479307175,3090,GCGGGN,0.12316035479307175,False,False,True,0.000265657901763916,
10,33,40,head_0,degradation,0.99755859375,0.9994401931762695,2693,GACGGG,1.603515625,0,AAAAAN,2.0,0,AAAAAN,2.0,3330,GGCGGN,0.08422014862298965,3090,GCGGGN,0.12336882948875427,3090,GCGGGN,0.12336882948875427,False,False,True,0.00013330206274986267,
10,34,40,head_0,degradation,1.001953125,0.9984889626502991,2693,GACGGG,1.6015625,0,AAAAAN,2.0,0,AAAAAN,2.0,3330,GGCGGN,0.08423008024692535,3090,GCGGGN,0.12320653349161148,3090,GCGGGN,0.12320653349161148,False,False,True,0.00012681260704994202,
10,35,40,head_0,degradation,0.99267578125,0.9985353946685791,2693,GACGGG,1.60546875,0,AAAAAN,2.0,0,AAAAAN,2.0,3330,GGCGGN,0.08432145416736603,3090,GCGGGN,0.12330631166696548,3090,GCGGGN,0.12330631166696548,False,False,True,4.7754496335983276e-05,
10,36,40,head_0,degradation,1.001953125,0.9994181394577026,2693,GACGGG,1.6015625,0,AAAAAN,2.0,0,AAAAAN,2.0,3330,GGCGGN,0.08434130251407623,3090,GCGGGN,0.1234859973192215,3090,GCGGGN,0.1234859973192215,False,False,True,4.044920206069946e-05,
10,37,40,head_0,degradation,0.990234375,0.9986221194267273,2693,GACGGG,1.6064453125,0,AAAAAN,2.0,0,AAAAAN,2.0,3330,GGCGGN,0.08417664468288422,3090,GCGGGN,0.12317722290754318,3090,GCGGGN,0.12317722290754318,False,False,True,-1.9200146198272705e-05,
10,38,40,head_0,degradation,0.990234375,0.999677300453186,2693,GACGGG,1.6064453125,0,AAAAAN,2.0,0,AAAAAN,2.0,3330,GGCGGN,0.08396504819393158,3090,GCGGGN,0.12315666675567627,3090,GCGGGN,0.12315666675567627,False,False,True,-5.681067705154419e-06,
10,39,40,head_0,degradation,1.0,0.998599648475647,2693,GACGGG,1.6025390625,0,AAAAAN,2.0,0,AAAAAN,2.0,3330,GGCGGN,0.08430591225624084,3090,GCGGGN,0.1233024150133133,3090,GCGGGN,0.1233024150133133,False,False,True,-2.1304935216903687e-05,
10,40,40,head_0,degradation,1.0068359375,0.9997597932815552,2693,GACGGG,1.599609375,0,AAAAAN,2.0,0,AAAAAN,2.0,3330,GGCGGN,0.08394068479537964,3090,GCGGGN,0.12314723432064056,3090,GCGGGN,0.12314723432064056,False,False,True,-1.210719347000122e-05,
10,41,40,head_0,degradation,1.0068359375,1.0010690689086914,2693,GACGGG,1.599609375,0,AAAAAN,2.0,0,AAAAAN,2.0,3330,GGCGGN,0.0835258960723877,3090,GCGGGN,0.12296951562166214,3090,GCGGGN,0.12296951562166214,False,False,True,-2.570822834968567e-05,
10,42,40,head_0,degradation,1.0048828125,1.0010395050048828,2693,GACGGG,1.6005859375,0,AAAAAN,2.0,0,AAAAAN,2.0,3330,GGCGGN,0.08376148343086243,3090,GCGGGN,0.12319974601268768,3090,GCGGGN,0.12319974601268768,False,False,True,6.820634007453918e-05,
10,43,40,head_0,degradation,0.99755859375,0.9981185793876648,2693,GACGGG,1.603515625,0,AAAAAN,2.0,0,AAAAAN,2.0,3330,GGCGGN,0.08436174690723419,3090,GCGGGN,0.1232711598277092,3090,GCGGGN,0.1232711598277092,False,False,True,3.8642436265945435e-05,
10,44,40,head_0,degradation,0.99755859375,1.0001367330551147,2693,GACGGG,1.603515625,0,AAAAAN,2.0,0,AAAAAN,2.0,3330,GGCGGN,0.08421593904495239,3090,GCGGGN,0.12349074333906174,3090,GCGGGN,0.12349074333906174,False,False,True,0.00011202692985534668,
10,45,40,head_0,degradation,0.99755859375,0.9983052015304565,2693,GACGGG,1.603515625,0,AAAAAN,2.0,0,AAAAAN,2.0,3330,GGCGGN,0.0843697264790535,3090,GCGGGN,0.12331291288137436,3090,GCGGGN,0.12331291288137436,False,False,True,1.16787850856781e-05,
10,46,40,head_0,degradation,0.990234375,0.9993990659713745,2693,GACGGG,1.6064453125,0,AAAAAN,2.0,0,AAAAAN,2.0,3330,GGCGGN,0.08404241502285004,3090,GCGGGN,0.12318365275859833,3090,GCGGGN,0.12318365275859833,False,False,True,8.994340896606445e-05,
10,47,40,head_0,degradation,1.0,0.9997144341468811,2693,GACGGG,1.6025390625,0,AAAAAN,2.0,0,AAAAAN,2.0,3330,GGCGGN,0.08415696769952774,3090,GCGGGN,0.12335531413555145,3090,GCGGGN,0.12335531413555145,False,False,True,-9.12696123123169e-06,
10,48,40,head_0,degradation,0.99755859375,0.9992713332176208,2693,GACGGG,1.603515625,0,AAAAAN,2.0,0,AAAAAN,2.0,3330,GGCGGN,0.0843895971775055,3090,GCGGGN,0.12350770086050034,3090,GCGGGN,0.12350770086050034,False,False,True,-1.650303602218628e-05,
10,49,40,head_0,degradation,1.0048828125,0.999422550201416,2693,GACGGG,1.6005859375,0,AAAAAN,2.0,0,AAAAAN,2.0,3330,GGCGGN,0.08428627252578735,3090,GCGGGN,0.12343177944421768,3090,GCGGGN,0.12343177944421768,False,False,True,-3.773719072341919e-06,
10,50,40,head_0,degradation,1.001953125,1.000049352645874,2693,GACGGG,1.6015625,0,AAAAAN,2.0,0,AAAAAN,2.0,3330,GGCGGN,0.08433575928211212,3090,GCGGGN,0.1235947459936142,3090,GCGGGN,0.1235947459936142,False,False,True,-7.43567943572998e-05,
10,51,40,head_0,degradation,1.001953125,0.9999264478683472,2693,GACGGG,1.6015625,0,AAAAAN,2.0,0,AAAAAN,2.0,3330,GGCGGN,0.08421511948108673,3090,GCGGGN,0.1234518513083458,3090,GCGGGN,0.1234518513083458,False,False,True,-4.6815723180770874e-05,
11,0,40,head_0,degradation,0.99755859375,1.0003451108932495,2693,GACGGG,1.603515625,0,AAAAAN,2.0,0,AAAAAN,2.0,3330,GGCGGN,0.08426450192928314,3090,GCGGGN,0.12357702851295471,3090,GCGGGN,0.12357702851295471,False,False,True,3.865733742713928e-05,
11,1,40,head_0,degradation,0.99755859375,0.9995800852775574,2693,GACGGG,1.603515625,0,AAAAAN,2.0,0,AAAAAN,2.0,3330,GGCGGN,0.08409667015075684,3090,GCGGGN,0.12327069789171219,3090,GCGGGN,0.12327069789171219,False,False,True,0.00010162591934204102,
11,2,40,head_0,degradation,1.0068359375,0.9985998272895813,2693,GACGGG,1.599609375,0,AAAAAN,2.0,0,AAAAAN,2.0,3330,GGCGGN,0.08429785072803497,3090,GCGGGN,0.12329438328742981,3090,GCGGGN,0.12329438328742981,False,False,True,-2.600252628326416e-06,
11,3,40,head_0,degradation,1.01171875,0.9975308179855347,2693,GACGGG,1.59765625,0,AAAAAN,2.0,0,AAAAAN,2.0,3330,GGCGGN,0.08427761495113373,3090,GCGGGN,0.12308059632778168,3090,GCGGGN,0.12308059632778168,False,False,True,5.257129669189453e-05,
11,4,40,head_0,degradation,1.001953125,0.9960604310035706,2693,GACGGG,1.6015625,0,AAAAAN,2.0,0,AAAAAN,2.0,3330,GGCGGN,0.08458217233419418,3090,GCGGGN,0.12311892211437225,3090,GCGGGN,0.12311892211437225,False,False,True,-7.859617471694946e-05,
11,5,40,head_0,degradation,1.0048828125,0.999180257320404,2693,GACGGG,1.6005859375,0,AAAAAN,2.0,0,AAAAAN,2.0,3330,GGCGGN,0.08421608805656433,3090,GCGGGN,0.12331771105527878,3090,GCGGGN,0.12331771105527878,False,False,True,4.743039608001709e-05,
11,6,40,head_0,degradation,0.99755859375,0.9981075525283813,2693,GACGGG,1.603515625,0,AAAAAN,2.0,0,AAAAAN,2.0,3330,GGCGGN,0.08485738188028336,3090,GCGGGN,0.12376479804515839,3090,GCGGGN,0.12376479804515839,False,False,True,0.0001279488205909729,
11,7,40,head_0,degradation,0.98095703125,0.9992128014564514,2693,GACGGG,1.6103515625,0,AAAAAN,2.0,0,AAAAAN,2.0,3330,GGCGGN,0.08484046906232834,3090,GCGGGN,0.12394798547029495,3090,GCGGGN,0.12394798547029495,False,False,True,-9.3802809715271e-06,
11,8,40,head_0,degradation,0.990234375,0.9994767904281616,2693,GACGGG,1.6064453125,0,AAAAAN,2.0,0,AAAAAN,2.0,3330,GGCGGN,0.08481290936470032,3090,GCGGGN,0.1239682286977768,3090,GCGGGN,0.1239682286977768,False,False,True,2.899765968322754e-05,
11,9,40,head_0,degradation,1.0048828125,1.0007987022399902,2693,GACGGG,1.6005859375,0,AAAAAN,2.0,0,AAAAAN,2.0,3330,GGCGGN,0.08410952240228653,3090,GCGGGN,0.12350418418645859,3090,GCGGGN,0.12350418418645859,False,False,True,0.00031416863203048706,
11,10,40,head_0,degradation,1.0068359375,0.999958336353302,2693,GACGGG,1.599609375,0,AAAAAN,2.0,0,AAAAAN,2.0,3330,GGCGGN,0.08404990285634995,3090,GCGGGN,0.12329240888357162,3090,GCGGGN,0.12329240888357162,False,False,True,6.458163261413574e-05,
11,11,40,head_0,degradation,1.0166015625,1.000072956085205,2693,GACGGG,1.595703125,0,AAAAAN,2.0,0,AAAAAN,2.0,3330,GGCGGN,0.0839654728770256,3090,GCGGGN,0.12322871387004852,3090,GCGGGN,0.12322871387004852,False,False,True,0.00021127238869667053,
11,12,40,head_0,degradation,1.0146484375,0.9978005886077881,2693,GACGGG,1.5966796875,0,AAAAAN,2.0,0,AAAAAN,2.0,3330,GGCGGN,0.08423691242933273,3090,GCGGGN,0.12308874726295471,3090,GCGGGN,0.12308874726295471,False,False,True,0.00011324137449264526,
11,13,40,head_0,degradation,1.0166015625,0.9982455372810364,2693,GACGGG,1.595703125,0,AAAAAN,2.0,0,AAAAAN,2.0,3330,GGCGGN,0.0840456485748291,3090,GCGGGN,0.12297803908586502,3090,GCGGGN,0.12297803908586502,False,False,True,0.00020506978034973145,
11,14,40,head_0,degradation,1.0234375,1.001808524131775,2693,GACGGG,1.5927734375,0,AAAAAN,2.0,0,AAAAAN,2.0,3330,GGCGGN,0.08372969925403595,3090,GCGGGN,0.12330718338489532,3090,GCGGGN,0.12330718338489532,False,False,True,-3.099068999290466e-05,
11,15,40,head_0,degradation,1.01171875,1.0049195289611816,2693,GACGGG,1.59765625,0,AAAAAN,2.0,0,AAAAAN,2.0,3330,GGCGGN,0.0839378759264946,3090,GCGGGN,0.12407863885164261,3090,GCGGGN,0.12407863885164261,False,False,True,8.760392665863037e-05,
11,16,40,head_0,degradation,1.01171875,1.0074756145477295,2693,GACGGG,1.59765625,0,AAAAAN,2.0,0,AAAAAN,2.0,3330,GGCGGN,0.08314275741577148,3090,GCGGGN,0.12374632060527802,3090,GCGGGN,0.12374632060527802,False,False,True,0.000552106648683548,
11,17,40,head_0,degradation,1.01171875,1.0028332471847534,2693,GACGGG,1.59765625,0,AAAAAN,2.0,0,AAAAAN,2.0,3330,GGCGGN,0.08273404091596603,3090,GCGGGN,0.12249705940485,3090,GCGGGN,0.12249705940485,False,False,True,0.0005552805960178375,
11,18,40,head_0,degradation,1.021484375,1.0015008449554443,2693,GACGGG,1.59375,0,AAAAAN,2.0,0,AAAAAN,2.0,3330,GGCGGN,0.08359593152999878,3090,GCGGGN,0.12311770766973495,3090,GCGGGN,0.12311770766973495,False,False,True,0.0005580075085163116,
11,19,40,head_0,degradation,0.9833984375,0.9990963339805603,2693,GACGGG,1.609375,0,AAAAAN,2.0,0,AAAAAN,2.0,3330,GGCGGN,0.08609064668416977,3090,GCGGGN,0.12517708539962769,3090,GCGGGN,0.12517708539962769,False,False,True,0.0006500259041786194,
11,20,40,head_0,degradation,1.0478515625,0.9920501112937927,2693,GACGGG,1.5830078125,0,AAAAAN,2.0,0,AAAAAN,2.0,3330,GGCGGN,0.08895261585712433,3090,GCGGGN,0.1267632693052292,3090,GCGGGN,0.1267632693052292,False,False,True,-0.0006709843873977661,
11,21,40,head_0,degradation,1.064453125,0.993939220905304,2693,GACGGG,1.576171875,0,AAAAAN,2.0,0,AAAAAN,2.0,3330,GGCGGN,0.08776605874300003,3090,GCGGGN,0.12591874599456787,3090,GCGGGN,0.12591874599456787,False,False,True,-0.00039422884583473206,
11,22,40,head_0,degradation,1.107421875,0.9990537166595459,2693,GACGGG,1.55859375,0,AAAAAN,2.0,0,AAAAAN,2.0,3330,GGCGGN,0.08534695208072662,3090,GCGGGN,0.12442565709352493,3090,GCGGGN,0.12442565709352493,False,False,True,-0.0006457306444644928,
11,23,40,head_0,degradation,1.0068359375,1.0026075839996338,2693,GACGGG,1.599609375,0,AAAAAN,2.0,0,AAAAAN,2.0,3330,GGCGGN,0.0832982063293457,3090,GCGGGN,0.12302038818597794,3090,GCGGGN,0.12302038818597794,False,False,True,0.0003629811108112335,
11,24,40,head_0,degradation,0.98095703125,1.0019749402999878,2693,GACGGG,1.6103515625,0,AAAAAN,2.0,0,AAAAAN,2.0,3330,GGCGGN,0.08415329456329346,3090,GCGGGN,0.12376092374324799,3090,GCGGGN,0.12376092374324799,False,False,True,-0.00013364851474761963,
11,25,40,head_0,degradation,0.9833984375,0.9976591467857361,2693,GACGGG,1.609375,0,AAAAAN,2.0,0,AAAAAN,2.0,3330,GGCGGN,0.08508473634719849,3090,GCGGGN,0.12391094863414764,3090,GCGGGN,0.12391094863414764,False,False,True,-0.000570688396692276,
11,26,40,head_0,degradation,0.99267578125,1.0001335144042969,2693,GACGGG,1.60546875,0,AAAAAN,2.0,0,AAAAAN,2.0,3330,GGCGGN,0.08443338423967361,3090,GCGGGN,0.123707614839077,3090,GCGGGN,0.123707614839077,False,False,True,-0.0002459995448589325,
11,27,40,head_0,degradation,0.9833984375,0.9982077479362488,2693,GACGGG,1.609375,0,AAAAAN,2.0,0,AAAAAN,2.0,3330,GGCGGN,0.08465853333473206,3090,GCGGGN,0.1235840767621994,3090,GCGGGN,0.1235840767621994,False,False,True,-0.00027423352003097534,
11,28,40,head_0,degradation,1.0068359375,1.0000396966934204,2693,GACGGG,1.599609375,0,AAAAAN,2.0,0,AAAAAN,2.0,3330,GGCGGN,0.08414596319198608,3090,GCGGGN,0.12340319156646729,3090,GCGGGN,0.12340319156646729,False,False,True,0.00010497495532035828,
11,29,40,head_0,degradation,1.001953125,1.0001945495605469,2693,GACGGG,1.6015625,0,AAAAAN,2.0,0,AAAAAN,2.0,3330,GGCGGN,0.08413341641426086,3090,GCGGGN,0.12341868877410889,3090,GCGGGN,0.12341868877410889,False,False,True,-9.900331497192383e-05,
11,30,40,head_0,degradation,0.99755859375,1.0001872777938843,2693,GACGGG,1.603515625,0,AAAAAN,2.0,0,AAAAAN,2.0,3330,GGCGGN,0.08425984531641006,3090,GCGGGN,0.12354380637407303,3090,GCGGGN,0.12354380637407303,False,False,True,-0.0003196150064468384,
11,31,40,head_0,degradation,0.9736328125,0.9993969202041626,2693,GACGGG,1.61328125,0,AAAAAN,2.0,0,AAAAAN,2.0,3330,GGCGGN,0.08465065062046051,3090,GCGGGN,0.12379149347543716,3090,GCGGGN,0.12379149347543716,False,False,True,-0.0006121695041656494,
11,32,40,head_0,degradation,0.97607421875,0.9961967468261719,2693,GACGGG,1.6123046875,0,AAAAAN,2.0,0,AAAAAN,2.0,3330,GGCGGN,0.0851672887802124,3090,GCGGGN,0.12372872233390808,3090,GCGGGN,0.12372872233390808,False,False,True,-0.0005747899413108826,
11,33,40,head_0,degradation,0.9736328125,0.9962933659553528,2693,GACGGG,1.61328125,0,AAAAAN,2.0,0,AAAAAN,2.0,3330,GGCGGN,0.08495622873306274,3090,GCGGGN,0.12353515625,3090,GCGGGN,0.12353515625,False,False,True,-0.0006925836205482483,
11,34,40,head_0,degradation,0.990234375,0.9963693618774414,2693,GACGGG,1.6064453125,0,AAAAAN,2.0,0,AAAAAN,2.0,3330,GGCGGN,0.08457303047180176,3090,GCGGGN,0.12316573411226273,3090,GCGGGN,0.12316573411226273,False,False,True,-0.0003994107246398926,
11,35,40,head_0,degradation,0.990234375,0.9991281032562256,2693,GACGGG,1.6064453125,0,AAAAAN,2.0,0,AAAAAN,2.0,3330,GGCGGN,0.08428496867418289,3090,GCGGGN,0.12337715923786163,3090,GCGGGN,0.12337715923786163,False,False,True,-0.0002699047327041626,
11,36,40,head_0,degradation,0.9833984375,0.9983044266700745,2693,GACGGG,1.609375,0,AAAAAN,2.0,0,AAAAAN,2.0,3330,GGCGGN,0.08427980542182922,3090,GCGGGN,0.12322285026311874,3090,GCGGGN,0.12322285026311874,False,False,True,-0.00033763423562049866,
11,37,40,head_0,degradation,1.0,0.9999934434890747,2693,GACGGG,1.6025390625,0,AAAAAN,2.0,0,AAAAAN,2.0,3330,GGCGGN,0.08404738456010818,3090,GCGGGN,0.12329623848199844,3090,GCGGGN,0.12329623848199844,False,False,True,-6.742030382156372e-05,
11,38,40,head_0,degradation,0.99267578125,0.999525785446167,2693,GACGGG,1.60546875,0,AAAAAN,2.0,0,AAAAAN,2.0,3330,GGCGGN,0.08405132591724396,3090,GCGGGN,0.12321551144123077,3090,GCGGGN,0.12321551144123077,False,False,True,5.010142922401428e-05,
11,39,40,head_0,degradation,1.0068359375,0.9980825781822205,2693,GACGGG,1.599609375,0,AAAAAN,2.0,0,AAAAAN,2.0,3330,GGCGGN,0.08407918363809586,3090,GCGGGN,0.12298206239938736,3090,GCGGGN,0.12298206239938736,False,False,True,6.441399455070496e-05,
11,40,40,head_0,degradation,1.0,0.9986487627029419,2693,GACGGG,1.6025390625,0,AAAAAN,2.0,0,AAAAAN,2.0,3330,GGCGGN,0.08430077880620956,3090,GCGGGN,0.12330618500709534,3090,GCGGGN,0.12330618500709534,False,False,True,8.210539817810059e-06,
11,41,40,head_0,degradation,0.9833984375,0.9981446266174316,2693,GACGGG,1.609375,0,AAAAAN,2.0,0,AAAAAN,2.0,3330,GGCGGN,0.08426602929830551,3090,GCGGGN,0.12318015098571777,3090,GCGGGN,0.12318015098571777,False,False,True,-6.029382348060608e-05,
11,42,40,head_0,degradation,1.0,0.9996869564056396,2693,GACGGG,1.6025390625,0,AAAAAN,2.0,0,AAAAAN,2.0,3330,GGCGGN,0.08412203937768936,3090,GCGGGN,0.12331540882587433,3090,GCGGGN,0.12331540882587433,False,False,True,7.132068276405334e-05,
11,43,40,head_0,degradation,0.99267578125,0.9980382919311523,2693,GACGGG,1.60546875,0,AAAAAN,2.0,0,AAAAAN,2.0,3330,GGCGGN,0.08441996574401855,3090,GCGGGN,0.12331482768058777,3090,GCGGGN,0.12331482768058777,False,False,True,-4.294887185096741e-05,
11,44,40,head_0,degradation,1.0068359375,0.9995249509811401,2693,GACGGG,1.599609375,0,AAAAAN,2.0,0,AAAAAN,2.0,3330,GGCGGN,0.08431802690029144,3090,GCGGGN,0.12348205596208572,3090,GCGGGN,0.12348205596208572,False,False,True,0.00013825669884681702,
11,45,40,head_0,degradation,1.001953125,0.9973399639129639,2693,GACGGG,1.6015625,0,AAAAAN,2.0,0,AAAAAN,2.0,3330,GGCGGN,0.08443130552768707,3090,GCGGGN,0.12319973111152649,3090,GCGGGN,0.12319973111152649,False,False,True,-0.0001587904989719391,
11,46,40,head_0,degradation,1.001953125,0.9970152974128723,2693,GACGGG,1.6015625,0,AAAAAN,2.0,0,AAAAAN,2.0,3330,GGCGGN,0.08449167013168335,3090,GCGGGN,0.12320131063461304,3090,GCGGGN,0.12320131063461304,False,False,True,-0.00019077584147453308,
11,47,40,head_0,degradation,1.01171875,0.9989902377128601,2693,GACGGG,1.59765625,0,AAAAAN,2.0,0,AAAAAN,2.0,3330,GGCGGN,0.08426358550786972,3090,GCGGGN,0.12333080917596817,3090,GCGGGN,0.12333080917596817,False,False,True,-8.0108642578125e-05,
11,48,40,head_0,degradation,1.0,0.9994044899940491,2693,GACGGG,1.6025390625,0,AAAAAN,2.0,0,AAAAAN,2.0,3330,GGCGGN,0.08428729325532913,3090,GCGGGN,0.12342951446771622,3090,GCGGGN,0.12342951446771622,False,False,True,1.6070902347564697e-05,
11,49,40,head_0,degradation,1.001953125,1.0000413656234741,2693,GACGGG,1.6015625,0,AAAAAN,2.0,0,AAAAAN,2.0,3330,GGCGGN,0.08438124507665634,3090,GCGGGN,0.12363877147436142,3090,GCGGGN,0.12363877147436142,False,False,True,-1.6842037439346313e-05,
11,50,40,head_0,degradation,1.0,1.0000709295272827,2693,GACGGG,1.6025390625,0,AAAAAN,2.0,0,AAAAAN,2.0,3330,GGCGGN,0.08401299268007278,3090,GCGGGN,0.12327588349580765,3090,GCGGGN,0.12327588349580765,False,False,True,-9.376183152198792e-05,
11,51,40,head_0,degradation,1.0048828125,0.9997758865356445,2693,GACGGG,1.6005859375,0,AAAAAN,2.0,0,AAAAAN,2.0,3330,GGCGGN,0.08410005271434784,3090,GCGGGN,0.12330952286720276,3090,GCGGGN,0.12330952286720276,False,False,True,3.544241189956665e-05,
12,0,40,head_0,degradation,1.0,0.9997392892837524,2693,GACGGG,1.6025390625,0,AAAAAN,2.0,0,AAAAAN,2.0,3330,GGCGGN,0.08414238691329956,3090,GCGGGN,0.12334523350000381,3090,GCGGGN,0.12334523350000381,False,False,True,-2.4244189262390137e-05,
12,1,40,head_0,degradation,1.001953125,1.0004236698150635,2693,GACGGG,1.6015625,0,AAAAAN,2.0,0,AAAAAN,2.0,3330,GGCGGN,0.0842142105102539,3090,GCGGGN,0.1235409677028656,3090,GCGGGN,0.1235409677028656,False,False,True,-3.6209821701049805e-05,
12,2,40,head_0,degradation,0.99755859375,1.0000014305114746,2693,GACGGG,1.603515625,0,AAAAAN,2.0,0,AAAAAN,2.0,3330,GGCGGN,0.08439821749925613,3090,GCGGGN,0.12364853918552399,3090,GCGGGN,0.12364853918552399,False,False,True,-3.390014171600342e-06,
12,3,40,head_0,degradation,1.001953125,0.9998480081558228,2693,GACGGG,1.6015625,0,AAAAAN,2.0,0,AAAAAN,2.0,3330,GGCGGN,0.08429789543151855,3090,GCGGGN,0.12352041900157928,3090,GCGGGN,0.12352041900157928,False,False,True,-1.1648982763290405e-05,
12,4,40,head_0,degradation,0.99755859375,0.9991782903671265,2693,GACGGG,1.603515625,0,AAAAAN,2.0,0,AAAAAN,2.0,3330,GGCGGN,0.08423151820898056,3090,GCGGGN,0.12333278357982635,3090,GCGGGN,0.12333278357982635,False,False,True,-0.00011030957102775574,
12,5,40,head_0,degradation,1.0048828125,1.0010875463485718,2693,GACGGG,1.6005859375,0,AAAAAN,2.0,0,AAAAAN,2.0,3330,GGCGGN,0.08417283743619919,3090,GCGGGN,0.12361978739500046,3090,GCGGGN,0.12361978739500046,False,False,True,7.729604840278625e-05,
12,6,40,head_0,degradation,1.001953125,0.9990053772926331,2693,GACGGG,1.6015625,0,AAAAAN,2.0,0,AAAAAN,2.0,3330,GGCGGN,0.08391355723142624,3090,GCGGGN,0.12298352271318436,3090,GCGGGN,0.12298352271318436,False,False,True,-8.17030668258667e-05,
12,7,40,head_0,degradation,1.021484375,1.0002858638763428,2693,GACGGG,1.59375,0,AAAAAN,2.0,0,AAAAAN,2.0,3330,GGCGGN,0.08359915018081665,3090,GCGGGN,0.12290095537900925,3090,GCGGGN,0.12290095537900925,False,False,True,-2.923235297203064e-05,
12,8,40,head_0,degradation,1.01171875,1.0016100406646729,2693,GACGGG,1.59765625,0,AAAAAN,2.0,0,AAAAAN,2.0,3330,GGCGGN,0.0835266038775444,3090,GCGGGN,0.12306816130876541,3090,GCGGGN,0.12306816130876541,False,False,True,-4.704669117927551e-05,
12,9,40,head_0,degradation,1.0068359375,1.0028132200241089,2693,GACGGG,1.599609375,0,AAAAAN,2.0,0,AAAAAN,2.0,3330,GGCGGN,0.08434700965881348,3090,GCGGGN,0.12410641461610794,3090,GCGGGN,0.12410641461610794,False,False,True,-5.2671879529953e-05,
12,10,40,head_0,degradation,1.0146484375,1.0022752285003662,2693,GACGGG,1.5966796875,0,AAAAAN,2.0,0,AAAAAN,2.0,3330,GGCGGN,0.0845751240849495,3090,GCGGGN,0.12423713505268097,3090,GCGGGN,0.12423713505268097,False,False,True,-0.00013925135135650635,
12,11,40,head_0,degradation,1.01171875,1.0025439262390137,2693,GACGGG,1.59765625,0,AAAAAN,2.0,0,AAAAAN,2.0,3330,GGCGGN,0.08442848175764084,3090,GCGGGN,0.12413911521434784,3090,GCGGGN,0.12413911521434784,False,False,True,-7.84844160079956e-05,
12,12,40,head_0,degradation,1.0166015625,1.0021553039550781,2693,GACGGG,1.595703125,0,AAAAAN,2.0,0,AAAAAN,2.0,3330,GGCGGN,0.0841103345155716,3090,GCGGGN,0.12375061213970184,3090,GCGGGN,0.12375061213970184,False,False,True,0.00023149698972702026,
12,13,40,head_0,degradation,1.0,1.003167986869812,2693,GACGGG,1.6025390625,0,AAAAAN,2.0,0,AAAAAN,2.0,3330,GGCGGN,0.08378797769546509,3090,GCGGGN,0.12361161410808563,3090,GCGGGN,0.12361161410808563,False,False,True,0.0002305358648300171,
12,14,40,head_0,degradation,0.99267578125,1.001692771911621,2693,GACGGG,1.60546875,0,AAAAAN,2.0,0,AAAAAN,2.0,3330,GGCGGN,0.08380487561225891,3090,GCGGGN,0.12336140871047974,3090,GCGGGN,0.12336140871047974,False,False,True,0.0001462996006011963,
12,15,40,head_0,degradation,1.001953125,1.0012915134429932,2693,GACGGG,1.6015625,0,AAAAAN,2.0,0,AAAAAN,2.0,3330,GGCGGN,0.08371466398239136,3090,GCGGGN,0.12319854646921158,3090,GCGGGN,0.12319854646921158,False,False,True,0.00013344362378120422,
12,16,40,head_0,degradation,1.0068359375,1.0036758184432983,2693,GACGGG,1.599609375,0,AAAAAN,2.0,0,AAAAAN,2.0,3330,GGCGGN,0.08353006839752197,3090,GCGGGN,0.12344565987586975,3090,GCGGGN,0.12344565987586975,False,False,True,0.0002145431935787201,
12,17,40,head_0,degradation,1.01171875,1.0008397102355957,2693,GACGGG,1.59765625,0,AAAAAN,2.0,0,AAAAAN,2.0,3330,GGCGGN,0.08349352329969406,3090,GCGGGN,0.12289560586214066,3090,GCGGGN,0.12289560586214066,False,False,True,1.973658800125122e-05,
12,18,40,head_0,degradation,1.021484375,1.0010796785354614,2693,GACGGG,1.59375,0,AAAAAN,2.0,0,AAAAAN,2.0,3330,GGCGGN,0.08349021524190903,3090,GCGGGN,0.12293574959039688,3090,GCGGGN,0.12293574959039688,False,False,True,0.00013491511344909668,
12,19,40,head_0,degradation,1.0693359375,1.0000419616699219,2693,GACGGG,1.57421875,0,AAAAAN,2.0,0,AAAAAN,2.0,3330,GGCGGN,0.08456841111183167,3090,GCGGGN,0.12382606416940689,3090,GCGGGN,0.12382606416940689,False,False,True,0.00013930723071098328,
12,20,40,head_0,degradation,1.076171875,0.9975876212120056,2693,GACGGG,1.5712890625,0,AAAAAN,2.0,0,AAAAAN,2.0,3330,GGCGGN,0.0853971540927887,3090,GCGGGN,0.124210424721241,3090,GCGGGN,0.124210424721241,False,False,True,-2.4273991584777832e-05,
12,21,40,head_0,degradation,1.044921875,0.9986023902893066,2693,GACGGG,1.583984375,0,AAAAAN,2.0,0,AAAAAN,2.0,3330,GGCGGN,0.08619675785303116,3090,GCGGGN,0.1251937597990036,3090,GCGGGN,0.1251937597990036,False,False,True,-0.0004076547920703888,
12,22,40,head_0,degradation,0.99267578125,0.9929381012916565,2693,GACGGG,1.60546875,0,AAAAAN,2.0,0,AAAAAN,2.0,3330,GGCGGN,0.08585789054632187,3090,GCGGGN,0.12382933497428894,3090,GCGGGN,0.12382933497428894,False,False,True,-0.0006186999380588531,
12,23,40,head_0,degradation,0.978515625,0.9966543316841125,2693,GACGGG,1.611328125,0,AAAAAN,2.0,0,AAAAAN,2.0,3330,GGCGGN,0.08519170433282852,3090,GCGGGN,0.1238359808921814,3090,GCGGGN,0.1238359808921814,False,False,True,-0.0003707520663738251,
12,24,40,head_0,degradation,1.0048828125,0.9991101622581482,2693,GACGGG,1.6005859375,0,AAAAAN,2.0,0,AAAAAN,2.0,3330,GGCGGN,0.08396238088607788,3090,GCGGGN,0.12305132299661636,3090,GCGGGN,0.12305132299661636,False,False,True,-5.433708429336548e-05,
12,25,40,head_0,degradation,1.01171875,1.0021744966506958,2693,GACGGG,1.59765625,0,AAAAAN,2.0,0,AAAAAN,2.0,3330,GGCGGN,0.08383004367351532,3090,GCGGGN,0.12347380071878433,3090,GCGGGN,0.12347380071878433,False,False,True,0.00010092556476593018,
12,26,40,head_0,degradation,1.0048828125,1.000060796737671,2693,GACGGG,1.6005859375,0,AAAAAN,2.0,0,AAAAAN,2.0,3330,GGCGGN,0.08413799107074738,3090,GCGGGN,0.1233990415930748,3090,GCGGGN,0.1233990415930748,False,False,True,-5.520135164260864e-05,
12,27,40,head_0,degradation,1.001953125,0.9987141489982605,2693,GACGGG,1.6015625,0,AAAAAN,2.0,0,AAAAAN,2.0,3330,GGCGGN,0.08433445543050766,3090,GCGGGN,0.12335168570280075,3090,GCGGGN,0.12335168570280075,False,False,True,3.532692790031433e-05,
12,28,40,head_0,degradation,1.001953125,1.0004867315292358,2693,GACGGG,1.6015625,0,AAAAAN,2.0,0,AAAAAN,2.0,3330,GGCGGN,0.08398086577653885,3090,GCGGGN,0.12331902980804443,3090,GCGGGN,0.12331902980804443,False,False,True,2.598389983177185e-05,
12,29,40,head_0,degradation,1.0048828125,0.9990774393081665,2693,GACGGG,1.6005859375,0,AAAAAN,2.0,0,AAAAAN,2.0,3330,GGCGGN,0.08414360135793686,3090,GCGGGN,0.12322661280632019,3090,GCGGGN,0.12322661280632019,False,False,True,0.00016998127102851868,
12,30,40,head_0,degradation,1.0048828125,0.9980986714363098,2693,GACGGG,1.6005859375,0,AAAAAN,2.0,0,AAAAAN,2.0,3330,GGCGGN,0.08440285921096802,3090,GCGGGN,0.12330866605043411,3090,GCGGGN,0.12330866605043411,False,False,True,3.7375837564468384e-05,
12,31,40,head_0,degradation,1.001953125,0.9989921450614929,2693,GACGGG,1.6015625,0,AAAAAN,2.0,0,AAAAAN,2.0,3330,GGCGGN,0.08427249640226364,3090,GCGGGN,0.12334006279706955,3090,GCGGGN,0.12334006279706955,False,False,True,-9.581819176673889e-05,
12,32,40,head_0,degradation,1.0048828125,0.9995071887969971,2693,GACGGG,1.6005859375,0,AAAAAN,2.0,0,AAAAAN,2.0,3330,GGCGGN,0.08403602242469788,3090,GCGGGN,0.12319683283567429,3090,GCGGGN,0.12319683283567429,False,False,True,-2.687796950340271e-05,
12,33,40,head_0,degradation,1.0048828125,0.9998723268508911,2693,GACGGG,1.6005859375,0,AAAAAN,2.0,0,AAAAAN,2.0,3330,GGCGGN,0.08423452079296112,3090,GCGGGN,0.12346145510673523,3090,GCGGGN,0.12346145510673523,False,False,True,0.00016072764992713928,
12,34,40,head_0,degradation,1.0068359375,1.001352310180664,2693,GACGGG,1.599609375,0,AAAAAN,2.0,0,AAAAAN,2.0,3330,GGCGGN,0.08418658375740051,3090,GCGGGN,0.12368148565292358,3090,GCGGGN,0.12368148565292358,False,False,True,0.00033818185329437256,
12,35,40,head_0,degradation,1.0,0.9985023140907288,2693,GACGGG,1.6025390625,0,AAAAAN,2.0,0,AAAAAN,2.0,3330,GGCGGN,0.08452868461608887,3090,GCGGGN,0.123507559299469,3090,GCGGGN,0.123507559299469,False,False,True,0.00012408941984176636,
12,36,40,head_0,degradation,0.99267578125,0.9976105093955994,2693,GACGGG,1.60546875,0,AAAAAN,2.0,0,AAAAAN,2.0,3330,GGCGGN,0.0845872014760971,3090,GCGGGN,0.1234046146273613,3090,GCGGGN,0.1234046146273613,False,False,True,0.00016427785158157349,
12,37,40,head_0,degradation,1.0,1.0002802610397339,2693,GACGGG,1.6025390625,0,AAAAAN,2.0,0,AAAAAN,2.0,3330,GGCGGN,0.08427976816892624,3090,GCGGGN,0.12358055263757706,3090,GCGGGN,0.12358055263757706,False,False,True,5.768612027168274e-05,
12,38,40,head_0,degradation,0.99755859375,1.0001463890075684,2693,GACGGG,1.603515625,0,AAAAAN,2.0,0,AAAAAN,2.0,3330,GGCGGN,0.08420351892709732,3090,GCGGGN,0.12348005175590515,3090,GCGGGN,0.12348005175590515,False,False,True,6.321817636489868e-05,
12,39,40,head_0,degradation,1.001953125,0.9991139769554138,2693,GACGGG,1.6015625,0,AAAAAN,2.0,0,AAAAAN,2.0,3330,GGCGGN,0.08446648716926575,3090,GCGGGN,0.12355610728263855,3090,GCGGGN,0.12355610728263855,False,False,True,-6.240606307983398e-05,
12,40,40,head_0,degradation,1.0,0.9990513920783997,2693,GACGGG,1.6025390625,0,AAAAAN,2.0,0,AAAAAN,2.0,3330,GGCGGN,0.08440130203962326,3090,GCGGGN,0.12347960472106934,3090,GCGGGN,0.12347960472106934,False,False,True,-0.00012623146176338196,
12,41,40,head_0,degradation,1.0048828125,0.9998877644538879,2693,GACGGG,1.6005859375,0,AAAAAN,2.0,0,AAAAAN,2.0,3330,GGCGGN,0.08415161073207855,3090,GCGGGN,0.12338133901357651,3090,GCGGGN,0.12338133901357651,False,False,True,-0.00016295909881591797,
12,42,40,head_0,degradation,1.0048828125,0.9996678233146667,2693,GACGGG,1.6005859375,0,AAAAAN,2.0,0,AAAAAN,2.0,3330,GGCGGN,0.0841226801276207,3090,GCGGGN,0.1233125776052475,3090,GCGGGN,0.1233125776052475,False,False,True,-5.371496081352234e-05,
12,43,40,head_0,degradation,1.001953125,1.0001580715179443,2693,GACGGG,1.6015625,0,AAAAAN,2.0,0,AAAAAN,2.0,3330,GGCGGN,0.0842161551117897,3090,GCGGGN,0.12349482625722885,3090,GCGGGN,0.12349482625722885,False,False,True,-7.13057816028595e-05,
12,44,40,head_0,degradation,1.0,0.9993009567260742,2693,GACGGG,1.6025390625,0,AAAAAN,2.0,0,AAAAAN,2.0,3330,GGCGGN,0.08428749442100525,3090,GCGGGN,0.12341097742319107,3090,GCGGGN,0.12341097742319107,False,False,True,-4.29786741733551e-05,
12,45,40,head_0,degradation,1.0048828125,0.9989973902702332,2693,GACGGG,1.6005859375,0,AAAAAN,2.0,0,AAAAAN,2.0,3330,GGCGGN,0.08439648896455765,3090,GCGGGN,0.12346501648426056,3090,GCGGGN,0.12346501648426056,False,False,True,7.095932960510254e-05,
12,46,40,head_0,degradation,1.0,0.9988040328025818,2693,GACGGG,1.6025390625,0,AAAAAN,2.0,0,AAAAAN,2.0,3330,GGCGGN,0.08449188619852066,3090,GCGGGN,0.12352539598941803,3090,GCGGGN,0.12352539598941803,False,False,True,1.1995434761047363e-05,
12,47,40,head_0,degradation,1.0068359375,1.000298261642456,2693,GACGGG,1.599609375,0,AAAAAN,2.0,0,AAAAAN,2.0,3330,GGCGGN,0.08433528989553452,3090,GCGGGN,0.12363933771848679,3090,GCGGGN,0.12363933771848679,False,False,True,5.9198588132858276e-05,
12,48,40,head_0,degradation,1.001953125,0.9999845027923584,2693,GACGGG,1.6015625,0,AAAAAN,2.0,0,AAAAAN,2.0,3330,GGCGGN,0.08441594243049622,3090,GCGGGN,0.12366319447755814,3090,GCGGGN,0.12366319447755814,False,False,True,-1.15223228931427e-05,
12,49,40,head_0,degradation,1.0,0.9989259839057922,2693,GACGGG,1.6025390625,0,AAAAAN,2.0,0,AAAAAN,2.0,3330,GGCGGN,0.08453970402479172,3090,GCGGGN,0.12359529733657837,3090,GCGGGN,0.12359529733657837,False,False,True,3.4458935260772705e-05,
12,50,40,head_0,degradation,1.001953125,0.9993400573730469,2693,GACGGG,1.6015625,0,AAAAAN,2.0,0,AAAAAN,2.0,3330,GGCGGN,0.0842459499835968,3090,GCGGGN,0.1233765035867691,3090,GCGGGN,0.1233765035867691,False,False,True,-8.122622966766357e-05,
12,51,40,head_0,degradation,1.0,1.000470757484436,2693,GACGGG,1.6025390625,0,AAAAAN,2.0,0,AAAAAN,2.0,3330,GGCGGN,0.08430521190166473,3090,GCGGGN,0.1236405000090599,3090,GCGGGN,0.1236405000090599,False,False,True,7.670372724533081e-05,
13,0,40,head_0,degradation,0.99755859375,0.9997080564498901,2693,GACGGG,1.603515625,0,AAAAAN,2.0,0,AAAAAN,2.0,3330,GGCGGN,0.08417874574661255,3090,GCGGGN,0.12337593734264374,3090,GCGGGN,0.12337593734264374,False,False,True,-4.0221959352493286e-05,
13,1,40,head_0,degradation,0.99267578125,1.0006407499313354,2693,GACGGG,1.60546875,0,AAAAAN,2.0,0,AAAAAN,2.0,3330,GGCGGN,0.0840645283460617,3090,GCGGGN,0.12343058735132217,3090,GCGGGN,0.12343058735132217,False,False,True,-2.053007483482361e-05,
13,2,40,head_0,degradation,1.0,1.0008512735366821,2693,GACGGG,1.6025390625,0,AAAAAN,2.0,0,AAAAAN,2.0,3330,GGCGGN,0.0842345803976059,3090,GCGGGN,0.12363875657320023,3090,GCGGGN,0.12363875657320023,False,False,True,3.1579285860061646e-05,
13,3,40,head_0,degradation,1.0,0.9998329281806946,2693,GACGGG,1.6025390625,0,AAAAAN,2.0,0,AAAAAN,2.0,3330,GGCGGN,0.08417067676782608,3090,GCGGGN,0.12339047342538834,3090,GCGGGN,0.12339047342538834,False,False,True,-5.169585347175598e-05,
13,4,40,head_0,degradation,1.0146484375,0.9994823336601257,2693,GACGGG,1.5966796875,0,AAAAAN,2.0,0,AAAAAN,2.0,3330,GGCGGN,0.0842122733592987,3090,GCGGGN,0.12336859852075577,3090,GCGGGN,0.12336859852075577,False,False,True,1.8443912267684937e-05,
13,5,40,head_0,degradation,1.0048828125,1.0006778240203857,2693,GACGGG,1.6005859375,0,AAAAAN,2.0,0,AAAAAN,2.0,3330,GGCGGN,0.08449899405241013,3090,GCGGGN,0.12387177348136902,3090,GCGGGN,0.12387177348136902,False,False,True,5.120038986206055e-05,
13,6,40,head_0,degradation,1.0166015625,0.9995590448379517,2693,GACGGG,1.595703125,0,AAAAAN,2.0,0,AAAAAN,2.0,3330,GGCGGN,0.08438815921545029,3090,GCGGGN,0.12355836480855942,3090,GCGGGN,0.12355836480855942,False,False,True,1.1064112186431885e-05,
13,7,40,head_0,degradation,1.0146484375,0.9989886283874512,2693,GACGGG,1.5966796875,0,AAAAAN,2.0,0,AAAAAN,2.0,3330,GGCGGN,0.08444187045097351,3090,GCGGGN,0.12350879609584808,3090,GCGGGN,0.12350879609584808,False,False,True,-0.00014573335647583008,
13,8,40,head_0,degradation,1.021484375,0.9992011785507202,2693,GACGGG,1.59375,0,AAAAAN,2.0,0,AAAAAN,2.0,3330,GGCGGN,0.08413515239953995,3090,GCGGGN,0.12324056029319763,3090,GCGGGN,0.12324056029319763,False,False,True,-8.858740329742432e-06,
13,9,40,head_0,degradation,1.0,0.9995720386505127,2693,GACGGG,1.6025390625,0,AAAAAN,2.0,0,AAAAAN,2.0,3330,GGCGGN,0.08511324971914291,3090,GCGGGN,0.12428580224514008,3090,GCGGGN,0.12428580224514008,False,False,True,-0.00034086406230926514,
13,10,40,head_0,degradation,1.0068359375,1.0012675523757935,2693,GACGGG,1.599609375,0,AAAAAN,2.0,0,AAAAAN,2.0,3330,GGCGGN,0.0847688615322113,3090,GCGGGN,0.12424842268228531,3090,GCGGGN,0.12424842268228531,False,False,True,-0.0002921074628829956,
13,11,40,head_0,degradation,0.990234375,0.9989354610443115,2693,GACGGG,1.6064453125,0,AAAAAN,2.0,0,AAAAAN,2.0,3330,GGCGGN,0.08488748222589493,3090,GCGGGN,0.12394478172063828,3090,GCGGGN,0.12394478172063828,False,False,True,-0.0003847666084766388,
13,12,40,head_0,degradation,1.001953125,0.9983869194984436,2693,GACGGG,1.6015625,0,AAAAAN,2.0,0,AAAAAN,2.0,3330,GGCGGN,0.08407658338546753,3090,GCGGGN,0.12303457409143448,3090,GCGGGN,0.12303457409143448,False,False,True,-4.702061414718628e-05,
13,13,40,head_0,degradation,1.0068359375,0.9981400966644287,2693,GACGGG,1.599609375,0,AAAAAN,2.0,0,AAAAAN,2.0,3330,GGCGGN,0.08434568345546722,3090,GCGGGN,0.12325897812843323,3090,GCGGGN,0.12325897812843323,False,False,True,4.507601261138916e-07,
13,14,40,head_0,degradation,1.0146484375,0.9961995482444763,2693,GACGGG,1.5966796875,0,AAAAAN,2.0,0,AAAAAN,2.0,3330,GGCGGN,0.08458798378705978,3090,GCGGGN,0.12314992398023605,3090,GCGGGN,0.12314992398023605,False,False,True,0.00014777854084968567,
13,15,40,head_0,degradation,1.001953125,0.9959117770195007,2693,GACGGG,1.6015625,0,AAAAAN,2.0,0,AAAAAN,2.0,3330,GGCGGN,0.08467167615890503,3090,GCGGGN,0.12318152189254761,3090,GCGGGN,0.12318152189254761,False,False,True,4.5806169509887695e-05,
13,16,40,head_0,degradation,0.97607421875,0.9957523941993713,2693,GACGGG,1.6123046875,0,AAAAAN,2.0,0,AAAAAN,2.0,3330,GGCGGN,0.08488980680704117,3090,GCGGGN,0.12337078899145126,3090,GCGGGN,0.12337078899145126,False,False,True,-0.00011014565825462341,
13,17,40,head_0,degradation,0.98828125,0.9952473044395447,2693,GACGGG,1.607421875,0,AAAAAN,2.0,0,AAAAAN,2.0,3330,GGCGGN,0.08443187922239304,3090,GCGGGN,0.12282142043113708,3090,GCGGGN,0.12282142043113708,False,False,True,-0.00011540204286575317,
13,18,40,head_0,degradation,0.98095703125,1.001050353050232,2693,GACGGG,1.6103515625,0,AAAAAN,2.0,0,AAAAAN,2.0,3330,GGCGGN,0.08419068157672882,3090,GCGGGN,0.12363089621067047,3090,GCGGGN,0.12363089621067047,False,False,True,-0.0002523288130760193,
13,19,40,head_0,degradation,1.041015625,1.0064722299575806,2693,GACGGG,1.5859375,0,AAAAAN,2.0,0,AAAAAN,2.0,3330,GGCGGN,0.08312618732452393,3090,GCGGGN,0.12354808300733566,3090,GCGGGN,0.12354808300733566,False,False,True,-0.00020833685994148254,
13,20,40,head_0,degradation,1.0380859375,0.9977160096168518,2693,GACGGG,1.5869140625,0,AAAAAN,2.0,0,AAAAAN,2.0,3330,GGCGGN,0.084834523499012,3090,GCGGGN,0.1236710399389267,3090,GCGGGN,0.1236710399389267,False,False,True,-0.0008363723754882812,
13,21,40,head_0,degradation,1.119140625,0.9816367626190186,2693,GACGGG,1.5537109375,0,AAAAAN,2.0,0,AAAAAN,2.0,3330,GGCGGN,0.0853102058172226,3090,GCGGGN,0.1212354451417923,3090,GCGGGN,0.1212354451417923,False,False,True,-0.00189286470413208,
13,22,40,head_0,degradation,1.0927734375,0.9815189242362976,2693,GACGGG,1.564453125,0,AAAAAN,2.0,0,AAAAAN,2.0,3330,GGCGGN,0.08515425771474838,3090,GCGGGN,0.1210581511259079,3090,GCGGGN,0.1210581511259079,False,False,True,-0.001804787665605545,
13,23,40,head_0,degradation,1.0380859375,0.9877302050590515,2693,GACGGG,1.5869140625,0,AAAAAN,2.0,0,AAAAAN,2.0,3330,GGCGGN,0.0849403664469719,3090,GCGGGN,0.12196887284517288,3090,GCGGGN,0.12196887284517288,False,False,True,-0.0018260926008224487,
13,24,40,head_0,degradation,0.96875,0.998849630355835,2693,GACGGG,1.615234375,0,AAAAAN,2.0,0,AAAAAN,2.0,3330,GGCGGN,0.08461594581604004,3090,GCGGGN,0.1236576959490776,3090,GCGGGN,0.1236576959490776,False,False,True,-0.0008921250700950623,
13,25,40,head_0,degradation,0.966796875,0.998408854007721,2693,GACGGG,1.6162109375,0,AAAAAN,2.0,0,AAAAAN,2.0,3330,GGCGGN,0.08495163172483444,3090,GCGGGN,0.12391359359025955,3090,GCGGGN,0.12391359359025955,False,False,True,-0.0006767958402633667,
13,26,40,head_0,degradation,0.99755859375,0.9993054866790771,2693,GACGGG,1.603515625,0,AAAAAN,2.0,0,AAAAAN,2.0,3330,GGCGGN,0.08430546522140503,3090,GCGGGN,0.12342976033687592,3090,GCGGGN,0.12342976033687592,False,False,True,-9.026005864143372e-05,
13,27,40,head_0,degradation,0.98828125,0.9985485672950745,2693,GACGGG,1.607421875,0,AAAAAN,2.0,0,AAAAAN,2.0,3330,GGCGGN,0.08443254977464676,3090,GCGGGN,0.12341980636119843,3090,GCGGGN,0.12341980636119843,False,False,True,3.563985228538513e-05,
13,28,40,head_0,degradation,0.9833984375,0.998879075050354,2693,GACGGG,1.609375,0,AAAAAN,2.0,0,AAAAAN,2.0,3330,GGCGGN,0.08427702635526657,3090,GCGGGN,0.12332412600517273,3090,GCGGGN,0.12332412600517273,False,False,True,1.570954918861389e-05,
13,29,40,head_0,degradation,0.98828125,1.0006011724472046,2693,GACGGG,1.607421875,0,AAAAAN,2.0,0,AAAAAN,2.0,3330,GGCGGN,0.08400096744298935,3090,GCGGGN,0.12335984408855438,3090,GCGGGN,0.12335984408855438,False,False,True,3.669038414955139e-05,
13,30,40,head_0,degradation,0.99267578125,1.0009669065475464,2693,GACGGG,1.60546875,0,AAAAAN,2.0,0,AAAAAN,2.0,3330,GGCGGN,0.08386941999197006,3090,GCGGGN,0.12329452484846115,3090,GCGGGN,0.12329452484846115,False,False,True,6.376951932907104e-05,
13,31,40,head_0,degradation,1.0,1.0006070137023926,2693,GACGGG,1.6025390625,0,AAAAAN,2.0,0,AAAAAN,2.0,3330,GGCGGN,0.08420455455780029,3090,GCGGGN,0.12356451898813248,3090,GCGGGN,0.12356451898813248,False,False,True,0.0004232637584209442,
13,32,40,head_0,degradation,1.0,0.9992006421089172,2693,GACGGG,1.6025390625,0,AAAAAN,2.0,0,AAAAAN,2.0,3330,GGCGGN,0.08450038731098175,3090,GCGGGN,0.12360569834709167,3090,GCGGGN,0.12360569834709167,False,False,True,0.0001807957887649536,
13,33,40,head_0,degradation,1.001953125,0.9988841414451599,2693,GACGGG,1.6015625,0,AAAAAN,2.0,0,AAAAAN,2.0,3330,GGCGGN,0.08459684252738953,3090,GCGGGN,0.1236448585987091,3090,GCGGGN,0.1236448585987091,False,False,True,0.00010471418499946594,
13,34,40,head_0,degradation,1.0048828125,1.0000766515731812,2693,GACGGG,1.6005859375,0,AAAAAN,2.0,0,AAAAAN,2.0,3330,GGCGGN,0.08461451530456543,3090,GCGGGN,0.12387844920158386,3090,GCGGGN,0.12387844920158386,False,False,True,-0.0001395195722579956,
13,35,40,head_0,degradation,1.001953125,1.000680923461914,2693,GACGGG,1.6015625,0,AAAAAN,2.0,0,AAAAAN,2.0,3330,GGCGGN,0.08435437083244324,3090,GCGGGN,0.1237277165055275,3090,GCGGGN,0.1237277165055275,False,False,True,3.773719072341919e-06,
13,36,40,head_0,degradation,1.0068359375,1.0007458925247192,2693,GACGGG,1.599609375,0,AAAAAN,2.0,0,AAAAAN,2.0,3330,GGCGGN,0.08425026386976242,3090,GCGGGN,0.12363535910844803,3090,GCGGGN,0.12363535910844803,False,False,True,0.00010816752910614014,
13,37,40,head_0,degradation,1.0048828125,1.0004204511642456,2693,GACGGG,1.6005859375,0,AAAAAN,2.0,0,AAAAAN,2.0,3330,GGCGGN,0.08407587558031082,3090,GCGGGN,0.12340204417705536,3090,GCGGGN,0.12340204417705536,False,False,True,-3.069266676902771e-05,
13,38,40,head_0,degradation,1.001953125,0.9996841549873352,2693,GACGGG,1.6015625,0,AAAAAN,2.0,0,AAAAAN,2.0,3330,GGCGGN,0.08408862352371216,3090,GCGGGN,0.12328147888183594,3090,GCGGGN,0.12328147888183594,False,False,True,-0.00011241436004638672,
13,39,40,head_0,degradation,1.001953125,0.9989067316055298,2693,GACGGG,1.6015625,0,AAAAAN,2.0,0,AAAAAN,2.0,3330,GGCGGN,0.08427969366312027,3090,GCGGGN,0.12333180010318756,3090,GCGGGN,0.12333180010318756,False,False,True,1.1008232831954956e-05,
13,40,40,head_0,degradation,0.99755859375,0.999871551990509,2693,GACGGG,1.603515625,0,AAAAAN,2.0,0,AAAAAN,2.0,3330,GGCGGN,0.08415333926677704,3090,GCGGGN,0.12338012456893921,3090,GCGGGN,0.12338012456893921,False,False,True,1.0292977094650269e-05,
13,41,40,head_0,degradation,1.0,1.0001635551452637,2693,GACGGG,1.6025390625,0,AAAAAN,2.0,0,AAAAAN,2.0,3330,GGCGGN,0.0842425599694252,3090,GCGGGN,0.12352223694324493,3090,GCGGGN,0.12352223694324493,False,False,True,-2.63899564743042e-05,
13,42,40,head_0,degradation,1.001953125,1.000200629234314,2693,GACGGG,1.6015625,0,AAAAAN,2.0,0,AAAAAN,2.0,3330,GGCGGN,0.08428929001092911,3090,GCGGGN,0.12357567250728607,3090,GCGGGN,0.12357567250728607,False,False,True,3.4332275390625e-05,
13,43,40,head_0,degradation,1.0048828125,0.9989834427833557,2693,GACGGG,1.6005859375,0,AAAAAN,2.0,0,AAAAAN,2.0,3330,GGCGGN,0.08409883826971054,3090,GCGGGN,0.1231648251414299,3090,GCGGGN,0.1231648251414299,False,False,True,-2.335384488105774e-05,
13,44,40,head_0,degradation,1.001953125,1.0007193088531494,2693,GACGGG,1.6015625,0,AAAAAN,2.0,0,AAAAAN,2.0,3330,GGCGGN,0.08412710577249527,3090,GCGGGN,0.12350738048553467,3090,GCGGGN,0.12350738048553467,False,False,True,3.6500394344329834e-05,
13,45,40,head_0,degradation,1.001953125,0.9993563890457153,2693,GACGGG,1.6015625,0,AAAAAN,2.0,0,AAAAAN,2.0,3330,GGCGGN,0.08432534337043762,3090,GCGGGN,0.1234588548541069,3090,GCGGGN,0.1234588548541069,False,False,True,2.4549663066864014e-05,
13,46,40,head_0,degradation,1.0,0.9992968440055847,2693,GACGGG,1.6025390625,0,AAAAAN,2.0,0,AAAAAN,2.0,3330,GGCGGN,0.0843670666217804,3090,GCGGGN,0.12348979711532593,3090,GCGGGN,0.12348979711532593,False,False,True,4.604458808898926e-06,
13,47,40,head_0,degradation,1.0,1.0007786750793457,2693,GACGGG,1.6025390625,0,AAAAAN,2.0,0,AAAAAN,2.0,3330,GGCGGN,0.08422259986400604,3090,GCGGGN,0.1236136257648468,3090,GCGGGN,0.1236136257648468,False,False,True,-5.898624658584595e-05,
13,48,40,head_0,degradation,1.001953125,1.0002471208572388,2693,GACGGG,1.6015625,0,AAAAAN,2.0,0,AAAAAN,2.0,3330,GGCGGN,0.08432348817586899,3090,GCGGGN,0.12361826002597809,3090,GCGGGN,0.12361826002597809,False,False,True,-3.890320658683777e-05,
13,49,40,head_0,degradation,1.001953125,1.000362515449524,2693,GACGGG,1.6015625,0,AAAAAN,2.0,0,AAAAAN,2.0,3330,GGCGGN,0.08429551869630814,3090,GCGGGN,0.1236112043261528,3090,GCGGGN,0.1236112043261528,False,False,True,1.2934207916259766e-05,
13,50,40,head_0,degradation,1.0,0.9996178150177002,2693,GACGGG,1.6025390625,0,AAAAAN,2.0,0,AAAAAN,2.0,3330,GGCGGN,0.08441107720136642,3090,GCGGGN,0.12359191477298737,3090,GCGGGN,0.12359191477298737,False,False,True,4.1961669921875e-05,
13,51,40,head_0,degradation,0.99267578125,0.9987625479698181,2693,GACGGG,1.60546875,0,AAAAAN,2.0,0,AAAAAN,2.0,3330,GGCGGN,0.08439409732818604,3090,GCGGGN,0.12342008948326111,3090,GCGGGN,0.12342008948326111,False,False,True,7.46697187423706e-05,
14,0,40,head_0,degradation,0.99755859375,0.9988046884536743,2693,GACGGG,1.603515625,0,AAAAAN,2.0,0,AAAAAN,2.0,3330,GGCGGN,0.08428853750228882,3090,GCGGGN,0.12332215160131454,3090,GCGGGN,0.12332215160131454,False,False,True,-1.3105571269989014e-05,
14,1,40,head_0,degradation,1.0,0.9990651607513428,2693,GACGGG,1.6025390625,0,AAAAAN,2.0,0,AAAAAN,2.0,3330,GGCGGN,0.0843578428030014,3090,GCGGGN,0.12343862652778625,3090,GCGGGN,0.12343862652778625,False,False,True,-7.312744855880737e-06,
14,2,40,head_0,degradation,1.0,0.9997650980949402,2693,GACGGG,1.6025390625,0,AAAAAN,2.0,0,AAAAAN,2.0,3330,GGCGGN,0.08412009477615356,3090,GCGGGN,0.12332762032747269,3090,GCGGGN,0.12332762032747269,False,False,True,4.6525150537490845e-05,
14,3,40,head_0,degradation,0.99755859375,0.9994281530380249,2693,GACGGG,1.603515625,0,AAAAAN,2.0,0,AAAAAN,2.0,3330,GGCGGN,0.08432085067033768,3090,GCGGGN,0.12346736341714859,3090,GCGGGN,0.12346736341714859,False,False,True,0.00015480071306228638,
14,4,40,head_0,degradation,0.99267578125,0.9989156723022461,2693,GACGGG,1.60546875,0,AAAAAN,2.0,0,AAAAAN,2.0,3330,GGCGGN,0.08447039127349854,3090,GCGGGN,0.12352411448955536,3090,GCGGGN,0.12352411448955536,False,False,True,4.7847628593444824e-05,
14,5,40,head_0,degradation,1.0,1.0000461339950562,2693,GACGGG,1.6025390625,0,AAAAAN,2.0,0,AAAAAN,2.0,3330,GGCGGN,0.08429399132728577,3090,GCGGGN,0.12355238944292068,3090,GCGGGN,0.12355238944292068,False,False,True,-4.3585896492004395e-07,
14,6,40,head_0,degradation,0.99755859375,1.000411868095398,2693,GACGGG,1.603515625,0,AAAAAN,2.0,0,AAAAAN,2.0,3330,GGCGGN,0.08424995094537735,3090,GCGGGN,0.12357455492019653,3090,GCGGGN,0.12357455492019653,False,False,True,6.421282887458801e-05,
14,7,40,head_0,degradation,1.0,1.0007460117340088,2693,GACGGG,1.6025390625,0,AAAAAN,2.0,0,AAAAAN,2.0,3330,GGCGGN,0.08418576419353485,3090,GCGGGN,0.12357088178396225,3090,GCGGGN,0.12357088178396225,False,False,True,-2.6356428861618042e-05,
14,8,40,head_0,degradation,1.001953125,1.0017461776733398,2693,GACGGG,1.6015625,0,AAAAAN,2.0,0,AAAAAN,2.0,3330,GGCGGN,0.08421780169010162,3090,GCGGGN,0.12378400564193726,3090,GCGGGN,0.12378400564193726,False,False,True,6.1769038438797e-05,
14,9,40,head_0,degradation,0.99755859375,1.0012943744659424,2693,GACGGG,1.603515625,0,AAAAAN,2.0,0,AAAAAN,2.0,3330,GGCGGN,0.08399554342031479,3090,GCGGGN,0.1234799399971962,3090,GCGGGN,0.1234799399971962,False,False,True,5.310773849487305e-05,
14,10,40,head_0,degradation,1.0,1.0007387399673462,2693,GACGGG,1.6025390625,0,AAAAAN,2.0,0,AAAAAN,2.0,3330,GGCGGN,0.08406221121549606,3090,GCGGGN,0.1234460100531578,3090,GCGGGN,0.1234460100531578,False,False,True,5.8338046073913574e-05,
14,11,40,head_0,degradation,1.0048828125,1.0011377334594727,2693,GACGGG,1.6005859375,0,AAAAAN,2.0,0,AAAAAN,2.0,3330,GGCGGN,0.08399131149053574,3090,GCGGGN,0.12344734370708466,3090,GCGGGN,0.12344734370708466,False,False,True,0.00011694803833961487,
14,12,40,head_0,degradation,1.0,0.999751627445221,2693,GACGGG,1.6025390625,0,AAAAAN,2.0,0,AAAAAN,2.0,3330,GGCGGN,0.08426039665937424,3090,GCGGGN,0.12346547096967697,3090,GCGGGN,0.12346547096967697,False,False,True,0.0001471489667892456,
14,13,40,head_0,degradation,1.001953125,1.0025825500488281,2693,GACGGG,1.6015625,0,AAAAAN,2.0,0,AAAAAN,2.0,3330,GGCGGN,0.0838826522231102,3090,GCGGGN,0.1236003041267395,3090,GCGGGN,0.1236003041267395,False,False,True,0.00011387467384338379,
14,14,40,head_0,degradation,1.001953125,1.0029826164245605,2693,GACGGG,1.6015625,0,AAAAAN,2.0,0,AAAAAN,2.0,3330,GGCGGN,0.08373318612575531,3090,GCGGGN,0.12352324277162552,3090,GCGGGN,0.12352324277162552,False,False,True,2.674385905265808e-05,
14,15,40,head_0,degradation,1.01171875,1.001744270324707,2693,GACGGG,1.59765625,0,AAAAAN,2.0,0,AAAAAN,2.0,3330,GGCGGN,0.08396845310926437,3090,GCGGGN,0.12353431433439255,3090,GCGGGN,0.12353431433439255,False,False,True,3.042072057723999e-05,
14,16,40,head_0,degradation,1.0234375,0.99788898229599,2693,GACGGG,1.5927734375,0,AAAAAN,2.0,0,AAAAAN,2.0,3330,GGCGGN,0.08474636822938919,3090,GCGGGN,0.12361419200897217,3090,GCGGGN,0.12361419200897217,False,False,True,-4.236400127410889e-05,
14,17,40,head_0,degradation,1.03125,1.0060030221939087,2693,GACGGG,1.58984375,0,AAAAAN,2.0,0,AAAAAN,2.0,3330,GGCGGN,0.08437194675207138,3090,GCGGGN,0.1247088760137558,3090,GCGGGN,0.1247088760137558,False,False,True,-0.00022604316473007202,
14,18,40,head_0,degradation,1.03125,1.00588059425354,2693,GACGGG,1.58984375,0,AAAAAN,2.0,0,AAAAAN,2.0,3330,GGCGGN,0.08426197618246078,3090,GCGGGN,0.12457673251628876,3090,GCGGGN,0.12457673251628876,False,False,True,-0.0002469010651111603,
14,19,40,head_0,degradation,1.0859375,1.0066734552383423,2693,GACGGG,1.5673828125,0,AAAAAN,2.0,0,AAAAAN,2.0,3330,GGCGGN,0.0840069055557251,3090,GCGGGN,0.1244652196764946,3090,GCGGGN,0.1244652196764946,False,False,True,-8.365511894226074e-05,
14,20,40,head_0,degradation,1.064453125,0.9976553916931152,2693,GACGGG,1.576171875,0,AAAAAN,2.0,0,AAAAAN,2.0,3330,GGCGGN,0.08434295654296875,3090,GCGGGN,0.12316849827766418,3090,GCGGGN,0.12316849827766418,False,False,True,-9.373575448989868e-05,
14,21,40,head_0,degradation,1.0546875,0.991174578666687,2693,GACGGG,1.580078125,0,AAAAAN,2.0,0,AAAAAN,2.0,3330,GGCGGN,0.08675440400838852,3090,GCGGGN,0.12440653890371323,3090,GCGGGN,0.12440653890371323,False,False,True,-6.986409425735474e-05,
14,22,40,head_0,degradation,1.001953125,0.9916561841964722,2693,GACGGG,1.6015625,0,AAAAAN,2.0,0,AAAAAN,2.0,3330,GGCGGN,0.08612046390771866,3090,GCGGGN,0.12385980784893036,3090,GCGGGN,0.12385980784893036,False,False,True,-6.345659494400024e-05,
14,23,40,head_0,degradation,1.0166015625,0.9941169619560242,2693,GACGGG,1.595703125,0,AAAAAN,2.0,0,AAAAAN,2.0,3330,GGCGGN,0.08588705956935883,3090,GCGGGN,0.12407193332910538,3090,GCGGGN,0.12407193332910538,False,False,True,0.00018773972988128662,
14,24,40,head_0,degradation,1.01171875,1.0027035474777222,2693,GACGGG,1.59765625,0,AAAAAN,2.0,0,AAAAAN,2.0,3330,GGCGGN,0.08343709260225296,3090,GCGGGN,0.12317663431167603,3090,GCGGGN,0.12317663431167603,False,False,True,0.00019866973161697388,
14,25,40,head_0,degradation,1.0068359375,1.0022426843643188,2693,GACGGG,1.599609375,0,AAAAAN,2.0,0,AAAAAN,2.0,3330,GGCGGN,0.08405580371618271,3090,GCGGGN,0.12371190637350082,3090,GCGGGN,0.12371190637350082,False,False,True,0.0001986958086490631,
14,26,40,head_0,degradation,1.0068359375,1.001714825630188,2693,GACGGG,1.599609375,0,AAAAAN,2.0,0,AAAAAN,2.0,3330,GGCGGN,0.08403719216585159,3090,GCGGGN,0.12359772622585297,3090,GCGGGN,0.12359772622585297,False,False,True,0.00019774213433265686,
14,27,40,head_0,degradation,1.0068359375,1.0018092393875122,2693,GACGGG,1.599609375,0,AAAAAN,2.0,0,AAAAAN,2.0,3330,GGCGGN,0.08391343802213669,3090,GCGGGN,0.1234910637140274,3090,GCGGGN,0.1234910637140274,False,False,True,0.000228147953748703,
14,28,40,head_0,degradation,1.01171875,1.000016450881958,2693,GACGGG,1.59765625,0,AAAAAN,2.0,0,AAAAAN,2.0,3330,GGCGGN,0.08400800079107285,3090,GCGGGN,0.12326103448867798,3090,GCGGGN,0.12326103448867798,False,False,True,0.0001382678747177124,
14,29,40,head_0,degradation,1.0068359375,0.9995797872543335,2693,GACGGG,1.599609375,0,AAAAAN,2.0,0,AAAAAN,2.0,3330,GGCGGN,0.08434752374887466,3090,GCGGGN,0.12352147698402405,3090,GCGGGN,0.12352147698402405,False,False,True,8.037686347961426e-05,
14,30,40,head_0,degradation,1.001953125,0.9985237121582031,2693,GACGGG,1.6015625,0,AAAAAN,2.0,0,AAAAAN,2.0,3330,GGCGGN,0.084479920566082,3090,GCGGGN,0.12346266210079193,3090,GCGGGN,0.12346266210079193,False,False,True,-6.288662552833557e-05,
14,31,40,head_0,degradation,1.0,0.998908519744873,2693,GACGGG,1.6025390625,0,AAAAAN,2.0,0,AAAAAN,2.0,3330,GGCGGN,0.08418301492929459,3090,GCGGGN,0.12323543429374695,3090,GCGGGN,0.12323543429374695,False,False,True,-0.00023994222283363342,
14,32,40,head_0,degradation,1.0048828125,1.0006029605865479,2693,GACGGG,1.6005859375,0,AAAAAN,2.0,0,AAAAAN,2.0,3330,GGCGGN,0.0840177908539772,3090,GCGGGN,0.12337701767683029,3090,GCGGGN,0.12337701767683029,False,False,True,-0.00011110678315162659,
14,33,40,head_0,degradation,1.0068359375,1.0001803636550903,2693,GACGGG,1.599609375,0,AAAAAN,2.0,0,AAAAAN,2.0,3330,GGCGGN,0.0841117724776268,3090,GCGGGN,0.12339446693658829,3090,GCGGGN,0.12339446693658829,False,False,True,-0.00015363842248916626,
14,34,40,head_0,degradation,1.0068359375,1.0004409551620483,2693,GACGGG,1.599609375,0,AAAAAN,2.0,0,AAAAAN,2.0,3330,GGCGGN,0.08432597666978836,3090,GCGGGN,0.12365587055683136,3090,GCGGGN,0.12365587055683136,False,False,True,4.635751247406006e-05,
14,35,40,head_0,degradation,1.0068359375,1.0001007318496704,2693,GACGGG,1.599609375,0,AAAAAN,2.0,0,AAAAAN,2.0,3330,GGCGGN,0.08422624319791794,3090,GCGGGN,0.12349453568458557,3090,GCGGGN,0.12349453568458557,False,False,True,-1.5292316675186157e-05,
14,36,40,head_0,degradation,1.001953125,1.0002036094665527,2693,GACGGG,1.6015625,0,AAAAAN,2.0,0,AAAAAN,2.0,3330,GGCGGN,0.0844525545835495,3090,GCGGGN,0.12373947352170944,3090,GCGGGN,0.12373947352170944,False,False,True,-3.0517578125e-05,
14,37,40,head_0,degradation,1.0,1.0000649690628052,2693,GACGGG,1.6025390625,0,AAAAAN,2.0,0,AAAAAN,2.0,3330,GGCGGN,0.08423654735088348,3090,GCGGGN,0.1234983503818512,3090,GCGGGN,0.1234983503818512,False,False,True,-3.83034348487854e-05,
14,38,40,head_0,degradation,0.99755859375,1.000474452972412,2693,GACGGG,1.603515625,0,AAAAAN,2.0,0,AAAAAN,2.0,3330,GGCGGN,0.08419352024793625,3090,GCGGGN,0.12352947145700455,3090,GCGGGN,0.12352947145700455,False,False,True,-6.242096424102783e-05,
14,39,40,head_0,degradation,1.001953125,0.9992699027061462,2693,GACGGG,1.6015625,0,AAAAAN,2.0,0,AAAAAN,2.0,3330,GGCGGN,0.08443788439035416,3090,GCGGGN,0.1235557422041893,3090,GCGGGN,0.1235557422041893,False,False,True,-4.7344714403152466e-05,
14,40,40,head_0,degradation,1.0048828125,1.0000264644622803,2693,GACGGG,1.6005859375,0,AAAAAN,2.0,0,AAAAAN,2.0,3330,GGCGGN,0.08417313545942307,3090,GCGGGN,0.12342797219753265,3090,GCGGGN,0.12342797219753265,False,False,True,2.3283064365386963e-05,
14,41,40,head_0,degradation,1.001953125,0.9996954798698425,2693,GACGGG,1.6015625,0,AAAAAN,2.0,0,AAAAAN,2.0,3330,GGCGGN,0.08398821949958801,3090,GCGGGN,0.12318313121795654,3090,GCGGGN,0.12318313121795654,False,False,True,2.7041882276535034e-05,
14,42,40,head_0,degradation,1.0,0.9996859431266785,2693,GACGGG,1.6025390625,0,AAAAAN,2.0,0,AAAAAN,2.0,3330,GGCGGN,0.08407323062419891,3090,GCGGGN,0.12326642125844955,3090,GCGGGN,0.12326642125844955,False,False,True,-2.4285167455673218e-05,
14,43,40,head_0,degradation,1.0048828125,1.0000464916229248,2693,GACGGG,1.6005859375,0,AAAAAN,2.0,0,AAAAAN,2.0,3330,GGCGGN,0.08407600224018097,3090,GCGGGN,0.12333446741104126,3090,GCGGGN,0.12333446741104126,False,False,True,-1.806393265724182e-05,
14,44,40,head_0,degradation,1.0048828125,0.9996627569198608,2693,GACGGG,1.6005859375,0,AAAAAN,2.0,0,AAAAAN,2.0,3330,GGCGGN,0.08421772718429565,3090,GCGGGN,0.12340670824050903,3090,GCGGGN,0.12340670824050903,False,False,True,-2.816319465637207e-05,
14,45,40,head_0,degradation,1.001953125,1.0003454685211182,2693,GACGGG,1.6015625,0,AAAAAN,2.0,0,AAAAAN,2.0,3330,GGCGGN,0.08413553237915039,3090,GCGGGN,0.12344814091920853,3090,GCGGGN,0.12344814091920853,False,False,True,-4.0549784898757935e-05,
14,46,40,head_0,degradation,1.0048828125,0.9999264478683472,2693,GACGGG,1.6005859375,0,AAAAAN,2.0,0,AAAAAN,2.0,3330,GGCGGN,0.08412618935108185,3090,GCGGGN,0.12336290627717972,3090,GCGGGN,0.12336290627717972,False,False,True,6.449595093727112e-05,
14,47,40,head_0,degradation,1.0068359375,1.0009077787399292,2693,GACGGG,1.599609375,0,AAAAAN,2.0,0,AAAAAN,2.0,3330,GGCGGN,0.08396684378385544,3090,GCGGGN,0.12338125705718994,3090,GCGGGN,0.12338125705718994,False,False,True,7.078051567077637e-08,
14,48,40,head_0,degradation,1.0068359375,1.0000497102737427,2693,GACGGG,1.599609375,0,AAAAAN,2.0,0,AAAAAN,2.0,3330,GGCGGN,0.08402088284492493,3090,GCGGGN,0.12327992916107178,3090,GCGGGN,0.12327992916107178,False,False,True,-6.07222318649292e-07,
14,49,40,head_0,degradation,1.0048828125,0.99955153465271,2693,GACGGG,1.6005859375,0,AAAAAN,2.0,0,AAAAAN,2.0,3330,GGCGGN,0.08430404961109161,3090,GCGGGN,0.1234728991985321,3090,GCGGGN,0.1234728991985321,False,False,True,2.035871148109436e-05,
14,50,40,head_0,degradation,1.0048828125,0.9998854398727417,2693,GACGGG,1.6005859375,0,AAAAAN,2.0,0,AAAAAN,2.0,3330,GGCGGN,0.08413456380367279,3090,GCGGGN,0.12336387485265732,3090,GCGGGN,0.12336387485265732,False,False,True,4.050508141517639e-05,
14,51,40,head_0,degradation,1.0048828125,0.9996799230575562,2693,GACGGG,1.6005859375,0,AAAAAN,2.0,0,AAAAAN,2.0,3330,GGCGGN,0.0842244029045105,3090,GCGGGN,0.12341649830341339,3090,GCGGGN,0.12341649830341339,False,False,True,6.14747405052185e-05,
15,0,40,head_0,degradation,1.0068359375,0.998308002948761,2693,GACGGG,1.599609375,0,AAAAAN,2.0,0,AAAAAN,2.0,3330,GGCGGN,0.08439529687166214,3090,GCGGGN,0.12333898991346359,3090,GCGGGN,0.12333898991346359,False,False,True,-0.00018293410539627075,
15,1,40,head_0,degradation,1.001953125,0.998491108417511,2693,GACGGG,1.6015625,0,AAAAAN,2.0,0,AAAAAN,2.0,3330,GGCGGN,0.08441001921892166,3090,GCGGGN,0.12338687479496002,3090,GCGGGN,0.12338687479496002,False,False,True,-0.00012336298823356628,
15,2,40,head_0,degradation,1.0,1.0002222061157227,2693,GACGGG,1.6025390625,0,AAAAAN,2.0,0,AAAAAN,2.0,3330,GGCGGN,0.08413610607385635,3090,GCGGGN,0.1234263926744461,3090,GCGGGN,0.1234263926744461,False,False,True,-4.169344902038574e-05,
15,3,40,head_0,degradation,0.99267578125,1.0003726482391357,2693,GACGGG,1.60546875,0,AAAAAN,2.0,0,AAAAAN,2.0,3330,GGCGGN,0.0841621607542038,3090,GCGGGN,0.1234796866774559,3090,GCGGGN,0.1234796866774559,False,False,True,-6.747618317604065e-05,
15,4,40,head_0,degradation,1.0,0.9993805289268494,2693,GACGGG,1.6025390625,0,AAAAAN,2.0,0,AAAAAN,2.0,3330,GGCGGN,0.08432663977146149,3090,GCGGGN,0.12346452474594116,3090,GCGGGN,0.12346452474594116,False,False,True,-9.056180715560913e-05,
15,5,40,head_0,degradation,0.99755859375,0.9988388419151306,2693,GACGGG,1.603515625,0,AAAAAN,2.0,0,AAAAAN,2.0,3330,GGCGGN,0.08453818410634995,3090,GCGGGN,0.12357798963785172,3090,GCGGGN,0.12357798963785172,False,False,True,-0.00012794137001037598,
15,6,40,head_0,degradation,1.001953125,0.99974125623703,2693,GACGGG,1.6015625,0,AAAAAN,2.0,0,AAAAAN,2.0,3330,GGCGGN,0.08422400057315826,3090,GCGGGN,0.12342720478773117,3090,GCGGGN,0.12342720478773117,False,False,True,-0.00015017017722129822,
15,7,40,head_0,degradation,1.001953125,0.9995967149734497,2693,GACGGG,1.6015625,0,AAAAAN,2.0,0,AAAAAN,2.0,3330,GGCGGN,0.08422441780567169,3090,GCGGGN,0.1234014481306076,3090,GCGGGN,0.1234014481306076,False,False,True,-9.680911898612976e-05,
15,8,40,head_0,degradation,1.001953125,0.9990145564079285,2693,GACGGG,1.6015625,0,AAAAAN,2.0,0,AAAAAN,2.0,3330,GGCGGN,0.08427305519580841,3090,GCGGGN,0.12334466725587845,3090,GCGGGN,0.12334466725587845,False,False,True,-9.755045175552368e-05,
15,9,40,head_0,degradation,1.001953125,0.9999586939811707,2693,GACGGG,1.6015625,0,AAAAAN,2.0,0,AAAAAN,2.0,3330,GGCGGN,0.08433287590742111,3090,GCGGGN,0.12357544153928757,3090,GCGGGN,0.12357544153928757,False,False,True,-3.7785619497299194e-05,
15,10,40,head_0,degradation,0.99755859375,0.9992997646331787,2693,GACGGG,1.603515625,0,AAAAAN,2.0,0,AAAAAN,2.0,3330,GGCGGN,0.08439264446496964,3090,GCGGGN,0.12351591885089874,3090,GCGGGN,0.12351591885089874,False,False,True,-0.00010068714618682861,
15,11,40,head_0,degradation,1.0068359375,1.0006366968154907,2693,GACGGG,1.599609375,0,AAAAAN,2.0,0,AAAAAN,2.0,3330,GGCGGN,0.08426448702812195,3090,GCGGGN,0.12362981587648392,3090,GCGGGN,0.12362981587648392,False,False,True,0.0001844838261604309,
15,12,40,head_0,degradation,1.01171875,1.000083088874817,2693,GACGGG,1.59765625,0,AAAAAN,2.0,0,AAAAAN,2.0,3330,GGCGGN,0.08471488207578659,3090,GCGGGN,0.12397997826337814,3090,GCGGGN,0.12397997826337814,False,False,True,0.0001328587532043457,
15,13,40,head_0,degradation,1.0478515625,1.0114030838012695,2693,GACGGG,1.5830078125,0,AAAAAN,2.0,0,AAAAAN,2.0,3330,GGCGGN,0.08393442630767822,3090,GCGGGN,0.12524908781051636,3090,GCGGGN,0.12524908781051636,False,False,True,-0.00033023953437805176,
15,14,40,head_0,degradation,1.052734375,1.005568265914917,2693,GACGGG,1.5810546875,0,AAAAAN,2.0,0,AAAAAN,2.0,3330,GGCGGN,0.08428682386875153,3090,GCGGGN,0.12454503774642944,3090,GCGGGN,0.12454503774642944,False,False,True,-0.00032830238342285156,
15,15,40,head_0,degradation,1.052734375,1.0022928714752197,2693,GACGGG,1.5810546875,0,AAAAAN,2.0,0,AAAAAN,2.0,3330,GGCGGN,0.08458997309207916,3090,GCGGGN,0.12425515055656433,3090,GCGGGN,0.12425515055656433,False,False,True,-0.0001612044870853424,
15,16,40,head_0,degradation,0.99267578125,0.978977620601654,2693,GACGGG,1.60546875,0,AAAAAN,2.0,0,AAAAAN,2.0,3330,GGCGGN,0.08694743365049362,3090,GCGGGN,0.1223912239074707,3090,GCGGGN,0.1223912239074707,False,False,True,-0.00018388032913208008,
15,17,40,head_0,degradation,1.0498046875,0.9707541465759277,2693,GACGGG,1.58203125,0,AAAAAN,2.0,0,AAAAAN,2.0,3330,GGCGGN,0.08650463074445724,3090,GCGGGN,0.12045949697494507,3090,GCGGGN,0.12045949697494507,False,False,True,-0.0008636340498924255,
15,18,40,head_0,degradation,1.0625,0.9827196598052979,2693,GACGGG,1.5771484375,0,AAAAAN,2.0,0,AAAAAN,2.0,3330,GGCGGN,0.08470085263252258,3090,GCGGGN,0.12082215398550034,3090,GCGGGN,0.12082215398550034,False,False,True,-0.0009524673223495483,
15,19,40,head_0,degradation,1.09765625,0.9790913462638855,2693,GACGGG,1.5625,0,AAAAAN,2.0,0,AAAAAN,2.0,3330,GGCGGN,0.08544512838125229,3090,GCGGGN,0.12090950459241867,3090,GCGGGN,0.12090950459241867,False,False,True,-0.00051121786236763,
15,20,40,head_0,degradation,1.0478515625,0.9781351089477539,2693,GACGGG,1.5830078125,0,AAAAAN,2.0,0,AAAAAN,2.0,3330,GGCGGN,0.08756820112466812,3090,GCGGGN,0.12285944074392319,3090,GCGGGN,0.12285944074392319,False,False,True,-8.187443017959595e-05,
15,21,40,head_0,degradation,1.0498046875,0.9742625951766968,2693,GACGGG,1.58203125,0,AAAAAN,2.0,0,AAAAAN,2.0,3330,GGCGGN,0.08798008412122726,3090,GCGGGN,0.12257018685340881,3090,GCGGGN,0.12257018685340881,False,False,True,-0.0007672682404518127,
15,22,40,head_0,degradation,1.0361328125,0.9888119697570801,2693,GACGGG,1.587890625,0,AAAAAN,2.0,0,AAAAAN,2.0,3330,GGCGGN,0.08502190560102463,3090,GCGGGN,0.12224627286195755,3090,GCGGGN,0.12224627286195755,False,False,True,-0.0010571293532848358,
15,23,40,head_0,degradation,0.98828125,0.9987426400184631,2693,GACGGG,1.607421875,0,AAAAAN,2.0,0,AAAAAN,2.0,3330,GGCGGN,0.08361049741506577,3090,GCGGGN,0.12263287603855133,3090,GCGGGN,0.12263287603855133,False,False,True,-0.001203048974275589,
15,24,40,head_0,degradation,0.9736328125,0.9990220069885254,2693,GACGGG,1.61328125,0,AAAAAN,2.0,0,AAAAAN,2.0,3330,GGCGGN,0.08367876708507538,3090,GCGGGN,0.12275174260139465,3090,GCGGGN,0.12275174260139465,False,False,True,-0.0005178861320018768,
15,25,40,head_0,degradation,0.98828125,0.999459445476532,2693,GACGGG,1.607421875,0,AAAAAN,2.0,0,AAAAAN,2.0,3330,GGCGGN,0.08428438752889633,3090,GCGGGN,0.12343656271696091,3090,GCGGGN,0.12343656271696091,False,False,True,-0.0003083348274230957,
15,26,40,head_0,degradation,1.0,0.9991202354431152,2693,GACGGG,1.6025390625,0,AAAAAN,2.0,0,AAAAAN,2.0,3330,GGCGGN,0.08436308056116104,3090,GCGGGN,0.12345382571220398,3090,GCGGGN,0.12345382571220398,False,False,True,-0.00014770030975341797,
15,27,40,head_0,degradation,1.0,0.9978852272033691,2693,GACGGG,1.6025390625,0,AAAAAN,2.0,0,AAAAAN,2.0,3330,GGCGGN,0.0842619389295578,3090,GCGGGN,0.12312907725572586,3090,GCGGGN,0.12312907725572586,False,False,True,-0.00011980906128883362,
15,28,40,head_0,degradation,1.001953125,0.999249279499054,2693,GACGGG,1.6015625,0,AAAAAN,2.0,0,AAAAAN,2.0,3330,GGCGGN,0.08433224260807037,3090,GCGGGN,0.12344635277986526,3090,GCGGGN,0.12344635277986526,False,False,True,-0.000153321772813797,
15,29,40,head_0,degradation,1.0,1.0002402067184448,2693,GACGGG,1.6025390625,0,AAAAAN,2.0,0,AAAAAN,2.0,3330,GGCGGN,0.08440183103084564,3090,GCGGGN,0.12369535863399506,3090,GCGGGN,0.12369535863399506,False,False,True,-0.000272165983915329,
15,30,40,head_0,degradation,1.0,1.000227689743042,2693,GACGGG,1.6025390625,0,AAAAAN,2.0,0,AAAAAN,2.0,3330,GGCGGN,0.0843321681022644,3090,GCGGGN,0.12362343072891235,3090,GCGGGN,0.12362343072891235,False,False,True,-0.0003202296793460846,
15,31,40,head_0,degradation,1.001953125,0.9998567700386047,2693,GACGGG,1.6015625,0,AAAAAN,2.0,0,AAAAAN,2.0,3330,GGCGGN,0.08439866453409195,3090,GCGGGN,0.12362278997898102,3090,GCGGGN,0.12362278997898102,False,False,True,-0.0003057420253753662,
15,32,40,head_0,degradation,0.99755859375,1.0004336833953857,2693,GACGGG,1.603515625,0,AAAAAN,2.0,0,AAAAAN,2.0,3330,GGCGGN,0.08423423022031784,3090,GCGGGN,0.12356280535459518,3090,GCGGGN,0.12356280535459518,False,False,True,-0.00015026330947875977,
15,33,40,head_0,degradation,1.0,0.9992744326591492,2693,GACGGG,1.6025390625,0,AAAAAN,2.0,0,AAAAAN,2.0,3330,GGCGGN,0.08438272774219513,3090,GCGGGN,0.12350140511989594,3090,GCGGGN,0.12350140511989594,False,False,True,-0.0002230331301689148,
15,34,40,head_0,degradation,0.99755859375,1.0006532669067383,2693,GACGGG,1.603515625,0,AAAAAN,2.0,0,AAAAAN,2.0,3330,GGCGGN,0.08432751148939133,3090,GCGGGN,0.12369585037231445,3090,GCGGGN,0.12369585037231445,False,False,True,-4.932284355163574e-06,
15,35,40,head_0,degradation,1.0,1.0006846189498901,2693,GACGGG,1.6025390625,0,AAAAAN,2.0,0,AAAAAN,2.0,3330,GGCGGN,0.08421848714351654,3090,GCGGGN,0.12359249591827393,3090,GCGGGN,0.12359249591827393,False,False,True,3.3229589462280273e-05,
15,36,40,head_0,degradation,1.001953125,1.0003808736801147,2693,GACGGG,1.6015625,0,AAAAAN,2.0,0,AAAAAN,2.0,3330,GGCGGN,0.08413305133581161,3090,GCGGGN,0.12345205247402191,3090,GCGGGN,0.12345205247402191,False,False,True,7.811561226844788e-05,
15,37,40,head_0,degradation,1.0048828125,1.0019810199737549,2693,GACGGG,1.6005859375,0,AAAAAN,2.0,0,AAAAAN,2.0,3330,GGCGGN,0.08379580080509186,3090,GCGGGN,0.12340453267097473,3090,GCGGGN,0.12340453267097473,False,False,True,-1.804158091545105e-05,
15,38,40,head_0,degradation,1.0,0.9999838471412659,2693,GACGGG,1.6025390625,0,AAAAAN,2.0,0,AAAAAN,2.0,3330,GGCGGN,0.0841323658823967,3090,GCGGGN,0.12337948381900787,3090,GCGGGN,0.12337948381900787,False,False,True,-0.00011301413178443909,
15,39,40,head_0,degradation,1.001953125,1.0007789134979248,2693,GACGGG,1.6015625,0,AAAAAN,2.0,0,AAAAAN,2.0,3330,GGCGGN,0.08410186320543289,3090,GCGGGN,0.12349294126033783,3090,GCGGGN,0.12349294126033783,False,False,True,-4.6834349632263184e-05,
15,40,40,head_0,degradation,1.001953125,1.0008236169815063,2693,GACGGG,1.6015625,0,AAAAAN,2.0,0,AAAAAN,2.0,3330,GGCGGN,0.08419971168041229,3090,GCGGGN,0.12359889596700668,3090,GCGGGN,0.12359889596700668,False,False,True,-4.259869456291199e-05,
15,41,40,head_0,degradation,1.001953125,1.0008238554000854,2693,GACGGG,1.6015625,0,AAAAAN,2.0,0,AAAAAN,2.0,3330,GGCGGN,0.08416754752397537,3090,GCGGGN,0.12356674671173096,3090,GCGGGN,0.12356674671173096,False,False,True,-2.041459083557129e-06,
15,42,40,head_0,degradation,1.001953125,1.0008585453033447,2693,GACGGG,1.6015625,0,AAAAAN,2.0,0,AAAAAN,2.0,3330,GGCGGN,0.08426159620285034,3090,GCGGGN,0.12366708368062973,3090,GCGGGN,0.12366708368062973,False,False,True,2.074986696243286e-05,
15,43,40,head_0,degradation,1.001953125,0.9994215965270996,2693,GACGGG,1.6015625,0,AAAAAN,2.0,0,AAAAAN,2.0,3330,GGCGGN,0.08431831002235413,3090,GCGGGN,0.12346363812685013,3090,GCGGGN,0.12346363812685013,False,False,True,-3.780052065849304e-05,
15,44,40,head_0,degradation,1.0,1.0002505779266357,2693,GACGGG,1.6025390625,0,AAAAAN,2.0,0,AAAAAN,2.0,3330,GGCGGN,0.08413901925086975,3090,GCGGGN,0.12343443930149078,3090,GCGGGN,0.12343443930149078,False,False,True,1.4279037714004517e-05,
15,45,40,head_0,degradation,1.001953125,0.9992737770080566,2693,GACGGG,1.6015625,0,AAAAAN,2.0,0,AAAAAN,2.0,3330,GGCGGN,0.08422013372182846,3090,GCGGGN,0.12333869934082031,3090,GCGGGN,0.12333869934082031,False,False,True,2.927333116531372e-05,
15,46,40,head_0,degradation,1.001953125,0.9992746710777283,2693,GACGGG,1.6015625,0,AAAAAN,2.0,0,AAAAAN,2.0,3330,GGCGGN,0.08426100760698318,3090,GCGGGN,0.12337972968816757,3090,GCGGGN,0.12337972968816757,False,False,True,-6.832554936408997e-05,
15,47,40,head_0,degradation,1.0,0.9990615844726562,2693,GACGGG,1.6025390625,0,AAAAAN,2.0,0,AAAAAN,2.0,3330,GGCGGN,0.08426715433597565,3090,GCGGGN,0.12334730476140976,3090,GCGGGN,0.12334730476140976,False,False,True,-0.00010281428694725037,
15,48,40,head_0,degradation,1.0048828125,0.9996405839920044,2693,GACGGG,1.6005859375,0,AAAAAN,2.0,0,AAAAAN,2.0,3330,GGCGGN,0.08423342555761337,3090,GCGGGN,0.1234183982014656,3090,GCGGGN,0.1234183982014656,False,False,True,-0.00012297555804252625,
15,49,40,head_0,degradation,1.0,0.9998485445976257,2693,GACGGG,1.6025390625,0,AAAAAN,2.0,0,AAAAAN,2.0,3330,GGCGGN,0.08424147963523865,3090,GCGGGN,0.12346411496400833,3090,GCGGGN,0.12346411496400833,False,False,True,-0.00013219937682151794,
15,50,40,head_0,degradation,1.0,1.0006181001663208,2693,GACGGG,1.6025390625,0,AAAAAN,2.0,0,AAAAAN,2.0,3330,GGCGGN,0.08420076966285706,3090,GCGGGN,0.12356273084878922,3090,GCGGGN,0.12356273084878922,False,False,True,-8.690357208251953e-05,
15,51,40,head_0,degradation,1.001953125,1.0012801885604858,2693,GACGGG,1.6015625,0,AAAAAN,2.0,0,AAAAAN,2.0,3330,GGCGGN,0.08406227827072144,3090,GCGGGN,0.1235441118478775,3090,GCGGGN,0.1235441118478775,False,False,True,-6.541609764099121e-06,
16,0,40,head_0,degradation,1.0048828125,1.0001678466796875,2693,GACGGG,1.6005859375,0,AAAAAN,2.0,0,AAAAAN,2.0,3330,GGCGGN,0.08416346460580826,3090,GCGGGN,0.12344391644001007,3090,GCGGGN,0.12344391644001007,False,False,True,3.3598393201828e-05,
16,1,40,head_0,degradation,1.0048828125,0.999653160572052,2693,GACGGG,1.6005859375,0,AAAAAN,2.0,0,AAAAAN,2.0,3330,GGCGGN,0.08426260203123093,3090,GCGGGN,0.12344986200332642,3090,GCGGGN,0.12344986200332642,False,False,True,2.86102294921875e-05,
16,2,40,head_0,degradation,1.001953125,0.999826192855835,2693,GACGGG,1.6015625,0,AAAAAN,2.0,0,AAAAAN,2.0,3330,GGCGGN,0.08420848101377487,3090,GCGGGN,0.12342705577611923,3090,GCGGGN,0.12342705577611923,False,False,True,-6.091594696044922e-05,
16,3,40,head_0,degradation,1.001953125,1.0001810789108276,2693,GACGGG,1.6015625,0,AAAAAN,2.0,0,AAAAAN,2.0,3330,GGCGGN,0.0842088833451271,3090,GCGGGN,0.12349170446395874,3090,GCGGGN,0.12349170446395874,False,False,True,-5.060061812400818e-05,
16,4,40,head_0,degradation,1.0,0.9997804760932922,2693,GACGGG,1.6025390625,0,AAAAAN,2.0,0,AAAAAN,2.0,3330,GGCGGN,0.0842311829328537,3090,GCGGGN,0.12344148755073547,3090,GCGGGN,0.12344148755073547,False,False,True,-5.770847201347351e-05,
16,5,40,head_0,degradation,1.0,0.9998525381088257,2693,GACGGG,1.6025390625,0,AAAAAN,2.0,0,AAAAAN,2.0,3330,GGCGGN,0.08422679454088211,3090,GCGGGN,0.1234501376748085,3090,GCGGGN,0.1234501376748085,False,False,True,-6.035715341567993e-05,
16,6,40,head_0,degradation,1.0,0.9999140501022339,2693,GACGGG,1.6025390625,0,AAAAAN,2.0,0,AAAAAN,2.0,3330,GGCGGN,0.08408918976783752,3090,GCGGGN,0.12332368642091751,3090,GCGGGN,0.12332368642091751,False,False,True,-5.72986900806427e-05,
16,7,40,head_0,degradation,1.001953125,0.9994387626647949,2693,GACGGG,1.6015625,0,AAAAAN,2.0,0,AAAAAN,2.0,3330,GGCGGN,0.08421149849891663,3090,GCGGGN,0.12335993349552155,3090,GCGGGN,0.12335993349552155,False,False,True,-2.9612332582473755e-05,
16,8,40,head_0,degradation,1.0,1.0004348754882812,2693,GACGGG,1.6025390625,0,AAAAAN,2.0,0,AAAAAN,2.0,3330,GGCGGN,0.08416205644607544,3090,GCGGGN,0.1234908401966095,3090,GCGGGN,0.1234908401966095,False,False,True,-5.066394805908203e-05,
16,9,40,head_0,degradation,1.0,1.0001338720321655,2693,GACGGG,1.6025390625,0,AAAAAN,2.0,0,AAAAAN,2.0,3330,GGCGGN,0.08417441695928574,3090,GCGGGN,0.1234486848115921,3090,GCGGGN,0.1234486848115921,False,False,True,-3.32370400428772e-05,
16,10,40,head_0,degradation,1.001953125,1.0005321502685547,2693,GACGGG,1.6015625,0,AAAAAN,2.0,0,AAAAAN,2.0,3330,GGCGGN,0.08411107957363129,3090,GCGGGN,0.12345747649669647,3090,GCGGGN,0.12345747649669647,False,False,True,-8.456408977508545e-06,
16,11,40,head_0,degradation,1.001953125,0.9995298981666565,2693,GACGGG,1.6015625,0,AAAAAN,2.0,0,AAAAAN,2.0,3330,GGCGGN,0.08412560075521469,3090,GCGGGN,0.1232905238866806,3090,GCGGGN,0.1232905238866806,False,False,True,-2.9966235160827637e-05,
16,12,40,head_0,degradation,1.001953125,1.000982403755188,2693,GACGGG,1.6015625,0,AAAAAN,2.0,0,AAAAAN,2.0,3330,GGCGGN,0.0840759426355362,3090,GCGGGN,0.12350386381149292,3090,GCGGGN,0.12350386381149292,False,False,True,-6.467849016189575e-05,
16,13,40,head_0,degradation,1.001953125,1.0004197359085083,2693,GACGGG,1.6015625,0,AAAAAN,2.0,0,AAAAAN,2.0,3330,GGCGGN,0.08407557755708694,3090,GCGGGN,0.12340161204338074,3090,GCGGGN,0.12340161204338074,False,False,True,-7.483735680580139e-05,
16,14,40,head_0,degradation,1.0048828125,1.0016627311706543,2693,GACGGG,1.6005859375,0,AAAAAN,2.0,0,AAAAAN,2.0,3330,GGCGGN,0.08407323062419891,3090,GCGGGN,0.12362432479858398,3090,GCGGGN,0.12362432479858398,False,False,True,-7.661804556846619e-05,
16,15,40,head_0,degradation,1.0048828125,1.000671625137329,2693,GACGGG,1.6005859375,0,AAAAAN,2.0,0,AAAAAN,2.0,3330,GGCGGN,0.08413276821374893,3090,GCGGGN,0.1235044002532959,3090,GCGGGN,0.1235044002532959,False,False,True,-7.298588752746582e-05,
16,16,40,head_0,degradation,1.0068359375,0.9994129538536072,2693,GACGGG,1.599609375,0,AAAAAN,2.0,0,AAAAAN,2.0,3330,GGCGGN,0.08451008796691895,3090,GCGGGN,0.123653843998909,3090,GCGGGN,0.123653843998909,False,False,True,-6.654486060142517e-05,
16,17,40,head_0,degradation,1.01171875,0.9938691854476929,2693,GACGGG,1.59765625,0,AAAAAN,2.0,0,AAAAAN,2.0,3330,GGCGGN,0.08475054055452347,3090,GCGGGN,0.12289055436849594,3090,GCGGGN,0.12289055436849594,False,False,True,-5.636364221572876e-06,
16,18,40,head_0,degradation,1.01171875,0.9965701103210449,2693,GACGGG,1.59765625,0,AAAAAN,2.0,0,AAAAAN,2.0,3330,GGCGGN,0.0845620334148407,3090,GCGGGN,0.12319107353687286,3090,GCGGGN,0.12319107353687286,False,False,True,0.00012671202421188354,
16,19,40,head_0,degradation,0.90234375,1.0062569379806519,2693,GACGGG,1.642578125,0,AAAAAN,2.0,0,AAAAAN,2.0,3330,GGCGGN,0.08341921120882034,3090,GCGGGN,0.12380211800336838,3090,GCGGGN,0.12380211800336838,False,False,True,-0.00017488375306129456,
16,20,40,head_0,degradation,0.892578125,1.0335185527801514,2693,GACGGG,1.646484375,0,AAAAAN,2.0,0,AAAAAN,2.0,3330,GGCGGN,0.08140669763088226,3090,GCGGGN,0.12672552466392517,3090,GCGGGN,0.12672552466392517,False,False,True,-0.00046735629439353943,
16,21,40,head_0,degradation,0.904296875,1.0354149341583252,2693,GACGGG,1.6416015625,0,AAAAAN,2.0,0,AAAAAN,2.0,3330,GGCGGN,0.08077244460582733,3090,GCGGGN,0.12643462419509888,3090,GCGGGN,0.12643462419509888,False,False,True,-0.00047835707664489746,
16,22,40,head_0,degradation,1.01171875,1.023868441581726,2693,GACGGG,1.59765625,0,AAAAAN,2.0,0,AAAAAN,2.0,3330,GGCGGN,0.08180788159370422,3090,GCGGGN,0.12537948787212372,3090,GCGGGN,0.12537948787212372,False,False,True,-0.00015356764197349548,
16,23,40,head_0,degradation,1.0048828125,1.002648949623108,2693,GACGGG,1.6005859375,0,AAAAAN,2.0,0,AAAAAN,2.0,3330,GGCGGN,0.08338476717472076,3090,GCGGGN,0.12311441451311111,3090,GCGGGN,0.12311441451311111,False,False,True,9.427964687347412e-05,
16,24,40,head_0,degradation,1.0,1.000451683998108,2693,GACGGG,1.6025390625,0,AAAAAN,2.0,0,AAAAAN,2.0,3330,GGCGGN,0.0840718150138855,3090,GCGGGN,0.1234036311507225,3090,GCGGGN,0.1234036311507225,False,False,True,-4.589557647705078e-06,
16,25,40,head_0,degradation,1.0,1.000840663909912,2693,GACGGG,1.6025390625,0,AAAAAN,2.0,0,AAAAAN,2.0,3330,GGCGGN,0.08423049002885818,3090,GCGGGN,0.12363274395465851,3090,GCGGGN,0.12363274395465851,False,False,True,-2.8580427169799805e-05,
16,26,40,head_0,degradation,1.0,1.0004750490188599,2693,GACGGG,1.6025390625,0,AAAAAN,2.0,0,AAAAAN,2.0,3330,GGCGGN,0.08425833284854889,3090,GCGGGN,0.12359438091516495,3090,GCGGGN,0.12359438091516495,False,False,True,7.897615432739258e-07,
16,27,40,head_0,degradation,1.0,1.0004006624221802,2693,GACGGG,1.6025390625,0,AAAAAN,2.0,0,AAAAAN,2.0,3330,GGCGGN,0.0841246023774147,3090,GCGGGN,0.12344720214605331,3090,GCGGGN,0.12344720214605331,False,False,True,5.707144737243652e-06,
16,28,40,head_0,degradation,0.99755859375,1.000076174736023,2693,GACGGG,1.603515625,0,AAAAAN,2.0,0,AAAAAN,2.0,3330,GGCGGN,0.08416011929512024,3090,GCGGGN,0.12342394888401031,3090,GCGGGN,0.12342394888401031,False,False,True,-1.920759677886963e-05,
16,29,40,head_0,degradation,1.0,1.0003327131271362,2693,GACGGG,1.6025390625,0,AAAAAN,2.0,0,AAAAAN,2.0,3330,GGCGGN,0.08411436527967453,3090,GCGGGN,0.12342463433742523,3090,GCGGGN,0.12342463433742523,False,False,True,-1.897290349006653e-05,
16,30,40,head_0,degradation,1.0,0.9995834231376648,2693,GACGGG,1.6025390625,0,AAAAAN,2.0,0,AAAAAN,2.0,3330,GGCGGN,0.08423539996147156,3090,GCGGGN,0.12341000884771347,3090,GCGGGN,0.12341000884771347,False,False,True,-2.605840563774109e-05,
16,31,40,head_0,degradation,1.001953125,0.9998757243156433,2693,GACGGG,1.6015625,0,AAAAAN,2.0,0,AAAAAN,2.0,3330,GGCGGN,0.08420348912477493,3090,GCGGGN,0.12343104183673859,3090,GCGGGN,0.12343104183673859,False,False,True,-1.272931694984436e-05,
16,32,40,head_0,degradation,1.0,0.999974250793457,2693,GACGGG,1.6025390625,0,AAAAAN,2.0,0,AAAAAN,2.0,3330,GGCGGN,0.08423369377851486,3090,GCGGGN,0.12347907572984695,3090,GCGGGN,0.12347907572984695,False,False,True,-1.3422220945358276e-05,
16,33,40,head_0,degradation,0.99755859375,0.9996369481086731,2693,GACGGG,1.603515625,0,AAAAAN,2.0,0,AAAAAN,2.0,3330,GGCGGN,0.0841672420501709,3090,GCGGGN,0.1233515590429306,3090,GCGGGN,0.1233515590429306,False,False,True,5.751848220825195e-06,
16,34,40,head_0,degradation,1.001953125,0.9996959567070007,2693,GACGGG,1.6015625,0,AAAAAN,2.0,0,AAAAAN,2.0,3330,GGCGGN,0.08427928388118744,3090,GCGGGN,0.12347429245710373,3090,GCGGGN,0.12347429245710373,False,False,True,-4.5821070671081543e-07,
16,35,40,head_0,degradation,1.0,0.9999500513076782,2693,GACGGG,1.6025390625,0,AAAAAN,2.0,0,AAAAAN,2.0,3330,GGCGGN,0.08415962010622025,3090,GCGGGN,0.12340062111616135,3090,GCGGGN,0.12340062111616135,False,False,True,-6.504356861114502e-06,
16,36,40,head_0,degradation,1.0048828125,0.9994543194770813,2693,GACGGG,1.6005859375,0,AAAAAN,2.0,0,AAAAAN,2.0,3330,GGCGGN,0.0842418521642685,3090,GCGGGN,0.12339310348033905,3090,GCGGGN,0.12339310348033905,False,False,True,-9.063631296157837e-06,
16,37,40,head_0,degradation,1.0,1.0002490282058716,2693,GACGGG,1.6025390625,0,AAAAAN,2.0,0,AAAAAN,2.0,3330,GGCGGN,0.08422723412513733,3090,GCGGGN,0.12352237850427628,3090,GCGGGN,0.12352237850427628,False,False,True,-5.387887358665466e-05,
16,38,40,head_0,degradation,1.0048828125,1.0000200271606445,2693,GACGGG,1.6005859375,0,AAAAAN,2.0,0,AAAAAN,2.0,3330,GGCGGN,0.08429194241762161,3090,GCGGGN,0.12354562431573868,3090,GCGGGN,0.12354562431573868,False,False,True,-7.129088044166565e-05,
16,39,40,head_0,degradation,1.001953125,0.9989300966262817,2693,GACGGG,1.6015625,0,AAAAAN,2.0,0,AAAAAN,2.0,3330,GGCGGN,0.08434572070837021,3090,GCGGGN,0.12340204417705536,3090,GCGGGN,0.12340204417705536,False,False,True,-6.649643182754517e-05,
16,40,40,head_0,degradation,1.001953125,0.9997220039367676,2693,GACGGG,1.6015625,0,AAAAAN,2.0,0,AAAAAN,2.0,3330,GGCGGN,0.08428936451673508,3090,GCGGGN,0.12348906695842743,3090,GCGGGN,0.12348906695842743,False,False,True,-5.0183385610580444e-05,
16,41,40,head_0,degradation,1.001953125,0.9994734525680542,2693,GACGGG,1.6015625,0,AAAAAN,2.0,0,AAAAAN,2.0,3330,GGCGGN,0.08424926549196243,3090,GCGGGN,0.12340396642684937,3090,GCGGGN,0.12340396642684937,False,False,True,-4.585832357406616e-06,
16,42,40,head_0,degradation,1.001953125,1.000245451927185,2693,GACGGG,1.6015625,0,AAAAAN,2.0,0,AAAAAN,2.0,3330,GGCGGN,0.0842016190290451,3090,GCGGGN,0.12349610775709152,3090,GCGGGN,0.12349610775709152,False,False,True,-3.447383642196655e-05,
16,43,40,head_0,degradation,0.99755859375,1.0004990100860596,2693,GACGGG,1.603515625,0,AAAAAN,2.0,0,AAAAAN,2.0,3330,GGCGGN,0.0842353105545044,3090,GCGGGN,0.12357570230960846,3090,GCGGGN,0.12357570230960846,False,False,True,-3.16910445690155e-05,
16,44,40,head_0,degradation,1.001953125,1.000120759010315,2693,GACGGG,1.6015625,0,AAAAAN,2.0,0,AAAAAN,2.0,3330,GGCGGN,0.08420167118310928,3090,GCGGGN,0.12347358465194702,3090,GCGGGN,0.12347358465194702,False,False,True,-5.861744284629822e-05,
16,45,40,head_0,degradation,1.0048828125,1.0000519752502441,2693,GACGGG,1.6005859375,0,AAAAAN,2.0,0,AAAAAN,2.0,3330,GGCGGN,0.084239661693573,3090,GCGGGN,0.12349913269281387,3090,GCGGGN,0.12349913269281387,False,False,True,8.150935173034668e-06,
16,46,40,head_0,degradation,1.0,1.0000544786453247,2693,GACGGG,1.6025390625,0,AAAAAN,2.0,0,AAAAAN,2.0,3330,GGCGGN,0.08433772623538971,3090,GCGGGN,0.1235976293683052,3090,GCGGGN,0.1235976293683052,False,False,True,-2.60770320892334e-08,
16,47,40,head_0,degradation,1.0048828125,1.0003660917282104,2693,GACGGG,1.6005859375,0,AAAAAN,2.0,0,AAAAAN,2.0,3330,GGCGGN,0.0842241644859314,3090,GCGGGN,0.123540498316288,3090,GCGGGN,0.123540498316288,False,False,True,3.3117830753326416e-06,
16,48,40,head_0,degradation,0.99755859375,1.0002052783966064,2693,GACGGG,1.603515625,0,AAAAAN,2.0,0,AAAAAN,2.0,3330,GGCGGN,0.08423446863889694,3090,GCGGGN,0.12352168560028076,3090,GCGGGN,0.12352168560028076,False,False,True,-1.4100223779678345e-05,
16,49,40,head_0,degradation,1.0,1.0002219676971436,2693,GACGGG,1.6025390625,0,AAAAAN,2.0,0,AAAAAN,2.0,3330,GGCGGN,0.08421669900417328,3090,GCGGGN,0.12350693345069885,3090,GCGGGN,0.12350693345069885,False,False,True,1.0702759027481079e-05,
16,50,40,head_0,degradation,1.0,0.9998713731765747,2693,GACGGG,1.6025390625,0,AAAAAN,2.0,0,AAAAAN,2.0,3330,GGCGGN,0.08421797305345535,3090,GCGGGN,0.12344472855329514,3090,GCGGGN,0.12344472855329514,False,False,True,-3.493204712867737e-05,
16,51,40,head_0,degradation,1.0,1.0003674030303955,2693,GACGGG,1.6025390625,0,AAAAAN,2.0,0,AAAAAN,2.0,3330,GGCGGN,0.08411979675292969,3090,GCGGGN,0.12343636155128479,3090,GCGGGN,0.12343636155128479,False,False,True,-1.6104429960250854e-05,
17,0,40,head_0,degradation,1.0,1.0000178813934326,2693,GACGGG,1.6025390625,0,AAAAAN,2.0,0,AAAAAN,2.0,3330,GGCGGN,0.0841536745429039,3090,GCGGGN,0.12340695410966873,3090,GCGGGN,0.12340695410966873,False,False,True,-1.463666558265686e-05,
17,1,40,head_0,degradation,1.0,1.0000128746032715,2693,GACGGG,1.6025390625,0,AAAAAN,2.0,0,AAAAAN,2.0,3330,GGCGGN,0.0841517522931099,3090,GCGGGN,0.1234041377902031,3090,GCGGGN,0.1234041377902031,False,False,True,-1.7151236534118652e-05,
17,2,40,head_0,degradation,1.0,1.0000088214874268,2693,GACGGG,1.6025390625,0,AAAAAN,2.0,0,AAAAAN,2.0,3330,GGCGGN,0.0841420590877533,3090,GCGGGN,0.1233936995267868,3090,GCGGGN,0.1233936995267868,False,False,True,2.562999725341797e-06,
17,3,40,head_0,degradation,1.0,1.0000108480453491,2693,GACGGG,1.6025390625,0,AAAAAN,2.0,0,AAAAAN,2.0,3330,GGCGGN,0.08414284884929657,3090,GCGGGN,0.12339485436677933,3090,GCGGGN,0.12339485436677933,False,False,True,-3.267824649810791e-05,
17,4,40,head_0,degradation,1.0,0.9999871850013733,2693,GACGGG,1.6025390625,0,AAAAAN,2.0,0,AAAAAN,2.0,3330,GGCGGN,0.0841498076915741,3090,GCGGGN,0.12339752912521362,3090,GCGGGN,0.12339752912521362,False,False,True,-3.361701965332031e-05,
17,5,40,head_0,degradation,1.0,1.000004768371582,2693,GACGGG,1.6025390625,0,AAAAAN,2.0,0,AAAAAN,2.0,3330,GGCGGN,0.0841485783457756,3090,GCGGGN,0.12339948862791061,3090,GCGGGN,0.12339948862791061,False,False,True,-1.4517456293106079e-05,
17,6,40,head_0,degradation,1.0,1.0000003576278687,2693,GACGGG,1.6025390625,0,AAAAAN,2.0,0,AAAAAN,2.0,3330,GGCGGN,0.08413072675466537,3090,GCGGGN,0.12338084727525711,3090,GCGGGN,0.12338084727525711,False,False,True,1.2643635272979736e-05,
17,7,40,head_0,degradation,1.0,1.0000444650650024,2693,GACGGG,1.6025390625,0,AAAAAN,2.0,0,AAAAAN,2.0,3330,GGCGGN,0.08411559462547302,3090,GCGGGN,0.12337370216846466,3090,GCGGGN,0.12337370216846466,False,False,True,1.4264136552810669e-05,
17,8,40,head_0,degradation,1.0,1.0000839233398438,2693,GACGGG,1.6025390625,0,AAAAAN,2.0,0,AAAAAN,2.0,3330,GGCGGN,0.08412279933691025,3090,GCGGGN,0.12338804453611374,3090,GCGGGN,0.12338804453611374,False,False,True,-1.2069940567016602e-06,
17,9,40,head_0,degradation,1.0,1.000072956085205,2693,GACGGG,1.6025390625,0,AAAAAN,2.0,0,AAAAAN,2.0,3330,GGCGGN,0.08413465321063995,3090,GCGGGN,0.12339789420366287,3090,GCGGGN,0.12339789420366287,False,False,True,2.438575029373169e-05,
17,10,40,head_0,degradation,1.0,1.0000661611557007,2693,GACGGG,1.6025390625,0,AAAAAN,2.0,0,AAAAAN,2.0,3330,GGCGGN,0.08414006978273392,3090,GCGGGN,0.12340208888053894,3090,GCGGGN,0.12340208888053894,False,False,True,3.429129719734192e-05,
17,11,40,head_0,degradation,1.0,1.0001248121261597,2693,GACGGG,1.6025390625,0,AAAAAN,2.0,0,AAAAAN,2.0,3330,GGCGGN,0.08412249386310577,3090,GCGGGN,0.12339512258768082,3090,GCGGGN,0.12339512258768082,False,False,True,3.200024366378784e-06,
17,12,40,head_0,degradation,1.0,0.999951958656311,2693,GACGGG,1.6025390625,0,AAAAAN,2.0,0,AAAAAN,2.0,3330,GGCGGN,0.08414418995380402,3090,GCGGGN,0.12338553369045258,3090,GCGGGN,0.12338553369045258,False,False,True,-2.143159508705139e-05,
17,13,40,head_0,degradation,1.0,1.0018314123153687,2693,GACGGG,1.6025390625,0,AAAAAN,2.0,0,AAAAAN,2.0,3330,GGCGGN,0.08398590236902237,3090,GCGGGN,0.12356753647327423,3090,GCGGGN,0.12356753647327423,False,False,True,-1.928582787513733e-05,
17,14,40,head_0,degradation,1.0,1.002551555633545,2693,GACGGG,1.6025390625,0,AAAAAN,2.0,0,AAAAAN,2.0,3330,GGCGGN,0.08396641910076141,3090,GCGGGN,0.12367844581604004,3090,GCGGGN,0.12367844581604004,False,False,True,1.5217810869216919e-05,
17,15,40,head_0,degradation,1.0,1.0015003681182861,2693,GACGGG,1.6025390625,0,AAAAAN,2.0,0,AAAAAN,2.0,3330,GGCGGN,0.08417131006717682,3090,GCGGGN,0.12369301170110703,3090,GCGGGN,0.12369301170110703,False,False,True,5.178153514862061e-07,
17,16,40,head_0,degradation,1.0,0.9980573058128357,2693,GACGGG,1.6025390625,0,AAAAAN,2.0,0,AAAAAN,2.0,3330,GGCGGN,0.08452557027339935,3090,GCGGGN,0.12342387437820435,3090,GCGGGN,0.12342387437820435,False,False,True,3.4850090742111206e-05,
17,17,40,head_0,degradation,1.0,0.9923313856124878,2693,GACGGG,1.6025390625,0,AAAAAN,2.0,0,AAAAAN,2.0,3330,GGCGGN,0.08454722166061401,3090,GCGGGN,0.12240879982709885,3090,GCGGGN,0.12240879982709885,False,False,True,2.4147331714630127e-05,
17,18,40,head_0,degradation,1.0,0.9934952855110168,2693,GACGGG,1.6025390625,0,AAAAAN,2.0,0,AAAAAN,2.0,3330,GGCGGN,0.08439256995916367,3090,GCGGGN,0.12246488779783249,3090,GCGGGN,0.12246488779783249,False,False,True,5.45009970664978e-05,
17,19,40,head_0,degradation,0.9189453125,0.9934996366500854,2693,GACGGG,1.6357421875,0,AAAAAN,2.0,0,AAAAAN,2.0,3330,GGCGGN,0.0844440758228302,3090,GCGGGN,0.1225171834230423,3090,GCGGGN,0.1225171834230423,False,False,True,1.621246337890625e-05,
17,20,40,head_0,degradation,0.9189453125,1.00438392162323,2693,GACGGG,1.6357421875,0,AAAAAN,2.0,0,AAAAAN,2.0,3330,GGCGGN,0.08366402238607407,3090,GCGGGN,0.12370780855417252,3090,GCGGGN,0.12370780855417252,False,False,True,-8.884072303771973e-05,
17,21,40,head_0,degradation,0.9189453125,0.9998636841773987,2693,GACGGG,1.6357421875,0,AAAAAN,2.0,0,AAAAAN,2.0,3330,GGCGGN,0.08467812836170197,3090,GCGGGN,0.12390350550413132,3090,GCGGGN,0.12390350550413132,False,False,True,-8.077174425125122e-05,
17,22,40,head_0,degradation,1.0,1.0008975267410278,2693,GACGGG,1.6025390625,0,AAAAAN,2.0,0,AAAAAN,2.0,3330,GGCGGN,0.08452757447957993,3090,GCGGGN,0.1239401325583458,3090,GCGGGN,0.1239401325583458,False,False,True,-6.198137998580933e-05,
17,23,40,head_0,degradation,1.0,0.9941879510879517,2693,GACGGG,1.6025390625,0,AAAAAN,2.0,0,AAAAAN,2.0,3330,GGCGGN,0.08530624210834503,3090,GCGGGN,0.12350396066904068,3090,GCGGGN,0.12350396066904068,False,False,True,6.493553519248962e-05,
17,24,40,head_0,degradation,1.0,0.9985405802726746,2693,GACGGG,1.6025390625,0,AAAAAN,2.0,0,AAAAAN,2.0,3330,GGCGGN,0.08419343084096909,3090,GCGGGN,0.12317923456430435,3090,GCGGGN,0.12317923456430435,False,False,True,6.798654794692993e-05,
17,25,40,head_0,degradation,1.0,0.9988899827003479,2693,GACGGG,1.6025390625,0,AAAAAN,2.0,0,AAAAAN,2.0,3330,GGCGGN,0.0840948075056076,3090,GCGGGN,0.12314388155937195,3090,GCGGGN,0.12314388155937195,False,False,True,4.563480615615845e-05,
17,26,40,head_0,degradation,1.0,0.9994053244590759,2693,GACGGG,1.6025390625,0,AAAAAN,2.0,0,AAAAAN,2.0,3330,GGCGGN,0.08411756157875061,3090,GCGGGN,0.12325993180274963,3090,GCGGGN,0.12325993180274963,False,False,True,3.859773278236389e-05,
17,27,40,head_0,degradation,1.0,0.9996740818023682,2693,GACGGG,1.6025390625,0,AAAAAN,2.0,0,AAAAAN,2.0,3330,GGCGGN,0.08412513136863708,3090,GCGGGN,0.12331617623567581,3090,GCGGGN,0.12331617623567581,False,False,True,2.3312866687774658e-05,
17,28,40,head_0,degradation,1.0,0.9997628331184387,2693,GACGGG,1.6025390625,0,AAAAAN,2.0,0,AAAAAN,2.0,3330,GGCGGN,0.08411113917827606,3090,GCGGGN,0.12331824749708176,3090,GCGGGN,0.12331824749708176,False,False,True,3.191828727722168e-05,
17,29,40,head_0,degradation,1.0,0.9998549222946167,2693,GACGGG,1.6025390625,0,AAAAAN,2.0,0,AAAAAN,2.0,3330,GGCGGN,0.08410652726888657,3090,GCGGGN,0.12333030253648758,3090,GCGGGN,0.12333030253648758,False,False,True,6.0264021158218384e-05,
17,30,40,head_0,degradation,1.0,0.9998747110366821,2693,GACGGG,1.6025390625,0,AAAAAN,2.0,0,AAAAAN,2.0,3330,GGCGGN,0.08412230759859085,3090,GCGGGN,0.12334967404603958,3090,GCGGGN,0.12334967404603958,False,False,True,7.506459951400757e-05,
17,31,40,head_0,degradation,1.0,0.9999241232872009,2693,GACGGG,1.6025390625,0,AAAAAN,2.0,0,AAAAAN,2.0,3330,GGCGGN,0.08414147049188614,3090,GCGGGN,0.12337777018547058,3090,GCGGGN,0.12337777018547058,False,False,True,0.00011489912867546082,
17,32,40,head_0,degradation,1.0,0.9999582171440125,2693,GACGGG,1.6025390625,0,AAAAAN,2.0,0,AAAAAN,2.0,3330,GGCGGN,0.08415469527244568,3090,GCGGGN,0.12339716404676437,3090,GCGGGN,0.12339716404676437,False,False,True,0.00010822340846061707,
17,33,40,head_0,degradation,1.0,0.9999316930770874,2693,GACGGG,1.6025390625,0,AAAAAN,2.0,0,AAAAAN,2.0,3330,GGCGGN,0.08414439857006073,3090,GCGGGN,0.123382069170475,3090,GCGGGN,0.123382069170475,False,False,True,0.00010383129119873047,
17,34,40,head_0,degradation,1.0,0.9998334050178528,2693,GACGGG,1.6025390625,0,AAAAAN,2.0,0,AAAAAN,2.0,3330,GGCGGN,0.084122434258461,3090,GCGGGN,0.12334232777357101,3090,GCGGGN,0.12334232777357101,False,False,True,4.8432499170303345e-05,
17,35,40,head_0,degradation,1.0,0.9998056888580322,2693,GACGGG,1.6025390625,0,AAAAAN,2.0,0,AAAAAN,2.0,3330,GGCGGN,0.08411162346601486,3090,GCGGGN,0.12332648783922195,3090,GCGGGN,0.12332648783922195,False,False,True,-4.3101608753204346e-06,
17,36,40,head_0,degradation,1.0,0.9998456239700317,2693,GACGGG,1.6025390625,0,AAAAAN,2.0,0,AAAAAN,2.0,3330,GGCGGN,0.08412714302539825,3090,GCGGGN,0.12334923446178436,3090,GCGGGN,0.12334923446178436,False,False,True,-4.2397528886795044e-05,
17,37,40,head_0,degradation,1.0,0.9999693632125854,2693,GACGGG,1.6025390625,0,AAAAAN,2.0,0,AAAAAN,2.0,3330,GGCGGN,0.08414288610219955,3090,GCGGGN,0.12338738143444061,3090,GCGGGN,0.12338738143444061,False,False,True,-3.970041871070862e-05,
17,38,40,head_0,degradation,1.0,0.9999794363975525,2693,GACGGG,1.6025390625,0,AAAAAN,2.0,0,AAAAAN,2.0,3330,GGCGGN,0.08414682745933533,3090,GCGGGN,0.12339315563440323,3090,GCGGGN,0.12339315563440323,False,False,True,-3.738328814506531e-05,
17,39,40,head_0,degradation,1.0,0.9999560713768005,2693,GACGGG,1.6025390625,0,AAAAAN,2.0,0,AAAAAN,2.0,3330,GGCGGN,0.08414580672979355,3090,GCGGGN,0.1233879029750824,3090,GCGGGN,0.1233879029750824,False,False,True,-2.6319175958633423e-05,
17,40,40,head_0,degradation,1.0,0.9999796152114868,2693,GACGGG,1.6025390625,0,AAAAAN,2.0,0,AAAAAN,2.0,3330,GGCGGN,0.08414686471223831,3090,GCGGGN,0.123393215239048,3090,GCGGGN,0.123393215239048,False,False,True,-2.0328909158706665e-05,
17,41,40,head_0,degradation,1.0,0.9999831914901733,2693,GACGGG,1.6025390625,0,AAAAAN,2.0,0,AAAAAN,2.0,3330,GGCGGN,0.08414827287197113,3090,GCGGGN,0.12339527904987335,3090,GCGGGN,0.12339527904987335,False,False,True,-1.7765909433364868e-05,
17,42,40,head_0,degradation,1.0,0.9999929070472717,2693,GACGGG,1.6025390625,0,AAAAAN,2.0,0,AAAAAN,2.0,3330,GGCGGN,0.08415201306343079,3090,GCGGGN,0.12340077012777328,3090,GCGGGN,0.12340077012777328,False,False,True,-1.9088387489318848e-05,
17,43,40,head_0,degradation,1.0,1.0000067949295044,2693,GACGGG,1.6025390625,0,AAAAAN,2.0,0,AAAAAN,2.0,3330,GGCGGN,0.08415742963552475,3090,GCGGGN,0.1234087124466896,3090,GCGGGN,0.1234087124466896,False,False,True,-2.3249536752700806e-05,
17,44,40,head_0,degradation,1.0,1.0000061988830566,2693,GACGGG,1.6025390625,0,AAAAAN,2.0,0,AAAAAN,2.0,3330,GGCGGN,0.08415720611810684,3090,GCGGGN,0.12340837717056274,3090,GCGGGN,0.12340837717056274,False,False,True,-4.187226295471191e-06,
17,45,40,head_0,degradation,1.0,0.9999958872795105,2693,GACGGG,1.6025390625,0,AAAAAN,2.0,0,AAAAAN,2.0,3330,GGCGGN,0.08415316045284271,3090,GCGGGN,0.12340245395898819,3090,GCGGGN,0.12340245395898819,False,False,True,6.59748911857605e-06,
17,46,40,head_0,degradation,1.0,0.9999939203262329,2693,GACGGG,1.6025390625,0,AAAAAN,2.0,0,AAAAAN,2.0,3330,GGCGGN,0.08415241539478302,3090,GCGGGN,0.12340136617422104,3090,GCGGGN,0.12340136617422104,False,False,True,-2.3636966943740845e-05,
17,47,40,head_0,degradation,1.0,1.0000121593475342,2693,GACGGG,1.6025390625,0,AAAAAN,2.0,0,AAAAAN,2.0,3330,GGCGGN,0.08415143191814423,3090,GCGGGN,0.12340367585420609,3090,GCGGGN,0.12340367585420609,False,False,True,-2.9925256967544556e-05,
17,48,40,head_0,degradation,1.0,1.0000191926956177,2693,GACGGG,1.6025390625,0,AAAAAN,2.0,0,AAAAAN,2.0,3330,GGCGGN,0.0841541662812233,3090,GCGGGN,0.12340768426656723,3090,GCGGGN,0.12340768426656723,False,False,True,-2.806633710861206e-05,
17,49,40,head_0,degradation,1.0,1.0000176429748535,2693,GACGGG,1.6025390625,0,AAAAAN,2.0,0,AAAAAN,2.0,3330,GGCGGN,0.08415361493825912,3090,GCGGGN,0.12340686470270157,3090,GCGGGN,0.12340686470270157,False,False,True,8.434057235717773e-06,
17,50,40,head_0,degradation,1.0,0.9999993443489075,2693,GACGGG,1.6025390625,0,AAAAAN,2.0,0,AAAAAN,2.0,3330,GGCGGN,0.08415453881025314,3090,GCGGGN,0.12340447306632996,3090,GCGGGN,0.12340447306632996,False,False,True,5.707144737243652e-06,
17,51,40,head_0,degradation,1.0,1.0000025033950806,2693,GACGGG,1.6025390625,0,AAAAAN,2.0,0,AAAAAN,2.0,3330,GGCGGN,0.08415571600198746,3090,GCGGGN,0.12340620160102844,3090,GCGGGN,0.12340620160102844,False,False,True,-2.339482307434082e-05,
