Layer,Time_Offset,Target_Timestep,Component,Metric_Mode,Logit_Score,Posteriors_Score,Target_Transition_Prior,Target_String_Prior,Target_Logit,Wrong_Transition_Prior,Wrong_String_Prior,Wrong_Logit,Actual_Argmax_Prior,Actual_String_Prior,Actual_Argmax_Logit,Target_Transition_Post,Target_String_Post,Target_Prob,Wrong_Transition_Post,Wrong_String_Post,Wrong_Prob,Actual_Transition_Post,actual_String_Post,actual_Prob,Is_Target_Logit_Argmax,Is_Target_Prob_Argmax,Should_Decode,Global_MSE_Change,New_String
0,0,10,head_1,recovery,0.111328125,-0.02465999126434326,3173,GCTGGG,4.40625,3013,GCCGGG,4.40625,3013,GCCGGG,4.40625,3173,GCTGGG,0.0469900444149971,3013,GCCGGG,5.929565304541029e-05,3143,GCTCAG,0.05486822873353958,False,False,True,-8.429004810750484e-05,
0,1,10,head_1,recovery,0.111328125,0.034513235092163086,3173,GCTGGG,4.40625,3013,GCCGGG,4.40625,3013,GCCGGG,4.40625,3173,GCTGGG,0.047241147607564926,3013,GCCGGG,6.003411908750422e-05,3143,GCTCAG,0.055219538509845734,False,False,True,-0.00017857830971479416,
0,2,10,head_1,recovery,0.111328125,0.08439397811889648,3173,GCTGGG,4.41015625,3013,GCCGGG,4.41015625,3013,GCCGGG,4.41015625,3173,GCTGGG,0.047451797872781754,3013,GCCGGG,5.963299554423429e-05,3143,GCTCAG,0.05538457632064819,False,False,True,-9.129755198955536e-05,
0,3,10,head_1,recovery,0.0,-0.036998748779296875,3173,GCTGGG,4.40625,3013,GCCGGG,4.41015625,3013,GCCGGG,4.41015625,3173,GCTGGG,0.046938829123973846,3013,GCCGGG,6.028767165844329e-05,3143,GCTCAG,0.055503591895103455,False,False,True,-9.392085485160351e-05,
0,4,10,head_1,recovery,0.0,-0.08328020572662354,3173,GCTGGG,4.40625,3013,GCCGGG,4.41015625,3013,GCCGGG,4.41015625,3173,GCTGGG,0.04674307256937027,3013,GCCGGG,6.034851321601309e-05,3143,GCTCAG,0.05499701574444771,False,False,True,-0.00011229538358747959,
0,5,10,head_1,recovery,0.111328125,0.022634029388427734,3173,GCTGGG,4.41015625,3013,GCCGGG,4.41015625,3013,GCCGGG,4.41015625,3173,GCTGGG,0.047191228717565536,3013,GCCGGG,6.0375536122592166e-05,3143,GCTCAG,0.05531206354498863,False,False,True,-0.00017797620967030525,
0,6,10,head_1,recovery,0.0,-0.04230356216430664,3173,GCTGGG,4.41015625,3013,GCCGGG,4.4140625,3013,GCCGGG,4.4140625,3173,GCTGGG,0.04691609740257263,3013,GCCGGG,5.99997874815017e-05,3143,GCTCAG,0.05465497449040413,False,False,True,-5.3987838327884674e-05,
0,7,10,head_1,recovery,0.0,-0.09952294826507568,3173,GCTGGG,4.40625,3013,GCCGGG,4.41015625,3013,GCCGGG,4.41015625,3173,GCTGGG,0.046674199402332306,3013,GCCGGG,6.020170985721052e-05,3143,GCTCAG,0.055067017674446106,False,False,True,-4.648580215871334e-05,
0,8,10,head_1,recovery,0.111328125,-0.002119302749633789,3173,GCTGGG,4.40625,3013,GCCGGG,4.40625,3013,GCCGGG,4.40625,3173,GCTGGG,0.04708607494831085,3013,GCCGGG,5.995588071527891e-05,3143,GCTCAG,0.05517870932817459,False,False,True,-4.22776211053133e-05,
0,9,10,head_1,recovery,0.0,-0.014290809631347656,3173,GCTGGG,4.40625,3013,GCCGGG,4.41015625,3013,GCCGGG,4.41015625,3173,GCTGGG,0.04703482985496521,3013,GCCGGG,6.020945147611201e-05,3143,GCTCAG,0.055394358932971954,False,False,True,-0.00011291960254311562,
0,10,10,head_1,recovery,0.0,0.04450470209121704,3173,GCTGGG,4.40625,3013,GCCGGG,4.41015625,3013,GCCGGG,4.41015625,3173,GCTGGG,0.04728338122367859,3013,GCCGGG,5.9991598391206935e-05,3143,GCTCAG,0.05519811064004898,False,False,True,-7.546134293079376e-05,
0,11,10,head_1,recovery,0.0,-0.12671077251434326,3173,GCTGGG,4.40625,3013,GCCGGG,4.41015625,3013,GCCGGG,4.41015625,3173,GCTGGG,0.046558916568756104,3013,GCCGGG,5.995235187583603e-05,3143,GCTCAG,0.055162835866212845,False,False,True,-0.00015871645882725716,
0,12,10,head_1,recovery,0.111328125,-0.11634159088134766,3173,GCTGGG,4.40625,3013,GCCGGG,4.40625,3013,GCCGGG,4.40625,3173,GCTGGG,0.04660256206989288,3013,GCCGGG,5.972267535980791e-05,3143,GCTCAG,0.055315740406513214,False,False,True,-8.847680874168873e-05,
0,13,10,head_1,recovery,0.111328125,0.020101845264434814,3173,GCTGGG,4.41015625,3013,GCCGGG,4.41015625,3013,GCCGGG,4.41015625,3173,GCTGGG,0.04718002676963806,3013,GCCGGG,5.988789416733198e-05,3143,GCTCAG,0.05545102432370186,False,False,True,-0.00017451727762818336,
0,14,10,head_1,recovery,0.0,0.021021008491516113,3173,GCTGGG,4.40625,3013,GCCGGG,4.41015625,3013,GCCGGG,4.41015625,3173,GCTGGG,0.04718425124883652,3013,GCCGGG,6.022310844855383e-05,3143,GCTCAG,0.055477991700172424,False,False,True,-5.533616058528423e-05,
0,15,10,head_1,recovery,0.0,-0.06483185291290283,3173,GCTGGG,4.41015625,3013,GCCGGG,4.4140625,3013,GCCGGG,4.4140625,3173,GCTGGG,0.046820539981126785,3013,GCCGGG,5.9762609453173354e-05,3143,GCTCAG,0.05522366240620613,False,False,True,-0.00015394738875329494,
0,16,10,head_1,recovery,-0.111328125,-0.0846097469329834,3173,GCTGGG,4.40234375,3013,GCCGGG,4.41015625,3013,GCCGGG,4.41015625,3173,GCTGGG,0.04673740267753601,3013,GCCGGG,6.030346412444487e-05,3143,GCTCAG,0.05508608743548393,False,False,True,-8.266023360192776e-05,
0,17,10,head_1,recovery,0.0,-0.009511590003967285,3173,GCTGGG,4.40625,3013,GCCGGG,4.41015625,3013,GCCGGG,4.41015625,3173,GCTGGG,0.04705501347780228,3013,GCCGGG,6.016915358486585e-05,3143,GCTCAG,0.05546212196350098,False,False,True,-0.00012951809912919998,
0,18,10,head_1,recovery,0.111328125,0.018018662929534912,3173,GCTGGG,4.41015625,3013,GCCGGG,4.41015625,3013,GCCGGG,4.41015625,3173,GCTGGG,0.04717137664556503,3013,GCCGGG,6.00507264607586e-05,3143,GCTCAG,0.055340275168418884,False,False,True,-0.00015578558668494225,
0,19,10,head_1,recovery,0.111328125,-0.003848552703857422,3173,GCTGGG,4.41015625,3013,GCCGGG,4.41015625,3013,GCCGGG,4.41015625,3173,GCTGGG,0.04707891494035721,3013,GCCGGG,6.011068762745708e-05,3143,GCTCAG,0.05552417039871216,False,False,True,-0.00011214334517717361,
0,20,10,head_1,recovery,0.0,-0.03399193286895752,3173,GCTGGG,4.40625,3013,GCCGGG,4.41015625,3013,GCCGGG,4.41015625,3173,GCTGGG,0.04695138335227966,3013,GCCGGG,6.012006997480057e-05,3143,GCTCAG,0.05534503981471062,False,False,True,-0.00013737916015088558,
0,21,10,head_1,recovery,0.0,0.010947644710540771,3173,GCTGGG,4.40625,3013,GCCGGG,4.41015625,3013,GCCGGG,4.41015625,3173,GCTGGG,0.04714158922433853,3013,GCCGGG,6.018243948346935e-05,3143,GCTCAG,0.05491514876484871,False,False,True,-0.00019054673612117767,
0,22,10,head_1,recovery,0.111328125,-0.021282553672790527,3173,GCTGGG,4.40625,3013,GCCGGG,4.40625,3013,GCCGGG,4.40625,3173,GCTGGG,0.04700509086251259,3013,GCCGGG,6.005125032970682e-05,3143,GCTCAG,0.055151086300611496,False,False,True,-0.00017170491628348827,
0,23,10,head_1,recovery,0.0,0.06821024417877197,3173,GCTGGG,4.40625,3013,GCCGGG,4.41015625,3013,GCCGGG,4.41015625,3173,GCTGGG,0.047383807599544525,3013,GCCGGG,6.0117163229733706e-05,3143,GCTCAG,0.055269788950681686,False,False,True,-2.8906622901558876e-05,
0,24,10,head_1,recovery,0.0,0.013279139995574951,3173,GCTGGG,4.40625,3013,GCCGGG,4.41015625,3013,GCCGGG,4.41015625,3173,GCTGGG,0.04715164750814438,3013,GCCGGG,6.0376463807187974e-05,3143,GCTCAG,0.0551898255944252,False,False,True,-0.0001956543419510126,
0,25,10,head_1,recovery,-0.111328125,-0.1679832935333252,3173,GCTGGG,4.3984375,3013,GCCGGG,4.40625,3013,GCCGGG,4.40625,3173,GCTGGG,0.04638401418924332,3013,GCCGGG,5.96743484493345e-05,3143,GCTCAG,0.05495142191648483,False,False,True,1.0816846042871475e-05,
0,26,10,head_1,recovery,-0.111328125,-0.032361388206481934,3173,GCTGGG,4.40234375,3013,GCCGGG,4.41015625,3013,GCCGGG,4.41015625,3173,GCTGGG,0.04695833846926689,3013,GCCGGG,6.0173028032295406e-05,3143,GCTCAG,0.05527053400874138,False,False,True,-3.691366873681545e-05,
0,27,10,head_1,recovery,0.0,0.09168332815170288,3173,GCTGGG,4.40625,3013,GCCGGG,4.41015625,3013,GCCGGG,4.41015625,3173,GCTGGG,0.04748338460922241,3013,GCCGGG,6.037965067662299e-05,3143,GCTCAG,0.05518263950943947,False,False,True,-0.00011605280451476574,
0,28,10,head_1,recovery,-0.111328125,-0.01817619800567627,3173,GCTGGG,4.40625,3013,GCCGGG,4.4140625,3013,GCCGGG,4.4140625,3173,GCTGGG,0.04701841622591019,3013,GCCGGG,6.023252717568539e-05,3143,GCTCAG,0.05532688647508621,False,False,True,-8.150003850460052e-05,
0,29,10,head_1,recovery,0.0,0.02503061294555664,3173,GCTGGG,4.40625,3013,GCCGGG,4.41015625,3013,GCCGGG,4.41015625,3173,GCTGGG,0.047201093286275864,3013,GCCGGG,6.009863500366919e-05,3143,GCTCAG,0.05513400584459305,False,False,True,-6.768293678760529e-05,
0,30,10,head_1,recovery,-0.111328125,-0.005727410316467285,3173,GCTGGG,4.40234375,3013,GCCGGG,4.41015625,3013,GCCGGG,4.41015625,3173,GCTGGG,0.0470711886882782,3013,GCCGGG,6.033601312083192e-05,3143,GCTCAG,0.05505446717143059,False,False,True,-1.6974518075585365e-05,
0,31,10,head_1,recovery,0.0,-0.12067341804504395,3173,GCTGGG,4.40234375,3013,GCCGGG,4.40625,3013,GCCGGG,4.40625,3173,GCTGGG,0.04658466577529907,3013,GCCGGG,6.015412509441376e-05,3143,GCTCAG,0.05536287650465965,False,False,True,-7.878057658672333e-05,
1,0,10,head_1,recovery,0.0,0.06526154279708862,3173,GCTGGG,4.40625,3013,GCCGGG,4.41015625,3013,GCCGGG,4.41015625,3173,GCTGGG,0.04737133905291557,3013,GCCGGG,6.012610538164154e-05,3143,GCTCAG,0.05506250634789467,False,False,True,2.2343359887599945e-05,
1,1,10,head_1,recovery,0.0,-0.01846945285797119,3173,GCTGGG,4.40234375,3013,GCCGGG,4.40625,3013,GCCGGG,4.40625,3173,GCTGGG,0.04701715707778931,3013,GCCGGG,6.021530134603381e-05,3143,GCTCAG,0.05508953705430031,False,False,True,2.8014183044433594e-05,
1,2,10,head_1,recovery,0.0,-0.018213272094726562,3173,GCTGGG,4.40625,3013,GCCGGG,4.41015625,3013,GCCGGG,4.41015625,3173,GCTGGG,0.04701823368668556,3013,GCCGGG,6.020748696755618e-05,3143,GCTCAG,0.055296286940574646,False,False,True,-8.166045881807804e-05,
1,3,10,head_1,recovery,0.0,0.037833452224731445,3173,GCTGGG,4.40625,3013,GCCGGG,4.41015625,3013,GCCGGG,4.41015625,3173,GCTGGG,0.04725530371069908,3013,GCCGGG,6.014195969328284e-05,3143,GCTCAG,0.055386319756507874,False,False,True,-0.00010858220048248768,
1,4,10,head_1,recovery,0.0,0.06695383787155151,3173,GCTGGG,4.40625,3013,GCCGGG,4.41015625,3013,GCCGGG,4.41015625,3173,GCTGGG,0.04737887158989906,3013,GCCGGG,6.049915464245714e-05,3143,GCTCAG,0.055129274725914,False,False,True,-6.795697845518589e-05,
1,5,10,head_1,recovery,0.0,-0.029063105583190918,3173,GCTGGG,4.40625,3013,GCCGGG,4.41015625,3013,GCCGGG,4.41015625,3173,GCTGGG,0.04697226732969284,3013,GCCGGG,6.014864266035147e-05,3143,GCTCAG,0.05544828996062279,False,False,True,-0.00016041332855820656,
1,6,10,head_1,recovery,0.0,0.04445010423660278,3173,GCTGGG,4.40625,3013,GCCGGG,4.41015625,3013,GCCGGG,4.41015625,3173,GCTGGG,0.047283485531806946,3013,GCCGGG,6.032580859027803e-05,3143,GCTCAG,0.05490674078464508,False,False,True,-0.00011847633868455887,
1,7,10,head_1,recovery,0.0,-0.07966065406799316,3173,GCTGGG,4.40625,3013,GCCGGG,4.41015625,3013,GCCGGG,4.41015625,3173,GCTGGG,0.04675814136862755,3013,GCCGGG,6.010329525452107e-05,3143,GCTCAG,0.05526125803589821,False,False,True,-0.00012938701547682285,
1,8,10,head_1,recovery,0.0,-0.04165637493133545,3173,GCTGGG,4.40625,3013,GCCGGG,4.41015625,3013,GCCGGG,4.41015625,3173,GCTGGG,0.046918682754039764,3013,GCCGGG,5.9846763178939e-05,3143,GCTCAG,0.055044665932655334,False,False,True,-4.689255729317665e-05,
1,9,10,head_1,recovery,0.0,-0.09349977970123291,3173,GCTGGG,4.40625,3013,GCCGGG,4.41015625,3013,GCCGGG,4.41015625,3173,GCTGGG,0.046699244529008865,3013,GCCGGG,5.975987733108923e-05,3143,GCTCAG,0.055082276463508606,False,False,True,-7.409113459289074e-05,
1,10,10,head_1,recovery,0.0,0.03151082992553711,3173,GCTGGG,4.40625,3013,GCCGGG,4.41015625,3013,GCCGGG,4.41015625,3173,GCTGGG,0.04722854495048523,3013,GCCGGG,6.0133588704047725e-05,3143,GCTCAG,0.05526212230324745,False,False,True,-4.0268292650580406e-05,
1,11,10,head_1,recovery,0.0,-0.02897512912750244,3173,GCTGGG,4.40625,3013,GCCGGG,4.41015625,3013,GCCGGG,4.41015625,3173,GCTGGG,0.04697270691394806,3013,GCCGGG,6.021715307724662e-05,3143,GCTCAG,0.05513748526573181,False,False,True,-6.079045124351978e-05,
1,12,10,head_1,recovery,0.0,0.004723668098449707,3173,GCTGGG,4.40625,3013,GCCGGG,4.41015625,3013,GCCGGG,4.41015625,3173,GCTGGG,0.047115277498960495,3013,GCCGGG,6.020577347953804e-05,3143,GCTCAG,0.05506233125925064,False,False,True,-5.3028110414743423e-05,
1,13,10,head_1,recovery,0.0,0.07666444778442383,3173,GCTGGG,4.40625,3013,GCCGGG,4.41015625,3013,GCCGGG,4.41015625,3173,GCTGGG,0.047419849783182144,3013,GCCGGG,6.039093932486139e-05,3143,GCTCAG,0.055097028613090515,False,False,True,2.8797658160328865e-05,
1,14,10,head_1,recovery,0.0,0.025720059871673584,3173,GCTGGG,4.41015625,3013,GCCGGG,4.4140625,3013,GCCGGG,4.4140625,3173,GCTGGG,0.04720427468419075,3013,GCCGGG,6.036458580638282e-05,3143,GCTCAG,0.05473535880446434,False,False,True,-0.0001196002122014761,
1,15,10,head_1,recovery,0.111328125,0.06850868463516235,3173,GCTGGG,4.41015625,3013,GCCGGG,4.41015625,3013,GCCGGG,4.41015625,3173,GCTGGG,0.047385044395923615,3013,GCCGGG,6.009121716488153e-05,3143,GCTCAG,0.05486956238746643,False,False,True,-9.692227467894554e-05,
1,16,10,head_1,recovery,0.0,0.02181166410446167,3173,GCTGGG,4.40234375,3013,GCCGGG,4.40625,3013,GCCGGG,4.40625,3173,GCTGGG,0.04718766734004021,3013,GCCGGG,6.0294580180197954e-05,3143,GCTCAG,0.05515281856060028,False,False,True,-0.0002249435056000948,
1,17,10,head_1,recovery,0.0,0.05644726753234863,3173,GCTGGG,4.40625,3013,GCCGGG,4.41015625,3013,GCCGGG,4.41015625,3173,GCTGGG,0.047334302216768265,3013,GCCGGG,6.038233914296143e-05,3143,GCTCAG,0.05501945689320564,False,False,True,-0.00021164026111364365,
1,18,10,head_1,recovery,0.111328125,-0.032952189445495605,3173,GCTGGG,4.40625,3013,GCCGGG,4.40625,3013,GCCGGG,4.40625,3173,GCTGGG,0.04695561155676842,3013,GCCGGG,5.994780076434836e-05,3143,GCTCAG,0.05498805269598961,False,False,True,-0.00016775564290583134,
1,19,10,head_1,recovery,0.0,0.00011974573135375977,3173,GCTGGG,4.40234375,3013,GCCGGG,4.40625,3013,GCCGGG,4.40625,3173,GCTGGG,0.04709574207663536,3013,GCCGGG,6.0149610362714157e-05,3143,GCTCAG,0.05523468926548958,False,False,True,-0.00017835479229688644,
1,20,10,head_1,recovery,0.0,-0.006327033042907715,3173,GCTGGG,4.40625,3013,GCCGGG,4.41015625,3013,GCCGGG,4.41015625,3173,GCTGGG,0.047068770974874496,3013,GCCGGG,6.0453618061728776e-05,3143,GCTCAG,0.05524687469005585,False,False,True,-0.00011699250899255276,
1,21,10,head_1,recovery,0.0,-0.04682028293609619,3173,GCTGGG,4.40625,3013,GCCGGG,4.41015625,3013,GCCGGG,4.41015625,3173,GCTGGG,0.04689726606011391,3013,GCCGGG,6.027749986969866e-05,3143,GCTCAG,0.055567942559719086,False,False,True,-0.00014526955783367157,
1,22,10,head_1,recovery,0.0,-0.04766559600830078,3173,GCTGGG,4.40625,3013,GCCGGG,4.41015625,3013,GCCGGG,4.41015625,3173,GCTGGG,0.04689355194568634,3013,GCCGGG,6.0141381254652515e-05,3143,GCTCAG,0.0550655722618103,False,False,True,-0.00012401258572936058,
1,23,10,head_1,recovery,-0.111328125,-0.0737447738647461,3173,GCTGGG,4.3984375,3013,GCCGGG,4.40625,3013,GCCGGG,4.40625,3173,GCTGGG,0.04678306728601456,3013,GCCGGG,5.999787390464917e-05,3143,GCTCAG,0.05527384206652641,False,False,True,-0.00011116126552224159,
1,24,10,head_1,recovery,0.0,-0.07436823844909668,3173,GCTGGG,4.40625,3013,GCCGGG,4.41015625,3013,GCCGGG,4.41015625,3173,GCTGGG,0.04678047075867653,3013,GCCGGG,6.00412386120297e-05,3143,GCTCAG,0.055146101862192154,False,False,True,5.1211100071668625e-06,
1,25,10,head_1,recovery,-0.111328125,-0.06072807312011719,3173,GCTGGG,4.40625,3013,GCCGGG,4.4140625,3013,GCCGGG,4.4140625,3173,GCTGGG,0.0468386635184288,3013,GCCGGG,6.0520815168274567e-05,3143,GCTCAG,0.0549851693212986,False,False,True,-9.849201887845993e-06,
1,26,10,head_1,recovery,0.0,-0.08451282978057861,3173,GCTGGG,4.40234375,3013,GCCGGG,4.40625,3013,GCCGGG,4.40625,3173,GCTGGG,0.04673741012811661,3013,GCCGGG,5.9901845816057175e-05,3143,GCTCAG,0.05503484234213829,False,False,True,-4.913192242383957e-05,
1,27,10,head_1,recovery,0.0,-0.00025975704193115234,3173,GCTGGG,4.40625,3013,GCCGGG,4.41015625,3013,GCCGGG,4.41015625,3173,GCTGGG,0.047094304114580154,3013,GCCGGG,6.031776865711436e-05,3143,GCTCAG,0.05513447895646095,False,False,True,-0.00011908006854355335,
1,28,10,head_1,recovery,0.0,-0.022683382034301758,3173,GCTGGG,4.40625,3013,GCCGGG,4.41015625,3013,GCCGGG,4.41015625,3173,GCTGGG,0.04699930176138878,3013,GCCGGG,6.018968269927427e-05,3143,GCTCAG,0.055201541632413864,False,False,True,-0.0001955518964678049,
1,29,10,head_1,recovery,0.111328125,-0.029848575592041016,3173,GCTGGG,4.41015625,3013,GCCGGG,4.41015625,3013,GCCGGG,4.41015625,3173,GCTGGG,0.04696902260184288,3013,GCCGGG,6.022712841513567e-05,3143,GCTCAG,0.055237576365470886,False,False,True,-0.0001491967123001814,
1,30,10,head_1,recovery,-0.111328125,0.0443418025970459,3173,GCTGGG,4.40625,3013,GCCGGG,4.4140625,3013,GCCGGG,4.4140625,3173,GCTGGG,0.04728322476148605,3013,GCCGGG,6.052552271285094e-05,3143,GCTCAG,0.05498440936207771,False,False,True,-1.9150320440530777e-06,
1,31,10,head_1,recovery,0.0,-0.09674417972564697,3173,GCTGGG,4.40234375,3013,GCCGGG,4.40625,3013,GCCGGG,4.40625,3173,GCTGGG,0.046685729175806046,3013,GCCGGG,5.9971796872559935e-05,3143,GCTCAG,0.05497314780950546,False,False,True,-2.71510798484087e-05,
2,0,10,head_1,recovery,0.0,0.17049521207809448,3173,GCTGGG,4.40625,3013,GCCGGG,4.41015625,3013,GCCGGG,4.41015625,3173,GCTGGG,0.047816839069128036,3013,GCCGGG,6.037470302544534e-05,3143,GCTCAG,0.055016692727804184,False,False,True,4.566018469631672e-05,
2,1,10,head_1,recovery,0.0,-0.02256619930267334,3173,GCTGGG,4.40625,3013,GCCGGG,4.41015625,3013,GCCGGG,4.41015625,3173,GCTGGG,0.04699975997209549,3013,GCCGGG,6.0153553931741044e-05,3143,GCTCAG,0.0550372339785099,False,False,True,-4.652258940041065e-05,
2,2,10,head_1,recovery,0.0,0.07981294393539429,3173,GCTGGG,4.40625,3013,GCCGGG,4.41015625,3013,GCCGGG,4.41015625,3173,GCTGGG,0.04743294417858124,3013,GCCGGG,6.01629690208938e-05,3143,GCTCAG,0.05493760108947754,False,False,True,-0.0001113393809646368,
2,3,10,head_1,recovery,0.0,-0.01398169994354248,3173,GCTGGG,4.40625,3013,GCCGGG,4.41015625,3013,GCCGGG,4.41015625,3173,GCTGGG,0.047036390751600266,3013,GCCGGG,6.0460897657321766e-05,3143,GCTCAG,0.05482688918709755,False,False,True,-2.1502608433365822e-05,
2,4,10,head_1,recovery,0.0,-0.06081962585449219,3173,GCTGGG,4.40625,3013,GCCGGG,4.41015625,3013,GCCGGG,4.41015625,3173,GCTGGG,0.046837903559207916,3013,GCCGGG,6.0148886404931545e-05,3143,GCTCAG,0.054996032267808914,False,False,True,-5.845865234732628e-05,
2,5,10,head_1,recovery,0.0,-0.006684422492980957,3173,GCTGGG,4.40625,3013,GCCGGG,4.41015625,3013,GCCGGG,4.41015625,3173,GCTGGG,0.04706727713346481,3013,GCCGGG,6.047198985470459e-05,3143,GCTCAG,0.054652340710163116,False,False,True,2.8073322027921677e-05,
2,6,10,head_1,recovery,0.0,-0.02744925022125244,3173,GCTGGG,4.40625,3013,GCCGGG,4.41015625,3013,GCCGGG,4.41015625,3173,GCTGGG,0.04697917401790619,3013,GCCGGG,6.0225440392969176e-05,3143,GCTCAG,0.05481871962547302,False,False,True,-9.781727567315102e-05,
2,7,10,head_1,recovery,0.111328125,0.09554505348205566,3173,GCTGGG,4.41015625,3013,GCCGGG,4.41015625,3013,GCCGGG,4.41015625,3173,GCTGGG,0.04749978333711624,3013,GCCGGG,6.043737448635511e-05,3143,GCTCAG,0.054986484348773956,False,False,True,-8.24853777885437e-05,
2,8,10,head_1,recovery,-0.22265625,0.03713786602020264,3173,GCTGGG,4.40625,3013,GCCGGG,4.41796875,3013,GCCGGG,4.41796875,3173,GCTGGG,0.047253016382455826,3013,GCCGGG,6.079493323341012e-05,3143,GCTCAG,0.05508612096309662,False,False,True,-2.9060523957014084e-05,
2,9,10,head_1,recovery,0.0,0.03248637914657593,3173,GCTGGG,4.41015625,3013,GCCGGG,4.4140625,3013,GCCGGG,4.4140625,3173,GCTGGG,0.04723314940929413,3013,GCCGGG,6.060919622541405e-05,3143,GCTCAG,0.05517144873738289,False,False,True,-0.00011289957910776138,
2,10,10,head_1,recovery,0.111328125,-0.0682682991027832,3173,GCTGGG,4.40625,3013,GCCGGG,4.40625,3013,GCCGGG,4.40625,3173,GCTGGG,0.046806205064058304,3013,GCCGGG,5.9966216213069856e-05,3143,GCTCAG,0.05494287610054016,False,False,True,-0.00013102521188557148,
2,11,10,head_1,recovery,0.111328125,-0.059415340423583984,3173,GCTGGG,4.40625,3013,GCCGGG,4.40625,3013,GCCGGG,4.40625,3173,GCTGGG,0.04684368520975113,3013,GCCGGG,5.9989510191371664e-05,3143,GCTCAG,0.05500282347202301,False,False,True,-3.392924554646015e-05,
2,12,10,head_1,recovery,0.0,0.008498191833496094,3173,GCTGGG,4.40625,3013,GCCGGG,4.41015625,3013,GCCGGG,4.41015625,3173,GCTGGG,0.04713156446814537,3013,GCCGGG,6.051947639207356e-05,3143,GCTCAG,0.054948724806308746,False,False,True,-6.278511136770248e-06,
2,13,10,head_1,recovery,0.0,0.0018252134323120117,3173,GCTGGG,4.40625,3013,GCCGGG,4.41015625,3013,GCCGGG,4.41015625,3173,GCTGGG,0.0471031591296196,3013,GCCGGG,6.035028491169214e-05,3143,GCTCAG,0.05510783940553665,False,False,True,-1.7665792256593704e-05,
2,14,10,head_1,recovery,-0.111328125,0.03553277254104614,3173,GCTGGG,4.40625,3013,GCCGGG,4.4140625,3013,GCCGGG,4.4140625,3173,GCTGGG,0.0472458116710186,3013,GCCGGG,6.03817607043311e-05,3143,GCTCAG,0.05494425818324089,False,False,True,-9.31350514292717e-05,
2,15,10,head_1,recovery,0.0,-0.018237829208374023,3173,GCTGGG,4.40625,3013,GCCGGG,4.41015625,3013,GCCGGG,4.41015625,3173,GCTGGG,0.047017764300107956,3013,GCCGGG,5.9841513575520366e-05,3143,GCTCAG,0.05530586466193199,False,False,True,-0.0001462551299482584,
2,16,10,head_1,recovery,0.0,-0.01979541778564453,3173,GCTGGG,4.40625,3013,GCCGGG,4.41015625,3013,GCCGGG,4.41015625,3173,GCTGGG,0.04701131582260132,3013,GCCGGG,5.9985944972140715e-05,3143,GCTCAG,0.055097825825214386,False,False,True,-8.447538129985332e-05,
2,17,10,head_1,recovery,0.0,-0.06072723865509033,3173,GCTGGG,4.40625,3013,GCCGGG,4.41015625,3013,GCCGGG,4.41015625,3173,GCTGGG,0.04683849588036537,3013,GCCGGG,6.034818579792045e-05,3143,GCTCAG,0.05517912656068802,False,False,True,-0.00018341327086091042,
2,18,10,head_1,recovery,0.0,-0.07484543323516846,3173,GCTGGG,4.40625,3013,GCCGGG,4.41015625,3013,GCCGGG,4.41015625,3173,GCTGGG,0.04677868261933327,3013,GCCGGG,6.0272050177445635e-05,3143,GCTCAG,0.055173445492982864,False,False,True,-0.0002688721287995577,
2,19,10,head_1,recovery,0.0,-0.026778340339660645,3173,GCTGGG,4.41015625,3013,GCCGGG,4.4140625,3013,GCCGGG,4.4140625,3173,GCTGGG,0.04698202386498451,3013,GCCGGG,6.0237362049520016e-05,3143,GCTCAG,0.05543188750743866,False,False,True,-0.0001872724387794733,
2,20,10,head_1,recovery,0.0,-0.04939389228820801,3173,GCTGGG,4.41015625,3013,GCCGGG,4.4140625,3013,GCCGGG,4.4140625,3173,GCTGGG,0.04688626900315285,3013,GCCGGG,6.017242048983462e-05,3143,GCTCAG,0.055152878165245056,False,False,True,-0.00020956480875611305,
2,21,10,head_1,recovery,0.0,-0.06785893440246582,3173,GCTGGG,4.40625,3013,GCCGGG,4.41015625,3013,GCCGGG,4.41015625,3173,GCTGGG,0.04680831730365753,3013,GCCGGG,6.0347043472575024e-05,3143,GCTCAG,0.055202506482601166,False,False,True,-0.00015311525203287601,
2,22,10,head_1,recovery,0.0,0.011884450912475586,3173,GCTGGG,4.41015625,3013,GCCGGG,4.4140625,3013,GCCGGG,4.4140625,3173,GCTGGG,0.047145776450634,3013,GCCGGG,6.0403959651011974e-05,3143,GCTCAG,0.05499717965722084,False,False,True,-2.455059438943863e-05,
2,23,10,head_1,recovery,-0.111328125,-0.0642930269241333,3173,GCTGGG,4.40625,3013,GCCGGG,4.4140625,3013,GCCGGG,4.4140625,3173,GCTGGG,0.04682363197207451,3013,GCCGGG,6.057251448510215e-05,3143,GCTCAG,0.05512290820479393,False,False,True,-3.6641256883740425e-05,
2,24,10,head_1,recovery,-0.111328125,-0.06559348106384277,3173,GCTGGG,4.40234375,3013,GCCGGG,4.41015625,3013,GCCGGG,4.41015625,3173,GCTGGG,0.04681780934333801,3013,GCCGGG,6.0252561524976045e-05,3143,GCTCAG,0.05506226420402527,False,False,True,-3.593717701733112e-05,
2,25,10,head_1,recovery,0.0,0.016944468021392822,3173,GCTGGG,4.40625,3013,GCCGGG,4.41015625,3013,GCCGGG,4.41015625,3173,GCTGGG,0.04716719686985016,3013,GCCGGG,6.04175656917505e-05,3143,GCTCAG,0.055460479110479355,False,False,True,-0.00010933354496955872,
2,26,10,head_1,recovery,-0.111328125,-0.07980942726135254,3173,GCTGGG,4.40234375,3013,GCCGGG,4.41015625,3013,GCCGGG,4.41015625,3173,GCTGGG,0.04675774276256561,3013,GCCGGG,6.0334295994834974e-05,3143,GCTCAG,0.05529114976525307,False,False,True,-0.0001109421718865633,
2,27,10,head_1,recovery,0.0,-0.03328144550323486,3173,GCTGGG,4.40625,3013,GCCGGG,4.41015625,3013,GCCGGG,4.41015625,3173,GCTGGG,0.046954575926065445,3013,GCCGGG,6.0305123042780906e-05,3143,GCTCAG,0.05540541559457779,False,False,True,-0.00011383555829524994,
2,28,10,head_1,recovery,0.0,0.025166213512420654,3173,GCTGGG,4.40625,3013,GCCGGG,4.41015625,3013,GCCGGG,4.41015625,3173,GCTGGG,0.04720165207982063,3013,GCCGGG,6.0083762946305797e-05,3143,GCTCAG,0.05518684536218643,False,False,True,-0.00010488275438547134,
2,29,10,head_1,recovery,-0.111328125,-0.07622158527374268,3173,GCTGGG,4.40234375,3013,GCCGGG,4.41015625,3013,GCCGGG,4.41015625,3173,GCTGGG,0.046773046255111694,3013,GCCGGG,6.0459111409727484e-05,3143,GCTCAG,0.05494250729680061,False,False,True,-0.00020461063832044601,
2,30,10,head_1,recovery,0.0,0.03971320390701294,3173,GCTGGG,4.40625,3013,GCCGGG,4.41015625,3013,GCCGGG,4.41015625,3173,GCTGGG,0.047263313084840775,3013,GCCGGG,6.019712964189239e-05,3143,GCTCAG,0.05504434183239937,False,False,True,-2.9056565836071968e-05,
2,31,10,head_1,recovery,0.0,-0.12910914421081543,3173,GCTGGG,4.40625,3013,GCCGGG,4.41015625,3013,GCCGGG,4.41015625,3173,GCTGGG,0.046548712998628616,3013,GCCGGG,5.98944207013119e-05,3143,GCTCAG,0.05526615306735039,False,False,True,-0.00010347506031394005,
3,0,10,head_1,recovery,-0.111328125,0.03146505355834961,3173,GCTGGG,4.3984375,3013,GCCGGG,4.40625,3013,GCCGGG,4.40625,3173,GCTGGG,0.047228485345840454,3013,GCCGGG,6.026667688274756e-05,3143,GCTCAG,0.055003780871629715,False,False,True,-0.00013042660430073738,
3,1,10,head_1,recovery,-0.111328125,-0.02487039566040039,3173,GCTGGG,4.40234375,3013,GCCGGG,4.41015625,3013,GCCGGG,4.41015625,3173,GCTGGG,0.046990085393190384,3013,GCCGGG,6.022747766110115e-05,3143,GCTCAG,0.05476706475019455,False,False,True,-4.426599480211735e-05,
3,2,10,head_1,recovery,-0.111328125,0.017347753047943115,3173,GCTGGG,4.40625,3013,GCCGGG,4.4140625,3013,GCCGGG,4.4140625,3173,GCTGGG,0.0471692718565464,3013,GCCGGG,6.078635124140419e-05,3143,GCTCAG,0.05489460006356239,False,False,True,-9.709480218589306e-05,
3,3,10,head_1,recovery,-0.111328125,0.017005205154418945,3173,GCTGGG,4.40234375,3013,GCCGGG,4.41015625,3013,GCCGGG,4.41015625,3173,GCTGGG,0.04716765508055687,3013,GCCGGG,6.061758904252201e-05,3143,GCTCAG,0.0545620322227478,False,False,True,-0.00012277578935027122,
3,4,10,head_1,recovery,0.0,-0.005682468414306641,3173,GCTGGG,4.40625,3013,GCCGGG,4.41015625,3013,GCCGGG,4.41015625,3173,GCTGGG,0.04707128182053566,3013,GCCGGG,6.0238638980081305e-05,3143,GCTCAG,0.0547931008040905,False,False,True,-8.890870958566666e-05,
3,5,10,head_1,recovery,0.0,0.09205400943756104,3173,GCTGGG,4.40625,3013,GCCGGG,4.41015625,3013,GCCGGG,4.41015625,3173,GCTGGG,0.04748490825295448,3013,GCCGGG,6.033371028024703e-05,3143,GCTCAG,0.05480343848466873,False,False,True,-5.256291478872299e-05,
3,6,10,head_1,recovery,0.0,0.02549201250076294,3173,GCTGGG,4.40625,3013,GCCGGG,4.41015625,3013,GCCGGG,4.41015625,3173,GCTGGG,0.047203224152326584,3013,GCCGGG,6.0277652664808556e-05,3143,GCTCAG,0.055033110082149506,False,False,True,-0.00018468918278813362,
3,7,10,head_1,recovery,-0.111328125,-0.049677371978759766,3173,GCTGGG,4.40234375,3013,GCCGGG,4.41015625,3013,GCCGGG,4.41015625,3173,GCTGGG,0.04688531905412674,3013,GCCGGG,6.04204906267114e-05,3143,GCTCAG,0.05463245511054993,False,False,True,-8.3601800724864e-05,
3,8,10,head_1,recovery,0.0,0.03300672769546509,3173,GCTGGG,4.40234375,3013,GCCGGG,4.40625,3013,GCCGGG,4.40625,3173,GCTGGG,0.0472349151968956,3013,GCCGGG,6.017565829097293e-05,3143,GCTCAG,0.054951708763837814,False,False,True,-0.00012417580001056194,
3,9,10,head_1,recovery,-0.111328125,0.02256709337234497,3173,GCTGGG,4.40234375,3013,GCCGGG,4.41015625,3013,GCCGGG,4.41015625,3173,GCTGGG,0.047191083431243896,3013,GCCGGG,6.051459422451444e-05,3143,GCTCAG,0.0550575889647007,False,False,True,-7.099518552422523e-05,
3,10,10,head_1,recovery,0.0,0.023454606533050537,3173,GCTGGG,4.40625,3013,GCCGGG,4.41015625,3013,GCCGGG,4.41015625,3173,GCTGGG,0.04719473421573639,3013,GCCGGG,6.0409500292735174e-05,3143,GCTCAG,0.05492590740323067,False,False,True,-9.7229378297925e-05,
3,11,10,head_1,recovery,0.0,0.010386824607849121,3173,GCTGGG,4.40625,3013,GCCGGG,4.41015625,3013,GCCGGG,4.41015625,3173,GCTGGG,0.0471394918859005,3013,GCCGGG,6.045767440809868e-05,3143,GCTCAG,0.05486329272389412,False,False,True,-7.083197124302387e-05,
3,12,10,head_1,recovery,0.0,-0.01732659339904785,3173,GCTGGG,4.40625,3013,GCCGGG,4.41015625,3013,GCCGGG,4.41015625,3173,GCTGGG,0.047022003680467606,3013,GCCGGG,6.022793968440965e-05,3143,GCTCAG,0.05498603358864784,False,False,True,-0.00010688416659832001,
3,13,10,head_1,recovery,-0.111328125,-0.05050766468048096,3173,GCTGGG,4.3984375,3013,GCCGGG,4.40625,3013,GCCGGG,4.40625,3173,GCTGGG,0.04688181355595589,3013,GCCGGG,6.042795939720236e-05,3143,GCTCAG,0.054967012256383896,False,False,True,-0.0001541490200906992,
3,14,10,head_1,recovery,0.0,0.00038564205169677734,3173,GCTGGG,4.40625,3013,GCCGGG,4.41015625,3013,GCCGGG,4.41015625,3173,GCTGGG,0.04709722846746445,3013,GCCGGG,6.05104687565472e-05,3143,GCTCAG,0.05515052750706673,False,False,True,-0.00015589664690196514,
3,15,10,head_1,recovery,0.0,0.03569918870925903,3173,GCTGGG,4.40625,3013,GCCGGG,4.41015625,3013,GCCGGG,4.41015625,3173,GCTGGG,0.04724671319127083,3013,GCCGGG,6.0581296565942466e-05,3143,GCTCAG,0.054953690618276596,False,False,True,-0.00010179122909903526,
3,16,10,head_1,recovery,0.111328125,0.0074530839920043945,3173,GCTGGG,4.41015625,3013,GCCGGG,4.41015625,3013,GCCGGG,4.41015625,3173,GCTGGG,0.04712681099772453,3013,GCCGGG,6.018835847498849e-05,3143,GCTCAG,0.05515233799815178,False,False,True,-0.00017064064741134644,
3,17,10,head_1,recovery,0.0,0.037306010723114014,3173,GCTGGG,4.40625,3013,GCCGGG,4.41015625,3013,GCCGGG,4.41015625,3173,GCTGGG,0.04725306108593941,3013,GCCGGG,6.0130849306005985e-05,3143,GCTCAG,0.05536763742566109,False,False,True,-0.00016294443048536777,
3,18,10,head_1,recovery,0.0,0.11627465486526489,3173,GCTGGG,4.40625,3013,GCCGGG,4.41015625,3013,GCCGGG,4.41015625,3173,GCTGGG,0.047587621957063675,3013,GCCGGG,6.056852362235077e-05,3143,GCTCAG,0.054921142756938934,False,False,True,-9.51595138758421e-05,
3,19,10,head_1,recovery,0.0,0.0733758807182312,3173,GCTGGG,4.40625,3013,GCCGGG,4.41015625,3013,GCCGGG,4.41015625,3173,GCTGGG,0.047405824065208435,3013,GCCGGG,6.027828567312099e-05,3143,GCTCAG,0.05527016147971153,False,False,True,-0.00011787516996264458,
3,20,10,head_1,recovery,0.0,0.056674420833587646,3173,GCTGGG,4.40625,3013,GCCGGG,4.41015625,3013,GCCGGG,4.41015625,3173,GCTGGG,0.04733530804514885,3013,GCCGGG,6.042969835107215e-05,3143,GCTCAG,0.05492667108774185,False,False,True,-0.00012206239625811577,
3,21,10,head_1,recovery,0.0,0.008892655372619629,3173,GCTGGG,4.40625,3013,GCCGGG,4.41015625,3013,GCCGGG,4.41015625,3173,GCTGGG,0.04713307321071625,3013,GCCGGG,6.036188642610796e-05,3143,GCTCAG,0.055007532238960266,False,False,True,-0.0002095201052725315,
3,22,10,head_1,recovery,0.0,0.02112400531768799,3173,GCTGGG,4.40625,3013,GCCGGG,4.41015625,3013,GCCGGG,4.41015625,3173,GCTGGG,0.04718489199876785,3013,GCCGGG,6.0427322750911117e-05,3143,GCTCAG,0.054957203567028046,False,False,True,-0.00017331098206341267,
3,23,10,head_1,recovery,0.0,0.022836506366729736,3173,GCTGGG,4.40625,3013,GCCGGG,4.41015625,3013,GCCGGG,4.41015625,3173,GCTGGG,0.04719200357794762,3013,GCCGGG,6.02936815994326e-05,3143,GCTCAG,0.05514947324991226,False,False,True,-0.00016662199050188065,
3,24,10,head_1,recovery,0.0,0.004644453525543213,3173,GCTGGG,4.40625,3013,GCCGGG,4.41015625,3013,GCCGGG,4.41015625,3173,GCTGGG,0.04711483418941498,3013,GCCGGG,6.009691423969343e-05,3143,GCTCAG,0.054932571947574615,False,False,True,-0.00014961021952331066,
3,25,10,head_1,recovery,0.0,0.0761106014251709,3173,GCTGGG,4.40625,3013,GCCGGG,4.41015625,3013,GCCGGG,4.41015625,3173,GCTGGG,0.047417398542165756,3013,GCCGGG,6.028289135429077e-05,3143,GCTCAG,0.05501773580908775,False,False,True,-8.075963705778122e-05,
3,26,10,head_1,recovery,0.0,-0.043029069900512695,3173,GCTGGG,4.40234375,3013,GCCGGG,4.40625,3013,GCCGGG,4.40625,3173,GCTGGG,0.04691336303949356,3013,GCCGGG,6.033591853338294e-05,3143,GCTCAG,0.05488076061010361,False,False,True,-1.0408693924546242e-05,
3,27,10,head_1,recovery,0.0,-0.011194229125976562,3173,GCTGGG,4.40234375,3013,GCCGGG,4.40625,3013,GCCGGG,4.40625,3173,GCTGGG,0.0470476970076561,3013,GCCGGG,5.99728555243928e-05,3143,GCTCAG,0.0552179217338562,False,False,True,-7.845950312912464e-05,
3,28,10,head_1,recovery,0.0,-0.016154766082763672,3173,GCTGGG,4.40625,3013,GCCGGG,4.41015625,3013,GCCGGG,4.41015625,3173,GCTGGG,0.047026846557855606,3013,GCCGGG,6.011112782289274e-05,3143,GCTCAG,0.0550151951611042,False,False,True,-9.97327733784914e-05,
3,29,10,head_1,recovery,0.0,-0.0012731552124023438,3173,GCTGGG,4.40625,3013,GCCGGG,4.41015625,3013,GCCGGG,4.41015625,3173,GCTGGG,0.04708985984325409,3013,GCCGGG,6.016044790158048e-05,3143,GCTCAG,0.05506790801882744,False,False,True,-0.00011396128684282303,
3,30,10,head_1,recovery,-0.111328125,-0.07662129402160645,3173,GCTGGG,4.40625,3013,GCCGGG,4.4140625,3013,GCCGGG,4.4140625,3173,GCTGGG,0.0467710942029953,3013,GCCGGG,6.0196121921762824e-05,3143,GCTCAG,0.05505434051156044,False,False,True,-0.0001525490079075098,
3,31,10,head_1,recovery,0.0,0.05774331092834473,3173,GCTGGG,4.40625,3013,GCCGGG,4.41015625,3013,GCCGGG,4.41015625,3173,GCTGGG,0.047339558601379395,3013,GCCGGG,6.015732287778519e-05,3143,GCTCAG,0.05488301441073418,False,False,True,-9.827944450080395e-05,
4,0,10,head_1,recovery,-0.111328125,0.02932727336883545,3173,GCTGGG,4.40234375,3013,GCCGGG,4.41015625,3013,GCCGGG,4.41015625,3173,GCTGGG,0.047219641506671906,3013,GCCGGG,6.0467202274594456e-05,3143,GCTCAG,0.05511697754263878,False,False,True,2.342485822737217e-05,
4,1,10,head_1,recovery,-0.111328125,-0.05192255973815918,3173,GCTGGG,4.3984375,3013,GCCGGG,4.40625,3013,GCCGGG,4.40625,3173,GCTGGG,0.046875424683094025,3013,GCCGGG,6.002648296998814e-05,3143,GCTCAG,0.05489163473248482,False,False,True,-4.750699736177921e-05,
4,2,10,head_1,recovery,0.0,-0.0039048194885253906,3173,GCTGGG,4.40625,3013,GCCGGG,4.41015625,3013,GCCGGG,4.41015625,3173,GCTGGG,0.04707906022667885,3013,GCCGGG,6.049543299013749e-05,3143,GCTCAG,0.05471025034785271,False,False,True,-1.3180077075958252e-05,
4,3,10,head_1,recovery,0.0,0.03937250375747681,3173,GCTGGG,4.40625,3013,GCCGGG,4.41015625,3013,GCCGGG,4.41015625,3173,GCTGGG,0.04726224020123482,3013,GCCGGG,6.056700658518821e-05,3143,GCTCAG,0.05493234097957611,False,False,True,-6.755487993359566e-05,
4,4,10,head_1,recovery,0.0,0.0801660418510437,3173,GCTGGG,4.40625,3013,GCCGGG,4.41015625,3013,GCCGGG,4.41015625,3173,GCTGGG,0.04743453860282898,3013,GCCGGG,6.026328628649935e-05,3143,GCTCAG,0.054794613271951675,False,False,True,-5.57824969291687e-05,
4,5,10,head_1,recovery,0.0,0.07622772455215454,3173,GCTGGG,4.40625,3013,GCCGGG,4.41015625,3013,GCCGGG,4.41015625,3173,GCTGGG,0.04741819575428963,3013,GCCGGG,6.058262079022825e-05,3143,GCTCAG,0.05492052063345909,False,False,True,-7.137935608625412e-05,
4,6,10,head_1,recovery,0.0,0.023490726947784424,3173,GCTGGG,4.40625,3013,GCCGGG,4.41015625,3013,GCCGGG,4.41015625,3173,GCTGGG,0.04719472676515579,3013,GCCGGG,6.025025504641235e-05,3143,GCTCAG,0.05493595451116562,False,False,True,-8.490937761962414e-05,
4,7,10,head_1,recovery,0.0,0.00870513916015625,3173,GCTGGG,4.40625,3013,GCCGGG,4.41015625,3013,GCCGGG,4.41015625,3173,GCTGGG,0.04713217169046402,3013,GCCGGG,6.025400580256246e-05,3143,GCTCAG,0.05505014583468437,False,False,True,-7.431861013174057e-05,
4,8,10,head_1,recovery,0.0,-0.0038264989852905273,3173,GCTGGG,4.40625,3013,GCCGGG,4.41015625,3013,GCCGGG,4.41015625,3173,GCTGGG,0.04707925766706467,3013,GCCGGG,6.0359248891472816e-05,3143,GCTCAG,0.05493047460913658,False,False,True,-0.00013113557361066341,
4,9,10,head_1,recovery,0.0,0.032541871070861816,3173,GCTGGG,4.40625,3013,GCCGGG,4.41015625,3013,GCCGGG,4.41015625,3173,GCTGGG,0.047233063727617264,3013,GCCGGG,6.0289075918262824e-05,3143,GCTCAG,0.05492440611124039,False,False,True,-8.922815322875977e-05,
4,10,10,head_1,recovery,0.0,0.05461680889129639,3173,GCTGGG,4.40625,3013,GCCGGG,4.41015625,3013,GCCGGG,4.41015625,3173,GCTGGG,0.04732673242688179,3013,GCCGGG,6.0557180404430255e-05,3143,GCTCAG,0.05492175370454788,False,False,True,-8.467794395983219e-05,
4,11,10,head_1,recovery,0.0,0.0988696813583374,3173,GCTGGG,4.40625,3013,GCCGGG,4.41015625,3013,GCCGGG,4.41015625,3173,GCTGGG,0.047513920813798904,3013,GCCGGG,6.05116510996595e-05,3143,GCTCAG,0.05489217862486839,False,False,True,-6.495439447462559e-05,
4,12,10,head_1,recovery,0.0,0.015181779861450195,3173,GCTGGG,4.40625,3013,GCCGGG,4.41015625,3013,GCCGGG,4.41015625,3173,GCTGGG,0.047159723937511444,3013,GCCGGG,6.040155130904168e-05,3143,GCTCAG,0.05487595498561859,False,False,True,-9.451084770262241e-05,
4,13,10,head_1,recovery,0.0,0.04630523920059204,3173,GCTGGG,4.41015625,3013,GCCGGG,4.4140625,3013,GCCGGG,4.4140625,3173,GCTGGG,0.04729149490594864,3013,GCCGGG,6.048809882486239e-05,3143,GCTCAG,0.05485742166638374,False,False,True,-8.945586159825325e-06,
4,14,10,head_1,recovery,0.0,0.011404633522033691,3173,GCTGGG,4.40625,3013,GCCGGG,4.41015625,3013,GCCGGG,4.41015625,3173,GCTGGG,0.04714338481426239,3013,GCCGGG,6.0043486882932484e-05,3143,GCTCAG,0.05503468215465546,False,False,True,-1.7794780433177948e-05,
4,15,10,head_1,recovery,-0.111328125,-0.05584585666656494,3173,GCTGGG,4.41015625,3013,GCCGGG,4.41796875,3013,GCCGGG,4.41796875,3173,GCTGGG,0.046859338879585266,3013,GCCGGG,6.054106415831484e-05,3143,GCTCAG,0.05487782135605812,False,False,True,-0.00012903334572911263,
4,16,10,head_1,recovery,0.0,0.0023041963577270508,3173,GCTGGG,4.41015625,3013,GCCGGG,4.4140625,3013,GCCGGG,4.4140625,3173,GCTGGG,0.047105222940444946,3013,GCCGGG,6.038607898517512e-05,3143,GCTCAG,0.05482424050569534,False,False,True,-0.0001595914363861084,
4,17,10,head_1,recovery,0.0,0.013439357280731201,3173,GCTGGG,4.40234375,3013,GCCGGG,4.40625,3013,GCCGGG,4.40625,3173,GCTGGG,0.047152236104011536,3013,GCCGGG,6.0285172367002815e-05,3143,GCTCAG,0.0545683354139328,False,False,True,-0.00018824264407157898,
4,18,10,head_1,recovery,0.0,0.04441487789154053,3173,GCTGGG,4.40625,3013,GCCGGG,4.41015625,3013,GCCGGG,4.41015625,3173,GCTGGG,0.04728319123387337,3013,GCCGGG,6.0182024753885344e-05,3143,GCTCAG,0.05511877313256264,False,False,True,-5.480996333062649e-05,
4,19,10,head_1,recovery,0.0,0.033676743507385254,3173,GCTGGG,4.40625,3013,GCCGGG,4.41015625,3013,GCCGGG,4.41015625,3173,GCTGGG,0.04723768308758736,3013,GCCGGG,6.010760262142867e-05,3143,GCTCAG,0.05512120574712753,False,False,True,-5.313195288181305e-05,
4,20,10,head_1,recovery,0.0,-0.007391452789306641,3173,GCTGGG,4.40625,3013,GCCGGG,4.41015625,3013,GCCGGG,4.41015625,3173,GCTGGG,0.047063954174518585,3013,GCCGGG,6.01401952735614e-05,3143,GCTCAG,0.05527747422456741,False,False,True,-0.00017286045476794243,
4,21,10,head_1,recovery,-0.111328125,0.14438599348068237,3173,GCTGGG,4.40625,3013,GCCGGG,4.4140625,3013,GCCGGG,4.4140625,3173,GCTGGG,0.04770667850971222,3013,GCCGGG,6.068576476536691e-05,3143,GCTCAG,0.055008165538311005,False,False,True,-0.0001799045130610466,
4,22,10,head_1,recovery,0.0,0.03767585754394531,3173,GCTGGG,4.40625,3013,GCCGGG,4.41015625,3013,GCCGGG,4.41015625,3173,GCTGGG,0.04725492373108864,3013,GCCGGG,6.042656968929805e-05,3143,GCTCAG,0.054784052073955536,False,False,True,-0.00023027253337204456,
4,23,10,head_1,recovery,0.0,-0.012487530708312988,3173,GCTGGG,4.40625,3013,GCCGGG,4.41015625,3013,GCCGGG,4.41015625,3173,GCTGGG,0.04704256355762482,3013,GCCGGG,6.0311289416858926e-05,3143,GCTCAG,0.05484579876065254,False,False,True,-6.971671245992184e-05,
4,24,10,head_1,recovery,0.0,0.03193783760070801,3173,GCTGGG,4.40625,3013,GCCGGG,4.41015625,3013,GCCGGG,4.41015625,3173,GCTGGG,0.04723048955202103,3013,GCCGGG,6.027291965438053e-05,3143,GCTCAG,0.054763246327638626,False,False,True,-5.857949145138264e-05,
4,25,10,head_1,recovery,-0.111328125,-0.021905899047851562,3173,GCTGGG,4.40234375,3013,GCCGGG,4.41015625,3013,GCCGGG,4.41015625,3173,GCTGGG,0.04700285941362381,3013,GCCGGG,6.045837653800845e-05,3143,GCTCAG,0.05479533225297928,False,False,True,-6.381142884492874e-05,
4,26,10,head_1,recovery,0.0,0.042452335357666016,3173,GCTGGG,4.40625,3013,GCCGGG,4.41015625,3013,GCCGGG,4.41015625,3173,GCTGGG,0.04727480560541153,3013,GCCGGG,6.0101629060227424e-05,3143,GCTCAG,0.05515106022357941,False,False,True,-3.80899291485548e-05,
4,27,10,head_1,recovery,0.0,0.043755412101745605,3173,GCTGGG,4.40625,3013,GCCGGG,4.41015625,3013,GCCGGG,4.41015625,3173,GCTGGG,0.0472804494202137,3013,GCCGGG,6.02318141318392e-05,3143,GCTCAG,0.0549711138010025,False,False,True,-6.450526416301727e-05,
4,28,10,head_1,recovery,0.0,0.049977660179138184,3173,GCTGGG,4.40625,3013,GCCGGG,4.41015625,3013,GCCGGG,4.41015625,3173,GCTGGG,0.04730718582868576,3013,GCCGGG,6.0639391449512914e-05,3143,GCTCAG,0.054816197603940964,False,False,True,-5.328794941306114e-05,
4,29,10,head_1,recovery,0.0,0.011046290397644043,3173,GCTGGG,4.40625,3013,GCCGGG,4.41015625,3013,GCCGGG,4.41015625,3173,GCTGGG,0.04714222624897957,3013,GCCGGG,6.040124571882188e-05,3143,GCTCAG,0.05499470978975296,False,False,True,-3.491970710456371e-05,
4,30,10,head_1,recovery,0.0,0.035265982151031494,3173,GCTGGG,4.40625,3013,GCCGGG,4.41015625,3013,GCCGGG,4.41015625,3173,GCTGGG,0.04724477231502533,3013,GCCGGG,6.047446368029341e-05,3143,GCTCAG,0.05488942191004753,False,False,True,-8.23375303298235e-05,
4,31,10,head_1,recovery,0.0,0.05122262239456177,3173,GCTGGG,4.40625,3013,GCCGGG,4.41015625,3013,GCCGGG,4.41015625,3173,GCTGGG,0.04731229692697525,3013,GCCGGG,6.048331852070987e-05,3143,GCTCAG,0.05484471097588539,False,False,True,-4.237308166921139e-05,
5,0,10,head_1,recovery,0.0,0.017102062702178955,3173,GCTGGG,4.40625,3013,GCCGGG,4.41015625,3013,GCCGGG,4.41015625,3173,GCTGGG,0.04716743528842926,3013,GCCGGG,5.99871164013166e-05,3143,GCTCAG,0.054683465510606766,False,False,True,-2.1810177713632584e-05,
5,1,10,head_1,recovery,0.0,0.07243555784225464,3173,GCTGGG,4.40625,3013,GCCGGG,4.41015625,3013,GCCGGG,4.41015625,3173,GCTGGG,0.047401804476976395,3013,GCCGGG,6.023733294568956e-05,3143,GCTCAG,0.0550433024764061,False,False,True,-3.092549741268158e-05,
5,2,10,head_1,recovery,-0.111328125,-0.0388336181640625,3173,GCTGGG,4.40234375,3013,GCCGGG,4.41015625,3013,GCCGGG,4.41015625,3173,GCTGGG,0.04693104699254036,3013,GCCGGG,6.0267560911597684e-05,3143,GCTCAG,0.05485288053750992,False,False,True,-5.396758206188679e-05,
5,3,10,head_1,recovery,-0.111328125,-0.09651005268096924,3173,GCTGGG,4.3984375,3013,GCCGGG,4.40625,3013,GCCGGG,4.40625,3173,GCTGGG,0.046686843037605286,3013,GCCGGG,6.0095961089245975e-05,3143,GCTCAG,0.05468832328915596,False,False,True,-2.97564547508955e-05,
5,4,10,head_1,recovery,0.0,-0.008991241455078125,3173,GCTGGG,4.40625,3013,GCCGGG,4.41015625,3013,GCCGGG,4.41015625,3173,GCTGGG,0.047057148069143295,3013,GCCGGG,6.010307333781384e-05,3143,GCTCAG,0.054860297590494156,False,False,True,-2.585095353424549e-05,
5,5,10,head_1,recovery,-0.111328125,-0.05301523208618164,3173,GCTGGG,4.40625,3013,GCCGGG,4.4140625,3013,GCCGGG,4.4140625,3173,GCTGGG,0.04687150567770004,3013,GCCGGG,6.072793621569872e-05,3143,GCTCAG,0.0547490268945694,False,False,True,-1.6976147890090942e-05,
5,6,10,head_1,recovery,0.0,0.026868164539337158,3173,GCTGGG,4.41015625,3013,GCCGGG,4.4140625,3013,GCCGGG,4.4140625,3173,GCTGGG,0.04720955714583397,3013,GCCGGG,6.0790021962020546e-05,3143,GCTCAG,0.055295564234256744,False,False,True,1.3213139027357101e-06,
5,7,10,head_1,recovery,0.0,-0.0053321123123168945,3173,GCTGGG,4.40625,3013,GCCGGG,4.41015625,3013,GCCGGG,4.41015625,3173,GCTGGG,0.047072768211364746,3013,GCCGGG,6.0241465689614415e-05,3143,GCTCAG,0.05485925078392029,False,False,True,-4.7697219997644424e-05,
5,8,10,head_1,recovery,-0.111328125,-0.02317023277282715,3173,GCTGGG,4.40234375,3013,GCCGGG,4.41015625,3013,GCCGGG,4.41015625,3173,GCTGGG,0.046997394412755966,3013,GCCGGG,6.034261605236679e-05,3143,GCTCAG,0.05483328178524971,False,False,True,3.7210993468761444e-06,
5,9,10,head_1,recovery,0.0,-0.025398731231689453,3173,GCTGGG,4.40234375,3013,GCCGGG,4.40625,3013,GCCGGG,4.40625,3173,GCTGGG,0.04698757454752922,3013,GCCGGG,5.995107858325355e-05,3143,GCTCAG,0.05472738295793533,False,False,True,-3.3975113183259964e-05,
5,10,10,head_1,recovery,-0.111328125,-0.06747770309448242,3173,GCTGGG,4.3984375,3013,GCCGGG,4.40625,3013,GCCGGG,4.40625,3173,GCTGGG,0.04680969566106796,3013,GCCGGG,6.0109920013928786e-05,3143,GCTCAG,0.054691851139068604,False,False,True,-4.196842201054096e-05,
5,11,10,head_1,recovery,0.0,0.006896674633026123,3173,GCTGGG,4.40625,3013,GCCGGG,4.41015625,3013,GCCGGG,4.41015625,3173,GCTGGG,0.04712461680173874,3013,GCCGGG,6.034829857526347e-05,3143,GCTCAG,0.05512452498078346,False,False,True,-6.19078055024147e-05,
5,12,10,head_1,recovery,0.0,0.037832558155059814,3173,GCTGGG,4.40625,3013,GCCGGG,4.41015625,3013,GCCGGG,4.41015625,3173,GCTGGG,0.047255635261535645,3013,GCCGGG,6.047544957255013e-05,3143,GCTCAG,0.054907068610191345,False,False,True,-6.792554631829262e-05,
5,13,10,head_1,recovery,0.0,0.003071904182434082,3173,GCTGGG,4.41015625,3013,GCCGGG,4.4140625,3013,GCCGGG,4.4140625,3173,GCTGGG,0.04710816964507103,3013,GCCGGG,6.0085665609221905e-05,3143,GCTCAG,0.054924800992012024,False,False,True,-0.00011755665764212608,
5,14,10,head_1,recovery,0.0,-0.0181577205657959,3173,GCTGGG,4.40625,3013,GCCGGG,4.41015625,3013,GCCGGG,4.41015625,3173,GCTGGG,0.04701833799481392,3013,GCCGGG,6.007825504639186e-05,3143,GCTCAG,0.05507999658584595,False,False,True,-0.00012715929187834263,
5,15,10,head_1,recovery,0.0,0.00040411949157714844,3173,GCTGGG,4.40625,3013,GCCGGG,4.41015625,3013,GCCGGG,4.41015625,3173,GCTGGG,0.04709705710411072,3013,GCCGGG,6.0260590544203296e-05,3143,GCTCAG,0.05477878823876381,False,False,True,-0.00015272106975317,
5,16,10,head_1,recovery,-0.111328125,-0.07469749450683594,3173,GCTGGG,4.40234375,3013,GCCGGG,4.41015625,3013,GCCGGG,4.41015625,3173,GCTGGG,0.04677913710474968,3013,GCCGGG,6.010093420627527e-05,3143,GCTCAG,0.054884299635887146,False,False,True,-7.040100172162056e-06,
5,17,10,head_1,recovery,0.0,-0.007357120513916016,3173,GCTGGG,4.40625,3013,GCCGGG,4.41015625,3013,GCCGGG,4.41015625,3173,GCTGGG,0.04706397280097008,3013,GCCGGG,6.00128187215887e-05,3143,GCTCAG,0.05469438433647156,False,False,True,-8.413032628595829e-05,
5,18,10,head_1,recovery,-0.111328125,0.018173635005950928,3173,GCTGGG,4.40234375,3013,GCCGGG,4.41015625,3013,GCCGGG,4.41015625,3173,GCTGGG,0.047172531485557556,3013,GCCGGG,6.055174162611365e-05,3143,GCTCAG,0.05498054623603821,False,False,True,-4.686019383370876e-05,
5,19,10,head_1,recovery,-0.111328125,-0.01079714298248291,3173,GCTGGG,4.3984375,3013,GCCGGG,4.40625,3013,GCCGGG,4.40625,3173,GCTGGG,0.047049667686223984,3013,GCCGGG,6.02633626840543e-05,3143,GCTCAG,0.05492192134261131,False,False,True,-2.288026735186577e-05,
5,20,10,head_1,recovery,0.0,0.03409677743911743,3173,GCTGGG,4.40234375,3013,GCCGGG,4.40625,3013,GCCGGG,4.40625,3173,GCTGGG,0.04723973199725151,3013,GCCGGG,6.0379516071407124e-05,3143,GCTCAG,0.054709650576114655,False,False,True,-2.077501267194748e-05,
5,21,10,head_1,recovery,0.0,-0.020700573921203613,3173,GCTGGG,4.40625,3013,GCCGGG,4.41015625,3013,GCCGGG,4.41015625,3173,GCTGGG,0.047007616609334946,3013,GCCGGG,6.011681034578942e-05,3143,GCTCAG,0.05480673164129257,False,False,True,-2.5099143385887146e-05,
5,22,10,head_1,recovery,-0.111328125,-0.015471458435058594,3173,GCTGGG,4.40234375,3013,GCCGGG,4.41015625,3013,GCCGGG,4.41015625,3173,GCTGGG,0.04702989384531975,3013,GCCGGG,6.0269299865467474e-05,3143,GCTCAG,0.05485278740525246,False,False,True,-4.403432831168175e-05,
5,23,10,head_1,recovery,-0.111328125,0.07097047567367554,3173,GCTGGG,4.40625,3013,GCCGGG,4.4140625,3013,GCCGGG,4.4140625,3173,GCTGGG,0.04739585891366005,3013,GCCGGG,6.048944851499982e-05,3143,GCTCAG,0.054857805371284485,False,False,True,-7.737241685390472e-05,
5,24,10,head_1,recovery,0.111328125,-0.007112383842468262,3173,GCTGGG,4.40625,3013,GCCGGG,4.40625,3013,GCCGGG,4.40625,3173,GCTGGG,0.04706490412354469,3013,GCCGGG,5.991063517285511e-05,3143,GCTCAG,0.05508492887020111,False,False,True,-5.164113827049732e-05,
5,25,10,head_1,recovery,-0.111328125,-0.06632339954376221,3173,GCTGGG,4.40234375,3013,GCCGGG,4.41015625,3013,GCCGGG,4.41015625,3173,GCTGGG,0.04681461676955223,3013,GCCGGG,6.015017788740806e-05,3143,GCTCAG,0.0548446923494339,False,False,True,-7.584411650896072e-05,
5,26,10,head_1,recovery,0.0,-0.04711353778839111,3173,GCTGGG,4.40625,3013,GCCGGG,4.41015625,3013,GCCGGG,4.41015625,3173,GCTGGG,0.04689592495560646,3013,GCCGGG,6.017746272846125e-05,3143,GCTCAG,0.055117953568696976,False,False,True,-9.640189819037914e-05,
5,27,10,head_1,recovery,-0.111328125,0.010638594627380371,3173,GCTGGG,4.40234375,3013,GCCGGG,4.41015625,3013,GCCGGG,4.41015625,3173,GCTGGG,0.047140445560216904,3013,GCCGGG,6.034554826328531e-05,3143,GCTCAG,0.0546988919377327,False,False,True,-4.47386410087347e-05,
5,28,10,head_1,recovery,0.0,0.045606136322021484,3173,GCTGGG,4.40234375,3013,GCCGGG,4.40625,3013,GCCGGG,4.40625,3173,GCTGGG,0.04728807136416435,3013,GCCGGG,6.00231796852313e-05,3143,GCTCAG,0.05501102656126022,False,False,True,-7.955078035593033e-05,
5,29,10,head_1,recovery,-0.111328125,0.04540979862213135,3173,GCTGGG,4.40625,3013,GCCGGG,4.4140625,3013,GCCGGG,4.4140625,3173,GCTGGG,0.04728790372610092,3013,GCCGGG,6.068315269658342e-05,3143,GCTCAG,0.05487501993775368,False,False,True,-1.6365665942430496e-05,
5,30,10,head_1,recovery,0.0,0.07504087686538696,3173,GCTGGG,4.40625,3013,GCCGGG,4.41015625,3013,GCCGGG,4.41015625,3173,GCTGGG,0.04741303622722626,3013,GCCGGG,6.044770634616725e-05,3143,GCTCAG,0.054854247719049454,False,False,True,-4.0455954149365425e-05,
5,31,10,head_1,recovery,0.0,0.08146822452545166,3173,GCTGGG,4.40625,3013,GCCGGG,4.41015625,3013,GCCGGG,4.41015625,3173,GCTGGG,0.04744015261530876,3013,GCCGGG,6.0369809943949804e-05,3143,GCTCAG,0.05511389300227165,False,False,True,-8.624512702226639e-06,
6,0,10,head_1,recovery,0.0,0.002431809902191162,3173,GCTGGG,4.40625,3013,GCCGGG,4.41015625,3013,GCCGGG,4.41015625,3173,GCTGGG,0.04710537567734718,3013,GCCGGG,5.999875065754168e-05,3143,GCTCAG,0.054939985275268555,False,False,True,-4.240521229803562e-05,
6,1,10,head_1,recovery,-0.111328125,-0.01472485065460205,3173,GCTGGG,4.40625,3013,GCCGGG,4.4140625,3013,GCCGGG,4.4140625,3173,GCTGGG,0.047033097594976425,3013,GCCGGG,6.03111220698338e-05,3143,GCTCAG,0.05472610145807266,False,False,True,-1.7777085304260254e-05,
6,2,10,head_1,recovery,0.0,-0.03434765338897705,3173,GCTGGG,4.40234375,3013,GCCGGG,4.40625,3013,GCCGGG,4.40625,3173,GCTGGG,0.04694969207048416,3013,GCCGGG,5.993383456370793e-05,3143,GCTCAG,0.054945893585681915,False,False,True,-3.7706922739744186e-05,
6,3,10,head_1,recovery,0.0,0.050819337368011475,3173,GCTGGG,4.40625,3013,GCCGGG,4.41015625,3013,GCCGGG,4.41015625,3173,GCTGGG,0.04731057956814766,3013,GCCGGG,6.047190254321322e-05,3143,GCTCAG,0.054854441434144974,False,False,True,-2.1974090486764908e-05,
6,4,10,head_1,recovery,0.0,0.0067716240882873535,3173,GCTGGG,4.40625,3013,GCCGGG,4.41015625,3013,GCCGGG,4.41015625,3173,GCTGGG,0.047124169766902924,3013,GCCGGG,6.0430651501519606e-05,3143,GCTCAG,0.05505171790719032,False,False,True,-4.8537738621234894e-05,
6,5,10,head_1,recovery,0.0,0.0689612627029419,3173,GCTGGG,4.40625,3013,GCCGGG,4.41015625,3013,GCCGGG,4.41015625,3173,GCTGGG,0.04738728702068329,3013,GCCGGG,6.042041422915645e-05,3143,GCTCAG,0.054972726851701736,False,False,True,-5.08034136146307e-05,
6,6,10,head_1,recovery,0.0,-0.024109721183776855,3173,GCTGGG,4.40625,3013,GCCGGG,4.41015625,3013,GCCGGG,4.41015625,3173,GCTGGG,0.04699339345097542,3013,GCCGGG,6.031539669493213e-05,3143,GCTCAG,0.05523420125246048,False,False,True,-2.5859801098704338e-05,
6,7,10,head_1,recovery,0.0,-0.007278800010681152,3173,GCTGGG,4.40625,3013,GCCGGG,4.41015625,3013,GCCGGG,4.41015625,3173,GCTGGG,0.047064345329999924,3013,GCCGGG,6.0056343500036746e-05,3143,GCTCAG,0.055094365030527115,False,False,True,-4.83545009046793e-05,
6,8,10,head_1,recovery,0.0,0.12251269817352295,3173,GCTGGG,4.40625,3013,GCCGGG,4.41015625,3013,GCCGGG,4.41015625,3173,GCTGGG,0.047613997012376785,3013,GCCGGG,6.055034100427292e-05,3143,GCTCAG,0.05500779673457146,False,False,True,-2.422928810119629e-05,
6,9,10,head_1,recovery,0.0,0.005484402179718018,3173,GCTGGG,4.40625,3013,GCCGGG,4.41015625,3013,GCCGGG,4.41015625,3173,GCTGGG,0.0471186563372612,3013,GCCGGG,6.036552440491505e-05,3143,GCTCAG,0.054677776992321014,False,False,True,-1.467159017920494e-05,
6,10,10,head_1,recovery,0.0,0.03776830434799194,3173,GCTGGG,4.40625,3013,GCCGGG,4.41015625,3013,GCCGGG,4.41015625,3173,GCTGGG,0.04725513979792595,3013,GCCGGG,6.0251950344536453e-05,3143,GCTCAG,0.05479935556650162,False,False,True,-1.773773692548275e-05,
6,11,10,head_1,recovery,0.111328125,0.0521092414855957,3173,GCTGGG,4.40625,3013,GCCGGG,4.40625,3013,GCCGGG,4.40625,3173,GCTGGG,0.04731585830450058,3013,GCCGGG,6.02925501880236e-05,3143,GCTCAG,0.054737646132707596,False,False,True,-1.7739366739988327e-05,
6,12,10,head_1,recovery,0.0,-0.00200653076171875,3173,GCTGGG,4.40625,3013,GCCGGG,4.41015625,3013,GCCGGG,4.41015625,3173,GCTGGG,0.04708686098456383,3013,GCCGGG,6.026225310051814e-05,3143,GCTCAG,0.05486646294593811,False,False,True,-5.968846380710602e-06,
6,13,10,head_1,recovery,0.0,0.075650155544281,3173,GCTGGG,4.40625,3013,GCCGGG,4.41015625,3013,GCCGGG,4.41015625,3173,GCTGGG,0.047415684908628464,3013,GCCGGG,6.051844684407115e-05,3143,GCTCAG,0.05504681542515755,False,False,True,-9.152106940746307e-06,
6,14,10,head_1,recovery,0.0,0.06749439239501953,3173,GCTGGG,4.40625,3013,GCCGGG,4.41015625,3013,GCCGGG,4.41015625,3173,GCTGGG,0.047381117939949036,3013,GCCGGG,6.0459573433035985e-05,3143,GCTCAG,0.05499325692653656,False,False,True,-1.790258102118969e-05,
6,15,10,head_1,recovery,0.0,0.044639408588409424,3173,GCTGGG,4.40625,3013,GCCGGG,4.41015625,3013,GCCGGG,4.41015625,3173,GCTGGG,0.0472840741276741,3013,GCCGGG,6.01134161115624e-05,3143,GCTCAG,0.05471089109778404,False,False,True,-6.369035691022873e-05,
6,16,10,head_1,recovery,0.0,-0.034787893295288086,3173,GCTGGG,4.40625,3013,GCCGGG,4.41015625,3013,GCCGGG,4.41015625,3173,GCTGGG,0.046948350965976715,3013,GCCGGG,6.0453730839071795e-05,3143,GCTCAG,0.05461832880973816,False,False,True,-0.00019614328630268574,
6,17,10,head_1,recovery,-0.22265625,-0.033078908920288086,3173,GCTGGG,4.3984375,3013,GCCGGG,4.41015625,3013,GCCGGG,4.41015625,3173,GCTGGG,0.046955741941928864,3013,GCCGGG,6.06137873546686e-05,3143,GCTCAG,0.05468947812914848,False,False,True,-0.00012957770377397537,
6,18,10,head_1,recovery,0.0,-0.01819300651550293,3173,GCTGGG,4.40625,3013,GCCGGG,4.41015625,3013,GCCGGG,4.41015625,3173,GCTGGG,0.0470186248421669,3013,GCCGGG,6.0511883930303156e-05,3143,GCTCAG,0.05464252084493637,False,False,True,-0.0001553820911794901,
6,19,10,head_1,recovery,0.0,0.09439957141876221,3173,GCTGGG,4.41015625,3013,GCCGGG,4.4140625,3013,GCCGGG,4.4140625,3173,GCTGGG,0.04749516397714615,3013,GCCGGG,6.066520654712804e-05,3143,GCTCAG,0.054741717875003815,False,False,True,8.04872252047062e-06,
6,20,10,head_1,recovery,0.0,0.07701659202575684,3173,GCTGGG,4.40625,3013,GCCGGG,4.41015625,3013,GCCGGG,4.41015625,3173,GCTGGG,0.0474214069545269,3013,GCCGGG,6.045653935871087e-05,3143,GCTCAG,0.055140893906354904,False,False,True,1.5089986845850945e-05,
6,21,10,head_1,recovery,0.0,-0.04558587074279785,3173,GCTGGG,4.40625,3013,GCCGGG,4.41015625,3013,GCCGGG,4.41015625,3173,GCTGGG,0.04690227657556534,3013,GCCGGG,6.0067279264330864e-05,3143,GCTCAG,0.05487114191055298,False,False,True,-1.1985190212726593e-05,
6,22,10,head_1,recovery,-0.111328125,0.012027978897094727,3173,GCTGGG,4.40234375,3013,GCCGGG,4.41015625,3013,GCCGGG,4.41015625,3173,GCTGGG,0.04714624956250191,3013,GCCGGG,6.027292329235934e-05,3143,GCTCAG,0.055188558995723724,False,False,True,-4.689069464802742e-05,
6,23,10,head_1,recovery,0.0,0.007504165172576904,3173,GCTGGG,4.40625,3013,GCCGGG,4.41015625,3013,GCCGGG,4.41015625,3173,GCTGGG,0.04712732136249542,3013,GCCGGG,6.048264913260937e-05,3143,GCTCAG,0.054965581744909286,False,False,True,-2.121902070939541e-05,
6,24,10,head_1,recovery,0.0,-0.0016852617263793945,3173,GCTGGG,4.40625,3013,GCCGGG,4.41015625,3013,GCCGGG,4.41015625,3173,GCTGGG,0.047088056802749634,3013,GCCGGG,6.010035576764494e-05,3143,GCTCAG,0.054967574775218964,False,False,True,-3.0142953619360924e-05,
6,25,10,head_1,recovery,-0.111328125,0.04436028003692627,3173,GCTGGG,4.40234375,3013,GCCGGG,4.41015625,3013,GCCGGG,4.41015625,3173,GCTGGG,0.04728318378329277,3013,GCCGGG,6.040739390300587e-05,3143,GCTCAG,0.054890479892492294,False,False,True,-1.203920692205429e-05,
6,26,10,head_1,recovery,0.0,-0.02810525894165039,3173,GCTGGG,4.40234375,3013,GCCGGG,4.40625,3013,GCCGGG,4.40625,3173,GCTGGG,0.04697626829147339,3013,GCCGGG,6.009597927914001e-05,3143,GCTCAG,0.0548580065369606,False,False,True,-5.891011096537113e-05,
6,27,10,head_1,recovery,0.0,-0.0873955488204956,3173,GCTGGG,4.40625,3013,GCCGGG,4.41015625,3013,GCCGGG,4.41015625,3173,GCTGGG,0.04672543704509735,3013,GCCGGG,6.012543599354103e-05,3143,GCTCAG,0.05497961863875389,False,False,True,-9.11166425794363e-05,
6,28,10,head_1,recovery,0.111328125,-0.00740206241607666,3173,GCTGGG,4.40625,3013,GCCGGG,4.40625,3013,GCCGGG,4.40625,3173,GCTGGG,0.04706381633877754,3013,GCCGGG,6.004926035529934e-05,3143,GCTCAG,0.0547451376914978,False,False,True,-7.881084457039833e-05,
6,29,10,head_1,recovery,-0.111328125,-0.015150070190429688,3173,GCTGGG,4.40234375,3013,GCCGGG,4.41015625,3013,GCCGGG,4.41015625,3173,GCTGGG,0.04703136533498764,3013,GCCGGG,6.037978528183885e-05,3143,GCTCAG,0.0548553429543972,False,False,True,-5.072145722806454e-05,
6,30,10,head_1,recovery,-0.111328125,0.010206282138824463,3173,GCTGGG,4.40234375,3013,GCCGGG,4.41015625,3013,GCCGGG,4.41015625,3173,GCTGGG,0.047138769179582596,3013,GCCGGG,6.04973356530536e-05,3143,GCTCAG,0.0546518974006176,False,False,True,-3.364402800798416e-05,
6,31,10,head_1,recovery,0.0,0.014074206352233887,3173,GCTGGG,4.40234375,3013,GCCGGG,4.40625,3013,GCCGGG,4.40625,3173,GCTGGG,0.04715488478541374,3013,GCCGGG,6.024902904755436e-05,3143,GCTCAG,0.05498850345611572,False,False,True,5.234265699982643e-06,
7,0,10,head_1,recovery,0.0,-0.001443028450012207,3173,GCTGGG,4.40625,3013,GCCGGG,4.41015625,3013,GCCGGG,4.41015625,3173,GCTGGG,0.04708927124738693,3013,GCCGGG,6.0288326494628564e-05,3143,GCTCAG,0.05510504171252251,False,False,True,-5.4033705964684486e-05,
7,1,10,head_1,recovery,0.0,-0.03982412815093994,3173,GCTGGG,4.40625,3013,GCCGGG,4.41015625,3013,GCCGGG,4.41015625,3173,GCTGGG,0.046926822513341904,3013,GCCGGG,6.023456444381736e-05,3143,GCTCAG,0.05485966429114342,False,False,True,-2.773245796561241e-05,
7,2,10,head_1,recovery,-0.111328125,0.03065592050552368,3173,GCTGGG,4.40625,3013,GCCGGG,4.4140625,3013,GCCGGG,4.4140625,3173,GCTGGG,0.047225221991539,3013,GCCGGG,6.042915629222989e-05,3143,GCTCAG,0.0547746904194355,False,False,True,-1.6566365957260132e-05,
7,3,10,head_1,recovery,0.111328125,-0.02392125129699707,3173,GCTGGG,4.40625,3013,GCCGGG,4.40625,3013,GCCGGG,4.40625,3173,GCTGGG,0.04699389636516571,3013,GCCGGG,6.0022295656381175e-05,3143,GCTCAG,0.05484175309538841,False,False,True,-3.14321368932724e-05,
7,4,10,head_1,recovery,0.0,0.025162696838378906,3173,GCTGGG,4.40625,3013,GCCGGG,4.41015625,3013,GCCGGG,4.41015625,3173,GCTGGG,0.04720183089375496,3013,GCCGGG,6.0278631281107664e-05,3143,GCTCAG,0.054876357316970825,False,False,True,-2.838228829205036e-05,
7,5,10,head_1,recovery,0.0,-0.0013163089752197266,3173,GCTGGG,4.40234375,3013,GCCGGG,4.40625,3013,GCCGGG,4.40625,3173,GCTGGG,0.04708968847990036,3013,GCCGGG,6.016940824338235e-05,3143,GCTCAG,0.055055104196071625,False,False,True,-3.908202052116394e-05,
7,6,10,head_1,recovery,0.111328125,-0.015703916549682617,3173,GCTGGG,4.40625,3013,GCCGGG,4.40625,3013,GCCGGG,4.40625,3173,GCTGGG,0.04702847823500633,3013,GCCGGG,5.983688970445655e-05,3143,GCTCAG,0.05500703305006027,False,False,True,-5.191541276872158e-05,
7,7,10,head_1,recovery,0.0,-0.009167313575744629,3173,GCTGGG,4.40625,3013,GCCGGG,4.41015625,3013,GCCGGG,4.41015625,3173,GCTGGG,0.04705636948347092,3013,GCCGGG,6.0069080063840374e-05,3143,GCTCAG,0.05481253191828728,False,False,True,-5.572033114731312e-05,
7,8,10,head_1,recovery,0.0,-0.08901822566986084,3173,GCTGGG,4.40234375,3013,GCCGGG,4.40625,3013,GCCGGG,4.40625,3173,GCTGGG,0.046718474477529526,3013,GCCGGG,6.002758891554549e-05,3143,GCTCAG,0.05474458262324333,False,False,True,-1.944764517247677e-05,
7,9,10,head_1,recovery,0.0,-0.03031599521636963,3173,GCTGGG,4.40234375,3013,GCCGGG,4.40625,3013,GCCGGG,4.40625,3173,GCTGGG,0.04696683585643768,3013,GCCGGG,6.0017027863068506e-05,3143,GCTCAG,0.0549701452255249,False,False,True,-5.175592377781868e-05,
7,10,10,head_1,recovery,-0.111328125,-0.03883540630340576,3173,GCTGGG,4.3984375,3013,GCCGGG,4.40625,3013,GCCGGG,4.40625,3173,GCTGGG,0.046930987387895584,3013,GCCGGG,6.0214184486540034e-05,3143,GCTCAG,0.05504734069108963,False,False,True,-2.2318214178085327e-05,
7,11,10,head_1,recovery,-0.111328125,0.023997843265533447,3173,GCTGGG,4.40234375,3013,GCCGGG,4.41015625,3013,GCCGGG,4.41015625,3173,GCTGGG,0.04719695448875427,3013,GCCGGG,6.033037061570212e-05,3143,GCTCAG,0.05524538457393646,False,False,True,-4.8321206122636795e-05,
7,12,10,head_1,recovery,0.0,0.02268242835998535,3173,GCTGGG,4.40625,3013,GCCGGG,4.41015625,3013,GCCGGG,4.41015625,3173,GCTGGG,0.0471913143992424,3013,GCCGGG,6.025600669090636e-05,3143,GCTCAG,0.05499907582998276,False,False,True,-4.279869608581066e-05,
7,13,10,head_1,recovery,0.0,0.0750848650932312,3173,GCTGGG,4.40625,3013,GCCGGG,4.41015625,3013,GCCGGG,4.41015625,3173,GCTGGG,0.04741310328245163,3013,GCCGGG,6.032618330209516e-05,3143,GCTCAG,0.05497834458947182,False,False,True,-4.6282075345516205e-05,
7,14,10,head_1,recovery,0.0,0.008902370929718018,3173,GCTGGG,4.40625,3013,GCCGGG,4.41015625,3013,GCCGGG,4.41015625,3173,GCTGGG,0.04713297262787819,3013,GCCGGG,6.022103116265498e-05,3143,GCTCAG,0.05479547008872032,False,False,True,-1.5521887689828873e-05,
7,15,10,head_1,recovery,0.0,0.03313702344894409,3173,GCTGGG,4.40625,3013,GCCGGG,4.41015625,3013,GCCGGG,4.41015625,3173,GCTGGG,0.04723556339740753,3013,GCCGGG,6.0272952396189794e-05,3143,GCTCAG,0.05502210184931755,False,False,True,-7.940363138914108e-05,
7,16,10,head_1,recovery,0.0,-0.02883780002593994,3173,GCTGGG,4.40625,3013,GCCGGG,4.41015625,3013,GCCGGG,4.41015625,3173,GCTGGG,0.04697331413626671,3013,GCCGGG,6.023998503223993e-05,3143,GCTCAG,0.054934967309236526,False,False,True,-6.688525900244713e-05,
7,17,10,head_1,recovery,0.0,0.051934897899627686,3173,GCTGGG,4.40625,3013,GCCGGG,4.41015625,3013,GCCGGG,4.41015625,3173,GCTGGG,0.04731520265340805,3013,GCCGGG,6.037731873220764e-05,3143,GCTCAG,0.05515356361865997,False,False,True,-4.888116382062435e-05,
7,18,10,head_1,recovery,0.0,0.01730281114578247,3173,GCTGGG,4.40625,3013,GCCGGG,4.41015625,3013,GCCGGG,4.41015625,3173,GCTGGG,0.04716866463422775,3013,GCCGGG,6.0368769482010975e-05,3143,GCTCAG,0.055030591785907745,False,False,True,-4.138145595788956e-05,
7,19,10,head_1,recovery,0.0,-0.01412343978881836,3173,GCTGGG,4.40625,3013,GCCGGG,4.41015625,3013,GCCGGG,4.41015625,3173,GCTGGG,0.04703561216592789,3013,GCCGGG,6.028397910995409e-05,3143,GCTCAG,0.05491640791296959,False,False,True,-2.1536368876695633e-05,
7,20,10,head_1,recovery,0.0,-0.022656917572021484,3173,GCTGGG,4.40234375,3013,GCCGGG,4.40625,3013,GCCGGG,4.40625,3173,GCTGGG,0.04699958115816116,3013,GCCGGG,6.035832848283462e-05,3143,GCTCAG,0.05489025264978409,False,False,True,-5.13601116836071e-05,
7,21,10,head_1,recovery,0.0,0.01391744613647461,3173,GCTGGG,4.40625,3013,GCCGGG,4.41015625,3013,GCCGGG,4.41015625,3173,GCTGGG,0.04715428873896599,3013,GCCGGG,6.031539669493213e-05,3143,GCTCAG,0.0548127256333828,False,False,True,-4.8384303227066994e-05,
7,22,10,head_1,recovery,0.0,0.028508484363555908,3173,GCTGGG,4.40625,3013,GCCGGG,4.41015625,3013,GCCGGG,4.41015625,3173,GCTGGG,0.04721604287624359,3013,GCCGGG,6.0333593864925206e-05,3143,GCTCAG,0.054875295609235764,False,False,True,-5.634455010294914e-05,
7,23,10,head_1,recovery,0.0,0.054232001304626465,3173,GCTGGG,4.40625,3013,GCCGGG,4.41015625,3013,GCCGGG,4.41015625,3173,GCTGGG,0.047325149178504944,3013,GCCGGG,6.060413215891458e-05,3143,GCTCAG,0.05473501980304718,False,False,True,-3.3225398510694504e-05,
7,24,10,head_1,recovery,0.0,-0.041393160820007324,3173,GCTGGG,4.40625,3013,GCCGGG,4.41015625,3013,GCCGGG,4.41015625,3173,GCTGGG,0.04692033678293228,3013,GCCGGG,6.0388174460968e-05,3143,GCTCAG,0.0550004281103611,False,False,True,-3.91094945371151e-05,
7,25,10,head_1,recovery,0.0,-0.03103625774383545,3173,GCTGGG,4.40625,3013,GCCGGG,4.41015625,3013,GCCGGG,4.41015625,3173,GCTGGG,0.04696418717503548,3013,GCCGGG,6.041602318873629e-05,3143,GCTCAG,0.055211666971445084,False,False,True,-3.400514833629131e-05,
7,26,10,head_1,recovery,0.0,0.046459317207336426,3173,GCTGGG,4.40625,3013,GCCGGG,4.41015625,3013,GCCGGG,4.41015625,3173,GCTGGG,0.04729202017188072,3013,GCCGGG,6.036247577867471e-05,3143,GCTCAG,0.05522926524281502,False,False,True,-1.5038065612316132e-05,
7,27,10,head_1,recovery,0.0,0.05112665891647339,3173,GCTGGG,4.40625,3013,GCCGGG,4.41015625,3013,GCCGGG,4.41015625,3173,GCTGGG,0.04731183126568794,3013,GCCGGG,6.042554014129564e-05,3143,GCTCAG,0.05495810508728027,False,False,True,-1.7937971279025078e-05,
7,28,10,head_1,recovery,-0.111328125,0.034328341484069824,3173,GCTGGG,4.40234375,3013,GCCGGG,4.41015625,3013,GCCGGG,4.41015625,3173,GCTGGG,0.04724087193608284,3013,GCCGGG,6.053962351870723e-05,3143,GCTCAG,0.05482127517461777,False,False,True,-4.1175633668899536e-05,
7,29,10,head_1,recovery,0.0,0.026474595069885254,3173,GCTGGG,4.40625,3013,GCCGGG,4.41015625,3013,GCCGGG,4.41015625,3173,GCTGGG,0.0472073033452034,3013,GCCGGG,6.019923239364289e-05,3143,GCTCAG,0.05493885651230812,False,False,True,-9.947456419467926e-06,
7,30,10,head_1,recovery,0.0,0.02392125129699707,3173,GCTGGG,4.40625,3013,GCCGGG,4.41015625,3013,GCCGGG,4.41015625,3173,GCTGGG,0.04719659686088562,3013,GCCGGG,6.0297705203993246e-05,3143,GCTCAG,0.05504218116402626,False,False,True,-3.591366112232208e-05,
7,31,10,head_1,recovery,0.0,-0.01922750473022461,3173,GCTGGG,4.40625,3013,GCCGGG,4.41015625,3013,GCCGGG,4.41015625,3173,GCTGGG,0.04701395332813263,3013,GCCGGG,6.0219474107725546e-05,3143,GCTCAG,0.05498920753598213,False,False,True,-3.2461248338222504e-06,
8,0,10,head_1,recovery,0.0,-0.03075098991394043,3173,GCTGGG,4.40234375,3013,GCCGGG,4.40625,3013,GCCGGG,4.40625,3173,GCTGGG,0.04696505889296532,3013,GCCGGG,6.007980846334249e-05,3143,GCTCAG,0.05508982390165329,False,False,True,-2.281181514263153e-05,
8,1,10,head_1,recovery,0.0,0.01297450065612793,3173,GCTGGG,4.40625,3013,GCCGGG,4.41015625,3013,GCCGGG,4.41015625,3173,GCTGGG,0.04715033620595932,3013,GCCGGG,6.035268597770482e-05,3143,GCTCAG,0.05492115020751953,False,False,True,-2.261437475681305e-05,
8,2,10,head_1,recovery,0.0,-0.000996708869934082,3173,GCTGGG,4.40625,3013,GCCGGG,4.41015625,3013,GCCGGG,4.41015625,3173,GCTGGG,0.04709113761782646,3013,GCCGGG,6.026863775332458e-05,3143,GCTCAG,0.05516611412167549,False,False,True,-1.2981705367565155e-05,
8,3,10,head_1,recovery,0.0,0.09562337398529053,3173,GCTGGG,4.40625,3013,GCCGGG,4.41015625,3013,GCCGGG,4.41015625,3173,GCTGGG,0.047500014305114746,3013,GCCGGG,6.033817044226453e-05,3143,GCTCAG,0.05519774928689003,False,False,True,-6.883451715111732e-05,
8,4,10,head_1,recovery,0.111328125,0.12475699186325073,3173,GCTGGG,4.40625,3013,GCCGGG,4.40625,3013,GCCGGG,4.40625,3173,GCTGGG,0.04762336611747742,3013,GCCGGG,6.042289169272408e-05,3143,GCTCAG,0.05481666699051857,False,False,True,-3.1350646167993546e-05,
8,5,10,head_1,recovery,0.0,0.11356544494628906,3173,GCTGGG,4.40625,3013,GCCGGG,4.41015625,3013,GCCGGG,4.41015625,3173,GCTGGG,0.047576043754816055,3013,GCCGGG,6.04550150455907e-05,3143,GCTCAG,0.05495388060808182,False,False,True,-6.346963346004486e-05,
8,6,10,head_1,recovery,0.0,0.008382022380828857,3173,GCTGGG,4.40234375,3013,GCCGGG,4.40625,3013,GCCGGG,4.40625,3173,GCTGGG,0.04713093116879463,3013,GCCGGG,6.0380327340681106e-05,3143,GCTCAG,0.055047012865543365,False,False,True,-3.237975761294365e-05,
8,7,10,head_1,recovery,-0.111328125,-0.06399190425872803,3173,GCTGGG,4.3984375,3013,GCCGGG,4.40625,3013,GCCGGG,4.40625,3173,GCTGGG,0.04682465270161629,3013,GCCGGG,6.031931843608618e-05,3143,GCTCAG,0.05501319840550423,False,False,True,-3.418116830289364e-05,
8,8,10,head_1,recovery,-0.111328125,-0.03687465190887451,3173,GCTGGG,4.40625,3013,GCCGGG,4.4140625,3013,GCCGGG,4.4140625,3173,GCTGGG,0.04693936929106712,3013,GCCGGG,6.0303085774648935e-05,3143,GCTCAG,0.055412836372852325,False,False,True,-2.9233749955892563e-05,
8,9,10,head_1,recovery,0.0,0.009994089603424072,3173,GCTGGG,4.40625,3013,GCCGGG,4.41015625,3013,GCCGGG,4.41015625,3173,GCTGGG,0.04713761433959007,3013,GCCGGG,6.0243502957746387e-05,3143,GCTCAG,0.05504138395190239,False,False,True,-2.7262838557362556e-05,
8,10,10,head_1,recovery,-0.111328125,-0.02876293659210205,3173,GCTGGG,4.40234375,3013,GCCGGG,4.41015625,3013,GCCGGG,4.41015625,3173,GCTGGG,0.046973664313554764,3013,GCCGGG,6.0275364376138896e-05,3143,GCTCAG,0.054976463317871094,False,False,True,-2.0633451640605927e-06,
8,11,10,head_1,recovery,0.0,0.006954789161682129,3173,GCTGGG,4.40625,3013,GCCGGG,4.41015625,3013,GCCGGG,4.41015625,3173,GCTGGG,0.04712461680173874,3013,GCCGGG,6.010205834172666e-05,3143,GCTCAG,0.05505559965968132,False,False,True,-1.4048535376787186e-05,
8,12,10,head_1,recovery,0.0,0.003999054431915283,3173,GCTGGG,4.40625,3013,GCCGGG,4.41015625,3013,GCCGGG,4.41015625,3173,GCTGGG,0.047112029045820236,3013,GCCGGG,6.0023707192158327e-05,3143,GCTCAG,0.05502577871084213,False,False,True,-2.8945738449692726e-05,
8,13,10,head_1,recovery,0.0,-0.03335368633270264,3173,GCTGGG,4.40234375,3013,GCCGGG,4.40625,3013,GCCGGG,4.40625,3173,GCTGGG,0.046954065561294556,3013,GCCGGG,6.010058496030979e-05,3143,GCTCAG,0.055019814521074295,False,False,True,-3.0504073947668076e-05,
8,14,10,head_1,recovery,0.0,-0.0623551607131958,3173,GCTGGG,4.40234375,3013,GCCGGG,4.40625,3013,GCCGGG,4.40625,3173,GCTGGG,0.04683142155408859,3013,GCCGGG,6.0161670262459666e-05,3143,GCTCAG,0.05496073514223099,False,False,True,-2.474617213010788e-05,
8,15,10,head_1,recovery,-0.111328125,-0.03298032283782959,3173,GCTGGG,4.40234375,3013,GCCGGG,4.41015625,3013,GCCGGG,4.41015625,3173,GCTGGG,0.04695584252476692,3013,GCCGGG,6.029940414009616e-05,3143,GCTCAG,0.05489693954586983,False,False,True,-3.884662874042988e-05,
8,16,10,head_1,recovery,0.0,0.015761137008666992,3173,GCTGGG,4.40625,3013,GCCGGG,4.41015625,3013,GCCGGG,4.41015625,3173,GCTGGG,0.0471620112657547,3013,GCCGGG,6.023790774634108e-05,3143,GCTCAG,0.05489201471209526,False,False,True,-3.242958337068558e-05,
8,17,10,head_1,recovery,0.0,-0.004379391670227051,3173,GCTGGG,4.40625,3013,GCCGGG,4.41015625,3013,GCCGGG,4.41015625,3173,GCTGGG,0.047076914459466934,3013,GCCGGG,6.0358088376233354e-05,3143,GCTCAG,0.05482475087046623,False,False,True,-2.7643749490380287e-05,
8,18,10,head_1,recovery,0.0,0.08064854145050049,3173,GCTGGG,4.40625,3013,GCCGGG,4.41015625,3013,GCCGGG,4.41015625,3173,GCTGGG,0.04743693023920059,3013,GCCGGG,6.061487511033192e-05,3143,GCTCAG,0.055121079087257385,False,False,True,-0.00011802138760685921,
8,19,10,head_1,recovery,0.0,0.07610267400741577,3173,GCTGGG,4.40625,3013,GCCGGG,4.41015625,3013,GCCGGG,4.41015625,3173,GCTGGG,0.04741750285029411,3013,GCCGGG,6.0422047681640834e-05,3143,GCTCAG,0.05519022047519684,False,False,True,-0.0001187012530863285,
8,20,10,head_1,recovery,0.0,0.06285440921783447,3173,GCTGGG,4.41015625,3013,GCCGGG,4.4140625,3013,GCCGGG,4.4140625,3173,GCTGGG,0.04736146703362465,3013,GCCGGG,6.0439109802246094e-05,3143,GCTCAG,0.054934389889240265,False,False,True,-0.00026960321702063084,
8,21,10,head_1,recovery,-0.111328125,0.037417829036712646,3173,GCTGGG,4.41015625,3013,GCCGGG,4.41796875,3013,GCCGGG,4.41796875,3173,GCTGGG,0.04725373536348343,3013,GCCGGG,6.0332018620101735e-05,3143,GCTCAG,0.05483871325850487,False,False,True,-0.00031300587579607964,
8,22,10,head_1,recovery,0.0,0.02077186107635498,3173,GCTGGG,4.40625,3013,GCCGGG,4.41015625,3013,GCCGGG,4.41015625,3173,GCTGGG,0.04718293622136116,3013,GCCGGG,5.9963804233120754e-05,3143,GCTCAG,0.05496498942375183,False,False,True,-0.0002703035715967417,
8,23,10,head_1,recovery,0.0,0.032444119453430176,3173,GCTGGG,4.40625,3013,GCCGGG,4.41015625,3013,GCCGGG,4.41015625,3173,GCTGGG,0.04723287746310234,3013,GCCGGG,6.0516449593706056e-05,3143,GCTCAG,0.055120643228292465,False,False,True,-0.00017393683083355427,
8,24,10,head_1,recovery,0.0,-0.02465999126434326,3173,GCTGGG,4.40234375,3013,GCCGGG,4.40625,3013,GCCGGG,4.40625,3173,GCTGGG,0.04699079319834709,3013,GCCGGG,6.0044887504773214e-05,3143,GCTCAG,0.054932765662670135,False,False,True,-4.698033444583416e-05,
8,25,10,head_1,recovery,-0.111328125,0.06677597761154175,3173,GCTGGG,4.40234375,3013,GCCGGG,4.41015625,3013,GCCGGG,4.41015625,3173,GCTGGG,0.04737818241119385,3013,GCCGGG,6.056291385903023e-05,3143,GCTCAG,0.05505281314253807,False,False,True,-3.121141344308853e-05,
8,26,10,head_1,recovery,-0.111328125,0.0658910870552063,3173,GCTGGG,4.40234375,3013,GCCGGG,4.41015625,3013,GCCGGG,4.41015625,3173,GCTGGG,0.04737444594502449,3013,GCCGGG,6.057014979887754e-05,3143,GCTCAG,0.0551300086081028,False,False,True,3.0420487746596336e-05,
8,27,10,head_1,recovery,-0.111328125,-0.03162264823913574,3173,GCTGGG,4.40234375,3013,GCCGGG,4.41015625,3013,GCCGGG,4.41015625,3173,GCTGGG,0.046961765736341476,3013,GCCGGG,6.047561691957526e-05,3143,GCTCAG,0.05495499446988106,False,False,True,4.971399903297424e-06,
8,28,10,head_1,recovery,0.0,-0.05616557598114014,3173,GCTGGG,4.40625,3013,GCCGGG,4.41015625,3013,GCCGGG,4.41015625,3173,GCTGGG,0.046857912093400955,3013,GCCGGG,6.04663000558503e-05,3143,GCTCAG,0.05482258275151253,False,False,True,-5.194381810724735e-05,
8,29,10,head_1,recovery,-0.111328125,-0.0027593374252319336,3173,GCTGGG,4.40234375,3013,GCCGGG,4.41015625,3013,GCCGGG,4.41015625,3173,GCTGGG,0.04708389192819595,3013,GCCGGG,6.0478560044430196e-05,3143,GCTCAG,0.054806940257549286,False,False,True,6.7909713834524155e-06,
8,30,10,head_1,recovery,-0.111328125,-0.04734945297241211,3173,GCTGGG,4.40234375,3013,GCCGGG,4.41015625,3013,GCCGGG,4.41015625,3173,GCTGGG,0.046895284205675125,3013,GCCGGG,6.0535752709256485e-05,3143,GCTCAG,0.054796863347291946,False,False,True,-1.8737977370619774e-05,
8,31,10,head_1,recovery,0.0,-0.044779419898986816,3173,GCTGGG,4.40234375,3013,GCCGGG,4.40625,3013,GCCGGG,4.40625,3173,GCTGGG,0.046905532479286194,3013,GCCGGG,5.990854333504103e-05,3143,GCTCAG,0.0549805574119091,False,False,True,-4.405248910188675e-05,
9,0,10,head_1,recovery,0.0,0.019471406936645508,3173,GCTGGG,4.40625,3013,GCCGGG,4.41015625,3013,GCCGGG,4.41015625,3173,GCTGGG,0.047177754342556,3013,GCCGGG,6.028191637597047e-05,3143,GCTCAG,0.054849207401275635,False,False,True,1.8812716007232666e-06,
9,1,10,head_1,recovery,0.0,-0.04974782466888428,3173,GCTGGG,4.40234375,3013,GCCGGG,4.40625,3013,GCCGGG,4.40625,3173,GCTGGG,0.046884819865226746,3013,GCCGGG,6.022015440976247e-05,3143,GCTCAG,0.054820600897073746,False,False,True,-1.0105082765221596e-05,
9,2,10,head_1,recovery,0.0,-0.022184133529663086,3173,GCTGGG,4.40625,3013,GCCGGG,4.41015625,3013,GCCGGG,4.41015625,3173,GCTGGG,0.047001466155052185,3013,GCCGGG,6.0242990002734587e-05,3143,GCTCAG,0.05489664524793625,False,False,True,-2.9941555112600327e-05,
9,3,10,head_1,recovery,0.0,0.023717880249023438,3173,GCTGGG,4.40625,3013,GCCGGG,4.41015625,3013,GCCGGG,4.41015625,3173,GCTGGG,0.04719589278101921,3013,GCCGGG,6.045247209840454e-05,3143,GCTCAG,0.054976727813482285,False,False,True,-2.5606481358408928e-05,
9,4,10,head_1,recovery,0.0,0.007872223854064941,3173,GCTGGG,4.40625,3013,GCCGGG,4.41015625,3013,GCCGGG,4.41015625,3173,GCTGGG,0.04712868481874466,3013,GCCGGG,6.029001087881625e-05,3143,GCTCAG,0.054862432181835175,False,False,True,-2.978532575070858e-05,
9,5,10,head_1,recovery,0.0,0.027399957180023193,3173,GCTGGG,4.40625,3013,GCCGGG,4.41015625,3013,GCCGGG,4.41015625,3173,GCTGGG,0.047211118042469025,3013,GCCGGG,6.01013089180924e-05,3143,GCTCAG,0.05500033497810364,False,False,True,-2.8449343517422676e-05,
9,6,10,head_1,recovery,0.0,-0.022327661514282227,3173,GCTGGG,4.40625,3013,GCCGGG,4.41015625,3013,GCCGGG,4.41015625,3173,GCTGGG,0.047000739723443985,3013,GCCGGG,6.0120852140244097e-05,3143,GCTCAG,0.055129993706941605,False,False,True,-2.0103761926293373e-05,
9,7,10,head_1,recovery,0.0,0.014919400215148926,3173,GCTGGG,4.40625,3013,GCCGGG,4.41015625,3013,GCCGGG,4.41015625,3173,GCTGGG,0.047158513218164444,3013,GCCGGG,6.03005537413992e-05,3143,GCTCAG,0.055162496864795685,False,False,True,-1.736707054078579e-05,
9,8,10,head_1,recovery,-0.111328125,-0.058980345726013184,3173,GCTGGG,4.3984375,3013,GCCGGG,4.40625,3013,GCCGGG,4.40625,3173,GCTGGG,0.046845559030771255,3013,GCCGGG,6.002028385410085e-05,3143,GCTCAG,0.05500417947769165,False,False,True,-2.3551983758807182e-05,
9,9,10,head_1,recovery,-0.111328125,-0.015156269073486328,3173,GCTGGG,4.40234375,3013,GCCGGG,4.41015625,3013,GCCGGG,4.41015625,3173,GCTGGG,0.047031205147504807,3013,GCCGGG,6.024707909091376e-05,3143,GCTCAG,0.05473976582288742,False,False,True,-2.1736370399594307e-05,
9,10,10,head_1,recovery,0.0,0.035745859146118164,3173,GCTGGG,4.40625,3013,GCCGGG,4.41015625,3013,GCCGGG,4.41015625,3173,GCTGGG,0.04724664241075516,3013,GCCGGG,6.0312842833809555e-05,3143,GCTCAG,0.05491839721798897,False,False,True,-9.789597243070602e-06,
9,11,10,head_1,recovery,0.0,0.05049622058868408,3173,GCTGGG,4.40625,3013,GCCGGG,4.41015625,3013,GCCGGG,4.41015625,3173,GCTGGG,0.04730909317731857,3013,GCCGGG,6.035295155015774e-05,3143,GCTCAG,0.05492893233895302,False,False,True,-2.6651425287127495e-05,
9,12,10,head_1,recovery,0.111328125,0.05928236246109009,3173,GCTGGG,4.41015625,3013,GCCGGG,4.41015625,3013,GCCGGG,4.41015625,3173,GCTGGG,0.04734617471694946,3013,GCCGGG,6.025942639098503e-05,3143,GCTCAG,0.05513916537165642,False,False,True,-1.369556412100792e-05,
9,13,10,head_1,recovery,0.0,0.013692915439605713,3173,GCTGGG,4.40625,3013,GCCGGG,4.41015625,3013,GCCGGG,4.41015625,3173,GCTGGG,0.04715309292078018,3013,GCCGGG,6.0068679886171594e-05,3143,GCTCAG,0.05510399863123894,False,False,True,-2.2890744730830193e-05,
9,14,10,head_1,recovery,0.0,0.001895606517791748,3173,GCTGGG,4.40625,3013,GCCGGG,4.41015625,3013,GCCGGG,4.41015625,3173,GCTGGG,0.047103285789489746,3013,GCCGGG,6.0178521380294114e-05,3143,GCTCAG,0.05503655970096588,False,False,True,-1.21330376714468e-05,
9,15,10,head_1,recovery,0.0,0.02107560634613037,3173,GCTGGG,4.40625,3013,GCCGGG,4.41015625,3013,GCCGGG,4.41015625,3173,GCTGGG,0.04718448221683502,3013,GCCGGG,6.022156958351843e-05,3143,GCTCAG,0.05494331195950508,False,False,True,-1.1133495718240738e-05,
9,16,10,head_1,recovery,0.0,0.04339355230331421,3173,GCTGGG,4.40625,3013,GCCGGG,4.41015625,3013,GCCGGG,4.41015625,3173,GCTGGG,0.04727892577648163,3013,GCCGGG,6.023722744430415e-05,3143,GCTCAG,0.05494502931833267,False,False,True,-0.00011665467172861099,
9,17,10,head_1,recovery,0.0,0.03961902856826782,3173,GCTGGG,4.40625,3013,GCCGGG,4.41015625,3013,GCCGGG,4.41015625,3173,GCTGGG,0.04726288840174675,3013,GCCGGG,6.017179839545861e-05,3143,GCTCAG,0.05521124228835106,False,False,True,-6.543472409248352e-05,
9,18,10,head_1,recovery,0.0,0.03999406099319458,3173,GCTGGG,4.40625,3013,GCCGGG,4.41015625,3013,GCCGGG,4.41015625,3173,GCTGGG,0.0472647026181221,3013,GCCGGG,6.039852087269537e-05,3143,GCTCAG,0.05500481650233269,False,False,True,-2.1541491150856018e-05,
9,19,10,head_1,recovery,0.0,-0.07448709011077881,3173,GCTGGG,4.40234375,3013,GCCGGG,4.40625,3013,GCCGGG,4.40625,3173,GCTGGG,0.046779803931713104,3013,GCCGGG,5.987756230751984e-05,3143,GCTCAG,0.05499657988548279,False,False,True,6.104772910475731e-05,
9,20,10,head_1,recovery,0.0,-0.018707990646362305,3173,GCTGGG,4.40625,3013,GCCGGG,4.41015625,3013,GCCGGG,4.41015625,3173,GCTGGG,0.04701584577560425,3013,GCCGGG,5.991397483740002e-05,3143,GCTCAG,0.05485649034380913,False,False,True,6.867735646665096e-05,
9,21,10,head_1,recovery,-0.111328125,-0.00907754898071289,3173,GCTGGG,4.40234375,3013,GCCGGG,4.41015625,3013,GCCGGG,4.41015625,3173,GCTGGG,0.047057028859853745,3013,GCCGGG,6.0351008869474754e-05,3143,GCTCAG,0.05507487803697586,False,False,True,4.996429197490215e-05,
9,22,10,head_1,recovery,0.111328125,0.02401280403137207,3173,GCTGGG,4.40625,3013,GCCGGG,4.40625,3013,GCCGGG,4.40625,3173,GCTGGG,0.047196779400110245,3013,GCCGGG,6.0093145293649286e-05,3143,GCTCAG,0.055100373923778534,False,False,True,2.9327813535928726e-05,
9,23,10,head_1,recovery,0.0,0.05697375535964966,3173,GCTGGG,4.40625,3013,GCCGGG,4.41015625,3013,GCCGGG,4.41015625,3173,GCTGGG,0.04733657091856003,3013,GCCGGG,6.04248525633011e-05,3143,GCTCAG,0.055058203637599945,False,False,True,-2.2667692974209785e-05,
9,24,10,head_1,recovery,-0.111328125,0.024626493453979492,3173,GCTGGG,4.40234375,3013,GCCGGG,4.41015625,3013,GCCGGG,4.41015625,3173,GCTGGG,0.04719994217157364,3013,GCCGGG,6.065721026971005e-05,3143,GCTCAG,0.05481056496500969,False,False,True,1.620640978217125e-05,
9,25,10,head_1,recovery,0.0,0.12901580333709717,3173,GCTGGG,4.40625,3013,GCCGGG,4.41015625,3013,GCCGGG,4.41015625,3173,GCTGGG,0.04764153063297272,3013,GCCGGG,6.056778147467412e-05,3143,GCTCAG,0.05500853434205055,False,False,True,3.441912122070789e-05,
9,26,10,head_1,recovery,0.0,0.02008068561553955,3173,GCTGGG,4.40625,3013,GCCGGG,4.41015625,3013,GCCGGG,4.41015625,3173,GCTGGG,0.047180257737636566,3013,GCCGGG,6.020882574375719e-05,3143,GCTCAG,0.055008016526699066,False,False,True,-1.9958242774009705e-05,
9,27,10,head_1,recovery,0.0,-0.04914653301239014,3173,GCTGGG,4.40625,3013,GCCGGG,4.41015625,3013,GCCGGG,4.41015625,3173,GCTGGG,0.04688720777630806,3013,GCCGGG,6.006356488796882e-05,3143,GCTCAG,0.05502788722515106,False,False,True,-4.230928607285023e-05,
9,28,10,head_1,recovery,0.0,0.03548610210418701,3173,GCTGGG,4.40625,3013,GCCGGG,4.41015625,3013,GCCGGG,4.41015625,3173,GCTGGG,0.04724559932947159,3013,GCCGGG,6.0367670812411234e-05,3143,GCTCAG,0.05496581271290779,False,False,True,-2.891640178859234e-05,
9,29,10,head_1,recovery,0.0,0.034038662910461426,3173,GCTGGG,4.40625,3013,GCCGGG,4.41015625,3013,GCCGGG,4.41015625,3173,GCTGGG,0.047239553183317184,3013,GCCGGG,6.044749534339644e-05,3143,GCTCAG,0.055020034313201904,False,False,True,-1.1171679943799973e-05,
9,30,10,head_1,recovery,0.0,-0.012429475784301758,3173,GCTGGG,4.40234375,3013,GCCGGG,4.40625,3013,GCCGGG,4.40625,3173,GCTGGG,0.04704245179891586,3013,GCCGGG,5.995610626996495e-05,3143,GCTCAG,0.05485403910279274,False,False,True,-1.2999167665839195e-05,
9,31,10,head_1,recovery,0.0,0.019764602184295654,3173,GCTGGG,4.40625,3013,GCCGGG,4.41015625,3013,GCCGGG,4.41015625,3173,GCTGGG,0.04717900976538658,3013,GCCGGG,6.029916039551608e-05,3143,GCTCAG,0.05507207289338112,False,False,True,-2.012215554714203e-05,
10,0,10,head_1,recovery,0.0,-0.04862964153289795,3173,GCTGGG,4.40625,3013,GCCGGG,4.41015625,3013,GCCGGG,4.41015625,3173,GCTGGG,0.04688906669616699,3013,GCCGGG,5.9736037655966356e-05,3143,GCTCAG,0.054521895945072174,False,False,True,-6.680167280137539e-05,
10,1,10,head_1,recovery,-0.111328125,-0.05458426475524902,3173,GCTGGG,4.3984375,3013,GCCGGG,4.40625,3013,GCCGGG,4.40625,3173,GCTGGG,0.046863701194524765,3013,GCCGGG,5.9562713431660086e-05,3143,GCTCAG,0.054629769176244736,False,False,True,-6.780587136745453e-05,
10,2,10,head_1,recovery,0.111328125,0.01641005277633667,3173,GCTGGG,4.40625,3013,GCCGGG,4.40625,3013,GCCGGG,4.40625,3173,GCTGGG,0.04716408997774124,3013,GCCGGG,5.957156099611893e-05,3143,GCTCAG,0.05477060377597809,False,False,True,-5.487329326570034e-05,
10,3,10,head_1,recovery,0.0,-0.002009272575378418,3173,GCTGGG,4.40625,3013,GCCGGG,4.41015625,3013,GCCGGG,4.41015625,3173,GCTGGG,0.04708687588572502,3013,GCCGGG,6.0288937675068155e-05,3143,GCTCAG,0.05501990020275116,False,False,True,-3.305845893919468e-05,
10,4,10,head_1,recovery,0.0,-0.026303768157958984,3173,GCTGGG,4.40625,3013,GCCGGG,4.41015625,3013,GCCGGG,4.41015625,3173,GCTGGG,0.04698393866419792,3013,GCCGGG,6.0145233874209225e-05,3143,GCTCAG,0.05492643639445305,False,False,True,-1.6072532162070274e-05,
10,5,10,head_1,recovery,0.0,-0.07395350933074951,3173,GCTGGG,4.40625,3013,GCCGGG,4.41015625,3013,GCCGGG,4.41015625,3173,GCTGGG,0.04678206890821457,3013,GCCGGG,5.988320117467083e-05,3143,GCTCAG,0.054602883756160736,False,False,True,-1.9003869965672493e-05,
10,6,10,head_1,recovery,0.0,-0.045102477073669434,3173,GCTGGG,4.40625,3013,GCCGGG,4.41015625,3013,GCCGGG,4.41015625,3173,GCTGGG,0.04690415412187576,3013,GCCGGG,5.9898557083215564e-05,3143,GCTCAG,0.054614391177892685,False,False,True,-1.4256453141570091e-05,
10,7,10,head_1,recovery,-0.111328125,-0.05096900463104248,3173,GCTGGG,4.40625,3013,GCCGGG,4.4140625,3013,GCCGGG,4.4140625,3173,GCTGGG,0.046879563480615616,3013,GCCGGG,6.0131700593046844e-05,3143,GCTCAG,0.054603248834609985,False,False,True,-2.809870056807995e-05,
10,8,10,head_1,recovery,-0.111328125,-0.0764847993850708,3173,GCTGGG,4.40234375,3013,GCCGGG,4.41015625,3013,GCCGGG,4.41015625,3173,GCTGGG,0.04677155613899231,3013,GCCGGG,6.008111085975543e-05,3143,GCTCAG,0.054736580699682236,False,False,True,-5.655805580317974e-05,
10,9,10,head_1,recovery,0.111328125,-0.08697378635406494,3173,GCTGGG,4.40625,3013,GCCGGG,4.40625,3013,GCCGGG,4.40625,3173,GCTGGG,0.04672680050134659,3013,GCCGGG,5.970488564344123e-05,3143,GCTCAG,0.05488734692335129,False,False,True,-3.466079942882061e-05,
10,10,10,head_1,recovery,0.0,-0.06929850578308105,3173,GCTGGG,4.40625,3013,GCCGGG,4.41015625,3013,GCCGGG,4.41015625,3173,GCTGGG,0.04680178314447403,3013,GCCGGG,5.990295176161453e-05,3143,GCTCAG,0.05487987771630287,False,False,True,-6.466521881520748e-05,
10,11,10,head_1,recovery,0.0,-0.04030930995941162,3173,GCTGGG,4.40625,3013,GCCGGG,4.41015625,3013,GCCGGG,4.41015625,3173,GCTGGG,0.04692463576793671,3013,GCCGGG,6.0098664107499644e-05,3143,GCTCAG,0.05496016517281532,False,False,True,-5.324254743754864e-05,
10,12,10,head_1,recovery,0.0,-0.05497860908508301,3173,GCTGGG,4.40625,3013,GCCGGG,4.41015625,3013,GCCGGG,4.41015625,3173,GCTGGG,0.04686235263943672,3013,GCCGGG,5.9882633649976924e-05,3143,GCTCAG,0.0548495389521122,False,False,True,-6.571202538907528e-05,
10,13,10,head_1,recovery,0.0,0.005531966686248779,3173,GCTGGG,4.40625,3013,GCCGGG,4.41015625,3013,GCCGGG,4.41015625,3173,GCTGGG,0.04711858928203583,3013,GCCGGG,6.009620847180486e-05,3143,GCTCAG,0.054941147565841675,False,False,True,-3.422051668167114e-05,
10,14,10,head_1,recovery,0.0,0.051603853702545166,3173,GCTGGG,4.40625,3013,GCCGGG,4.41015625,3013,GCCGGG,4.41015625,3173,GCTGGG,0.04731344059109688,3013,GCCGGG,6.0014164773747325e-05,3143,GCTCAG,0.05485692247748375,False,False,True,1.658964902162552e-05,
10,15,10,head_1,recovery,0.0,0.07149612903594971,3173,GCTGGG,4.40625,3013,GCCGGG,4.41015625,3013,GCCGGG,4.41015625,3173,GCTGGG,0.04739793762564659,3013,GCCGGG,6.034462421666831e-05,3143,GCTCAG,0.05508081242442131,False,False,True,-1.4713732525706291e-05,
10,16,10,head_1,recovery,0.0,0.08524978160858154,3173,GCTGGG,4.40625,3013,GCCGGG,4.41015625,3013,GCCGGG,4.41015625,3173,GCTGGG,0.04745636507868767,3013,GCCGGG,6.058051803847775e-05,3143,GCTCAG,0.05484408885240555,False,False,True,4.3478794395923615e-06,
10,17,10,head_1,recovery,-0.111328125,-0.005504608154296875,3173,GCTGGG,4.40234375,3013,GCCGGG,4.41015625,3013,GCCGGG,4.41015625,3173,GCTGGG,0.047072045505046844,3013,GCCGGG,6.024789036018774e-05,3143,GCTCAG,0.05510169640183449,False,False,True,-1.9804341718554497e-05,
10,18,10,head_1,recovery,-0.111328125,-0.025583624839782715,3173,GCTGGG,4.40234375,3013,GCCGGG,4.41015625,3013,GCCGGG,4.41015625,3173,GCTGGG,0.04698736220598221,3013,GCCGGG,6.052241587894969e-05,3143,GCTCAG,0.05490194633603096,False,False,True,-4.758150316774845e-05,
10,19,10,head_1,recovery,0.0,0.06407380104064941,3173,GCTGGG,4.40625,3013,GCCGGG,4.41015625,3013,GCCGGG,4.41015625,3173,GCTGGG,0.047366827726364136,3013,GCCGGG,6.0639915318461135e-05,3143,GCTCAG,0.05487525463104248,False,False,True,-6.737327203154564e-05,
10,20,10,head_1,recovery,0.0,0.0835496187210083,3173,GCTGGG,4.40625,3013,GCCGGG,4.41015625,3013,GCCGGG,4.41015625,3173,GCTGGG,0.047449301928281784,3013,GCCGGG,6.070936069590971e-05,3143,GCTCAG,0.055037956684827805,False,False,True,-9.290291927754879e-05,
10,21,10,head_1,recovery,0.0,0.11672806739807129,3173,GCTGGG,4.40625,3013,GCCGGG,4.41015625,3013,GCCGGG,4.41015625,3173,GCTGGG,0.04758966714143753,3013,GCCGGG,6.069507799111307e-05,3143,GCTCAG,0.054994791746139526,False,False,True,-7.83340074121952e-05,
10,22,10,head_1,recovery,0.0,0.06038558483123779,3173,GCTGGG,4.40234375,3013,GCCGGG,4.40625,3013,GCCGGG,4.40625,3173,GCTGGG,0.0473509207367897,3013,GCCGGG,6.033814497641288e-05,3143,GCTCAG,0.054972462356090546,False,False,True,-6.450922228395939e-05,
10,23,10,head_1,recovery,0.0,0.0072242021560668945,3173,GCTGGG,4.40625,3013,GCCGGG,4.41015625,3013,GCCGGG,4.41015625,3173,GCTGGG,0.04712593927979469,3013,GCCGGG,6.028557982062921e-05,3143,GCTCAG,0.05518246442079544,False,False,True,-3.695208579301834e-05,
10,24,10,head_1,recovery,0.111328125,-0.06959164142608643,3173,GCTGGG,4.40625,3013,GCCGGG,4.40625,3013,GCCGGG,4.40625,3173,GCTGGG,0.04680047929286957,3013,GCCGGG,5.984008384984918e-05,3143,GCTCAG,0.05504775792360306,False,False,True,-8.389889262616634e-05,
10,25,10,head_1,recovery,0.0,-0.10658073425292969,3173,GCTGGG,4.40625,3013,GCCGGG,4.41015625,3013,GCCGGG,4.41015625,3173,GCTGGG,0.04664406552910805,3013,GCCGGG,5.992925798636861e-05,3143,GCTCAG,0.05492408946156502,False,False,True,-7.305503822863102e-05,
10,26,10,head_1,recovery,0.0,-0.08160555362701416,3173,GCTGGG,4.40234375,3013,GCCGGG,4.40625,3013,GCCGGG,4.40625,3173,GCTGGG,0.04674959555268288,3013,GCCGGG,5.978871195111424e-05,3143,GCTCAG,0.05502063408493996,False,False,True,-5.605211481451988e-05,
10,27,10,head_1,recovery,0.0,-0.003779768943786621,3173,GCTGGG,4.40625,3013,GCCGGG,4.41015625,3013,GCCGGG,4.41015625,3173,GCTGGG,0.0470794178545475,3013,GCCGGG,6.032262899680063e-05,3143,GCTCAG,0.054984334856271744,False,False,True,-1.60860363394022e-05,
10,28,10,head_1,recovery,0.0,0.036787450313568115,3173,GCTGGG,4.40625,3013,GCCGGG,4.41015625,3013,GCCGGG,4.41015625,3173,GCTGGG,0.047250896692276,3013,GCCGGG,6.01602005190216e-05,3143,GCTCAG,0.055068518966436386,False,False,True,-3.323727287352085e-05,
10,29,10,head_1,recovery,0.0,-0.03714752197265625,3173,GCTGGG,4.40234375,3013,GCCGGG,4.40625,3013,GCCGGG,4.40625,3173,GCTGGG,0.04693806543946266,3013,GCCGGG,6.0150727222207934e-05,3143,GCTCAG,0.055001068860292435,False,False,True,-1.807953231036663e-05,
10,30,10,head_1,recovery,0.0,-0.01887357234954834,3173,GCTGGG,4.40625,3013,GCCGGG,4.41015625,3013,GCCGGG,4.41015625,3173,GCTGGG,0.04701526090502739,3013,GCCGGG,6.002759619150311e-05,3143,GCTCAG,0.054724548012018204,False,False,True,-5.773291923105717e-05,
10,31,10,head_1,recovery,0.0,-0.08399951457977295,3173,GCTGGG,4.40234375,3013,GCCGGG,4.40625,3013,GCCGGG,4.40625,3173,GCTGGG,0.0467396154999733,3013,GCCGGG,5.9935759054496884e-05,3143,GCTCAG,0.05469336360692978,False,False,True,-3.602122887969017e-05,
11,0,10,head_1,recovery,0.0,0.011156320571899414,3173,GCTGGG,4.40625,3013,GCCGGG,4.41015625,3013,GCCGGG,4.41015625,3173,GCTGGG,0.047142673283815384,3013,GCCGGG,6.038339051883668e-05,3143,GCTCAG,0.055153220891952515,False,False,True,2.7005327865481377e-05,
11,1,10,head_1,recovery,0.0,-0.031009912490844727,3173,GCTGGG,4.40625,3013,GCCGGG,4.41015625,3013,GCCGGG,4.41015625,3173,GCTGGG,0.04696398228406906,3013,GCCGGG,6.009951903251931e-05,3143,GCTCAG,0.054836127907037735,False,False,True,4.146154969930649e-05,
11,2,10,head_1,recovery,0.0,-0.02918374538421631,3173,GCTGGG,4.40625,3013,GCCGGG,4.41015625,3013,GCCGGG,4.41015625,3173,GCTGGG,0.04697175696492195,3013,GCCGGG,6.0147987824166194e-05,3143,GCTCAG,0.05480588600039482,False,False,True,3.9618462324142456e-05,
11,3,10,head_1,recovery,0.0,-0.017839908599853516,3173,GCTGGG,4.40625,3013,GCCGGG,4.41015625,3013,GCCGGG,4.41015625,3173,GCTGGG,0.047019749879837036,3013,GCCGGG,6.01451683905907e-05,3143,GCTCAG,0.054939791560173035,False,False,True,1.525040715932846e-06,
11,4,10,head_1,recovery,-0.111328125,-0.08134233951568604,3173,GCTGGG,4.40234375,3013,GCCGGG,4.41015625,3013,GCCGGG,4.41015625,3173,GCTGGG,0.046751029789447784,3013,GCCGGG,6.01070023549255e-05,3143,GCTCAG,0.05484630540013313,False,False,True,2.1537533029913902e-05,
11,5,10,head_1,recovery,0.111328125,-0.037400245666503906,3173,GCTGGG,4.40625,3013,GCCGGG,4.40625,3013,GCCGGG,4.40625,3173,GCTGGG,0.046936698257923126,3013,GCCGGG,5.985420648357831e-05,3143,GCTCAG,0.054826848208904266,False,False,True,2.5833258405327797e-05,
11,6,10,head_1,recovery,0.0,0.034153103828430176,3173,GCTGGG,4.40625,3013,GCCGGG,4.41015625,3013,GCCGGG,4.41015625,3173,GCTGGG,0.04723989591002464,3013,GCCGGG,6.0304235375951976e-05,3143,GCTCAG,0.05493905395269394,False,False,True,1.4581019058823586e-05,
11,7,10,head_1,recovery,0.0,-0.0527801513671875,3173,GCTGGG,4.40625,3013,GCCGGG,4.41015625,3013,GCCGGG,4.41015625,3173,GCTGGG,0.04687204211950302,3013,GCCGGG,6.0270824178587645e-05,3143,GCTCAG,0.05473962798714638,False,False,True,2.7658184990286827e-05,
11,8,10,head_1,recovery,-0.111328125,-0.08521366119384766,3173,GCTGGG,4.40234375,3013,GCCGGG,4.41015625,3013,GCCGGG,4.41015625,3173,GCTGGG,0.046734943985939026,3013,GCCGGG,6.040248990757391e-05,3143,GCTCAG,0.0548592284321785,False,False,True,-2.9161805287003517e-05,
11,9,10,head_1,recovery,0.0,-0.04986584186553955,3173,GCTGGG,4.40625,3013,GCCGGG,4.41015625,3013,GCCGGG,4.41015625,3173,GCTGGG,0.04688439145684242,3013,GCCGGG,6.029130963725038e-05,3143,GCTCAG,0.05473066866397858,False,False,True,-9.764451533555984e-06,
11,10,10,head_1,recovery,0.0,0.0145760178565979,3173,GCTGGG,4.40625,3013,GCCGGG,4.41015625,3013,GCCGGG,4.41015625,3173,GCTGGG,0.04715694487094879,3013,GCCGGG,6.018734711688012e-05,3143,GCTCAG,0.05477568134665489,False,False,True,-1.4793593436479568e-05,
11,11,10,head_1,recovery,0.0,-0.008810758590698242,3173,GCTGGG,4.40625,3013,GCCGGG,4.41015625,3013,GCCGGG,4.41015625,3173,GCTGGG,0.04705796763300896,3013,GCCGGG,6.0159156419103965e-05,3143,GCTCAG,0.05498695746064186,False,False,True,-2.192729152739048e-05,
11,12,10,head_1,recovery,-0.22265625,0.018953680992126465,3173,GCTGGG,4.40625,3013,GCCGGG,4.41796875,3013,GCCGGG,4.41796875,3173,GCTGGG,0.04717608541250229,3013,GCCGGG,6.0803482483606786e-05,3143,GCTCAG,0.055040933191776276,False,False,True,-4.5733992010354996e-05,
11,13,10,head_1,recovery,-0.22265625,-0.005991578102111816,3173,GCTGGG,4.40625,3013,GCCGGG,4.41796875,3013,GCCGGG,4.41796875,3173,GCTGGG,0.0470706969499588,3013,GCCGGG,6.0960857808822766e-05,3143,GCTCAG,0.054832566529512405,False,False,True,-5.7749683037400246e-05,
11,14,10,head_1,recovery,0.0,0.07978653907775879,3173,GCTGGG,4.40625,3013,GCCGGG,4.41015625,3013,GCCGGG,4.41015625,3173,GCTGGG,0.04743329435586929,3013,GCCGGG,6.06240973866079e-05,3143,GCTCAG,0.0550009161233902,False,False,True,-5.578226409852505e-05,
11,15,10,head_1,recovery,0.0,-0.00858008861541748,3173,GCTGGG,4.40625,3013,GCCGGG,4.41015625,3013,GCCGGG,4.41015625,3173,GCTGGG,0.04705901816487312,3013,GCCGGG,6.0234899137867615e-05,3143,GCTCAG,0.05482398346066475,False,False,True,-8.631381206214428e-05,
11,16,10,head_1,recovery,0.111328125,-0.03780961036682129,3173,GCTGGG,4.40625,3013,GCCGGG,4.40625,3013,GCCGGG,4.40625,3173,GCTGGG,0.04693514108657837,3013,GCCGGG,6.0028713050996885e-05,3143,GCTCAG,0.05478154495358467,False,False,True,-3.8201455026865005e-05,
11,17,10,head_1,recovery,0.111328125,-0.00784313678741455,3173,GCTGGG,4.40625,3013,GCCGGG,4.40625,3013,GCCGGG,4.40625,3173,GCTGGG,0.047061920166015625,3013,GCCGGG,6.0016616771463305e-05,3143,GCTCAG,0.054836563766002655,False,False,True,-0.00012518325820565224,
11,18,10,head_1,recovery,0.0,-0.018573284149169922,3173,GCTGGG,4.40625,3013,GCCGGG,4.41015625,3013,GCCGGG,4.41015625,3173,GCTGGG,0.047016434371471405,3013,GCCGGG,5.993209924781695e-05,3143,GCTCAG,0.05513998866081238,False,False,True,-9.797862730920315e-05,
11,19,10,head_1,recovery,0.111328125,0.032016217708587646,3173,GCTGGG,4.40625,3013,GCCGGG,4.40625,3013,GCCGGG,4.40625,3173,GCTGGG,0.047230757772922516,3013,GCCGGG,6.020708315190859e-05,3143,GCTCAG,0.05511060357093811,False,False,True,-9.381724521517754e-05,
11,20,10,head_1,recovery,0.0,-0.018979191780090332,3173,GCTGGG,4.40234375,3013,GCCGGG,4.40625,3013,GCCGGG,4.40625,3173,GCTGGG,0.047014858573675156,3013,GCCGGG,6.0073805798310786e-05,3143,GCTCAG,0.055028036236763,False,False,True,-8.430355228483677e-05,
11,21,10,head_1,recovery,0.0,-0.03537344932556152,3173,GCTGGG,4.40625,3013,GCCGGG,4.41015625,3013,GCCGGG,4.41015625,3173,GCTGGG,0.04694563150405884,3013,GCCGGG,6.021091394359246e-05,3143,GCTCAG,0.05507544055581093,False,False,True,-6.845034658908844e-05,
11,22,10,head_1,recovery,0.0,0.040507376194000244,3173,GCTGGG,4.40625,3013,GCCGGG,4.41015625,3013,GCCGGG,4.41015625,3173,GCTGGG,0.04726668819785118,3013,GCCGGG,6.021244189469144e-05,3143,GCTCAG,0.05516767501831055,False,False,True,-3.231107257306576e-05,
11,23,10,head_1,recovery,0.0,-0.002027750015258789,3173,GCTGGG,4.40625,3013,GCCGGG,4.41015625,3013,GCCGGG,4.41015625,3173,GCTGGG,0.04708666354417801,3013,GCCGGG,6.0157279222039506e-05,3143,GCTCAG,0.054961755871772766,False,False,True,1.2867152690887451e-05,
11,24,10,head_1,recovery,0.0,0.029759585857391357,3173,GCTGGG,4.40625,3013,GCCGGG,4.41015625,3013,GCCGGG,4.41015625,3173,GCTGGG,0.04722128063440323,3013,GCCGGG,6.027863855706528e-05,3143,GCTCAG,0.05503316596150398,False,False,True,-5.228910595178604e-06,
11,25,10,head_1,recovery,0.0,0.010986387729644775,3173,GCTGGG,4.40625,3013,GCCGGG,4.41015625,3013,GCCGGG,4.41015625,3173,GCTGGG,0.04714182764291763,3013,GCCGGG,6.02571562922094e-05,3143,GCTCAG,0.055127836763858795,False,False,True,-1.80928036570549e-05,
11,26,10,head_1,recovery,-0.111328125,-0.053304076194763184,3173,GCTGGG,4.40234375,3013,GCCGGG,4.41015625,3013,GCCGGG,4.41015625,3173,GCTGGG,0.046869952231645584,3013,GCCGGG,6.039885192876682e-05,3143,GCTCAG,0.055089112371206284,False,False,True,-1.1341879144310951e-05,
11,27,10,head_1,recovery,0.0,0.01306694746017456,3173,GCTGGG,4.40625,3013,GCCGGG,4.41015625,3013,GCCGGG,4.41015625,3173,GCTGGG,0.04715043306350708,3013,GCCGGG,6.0060709074605256e-05,3143,GCTCAG,0.05528026446700096,False,False,True,-9.82196070253849e-06,
11,28,10,head_1,recovery,0.0,-0.003881096839904785,3173,GCTGGG,4.40625,3013,GCCGGG,4.41015625,3013,GCCGGG,4.41015625,3173,GCTGGG,0.047078900039196014,3013,GCCGGG,6.0232770920265466e-05,3143,GCTCAG,0.05503913015127182,False,False,True,-9.458977729082108e-06,
11,29,10,head_1,recovery,0.0,0.0021579861640930176,3173,GCTGGG,4.40625,3013,GCCGGG,4.41015625,3013,GCCGGG,4.41015625,3173,GCTGGG,0.04710450395941734,3013,GCCGGG,6.028667121427134e-05,3143,GCTCAG,0.05483512580394745,False,False,True,-3.510061651468277e-05,
11,30,10,head_1,recovery,0.0,0.035331130027770996,3173,GCTGGG,4.40625,3013,GCCGGG,4.41015625,3013,GCCGGG,4.41015625,3173,GCTGGG,0.047244977205991745,3013,GCCGGG,6.040187872713432e-05,3143,GCTCAG,0.05511457845568657,False,False,True,-8.797040209174156e-06,
11,31,10,head_1,recovery,0.0,0.014967858791351318,3173,GCTGGG,4.40625,3013,GCCGGG,4.41015625,3013,GCCGGG,4.41015625,3173,GCTGGG,0.04715857282280922,3013,GCCGGG,6.015728649799712e-05,3143,GCTCAG,0.05508266016840935,False,False,True,-2.6053981855511665e-05,
12,0,10,head_1,recovery,0.0,-0.0019000768661499023,3173,GCTGGG,4.40234375,3013,GCCGGG,4.40625,3013,GCCGGG,4.40625,3173,GCTGGG,0.0470871776342392,3013,GCCGGG,6.013133315718733e-05,3143,GCTCAG,0.05494977906346321,False,False,True,-8.184462785720825e-06,
12,1,10,head_1,recovery,0.0,0.028871238231658936,3173,GCTGGG,4.40625,3013,GCCGGG,4.41015625,3013,GCCGGG,4.41015625,3173,GCTGGG,0.047217611223459244,3013,GCCGGG,6.036966078681871e-05,3143,GCTCAG,0.054961755871772766,False,False,True,3.2989075407385826e-05,
12,2,10,head_1,recovery,0.0,0.005914032459259033,3173,GCTGGG,4.40625,3013,GCCGGG,4.41015625,3013,GCCGGG,4.41015625,3173,GCTGGG,0.04712031036615372,3013,GCCGGG,6.020117871230468e-05,3143,GCTCAG,0.055032093077898026,False,False,True,3.890367224812508e-06,
12,3,10,head_1,recovery,0.111328125,-0.028926730155944824,3173,GCTGGG,4.40625,3013,GCCGGG,4.40625,3013,GCCGGG,4.40625,3173,GCTGGG,0.046972718089818954,3013,GCCGGG,6.002088412060402e-05,3143,GCTCAG,0.0547785758972168,False,False,True,-5.091074854135513e-06,
12,4,10,head_1,recovery,0.0,-0.03429222106933594,3173,GCTGGG,4.40234375,3013,GCCGGG,4.40625,3013,GCCGGG,4.40625,3173,GCTGGG,0.04694994166493416,3013,GCCGGG,5.994695675326511e-05,3143,GCTCAG,0.05477791652083397,False,False,True,7.755588740110397e-07,
12,5,10,head_1,recovery,0.0,-0.02981853485107422,3173,GCTGGG,4.40625,3013,GCCGGG,4.41015625,3013,GCCGGG,4.41015625,3173,GCTGGG,0.046969156712293625,3013,GCCGGG,6.023465539328754e-05,3143,GCTCAG,0.05489156395196915,False,False,True,2.9396265745162964e-05,
12,6,10,head_1,recovery,-0.111328125,0.0541536808013916,3173,GCTGGG,4.40234375,3013,GCCGGG,4.41015625,3013,GCCGGG,4.41015625,3173,GCTGGG,0.047324828803539276,3013,GCCGGG,6.0614824178628623e-05,3143,GCTCAG,0.05527685210108757,False,False,True,5.3211115300655365e-06,
12,7,10,head_1,recovery,-0.111328125,-0.058507561683654785,3173,GCTGGG,4.3984375,3013,GCCGGG,4.40625,3013,GCCGGG,4.40625,3173,GCTGGG,0.04684781655669212,3013,GCCGGG,6.0277379816398025e-05,3143,GCTCAG,0.05493218079209328,False,False,True,1.1672964319586754e-05,
12,8,10,head_1,recovery,0.0,0.016044676303863525,3173,GCTGGG,4.40625,3013,GCCGGG,4.41015625,3013,GCCGGG,4.41015625,3173,GCTGGG,0.0471632294356823,3013,GCCGGG,6.0257840232225135e-05,3143,GCTCAG,0.055021733045578,False,False,True,1.6038771718740463e-05,
12,9,10,head_1,recovery,0.0,0.00832301378250122,3173,GCTGGG,4.40625,3013,GCCGGG,4.41015625,3013,GCCGGG,4.41015625,3173,GCTGGG,0.047130435705184937,3013,GCCGGG,6.0132413636893034e-05,3143,GCTCAG,0.054874517023563385,False,False,True,2.5513581931591034e-05,
12,10,10,head_1,recovery,0.0,-0.033233046531677246,3173,GCTGGG,4.40234375,3013,GCCGGG,4.40625,3013,GCCGGG,4.40625,3173,GCTGGG,0.04695466160774231,3013,GCCGGG,6.018484418746084e-05,3143,GCTCAG,0.054897237569093704,False,False,True,1.410837285220623e-05,
12,11,10,head_1,recovery,0.0,-0.00492703914642334,3173,GCTGGG,4.40625,3013,GCCGGG,4.41015625,3013,GCCGGG,4.41015625,3173,GCTGGG,0.04707452654838562,3013,GCCGGG,6.028784264344722e-05,3143,GCTCAG,0.05508526414632797,False,False,True,3.7914374843239784e-05,
12,12,10,head_1,recovery,0.0,-0.024912714958190918,3173,GCTGGG,4.40625,3013,GCCGGG,4.41015625,3013,GCCGGG,4.41015625,3173,GCTGGG,0.04698970541357994,3013,GCCGGG,6.0025184211554006e-05,3143,GCTCAG,0.05503972992300987,False,False,True,3.380700945854187e-05,
12,13,10,head_1,recovery,-0.111328125,-0.011476874351501465,3173,GCTGGG,4.40234375,3013,GCCGGG,4.41015625,3013,GCCGGG,4.41015625,3173,GCTGGG,0.04704684764146805,3013,GCCGGG,6.03213811700698e-05,3143,GCTCAG,0.05510666221380234,False,False,True,2.751941792666912e-05,
12,14,10,head_1,recovery,0.0,0.013583779335021973,3173,GCTGGG,4.40625,3013,GCCGGG,4.41015625,3013,GCCGGG,4.41015625,3173,GCTGGG,0.047152552753686905,3013,GCCGGG,5.999289714964107e-05,3143,GCTCAG,0.05502774938941002,False,False,True,4.821224138140678e-06,
12,15,10,head_1,recovery,-0.111328125,-0.06951773166656494,3173,GCTGGG,4.3984375,3013,GCCGGG,4.40625,3013,GCCGGG,4.40625,3173,GCTGGG,0.04680109769105911,3013,GCCGGG,6.014566315570846e-05,3143,GCTCAG,0.05476447194814682,False,False,True,1.9184546545147896e-05,
12,16,10,head_1,recovery,0.0,-0.028597354888916016,3173,GCTGGG,4.40625,3013,GCCGGG,4.41015625,3013,GCCGGG,4.41015625,3173,GCTGGG,0.046974245458841324,3013,GCCGGG,6.015576218487695e-05,3143,GCTCAG,0.05496456101536751,False,False,True,-2.6499619707465172e-05,
12,17,10,head_1,recovery,0.0,-0.08662247657775879,3173,GCTGGG,4.40234375,3013,GCCGGG,4.40625,3013,GCCGGG,4.40625,3173,GCTGGG,0.04672863334417343,3013,GCCGGG,6.005346222082153e-05,3143,GCTCAG,0.05490373820066452,False,False,True,-4.01567667722702e-05,
12,18,10,head_1,recovery,-0.111328125,-0.07031536102294922,3173,GCTGGG,4.3984375,3013,GCCGGG,4.40625,3013,GCCGGG,4.40625,3173,GCTGGG,0.04679758474230766,3013,GCCGGG,6.0007336287526414e-05,3143,GCTCAG,0.05485067516565323,False,False,True,-7.332349196076393e-05,
12,19,10,head_1,recovery,0.0,0.07374304533004761,3173,GCTGGG,4.40625,3013,GCCGGG,4.41015625,3013,GCCGGG,4.41015625,3173,GCTGGG,0.04740750789642334,3013,GCCGGG,6.0407473938539624e-05,3143,GCTCAG,0.0553109347820282,False,False,True,-8.431333117187023e-05,
12,20,10,head_1,recovery,-0.111328125,0.011615931987762451,3173,GCTGGG,4.40234375,3013,GCCGGG,4.41015625,3013,GCCGGG,4.41015625,3173,GCTGGG,0.04714468494057655,3013,GCCGGG,6.044957262929529e-05,3143,GCTCAG,0.055255819112062454,False,False,True,-9.443750604987144e-05,
12,21,10,head_1,recovery,0.0,0.00506967306137085,3173,GCTGGG,4.40625,3013,GCCGGG,4.41015625,3013,GCCGGG,4.41015625,3173,GCTGGG,0.04711693152785301,3013,GCCGGG,6.03946355113294e-05,3143,GCTCAG,0.05520644038915634,False,False,True,-8.2401093095541e-05,
12,22,10,head_1,recovery,0.0,0.011359691619873047,3173,GCTGGG,4.40625,3013,GCCGGG,4.41015625,3013,GCCGGG,4.41015625,3173,GCTGGG,0.04714333638548851,3013,GCCGGG,6.0186499467818066e-05,3143,GCTCAG,0.05521799996495247,False,False,True,-6.0922931879758835e-05,
12,23,10,head_1,recovery,0.0,0.006518065929412842,3173,GCTGGG,4.40625,3013,GCCGGG,4.41015625,3013,GCCGGG,4.41015625,3173,GCTGGG,0.04712286964058876,3013,GCCGGG,6.020261571393348e-05,3143,GCTCAG,0.054931044578552246,False,False,True,1.735636033117771e-05,
12,24,10,head_1,recovery,0.0,0.009313523769378662,3173,GCTGGG,4.40625,3013,GCCGGG,4.41015625,3013,GCCGGG,4.41015625,3173,GCTGGG,0.047134920954704285,3013,GCCGGG,6.0426911659305915e-05,3143,GCTCAG,0.055159300565719604,False,False,True,4.484620876610279e-05,
12,25,10,head_1,recovery,0.0,0.03740113973617554,3173,GCTGGG,4.40625,3013,GCCGGG,4.41015625,3013,GCCGGG,4.41015625,3173,GCTGGG,0.04725356772542,3013,GCCGGG,6.02343279751949e-05,3143,GCTCAG,0.0549725666642189,False,False,True,4.0813349187374115e-05,
12,26,10,head_1,recovery,-0.111328125,-0.02563643455505371,3173,GCTGGG,4.40234375,3013,GCCGGG,4.41015625,3013,GCCGGG,4.41015625,3173,GCTGGG,0.04698687046766281,3013,GCCGGG,6.025368202244863e-05,3143,GCTCAG,0.05490221083164215,False,False,True,1.6696518287062645e-05,
12,27,10,head_1,recovery,-0.111328125,-0.05778384208679199,3173,GCTGGG,4.40234375,3013,GCCGGG,4.41015625,3013,GCCGGG,4.41015625,3173,GCTGGG,0.046850740909576416,3013,GCCGGG,6.014150858391076e-05,3143,GCTCAG,0.054929740726947784,False,False,True,1.7471378669142723e-05,
12,28,10,head_1,recovery,0.0,-0.010570764541625977,3173,GCTGGG,4.40625,3013,GCCGGG,4.41015625,3013,GCCGGG,4.41015625,3173,GCTGGG,0.04705037921667099,3013,GCCGGG,6.001929796184413e-05,3143,GCTCAG,0.05498732626438141,False,False,True,2.561439760029316e-05,
12,29,10,head_1,recovery,0.0,0.0002518296241760254,3173,GCTGGG,4.40625,3013,GCCGGG,4.41015625,3013,GCCGGG,4.41015625,3173,GCTGGG,0.04709639027714729,3013,GCCGGG,6.023951209499501e-05,3143,GCTCAG,0.05491442605853081,False,False,True,2.2104941308498383e-05,
12,30,10,head_1,recovery,-0.111328125,-0.03374636173248291,3173,GCTGGG,4.40234375,3013,GCCGGG,4.41015625,3013,GCCGGG,4.41015625,3173,GCTGGG,0.04695245251059532,3013,GCCGGG,6.014987957314588e-05,3143,GCTCAG,0.05499442294239998,False,False,True,1.729186624288559e-05,
12,31,10,head_1,recovery,0.0,0.022947490215301514,3173,GCTGGG,4.40625,3013,GCCGGG,4.41015625,3013,GCCGGG,4.41015625,3173,GCTGGG,0.047192420810461044,3013,GCCGGG,6.023996684234589e-05,3143,GCTCAG,0.05496429651975632,False,False,True,2.4185283109545708e-05,
13,0,10,head_1,recovery,0.0,-0.04051351547241211,3173,GCTGGG,4.40625,3013,GCCGGG,4.41015625,3013,GCCGGG,4.41015625,3173,GCTGGG,0.04692385345697403,3013,GCCGGG,6.018390558892861e-05,3143,GCTCAG,0.05486121401190758,False,False,True,2.7956906706094742e-05,
13,1,10,head_1,recovery,0.0,-0.09946310520172119,3173,GCTGGG,4.40625,3013,GCCGGG,4.41015625,3013,GCCGGG,4.41015625,3173,GCTGGG,0.04667424410581589,3013,GCCGGG,5.999273344059475e-05,3143,GCTCAG,0.05479299649596214,False,False,True,-3.5599805414676666e-07,
13,2,10,head_1,recovery,0.0,-0.07105410099029541,3173,GCTGGG,4.40625,3013,GCCGGG,4.41015625,3013,GCCGGG,4.41015625,3173,GCTGGG,0.046794768422842026,3013,GCCGGG,6.031762313796207e-05,3143,GCTCAG,0.054831475019454956,False,False,True,-1.0854331776499748e-05,
13,3,10,head_1,recovery,0.0,0.06384843587875366,3173,GCTGGG,4.40625,3013,GCCGGG,4.41015625,3013,GCCGGG,4.41015625,3173,GCTGGG,0.04736565425992012,3013,GCCGGG,6.0420483350753784e-05,3143,GCTCAG,0.05517026409506798,False,False,True,-1.1393334716558456e-05,
13,4,10,head_1,recovery,0.0,0.029865264892578125,3173,GCTGGG,4.40625,3013,GCCGGG,4.41015625,3013,GCCGGG,4.41015625,3173,GCTGGG,0.04722166061401367,3013,GCCGGG,6.0210182709852234e-05,3143,GCTCAG,0.05519086495041847,False,False,True,1.3305805623531342e-05,
13,5,10,head_1,recovery,-0.111328125,-0.06203913688659668,3173,GCTGGG,4.3984375,3013,GCCGGG,4.40625,3013,GCCGGG,4.40625,3173,GCTGGG,0.046832770109176636,3013,GCCGGG,6.0176254919497296e-05,3143,GCTCAG,0.055052969604730606,False,False,True,2.6695895940065384e-05,
13,6,10,head_1,recovery,-0.111328125,-0.09189987182617188,3173,GCTGGG,4.3984375,3013,GCCGGG,4.40625,3013,GCCGGG,4.40625,3173,GCTGGG,0.04670631140470505,3013,GCCGGG,6.0059584939153865e-05,3143,GCTCAG,0.05494621396064758,False,False,True,1.8604332581162453e-05,
13,7,10,head_1,recovery,0.0,-0.018945813179016113,3173,GCTGGG,4.40234375,3013,GCCGGG,4.40625,3013,GCCGGG,4.40625,3173,GCTGGG,0.04701510816812515,3013,GCCGGG,6.018144995323382e-05,3143,GCTCAG,0.05513254180550575,False,False,True,1.059449277818203e-05,
13,8,10,head_1,recovery,0.0,0.011049807071685791,3173,GCTGGG,4.40625,3013,GCCGGG,4.41015625,3013,GCCGGG,4.41015625,3173,GCTGGG,0.04714218154549599,3013,GCCGGG,6.034040416125208e-05,3143,GCTCAG,0.05526890978217125,False,False,True,6.696442142128944e-06,
13,9,10,head_1,recovery,0.0,0.002935469150543213,3173,GCTGGG,4.40625,3013,GCCGGG,4.41015625,3013,GCCGGG,4.41015625,3173,GCTGGG,0.047107502818107605,3013,GCCGGG,5.999596032779664e-05,3143,GCTCAG,0.05500705912709236,False,False,True,1.554167829453945e-05,
13,10,10,head_1,recovery,-0.111328125,-0.05686020851135254,3173,GCTGGG,4.40625,3013,GCCGGG,4.4140625,3013,GCCGGG,4.4140625,3173,GCTGGG,0.04685483127832413,3013,GCCGGG,6.032228338881396e-05,3143,GCTCAG,0.054848264902830124,False,False,True,1.1113006621599197e-05,
13,11,10,head_1,recovery,0.0,-0.014700174331665039,3173,GCTGGG,4.40625,3013,GCCGGG,4.41015625,3013,GCCGGG,4.41015625,3173,GCTGGG,0.047032978385686874,3013,GCCGGG,6.008962373016402e-05,3143,GCTCAG,0.055129945278167725,False,False,True,1.678289845585823e-05,
13,12,10,head_1,recovery,0.0,0.017364442348480225,3173,GCTGGG,4.40625,3013,GCCGGG,4.41015625,3013,GCCGGG,4.41015625,3173,GCTGGG,0.047168828547000885,3013,GCCGGG,6.0272352129686624e-05,3143,GCTCAG,0.054956939071416855,False,False,True,1.2030592188239098e-05,
13,13,10,head_1,recovery,0.0,-0.00659024715423584,3173,GCTGGG,4.40625,3013,GCCGGG,4.41015625,3013,GCCGGG,4.41015625,3173,GCTGGG,0.04706748574972153,3013,GCCGGG,6.0284346545813605e-05,3143,GCTCAG,0.0548756942152977,False,False,True,-1.290859654545784e-05,
13,14,10,head_1,recovery,0.0,0.006394803524017334,3173,GCTGGG,4.40625,3013,GCCGGG,4.41015625,3013,GCCGGG,4.41015625,3173,GCTGGG,0.04712260141968727,3013,GCCGGG,6.04562992521096e-05,3143,GCTCAG,0.054889678955078125,False,False,True,-2.2015534341335297e-05,
13,15,10,head_1,recovery,0.0,0.01599884033203125,3173,GCTGGG,4.40625,3013,GCCGGG,4.41015625,3013,GCCGGG,4.41015625,3173,GCTGGG,0.047163333743810654,3013,GCCGGG,6.0552876675501466e-05,3143,GCTCAG,0.055012620985507965,False,False,True,-1.0456889867782593e-05,
13,16,10,head_1,recovery,0.0,-0.021195292472839355,3173,GCTGGG,4.40625,3013,GCCGGG,4.41015625,3013,GCCGGG,4.41015625,3173,GCTGGG,0.04700544476509094,3013,GCCGGG,6.0035217757103965e-05,3143,GCTCAG,0.05521465465426445,False,False,True,1.8108868971467018e-05,
13,17,10,head_1,recovery,-0.111328125,-0.09486711025238037,3173,GCTGGG,4.40234375,3013,GCCGGG,4.41015625,3013,GCCGGG,4.41015625,3173,GCTGGG,0.04669354856014252,3013,GCCGGG,5.984929157420993e-05,3143,GCTCAG,0.05492449924349785,False,False,True,3.0788592994213104e-05,
13,18,10,head_1,recovery,0.0,-0.051595091819763184,3173,GCTGGG,4.40625,3013,GCCGGG,4.41015625,3013,GCCGGG,4.41015625,3173,GCTGGG,0.04687652364373207,3013,GCCGGG,5.9737376432167366e-05,3143,GCTCAG,0.05510355904698372,False,False,True,4.310137592256069e-05,
13,19,10,head_1,recovery,-0.111328125,-0.13898348808288574,3173,GCTGGG,4.3984375,3013,GCCGGG,4.40625,3013,GCCGGG,4.40625,3173,GCTGGG,0.046506814658641815,3013,GCCGGG,5.9776644775411114e-05,3143,GCTCAG,0.054845258593559265,False,False,True,1.4553545042872429e-05,
13,20,10,head_1,recovery,0.0,0.014858663082122803,3173,GCTGGG,4.40625,3013,GCCGGG,4.41015625,3013,GCCGGG,4.41015625,3173,GCTGGG,0.047158122062683105,3013,GCCGGG,6.016864426783286e-05,3143,GCTCAG,0.055114924907684326,False,False,True,7.246970199048519e-05,
13,21,10,head_1,recovery,0.0,0.016254186630249023,3173,GCTGGG,4.40625,3013,GCCGGG,4.41015625,3013,GCCGGG,4.41015625,3173,GCTGGG,0.047164272516965866,3013,GCCGGG,6.0412901802919805e-05,3143,GCTCAG,0.05494995787739754,False,False,True,8.532893843948841e-05,
13,22,10,head_1,recovery,-0.111328125,-0.015887022018432617,3173,GCTGGG,4.40625,3013,GCCGGG,4.4140625,3013,GCCGGG,4.4140625,3173,GCTGGG,0.04702834039926529,3013,GCCGGG,6.047269926057197e-05,3143,GCTCAG,0.05506902188062668,False,False,True,9.894883260130882e-05,
13,23,10,head_1,recovery,0.0,0.012118697166442871,3173,GCTGGG,4.40625,3013,GCCGGG,4.41015625,3013,GCCGGG,4.41015625,3173,GCTGGG,0.04714669659733772,3013,GCCGGG,6.033421595930122e-05,3143,GCTCAG,0.054985664784908295,False,False,True,2.3828819394111633e-05,
13,24,10,head_1,recovery,0.0,-0.009973883628845215,3173,GCTGGG,4.40234375,3013,GCCGGG,4.40625,3013,GCCGGG,4.40625,3173,GCTGGG,0.0470530167222023,3013,GCCGGG,6.012897574692033e-05,3143,GCTCAG,0.05510127916932106,False,False,True,1.7153099179267883e-05,
13,25,10,head_1,recovery,0.111328125,0.029893457889556885,3173,GCTGGG,4.40625,3013,GCCGGG,4.40625,3013,GCCGGG,4.40625,3173,GCTGGG,0.04722165688872337,3013,GCCGGG,6.0088132158853114e-05,3143,GCTCAG,0.05512353032827377,False,False,True,-1.3518845662474632e-05,
13,26,10,head_1,recovery,0.0,-0.030031681060791016,3173,GCTGGG,4.40234375,3013,GCCGGG,4.40625,3013,GCCGGG,4.40625,3173,GCTGGG,0.04696808382868767,3013,GCCGGG,6.0061673138989136e-05,3143,GCTCAG,0.05503203347325325,False,False,True,6.590737029910088e-06,
13,27,10,head_1,recovery,0.0,0.019597291946411133,3173,GCTGGG,4.40625,3013,GCCGGG,4.41015625,3013,GCCGGG,4.41015625,3173,GCTGGG,0.04717826843261719,3013,GCCGGG,6.02641848672647e-05,3143,GCTCAG,0.054920993745326996,False,False,True,1.958361826837063e-05,
13,28,10,head_1,recovery,0.0,0.020455777645111084,3173,GCTGGG,4.40625,3013,GCCGGG,4.41015625,3013,GCCGGG,4.41015625,3173,GCTGGG,0.04718178138136864,3013,GCCGGG,6.0144659073557705e-05,3143,GCTCAG,0.055109769105911255,False,False,True,2.996460534632206e-05,
13,29,10,head_1,recovery,-0.111328125,0.00229799747467041,3173,GCTGGG,4.40234375,3013,GCCGGG,4.41015625,3013,GCCGGG,4.41015625,3173,GCTGGG,0.04710523039102554,3013,GCCGGG,6.04211054451298e-05,3143,GCTCAG,0.05502203106880188,False,False,True,1.4341901987791061e-05,
13,30,10,head_1,recovery,0.0,-0.0004665851593017578,3173,GCTGGG,4.40625,3013,GCCGGG,4.41015625,3013,GCCGGG,4.41015625,3173,GCTGGG,0.04709333926439285,3013,GCCGGG,6.022549860063009e-05,3143,GCTCAG,0.05504508689045906,False,False,True,1.6904203221201897e-05,
13,31,10,head_1,recovery,0.0,-0.022083759307861328,3173,GCTGGG,4.40625,3013,GCCGGG,4.41015625,3013,GCCGGG,4.41015625,3173,GCTGGG,0.04700193181633949,3013,GCCGGG,6.0283120546955615e-05,3143,GCTCAG,0.05491813272237778,False,False,True,5.48921525478363e-06,
14,0,10,head_1,recovery,0.0,0.07094144821166992,3173,GCTGGG,4.40625,3013,GCCGGG,4.41015625,3013,GCCGGG,4.41015625,3173,GCTGGG,0.047395601868629456,3013,GCCGGG,6.0355461755534634e-05,3143,GCTCAG,0.055259086191654205,False,False,True,-2.4863984435796738e-05,
14,1,10,head_1,recovery,0.0,0.08971023559570312,3173,GCTGGG,4.40625,3013,GCCGGG,4.41015625,3013,GCCGGG,4.41015625,3173,GCTGGG,0.047474995255470276,3013,GCCGGG,6.033676254446618e-05,3143,GCTCAG,0.05533645302057266,False,False,True,-2.3476313799619675e-05,
14,2,10,head_1,recovery,0.0,0.08310413360595703,3173,GCTGGG,4.40625,3013,GCCGGG,4.41015625,3013,GCCGGG,4.41015625,3173,GCTGGG,0.04744695499539375,3013,GCCGGG,6.024779941071756e-05,3143,GCTCAG,0.055432189255952835,False,False,True,-3.226124681532383e-05,
14,3,10,head_1,recovery,0.0,0.01223665475845337,3173,GCTGGG,4.40625,3013,GCCGGG,4.41015625,3013,GCCGGG,4.41015625,3173,GCTGGG,0.047146912664175034,3013,GCCGGG,6.005256364005618e-05,3143,GCTCAG,0.05515902861952782,False,False,True,-1.7824582755565643e-05,
14,4,10,head_1,recovery,0.0,0.01826167106628418,3173,GCTGGG,4.40625,3013,GCCGGG,4.41015625,3013,GCCGGG,4.41015625,3173,GCTGGG,0.047172240912914276,3013,GCCGGG,5.988714474369772e-05,3143,GCTCAG,0.05541988089680672,False,False,True,-1.959456130862236e-05,
14,5,10,head_1,recovery,-0.111328125,-0.08684957027435303,3173,GCTGGG,4.40234375,3013,GCCGGG,4.41015625,3013,GCCGGG,4.41015625,3173,GCTGGG,0.046727608889341354,3013,GCCGGG,5.99889644945506e-05,3143,GCTCAG,0.05499224737286568,False,False,True,-1.5649711713194847e-05,
14,6,10,head_1,recovery,0.0,-0.007465481758117676,3173,GCTGGG,4.40625,3013,GCCGGG,4.41015625,3013,GCCGGG,4.41015625,3173,GCTGGG,0.04706358537077904,3013,GCCGGG,6.008653144817799e-05,3143,GCTCAG,0.055071622133255005,False,False,True,-5.075940862298012e-06,
14,7,10,head_1,recovery,-0.111328125,-0.06439340114593506,3173,GCTGGG,4.40234375,3013,GCCGGG,4.41015625,3013,GCCGGG,4.41015625,3173,GCTGGG,0.04682278260588646,3013,GCCGGG,6.014874088577926e-05,3143,GCTCAG,0.05472550913691521,False,False,True,-1.0116491466760635e-05,
14,8,10,head_1,recovery,0.0,0.009543299674987793,3173,GCTGGG,4.40625,3013,GCCGGG,4.41015625,3013,GCCGGG,4.41015625,3173,GCTGGG,0.04713566601276398,3013,GCCGGG,6.020150976837613e-05,3143,GCTCAG,0.05502651259303093,False,False,True,-1.775287091732025e-05,
14,9,10,head_1,recovery,0.0,0.0025542378425598145,3173,GCTGGG,4.40234375,3013,GCCGGG,4.40625,3013,GCCGGG,4.40625,3173,GCTGGG,0.04710608348250389,3013,GCCGGG,6.019127613399178e-05,3143,GCTCAG,0.05507679283618927,False,False,True,-5.888752639293671e-06,
14,10,10,head_1,recovery,0.0,0.025244593620300293,3173,GCTGGG,4.40625,3013,GCCGGG,4.41015625,3013,GCCGGG,4.41015625,3173,GCTGGG,0.04720217362046242,3013,GCCGGG,6.027355993865058e-05,3143,GCTCAG,0.054922834038734436,False,False,True,-1.942180097103119e-05,
14,11,10,head_1,recovery,0.0,0.0870714783668518,3173,GCTGGG,4.40625,3013,GCCGGG,4.41015625,3013,GCCGGG,4.41015625,3173,GCTGGG,0.0474640354514122,3013,GCCGGG,6.054503683117218e-05,3143,GCTCAG,0.05477767810225487,False,False,True,-5.8212317526340485e-06,
14,12,10,head_1,recovery,0.0,0.03336334228515625,3173,GCTGGG,4.40625,3013,GCCGGG,4.41015625,3013,GCCGGG,4.41015625,3173,GCTGGG,0.04723665863275528,3013,GCCGGG,6.041060260031372e-05,3143,GCTCAG,0.05480886250734329,False,False,True,-1.2159114703536034e-05,
14,13,10,head_1,recovery,0.0,0.03672492504119873,3173,GCTGGG,4.40625,3013,GCCGGG,4.41015625,3013,GCCGGG,4.41015625,3173,GCTGGG,0.04725082591176033,3013,GCCGGG,6.035409023752436e-05,3143,GCTCAG,0.05504407733678818,False,False,True,4.770467057824135e-06,
14,14,10,head_1,recovery,0.0,-0.046234846115112305,3173,GCTGGG,4.40234375,3013,GCCGGG,4.40625,3013,GCCGGG,4.40625,3173,GCTGGG,0.04689943790435791,3013,GCCGGG,5.9974823670927435e-05,3143,GCTCAG,0.054959993809461594,False,False,True,-1.1023133993148804e-05,
14,15,10,head_1,recovery,-0.111328125,-0.05365622043609619,3173,GCTGGG,4.40234375,3013,GCCGGG,4.41015625,3013,GCCGGG,4.41015625,3173,GCTGGG,0.04686832055449486,3013,GCCGGG,6.0256850701989606e-05,3143,GCTCAG,0.05481301248073578,False,False,True,-6.191665306687355e-06,
14,16,10,head_1,recovery,0.0,-0.01521611213684082,3173,GCTGGG,4.40625,3013,GCCGGG,4.41015625,3013,GCCGGG,4.41015625,3173,GCTGGG,0.04703089967370033,3013,GCCGGG,6.0194321122253314e-05,3143,GCTCAG,0.05502413958311081,False,False,True,-1.538824290037155e-05,
14,17,10,head_1,recovery,0.0,0.0018982887268066406,3173,GCTGGG,4.40625,3013,GCCGGG,4.41015625,3013,GCCGGG,4.41015625,3173,GCTGGG,0.04710325971245766,3013,GCCGGG,6.013993333908729e-05,3143,GCTCAG,0.05509450286626816,False,False,True,-8.726492524147034e-06,
14,18,10,head_1,recovery,0.0,0.023911595344543457,3173,GCTGGG,4.40625,3013,GCCGGG,4.41015625,3013,GCCGGG,4.41015625,3173,GCTGGG,0.0471966452896595,3013,GCCGGG,6.038798892404884e-05,3143,GCTCAG,0.0551019012928009,False,False,True,-8.387956768274307e-06,
14,19,10,head_1,recovery,0.0,-0.007688164710998535,3173,GCTGGG,4.40625,3013,GCCGGG,4.41015625,3013,GCCGGG,4.41015625,3173,GCTGGG,0.04706280678510666,3013,GCCGGG,6.024892718414776e-05,3143,GCTCAG,0.05492468550801277,False,False,True,-2.3107044398784637e-05,
14,20,10,head_1,recovery,0.0,0.04052150249481201,3173,GCTGGG,4.40625,3013,GCCGGG,4.41015625,3013,GCCGGG,4.41015625,3173,GCTGGG,0.0472668893635273,3013,GCCGGG,6.035157639416866e-05,3143,GCTCAG,0.05503002926707268,False,False,True,-2.5737332180142403e-05,
14,21,10,head_1,recovery,0.0,0.02930086851119995,3173,GCTGGG,4.40625,3013,GCCGGG,4.41015625,3013,GCCGGG,4.41015625,3173,GCTGGG,0.047219205647706985,3013,GCCGGG,6.0146470787003636e-05,3143,GCTCAG,0.05502991005778313,False,False,True,-4.660803824663162e-06,
14,22,10,head_1,recovery,0.0,0.016491055488586426,3173,GCTGGG,4.40625,3013,GCCGGG,4.41015625,3013,GCCGGG,4.41015625,3173,GCTGGG,0.04716508835554123,3013,GCCGGG,6.0228045185795054e-05,3143,GCTCAG,0.05513399839401245,False,False,True,-3.0405353754758835e-06,
14,23,10,head_1,recovery,0.0,0.02637249231338501,3173,GCTGGG,4.40625,3013,GCCGGG,4.41015625,3013,GCCGGG,4.41015625,3173,GCTGGG,0.04720680043101311,3013,GCCGGG,6.013067104504444e-05,3143,GCTCAG,0.05506332218647003,False,False,True,2.158968709409237e-05,
14,24,10,head_1,recovery,0.0,-0.012720942497253418,3173,GCTGGG,4.40234375,3013,GCCGGG,4.40625,3013,GCCGGG,4.40625,3173,GCTGGG,0.04704133793711662,3013,GCCGGG,6.007280171616003e-05,3143,GCTCAG,0.05515657365322113,False,False,True,1.2674368917942047e-05,
14,25,10,head_1,recovery,0.0,0.010584890842437744,3173,GCTGGG,4.40625,3013,GCCGGG,4.41015625,3013,GCCGGG,4.41015625,3173,GCTGGG,0.04714002460241318,3013,GCCGGG,6.01510691922158e-05,3143,GCTCAG,0.05488651990890503,False,False,True,2.3902393877506256e-05,
14,26,10,head_1,recovery,0.0,0.00028437376022338867,3173,GCTGGG,4.40625,3013,GCCGGG,4.41015625,3013,GCCGGG,4.41015625,3173,GCTGGG,0.047096554189920425,3013,GCCGGG,6.026454866514541e-05,3143,GCTCAG,0.054905399680137634,False,False,True,1.7369864508509636e-05,
14,27,10,head_1,recovery,0.0,0.05768698453903198,3173,GCTGGG,4.40625,3013,GCCGGG,4.41015625,3013,GCCGGG,4.41015625,3173,GCTGGG,0.04733945429325104,3013,GCCGGG,6.028856660122983e-05,3143,GCTCAG,0.055036354809999466,False,False,True,1.2652482837438583e-05,
14,28,10,head_1,recovery,0.0,0.04421764612197876,3173,GCTGGG,4.40625,3013,GCCGGG,4.41015625,3013,GCCGGG,4.41015625,3173,GCTGGG,0.047282617539167404,3013,GCCGGG,6.0444461269071326e-05,3143,GCTCAG,0.054936740547418594,False,False,True,-9.248964488506317e-06,
14,29,10,head_1,recovery,0.0,0.028210878372192383,3173,GCTGGG,4.40625,3013,GCCGGG,4.41015625,3013,GCCGGG,4.41015625,3173,GCTGGG,0.04721490666270256,3013,GCCGGG,6.045837653800845e-05,3143,GCTCAG,0.05519813299179077,False,False,True,-1.9222497940063477e-05,
14,30,10,head_1,recovery,0.0,0.019715309143066406,3173,GCTGGG,4.40625,3013,GCCGGG,4.41015625,3013,GCCGGG,4.41015625,3173,GCTGGG,0.04717877507209778,3013,GCCGGG,6.027310519129969e-05,3143,GCTCAG,0.0550759956240654,False,False,True,5.359761416912079e-07,
14,31,10,head_1,recovery,0.0,0.001728355884552002,3173,GCTGGG,4.40625,3013,GCCGGG,4.41015625,3013,GCCGGG,4.41015625,3173,GCTGGG,0.04710271209478378,3013,GCCGGG,6.031289012753405e-05,3143,GCTCAG,0.05511067807674408,False,False,True,6.7749060690402985e-06,
15,0,10,head_1,recovery,0.111328125,0.0013691186904907227,3173,GCTGGG,4.40625,3013,GCCGGG,4.40625,3013,GCCGGG,4.40625,3173,GCTGGG,0.04710054770112038,3013,GCCGGG,5.9668564063031226e-05,3143,GCTCAG,0.05523020774126053,False,False,True,-1.5298835933208466e-05,
15,1,10,head_1,recovery,0.111328125,-0.013931512832641602,3173,GCTGGG,4.40625,3013,GCCGGG,4.40625,3013,GCCGGG,4.40625,3173,GCTGGG,0.04703570902347565,3013,GCCGGG,5.956553650321439e-05,3143,GCTCAG,0.05491987615823746,False,False,True,-1.4997553080320358e-05,
15,2,10,head_1,recovery,0.111328125,0.10371482372283936,3173,GCTGGG,4.40625,3013,GCCGGG,4.40625,3013,GCCGGG,4.40625,3173,GCTGGG,0.04753350093960762,3013,GCCGGG,5.9590922319330275e-05,3143,GCTCAG,0.05491563305258751,False,False,True,-2.752058207988739e-06,
15,3,10,head_1,recovery,0.0,0.14486056566238403,3173,GCTGGG,4.40625,3013,GCCGGG,4.41015625,3013,GCCGGG,4.41015625,3173,GCTGGG,0.04770830273628235,3013,GCCGGG,6.030296935932711e-05,3143,GCTCAG,0.05465278401970863,False,False,True,1.5760306268930435e-06,
15,4,10,head_1,recovery,0.111328125,0.13242053985595703,3173,GCTGGG,4.40625,3013,GCCGGG,4.40625,3013,GCCGGG,4.40625,3173,GCTGGG,0.04765531048178673,3013,GCCGGG,5.9943551605101675e-05,3143,GCTCAG,0.054846733808517456,False,False,True,-1.3742363080382347e-05,
15,5,10,head_1,recovery,0.111328125,-0.06365382671356201,3173,GCTGGG,4.3984375,3013,GCCGGG,4.3984375,3013,GCCGGG,4.3984375,3173,GCTGGG,0.04682542011141777,3013,GCCGGG,5.965679156361148e-05,3143,GCTCAG,0.05494195595383644,False,False,True,-3.477092832326889e-06,
15,6,10,head_1,recovery,0.0,-0.1330113410949707,3173,GCTGGG,4.40234375,3013,GCCGGG,4.40625,3013,GCCGGG,4.40625,3173,GCTGGG,0.04653213918209076,3013,GCCGGG,5.983109076623805e-05,3143,GCTCAG,0.05481570586562157,False,False,True,-1.77647452801466e-05,
15,7,10,head_1,recovery,0.0,-0.14638113975524902,3173,GCTGGG,4.40234375,3013,GCCGGG,4.40625,3013,GCCGGG,4.40625,3173,GCTGGG,0.0464756153523922,3013,GCCGGG,5.987614713376388e-05,3143,GCTCAG,0.05498940870165825,False,False,True,-8.885050192475319e-06,
15,8,10,head_1,recovery,0.0,-0.05357694625854492,3173,GCTGGG,4.40625,3013,GCCGGG,4.41015625,3013,GCCGGG,4.41015625,3173,GCTGGG,0.046868447214365005,3013,GCCGGG,6.004960960126482e-05,3143,GCTCAG,0.05492199957370758,False,False,True,-6.832415238022804e-06,
15,9,10,head_1,recovery,0.0,0.03189295530319214,3173,GCTGGG,4.40625,3013,GCCGGG,4.41015625,3013,GCCGGG,4.41015625,3173,GCTGGG,0.04723024740815163,3013,GCCGGG,6.021837907610461e-05,3143,GCTCAG,0.05488677695393562,False,False,True,-9.110895916819572e-06,
15,10,10,head_1,recovery,0.0,0.03962254524230957,3173,GCTGGG,4.40625,3013,GCCGGG,4.41015625,3013,GCCGGG,4.41015625,3173,GCTGGG,0.04726289212703705,3013,GCCGGG,6.015987310092896e-05,3143,GCTCAG,0.05494651570916176,False,False,True,-1.8827849999070168e-05,
15,11,10,head_1,recovery,0.0,-0.024187207221984863,3173,GCTGGG,4.40625,3013,GCCGGG,4.41015625,3013,GCCGGG,4.41015625,3173,GCTGGG,0.046992845833301544,3013,GCCGGG,6.0095171647844836e-05,3143,GCTCAG,0.05495864525437355,False,False,True,-1.4116289094090462e-05,
15,12,10,head_1,recovery,0.0,-0.02983880043029785,3173,GCTGGG,4.40625,3013,GCCGGG,4.41015625,3013,GCCGGG,4.41015625,3173,GCTGGG,0.046968795359134674,3013,GCCGGG,5.996004620101303e-05,3143,GCTCAG,0.05502867326140404,False,False,True,-8.892733603715897e-06,
15,13,10,head_1,recovery,0.0,-0.025064945220947266,3173,GCTGGG,4.40625,3013,GCCGGG,4.41015625,3013,GCCGGG,4.41015625,3173,GCTGGG,0.046988990157842636,3013,GCCGGG,5.9956550103379413e-05,3143,GCTCAG,0.05494910478591919,False,False,True,5.418667569756508e-06,
15,14,10,head_1,recovery,0.0,-0.004981637001037598,3173,GCTGGG,4.40625,3013,GCCGGG,4.41015625,3013,GCCGGG,4.41015625,3173,GCTGGG,0.0470740832388401,3013,GCCGGG,6.0074271459598094e-05,3143,GCTCAG,0.054926954209804535,False,False,True,-1.4265533536672592e-05,
15,15,10,head_1,recovery,0.0,0.004334509372711182,3173,GCTGGG,4.40625,3013,GCCGGG,4.41015625,3013,GCCGGG,4.41015625,3173,GCTGGG,0.04711368680000305,3013,GCCGGG,6.025887341820635e-05,3143,GCTCAG,0.05497148260474205,False,False,True,-1.2970995157957077e-05,
15,16,10,head_1,recovery,0.0,-0.004962325096130371,3173,GCTGGG,4.40625,3013,GCCGGG,4.41015625,3013,GCCGGG,4.41015625,3173,GCTGGG,0.04707445204257965,3013,GCCGGG,6.0362301155691966e-05,3143,GCTCAG,0.055051565170288086,False,False,True,-8.394941687583923e-06,
15,17,10,head_1,recovery,0.111328125,0.039793312549591064,3173,GCTGGG,4.40625,3013,GCCGGG,4.40625,3013,GCCGGG,4.40625,3173,GCTGGG,0.04726353660225868,3013,GCCGGG,6.007997217238881e-05,3143,GCTCAG,0.055192627012729645,False,False,True,2.593500539660454e-06,
15,18,10,head_1,recovery,0.0,0.04785573482513428,3173,GCTGGG,4.40625,3013,GCCGGG,4.41015625,3013,GCCGGG,4.41015625,3173,GCTGGG,0.047297995537519455,3013,GCCGGG,6.0426311392802745e-05,3143,GCTCAG,0.05496467277407646,False,False,True,6.316229701042175e-06,
15,19,10,head_1,recovery,0.0,0.0014237165451049805,3173,GCTGGG,4.40625,3013,GCCGGG,4.41015625,3013,GCCGGG,4.41015625,3173,GCTGGG,0.04710143432021141,3013,GCCGGG,6.032505916664377e-05,3143,GCTCAG,0.05494880676269531,False,False,True,1.8352176994085312e-05,
15,20,10,head_1,recovery,0.0,0.03831946849822998,3173,GCTGGG,4.40625,3013,GCCGGG,4.41015625,3013,GCCGGG,4.41015625,3173,GCTGGG,0.04725760966539383,3013,GCCGGG,6.038946230546571e-05,3143,GCTCAG,0.05500579997897148,False,False,True,3.857770934700966e-06,
15,21,10,head_1,recovery,-0.111328125,0.004326581954956055,3173,GCTGGG,4.40234375,3013,GCCGGG,4.41015625,3013,GCCGGG,4.41015625,3173,GCTGGG,0.0471135638654232,3013,GCCGGG,6.01723586441949e-05,3143,GCTCAG,0.0551115982234478,False,False,True,9.816838428378105e-06,
15,22,10,head_1,recovery,0.0,0.014487981796264648,3173,GCTGGG,4.40625,3013,GCCGGG,4.41015625,3013,GCCGGG,4.41015625,3173,GCTGGG,0.047156643122434616,3013,GCCGGG,6.0257701989030465e-05,3143,GCTCAG,0.05503000319004059,False,False,True,3.703869879245758e-06,
15,23,10,head_1,recovery,0.0,-0.002073526382446289,3173,GCTGGG,4.40625,3013,GCCGGG,4.41015625,3013,GCCGGG,4.41015625,3173,GCTGGG,0.04708661511540413,3013,GCCGGG,6.030056465533562e-05,3143,GCTCAG,0.05494995787739754,False,False,True,3.0384398996829987e-06,
15,24,10,head_1,recovery,0.0,-0.0077092647552490234,3173,GCTGGG,4.40625,3013,GCCGGG,4.41015625,3013,GCCGGG,4.41015625,3173,GCTGGG,0.047062646597623825,3013,GCCGGG,6.017891428200528e-05,3143,GCTCAG,0.055045317858457565,False,False,True,7.413793355226517e-06,
15,25,10,head_1,recovery,0.0,-0.00992274284362793,3173,GCTGGG,4.40625,3013,GCCGGG,4.41015625,3013,GCCGGG,4.41015625,3173,GCTGGG,0.0470532551407814,3013,GCCGGG,6.0153139202157035e-05,3143,GCTCAG,0.054940365254879,False,False,True,1.2760516256093979e-05,
15,26,10,head_1,recovery,0.0,0.029932141304016113,3173,GCTGGG,4.40625,3013,GCCGGG,4.41015625,3013,GCCGGG,4.41015625,3173,GCTGGG,0.04722204804420471,3013,GCCGGG,6.0315494920359924e-05,3143,GCTCAG,0.055082786828279495,False,False,True,-5.343696102499962e-06,
15,27,10,head_1,recovery,0.0,-0.002641439437866211,3173,GCTGGG,4.40625,3013,GCCGGG,4.41015625,3013,GCCGGG,4.41015625,3173,GCTGGG,0.04708408936858177,3013,GCCGGG,6.017785199219361e-05,3143,GCTCAG,0.05501748248934746,False,False,True,1.6766134649515152e-06,
15,28,10,head_1,recovery,0.0,0.01612037420272827,3173,GCTGGG,4.40625,3013,GCCGGG,4.41015625,3013,GCCGGG,4.41015625,3173,GCTGGG,0.04716344177722931,3013,GCCGGG,6.0146972828079015e-05,3143,GCTCAG,0.05496659502387047,False,False,True,3.052409738302231e-06,
15,29,10,head_1,recovery,0.0,0.03685438632965088,3173,GCTGGG,4.40625,3013,GCCGGG,4.41015625,3013,GCCGGG,4.41015625,3173,GCTGGG,0.04725128412246704,3013,GCCGGG,6.026541814208031e-05,3143,GCTCAG,0.05510679632425308,False,False,True,1.8209684640169144e-06,
15,30,10,head_1,recovery,0.0,0.013440251350402832,3173,GCTGGG,4.40625,3013,GCCGGG,4.41015625,3013,GCCGGG,4.41015625,3173,GCTGGG,0.04715200886130333,3013,GCCGGG,6.005356044624932e-05,3143,GCTCAG,0.05508340150117874,False,False,True,-1.1546071618795395e-06,
15,31,10,head_1,recovery,0.0,0.023072481155395508,3173,GCTGGG,4.40625,3013,GCCGGG,4.41015625,3013,GCCGGG,4.41015625,3173,GCTGGG,0.04719289764761925,3013,GCCGGG,6.019005013513379e-05,3143,GCTCAG,0.055165667086839676,False,False,True,-1.701992005109787e-07,
16,0,10,head_1,recovery,0.0,-0.01860332489013672,3173,GCTGGG,4.40625,3013,GCCGGG,4.41015625,3013,GCCGGG,4.41015625,3173,GCTGGG,0.047016508877277374,3013,GCCGGG,6.013460733811371e-05,3143,GCTCAG,0.05501905083656311,False,False,True,-1.2185657396912575e-05,
16,1,10,head_1,recovery,0.0,0.0015953779220581055,3173,GCTGGG,4.40625,3013,GCCGGG,4.41015625,3013,GCCGGG,4.41015625,3173,GCTGGG,0.0471019484102726,3013,GCCGGG,6.0111658967798576e-05,3143,GCTCAG,0.05487148091197014,False,False,True,-2.118246629834175e-05,
16,2,10,head_1,recovery,0.0,-0.00721895694732666,3173,GCTGGG,4.40625,3013,GCCGGG,4.41015625,3013,GCCGGG,4.41015625,3173,GCTGGG,0.047064345329999924,3013,GCCGGG,5.980308560538106e-05,3143,GCTCAG,0.05525769665837288,False,False,True,-5.561858415603638e-06,
16,3,10,head_1,recovery,0.111328125,0.08809810876846313,3173,GCTGGG,4.40625,3013,GCCGGG,4.40625,3013,GCCGGG,4.40625,3173,GCTGGG,0.047467660158872604,3013,GCCGGG,5.9823352785315365e-05,3143,GCTCAG,0.05560211092233658,False,False,True,-7.927417755126953e-06,
16,4,10,head_1,recovery,0.0,0.09311145544052124,3173,GCTGGG,4.41015625,3013,GCCGGG,4.4140625,3013,GCCGGG,4.4140625,3173,GCTGGG,0.04748933017253876,3013,GCCGGG,6.028135976521298e-05,3143,GCTCAG,0.055825620889663696,False,False,True,-1.2233154848217964e-05,
16,5,10,head_1,recovery,0.0,0.06848496198654175,3173,GCTGGG,4.41015625,3013,GCCGGG,4.4140625,3013,GCCGGG,4.4140625,3173,GCTGGG,0.04738560691475868,3013,GCCGGG,6.075750934542157e-05,3143,GCTCAG,0.05552040413022041,False,False,True,-4.782574251294136e-06,
16,6,10,head_1,recovery,0.0,-0.01168370246887207,3173,GCTGGG,4.41015625,3013,GCCGGG,4.4140625,3013,GCCGGG,4.4140625,3173,GCTGGG,0.04704595357179642,3013,GCCGGG,6.030091753927991e-05,3143,GCTCAG,0.055329736322164536,False,False,True,-7.937662303447723e-06,
16,7,10,head_1,recovery,-0.111328125,-0.038913726806640625,3173,GCTGGG,4.40234375,3013,GCCGGG,4.41015625,3013,GCCGGG,4.41015625,3173,GCTGGG,0.04693048819899559,3013,GCCGGG,6.0048412706237286e-05,3143,GCTCAG,0.05516194552183151,False,False,True,-1.1551892384886742e-05,
16,8,10,head_1,recovery,0.0,0.02066093683242798,3173,GCTGGG,4.40625,3013,GCCGGG,4.41015625,3013,GCCGGG,4.41015625,3173,GCTGGG,0.047182485461235046,3013,GCCGGG,5.997970947646536e-05,3143,GCTCAG,0.05520906671881676,False,False,True,-1.6683479771018028e-05,
16,9,10,head_1,recovery,0.0,0.03226536512374878,3173,GCTGGG,4.40625,3013,GCCGGG,4.41015625,3013,GCCGGG,4.41015625,3173,GCTGGG,0.047231946140527725,3013,GCCGGG,6.034102261764929e-05,3143,GCTCAG,0.05490885674953461,False,False,True,-1.3505341485142708e-05,
16,10,10,head_1,recovery,0.0,0.01495903730392456,3173,GCTGGG,4.40625,3013,GCCGGG,4.41015625,3013,GCCGGG,4.41015625,3173,GCTGGG,0.04715854302048683,3013,GCCGGG,6.016183760948479e-05,3143,GCTCAG,0.055038932710886,False,False,True,-7.2999391704797745e-06,
16,11,10,head_1,recovery,0.0,-0.020081520080566406,3173,GCTGGG,4.40625,3013,GCCGGG,4.41015625,3013,GCCGGG,4.41015625,3173,GCTGGG,0.04701019823551178,3013,GCCGGG,6.0078848036937416e-05,3143,GCTCAG,0.055067095905542374,False,False,True,-1.2112781405448914e-05,
16,12,10,head_1,recovery,0.0,-0.03737473487854004,3173,GCTGGG,4.40625,3013,GCCGGG,4.41015625,3013,GCCGGG,4.41015625,3173,GCTGGG,0.04693697765469551,3013,GCCGGG,6.0025573475286365e-05,3143,GCTCAG,0.05502329021692276,False,False,True,-7.34417699277401e-06,
16,13,10,head_1,recovery,0.0,-0.02147352695465088,3173,GCTGGG,4.40625,3013,GCCGGG,4.41015625,3013,GCCGGG,4.41015625,3173,GCTGGG,0.04700450226664543,3013,GCCGGG,6.0270773246884346e-05,3143,GCTCAG,0.05511421710252762,False,False,True,-1.7245067283511162e-05,
16,14,10,head_1,recovery,0.0,0.0013118982315063477,3173,GCTGGG,4.40625,3013,GCCGGG,4.41015625,3013,GCCGGG,4.41015625,3173,GCTGGG,0.047100979834795,3013,GCCGGG,6.034104444552213e-05,3143,GCTCAG,0.055119581520557404,False,False,True,-2.037966623902321e-05,
16,15,10,head_1,recovery,0.0,0.0077912211418151855,3173,GCTGGG,4.40625,3013,GCCGGG,4.41015625,3013,GCCGGG,4.41015625,3173,GCTGGG,0.047128356993198395,3013,GCCGGG,6.0305224906187505e-05,3143,GCTCAG,0.055098626762628555,False,False,True,-1.5723053365945816e-05,
16,16,10,head_1,recovery,0.0,0.011096477508544922,3173,GCTGGG,4.40625,3013,GCCGGG,4.41015625,3013,GCCGGG,4.41015625,3173,GCTGGG,0.0471423864364624,3013,GCCGGG,6.035080150468275e-05,3143,GCTCAG,0.055144477635622025,False,False,True,-4.24128957092762e-05,
16,17,10,head_1,recovery,0.0,0.005337357521057129,3173,GCTGGG,4.40625,3013,GCCGGG,4.41015625,3013,GCCGGG,4.41015625,3173,GCTGGG,0.04711804911494255,3013,GCCGGG,6.0378562920959666e-05,3143,GCTCAG,0.05511011555790901,False,False,True,-4.0571438148617744e-05,
16,18,10,head_1,recovery,0.0,0.018487930297851562,3173,GCTGGG,4.40625,3013,GCCGGG,4.41015625,3013,GCCGGG,4.41015625,3173,GCTGGG,0.047173578292131424,3013,GCCGGG,6.0267382650636137e-05,3143,GCTCAG,0.05508505553007126,False,False,True,-5.308142863214016e-05,
16,19,10,head_1,recovery,0.0,-0.010161399841308594,3173,GCTGGG,4.40625,3013,GCCGGG,4.41015625,3013,GCCGGG,4.41015625,3173,GCTGGG,0.047052331268787384,3013,GCCGGG,6.0238275182200596e-05,3143,GCTCAG,0.055115606635808945,False,False,True,-1.6966601833701134e-05,
16,20,10,head_1,recovery,0.0,0.017609238624572754,3173,GCTGGG,4.40625,3013,GCCGGG,4.41015625,3013,GCCGGG,4.41015625,3173,GCTGGG,0.04716986417770386,3013,GCCGGG,6.0270911490079015e-05,3143,GCTCAG,0.05501184239983559,False,False,True,-7.42690172046423e-05,
16,21,10,head_1,recovery,0.0,0.012425065040588379,3173,GCTGGG,4.40625,3013,GCCGGG,4.41015625,3013,GCCGGG,4.41015625,3173,GCTGGG,0.04714785888791084,3013,GCCGGG,6.0201447922736406e-05,3143,GCTCAG,0.05507182329893112,False,False,True,-7.628020830452442e-05,
16,22,10,head_1,recovery,0.0,-0.0026932954788208008,3173,GCTGGG,4.40625,3013,GCCGGG,4.41015625,3013,GCCGGG,4.41015625,3173,GCTGGG,0.04708384349942207,3013,GCCGGG,6.0152764490339905e-05,3143,GCTCAG,0.05511046200990677,False,False,True,-7.477751933038235e-05,
16,23,10,head_1,recovery,0.0,-0.011721611022949219,3173,GCTGGG,4.40625,3013,GCCGGG,4.41015625,3013,GCCGGG,4.41015625,3173,GCTGGG,0.0470457449555397,3013,GCCGGG,6.025099355611019e-05,3143,GCTCAG,0.055107057094573975,False,False,True,-2.3972010239958763e-05,
16,24,10,head_1,recovery,0.0,0.00896221399307251,3173,GCTGGG,4.40625,3013,GCCGGG,4.41015625,3013,GCCGGG,4.41015625,3173,GCTGGG,0.047133225947618484,3013,GCCGGG,6.0219514125492424e-05,3143,GCTCAG,0.05512450262904167,False,False,True,-2.3895176127552986e-05,
16,25,10,head_1,recovery,0.0,-0.0030128955841064453,3173,GCTGGG,4.40625,3013,GCCGGG,4.41015625,3013,GCCGGG,4.41015625,3173,GCTGGG,0.0470825657248497,3013,GCCGGG,6.022733941790648e-05,3143,GCTCAG,0.055198170244693756,False,False,True,-1.5632249414920807e-05,
16,26,10,head_1,recovery,0.0,-0.015510201454162598,3173,GCTGGG,4.40625,3013,GCCGGG,4.41015625,3013,GCCGGG,4.41015625,3173,GCTGGG,0.04702971130609512,3013,GCCGGG,6.024976391927339e-05,3143,GCTCAG,0.05494304746389389,False,False,True,-9.104842320084572e-06,
16,27,10,head_1,recovery,0.0,0.004173398017883301,3173,GCTGGG,4.40625,3013,GCCGGG,4.41015625,3013,GCCGGG,4.41015625,3173,GCTGGG,0.04711300879716873,3013,GCCGGG,6.026352275512181e-05,3143,GCTCAG,0.05512777343392372,False,False,True,-5.795154720544815e-06,
16,28,10,head_1,recovery,0.0,0.008499979972839355,3173,GCTGGG,4.40625,3013,GCCGGG,4.41015625,3013,GCCGGG,4.41015625,3173,GCTGGG,0.047131337225437164,3013,GCCGGG,6.028696589055471e-05,3143,GCTCAG,0.055138278752565384,False,False,True,-4.945090040564537e-06,
16,29,10,head_1,recovery,0.0,0.010186076164245605,3173,GCTGGG,4.40625,3013,GCCGGG,4.41015625,3013,GCCGGG,4.41015625,3173,GCTGGG,0.04713846370577812,3013,GCCGGG,6.027951530995779e-05,3143,GCTCAG,0.05506085231900215,False,False,True,2.583954483270645e-06,
16,30,10,head_1,recovery,0.0,-0.0023349523544311523,3173,GCTGGG,4.40625,3013,GCCGGG,4.41015625,3013,GCCGGG,4.41015625,3173,GCTGGG,0.04708544537425041,3013,GCCGGG,6.023654350428842e-05,3143,GCTCAG,0.05512074753642082,False,False,True,-2.039596438407898e-06,
16,31,10,head_1,recovery,0.0,0.007188975811004639,3173,GCTGGG,4.40625,3013,GCCGGG,4.41015625,3013,GCCGGG,4.41015625,3173,GCTGGG,0.04712577536702156,3013,GCCGGG,6.027065319358371e-05,3143,GCTCAG,0.054989784955978394,False,False,True,7.604248821735382e-07,
17,0,10,head_1,recovery,0.0,-0.0037032365798950195,3173,GCTGGG,4.40625,3013,GCCGGG,4.41015625,3013,GCCGGG,4.41015625,3173,GCTGGG,0.047079652547836304,3013,GCCGGG,6.023464447935112e-05,3143,GCTCAG,0.055057648569345474,False,False,True,-3.310851752758026e-06,
17,1,10,head_1,recovery,0.0,-0.005983591079711914,3173,GCTGGG,4.40625,3013,GCCGGG,4.41015625,3013,GCCGGG,4.41015625,3173,GCTGGG,0.047070056200027466,3013,GCCGGG,6.028487769071944e-05,3143,GCTCAG,0.05504222586750984,False,False,True,-4.3245963752269745e-06,
17,2,10,head_1,recovery,0.0,-0.04341292381286621,3173,GCTGGG,4.40625,3013,GCCGGG,4.41015625,3013,GCCGGG,4.41015625,3173,GCTGGG,0.0469118133187294,3013,GCCGGG,6.040853259037249e-05,3143,GCTCAG,0.05509373918175697,False,False,True,-2.6694033294916153e-06,
17,3,10,head_1,recovery,0.0,-0.013360977172851562,3173,GCTGGG,4.40625,3013,GCCGGG,4.41015625,3013,GCCGGG,4.41015625,3173,GCTGGG,0.04703903943300247,3013,GCCGGG,6.04846136411652e-05,3143,GCTCAG,0.05514378100633621,False,False,True,-3.5928096622228622e-06,
17,4,10,head_1,recovery,0.22216796875,-0.005039811134338379,3173,GCTGGG,4.40234375,3013,GCCGGG,4.3984375,3173,GCTGGG,4.40234375,3173,GCTGGG,0.04707377403974533,3013,GCCGGG,6.000975190545432e-05,3143,GCTCAG,0.05608946084976196,True,False,True,-1.708976924419403e-07,
17,5,10,head_1,recovery,0.22216796875,0.1951877474784851,3173,GCTGGG,4.40234375,3013,GCCGGG,4.3984375,3173,GCTGGG,4.40234375,3173,GCTGGG,0.047921497374773026,3013,GCCGGG,6.05566892772913e-05,3143,GCTCAG,0.05636546388268471,True,False,True,-4.78699803352356e-07,
17,6,10,head_1,recovery,0.22216796875,0.1611984372138977,3173,GCTGGG,4.40234375,3013,GCCGGG,4.3984375,3173,GCTGGG,4.40234375,3173,GCTGGG,0.04777759686112404,3013,GCCGGG,6.046982525731437e-05,3143,GCTCAG,0.05593528226017952,True,False,True,-5.522742867469788e-07,
17,7,10,head_1,recovery,0.0,0.14961594343185425,3173,GCTGGG,4.40625,3013,GCCGGG,4.41015625,3013,GCCGGG,4.41015625,3173,GCTGGG,0.04772896692156792,3013,GCCGGG,6.084577398723923e-05,3143,GCTCAG,0.054893799126148224,False,False,True,-6.238464266061783e-06,
17,8,10,head_1,recovery,0.0,0.016983211040496826,3173,GCTGGG,4.40625,3013,GCCGGG,4.41015625,3013,GCCGGG,4.41015625,3173,GCTGGG,0.04716719314455986,3013,GCCGGG,6.025003676768392e-05,3143,GCTCAG,0.05442430078983307,False,False,True,-7.0338137447834015e-06,
17,9,10,head_1,recovery,0.0,0.01652008295059204,3173,GCTGGG,4.40625,3013,GCCGGG,4.41015625,3013,GCCGGG,4.41015625,3173,GCTGGG,0.04716520756483078,3013,GCCGGG,6.02236068516504e-05,3143,GCTCAG,0.054704245179891586,False,False,True,-7.878988981246948e-06,
17,10,10,head_1,recovery,0.0,0.03869718313217163,3173,GCTGGG,4.40625,3013,GCCGGG,4.41015625,3013,GCCGGG,4.41015625,3173,GCTGGG,0.047259438782930374,3013,GCCGGG,6.061980457161553e-05,3143,GCTCAG,0.05471744388341904,False,False,True,-9.028706699609756e-06,
17,11,10,head_1,recovery,0.0,0.010993421077728271,3173,GCTGGG,4.40625,3013,GCCGGG,4.41015625,3013,GCCGGG,4.41015625,3173,GCTGGG,0.047142207622528076,3013,GCCGGG,6.0607992054428905e-05,3143,GCTCAG,0.05486394092440605,False,False,True,-1.613725908100605e-05,
17,12,10,head_1,recovery,0.0,0.01683884859085083,3173,GCTGGG,4.40625,3013,GCCGGG,4.41015625,3013,GCCGGG,4.41015625,3173,GCTGGG,0.04716705158352852,3013,GCCGGG,6.071953976061195e-05,3143,GCTCAG,0.054932232946157455,False,False,True,-1.1217314749956131e-05,
17,13,10,head_1,recovery,0.0,0.0014941692352294922,3173,GCTGGG,4.40625,3013,GCCGGG,4.41015625,3013,GCCGGG,4.41015625,3173,GCTGGG,0.047101836651563644,3013,GCCGGG,6.0429661971284077e-05,3143,GCTCAG,0.055023107677698135,False,False,True,-1.1438969522714615e-05,
17,14,10,head_1,recovery,0.0,0.0034188032150268555,3173,GCTGGG,4.40625,3013,GCCGGG,4.41015625,3013,GCCGGG,4.41015625,3173,GCTGGG,0.04710998386144638,3013,GCCGGG,6.043089888407849e-05,3143,GCTCAG,0.05503346771001816,False,False,True,-3.8458965718746185e-06,
17,15,10,head_1,recovery,0.0,0.0024001598358154297,3173,GCTGGG,4.40625,3013,GCCGGG,4.41015625,3013,GCCGGG,4.41015625,3173,GCTGGG,0.047105588018894196,3013,GCCGGG,6.034603575244546e-05,3143,GCTCAG,0.05505773052573204,False,False,True,-4.2014289647340775e-06,
17,16,10,head_1,recovery,0.0,0.0010724067687988281,3173,GCTGGG,4.40625,3013,GCCGGG,4.41015625,3013,GCCGGG,4.41015625,3173,GCTGGG,0.047099918127059937,3013,GCCGGG,6.029551150277257e-05,3143,GCTCAG,0.055068738758563995,False,False,True,3.5869888961315155e-06,
17,17,10,head_1,recovery,0.0,0.0005766749382019043,3173,GCTGGG,4.40625,3013,GCCGGG,4.41015625,3013,GCCGGG,4.41015625,3173,GCTGGG,0.04709779843688011,3013,GCCGGG,6.027073322911747e-05,3143,GCTCAG,0.05507466942071915,False,False,True,-4.6351924538612366e-06,
17,18,10,head_1,recovery,0.0,0.00047016143798828125,3173,GCTGGG,4.40625,3013,GCCGGG,4.41015625,3013,GCCGGG,4.41015625,3173,GCTGGG,0.047097347676754,3013,GCCGGG,6.027015479048714e-05,3143,GCTCAG,0.05507329851388931,False,False,True,-2.4037202820181847e-05,
17,19,10,head_1,recovery,0.0,0.0002764463424682617,3173,GCTGGG,4.40625,3013,GCCGGG,4.41015625,3013,GCCGGG,4.41015625,3173,GCTGGG,0.04709652438759804,3013,GCCGGG,6.0268186643952504e-05,3143,GCTCAG,0.05507485941052437,False,False,True,-2.3877248167991638e-05,
17,20,10,head_1,recovery,0.0,-4.661083221435547e-05,3173,GCTGGG,4.40625,3013,GCCGGG,4.41015625,3013,GCCGGG,4.41015625,3173,GCTGGG,0.04709514230489731,3013,GCCGGG,6.0254464187892154e-05,3143,GCTCAG,0.05507660657167435,False,False,True,3.5245902836322784e-06,
17,21,10,head_1,recovery,0.0,-0.00024569034576416016,3173,GCTGGG,4.40625,3013,GCCGGG,4.41015625,3013,GCCGGG,4.41015625,3173,GCTGGG,0.047094300389289856,3013,GCCGGG,6.0252459661569446e-05,3143,GCTCAG,0.05507645756006241,False,False,True,2.292008139193058e-05,
17,22,10,head_1,recovery,0.0,-0.00011444091796875,3173,GCTGGG,4.40625,3013,GCCGGG,4.41015625,3013,GCCGGG,4.41015625,3173,GCTGGG,0.04709485545754433,3013,GCCGGG,6.025317998137325e-05,3143,GCTCAG,0.055076271295547485,False,False,True,1.6620848327875137e-05,
17,23,10,head_1,recovery,0.0,-4.839897155761719e-05,3173,GCTGGG,4.40625,3013,GCCGGG,4.41015625,3013,GCCGGG,4.41015625,3173,GCTGGG,0.04709513485431671,3013,GCCGGG,6.025445327395573e-05,3143,GCTCAG,0.05507659539580345,False,False,True,-6.05056993663311e-06,
17,24,10,head_1,recovery,0.0,0.0,3173,GCTGGG,4.40625,3013,GCCGGG,4.41015625,3013,GCCGGG,4.41015625,3173,GCTGGG,0.047095343470573425,3013,GCCGGG,6.025563561706804e-05,3143,GCTCAG,0.05507683753967285,False,False,True,-1.616310328245163e-05,
17,25,10,head_1,recovery,0.0,4.410743713378906e-06,3173,GCTGGG,4.40625,3013,GCCGGG,4.41015625,3013,GCCGGG,4.41015625,3173,GCTGGG,0.04709536209702492,3013,GCCGGG,6.02547443122603e-05,3143,GCTCAG,0.05507686361670494,False,False,True,-1.5555182471871376e-05,
17,26,10,head_1,recovery,0.0,-5.459785461425781e-05,3173,GCTGGG,4.40625,3013,GCCGGG,4.41015625,3013,GCCGGG,4.41015625,3173,GCTGGG,0.04709510877728462,3013,GCCGGG,6.025442053214647e-05,3143,GCTCAG,0.055076565593481064,False,False,True,-9.87132079899311e-06,
17,27,10,head_1,recovery,0.0,-0.00010657310485839844,3173,GCTGGG,4.40625,3013,GCCGGG,4.41015625,3013,GCCGGG,4.41015625,3173,GCTGGG,0.04709489271044731,3013,GCCGGG,6.025506081641652e-05,3143,GCTCAG,0.05507715046405792,False,False,True,-3.012595698237419e-06,
17,28,10,head_1,recovery,0.0,-0.00011360645294189453,3173,GCTGGG,4.40625,3013,GCCGGG,4.41015625,3013,GCCGGG,4.41015625,3173,GCTGGG,0.047094862908124924,3013,GCCGGG,6.025502079864964e-05,3143,GCTCAG,0.055077116936445236,False,False,True,-1.525040715932846e-07,
17,29,10,head_1,recovery,0.0,-5.1021575927734375e-05,3173,GCTGGG,4.40625,3013,GCCGGG,4.41015625,3013,GCCGGG,4.41015625,3173,GCTGGG,0.047095127403736115,3013,GCCGGG,6.025627953931689e-05,3143,GCTCAG,0.0550757460296154,False,False,True,-4.534609615802765e-06,
17,30,10,head_1,recovery,0.0,-2.6226043701171875e-06,3173,GCTGGG,4.40625,3013,GCCGGG,4.41015625,3013,GCCGGG,4.41015625,3173,GCTGGG,0.04709533229470253,3013,GCCGGG,6.025562106515281e-05,3143,GCTCAG,0.055076826363801956,False,False,True,-6.989575922489166e-07,
17,31,10,head_1,recovery,0.0,-0.00012409687042236328,3173,GCTGGG,4.40625,3013,GCCGGG,4.41015625,3013,GCCGGG,4.41015625,3173,GCTGGG,0.04709481820464134,3013,GCCGGG,6.025588299962692e-05,3143,GCTCAG,0.05507706478238106,False,False,True,-3.391643986105919e-06,
