Layer,Time_Offset,Target_Timestep,Component,Metric_Mode,Logit_Score,Posteriors_Score,Target_Transition_Prior,Target_String_Prior,Target_Logit,Wrong_Transition_Prior,Wrong_String_Prior,Wrong_Logit,Actual_Argmax_Prior,Actual_String_Prior,Actual_Argmax_Logit,Target_Transition_Post,Target_String_Post,Target_Prob,Wrong_Transition_Post,Wrong_String_Post,Wrong_Prob,Actual_Transition_Post,actual_String_Post,actual_Prob,Is_Target_Logit_Argmax,Is_Target_Prob_Argmax,Should_Decode,Global_MSE_Change,New_String
0,0,18,head_6,recovery,0.0234375,0.049555957317352295,106,AACCCA,4.22265625,922,AGTGAC,4.4375,922,AGTGAC,4.4375,106,AACCCA,0.003921256400644779,922,AGTGAC,1.6582074749749154e-05,1366,CACACA,0.14683867990970612,False,False,True,-0.0002858079969882965,
0,1,18,head_6,recovery,0.0234375,0.032022714614868164,106,AACCCA,4.22265625,922,AGTGAC,4.4375,922,AGTGAC,4.4375,106,AACCCA,0.0038949043955653906,922,AGTGAC,1.6509933630004525e-05,1366,CACACA,0.14615485072135925,False,False,True,-0.0007075928151607513,
0,2,18,head_6,recovery,0.03515625,0.041203320026397705,106,AACCCA,4.2265625,922,AGTGAC,4.4375,922,AGTGAC,4.4375,106,AACCCA,0.003908560611307621,922,AGTGAC,1.640562550164759e-05,1366,CACACA,0.1489974558353424,False,False,True,-0.0009474307298660278,
0,3,18,head_6,recovery,0.01171875,0.018819451332092285,106,AACCCA,4.2265625,922,AGTGAC,4.4453125,922,AGTGAC,4.4453125,106,AACCCA,0.0038753903936594725,922,AGTGAC,1.6785845218691975e-05,1366,CACACA,0.14711208641529083,False,False,True,-0.0005366243422031403,
0,4,18,head_6,recovery,0.03515625,0.02917379140853882,106,AACCCA,4.22265625,922,AGTGAC,4.43359375,922,AGTGAC,4.43359375,106,AACCCA,0.0038906103000044823,922,AGTGAC,1.648595934966579e-05,1366,CACACA,0.1472151130437851,False,False,True,-0.00033034756779670715,
0,5,18,head_6,recovery,0.01171875,0.015265166759490967,106,AACCCA,4.21875,922,AGTGAC,4.4375,922,AGTGAC,4.4375,106,AACCCA,0.003869808977469802,922,AGTGAC,1.6531947039766237e-05,1366,CACACA,0.14811789989471436,False,False,True,-0.0005824081599712372,
0,6,18,head_6,recovery,0.0234375,0.02941131591796875,106,AACCCA,4.21484375,922,AGTGAC,4.4296875,922,AGTGAC,4.4296875,106,AACCCA,0.003891081316396594,922,AGTGAC,1.660098132560961e-05,1366,CACACA,0.1460871547460556,False,False,True,-0.00046554021537303925,
0,7,18,head_6,recovery,0.01171875,0.03749072551727295,106,AACCCA,4.2265625,922,AGTGAC,4.4453125,922,AGTGAC,4.4453125,106,AACCCA,0.003903406672179699,922,AGTGAC,1.6816353308968246e-05,1366,CACACA,0.14758215844631195,False,False,True,-0.00012951157987117767,
0,8,18,head_6,recovery,0.01171875,0.022721052169799805,106,AACCCA,4.22265625,922,AGTGAC,4.44140625,922,AGTGAC,4.44140625,106,AACCCA,0.0038812633138149977,922,AGTGAC,1.6810752640594728e-05,1366,CACACA,0.1475600153207779,False,False,True,-0.00043090619146823883,
0,9,18,head_6,recovery,0.0234375,0.04837244749069214,106,AACCCA,4.22265625,922,AGTGAC,4.4375,922,AGTGAC,4.4375,106,AACCCA,0.003919650334864855,922,AGTGAC,1.6749849237385206e-05,1366,CACACA,0.1469510793685913,False,False,True,-0.00040379539132118225,
0,10,18,head_6,recovery,0.01171875,0.013094961643218994,106,AACCCA,4.21484375,922,AGTGAC,4.43359375,922,AGTGAC,4.43359375,106,AACCCA,0.00386673747561872,922,AGTGAC,1.6713176592020318e-05,1366,CACACA,0.14703692495822906,False,False,True,-0.00036694295704364777,
0,11,18,head_6,recovery,-0.01171875,0.00810164213180542,106,AACCCA,4.21875,922,AGTGAC,4.4453125,922,AGTGAC,4.4453125,106,AACCCA,0.003859307151287794,922,AGTGAC,1.6767284250818193e-05,1366,CACACA,0.1456678807735443,False,False,True,-2.7704983949661255e-05,
0,12,18,head_6,recovery,0.0,0.021167218685150146,106,AACCCA,4.21484375,922,AGTGAC,4.4375,922,AGTGAC,4.4375,106,AACCCA,0.003878622781485319,922,AGTGAC,1.6499227058375254e-05,1366,CACACA,0.1468040645122528,False,False,True,-5.3649768233299255e-05,
0,13,18,head_6,recovery,0.01171875,0.022394239902496338,106,AACCCA,4.2109375,922,AGTGAC,4.4296875,922,AGTGAC,4.4296875,106,AACCCA,0.0038805280346423388,922,AGTGAC,1.6565327314310707e-05,1366,CACACA,0.1457643210887909,False,False,True,-0.000348920002579689,
0,14,18,head_6,recovery,0.03515625,0.012283146381378174,106,AACCCA,4.21484375,922,AGTGAC,4.42578125,922,AGTGAC,4.42578125,106,AACCCA,0.003865104401484132,922,AGTGAC,1.6296975445584394e-05,1366,CACACA,0.14765816926956177,False,False,True,-0.0007927045226097107,
0,15,18,head_6,recovery,0.0234375,0.03438830375671387,106,AACCCA,4.2265625,922,AGTGAC,4.44140625,922,AGTGAC,4.44140625,106,AACCCA,0.0038985079154372215,922,AGTGAC,1.6567841157666408e-05,1366,CACACA,0.14718343317508698,False,False,True,-0.0004941932857036591,
0,16,18,head_6,recovery,0.03515625,0.010575830936431885,106,AACCCA,4.2265625,922,AGTGAC,4.4375,922,AGTGAC,4.4375,106,AACCCA,0.003862629411742091,922,AGTGAC,1.638094909139909e-05,1366,CACACA,0.14853501319885254,False,False,True,-0.00015733949840068817,
0,17,18,head_6,recovery,0.03515625,0.02661055326461792,106,AACCCA,4.21875,922,AGTGAC,4.4296875,922,AGTGAC,4.4296875,106,AACCCA,0.0038867469411343336,922,AGTGAC,1.6464575310237706e-05,1366,CACACA,0.14727777242660522,False,False,True,-0.000530436635017395,
0,18,18,head_6,recovery,0.01171875,-0.006106019020080566,106,AACCCA,4.21484375,922,AGTGAC,4.43359375,922,AGTGAC,4.43359375,106,AACCCA,0.0038377437740564346,922,AGTGAC,1.649938349146396e-05,1366,CACACA,0.148307204246521,False,False,True,-0.0005981475114822388,
0,19,18,head_6,recovery,0.01171875,0.025315046310424805,106,AACCCA,4.22265625,922,AGTGAC,4.44140625,922,AGTGAC,4.44140625,106,AACCCA,0.0038850184064358473,922,AGTGAC,1.667781725700479e-05,1366,CACACA,0.14730440080165863,False,False,True,-0.000587044283747673,
0,20,18,head_6,recovery,0.0234375,0.027665913105010986,106,AACCCA,4.21875,922,AGTGAC,4.43359375,922,AGTGAC,4.43359375,106,AACCCA,0.0038884668610990047,922,AGTGAC,1.660274028836284e-05,1366,CACACA,0.14650224149227142,False,False,True,-0.00069381482899189,
0,21,18,head_6,recovery,0.01171875,0.02410823106765747,106,AACCCA,4.22265625,922,AGTGAC,4.44140625,922,AGTGAC,4.44140625,106,AACCCA,0.003883125726133585,922,AGTGAC,1.6594116459600627e-05,1366,CACACA,0.14661836624145508,False,False,True,-0.0003186352550983429,
0,22,18,head_6,recovery,0.0,0.0044866204261779785,106,AACCCA,4.21484375,922,AGTGAC,4.4375,922,AGTGAC,4.4375,106,AACCCA,0.003853822825476527,922,AGTGAC,1.670139499765355e-05,1366,CACACA,0.14580532908439636,False,False,True,-0.00024879537522792816,
0,23,18,head_6,recovery,0.01171875,0.025721728801727295,106,AACCCA,4.22265625,922,AGTGAC,4.44140625,922,AGTGAC,4.44140625,106,AACCCA,0.003885687794536352,922,AGTGAC,1.673776569077745e-05,1366,CACACA,0.1454467922449112,False,False,True,-0.00020077824592590332,
0,24,18,head_6,recovery,0.01171875,0.017001986503601074,106,AACCCA,4.21484375,922,AGTGAC,4.43359375,922,AGTGAC,4.43359375,106,AACCCA,0.003872497007250786,922,AGTGAC,1.661674650677014e-05,1366,CACACA,0.14572924375534058,False,False,True,-7.2479248046875e-05,
0,25,18,head_6,recovery,0.01171875,0.017474710941314697,106,AACCCA,4.21484375,922,AGTGAC,4.43359375,922,AGTGAC,4.43359375,106,AACCCA,0.003873340552672744,922,AGTGAC,1.6751660950831138e-05,1366,CACACA,0.1470320224761963,False,False,True,-0.00011956505477428436,
0,26,18,head_6,recovery,0.01171875,0.026836872100830078,106,AACCCA,4.21875,922,AGTGAC,4.4375,922,AGTGAC,4.4375,106,AACCCA,0.003887385595589876,922,AGTGAC,1.6763980966061354e-05,1366,CACACA,0.14556363224983215,False,False,True,1.1123716831207275e-05,
0,27,18,head_6,recovery,0.01171875,-0.013303995132446289,106,AACCCA,4.21484375,922,AGTGAC,4.43359375,922,AGTGAC,4.43359375,106,AACCCA,0.003827009117230773,922,AGTGAC,1.6553676687180996e-05,1366,CACACA,0.14645512402057648,False,False,True,-0.000349435955286026,
0,28,18,head_6,recovery,0.0234375,0.04810553789138794,106,AACCCA,4.22265625,922,AGTGAC,4.4375,922,AGTGAC,4.4375,106,AACCCA,0.003919117618352175,922,AGTGAC,1.661706846789457e-05,1366,CACACA,0.14657282829284668,False,False,True,-0.00022660940885543823,
0,29,18,head_6,recovery,0.01171875,0.008518218994140625,106,AACCCA,4.2109375,922,AGTGAC,4.4296875,922,AGTGAC,4.4296875,106,AACCCA,0.003859681775793433,922,AGTGAC,1.6517398762516677e-05,1366,CACACA,0.14697705209255219,False,False,True,-0.0004361625760793686,
0,30,18,head_6,recovery,0.0234375,-0.0004055500030517578,106,AACCCA,4.21484375,922,AGTGAC,4.4296875,922,AGTGAC,4.4296875,106,AACCCA,0.003846383187919855,922,AGTGAC,1.659460576775018e-05,1366,CACACA,0.14597754180431366,False,False,True,-0.000273335725069046,
0,31,18,head_6,recovery,0.01171875,-0.004784107208251953,106,AACCCA,4.21484375,922,AGTGAC,4.43359375,922,AGTGAC,4.43359375,106,AACCCA,0.00383972842246294,922,AGTGAC,1.6502624930581078e-05,1366,CACACA,0.1455272138118744,False,False,True,-0.00032990798354148865,
1,0,18,head_6,recovery,0.0,0.00888514518737793,106,AACCCA,4.21484375,922,AGTGAC,4.4375,922,AGTGAC,4.4375,106,AACCCA,0.0038604321889579296,922,AGTGAC,1.6718033293727785e-05,1366,CACACA,0.14626279473304749,False,False,True,-7.183291018009186e-05,
1,1,18,head_6,recovery,0.0,0.023594200611114502,106,AACCCA,4.21484375,922,AGTGAC,4.4375,922,AGTGAC,4.4375,106,AACCCA,0.0038824311923235655,922,AGTGAC,1.6670021068421192e-05,1366,CACACA,0.14571791887283325,False,False,True,0.00019631162285804749,
1,2,18,head_6,recovery,0.0,0.007713735103607178,106,AACCCA,4.21484375,922,AGTGAC,4.4375,922,AGTGAC,4.4375,106,AACCCA,0.00385867478325963,922,AGTGAC,1.671629070187919e-05,1366,CACACA,0.14530439674854279,False,False,True,0.0002160351723432541,
1,3,18,head_6,recovery,0.03515625,0.04632759094238281,106,AACCCA,4.21875,922,AGTGAC,4.4296875,922,AGTGAC,4.4296875,106,AACCCA,0.003916430287063122,922,AGTGAC,1.6594796761637554e-05,1366,CACACA,0.14651481807231903,False,False,True,0.00010058283805847168,
1,4,18,head_6,recovery,0.01171875,0.02640068531036377,106,AACCCA,4.21875,922,AGTGAC,4.4375,922,AGTGAC,4.4375,106,AACCCA,0.003886681515723467,922,AGTGAC,1.6713729564798996e-05,1366,CACACA,0.14574618637561798,False,False,True,-0.0001463722437620163,
1,5,18,head_6,recovery,0.01171875,0.03081369400024414,106,AACCCA,4.22265625,922,AGTGAC,4.44140625,922,AGTGAC,4.44140625,106,AACCCA,0.0038931977469474077,922,AGTGAC,1.6615578715573065e-05,1366,CACACA,0.1470121145248413,False,False,True,-0.0002946928143501282,
1,6,18,head_6,recovery,0.01171875,0.046575307846069336,106,AACCCA,4.22265625,922,AGTGAC,4.44140625,922,AGTGAC,4.44140625,106,AACCCA,0.003916841931641102,922,AGTGAC,1.663505463511683e-05,1366,CACACA,0.14644749462604523,False,False,True,-0.00021980144083499908,
1,7,18,head_6,recovery,0.0,-0.002781510353088379,106,AACCCA,4.21484375,922,AGTGAC,4.4375,922,AGTGAC,4.4375,106,AACCCA,0.0038428143598139286,922,AGTGAC,1.6586804122198373e-05,1366,CACACA,0.14779333770275116,False,False,True,-0.00010207667946815491,
1,8,18,head_6,recovery,0.0234375,0.004808187484741211,106,AACCCA,4.22265625,922,AGTGAC,4.4375,922,AGTGAC,4.4375,106,AACCCA,0.003854358335956931,922,AGTGAC,1.675499152042903e-05,1366,CACACA,0.14722293615341187,False,False,True,-9.343214333057404e-05,
1,9,18,head_6,recovery,0.0234375,0.019228458404541016,106,AACCCA,4.21875,922,AGTGAC,4.43359375,922,AGTGAC,4.43359375,106,AACCCA,0.003875839989632368,922,AGTGAC,1.662245995248668e-05,1366,CACACA,0.14734932780265808,False,False,True,-7.839314639568329e-05,
1,10,18,head_6,recovery,0.01171875,0.014079809188842773,106,AACCCA,4.21875,922,AGTGAC,4.4375,922,AGTGAC,4.4375,106,AACCCA,0.003868171013891697,922,AGTGAC,1.6670745026203804e-05,1366,CACACA,0.14634594321250916,False,False,True,-0.0001710597425699234,
1,11,18,head_6,recovery,0.01171875,0.01513063907623291,106,AACCCA,4.22265625,922,AGTGAC,4.44140625,922,AGTGAC,4.44140625,106,AACCCA,0.003869610372930765,922,AGTGAC,1.6534881069674157e-05,1366,CACACA,0.14743834733963013,False,False,True,-0.0001950617879629135,
1,12,18,head_6,recovery,0.03515625,0.024656593799591064,106,AACCCA,4.2265625,922,AGTGAC,4.4375,922,AGTGAC,4.4375,106,AACCCA,0.003883951809257269,922,AGTGAC,1.659814915910829e-05,1366,CACACA,0.14774112403392792,False,False,True,-0.0005084536969661713,
1,13,18,head_6,recovery,0.03515625,0.02062124013900757,106,AACCCA,4.22265625,922,AGTGAC,4.43359375,922,AGTGAC,4.43359375,106,AACCCA,0.003877820912748575,922,AGTGAC,1.6515956303919666e-05,1366,CACACA,0.14689023792743683,False,False,True,-0.000366896390914917,
1,14,18,head_6,recovery,0.01171875,-0.004015326499938965,106,AACCCA,4.2109375,922,AGTGAC,4.4296875,922,AGTGAC,4.4296875,106,AACCCA,0.003841113531962037,922,AGTGAC,1.6735433746362105e-05,1366,CACACA,0.14442476630210876,False,False,True,0.00032317638397216797,
1,15,18,head_6,recovery,-0.01171875,0.0052623748779296875,106,AACCCA,4.2109375,922,AGTGAC,4.4375,922,AGTGAC,4.4375,106,AACCCA,0.0038550791796296835,922,AGTGAC,1.6794961993582547e-05,1366,CACACA,0.14539510011672974,False,False,True,0.0002264026552438736,
1,16,18,head_6,recovery,0.0,0.03262525796890259,106,AACCCA,4.21484375,922,AGTGAC,4.4375,922,AGTGAC,4.4375,106,AACCCA,0.0038958971854299307,922,AGTGAC,1.659972986089997e-05,1366,CACACA,0.1468650847673416,False,False,True,1.6491860151290894e-05,
1,17,18,head_6,recovery,0.0,-0.006362318992614746,106,AACCCA,4.2109375,922,AGTGAC,4.43359375,922,AGTGAC,4.43359375,106,AACCCA,0.0038374708965420723,922,AGTGAC,1.6610547390882857e-05,1366,CACACA,0.1460554599761963,False,False,True,-0.00020210444927215576,
1,18,18,head_6,recovery,0.01171875,0.02089989185333252,106,AACCCA,4.21484375,922,AGTGAC,4.43359375,922,AGTGAC,4.43359375,106,AACCCA,0.0038784395437687635,922,AGTGAC,1.6716756363166496e-05,1366,CACACA,0.14599741995334625,False,False,True,-0.0005531646311283112,
1,19,18,head_6,recovery,0.0,0.007215142250061035,106,AACCCA,4.21484375,922,AGTGAC,4.4375,922,AGTGAC,4.4375,106,AACCCA,0.003857869654893875,922,AGTGAC,1.665860509092454e-05,1366,CACACA,0.14532063901424408,False,False,True,-5.719810724258423e-05,
1,20,18,head_6,recovery,0.0,0.0018519163131713867,106,AACCCA,4.21484375,922,AGTGAC,4.4375,922,AGTGAC,4.4375,106,AACCCA,0.0038497569039463997,922,AGTGAC,1.658460132603068e-05,1366,CACACA,0.14456875622272491,False,False,True,0.0003945212811231613,
1,21,18,head_6,recovery,-0.01171875,-0.05048251152038574,106,AACCCA,4.203125,922,AGTGAC,4.4296875,922,AGTGAC,4.4296875,106,AACCCA,0.0037712357006967068,922,AGTGAC,1.650574995437637e-05,1366,CACACA,0.14432735741138458,False,False,True,0.0002654045820236206,
1,22,18,head_6,recovery,0.0,-0.0015959739685058594,106,AACCCA,4.21484375,922,AGTGAC,4.4375,922,AGTGAC,4.4375,106,AACCCA,0.003844601335003972,922,AGTGAC,1.6596788555034436e-05,1366,CACACA,0.1449667513370514,False,False,True,0.00018340162932872772,
1,23,18,head_6,recovery,0.01171875,0.008183956146240234,106,AACCCA,4.21875,922,AGTGAC,4.4375,922,AGTGAC,4.4375,106,AACCCA,0.0038594352081418037,922,AGTGAC,1.6771931768744253e-05,1366,CACACA,0.14616478979587555,False,False,True,-0.00019029155373573303,
1,24,18,head_6,recovery,0.01171875,-0.006518244743347168,106,AACCCA,4.2109375,922,AGTGAC,4.4296875,922,AGTGAC,4.4296875,106,AACCCA,0.003837424097582698,922,AGTGAC,1.6797568605397828e-05,1366,CACACA,0.14519818127155304,False,False,True,3.691762685775757e-06,
1,25,18,head_6,recovery,0.0,0.006475389003753662,106,AACCCA,4.21484375,922,AGTGAC,4.4375,922,AGTGAC,4.4375,106,AACCCA,0.003856900380924344,922,AGTGAC,1.6798028809716925e-05,1366,CACACA,0.14561481773853302,False,False,True,0.00023938901722431183,
1,26,18,head_6,recovery,0.0,0.009636223316192627,106,AACCCA,4.21484375,922,AGTGAC,4.4375,922,AGTGAC,4.4375,106,AACCCA,0.0038615381345152855,922,AGTGAC,1.6698102626833133e-05,1366,CACACA,0.14511963725090027,False,False,True,0.0004325062036514282,
1,27,18,head_6,recovery,0.0234375,0.0452694296836853,106,AACCCA,4.22265625,922,AGTGAC,4.4375,922,AGTGAC,4.4375,106,AACCCA,0.003914924338459969,922,AGTGAC,1.6674905054969713e-05,1366,CACACA,0.145427405834198,False,False,True,-9.870529174804688e-05,
1,28,18,head_6,recovery,0.01171875,0.007153749465942383,106,AACCCA,4.21875,922,AGTGAC,4.4375,922,AGTGAC,4.4375,106,AACCCA,0.0038577404338866472,922,AGTGAC,1.6621253962512128e-05,1366,CACACA,0.14695468544960022,False,False,True,-0.00040864571928977966,
1,29,18,head_6,recovery,0.0234375,0.014975488185882568,106,AACCCA,4.21875,922,AGTGAC,4.43359375,922,AGTGAC,4.43359375,106,AACCCA,0.003869489533826709,922,AGTGAC,1.664669434831012e-05,1366,CACACA,0.14611239731311798,False,False,True,-0.0004027094691991806,
1,30,18,head_6,recovery,0.0,0.014071226119995117,106,AACCCA,4.21484375,922,AGTGAC,4.4375,922,AGTGAC,4.4375,106,AACCCA,0.003868152853101492,922,AGTGAC,1.6665328075760044e-05,1366,CACACA,0.14635194838047028,False,False,True,-0.00014578364789485931,
1,31,18,head_6,recovery,-0.01171875,0.0108376145362854,106,AACCCA,4.21875,922,AGTGAC,4.4453125,922,AGTGAC,4.4453125,106,AACCCA,0.0038634592201560736,922,AGTGAC,1.681862340774387e-05,1366,CACACA,0.14629262685775757,False,False,True,4.5048072934150696e-05,
2,0,18,head_6,recovery,0.01171875,0.04707348346710205,106,AACCCA,4.22265625,922,AGTGAC,4.44140625,922,AGTGAC,4.44140625,106,AACCCA,0.0039176372811198235,922,AGTGAC,1.6683656212990172e-05,1366,CACACA,0.14645488560199738,False,False,True,-0.00017385929822921753,
2,1,18,head_6,recovery,0.01171875,-0.017031550407409668,106,AACCCA,4.21484375,922,AGTGAC,4.43359375,922,AGTGAC,4.43359375,106,AACCCA,0.003821409773081541,922,AGTGAC,1.654132029216271e-05,1366,CACACA,0.1476466804742813,False,False,True,-0.0005180332809686661,
2,2,18,head_6,recovery,0.0,0.005420982837677002,106,AACCCA,4.21484375,922,AGTGAC,4.4375,922,AGTGAC,4.4375,106,AACCCA,0.0038551269099116325,922,AGTGAC,1.6604935808572918e-05,1366,CACACA,0.14630044996738434,False,False,True,-0.00017520971596240997,
2,3,18,head_6,recovery,0.01171875,0.015699028968811035,106,AACCCA,4.21484375,922,AGTGAC,4.43359375,922,AGTGAC,4.43359375,106,AACCCA,0.0038704266771674156,922,AGTGAC,1.649932164582424e-05,1366,CACACA,0.14713230729103088,False,False,True,-0.00016963854432106018,
2,4,18,head_6,recovery,0.01171875,0.021633386611938477,106,AACCCA,4.21484375,922,AGTGAC,4.43359375,922,AGTGAC,4.43359375,106,AACCCA,0.0038794197607785463,922,AGTGAC,1.6597510693827644e-05,1366,CACACA,0.14633990824222565,False,False,True,-0.00022296234965324402,
2,5,18,head_6,recovery,0.01171875,-0.00218355655670166,106,AACCCA,4.2109375,922,AGTGAC,4.4296875,922,AGTGAC,4.4296875,106,AACCCA,0.003843602491542697,922,AGTGAC,1.647875615162775e-05,1366,CACACA,0.1471642255783081,False,False,True,3.2899901270866394e-05,
2,6,18,head_6,recovery,0.01171875,0.0037271976470947266,106,AACCCA,4.21875,922,AGTGAC,4.4375,922,AGTGAC,4.4375,106,AACCCA,0.0038526062853634357,922,AGTGAC,1.6623211195110343e-05,1366,CACACA,0.14685319364070892,False,False,True,-2.7125701308250427e-05,
2,7,18,head_6,recovery,0.01171875,0.0002738833427429199,106,AACCCA,4.2109375,922,AGTGAC,4.4296875,922,AGTGAC,4.4296875,106,AACCCA,0.0038472895976155996,922,AGTGAC,1.6482483260915615e-05,1366,CACACA,0.14649397134780884,False,False,True,-0.0001066848635673523,
2,8,18,head_6,recovery,0.0234375,0.029726803302764893,106,AACCCA,4.2265625,922,AGTGAC,4.44140625,922,AGTGAC,4.44140625,106,AACCCA,0.0038915679324418306,922,AGTGAC,1.6614707419648767e-05,1366,CACACA,0.1476067751646042,False,False,True,-0.0003678705543279648,
2,9,18,head_6,recovery,0.0,0.022532939910888672,106,AACCCA,4.21484375,922,AGTGAC,4.4375,922,AGTGAC,4.4375,106,AACCCA,0.003880656324326992,922,AGTGAC,1.6485735613969155e-05,1366,CACACA,0.14774194359779358,False,False,True,-0.00027282536029815674,
2,10,18,head_6,recovery,0.0,-0.003197312355041504,106,AACCCA,4.21875,922,AGTGAC,4.44140625,922,AGTGAC,4.44140625,106,AACCCA,0.0038423200603574514,922,AGTGAC,1.6715941455913708e-05,1366,CACACA,0.14794126152992249,False,False,True,-0.0003058928996324539,
2,11,18,head_6,recovery,0.01171875,0.016421794891357422,106,AACCCA,4.21875,922,AGTGAC,4.4375,922,AGTGAC,4.4375,106,AACCCA,0.0038715749979019165,922,AGTGAC,1.656422136875335e-05,1366,CACACA,0.14765731990337372,False,False,True,-0.00044920481741428375,
2,12,18,head_6,recovery,0.03515625,-0.005140423774719238,106,AACCCA,4.21484375,922,AGTGAC,4.42578125,922,AGTGAC,4.42578125,106,AACCCA,0.0038392485585063696,922,AGTGAC,1.6556770788156427e-05,1366,CACACA,0.14707155525684357,False,False,True,-0.0005858913064002991,
2,13,18,head_6,recovery,0.0234375,0.010320603847503662,106,AACCCA,4.22265625,922,AGTGAC,4.4375,922,AGTGAC,4.4375,106,AACCCA,0.0038625190500169992,922,AGTGAC,1.665325544308871e-05,1366,CACACA,0.1470918357372284,False,False,True,-0.0006557870656251907,
2,14,18,head_6,recovery,0.03515625,-0.0004744529724121094,106,AACCCA,4.21875,922,AGTGAC,4.4296875,922,AGTGAC,4.4296875,106,AACCCA,0.0038462807424366474,922,AGTGAC,1.659517511143349e-05,1366,CACACA,0.1484149992465973,False,False,True,-0.0007968731224536896,
2,15,18,head_6,recovery,0.0234375,0.023313701152801514,106,AACCCA,4.21484375,922,AGTGAC,4.4296875,922,AGTGAC,4.4296875,106,AACCCA,0.003881844924762845,922,AGTGAC,1.6504114682902582e-05,1366,CACACA,0.14777816832065582,False,False,True,-0.00046578794717788696,
2,16,18,head_6,recovery,0.0234375,0.008734166622161865,106,AACCCA,4.2109375,922,AGTGAC,4.42578125,922,AGTGAC,4.42578125,106,AACCCA,0.003860163502395153,922,AGTGAC,1.6675623555784114e-05,1366,CACACA,0.1455157995223999,False,False,True,-0.0001026596873998642,
2,17,18,head_6,recovery,0.046875,0.004084110260009766,106,AACCCA,4.20703125,922,AGTGAC,4.4140625,922,AGTGAC,4.4140625,106,AACCCA,0.003852908732369542,922,AGTGAC,1.639066067582462e-05,1366,CACACA,0.14474010467529297,False,False,True,-0.0015431027859449387,
2,18,18,head_6,recovery,0.05859375,0.004861295223236084,106,AACCCA,4.21484375,922,AGTGAC,4.41796875,922,AGTGAC,4.41796875,106,AACCCA,0.0038540707901120186,922,AGTGAC,1.638785033719614e-05,1366,CACACA,0.14591485261917114,False,False,True,-0.0019319895654916763,
2,19,18,head_6,recovery,0.05859375,0.0036170482635498047,106,AACCCA,4.22265625,922,AGTGAC,4.42578125,922,AGTGAC,4.42578125,106,AACCCA,0.0038522030226886272,922,AGTGAC,1.638491085032001e-05,1366,CACACA,0.1481657326221466,False,False,True,-0.002248542383313179,
2,20,18,head_6,recovery,-0.01171875,-0.025521039962768555,106,AACCCA,4.21875,922,AGTGAC,4.4453125,922,AGTGAC,4.4453125,106,AACCCA,0.0038087754510343075,922,AGTGAC,1.6631609469186515e-05,1366,CACACA,0.14779312908649445,False,False,True,-0.00026752986013889313,
2,21,18,head_6,recovery,0.0,0.0009205341339111328,106,AACCCA,4.21484375,922,AGTGAC,4.4375,922,AGTGAC,4.4375,106,AACCCA,0.003848477965220809,922,AGTGAC,1.670166057010647e-05,1366,CACACA,0.14613284170627594,False,False,True,8.143670856952667e-05,
2,22,18,head_6,recovery,0.0,0.007940232753753662,106,AACCCA,4.21484375,922,AGTGAC,4.4375,922,AGTGAC,4.4375,106,AACCCA,0.0038589644245803356,922,AGTGAC,1.6666381270624697e-05,1366,CACACA,0.14608898758888245,False,False,True,-0.00018464401364326477,
2,23,18,head_6,recovery,0.0,-0.006119370460510254,106,AACCCA,4.21484375,922,AGTGAC,4.4375,922,AGTGAC,4.4375,106,AACCCA,0.003837810829281807,922,AGTGAC,1.658645305724349e-05,1366,CACACA,0.1469559222459793,False,False,True,-0.0001089293509721756,
2,24,18,head_6,recovery,0.0234375,0.013669252395629883,106,AACCCA,4.22265625,922,AGTGAC,4.4375,922,AGTGAC,4.4375,106,AACCCA,0.0038674946408718824,922,AGTGAC,1.6609725207672454e-05,1366,CACACA,0.14713305234909058,False,False,True,-0.0002166368067264557,
2,25,18,head_6,recovery,0.0234375,0.050675153732299805,106,AACCCA,4.2265625,922,AGTGAC,4.44140625,922,AGTGAC,4.44140625,106,AACCCA,0.0039230333641171455,922,AGTGAC,1.668116237851791e-05,1366,CACACA,0.14770087599754333,False,False,True,-0.00014729425311088562,
2,26,18,head_6,recovery,0.0234375,0.01980072259902954,106,AACCCA,4.22265625,922,AGTGAC,4.4375,922,AGTGAC,4.4375,106,AACCCA,0.0038765529170632362,922,AGTGAC,1.6477608369314112e-05,1366,CACACA,0.14717867970466614,False,False,True,-0.0002850741147994995,
2,27,18,head_6,recovery,0.0,0.0262453556060791,106,AACCCA,4.21875,922,AGTGAC,4.44140625,922,AGTGAC,4.44140625,106,AACCCA,0.0038863439112901688,922,AGTGAC,1.660887210164219e-05,1366,CACACA,0.1464267373085022,False,False,True,8.059479296207428e-05,
2,28,18,head_6,recovery,0.01171875,0.034598350524902344,106,AACCCA,4.21875,922,AGTGAC,4.4375,922,AGTGAC,4.4375,106,AACCCA,0.0038989305030554533,922,AGTGAC,1.6675594451953657e-05,1366,CACACA,0.1464846283197403,False,False,True,-8.781813085079193e-05,
2,29,18,head_6,recovery,0.01171875,0.02565133571624756,106,AACCCA,4.22265625,922,AGTGAC,4.44140625,922,AGTGAC,4.44140625,106,AACCCA,0.003885468700900674,922,AGTGAC,1.6624135241727345e-05,1366,CACACA,0.14648312330245972,False,False,True,-0.00022688880562782288,
2,30,18,head_6,recovery,0.0234375,-0.0032041072845458984,106,AACCCA,4.21484375,922,AGTGAC,4.4296875,922,AGTGAC,4.4296875,106,AACCCA,0.003842048579826951,922,AGTGAC,1.6454525393783115e-05,1366,CACACA,0.1469230353832245,False,False,True,-0.00017642974853515625,
2,31,18,head_6,recovery,0.0234375,-0.00864410400390625,106,AACCCA,4.21484375,922,AGTGAC,4.4296875,922,AGTGAC,4.4296875,106,AACCCA,0.0038339728489518166,922,AGTGAC,1.6532520021428354e-05,1366,CACACA,0.146245539188385,False,False,True,-6.624124944210052e-05,
3,0,18,head_6,recovery,0.0,0.009901821613311768,106,AACCCA,4.21484375,922,AGTGAC,4.4375,922,AGTGAC,4.4375,106,AACCCA,0.0038618945982307196,922,AGTGAC,1.6656407751725055e-05,1366,CACACA,0.14543230831623077,False,False,True,-1.0523945093154907e-06,
3,1,18,head_6,recovery,0.0234375,-0.011609792709350586,106,AACCCA,4.21484375,922,AGTGAC,4.4296875,922,AGTGAC,4.4296875,106,AACCCA,0.0038294813130050898,922,AGTGAC,1.648624129302334e-05,1366,CACACA,0.14551804959774017,False,False,True,0.0002112817019224167,
3,2,18,head_6,recovery,0.01171875,-0.0142669677734375,106,AACCCA,4.2109375,922,AGTGAC,4.4296875,922,AGTGAC,4.4296875,106,AACCCA,0.003825591877102852,922,AGTGAC,1.657962639001198e-05,1366,CACACA,0.1453857719898224,False,False,True,0.0001501571387052536,
3,3,18,head_6,recovery,0.0,-0.016167283058166504,106,AACCCA,4.2109375,922,AGTGAC,4.43359375,922,AGTGAC,4.43359375,106,AACCCA,0.0038226295728236437,922,AGTGAC,1.6465548469568603e-05,1366,CACACA,0.14597314596176147,False,False,True,-0.00018889084458351135,
3,4,18,head_6,recovery,0.01171875,-0.0021246671676635742,106,AACCCA,4.2109375,922,AGTGAC,4.4296875,922,AGTGAC,4.4296875,106,AACCCA,0.0038438369520008564,922,AGTGAC,1.6625152056803927e-05,1366,CACACA,0.14702731370925903,False,False,True,-0.00012236647307872772,
3,5,18,head_6,recovery,0.03515625,0.01451939344406128,106,AACCCA,4.21875,922,AGTGAC,4.4296875,922,AGTGAC,4.4296875,106,AACCCA,0.0038686792831867933,922,AGTGAC,1.652006721997168e-05,1366,CACACA,0.1476459801197052,False,False,True,-6.883218884468079e-05,
3,6,18,head_6,recovery,0.0234375,0.022695600986480713,106,AACCCA,4.22265625,922,AGTGAC,4.4375,922,AGTGAC,4.4375,106,AACCCA,0.0038810400292277336,922,AGTGAC,1.662572321947664e-05,1366,CACACA,0.1466335505247116,False,False,True,1.198984682559967e-05,
3,7,18,head_6,recovery,0.01171875,0.00968778133392334,106,AACCCA,4.2109375,922,AGTGAC,4.4296875,922,AGTGAC,4.4296875,106,AACCCA,0.0038614722434431314,922,AGTGAC,1.6555070033064112e-05,1366,CACACA,0.14731022715568542,False,False,True,-0.00012741237878799438,
3,8,18,head_6,recovery,0.0234375,0.026858508586883545,106,AACCCA,4.21484375,922,AGTGAC,4.4296875,922,AGTGAC,4.4296875,106,AACCCA,0.0038871150463819504,922,AGTGAC,1.6461113773402758e-05,1366,CACACA,0.14692135155200958,False,False,True,0.00012199021875858307,
3,9,18,head_6,recovery,0.01171875,0.007291674613952637,106,AACCCA,4.21484375,922,AGTGAC,4.43359375,922,AGTGAC,4.43359375,106,AACCCA,0.0038579157553613186,922,AGTGAC,1.658984911045991e-05,1366,CACACA,0.1464196890592575,False,False,True,-1.3556331396102905e-05,
3,10,18,head_6,recovery,-0.01171875,-0.01468968391418457,106,AACCCA,4.2109375,922,AGTGAC,4.4375,922,AGTGAC,4.4375,106,AACCCA,0.003825178137049079,922,AGTGAC,1.6799500372144394e-05,1366,CACACA,0.14583662152290344,False,False,True,0.00010143034160137177,
3,11,18,head_6,recovery,0.01171875,0.021254241466522217,106,AACCCA,4.21484375,922,AGTGAC,4.43359375,922,AGTGAC,4.43359375,106,AACCCA,0.0038790060207247734,922,AGTGAC,1.6752117517171428e-05,1366,CACACA,0.143967866897583,False,False,True,0.0002645570784807205,
3,12,18,head_6,recovery,0.0234375,0.007105767726898193,106,AACCCA,4.21484375,922,AGTGAC,4.4296875,922,AGTGAC,4.4296875,106,AACCCA,0.00385758257471025,922,AGTGAC,1.6535379472770728e-05,1366,CACACA,0.14560501277446747,False,False,True,0.0002018958330154419,
3,13,18,head_6,recovery,0.0,0.000870048999786377,106,AACCCA,4.2109375,922,AGTGAC,4.43359375,922,AGTGAC,4.43359375,106,AACCCA,0.003848461201414466,922,AGTGAC,1.6760524886194617e-05,1366,CACACA,0.14596283435821533,False,False,True,0.0001335684210062027,
3,14,18,head_6,recovery,0.0,-0.004144549369812012,106,AACCCA,4.203125,922,AGTGAC,4.42578125,922,AGTGAC,4.42578125,106,AACCCA,0.00384091236628592,922,AGTGAC,1.6727924958104268e-05,1366,CACACA,0.14525480568408966,False,False,True,-1.9496306777000427e-05,
3,15,18,head_6,recovery,0.01171875,0.017917752265930176,106,AACCCA,4.21875,922,AGTGAC,4.4375,922,AGTGAC,4.4375,106,AACCCA,0.0038737712893635035,922,AGTGAC,1.6518355550942943e-05,1366,CACACA,0.14637231826782227,False,False,True,-0.00029299966990947723,
3,16,18,head_6,recovery,0.046875,0.08811557292938232,106,AACCCA,4.25,922,AGTGAC,4.45703125,922,AGTGAC,4.45703125,106,AACCCA,0.0039787208661437035,922,AGTGAC,1.625074219191447e-05,1366,CACACA,0.15536834299564362,False,False,True,-0.0026748906821012497,
3,17,18,head_6,recovery,0.16455078125,0.014494538307189941,106,AACCCA,4.25390625,922,AGTGAC,4.421875,922,AGTGAC,4.421875,106,AACCCA,0.003866850398480892,922,AGTGAC,1.4728455425938591e-05,1366,CACACA,0.16224154829978943,False,False,True,-0.007647995837032795,
3,18,18,head_6,recovery,0.12939453125,-0.04734933376312256,106,AACCCA,4.23828125,922,AGTGAC,4.41796875,922,AGTGAC,4.41796875,106,AACCCA,0.0037743670400232077,922,AGTGAC,1.4940982509870082e-05,1366,CACACA,0.1606392115354538,False,False,True,-0.007862244732677937,
3,19,18,head_6,recovery,0.12939453125,-0.06524026393890381,106,AACCCA,4.21875,922,AGTGAC,4.3984375,922,AGTGAC,4.3984375,106,AACCCA,0.0037480301689356565,922,AGTGAC,1.5420137060573325e-05,1366,CACACA,0.15347281098365784,False,False,True,-0.005935236811637878,
3,20,18,head_6,recovery,0.0234375,-0.018076658248901367,106,AACCCA,4.21484375,922,AGTGAC,4.4296875,922,AGTGAC,4.4296875,106,AACCCA,0.0038197117391973734,922,AGTGAC,1.6409638192271814e-05,1366,CACACA,0.14889752864837646,False,False,True,-0.001300763338804245,
3,21,18,head_6,recovery,-0.01171875,0.015519917011260986,106,AACCCA,4.21484375,922,AGTGAC,4.44140625,922,AGTGAC,4.44140625,106,AACCCA,0.0038704173639416695,922,AGTGAC,1.675843850534875e-05,1366,CACACA,0.14705340564250946,False,False,True,-0.00025816261768341064,
3,22,18,head_6,recovery,0.0,0.016553878784179688,106,AACCCA,4.22265625,922,AGTGAC,4.4453125,922,AGTGAC,4.4453125,106,AACCCA,0.003871906315907836,922,AGTGAC,1.66977770277299e-05,1366,CACACA,0.14677812159061432,False,False,True,0.00015864335000514984,
3,23,18,head_6,recovery,0.01171875,0.009279072284698486,106,AACCCA,4.21484375,922,AGTGAC,4.43359375,922,AGTGAC,4.43359375,106,AACCCA,0.0038609157782047987,922,AGTGAC,1.661109854467213e-05,1366,CACACA,0.14679314196109772,False,False,True,-0.00011902675032615662,
3,24,18,head_6,recovery,0.01171875,0.009275078773498535,106,AACCCA,4.21484375,922,AGTGAC,4.43359375,922,AGTGAC,4.43359375,106,AACCCA,0.0038609399925917387,922,AGTGAC,1.664137380430475e-05,1366,CACACA,0.145891934633255,False,False,True,-4.075467586517334e-06,
3,25,18,head_6,recovery,0.0,0.002837538719177246,106,AACCCA,4.21484375,922,AGTGAC,4.4375,922,AGTGAC,4.4375,106,AACCCA,0.0038512665778398514,922,AGTGAC,1.6616926586721092e-05,1366,CACACA,0.14562636613845825,False,False,True,2.1869316697120667e-05,
3,26,18,head_6,recovery,0.0,0.017677128314971924,106,AACCCA,4.2109375,922,AGTGAC,4.43359375,922,AGTGAC,4.43359375,106,AACCCA,0.003873647889122367,922,AGTGAC,1.675554631219711e-05,1366,CACACA,0.14571918547153473,False,False,True,-6.084330379962921e-05,
3,27,18,head_6,recovery,0.01171875,0.020499765872955322,106,AACCCA,4.2109375,922,AGTGAC,4.4296875,922,AGTGAC,4.4296875,106,AACCCA,0.0038777156732976437,922,AGTGAC,1.6592755855526775e-05,1366,CACACA,0.146693617105484,False,False,True,-6.122328341007233e-05,
3,28,18,head_6,recovery,0.0234375,0.014714062213897705,106,AACCCA,4.21484375,922,AGTGAC,4.4296875,922,AGTGAC,4.4296875,106,AACCCA,0.0038689905777573586,922,AGTGAC,1.6539546777494252e-05,1366,CACACA,0.14748673141002655,False,False,True,-0.00010191649198532104,
3,29,18,head_6,recovery,0.0,0.0035668611526489258,106,AACCCA,4.21484375,922,AGTGAC,4.4375,922,AGTGAC,4.4375,106,AACCCA,0.0038525143172591925,922,AGTGAC,1.6771517039160244e-05,1366,CACACA,0.1467847228050232,False,False,True,-0.00012481771409511566,
3,30,18,head_6,recovery,0.0,0.008411526679992676,106,AACCCA,4.21484375,922,AGTGAC,4.4375,922,AGTGAC,4.4375,106,AACCCA,0.0038597341626882553,922,AGTGAC,1.672980397415813e-05,1366,CACACA,0.14662513136863708,False,False,True,-9.441748261451721e-06,
3,31,18,head_6,recovery,-0.01171875,0.010243892669677734,106,AACCCA,4.2109375,922,AGTGAC,4.4375,922,AGTGAC,4.4375,106,AACCCA,0.00386248342692852,922,AGTGAC,1.6732525182305835e-05,1366,CACACA,0.14467090368270874,False,False,True,0.0002780165523290634,
4,0,18,head_6,recovery,0.0,0.002173006534576416,106,AACCCA,4.22265625,922,AGTGAC,4.4453125,922,AGTGAC,4.4453125,106,AACCCA,0.0038503571413457394,922,AGTGAC,1.670344136073254e-05,1366,CACACA,0.1469377726316452,False,False,True,-0.0002036653459072113,
4,1,18,head_6,recovery,0.01171875,0.01313692331314087,106,AACCCA,4.22265625,922,AGTGAC,4.44140625,922,AGTGAC,4.44140625,106,AACCCA,0.0038667554035782814,922,AGTGAC,1.6668458556523547e-05,1366,CACACA,0.14816144108772278,False,False,True,-0.0008204877376556396,
4,2,18,head_6,recovery,0.01171875,0.02412968873977661,106,AACCCA,4.21875,922,AGTGAC,4.4375,922,AGTGAC,4.4375,106,AACCCA,0.003882936667650938,922,AGTGAC,1.6372867321479134e-05,1366,CACACA,0.1502644419670105,False,False,True,-0.0014693588018417358,
4,3,18,head_6,recovery,0.0,0.008969485759735107,106,AACCCA,4.21484375,922,AGTGAC,4.4375,922,AGTGAC,4.4375,106,AACCCA,0.0038601981941610575,922,AGTGAC,1.635741864447482e-05,1366,CACACA,0.14969709515571594,False,False,True,-0.001771567389369011,
4,4,18,head_6,recovery,0.01171875,0.03824305534362793,106,AACCCA,4.21484375,922,AGTGAC,4.43359375,922,AGTGAC,4.43359375,106,AACCCA,0.003904137294739485,922,AGTGAC,1.6419335224782117e-05,1366,CACACA,0.14943638443946838,False,False,True,-0.0016398131847381592,
4,5,18,head_6,recovery,-0.01171875,0.03232979774475098,106,AACCCA,4.2109375,922,AGTGAC,4.4375,922,AGTGAC,4.4375,106,AACCCA,0.003895440138876438,922,AGTGAC,1.658538712945301e-05,1366,CACACA,0.14885343611240387,False,False,True,-0.0008661355823278427,
4,6,18,head_6,recovery,0.0234375,0.06645280122756958,106,AACCCA,4.21484375,922,AGTGAC,4.4296875,922,AGTGAC,4.4296875,106,AACCCA,0.003946610260754824,922,AGTGAC,1.660975431150291e-05,1366,CACACA,0.147596538066864,False,False,True,-0.0006777532398700714,
4,7,18,head_6,recovery,0.01171875,0.05404287576675415,106,AACCCA,4.22265625,922,AGTGAC,4.44140625,922,AGTGAC,4.44140625,106,AACCCA,0.003928120713680983,922,AGTGAC,1.6721132851671427e-05,1366,CACACA,0.1477074921131134,False,False,True,-0.001909090206027031,
4,8,18,head_6,recovery,0.046875,0.08144569396972656,106,AACCCA,4.23046875,922,AGTGAC,4.4375,922,AGTGAC,4.4375,106,AACCCA,0.0039690835401415825,922,AGTGAC,1.661080023040995e-05,1366,CACACA,0.14784251153469086,False,False,True,-0.0019390713423490524,
4,9,18,head_6,recovery,0.0234375,0.051307082176208496,106,AACCCA,4.22265625,922,AGTGAC,4.4375,922,AGTGAC,4.4375,106,AACCCA,0.0039236173033714294,922,AGTGAC,1.631804116186686e-05,1366,CACACA,0.14733342826366425,False,False,True,-0.0017099156975746155,
4,10,18,head_6,recovery,0.0,0.02333545684814453,106,AACCCA,4.20703125,922,AGTGAC,4.4296875,922,AGTGAC,4.4296875,106,AACCCA,0.0038818391039967537,922,AGTGAC,1.6465879525640048e-05,1366,CACACA,0.1443546861410141,False,False,True,-0.00012319162487983704,
4,11,18,head_6,recovery,-0.03515625,0.004492521286010742,106,AACCCA,4.1953125,922,AGTGAC,4.4296875,922,AGTGAC,4.4296875,106,AACCCA,0.00385381281375885,922,AGTGAC,1.668251570663415e-05,1366,CACACA,0.14464600384235382,False,False,True,-0.0004656147211790085,
4,12,18,head_6,recovery,0.0,0.03651458024978638,106,AACCCA,4.20703125,922,AGTGAC,4.4296875,922,AGTGAC,4.4296875,106,AACCCA,0.0039015847723931074,922,AGTGAC,1.6457724996143952e-05,1366,CACACA,0.1443624198436737,False,False,True,-0.00035642459988594055,
4,13,18,head_6,recovery,0.03515625,0.03505206108093262,106,AACCCA,4.21484375,922,AGTGAC,4.42578125,922,AGTGAC,4.42578125,106,AACCCA,0.003899136558175087,922,AGTGAC,1.6201456674025394e-05,1366,CACACA,0.14611509442329407,False,False,True,-0.00030942074954509735,
4,14,18,head_6,recovery,0.0234375,0.0045888423919677734,106,AACCCA,4.21484375,922,AGTGAC,4.4296875,922,AGTGAC,4.4296875,106,AACCCA,0.003853211645036936,922,AGTGAC,1.5936942872940563e-05,1366,CACACA,0.14815478026866913,False,False,True,-0.0012412983924150467,
4,15,18,head_6,recovery,0.0,0.012948155403137207,106,AACCCA,4.22265625,922,AGTGAC,4.4453125,922,AGTGAC,4.4453125,106,AACCCA,0.0038660333957523108,922,AGTGAC,1.6229210814344697e-05,1366,CACACA,0.1501317173242569,False,False,True,-0.0012636035680770874,
4,16,18,head_6,recovery,0.03515625,0.035436391830444336,106,AACCCA,4.23046875,922,AGTGAC,4.44140625,922,AGTGAC,4.44140625,106,AACCCA,0.0038996438961476088,922,AGTGAC,1.6132804375956766e-05,1366,CACACA,0.1511991024017334,False,False,True,-0.002120083197951317,
4,17,18,head_6,recovery,0.01171875,0.08367723226547241,106,AACCCA,4.2265625,922,AGTGAC,4.4453125,922,AGTGAC,4.4453125,106,AACCCA,0.003972328267991543,922,AGTGAC,1.6510681234649383e-05,1366,CACACA,0.1520233005285263,False,False,True,-0.0024464931339025497,
4,18,18,head_6,recovery,0.01171875,0.0939720869064331,106,AACCCA,4.23046875,922,AGTGAC,4.44921875,922,AGTGAC,4.44921875,106,AACCCA,0.003988009877502918,922,AGTGAC,1.676137799222488e-05,1366,CACACA,0.15160219371318817,False,False,True,-0.0019879061728715897,
4,19,18,head_6,recovery,0.0234375,0.06880241632461548,106,AACCCA,4.2265625,922,AGTGAC,4.44140625,922,AGTGAC,4.44140625,106,AACCCA,0.0039501856081187725,922,AGTGAC,1.666311982262414e-05,1366,CACACA,0.15118511021137238,False,False,True,-0.0016335975378751755,
4,20,18,head_6,recovery,0.0,0.054478466510772705,106,AACCCA,4.22265625,922,AGTGAC,4.4453125,922,AGTGAC,4.4453125,106,AACCCA,0.00392873352393508,922,AGTGAC,1.6680947737768292e-05,1366,CACACA,0.14901648461818695,False,False,True,-0.0006328355520963669,
4,21,18,head_6,recovery,0.0,0.047032833099365234,106,AACCCA,4.21484375,922,AGTGAC,4.4375,922,AGTGAC,4.4375,106,AACCCA,0.003917409107089043,922,AGTGAC,1.651662569202017e-05,1366,CACACA,0.14803928136825562,False,False,True,-0.0006537605077028275,
4,22,18,head_6,recovery,0.01171875,0.05505412817001343,106,AACCCA,4.21875,922,AGTGAC,4.4375,922,AGTGAC,4.4375,106,AACCCA,0.00392943574115634,922,AGTGAC,1.6520378267159685e-05,1366,CACACA,0.1480119377374649,False,False,True,-0.00046421587467193604,
4,23,18,head_6,recovery,0.0234375,0.03826338052749634,106,AACCCA,4.21484375,922,AGTGAC,4.4296875,922,AGTGAC,4.4296875,106,AACCCA,0.003904342418536544,922,AGTGAC,1.6594140106462874e-05,1366,CACACA,0.1473654806613922,False,False,True,-0.0005361232906579971,
4,24,18,head_6,recovery,0.01171875,0.014514744281768799,106,AACCCA,4.2109375,922,AGTGAC,4.4296875,922,AGTGAC,4.4296875,106,AACCCA,0.0038687223568558693,922,AGTGAC,1.657020766288042e-05,1366,CACACA,0.1458384394645691,False,False,True,-0.0005286075174808502,
4,25,18,head_6,recovery,0.01171875,-0.0011194944381713867,106,AACCCA,4.203125,922,AGTGAC,4.421875,922,AGTGAC,4.421875,106,AACCCA,0.0038453286979347467,922,AGTGAC,1.66100562637439e-05,1366,CACACA,0.14523109793663025,False,False,True,-0.00016539916396141052,
4,26,18,head_6,recovery,0.0,0.0031249523162841797,106,AACCCA,4.20703125,922,AGTGAC,4.4296875,922,AGTGAC,4.4296875,106,AACCCA,0.0038517892826348543,922,AGTGAC,1.6708887415006757e-05,1366,CACACA,0.14664965867996216,False,False,True,-0.00045719370245933533,
4,27,18,head_6,recovery,-0.01171875,0.010744988918304443,106,AACCCA,4.2109375,922,AGTGAC,4.4375,922,AGTGAC,4.4375,106,AACCCA,0.0038632068317383528,922,AGTGAC,1.6704801964806393e-05,1366,CACACA,0.1467951089143753,False,False,True,-0.0003228187561035156,
4,28,18,head_6,recovery,0.0,-0.004801273345947266,106,AACCCA,4.2109375,922,AGTGAC,4.43359375,922,AGTGAC,4.43359375,106,AACCCA,0.0038399030454456806,922,AGTGAC,1.6703141227480955e-05,1366,CACACA,0.14551608264446259,False,False,True,0.00018220022320747375,
4,29,18,head_6,recovery,0.0,0.016967058181762695,106,AACCCA,4.21484375,922,AGTGAC,4.4375,922,AGTGAC,4.4375,106,AACCCA,0.003872629487887025,922,AGTGAC,1.6801543097244576e-05,1366,CACACA,0.14456923305988312,False,False,True,0.0004418119788169861,
4,30,18,head_6,recovery,0.0,0.019783973693847656,106,AACCCA,4.21484375,922,AGTGAC,4.4375,922,AGTGAC,4.4375,106,AACCCA,0.003876915667206049,922,AGTGAC,1.6865589714143425e-05,1366,CACACA,0.1442728191614151,False,False,True,0.00010067038238048553,
4,31,18,head_6,recovery,0.01171875,0.01778721809387207,106,AACCCA,4.2109375,922,AGTGAC,4.4296875,922,AGTGAC,4.4296875,106,AACCCA,0.003873814595863223,922,AGTGAC,1.6757287085056305e-05,1366,CACACA,0.14678996801376343,False,False,True,-0.0006653238087892532,
5,0,18,head_6,recovery,0.0,0.0683755874633789,106,AACCCA,4.21484375,922,AGTGAC,4.4375,922,AGTGAC,4.4375,106,AACCCA,0.003949763718992472,922,AGTGAC,1.6881287592696026e-05,1366,CACACA,0.14566421508789062,False,False,True,-0.0005121342837810516,
5,1,18,head_6,recovery,0.0,0.06963318586349487,106,AACCCA,4.20703125,922,AGTGAC,4.4296875,922,AGTGAC,4.4296875,106,AACCCA,0.003951601218432188,922,AGTGAC,1.683385380601976e-05,1366,CACACA,0.1458209604024887,False,False,True,-0.0012124814093112946,
5,2,18,head_6,recovery,0.0,0.10074824094772339,106,AACCCA,4.19921875,922,AGTGAC,4.421875,922,AGTGAC,4.421875,106,AACCCA,0.003998477943241596,922,AGTGAC,1.707295814412646e-05,1366,CACACA,0.1471617966890335,False,False,True,-0.002071438357234001,
5,3,18,head_6,recovery,0.03515625,0.07733666896820068,106,AACCCA,4.2109375,922,AGTGAC,4.421875,922,AGTGAC,4.421875,106,AACCCA,0.0039633894339203835,922,AGTGAC,1.707539558992721e-05,1366,CACACA,0.1476777344942093,False,False,True,-0.001892460510134697,
5,4,18,head_6,recovery,-0.01171875,0.008768022060394287,106,AACCCA,4.20703125,922,AGTGAC,4.43359375,922,AGTGAC,4.43359375,106,AACCCA,0.0038605034351348877,922,AGTGAC,1.69646355061559e-05,1366,CACACA,0.14920267462730408,False,False,True,-0.001720082014799118,
5,5,18,head_6,recovery,-0.01171875,0.01865994930267334,106,AACCCA,4.2109375,922,AGTGAC,4.4375,922,AGTGAC,4.4375,106,AACCCA,0.003875073743984103,922,AGTGAC,1.670837082201615e-05,1366,CACACA,0.14999906718730927,False,False,True,-0.0009889882057905197,
5,6,18,head_6,recovery,-0.0234375,0.014975488185882568,106,AACCCA,4.21484375,922,AGTGAC,4.4453125,922,AGTGAC,4.4453125,106,AACCCA,0.0038693014066666365,922,AGTGAC,1.645859629206825e-05,1366,CACACA,0.14951303601264954,False,False,True,-0.001186814159154892,
5,7,18,head_6,recovery,0.01171875,0.0861850380897522,106,AACCCA,4.23046875,922,AGTGAC,4.44921875,922,AGTGAC,4.44921875,106,AACCCA,0.003975905943661928,922,AGTGAC,1.632914791116491e-05,1366,CACACA,0.1502109318971634,False,False,True,-0.0011630915105342865,
5,8,18,head_6,recovery,0.01171875,0.07647675275802612,106,AACCCA,4.23828125,922,AGTGAC,4.45703125,922,AGTGAC,4.45703125,106,AACCCA,0.00396130932494998,922,AGTGAC,1.6284371668007225e-05,1366,CACACA,0.1501924693584442,False,False,True,-0.0014115739613771439,
5,9,18,head_6,recovery,0.03515625,0.14133822917938232,106,AACCCA,4.25390625,922,AGTGAC,4.46484375,922,AGTGAC,4.46484375,106,AACCCA,0.00405834661796689,922,AGTGAC,1.6102638255688362e-05,1366,CACACA,0.1517127901315689,False,False,True,-0.0016216542571783066,
5,10,18,head_6,recovery,0.0234375,0.08896398544311523,106,AACCCA,4.234375,922,AGTGAC,4.44921875,922,AGTGAC,4.44921875,106,AACCCA,0.0039798542857170105,922,AGTGAC,1.6112231605802663e-05,1366,CACACA,0.14964140951633453,False,False,True,-0.0010539945214986801,
5,11,18,head_6,recovery,0.01171875,0.05729317665100098,106,AACCCA,4.2265625,922,AGTGAC,4.4453125,922,AGTGAC,4.4453125,106,AACCCA,0.0039322697557508945,922,AGTGAC,1.5998311937437393e-05,1366,CACACA,0.1501026600599289,False,False,True,-0.0009447075426578522,
5,12,18,head_6,recovery,-0.01171875,0.013577103614807129,106,AACCCA,4.19921875,922,AGTGAC,4.42578125,922,AGTGAC,4.42578125,106,AACCCA,0.0038670143112540245,922,AGTGAC,1.6267524188151583e-05,1366,CACACA,0.15141922235488892,False,False,True,-0.0018847454339265823,
5,13,18,head_6,recovery,-0.01171875,-0.0070209503173828125,106,AACCCA,4.1953125,922,AGTGAC,4.421875,922,AGTGAC,4.421875,106,AACCCA,0.0038358327001333237,922,AGTGAC,1.5959500160533935e-05,1366,CACACA,0.15202903747558594,False,False,True,-0.001796584576368332,
5,14,18,head_6,recovery,0.01171875,0.02259916067123413,106,AACCCA,4.20703125,922,AGTGAC,4.42578125,922,AGTGAC,4.42578125,106,AACCCA,0.0038802255876362324,922,AGTGAC,1.5955874914652668e-05,1366,CACACA,0.15176737308502197,False,False,True,-0.0018068160861730576,
5,15,18,head_6,recovery,0.0,0.008655428886413574,106,AACCCA,4.203125,922,AGTGAC,4.42578125,922,AGTGAC,4.42578125,106,AACCCA,0.003859998192638159,922,AGTGAC,1.6628187950118445e-05,1366,CACACA,0.14331050217151642,False,False,True,-3.638118505477905e-05,
5,16,18,head_6,recovery,0.01171875,-0.007593989372253418,106,AACCCA,4.21875,922,AGTGAC,4.4375,922,AGTGAC,4.4375,106,AACCCA,0.0038351507391780615,922,AGTGAC,1.613651511434e-05,1366,CACACA,0.1479019969701767,False,False,True,-0.0003388896584510803,
5,17,18,head_6,recovery,0.046875,0.11380404233932495,106,AACCCA,4.25,922,AGTGAC,4.45703125,922,AGTGAC,4.45703125,106,AACCCA,0.004016635939478874,922,AGTGAC,1.5662104488001205e-05,1366,CACACA,0.16036279499530792,False,False,True,-0.0018496476113796234,
5,18,18,head_6,recovery,0.07080078125,0.11752283573150635,106,AACCCA,4.2578125,922,AGTGAC,4.45703125,922,AGTGAC,4.45703125,106,AACCCA,0.0040219989605247974,922,AGTGAC,1.545131999591831e-05,1366,CACACA,0.1629563719034195,False,False,True,-0.0027659423649311066,
5,19,18,head_6,recovery,0.05859375,0.13149482011795044,106,AACCCA,4.2421875,922,AGTGAC,4.4453125,922,AGTGAC,4.4453125,106,AACCCA,0.004043475724756718,922,AGTGAC,1.5985549907782115e-05,1366,CACACA,0.16013655066490173,False,False,True,-0.002962399274110794,
5,20,18,head_6,recovery,0.03515625,0.042573511600494385,106,AACCCA,4.21484375,922,AGTGAC,4.42578125,922,AGTGAC,4.42578125,106,AACCCA,0.003910875413566828,922,AGTGAC,1.6666817828081548e-05,1366,CACACA,0.14814458787441254,False,False,True,-0.0013007689267396927,
5,21,18,head_6,recovery,0.0,0.025936901569366455,106,AACCCA,4.2109375,922,AGTGAC,4.43359375,922,AGTGAC,4.43359375,106,AACCCA,0.0038857588078826666,922,AGTGAC,1.6486268577864394e-05,1366,CACACA,0.14924444258213043,False,False,True,-0.0017193183302879333,
5,22,18,head_6,recovery,0.0,0.005044758319854736,106,AACCCA,4.21484375,922,AGTGAC,4.4375,922,AGTGAC,4.4375,106,AACCCA,0.003854478942230344,922,AGTGAC,1.6521074940101244e-05,1366,CACACA,0.148599773645401,False,False,True,-0.0014708545058965683,
5,23,18,head_6,recovery,-0.01171875,-0.024082303047180176,106,AACCCA,4.2109375,922,AGTGAC,4.4375,922,AGTGAC,4.4375,106,AACCCA,0.0038108653388917446,922,AGTGAC,1.6565029000048526e-05,1366,CACACA,0.14784488081932068,False,False,True,-0.001552533358335495,
5,24,18,head_6,recovery,0.01171875,0.010124564170837402,106,AACCCA,4.21875,922,AGTGAC,4.4375,922,AGTGAC,4.4375,106,AACCCA,0.0038621551357209682,922,AGTGAC,1.6583013348281384e-05,1366,CACACA,0.14747123420238495,False,False,True,-0.0008583404123783112,
5,25,18,head_6,recovery,0.0,-0.008205413818359375,106,AACCCA,4.2109375,922,AGTGAC,4.43359375,922,AGTGAC,4.43359375,106,AACCCA,0.003834421979263425,922,AGTGAC,1.6324256648658775e-05,1366,CACACA,0.14662913978099823,False,False,True,-0.00031656958162784576,
5,26,18,head_6,recovery,0.0234375,0.029381930828094482,106,AACCCA,4.21484375,922,AGTGAC,4.4296875,922,AGTGAC,4.4296875,106,AACCCA,0.0038911032024770975,922,AGTGAC,1.6667027011862956e-05,1366,CACACA,0.14744509756565094,False,False,True,-0.0005320291966199875,
5,27,18,head_6,recovery,0.01171875,0.02313905954360962,106,AACCCA,4.21484375,922,AGTGAC,4.43359375,922,AGTGAC,4.43359375,106,AACCCA,0.0038816211745142937,922,AGTGAC,1.654221887292806e-05,1366,CACACA,0.14725422859191895,False,False,True,-0.0006181877106428146,
5,28,18,head_6,recovery,0.0234375,0.039299964904785156,106,AACCCA,4.21484375,922,AGTGAC,4.4296875,922,AGTGAC,4.4296875,106,AACCCA,0.003906048834323883,922,AGTGAC,1.674683517194353e-05,1366,CACACA,0.14651937782764435,False,False,True,-0.0009113363921642303,
5,29,18,head_6,recovery,0.0,0.016479313373565674,106,AACCCA,4.2109375,922,AGTGAC,4.43359375,922,AGTGAC,4.43359375,106,AACCCA,0.0038718741852790117,922,AGTGAC,1.677727595961187e-05,1366,CACACA,0.14545036852359772,False,False,True,-0.0006903223693370819,
5,30,18,head_6,recovery,0.0234375,0.0387730598449707,106,AACCCA,4.21484375,922,AGTGAC,4.4296875,922,AGTGAC,4.4296875,106,AACCCA,0.0039052076172083616,922,AGTGAC,1.6695295926183462e-05,1366,CACACA,0.1453278809785843,False,False,True,-0.000804554671049118,
5,31,18,head_6,recovery,0.0,0.0214688777923584,106,AACCCA,4.21484375,922,AGTGAC,4.4375,922,AGTGAC,4.4375,106,AACCCA,0.003879229072481394,922,AGTGAC,1.665348645474296e-05,1366,CACACA,0.1457555592060089,False,False,True,-0.0002698861062526703,
6,0,18,head_6,recovery,0.0234375,-0.0025485754013061523,106,AACCCA,4.21484375,922,AGTGAC,4.4296875,922,AGTGAC,4.4296875,106,AACCCA,0.003843064419925213,922,AGTGAC,1.6488012988702394e-05,1366,CACACA,0.14573590457439423,False,False,True,4.110671579837799e-05,
6,1,18,head_6,recovery,0.0234375,-0.00714564323425293,106,AACCCA,4.21875,922,AGTGAC,4.43359375,922,AGTGAC,4.43359375,106,AACCCA,0.00383630208671093,922,AGTGAC,1.661587884882465e-05,1366,CACACA,0.14602212607860565,False,False,True,4.0298327803611755e-05,
6,2,18,head_6,recovery,0.01171875,-0.010522842407226562,106,AACCCA,4.21484375,922,AGTGAC,4.43359375,922,AGTGAC,4.43359375,106,AACCCA,0.003831171430647373,922,AGTGAC,1.654717380006332e-05,1366,CACACA,0.14558227360248566,False,False,True,5.53131103515625e-05,
6,3,18,head_6,recovery,0.0234375,0.018724560737609863,106,AACCCA,4.21484375,922,AGTGAC,4.4296875,922,AGTGAC,4.4296875,106,AACCCA,0.003874934744089842,922,AGTGAC,1.6472491552121937e-05,1366,CACACA,0.1474093496799469,False,False,True,-0.00029761530458927155,
6,4,18,head_6,recovery,0.0,0.018060803413391113,106,AACCCA,4.21484375,922,AGTGAC,4.4375,922,AGTGAC,4.4375,106,AACCCA,0.0038742341566830873,922,AGTGAC,1.676676947681699e-05,1366,CACACA,0.14687533676624298,False,False,True,-0.00031415559351444244,
6,5,18,head_6,recovery,0.01171875,0.0052034854888916016,106,AACCCA,4.2109375,922,AGTGAC,4.4296875,922,AGTGAC,4.4296875,106,AACCCA,0.0038547804579138756,922,AGTGAC,1.6584464901825413e-05,1366,CACACA,0.14741215109825134,False,False,True,-0.0004527457058429718,
6,6,18,head_6,recovery,0.0,0.02018517255783081,106,AACCCA,4.21484375,922,AGTGAC,4.4375,922,AGTGAC,4.4375,106,AACCCA,0.003877464449033141,922,AGTGAC,1.6813017282402143e-05,1366,CACACA,0.14670202136039734,False,False,True,-6.353110074996948e-05,
6,7,18,head_6,recovery,0.01171875,0.00445634126663208,106,AACCCA,4.22265625,922,AGTGAC,4.44140625,922,AGTGAC,4.44140625,106,AACCCA,0.0038536416832357645,922,AGTGAC,1.6565669284318574e-05,1366,CACACA,0.1478235423564911,False,False,True,-0.00018838420510292053,
6,8,18,head_6,recovery,0.0,0.00990152359008789,106,AACCCA,4.21875,922,AGTGAC,4.44140625,922,AGTGAC,4.44140625,106,AACCCA,0.0038617150858044624,922,AGTGAC,1.647752469580155e-05,1366,CACACA,0.14687058329582214,False,False,True,-1.8930062651634216e-05,
6,9,18,head_6,recovery,-0.01171875,0.02371758222579956,106,AACCCA,4.21484375,922,AGTGAC,4.44140625,922,AGTGAC,4.44140625,106,AACCCA,0.0038826321251690388,922,AGTGAC,1.6686144590494223e-05,1366,CACACA,0.14639630913734436,False,False,True,-0.00010598264634609222,
6,10,18,head_6,recovery,0.0,0.012764394283294678,106,AACCCA,4.21484375,922,AGTGAC,4.4375,922,AGTGAC,4.4375,106,AACCCA,0.0038661013823002577,922,AGTGAC,1.6572630556765944e-05,1366,CACACA,0.14481967687606812,False,False,True,9.936466813087463e-05,
6,11,18,head_6,recovery,0.0,-0.0019353628158569336,106,AACCCA,4.21484375,922,AGTGAC,4.4375,922,AGTGAC,4.4375,106,AACCCA,0.0038441552314907312,922,AGTGAC,1.6659521861583926e-05,1366,CACACA,0.14595310389995575,False,False,True,1.3735145330429077e-05,
6,12,18,head_6,recovery,0.0,0.03188037872314453,106,AACCCA,4.22265625,922,AGTGAC,4.4453125,922,AGTGAC,4.4453125,106,AACCCA,0.0038948894944041967,922,AGTGAC,1.6708439943613485e-05,1366,CACACA,0.1446588784456253,False,False,True,8.130446076393127e-05,
6,13,18,head_6,recovery,0.0,0.014612436294555664,106,AACCCA,4.21875,922,AGTGAC,4.44140625,922,AGTGAC,4.44140625,106,AACCCA,0.003869044128805399,922,AGTGAC,1.6745343600632623e-05,1366,CACACA,0.14579716324806213,False,False,True,0.0001857113093137741,
6,14,18,head_6,recovery,0.0,0.01738661527633667,106,AACCCA,4.22265625,922,AGTGAC,4.4453125,922,AGTGAC,4.4453125,106,AACCCA,0.0038732474204152822,922,AGTGAC,1.6790645531727932e-05,1366,CACACA,0.14622528851032257,False,False,True,1.0896474123001099e-05,
6,15,18,head_6,recovery,-0.0234375,-0.010560750961303711,106,AACCCA,4.20703125,922,AGTGAC,4.4375,922,AGTGAC,4.4375,106,AACCCA,0.0038314235862344503,922,AGTGAC,1.6856187357916497e-05,1366,CACACA,0.1454075574874878,False,False,True,0.00020122714340686798,
6,16,18,head_6,recovery,-0.01171875,0.01642012596130371,106,AACCCA,4.21484375,922,AGTGAC,4.44140625,922,AGTGAC,4.44140625,106,AACCCA,0.003871908178552985,922,AGTGAC,1.689990676823072e-05,1366,CACACA,0.14489783346652985,False,False,True,-3.3074989914894104e-05,
6,17,18,head_6,recovery,0.0,0.0336071252822876,106,AACCCA,4.2265625,922,AGTGAC,4.44921875,922,AGTGAC,4.44921875,106,AACCCA,0.0038972869515419006,922,AGTGAC,1.651775892241858e-05,1366,CACACA,0.14731256663799286,False,False,True,-0.0003608185797929764,
6,18,18,head_6,recovery,0.01171875,0.023623883724212646,106,AACCCA,4.2265625,922,AGTGAC,4.4453125,922,AGTGAC,4.4453125,106,AACCCA,0.0038822488859295845,922,AGTGAC,1.6443276763311587e-05,1366,CACACA,0.1489390730857849,False,False,True,-0.00034998729825019836,
6,19,18,head_6,recovery,0.01171875,0.026928067207336426,106,AACCCA,4.2265625,922,AGTGAC,4.4453125,922,AGTGAC,4.4453125,106,AACCCA,0.0038871995639055967,922,AGTGAC,1.644140138523653e-05,1366,CACACA,0.1511380672454834,False,False,True,-0.00012758560478687286,
6,20,18,head_6,recovery,-0.01171875,0.03047645092010498,106,AACCCA,4.21875,922,AGTGAC,4.4453125,922,AGTGAC,4.4453125,106,AACCCA,0.003892808686941862,922,AGTGAC,1.6731893992982805e-05,1366,CACACA,0.1498098075389862,False,False,True,0.00010642409324645996,
6,21,18,head_6,recovery,-0.01171875,0.03585255146026611,106,AACCCA,4.21484375,922,AGTGAC,4.44140625,922,AGTGAC,4.44140625,106,AACCCA,0.003900798736140132,922,AGTGAC,1.666400203248486e-05,1366,CACACA,0.1486130803823471,False,False,True,6.239116191864014e-05,
6,22,18,head_6,recovery,0.0,0.011790871620178223,106,AACCCA,4.2109375,922,AGTGAC,4.43359375,922,AGTGAC,4.43359375,106,AACCCA,0.003864683909341693,922,AGTGAC,1.6614374544587918e-05,1366,CACACA,0.1473652869462967,False,False,True,-0.00031905435025691986,
6,23,18,head_6,recovery,0.0,0.0072702765464782715,106,AACCCA,4.20703125,922,AGTGAC,4.4296875,922,AGTGAC,4.4296875,106,AACCCA,0.0038578221574425697,922,AGTGAC,1.65283363458002e-05,1366,CACACA,0.14451836049556732,False,False,True,-2.2627413272857666e-05,
6,24,18,head_6,recovery,0.01171875,-0.017173051834106445,106,AACCCA,4.2109375,922,AGTGAC,4.4296875,922,AGTGAC,4.4296875,106,AACCCA,0.003821191843599081,922,AGTGAC,1.653533399803564e-05,1366,CACACA,0.1449374109506607,False,False,True,3.8271769881248474e-05,
6,25,18,head_6,recovery,0.01171875,-0.03339040279388428,106,AACCCA,4.2109375,922,AGTGAC,4.4296875,922,AGTGAC,4.4296875,106,AACCCA,0.0037969283293932676,922,AGTGAC,1.657965731283184e-05,1366,CACACA,0.14499832689762115,False,False,True,3.459863364696503e-05,
6,26,18,head_6,recovery,-0.01171875,-0.0070487260818481445,106,AACCCA,4.2109375,922,AGTGAC,4.4375,922,AGTGAC,4.4375,106,AACCCA,0.0038365989457815886,922,AGTGAC,1.6767602573963813e-05,1366,CACACA,0.14500313997268677,False,False,True,0.00020159222185611725,
6,27,18,head_6,recovery,0.01171875,-0.00019884109497070312,106,AACCCA,4.21484375,922,AGTGAC,4.43359375,922,AGTGAC,4.43359375,106,AACCCA,0.0038467352278530598,922,AGTGAC,1.6636666259728372e-05,1366,CACACA,0.14579054713249207,False,False,True,0.00012943334877490997,
6,28,18,head_6,recovery,0.0,0.008970916271209717,106,AACCCA,4.21484375,922,AGTGAC,4.4375,922,AGTGAC,4.4375,106,AACCCA,0.003860514611005783,922,AGTGAC,1.6671798221068457e-05,1366,CACACA,0.14564010500907898,False,False,True,-9.276159107685089e-05,
6,29,18,head_6,recovery,0.0,-0.011080265045166016,106,AACCCA,4.20703125,922,AGTGAC,4.4296875,922,AGTGAC,4.4296875,106,AACCCA,0.003830359084531665,922,AGTGAC,1.6570431398577057e-05,1366,CACACA,0.14569805562496185,False,False,True,0.00018258951604366302,
6,30,18,head_6,recovery,0.01171875,0.0037737488746643066,106,AACCCA,4.2109375,922,AGTGAC,4.4296875,922,AGTGAC,4.4296875,106,AACCCA,0.003852621652185917,922,AGTGAC,1.656861240917351e-05,1366,CACACA,0.145762100815773,False,False,True,-0.0001611560583114624,
6,31,18,head_6,recovery,0.01171875,0.007653772830963135,106,AACCCA,4.21484375,922,AGTGAC,4.43359375,922,AGTGAC,4.43359375,106,AACCCA,0.003858497366309166,922,AGTGAC,1.662882641539909e-05,1366,CACACA,0.1448792964220047,False,False,True,0.00021962076425552368,
7,0,18,head_6,recovery,0.0,0.011331439018249512,106,AACCCA,4.21484375,922,AGTGAC,4.4375,922,AGTGAC,4.4375,106,AACCCA,0.003864035475999117,922,AGTGAC,1.6654708815622143e-05,1366,CACACA,0.14593763649463654,False,False,True,3.6016106605529785e-05,
7,1,18,head_6,recovery,0.0,-0.009804964065551758,106,AACCCA,4.2109375,922,AGTGAC,4.43359375,922,AGTGAC,4.43359375,106,AACCCA,0.0038322482723742723,922,AGTGAC,1.6548037820030004e-05,1366,CACACA,0.14566540718078613,False,False,True,-0.00018638931214809418,
7,2,18,head_6,recovery,0.01171875,-0.002776503562927246,106,AACCCA,4.2109375,922,AGTGAC,4.4296875,922,AGTGAC,4.4296875,106,AACCCA,0.003842764999717474,922,AGTGAC,1.65300298249349e-05,1366,CACACA,0.14606739580631256,False,False,True,-0.00010036490857601166,
7,3,18,head_6,recovery,0.0,0.016415297985076904,106,AACCCA,4.2109375,922,AGTGAC,4.43359375,922,AGTGAC,4.43359375,106,AACCCA,0.003871611086651683,922,AGTGAC,1.6610159946139902e-05,1366,CACACA,0.14668409526348114,False,False,True,-0.00021390989422798157,
7,4,18,head_6,recovery,0.0234375,0.0018859505653381348,106,AACCCA,4.21484375,922,AGTGAC,4.4296875,922,AGTGAC,4.4296875,106,AACCCA,0.0038498814683407545,922,AGTGAC,1.6658137610647827e-05,1366,CACACA,0.14605236053466797,False,False,True,-0.00017963722348213196,
7,5,18,head_6,recovery,0.0234375,0.03350287675857544,106,AACCCA,4.22265625,922,AGTGAC,4.4375,922,AGTGAC,4.4375,106,AACCCA,0.0038973058108240366,922,AGTGAC,1.6692814824637026e-05,1366,CACACA,0.1472705751657486,False,False,True,-0.0003554169088602066,
7,6,18,head_6,recovery,0.0234375,0.018964827060699463,106,AACCCA,4.22265625,922,AGTGAC,4.4375,922,AGTGAC,4.4375,106,AACCCA,0.003875513095408678,922,AGTGAC,1.6690655684215017e-05,1366,CACACA,0.14747411012649536,False,False,True,8.674338459968567e-06,
7,7,18,head_6,recovery,0.0234375,0.02000594139099121,106,AACCCA,4.21484375,922,AGTGAC,4.4296875,922,AGTGAC,4.4296875,106,AACCCA,0.0038770914543420076,922,AGTGAC,1.6708656403352506e-05,1366,CACACA,0.14581534266471863,False,False,True,-2.4398788809776306e-05,
7,8,18,head_6,recovery,0.01171875,0.01162499189376831,106,AACCCA,4.21484375,922,AGTGAC,4.43359375,922,AGTGAC,4.43359375,106,AACCCA,0.0038644985761493444,922,AGTGAC,1.6677544408594258e-05,1366,CACACA,0.14620253443717957,False,False,True,-1.521781086921692e-06,
7,9,18,head_6,recovery,-0.01171875,-0.006967782974243164,106,AACCCA,4.2109375,922,AGTGAC,4.4375,922,AGTGAC,4.4375,106,AACCCA,0.0038366084918379784,922,AGTGAC,1.6655767467455007e-05,1366,CACACA,0.14734767377376556,False,False,True,-0.00011056475341320038,
7,10,18,head_6,recovery,-0.01171875,0.02277839183807373,106,AACCCA,4.21484375,922,AGTGAC,4.44140625,922,AGTGAC,4.44140625,106,AACCCA,0.003881254233419895,922,AGTGAC,1.671587597229518e-05,1366,CACACA,0.14728298783302307,False,False,True,-0.0002772267907857895,
7,11,18,head_6,recovery,0.0234375,0.04545813798904419,106,AACCCA,4.22265625,922,AGTGAC,4.4375,922,AGTGAC,4.4375,106,AACCCA,0.003914933651685715,922,AGTGAC,1.640131631575059e-05,1366,CACACA,0.14899010956287384,False,False,True,-0.0004988666623830795,
7,12,18,head_6,recovery,0.0234375,0.040154457092285156,106,AACCCA,4.21875,922,AGTGAC,4.43359375,922,AGTGAC,4.43359375,106,AACCCA,0.003906809259206057,922,AGTGAC,1.6226389561779797e-05,1366,CACACA,0.14901477098464966,False,False,True,-0.000484345480799675,
7,13,18,head_6,recovery,0.03515625,0.011962831020355225,106,AACCCA,4.2109375,922,AGTGAC,4.421875,922,AGTGAC,4.421875,106,AACCCA,0.003864491358399391,922,AGTGAC,1.6163969121407717e-05,1366,CACACA,0.14765052497386932,False,False,True,-0.00035573728382587433,
7,14,18,head_6,recovery,-0.01171875,-0.00604403018951416,106,AACCCA,4.20703125,922,AGTGAC,4.43359375,922,AGTGAC,4.43359375,106,AACCCA,0.003837824799120426,922,AGTGAC,1.648740544624161e-05,1366,CACACA,0.14573054015636444,False,False,True,0.00017121806740760803,
7,15,18,head_6,recovery,0.0,0.015665173530578613,106,AACCCA,4.21484375,922,AGTGAC,4.4375,922,AGTGAC,4.4375,106,AACCCA,0.0038703938480466604,922,AGTGAC,1.65173078130465e-05,1366,CACACA,0.14530381560325623,False,False,True,-2.8777867555618286e-05,
7,16,18,head_6,recovery,-0.01171875,0.008507192134857178,106,AACCCA,4.2109375,922,AGTGAC,4.4375,922,AGTGAC,4.4375,106,AACCCA,0.003859605873003602,922,AGTGAC,1.6457988749607466e-05,1366,CACACA,0.14592833817005157,False,False,True,0.00012177787721157074,
7,17,18,head_6,recovery,-0.01171875,0.00860661268234253,106,AACCCA,4.2109375,922,AGTGAC,4.4375,922,AGTGAC,4.4375,106,AACCCA,0.003859881777316332,922,AGTGAC,1.658488872635644e-05,1366,CACACA,0.1453675925731659,False,False,True,9.401701390743256e-05,
7,18,18,head_6,recovery,-0.01171875,-0.01939690113067627,106,AACCCA,4.203125,922,AGTGAC,4.4296875,922,AGTGAC,4.4296875,106,AACCCA,0.003817802295088768,922,AGTGAC,1.647916178626474e-05,1366,CACACA,0.14624108374118805,False,False,True,-0.0002695489674806595,
7,19,18,head_6,recovery,0.0,-0.06564319133758545,106,AACCCA,4.2265625,922,AGTGAC,4.44921875,922,AGTGAC,4.44921875,106,AACCCA,0.0037483887281268835,922,AGTGAC,1.6382564353989437e-05,1366,CACACA,0.14806540310382843,False,False,True,-0.000568922609090805,
7,20,18,head_6,recovery,0.01171875,-0.06725883483886719,106,AACCCA,4.21484375,922,AGTGAC,4.43359375,922,AGTGAC,4.43359375,106,AACCCA,0.003745829686522484,922,AGTGAC,1.624529977561906e-05,1366,CACACA,0.15047340095043182,False,False,True,-0.0011884886771440506,
7,21,18,head_6,recovery,0.0234375,0.009407997131347656,106,AACCCA,4.22265625,922,AGTGAC,4.4375,922,AGTGAC,4.4375,106,AACCCA,0.0038609385956078768,922,AGTGAC,1.6440586477983743e-05,1366,CACACA,0.1465858519077301,False,False,True,-0.0003833416849374771,
7,22,18,head_6,recovery,0.01171875,0.044918954372406006,106,AACCCA,4.2109375,922,AGTGAC,4.4296875,922,AGTGAC,4.4296875,106,AACCCA,0.003914551809430122,922,AGTGAC,1.6827603758429177e-05,1366,CACACA,0.14634624123573303,False,False,True,-8.030980825424194e-05,
7,23,18,head_6,recovery,0.0,0.02749955654144287,106,AACCCA,4.21484375,922,AGTGAC,4.4375,922,AGTGAC,4.4375,106,AACCCA,0.003888300620019436,922,AGTGAC,1.6685788068571128e-05,1366,CACACA,0.14654292166233063,False,False,True,0.00014160387217998505,
7,24,18,head_6,recovery,-0.01171875,-0.0012186765670776367,106,AACCCA,4.2109375,922,AGTGAC,4.4375,922,AGTGAC,4.4375,106,AACCCA,0.003845333820208907,922,AGTGAC,1.6763777239248157e-05,1366,CACACA,0.14610259234905243,False,False,True,-1.122988760471344e-05,
7,25,18,head_6,recovery,0.01171875,0.00596541166305542,106,AACCCA,4.2109375,922,AGTGAC,4.4296875,922,AGTGAC,4.4296875,106,AACCCA,0.0038559893146157265,922,AGTGAC,1.6651250916766003e-05,1366,CACACA,0.14552932977676392,False,False,True,0.00016119703650474548,
7,26,18,head_6,recovery,0.01171875,0.007963061332702637,106,AACCCA,4.21484375,922,AGTGAC,4.43359375,922,AGTGAC,4.43359375,106,AACCCA,0.0038589974865317345,922,AGTGAC,1.6665251678205095e-05,1366,CACACA,0.14618389308452606,False,False,True,0.00013603642582893372,
7,27,18,head_6,recovery,0.0,-0.026584744453430176,106,AACCCA,4.20703125,922,AGTGAC,4.4296875,922,AGTGAC,4.4296875,106,AACCCA,0.0038071630988270044,922,AGTGAC,1.6613676052656956e-05,1366,CACACA,0.1456378549337387,False,False,True,0.000228099524974823,
7,28,18,head_6,recovery,0.01171875,-0.009853363037109375,106,AACCCA,4.2109375,922,AGTGAC,4.4296875,922,AGTGAC,4.4296875,106,AACCCA,0.0038322515320032835,922,AGTGAC,1.662392787693534e-05,1366,CACACA,0.145903542637825,False,False,True,0.00013585947453975677,
7,29,18,head_6,recovery,0.0,-0.016607165336608887,106,AACCCA,4.20703125,922,AGTGAC,4.4296875,922,AGTGAC,4.4296875,106,AACCCA,0.003822051454335451,922,AGTGAC,1.6546873666811734e-05,1366,CACACA,0.1464284211397171,False,False,True,-9.023584425449371e-05,
7,30,18,head_6,recovery,0.0,-0.012712359428405762,106,AACCCA,4.20703125,922,AGTGAC,4.4296875,922,AGTGAC,4.4296875,106,AACCCA,0.0038279262371361256,922,AGTGAC,1.6583922842983156e-05,1366,CACACA,0.1453458070755005,False,False,True,4.001520574092865e-05,
7,31,18,head_6,recovery,0.0,-0.0075566768646240234,106,AACCCA,4.2109375,922,AGTGAC,4.43359375,922,AGTGAC,4.43359375,106,AACCCA,0.003835718147456646,922,AGTGAC,1.664809497015085e-05,1366,CACACA,0.146314337849617,False,False,True,-4.988349974155426e-05,
8,0,18,head_6,recovery,0.0,0.014878690242767334,106,AACCCA,4.2109375,922,AGTGAC,4.43359375,922,AGTGAC,4.43359375,106,AACCCA,0.003869385225698352,922,AGTGAC,1.6687421521055512e-05,1366,CACACA,0.1457633078098297,False,False,True,-5.7220458984375e-06,
8,1,18,head_6,recovery,0.01171875,0.0158236026763916,106,AACCCA,4.2109375,922,AGTGAC,4.4296875,922,AGTGAC,4.4296875,106,AACCCA,0.003870792454108596,922,AGTGAC,1.667847391217947e-05,1366,CACACA,0.146036759018898,False,False,True,2.166256308555603e-06,
8,2,18,head_6,recovery,0.03515625,0.009385526180267334,106,AACCCA,4.2109375,922,AGTGAC,4.421875,922,AGTGAC,4.421875,106,AACCCA,0.0038611062336713076,922,AGTGAC,1.6642090486129746e-05,1366,CACACA,0.14530280232429504,False,False,True,-0.00011552870273590088,
8,3,18,head_6,recovery,0.0,0.016199827194213867,106,AACCCA,4.21484375,922,AGTGAC,4.4375,922,AGTGAC,4.4375,106,AACCCA,0.003871419234201312,922,AGTGAC,1.674131453910377e-05,1366,CACACA,0.14468954503536224,False,False,True,-8.296966552734375e-05,
8,4,18,head_6,recovery,-0.01171875,0.006271004676818848,106,AACCCA,4.2109375,922,AGTGAC,4.4375,922,AGTGAC,4.4375,106,AACCCA,0.003856391180306673,922,AGTGAC,1.6595186025369912e-05,1366,CACACA,0.14505231380462646,False,False,True,-0.00025746412575244904,
8,5,18,head_6,recovery,0.01171875,0.02105879783630371,106,AACCCA,4.2109375,922,AGTGAC,4.4296875,922,AGTGAC,4.4296875,106,AACCCA,0.0038784947246313095,922,AGTGAC,1.653369326959364e-05,1366,CACACA,0.14586590230464935,False,False,True,-0.0001624375581741333,
8,6,18,head_6,recovery,0.01171875,0.024454176425933838,106,AACCCA,4.2109375,922,AGTGAC,4.4296875,922,AGTGAC,4.4296875,106,AACCCA,0.003883370663970709,922,AGTGAC,1.6320600479957648e-05,1366,CACACA,0.14727114140987396,False,False,True,-0.00032058171927928925,
8,7,18,head_6,recovery,0.0,0.019811153411865234,106,AACCCA,4.21484375,922,AGTGAC,4.4375,922,AGTGAC,4.4375,106,AACCCA,0.0038765734061598778,922,AGTGAC,1.648247052798979e-05,1366,CACACA,0.14752346277236938,False,False,True,-7.814168930053711e-05,
8,8,18,head_6,recovery,0.0,0.01576054096221924,106,AACCCA,4.2109375,922,AGTGAC,4.43359375,922,AGTGAC,4.43359375,106,AACCCA,0.003870567539706826,922,AGTGAC,1.6548048733966425e-05,1366,CACACA,0.14709725975990295,False,False,True,-4.2129307985305786e-05,
8,9,18,head_6,recovery,0.0234375,0.002359747886657715,106,AACCCA,4.21484375,922,AGTGAC,4.4296875,922,AGTGAC,4.4296875,106,AACCCA,0.003850356675684452,922,AGTGAC,1.6423078704974614e-05,1366,CACACA,0.14723174273967743,False,False,True,-0.0001992601901292801,
8,10,18,head_6,recovery,0.01171875,-0.004769325256347656,106,AACCCA,4.2109375,922,AGTGAC,4.4296875,922,AGTGAC,4.4296875,106,AACCCA,0.003839659271761775,922,AGTGAC,1.6411229807999916e-05,1366,CACACA,0.14571568369865417,False,False,True,7.38091766834259e-05,
8,11,18,head_6,recovery,0.01171875,0.014488816261291504,106,AACCCA,4.21484375,922,AGTGAC,4.43359375,922,AGTGAC,4.43359375,106,AACCCA,0.0038685884792357683,922,AGTGAC,1.647515091462992e-05,1366,CACACA,0.14549776911735535,False,False,True,0.00024499185383319855,
8,12,18,head_6,recovery,0.03515625,0.02863246202468872,106,AACCCA,4.22265625,922,AGTGAC,4.43359375,922,AGTGAC,4.43359375,106,AACCCA,0.0038897295016795397,922,AGTGAC,1.6416757716797292e-05,1366,CACACA,0.14601413905620575,False,False,True,4.7966837882995605e-05,
8,13,18,head_6,recovery,0.0234375,0.02178514003753662,106,AACCCA,4.22265625,922,AGTGAC,4.4375,922,AGTGAC,4.4375,106,AACCCA,0.0038795690052211285,922,AGTGAC,1.651936509006191e-05,1366,CACACA,0.1481790989637375,False,False,True,-4.542991518974304e-05,
8,14,18,head_6,recovery,0.03515625,0.048846662044525146,106,AACCCA,4.21875,922,AGTGAC,4.4296875,922,AGTGAC,4.4296875,106,AACCCA,0.003920102026313543,922,AGTGAC,1.6490712368977256e-05,1366,CACACA,0.1471969336271286,False,False,True,-0.000510508194565773,
8,15,18,head_6,recovery,-0.0234375,-0.02945244312286377,106,AACCCA,4.1875,922,AGTGAC,4.41796875,922,AGTGAC,4.41796875,106,AACCCA,0.0038030415307730436,922,AGTGAC,1.6790439985925332e-05,1366,CACACA,0.14291472733020782,False,False,True,-9.881332516670227e-06,
8,16,18,head_6,recovery,0.0,-0.011638522148132324,106,AACCCA,4.1953125,922,AGTGAC,4.41796875,922,AGTGAC,4.41796875,106,AACCCA,0.003829465713351965,922,AGTGAC,1.6513853552169167e-05,1366,CACACA,0.14367516338825226,False,False,True,-0.0004822947084903717,
8,17,18,head_6,recovery,0.0,-0.01005566120147705,106,AACCCA,4.1875,922,AGTGAC,4.41015625,922,AGTGAC,4.41015625,106,AACCCA,0.00383188109844923,922,AGTGAC,1.6556548871449195e-05,1366,CACACA,0.14402267336845398,False,False,True,-0.0008231997489929199,
8,18,18,head_6,recovery,0.03515625,0.017341136932373047,106,AACCCA,4.2109375,922,AGTGAC,4.421875,922,AGTGAC,4.421875,106,AACCCA,0.0038727442733943462,922,AGTGAC,1.6355588741134852e-05,1366,CACACA,0.14873096346855164,False,False,True,-0.0012165084481239319,
8,19,18,head_6,recovery,0.01171875,0.03312462568283081,106,AACCCA,4.2109375,922,AGTGAC,4.4296875,922,AGTGAC,4.4296875,106,AACCCA,0.0038967279251664877,922,AGTGAC,1.6681944543961436e-05,1366,CACACA,0.1474555879831314,False,False,True,-0.000813797116279602,
8,20,18,head_6,recovery,0.0,-0.014426350593566895,106,AACCCA,4.21484375,922,AGTGAC,4.4375,922,AGTGAC,4.4375,106,AACCCA,0.003825369756668806,922,AGTGAC,1.6596372006461024e-05,1366,CACACA,0.1485707312822342,False,False,True,-0.0005078725516796112,
8,21,18,head_6,recovery,-0.01171875,-0.015479683876037598,106,AACCCA,4.2109375,922,AGTGAC,4.4375,922,AGTGAC,4.4375,106,AACCCA,0.003823834704235196,922,AGTGAC,1.6640136891510338e-05,1366,CACACA,0.1484544724225998,False,False,True,-0.0005708113312721252,
8,22,18,head_6,recovery,-0.0234375,-0.046645283699035645,106,AACCCA,4.203125,922,AGTGAC,4.43359375,922,AGTGAC,4.43359375,106,AACCCA,0.003777069039642811,922,AGTGAC,1.658757719269488e-05,1366,CACACA,0.14764471352100372,False,False,True,-0.0005712192505598068,
8,23,18,head_6,recovery,-0.03515625,0.00011104345321655273,106,AACCCA,4.2109375,922,AGTGAC,4.4453125,922,AGTGAC,4.4453125,106,AACCCA,0.0038474509492516518,922,AGTGAC,1.6887985111679882e-05,1366,CACACA,0.14648671448230743,False,False,True,-0.0003579128533601761,
8,24,18,head_6,recovery,0.0,0.0058495402336120605,106,AACCCA,4.21875,922,AGTGAC,4.44140625,922,AGTGAC,4.44140625,106,AACCCA,0.003855783026665449,922,AGTGAC,1.6618652807665057e-05,1366,CACACA,0.14718300104141235,False,False,True,-0.00018810853362083435,
8,25,18,head_6,recovery,0.0,0.01689743995666504,106,AACCCA,4.22265625,922,AGTGAC,4.4453125,922,AGTGAC,4.4453125,106,AACCCA,0.003872461151331663,922,AGTGAC,1.6737392797949724e-05,1366,CACACA,0.1461554616689682,False,False,True,-4.552304744720459e-06,
8,26,18,head_6,recovery,0.0,0.005614519119262695,106,AACCCA,4.21484375,922,AGTGAC,4.4375,922,AGTGAC,4.4375,106,AACCCA,0.0038554402999579906,922,AGTGAC,1.662832983129192e-05,1366,CACACA,0.1465916782617569,False,False,True,-0.00014763139188289642,
8,27,18,head_6,recovery,-0.01171875,0.007615566253662109,106,AACCCA,4.21875,922,AGTGAC,4.4453125,922,AGTGAC,4.4453125,106,AACCCA,0.0038584943395107985,922,AGTGAC,1.668291042733472e-05,1366,CACACA,0.1476375013589859,False,False,True,-1.7218291759490967e-05,
8,28,18,head_6,recovery,-0.01171875,0.014883816242218018,106,AACCCA,4.21484375,922,AGTGAC,4.44140625,922,AGTGAC,4.44140625,106,AACCCA,0.0038694513496011496,922,AGTGAC,1.674582927080337e-05,1366,CACACA,0.1467813402414322,False,False,True,1.0235235095024109e-05,
8,29,18,head_6,recovery,0.0,0.010071158409118652,106,AACCCA,4.2109375,922,AGTGAC,4.43359375,922,AGTGAC,4.43359375,106,AACCCA,0.0038621339481323957,922,AGTGAC,1.664194860495627e-05,1366,CACACA,0.14664913713932037,False,False,True,6.313621997833252e-05,
8,30,18,head_6,recovery,0.01171875,0.005923628807067871,106,AACCCA,4.2109375,922,AGTGAC,4.4296875,922,AGTGAC,4.4296875,106,AACCCA,0.0038558978121727705,922,AGTGAC,1.6622443581582047e-05,1366,CACACA,0.14569251239299774,False,False,True,-0.00034167617559432983,
8,31,18,head_6,recovery,-0.01171875,0.0031530261039733887,106,AACCCA,4.2109375,922,AGTGAC,4.4375,922,AGTGAC,4.4375,106,AACCCA,0.0038517925422638655,922,AGTGAC,1.6669959222781472e-05,1366,CACACA,0.14619845151901245,False,False,True,-0.000568849965929985,
9,0,18,head_6,recovery,-0.01171875,-0.0016889572143554688,106,AACCCA,4.2109375,922,AGTGAC,4.4375,922,AGTGAC,4.4375,106,AACCCA,0.0038446434773504734,922,AGTGAC,1.677841464697849e-05,1366,CACACA,0.14727821946144104,False,False,True,-9.824149310588837e-05,
9,1,18,head_6,recovery,0.0,-0.00994873046875,106,AACCCA,4.2109375,922,AGTGAC,4.43359375,922,AGTGAC,4.43359375,106,AACCCA,0.0038320834282785654,922,AGTGAC,1.6598631191300228e-05,1366,CACACA,0.14683964848518372,False,False,True,-0.0002165231853723526,
9,2,18,head_6,recovery,0.0,0.023883163928985596,106,AACCCA,4.21484375,922,AGTGAC,4.4375,922,AGTGAC,4.4375,106,AACCCA,0.0038828514516353607,922,AGTGAC,1.6657084415783174e-05,1366,CACACA,0.1461278200149536,False,False,True,-0.0003589559346437454,
9,3,18,head_6,recovery,0.0,-0.003973960876464844,106,AACCCA,4.20703125,922,AGTGAC,4.4296875,922,AGTGAC,4.4296875,106,AACCCA,0.0038409591652452946,922,AGTGAC,1.651899037824478e-05,1366,CACACA,0.14549168944358826,False,False,True,-0.00030739977955818176,
9,4,18,head_6,recovery,0.01171875,0.030344605445861816,106,AACCCA,4.2109375,922,AGTGAC,4.4296875,922,AGTGAC,4.4296875,106,AACCCA,0.0038924638647586107,922,AGTGAC,1.658485780353658e-05,1366,CACACA,0.14573600888252258,False,False,True,-0.00011226162314414978,
9,5,18,head_6,recovery,0.03515625,0.015630662441253662,106,AACCCA,4.2109375,922,AGTGAC,4.421875,922,AGTGAC,4.421875,106,AACCCA,0.003870329586789012,922,AGTGAC,1.6504696759511717e-05,1366,CACACA,0.14649465680122375,False,False,True,-0.00020114146173000336,
9,6,18,head_6,recovery,0.03515625,0.020279645919799805,106,AACCCA,4.2109375,922,AGTGAC,4.421875,922,AGTGAC,4.421875,106,AACCCA,0.0038772490806877613,922,AGTGAC,1.6455955119454302e-05,1366,CACACA,0.145992711186409,False,False,True,-3.7122517824172974e-06,
9,7,18,head_6,recovery,0.0234375,0.0035701394081115723,106,AACCCA,4.2109375,922,AGTGAC,4.42578125,922,AGTGAC,4.42578125,106,AACCCA,0.0038522034883499146,922,AGTGAC,1.6455776858492754e-05,1366,CACACA,0.1468714475631714,False,False,True,-9.172223508358002e-05,
9,8,18,head_6,recovery,0.01171875,-0.0026623010635375977,106,AACCCA,4.2109375,922,AGTGAC,4.4296875,922,AGTGAC,4.4296875,106,AACCCA,0.0038431058637797832,922,AGTGAC,1.669973789830692e-05,1366,CACACA,0.1462743878364563,False,False,True,0.00015492551028728485,
9,9,18,head_6,recovery,0.0234375,-0.010172009468078613,106,AACCCA,4.21484375,922,AGTGAC,4.4296875,922,AGTGAC,4.4296875,106,AACCCA,0.0038318473380059004,922,AGTGAC,1.6697122191544622e-05,1366,CACACA,0.14692473411560059,False,False,True,1.3805925846099854e-05,
9,10,18,head_6,recovery,0.01171875,-0.003933429718017578,106,AACCCA,4.2109375,922,AGTGAC,4.4296875,922,AGTGAC,4.4296875,106,AACCCA,0.0038409994449466467,922,AGTGAC,1.649852129048668e-05,1366,CACACA,0.14557094871997833,False,False,True,0.00011825002729892731,
9,11,18,head_6,recovery,0.0,0.017613589763641357,106,AACCCA,4.21875,922,AGTGAC,4.44140625,922,AGTGAC,4.44140625,106,AACCCA,0.0038734625559300184,922,AGTGAC,1.666555726842489e-05,1366,CACACA,0.1453569084405899,False,False,True,-0.0001316852867603302,
9,12,18,head_6,recovery,0.0234375,0.03625082969665527,106,AACCCA,4.21484375,922,AGTGAC,4.4296875,922,AGTGAC,4.4296875,106,AACCCA,0.0039012818597257137,922,AGTGAC,1.6550069631193765e-05,1366,CACACA,0.14678113162517548,False,False,True,-0.000330338254570961,
9,13,18,head_6,recovery,0.0,0.04260289669036865,106,AACCCA,4.21875,922,AGTGAC,4.44140625,922,AGTGAC,4.44140625,106,AACCCA,0.003911006264388561,922,AGTGAC,1.6753507225075737e-05,1366,CACACA,0.14751343429088593,False,False,True,-0.00038031116127967834,
9,14,18,head_6,recovery,-0.01171875,0.025887489318847656,106,AACCCA,4.203125,922,AGTGAC,4.4296875,922,AGTGAC,4.4296875,106,AACCCA,0.0038860018830746412,922,AGTGAC,1.6803311154944822e-05,1366,CACACA,0.14685910940170288,False,False,True,-0.00021374784409999847,
9,15,18,head_6,recovery,-0.1533203125,-0.1776726245880127,106,AACCCA,4.14453125,922,AGTGAC,4.41796875,922,AGTGAC,4.41796875,106,AACCCA,0.003582314820960164,922,AGTGAC,1.8226235624752007e-05,1366,CACACA,0.13615907728672028,False,False,True,0.004461076110601425,
9,16,18,head_6,recovery,-0.1298828125,-0.1636430025100708,106,AACCCA,4.140625,922,AGTGAC,4.40625,922,AGTGAC,4.40625,106,AACCCA,0.003603290533646941,922,AGTGAC,1.8173395801568404e-05,1366,CACACA,0.13434220850467682,False,False,True,0.003827488049864769,
9,17,18,head_6,recovery,-0.1533203125,-0.14490437507629395,106,AACCCA,4.14453125,922,AGTGAC,4.41796875,922,AGTGAC,4.41796875,106,AACCCA,0.0036313256714493036,922,AGTGAC,1.8121620087185875e-05,1366,CACACA,0.13540810346603394,False,False,True,0.003882111981511116,
9,18,18,head_6,recovery,0.01171875,0.02336418628692627,106,AACCCA,4.2109375,922,AGTGAC,4.4296875,922,AGTGAC,4.4296875,106,AACCCA,0.003882065648213029,922,AGTGAC,1.66491463460261e-05,1366,CACACA,0.14693213999271393,False,False,True,-0.0005433131009340286,
9,19,18,head_6,recovery,0.01171875,0.019314229488372803,106,AACCCA,4.2109375,922,AGTGAC,4.4296875,922,AGTGAC,4.4296875,106,AACCCA,0.0038759883027523756,922,AGTGAC,1.66423742484767e-05,1366,CACACA,0.145607128739357,False,False,True,-0.0003220401704311371,
9,20,18,head_6,recovery,0.01171875,0.001662909984588623,106,AACCCA,4.2109375,922,AGTGAC,4.4296875,922,AGTGAC,4.4296875,106,AACCCA,0.0038495382759720087,922,AGTGAC,1.664929004618898e-05,1366,CACACA,0.14522159099578857,False,False,True,-0.00018013454973697662,
9,21,18,head_6,recovery,0.0234375,0.007278501987457275,106,AACCCA,4.21484375,922,AGTGAC,4.4296875,922,AGTGAC,4.4296875,106,AACCCA,0.0038577071391046047,922,AGTGAC,1.6401052562287077e-05,1366,CACACA,0.1459634155035019,False,False,True,-0.0001263972371816635,
9,22,18,head_6,recovery,0.0,0.004763245582580566,106,AACCCA,4.21484375,922,AGTGAC,4.4375,922,AGTGAC,4.4375,106,AACCCA,0.003854068461805582,922,AGTGAC,1.6532421796000563e-05,1366,CACACA,0.14660215377807617,False,False,True,-0.00017230212688446045,
9,23,18,head_6,recovery,0.01171875,-0.021544575691223145,106,AACCCA,4.2109375,922,AGTGAC,4.4296875,922,AGTGAC,4.4296875,106,AACCCA,0.00381468259729445,922,AGTGAC,1.657857865211554e-05,1366,CACACA,0.14540541172027588,False,False,True,-0.00018901564180850983,
9,24,18,head_6,recovery,0.0,-0.02650761604309082,106,AACCCA,4.20703125,922,AGTGAC,4.4296875,922,AGTGAC,4.4296875,106,AACCCA,0.003807245520874858,922,AGTGAC,1.658037399465684e-05,1366,CACACA,0.1459636092185974,False,False,True,-0.00019693560898303986,
9,25,18,head_6,recovery,0.0,0.003191709518432617,106,AACCCA,4.2109375,922,AGTGAC,4.43359375,922,AGTGAC,4.43359375,106,AACCCA,0.0038519171066582203,922,AGTGAC,1.673647238931153e-05,1366,CACACA,0.1453290581703186,False,False,True,0.00013280101120471954,
9,26,18,head_6,recovery,0.0,0.0027729272842407227,106,AACCCA,4.2109375,922,AGTGAC,4.43359375,922,AGTGAC,4.43359375,106,AACCCA,0.00385136716067791,922,AGTGAC,1.681440517131705e-05,1366,CACACA,0.14477935433387756,False,False,True,0.0001231711357831955,
9,27,18,head_6,recovery,0.0,-0.0028754472732543945,106,AACCCA,4.2109375,922,AGTGAC,4.43359375,922,AGTGAC,4.43359375,106,AACCCA,0.0038427324034273624,922,AGTGAC,1.664574483584147e-05,1366,CACACA,0.14582118391990662,False,False,True,8.527189493179321e-06,
9,28,18,head_6,recovery,0.0234375,-0.0006996393203735352,106,AACCCA,4.21484375,922,AGTGAC,4.4296875,922,AGTGAC,4.4296875,106,AACCCA,0.0038459021598100662,922,AGTGAC,1.6554367903154343e-05,1366,CACACA,0.14598824083805084,False,False,True,1.3746321201324463e-06,
9,29,18,head_6,recovery,0.01171875,-0.013714313507080078,106,AACCCA,4.2109375,922,AGTGAC,4.4296875,922,AGTGAC,4.4296875,106,AACCCA,0.0038264396134763956,922,AGTGAC,1.659898589423392e-05,1366,CACACA,0.14586244523525238,False,False,True,-5.826354026794434e-06,
9,30,18,head_6,recovery,0.01171875,0.001999378204345703,106,AACCCA,4.21875,922,AGTGAC,4.4375,922,AGTGAC,4.4375,106,AACCCA,0.0038499862421303988,922,AGTGAC,1.6592925021541305e-05,1366,CACACA,0.1461477279663086,False,False,True,-0.00011933408677577972,
9,31,18,head_6,recovery,0.0,-0.0005792379379272461,106,AACCCA,4.21484375,922,AGTGAC,4.4375,922,AGTGAC,4.4375,106,AACCCA,0.0038460721261799335,922,AGTGAC,1.654374136705883e-05,1366,CACACA,0.14628681540489197,False,False,True,0.00015293247997760773,
10,0,18,head_6,recovery,0.01171875,0.014006495475769043,106,AACCCA,4.2109375,922,AGTGAC,4.4296875,922,AGTGAC,4.4296875,106,AACCCA,0.0038679996505379677,922,AGTGAC,1.660910675127525e-05,1366,CACACA,0.14513860642910004,False,False,True,0.0002229493111371994,
10,1,18,head_6,recovery,0.01171875,0.018884241580963135,106,AACCCA,4.2109375,922,AGTGAC,4.4296875,922,AGTGAC,4.4296875,106,AACCCA,0.003875122405588627,922,AGTGAC,1.642087045183871e-05,1366,CACACA,0.14540809392929077,False,False,True,4.789792001247406e-05,
10,2,18,head_6,recovery,0.0,-0.0025523900985717773,106,AACCCA,4.2109375,922,AGTGAC,4.43359375,922,AGTGAC,4.43359375,106,AACCCA,0.003843047423288226,922,AGTGAC,1.6476378732477315e-05,1366,CACACA,0.14548419415950775,False,False,True,0.00015121512115001678,
10,3,18,head_6,recovery,0.0,-0.011498451232910156,106,AACCCA,4.21484375,922,AGTGAC,4.4375,922,AGTGAC,4.4375,106,AACCCA,0.003829663386568427,922,AGTGAC,1.6501362551935017e-05,1366,CACACA,0.1460343599319458,False,False,True,1.6734004020690918e-05,
10,4,18,head_6,recovery,0.01171875,0.0008138418197631836,106,AACCCA,4.2109375,922,AGTGAC,4.4296875,922,AGTGAC,4.4296875,106,AACCCA,0.0038482416421175003,922,AGTGAC,1.6625166608719155e-05,1366,CACACA,0.14500220119953156,False,False,True,0.00012892670929431915,
10,5,18,head_6,recovery,0.0234375,0.01768207550048828,106,AACCCA,4.2109375,922,AGTGAC,4.42578125,922,AGTGAC,4.42578125,106,AACCCA,0.003873798530548811,922,AGTGAC,1.6898873582249507e-05,1366,CACACA,0.14485801756381989,False,False,True,3.5159289836883545e-05,
10,6,18,head_6,recovery,0.0234375,0.04369986057281494,106,AACCCA,4.21484375,922,AGTGAC,4.4296875,922,AGTGAC,4.4296875,106,AACCCA,0.003912824671715498,922,AGTGAC,1.6927744582062587e-05,1366,CACACA,0.14487998187541962,False,False,True,0.00014311261475086212,
10,7,18,head_6,recovery,-0.01171875,0.07852500677108765,106,AACCCA,4.22265625,922,AGTGAC,4.44921875,922,AGTGAC,4.44921875,106,AACCCA,0.003965327981859446,922,AGTGAC,1.723262721498031e-05,1366,CACACA,0.14686211943626404,False,False,True,3.927014768123627e-05,
10,8,18,head_6,recovery,0.03515625,0.052686452865600586,106,AACCCA,4.23828125,922,AGTGAC,4.44921875,922,AGTGAC,4.44921875,106,AACCCA,0.003926413599401712,922,AGTGAC,1.704670285107568e-05,1366,CACACA,0.1479770988225937,False,False,True,3.7884339690208435e-05,
10,9,18,head_6,recovery,0.05859375,0.04102981090545654,106,AACCCA,4.2421875,922,AGTGAC,4.4453125,922,AGTGAC,4.4453125,106,AACCCA,0.0039087384939193726,922,AGTGAC,1.6843676348798908e-05,1366,CACACA,0.14875885844230652,False,False,True,-0.00017517991364002228,
10,10,18,head_6,recovery,0.05859375,-0.001118779182434082,106,AACCCA,4.234375,922,AGTGAC,4.4375,922,AGTGAC,4.4375,106,AACCCA,0.0038452441804111004,922,AGTGAC,1.6524552847840823e-05,1366,CACACA,0.1474384218454361,False,False,True,-0.00020634010434150696,
10,11,18,head_6,recovery,0.0,0.01567244529724121,106,AACCCA,4.21875,922,AGTGAC,4.44140625,922,AGTGAC,4.44140625,106,AACCCA,0.0038704241160303354,922,AGTGAC,1.6536589100724086e-05,1366,CACACA,0.14717936515808105,False,False,True,-0.00041013583540916443,
10,12,18,head_6,recovery,0.0234375,0.03115743398666382,106,AACCCA,4.22265625,922,AGTGAC,4.4375,922,AGTGAC,4.4375,106,AACCCA,0.0038939104415476322,922,AGTGAC,1.681285721133463e-05,1366,CACACA,0.14728379249572754,False,False,True,-0.000695468857884407,
10,13,18,head_6,recovery,0.0,0.03158539533615112,106,AACCCA,4.21484375,922,AGTGAC,4.4375,922,AGTGAC,4.4375,106,AACCCA,0.0038947397843003273,922,AGTGAC,1.7000797015498392e-05,1366,CACACA,0.14631600677967072,False,False,True,-0.0006224364042282104,
10,14,18,head_6,recovery,0.03515625,0.07381582260131836,106,AACCCA,4.2109375,922,AGTGAC,4.421875,922,AGTGAC,4.421875,106,AACCCA,0.0039579295553267,922,AGTGAC,1.6892969142645597e-05,1366,CACACA,0.14390864968299866,False,False,True,-0.0007614754140377045,
10,15,18,head_6,recovery,0.01171875,0.06210052967071533,106,AACCCA,4.21484375,922,AGTGAC,4.43359375,922,AGTGAC,4.43359375,106,AACCCA,0.0039402879774570465,922,AGTGAC,1.6811049135867506e-05,1366,CACACA,0.14446580410003662,False,False,True,0.0005170963704586029,
10,16,18,head_6,recovery,0.01171875,0.019620060920715332,106,AACCCA,4.2109375,922,AGTGAC,4.4296875,922,AGTGAC,4.4296875,106,AACCCA,0.003876344533637166,922,AGTGAC,1.6540165233891457e-05,1366,CACACA,0.14401404559612274,False,False,True,0.0002352781593799591,
10,17,18,head_6,recovery,-0.01171875,-0.057762742042541504,106,AACCCA,4.21875,922,AGTGAC,4.4453125,922,AGTGAC,4.4453125,106,AACCCA,0.003760324325412512,922,AGTGAC,1.6506532119819894e-05,1366,CACACA,0.14924569427967072,False,False,True,0.00013059191405773163,
10,18,18,head_6,recovery,0.03515625,-0.07980000972747803,106,AACCCA,4.21875,922,AGTGAC,4.4296875,922,AGTGAC,4.4296875,106,AACCCA,0.003727042581886053,922,AGTGAC,1.625582626729738e-05,1366,CACACA,0.14889398217201233,False,False,True,-0.0014456398785114288,
10,19,18,head_6,recovery,0.05859375,-0.03915393352508545,106,AACCCA,4.234375,922,AGTGAC,4.4375,922,AGTGAC,4.4375,106,AACCCA,0.0037880674935877323,922,AGTGAC,1.635762419027742e-05,1366,CACACA,0.1520262509584427,False,False,True,-0.0013268627226352692,
10,20,18,head_6,recovery,0.046875,-0.03610718250274658,106,AACCCA,4.2265625,922,AGTGAC,4.43359375,922,AGTGAC,4.43359375,106,AACCCA,0.0037926791701465845,922,AGTGAC,1.6402518667746335e-05,1366,CACACA,0.14939488470554352,False,False,True,-0.0012410134077072144,
10,21,18,head_6,recovery,0.0234375,0.00042623281478881836,106,AACCCA,4.21484375,922,AGTGAC,4.4296875,922,AGTGAC,4.4296875,106,AACCCA,0.003847322892397642,922,AGTGAC,1.62874875968555e-05,1366,CACACA,0.14845748245716095,False,False,True,-0.0002862662076950073,
10,22,18,head_6,recovery,0.0234375,0.003861665725708008,106,AACCCA,4.2109375,922,AGTGAC,4.42578125,922,AGTGAC,4.42578125,106,AACCCA,0.0038527424912899733,922,AGTGAC,1.6557765775360167e-05,1366,CACACA,0.14598481357097626,False,False,True,-1.6126781702041626e-05,
10,23,18,head_6,recovery,0.0,-0.011799454689025879,106,AACCCA,4.21484375,922,AGTGAC,4.4375,922,AGTGAC,4.4375,106,AACCCA,0.003829349996522069,922,AGTGAC,1.6639238310744986e-05,1366,CACACA,0.14608480036258698,False,False,True,-5.0362199544906616e-05,
10,24,18,head_6,recovery,-0.0234375,-0.02750420570373535,106,AACCCA,4.203125,922,AGTGAC,4.43359375,922,AGTGAC,4.43359375,106,AACCCA,0.00380592024885118,922,AGTGAC,1.674890700087417e-05,1366,CACACA,0.14512231945991516,False,False,True,0.00040352344512939453,
10,25,18,head_6,recovery,-0.01171875,-0.014246463775634766,106,AACCCA,4.2109375,922,AGTGAC,4.4375,922,AGTGAC,4.4375,106,AACCCA,0.003825799096375704,922,AGTGAC,1.6756164768594317e-05,1366,CACACA,0.1443546712398529,False,False,True,0.00047517381608486176,
10,26,18,head_6,recovery,-0.01171875,0.009915351867675781,106,AACCCA,4.2109375,922,AGTGAC,4.4375,922,AGTGAC,4.4375,106,AACCCA,0.003862031502649188,922,AGTGAC,1.6773230527178384e-05,1366,CACACA,0.1441933959722519,False,False,True,0.00040806643664836884,
10,27,18,head_6,recovery,0.0,-0.0035952329635620117,106,AACCCA,4.2109375,922,AGTGAC,4.43359375,922,AGTGAC,4.43359375,106,AACCCA,0.0038415673188865185,922,AGTGAC,1.655969026614912e-05,1366,CACACA,0.1460731029510498,False,False,True,0.0001561325043439865,
10,28,18,head_6,recovery,0.0,-0.003843069076538086,106,AACCCA,4.21484375,922,AGTGAC,4.4375,922,AGTGAC,4.4375,106,AACCCA,0.0038412080612033606,922,AGTGAC,1.6571784726693295e-05,1366,CACACA,0.14668482542037964,False,False,True,8.732080459594727e-05,
10,29,18,head_6,recovery,0.0,0.005322515964508057,106,AACCCA,4.21484375,922,AGTGAC,4.4375,922,AGTGAC,4.4375,106,AACCCA,0.0038548950105905533,922,AGTGAC,1.652084210945759e-05,1366,CACACA,0.14620238542556763,False,False,True,-0.0002210717648267746,
10,30,18,head_6,recovery,0.01171875,-0.012355804443359375,106,AACCCA,4.2109375,922,AGTGAC,4.4296875,922,AGTGAC,4.4296875,106,AACCCA,0.0038284219335764647,922,AGTGAC,1.6545143807888962e-05,1366,CACACA,0.1462411880493164,False,False,True,-0.00021631456911563873,
10,31,18,head_6,recovery,0.01171875,0.008592009544372559,106,AACCCA,4.2109375,922,AGTGAC,4.4296875,922,AGTGAC,4.4296875,106,AACCCA,0.003859776770696044,922,AGTGAC,1.6501942809554748e-05,1366,CACACA,0.14555895328521729,False,False,True,-9.260140359401703e-05,
11,0,18,head_6,recovery,0.0,0.0004292130470275879,106,AACCCA,4.2109375,922,AGTGAC,4.43359375,922,AGTGAC,4.43359375,106,AACCCA,0.003847626969218254,922,AGTGAC,1.6587062418693677e-05,1366,CACACA,0.14621871709823608,False,False,True,5.9721991419792175e-05,
11,1,18,head_6,recovery,-0.01171875,-0.0018258094787597656,106,AACCCA,4.2109375,922,AGTGAC,4.4375,922,AGTGAC,4.4375,106,AACCCA,0.0038442162331193686,922,AGTGAC,1.655645428400021e-05,1366,CACACA,0.1462920904159546,False,False,True,0.0001176837831735611,
11,2,18,head_6,recovery,0.0,-0.018094182014465332,106,AACCCA,4.2109375,922,AGTGAC,4.43359375,922,AGTGAC,4.43359375,106,AACCCA,0.0038197627291083336,922,AGTGAC,1.6486863387399353e-05,1366,CACACA,0.1461845189332962,False,False,True,9.772740304470062e-05,
11,3,18,head_6,recovery,0.01171875,-0.007834196090698242,106,AACCCA,4.2109375,922,AGTGAC,4.4296875,922,AGTGAC,4.4296875,106,AACCCA,0.0038351439870893955,922,AGTGAC,1.6489721019752324e-05,1366,CACACA,0.14618980884552002,False,False,True,0.00014840438961982727,
11,4,18,head_6,recovery,0.01171875,0.00856173038482666,106,AACCCA,4.2109375,922,AGTGAC,4.4296875,922,AGTGAC,4.4296875,106,AACCCA,0.003859821008518338,922,AGTGAC,1.6591457097092643e-05,1366,CACACA,0.14458882808685303,False,False,True,0.0001307111233472824,
11,5,18,head_6,recovery,0.01171875,0.0044512152671813965,106,AACCCA,4.2109375,922,AGTGAC,4.4296875,922,AGTGAC,4.4296875,106,AACCCA,0.0038535541389137506,922,AGTGAC,1.6485910236951895e-05,1366,CACACA,0.14571286737918854,False,False,True,-1.644715666770935e-06,
11,6,18,head_6,recovery,0.01171875,-0.0059967041015625,106,AACCCA,4.2109375,922,AGTGAC,4.4296875,922,AGTGAC,4.4296875,106,AACCCA,0.00383789767511189,922,AGTGAC,1.6489228073623963e-05,1366,CACACA,0.14556662738323212,False,False,True,-1.800432801246643e-05,
11,7,18,head_6,recovery,0.01171875,-0.0017186403274536133,106,AACCCA,4.2109375,922,AGTGAC,4.4296875,922,AGTGAC,4.4296875,106,AACCCA,0.003844295395538211,922,AGTGAC,1.6474941730848514e-05,1366,CACACA,0.1457025408744812,False,False,True,-4.0942803025245667e-05,
11,8,18,head_6,recovery,0.0,0.029058873653411865,106,AACCCA,4.21484375,922,AGTGAC,4.4375,922,AGTGAC,4.4375,106,AACCCA,0.0038906936533749104,922,AGTGAC,1.6741691069910303e-05,1366,CACACA,0.1448032259941101,False,False,True,0.00013420730829238892,
11,9,18,head_6,recovery,0.0,-0.013376951217651367,106,AACCCA,4.2109375,922,AGTGAC,4.43359375,922,AGTGAC,4.43359375,106,AACCCA,0.0038270466029644012,922,AGTGAC,1.67001380759757e-05,1366,CACACA,0.14547879993915558,False,False,True,-2.2329390048980713e-05,
11,10,18,head_6,recovery,0.01171875,0.01069331169128418,106,AACCCA,4.2109375,922,AGTGAC,4.4296875,922,AGTGAC,4.4296875,106,AACCCA,0.0038630792405456305,922,AGTGAC,1.665490708546713e-05,1366,CACACA,0.1445806622505188,False,False,True,0.00017029978334903717,
11,11,18,head_6,recovery,0.0234375,-0.01827526092529297,106,AACCCA,4.20703125,922,AGTGAC,4.421875,922,AGTGAC,4.421875,106,AACCCA,0.003819454926997423,922,AGTGAC,1.645062911848072e-05,1366,CACACA,0.14554955065250397,False,False,True,9.67998057603836e-05,
11,12,18,head_6,recovery,0.03515625,-0.002370119094848633,106,AACCCA,4.2109375,922,AGTGAC,4.421875,922,AGTGAC,4.421875,106,AACCCA,0.0038433040026575327,922,AGTGAC,1.6459896869491786e-05,1366,CACACA,0.14555607736110687,False,False,True,0.00018640980124473572,
11,13,18,head_6,recovery,0.01171875,0.0013250112533569336,106,AACCCA,4.2109375,922,AGTGAC,4.4296875,922,AGTGAC,4.4296875,106,AACCCA,0.003848848631605506,922,AGTGAC,1.6466043234686367e-05,1366,CACACA,0.1455238312482834,False,False,True,-2.7082860469818115e-05,
11,14,18,head_6,recovery,-0.01171875,0.00484079122543335,106,AACCCA,4.2109375,922,AGTGAC,4.4375,922,AGTGAC,4.4375,106,AACCCA,0.0038543252740055323,922,AGTGAC,1.667303149588406e-05,1366,CACACA,0.14561530947685242,False,False,True,-6.589852273464203e-05,
11,15,18,head_6,recovery,0.01171875,0.00928264856338501,106,AACCCA,4.2109375,922,AGTGAC,4.4296875,922,AGTGAC,4.4296875,106,AACCCA,0.0038607390597462654,922,AGTGAC,1.6428959497716278e-05,1366,CACACA,0.14579087495803833,False,False,True,2.7623027563095093e-05,
11,16,18,head_6,recovery,0.01171875,0.02592414617538452,106,AACCCA,4.2109375,922,AGTGAC,4.4296875,922,AGTGAC,4.4296875,106,AACCCA,0.003885743673890829,922,AGTGAC,1.649022669880651e-05,1366,CACACA,0.14423774182796478,False,False,True,3.668293356895447e-05,
11,17,18,head_6,recovery,0.0,0.030473172664642334,106,AACCCA,4.2109375,922,AGTGAC,4.43359375,922,AGTGAC,4.43359375,106,AACCCA,0.003892751643434167,922,AGTGAC,1.6679678083164617e-05,1366,CACACA,0.14427535235881805,False,False,True,0.0003155190497636795,
11,18,18,head_6,recovery,0.01171875,0.01816004514694214,106,AACCCA,4.21484375,922,AGTGAC,4.43359375,922,AGTGAC,4.43359375,106,AACCCA,0.003874217625707388,922,AGTGAC,1.660157613514457e-05,1366,CACACA,0.14503294229507446,False,False,True,1.7540529370307922e-05,
11,19,18,head_6,recovery,0.01171875,0.020196974277496338,106,AACCCA,4.2109375,922,AGTGAC,4.4296875,922,AGTGAC,4.4296875,106,AACCCA,0.0038772535044699907,922,AGTGAC,1.6584202967351303e-05,1366,CACACA,0.14566576480865479,False,False,True,-0.0002378281205892563,
11,20,18,head_6,recovery,0.01171875,-0.011135339736938477,106,AACCCA,4.2109375,922,AGTGAC,4.4296875,922,AGTGAC,4.4296875,106,AACCCA,0.003830134402960539,922,AGTGAC,1.642831375647802e-05,1366,CACACA,0.14707209169864655,False,False,True,-0.000264512374997139,
11,21,18,head_6,recovery,0.01171875,0.01493990421295166,106,AACCCA,4.21484375,922,AGTGAC,4.43359375,922,AGTGAC,4.43359375,106,AACCCA,0.0038693128153681755,922,AGTGAC,1.6523275917279534e-05,1366,CACACA,0.1461837887763977,False,False,True,-1.4632940292358398e-05,
11,22,18,head_6,recovery,0.0,-0.01774144172668457,106,AACCCA,4.20703125,922,AGTGAC,4.4296875,922,AGTGAC,4.4296875,106,AACCCA,0.0038203492294996977,922,AGTGAC,1.6544805475859903e-05,1366,CACACA,0.1457703411579132,False,False,True,0.00016732513904571533,
11,23,18,head_6,recovery,0.0,0.009023845195770264,106,AACCCA,4.21484375,922,AGTGAC,4.4375,922,AGTGAC,4.4375,106,AACCCA,0.003860601456835866,922,AGTGAC,1.6679296095389873e-05,1366,CACACA,0.14524613320827484,False,False,True,8.756481111049652e-05,
11,24,18,head_6,recovery,-0.01171875,0.004994869232177734,106,AACCCA,4.2109375,922,AGTGAC,4.4375,922,AGTGAC,4.4375,106,AACCCA,0.0038545364513993263,922,AGTGAC,1.6653108104947023e-05,1366,CACACA,0.1453857421875,False,False,True,7.431954145431519e-07,
11,25,18,head_6,recovery,-0.0234375,-0.018621444702148438,106,AACCCA,4.2109375,922,AGTGAC,4.44140625,922,AGTGAC,4.44140625,106,AACCCA,0.0038191243074834347,922,AGTGAC,1.663867078605108e-05,1366,CACACA,0.1462850421667099,False,False,True,-4.600919783115387e-05,
11,26,18,head_6,recovery,0.0,-0.018885493278503418,106,AACCCA,4.2109375,922,AGTGAC,4.43359375,922,AGTGAC,4.43359375,106,AACCCA,0.003818603465333581,922,AGTGAC,1.6513811715412885e-05,1366,CACACA,0.14567038416862488,False,False,True,5.903095006942749e-05,
11,27,18,head_6,recovery,0.01171875,-0.008516907691955566,106,AACCCA,4.21484375,922,AGTGAC,4.43359375,922,AGTGAC,4.43359375,106,AACCCA,0.0038341227918863297,922,AGTGAC,1.6491871065227315e-05,1366,CACACA,0.1455610990524292,False,False,True,9.647570550441742e-05,
11,28,18,head_6,recovery,-0.01171875,-0.011873960494995117,106,AACCCA,4.2109375,922,AGTGAC,4.4375,922,AGTGAC,4.4375,106,AACCCA,0.0038291749078780413,922,AGTGAC,1.6575922927586362e-05,1366,CACACA,0.14579087495803833,False,False,True,0.00012292899191379547,
11,29,18,head_6,recovery,0.0,0.005219936370849609,106,AACCCA,4.21484375,922,AGTGAC,4.4375,922,AGTGAC,4.4375,106,AACCCA,0.0038547988515347242,922,AGTGAC,1.6578223949181847e-05,1366,CACACA,0.14655834436416626,False,False,True,-0.00011513009667396545,
11,30,18,head_6,recovery,-0.01171875,-0.011897802352905273,106,AACCCA,4.2109375,922,AGTGAC,4.4375,922,AGTGAC,4.4375,106,AACCCA,0.0038292112294584513,922,AGTGAC,1.6647773009026423e-05,1366,CACACA,0.14666244387626648,False,False,True,-9.217485785484314e-05,
11,31,18,head_6,recovery,0.01171875,-0.01433563232421875,106,AACCCA,4.2109375,922,AGTGAC,4.4296875,922,AGTGAC,4.4296875,106,AACCCA,0.0038254116661846638,922,AGTGAC,1.6502417565789074e-05,1366,CACACA,0.14630243182182312,False,False,True,-3.967992961406708e-05,
12,0,18,head_6,recovery,0.01171875,-0.014257192611694336,106,AACCCA,4.2109375,922,AGTGAC,4.4296875,922,AGTGAC,4.4296875,106,AACCCA,0.003825620748102665,922,AGTGAC,1.6593914551776834e-05,1366,CACACA,0.14549115300178528,False,False,True,-3.2940879464149475e-05,
12,1,18,head_6,recovery,0.01171875,-0.007748961448669434,106,AACCCA,4.20703125,922,AGTGAC,4.42578125,922,AGTGAC,4.42578125,106,AACCCA,0.003835320472717285,922,AGTGAC,1.6538579075131565e-05,1366,CACACA,0.14608947932720184,False,False,True,-6.487779319286346e-05,
12,2,18,head_6,recovery,0.01171875,-0.030468106269836426,106,AACCCA,4.2109375,922,AGTGAC,4.4296875,922,AGTGAC,4.4296875,106,AACCCA,0.003801309037953615,922,AGTGAC,1.6580053852521814e-05,1366,CACACA,0.14499515295028687,False,False,True,-6.799586117267609e-05,
12,3,18,head_6,recovery,0.0234375,-0.03031027317047119,106,AACCCA,4.21484375,922,AGTGAC,4.4296875,922,AGTGAC,4.4296875,106,AACCCA,0.003801580984145403,922,AGTGAC,1.6615409549558535e-05,1366,CACACA,0.1461026966571808,False,False,True,-0.00015952438116073608,
12,4,18,head_6,recovery,0.0234375,-0.03670823574066162,106,AACCCA,4.2109375,922,AGTGAC,4.42578125,922,AGTGAC,4.42578125,106,AACCCA,0.0037917462177574635,922,AGTGAC,1.6370504454243928e-05,1366,CACACA,0.14603190124034882,False,False,True,-0.00013829953968524933,
12,5,18,head_6,recovery,0.0,-0.030485033988952637,106,AACCCA,4.20703125,922,AGTGAC,4.4296875,922,AGTGAC,4.4296875,106,AACCCA,0.003800879931077361,922,AGTGAC,1.617636371520348e-05,1366,CACACA,0.1476128250360489,False,False,True,-9.423494338989258e-05,
12,6,18,head_6,recovery,-0.0234375,-0.017923831939697266,106,AACCCA,4.203125,922,AGTGAC,4.43359375,922,AGTGAC,4.43359375,106,AACCCA,0.003819667035713792,922,AGTGAC,1.6135747500811704e-05,1366,CACACA,0.14510968327522278,False,False,True,0.00013491138815879822,
12,7,18,head_6,recovery,-0.03515625,-0.056632399559020996,106,AACCCA,4.203125,922,AGTGAC,4.4375,922,AGTGAC,4.4375,106,AACCCA,0.0037617210764437914,922,AGTGAC,1.620903640286997e-05,1366,CACACA,0.14722886681556702,False,False,True,-6.524845957756042e-05,
12,8,18,head_6,recovery,-0.0703125,-0.057562828063964844,106,AACCCA,4.2109375,922,AGTGAC,4.45703125,922,AGTGAC,4.45703125,106,AACCCA,0.003760388819500804,922,AGTGAC,1.6271387721644714e-05,1366,CACACA,0.14798739552497864,False,False,True,-6.454810500144958e-05,
12,9,18,head_6,recovery,-0.01171875,-0.05454230308532715,106,AACCCA,4.21484375,922,AGTGAC,4.44140625,922,AGTGAC,4.44140625,106,AACCCA,0.003764769993722439,922,AGTGAC,1.6125235561048612e-05,1366,CACACA,0.1478504240512848,False,False,True,-0.00012229569256305695,
12,10,18,head_6,recovery,0.0234375,-0.007405877113342285,106,AACCCA,4.234375,922,AGTGAC,4.44921875,922,AGTGAC,4.44921875,106,AACCCA,0.0038351535331457853,922,AGTGAC,1.585746394994203e-05,1366,CACACA,0.1517309844493866,False,False,True,-0.00023864395916461945,
12,11,18,head_6,recovery,0.08251953125,-0.005340695381164551,106,AACCCA,4.23828125,922,AGTGAC,4.43359375,922,AGTGAC,4.43359375,106,AACCCA,0.0038383929058909416,922,AGTGAC,1.600134783075191e-05,1366,CACACA,0.15151427686214447,False,False,True,-0.0002540629357099533,
12,12,18,head_6,recovery,0.03515625,-0.03220546245574951,106,AACCCA,4.234375,922,AGTGAC,4.4453125,922,AGTGAC,4.4453125,106,AACCCA,0.0037982158828526735,922,AGTGAC,1.6091251382022165e-05,1366,CACACA,0.1526104211807251,False,False,True,-0.0002899039536714554,
12,13,18,head_6,recovery,0.01171875,-0.043093085289001465,106,AACCCA,4.2109375,922,AGTGAC,4.4296875,922,AGTGAC,4.4296875,106,AACCCA,0.0037821552250534296,922,AGTGAC,1.6349551515304483e-05,1366,CACACA,0.14716605842113495,False,False,True,-0.0001995433121919632,
12,14,18,head_6,recovery,0.01171875,-0.048767924308776855,106,AACCCA,4.2109375,922,AGTGAC,4.4296875,922,AGTGAC,4.4296875,106,AACCCA,0.0037736138328909874,922,AGTGAC,1.6313893866026774e-05,1366,CACACA,0.14565546810626984,False,False,True,-4.1756778955459595e-05,
12,15,18,head_6,recovery,-0.01171875,-0.03204023838043213,106,AACCCA,4.2109375,922,AGTGAC,4.4375,922,AGTGAC,4.4375,106,AACCCA,0.003798755118623376,922,AGTGAC,1.6382748071919195e-05,1366,CACACA,0.14724020659923553,False,False,True,5.5827200412750244e-05,
12,16,18,head_6,recovery,-0.01171875,-0.04656195640563965,106,AACCCA,4.2109375,922,AGTGAC,4.4375,922,AGTGAC,4.4375,106,AACCCA,0.0037768951151520014,922,AGTGAC,1.6288777260342613e-05,1366,CACACA,0.1479739546775818,False,False,True,0.00011905841529369354,
12,17,18,head_6,recovery,0.0,0.023624062538146973,106,AACCCA,4.22265625,922,AGTGAC,4.4453125,922,AGTGAC,4.4453125,106,AACCCA,0.003882527817040682,922,AGTGAC,1.672186772339046e-05,1366,CACACA,0.1479169875383377,False,False,True,9.257160127162933e-05,
12,18,18,head_6,recovery,0.01171875,0.009275376796722412,106,AACCCA,4.21875,922,AGTGAC,4.4375,922,AGTGAC,4.4375,106,AACCCA,0.003860822878777981,922,AGTGAC,1.6523790691280738e-05,1366,CACACA,0.14670677483081818,False,False,True,0.0002894550561904907,
12,19,18,head_6,recovery,0.01171875,0.02380889654159546,106,AACCCA,4.22265625,922,AGTGAC,4.44140625,922,AGTGAC,4.44140625,106,AACCCA,0.0038825783412903547,922,AGTGAC,1.6495405361638404e-05,1366,CACACA,0.1458880752325058,False,False,True,-8.324161171913147e-06,
12,20,18,head_6,recovery,0.01171875,0.014852166175842285,106,AACCCA,4.21484375,922,AGTGAC,4.43359375,922,AGTGAC,4.43359375,106,AACCCA,0.003869222942739725,922,AGTGAC,1.6565023543080315e-05,1366,CACACA,0.14594191312789917,False,False,True,-0.00032424554228782654,
12,21,18,head_6,recovery,0.01171875,0.00897306203842163,106,AACCCA,4.21875,922,AGTGAC,4.4375,922,AGTGAC,4.4375,106,AACCCA,0.0038604552391916513,922,AGTGAC,1.660911766521167e-05,1366,CACACA,0.14632616937160492,False,False,True,-0.00043974630534648895,
12,22,18,head_6,recovery,0.01171875,0.018703103065490723,106,AACCCA,4.21875,922,AGTGAC,4.4375,922,AGTGAC,4.4375,106,AACCCA,0.0038750646635890007,922,AGTGAC,1.663460352574475e-05,1366,CACACA,0.14657095074653625,False,False,True,-8.226931095123291e-05,
12,23,18,head_6,recovery,0.01171875,0.009058058261871338,106,AACCCA,4.21875,922,AGTGAC,4.4375,922,AGTGAC,4.4375,106,AACCCA,0.0038605662994086742,922,AGTGAC,1.659288682276383e-05,1366,CACACA,0.14699727296829224,False,False,True,-0.00016225315630435944,
12,24,18,head_6,recovery,0.0,7.748603820800781e-05,106,AACCCA,4.2109375,922,AGTGAC,4.43359375,922,AGTGAC,4.43359375,106,AACCCA,0.0038470688741654158,922,AGTGAC,1.655610503803473e-05,1366,CACACA,0.1462845504283905,False,False,True,-0.00012326054275035858,
12,25,18,head_6,recovery,0.01171875,0.0021503567695617676,106,AACCCA,4.2109375,922,AGTGAC,4.4296875,922,AGTGAC,4.4296875,106,AACCCA,0.0038501075468957424,922,AGTGAC,1.6488012988702394e-05,1366,CACACA,0.14627951383590698,False,False,True,-0.0002128593623638153,
12,26,18,head_6,recovery,0.0,-0.005811214447021484,106,AACCCA,4.21484375,922,AGTGAC,4.4375,922,AGTGAC,4.4375,106,AACCCA,0.0038381421472877264,922,AGTGAC,1.645586235099472e-05,1366,CACACA,0.14579597115516663,False,False,True,-0.00020166859030723572,
12,27,18,head_6,recovery,-0.01171875,-0.013185262680053711,106,AACCCA,4.2109375,922,AGTGAC,4.4375,922,AGTGAC,4.4375,106,AACCCA,0.0038270873483270407,922,AGTGAC,1.6453595890197903e-05,1366,CACACA,0.14644025266170502,False,False,True,-0.00010256655514240265,
12,28,18,head_6,recovery,-0.01171875,-0.009008049964904785,106,AACCCA,4.2109375,922,AGTGAC,4.4375,922,AGTGAC,4.4375,106,AACCCA,0.003833355149254203,922,AGTGAC,1.6460433471365832e-05,1366,CACACA,0.14605696499347687,False,False,True,5.1898881793022156e-05,
12,29,18,head_6,recovery,0.0,-0.00437009334564209,106,AACCCA,4.2109375,922,AGTGAC,4.43359375,922,AGTGAC,4.43359375,106,AACCCA,0.0038403738290071487,922,AGTGAC,1.6527561456314288e-05,1366,CACACA,0.1460767686367035,False,False,True,0.0002299528568983078,
12,30,18,head_6,recovery,0.0,0.000653684139251709,106,AACCCA,4.2109375,922,AGTGAC,4.43359375,922,AGTGAC,4.43359375,106,AACCCA,0.003847939893603325,922,AGTGAC,1.6563639292144217e-05,1366,CACACA,0.1454584002494812,False,False,True,0.0002854354679584503,
12,31,18,head_6,recovery,0.01171875,-0.020974159240722656,106,AACCCA,4.2109375,922,AGTGAC,4.4296875,922,AGTGAC,4.4296875,106,AACCCA,0.003815396223217249,922,AGTGAC,1.6437166777905077e-05,1366,CACACA,0.14591939747333527,False,False,True,0.0001848079264163971,
13,0,18,head_6,recovery,0.0234375,-0.016518235206604004,106,AACCCA,4.21484375,922,AGTGAC,4.4296875,922,AGTGAC,4.4296875,106,AACCCA,0.003822110593318939,922,AGTGAC,1.647285716899205e-05,1366,CACACA,0.14633241295814514,False,False,True,-5.200318992137909e-05,
13,1,18,head_6,recovery,0.0234375,0.0003552436828613281,106,AACCCA,4.21875,922,AGTGAC,4.43359375,922,AGTGAC,4.43359375,106,AACCCA,0.0038474639877676964,922,AGTGAC,1.6534842870896682e-05,1366,CACACA,0.14570918679237366,False,False,True,-5.4506585001945496e-05,
13,2,18,head_6,recovery,0.01171875,-0.02284979820251465,106,AACCCA,4.2109375,922,AGTGAC,4.4296875,922,AGTGAC,4.4296875,106,AACCCA,0.0038126802537590265,922,AGTGAC,1.6532525478396565e-05,1366,CACACA,0.1473858505487442,False,False,True,5.621463060379028e-06,
13,3,18,head_6,recovery,0.0,-0.007646322250366211,106,AACCCA,4.21484375,922,AGTGAC,4.4375,922,AGTGAC,4.4375,106,AACCCA,0.0038354990538209677,922,AGTGAC,1.656332824495621e-05,1366,CACACA,0.14673525094985962,False,False,True,-7.637962698936462e-05,
13,4,18,head_6,recovery,0.0234375,-0.00602114200592041,106,AACCCA,4.2109375,922,AGTGAC,4.42578125,922,AGTGAC,4.42578125,106,AACCCA,0.0038377984892576933,922,AGTGAC,1.642681127123069e-05,1366,CACACA,0.14685682952404022,False,False,True,-7.969513535499573e-05,
13,5,18,head_6,recovery,0.0234375,0.015233933925628662,106,AACCCA,4.2109375,922,AGTGAC,4.42578125,922,AGTGAC,4.42578125,106,AACCCA,0.003869587555527687,922,AGTGAC,1.6357222193619236e-05,1366,CACACA,0.14585325121879578,False,False,True,-5.239434540271759e-05,
13,6,18,head_6,recovery,0.0,-0.012640118598937988,106,AACCCA,4.203125,922,AGTGAC,4.42578125,922,AGTGAC,4.42578125,106,AACCCA,0.0038278745487332344,922,AGTGAC,1.6423884517280385e-05,1366,CACACA,0.14519309997558594,False,False,True,3.347359597682953e-05,
13,7,18,head_6,recovery,0.0234375,0.02190697193145752,106,AACCCA,4.2109375,922,AGTGAC,4.42578125,922,AGTGAC,4.42578125,106,AACCCA,0.003879779716953635,922,AGTGAC,1.6547493942198344e-05,1366,CACACA,0.14481627941131592,False,False,True,-8.206814527511597e-06,
13,8,18,head_6,recovery,-0.01171875,0.006832540035247803,106,AACCCA,4.21875,922,AGTGAC,4.4453125,922,AGTGAC,4.4453125,106,AACCCA,0.003857614938169718,922,AGTGAC,1.6977302948362194e-05,1366,CACACA,0.14751605689525604,False,False,True,4.826672375202179e-05,
13,9,18,head_6,recovery,0.01171875,0.07260632514953613,106,AACCCA,4.2265625,922,AGTGAC,4.4453125,922,AGTGAC,4.4453125,106,AACCCA,0.003956143744289875,922,AGTGAC,1.6919890185818076e-05,1366,CACACA,0.14936625957489014,False,False,True,-8.19135457277298e-05,
13,10,18,head_6,recovery,0.0234375,0.10929864645004272,106,AACCCA,4.2265625,922,AGTGAC,4.44140625,922,AGTGAC,4.44140625,106,AACCCA,0.004010873846709728,922,AGTGAC,1.665275703999214e-05,1366,CACACA,0.14963185787200928,False,False,True,-0.00019224174320697784,
13,11,18,head_6,recovery,0.03515625,0.0826411247253418,106,AACCCA,4.21484375,922,AGTGAC,4.42578125,922,AGTGAC,4.42578125,106,AACCCA,0.003970671910792589,922,AGTGAC,1.6406938811996952e-05,1366,CACACA,0.14891844987869263,False,False,True,-4.137493669986725e-05,
13,12,18,head_6,recovery,0.0234375,0.04823058843612671,106,AACCCA,4.21875,922,AGTGAC,4.43359375,922,AGTGAC,4.43359375,106,AACCCA,0.003919119480997324,922,AGTGAC,1.6431615222245455e-05,1366,CACACA,0.14794355630874634,False,False,True,1.0300427675247192e-05,
13,13,18,head_6,recovery,0.01171875,0.013638019561767578,106,AACCCA,4.2109375,922,AGTGAC,4.4296875,922,AGTGAC,4.4296875,106,AACCCA,0.003867284394800663,922,AGTGAC,1.6446259905933402e-05,1366,CACACA,0.1471654623746872,False,False,True,0.00028906576335430145,
13,14,18,head_6,recovery,0.0234375,0.008208990097045898,106,AACCCA,4.21484375,922,AGTGAC,4.4296875,922,AGTGAC,4.4296875,106,AACCCA,0.0038591392803937197,922,AGTGAC,1.6438443708466366e-05,1366,CACACA,0.1468779295682907,False,False,True,0.00026593543589115143,
13,15,18,head_6,recovery,0.01171875,0.004689931869506836,106,AACCCA,4.21484375,922,AGTGAC,4.43359375,922,AGTGAC,4.43359375,106,AACCCA,0.0038539201486855745,922,AGTGAC,1.6494013834744692e-05,1366,CACACA,0.1469077616930008,False,False,True,0.00031461194157600403,
13,16,18,head_6,recovery,0.01171875,-0.007181406021118164,106,AACCCA,4.21484375,922,AGTGAC,4.43359375,922,AGTGAC,4.43359375,106,AACCCA,0.0038362236227840185,922,AGTGAC,1.6590976883890107e-05,1366,CACACA,0.1459500789642334,False,False,True,9.082257747650146e-06,
13,17,18,head_6,recovery,0.0,0.02065366506576538,106,AACCCA,4.21484375,922,AGTGAC,4.4375,922,AGTGAC,4.4375,106,AACCCA,0.0038780111353844404,922,AGTGAC,1.6657402738928795e-05,1366,CACACA,0.14661304652690887,False,False,True,3.3099204301834106e-06,
13,18,18,head_6,recovery,0.01171875,0.014036178588867188,106,AACCCA,4.21484375,922,AGTGAC,4.43359375,922,AGTGAC,4.43359375,106,AACCCA,0.003867922117933631,922,AGTGAC,1.6487141692778096e-05,1366,CACACA,0.1463521420955658,False,False,True,-0.00023534893989562988,
13,19,18,head_6,recovery,0.0,0.017503738403320312,106,AACCCA,4.21484375,922,AGTGAC,4.4375,922,AGTGAC,4.4375,106,AACCCA,0.0038732404354959726,922,AGTGAC,1.6608026271569543e-05,1366,CACACA,0.14712922275066376,False,False,True,-0.00011928007006645203,
13,20,18,head_6,recovery,0.01171875,-0.005460619926452637,106,AACCCA,4.2109375,922,AGTGAC,4.4296875,922,AGTGAC,4.4296875,106,AACCCA,0.003838734235614538,922,AGTGAC,1.652227365411818e-05,1366,CACACA,0.14712367951869965,False,False,True,-0.00011581741273403168,
13,21,18,head_6,recovery,0.01171875,0.016445279121398926,106,AACCCA,4.2109375,922,AGTGAC,4.4296875,922,AGTGAC,4.4296875,106,AACCCA,0.003871629945933819,922,AGTGAC,1.6584172044531442e-05,1366,CACACA,0.14685726165771484,False,False,True,-8.723512291908264e-05,
13,22,18,head_6,recovery,0.03515625,-0.013822197914123535,106,AACCCA,4.2109375,922,AGTGAC,4.421875,922,AGTGAC,4.421875,106,AACCCA,0.0038261981680989265,922,AGTGAC,1.6519406926818192e-05,1366,CACACA,0.1455286741256714,False,False,True,-0.00024168938398361206,
13,23,18,head_6,recovery,0.0234375,-0.02272045612335205,106,AACCCA,4.2109375,922,AGTGAC,4.42578125,922,AGTGAC,4.42578125,106,AACCCA,0.0038127771113067865,922,AGTGAC,1.6435411453130655e-05,1366,CACACA,0.14554136991500854,False,False,True,-0.0001581292599439621,
13,24,18,head_6,recovery,0.01171875,-0.02403271198272705,106,AACCCA,4.20703125,922,AGTGAC,4.42578125,922,AGTGAC,4.42578125,106,AACCCA,0.0038109275046736,922,AGTGAC,1.655292544455733e-05,1366,CACACA,0.14524009823799133,False,False,True,-0.0002223420888185501,
13,25,18,head_6,recovery,0.0,-0.0011417865753173828,106,AACCCA,4.2109375,922,AGTGAC,4.43359375,922,AGTGAC,4.43359375,106,AACCCA,0.0038453079760074615,922,AGTGAC,1.6622636394458823e-05,1366,CACACA,0.1458899825811386,False,False,True,-1.3932585716247559e-05,
13,26,18,head_6,recovery,0.01171875,-0.00231778621673584,106,AACCCA,4.2109375,922,AGTGAC,4.4296875,922,AGTGAC,4.4296875,106,AACCCA,0.0038433729205280542,922,AGTGAC,1.6450405382784083e-05,1366,CACACA,0.1454765349626541,False,False,True,2.6796013116836548e-05,
13,27,18,head_6,recovery,0.0234375,-0.012097358703613281,106,AACCCA,4.2109375,922,AGTGAC,4.42578125,922,AGTGAC,4.42578125,106,AACCCA,0.003828674554824829,922,AGTGAC,1.6410289390478283e-05,1366,CACACA,0.14611922204494476,False,False,True,9.158067405223846e-05,
13,28,18,head_6,recovery,0.01171875,-0.011662602424621582,106,AACCCA,4.2109375,922,AGTGAC,4.4296875,922,AGTGAC,4.4296875,106,AACCCA,0.0038293590769171715,922,AGTGAC,1.64432840392692e-05,1366,CACACA,0.14554892480373383,False,False,True,0.00011399202048778534,
13,29,18,head_6,recovery,0.0,0.0005556344985961914,106,AACCCA,4.21484375,922,AGTGAC,4.4375,922,AGTGAC,4.4375,106,AACCCA,0.0038478586357086897,922,AGTGAC,1.66293448273791e-05,1366,CACACA,0.1459243893623352,False,False,True,0.00018845871090888977,
13,30,18,head_6,recovery,0.01171875,-0.01529836654663086,106,AACCCA,4.2109375,922,AGTGAC,4.4296875,922,AGTGAC,4.4296875,106,AACCCA,0.003824071492999792,922,AGTGAC,1.660517227719538e-05,1366,CACACA,0.1449493020772934,False,False,True,8.191913366317749e-05,
13,31,18,head_6,recovery,0.01171875,-0.023013591766357422,106,AACCCA,4.2109375,922,AGTGAC,4.4296875,922,AGTGAC,4.4296875,106,AACCCA,0.0038124516140669584,922,AGTGAC,1.6549443898838945e-05,1366,CACACA,0.1454468071460724,False,False,True,0.00011344067752361298,
14,0,18,head_6,recovery,0.01171875,-0.006480574607849121,106,AACCCA,4.21484375,922,AGTGAC,4.43359375,922,AGTGAC,4.43359375,106,AACCCA,0.003837204072624445,922,AGTGAC,1.652098035265226e-05,1366,CACACA,0.14642687141895294,False,False,True,-8.895434439182281e-05,
14,1,18,head_6,recovery,0.0234375,-0.006749868392944336,106,AACCCA,4.21484375,922,AGTGAC,4.4296875,922,AGTGAC,4.4296875,106,AACCCA,0.0038366822991520166,922,AGTGAC,1.6403015251853503e-05,1366,CACACA,0.1464337706565857,False,False,True,-0.00011176802217960358,
14,2,18,head_6,recovery,0.01171875,-0.006770133972167969,106,AACCCA,4.20703125,922,AGTGAC,4.42578125,922,AGTGAC,4.42578125,106,AACCCA,0.003836787771433592,922,AGTGAC,1.65385972650256e-05,1366,CACACA,0.1470356285572052,False,False,True,-7.687322795391083e-05,
14,3,18,head_6,recovery,0.01171875,-0.009815216064453125,106,AACCCA,4.203125,922,AGTGAC,4.421875,922,AGTGAC,4.421875,106,AACCCA,0.0038320606108754873,922,AGTGAC,1.6375774066546e-05,1366,CACACA,0.1454051285982132,False,False,True,4.939176142215729e-05,
14,4,18,head_6,recovery,0.0,-0.012835025787353516,106,AACCCA,4.203125,922,AGTGAC,4.42578125,922,AGTGAC,4.42578125,106,AACCCA,0.0038277260027825832,922,AGTGAC,1.6567635611863807e-05,1366,CACACA,0.14520297944545746,False,False,True,3.91397625207901e-05,
14,5,18,head_6,recovery,0.01171875,0.016592681407928467,106,AACCCA,4.20703125,922,AGTGAC,4.42578125,922,AGTGAC,4.42578125,106,AACCCA,0.0038720443844795227,922,AGTGAC,1.6777499695308506e-05,1366,CACACA,0.14470186829566956,False,False,True,5.2288174629211426e-05,
14,6,18,head_6,recovery,0.0234375,0.01926887035369873,106,AACCCA,4.21484375,922,AGTGAC,4.4296875,922,AGTGAC,4.4296875,106,AACCCA,0.00387593568302691,922,AGTGAC,1.6657637388561852e-05,1366,CACACA,0.14767710864543915,False,False,True,1.8386170268058777e-05,
14,7,18,head_6,recovery,0.07080078125,0.019724011421203613,106,AACCCA,4.234375,922,AGTGAC,4.43359375,922,AGTGAC,4.43359375,106,AACCCA,0.0038764504715800285,922,AGTGAC,1.6490244888700545e-05,1366,CACACA,0.1487869918346405,False,False,True,1.7192214727401733e-05,
14,8,18,head_6,recovery,0.05859375,0.10065442323684692,106,AACCCA,4.24609375,922,AGTGAC,4.44921875,922,AGTGAC,4.44921875,106,AACCCA,0.00399775942787528,922,AGTGAC,1.649513615120668e-05,1366,CACACA,0.14674299955368042,False,False,True,-0.0001004096120595932,
14,9,18,head_6,recovery,0.05859375,0.11454254388809204,106,AACCCA,4.24609375,922,AGTGAC,4.44921875,922,AGTGAC,4.44921875,106,AACCCA,0.004018491134047508,922,AGTGAC,1.6410327589255758e-05,1366,CACACA,0.1469513326883316,False,False,True,-9.694322943687439e-05,
14,10,18,head_6,recovery,-0.03515625,0.09673678874969482,106,AACCCA,4.2265625,922,AGTGAC,4.4609375,922,AGTGAC,4.4609375,106,AACCCA,0.003991946578025818,922,AGTGAC,1.6554262401768938e-05,1366,CACACA,0.14582033455371857,False,False,True,-0.00011358223855495453,
14,11,18,head_6,recovery,0.08251953125,0.06704992055892944,106,AACCCA,4.234375,922,AGTGAC,4.4296875,922,AGTGAC,4.4296875,106,AACCCA,0.003946929704397917,922,AGTGAC,1.6033938663895242e-05,1366,CACACA,0.15195517241954803,False,False,True,2.2314488887786865e-05,
14,12,18,head_6,recovery,0.08251953125,0.12012314796447754,106,AACCCA,4.2265625,922,AGTGAC,4.421875,922,AGTGAC,4.421875,106,AACCCA,0.004026145674288273,922,AGTGAC,1.5700121366535313e-05,1366,CACACA,0.14974617958068848,False,False,True,-0.00029331259429454803,
14,13,18,head_6,recovery,0.08251953125,0.047247469425201416,106,AACCCA,4.22265625,922,AGTGAC,4.41796875,922,AGTGAC,4.41796875,106,AACCCA,0.0039169336669147015,922,AGTGAC,1.5719220755272545e-05,1366,CACACA,0.1506209820508957,False,False,True,-0.0005271229892969131,
14,14,18,head_6,recovery,-0.01171875,0.03124213218688965,106,AACCCA,4.20703125,922,AGTGAC,4.43359375,922,AGTGAC,4.43359375,106,AACCCA,0.003893537214025855,922,AGTGAC,1.6312724255840294e-05,1366,CACACA,0.143818661570549,False,False,True,-0.0012181978672742844,
14,15,18,head_6,recovery,0.0,-0.04853057861328125,106,AACCCA,4.21484375,922,AGTGAC,4.4375,922,AGTGAC,4.4375,106,AACCCA,0.003774254582822323,922,AGTGAC,1.659900226513855e-05,1366,CACACA,0.14585813879966736,False,False,True,-0.0010799933224916458,
14,16,18,head_6,recovery,0.01171875,0.004665732383728027,106,AACCCA,4.21875,922,AGTGAC,4.4375,922,AGTGAC,4.4375,106,AACCCA,0.0038541166577488184,922,AGTGAC,1.6726880858186632e-05,1366,CACACA,0.14215850830078125,False,False,True,-0.0011792480945587158,
14,17,18,head_6,recovery,-0.01171875,-0.04164230823516846,106,AACCCA,4.21875,922,AGTGAC,4.4453125,922,AGTGAC,4.4453125,106,AACCCA,0.0037846306804567575,922,AGTGAC,1.6650446923449636e-05,1366,CACACA,0.14282962679862976,False,False,True,-0.00077076256275177,
14,18,18,head_6,recovery,0.0,-0.05660653114318848,106,AACCCA,4.21484375,922,AGTGAC,4.4375,922,AGTGAC,4.4375,106,AACCCA,0.003762215608730912,922,AGTGAC,1.666484968154691e-05,1366,CACACA,0.1429663449525833,False,False,True,-0.0008386466652154922,
14,19,18,head_6,recovery,0.01171875,-0.015810608863830566,106,AACCCA,4.21484375,922,AGTGAC,4.43359375,922,AGTGAC,4.43359375,106,AACCCA,0.003823338309302926,922,AGTGAC,1.6639754903735593e-05,1366,CACACA,0.14445124566555023,False,False,True,-0.0007310770452022552,
14,20,18,head_6,recovery,0.0234375,-0.03686237335205078,106,AACCCA,4.203125,922,AGTGAC,4.41796875,922,AGTGAC,4.41796875,106,AACCCA,0.0037916835863143206,922,AGTGAC,1.65388537425315e-05,1366,CACACA,0.145737886428833,False,False,True,-0.0009550787508487701,
14,21,18,head_6,recovery,0.0234375,-0.03497421741485596,106,AACCCA,4.19921875,922,AGTGAC,4.4140625,922,AGTGAC,4.4140625,106,AACCCA,0.0037945457734167576,922,AGTGAC,1.657102802710142e-05,1366,CACACA,0.14486533403396606,False,False,True,-0.0009750146418809891,
14,22,18,head_6,recovery,0.01171875,-0.044161200523376465,106,AACCCA,4.1953125,922,AGTGAC,4.4140625,922,AGTGAC,4.4140625,106,AACCCA,0.0037806169129908085,922,AGTGAC,1.6412335753557272e-05,1366,CACACA,0.14510202407836914,False,False,True,-0.0006374344229698181,
14,23,18,head_6,recovery,0.0,-0.0259321928024292,106,AACCCA,4.203125,922,AGTGAC,4.42578125,922,AGTGAC,4.42578125,106,AACCCA,0.003808064851909876,922,AGTGAC,1.6537220290047117e-05,1366,CACACA,0.14545245468616486,False,False,True,-0.0001694466918706894,
14,24,18,head_6,recovery,0.01171875,-0.010510802268981934,106,AACCCA,4.2109375,922,AGTGAC,4.4296875,922,AGTGAC,4.4296875,106,AACCCA,0.003831131849437952,922,AGTGAC,1.6489571862621233e-05,1366,CACACA,0.1451859027147293,False,False,True,-0.00022738799452781677,
14,25,18,head_6,recovery,0.01171875,-0.007834434509277344,106,AACCCA,4.2109375,922,AGTGAC,4.4296875,922,AGTGAC,4.4296875,106,AACCCA,0.003835171926766634,922,AGTGAC,1.65182827913668e-05,1366,CACACA,0.14490056037902832,False,False,True,-0.00013740360736846924,
14,26,18,head_6,recovery,0.0234375,-0.0011061429977416992,106,AACCCA,4.21484375,922,AGTGAC,4.4296875,922,AGTGAC,4.4296875,106,AACCCA,0.0038452313747256994,922,AGTGAC,1.6492775102960877e-05,1366,CACACA,0.14472746849060059,False,False,True,-0.00014691613614559174,
14,27,18,head_6,recovery,0.01171875,-0.004489898681640625,106,AACCCA,4.21484375,922,AGTGAC,4.43359375,922,AGTGAC,4.43359375,106,AACCCA,0.0038401999045163393,922,AGTGAC,1.6533114830963314e-05,1366,CACACA,0.1459609717130661,False,False,True,-3.798864781856537e-05,
14,28,18,head_6,recovery,0.01171875,-0.005051851272583008,106,AACCCA,4.21484375,922,AGTGAC,4.43359375,922,AGTGAC,4.43359375,106,AACCCA,0.003839275799691677,922,AGTGAC,1.645143493078649e-05,1366,CACACA,0.1466020792722702,False,False,True,-0.0001965295523405075,
14,29,18,head_6,recovery,0.0234375,0.009611666202545166,106,AACCCA,4.21875,922,AGTGAC,4.43359375,922,AGTGAC,4.43359375,106,AACCCA,0.0038613255601376295,922,AGTGAC,1.6522413716302253e-05,1366,CACACA,0.14588424563407898,False,False,True,-0.00044676102697849274,
14,30,18,head_6,recovery,0.01171875,0.00784611701965332,106,AACCCA,4.21875,922,AGTGAC,4.4375,922,AGTGAC,4.4375,106,AACCCA,0.00385874486528337,922,AGTGAC,1.6588099242653698e-05,1366,CACACA,0.14575116336345673,False,False,True,-0.0004416070878505707,
14,31,18,head_6,recovery,0.0234375,-0.00372314453125,106,AACCCA,4.2109375,922,AGTGAC,4.42578125,922,AGTGAC,4.42578125,106,AACCCA,0.00384127302095294,922,AGTGAC,1.645697557250969e-05,1366,CACACA,0.14553910493850708,False,False,True,-0.0003479421138763428,
15,0,18,head_6,recovery,0.0,-0.002194643020629883,106,AACCCA,4.21484375,922,AGTGAC,4.4375,922,AGTGAC,4.4375,106,AACCCA,0.003843659767881036,922,AGTGAC,1.655254527577199e-05,1366,CACACA,0.14621514081954956,False,False,True,-1.029670238494873e-05,
15,1,18,head_6,recovery,0.0,-0.0021947622299194336,106,AACCCA,4.21484375,922,AGTGAC,4.4375,922,AGTGAC,4.4375,106,AACCCA,0.003843653714284301,922,AGTGAC,1.654671177675482e-05,1366,CACACA,0.1462439000606537,False,False,True,-4.314444959163666e-05,
15,2,18,head_6,recovery,0.0,0.001974821090698242,106,AACCCA,4.21484375,922,AGTGAC,4.4375,922,AGTGAC,4.4375,106,AACCCA,0.003849913366138935,922,AGTGAC,1.6556719856453128e-05,1366,CACACA,0.14619624614715576,False,False,True,1.8885359168052673e-05,
15,3,18,head_6,recovery,0.0,0.0032444000244140625,106,AACCCA,4.2109375,922,AGTGAC,4.43359375,922,AGTGAC,4.43359375,106,AACCCA,0.003851934103295207,922,AGTGAC,1.6674639482516795e-05,1366,CACACA,0.14586512744426727,False,False,True,-1.8941238522529602e-05,
15,4,18,head_6,recovery,0.0234375,-0.010811805725097656,106,AACCCA,4.21484375,922,AGTGAC,4.4296875,922,AGTGAC,4.4296875,106,AACCCA,0.0038309134542942047,922,AGTGAC,1.6722357031540014e-05,1366,CACACA,0.14496953785419464,False,False,True,-8.900277316570282e-05,
15,5,18,head_6,recovery,0.0234375,-0.02646660804748535,106,AACCCA,4.2109375,922,AGTGAC,4.42578125,922,AGTGAC,4.42578125,106,AACCCA,0.0038074038457125425,922,AGTGAC,1.6677173334755935e-05,1366,CACACA,0.14454010128974915,False,False,True,-1.3854354619979858e-05,
15,6,18,head_6,recovery,0.0234375,-0.030941128730773926,106,AACCCA,4.21484375,922,AGTGAC,4.4296875,922,AGTGAC,4.4296875,106,AACCCA,0.0038005984388291836,922,AGTGAC,1.6578473150730133e-05,1366,CACACA,0.14516063034534454,False,False,True,-3.851018846035004e-05,
15,7,18,head_6,recovery,0.0234375,0.004683732986450195,106,AACCCA,4.21484375,922,AGTGAC,4.4296875,922,AGTGAC,4.4296875,106,AACCCA,0.003854024689644575,922,AGTGAC,1.6607786164968275e-05,1366,CACACA,0.1454440802335739,False,False,True,-7.412582635879517e-05,
15,8,18,head_6,recovery,0.01171875,-0.009446024894714355,106,AACCCA,4.2109375,922,AGTGAC,4.4296875,922,AGTGAC,4.4296875,106,AACCCA,0.0038328790105879307,922,AGTGAC,1.6640855392324738e-05,1366,CACACA,0.14628416299819946,False,False,True,-1.8259510397911072e-05,
15,9,18,head_6,recovery,0.01171875,0.022255241870880127,106,AACCCA,4.2109375,922,AGTGAC,4.4296875,922,AGTGAC,4.4296875,106,AACCCA,0.003880271688103676,922,AGTGAC,1.651756974752061e-05,1366,CACACA,0.1467880755662918,False,False,True,-3.374181687831879e-05,
15,10,18,head_6,recovery,-0.01171875,0.02663654088973999,106,AACCCA,4.203125,922,AGTGAC,4.4296875,922,AGTGAC,4.4296875,106,AACCCA,0.0038868507836014032,922,AGTGAC,1.65296714840224e-05,1366,CACACA,0.14789651334285736,False,False,True,8.02706927061081e-05,
15,11,18,head_6,recovery,0.01171875,0.02156054973602295,106,AACCCA,4.20703125,922,AGTGAC,4.42578125,922,AGTGAC,4.42578125,106,AACCCA,0.0038793208077549934,922,AGTGAC,1.660772250033915e-05,1366,CACACA,0.14731748402118683,False,False,True,6.286799907684326e-05,
15,12,18,head_6,recovery,0.01171875,-0.014257073402404785,106,AACCCA,4.2109375,922,AGTGAC,4.4296875,922,AGTGAC,4.4296875,106,AACCCA,0.003825480118393898,922,AGTGAC,1.6452959243906662e-05,1366,CACACA,0.14704586565494537,False,False,True,-2.8489157557487488e-05,
15,13,18,head_6,recovery,0.01171875,-0.031659483909606934,106,AACCCA,4.2109375,922,AGTGAC,4.4296875,922,AGTGAC,4.4296875,106,AACCCA,0.0037993802689015865,922,AGTGAC,1.6437246813438833e-05,1366,CACACA,0.14646664261817932,False,False,True,-8.209049701690674e-05,
15,14,18,head_6,recovery,0.0,0.0016952157020568848,106,AACCCA,4.21484375,922,AGTGAC,4.4375,922,AGTGAC,4.4375,106,AACCCA,0.003849469358101487,922,AGTGAC,1.653185609029606e-05,1366,CACACA,0.1459142118692398,False,False,True,-0.00010953471064567566,
15,15,18,head_6,recovery,0.03515625,0.013588011264801025,106,AACCCA,4.21484375,922,AGTGAC,4.42578125,922,AGTGAC,4.42578125,106,AACCCA,0.003867197083309293,922,AGTGAC,1.6433856217190623e-05,1366,CACACA,0.1453411728143692,False,False,True,-4.480592906475067e-05,
15,16,18,head_6,recovery,0.01171875,-0.0075800418853759766,106,AACCCA,4.2109375,922,AGTGAC,4.4296875,922,AGTGAC,4.4296875,106,AACCCA,0.0038354825228452682,922,AGTGAC,1.6447476809844375e-05,1366,CACACA,0.14565272629261017,False,False,True,5.486980080604553e-05,
15,17,18,head_6,recovery,0.01171875,-0.013440608978271484,106,AACCCA,4.2109375,922,AGTGAC,4.4296875,922,AGTGAC,4.4296875,106,AACCCA,0.0038266098126769066,922,AGTGAC,1.635897933738306e-05,1366,CACACA,0.14692777395248413,False,False,True,0.00029451772570610046,
15,18,18,head_6,recovery,0.0,-0.02141714096069336,106,AACCCA,4.2109375,922,AGTGAC,4.43359375,922,AGTGAC,4.43359375,106,AACCCA,0.003814671654254198,922,AGTGAC,1.6376508938265033e-05,1366,CACACA,0.14675799012184143,False,False,True,0.00013932399451732635,
15,19,18,head_6,recovery,0.0,-0.006580710411071777,106,AACCCA,4.21484375,922,AGTGAC,4.4375,922,AGTGAC,4.4375,106,AACCCA,0.003837001044303179,922,AGTGAC,1.646804048505146e-05,1366,CACACA,0.14683303236961365,False,False,True,0.00014852918684482574,
15,20,18,head_6,recovery,-0.01171875,0.0002478957176208496,106,AACCCA,4.21875,922,AGTGAC,4.4453125,922,AGTGAC,4.4453125,106,AACCCA,0.003847466316074133,922,AGTGAC,1.6698037143214606e-05,1366,CACACA,0.14639121294021606,False,False,True,4.7752633690834045e-05,
15,21,18,head_6,recovery,0.0,-0.004993319511413574,106,AACCCA,4.21484375,922,AGTGAC,4.4375,922,AGTGAC,4.4375,106,AACCCA,0.0038394927978515625,922,AGTGAC,1.658056498854421e-05,1366,CACACA,0.14586062729358673,False,False,True,2.5579705834388733e-05,
15,22,18,head_6,recovery,0.0,-0.0034477710723876953,106,AACCCA,4.21484375,922,AGTGAC,4.4375,922,AGTGAC,4.4375,106,AACCCA,0.003841875586658716,922,AGTGAC,1.664660157985054e-05,1366,CACACA,0.14610490202903748,False,False,True,-3.432668745517731e-05,
15,23,18,head_6,recovery,0.0,-0.011150598526000977,106,AACCCA,4.21484375,922,AGTGAC,4.4375,922,AGTGAC,4.4375,106,AACCCA,0.0038302396424114704,922,AGTGAC,1.655627420404926e-05,1366,CACACA,0.14553797245025635,False,False,True,-9.699352085590363e-05,
15,24,18,head_6,recovery,0.0,-0.02553856372833252,106,AACCCA,4.2109375,922,AGTGAC,4.43359375,922,AGTGAC,4.43359375,106,AACCCA,0.00380859337747097,922,AGTGAC,1.6475825759698637e-05,1366,CACACA,0.14558589458465576,False,False,True,1.8440186977386475e-06,
15,25,18,head_6,recovery,0.0,-0.011423349380493164,106,AACCCA,4.2109375,922,AGTGAC,4.43359375,922,AGTGAC,4.43359375,106,AACCCA,0.003829804016277194,922,AGTGAC,1.6529673303011805e-05,1366,CACACA,0.14527738094329834,False,False,True,-2.421438694000244e-08,
15,26,18,head_6,recovery,-0.01171875,-0.0032330751419067383,106,AACCCA,4.2109375,922,AGTGAC,4.4375,922,AGTGAC,4.4375,106,AACCCA,0.0038421417120844126,922,AGTGAC,1.659098415984772e-05,1366,CACACA,0.1454654484987259,False,False,True,-5.05838543176651e-05,
15,27,18,head_6,recovery,0.01171875,0.0008203387260437012,106,AACCCA,4.2109375,922,AGTGAC,4.4296875,922,AGTGAC,4.4296875,106,AACCCA,0.0038481533993035555,922,AGTGAC,1.6527212210348807e-05,1366,CACACA,0.14561080932617188,False,False,True,-3.438442945480347e-05,
15,28,18,head_6,recovery,0.01171875,0.0015465617179870605,106,AACCCA,4.2109375,922,AGTGAC,4.4296875,922,AGTGAC,4.4296875,106,AACCCA,0.00384927773848176,922,AGTGAC,1.656307722441852e-05,1366,CACACA,0.14596261084079742,False,False,True,-9.365007281303406e-05,
15,29,18,head_6,recovery,0.01171875,-0.005944728851318359,106,AACCCA,4.2109375,922,AGTGAC,4.4296875,922,AGTGAC,4.4296875,106,AACCCA,0.0038379596080631018,922,AGTGAC,1.6473408322781324e-05,1366,CACACA,0.14651158452033997,False,False,True,-1.4511868357658386e-05,
15,30,18,head_6,recovery,0.01171875,-0.00488734245300293,106,AACCCA,4.21484375,922,AGTGAC,4.43359375,922,AGTGAC,4.43359375,106,AACCCA,0.003839583368971944,922,AGTGAC,1.651232196309138e-05,1366,CACACA,0.14614032208919525,False,False,True,-7.786042988300323e-05,
15,31,18,head_6,recovery,0.0,-0.01681840419769287,106,AACCCA,4.21484375,922,AGTGAC,4.4375,922,AGTGAC,4.4375,106,AACCCA,0.0038217324763536453,922,AGTGAC,1.6544483514735475e-05,1366,CACACA,0.14656148850917816,False,False,True,-6.951391696929932e-06,
16,0,18,head_6,recovery,0.0,-0.0035191774368286133,106,AACCCA,4.21484375,922,AGTGAC,4.4375,922,AGTGAC,4.4375,106,AACCCA,0.0038417677860707045,922,AGTGAC,1.6645881260046735e-05,1366,CACACA,0.14652051031589508,False,False,True,-2.6924535632133484e-05,
16,1,18,head_6,recovery,0.0,-0.007232785224914551,106,AACCCA,4.21484375,922,AGTGAC,4.4375,922,AGTGAC,4.4375,106,AACCCA,0.003836224786937237,922,AGTGAC,1.6669346223352477e-05,1366,CACACA,0.14644312858581543,False,False,True,-7.201544940471649e-05,
16,2,18,head_6,recovery,0.0,0.0009612441062927246,106,AACCCA,4.21484375,922,AGTGAC,4.4375,922,AGTGAC,4.4375,106,AACCCA,0.0038484500255435705,922,AGTGAC,1.6612633771728724e-05,1366,CACACA,0.1461830735206604,False,False,True,-4.2071565985679626e-05,
16,3,18,head_6,recovery,0.0,-0.0005977153778076172,106,AACCCA,4.2109375,922,AGTGAC,4.43359375,922,AGTGAC,4.43359375,106,AACCCA,0.00384589284658432,922,AGTGAC,1.6392295947298408e-05,1366,CACACA,0.14577196538448334,False,False,True,4.986859858036041e-05,
16,4,18,head_6,recovery,0.0,0.0003108382225036621,106,AACCCA,4.21484375,922,AGTGAC,4.4375,922,AGTGAC,4.4375,106,AACCCA,0.003847334301099181,922,AGTGAC,1.6471871276735328e-05,1366,CACACA,0.14557315409183502,False,False,True,3.943033516407013e-05,
16,5,18,head_6,recovery,0.0,-0.011927127838134766,106,AACCCA,4.21484375,922,AGTGAC,4.4375,922,AGTGAC,4.4375,106,AACCCA,0.0038290838710963726,922,AGTGAC,1.6564412362640724e-05,1366,CACACA,0.14592762291431427,False,False,True,5.449168384075165e-05,
16,6,18,head_6,recovery,0.0,-0.015040397644042969,106,AACCCA,4.21484375,922,AGTGAC,4.4375,922,AGTGAC,4.4375,106,AACCCA,0.0038245113100856543,922,AGTGAC,1.665831405261997e-05,1366,CACACA,0.14565108716487885,False,False,True,1.831352710723877e-05,
16,7,18,head_6,recovery,0.0234375,0.08160752058029175,106,AACCCA,4.21484375,922,AGTGAC,4.4296875,922,AGTGAC,4.4296875,106,AACCCA,0.003969509620219469,922,AGTGAC,1.6794196199043654e-05,1366,CACACA,0.14437155425548553,False,False,True,1.6996636986732483e-05,
16,8,18,head_6,recovery,-0.05859375,-0.0061866044998168945,106,AACCCA,4.1875,922,AGTGAC,4.4296875,922,AGTGAC,4.4296875,106,AACCCA,0.003837727243080735,922,AGTGAC,1.660355155763682e-05,1366,CACACA,0.14483346045017242,False,False,True,-1.2312084436416626e-05,
16,9,18,head_6,recovery,-0.0703125,-0.0029451847076416016,106,AACCCA,4.19140625,922,AGTGAC,4.4375,922,AGTGAC,4.4375,106,AACCCA,0.003842597594484687,922,AGTGAC,1.6615487766102888e-05,1366,CACACA,0.14646944403648376,False,False,True,-2.645142376422882e-05,
16,10,18,head_6,recovery,-0.05859375,0.04074984788894653,106,AACCCA,4.19140625,922,AGTGAC,4.43359375,922,AGTGAC,4.43359375,106,AACCCA,0.0039083086885511875,922,AGTGAC,1.6833353583933786e-05,1366,CACACA,0.14155693352222443,False,False,True,-0.00016266107559204102,
16,11,18,head_6,recovery,0.0,0.09490877389907837,106,AACCCA,4.21484375,922,AGTGAC,4.4375,922,AGTGAC,4.4375,106,AACCCA,0.00398970814421773,922,AGTGAC,1.7055810531019233e-05,1366,CACACA,0.14106513559818268,False,False,True,-9.483285248279572e-05,
16,12,18,head_6,recovery,0.01171875,0.0974929928779602,106,AACCCA,4.2109375,922,AGTGAC,4.4296875,922,AGTGAC,4.4296875,106,AACCCA,0.003993574529886246,922,AGTGAC,1.7048656445695087e-05,1366,CACACA,0.14068998396396637,False,False,True,-4.583783447742462e-05,
16,13,18,head_6,recovery,0.0,-0.014368891716003418,106,AACCCA,4.2109375,922,AGTGAC,4.43359375,922,AGTGAC,4.43359375,106,AACCCA,0.0038254745304584503,922,AGTGAC,1.661505848460365e-05,1366,CACACA,0.14672067761421204,False,False,True,3.0234456062316895e-05,
16,14,18,head_6,recovery,0.01171875,0.025029242038726807,106,AACCCA,4.21484375,922,AGTGAC,4.43359375,922,AGTGAC,4.43359375,106,AACCCA,0.003884580684825778,922,AGTGAC,1.6668564057908952e-05,1366,CACACA,0.147105872631073,False,False,True,-0.0005924198776483536,
16,15,18,head_6,recovery,0.01171875,0.0023569464683532715,106,AACCCA,4.21484375,922,AGTGAC,4.43359375,922,AGTGAC,4.43359375,106,AACCCA,0.003850473091006279,922,AGTGAC,1.6543728634133004e-05,1366,CACACA,0.1465190201997757,False,False,True,-0.0008503980934619904,
16,16,18,head_6,recovery,0.01171875,-0.01680314540863037,106,AACCCA,4.21484375,922,AGTGAC,4.43359375,922,AGTGAC,4.43359375,106,AACCCA,0.0038216901011765003,922,AGTGAC,1.647933640924748e-05,1366,CACACA,0.1466851532459259,False,False,True,-0.0007116347551345825,
16,17,18,head_6,recovery,0.01171875,-0.01798713207244873,106,AACCCA,4.21875,922,AGTGAC,4.4375,922,AGTGAC,4.4375,106,AACCCA,0.0038198765832930803,922,AGTGAC,1.6440402760053985e-05,1366,CACACA,0.14628705382347107,False,False,True,-0.0004154723137617111,
16,18,18,head_6,recovery,-0.01171875,-0.024819374084472656,106,AACCCA,4.21484375,922,AGTGAC,4.44140625,922,AGTGAC,4.44140625,106,AACCCA,0.003809713525697589,922,AGTGAC,1.6517906260560267e-05,1366,CACACA,0.14612732827663422,False,False,True,-0.00016757287085056305,
16,19,18,head_6,recovery,0.01171875,0.010547101497650146,106,AACCCA,4.21875,922,AGTGAC,4.4375,922,AGTGAC,4.4375,106,AACCCA,0.003862781450152397,922,AGTGAC,1.657609209360089e-05,1366,CACACA,0.14608405530452728,False,False,True,-0.00019819475710391998,
16,20,18,head_6,recovery,0.0234375,-0.0007648468017578125,106,AACCCA,4.20703125,922,AGTGAC,4.421875,922,AGTGAC,4.421875,106,AACCCA,0.0038458018098026514,922,AGTGAC,1.6551664884900674e-05,1366,CACACA,0.14608247578144073,False,False,True,7.61318951845169e-05,
16,21,18,head_6,recovery,0.01171875,-0.01766657829284668,106,AACCCA,4.203125,922,AGTGAC,4.421875,922,AGTGAC,4.421875,106,AACCCA,0.0038204151205718517,922,AGTGAC,1.6498479453730397e-05,1366,CACACA,0.14598654210567474,False,False,True,4.537031054496765e-05,
16,22,18,head_6,recovery,0.0234375,-0.007887721061706543,106,AACCCA,4.20703125,922,AGTGAC,4.421875,922,AGTGAC,4.421875,106,AACCCA,0.003835082985460758,922,AGTGAC,1.6509085980942473e-05,1366,CACACA,0.1457042396068573,False,False,True,-0.00021317601203918457,
16,23,18,head_6,recovery,0.01171875,0.010204434394836426,106,AACCCA,4.21484375,922,AGTGAC,4.43359375,922,AGTGAC,4.43359375,106,AACCCA,0.003862184938043356,922,AGTGAC,1.6493357179570012e-05,1366,CACACA,0.14642970263957977,False,False,True,-2.5151297450065613e-05,
16,24,18,head_6,recovery,0.0,0.00037592649459838867,106,AACCCA,4.2109375,922,AGTGAC,4.43359375,922,AGTGAC,4.43359375,106,AACCCA,0.0038475000765174627,922,AGTGAC,1.6540041542612016e-05,1366,CACACA,0.14664064347743988,False,False,True,-2.3873522877693176e-05,
16,25,18,head_6,recovery,0.01171875,-0.0032224655151367188,106,AACCCA,4.21484375,922,AGTGAC,4.43359375,922,AGTGAC,4.43359375,106,AACCCA,0.00384207209572196,922,AGTGAC,1.6505640815012157e-05,1366,CACACA,0.14657683670520782,False,False,True,3.661215305328369e-05,
16,26,18,head_6,recovery,0.01171875,0.004733920097351074,106,AACCCA,4.21484375,922,AGTGAC,4.43359375,922,AGTGAC,4.43359375,106,AACCCA,0.003854032140225172,922,AGTGAC,1.6540083379368298e-05,1366,CACACA,0.14634820818901062,False,False,True,7.378123700618744e-05,
16,27,18,head_6,recovery,0.0,0.001145005226135254,106,AACCCA,4.21484375,922,AGTGAC,4.4375,922,AGTGAC,4.4375,106,AACCCA,0.0038487454876303673,922,AGTGAC,1.6632668121019378e-05,1366,CACACA,0.1462545394897461,False,False,True,5.161017179489136e-05,
16,28,18,head_6,recovery,0.01171875,0.004229843616485596,106,AACCCA,4.21484375,922,AGTGAC,4.43359375,922,AGTGAC,4.43359375,106,AACCCA,0.0038532516919076443,922,AGTGAC,1.6515063180122524e-05,1366,CACACA,0.14614899456501007,False,False,True,-2.830103039741516e-05,
16,29,18,head_6,recovery,0.0,-0.017463207244873047,106,AACCCA,4.2109375,922,AGTGAC,4.43359375,922,AGTGAC,4.43359375,106,AACCCA,0.0038207550533115864,922,AGTGAC,1.653344588703476e-05,1366,CACACA,0.14626264572143555,False,False,True,8.020550012588501e-06,
16,30,18,head_6,recovery,0.01171875,0.006551027297973633,106,AACCCA,4.21484375,922,AGTGAC,4.43359375,922,AGTGAC,4.43359375,106,AACCCA,0.0038567420560866594,922,AGTGAC,1.6526231775060296e-05,1366,CACACA,0.14675533771514893,False,False,True,-3.446638584136963e-05,
16,31,18,head_6,recovery,0.01171875,0.0025619864463806152,106,AACCCA,4.21484375,922,AGTGAC,4.43359375,922,AGTGAC,4.43359375,106,AACCCA,0.0038507638964802027,922,AGTGAC,1.652732680668123e-05,1366,CACACA,0.1466553509235382,False,False,True,-4.384666681289673e-05,
17,0,18,head_6,recovery,0.0,-0.0018149614334106445,106,AACCCA,4.21484375,922,AGTGAC,4.4375,922,AGTGAC,4.4375,106,AACCCA,0.003844320075586438,922,AGTGAC,1.664398587308824e-05,1366,CACACA,0.14626480638980865,False,False,True,-0.00014760345220565796,
17,1,18,head_6,recovery,0.0,-0.003338336944580078,106,AACCCA,4.21484375,922,AGTGAC,4.4375,922,AGTGAC,4.4375,106,AACCCA,0.0038420704659074545,922,AGTGAC,1.667768447077833e-05,1366,CACACA,0.14631310105323792,False,False,True,-0.00015581585466861725,
17,2,18,head_6,recovery,0.0,-0.007892251014709473,106,AACCCA,4.21484375,922,AGTGAC,4.4375,922,AGTGAC,4.4375,106,AACCCA,0.00383526599034667,922,AGTGAC,1.669876291998662e-05,1366,CACACA,0.14637525379657745,False,False,True,-5.677901208400726e-05,
17,3,18,head_6,recovery,0.0,-0.012288331985473633,106,AACCCA,4.21484375,922,AGTGAC,4.4375,922,AGTGAC,4.4375,106,AACCCA,0.0038287302013486624,922,AGTGAC,1.675212843110785e-05,1366,CACACA,0.14674027264118195,False,False,True,-0.00010605715215206146,
17,4,18,head_6,recovery,0.0,-0.01768624782562256,106,AACCCA,4.21484375,922,AGTGAC,4.4375,922,AGTGAC,4.4375,106,AACCCA,0.003820941550657153,922,AGTGAC,1.705436807242222e-05,1366,CACACA,0.14861175417900085,False,False,True,-0.00015898607671260834,
17,5,18,head_6,recovery,0.0,0.03987610340118408,106,AACCCA,4.21484375,922,AGTGAC,4.4375,922,AGTGAC,4.4375,106,AACCCA,0.003907325211912394,922,AGTGAC,1.7159538401756436e-05,1366,CACACA,0.14815697073936462,False,False,True,-0.00013607926666736603,
17,6,18,head_6,recovery,0.0,-0.015505075454711914,106,AACCCA,4.21484375,922,AGTGAC,4.4375,922,AGTGAC,4.4375,106,AACCCA,0.0038240025751292706,922,AGTGAC,1.6845895515871234e-05,1366,CACACA,0.14688818156719208,False,False,True,-0.00010475143790245056,
17,7,18,head_6,recovery,0.0,0.06357192993164062,106,AACCCA,4.21484375,922,AGTGAC,4.4375,922,AGTGAC,4.4375,106,AACCCA,0.00394258601590991,922,AGTGAC,1.6903648429433815e-05,1366,CACACA,0.14282239973545074,False,False,True,-0.00020697899162769318,
17,8,18,head_6,recovery,-0.1767578125,-0.05201864242553711,106,AACCCA,4.1796875,922,AGTGAC,4.4609375,922,AGTGAC,4.4609375,106,AACCCA,0.003769495291635394,922,AGTGAC,1.7067794033209793e-05,1366,CACACA,0.14403419196605682,False,False,True,-0.0003352109342813492,
17,9,18,head_6,recovery,-0.1767578125,0.08068203926086426,106,AACCCA,4.1796875,922,AGTGAC,4.4609375,922,AGTGAC,4.4609375,106,AACCCA,0.003968742210417986,922,AGTGAC,1.741395863064099e-05,1366,CACACA,0.14569567143917084,False,False,True,-0.00037418678402900696,
17,10,18,head_6,recovery,-0.1767578125,-0.010257244110107422,106,AACCCA,4.1796875,922,AGTGAC,4.4609375,922,AGTGAC,4.4609375,106,AACCCA,0.003831725800409913,922,AGTGAC,1.6703470464562997e-05,1366,CACACA,0.14310993254184723,False,False,True,-0.00034227967262268066,
17,11,18,head_6,recovery,0.0,0.3231779932975769,106,AACCCA,4.21484375,922,AGTGAC,4.4375,922,AGTGAC,4.4375,106,AACCCA,0.004331435076892376,922,AGTGAC,1.663703369558789e-05,1366,CACACA,0.14422060549259186,False,False,True,-0.000290844589471817,
17,12,18,head_6,recovery,0.0,0.301044225692749,106,AACCCA,4.21484375,922,AGTGAC,4.4375,922,AGTGAC,4.4375,106,AACCCA,0.0042985305190086365,922,AGTGAC,1.6907955796341412e-05,1366,CACACA,0.14326703548431396,False,False,True,-4.46513295173645e-05,
17,13,18,head_6,recovery,0.0,0.29492831230163574,106,AACCCA,4.21484375,922,AGTGAC,4.4375,922,AGTGAC,4.4375,106,AACCCA,0.004289620090276003,922,AGTGAC,1.7164637029054575e-05,1366,CACACA,0.1481761485338211,False,False,True,-4.482269287109375e-05,
17,14,18,head_6,recovery,0.0,0.025845825672149658,106,AACCCA,4.21484375,922,AGTGAC,4.4375,922,AGTGAC,4.4375,106,AACCCA,0.0038861094508320093,922,AGTGAC,1.6973239326034673e-05,1366,CACACA,0.14614558219909668,False,False,True,0.0002360232174396515,
17,15,18,head_6,recovery,0.0,-0.02772057056427002,106,AACCCA,4.21484375,922,AGTGAC,4.4375,922,AGTGAC,4.4375,106,AACCCA,0.0038054143078625202,922,AGTGAC,1.6567351849516854e-05,1366,CACACA,0.1462768018245697,False,False,True,-0.0007299184799194336,
17,16,18,head_6,recovery,0.0,-0.010637521743774414,106,AACCCA,4.21484375,922,AGTGAC,4.4375,922,AGTGAC,4.4375,106,AACCCA,0.003831087378785014,922,AGTGAC,1.6635109204798937e-05,1366,CACACA,0.1462693214416504,False,False,True,-0.0010607726871967316,
17,17,18,head_6,recovery,0.0,0.0009812712669372559,106,AACCCA,4.21484375,922,AGTGAC,4.4375,922,AGTGAC,4.4375,106,AACCCA,0.003848497522994876,922,AGTGAC,1.6630074242129922e-05,1366,CACACA,0.14622057974338531,False,False,True,-0.0015628132969141006,
17,18,18,head_6,recovery,0.0,0.0011652112007141113,106,AACCCA,4.21484375,922,AGTGAC,4.4375,922,AGTGAC,4.4375,106,AACCCA,0.0038487999700009823,922,AGTGAC,1.6657017113175243e-05,1366,CACACA,0.14616736769676208,False,False,True,-0.0009763073176145554,
17,19,18,head_6,recovery,0.0,0.0009267330169677734,106,AACCCA,4.21484375,922,AGTGAC,4.4375,922,AGTGAC,4.4375,106,AACCCA,0.003848475171253085,922,AGTGAC,1.668942604737822e-05,1366,CACACA,0.14609482884407043,False,False,True,-0.0005038417875766754,
17,20,18,head_6,recovery,0.0,0.00011849403381347656,106,AACCCA,4.21484375,922,AGTGAC,4.4375,922,AGTGAC,4.4375,106,AACCCA,0.0038472150918096304,922,AGTGAC,1.664076989982277e-05,1366,CACACA,0.1461762934923172,False,False,True,-0.0002901460975408554,
17,21,18,head_6,recovery,0.0,-0.0001652240753173828,106,AACCCA,4.21484375,922,AGTGAC,4.4375,922,AGTGAC,4.4375,106,AACCCA,0.0038467419799417257,922,AGTGAC,1.6593114196439274e-05,1366,CACACA,0.14627434313297272,False,False,True,-0.0001466739922761917,
17,22,18,head_6,recovery,0.0,-0.00036334991455078125,106,AACCCA,4.21484375,922,AGTGAC,4.4375,922,AGTGAC,4.4375,106,AACCCA,0.0038464150857180357,922,AGTGAC,1.656313907005824e-05,1366,CACACA,0.14633780717849731,False,False,True,-6.111152470111847e-05,
17,23,18,head_6,recovery,0.0,-0.00024712085723876953,106,AACCCA,4.21484375,922,AGTGAC,4.4375,922,AGTGAC,4.4375,106,AACCCA,0.003846613224595785,922,AGTGAC,1.6586993297096342e-05,1366,CACACA,0.1462850719690323,False,False,True,-0.00020611658692359924,
17,24,18,head_6,recovery,0.0,-5.5909156799316406e-05,106,AACCCA,4.21484375,922,AGTGAC,4.4375,922,AGTGAC,4.4375,106,AACCCA,0.0038469205610454082,922,AGTGAC,1.660780981183052e-05,1366,CACACA,0.1462409645318985,False,False,True,-0.00017825141549110413,
17,25,18,head_6,recovery,0.0,-1.0728836059570312e-05,106,AACCCA,4.21484375,922,AGTGAC,4.4375,922,AGTGAC,4.4375,106,AACCCA,0.003846998792141676,922,AGTGAC,1.661827991483733e-05,1366,CACACA,0.1462193876504898,False,False,True,-0.0003169644623994827,
17,26,18,head_6,recovery,0.0,-1.8596649169921875e-05,106,AACCCA,4.21484375,922,AGTGAC,4.4375,922,AGTGAC,4.4375,106,AACCCA,0.003846989944577217,922,AGTGAC,1.6621283066342585e-05,1366,CACACA,0.1462123543024063,False,False,True,-0.00013420172035694122,
17,27,18,head_6,recovery,0.0,2.8252601623535156e-05,106,AACCCA,4.21484375,922,AGTGAC,4.4375,922,AGTGAC,4.4375,106,AACCCA,0.003847061190754175,922,AGTGAC,1.6622350813122466e-05,1366,CACACA,0.14621061086654663,False,False,True,-0.00022805482149124146,
17,28,18,head_6,recovery,0.0,7.873773574829102e-05,106,AACCCA,4.21484375,922,AGTGAC,4.4375,922,AGTGAC,4.4375,106,AACCCA,0.0038471391890197992,922,AGTGAC,1.6624464478809386e-05,1366,CACACA,0.14620688557624817,False,False,True,-0.0002512577921152115,
17,29,18,head_6,recovery,0.0,3.9458274841308594e-05,106,AACCCA,4.21484375,922,AGTGAC,4.4375,922,AGTGAC,4.4375,106,AACCCA,0.0038470798172056675,922,AGTGAC,1.6624206182314083e-05,1366,CACACA,0.14620687067508698,False,False,True,-0.00014803186058998108,
17,30,18,head_6,recovery,0.0,4.5359134674072266e-05,106,AACCCA,4.21484375,922,AGTGAC,4.4375,922,AGTGAC,4.4375,106,AACCCA,0.0038470877334475517,922,AGTGAC,1.6623225747025572e-05,1366,CACACA,0.14620937407016754,False,False,True,-0.0001109689474105835,
17,31,18,head_6,recovery,0.0,0.0,106,AACCCA,4.21484375,922,AGTGAC,4.4375,922,AGTGAC,4.4375,106,AACCCA,0.00384701881557703,922,AGTGAC,1.6622167095192708e-05,1366,CACACA,0.14621123671531677,False,False,True,-9.963475167751312e-05,
