Layer,Time_Offset,Target_Timestep,Component,Metric_Mode,Logit_Score,Posteriors_Score,Target_Transition_Prior,Target_String_Prior,Target_Logit,Wrong_Transition_Prior,Wrong_String_Prior,Wrong_Logit,Actual_Argmax_Prior,Actual_String_Prior,Actual_Argmax_Logit,Target_Transition_Post,Target_String_Post,Target_Prob,Wrong_Transition_Post,Wrong_String_Post,Wrong_Prob,Actual_Transition_Post,actual_String_Post,actual_Prob,Is_Target_Logit_Argmax,Is_Target_Prob_Argmax,Should_Decode,Global_MSE_Change,New_String
0,0,38,head_0,recovery,-0.0546875,-0.0011816024780273438,3492,GGTGGC,2.5546875,1361,CACAAA,2.640625,1361,CACAAA,2.640625,3492,GGTGGC,1.0502097893549944e-06,1361,CACAAA,0.17838497459888458,340,ACACAN,0.48056939244270325,False,False,True,0.0003713984042406082,
0,1,38,head_0,recovery,-0.0361328125,0.012810885906219482,3492,GGTGGC,2.55078125,1361,CACAAA,2.634765625,1361,CACAAA,2.634765625,3492,GGTGGC,1.0388539521954954e-06,1361,CACAAA,0.17806027829647064,340,ACACAN,0.48264625668525696,False,False,True,0.0003595072776079178,
0,2,38,head_0,recovery,0.0,0.018627524375915527,3492,GGTGGC,2.556640625,1361,CACAAA,2.63671875,1361,CACAAA,2.63671875,3492,GGTGGC,1.0521149533815333e-06,1361,CACAAA,0.17792531847953796,340,ACACAN,0.4811484217643738,False,False,True,0.00020047463476657867,
0,3,38,head_0,recovery,-0.072265625,0.008381366729736328,3492,GGTGGC,2.546875,1361,CACAAA,2.634765625,1361,CACAAA,2.634765625,3492,GGTGGC,1.0606975138216512e-06,1361,CACAAA,0.178163081407547,340,ACACAN,0.4794665575027466,False,False,True,0.00024973228573799133,
0,4,38,head_0,recovery,-0.109375,0.037911951541900635,3492,GGTGGC,2.54296875,1361,CACAAA,2.634765625,1361,CACAAA,2.634765625,3492,GGTGGC,1.051510253091692e-06,1361,CACAAA,0.17747782170772552,340,ACACAN,0.48092061281204224,False,False,True,-6.99404627084732e-05,
0,5,38,head_0,recovery,-0.0908203125,0.003907501697540283,3492,GGTGGC,2.548828125,1361,CACAAA,2.638671875,1361,CACAAA,2.638671875,3492,GGTGGC,1.0515377653064206e-06,1361,CACAAA,0.17826689779758453,340,ACACAN,0.4809113144874573,False,False,True,0.0005275774747133255,
0,6,38,head_0,recovery,-0.0908203125,0.005873739719390869,3492,GGTGGC,2.548828125,1361,CACAAA,2.638671875,1361,CACAAA,2.638671875,3492,GGTGGC,1.058013708643557e-06,1361,CACAAA,0.17822127044200897,340,ACACAN,0.4787091910839081,False,False,True,0.00045588985085487366,
0,7,38,head_0,recovery,-0.0908203125,0.03459012508392334,3492,GGTGGC,2.548828125,1361,CACAAA,2.638671875,1361,CACAAA,2.638671875,3492,GGTGGC,1.074136207535048e-06,1361,CACAAA,0.1775549203157425,340,ACACAN,0.4783260226249695,False,False,True,0.0005876719951629639,
0,8,38,head_0,recovery,-0.0546875,0.043472349643707275,3492,GGTGGC,2.55078125,1361,CACAAA,2.63671875,1361,CACAAA,2.63671875,3492,GGTGGC,1.0428113910165848e-06,1361,CACAAA,0.1773487776517868,340,ACACAN,0.48231935501098633,False,False,True,6.244145333766937e-05,
0,9,38,head_0,recovery,-0.0546875,0.04264718294143677,3492,GGTGGC,2.548828125,1361,CACAAA,2.634765625,1361,CACAAA,2.634765625,3492,GGTGGC,1.0442161055834731e-06,1361,CACAAA,0.1773679256439209,340,ACACAN,0.48177558183670044,False,False,True,0.0003841519355773926,
0,10,38,head_0,recovery,-0.126953125,0.0034470558166503906,3492,GGTGGC,2.541015625,1361,CACAAA,2.634765625,1361,CACAAA,2.634765625,3492,GGTGGC,1.0710101605582167e-06,1361,CACAAA,0.17827759683132172,340,ACACAN,0.4775398373603821,False,False,True,0.0004922617226839066,
0,11,38,head_0,recovery,-0.0185546875,0.027514874935150146,3492,GGTGGC,2.5546875,1361,CACAAA,2.63671875,1361,CACAAA,2.63671875,3492,GGTGGC,1.070708663064579e-06,1361,CACAAA,0.1777191013097763,340,ACACAN,0.4783666431903839,False,False,True,-0.00011563301086425781,
0,12,38,head_0,recovery,-0.0908203125,0.019558608531951904,3492,GGTGGC,2.548828125,1361,CACAAA,2.638671875,1361,CACAAA,2.638671875,3492,GGTGGC,1.0623264188325265e-06,1361,CACAAA,0.17790371179580688,340,ACACAN,0.47978511452674866,False,False,True,-3.518722951412201e-05,
0,13,38,head_0,recovery,0.0,0.02642965316772461,3492,GGTGGC,2.5546875,1361,CACAAA,2.634765625,1361,CACAAA,2.634765625,3492,GGTGGC,1.0662716931619798e-06,1361,CACAAA,0.1777442842721939,340,ACACAN,0.48159855604171753,False,False,True,-0.00010339915752410889,
0,14,38,head_0,recovery,-0.0546875,-0.011813640594482422,3492,GGTGGC,2.55078125,1361,CACAAA,2.63671875,1361,CACAAA,2.63671875,3492,GGTGGC,1.0270840675730142e-06,1361,CACAAA,0.17863167822360992,340,ACACAN,0.4840029776096344,False,False,True,-4.6562403440475464e-05,
0,15,38,head_0,recovery,-0.109375,0.01416778564453125,3492,GGTGGC,2.54296875,1361,CACAAA,2.634765625,1361,CACAAA,2.634765625,3492,GGTGGC,1.0507023944228422e-06,1361,CACAAA,0.17802880704402924,340,ACACAN,0.4793538451194763,False,False,True,0.00011953897774219513,
0,16,38,head_0,recovery,-0.0361328125,0.03377330303192139,3492,GGTGGC,2.55078125,1361,CACAAA,2.634765625,1361,CACAAA,2.634765625,3492,GGTGGC,1.0442481652717106e-06,1361,CACAAA,0.17757384479045868,340,ACACAN,0.4844813644886017,False,False,True,0.000170024111866951,
0,17,38,head_0,recovery,-0.072265625,0.07136482000350952,3492,GGTGGC,2.546875,1361,CACAAA,2.634765625,1361,CACAAA,2.634765625,3492,GGTGGC,1.042943608808855e-06,1361,CACAAA,0.17670153081417084,340,ACACAN,0.48171907663345337,False,False,True,8.499249815940857e-05,
0,18,38,head_0,recovery,-0.0185546875,0.03937476873397827,3492,GGTGGC,2.5546875,1361,CACAAA,2.63671875,1361,CACAAA,2.63671875,3492,GGTGGC,1.0437909168103943e-06,1361,CACAAA,0.17744386196136475,340,ACACAN,0.4810560941696167,False,False,True,0.00014954805374145508,
0,19,38,head_0,recovery,-0.1455078125,0.014604449272155762,3492,GGTGGC,2.548828125,1361,CACAAA,2.64453125,1361,CACAAA,2.64453125,3492,GGTGGC,1.065676997313858e-06,1361,CACAAA,0.1780186891555786,340,ACACAN,0.47660622000694275,False,False,True,0.0004404298961162567,
0,20,38,head_0,recovery,-0.0908203125,-0.0018211603164672852,3492,GGTGGC,2.548828125,1361,CACAAA,2.638671875,1361,CACAAA,2.638671875,3492,GGTGGC,1.0759096085166675e-06,1361,CACAAA,0.17839984595775604,340,ACACAN,0.4736206531524658,False,False,True,0.0006621275097131729,
0,21,38,head_0,recovery,-0.0546875,0.01063913106918335,3492,GGTGGC,2.55078125,1361,CACAAA,2.63671875,1361,CACAAA,2.63671875,3492,GGTGGC,1.0869233619814622e-06,1361,CACAAA,0.17811071872711182,340,ACACAN,0.47650352120399475,False,False,True,0.0005833972245454788,
0,22,38,head_0,recovery,-0.0546875,-0.024126887321472168,3492,GGTGGC,2.5546875,1361,CACAAA,2.640625,1361,CACAAA,2.640625,3492,GGTGGC,1.0669510857042042e-06,1361,CACAAA,0.17891745269298553,340,ACACAN,0.47788092494010925,False,False,True,4.077516496181488e-05,
0,23,38,head_0,recovery,-0.072265625,0.0085335373878479,3492,GGTGGC,2.55078125,1361,CACAAA,2.638671875,1361,CACAAA,2.638671875,3492,GGTGGC,1.06601271454565e-06,1361,CACAAA,0.17815956473350525,340,ACACAN,0.48005005717277527,False,False,True,1.5623867511749268e-05,
0,24,38,head_0,recovery,-0.0185546875,0.0032550692558288574,3492,GGTGGC,2.5546875,1361,CACAAA,2.63671875,1361,CACAAA,2.63671875,3492,GGTGGC,1.0663841294444865e-06,1361,CACAAA,0.17828205227851868,340,ACACAN,0.4795086085796356,False,False,True,-1.2453645467758179e-05,
0,25,38,head_0,recovery,-0.0546875,0.007281363010406494,3492,GGTGGC,2.548828125,1361,CACAAA,2.634765625,1361,CACAAA,2.634765625,3492,GGTGGC,1.0579976787994383e-06,1361,CACAAA,0.17818860709667206,340,ACACAN,0.47959381341934204,False,False,True,-0.00011610426008701324,
0,26,38,head_0,recovery,-0.0546875,0.02707374095916748,3492,GGTGGC,2.548828125,1361,CACAAA,2.634765625,1361,CACAAA,2.634765625,3492,GGTGGC,1.0555676226431387e-06,1361,CACAAA,0.17772932350635529,340,ACACAN,0.47933676838874817,False,False,True,0.0002378709614276886,
0,27,38,head_0,recovery,-0.072265625,0.007737278938293457,3492,GGTGGC,2.548828125,1361,CACAAA,2.63671875,1361,CACAAA,2.63671875,3492,GGTGGC,1.047941395881935e-06,1361,CACAAA,0.17817801237106323,340,ACACAN,0.4797995388507843,False,False,True,0.00013232789933681488,
0,28,38,head_0,recovery,-0.0361328125,0.014311611652374268,3492,GGTGGC,2.5546875,1361,CACAAA,2.638671875,1361,CACAAA,2.638671875,3492,GGTGGC,1.0513499546505045e-06,1361,CACAAA,0.17802546918392181,340,ACACAN,0.4812723696231842,False,False,True,2.1729618310928345e-05,
0,29,38,head_0,recovery,-0.0185546875,0.003481745719909668,3492,GGTGGC,2.5546875,1361,CACAAA,2.63671875,1361,CACAAA,2.63671875,3492,GGTGGC,1.06037373370782e-06,1361,CACAAA,0.17827677726745605,340,ACACAN,0.47928959131240845,False,False,True,0.000473707914352417,
0,30,38,head_0,recovery,-0.0361328125,0.0034650564193725586,3492,GGTGGC,2.556640625,1361,CACAAA,2.640625,1361,CACAAA,2.640625,3492,GGTGGC,1.0554350637903553e-06,1361,CACAAA,0.1782771646976471,340,ACACAN,0.480088472366333,False,False,True,9.19736921787262e-05,
0,31,38,head_0,recovery,-0.072265625,-0.0013041496276855469,3492,GGTGGC,2.55078125,1361,CACAAA,2.638671875,1361,CACAAA,2.638671875,3492,GGTGGC,1.0475475846760673e-06,1361,CACAAA,0.1783878207206726,340,ACACAN,0.48162686824798584,False,False,True,-3.711879253387451e-05,
1,0,38,head_0,recovery,-0.0546875,0.024706780910491943,3492,GGTGGC,2.55078125,1361,CACAAA,2.63671875,1361,CACAAA,2.63671875,3492,GGTGGC,1.0573440931693767e-06,1361,CACAAA,0.1777842491865158,340,ACACAN,0.47819894552230835,False,False,True,0.0001380573958158493,
1,1,38,head_0,recovery,-0.0361328125,0.010863900184631348,3492,GGTGGC,2.5546875,1361,CACAAA,2.638671875,1361,CACAAA,2.638671875,3492,GGTGGC,1.0543486723690876e-06,1361,CACAAA,0.17810547351837158,340,ACACAN,0.47986772656440735,False,False,True,2.9968097805976868e-05,
1,2,38,head_0,recovery,-0.0185546875,-0.03993666172027588,3492,GGTGGC,2.55859375,1361,CACAAA,2.640625,1361,CACAAA,2.640625,3492,GGTGGC,1.0532390888329246e-06,1361,CACAAA,0.17928430438041687,340,ACACAN,0.47845903038978577,False,False,True,-1.475401222705841e-05,
1,3,38,head_0,recovery,-0.0361328125,0.018093883991241455,3492,GGTGGC,2.548828125,1361,CACAAA,2.6328125,1361,CACAAA,2.6328125,3492,GGTGGC,1.0471584346305463e-06,1361,CACAAA,0.17793768644332886,340,ACACAN,0.48080021142959595,False,False,True,-0.00025273486971855164,
1,4,38,head_0,recovery,-0.0185546875,0.0005124211311340332,3492,GGTGGC,2.5546875,1361,CACAAA,2.63671875,1361,CACAAA,2.63671875,3492,GGTGGC,1.058681391441496e-06,1361,CACAAA,0.1783456802368164,340,ACACAN,0.47980421781539917,False,False,True,-0.00022567808628082275,
1,5,38,head_0,recovery,-0.0185546875,0.014915227890014648,3492,GGTGGC,2.5546875,1361,CACAAA,2.63671875,1361,CACAAA,2.63671875,3492,GGTGGC,1.037865786202019e-06,1361,CACAAA,0.1780114471912384,340,ACACAN,0.48178553581237793,False,False,True,-0.00020014867186546326,
1,6,38,head_0,recovery,0.0,0.021614789962768555,3492,GGTGGC,2.5546875,1361,CACAAA,2.634765625,1361,CACAAA,2.634765625,3492,GGTGGC,1.058518478203041e-06,1361,CACAAA,0.17785599827766418,340,ACACAN,0.48084360361099243,False,False,True,-0.00017973780632019043,
1,7,38,head_0,recovery,0.01806640625,0.016209840774536133,3492,GGTGGC,2.55859375,1361,CACAAA,2.63671875,1361,CACAAA,2.63671875,3492,GGTGGC,1.0453258028064738e-06,1361,CACAAA,0.1779814064502716,340,ACACAN,0.4826606214046478,False,False,True,-0.0004004538059234619,
1,8,38,head_0,recovery,0.0361328125,0.02593517303466797,3492,GGTGGC,2.55859375,1361,CACAAA,2.634765625,1361,CACAAA,2.634765625,3492,GGTGGC,1.0590313195280032e-06,1361,CACAAA,0.17775574326515198,340,ACACAN,0.48033061623573303,False,False,True,-4.4852495193481445e-05,
1,9,38,head_0,recovery,-0.0361328125,-0.0015513896942138672,3492,GGTGGC,2.55078125,1361,CACAAA,2.634765625,1361,CACAAA,2.634765625,3492,GGTGGC,1.0613025551720057e-06,1361,CACAAA,0.17839357256889343,340,ACACAN,0.47803282737731934,False,False,True,0.00028961896896362305,
1,10,38,head_0,recovery,0.01806640625,-0.0002472400665283203,3492,GGTGGC,2.556640625,1361,CACAAA,2.634765625,1361,CACAAA,2.634765625,3492,GGTGGC,1.0686412679206114e-06,1361,CACAAA,0.17836332321166992,340,ACACAN,0.47868892550468445,False,False,True,0.0003776382654905319,
1,11,38,head_0,recovery,-0.0185546875,-0.006158232688903809,3492,GGTGGC,2.556640625,1361,CACAAA,2.638671875,1361,CACAAA,2.638671875,3492,GGTGGC,1.0607133162920945e-06,1361,CACAAA,0.1785004734992981,340,ACACAN,0.48054319620132446,False,False,True,4.2961910367012024e-05,
1,12,38,head_0,recovery,-0.072265625,-0.020776748657226562,3492,GGTGGC,2.55078125,1361,CACAAA,2.638671875,1361,CACAAA,2.638671875,3492,GGTGGC,1.061425791704096e-06,1361,CACAAA,0.17883969843387604,340,ACACAN,0.47864359617233276,False,False,True,2.022460103034973e-05,
1,13,38,head_0,recovery,-0.0546875,0.02580934762954712,3492,GGTGGC,2.548828125,1361,CACAAA,2.634765625,1361,CACAAA,2.634765625,3492,GGTGGC,1.047332943926449e-06,1361,CACAAA,0.17775864899158478,340,ACACAN,0.4815419912338257,False,False,True,-0.00026263855397701263,
1,14,38,head_0,recovery,-0.0185546875,0.010772109031677246,3492,GGTGGC,2.5546875,1361,CACAAA,2.63671875,1361,CACAAA,2.63671875,3492,GGTGGC,1.0538673222981743e-06,1361,CACAAA,0.1781076043844223,340,ACACAN,0.48225173354148865,False,False,True,-0.00024264119565486908,
1,15,38,head_0,recovery,0.0,0.000909268856048584,3492,GGTGGC,2.5546875,1361,CACAAA,2.634765625,1361,CACAAA,2.634765625,3492,GGTGGC,1.0476287570782006e-06,1361,CACAAA,0.17833645641803741,340,ACACAN,0.4819291830062866,False,False,True,-0.00017966516315937042,
1,16,38,head_0,recovery,-0.0185546875,0.0079459547996521,3492,GGTGGC,2.5546875,1361,CACAAA,2.63671875,1361,CACAAA,2.63671875,3492,GGTGGC,1.0544906672294019e-06,1361,CACAAA,0.17817318439483643,340,ACACAN,0.48123088479042053,False,False,True,-0.0002756975591182709,
1,17,38,head_0,recovery,0.0361328125,0.03022158145904541,3492,GGTGGC,2.55859375,1361,CACAAA,2.634765625,1361,CACAAA,2.634765625,3492,GGTGGC,1.0289039664712618e-06,1361,CACAAA,0.17765624821186066,340,ACACAN,0.48493561148643494,False,False,True,-0.0005999617278575897,
1,18,38,head_0,recovery,0.01806640625,-0.0011276006698608398,3492,GGTGGC,2.560546875,1361,CACAAA,2.638671875,1361,CACAAA,2.638671875,3492,GGTGGC,1.0316565521861776e-06,1361,CACAAA,0.1783837080001831,340,ACACAN,0.4824616611003876,False,False,True,-5.955435335636139e-05,
1,19,38,head_0,recovery,0.0,0.006236553192138672,3492,GGTGGC,2.5546875,1361,CACAAA,2.634765625,1361,CACAAA,2.634765625,3492,GGTGGC,1.0419059890409699e-06,1361,CACAAA,0.17821283638477325,340,ACACAN,0.48337680101394653,False,False,True,-0.00031675398349761963,
1,20,38,head_0,recovery,0.01806640625,0.007111847400665283,3492,GGTGGC,2.560546875,1361,CACAAA,2.638671875,1361,CACAAA,2.638671875,3492,GGTGGC,1.05931690086436e-06,1361,CACAAA,0.17819254100322723,340,ACACAN,0.47987523674964905,False,False,True,-0.00010962225496768951,
1,21,38,head_0,recovery,0.01806640625,0.0382002592086792,3492,GGTGGC,2.556640625,1361,CACAAA,2.634765625,1361,CACAAA,2.634765625,3492,GGTGGC,1.0561856242929935e-06,1361,CACAAA,0.1774711310863495,340,ACACAN,0.48096853494644165,False,False,True,-0.00012121908366680145,
1,22,38,head_0,recovery,0.0,0.000979304313659668,3492,GGTGGC,2.55859375,1361,CACAAA,2.638671875,1361,CACAAA,2.638671875,3492,GGTGGC,1.047350110638945e-06,1361,CACAAA,0.17833483219146729,340,ACACAN,0.4804343283176422,False,False,True,-0.0003883726894855499,
1,23,38,head_0,recovery,0.01806640625,0.0037148594856262207,3492,GGTGGC,2.556640625,1361,CACAAA,2.634765625,1361,CACAAA,2.634765625,3492,GGTGGC,1.043805355038785e-06,1361,CACAAA,0.1782713532447815,340,ACACAN,0.4821504056453705,False,False,True,-0.0002857893705368042,
1,24,38,head_0,recovery,-0.0361328125,-0.0022841691970825195,3492,GGTGGC,2.55078125,1361,CACAAA,2.634765625,1361,CACAAA,2.634765625,3492,GGTGGC,1.0556748293311102e-06,1361,CACAAA,0.1784105747938156,340,ACACAN,0.4804184138774872,False,False,True,-2.2873282432556152e-06,
1,25,38,head_0,recovery,0.0546875,0.003842651844024658,3492,GGTGGC,2.560546875,1361,CACAAA,2.634765625,1361,CACAAA,2.634765625,3492,GGTGGC,1.0417867315482e-06,1361,CACAAA,0.17826838791370392,340,ACACAN,0.48223066329956055,False,False,True,-0.00021732226014137268,
1,26,38,head_0,recovery,0.0,0.01609361171722412,3492,GGTGGC,2.556640625,1361,CACAAA,2.63671875,1361,CACAAA,2.63671875,3492,GGTGGC,1.05534252270445e-06,1361,CACAAA,0.1779841184616089,340,ACACAN,0.48137354850769043,False,False,True,8.72444361448288e-05,
1,27,38,head_0,recovery,0.0361328125,-0.008090496063232422,3492,GGTGGC,2.560546875,1361,CACAAA,2.63671875,1361,CACAAA,2.63671875,3492,GGTGGC,1.0389522913101246e-06,1361,CACAAA,0.1785452961921692,340,ACACAN,0.48264819383621216,False,False,True,-0.00028403662145137787,
1,28,38,head_0,recovery,0.0361328125,0.0011841058731079102,3492,GGTGGC,2.560546875,1361,CACAAA,2.63671875,1361,CACAAA,2.63671875,3492,GGTGGC,1.0484311587788397e-06,1361,CACAAA,0.17833007872104645,340,ACACAN,0.4829794466495514,False,False,True,-0.0005105677992105484,
1,29,38,head_0,recovery,0.01806640625,0.029734134674072266,3492,GGTGGC,2.55859375,1361,CACAAA,2.63671875,1361,CACAAA,2.63671875,3492,GGTGGC,1.0617960697345552e-06,1361,CACAAA,0.17766758799552917,340,ACACAN,0.48026829957962036,False,False,True,-0.0002900417894124985,
1,30,38,head_0,recovery,-0.0908203125,-0.00672459602355957,3492,GGTGGC,2.55078125,1361,CACAAA,2.640625,1361,CACAAA,2.640625,3492,GGTGGC,1.0635520766300033e-06,1361,CACAAA,0.17851361632347107,340,ACACAN,0.4780771732330322,False,False,True,4.478916525840759e-05,
1,31,38,head_0,recovery,-0.0361328125,0.018334031105041504,3492,GGTGGC,2.556640625,1361,CACAAA,2.640625,1361,CACAAA,2.640625,3492,GGTGGC,1.0562337138253497e-06,1361,CACAAA,0.17793212831020355,340,ACACAN,0.47712376713752747,False,False,True,9.285099804401398e-05,
2,0,38,head_0,recovery,-0.0546875,0.008723616600036621,3492,GGTGGC,2.55078125,1361,CACAAA,2.63671875,1361,CACAAA,2.63671875,3492,GGTGGC,1.065213496076467e-06,1361,CACAAA,0.17815513908863068,340,ACACAN,0.4789479672908783,False,False,True,1.6881152987480164e-05,
2,1,38,head_0,recovery,-0.0361328125,0.01087421178817749,3492,GGTGGC,2.55078125,1361,CACAAA,2.634765625,1361,CACAAA,2.634765625,3492,GGTGGC,1.0600839459584677e-06,1361,CACAAA,0.17810523509979248,340,ACACAN,0.47965478897094727,False,False,True,-2.946704626083374e-05,
2,2,38,head_0,recovery,-0.0546875,0.017673254013061523,3492,GGTGGC,2.55078125,1361,CACAAA,2.63671875,1361,CACAAA,2.63671875,3492,GGTGGC,1.0581615015325951e-06,1361,CACAAA,0.17794746160507202,340,ACACAN,0.4793322682380676,False,False,True,4.213117063045502e-05,
2,3,38,head_0,recovery,-0.0361328125,-0.0006935596466064453,3492,GGTGGC,2.5546875,1361,CACAAA,2.638671875,1361,CACAAA,2.638671875,3492,GGTGGC,1.0458832093718229e-06,1361,CACAAA,0.17837364971637726,340,ACACAN,0.4803483188152313,False,False,True,0.00016489624977111816,
2,4,38,head_0,recovery,-0.0185546875,0.00898045301437378,3492,GGTGGC,2.5546875,1361,CACAAA,2.63671875,1361,CACAAA,2.63671875,3492,GGTGGC,1.043995666805131e-06,1361,CACAAA,0.17814916372299194,340,ACACAN,0.4816802442073822,False,False,True,-8.874386548995972e-05,
2,5,38,head_0,recovery,-0.0185546875,0.017906367778778076,3492,GGTGGC,2.5546875,1361,CACAAA,2.63671875,1361,CACAAA,2.63671875,3492,GGTGGC,1.054011590895243e-06,1361,CACAAA,0.17794205248355865,340,ACACAN,0.48034271597862244,False,False,True,-6.214156746864319e-05,
2,6,38,head_0,recovery,-0.0185546875,0.024869859218597412,3492,GGTGGC,2.5546875,1361,CACAAA,2.63671875,1361,CACAAA,2.63671875,3492,GGTGGC,1.0531113048273255e-06,1361,CACAAA,0.17778046429157257,340,ACACAN,0.48120445013046265,False,False,True,4.18052077293396e-05,
2,7,38,head_0,recovery,-0.0361328125,-0.014059305191040039,3492,GGTGGC,2.5546875,1361,CACAAA,2.638671875,1361,CACAAA,2.638671875,3492,GGTGGC,1.0588115628706873e-06,1361,CACAAA,0.1786838173866272,340,ACACAN,0.4788835942745209,False,False,True,6.67329877614975e-05,
2,8,38,head_0,recovery,-0.0546875,0.028606534004211426,3492,GGTGGC,2.548828125,1361,CACAAA,2.634765625,1361,CACAAA,2.634765625,3492,GGTGGC,1.0604910585243488e-06,1361,CACAAA,0.17769375443458557,340,ACACAN,0.4804782271385193,False,False,True,-5.844421684741974e-05,
2,9,38,head_0,recovery,-0.0546875,0.02341216802597046,3492,GGTGGC,2.55078125,1361,CACAAA,2.63671875,1361,CACAAA,2.63671875,3492,GGTGGC,1.066913569047756e-06,1361,CACAAA,0.1778143048286438,340,ACACAN,0.47956594824790955,False,False,True,-6.366334855556488e-05,
2,10,38,head_0,recovery,0.0,-0.009599566459655762,3492,GGTGGC,2.55859375,1361,CACAAA,2.638671875,1361,CACAAA,2.638671875,3492,GGTGGC,1.0519213446968934e-06,1361,CACAAA,0.17858032882213593,340,ACACAN,0.4795858561992645,False,False,True,-4.61433082818985e-05,
2,11,38,head_0,recovery,-0.0546875,0.015665292739868164,3492,GGTGGC,2.55078125,1361,CACAAA,2.63671875,1361,CACAAA,2.63671875,3492,GGTGGC,1.067723815140198e-06,1361,CACAAA,0.17799407243728638,340,ACACAN,0.4783543646335602,False,False,True,-0.00011765770614147186,
2,12,38,head_0,recovery,-0.0546875,0.05510878562927246,3492,GGTGGC,2.55078125,1361,CACAAA,2.63671875,1361,CACAAA,2.63671875,3492,GGTGGC,1.06748370853893e-06,1361,CACAAA,0.17707878351211548,340,ACACAN,0.47968557476997375,False,False,True,0.00016096606850624084,
2,13,38,head_0,recovery,-0.0546875,0.020238041877746582,3492,GGTGGC,2.548828125,1361,CACAAA,2.634765625,1361,CACAAA,2.634765625,3492,GGTGGC,1.0623133448461886e-06,1361,CACAAA,0.1778879463672638,340,ACACAN,0.4798450469970703,False,False,True,0.0004597902297973633,
2,14,38,head_0,recovery,-0.0185546875,0.020842909812927246,3492,GGTGGC,2.5546875,1361,CACAAA,2.63671875,1361,CACAAA,2.63671875,3492,GGTGGC,1.0474512919245171e-06,1361,CACAAA,0.177873894572258,340,ACACAN,0.4814499616622925,False,False,True,-0.00010431185364723206,
2,15,38,head_0,recovery,-0.0185546875,0.0028306245803833008,3492,GGTGGC,2.5546875,1361,CACAAA,2.63671875,1361,CACAAA,2.63671875,3492,GGTGGC,1.0436087904963642e-06,1361,CACAAA,0.17829187214374542,340,ACACAN,0.4822794795036316,False,False,True,-0.00017070956528186798,
2,16,38,head_0,recovery,0.0,0.0483783483505249,3492,GGTGGC,2.5546875,1361,CACAAA,2.634765625,1361,CACAAA,2.634765625,3492,GGTGGC,1.0495771221030736e-06,1361,CACAAA,0.1772349327802658,340,ACACAN,0.48253220319747925,False,False,True,-1.1317431926727295e-05,
2,17,38,head_0,recovery,-0.0546875,0.026685893535614014,3492,GGTGGC,2.55078125,1361,CACAAA,2.63671875,1361,CACAAA,2.63671875,3492,GGTGGC,1.062808905771817e-06,1361,CACAAA,0.17773832380771637,340,ACACAN,0.4792293608188629,False,False,True,5.209632217884064e-05,
2,18,38,head_0,recovery,-0.0185546875,-0.01438605785369873,3492,GGTGGC,2.5546875,1361,CACAAA,2.63671875,1361,CACAAA,2.63671875,3492,GGTGGC,1.0539702088863123e-06,1361,CACAAA,0.17869140207767487,340,ACACAN,0.48108649253845215,False,False,True,1.4504417777061462e-05,
2,19,38,head_0,recovery,-0.0546875,0.010005354881286621,3492,GGTGGC,2.55078125,1361,CACAAA,2.63671875,1361,CACAAA,2.63671875,3492,GGTGGC,1.0452151855133707e-06,1361,CACAAA,0.17812538146972656,340,ACACAN,0.48067620396614075,False,False,True,-6.190873682498932e-05,
2,20,38,head_0,recovery,-0.0185546875,0.007259488105773926,3492,GGTGGC,2.556640625,1361,CACAAA,2.638671875,1361,CACAAA,2.638671875,3492,GGTGGC,1.0723784953370341e-06,1361,CACAAA,0.17818912863731384,340,ACACAN,0.479478120803833,False,False,True,-0.00033195875585079193,
2,21,38,head_0,recovery,0.0,0.007275581359863281,3492,GGTGGC,2.556640625,1361,CACAAA,2.63671875,1361,CACAAA,2.63671875,3492,GGTGGC,1.0488437283129315e-06,1361,CACAAA,0.1781887263059616,340,ACACAN,0.4826849699020386,False,False,True,-0.0003459230065345764,
2,22,38,head_0,recovery,-0.0185546875,-0.005932807922363281,3492,GGTGGC,2.556640625,1361,CACAAA,2.638671875,1361,CACAAA,2.638671875,3492,GGTGGC,1.0457830512677901e-06,1361,CACAAA,0.17849522829055786,340,ACACAN,0.48137298226356506,False,False,True,-0.00024628639221191406,
2,23,38,head_0,recovery,0.01806640625,-0.010636568069458008,3492,GGTGGC,2.55859375,1361,CACAAA,2.63671875,1361,CACAAA,2.63671875,3492,GGTGGC,1.037237325363094e-06,1361,CACAAA,0.1786043792963028,340,ACACAN,0.48151302337646484,False,False,True,-0.0004136227071285248,
2,24,38,head_0,recovery,0.0361328125,-0.0013748407363891602,3492,GGTGGC,2.560546875,1361,CACAAA,2.63671875,1361,CACAAA,2.63671875,3492,GGTGGC,1.0389959470558097e-06,1361,CACAAA,0.17838945984840393,340,ACACAN,0.48310336470603943,False,False,True,-0.0003134012222290039,
2,25,38,head_0,recovery,-0.0185546875,0.0259397029876709,3492,GGTGGC,2.556640625,1361,CACAAA,2.638671875,1361,CACAAA,2.638671875,3492,GGTGGC,1.038363620864402e-06,1361,CACAAA,0.17775562405586243,340,ACACAN,0.48272550106048584,False,False,True,4.2924657464027405e-05,
2,26,38,head_0,recovery,0.0,0.013662397861480713,3492,GGTGGC,2.5546875,1361,CACAAA,2.634765625,1361,CACAAA,2.634765625,3492,GGTGGC,1.051565391207987e-06,1361,CACAAA,0.1780405342578888,340,ACACAN,0.48074060678482056,False,False,True,6.269104778766632e-05,
2,27,38,head_0,recovery,0.0,0.0059893131256103516,3492,GGTGGC,2.5546875,1361,CACAAA,2.634765625,1361,CACAAA,2.634765625,3492,GGTGGC,1.0421439355923212e-06,1361,CACAAA,0.17821857333183289,340,ACACAN,0.48364317417144775,False,False,True,-0.0003595855087041855,
2,28,38,head_0,recovery,-0.0185546875,-0.0008643865585327148,3492,GGTGGC,2.5546875,1361,CACAAA,2.63671875,1361,CACAAA,2.63671875,3492,GGTGGC,1.0670152050806792e-06,1361,CACAAA,0.1783776432275772,340,ACACAN,0.4805203974246979,False,False,True,-0.0002933572977781296,
2,29,38,head_0,recovery,0.0,0.030052006244659424,3492,GGTGGC,2.556640625,1361,CACAAA,2.63671875,1361,CACAAA,2.63671875,3492,GGTGGC,1.0416929399070796e-06,1361,CACAAA,0.17766019701957703,340,ACACAN,0.48131200671195984,False,False,True,-0.0003601759672164917,
2,30,38,head_0,recovery,-0.0546875,0.021183907985687256,3492,GGTGGC,2.55078125,1361,CACAAA,2.63671875,1361,CACAAA,2.63671875,3492,GGTGGC,1.0468038453836925e-06,1361,CACAAA,0.17786598205566406,340,ACACAN,0.4805331826210022,False,False,True,-0.0003880206495523453,
2,31,38,head_0,recovery,-0.0546875,-0.001090407371520996,3492,GGTGGC,2.5546875,1361,CACAAA,2.640625,1361,CACAAA,2.640625,3492,GGTGGC,1.072009354174952e-06,1361,CACAAA,0.17838288843631744,340,ACACAN,0.4768531620502472,False,False,True,0.0002668797969818115,
3,0,38,head_0,recovery,-0.0546875,0.018615305423736572,3492,GGTGGC,2.55078125,1361,CACAAA,2.63671875,1361,CACAAA,2.63671875,3492,GGTGGC,1.0435965123178903e-06,1361,CACAAA,0.17792558670043945,340,ACACAN,0.48341575264930725,False,False,True,-0.000578245148062706,
3,1,38,head_0,recovery,-0.126953125,-0.011968374252319336,3492,GGTGGC,2.54296875,1361,CACAAA,2.63671875,1361,CACAAA,2.63671875,3492,GGTGGC,1.0459948498464655e-06,1361,CACAAA,0.17863528430461884,340,ACACAN,0.48156699538230896,False,False,True,-0.0004379861056804657,
3,2,38,head_0,recovery,-0.1640625,0.016696572303771973,3492,GGTGGC,2.5390625,1361,CACAAA,2.63671875,1361,CACAAA,2.63671875,3492,GGTGGC,1.0433506076878984e-06,1361,CACAAA,0.17797011137008667,340,ACACAN,0.4808584749698639,False,False,True,-0.0005923714488744736,
3,3,38,head_0,recovery,-0.109375,0.006810009479522705,3492,GGTGGC,2.546875,1361,CACAAA,2.638671875,1361,CACAAA,2.638671875,3492,GGTGGC,1.0646069767972222e-06,1361,CACAAA,0.17819954454898834,340,ACACAN,0.47943297028541565,False,False,True,-0.0005963295698165894,
3,4,38,head_0,recovery,-0.0546875,-0.011525988578796387,3492,GGTGGC,2.5546875,1361,CACAAA,2.640625,1361,CACAAA,2.640625,3492,GGTGGC,1.0520866453589406e-06,1361,CACAAA,0.17862503230571747,340,ACACAN,0.482819527387619,False,False,True,-0.0005600806325674057,
3,5,38,head_0,recovery,0.01806640625,-0.01443946361541748,3492,GGTGGC,2.560546875,1361,CACAAA,2.638671875,1361,CACAAA,2.638671875,3492,GGTGGC,1.0496374898139038e-06,1361,CACAAA,0.17869262397289276,340,ACACAN,0.4823909103870392,False,False,True,-0.0009980760514736176,
3,6,38,head_0,recovery,0.0361328125,0.017434418201446533,3492,GGTGGC,2.55859375,1361,CACAAA,2.634765625,1361,CACAAA,2.634765625,3492,GGTGGC,1.0387518614152214e-06,1361,CACAAA,0.17795298993587494,340,ACACAN,0.48470163345336914,False,False,True,-0.0005131512880325317,
3,7,38,head_0,recovery,0.0546875,0.023654282093048096,3492,GGTGGC,2.560546875,1361,CACAAA,2.634765625,1361,CACAAA,2.634765625,3492,GGTGGC,1.034925844578538e-06,1361,CACAAA,0.17780864238739014,340,ACACAN,0.4843527376651764,False,False,True,-0.0010604150593280792,
3,8,38,head_0,recovery,0.0361328125,-0.007388591766357422,3492,GGTGGC,2.5625,1361,CACAAA,2.638671875,1361,CACAAA,2.638671875,3492,GGTGGC,1.0159760677197482e-06,1361,CACAAA,0.17852897942066193,340,ACACAN,0.48558831214904785,False,False,True,-0.0014417581260204315,
3,9,38,head_0,recovery,0.0,0.009616851806640625,3492,GGTGGC,2.556640625,1361,CACAAA,2.63671875,1361,CACAAA,2.63671875,3492,GGTGGC,1.0258323754896992e-06,1361,CACAAA,0.17813438177108765,340,ACACAN,0.48495879769325256,False,False,True,-0.0011671949177980423,
3,10,38,head_0,recovery,-0.0908203125,-0.015525341033935547,3492,GGTGGC,2.546875,1361,CACAAA,2.63671875,1361,CACAAA,2.63671875,3492,GGTGGC,1.0550651268204092e-06,1361,CACAAA,0.17871783673763275,340,ACACAN,0.4802555441856384,False,False,True,-9.402818977832794e-05,
3,11,38,head_0,recovery,-0.1455078125,0.01634657382965088,3492,GGTGGC,2.5390625,1361,CACAAA,2.634765625,1361,CACAAA,2.634765625,3492,GGTGGC,1.0756647270682151e-06,1361,CACAAA,0.1779782623052597,340,ACACAN,0.4779398441314697,False,False,True,0.0007304195314645767,
3,12,38,head_0,recovery,-0.181640625,-0.002858877182006836,3492,GGTGGC,2.541015625,1361,CACAAA,2.640625,1361,CACAAA,2.640625,3492,GGTGGC,1.0942467270069756e-06,1361,CACAAA,0.1784239411354065,340,ACACAN,0.47420528531074524,False,False,True,0.0006000380963087082,
3,13,38,head_0,recovery,-0.1455078125,0.002221822738647461,3492,GGTGGC,2.541015625,1361,CACAAA,2.63671875,1361,CACAAA,2.63671875,3492,GGTGGC,1.0588001941869152e-06,1361,CACAAA,0.17830601334571838,340,ACACAN,0.4773900806903839,False,False,True,0.0003956519067287445,
3,14,38,head_0,recovery,-0.072265625,-0.01851963996887207,3492,GGTGGC,2.55078125,1361,CACAAA,2.638671875,1361,CACAAA,2.638671875,3492,GGTGGC,1.0476044280949282e-06,1361,CACAAA,0.17878730595111847,340,ACACAN,0.48130062222480774,False,False,True,-0.00028049759566783905,
3,15,38,head_0,recovery,-0.0361328125,-0.002638578414916992,3492,GGTGGC,2.548828125,1361,CACAAA,2.6328125,1361,CACAAA,2.6328125,3492,GGTGGC,1.0452762353452272e-06,1361,CACAAA,0.17841878533363342,340,ACACAN,0.483514666557312,False,False,True,-0.0001415889710187912,
3,16,38,head_0,recovery,0.0546875,0.026594698429107666,3492,GGTGGC,2.5546875,1361,CACAAA,2.62890625,1361,CACAAA,2.62890625,3492,GGTGGC,1.0313171969755786e-06,1361,CACAAA,0.1777404099702835,340,ACACAN,0.4865887463092804,False,False,True,-0.0008773766458034515,
3,17,38,head_0,recovery,0.0908203125,0.010217905044555664,3492,GGTGGC,2.5625,1361,CACAAA,2.6328125,1361,CACAAA,2.6328125,3492,GGTGGC,1.011165409181558e-06,1361,CACAAA,0.178120419383049,340,ACACAN,0.48719775676727295,False,False,True,-0.001543935388326645,
3,18,38,head_0,recovery,0.12744140625,-0.010673165321350098,3492,GGTGGC,2.56640625,1361,CACAAA,2.6328125,1361,CACAAA,2.6328125,3492,GGTGGC,1.0103732392963138e-06,1361,CACAAA,0.17860519886016846,340,ACACAN,0.48835229873657227,False,False,True,-0.001606971025466919,
3,19,38,head_0,recovery,0.0908203125,-0.029134392738342285,3492,GGTGGC,2.568359375,1361,CACAAA,2.638671875,1361,CACAAA,2.638671875,3492,GGTGGC,1.0222425999018014e-06,1361,CACAAA,0.17903360724449158,340,ACACAN,0.48583275079727173,False,False,True,-0.0011549629271030426,
3,20,38,head_0,recovery,-0.0361328125,-0.02809727191925049,3492,GGTGGC,2.556640625,1361,CACAAA,2.640625,1361,CACAAA,2.640625,3492,GGTGGC,1.0335371598557686e-06,1361,CACAAA,0.1790095418691635,340,ACACAN,0.4827084541320801,False,False,True,-0.00022664479911327362,
3,21,38,head_0,recovery,-0.0546875,0.02143305540084839,3492,GGTGGC,2.5546875,1361,CACAAA,2.640625,1361,CACAAA,2.640625,3492,GGTGGC,1.037431275108247e-06,1361,CACAAA,0.17786020040512085,340,ACACAN,0.48317912220954895,False,False,True,-0.0001247301697731018,
3,22,38,head_0,recovery,-0.0546875,-0.01188361644744873,3492,GGTGGC,2.55078125,1361,CACAAA,2.63671875,1361,CACAAA,2.63671875,3492,GGTGGC,1.0483572623343207e-06,1361,CACAAA,0.17863331735134125,340,ACACAN,0.4818556606769562,False,False,True,8.511543273925781e-05,
3,23,38,head_0,recovery,0.0,-0.026522159576416016,3492,GGTGGC,2.556640625,1361,CACAAA,2.63671875,1361,CACAAA,2.63671875,3492,GGTGGC,1.0518252793190186e-06,1361,CACAAA,0.1789730191230774,340,ACACAN,0.48056715726852417,False,False,True,-0.00018949992954730988,
3,24,38,head_0,recovery,-0.0361328125,-0.006390690803527832,3492,GGTGGC,2.556640625,1361,CACAAA,2.640625,1361,CACAAA,2.640625,3492,GGTGGC,1.0430035217723344e-06,1361,CACAAA,0.17850585281848907,340,ACACAN,0.4813649356365204,False,False,True,3.6483630537986755e-05,
3,25,38,head_0,recovery,-0.0185546875,0.0019071698188781738,3492,GGTGGC,2.5546875,1361,CACAAA,2.63671875,1361,CACAAA,2.63671875,3492,GGTGGC,1.0573238569122623e-06,1361,CACAAA,0.17831331491470337,340,ACACAN,0.4800100028514862,False,False,True,9.410269558429718e-05,
3,26,38,head_0,recovery,-0.072265625,0.020620763301849365,3492,GGTGGC,2.546875,1361,CACAAA,2.634765625,1361,CACAAA,2.634765625,3492,GGTGGC,1.0435628610139247e-06,1361,CACAAA,0.17787905037403107,340,ACACAN,0.48122888803482056,False,False,True,-6.857514381408691e-05,
3,27,38,head_0,recovery,-0.0361328125,0.011013507843017578,3492,GGTGGC,2.55078125,1361,CACAAA,2.634765625,1361,CACAAA,2.634765625,3492,GGTGGC,1.043296038005792e-06,1361,CACAAA,0.17810198664665222,340,ACACAN,0.48147186636924744,False,False,True,-0.00039362721145153046,
3,28,38,head_0,recovery,-0.0546875,0.05460017919540405,3492,GGTGGC,2.548828125,1361,CACAAA,2.634765625,1361,CACAAA,2.634765625,3492,GGTGGC,1.0392952844995307e-06,1361,CACAAA,0.17709055542945862,340,ACACAN,0.48129382729530334,False,False,True,-0.00038122572004795074,
3,29,38,head_0,recovery,-0.0546875,0.06158548593521118,3492,GGTGGC,2.548828125,1361,CACAAA,2.634765625,1361,CACAAA,2.634765625,3492,GGTGGC,1.041826749315078e-06,1361,CACAAA,0.17692846059799194,340,ACACAN,0.48072120547294617,False,False,True,-0.00011538900434970856,
3,30,38,head_0,recovery,-0.126953125,0.027945756912231445,3492,GGTGGC,2.546875,1361,CACAAA,2.640625,1361,CACAAA,2.640625,3492,GGTGGC,1.0563104524408118e-06,1361,CACAAA,0.17770908772945404,340,ACACAN,0.47699859738349915,False,False,True,-3.166496753692627e-07,
3,31,38,head_0,recovery,-0.1640625,-0.023947715759277344,3492,GGTGGC,2.548828125,1361,CACAAA,2.646484375,1361,CACAAA,2.646484375,3492,GGTGGC,1.0341890401832643e-06,1361,CACAAA,0.17891325056552887,340,ACACAN,0.4802893400192261,False,False,True,-0.00032978132367134094,
4,0,38,head_0,recovery,-0.0185546875,0.0009439587593078613,3492,GGTGGC,2.5546875,1361,CACAAA,2.63671875,1361,CACAAA,2.63671875,3492,GGTGGC,1.0461366173331044e-06,1361,CACAAA,0.17833565175533295,340,ACACAN,0.480458527803421,False,False,True,-0.00012622028589248657,
4,1,38,head_0,recovery,-0.0908203125,-0.002858877182006836,3492,GGTGGC,2.548828125,1361,CACAAA,2.638671875,1361,CACAAA,2.638671875,3492,GGTGGC,1.0492944966244977e-06,1361,CACAAA,0.1784238964319229,340,ACACAN,0.48038098216056824,False,False,True,-9.112805128097534e-05,
4,2,38,head_0,recovery,-0.072265625,-0.016090989112854004,3492,GGTGGC,2.55078125,1361,CACAAA,2.638671875,1361,CACAAA,2.638671875,3492,GGTGGC,1.0420044418424368e-06,1361,CACAAA,0.17873094975948334,340,ACACAN,0.48036399483680725,False,False,True,-0.0003862697631120682,
4,3,38,head_0,recovery,0.01806640625,0.03475451469421387,3492,GGTGGC,2.556640625,1361,CACAAA,2.634765625,1361,CACAAA,2.634765625,3492,GGTGGC,1.0463271564731258e-06,1361,CACAAA,0.17755107581615448,340,ACACAN,0.481545090675354,False,False,True,-9.289011359214783e-06,
4,4,38,head_0,recovery,-0.0361328125,0.029761791229248047,3492,GGTGGC,2.55078125,1361,CACAAA,2.634765625,1361,CACAAA,2.634765625,3492,GGTGGC,1.0375839565313072e-06,1361,CACAAA,0.17766693234443665,340,ACACAN,0.481036514043808,False,False,True,2.603791654109955e-05,
4,5,38,head_0,recovery,-0.0185546875,0.025027215480804443,3492,GGTGGC,2.55078125,1361,CACAAA,2.6328125,1361,CACAAA,2.6328125,3492,GGTGGC,1.0557192808846594e-06,1361,CACAAA,0.17777681350708008,340,ACACAN,0.4800431430339813,False,False,True,0.00012045539915561676,
4,6,38,head_0,recovery,0.0,0.028233468532562256,3492,GGTGGC,2.5546875,1361,CACAAA,2.634765625,1361,CACAAA,2.634765625,3492,GGTGGC,1.0547236115598935e-06,1361,CACAAA,0.1777024120092392,340,ACACAN,0.4807363450527191,False,False,True,-2.8740614652633667e-05,
4,7,38,head_0,recovery,-0.0361328125,0.010784924030303955,3492,GGTGGC,2.5546875,1361,CACAAA,2.638671875,1361,CACAAA,2.638671875,3492,GGTGGC,1.0470545248608687e-06,1361,CACAAA,0.17810729146003723,340,ACACAN,0.48029017448425293,False,False,True,-0.0007791351526975632,
4,8,38,head_0,recovery,-0.0185546875,0.0308990478515625,3492,GGTGGC,2.5546875,1361,CACAAA,2.63671875,1361,CACAAA,2.63671875,3492,GGTGGC,1.0529744258747087e-06,1361,CACAAA,0.17764055728912354,340,ACACAN,0.4791119396686554,False,False,True,-0.000560244545340538,
4,9,38,head_0,recovery,0.0,0.015057146549224854,3492,GGTGGC,2.556640625,1361,CACAAA,2.63671875,1361,CACAAA,2.63671875,3492,GGTGGC,1.0514078212509048e-06,1361,CACAAA,0.17800816893577576,340,ACACAN,0.4804185628890991,False,False,True,-0.00042332522571086884,
4,10,38,head_0,recovery,-0.072265625,0.0015521049499511719,3492,GGTGGC,2.55078125,1361,CACAAA,2.638671875,1361,CACAAA,2.638671875,3492,GGTGGC,1.0609742275846656e-06,1361,CACAAA,0.17832155525684357,340,ACACAN,0.47846728563308716,False,False,True,0.0002788025885820389,
4,11,38,head_0,recovery,-0.0908203125,0.036987900733947754,3492,GGTGGC,2.546875,1361,CACAAA,2.63671875,1361,CACAAA,2.63671875,3492,GGTGGC,1.0717432132878457e-06,1361,CACAAA,0.17749927937984467,340,ACACAN,0.47870904207229614,False,False,True,0.0003105960786342621,
4,12,38,head_0,recovery,-0.0908203125,0.005515456199645996,3492,GGTGGC,2.55078125,1361,CACAAA,2.640625,1361,CACAAA,2.640625,3492,GGTGGC,1.0541997426116723e-06,1361,CACAAA,0.17822958528995514,340,ACACAN,0.48201537132263184,False,False,True,0.0003130100667476654,
4,13,38,head_0,recovery,-0.1640625,-0.03245437145233154,3492,GGTGGC,2.548828125,1361,CACAAA,2.646484375,1361,CACAAA,2.646484375,3492,GGTGGC,1.0608680440782337e-06,1361,CACAAA,0.17911067605018616,340,ACACAN,0.48058465123176575,False,False,True,0.0004115104675292969,
4,14,38,head_0,recovery,-0.0908203125,-0.06365644931793213,3492,GGTGGC,2.5546875,1361,CACAAA,2.64453125,1361,CACAAA,2.64453125,3492,GGTGGC,1.0440453479532152e-06,1361,CACAAA,0.17983470857143402,340,ACACAN,0.4807928502559662,False,False,True,-0.00010742433369159698,
4,15,38,head_0,recovery,0.12744140625,0.05621647834777832,3492,GGTGGC,2.580078125,1361,CACAAA,2.646484375,1361,CACAAA,2.646484375,3492,GGTGGC,1.000439283416199e-06,1361,CACAAA,0.17705300450325012,340,ACACAN,0.47882598638534546,False,False,True,-0.0012983623892068863,
4,16,38,head_0,recovery,0.16357421875,-0.07063150405883789,3492,GGTGGC,2.5859375,1361,CACAAA,2.6484375,1361,CACAAA,2.6484375,3492,GGTGGC,1.0148334013138083e-06,1361,CACAAA,0.1799965351819992,340,ACACAN,0.47561904788017273,False,False,True,-0.002253124490380287,
4,17,38,head_0,recovery,0.12744140625,-0.10387623310089111,3492,GGTGGC,2.587890625,1361,CACAAA,2.654296875,1361,CACAAA,2.654296875,3492,GGTGGC,1.0321266472601565e-06,1361,CACAAA,0.1807679980993271,340,ACACAN,0.4764128029346466,False,False,True,-0.0015766508877277374,
4,18,38,head_0,recovery,0.0,-0.15117132663726807,3492,GGTGGC,2.55859375,1361,CACAAA,2.638671875,1361,CACAAA,2.638671875,3492,GGTGGC,1.0977777264997712e-06,1361,CACAAA,0.18186555802822113,340,ACACAN,0.4771308898925781,False,False,True,-0.0005394872277975082,
4,19,38,head_0,recovery,-0.0546875,-0.022052764892578125,3492,GGTGGC,2.5546875,1361,CACAAA,2.640625,1361,CACAAA,2.640625,3492,GGTGGC,1.0530500276217936e-06,1361,CACAAA,0.1788693070411682,340,ACACAN,0.4826984703540802,False,False,True,-0.00019855238497257233,
4,20,38,head_0,recovery,-0.072265625,0.03278052806854248,3492,GGTGGC,2.55078125,1361,CACAAA,2.638671875,1361,CACAAA,2.638671875,3492,GGTGGC,1.0632240901031764e-06,1361,CACAAA,0.17759689688682556,340,ACACAN,0.4797256886959076,False,False,True,-1.714937388896942e-05,
4,21,38,head_0,recovery,-0.072265625,0.048819541931152344,3492,GGTGGC,2.546875,1361,CACAAA,2.634765625,1361,CACAAA,2.634765625,3492,GGTGGC,1.0422777450003196e-06,1361,CACAAA,0.17722469568252563,340,ACACAN,0.4833001494407654,False,False,True,-8.043274283409119e-05,
4,22,38,head_0,recovery,-0.0546875,0.02580547332763672,3492,GGTGGC,2.548828125,1361,CACAAA,2.634765625,1361,CACAAA,2.634765625,3492,GGTGGC,1.043683596435585e-06,1361,CACAAA,0.17775873839855194,340,ACACAN,0.4791528284549713,False,False,True,-6.816163659095764e-05,
4,23,38,head_0,recovery,-0.072265625,0.012437164783477783,3492,GGTGGC,2.55078125,1361,CACAAA,2.638671875,1361,CACAAA,2.638671875,3492,GGTGGC,1.0191107548962464e-06,1361,CACAAA,0.17806892096996307,340,ACACAN,0.48359113931655884,False,False,True,-0.00028194114565849304,
4,24,38,head_0,recovery,-0.072265625,-0.011203646659851074,3492,GGTGGC,2.55078125,1361,CACAAA,2.638671875,1361,CACAAA,2.638671875,3492,GGTGGC,1.0413496056571603e-06,1361,CACAAA,0.17861753702163696,340,ACACAN,0.4795394241809845,False,False,True,-7.452443242073059e-06,
4,25,38,head_0,recovery,0.0,0.004384636878967285,3492,GGTGGC,2.5546875,1361,CACAAA,2.634765625,1361,CACAAA,2.634765625,3492,GGTGGC,1.0474285545569728e-06,1361,CACAAA,0.1782558113336563,340,ACACAN,0.48064666986465454,False,False,True,-9.146705269813538e-05,
4,26,38,head_0,recovery,0.0,0.010730326175689697,3492,GGTGGC,2.556640625,1361,CACAAA,2.63671875,1361,CACAAA,2.63671875,3492,GGTGGC,1.0508191508051823e-06,1361,CACAAA,0.1781085729598999,340,ACACAN,0.48233532905578613,False,False,True,-0.000456199049949646,
4,27,38,head_0,recovery,-0.0361328125,0.008314549922943115,3492,GGTGGC,2.55078125,1361,CACAAA,2.634765625,1361,CACAAA,2.634765625,3492,GGTGGC,1.0324745289835846e-06,1361,CACAAA,0.17816460132598877,340,ACACAN,0.4835704565048218,False,False,True,-0.0003198273479938507,
4,28,38,head_0,recovery,-0.0185546875,0.03300786018371582,3492,GGTGGC,2.5546875,1361,CACAAA,2.63671875,1361,CACAAA,2.63671875,3492,GGTGGC,1.0411213224870153e-06,1361,CACAAA,0.17759160697460175,340,ACACAN,0.48235374689102173,False,False,True,-0.00022777728736400604,
4,29,38,head_0,recovery,-0.0185546875,0.0031690001487731934,3492,GGTGGC,2.556640625,1361,CACAAA,2.638671875,1361,CACAAA,2.638671875,3492,GGTGGC,1.061619286701898e-06,1361,CACAAA,0.17828403413295746,340,ACACAN,0.4796895682811737,False,False,True,-0.0002598576247692108,
4,30,38,head_0,recovery,-0.0361328125,0.03969073295593262,3492,GGTGGC,2.55078125,1361,CACAAA,2.634765625,1361,CACAAA,2.634765625,3492,GGTGGC,1.0422980949442717e-06,1361,CACAAA,0.17743653059005737,340,ACACAN,0.48020753264427185,False,False,True,4.017166793346405e-05,
4,31,38,head_0,recovery,-0.0185546875,-0.0017447471618652344,3492,GGTGGC,2.5546875,1361,CACAAA,2.63671875,1361,CACAAA,2.63671875,3492,GGTGGC,1.0477970135980286e-06,1361,CACAAA,0.1783980429172516,340,ACACAN,0.48150014877319336,False,False,True,4.2496249079704285e-05,
5,0,38,head_0,recovery,-0.0546875,0.024038255214691162,3492,GGTGGC,2.55078125,1361,CACAAA,2.63671875,1361,CACAAA,2.63671875,3492,GGTGGC,1.0474302598595386e-06,1361,CACAAA,0.1777997463941574,340,ACACAN,0.4805961549282074,False,False,True,0.00010056234896183014,
5,1,38,head_0,recovery,-0.072265625,0.02576500177383423,3492,GGTGGC,2.548828125,1361,CACAAA,2.63671875,1361,CACAAA,2.63671875,3492,GGTGGC,1.037602828546369e-06,1361,CACAAA,0.17775967717170715,340,ACACAN,0.4801506996154785,False,False,True,0.00011869333684444427,
5,2,38,head_0,recovery,-0.0546875,0.009958505630493164,3492,GGTGGC,2.5546875,1361,CACAAA,2.640625,1361,CACAAA,2.640625,3492,GGTGGC,1.0331294788556988e-06,1361,CACAAA,0.17812645435333252,340,ACACAN,0.48306137323379517,False,False,True,-7.724389433860779e-06,
5,3,38,head_0,recovery,-0.0361328125,0.02935081720352173,3492,GGTGGC,2.5546875,1361,CACAAA,2.638671875,1361,CACAAA,2.638671875,3492,GGTGGC,1.0372002634539967e-06,1361,CACAAA,0.1776764690876007,340,ACACAN,0.481084406375885,False,False,True,-0.0003735683858394623,
5,4,38,head_0,recovery,-0.0185546875,0.001288771629333496,3492,GGTGGC,2.556640625,1361,CACAAA,2.638671875,1361,CACAAA,2.638671875,3492,GGTGGC,1.0387805104983272e-06,1361,CACAAA,0.17832764983177185,340,ACACAN,0.4806789457798004,False,False,True,-0.0003309343010187149,
5,5,38,head_0,recovery,-0.0361328125,0.06136137247085571,3492,GGTGGC,2.5546875,1361,CACAAA,2.638671875,1361,CACAAA,2.638671875,3492,GGTGGC,1.0708014315241599e-06,1361,CACAAA,0.17693369090557098,340,ACACAN,0.47690704464912415,False,False,True,0.00026012957096099854,
5,6,38,head_0,recovery,-0.072265625,0.024198174476623535,3492,GGTGGC,2.55078125,1361,CACAAA,2.638671875,1361,CACAAA,2.638671875,3492,GGTGGC,1.076638795893814e-06,1361,CACAAA,0.17779606580734253,340,ACACAN,0.47627177834510803,False,False,True,0.0004198048263788223,
5,7,38,head_0,recovery,-0.0908203125,0.024181485176086426,3492,GGTGGC,2.548828125,1361,CACAAA,2.638671875,1361,CACAAA,2.638671875,3492,GGTGGC,1.0574638054094976e-06,1361,CACAAA,0.17779643833637238,340,ACACAN,0.478560209274292,False,False,True,0.00028211623430252075,
5,8,38,head_0,recovery,-0.0546875,0.00435250997543335,3492,GGTGGC,2.5546875,1361,CACAAA,2.640625,1361,CACAAA,2.640625,3492,GGTGGC,1.0577257398836082e-06,1361,CACAAA,0.1782565712928772,340,ACACAN,0.4800550043582916,False,False,True,0.00016106292605400085,
5,9,38,head_0,recovery,-0.0908203125,0.02622610330581665,3492,GGTGGC,2.548828125,1361,CACAAA,2.638671875,1361,CACAAA,2.638671875,3492,GGTGGC,1.0570244057817035e-06,1361,CACAAA,0.17774899303913116,340,ACACAN,0.47988012433052063,False,False,True,0.00038998015224933624,
5,10,38,head_0,recovery,-0.0185546875,0.08401966094970703,3492,GGTGGC,2.556640625,1361,CACAAA,2.638671875,1361,CACAAA,2.638671875,3492,GGTGGC,1.0292437764292117e-06,1361,CACAAA,0.1764078587293625,340,ACACAN,0.48333147168159485,False,False,True,3.83816659450531e-05,
5,11,38,head_0,recovery,-0.072265625,0.00433582067489624,3492,GGTGGC,2.560546875,1361,CACAAA,2.6484375,1361,CACAAA,2.6484375,3492,GGTGGC,1.0215952670478146e-06,1361,CACAAA,0.17825692892074585,340,ACACAN,0.4847078025341034,False,False,True,-0.0007261484861373901,
5,12,38,head_0,recovery,-0.109375,-0.002946138381958008,3492,GGTGGC,2.5625,1361,CACAAA,2.654296875,1361,CACAAA,2.654296875,3492,GGTGGC,1.0161318186874269e-06,1361,CACAAA,0.1784258931875229,340,ACACAN,0.48202380537986755,False,False,True,-0.0007818583399057388,
5,13,38,head_0,recovery,-0.2001953125,-0.008129596710205078,3492,GGTGGC,2.55078125,1361,CACAAA,2.65234375,1361,CACAAA,2.65234375,3492,GGTGGC,1.0611269090077258e-06,1361,CACAAA,0.1785462200641632,340,ACACAN,0.47564664483070374,False,False,True,-0.0003467947244644165,
5,14,38,head_0,recovery,-0.0908203125,-0.011586308479309082,3492,GGTGGC,2.5625,1361,CACAAA,2.65234375,1361,CACAAA,2.65234375,3492,GGTGGC,1.0933263183687814e-06,1361,CACAAA,0.17862646281719208,340,ACACAN,0.47132226824760437,False,False,True,0.0006104260683059692,
5,15,38,head_0,recovery,-0.0361328125,-0.011181831359863281,3492,GGTGGC,2.556640625,1361,CACAAA,2.640625,1361,CACAAA,2.640625,3492,GGTGGC,1.0882068863793393e-06,1361,CACAAA,0.17861707508563995,340,ACACAN,0.47858792543411255,False,False,True,0.0003267042338848114,
5,16,38,head_0,recovery,-0.0546875,-0.04390132427215576,3492,GGTGGC,2.55859375,1361,CACAAA,2.64453125,1361,CACAAA,2.64453125,3492,GGTGGC,1.0843964446394239e-06,1361,CACAAA,0.17937633395195007,340,ACACAN,0.47638747096061707,False,False,True,0.00015804357826709747,
5,17,38,head_0,recovery,0.01806640625,-0.03936326503753662,3492,GGTGGC,2.560546875,1361,CACAAA,2.638671875,1361,CACAAA,2.638671875,3492,GGTGGC,1.07755761291628e-06,1361,CACAAA,0.17927101254463196,340,ACACAN,0.4774172604084015,False,False,True,-0.0002940613776445389,
5,18,38,head_0,recovery,0.0908203125,-0.03867030143737793,3492,GGTGGC,2.56640625,1361,CACAAA,2.63671875,1361,CACAAA,2.63671875,3492,GGTGGC,1.0686862879083492e-06,1361,CACAAA,0.1792549341917038,340,ACACAN,0.47728705406188965,False,False,True,-0.0008078347891569138,
5,19,38,head_0,recovery,0.10888671875,-0.02769923210144043,3492,GGTGGC,2.568359375,1361,CACAAA,2.63671875,1361,CACAAA,2.63671875,3492,GGTGGC,1.053336518452852e-06,1361,CACAAA,0.17900033295154572,340,ACACAN,0.47828471660614014,False,False,True,-0.0011655427515506744,
5,20,38,head_0,recovery,0.01806640625,0.026423871517181396,3492,GGTGGC,2.560546875,1361,CACAAA,2.638671875,1361,CACAAA,2.638671875,3492,GGTGGC,1.038691152643878e-06,1361,CACAAA,0.17774438858032227,340,ACACAN,0.48084989190101624,False,False,True,-0.0005497541278600693,
5,21,38,head_0,recovery,-0.0361328125,0.010052859783172607,3492,GGTGGC,2.5546875,1361,CACAAA,2.638671875,1361,CACAAA,2.638671875,3492,GGTGGC,1.0487690360605484e-06,1361,CACAAA,0.17812427878379822,340,ACACAN,0.4816129803657532,False,False,True,-0.00032212771475315094,
5,22,38,head_0,recovery,-0.0546875,0.030563831329345703,3492,GGTGGC,2.5546875,1361,CACAAA,2.640625,1361,CACAAA,2.640625,3492,GGTGGC,1.0491438615645166e-06,1361,CACAAA,0.17764832079410553,340,ACACAN,0.48088338971138,False,False,True,-0.00014084391295909882,
5,23,38,head_0,recovery,-0.0361328125,0.02963465452194214,3492,GGTGGC,2.55078125,1361,CACAAA,2.634765625,1361,CACAAA,2.634765625,3492,GGTGGC,1.0560157761574374e-06,1361,CACAAA,0.17766989767551422,340,ACACAN,0.48239704966545105,False,False,True,3.1286850571632385e-05,
5,24,38,head_0,recovery,0.01806640625,0.042617619037628174,3492,GGTGGC,2.548828125,1361,CACAAA,2.626953125,1361,CACAAA,2.626953125,3492,GGTGGC,1.0487115105206612e-06,1361,CACAAA,0.17736861109733582,340,ACACAN,0.48137328028678894,False,False,True,0.00012334994971752167,
5,25,38,head_0,recovery,-0.0185546875,0.0366976261138916,3492,GGTGGC,2.55078125,1361,CACAAA,2.6328125,1361,CACAAA,2.6328125,3492,GGTGGC,1.0328845974072465e-06,1361,CACAAA,0.1775059700012207,340,ACACAN,0.48256272077560425,False,False,True,-5.0943344831466675e-06,
5,26,38,head_0,recovery,0.0,-0.0008502006530761719,3492,GGTGGC,2.55859375,1361,CACAAA,2.638671875,1361,CACAAA,2.638671875,3492,GGTGGC,1.0324930599381332e-06,1361,CACAAA,0.17837727069854736,340,ACACAN,0.4824368357658386,False,False,True,-0.00015916675329208374,
5,27,38,head_0,recovery,-0.0185546875,0.03836405277252197,3492,GGTGGC,2.556640625,1361,CACAAA,2.638671875,1361,CACAAA,2.638671875,3492,GGTGGC,1.035787590808468e-06,1361,CACAAA,0.17746731638908386,340,ACACAN,0.48161911964416504,False,False,True,-7.407180964946747e-05,
5,28,38,head_0,recovery,-0.0185546875,0.026730835437774658,3492,GGTGGC,2.556640625,1361,CACAAA,2.638671875,1361,CACAAA,2.638671875,3492,GGTGGC,1.032843101711478e-06,1361,CACAAA,0.1777372509241104,340,ACACAN,0.4809773564338684,False,False,True,0.00017655454576015472,
5,29,38,head_0,recovery,-0.0361328125,0.027999043464660645,3492,GGTGGC,2.5546875,1361,CACAAA,2.638671875,1361,CACAAA,2.638671875,3492,GGTGGC,1.0616972758725751e-06,1361,CACAAA,0.17770785093307495,340,ACACAN,0.4799008369445801,False,False,True,-1.146271824836731e-05,
5,30,38,head_0,recovery,-0.0185546875,0.02313542366027832,3492,GGTGGC,2.5546875,1361,CACAAA,2.63671875,1361,CACAAA,2.63671875,3492,GGTGGC,1.0495652986719506e-06,1361,CACAAA,0.17782069742679596,340,ACACAN,0.48016899824142456,False,False,True,-2.8330832719802856e-06,
5,31,38,head_0,recovery,-0.0546875,0.03312087059020996,3492,GGTGGC,2.55078125,1361,CACAAA,2.63671875,1361,CACAAA,2.63671875,3492,GGTGGC,1.0317558007955085e-06,1361,CACAAA,0.17758896946907043,340,ACACAN,0.48272207379341125,False,False,True,-0.00039043650031089783,
6,0,38,head_0,recovery,0.0361328125,0.026380181312561035,3492,GGTGGC,2.560546875,1361,CACAAA,2.63671875,1361,CACAAA,2.63671875,3492,GGTGGC,1.0225783171335934e-06,1361,CACAAA,0.17774538695812225,340,ACACAN,0.4848310649394989,False,False,True,-0.0008558426052331924,
6,1,38,head_0,recovery,0.0546875,0.03392934799194336,3492,GGTGGC,2.560546875,1361,CACAAA,2.634765625,1361,CACAAA,2.634765625,3492,GGTGGC,1.0230788802800816e-06,1361,CACAAA,0.17757020890712738,340,ACACAN,0.48662006855010986,False,False,True,-0.000978901982307434,
6,2,38,head_0,recovery,0.0546875,0.03697764873504639,3492,GGTGGC,2.560546875,1361,CACAAA,2.634765625,1361,CACAAA,2.634765625,3492,GGTGGC,1.0128032954526134e-06,1361,CACAAA,0.177499458193779,340,ACACAN,0.48742178082466125,False,False,True,-0.0010427925735712051,
6,3,38,head_0,recovery,0.07275390625,0.08120900392532349,3492,GGTGGC,2.556640625,1361,CACAAA,2.62890625,1361,CACAAA,2.62890625,3492,GGTGGC,1.0503340490686242e-06,1361,CACAAA,0.17647309601306915,340,ACACAN,0.48039209842681885,False,False,True,-0.00037377700209617615,
6,4,38,head_0,recovery,0.0908203125,0.07054352760314941,3492,GGTGGC,2.55859375,1361,CACAAA,2.62890625,1361,CACAAA,2.62890625,3492,GGTGGC,1.0408977004772169e-06,1361,CACAAA,0.17672058939933777,340,ACACAN,0.4819989800453186,False,False,True,-0.0005327407270669937,
6,5,38,head_0,recovery,0.12744140625,0.08814936876296997,3492,GGTGGC,2.5625,1361,CACAAA,2.62890625,1361,CACAAA,2.62890625,3492,GGTGGC,1.0404779686723487e-06,1361,CACAAA,0.17631204426288605,340,ACACAN,0.48240599036216736,False,False,True,-0.0007254704833030701,
6,6,38,head_0,recovery,0.0,0.017323970794677734,3492,GGTGGC,2.556640625,1361,CACAAA,2.63671875,1361,CACAAA,2.63671875,3492,GGTGGC,1.0212264669462456e-06,1361,CACAAA,0.1779555380344391,340,ACACAN,0.48530060052871704,False,False,True,-0.000872218981385231,
6,7,38,head_0,recovery,0.0546875,0.020654797554016113,3492,GGTGGC,2.55859375,1361,CACAAA,2.6328125,1361,CACAAA,2.6328125,3492,GGTGGC,1.0083558663609438e-06,1361,CACAAA,0.1778782308101654,340,ACACAN,0.48634231090545654,False,False,True,-0.001346999779343605,
6,8,38,head_0,recovery,0.0546875,0.05079096555709839,3492,GGTGGC,2.5546875,1361,CACAAA,2.62890625,1361,CACAAA,2.62890625,3492,GGTGGC,1.0144503903575242e-06,1361,CACAAA,0.17717891931533813,340,ACACAN,0.4867643117904663,False,False,True,-0.0009035374969244003,
6,9,38,head_0,recovery,0.01806640625,0.06259560585021973,3492,GGTGGC,2.556640625,1361,CACAAA,2.634765625,1361,CACAAA,2.634765625,3492,GGTGGC,1.0243786618957529e-06,1361,CACAAA,0.17690500617027283,340,ACACAN,0.48538926243782043,False,False,True,-0.0008141882717609406,
6,10,38,head_0,recovery,0.01806640625,0.01158761978149414,3492,GGTGGC,2.5546875,1361,CACAAA,2.6328125,1361,CACAAA,2.6328125,3492,GGTGGC,1.0385783753008582e-06,1361,CACAAA,0.17808866500854492,340,ACACAN,0.48001280426979065,False,False,True,-0.0008190758526325226,
6,11,38,head_0,recovery,-0.0361328125,0.02781158685684204,3492,GGTGGC,2.548828125,1361,CACAAA,2.6328125,1361,CACAAA,2.6328125,3492,GGTGGC,1.0407356967334636e-06,1361,CACAAA,0.17771218717098236,340,ACACAN,0.4796929359436035,False,False,True,-0.0009082946926355362,
6,12,38,head_0,recovery,0.01806640625,0.02430284023284912,3492,GGTGGC,2.5546875,1361,CACAAA,2.6328125,1361,CACAAA,2.6328125,3492,GGTGGC,1.0432238468638388e-06,1361,CACAAA,0.17779360711574554,340,ACACAN,0.4786109924316406,False,False,True,-0.0011062100529670715,
6,13,38,head_0,recovery,-0.0361328125,0.0008187294006347656,3492,GGTGGC,2.556640625,1361,CACAAA,2.640625,1361,CACAAA,2.640625,3492,GGTGGC,1.0605936040519737e-06,1361,CACAAA,0.17833857238292694,340,ACACAN,0.47785624861717224,False,False,True,-0.00033443234860897064,
6,14,38,head_0,recovery,-0.0185546875,-0.004587531089782715,3492,GGTGGC,2.5546875,1361,CACAAA,2.63671875,1361,CACAAA,2.63671875,3492,GGTGGC,1.018898956317571e-06,1361,CACAAA,0.17846398055553436,340,ACACAN,0.48365193605422974,False,False,True,-0.0009311474859714508,
6,15,38,head_0,recovery,-0.0185546875,-0.029195427894592285,3492,GGTGGC,2.556640625,1361,CACAAA,2.638671875,1361,CACAAA,2.638671875,3492,GGTGGC,1.0311865707990364e-06,1361,CACAAA,0.179035022854805,340,ACACAN,0.484237939119339,False,False,True,-0.0003371797502040863,
6,16,38,head_0,recovery,0.01806640625,0.0008726716041564941,3492,GGTGGC,2.556640625,1361,CACAAA,2.634765625,1361,CACAAA,2.634765625,3492,GGTGGC,1.021588104777038e-06,1361,CACAAA,0.17833729088306427,340,ACACAN,0.485770583152771,False,False,True,-0.00036817602813243866,
6,17,38,head_0,recovery,0.0908203125,0.05059826374053955,3492,GGTGGC,2.556640625,1361,CACAAA,2.626953125,1361,CACAAA,2.626953125,3492,GGTGGC,1.0271073733747471e-06,1361,CACAAA,0.17718340456485748,340,ACACAN,0.48842838406562805,False,False,True,-0.00043685920536518097,
6,18,38,head_0,recovery,0.0908203125,0.06927013397216797,3492,GGTGGC,2.5546875,1361,CACAAA,2.625,1361,CACAAA,2.625,3492,GGTGGC,1.0094692015627516e-06,1361,CACAAA,0.17675010859966278,340,ACACAN,0.4910179078578949,False,False,True,-0.000782230868935585,
6,19,38,head_0,recovery,0.0546875,0.048387348651885986,3492,GGTGGC,2.55078125,1361,CACAAA,2.625,1361,CACAAA,2.625,3492,GGTGGC,9.810781875785324e-07,1361,CACAAA,0.17723466455936432,340,ACACAN,0.49414026737213135,False,False,True,-0.0009448956698179245,
6,20,38,head_0,recovery,-0.0361328125,0.05802220106124878,3492,GGTGGC,2.548828125,1361,CACAAA,2.6328125,1361,CACAAA,2.6328125,3492,GGTGGC,9.9544195109047e-07,1361,CACAAA,0.17701110243797302,340,ACACAN,0.4902445673942566,False,False,True,-0.0005435850471258163,
6,21,38,head_0,recovery,0.0908203125,0.07179760932922363,3492,GGTGGC,2.5546875,1361,CACAAA,2.625,1361,CACAAA,2.625,3492,GGTGGC,9.92642071651062e-07,1361,CACAAA,0.1766914427280426,340,ACACAN,0.4925655424594879,False,False,True,-0.0009369049221277237,
6,22,38,head_0,recovery,-0.0361328125,0.030312716960906982,3492,GGTGGC,2.548828125,1361,CACAAA,2.6328125,1361,CACAAA,2.6328125,3492,GGTGGC,1.0108171863976168e-06,1361,CACAAA,0.17765411734580994,340,ACACAN,0.4880623519420624,False,False,True,-0.0006155725568532944,
6,23,38,head_0,recovery,0.0908203125,0.10907065868377686,3492,GGTGGC,2.5546875,1361,CACAAA,2.625,1361,CACAAA,2.625,3492,GGTGGC,1.0154908522963524e-06,1361,CACAAA,0.1758265346288681,340,ACACAN,0.4869861304759979,False,False,True,-0.0006568152457475662,
6,24,38,head_0,recovery,0.0361328125,0.08590245246887207,3492,GGTGGC,2.55078125,1361,CACAAA,2.626953125,1361,CACAAA,2.626953125,3492,GGTGGC,1.0184421626036055e-06,1361,CACAAA,0.17636415362358093,340,ACACAN,0.4853546619415283,False,False,True,-0.00045431219041347504,
6,25,38,head_0,recovery,0.01806640625,0.037287116050720215,3492,GGTGGC,2.5546875,1361,CACAAA,2.6328125,1361,CACAAA,2.6328125,3492,GGTGGC,1.0147539342142409e-06,1361,CACAAA,0.17749227583408356,340,ACACAN,0.4855092763900757,False,False,True,-0.00039176270365715027,
6,26,38,head_0,recovery,0.0,0.051719486713409424,3492,GGTGGC,2.5546875,1361,CACAAA,2.634765625,1361,CACAAA,2.634765625,3492,GGTGGC,1.0226996209894423e-06,1361,CACAAA,0.17715738713741302,340,ACACAN,0.4852517545223236,False,False,True,-0.0002914275974035263,
6,27,38,head_0,recovery,0.0,0.07629334926605225,3492,GGTGGC,2.556640625,1361,CACAAA,2.63671875,1361,CACAAA,2.63671875,3492,GGTGGC,1.0233134162263013e-06,1361,CACAAA,0.17658714950084686,340,ACACAN,0.4854569733142853,False,False,True,-0.00010823085904121399,
6,28,38,head_0,recovery,-0.0185546875,0.013213515281677246,3492,GGTGGC,2.55859375,1361,CACAAA,2.640625,1361,CACAAA,2.640625,3492,GGTGGC,1.0454775747348322e-06,1361,CACAAA,0.1780509352684021,340,ACACAN,0.4822896122932434,False,False,True,-0.0008070599287748337,
6,29,38,head_0,recovery,-0.0361328125,0.02175801992416382,3492,GGTGGC,2.5546875,1361,CACAAA,2.638671875,1361,CACAAA,2.638671875,3492,GGTGGC,1.0427788765809964e-06,1361,CACAAA,0.17785266041755676,340,ACACAN,0.4814806282520294,False,False,True,-0.0011749304831027985,
6,30,38,head_0,recovery,0.12744140625,0.0514979362487793,3492,GGTGGC,2.568359375,1361,CACAAA,2.634765625,1361,CACAAA,2.634765625,3492,GGTGGC,1.0164436616832973e-06,1361,CACAAA,0.1771625131368637,340,ACACAN,0.4861774146556854,False,False,True,-0.0015841703861951828,
6,31,38,head_0,recovery,0.12744140625,0.07924658060073853,3492,GGTGGC,2.5703125,1361,CACAAA,2.63671875,1361,CACAAA,2.63671875,3492,GGTGGC,1.010813775792485e-06,1361,CACAAA,0.17651860415935516,340,ACACAN,0.48692259192466736,False,False,True,-0.0012492146342992783,
7,0,38,head_0,recovery,-0.072265625,0.008918166160583496,3492,GGTGGC,2.548828125,1361,CACAAA,2.63671875,1361,CACAAA,2.63671875,3492,GGTGGC,1.0545337545408984e-06,1361,CACAAA,0.17815062403678894,340,ACACAN,0.47833698987960815,False,False,True,9.297765791416168e-05,
7,1,38,head_0,recovery,-0.072265625,0.01687377691268921,3492,GGTGGC,2.548828125,1361,CACAAA,2.63671875,1361,CACAAA,2.63671875,3492,GGTGGC,1.0534514558457886e-06,1361,CACAAA,0.17796601355075836,340,ACACAN,0.4796895682811737,False,False,True,7.637403905391693e-05,
7,2,38,head_0,recovery,-0.0546875,0.014078497886657715,3492,GGTGGC,2.548828125,1361,CACAAA,2.634765625,1361,CACAAA,2.634765625,3492,GGTGGC,1.0538952892602538e-06,1361,CACAAA,0.17803087830543518,340,ACACAN,0.4798790216445923,False,False,True,0.00014673173427581787,
7,3,38,head_0,recovery,-0.0361328125,0.026742994785308838,3492,GGTGGC,2.55078125,1361,CACAAA,2.634765625,1361,CACAAA,2.634765625,3492,GGTGGC,1.0542574955252348e-06,1361,CACAAA,0.17773699760437012,340,ACACAN,0.4797159731388092,False,False,True,0.0002917218953371048,
7,4,38,head_0,recovery,-0.0546875,0.037672460079193115,3492,GGTGGC,2.548828125,1361,CACAAA,2.634765625,1361,CACAAA,2.634765625,3492,GGTGGC,1.0457739563207724e-06,1361,CACAAA,0.17748336493968964,340,ACACAN,0.4810236990451813,False,False,True,0.0002609323710203171,
7,5,38,head_0,recovery,-0.072265625,0.02569633722305298,3492,GGTGGC,2.548828125,1361,CACAAA,2.63671875,1361,CACAAA,2.63671875,3492,GGTGGC,1.0371418284194078e-06,1361,CACAAA,0.1777612715959549,340,ACACAN,0.4809395968914032,False,False,True,5.025044083595276e-05,
7,6,38,head_0,recovery,-0.072265625,0.01582968235015869,3492,GGTGGC,2.548828125,1361,CACAAA,2.63671875,1361,CACAAA,2.63671875,3492,GGTGGC,1.0458037422722555e-06,1361,CACAAA,0.17799022793769836,340,ACACAN,0.48142674565315247,False,False,True,6.800517439842224e-06,
7,7,38,head_0,recovery,-0.072265625,0.0325358510017395,3492,GGTGGC,2.546875,1361,CACAAA,2.634765625,1361,CACAAA,2.634765625,3492,GGTGGC,1.0429646408738336e-06,1361,CACAAA,0.17760255932807922,340,ACACAN,0.48150837421417236,False,False,True,-0.00032979995012283325,
7,8,38,head_0,recovery,-0.0546875,0.01706838607788086,3492,GGTGGC,2.55078125,1361,CACAAA,2.63671875,1361,CACAAA,2.63671875,3492,GGTGGC,1.0553211495789583e-06,1361,CACAAA,0.17796149849891663,340,ACACAN,0.4799116551876068,False,False,True,-0.00034601427614688873,
7,9,38,head_0,recovery,-0.0546875,0.024475574493408203,3492,GGTGGC,2.548828125,1361,CACAAA,2.634765625,1361,CACAAA,2.634765625,3492,GGTGGC,1.0593432762107113e-06,1361,CACAAA,0.1777896136045456,340,ACACAN,0.4790970981121063,False,False,True,0.00010269694030284882,
7,10,38,head_0,recovery,-0.072265625,0.027814745903015137,3492,GGTGGC,2.546875,1361,CACAAA,2.634765625,1361,CACAAA,2.634765625,3492,GGTGGC,1.048233002620691e-06,1361,CACAAA,0.1777121126651764,340,ACACAN,0.48000022768974304,False,False,True,-6.685405969619751e-05,
7,11,38,head_0,recovery,-0.0185546875,0.002988576889038086,3492,GGTGGC,2.556640625,1361,CACAAA,2.638671875,1361,CACAAA,2.638671875,3492,GGTGGC,1.049677393893944e-06,1361,CACAAA,0.17828820645809174,340,ACACAN,0.48181354999542236,False,False,True,-0.00024424679577350616,
7,12,38,head_0,recovery,-0.0185546875,0.024388909339904785,3492,GGTGGC,2.556640625,1361,CACAAA,2.638671875,1361,CACAAA,2.638671875,3492,GGTGGC,1.0297269454895286e-06,1361,CACAAA,0.17779159545898438,340,ACACAN,0.4819105863571167,False,False,True,-0.00017065741121768951,
7,13,38,head_0,recovery,-0.0361328125,0.04406052827835083,3492,GGTGGC,2.5546875,1361,CACAAA,2.638671875,1361,CACAAA,2.638671875,3492,GGTGGC,1.047406840370968e-06,1361,CACAAA,0.17733512818813324,340,ACACAN,0.48102545738220215,False,False,True,-2.767518162727356e-05,
7,14,38,head_0,recovery,0.0,0.020313799381256104,3492,GGTGGC,2.55859375,1361,CACAAA,2.638671875,1361,CACAAA,2.638671875,3492,GGTGGC,1.0622868558129994e-06,1361,CACAAA,0.17788618803024292,340,ACACAN,0.48186540603637695,False,False,True,-8.195824921131134e-05,
7,15,38,head_0,recovery,0.01806640625,0.039944350719451904,3492,GGTGGC,2.55859375,1361,CACAAA,2.63671875,1361,CACAAA,2.63671875,3492,GGTGGC,1.0614035090839025e-06,1361,CACAAA,0.177430659532547,340,ACACAN,0.48070478439331055,False,False,True,-0.00041636452078819275,
7,16,38,head_0,recovery,0.0546875,0.04546171426773071,3492,GGTGGC,2.560546875,1361,CACAAA,2.634765625,1361,CACAAA,2.634765625,3492,GGTGGC,1.0355081485613482e-06,1361,CACAAA,0.17730259895324707,340,ACACAN,0.48076847195625305,False,False,True,-0.00037728622555732727,
7,17,38,head_0,recovery,0.0,0.07513809204101562,3492,GGTGGC,2.5546875,1361,CACAAA,2.634765625,1361,CACAAA,2.634765625,3492,GGTGGC,1.0459665418238728e-06,1361,CACAAA,0.1766139715909958,340,ACACAN,0.47920092940330505,False,False,True,-0.0001241285353899002,
7,18,38,head_0,recovery,-0.0546875,0.1527760624885559,3492,GGTGGC,2.5390625,1361,CACAAA,2.625,1361,CACAAA,2.625,3492,GGTGGC,1.0506252010600292e-06,1361,CACAAA,0.17481239140033722,340,ACACAN,0.4796036183834076,False,False,True,0.0006627216935157776,
7,19,38,head_0,recovery,-0.0908203125,0.1600978970527649,3492,GGTGGC,2.53125,1361,CACAAA,2.62109375,1361,CACAAA,2.62109375,3492,GGTGGC,1.0347461056881002e-06,1361,CACAAA,0.17464245855808258,340,ACACAN,0.48401665687561035,False,False,True,0.0006659273058176041,
7,20,38,head_0,recovery,-0.1455078125,0.09665018320083618,3492,GGTGGC,2.537109375,1361,CACAAA,2.6328125,1361,CACAAA,2.6328125,3492,GGTGGC,1.0466544608789263e-06,1361,CACAAA,0.1761147826910019,340,ACACAN,0.48365628719329834,False,False,True,0.0007274597883224487,
7,21,38,head_0,recovery,-0.109375,0.02245473861694336,3492,GGTGGC,2.548828125,1361,CACAAA,2.640625,1361,CACAAA,2.640625,3492,GGTGGC,1.0442620350659126e-06,1361,CACAAA,0.17783649265766144,340,ACACAN,0.4823780953884125,False,False,True,0.00038756057620048523,
7,22,38,head_0,recovery,-0.0908203125,0.009928286075592041,3492,GGTGGC,2.55078125,1361,CACAAA,2.640625,1361,CACAAA,2.640625,3492,GGTGGC,1.0461737929290393e-06,1361,CACAAA,0.17812716960906982,340,ACACAN,0.4816281497478485,False,False,True,0.00013674236834049225,
7,23,38,head_0,recovery,-0.0546875,0.013911545276641846,3492,GGTGGC,2.548828125,1361,CACAAA,2.634765625,1361,CACAAA,2.634765625,3492,GGTGGC,1.0314016662960057e-06,1361,CACAAA,0.1780347228050232,340,ACACAN,0.4837934076786041,False,False,True,-0.00016172975301742554,
7,24,38,head_0,recovery,-0.0361328125,0.03942680358886719,3492,GGTGGC,2.548828125,1361,CACAAA,2.6328125,1361,CACAAA,2.6328125,3492,GGTGGC,1.041640871335403e-06,1361,CACAAA,0.17744265496730804,340,ACACAN,0.4835328757762909,False,False,True,-0.00015212222933769226,
7,25,38,head_0,recovery,-0.0546875,0.022674381732940674,3492,GGTGGC,2.548828125,1361,CACAAA,2.634765625,1361,CACAAA,2.634765625,3492,GGTGGC,1.037327592712245e-06,1361,CACAAA,0.17783139646053314,340,ACACAN,0.48179787397384644,False,False,True,6.883777678012848e-05,
7,26,38,head_0,recovery,0.0,0.03878206014633179,3492,GGTGGC,2.5546875,1361,CACAAA,2.634765625,1361,CACAAA,2.634765625,3492,GGTGGC,1.0591112413749215e-06,1361,CACAAA,0.17745763063430786,340,ACACAN,0.4819898307323456,False,False,True,0.00012845546007156372,
7,27,38,head_0,recovery,-0.0185546875,0.02867269515991211,3492,GGTGGC,2.5546875,1361,CACAAA,2.63671875,1361,CACAAA,2.63671875,3492,GGTGGC,1.045569547386549e-06,1361,CACAAA,0.1776922047138214,340,ACACAN,0.4812958836555481,False,False,True,-4.5884400606155396e-05,
7,28,38,head_0,recovery,0.01806640625,0.051228225231170654,3492,GGTGGC,2.5546875,1361,CACAAA,2.6328125,1361,CACAAA,2.6328125,3492,GGTGGC,1.0486027122169617e-06,1361,CACAAA,0.1771688014268875,340,ACACAN,0.4821608364582062,False,False,True,0.00013340823352336884,
7,29,38,head_0,recovery,-0.0546875,0.022431612014770508,3492,GGTGGC,2.55078125,1361,CACAAA,2.63671875,1361,CACAAA,2.63671875,3492,GGTGGC,1.0554832670095493e-06,1361,CACAAA,0.1778370440006256,340,ACACAN,0.47978830337524414,False,False,True,0.00015915371477603912,
7,30,38,head_0,recovery,-0.0361328125,-0.014550447463989258,3492,GGTGGC,2.556640625,1361,CACAAA,2.640625,1361,CACAAA,2.640625,3492,GGTGGC,1.0565923957983614e-06,1361,CACAAA,0.1786952167749405,340,ACACAN,0.479250431060791,False,False,True,0.0002356506884098053,
7,31,38,head_0,recovery,-0.072265625,-0.01607370376586914,3492,GGTGGC,2.55078125,1361,CACAAA,2.638671875,1361,CACAAA,2.638671875,3492,GGTGGC,1.0334241551390733e-06,1361,CACAAA,0.1787305325269699,340,ACACAN,0.480099081993103,False,False,True,-4.805624485015869e-06,
8,0,38,head_0,recovery,-0.0185546875,0.022976160049438477,3492,GGTGGC,2.5546875,1361,CACAAA,2.63671875,1361,CACAAA,2.63671875,3492,GGTGGC,1.0385575706095551e-06,1361,CACAAA,0.17782439291477203,340,ACACAN,0.4818965196609497,False,False,True,0.00010804273188114166,
8,1,38,head_0,recovery,-0.0361328125,0.045373737812042236,3492,GGTGGC,2.55078125,1361,CACAAA,2.634765625,1361,CACAAA,2.634765625,3492,GGTGGC,1.0329257520425017e-06,1361,CACAAA,0.17730464041233063,340,ACACAN,0.48180219531059265,False,False,True,0.00014060921967029572,
8,2,38,head_0,recovery,-0.0361328125,0.013616800308227539,3492,GGTGGC,2.5546875,1361,CACAAA,2.638671875,1361,CACAAA,2.638671875,3492,GGTGGC,1.0363468163632206e-06,1361,CACAAA,0.17804157733917236,340,ACACAN,0.48227158188819885,False,False,True,7.246807217597961e-05,
8,3,38,head_0,recovery,-0.0361328125,0.023668408393859863,3492,GGTGGC,2.55078125,1361,CACAAA,2.634765625,1361,CACAAA,2.634765625,3492,GGTGGC,1.0363326055085054e-06,1361,CACAAA,0.17780832946300507,340,ACACAN,0.4814487397670746,False,False,True,1.2176111340522766e-05,
8,4,38,head_0,recovery,-0.0546875,-0.005757570266723633,3492,GGTGGC,2.5546875,1361,CACAAA,2.640625,1361,CACAAA,2.640625,3492,GGTGGC,1.047135242515651e-06,1361,CACAAA,0.17849116027355194,340,ACACAN,0.47990989685058594,False,False,True,7.180310785770416e-05,
8,5,38,head_0,recovery,-0.0185546875,0.001744091510772705,3492,GGTGGC,2.5546875,1361,CACAAA,2.63671875,1361,CACAAA,2.63671875,3492,GGTGGC,1.048640569933923e-06,1361,CACAAA,0.1783170849084854,340,ACACAN,0.4807165265083313,False,False,True,5.694106221199036e-06,
8,6,38,head_0,recovery,-0.0546875,0.009957194328308105,3492,GGTGGC,2.5546875,1361,CACAAA,2.640625,1361,CACAAA,2.640625,3492,GGTGGC,1.057584540831158e-06,1361,CACAAA,0.1781265139579773,340,ACACAN,0.4799317419528961,False,False,True,0.0002247001975774765,
8,7,38,head_0,recovery,-0.0546875,0.03632199764251709,3492,GGTGGC,2.548828125,1361,CACAAA,2.634765625,1361,CACAAA,2.634765625,3492,GGTGGC,1.0551977993600303e-06,1361,CACAAA,0.1775147169828415,340,ACACAN,0.48071977496147156,False,False,True,-0.00016532652080059052,
8,8,38,head_0,recovery,-0.0546875,-0.00613248348236084,3492,GGTGGC,2.5546875,1361,CACAAA,2.640625,1361,CACAAA,2.640625,3492,GGTGGC,1.0662396334737423e-06,1361,CACAAA,0.17849989235401154,340,ACACAN,0.478931188583374,False,False,True,-0.00013305991888046265,
8,9,38,head_0,recovery,-0.0361328125,0.003990352153778076,3492,GGTGGC,2.556640625,1361,CACAAA,2.640625,1361,CACAAA,2.640625,3492,GGTGGC,1.0566404853307176e-06,1361,CACAAA,0.17826497554779053,340,ACACAN,0.4810529053211212,False,False,True,-0.0002170521765947342,
8,10,38,head_0,recovery,0.0,0.03187185525894165,3492,GGTGGC,2.5546875,1361,CACAAA,2.634765625,1361,CACAAA,2.634765625,3492,GGTGGC,1.0436218644827022e-06,1361,CACAAA,0.17761796712875366,340,ACACAN,0.4815942347049713,False,False,True,0.00016005150973796844,
8,11,38,head_0,recovery,0.0,0.004344820976257324,3492,GGTGGC,2.5546875,1361,CACAAA,2.634765625,1361,CACAAA,2.634765625,3492,GGTGGC,1.0390151601313846e-06,1361,CACAAA,0.17825673520565033,340,ACACAN,0.48091328144073486,False,False,True,0.00018999725580215454,
8,12,38,head_0,recovery,0.01806640625,-0.0167466402053833,3492,GGTGGC,2.556640625,1361,CACAAA,2.634765625,1361,CACAAA,2.634765625,3492,GGTGGC,1.0498380333956447e-06,1361,CACAAA,0.17874616384506226,340,ACACAN,0.4822925627231598,False,False,True,0.00013597868382930756,
8,13,38,head_0,recovery,0.01806640625,-0.02437150478363037,3492,GGTGGC,2.55859375,1361,CACAAA,2.63671875,1361,CACAAA,2.63671875,3492,GGTGGC,1.0410036566099734e-06,1361,CACAAA,0.178923100233078,340,ACACAN,0.48493313789367676,False,False,True,-3.98196280002594e-05,
8,14,38,head_0,recovery,-0.0185546875,-0.048294901847839355,3492,GGTGGC,2.556640625,1361,CACAAA,2.638671875,1361,CACAAA,2.638671875,3492,GGTGGC,1.0373763643656275e-06,1361,CACAAA,0.1794782429933548,340,ACACAN,0.48389849066734314,False,False,True,-0.00038518570363521576,
8,15,38,head_0,recovery,-0.0546875,-0.024660468101501465,3492,GGTGGC,2.55078125,1361,CACAAA,2.63671875,1361,CACAAA,2.63671875,3492,GGTGGC,1.030695443660079e-06,1361,CACAAA,0.17892979085445404,340,ACACAN,0.483503133058548,False,False,True,-0.000228051096200943,
8,16,38,head_0,recovery,0.01806640625,-0.017008066177368164,3492,GGTGGC,2.556640625,1361,CACAAA,2.634765625,1361,CACAAA,2.634765625,3492,GGTGGC,1.0219324622084969e-06,1361,CACAAA,0.17875221371650696,340,ACACAN,0.48374608159065247,False,False,True,-0.00029373541474342346,
8,17,38,head_0,recovery,0.0,0.015264570713043213,3492,GGTGGC,2.5546875,1361,CACAAA,2.634765625,1361,CACAAA,2.634765625,3492,GGTGGC,1.0502043323867838e-06,1361,CACAAA,0.17800334095954895,340,ACACAN,0.4823152422904968,False,False,True,-0.0001352466642856598,
8,18,38,head_0,recovery,-0.0361328125,0.009577035903930664,3492,GGTGGC,2.55078125,1361,CACAAA,2.634765625,1361,CACAAA,2.634765625,3492,GGTGGC,1.0427801271362114e-06,1361,CACAAA,0.17813532054424286,340,ACACAN,0.4807763993740082,False,False,True,-0.000163346529006958,
8,19,38,head_0,recovery,0.0361328125,0.004112362861633301,3492,GGTGGC,2.560546875,1361,CACAAA,2.63671875,1361,CACAAA,2.63671875,3492,GGTGGC,1.0640925438565318e-06,1361,CACAAA,0.1782621443271637,340,ACACAN,0.4799308180809021,False,False,True,-0.0003231428563594818,
8,20,38,head_0,recovery,0.01806640625,-0.02559483051300049,3492,GGTGGC,2.55859375,1361,CACAAA,2.63671875,1361,CACAAA,2.63671875,3492,GGTGGC,1.0471004543433082e-06,1361,CACAAA,0.17895148694515228,340,ACACAN,0.4830823540687561,False,False,True,-0.00017751753330230713,
8,21,38,head_0,recovery,0.01806640625,0.010218560695648193,3492,GGTGGC,2.556640625,1361,CACAAA,2.634765625,1361,CACAAA,2.634765625,3492,GGTGGC,1.03201819001697e-06,1361,CACAAA,0.178120419383049,340,ACACAN,0.484632283449173,False,False,True,-0.00011780671775341034,
8,22,38,head_0,recovery,0.0,0.0007288455963134766,3492,GGTGGC,2.556640625,1361,CACAAA,2.63671875,1361,CACAAA,2.63671875,3492,GGTGGC,1.0418269766887533e-06,1361,CACAAA,0.17834064364433289,340,ACACAN,0.4822274148464203,False,False,True,0.00018024444580078125,
8,23,38,head_0,recovery,-0.0185546875,0.02104264497756958,3492,GGTGGC,2.55859375,1361,CACAAA,2.640625,1361,CACAAA,2.640625,3492,GGTGGC,1.0611278185024275e-06,1361,CACAAA,0.1778692752122879,340,ACACAN,0.4793702960014343,False,False,True,0.00012645311653614044,
8,24,38,head_0,recovery,-0.072265625,-0.014059305191040039,3492,GGTGGC,2.556640625,1361,CACAAA,2.64453125,1361,CACAAA,2.64453125,3492,GGTGGC,1.045754515871522e-06,1361,CACAAA,0.178683802485466,340,ACACAN,0.4809633195400238,False,False,True,-8.629634976387024e-05,
8,25,38,head_0,recovery,-0.0361328125,0.024925708770751953,3492,GGTGGC,2.5546875,1361,CACAAA,2.638671875,1361,CACAAA,2.638671875,3492,GGTGGC,1.0612687901812023e-06,1361,CACAAA,0.1777791678905487,340,ACACAN,0.4798664152622223,False,False,True,4.2051076889038086e-05,
8,26,38,head_0,recovery,-0.072265625,0.0207555890083313,3492,GGTGGC,2.55078125,1361,CACAAA,2.638671875,1361,CACAAA,2.638671875,3492,GGTGGC,1.0440179494253243e-06,1361,CACAAA,0.17787592113018036,340,ACACAN,0.4806627035140991,False,False,True,-2.0345672965049744e-05,
8,27,38,head_0,recovery,-0.0361328125,0.012838542461395264,3492,GGTGGC,2.5546875,1361,CACAAA,2.638671875,1361,CACAAA,2.638671875,3492,GGTGGC,1.059142505255295e-06,1361,CACAAA,0.1780596524477005,340,ACACAN,0.4797881841659546,False,False,True,0.00018846429884433746,
8,28,38,head_0,recovery,0.0,0.009157717227935791,3492,GGTGGC,2.5546875,1361,CACAAA,2.634765625,1361,CACAAA,2.634765625,3492,GGTGGC,1.042820713337278e-06,1361,CACAAA,0.17814505100250244,340,ACACAN,0.4811255633831024,False,False,True,0.00011506304144859314,
8,29,38,head_0,recovery,-0.0185546875,0.02396571636199951,3492,GGTGGC,2.556640625,1361,CACAAA,2.638671875,1361,CACAAA,2.638671875,3492,GGTGGC,1.0584205938357627e-06,1361,CACAAA,0.1778014451265335,340,ACACAN,0.47958245873451233,False,False,True,-9.637884795665741e-05,
8,30,38,head_0,recovery,-0.0361328125,0.034160494804382324,3492,GGTGGC,2.556640625,1361,CACAAA,2.640625,1361,CACAAA,2.640625,3492,GGTGGC,1.039347012010694e-06,1361,CACAAA,0.1775648593902588,340,ACACAN,0.4813327193260193,False,False,True,8.407793939113617e-05,
8,31,38,head_0,recovery,0.0,0.025867760181427002,3492,GGTGGC,2.55859375,1361,CACAAA,2.638671875,1361,CACAAA,2.638671875,3492,GGTGGC,1.0407927675259998e-06,1361,CACAAA,0.17775729298591614,340,ACACAN,0.48121508955955505,False,False,True,0.0001788027584552765,
9,0,38,head_0,recovery,-0.0546875,0.0031324028968811035,3492,GGTGGC,2.5546875,1361,CACAAA,2.640625,1361,CACAAA,2.640625,3492,GGTGGC,1.0494992466192343e-06,1361,CACAAA,0.17828486859798431,340,ACACAN,0.4810478687286377,False,False,True,1.893937587738037e-05,
9,1,38,head_0,recovery,-0.072265625,0.015820026397705078,3492,GGTGGC,2.55078125,1361,CACAAA,2.638671875,1361,CACAAA,2.638671875,3492,GGTGGC,1.0410587947262684e-06,1361,CACAAA,0.17799045145511627,340,ACACAN,0.4819933772087097,False,False,True,7.442384958267212e-05,
9,2,38,head_0,recovery,-0.0185546875,0.013108253479003906,3492,GGTGGC,2.556640625,1361,CACAAA,2.638671875,1361,CACAAA,2.638671875,3492,GGTGGC,1.0506554417588632e-06,1361,CACAAA,0.17805339395999908,340,ACACAN,0.4802253842353821,False,False,True,-0.00015311315655708313,
9,3,38,head_0,recovery,-0.0361328125,0.004541277885437012,3492,GGTGGC,2.5546875,1361,CACAAA,2.638671875,1361,CACAAA,2.638671875,3492,GGTGGC,1.0472016356288805e-06,1361,CACAAA,0.178252175450325,340,ACACAN,0.48072490096092224,False,False,True,0.00010970421135425568,
9,4,38,head_0,recovery,0.0,0.0308341383934021,3492,GGTGGC,2.556640625,1361,CACAAA,2.63671875,1361,CACAAA,2.63671875,3492,GGTGGC,1.0554371101534343e-06,1361,CACAAA,0.1776420623064041,340,ACACAN,0.4808664917945862,False,False,True,7.160007953643799e-05,
9,5,38,head_0,recovery,-0.072265625,0.021661698818206787,3492,GGTGGC,2.55078125,1361,CACAAA,2.638671875,1361,CACAAA,2.638671875,3492,GGTGGC,1.0484016002010321e-06,1361,CACAAA,0.17785489559173584,340,ACACAN,0.4807305634021759,False,False,True,0.00010118633508682251,
9,6,38,head_0,recovery,-0.072265625,-0.006544828414916992,3492,GGTGGC,2.55078125,1361,CACAAA,2.638671875,1361,CACAAA,2.638671875,3492,GGTGGC,1.0407253512312309e-06,1361,CACAAA,0.1785094290971756,340,ACACAN,0.4804059863090515,False,False,True,2.70940363407135e-05,
9,7,38,head_0,recovery,-0.0185546875,-0.005944371223449707,3492,GGTGGC,2.556640625,1361,CACAAA,2.638671875,1361,CACAAA,2.638671875,3492,GGTGGC,1.0637990044415346e-06,1361,CACAAA,0.17849551141262054,340,ACACAN,0.4793507754802704,False,False,True,0.000181613489985466,
9,8,38,head_0,recovery,-0.0361328125,0.0028550028800964355,3492,GGTGGC,2.556640625,1361,CACAAA,2.640625,1361,CACAAA,2.640625,3492,GGTGGC,1.0627541087160353e-06,1361,CACAAA,0.17829132080078125,340,ACACAN,0.47962868213653564,False,False,True,6.068311631679535e-05,
9,9,38,head_0,recovery,-0.0185546875,-0.007455348968505859,3492,GGTGGC,2.556640625,1361,CACAAA,2.638671875,1361,CACAAA,2.638671875,3492,GGTGGC,1.063073568730033e-06,1361,CACAAA,0.17853057384490967,340,ACACAN,0.4796278774738312,False,False,True,2.7719885110855103e-05,
9,10,38,head_0,recovery,0.0,0.007100880146026611,3492,GGTGGC,2.55859375,1361,CACAAA,2.638671875,1361,CACAAA,2.638671875,3492,GGTGGC,1.0575425903880387e-06,1361,CACAAA,0.17819279432296753,340,ACACAN,0.4798027276992798,False,False,True,0.00010899826884269714,
9,11,38,head_0,recovery,-0.0185546875,0.02749049663543701,3492,GGTGGC,2.5546875,1361,CACAAA,2.63671875,1361,CACAAA,2.63671875,3492,GGTGGC,1.04802347777877e-06,1361,CACAAA,0.17771963775157928,340,ACACAN,0.4809589982032776,False,False,True,-0.00013846345245838165,
9,12,38,head_0,recovery,-0.0185546875,0.013004839420318604,3492,GGTGGC,2.5546875,1361,CACAAA,2.63671875,1361,CACAAA,2.63671875,3492,GGTGGC,1.0473401061972254e-06,1361,CACAAA,0.1780557781457901,340,ACACAN,0.48124414682388306,False,False,True,-2.917274832725525e-05,
9,13,38,head_0,recovery,-0.0185546875,0.03852969408035278,3492,GGTGGC,2.5546875,1361,CACAAA,2.63671875,1361,CACAAA,2.63671875,3492,GGTGGC,1.041116547639831e-06,1361,CACAAA,0.17746347188949585,340,ACACAN,0.4817850887775421,False,False,True,2.7125701308250427e-05,
9,14,38,head_0,recovery,-0.0361328125,-0.0049343109130859375,3492,GGTGGC,2.5546875,1361,CACAAA,2.638671875,1361,CACAAA,2.638671875,3492,GGTGGC,1.0486712653801078e-06,1361,CACAAA,0.17847205698490143,340,ACACAN,0.4805326759815216,False,False,True,0.00010895729064941406,
9,15,38,head_0,recovery,0.0546875,0.03284025192260742,3492,GGTGGC,2.5546875,1361,CACAAA,2.62890625,1361,CACAAA,2.62890625,3492,GGTGGC,1.0910752052950556e-06,1361,CACAAA,0.17759554088115692,340,ACACAN,0.4786325693130493,False,False,True,0.0015820376574993134,
9,16,38,head_0,recovery,0.01806640625,0.004193246364593506,3492,GGTGGC,2.556640625,1361,CACAAA,2.634765625,1361,CACAAA,2.634765625,3492,GGTGGC,1.0972099744321895e-06,1361,CACAAA,0.17826031148433685,340,ACACAN,0.47699105739593506,False,False,True,0.0016123689711093903,
9,17,38,head_0,recovery,0.01806640625,0.03717154264450073,3492,GGTGGC,2.5546875,1361,CACAAA,2.6328125,1361,CACAAA,2.6328125,3492,GGTGGC,1.0949901252388372e-06,1361,CACAAA,0.17749503254890442,340,ACACAN,0.47825223207473755,False,False,True,0.0016588810831308365,
9,18,38,head_0,recovery,-0.0185546875,0.01729828119277954,3492,GGTGGC,2.5546875,1361,CACAAA,2.63671875,1361,CACAAA,2.63671875,3492,GGTGGC,1.045937437993416e-06,1361,CACAAA,0.17795614898204803,340,ACACAN,0.4803074598312378,False,False,True,-5.873478949069977e-05,
9,19,38,head_0,recovery,0.0,0.018242239952087402,3492,GGTGGC,2.5546875,1361,CACAAA,2.634765625,1361,CACAAA,2.634765625,3492,GGTGGC,1.05135666217393e-06,1361,CACAAA,0.17793425917625427,340,ACACAN,0.479999303817749,False,False,True,-5.752779543399811e-05,
9,20,38,head_0,recovery,0.0,0.02524036169052124,3492,GGTGGC,2.5546875,1361,CACAAA,2.634765625,1361,CACAAA,2.634765625,3492,GGTGGC,1.0551000286795897e-06,1361,CACAAA,0.17777186632156372,340,ACACAN,0.4806014597415924,False,False,True,-0.00020316243171691895,
9,21,38,head_0,recovery,-0.0185546875,0.0396425724029541,3492,GGTGGC,2.5546875,1361,CACAAA,2.63671875,1361,CACAAA,2.63671875,3492,GGTGGC,1.0523395985728712e-06,1361,CACAAA,0.1774376630783081,340,ACACAN,0.48081180453300476,False,False,True,-0.00013051554560661316,
9,22,38,head_0,recovery,-0.0361328125,0.03324544429779053,3492,GGTGGC,2.55078125,1361,CACAAA,2.634765625,1361,CACAAA,2.634765625,3492,GGTGGC,1.0564000376689364e-06,1361,CACAAA,0.17758610844612122,340,ACACAN,0.4805756211280823,False,False,True,-0.00018640048801898956,
9,23,38,head_0,recovery,0.0,0.020322799682617188,3492,GGTGGC,2.556640625,1361,CACAAA,2.63671875,1361,CACAAA,2.63671875,3492,GGTGGC,1.0494547950656852e-06,1361,CACAAA,0.177885964512825,340,ACACAN,0.48146793246269226,False,False,True,-0.00013618357479572296,
9,24,38,head_0,recovery,-0.072265625,0.018617868423461914,3492,GGTGGC,2.55078125,1361,CACAAA,2.638671875,1361,CACAAA,2.638671875,3492,GGTGGC,1.0510673291719286e-06,1361,CACAAA,0.17792554199695587,340,ACACAN,0.4814207851886749,False,False,True,-1.0095536708831787e-06,
9,25,38,head_0,recovery,-0.0546875,0.012613773345947266,3492,GGTGGC,2.55078125,1361,CACAAA,2.63671875,1361,CACAAA,2.63671875,3492,GGTGGC,1.0469656217537704e-06,1361,CACAAA,0.17806485295295715,340,ACACAN,0.4815845191478729,False,False,True,3.167986869812012e-05,
9,26,38,head_0,recovery,-0.0361328125,0.01917785406112671,3492,GGTGGC,2.5546875,1361,CACAAA,2.638671875,1361,CACAAA,2.638671875,3492,GGTGGC,1.0567732715571765e-06,1361,CACAAA,0.17791254818439484,340,ACACAN,0.48079100251197815,False,False,True,4.994310438632965e-05,
9,27,38,head_0,recovery,-0.0185546875,0.010298848152160645,3492,GGTGGC,2.55859375,1361,CACAAA,2.640625,1361,CACAAA,2.640625,3492,GGTGGC,1.0550313618296059e-06,1361,CACAAA,0.17811858654022217,340,ACACAN,0.4808632731437683,False,False,True,0.00017048418521881104,
9,28,38,head_0,recovery,-0.0361328125,0.012711405754089355,3492,GGTGGC,2.556640625,1361,CACAAA,2.640625,1361,CACAAA,2.640625,3492,GGTGGC,1.0523939408813021e-06,1361,CACAAA,0.17806260287761688,340,ACACAN,0.4802868664264679,False,False,True,0.00012393109500408173,
9,29,38,head_0,recovery,0.01806640625,0.012701749801635742,3492,GGTGGC,2.556640625,1361,CACAAA,2.634765625,1361,CACAAA,2.634765625,3492,GGTGGC,1.0612124015096924e-06,1361,CACAAA,0.1780628263950348,340,ACACAN,0.4794527590274811,False,False,True,0.00017024576663970947,
9,30,38,head_0,recovery,-0.0185546875,0.0074149370193481445,3492,GGTGGC,2.5546875,1361,CACAAA,2.63671875,1361,CACAAA,2.63671875,3492,GGTGGC,1.0488564612387563e-06,1361,CACAAA,0.17818549275398254,340,ACACAN,0.47980502247810364,False,False,True,-1.4360994100570679e-06,
9,31,38,head_0,recovery,-0.0361328125,0.006618678569793701,3492,GGTGGC,2.55078125,1361,CACAAA,2.634765625,1361,CACAAA,2.634765625,3492,GGTGGC,1.040249912875879e-06,1361,CACAAA,0.17820397019386292,340,ACACAN,0.4808369278907776,False,False,True,0.00022927112877368927,
10,0,38,head_0,recovery,-0.0185546875,-0.004970908164978027,3492,GGTGGC,2.556640625,1361,CACAAA,2.638671875,1361,CACAAA,2.638671875,3492,GGTGGC,1.0543815278651891e-06,1361,CACAAA,0.17847292125225067,340,ACACAN,0.4803077280521393,False,False,True,0.00020157918334007263,
10,1,38,head_0,recovery,-0.0185546875,0.018588364124298096,3492,GGTGGC,2.55859375,1361,CACAAA,2.640625,1361,CACAAA,2.640625,3492,GGTGGC,1.0550982096901862e-06,1361,CACAAA,0.1779262274503708,340,ACACAN,0.4796335697174072,False,False,True,0.0001262407749891281,
10,2,38,head_0,recovery,0.0,0.01637357473373413,3492,GGTGGC,2.556640625,1361,CACAAA,2.63671875,1361,CACAAA,2.63671875,3492,GGTGGC,1.0556074130363413e-06,1361,CACAAA,0.17797762155532837,340,ACACAN,0.48052674531936646,False,False,True,4.3900683522224426e-05,
10,3,38,head_0,recovery,-0.0361328125,0.012580394744873047,3492,GGTGGC,2.556640625,1361,CACAAA,2.640625,1361,CACAAA,2.640625,3492,GGTGGC,1.050330070029304e-06,1361,CACAAA,0.17806562781333923,340,ACACAN,0.48064693808555603,False,False,True,2.09808349609375e-05,
10,4,38,head_0,recovery,0.0,0.02219468355178833,3492,GGTGGC,2.556640625,1361,CACAAA,2.63671875,1361,CACAAA,2.63671875,3492,GGTGGC,1.05174137843278e-06,1361,CACAAA,0.17784254252910614,340,ACACAN,0.48105669021606445,False,False,True,6.469711661338806e-05,
10,5,38,head_0,recovery,-0.0185546875,-0.003485560417175293,3492,GGTGGC,2.55859375,1361,CACAAA,2.640625,1361,CACAAA,2.640625,3492,GGTGGC,1.0449164165038383e-06,1361,CACAAA,0.1784384399652481,340,ACACAN,0.4815724492073059,False,False,True,-0.0002721361815929413,
10,6,38,head_0,recovery,-0.0185546875,-0.002163410186767578,3492,GGTGGC,2.55859375,1361,CACAAA,2.640625,1361,CACAAA,2.640625,3492,GGTGGC,1.0655496680556098e-06,1361,CACAAA,0.17840778827667236,340,ACACAN,0.48024240136146545,False,False,True,-0.00024322979152202606,
10,7,38,head_0,recovery,-0.0546875,-9.632110595703125e-05,3492,GGTGGC,2.5546875,1361,CACAAA,2.640625,1361,CACAAA,2.640625,3492,GGTGGC,1.0560315786278807e-06,1361,CACAAA,0.17835980653762817,340,ACACAN,0.4807876646518707,False,False,True,-0.0002866573631763458,
10,8,38,head_0,recovery,-0.0361328125,0.010744452476501465,3492,GGTGGC,2.5546875,1361,CACAAA,2.638671875,1361,CACAAA,2.638671875,3492,GGTGGC,1.047709019985632e-06,1361,CACAAA,0.17810823023319244,340,ACACAN,0.48166510462760925,False,False,True,2.5549903512001038e-05,
10,9,38,head_0,recovery,0.0,0.011096358299255371,3492,GGTGGC,2.556640625,1361,CACAAA,2.63671875,1361,CACAAA,2.63671875,3492,GGTGGC,1.0490716704225633e-06,1361,CACAAA,0.17810006439685822,340,ACACAN,0.48068857192993164,False,False,True,3.997981548309326e-05,
10,10,38,head_0,recovery,-0.0361328125,0.0213964581489563,3492,GGTGGC,2.5546875,1361,CACAAA,2.638671875,1361,CACAAA,2.638671875,3492,GGTGGC,1.0390837132945308e-06,1361,CACAAA,0.1778610497713089,340,ACACAN,0.48074719309806824,False,False,True,-4.591606557369232e-05,
10,11,38,head_0,recovery,-0.0185546875,0.008055150508880615,3492,GGTGGC,2.55859375,1361,CACAAA,2.640625,1361,CACAAA,2.640625,3492,GGTGGC,1.0454624543854152e-06,1361,CACAAA,0.17817063629627228,340,ACACAN,0.4804390072822571,False,False,True,0.00017142854630947113,
10,12,38,head_0,recovery,-0.0361328125,0.014567196369171143,3492,GGTGGC,2.556640625,1361,CACAAA,2.640625,1361,CACAAA,2.640625,3492,GGTGGC,1.0382103710071533e-06,1361,CACAAA,0.17801952362060547,340,ACACAN,0.4814031720161438,False,False,True,0.00010732747614383698,
10,13,38,head_0,recovery,-0.0361328125,-0.022038578987121582,3492,GGTGGC,2.556640625,1361,CACAAA,2.640625,1361,CACAAA,2.640625,3492,GGTGGC,1.0364541367380298e-06,1361,CACAAA,0.17886896431446075,340,ACACAN,0.48087435960769653,False,False,True,0.00011670030653476715,
10,14,38,head_0,recovery,-0.0361328125,-0.04565119743347168,3492,GGTGGC,2.5546875,1361,CACAAA,2.638671875,1361,CACAAA,2.638671875,3492,GGTGGC,1.031710667120933e-06,1361,CACAAA,0.17941688001155853,340,ACACAN,0.4808776080608368,False,False,True,-0.00012410059571266174,
10,15,38,head_0,recovery,-0.072265625,-0.01976609230041504,3492,GGTGGC,2.548828125,1361,CACAAA,2.63671875,1361,CACAAA,2.63671875,3492,GGTGGC,1.0458421684234054e-06,1361,CACAAA,0.17881622910499573,340,ACACAN,0.4796920418739319,False,False,True,3.032572567462921e-05,
10,16,38,head_0,recovery,0.0,-0.03805577754974365,3492,GGTGGC,2.556640625,1361,CACAAA,2.63671875,1361,CACAAA,2.63671875,3492,GGTGGC,1.0253634172840975e-06,1361,CACAAA,0.1792406290769577,340,ACACAN,0.48266831040382385,False,False,True,-0.0004895180463790894,
10,17,38,head_0,recovery,0.10888671875,0.044690489768981934,3492,GGTGGC,2.56640625,1361,CACAAA,2.634765625,1361,CACAAA,2.634765625,3492,GGTGGC,9.976009778256412e-07,1361,CACAAA,0.1773204654455185,340,ACACAN,0.4886719286441803,False,False,True,-0.00046417489647865295,
10,18,38,head_0,recovery,0.12744140625,0.040754735469818115,3492,GGTGGC,2.568359375,1361,CACAAA,2.634765625,1361,CACAAA,2.634765625,3492,GGTGGC,9.94212314253673e-07,1361,CACAAA,0.17741179466247559,340,ACACAN,0.48940134048461914,False,False,True,-0.0007595513015985489,
10,19,38,head_0,recovery,0.16357421875,0.10109126567840576,3492,GGTGGC,2.5625,1361,CACAAA,2.625,1361,CACAAA,2.625,3492,GGTGGC,1.001004875433864e-06,1361,CACAAA,0.17601168155670166,340,ACACAN,0.48931729793548584,False,False,True,-0.000597488135099411,
10,20,38,head_0,recovery,0.0,0.03247290849685669,3492,GGTGGC,2.55859375,1361,CACAAA,2.638671875,1361,CACAAA,2.638671875,3492,GGTGGC,1.0277809678882477e-06,1361,CACAAA,0.17760400474071503,340,ACACAN,0.48342639207839966,False,False,True,-0.00026853568851947784,
10,21,38,head_0,recovery,-0.072265625,0.027002453804016113,3492,GGTGGC,2.55859375,1361,CACAAA,2.646484375,1361,CACAAA,2.646484375,3492,GGTGGC,1.046253942149633e-06,1361,CACAAA,0.1777309626340866,340,ACACAN,0.4802343547344208,False,False,True,-8.732452988624573e-05,
10,22,38,head_0,recovery,-0.0185546875,0.06027168035507202,3492,GGTGGC,2.55859375,1361,CACAAA,2.640625,1361,CACAAA,2.640625,3492,GGTGGC,1.069496988748142e-06,1361,CACAAA,0.17695897817611694,340,ACACAN,0.47879815101623535,False,False,True,5.4718926548957825e-05,
10,23,38,head_0,recovery,-0.0185546875,0.06332892179489136,3492,GGTGGC,2.55859375,1361,CACAAA,2.640625,1361,CACAAA,2.640625,3492,GGTGGC,1.0522709317228873e-06,1361,CACAAA,0.17688801884651184,340,ACACAN,0.48142609000205994,False,False,True,-2.8211623430252075e-05,
10,24,38,head_0,recovery,0.0,0.053941309452056885,3492,GGTGGC,2.556640625,1361,CACAAA,2.63671875,1361,CACAAA,2.63671875,3492,GGTGGC,1.056201313076599e-06,1361,CACAAA,0.1771058589220047,340,ACACAN,0.48189398646354675,False,False,True,-0.00010163523256778717,
10,25,38,head_0,recovery,-0.0546875,0.04675757884979248,3492,GGTGGC,2.55078125,1361,CACAAA,2.63671875,1361,CACAAA,2.63671875,3492,GGTGGC,1.0422729701531352e-06,1361,CACAAA,0.17727254331111908,340,ACACAN,0.4828777313232422,False,False,True,-9.883195161819458e-06,
10,26,38,head_0,recovery,-0.0361328125,0.03558349609375,3492,GGTGGC,2.5546875,1361,CACAAA,2.638671875,1361,CACAAA,2.638671875,3492,GGTGGC,1.0461042165843537e-06,1361,CACAAA,0.17753183841705322,340,ACACAN,0.4803701639175415,False,False,True,2.6848167181015015e-05,
10,27,38,head_0,recovery,-0.0185546875,0.01690143346786499,3492,GGTGGC,2.5546875,1361,CACAAA,2.63671875,1361,CACAAA,2.63671875,3492,GGTGGC,1.033546368489624e-06,1361,CACAAA,0.17796534299850464,340,ACACAN,0.4807429015636444,False,False,True,0.000143442302942276,
10,28,38,head_0,recovery,-0.072265625,-0.0037970542907714844,3492,GGTGGC,2.556640625,1361,CACAAA,2.64453125,1361,CACAAA,2.64453125,3492,GGTGGC,1.05442939002387e-06,1361,CACAAA,0.17844568192958832,340,ACACAN,0.47909268736839294,False,False,True,-0.00012306682765483856,
10,29,38,head_0,recovery,-0.0361328125,-0.005111575126647949,3492,GGTGGC,2.556640625,1361,CACAAA,2.640625,1361,CACAAA,2.640625,3492,GGTGGC,1.0692463092709659e-06,1361,CACAAA,0.17847619950771332,340,ACACAN,0.4793061912059784,False,False,True,-0.0001869983971118927,
10,30,38,head_0,recovery,-0.0546875,-0.038228511810302734,3492,GGTGGC,2.55859375,1361,CACAAA,2.64453125,1361,CACAAA,2.64453125,3492,GGTGGC,1.0676085366867483e-06,1361,CACAAA,0.17924468219280243,340,ACACAN,0.47803229093551636,False,False,True,-0.0002094171941280365,
10,31,38,head_0,recovery,-0.0185546875,0.004240095615386963,3492,GGTGGC,2.556640625,1361,CACAAA,2.638671875,1361,CACAAA,2.638671875,3492,GGTGGC,1.054787503562693e-06,1361,CACAAA,0.17825917899608612,340,ACACAN,0.479725182056427,False,False,True,-0.0003259461373090744,
11,0,38,head_0,recovery,-0.072265625,-0.028990507125854492,3492,GGTGGC,2.556640625,1361,CACAAA,2.64453125,1361,CACAAA,2.64453125,3492,GGTGGC,1.0403314263385255e-06,1361,CACAAA,0.17903028428554535,340,ACACAN,0.48100703954696655,False,False,True,-6.998889148235321e-05,
11,1,38,head_0,recovery,-0.0185546875,0.01278907060623169,3492,GGTGGC,2.556640625,1361,CACAAA,2.638671875,1361,CACAAA,2.638671875,3492,GGTGGC,1.0486999144632136e-06,1361,CACAAA,0.17806078493595123,340,ACACAN,0.4805606007575989,False,False,True,2.3456290364265442e-05,
11,2,38,head_0,recovery,-0.0361328125,-0.004825115203857422,3492,GGTGGC,2.556640625,1361,CACAAA,2.640625,1361,CACAAA,2.640625,3492,GGTGGC,1.038248910845141e-06,1361,CACAAA,0.17846952378749847,340,ACACAN,0.4816342890262604,False,False,True,7.332861423492432e-05,
11,3,38,head_0,recovery,-0.0185546875,0.011327564716339111,3492,GGTGGC,2.556640625,1361,CACAAA,2.638671875,1361,CACAAA,2.638671875,3492,GGTGGC,1.038393406815885e-06,1361,CACAAA,0.17809469997882843,340,ACACAN,0.4808134436607361,False,False,True,5.677714943885803e-05,
11,4,38,head_0,recovery,0.0,-0.007651925086975098,3492,GGTGGC,2.55859375,1361,CACAAA,2.638671875,1361,CACAAA,2.638671875,3492,GGTGGC,1.0386269195805653e-06,1361,CACAAA,0.1785351186990738,340,ACACAN,0.4818628132343292,False,False,True,-3.841519355773926e-05,
11,5,38,head_0,recovery,0.01806640625,0.024009406566619873,3492,GGTGGC,2.5625,1361,CACAAA,2.640625,1361,CACAAA,2.640625,3492,GGTGGC,1.0408541584183695e-06,1361,CACAAA,0.17780041694641113,340,ACACAN,0.48083269596099854,False,False,True,0.00011789798736572266,
11,6,38,head_0,recovery,0.0,0.0073899030685424805,3492,GGTGGC,2.560546875,1361,CACAAA,2.640625,1361,CACAAA,2.640625,3492,GGTGGC,1.0616031431709416e-06,1361,CACAAA,0.1781860888004303,340,ACACAN,0.4802461266517639,False,False,True,0.00011871196329593658,
11,7,38,head_0,recovery,0.0,0.018131136894226074,3492,GGTGGC,2.560546875,1361,CACAAA,2.640625,1361,CACAAA,2.640625,3492,GGTGGC,1.0509269259273424e-06,1361,CACAAA,0.1779368370771408,340,ACACAN,0.47911351919174194,False,False,True,6.186962127685547e-05,
11,8,38,head_0,recovery,-0.0185546875,-0.002751588821411133,3492,GGTGGC,2.556640625,1361,CACAAA,2.638671875,1361,CACAAA,2.638671875,3492,GGTGGC,1.0616270174068632e-06,1361,CACAAA,0.17842142283916473,340,ACACAN,0.4787498414516449,False,False,True,-3.053806722164154e-05,
11,9,38,head_0,recovery,-0.0546875,-0.00279080867767334,3492,GGTGGC,2.5546875,1361,CACAAA,2.640625,1361,CACAAA,2.640625,3492,GGTGGC,1.043276483869704e-06,1361,CACAAA,0.17842231690883636,340,ACACAN,0.4800542891025543,False,False,True,-2.7574598789215088e-05,
11,10,38,head_0,recovery,0.0,0.009902596473693848,3492,GGTGGC,2.556640625,1361,CACAAA,2.63671875,1361,CACAAA,2.63671875,3492,GGTGGC,1.0573361350907362e-06,1361,CACAAA,0.17812778055667877,340,ACACAN,0.4804040491580963,False,False,True,-1.1589378118515015e-05,
11,11,38,head_0,recovery,-0.0908203125,-0.01648855209350586,3492,GGTGGC,2.546875,1361,CACAAA,2.63671875,1361,CACAAA,2.63671875,3492,GGTGGC,1.0460654493726906e-06,1361,CACAAA,0.17874017357826233,340,ACACAN,0.47981008887290955,False,False,True,5.41098415851593e-05,
11,12,38,head_0,recovery,-0.109375,-0.025910139083862305,3492,GGTGGC,2.546875,1361,CACAAA,2.638671875,1361,CACAAA,2.638671875,3492,GGTGGC,1.03549757568544e-06,1361,CACAAA,0.17895878851413727,340,ACACAN,0.48042622208595276,False,False,True,-0.00011464953422546387,
11,13,38,head_0,recovery,-0.0908203125,-0.004416108131408691,3492,GGTGGC,2.548828125,1361,CACAAA,2.638671875,1361,CACAAA,2.638671875,3492,GGTGGC,1.0395286835773732e-06,1361,CACAAA,0.178460031747818,340,ACACAN,0.4812120199203491,False,False,True,-0.00010677054524421692,
11,14,38,head_0,recovery,-0.072265625,-0.08022451400756836,3492,GGTGGC,2.55859375,1361,CACAAA,2.646484375,1361,CACAAA,2.646484375,3492,GGTGGC,1.0061166904051788e-06,1361,CACAAA,0.1802191436290741,340,ACACAN,0.4839426577091217,False,False,True,-0.00041455961763858795,
11,15,38,head_0,recovery,-0.109375,-0.037976861000061035,3492,GGTGGC,2.5546875,1361,CACAAA,2.646484375,1361,CACAAA,2.646484375,3492,GGTGGC,1.0100843610416632e-06,1361,CACAAA,0.17923878133296967,340,ACACAN,0.4844636917114258,False,False,True,-0.00043493881821632385,
11,16,38,head_0,recovery,-0.109375,-0.09977233409881592,3492,GGTGGC,2.560546875,1361,CACAAA,2.65234375,1361,CACAAA,2.65234375,3492,GGTGGC,1.013710857478145e-06,1361,CACAAA,0.180672749876976,340,ACACAN,0.4856051206588745,False,False,True,-0.0009630750864744186,
11,17,38,head_0,recovery,0.0546875,-0.08112168312072754,3492,GGTGGC,2.56640625,1361,CACAAA,2.640625,1361,CACAAA,2.640625,3492,GGTGGC,1.0414850066808867e-06,1361,CACAAA,0.1802399903535843,340,ACACAN,0.4859522581100464,False,False,True,-0.0006799325346946716,
11,18,38,head_0,recovery,0.0546875,-0.12504804134368896,3492,GGTGGC,2.57421875,1361,CACAAA,2.6484375,1361,CACAAA,2.6484375,3492,GGTGGC,1.045515659825469e-06,1361,CACAAA,0.18125930428504944,340,ACACAN,0.4849492311477661,False,False,True,-0.0006768833845853806,
11,19,38,head_0,recovery,-0.072265625,-0.05947542190551758,3492,GGTGGC,2.55859375,1361,CACAAA,2.646484375,1361,CACAAA,2.646484375,3492,GGTGGC,9.993556204790366e-07,1361,CACAAA,0.1797376424074173,340,ACACAN,0.49105891585350037,False,False,True,-0.00031795352697372437,
11,20,38,head_0,recovery,-0.109375,0.0275803804397583,3492,GGTGGC,2.556640625,1361,CACAAA,2.6484375,1361,CACAAA,2.6484375,3492,GGTGGC,1.0097395488628536e-06,1361,CACAAA,0.17771752178668976,340,ACACAN,0.4879610240459442,False,False,True,-0.000280940905213356,
11,21,38,head_0,recovery,-0.0908203125,0.06058502197265625,3492,GGTGGC,2.548828125,1361,CACAAA,2.638671875,1361,CACAAA,2.638671875,3492,GGTGGC,1.0124120990440133e-06,1361,CACAAA,0.17695164680480957,340,ACACAN,0.4889221787452698,False,False,True,-0.000420350581407547,
11,22,38,head_0,recovery,0.0,0.02049553394317627,3492,GGTGGC,2.556640625,1361,CACAAA,2.63671875,1361,CACAAA,2.63671875,3492,GGTGGC,1.0523222044866998e-06,1361,CACAAA,0.17788197100162506,340,ACACAN,0.48296546936035156,False,False,True,-0.0001236405223608017,
11,23,38,head_0,recovery,0.01806640625,0.03621220588684082,3492,GGTGGC,2.556640625,1361,CACAAA,2.634765625,1361,CACAAA,2.634765625,3492,GGTGGC,1.0489793567103334e-06,1361,CACAAA,0.17751725018024445,340,ACACAN,0.48307228088378906,False,False,True,-8.148886263370514e-05,
11,24,38,head_0,recovery,-0.0361328125,0.016084611415863037,3492,GGTGGC,2.556640625,1361,CACAAA,2.640625,1361,CACAAA,2.640625,3492,GGTGGC,1.0604122735458077e-06,1361,CACAAA,0.1779843270778656,340,ACACAN,0.4803762137889862,False,False,True,0.00017980672419071198,
11,25,38,head_0,recovery,-0.0185546875,0.014238417148590088,3492,GGTGGC,2.55859375,1361,CACAAA,2.640625,1361,CACAAA,2.640625,3492,GGTGGC,1.0506134913157439e-06,1361,CACAAA,0.1780271679162979,340,ACACAN,0.4800301790237427,False,False,True,0.000261528417468071,
11,26,38,head_0,recovery,-0.0361328125,-0.02076137065887451,3492,GGTGGC,2.560546875,1361,CACAAA,2.64453125,1361,CACAAA,2.64453125,3492,GGTGGC,1.042693270392192e-06,1361,CACAAA,0.1788393259048462,340,ACACAN,0.47935160994529724,False,False,True,0.00014081597328186035,
11,27,38,head_0,recovery,-0.0185546875,0.023332536220550537,3492,GGTGGC,2.556640625,1361,CACAAA,2.638671875,1361,CACAAA,2.638671875,3492,GGTGGC,1.0444907729834085e-06,1361,CACAAA,0.17781612277030945,340,ACACAN,0.480823814868927,False,False,True,-0.00011461600661277771,
11,28,38,head_0,recovery,-0.0908203125,-0.03302967548370361,3492,GGTGGC,2.5546875,1361,CACAAA,2.64453125,1361,CACAAA,2.64453125,3492,GGTGGC,1.0371651342211408e-06,1361,CACAAA,0.17912401258945465,340,ACACAN,0.48052507638931274,False,False,True,-0.00028294511139392853,
11,29,38,head_0,recovery,-0.0185546875,-0.0011211633682250977,3492,GGTGGC,2.556640625,1361,CACAAA,2.638671875,1361,CACAAA,2.638671875,3492,GGTGGC,1.0519809165998595e-06,1361,CACAAA,0.17838358879089355,340,ACACAN,0.48107925057411194,False,False,True,-0.00015848129987716675,
11,30,38,head_0,recovery,-0.072265625,-0.024954676628112793,3492,GGTGGC,2.556640625,1361,CACAAA,2.64453125,1361,CACAAA,2.64453125,3492,GGTGGC,1.0315757208445575e-06,1361,CACAAA,0.17893661558628082,340,ACACAN,0.48054268956184387,False,False,True,-0.00016538240015506744,
11,31,38,head_0,recovery,-0.0361328125,-0.0018346309661865234,3492,GGTGGC,2.556640625,1361,CACAAA,2.640625,1361,CACAAA,2.640625,3492,GGTGGC,1.0290411864843918e-06,1361,CACAAA,0.17840011417865753,340,ACACAN,0.4810430705547333,False,False,True,1.6743317246437073e-05,
12,0,38,head_0,recovery,-0.0361328125,0.0025711655616760254,3492,GGTGGC,2.5546875,1361,CACAAA,2.638671875,1361,CACAAA,2.638671875,3492,GGTGGC,1.0562109764578054e-06,1361,CACAAA,0.17829790711402893,340,ACACAN,0.48077481985092163,False,False,True,-3.26354056596756e-05,
12,1,38,head_0,recovery,-0.0361328125,0.01642751693725586,3492,GGTGGC,2.5546875,1361,CACAAA,2.638671875,1361,CACAAA,2.638671875,3492,GGTGGC,1.0479698175913654e-06,1361,CACAAA,0.1779763549566269,340,ACACAN,0.48068466782569885,False,False,True,-0.00011607259511947632,
12,2,38,head_0,recovery,-0.0361328125,0.0012406110763549805,3492,GGTGGC,2.5546875,1361,CACAAA,2.638671875,1361,CACAAA,2.638671875,3492,GGTGGC,1.0510253787288093e-06,1361,CACAAA,0.17832878232002258,340,ACACAN,0.4807627499103546,False,False,True,-0.00010801106691360474,
12,3,38,head_0,recovery,-0.0361328125,0.00904470682144165,3492,GGTGGC,2.5546875,1361,CACAAA,2.638671875,1361,CACAAA,2.638671875,3492,GGTGGC,1.040631786963786e-06,1361,CACAAA,0.17814767360687256,340,ACACAN,0.482095330953598,False,False,True,-5.963258445262909e-05,
12,4,38,head_0,recovery,-0.0546875,-0.01709604263305664,3492,GGTGGC,2.5546875,1361,CACAAA,2.640625,1361,CACAAA,2.640625,3492,GGTGGC,1.0342474752178532e-06,1361,CACAAA,0.17875425517559052,340,ACACAN,0.48141735792160034,False,False,True,-0.00010306015610694885,
12,5,38,head_0,recovery,-0.0361328125,0.0016997456550598145,3492,GGTGGC,2.5546875,1361,CACAAA,2.638671875,1361,CACAAA,2.638671875,3492,GGTGGC,1.0426101653138176e-06,1361,CACAAA,0.1783181130886078,340,ACACAN,0.4809614419937134,False,False,True,-6.189942359924316e-05,
12,6,38,head_0,recovery,-0.0185546875,-0.012360095977783203,3492,GGTGGC,2.556640625,1361,CACAAA,2.638671875,1361,CACAAA,2.638671875,3492,GGTGGC,1.058388193087012e-06,1361,CACAAA,0.17864438891410828,340,ACACAN,0.47996288537979126,False,False,True,8.467212319374084e-05,
12,7,38,head_0,recovery,-0.0185546875,0.0034862160682678223,3492,GGTGGC,2.556640625,1361,CACAAA,2.638671875,1361,CACAAA,2.638671875,3492,GGTGGC,1.0662719205356552e-06,1361,CACAAA,0.1782766878604889,340,ACACAN,0.47942838072776794,False,False,True,9.277835488319397e-06,
12,8,38,head_0,recovery,-0.0185546875,0.0006697773933410645,3492,GGTGGC,2.556640625,1361,CACAAA,2.638671875,1361,CACAAA,2.638671875,3492,GGTGGC,1.058259954334062e-06,1361,CACAAA,0.1783420294523239,340,ACACAN,0.48010194301605225,False,False,True,4.698894917964935e-05,
12,9,38,head_0,recovery,-0.0361328125,0.011931180953979492,3492,GGTGGC,2.5546875,1361,CACAAA,2.638671875,1361,CACAAA,2.638671875,3492,GGTGGC,1.0514188488741638e-06,1361,CACAAA,0.1780807077884674,340,ACACAN,0.48073166608810425,False,False,True,9.190477430820465e-05,
12,10,38,head_0,recovery,-0.0908203125,-0.022073984146118164,3492,GGTGGC,2.5546875,1361,CACAAA,2.64453125,1361,CACAAA,2.64453125,3492,GGTGGC,1.0631283657858148e-06,1361,CACAAA,0.1788697987794876,340,ACACAN,0.4785343110561371,False,False,True,9.690225124359131e-05,
12,11,38,head_0,recovery,-0.072265625,-0.02133357524871826,3492,GGTGGC,2.556640625,1361,CACAAA,2.64453125,1361,CACAAA,2.64453125,3492,GGTGGC,1.0654562174750026e-06,1361,CACAAA,0.1788526326417923,340,ACACAN,0.4787220358848572,False,False,True,0.00019498541951179504,
12,12,38,head_0,recovery,-0.072265625,-0.040555715560913086,3492,GGTGGC,2.556640625,1361,CACAAA,2.64453125,1361,CACAAA,2.64453125,3492,GGTGGC,1.0573102144917357e-06,1361,CACAAA,0.17929866909980774,340,ACACAN,0.48103028535842896,False,False,True,-0.00026397593319416046,
12,13,38,head_0,recovery,-0.0185546875,-0.012376785278320312,3492,GGTGGC,2.556640625,1361,CACAAA,2.638671875,1361,CACAAA,2.638671875,3492,GGTGGC,1.0565045158728026e-06,1361,CACAAA,0.17864477634429932,340,ACACAN,0.48185715079307556,False,False,True,-0.0004302561283111572,
12,14,38,head_0,recovery,-0.072265625,-0.04536092281341553,3492,GGTGGC,2.556640625,1361,CACAAA,2.64453125,1361,CACAAA,2.64453125,3492,GGTGGC,1.045452336256858e-06,1361,CACAAA,0.1794101595878601,340,ACACAN,0.4818291664123535,False,False,True,-0.0004268605262041092,
12,15,38,head_0,recovery,-0.0908203125,-0.010226845741271973,3492,GGTGGC,2.55078125,1361,CACAAA,2.640625,1361,CACAAA,2.640625,3492,GGTGGC,1.0582095910649514e-06,1361,CACAAA,0.17859488725662231,340,ACACAN,0.4800422787666321,False,False,True,-0.00010696984827518463,
12,16,38,head_0,recovery,-0.126953125,-0.03970742225646973,3492,GGTGGC,2.55078125,1361,CACAAA,2.64453125,1361,CACAAA,2.64453125,3492,GGTGGC,1.0454688208483276e-06,1361,CACAAA,0.17927896976470947,340,ACACAN,0.47997304797172546,False,False,True,-0.00023433566093444824,
12,17,38,head_0,recovery,-0.1455078125,-0.045642852783203125,3492,GGTGGC,2.55078125,1361,CACAAA,2.646484375,1361,CACAAA,2.646484375,3492,GGTGGC,1.0274934538756497e-06,1361,CACAAA,0.179416686296463,340,ACACAN,0.4793314039707184,False,False,True,-0.0002208668738603592,
12,18,38,head_0,recovery,-0.1640625,-0.03698599338531494,3492,GGTGGC,2.55078125,1361,CACAAA,2.6484375,1361,CACAAA,2.6484375,3492,GGTGGC,1.0370803238402004e-06,1361,CACAAA,0.17921581864356995,340,ACACAN,0.479021281003952,False,False,True,-0.00013606064021587372,
12,19,38,head_0,recovery,0.0,0.05235010385513306,3492,GGTGGC,2.556640625,1361,CACAAA,2.63671875,1361,CACAAA,2.63671875,3492,GGTGGC,1.0469459539308446e-06,1361,CACAAA,0.17714276909828186,340,ACACAN,0.4804377257823944,False,False,True,-0.00014389678835868835,
12,20,38,head_0,recovery,0.0,0.0572471022605896,3492,GGTGGC,2.556640625,1361,CACAAA,2.63671875,1361,CACAAA,2.63671875,3492,GGTGGC,1.0528319762670435e-06,1361,CACAAA,0.17702914774417877,340,ACACAN,0.4811416268348694,False,False,True,-4.735216498374939e-05,
12,21,38,head_0,recovery,0.0,0.09301042556762695,3492,GGTGGC,2.556640625,1361,CACAAA,2.63671875,1361,CACAAA,2.63671875,3492,GGTGGC,1.045554427037132e-06,1361,CACAAA,0.17619924247264862,340,ACACAN,0.48263463377952576,False,False,True,0.00016908906400203705,
12,22,38,head_0,recovery,-0.0546875,0.05999553203582764,3492,GGTGGC,2.55078125,1361,CACAAA,2.63671875,1361,CACAAA,2.63671875,3492,GGTGGC,1.0454333505549585e-06,1361,CACAAA,0.1769653558731079,340,ACACAN,0.48127660155296326,False,False,True,0.00024690479040145874,
12,23,38,head_0,recovery,-0.0185546875,0.05303269624710083,3492,GGTGGC,2.556640625,1361,CACAAA,2.638671875,1361,CACAAA,2.638671875,3492,GGTGGC,1.0564693866399466e-06,1361,CACAAA,0.177126944065094,340,ACACAN,0.4814221262931824,False,False,True,0.00021694786846637726,
12,24,38,head_0,recovery,-0.0185546875,0.0299949049949646,3492,GGTGGC,2.55859375,1361,CACAAA,2.640625,1361,CACAAA,2.640625,3492,GGTGGC,1.0446484566273284e-06,1361,CACAAA,0.17766152322292328,340,ACACAN,0.4821462035179138,False,False,True,-4.41819429397583e-06,
12,25,38,head_0,recovery,-0.0361328125,0.01744598150253296,3492,GGTGGC,2.556640625,1361,CACAAA,2.640625,1361,CACAAA,2.640625,3492,GGTGGC,1.052275592883234e-06,1361,CACAAA,0.17795273661613464,340,ACACAN,0.4797782003879547,False,False,True,7.229112088680267e-05,
12,26,38,head_0,recovery,-0.0546875,-0.008595824241638184,3492,GGTGGC,2.5546875,1361,CACAAA,2.640625,1361,CACAAA,2.640625,3492,GGTGGC,1.0483732921784394e-06,1361,CACAAA,0.17855702340602875,340,ACACAN,0.4812825620174408,False,False,True,-4.322081804275513e-05,
12,27,38,head_0,recovery,-0.0185546875,0.010404109954833984,3492,GGTGGC,2.556640625,1361,CACAAA,2.638671875,1361,CACAAA,2.638671875,3492,GGTGGC,1.0617355883368873e-06,1361,CACAAA,0.17811614274978638,340,ACACAN,0.48107683658599854,False,False,True,-9.557977318763733e-05,
12,28,38,head_0,recovery,-0.0361328125,0.0001271367073059082,3492,GGTGGC,2.556640625,1361,CACAAA,2.640625,1361,CACAAA,2.640625,3492,GGTGGC,1.047797695719055e-06,1361,CACAAA,0.17835460603237152,340,ACACAN,0.4822430908679962,False,False,True,-0.00021834298968315125,
12,29,38,head_0,recovery,-0.0361328125,0.005661189556121826,3492,GGTGGC,2.5546875,1361,CACAAA,2.638671875,1361,CACAAA,2.638671875,3492,GGTGGC,1.0440639925946016e-06,1361,CACAAA,0.17822618782520294,340,ACACAN,0.4824329614639282,False,False,True,-5.039013922214508e-05,
12,30,38,head_0,recovery,0.0,0.017432451248168945,3492,GGTGGC,2.556640625,1361,CACAAA,2.63671875,1361,CACAAA,2.63671875,3492,GGTGGC,1.0594268360364367e-06,1361,CACAAA,0.17795304954051971,340,ACACAN,0.4819950461387634,False,False,True,-0.00011304020881652832,
12,31,38,head_0,recovery,-0.0185546875,-0.0030450820922851562,3492,GGTGGC,2.556640625,1361,CACAAA,2.638671875,1361,CACAAA,2.638671875,3492,GGTGGC,1.060015620168997e-06,1361,CACAAA,0.17842823266983032,340,ACACAN,0.47997501492500305,False,False,True,-4.29544597864151e-05,
13,0,38,head_0,recovery,0.0,0.013541698455810547,3492,GGTGGC,2.556640625,1361,CACAAA,2.63671875,1361,CACAAA,2.63671875,3492,GGTGGC,1.0584542451397283e-06,1361,CACAAA,0.17804333567619324,340,ACACAN,0.4806087613105774,False,False,True,-4.022754728794098e-05,
13,1,38,head_0,recovery,-0.0185546875,0.012030720710754395,3492,GGTGGC,2.5546875,1361,CACAAA,2.63671875,1361,CACAAA,2.63671875,3492,GGTGGC,1.0489610531294602e-06,1361,CACAAA,0.17807838320732117,340,ACACAN,0.48076942563056946,False,False,True,-2.5527551770210266e-05,
13,2,38,head_0,recovery,-0.0185546875,-0.0020676851272583008,3492,GGTGGC,2.5546875,1361,CACAAA,2.63671875,1361,CACAAA,2.63671875,3492,GGTGGC,1.0547043984843185e-06,1361,CACAAA,0.1784055531024933,340,ACACAN,0.48000919818878174,False,False,True,-4.845671355724335e-05,
13,3,38,head_0,recovery,-0.0185546875,0.00018364191055297852,3492,GGTGGC,2.5546875,1361,CACAAA,2.63671875,1361,CACAAA,2.63671875,3492,GGTGGC,1.0474891496414784e-06,1361,CACAAA,0.17835329473018646,340,ACACAN,0.4805354177951813,False,False,True,-4.7439709305763245e-05,
13,4,38,head_0,recovery,-0.0185546875,0.017433106899261475,3492,GGTGGC,2.5546875,1361,CACAAA,2.63671875,1361,CACAAA,2.63671875,3492,GGTGGC,1.0415654969619936e-06,1361,CACAAA,0.17795301973819733,340,ACACAN,0.4813995659351349,False,False,True,-5.646049976348877e-05,
13,5,38,head_0,recovery,0.0,0.038513004779815674,3492,GGTGGC,2.5546875,1361,CACAAA,2.634765625,1361,CACAAA,2.634765625,3492,GGTGGC,1.0525415063966648e-06,1361,CACAAA,0.17746387422084808,340,ACACAN,0.4808975160121918,False,False,True,1.1960044503211975e-05,
13,6,38,head_0,recovery,-0.0546875,0.03658270835876465,3492,GGTGGC,2.55078125,1361,CACAAA,2.63671875,1361,CACAAA,2.63671875,3492,GGTGGC,1.049547563525266e-06,1361,CACAAA,0.1775086522102356,340,ACACAN,0.48054197430610657,False,False,True,-1.8713995814323425e-05,
13,7,38,head_0,recovery,0.0,0.0070302486419677734,3492,GGTGGC,2.556640625,1361,CACAAA,2.63671875,1361,CACAAA,2.63671875,3492,GGTGGC,1.0566095625108574e-06,1361,CACAAA,0.17819443345069885,340,ACACAN,0.48014402389526367,False,False,True,-0.000115150585770607,
13,8,38,head_0,recovery,-0.0361328125,-0.014332771301269531,3492,GGTGGC,2.5546875,1361,CACAAA,2.638671875,1361,CACAAA,2.638671875,3492,GGTGGC,1.053899268299574e-06,1361,CACAAA,0.17869016528129578,340,ACACAN,0.48077496886253357,False,False,True,-0.00012269988656044006,
13,9,38,head_0,recovery,-0.0185546875,0.012560486793518066,3492,GGTGGC,2.556640625,1361,CACAAA,2.638671875,1361,CACAAA,2.638671875,3492,GGTGGC,1.059981286744005e-06,1361,CACAAA,0.17806610465049744,340,ACACAN,0.47994470596313477,False,False,True,-0.00028949975967407227,
13,10,38,head_0,recovery,-0.0361328125,0.004757702350616455,3492,GGTGGC,2.556640625,1361,CACAAA,2.640625,1361,CACAAA,2.640625,3492,GGTGGC,1.0517881037230836e-06,1361,CACAAA,0.17824716866016388,340,ACACAN,0.48000770807266235,False,False,True,-0.0003818236291408539,
13,11,38,head_0,recovery,-0.072265625,-0.05236482620239258,3492,GGTGGC,2.55859375,1361,CACAAA,2.646484375,1361,CACAAA,2.646484375,3492,GGTGGC,1.0558266012594686e-06,1361,CACAAA,0.1795727014541626,340,ACACAN,0.47811123728752136,False,False,True,-0.0003187675029039383,
13,12,38,head_0,recovery,-0.1640625,-0.06611907482147217,3492,GGTGGC,2.55078125,1361,CACAAA,2.6484375,1361,CACAAA,2.6484375,3492,GGTGGC,1.0512148946872912e-06,1361,CACAAA,0.17989186942577362,340,ACACAN,0.4781942665576935,False,False,True,-0.00029166601598262787,
13,13,38,head_0,recovery,-0.109375,-0.0643467903137207,3492,GGTGGC,2.556640625,1361,CACAAA,2.6484375,1361,CACAAA,2.6484375,3492,GGTGGC,1.0618343821988674e-06,1361,CACAAA,0.1798507422208786,340,ACACAN,0.47856664657592773,False,False,True,4.5804306864738464e-05,
13,14,38,head_0,recovery,0.0361328125,0.028913497924804688,3492,GGTGGC,2.556640625,1361,CACAAA,2.6328125,1361,CACAAA,2.6328125,3492,GGTGGC,1.0549017588346032e-06,1361,CACAAA,0.1776866316795349,340,ACACAN,0.48200833797454834,False,False,True,0.0002431292086839676,
13,15,38,head_0,recovery,0.0546875,0.04287254810333252,3492,GGTGGC,2.55859375,1361,CACAAA,2.6328125,1361,CACAAA,2.6328125,3492,GGTGGC,1.0529015526117291e-06,1361,CACAAA,0.17736271023750305,340,ACACAN,0.4826812446117401,False,False,True,0.0004144050180912018,
13,16,38,head_0,recovery,-0.0546875,-0.060703158378601074,3492,GGTGGC,2.55078125,1361,CACAAA,2.63671875,1361,CACAAA,2.63671875,3492,GGTGGC,1.0390247098257532e-06,1361,CACAAA,0.17976617813110352,340,ACACAN,0.4823066294193268,False,False,True,0.00012446008622646332,
13,17,38,head_0,recovery,-0.2177734375,-0.13136231899261475,3492,GGTGGC,2.54296875,1361,CACAAA,2.646484375,1361,CACAAA,2.646484375,3492,GGTGGC,1.0353732022849726e-06,1361,CACAAA,0.18140581250190735,340,ACACAN,0.4798990786075592,False,False,True,-4.990212619304657e-05,
13,18,38,head_0,recovery,-0.236328125,-0.16636788845062256,3492,GGTGGC,2.5390625,1361,CACAAA,2.64453125,1361,CACAAA,2.64453125,3492,GGTGGC,1.0173037026106613e-06,1361,CACAAA,0.18221810460090637,340,ACACAN,0.4799635410308838,False,False,True,-4.657730460166931e-05,
13,19,38,head_0,recovery,-0.181640625,-0.0905458927154541,3492,GGTGGC,2.537109375,1361,CACAAA,2.63671875,1361,CACAAA,2.63671875,3492,GGTGGC,1.031187593980576e-06,1361,CACAAA,0.180458664894104,340,ACACAN,0.4814167618751526,False,False,True,-0.0001954939216375351,
13,20,38,head_0,recovery,-0.126953125,-0.0426793098449707,3492,GGTGGC,2.54296875,1361,CACAAA,2.63671875,1361,CACAAA,2.63671875,3492,GGTGGC,1.028143856274255e-06,1361,CACAAA,0.1793479174375534,340,ACACAN,0.48245638608932495,False,False,True,-9.82973724603653e-05,
13,21,38,head_0,recovery,-0.0908203125,-0.03511345386505127,3492,GGTGGC,2.548828125,1361,CACAAA,2.638671875,1361,CACAAA,2.638671875,3492,GGTGGC,1.0301313295713044e-06,1361,CACAAA,0.1791723519563675,340,ACACAN,0.48220473527908325,False,False,True,3.1907111406326294e-06,
13,22,38,head_0,recovery,-0.072265625,0.007530510425567627,3492,GGTGGC,2.55078125,1361,CACAAA,2.638671875,1361,CACAAA,2.638671875,3492,GGTGGC,1.0216222108283546e-06,1361,CACAAA,0.17818279564380646,340,ACACAN,0.4831257462501526,False,False,True,7.296912372112274e-05,
13,23,38,head_0,recovery,-0.072265625,-0.02154862880706787,3492,GGTGGC,2.55078125,1361,CACAAA,2.638671875,1361,CACAAA,2.638671875,3492,GGTGGC,1.0492326509847771e-06,1361,CACAAA,0.17885759472846985,340,ACACAN,0.48137232661247253,False,False,True,-6.800144910812378e-05,
13,24,38,head_0,recovery,-0.0546875,-0.01374518871307373,3492,GGTGGC,2.55078125,1361,CACAAA,2.63671875,1361,CACAAA,2.63671875,3492,GGTGGC,1.0471832183611696e-06,1361,CACAAA,0.1786765158176422,340,ACACAN,0.48228856921195984,False,False,True,-0.00023405998945236206,
13,25,38,head_0,recovery,-0.0361328125,-0.02533280849456787,3492,GGTGGC,2.5546875,1361,CACAAA,2.638671875,1361,CACAAA,2.638671875,3492,GGTGGC,1.0644258736647316e-06,1361,CACAAA,0.1789454221725464,340,ACACAN,0.47962135076522827,False,False,True,-0.00012448057532310486,
13,26,38,head_0,recovery,-0.0185546875,-0.013840317726135254,3492,GGTGGC,2.556640625,1361,CACAAA,2.638671875,1361,CACAAA,2.638671875,3492,GGTGGC,1.051604954227514e-06,1361,CACAAA,0.1786787360906601,340,ACACAN,0.4805242121219635,False,False,True,-5.486421287059784e-05,
13,27,38,head_0,recovery,-0.0361328125,0.008130908012390137,3492,GGTGGC,2.5546875,1361,CACAAA,2.638671875,1361,CACAAA,2.638671875,3492,GGTGGC,1.0513305142012541e-06,1361,CACAAA,0.1781688928604126,340,ACACAN,0.4806395471096039,False,False,True,-1.718290150165558e-05,
13,28,38,head_0,recovery,-0.0361328125,0.005578339099884033,3492,GGTGGC,2.5546875,1361,CACAAA,2.638671875,1361,CACAAA,2.638671875,3492,GGTGGC,1.0399650136605487e-06,1361,CACAAA,0.17822811007499695,340,ACACAN,0.48085805773735046,False,False,True,2.8382986783981323e-05,
13,29,38,head_0,recovery,-0.0185546875,0.012758910655975342,3492,GGTGGC,2.5546875,1361,CACAAA,2.63671875,1361,CACAAA,2.63671875,3492,GGTGGC,1.050988771567063e-06,1361,CACAAA,0.17806150019168854,340,ACACAN,0.4805918037891388,False,False,True,-2.2100284695625305e-05,
13,30,38,head_0,recovery,-0.0546875,0.02251189947128296,3492,GGTGGC,2.55078125,1361,CACAAA,2.63671875,1361,CACAAA,2.63671875,3492,GGTGGC,1.0387611837359145e-06,1361,CACAAA,0.17783516645431519,340,ACACAN,0.48130106925964355,False,False,True,4.738941788673401e-05,
13,31,38,head_0,recovery,-0.0185546875,0.016975879669189453,3492,GGTGGC,2.5546875,1361,CACAAA,2.63671875,1361,CACAAA,2.63671875,3492,GGTGGC,1.0454436960571911e-06,1361,CACAAA,0.17796362936496735,340,ACACAN,0.48104649782180786,False,False,True,3.4518539905548096e-05,
14,0,38,head_0,recovery,-0.0546875,0.00048738718032836914,3492,GGTGGC,2.5546875,1361,CACAAA,2.640625,1361,CACAAA,2.640625,3492,GGTGGC,1.047020873556903e-06,1361,CACAAA,0.17834624648094177,340,ACACAN,0.4809565842151642,False,False,True,-5.722604691982269e-05,
14,1,38,head_0,recovery,-0.0361328125,0.01136159896850586,3492,GGTGGC,2.5546875,1361,CACAAA,2.638671875,1361,CACAAA,2.638671875,3492,GGTGGC,1.049686034093611e-06,1361,CACAAA,0.17809391021728516,340,ACACAN,0.48047399520874023,False,False,True,2.2377818822860718e-05,
14,2,38,head_0,recovery,-0.0361328125,0.007166385650634766,3492,GGTGGC,2.5546875,1361,CACAAA,2.638671875,1361,CACAAA,2.638671875,3492,GGTGGC,1.0530836789257592e-06,1361,CACAAA,0.17819127440452576,340,ACACAN,0.48028209805488586,False,False,True,-0.0001972578465938568,
14,3,38,head_0,recovery,-0.0361328125,-0.0020676851272583008,3492,GGTGGC,2.5546875,1361,CACAAA,2.638671875,1361,CACAAA,2.638671875,3492,GGTGGC,1.0536051604503882e-06,1361,CACAAA,0.1784055531024933,340,ACACAN,0.4796724021434784,False,False,True,-0.00020810216665267944,
14,4,38,head_0,recovery,-0.0185546875,0.013913512229919434,3492,GGTGGC,2.5546875,1361,CACAAA,2.63671875,1361,CACAAA,2.63671875,3492,GGTGGC,1.0645162547007203e-06,1361,CACAAA,0.178034707903862,340,ACACAN,0.4793258607387543,False,False,True,-0.000234188511967659,
14,5,38,head_0,recovery,-0.072265625,0.009967446327209473,3492,GGTGGC,2.55078125,1361,CACAAA,2.638671875,1361,CACAAA,2.638671875,3492,GGTGGC,1.0544547421886818e-06,1361,CACAAA,0.1781262755393982,340,ACACAN,0.4790531098842621,False,False,True,-6.126426160335541e-05,
14,6,38,head_0,recovery,-0.0185546875,0.0035504698753356934,3492,GGTGGC,2.556640625,1361,CACAAA,2.638671875,1361,CACAAA,2.638671875,3492,GGTGGC,1.0647166845956235e-06,1361,CACAAA,0.1782751828432083,340,ACACAN,0.4792048931121826,False,False,True,-2.588517963886261e-05,
14,7,38,head_0,recovery,-0.0361328125,0.010896682739257812,3492,GGTGGC,2.5546875,1361,CACAAA,2.638671875,1361,CACAAA,2.638671875,3492,GGTGGC,1.05793571947288e-06,1361,CACAAA,0.1781047135591507,340,ACACAN,0.4802538752555847,False,False,True,3.2396987080574036e-05,
14,8,38,head_0,recovery,-0.0361328125,0.006993651390075684,3492,GGTGGC,2.556640625,1361,CACAAA,2.640625,1361,CACAAA,2.640625,3492,GGTGGC,1.0560398777670343e-06,1361,CACAAA,0.1781952828168869,340,ACACAN,0.4801243543624878,False,False,True,-0.000246269628405571,
14,9,38,head_0,recovery,-0.0361328125,-0.015181779861450195,3492,GGTGGC,2.556640625,1361,CACAAA,2.640625,1361,CACAAA,2.640625,3492,GGTGGC,1.0603420150800957e-06,1361,CACAAA,0.17870986461639404,340,ACACAN,0.4793482720851898,False,False,True,-0.00020532682538032532,
14,10,38,head_0,recovery,-0.0546875,-0.012933611869812012,3492,GGTGGC,2.55078125,1361,CACAAA,2.63671875,1361,CACAAA,2.63671875,3492,GGTGGC,1.056628093465406e-06,1361,CACAAA,0.17865769565105438,340,ACACAN,0.4794350564479828,False,False,True,-0.0001520831137895584,
14,11,38,head_0,recovery,-0.0546875,-0.03206062316894531,3492,GGTGGC,2.5546875,1361,CACAAA,2.640625,1361,CACAAA,2.640625,3492,GGTGGC,1.0457232519911486e-06,1361,CACAAA,0.17910152673721313,340,ACACAN,0.4794321358203888,False,False,True,-0.00012928619980812073,
14,12,38,head_0,recovery,-0.1640625,-0.054135918617248535,3492,GGTGGC,2.546875,1361,CACAAA,2.64453125,1361,CACAAA,2.64453125,3492,GGTGGC,1.049161255650688e-06,1361,CACAAA,0.17961378395557404,340,ACACAN,0.4793383479118347,False,False,True,-1.2306496500968933e-05,
14,13,38,head_0,recovery,-0.1455078125,-0.023883581161499023,3492,GGTGGC,2.55078125,1361,CACAAA,2.646484375,1361,CACAAA,2.646484375,3492,GGTGGC,1.0412846904728212e-06,1361,CACAAA,0.17891177535057068,340,ACACAN,0.480373352766037,False,False,True,-8.684210479259491e-05,
14,14,38,head_0,recovery,-0.1455078125,0.0007224082946777344,3492,GGTGGC,2.548828125,1361,CACAAA,2.64453125,1361,CACAAA,2.64453125,3492,GGTGGC,1.0554892924119486e-06,1361,CACAAA,0.17834080755710602,340,ACACAN,0.4794105589389801,False,False,True,-8.630193769931793e-05,
14,15,38,head_0,recovery,-0.1455078125,0.015209376811981201,3492,GGTGGC,2.548828125,1361,CACAAA,2.64453125,1361,CACAAA,2.64453125,3492,GGTGGC,1.0701133987822686e-06,1361,CACAAA,0.178004652261734,340,ACACAN,0.47893789410591125,False,False,True,-0.00027282536029815674,
14,16,38,head_0,recovery,-0.1640625,0.009846091270446777,3492,GGTGGC,2.541015625,1361,CACAAA,2.638671875,1361,CACAAA,2.638671875,3492,GGTGGC,1.074730448635819e-06,1361,CACAAA,0.17812910676002502,340,ACACAN,0.47940441966056824,False,False,True,-0.00030312128365039825,
14,17,38,head_0,recovery,-0.2724609375,0.013688743114471436,3492,GGTGGC,2.537109375,1361,CACAAA,2.646484375,1361,CACAAA,2.646484375,3492,GGTGGC,1.0907419891736936e-06,1361,CACAAA,0.17803995311260223,340,ACACAN,0.47506576776504517,False,False,True,-0.00018512271344661713,
14,18,38,head_0,recovery,-0.2548828125,0.008329331874847412,3492,GGTGGC,2.5390625,1361,CACAAA,2.646484375,1361,CACAAA,2.646484375,3492,GGTGGC,1.0807251555888797e-06,1361,CACAAA,0.1781643182039261,340,ACACAN,0.4748900532722473,False,False,True,-7.03614205121994e-05,
14,19,38,head_0,recovery,-0.0908203125,0.0450437068939209,3492,GGTGGC,2.548828125,1361,CACAAA,2.638671875,1361,CACAAA,2.638671875,3492,GGTGGC,1.0929477411991684e-06,1361,CACAAA,0.17731235921382904,340,ACACAN,0.47428807616233826,False,False,True,-0.00010711885988712311,
14,20,38,head_0,recovery,0.0546875,-0.04170644283294678,3492,GGTGGC,2.560546875,1361,CACAAA,2.634765625,1361,CACAAA,2.634765625,3492,GGTGGC,1.0917560757661704e-06,1361,CACAAA,0.1793254017829895,340,ACACAN,0.47734352946281433,False,False,True,-9.86345112323761e-05,
14,21,38,head_0,recovery,0.0,-0.060251712799072266,3492,GGTGGC,2.5546875,1361,CACAAA,2.634765625,1361,CACAAA,2.634765625,3492,GGTGGC,1.0924013622570783e-06,1361,CACAAA,0.17975574731826782,340,ACACAN,0.4771184027194977,False,False,True,-0.00022228993475437164,
14,22,38,head_0,recovery,-0.109375,-0.08645856380462646,3492,GGTGGC,2.548828125,1361,CACAAA,2.640625,1361,CACAAA,2.640625,3492,GGTGGC,1.067268499355123e-06,1361,CACAAA,0.18036386370658875,340,ACACAN,0.47879093885421753,False,False,True,-0.00020193494856357574,
14,23,38,head_0,recovery,-0.1640625,-0.050626516342163086,3492,GGTGGC,2.546875,1361,CACAAA,2.64453125,1361,CACAAA,2.64453125,3492,GGTGGC,1.0638244702931843e-06,1361,CACAAA,0.17953236401081085,340,ACACAN,0.47889450192451477,False,False,True,-0.00023949146270751953,
14,24,38,head_0,recovery,-0.0361328125,-0.01201009750366211,3492,GGTGGC,2.5546875,1361,CACAAA,2.638671875,1361,CACAAA,2.638671875,3492,GGTGGC,1.0551781315371045e-06,1361,CACAAA,0.17863626778125763,340,ACACAN,0.4803953468799591,False,False,True,-0.00020006485283374786,
14,25,38,head_0,recovery,-0.072265625,0.01690143346786499,3492,GGTGGC,2.55078125,1361,CACAAA,2.638671875,1361,CACAAA,2.638671875,3492,GGTGGC,1.0500774578758865e-06,1361,CACAAA,0.17796535789966583,340,ACACAN,0.47871527075767517,False,False,True,-0.00016762129962444305,
14,26,38,head_0,recovery,-0.0361328125,-0.003201723098754883,3492,GGTGGC,2.5546875,1361,CACAAA,2.638671875,1361,CACAAA,2.638671875,3492,GGTGGC,1.055225311574759e-06,1361,CACAAA,0.17843186855316162,340,ACACAN,0.4780624806880951,False,False,True,-7.77803361415863e-05,
14,27,38,head_0,recovery,-0.0361328125,0.024098634719848633,3492,GGTGGC,2.5546875,1361,CACAAA,2.638671875,1361,CACAAA,2.638671875,3492,GGTGGC,1.0584665233182022e-06,1361,CACAAA,0.17779836058616638,340,ACACAN,0.4794278144836426,False,False,True,-3.6582350730895996e-06,
14,28,38,head_0,recovery,-0.0361328125,-0.004854679107666016,3492,GGTGGC,2.556640625,1361,CACAAA,2.640625,1361,CACAAA,2.640625,3492,GGTGGC,1.0605513125483412e-06,1361,CACAAA,0.17847022414207458,340,ACACAN,0.4797145426273346,False,False,True,-0.0001917574554681778,
14,29,38,head_0,recovery,-0.0185546875,-0.018974900245666504,3492,GGTGGC,2.55859375,1361,CACAAA,2.640625,1361,CACAAA,2.640625,3492,GGTGGC,1.0632993507897481e-06,1361,CACAAA,0.1787978857755661,340,ACACAN,0.4793941080570221,False,False,True,-0.00023776479065418243,
14,30,38,head_0,recovery,-0.0546875,-0.02154994010925293,3492,GGTGGC,2.5546875,1361,CACAAA,2.640625,1361,CACAAA,2.640625,3492,GGTGGC,1.065035007741244e-06,1361,CACAAA,0.17885763943195343,340,ACACAN,0.4792032539844513,False,False,True,-0.0003041289746761322,
14,31,38,head_0,recovery,-0.0185546875,-0.006530046463012695,3492,GGTGGC,2.55859375,1361,CACAAA,2.640625,1361,CACAAA,2.640625,3492,GGTGGC,1.0617264933898696e-06,1361,CACAAA,0.17850910127162933,340,ACACAN,0.47984829545021057,False,False,True,-0.000254826620221138,
15,0,38,head_0,recovery,0.0,0.024293839931488037,3492,GGTGGC,2.556640625,1361,CACAAA,2.63671875,1361,CACAAA,2.63671875,3492,GGTGGC,1.0525691322982311e-06,1361,CACAAA,0.17779383063316345,340,ACACAN,0.48015502095222473,False,False,True,-5.660206079483032e-05,
15,1,38,head_0,recovery,-0.0185546875,0.030759036540985107,3492,GGTGGC,2.5546875,1361,CACAAA,2.63671875,1361,CACAAA,2.63671875,3492,GGTGGC,1.0552400908636628e-06,1361,CACAAA,0.1776438057422638,340,ACACAN,0.4811427891254425,False,False,True,-0.00012689270079135895,
15,2,38,head_0,recovery,0.0,0.006524920463562012,3492,GGTGGC,2.556640625,1361,CACAAA,2.63671875,1361,CACAAA,2.63671875,3492,GGTGGC,1.050531750479422e-06,1361,CACAAA,0.17820614576339722,340,ACACAN,0.4805713891983032,False,False,True,-4.5785680413246155e-05,
15,3,38,head_0,recovery,-0.0361328125,0.011080324649810791,3492,GGTGGC,2.55078125,1361,CACAAA,2.634765625,1361,CACAAA,2.634765625,3492,GGTGGC,1.0580068874332937e-06,1361,CACAAA,0.17810045182704926,340,ACACAN,0.48002997040748596,False,False,True,-4.60892915725708e-05,
15,4,38,head_0,recovery,-0.0185546875,-0.00960850715637207,3492,GGTGGC,2.5546875,1361,CACAAA,2.63671875,1361,CACAAA,2.63671875,3492,GGTGGC,1.057661734193971e-06,1361,CACAAA,0.17858053743839264,340,ACACAN,0.48011359572410583,False,False,True,6.438978016376495e-05,
15,5,38,head_0,recovery,-0.0185546875,0.006375908851623535,3492,GGTGGC,2.5546875,1361,CACAAA,2.63671875,1361,CACAAA,2.63671875,3492,GGTGGC,1.0516798738535726e-06,1361,CACAAA,0.17820961773395538,340,ACACAN,0.4800969958305359,False,False,True,7.109902799129486e-05,
15,6,38,head_0,recovery,-0.0185546875,0.008843719959259033,3492,GGTGGC,2.556640625,1361,CACAAA,2.638671875,1361,CACAAA,2.638671875,3492,GGTGGC,1.0473802376509411e-06,1361,CACAAA,0.17815233767032623,340,ACACAN,0.4802357256412506,False,False,True,5.3437426686286926e-05,
15,7,38,head_0,recovery,-0.0185546875,-0.002455592155456543,3492,GGTGGC,2.556640625,1361,CACAAA,2.638671875,1361,CACAAA,2.638671875,3492,GGTGGC,1.0511764685361413e-06,1361,CACAAA,0.17841455340385437,340,ACACAN,0.4801580011844635,False,False,True,1.5033408999443054e-05,
15,8,38,head_0,recovery,-0.0361328125,0.004557967185974121,3492,GGTGGC,2.5546875,1361,CACAAA,2.638671875,1361,CACAAA,2.638671875,3492,GGTGGC,1.04449668469897e-06,1361,CACAAA,0.17825178802013397,340,ACACAN,0.48078253865242004,False,False,True,-0.00012587197124958038,
15,9,38,head_0,recovery,-0.0185546875,0.02311551570892334,3492,GGTGGC,2.5546875,1361,CACAAA,2.63671875,1361,CACAAA,2.63671875,3492,GGTGGC,1.040801294038829e-06,1361,CACAAA,0.17782115936279297,340,ACACAN,0.4810575842857361,False,False,True,-0.00017805956304073334,
15,10,38,head_0,recovery,-0.0361328125,0.02070295810699463,3492,GGTGGC,2.55078125,1361,CACAAA,2.634765625,1361,CACAAA,2.634765625,3492,GGTGGC,1.039239577949047e-06,1361,CACAAA,0.17787714302539825,340,ACACAN,0.481642484664917,False,False,True,-9.832344949245453e-05,
15,11,38,head_0,recovery,-0.0546875,-0.014368176460266113,3492,GGTGGC,2.55078125,1361,CACAAA,2.63671875,1361,CACAAA,2.63671875,3492,GGTGGC,1.006981960927078e-06,1361,CACAAA,0.17869094014167786,340,ACACAN,0.48276931047439575,False,False,True,0.00011913478374481201,
15,12,38,head_0,recovery,-0.0908203125,-0.011107921600341797,3492,GGTGGC,2.55078125,1361,CACAAA,2.640625,1361,CACAAA,2.640625,3492,GGTGGC,1.0281554523317027e-06,1361,CACAAA,0.17861530184745789,340,ACACAN,0.4821895360946655,False,False,True,-0.00015787966549396515,
15,13,38,head_0,recovery,-0.0361328125,-0.00419008731842041,3492,GGTGGC,2.5546875,1361,CACAAA,2.638671875,1361,CACAAA,2.638671875,3492,GGTGGC,1.0279700290993787e-06,1361,CACAAA,0.17845477163791656,340,ACACAN,0.48218271136283875,False,False,True,-0.0002113599330186844,
15,14,38,head_0,recovery,0.0361328125,-0.011967778205871582,3492,GGTGGC,2.560546875,1361,CACAAA,2.63671875,1361,CACAAA,2.63671875,3492,GGTGGC,1.0508910008866224e-06,1361,CACAAA,0.17863528430461884,340,ACACAN,0.48218461871147156,False,False,True,-0.00026870332658290863,
15,15,38,head_0,recovery,0.0546875,-0.015604257583618164,3492,GGTGGC,2.560546875,1361,CACAAA,2.634765625,1361,CACAAA,2.634765625,3492,GGTGGC,1.0503503062864183e-06,1361,CACAAA,0.1787196546792984,340,ACACAN,0.48177972435951233,False,False,True,-0.00011335872113704681,
15,16,38,head_0,recovery,0.0546875,0.014485657215118408,3492,GGTGGC,2.5546875,1361,CACAAA,2.62890625,1361,CACAAA,2.62890625,3492,GGTGGC,1.0249405022477731e-06,1361,CACAAA,0.1780214011669159,340,ACACAN,0.480336993932724,False,False,True,0.0006555486470460892,
15,17,38,head_0,recovery,-0.0546875,-0.032607197761535645,3492,GGTGGC,2.54296875,1361,CACAAA,2.62890625,1361,CACAAA,2.62890625,3492,GGTGGC,1.0015662610385334e-06,1361,CACAAA,0.17911416292190552,340,ACACAN,0.48187166452407837,False,False,True,0.0009930189698934555,
15,18,38,head_0,recovery,-0.1640625,-0.08270907402038574,3492,GGTGGC,2.5390625,1361,CACAAA,2.63671875,1361,CACAAA,2.63671875,3492,GGTGGC,1.0057665349449962e-06,1361,CACAAA,0.1802767813205719,340,ACACAN,0.4802202880382538,False,False,True,0.0008798185735940933,
15,19,38,head_0,recovery,-0.1455078125,-0.04749798774719238,3492,GGTGGC,2.5390625,1361,CACAAA,2.634765625,1361,CACAAA,2.634765625,3492,GGTGGC,1.0519203215153539e-06,1361,CACAAA,0.17945976555347443,340,ACACAN,0.4821094572544098,False,False,True,0.0002170111984014511,
15,20,38,head_0,recovery,-0.109375,0.004712104797363281,3492,GGTGGC,2.54296875,1361,CACAAA,2.634765625,1361,CACAAA,2.634765625,3492,GGTGGC,1.0490953172848094e-06,1361,CACAAA,0.17824821174144745,340,ACACAN,0.48206573724746704,False,False,True,-0.0003054719418287277,
15,21,38,head_0,recovery,-0.0185546875,0.047751665115356445,3492,GGTGGC,2.54296875,1361,CACAAA,2.625,1361,CACAAA,2.625,3492,GGTGGC,1.0380832691225805e-06,1361,CACAAA,0.177249476313591,340,ACACAN,0.484209269285202,False,False,True,-0.0003231596201658249,
15,22,38,head_0,recovery,-0.0361328125,-0.08762669563293457,3492,GGTGGC,2.55078125,1361,CACAAA,2.634765625,1361,CACAAA,2.634765625,3492,GGTGGC,1.0251037565467414e-06,1361,CACAAA,0.18039092421531677,340,ACACAN,0.4828689396381378,False,False,True,-0.00030251964926719666,
15,23,38,head_0,recovery,-0.0185546875,-0.10712301731109619,3492,GGTGGC,2.5546875,1361,CACAAA,2.63671875,1361,CACAAA,2.63671875,3492,GGTGGC,1.017882937048853e-06,1361,CACAAA,0.180843323469162,340,ACACAN,0.4824576675891876,False,False,True,-9.761564433574677e-05,
15,24,38,head_0,recovery,-0.0361328125,-0.05817890167236328,3492,GGTGGC,2.5546875,1361,CACAAA,2.638671875,1361,CACAAA,2.638671875,3492,GGTGGC,1.0249841579934582e-06,1361,CACAAA,0.1797075867652893,340,ACACAN,0.4817596971988678,False,False,True,-9.643472731113434e-05,
15,25,38,head_0,recovery,0.0,-0.021462559700012207,3492,GGTGGC,2.556640625,1361,CACAAA,2.63671875,1361,CACAAA,2.63671875,3492,GGTGGC,1.0396245215815725e-06,1361,CACAAA,0.17885559797286987,340,ACACAN,0.48047173023223877,False,False,True,-3.7707388401031494e-05,
15,26,38,head_0,recovery,0.0,-0.0065762996673583984,3492,GGTGGC,2.556640625,1361,CACAAA,2.63671875,1361,CACAAA,2.63671875,3492,GGTGGC,1.0392993772256887e-06,1361,CACAAA,0.1785101592540741,340,ACACAN,0.48048126697540283,False,False,True,5.12097030878067e-05,
15,27,38,head_0,recovery,0.0,0.012006282806396484,3492,GGTGGC,2.556640625,1361,CACAAA,2.63671875,1361,CACAAA,2.63671875,3492,GGTGGC,1.0502651548449649e-06,1361,CACAAA,0.17807894945144653,340,ACACAN,0.4802723526954651,False,False,True,8.45249742269516e-05,
15,28,38,head_0,recovery,0.0,-0.011107921600341797,3492,GGTGGC,2.55859375,1361,CACAAA,2.638671875,1361,CACAAA,2.638671875,3492,GGTGGC,1.0363132787460927e-06,1361,CACAAA,0.17861531674861908,340,ACACAN,0.4813074767589569,False,False,True,8.750706911087036e-05,
15,29,38,head_0,recovery,-0.0361328125,-0.010068893432617188,3492,GGTGGC,2.556640625,1361,CACAAA,2.640625,1361,CACAAA,2.640625,3492,GGTGGC,1.0414336202302366e-06,1361,CACAAA,0.17859120666980743,340,ACACAN,0.4808754622936249,False,False,True,3.330409526824951e-06,
15,30,38,head_0,recovery,-0.0185546875,0.012964367866516113,3492,GGTGGC,2.5546875,1361,CACAAA,2.63671875,1361,CACAAA,2.63671875,3492,GGTGGC,1.0428128689454752e-06,1361,CACAAA,0.1780567169189453,340,ACACAN,0.4810117781162262,False,False,True,8.997134864330292e-05,
15,31,38,head_0,recovery,0.0,0.009713828563690186,3492,GGTGGC,2.5546875,1361,CACAAA,2.634765625,1361,CACAAA,2.634765625,3492,GGTGGC,1.0540909443079727e-06,1361,CACAAA,0.17813216149806976,340,ACACAN,0.48067983984947205,False,False,True,4.5573338866233826e-05,
16,0,38,head_0,recovery,-0.0185546875,-0.0016573667526245117,3492,GGTGGC,2.5546875,1361,CACAAA,2.63671875,1361,CACAAA,2.63671875,3492,GGTGGC,1.0443702649354236e-06,1361,CACAAA,0.17839601635932922,340,ACACAN,0.4809512794017792,False,False,True,-5.1952898502349854e-05,
16,1,38,head_0,recovery,-0.0361328125,-0.001087784767150879,3492,GGTGGC,2.5546875,1361,CACAAA,2.638671875,1361,CACAAA,2.638671875,3492,GGTGGC,1.0469643711985555e-06,1361,CACAAA,0.17838279902935028,340,ACACAN,0.4803803265094757,False,False,True,-6.305798888206482e-05,
16,2,38,head_0,recovery,-0.0185546875,0.006556987762451172,3492,GGTGGC,2.5546875,1361,CACAAA,2.63671875,1361,CACAAA,2.63671875,3492,GGTGGC,1.044748273670848e-06,1361,CACAAA,0.17820540070533752,340,ACACAN,0.4806353747844696,False,False,True,-1.8505379557609558e-05,
16,3,38,head_0,recovery,-0.1455078125,-0.03244471549987793,3492,GGTGGC,2.548828125,1361,CACAAA,2.64453125,1361,CACAAA,2.64453125,3492,GGTGGC,1.0380596222603344e-06,1361,CACAAA,0.17911043763160706,340,ACACAN,0.480422705411911,False,False,True,-8.592382073402405e-05,
16,4,38,head_0,recovery,-0.126953125,-0.04344213008880615,3492,GGTGGC,2.55078125,1361,CACAAA,2.64453125,1361,CACAAA,2.64453125,3492,GGTGGC,1.0358079407524201e-06,1361,CACAAA,0.1793656349182129,340,ACACAN,0.48077696561813354,False,False,True,-7.685646414756775e-05,
16,5,38,head_0,recovery,-0.126953125,-0.03993344306945801,3492,GGTGGC,2.55078125,1361,CACAAA,2.64453125,1361,CACAAA,2.64453125,3492,GGTGGC,1.037927063407551e-06,1361,CACAAA,0.1792842149734497,340,ACACAN,0.48047807812690735,False,False,True,-7.817335426807404e-05,
16,6,38,head_0,recovery,-0.0185546875,-0.0038433074951171875,3492,GGTGGC,2.5546875,1361,CACAAA,2.63671875,1361,CACAAA,2.63671875,3492,GGTGGC,1.0445539828651818e-06,1361,CACAAA,0.17844673991203308,340,ACACAN,0.48058179020881653,False,False,True,1.5826895833015442e-05,
16,7,38,head_0,recovery,-0.0185546875,-0.0037688016891479492,3492,GGTGGC,2.5546875,1361,CACAAA,2.63671875,1361,CACAAA,2.63671875,3492,GGTGGC,1.0439757716085296e-06,1361,CACAAA,0.1784450113773346,340,ACACAN,0.48057711124420166,False,False,True,2.4255365133285522e-05,
16,8,38,head_0,recovery,-0.0185546875,0.010686039924621582,3492,GGTGGC,2.5546875,1361,CACAAA,2.63671875,1361,CACAAA,2.63671875,3492,GGTGGC,1.0471471796336118e-06,1361,CACAAA,0.17810958623886108,340,ACACAN,0.4805602729320526,False,False,True,-3.821961581707001e-05,
16,9,38,head_0,recovery,-0.0185546875,0.004195153713226318,3492,GGTGGC,2.5546875,1361,CACAAA,2.63671875,1361,CACAAA,2.63671875,3492,GGTGGC,1.039867697727459e-06,1361,CACAAA,0.1782602071762085,340,ACACAN,0.48091527819633484,False,False,True,6.3516199588775635e-06,
16,10,38,head_0,recovery,-0.0185546875,0.007087409496307373,3492,GGTGGC,2.5546875,1361,CACAAA,2.63671875,1361,CACAAA,2.63671875,3492,GGTGGC,1.0388673672423465e-06,1361,CACAAA,0.1781930923461914,340,ACACAN,0.48087358474731445,False,False,True,7.278658449649811e-05,
16,11,38,head_0,recovery,-0.0361328125,-0.02735114097595215,3492,GGTGGC,2.5546875,1361,CACAAA,2.638671875,1361,CACAAA,2.638671875,3492,GGTGGC,1.0444598501635483e-06,1361,CACAAA,0.17899224162101746,340,ACACAN,0.4808681309223175,False,False,True,0.0001046154648065567,
16,12,38,head_0,recovery,-0.072265625,-0.025090813636779785,3492,GGTGGC,2.55078125,1361,CACAAA,2.638671875,1361,CACAAA,2.638671875,3492,GGTGGC,1.0216350574410171e-06,1361,CACAAA,0.17893977463245392,340,ACACAN,0.481549471616745,False,False,True,4.009343683719635e-05,
16,13,38,head_0,recovery,-0.072265625,-0.032286763191223145,3492,GGTGGC,2.55078125,1361,CACAAA,2.638671875,1361,CACAAA,2.638671875,3492,GGTGGC,1.0117903457285138e-06,1361,CACAAA,0.17910674214363098,340,ACACAN,0.4819105267524719,False,False,True,-3.69735062122345e-05,
16,14,38,head_0,recovery,-0.1640625,-0.010783672332763672,3492,GGTGGC,2.546875,1361,CACAAA,2.64453125,1361,CACAAA,2.64453125,3492,GGTGGC,9.988533520299825e-07,1361,CACAAA,0.1786077469587326,340,ACACAN,0.481874942779541,False,False,True,0.00011789985001087189,
16,15,38,head_0,recovery,-0.1640625,-0.0029391050338745117,3492,GGTGGC,2.546875,1361,CACAAA,2.64453125,1361,CACAAA,2.64453125,3492,GGTGGC,9.98629730020184e-07,1361,CACAAA,0.17842571437358856,340,ACACAN,0.48200124502182007,False,False,True,0.000506572425365448,
16,16,38,head_0,recovery,-0.126953125,0.03932851552963257,3492,GGTGGC,2.546875,1361,CACAAA,2.640625,1361,CACAAA,2.640625,3492,GGTGGC,1.0167719892706373e-06,1361,CACAAA,0.17744490504264832,340,ACACAN,0.4807507395744324,False,False,True,0.0005911141633987427,
16,17,38,head_0,recovery,0.01806640625,0.028515338897705078,3492,GGTGGC,2.55078125,1361,CACAAA,2.62890625,1361,CACAAA,2.62890625,3492,GGTGGC,1.0221261845799745e-06,1361,CACAAA,0.1776958405971527,340,ACACAN,0.48291677236557007,False,False,True,0.0006972029805183411,
16,18,38,head_0,recovery,0.2001953125,0.0060593485832214355,3492,GGTGGC,2.57421875,1361,CACAAA,2.6328125,1361,CACAAA,2.6328125,3492,GGTGGC,1.075532054528594e-06,1361,CACAAA,0.17821697890758514,340,ACACAN,0.48207685351371765,False,False,True,0.00013895705342292786,
16,19,38,head_0,recovery,0.1455078125,-0.027404427528381348,3492,GGTGGC,2.5703125,1361,CACAAA,2.634765625,1361,CACAAA,2.634765625,3492,GGTGGC,1.049356001203705e-06,1361,CACAAA,0.17899347841739655,340,ACACAN,0.48002105951309204,False,False,True,2.1593645215034485e-05,
16,20,38,head_0,recovery,0.10888671875,-0.022825956344604492,3492,GGTGGC,2.5703125,1361,CACAAA,2.638671875,1361,CACAAA,2.638671875,3492,GGTGGC,1.0552100775385043e-06,1361,CACAAA,0.1788872480392456,340,ACACAN,0.47722458839416504,False,False,True,-0.0003220159560441971,
16,21,38,head_0,recovery,-0.072265625,-0.038025617599487305,3492,GGTGGC,2.55078125,1361,CACAAA,2.638671875,1361,CACAAA,2.638671875,3492,GGTGGC,1.023192680804641e-06,1361,CACAAA,0.1792399287223816,340,ACACAN,0.478362500667572,False,False,True,-0.00019934959709644318,
16,22,38,head_0,recovery,-0.0546875,0.007066249847412109,3492,GGTGGC,2.55078125,1361,CACAAA,2.63671875,1361,CACAAA,2.63671875,3492,GGTGGC,1.048253807311994e-06,1361,CACAAA,0.1781935840845108,340,ACACAN,0.4807061553001404,False,False,True,-0.00017202459275722504,
16,23,38,head_0,recovery,-0.072265625,-0.0015000104904174805,3492,GGTGGC,2.55078125,1361,CACAAA,2.638671875,1361,CACAAA,2.638671875,3492,GGTGGC,1.040332449520065e-06,1361,CACAAA,0.17839236557483673,340,ACACAN,0.48018619418144226,False,False,True,-7.41761177778244e-05,
16,24,38,head_0,recovery,-0.072265625,0.017966747283935547,3492,GGTGGC,2.55078125,1361,CACAAA,2.638671875,1361,CACAAA,2.638671875,3492,GGTGGC,1.0500283451619907e-06,1361,CACAAA,0.17794063687324524,340,ACACAN,0.4796943664550781,False,False,True,-5.8457255363464355e-05,
16,25,38,head_0,recovery,-0.0185546875,0.013028621673583984,3492,GGTGGC,2.5546875,1361,CACAAA,2.63671875,1361,CACAAA,2.63671875,3492,GGTGGC,1.0461978945386363e-06,1361,CACAAA,0.17805522680282593,340,ACACAN,0.48021572828292847,False,False,True,3.4887343645095825e-06,
16,26,38,head_0,recovery,0.0,0.004094362258911133,3492,GGTGGC,2.556640625,1361,CACAAA,2.63671875,1361,CACAAA,2.63671875,3492,GGTGGC,1.051401227414317e-06,1361,CACAAA,0.17826256155967712,340,ACACAN,0.48025432229042053,False,False,True,4.600733518600464e-07,
16,27,38,head_0,recovery,-0.0185546875,0.002712428569793701,3492,GGTGGC,2.5546875,1361,CACAAA,2.63671875,1361,CACAAA,2.63671875,3492,GGTGGC,1.0457245025463635e-06,1361,CACAAA,0.1782946139574051,340,ACACAN,0.48041394352912903,False,False,True,2.0712614059448242e-06,
16,28,38,head_0,recovery,0.0,0.0017267465591430664,3492,GGTGGC,2.556640625,1361,CACAAA,2.63671875,1361,CACAAA,2.63671875,3492,GGTGGC,1.049435695676948e-06,1361,CACAAA,0.17831748723983765,340,ACACAN,0.4802703857421875,False,False,True,1.3202428817749023e-05,
16,29,38,head_0,recovery,-0.0546875,0.002322673797607422,3492,GGTGGC,2.55078125,1361,CACAAA,2.63671875,1361,CACAAA,2.63671875,3492,GGTGGC,1.0306526974090957e-06,1361,CACAAA,0.17830364406108856,340,ACACAN,0.48042362928390503,False,False,True,6.860494613647461e-05,
16,30,38,head_0,recovery,-0.0361328125,-0.0257188081741333,3492,GGTGGC,2.556640625,1361,CACAAA,2.640625,1361,CACAAA,2.640625,3492,GGTGGC,1.04119942534453e-06,1361,CACAAA,0.1789543628692627,340,ACACAN,0.4800626039505005,False,False,True,-7.527880370616913e-05,
16,31,38,head_0,recovery,-0.0185546875,0.0017023682594299316,3492,GGTGGC,2.556640625,1361,CACAAA,2.638671875,1361,CACAAA,2.638671875,3492,GGTGGC,1.0542559039095067e-06,1361,CACAAA,0.1783180683851242,340,ACACAN,0.48019862174987793,False,False,True,-0.00011103227734565735,
17,0,38,head_0,recovery,0.0,0.00012201070785522461,3492,GGTGGC,2.556640625,1361,CACAAA,2.63671875,1361,CACAAA,2.63671875,3492,GGTGGC,1.05545927908679e-06,1361,CACAAA,0.17835474014282227,340,ACACAN,0.4798944592475891,False,False,True,-5.4527074098587036e-05,
17,1,38,head_0,recovery,0.0,3.725290298461914e-05,3492,GGTGGC,2.556640625,1361,CACAAA,2.63671875,1361,CACAAA,2.63671875,3492,GGTGGC,1.0554867913015187e-06,1361,CACAAA,0.17835670709609985,340,ACACAN,0.4798924922943115,False,False,True,-8.445233106613159e-05,
17,2,38,head_0,recovery,0.0,0.00024014711380004883,3492,GGTGGC,2.556640625,1361,CACAAA,2.63671875,1361,CACAAA,2.63671875,3492,GGTGGC,1.0559698466749978e-06,1361,CACAAA,0.1783519983291626,340,ACACAN,0.47987979650497437,False,False,True,-7.841922342777252e-05,
17,3,38,head_0,recovery,0.0,-0.00010466575622558594,3492,GGTGGC,2.556640625,1361,CACAAA,2.63671875,1361,CACAAA,2.63671875,3492,GGTGGC,1.0549159696893184e-06,1361,CACAAA,0.1783600002527237,340,ACACAN,0.47990861535072327,False,False,True,-6.073713302612305e-05,
17,4,38,head_0,recovery,0.0,-6.937980651855469e-05,3492,GGTGGC,2.556640625,1361,CACAAA,2.63671875,1361,CACAAA,2.63671875,3492,GGTGGC,1.0551982541073812e-06,1361,CACAAA,0.17835918068885803,340,ACACAN,0.479899138212204,False,False,True,-4.322454333305359e-05,
17,5,38,head_0,recovery,0.0,-5.841255187988281e-05,3492,GGTGGC,2.556640625,1361,CACAAA,2.63671875,1361,CACAAA,2.63671875,3492,GGTGGC,1.0551169680184103e-06,1361,CACAAA,0.17835892736911774,340,ACACAN,0.47990572452545166,False,False,True,-5.4603442549705505e-05,
17,6,38,head_0,recovery,0.0,0.0004630088806152344,3492,GGTGGC,2.556640625,1361,CACAAA,2.63671875,1361,CACAAA,2.63671875,3492,GGTGGC,1.0565781849436462e-06,1361,CACAAA,0.17834682762622833,340,ACACAN,0.4798659086227417,False,False,True,-5.366094410419464e-05,
17,7,38,head_0,recovery,0.0,0.00029152631759643555,3492,GGTGGC,2.556640625,1361,CACAAA,2.63671875,1361,CACAAA,2.63671875,3492,GGTGGC,1.0559946304056211e-06,1361,CACAAA,0.1783508062362671,340,ACACAN,0.4798838794231415,False,False,True,-6.086193025112152e-05,
17,8,38,head_0,recovery,0.0,-0.0003827810287475586,3492,GGTGGC,2.556640625,1361,CACAAA,2.63671875,1361,CACAAA,2.63671875,3492,GGTGGC,1.0545552413532278e-06,1361,CACAAA,0.17836645245552063,340,ACACAN,0.4799186885356903,False,False,True,-7.720291614532471e-05,
17,9,38,head_0,recovery,0.0,0.00035059452056884766,3492,GGTGGC,2.556640625,1361,CACAAA,2.63671875,1361,CACAAA,2.63671875,3492,GGTGGC,1.0561142289589043e-06,1361,CACAAA,0.17834943532943726,340,ACACAN,0.4798801839351654,False,False,True,-8.110888302326202e-05,
17,10,38,head_0,recovery,0.0,0.0020105838775634766,3492,GGTGGC,2.556640625,1361,CACAAA,2.63671875,1361,CACAAA,2.63671875,3492,GGTGGC,1.0596775155136129e-06,1361,CACAAA,0.17831091582775116,340,ACACAN,0.4797692596912384,False,False,True,-6.839819252490997e-05,
17,11,38,head_0,recovery,0.0,0.0012624859809875488,3492,GGTGGC,2.556640625,1361,CACAAA,2.63671875,1361,CACAAA,2.63671875,3492,GGTGGC,1.0562774832578725e-06,1361,CACAAA,0.178328275680542,340,ACACAN,0.4798232614994049,False,False,True,-5.162134766578674e-05,
17,12,38,head_0,recovery,0.0,0.002468407154083252,3492,GGTGGC,2.556640625,1361,CACAAA,2.63671875,1361,CACAAA,2.63671875,3492,GGTGGC,1.0608007414703025e-06,1361,CACAAA,0.17830029129981995,340,ACACAN,0.4797479510307312,False,False,True,2.2238120436668396e-05,
17,13,38,head_0,recovery,0.0,-0.00041031837463378906,3492,GGTGGC,2.556640625,1361,CACAAA,2.63671875,1361,CACAAA,2.63671875,3492,GGTGGC,1.0553881111263763e-06,1361,CACAAA,0.17836709320545197,340,ACACAN,0.4799276888370514,False,False,True,1.7659738659858704e-05,
17,14,38,head_0,recovery,0.0,0.0003281235694885254,3492,GGTGGC,2.556640625,1361,CACAAA,2.63671875,1361,CACAAA,2.63671875,3492,GGTGGC,1.0562930583546404e-06,1361,CACAAA,0.17834995687007904,340,ACACAN,0.47987431287765503,False,False,True,5.229748785495758e-05,
17,15,38,head_0,recovery,0.0,-0.0008771419525146484,3492,GGTGGC,2.556640625,1361,CACAAA,2.63671875,1361,CACAAA,2.63671875,3492,GGTGGC,1.0376112413723604e-06,1361,CACAAA,0.1783779114484787,340,ACACAN,0.47995680570602417,False,False,True,-0.0001785755157470703,
17,16,38,head_0,recovery,0.0,0.011262059211730957,3492,GGTGGC,2.556640625,1361,CACAAA,2.63671875,1361,CACAAA,2.63671875,3492,GGTGGC,1.030087787512457e-06,1361,CACAAA,0.178096204996109,340,ACACAN,0.4791915714740753,False,False,True,-0.00017291121184825897,
17,17,38,head_0,recovery,0.0,0.025275707244873047,3492,GGTGGC,2.556640625,1361,CACAAA,2.63671875,1361,CACAAA,2.63671875,3492,GGTGGC,1.0281784170729225e-06,1361,CACAAA,0.17777101695537567,340,ACACAN,0.4783238172531128,False,False,True,-3.157369792461395e-05,
17,18,38,head_0,recovery,0.0546875,-0.05603599548339844,3492,GGTGGC,2.57421875,1361,CACAAA,2.6484375,1361,CACAAA,2.6484375,3492,GGTGGC,1.0574569841992343e-06,1361,CACAAA,0.17965789139270782,340,ACACAN,0.4789661765098572,False,False,True,0.00013848766684532166,
17,19,38,head_0,recovery,0.0546875,-0.07473933696746826,3492,GGTGGC,2.57421875,1361,CACAAA,2.6484375,1361,CACAAA,2.6484375,3492,GGTGGC,1.07921073322359e-06,1361,CACAAA,0.18009191751480103,340,ACACAN,0.4817597568035126,False,False,True,0.0001363009214401245,
17,20,38,head_0,recovery,0.0546875,-0.11227822303771973,3492,GGTGGC,2.57421875,1361,CACAAA,2.6484375,1361,CACAAA,2.6484375,3492,GGTGGC,1.0853174217118067e-06,1361,CACAAA,0.18096302449703217,340,ACACAN,0.48241615295410156,False,False,True,-3.865361213684082e-05,
17,21,38,head_0,recovery,0.0,-0.04215848445892334,3492,GGTGGC,2.556640625,1361,CACAAA,2.63671875,1361,CACAAA,2.63671875,3492,GGTGGC,1.0459714303578949e-06,1361,CACAAA,0.1793358474969864,340,ACACAN,0.4813723862171173,False,False,True,-2.5462359189987183e-05,
17,22,38,head_0,recovery,0.0,-0.04621434211730957,3492,GGTGGC,2.556640625,1361,CACAAA,2.63671875,1361,CACAAA,2.63671875,3492,GGTGGC,1.025273377308622e-06,1361,CACAAA,0.17942994832992554,340,ACACAN,0.4805239140987396,False,False,True,-4.9019232392311096e-05,
17,23,38,head_0,recovery,0.0,-0.022986412048339844,3492,GGTGGC,2.556640625,1361,CACAAA,2.63671875,1361,CACAAA,2.63671875,3492,GGTGGC,1.0189080512645887e-06,1361,CACAAA,0.17889092862606049,340,ACACAN,0.48057398200035095,False,False,True,-3.316253423690796e-05,
17,24,38,head_0,recovery,0.0,-0.0167158842086792,3492,GGTGGC,2.556640625,1361,CACAAA,2.63671875,1361,CACAAA,2.63671875,3492,GGTGGC,1.0360271289755474e-06,1361,CACAAA,0.17874544858932495,340,ACACAN,0.4815993309020996,False,False,True,-1.7024576663970947e-05,
17,25,38,head_0,recovery,0.0,-0.00484311580657959,3492,GGTGGC,2.556640625,1361,CACAAA,2.63671875,1361,CACAAA,2.63671875,3492,GGTGGC,1.0429218946228502e-06,1361,CACAAA,0.1784699410200119,340,ACACAN,0.48050498962402344,False,False,True,2.8800219297409058e-05,
17,26,38,head_0,recovery,0.0,-0.006516575813293457,3492,GGTGGC,2.556640625,1361,CACAAA,2.63671875,1361,CACAAA,2.63671875,3492,GGTGGC,1.046604779730842e-06,1361,CACAAA,0.17850877344608307,340,ACACAN,0.4808809161186218,False,False,True,5.178526043891907e-05,
17,27,38,head_0,recovery,0.0,-0.0028884410858154297,3492,GGTGGC,2.556640625,1361,CACAAA,2.63671875,1361,CACAAA,2.63671875,3492,GGTGGC,1.050536297952931e-06,1361,CACAAA,0.17842459678649902,340,ACACAN,0.4803315997123718,False,False,True,1.9572675228118896e-05,
17,28,38,head_0,recovery,0.0,-0.002447843551635742,3492,GGTGGC,2.556640625,1361,CACAAA,2.63671875,1361,CACAAA,2.63671875,3492,GGTGGC,1.051986032507557e-06,1361,CACAAA,0.17841437458992004,340,ACACAN,0.48026010394096375,False,False,True,-1.0713934898376465e-05,
17,29,38,head_0,recovery,0.0,-0.0008373260498046875,3492,GGTGGC,2.556640625,1361,CACAAA,2.63671875,1361,CACAAA,2.63671875,3492,GGTGGC,1.0541548363107722e-06,1361,CACAAA,0.17837700247764587,340,ACACAN,0.48002028465270996,False,False,True,-6.0521066188812256e-05,
17,30,38,head_0,recovery,0.0,-0.0005785226821899414,3492,GGTGGC,2.556640625,1361,CACAAA,2.63671875,1361,CACAAA,2.63671875,3492,GGTGGC,1.0538648211877444e-06,1361,CACAAA,0.17837099730968475,340,ACACAN,0.47999683022499084,False,False,True,-7.306970655918121e-05,
17,31,38,head_0,recovery,0.0,-0.00019073486328125,3492,GGTGGC,2.556640625,1361,CACAAA,2.63671875,1361,CACAAA,2.63671875,3492,GGTGGC,1.0545451232246705e-06,1361,CACAAA,0.17836199700832367,340,ACACAN,0.4799286723136902,False,False,True,-8.510611951351166e-05,
