Layer,Time_Offset,Target_Timestep,Component,Metric_Mode,Logit_Score,Posteriors_Score,Target_Transition_Prior,Target_String_Prior,Target_Logit,Wrong_Transition_Prior,Wrong_String_Prior,Wrong_Logit,Actual_Argmax_Prior,Actual_String_Prior,Actual_Argmax_Logit,Target_Transition_Post,Target_String_Post,Target_Prob,Wrong_Transition_Post,Wrong_String_Post,Wrong_Prob,Actual_Transition_Post,actual_String_Post,actual_Prob,Is_Target_Logit_Argmax,Is_Target_Prob_Argmax,Should_Decode,Global_MSE_Change,New_String
0,0,62,head_6,degradation,2.0,0.8779664039611816,1328,CAAGCG,4.8515625,1448,CAGACG,4.859375,1448,CAGACG,4.859375,1328,CAAGCG,0.00632924260571599,1448,CAGACG,0.0037246367428451777,47,AAAGCC,0.4362548291683197,False,False,True,3.44524160027504e-05,
0,1,62,head_6,degradation,2.0,0.9111331105232239,1328,CAAGCG,4.8515625,1448,CAGACG,4.859375,1448,CAGACG,4.859375,1328,CAAGCG,0.006335392128676176,1448,CAGACG,0.003706474555656314,47,AAAGCC,0.43781957030296326,False,False,True,6.087310612201691e-05,
0,2,62,head_6,degradation,2.0,0.8848409652709961,1328,CAAGCG,4.84765625,1448,CAGACG,4.85546875,1448,CAGACG,4.85546875,1328,CAAGCG,0.006308375392109156,1448,CAGACG,0.0036987303756177425,47,AAAGCC,0.4360123872756958,False,False,True,1.3553537428379059e-05,
0,3,62,head_6,degradation,3.0,0.8206344842910767,1328,CAAGCG,4.85546875,1448,CAGACG,4.8671875,1448,CAGACG,4.8671875,1328,CAAGCG,0.0063081420958042145,1448,CAGACG,0.0037455614656209946,47,AAAGCC,0.43249770998954773,False,False,True,-0.0002128956839442253,
0,4,62,head_6,degradation,2.0,0.9145793914794922,1328,CAAGCG,4.8515625,1448,CAGACG,4.859375,1448,CAGACG,4.859375,1328,CAAGCG,0.006363822612911463,1448,CAGACG,0.003732378827407956,47,AAAGCC,0.4346208870410919,False,False,True,-0.00010790396481752396,
0,5,62,head_6,degradation,1.0,0.951322615146637,1328,CAAGCG,4.85546875,1448,CAGACG,4.859375,1448,CAGACG,4.859375,1328,CAAGCG,0.00641245674341917,1448,CAGACG,0.0037540795747190714,47,AAAGCC,0.4331375062465668,False,False,True,-7.100868970155716e-05,
0,6,62,head_6,degradation,2.0,0.940631091594696,1328,CAAGCG,4.8515625,1448,CAGACG,4.859375,1448,CAGACG,4.859375,1328,CAAGCG,0.006378035992383957,1448,CAGACG,0.003727495903149247,47,AAAGCC,0.4341185390949249,False,False,True,-2.3344531655311584e-05,
0,7,62,head_6,degradation,1.0,0.9493231177330017,1328,CAAGCG,4.8515625,1448,CAGACG,4.85546875,1448,CAGACG,4.85546875,1328,CAAGCG,0.0063881599344313145,1448,CAGACG,0.0037312484346330166,47,AAAGCC,0.4349735379219055,False,False,True,5.3345225751399994e-05,
0,8,62,head_6,degradation,1.0,0.9309515357017517,1328,CAAGCG,4.84765625,1448,CAGACG,4.8515625,1448,CAGACG,4.8515625,1328,CAAGCG,0.006345048081129789,1448,CAGACG,0.0037016032729297876,47,AAAGCC,0.4348621666431427,False,False,True,-0.00015968084335327148,
0,9,62,head_6,degradation,2.0,0.9026014804840088,1328,CAAGCG,4.859375,1448,CAGACG,4.8671875,1448,CAGACG,4.8671875,1328,CAAGCG,0.006328083574771881,1448,CAGACG,0.003705419832840562,47,AAAGCC,0.43567606806755066,False,False,True,-0.0002541514113545418,
0,10,62,head_6,degradation,1.0,0.9007524847984314,1328,CAAGCG,4.8515625,1448,CAGACG,4.85546875,1448,CAGACG,4.85546875,1328,CAAGCG,0.006340683903545141,1448,CAGACG,0.003719375468790531,47,AAAGCC,0.43598437309265137,False,False,True,9.988434612751007e-06,
0,11,62,head_6,degradation,2.0,0.9155015349388123,1328,CAAGCG,4.8515625,1448,CAGACG,4.859375,1448,CAGACG,4.859375,1328,CAAGCG,0.006369731854647398,1448,CAGACG,0.003737612161785364,47,AAAGCC,0.43448710441589355,False,False,True,-2.8315000236034393e-05,
0,12,62,head_6,degradation,2.0,0.9570140242576599,1328,CAAGCG,4.8515625,1448,CAGACG,4.859375,1448,CAGACG,4.859375,1328,CAAGCG,0.006386127322912216,1448,CAGACG,0.003723578294739127,47,AAAGCC,0.4341720938682556,False,False,True,0.00010298937559127808,
0,13,62,head_6,degradation,0.0,0.9901387691497803,1328,CAAGCG,4.859375,1448,CAGACG,4.859375,1328,CAAGCG,4.859375,1328,CAAGCG,0.0063983360305428505,1448,CAGACG,0.003711506025865674,47,AAAGCC,0.43505528569221497,True,False,True,2.172868698835373e-05,
0,14,62,head_6,degradation,2.0,0.9073834419250488,1328,CAAGCG,4.8515625,1448,CAGACG,4.859375,1448,CAGACG,4.859375,1328,CAAGCG,0.006330945994704962,1448,CAGACG,0.0037047769874334335,47,AAAGCC,0.4349695146083832,False,False,True,-0.00018728617578744888,
0,15,62,head_6,degradation,2.0,0.9482069611549377,1328,CAAGCG,4.8515625,1448,CAGACG,4.859375,1448,CAGACG,4.859375,1328,CAAGCG,0.006389342248439789,1448,CAGACG,0.0037332489155232906,47,AAAGCC,0.4348084330558777,False,False,True,4.414096474647522e-05,
0,16,62,head_6,degradation,2.0,0.9250248074531555,1328,CAAGCG,4.8515625,1448,CAGACG,4.859375,1448,CAGACG,4.859375,1328,CAAGCG,0.006346696987748146,1448,CAGACG,0.003707596566528082,47,AAAGCC,0.43715763092041016,False,False,True,-1.3027340173721313e-05,
0,17,62,head_6,degradation,2.0,0.9339159727096558,1328,CAAGCG,4.859375,1448,CAGACG,4.8671875,1448,CAGACG,4.8671875,1328,CAAGCG,0.006364005617797375,1448,CAGACG,0.0037183878012001514,47,AAAGCC,0.4346068203449249,False,False,True,-0.0003345310688018799,
0,18,62,head_6,degradation,2.0,0.9164239168167114,1328,CAAGCG,4.8515625,1448,CAGACG,4.859375,1448,CAGACG,4.859375,1328,CAAGCG,0.006321107968688011,1448,CAGACG,0.0036883121356368065,47,AAAGCC,0.43570077419281006,False,False,True,-0.00048440322279930115,
0,19,62,head_6,degradation,2.0,0.8759688138961792,1328,CAAGCG,4.8515625,1448,CAGACG,4.859375,1448,CAGACG,4.859375,1328,CAAGCG,0.006318655796349049,1448,CAGACG,0.0037155142053961754,47,AAAGCC,0.43575775623321533,False,False,True,-0.00023151282221078873,
0,20,62,head_6,degradation,2.0,0.9411532878875732,1328,CAAGCG,4.859375,1448,CAGACG,4.8671875,1448,CAGACG,4.8671875,1328,CAAGCG,0.006382244639098644,1448,CAGACG,0.0037313217762857676,47,AAAGCC,0.43468350172042847,False,False,True,-0.00026662927120923996,
0,21,62,head_6,degradation,1.0,0.9202542304992676,1328,CAAGCG,4.8515625,1448,CAGACG,4.85546875,1448,CAGACG,4.85546875,1328,CAAGCG,0.006327442359179258,1448,CAGACG,0.0036918388213962317,47,AAAGCC,0.43669673800468445,False,False,True,2.9064714908599854e-05,
0,22,62,head_6,degradation,3.0,0.9020541906356812,1328,CAAGCG,4.8515625,1448,CAGACG,4.86328125,1448,CAGACG,4.86328125,1328,CAAGCG,0.006350419018417597,1448,CAGACG,0.003728156443685293,47,AAAGCC,0.4345334768295288,False,False,True,-0.000138196162879467,
0,23,62,head_6,degradation,2.0,0.9085246920585632,1328,CAAGCG,4.84375,1448,CAGACG,4.8515625,1448,CAGACG,4.8515625,1328,CAAGCG,0.006324255373328924,1448,CAGACG,0.0036972498055547476,47,AAAGCC,0.436283677816391,False,False,True,1.7313286662101746e-06,
0,24,62,head_6,degradation,2.0,0.9144371151924133,1328,CAAGCG,4.84765625,1448,CAGACG,4.85546875,1448,CAGACG,4.85546875,1328,CAAGCG,0.006334416568279266,1448,CAGACG,0.0037030770909041166,47,AAAGCC,0.4361652731895447,False,False,True,-1.059751957654953e-05,
0,25,62,head_6,degradation,2.0,0.8940723538398743,1328,CAAGCG,4.8515625,1448,CAGACG,4.859375,1448,CAGACG,4.859375,1328,CAAGCG,0.006337074562907219,1448,CAGACG,0.0037206627894192934,47,AAAGCC,0.43481960892677307,False,False,True,-0.00010895635932683945,
0,26,62,head_6,degradation,1.0,0.9057765007019043,1328,CAAGCG,4.84765625,1448,CAGACG,4.8515625,1448,CAGACG,4.8515625,1328,CAAGCG,0.006284119561314583,1448,CAGACG,0.0036591284442692995,47,AAAGCC,0.43753543496131897,False,False,True,-6.047077476978302e-05,
0,27,62,head_6,degradation,2.0,0.8730716705322266,1328,CAAGCG,4.8515625,1448,CAGACG,4.859375,1448,CAGACG,4.859375,1328,CAAGCG,0.006327706389129162,1448,CAGACG,0.0037266884464770555,47,AAAGCC,0.43476682901382446,False,False,True,-9.083747863769531e-05,
0,28,62,head_6,degradation,1.0,0.8969587087631226,1328,CAAGCG,4.84375,1448,CAGACG,4.84765625,1448,CAGACG,4.84765625,1328,CAAGCG,0.006307640112936497,1448,CAGACG,0.0036891126073896885,47,AAAGCC,0.43503791093826294,False,False,True,-7.087830454111099e-05,
0,29,62,head_6,degradation,2.0,0.9178926348686218,1328,CAAGCG,4.8515625,1448,CAGACG,4.859375,1448,CAGACG,4.859375,1328,CAAGCG,0.006358967162668705,1448,CAGACG,0.003725094720721245,47,AAAGCC,0.43568313121795654,False,False,True,0.0002909023314714432,
0,30,62,head_6,degradation,3.0,0.8922040462493896,1328,CAAGCG,4.8515625,1448,CAGACG,4.86328125,1448,CAGACG,4.86328125,1328,CAAGCG,0.006351415999233723,1448,CAGACG,0.0037363737355917692,47,AAAGCC,0.4341774880886078,False,False,True,-0.00022083520889282227,
0,31,62,head_6,degradation,1.0,0.9107837080955505,1328,CAAGCG,4.84765625,1448,CAGACG,4.8515625,1448,CAGACG,4.8515625,1328,CAAGCG,0.006339685525745153,1448,CAGACG,0.0037110240664333105,47,AAAGCC,0.43531084060668945,False,False,True,0.00013469811528921127,
1,0,62,head_6,degradation,2.0,0.8959133625030518,1328,CAAGCG,4.8515625,1448,CAGACG,4.859375,1448,CAGACG,4.859375,1328,CAAGCG,0.0063345725648105145,1448,CAGACG,0.003716811304911971,47,AAAGCC,0.4342104494571686,False,False,True,-0.00029851868748664856,
1,1,62,head_6,degradation,1.0,0.9541654586791992,1328,CAAGCG,4.84765625,1448,CAGACG,4.8515625,1448,CAGACG,4.8515625,1328,CAAGCG,0.006341558415442705,1448,CAGACG,0.003681097412481904,47,AAAGCC,0.4358648955821991,False,False,True,1.1442229151725769e-05,
1,2,62,head_6,degradation,2.0,0.9142125248908997,1328,CAAGCG,4.8515625,1448,CAGACG,4.859375,1448,CAGACG,4.859375,1328,CAAGCG,0.006386700086295605,1448,CAGACG,0.0037555252201855183,47,AAAGCC,0.43464189767837524,False,False,True,4.23407182097435e-05,
1,3,62,head_6,degradation,2.0,0.8813886046409607,1328,CAAGCG,4.84765625,1448,CAGACG,4.85546875,1448,CAGACG,4.85546875,1328,CAAGCG,0.006300350651144981,1448,CAGACG,0.003693236270919442,47,AAAGCC,0.43627578020095825,False,False,True,-0.00014956295490264893,
1,4,62,head_6,degradation,2.0,0.9022625088691711,1328,CAAGCG,4.84765625,1448,CAGACG,4.85546875,1448,CAGACG,4.85546875,1328,CAAGCG,0.006352994590997696,1448,CAGACG,0.0037305792793631554,47,AAAGCC,0.4331735670566559,False,False,True,-7.264409214258194e-05,
1,5,62,head_6,degradation,1.0,0.9355496168136597,1328,CAAGCG,4.8515625,1448,CAGACG,4.85546875,1448,CAGACG,4.85546875,1328,CAAGCG,0.006370167247951031,1448,CAGACG,0.0037233519833534956,47,AAAGCC,0.4345831274986267,False,False,True,-0.00012697651982307434,
1,6,62,head_6,degradation,1.0,0.9055065512657166,1328,CAAGCG,4.84765625,1448,CAGACG,4.8515625,1448,CAGACG,4.8515625,1328,CAAGCG,0.006349388509988785,1448,CAGACG,0.0037245952989906073,47,AAAGCC,0.4343039095401764,False,False,True,-0.00019665341824293137,
1,7,62,head_6,degradation,3.0,0.8628915548324585,1328,CAAGCG,4.85546875,1448,CAGACG,4.8671875,1448,CAGACG,4.8671875,1328,CAAGCG,0.006358897779136896,1448,CAGACG,0.0037653420586138964,47,AAAGCC,0.4328356981277466,False,False,True,-0.00021068286150693893,
1,8,62,head_6,degradation,2.0,0.8839747905731201,1328,CAAGCG,4.84765625,1448,CAGACG,4.85546875,1448,CAGACG,4.85546875,1328,CAAGCG,0.006330143194645643,1448,CAGACG,0.0037211331073194742,47,AAAGCC,0.43388035893440247,False,False,True,-4.957709461450577e-05,
1,9,62,head_6,degradation,2.0,0.8602545261383057,1328,CAAGCG,4.8515625,1448,CAGACG,4.859375,1448,CAGACG,4.859375,1328,CAAGCG,0.006345727946609259,1448,CAGACG,0.0037541051860898733,47,AAAGCC,0.4320578873157501,False,False,True,-0.00033399835228919983,
1,10,62,head_6,degradation,1.0,0.8815000653266907,1328,CAAGCG,4.84765625,1448,CAGACG,4.8515625,1448,CAGACG,4.8515625,1328,CAAGCG,0.006312699522823095,1448,CAGACG,0.0037055034190416336,47,AAAGCC,0.43537357449531555,False,False,True,6.107240915298462e-05,
1,11,62,head_6,degradation,2.0,0.924388587474823,1328,CAAGCG,4.8515625,1448,CAGACG,4.859375,1448,CAGACG,4.859375,1328,CAAGCG,0.0063710142858326435,1448,CAGACG,0.003732380224391818,47,AAAGCC,0.4363420605659485,False,False,True,7.951073348522186e-05,
1,12,62,head_6,degradation,1.0,0.9114157557487488,1328,CAAGCG,4.84765625,1448,CAGACG,4.8515625,1448,CAGACG,4.8515625,1328,CAAGCG,0.006345998961478472,1448,CAGACG,0.0037168741691857576,47,AAAGCC,0.4347746968269348,False,False,True,-7.306411862373352e-05,
1,13,62,head_6,degradation,2.0,0.8896524906158447,1328,CAAGCG,4.859375,1448,CAGACG,4.8671875,1448,CAGACG,4.8671875,1328,CAAGCG,0.006360056344419718,1448,CAGACG,0.003746884409338236,47,AAAGCC,0.43227431178092957,False,False,True,-0.0004033958539366722,
1,14,62,head_6,degradation,2.0,0.8950719237327576,1328,CAAGCG,4.8515625,1448,CAGACG,4.859375,1448,CAGACG,4.859375,1328,CAAGCG,0.006349879316985607,1448,CAGACG,0.003732734825462103,47,AAAGCC,0.43317919969558716,False,False,True,-0.0005185091868042946,
1,15,62,head_6,degradation,4.0,0.7772079706192017,1328,CAAGCG,4.8515625,1448,CAGACG,4.8671875,1448,CAGACG,4.8671875,1328,CAAGCG,0.0062948730774223804,1448,CAGACG,0.003764124820008874,47,AAAGCC,0.4310811758041382,False,False,True,-0.0009307116270065308,
1,16,62,head_6,degradation,3.0,0.8371060490608215,1328,CAAGCG,4.8515625,1448,CAGACG,4.86328125,1448,CAGACG,4.86328125,1328,CAAGCG,0.006307109724730253,1448,CAGACG,0.0037324551958590746,47,AAAGCC,0.43307405710220337,False,False,True,-0.0003878166899085045,
1,17,62,head_6,degradation,3.0,0.8569708466529846,1328,CAAGCG,4.8515625,1448,CAGACG,4.86328125,1448,CAGACG,4.86328125,1328,CAAGCG,0.00634671188890934,1448,CAGACG,0.0037574961315840483,47,AAAGCC,0.4324745237827301,False,False,True,-0.00036131683737039566,
1,18,62,head_6,degradation,2.0,0.8662260174751282,1328,CAAGCG,4.8515625,1448,CAGACG,4.859375,1448,CAGACG,4.859375,1328,CAAGCG,0.006339228246361017,1448,CAGACG,0.003743228269740939,47,AAAGCC,0.43300727009773254,False,False,True,6.200466305017471e-05,
1,19,62,head_6,degradation,2.0,0.8848301768302917,1328,CAAGCG,4.84765625,1448,CAGACG,4.85546875,1448,CAGACG,4.85546875,1328,CAAGCG,0.006341192405670881,1448,CAGACG,0.0037315553054213524,47,AAAGCC,0.4330092668533325,False,False,True,-9.132549166679382e-05,
1,20,62,head_6,degradation,2.0,0.9280188083648682,1328,CAAGCG,4.8515625,1448,CAGACG,4.859375,1448,CAGACG,4.859375,1328,CAAGCG,0.006363302003592253,1448,CAGACG,0.003722006920725107,47,AAAGCC,0.433743953704834,False,False,True,-9.019952267408371e-05,
1,21,62,head_6,degradation,1.0,0.8649805784225464,1328,CAAGCG,4.84765625,1448,CAGACG,4.8515625,1448,CAGACG,4.8515625,1328,CAAGCG,0.006269929464906454,1448,CAGACG,0.003674842417240143,47,AAAGCC,0.4341692328453064,False,False,True,-0.0002982011064887047,
1,22,62,head_6,degradation,1.0,0.9009726047515869,1328,CAAGCG,4.8515625,1448,CAGACG,4.85546875,1448,CAGACG,4.85546875,1328,CAAGCG,0.006342035718262196,1448,CAGACG,0.0037205659318715334,47,AAAGCC,0.4354855418205261,False,False,True,-8.862558752298355e-05,
1,23,62,head_6,degradation,3.0,0.8448731303215027,1328,CAAGCG,4.84765625,1448,CAGACG,4.859375,1448,CAGACG,4.859375,1328,CAAGCG,0.006293256767094135,1448,CAGACG,0.0037129088304936886,47,AAAGCC,0.43392667174339294,False,False,True,-2.9156915843486786e-05,
1,24,62,head_6,degradation,1.0,0.9002452492713928,1328,CAAGCG,4.84765625,1448,CAGACG,4.8515625,1448,CAGACG,4.8515625,1328,CAAGCG,0.006332520395517349,1448,CAGACG,0.0037115837913006544,47,AAAGCC,0.4337652027606964,False,False,True,-0.00021528825163841248,
1,25,62,head_6,degradation,2.0,0.8764747977256775,1328,CAAGCG,4.85546875,1448,CAGACG,4.86328125,1448,CAGACG,4.86328125,1328,CAAGCG,0.006331006996333599,1448,CAGACG,0.0037274945061653852,47,AAAGCC,0.4338269829750061,False,False,True,-0.0003415299579501152,
1,26,62,head_6,degradation,2.0,0.8289698362350464,1328,CAAGCG,4.84765625,1448,CAGACG,4.85546875,1448,CAGACG,4.85546875,1328,CAAGCG,0.006325863767415285,1448,CAGACG,0.0037571731954813004,47,AAAGCC,0.4310604929924011,False,False,True,-0.0001834416761994362,
1,27,62,head_6,degradation,2.0,0.8612427115440369,1328,CAAGCG,4.8515625,1448,CAGACG,4.859375,1448,CAGACG,4.859375,1328,CAAGCG,0.006330865900963545,1448,CAGACG,0.0037385188043117523,47,AAAGCC,0.431480348110199,False,False,True,-0.0002775518223643303,
1,28,62,head_6,degradation,1.0,0.8575822710990906,1328,CAAGCG,4.84765625,1448,CAGACG,4.8515625,1448,CAGACG,4.8515625,1328,CAAGCG,0.006342755630612373,1448,CAGACG,0.003753091674298048,47,AAAGCC,0.43151959776878357,False,False,True,-0.00018883217126131058,
1,29,62,head_6,degradation,1.0,0.8844312429428101,1328,CAAGCG,4.84765625,1448,CAGACG,4.8515625,1448,CAGACG,4.8515625,1328,CAAGCG,0.006331230513751507,1448,CAGACG,0.003721885848790407,47,AAAGCC,0.43283066153526306,False,False,True,-0.00023692753165960312,
1,30,62,head_6,degradation,1.0,0.9059197902679443,1328,CAAGCG,4.84375,1448,CAGACG,4.84765625,1448,CAGACG,4.84765625,1328,CAAGCG,0.006330676842480898,1448,CAGACG,0.0037055807188153267,47,AAAGCC,0.4349510073661804,False,False,True,-0.00030460674315690994,
1,31,62,head_6,degradation,2.0,0.8894444108009338,1328,CAAGCG,4.8515625,1448,CAGACG,4.859375,1448,CAGACG,4.859375,1328,CAAGCG,0.006349687464535236,1448,CAGACG,0.0037366680335253477,47,AAAGCC,0.4342249631881714,False,False,True,-0.0003438154235482216,
2,0,62,head_6,degradation,2.0,0.8952272534370422,1328,CAAGCG,4.8515625,1448,CAGACG,4.859375,1448,CAGACG,4.859375,1328,CAAGCG,0.006330475211143494,1448,CAGACG,0.0037132168654352427,47,AAAGCC,0.43610015511512756,False,False,True,-6.250012665987015e-05,
2,1,62,head_6,degradation,2.0,0.8903493881225586,1328,CAAGCG,4.8515625,1448,CAGACG,4.859375,1448,CAGACG,4.859375,1328,CAAGCG,0.006359211169183254,1448,CAGACG,0.0037455284036695957,47,AAAGCC,0.4335511028766632,False,False,True,2.566911280155182e-05,
2,2,62,head_6,degradation,2.0,0.8763934969902039,1328,CAAGCG,4.84765625,1448,CAGACG,4.85546875,1448,CAGACG,4.85546875,1328,CAAGCG,0.006330723874270916,1448,CAGACG,0.0037272709887474775,47,AAAGCC,0.43384072184562683,False,False,True,3.157462924718857e-05,
2,3,62,head_6,degradation,1.0,0.9476397037506104,1328,CAAGCG,4.8515625,1448,CAGACG,4.85546875,1448,CAGACG,4.85546875,1328,CAAGCG,0.0063806818798184395,1448,CAGACG,0.003725004382431507,47,AAAGCC,0.4340137839317322,False,False,True,5.539972335100174e-05,
2,4,62,head_6,degradation,2.0,0.9118169546127319,1328,CAAGCG,4.8515625,1448,CAGACG,4.859375,1448,CAGACG,4.859375,1328,CAAGCG,0.006363609340041876,1448,CAGACG,0.003734190482646227,47,AAAGCC,0.435117244720459,False,False,True,5.771126598119736e-05,
2,5,62,head_6,degradation,2.0,0.8831003308296204,1328,CAAGCG,4.84765625,1448,CAGACG,4.85546875,1448,CAGACG,4.85546875,1328,CAAGCG,0.006340877618640661,1448,CAGACG,0.0037325085140764713,47,AAAGCC,0.43434426188468933,False,False,True,-3.092922270298004e-05,
2,6,62,head_6,degradation,3.0,0.8696847558021545,1328,CAAGCG,4.84765625,1448,CAGACG,4.859375,1448,CAGACG,4.859375,1328,CAAGCG,0.006361670326441526,1448,CAGACG,0.0037631350569427013,47,AAAGCC,0.4340365529060364,False,False,True,-7.657520473003387e-05,
2,7,62,head_6,degradation,1.0,0.9527875781059265,1328,CAAGCG,4.85546875,1448,CAGACG,4.859375,1448,CAGACG,4.859375,1328,CAAGCG,0.006386331748217344,1448,CAGACG,0.0037268807645887136,47,AAAGCC,0.4353735148906708,False,False,True,-3.9149075746536255e-05,
2,8,62,head_6,degradation,1.0,0.9395946264266968,1328,CAAGCG,4.84765625,1448,CAGACG,4.8515625,1448,CAGACG,4.8515625,1328,CAAGCG,0.006365832407027483,1448,CAGACG,0.003716052044183016,47,AAAGCC,0.4343470633029938,False,False,True,1.6476958990097046e-05,
2,9,62,head_6,degradation,1.0,0.9417856931686401,1328,CAAGCG,4.84765625,1448,CAGACG,4.8515625,1448,CAGACG,4.8515625,1328,CAAGCG,0.0063550169579684734,1448,CAGACG,0.003703630529344082,47,AAAGCC,0.434576153755188,False,False,True,5.0717033445835114e-05,
2,10,62,head_6,degradation,1.0,0.9573856592178345,1328,CAAGCG,4.84765625,1448,CAGACG,4.8515625,1448,CAGACG,4.8515625,1328,CAAGCG,0.006379297934472561,1448,CAGACG,0.003716476494446397,47,AAAGCC,0.43401899933815,False,False,True,-0.0001638634130358696,
2,11,62,head_6,degradation,2.0,0.9068971276283264,1328,CAAGCG,4.8515625,1448,CAGACG,4.859375,1448,CAGACG,4.859375,1328,CAAGCG,0.006358741316944361,1448,CAGACG,0.0037329287733882666,47,AAAGCC,0.4338896870613098,False,False,True,-4.5622698962688446e-05,
2,12,62,head_6,degradation,2.0,0.921738862991333,1328,CAAGCG,4.8515625,1448,CAGACG,4.859375,1448,CAGACG,4.859375,1328,CAAGCG,0.006361792795360088,1448,CAGACG,0.0037251010071486235,47,AAAGCC,0.43401840329170227,False,False,True,4.0597282350063324e-05,
2,13,62,head_6,degradation,3.0,0.9175470471382141,1328,CAAGCG,4.85546875,1448,CAGACG,4.8671875,1448,CAGACG,4.8671875,1328,CAAGCG,0.006377368699759245,1448,CAGACG,0.00374374957755208,47,AAAGCC,0.43325257301330566,False,False,True,-0.0003560185432434082,
2,14,62,head_6,degradation,1.0,0.9659115672111511,1328,CAAGCG,4.85546875,1448,CAGACG,4.859375,1448,CAGACG,4.859375,1328,CAAGCG,0.006395359057933092,1448,CAGACG,0.003726287977769971,47,AAAGCC,0.4344814121723175,False,False,True,-0.00029053259640932083,
2,15,62,head_6,degradation,3.0,0.8662987947463989,1328,CAAGCG,4.8515625,1448,CAGACG,4.86328125,1448,CAGACG,4.86328125,1328,CAAGCG,0.006319636013358831,1448,CAGACG,0.0037235827185213566,47,AAAGCC,0.4345371127128601,False,False,True,-0.0005249381065368652,
2,16,62,head_6,degradation,3.0,0.7518823742866516,1328,CAAGCG,4.8515625,1448,CAGACG,4.86328125,1448,CAGACG,4.86328125,1328,CAAGCG,0.006259073503315449,1448,CAGACG,0.0037468892987817526,47,AAAGCC,0.4330473244190216,False,False,True,-0.0008369283750653267,
2,17,62,head_6,degradation,3.0,0.7528060674667358,1328,CAAGCG,4.84765625,1448,CAGACG,4.859375,1448,CAGACG,4.859375,1328,CAAGCG,0.0062216222286224365,1448,CAGACG,0.003708760952576995,47,AAAGCC,0.43307167291641235,False,False,True,-0.0013680504634976387,
2,18,62,head_6,degradation,3.0,0.7506124973297119,1328,CAAGCG,4.85546875,1448,CAGACG,4.8671875,1448,CAGACG,4.8671875,1328,CAAGCG,0.0062022884376347065,1448,CAGACG,0.0036910350900143385,47,AAAGCC,0.43362727761268616,False,False,True,-0.001710517331957817,
2,19,62,head_6,degradation,4.0,0.6963266730308533,1328,CAAGCG,4.859375,1448,CAGACG,4.875,1448,CAGACG,4.875,1328,CAAGCG,0.006180285010486841,1448,CAGACG,0.003708824049681425,47,AAAGCC,0.43437623977661133,False,False,True,-0.0013189036399126053,
2,20,62,head_6,degradation,2.0,0.8984150290489197,1328,CAAGCG,4.859375,1448,CAGACG,4.8671875,1448,CAGACG,4.8671875,1328,CAAGCG,0.006366777699440718,1448,CAGACG,0.0037471826653927565,47,AAAGCC,0.4333786964416504,False,False,True,-0.0006689513102173805,
2,21,62,head_6,degradation,2.0,0.9204108715057373,1328,CAAGCG,4.8515625,1448,CAGACG,4.859375,1448,CAGACG,4.859375,1328,CAAGCG,0.006378163583576679,1448,CAGACG,0.003742445260286331,47,AAAGCC,0.4328373968601227,False,False,True,-0.0002162819728255272,
2,22,62,head_6,degradation,2.0,0.9218131899833679,1328,CAAGCG,4.84765625,1448,CAGACG,4.85546875,1448,CAGACG,4.85546875,1328,CAAGCG,0.006369892507791519,1448,CAGACG,0.0037331462372094393,47,AAAGCC,0.43353116512298584,False,False,True,-0.00015539396554231644,
2,23,62,head_6,degradation,2.0,0.888818085193634,1328,CAAGCG,4.8515625,1448,CAGACG,4.859375,1448,CAGACG,4.859375,1328,CAAGCG,0.006325961090624332,1448,CAGACG,0.003713400801643729,47,AAAGCC,0.4347662925720215,False,False,True,-6.9398432970047e-05,
2,24,62,head_6,degradation,2.0,0.8894374370574951,1328,CAAGCG,4.8515625,1448,CAGACG,4.859375,1448,CAGACG,4.859375,1328,CAAGCG,0.006343862973153591,1448,CAGACG,0.003730848664417863,47,AAAGCC,0.4354049861431122,False,False,True,-0.00011226814240217209,
2,25,62,head_6,degradation,1.0,0.9124608039855957,1328,CAAGCG,4.8515625,1448,CAGACG,4.85546875,1448,CAGACG,4.85546875,1328,CAAGCG,0.0063560777343809605,1448,CAGACG,0.003726186929270625,47,AAAGCC,0.43374761939048767,False,False,True,4.779454320669174e-05,
2,26,62,head_6,degradation,3.0,0.866032600402832,1328,CAAGCG,4.84765625,1448,CAGACG,4.859375,1448,CAGACG,4.859375,1328,CAAGCG,0.006323452107608318,1448,CAGACG,0.0037275939248502254,47,AAAGCC,0.43420279026031494,False,False,True,-9.888783097267151e-05,
2,27,62,head_6,degradation,1.0,0.9431848526000977,1328,CAAGCG,4.84765625,1448,CAGACG,4.8515625,1448,CAGACG,4.8515625,1328,CAAGCG,0.0063960012048482895,1448,CAGACG,0.0037435891572386026,47,AAAGCC,0.4338493049144745,False,False,True,-7.392838597297668e-05,
2,28,62,head_6,degradation,2.0,0.9698892831802368,1328,CAAGCG,4.8515625,1448,CAGACG,4.859375,1448,CAGACG,4.859375,1328,CAAGCG,0.006394584197551012,1448,CAGACG,0.0037225973792374134,47,AAAGCC,0.4351253807544708,False,False,True,0.00011785142123699188,
2,29,62,head_6,degradation,2.0,0.9348873496055603,1328,CAAGCG,4.859375,1448,CAGACG,4.8671875,1448,CAGACG,4.8671875,1328,CAAGCG,0.006335067562758923,1448,CAGACG,0.0036887377500534058,47,AAAGCC,0.4386798143386841,False,False,True,-8.226651698350906e-05,
2,30,62,head_6,degradation,2.0,0.8717058897018433,1328,CAAGCG,4.859375,1448,CAGACG,4.8671875,1448,CAGACG,4.8671875,1328,CAAGCG,0.006280347239226103,1448,CAGACG,0.003680330468341708,47,AAAGCC,0.4381878077983856,False,False,True,-0.00010076165199279785,
2,31,62,head_6,degradation,3.0,0.9260692000389099,1328,CAAGCG,4.8515625,1448,CAGACG,4.86328125,1448,CAGACG,4.86328125,1328,CAAGCG,0.006373024545609951,1448,CAGACG,0.003733158577233553,47,AAAGCC,0.4353489875793457,False,False,True,-0.00014693383127450943,
3,0,62,head_6,degradation,2.0,0.8984979391098022,1328,CAAGCG,4.84765625,1448,CAGACG,4.85546875,1448,CAGACG,4.85546875,1328,CAAGCG,0.0063588786870241165,1448,CAGACG,0.0037392228841781616,47,AAAGCC,0.43238553404808044,False,False,True,-0.00019803456962108612,
3,1,62,head_6,degradation,2.0,0.9343908429145813,1328,CAAGCG,4.8515625,1448,CAGACG,4.859375,1448,CAGACG,4.859375,1328,CAAGCG,0.006387338042259216,1448,CAGACG,0.0037413721438497305,47,AAAGCC,0.43376436829566956,False,False,True,-5.853921175003052e-05,
3,2,62,head_6,degradation,2.0,0.8903300166130066,1328,CAAGCG,4.85546875,1448,CAGACG,4.86328125,1448,CAGACG,4.86328125,1328,CAAGCG,0.006353483069688082,1448,CAGACG,0.003739814506843686,47,AAAGCC,0.4344381093978882,False,False,True,-2.8528273105621338e-05,
3,3,62,head_6,degradation,2.0,0.9459508061408997,1328,CAAGCG,4.85546875,1448,CAGACG,4.86328125,1448,CAGACG,4.86328125,1328,CAAGCG,0.006368307862430811,1448,CAGACG,0.003713868325576186,47,AAAGCC,0.4341183304786682,False,False,True,-0.00021538883447647095,
3,4,62,head_6,degradation,2.0,0.9065029621124268,1328,CAAGCG,4.8515625,1448,CAGACG,4.859375,1448,CAGACG,4.859375,1328,CAAGCG,0.006369238719344139,1448,CAGACG,0.0037437151186168194,47,AAAGCC,0.43307676911354065,False,False,True,-0.00019881781190633774,
3,5,62,head_6,degradation,2.0,0.9060468077659607,1328,CAAGCG,4.8515625,1448,CAGACG,4.859375,1448,CAGACG,4.859375,1328,CAAGCG,0.006342247128486633,1448,CAGACG,0.0037170578725636005,47,AAAGCC,0.43475639820098877,False,False,True,-0.0002886047586798668,
3,6,62,head_6,degradation,1.0,0.973875880241394,1328,CAAGCG,4.85546875,1448,CAGACG,4.859375,1448,CAGACG,4.859375,1328,CAAGCG,0.006418513134121895,1448,CAGACG,0.0037436040583997965,47,AAAGCC,0.4329119622707367,False,False,True,-9.037554264068604e-06,
3,7,62,head_6,degradation,3.0,0.8983686566352844,1328,CAAGCG,4.8515625,1448,CAGACG,4.86328125,1448,CAGACG,4.86328125,1328,CAAGCG,0.006361003965139389,1448,CAGACG,0.0037414429243654013,47,AAAGCC,0.4346206486225128,False,False,True,-0.0001481175422668457,
3,8,62,head_6,degradation,2.0,0.9466766119003296,1328,CAAGCG,4.8515625,1448,CAGACG,4.859375,1448,CAGACG,4.859375,1328,CAAGCG,0.006398590747267008,1448,CAGACG,0.003743619192391634,47,AAAGCC,0.43282124400138855,False,False,True,-3.974325954914093e-05,
3,9,62,head_6,degradation,1.0,0.9511282444000244,1328,CAAGCG,4.859375,1448,CAGACG,4.86328125,1448,CAGACG,4.86328125,1328,CAAGCG,0.006360320374369621,1448,CAGACG,0.0037020856980234385,47,AAAGCC,0.43536376953125,False,False,True,-0.00012328848242759705,
3,10,62,head_6,degradation,1.0,0.9762254357337952,1328,CAAGCG,4.84765625,1448,CAGACG,4.8515625,1448,CAGACG,4.8515625,1328,CAAGCG,0.006388738751411438,1448,CAGACG,0.003712107427418232,47,AAAGCC,0.4347076714038849,False,False,True,0.00012595299631357193,
3,11,62,head_6,degradation,1.0,0.9422316551208496,1328,CAAGCG,4.8515625,1448,CAGACG,4.85546875,1448,CAGACG,4.85546875,1328,CAAGCG,0.006367615424096584,1448,CAGACG,0.0037159021012485027,47,AAAGCC,0.4341638386249542,False,False,True,-0.00011822767555713654,
3,12,62,head_6,degradation,2.0,0.915924608707428,1328,CAAGCG,4.8515625,1448,CAGACG,4.859375,1448,CAGACG,4.859375,1328,CAAGCG,0.006360290572047234,1448,CAGACG,0.003727860748767853,47,AAAGCC,0.43489697575569153,False,False,True,-2.658367156982422e-05,
3,13,62,head_6,degradation,2.0,0.9380843043327332,1328,CAAGCG,4.84765625,1448,CAGACG,4.85546875,1448,CAGACG,4.85546875,1328,CAAGCG,0.006387397181242704,1448,CAGACG,0.0037387239281088114,47,AAAGCC,0.4349149465560913,False,False,True,0.00010478775948286057,
3,14,62,head_6,degradation,0.0,1.0633878707885742,1328,CAAGCG,4.8515625,1448,CAGACG,4.8515625,1328,CAAGCG,4.8515625,1328,CAAGCG,0.006454784888774157,1448,CAGACG,0.003714262042194605,47,AAAGCC,0.43640267848968506,True,False,True,0.00029665231704711914,
3,15,62,head_6,degradation,2.0,0.9365097880363464,1328,CAAGCG,4.8515625,1448,CAGACG,4.859375,1448,CAGACG,4.859375,1328,CAAGCG,0.006412975490093231,1448,CAGACG,0.0037654563784599304,47,AAAGCC,0.4334172010421753,False,False,True,0.00029503926634788513,
3,16,62,head_6,degradation,1.0,0.7653268575668335,1328,CAAGCG,4.84375,1448,CAGACG,4.84765625,1448,CAGACG,4.84765625,1328,CAAGCG,0.006154020316898823,1448,CAGACG,0.0036319810897111893,47,AAAGCC,0.4441746175289154,False,False,True,-0.0015367725864052773,
3,17,62,head_6,degradation,4.0,0.628937840461731,1328,CAAGCG,4.859375,1448,CAGACG,4.875,1448,CAGACG,4.875,1328,CAAGCG,0.0060467966832220554,1448,CAGACG,0.0036247328389436007,47,AAAGCC,0.44115588068962097,False,False,True,-0.004236509092152119,
3,18,62,head_6,degradation,4.0,0.5509657263755798,1328,CAAGCG,4.86328125,1448,CAGACG,4.87890625,1448,CAGACG,4.87890625,1328,CAAGCG,0.005989304278045893,1448,CAGACG,0.0036243952345103025,47,AAAGCC,0.44116196036338806,False,False,True,-0.004339045379310846,
3,19,62,head_6,degradation,4.0,0.7057067155838013,1328,CAAGCG,4.859375,1448,CAGACG,4.875,1448,CAGACG,4.875,1328,CAAGCG,0.006182907614856958,1448,CAGACG,0.0037045709323138,47,AAAGCC,0.43046876788139343,False,False,True,-0.00299080740660429,
3,20,62,head_6,degradation,1.0,0.9032821655273438,1328,CAAGCG,4.85546875,1448,CAGACG,4.859375,1448,CAGACG,4.859375,1328,CAAGCG,0.006346268579363823,1448,CAGACG,0.0037231058813631535,47,AAAGCC,0.4341103732585907,False,False,True,-0.0004490762948989868,
3,21,62,head_6,degradation,1.0,0.9477893114089966,1328,CAAGCG,4.8515625,1448,CAGACG,4.85546875,1448,CAGACG,4.85546875,1328,CAAGCG,0.006372630130499601,1448,CAGACG,0.003716842969879508,47,AAAGCC,0.43466493487358093,False,False,True,-3.7280842661857605e-05,
3,22,62,head_6,degradation,2.0,0.910479724407196,1328,CAAGCG,4.8515625,1448,CAGACG,4.859375,1448,CAGACG,4.859375,1328,CAAGCG,0.006360823288559914,1448,CAGACG,0.0037323846481740475,47,AAAGCC,0.43376028537750244,False,False,True,-0.00016561336815357208,
3,23,62,head_6,degradation,2.0,0.8950821161270142,1328,CAAGCG,4.84765625,1448,CAGACG,4.85546875,1448,CAGACG,4.85546875,1328,CAAGCG,0.006351833697408438,1448,CAGACG,0.0037346817553043365,47,AAAGCC,0.43356388807296753,False,False,True,6.183236837387085e-05,
3,24,62,head_6,degradation,2.0,0.8825047612190247,1328,CAAGCG,4.84375,1448,CAGACG,4.8515625,1448,CAGACG,4.8515625,1328,CAAGCG,0.006331801414489746,1448,CAGACG,0.003723868867382407,47,AAAGCC,0.4335968792438507,False,False,True,-9.14083793759346e-05,
3,25,62,head_6,degradation,2.0,0.8550789952278137,1328,CAAGCG,4.8515625,1448,CAGACG,4.859375,1448,CAGACG,4.859375,1328,CAAGCG,0.006332102231681347,1448,CAGACG,0.0037442732136696577,47,AAAGCC,0.4322302043437958,False,False,True,-8.66847112774849e-05,
3,26,62,head_6,degradation,2.0,0.9264478087425232,1328,CAAGCG,4.8515625,1448,CAGACG,4.859375,1448,CAGACG,4.859375,1328,CAAGCG,0.006389564368873835,1448,CAGACG,0.003749420866370201,47,AAAGCC,0.4339420795440674,False,False,True,-4.055537283420563e-05,
3,27,62,head_6,degradation,1.0,0.9508976340293884,1328,CAAGCG,4.84765625,1448,CAGACG,4.8515625,1448,CAGACG,4.8515625,1328,CAAGCG,0.006380141247063875,1448,CAGACG,0.003722075605764985,47,AAAGCC,0.4351041913032532,False,False,True,7.907021790742874e-05,
3,28,62,head_6,degradation,2.0,0.890808641910553,1328,CAAGCG,4.8515625,1448,CAGACG,4.859375,1448,CAGACG,4.859375,1328,CAAGCG,0.006331144366413355,1448,CAGACG,0.003717124927788973,47,AAAGCC,0.4335915744304657,False,False,True,-0.00012999773025512695,
3,29,62,head_6,degradation,2.0,0.9313463568687439,1328,CAAGCG,4.85546875,1448,CAGACG,4.86328125,1448,CAGACG,4.86328125,1328,CAAGCG,0.006363982334733009,1448,CAGACG,0.003720248118042946,47,AAAGCC,0.43534865975379944,False,False,True,-8.204393088817596e-05,
3,30,62,head_6,degradation,2.0,0.9471524357795715,1328,CAAGCG,4.859375,1448,CAGACG,4.8671875,1448,CAGACG,4.8671875,1328,CAAGCG,0.0063933818601071835,1448,CAGACG,0.003738061524927616,47,AAAGCC,0.43538224697113037,False,False,True,2.9904767870903015e-05,
3,31,62,head_6,degradation,2.0,0.9165878295898438,1328,CAAGCG,4.8515625,1448,CAGACG,4.859375,1448,CAGACG,4.859375,1328,CAAGCG,0.0063342684879899025,1448,CAGACG,0.0037013525143265724,47,AAAGCC,0.43612849712371826,False,False,True,1.2728385627269745e-05,
4,0,62,head_6,degradation,1.0,0.9608811736106873,1328,CAAGCG,4.8515625,1448,CAGACG,4.85546875,1448,CAGACG,4.85546875,1328,CAAGCG,0.0064148553647100925,1448,CAGACG,0.0037494716234505177,47,AAAGCC,0.4343984127044678,False,False,True,-0.00010173115879297256,
4,1,62,head_6,degradation,1.0,0.9250791072845459,1328,CAAGCG,4.8515625,1448,CAGACG,4.85546875,1448,CAGACG,4.85546875,1328,CAAGCG,0.006376916542649269,1448,CAGACG,0.00373777630738914,47,AAAGCC,0.4357411563396454,False,False,True,-0.00011797063052654266,
4,2,62,head_6,degradation,1.0,0.9027145504951477,1328,CAAGCG,4.84765625,1448,CAGACG,4.8515625,1448,CAGACG,4.8515625,1328,CAAGCG,0.0063319699838757515,1448,CAGACG,0.0037092233542352915,47,AAAGCC,0.4341711699962616,False,False,True,-0.00030878186225891113,
4,3,62,head_6,degradation,3.0,0.8577223420143127,1328,CAAGCG,4.8515625,1448,CAGACG,4.86328125,1448,CAGACG,4.86328125,1328,CAAGCG,0.006331253331154585,1448,CAGACG,0.003741486696526408,47,AAAGCC,0.43058592081069946,False,False,True,-0.0004933858290314674,
4,4,62,head_6,degradation,3.0,0.7990935444831848,1328,CAAGCG,4.84765625,1448,CAGACG,4.859375,1448,CAGACG,4.859375,1328,CAAGCG,0.006285267416387796,1448,CAGACG,0.003738476661965251,47,AAAGCC,0.4316137731075287,False,False,True,-0.0005710292607545853,
4,5,62,head_6,degradation,2.0,0.8488756418228149,1328,CAAGCG,4.8515625,1448,CAGACG,4.859375,1448,CAGACG,4.859375,1328,CAAGCG,0.006326284725219011,1448,CAGACG,0.003743002889677882,47,AAAGCC,0.4325123429298401,False,False,True,-0.00046985503286123276,
4,6,62,head_6,degradation,2.0,0.8301314115524292,1328,CAAGCG,4.8515625,1448,CAGACG,4.859375,1448,CAGACG,4.859375,1328,CAAGCG,0.006314018741250038,1448,CAGACG,0.003744476707652211,47,AAAGCC,0.4335682690143585,False,False,True,-0.000458703376352787,
4,7,62,head_6,degradation,2.0,0.8469746112823486,1328,CAAGCG,4.8515625,1448,CAGACG,4.859375,1448,CAGACG,4.859375,1328,CAAGCG,0.006308517884463072,1448,CAGACG,0.003726629540324211,47,AAAGCC,0.4344814419746399,False,False,True,-0.00029464997351169586,
4,8,62,head_6,degradation,1.0,0.9196358323097229,1328,CAAGCG,4.859375,1448,CAGACG,4.86328125,1448,CAGACG,4.86328125,1328,CAAGCG,0.006377204321324825,1448,CAGACG,0.0037420541048049927,47,AAAGCC,0.4335787296295166,False,False,True,-0.0003324020653963089,
4,9,62,head_6,degradation,0.0,0.9354943037033081,1328,CAAGCG,4.8515625,1448,CAGACG,4.8515625,1328,CAAGCG,4.8515625,1328,CAAGCG,0.006398960016667843,1448,CAGACG,0.0037521852646023035,47,AAAGCC,0.43315017223358154,True,False,True,-7.811933755874634e-05,
4,10,62,head_6,degradation,2.0,0.9136001467704773,1328,CAAGCG,4.8515625,1448,CAGACG,4.859375,1448,CAGACG,4.859375,1328,CAAGCG,0.006354387849569321,1448,CAGACG,0.003723661880940199,47,AAAGCC,0.4358944892883301,False,False,True,-1.1256895959377289e-05,
4,11,62,head_6,degradation,2.0,0.9043522477149963,1328,CAAGCG,4.84765625,1448,CAGACG,4.85546875,1448,CAGACG,4.85546875,1328,CAAGCG,0.006353534758090973,1448,CAGACG,0.0037295876536518335,47,AAAGCC,0.435782790184021,False,False,True,0.0001629795879125595,
4,12,62,head_6,degradation,2.0,0.9323415160179138,1328,CAAGCG,4.85546875,1448,CAGACG,4.86328125,1448,CAGACG,4.86328125,1328,CAAGCG,0.006389916874468327,1448,CAGACG,0.0037454531993716955,47,AAAGCC,0.43366149067878723,False,False,True,2.1066516637802124e-05,
4,13,62,head_6,degradation,1.0,0.9272393584251404,1328,CAAGCG,4.8515625,1448,CAGACG,4.85546875,1448,CAGACG,4.85546875,1328,CAAGCG,0.006362610962241888,1448,CAGACG,0.003721887245774269,47,AAAGCC,0.4346707761287689,False,False,True,0.00010958965867757797,
4,14,62,head_6,degradation,3.0,0.8726752996444702,1328,CAAGCG,4.85546875,1448,CAGACG,4.8671875,1448,CAGACG,4.8671875,1328,CAAGCG,0.0063442145474255085,1448,CAGACG,0.0037434871774166822,47,AAAGCC,0.43359920382499695,False,False,True,-0.0004813726991415024,
4,15,62,head_6,degradation,3.0,0.8564314842224121,1328,CAAGCG,4.85546875,1448,CAGACG,4.8671875,1448,CAGACG,4.8671875,1328,CAAGCG,0.006357293110340834,1448,CAGACG,0.0037684726994484663,47,AAAGCC,0.4319678246974945,False,False,True,-0.0006462140008807182,
4,16,62,head_6,degradation,2.0,0.8672192692756653,1328,CAAGCG,4.8515625,1448,CAGACG,4.859375,1448,CAGACG,4.859375,1328,CAAGCG,0.006319066043943167,1448,CAGACG,0.003722338005900383,47,AAAGCC,0.4325663149356842,False,False,True,-0.0008476721122860909,
4,17,62,head_6,degradation,2.0,0.909715473651886,1328,CAAGCG,4.8515625,1448,CAGACG,4.859375,1448,CAGACG,4.859375,1328,CAAGCG,0.006352863274514675,1448,CAGACG,0.00372498482465744,47,AAAGCC,0.4346742033958435,False,False,True,-0.0002765040844678879,
4,18,62,head_6,degradation,2.0,0.921654999256134,1328,CAAGCG,4.84375,1448,CAGACG,4.8515625,1448,CAGACG,4.8515625,1328,CAAGCG,0.006346880458295345,1448,CAGACG,0.003710250137373805,47,AAAGCC,0.4351935386657715,False,False,True,-0.000201529823243618,
4,19,62,head_6,degradation,2.0,0.8525446057319641,1328,CAAGCG,4.84765625,1448,CAGACG,4.85546875,1448,CAGACG,4.85546875,1328,CAAGCG,0.006288627162575722,1448,CAGACG,0.0037026559002697468,47,AAAGCC,0.4353576898574829,False,False,True,-0.0001293690875172615,
4,20,62,head_6,degradation,2.0,0.8785689473152161,1328,CAAGCG,4.8515625,1448,CAGACG,4.859375,1448,CAGACG,4.859375,1328,CAAGCG,0.006329486612230539,1448,CAGACG,0.0037244390696287155,47,AAAGCC,0.43475648760795593,False,False,True,-4.11495566368103e-05,
4,21,62,head_6,degradation,3.0,0.8858208656311035,1328,CAAGCG,4.84765625,1448,CAGACG,4.859375,1448,CAGACG,4.859375,1328,CAAGCG,0.006361993029713631,1448,CAGACG,0.0037516297306865454,47,AAAGCC,0.43343642354011536,False,False,True,3.6261044442653656e-05,
4,22,62,head_6,degradation,1.0,0.9207116365432739,1328,CAAGCG,4.84765625,1448,CAGACG,4.8515625,1448,CAGACG,4.8515625,1328,CAAGCG,0.00636189803481102,1448,CAGACG,0.0037259592209011316,47,AAAGCC,0.4337938725948334,False,False,True,2.2823922336101532e-05,
4,23,62,head_6,degradation,1.0,0.916974663734436,1328,CAAGCG,4.8515625,1448,CAGACG,4.85546875,1448,CAGACG,4.85546875,1328,CAAGCG,0.006380089092999697,1448,CAGACG,0.0037468895316123962,47,AAAGCC,0.4329482614994049,False,False,True,-1.1424534022808075e-05,
4,24,62,head_6,degradation,2.0,0.8696320056915283,1328,CAAGCG,4.8515625,1448,CAGACG,4.859375,1448,CAGACG,4.859375,1328,CAAGCG,0.006348678842186928,1448,CAGACG,0.0037501822225749493,47,AAAGCC,0.4317512810230255,False,False,True,-0.0003014765679836273,
4,25,62,head_6,degradation,1.0,0.9127110838890076,1328,CAAGCG,4.8671875,1448,CAGACG,4.87109375,1448,CAGACG,4.87109375,1328,CAAGCG,0.006371963769197464,1448,CAGACG,0.0037418894935399294,47,AAAGCC,0.43314966559410095,False,False,True,-0.0008671162649989128,
4,26,62,head_6,degradation,3.0,0.8487698435783386,1328,CAAGCG,4.85546875,1448,CAGACG,4.8671875,1448,CAGACG,4.8671875,1328,CAAGCG,0.0063511221669614315,1448,CAGACG,0.003767917864024639,47,AAAGCC,0.4307064712047577,False,False,True,-0.0009577367454767227,
4,27,62,head_6,degradation,1.0,0.9390575289726257,1328,CAAGCG,4.8671875,1448,CAGACG,4.87109375,1448,CAGACG,4.87109375,1328,CAAGCG,0.006354829296469688,1448,CAGACG,0.00370544265024364,47,AAAGCC,0.43355658650398254,False,False,True,-0.0009517325088381767,
4,28,62,head_6,degradation,1.0,0.9714005589485168,1328,CAAGCG,4.8515625,1448,CAGACG,4.85546875,1448,CAGACG,4.85546875,1328,CAAGCG,0.006408687215298414,1448,CAGACG,0.0037355925887823105,47,AAAGCC,0.4337424337863922,False,False,True,-3.3882446587085724e-05,
4,29,62,head_6,degradation,2.0,0.9196428060531616,1328,CAAGCG,4.8515625,1448,CAGACG,4.859375,1448,CAGACG,4.859375,1328,CAAGCG,0.0063837203197181225,1448,CAGACG,0.0037485649809241295,47,AAAGCC,0.4314795136451721,False,False,True,-0.00026236195117235184,
4,30,62,head_6,degradation,2.0,0.9100572466850281,1328,CAAGCG,4.85546875,1448,CAGACG,4.86328125,1448,CAGACG,4.86328125,1328,CAAGCG,0.006347018294036388,1448,CAGACG,0.003718889318406582,47,AAAGCC,0.4341152608394623,False,False,True,-0.0003334851935505867,
4,31,62,head_6,degradation,1.0,0.9346684813499451,1328,CAAGCG,4.859375,1448,CAGACG,4.86328125,1448,CAGACG,4.86328125,1328,CAAGCG,0.006398188881576061,1448,CAGACG,0.003752019489184022,47,AAAGCC,0.43326324224472046,False,False,True,-0.0002840021625161171,
5,0,62,head_6,degradation,2.0,0.8969907760620117,1328,CAAGCG,4.8515625,1448,CAGACG,4.859375,1448,CAGACG,4.859375,1328,CAAGCG,0.006336072459816933,1448,CAGACG,0.0037175214383751154,47,AAAGCC,0.4360530376434326,False,False,True,-0.00024333689361810684,
5,1,62,head_6,degradation,1.0,0.9313181042671204,1328,CAAGCG,4.85546875,1448,CAGACG,4.859375,1448,CAGACG,4.859375,1328,CAAGCG,0.006344472989439964,1448,CAGACG,0.003700759494677186,47,AAAGCC,0.4352210462093353,False,False,True,-0.00021699722856283188,
5,2,62,head_6,degradation,2.0,0.886894166469574,1328,CAAGCG,4.85546875,1448,CAGACG,4.86328125,1448,CAGACG,4.86328125,1328,CAAGCG,0.0063432082533836365,1448,CAGACG,0.0037320582196116447,47,AAAGCC,0.43418586254119873,False,False,True,-0.00034072529524564743,
5,3,62,head_6,degradation,1.0,0.9563571214675903,1328,CAAGCG,4.86328125,1448,CAGACG,4.8671875,1448,CAGACG,4.8671875,1328,CAAGCG,0.006407700479030609,1448,CAGACG,0.0037456329446285963,47,AAAGCC,0.4339867830276489,False,False,True,-0.00027336645871400833,
5,4,62,head_6,degradation,2.0,0.9392907023429871,1328,CAAGCG,4.859375,1448,CAGACG,4.8671875,1448,CAGACG,4.8671875,1328,CAAGCG,0.006384718231856823,1448,CAGACG,0.0037351606879383326,47,AAAGCC,0.4349183142185211,False,False,True,-2.0508654415607452e-05,
5,5,62,head_6,degradation,1.0,0.9685796499252319,1328,CAAGCG,4.859375,1448,CAGACG,4.86328125,1448,CAGACG,4.86328125,1328,CAAGCG,0.006392558570951223,1448,CAGACG,0.0037215317133814096,47,AAAGCC,0.4355188012123108,False,False,True,-9.650364518165588e-06,
5,6,62,head_6,degradation,0.0,0.9783389568328857,1328,CAAGCG,4.859375,1448,CAGACG,4.859375,1328,CAAGCG,4.859375,1328,CAAGCG,0.006378544494509697,1448,CAGACG,0.003700363915413618,47,AAAGCC,0.43387502431869507,True,False,True,-0.0003881305456161499,
5,7,62,head_6,degradation,2.0,0.9032903909683228,1328,CAAGCG,4.859375,1448,CAGACG,4.8671875,1448,CAGACG,4.8671875,1328,CAAGCG,0.0063379136845469475,1448,CAGACG,0.003714744932949543,47,AAAGCC,0.43416112661361694,False,False,True,-0.000453718937933445,
5,8,62,head_6,degradation,3.0,0.8512023091316223,1328,CAAGCG,4.8515625,1448,CAGACG,4.86328125,1448,CAGACG,4.86328125,1328,CAAGCG,0.006323473062366247,1448,CAGACG,0.0037384857423603535,47,AAAGCC,0.432491660118103,False,False,True,-0.00026194285601377487,
5,9,62,head_6,degradation,1.0,0.9056799411773682,1328,CAAGCG,4.85546875,1448,CAGACG,4.859375,1448,CAGACG,4.859375,1328,CAAGCG,0.006335987709462643,1448,CAGACG,0.00371106737293303,47,AAAGCC,0.4348910450935364,False,False,True,-0.0001462167128920555,
5,10,62,head_6,degradation,0.0,0.9284593462944031,1328,CAAGCG,4.859375,1448,CAGACG,4.859375,1328,CAAGCG,4.859375,1328,CAAGCG,0.006372854579240084,1448,CAGACG,0.0037312365602701902,47,AAAGCC,0.43394458293914795,True,False,True,-0.00013127736747264862,
5,11,62,head_6,degradation,1.0,0.9775242209434509,1328,CAAGCG,4.859375,1448,CAGACG,4.86328125,1448,CAGACG,4.86328125,1328,CAAGCG,0.006444078870117664,1448,CAGACG,0.0037664955016225576,47,AAAGCC,0.43262484669685364,False,False,True,-0.00012831483036279678,
5,12,62,head_6,degradation,2.0,0.9075304865837097,1328,CAAGCG,4.8515625,1448,CAGACG,4.859375,1448,CAGACG,4.859375,1328,CAAGCG,0.006362902466207743,1448,CAGACG,0.0037366256583482027,47,AAAGCC,0.43305546045303345,False,False,True,-4.327576607465744e-05,
5,13,62,head_6,degradation,2.0,0.9079669117927551,1328,CAAGCG,4.85546875,1448,CAGACG,4.86328125,1448,CAGACG,4.86328125,1328,CAAGCG,0.006327483803033829,1448,CAGACG,0.0037008870858699083,47,AAAGCC,0.4366396367549896,False,False,True,-0.00040410179644823074,
5,14,62,head_6,degradation,2.0,0.9191403388977051,1328,CAAGCG,4.87109375,1448,CAGACG,4.87890625,1448,CAGACG,4.87890625,1328,CAAGCG,0.00639045936986804,1448,CAGACG,0.0037556723691523075,47,AAAGCC,0.4311184883117676,False,False,True,-0.0011442890390753746,
5,15,62,head_6,degradation,3.0,0.8172155022621155,1328,CAAGCG,4.859375,1448,CAGACG,4.87109375,1448,CAGACG,4.87109375,1328,CAAGCG,0.006321024615317583,1448,CAGACG,0.0037609501741826534,47,AAAGCC,0.43054017424583435,False,False,True,-0.001356717199087143,
5,16,62,head_6,degradation,2.0,0.9080288410186768,1328,CAAGCG,4.86328125,1448,CAGACG,4.87109375,1448,CAGACG,4.87109375,1328,CAAGCG,0.0064102476462721825,1448,CAGACG,0.0037836055271327496,47,AAAGCC,0.4318336546421051,False,False,True,-0.0010456042364239693,
5,17,62,head_6,degradation,1.0,0.9506683349609375,1328,CAAGCG,4.85546875,1448,CAGACG,4.859375,1448,CAGACG,4.859375,1328,CAAGCG,0.006420990917831659,1448,CAGACG,0.0037630933802574873,47,AAAGCC,0.43516573309898376,False,False,True,-0.000391228124499321,
5,18,62,head_6,degradation,1.0,0.8750600814819336,1328,CAAGCG,4.859375,1448,CAGACG,4.86328125,1448,CAGACG,4.86328125,1328,CAAGCG,0.006339849904179573,1448,CAGACG,0.0037373744416981936,47,AAAGCC,0.4367459714412689,False,False,True,-0.0006159543991088867,
5,19,62,head_6,degradation,0.0,0.9195278286933899,1328,CAAGCG,4.85546875,1448,CAGACG,4.85546875,1328,CAAGCG,4.85546875,1328,CAAGCG,0.0063698384910821915,1448,CAGACG,0.003734767436981201,47,AAAGCC,0.4367877244949341,True,False,True,-0.0007132915779948235,
5,20,62,head_6,degradation,0.0,0.9602929353713989,1328,CAAGCG,4.85546875,1448,CAGACG,4.85546875,1328,CAAGCG,4.85546875,1328,CAAGCG,0.006383723113685846,1448,CAGACG,0.0037187705747783184,47,AAAGCC,0.4350629150867462,True,False,True,-0.00038576778024435043,
5,21,62,head_6,degradation,2.0,0.9589951038360596,1328,CAAGCG,4.8515625,1448,CAGACG,4.859375,1448,CAGACG,4.859375,1328,CAAGCG,0.006401639431715012,1448,CAGACG,0.0037376382388174534,47,AAAGCC,0.4354858100414276,False,False,True,-8.180737495422363e-06,
5,22,62,head_6,degradation,1.0,0.9431670904159546,1328,CAAGCG,4.84765625,1448,CAGACG,4.8515625,1448,CAGACG,4.8515625,1328,CAAGCG,0.006370897404849529,1448,CAGACG,0.003718498395755887,47,AAAGCC,0.4357818067073822,False,False,True,8.519180119037628e-05,
5,23,62,head_6,degradation,1.0,0.9655631184577942,1328,CAAGCG,4.85546875,1448,CAGACG,4.859375,1448,CAGACG,4.859375,1328,CAAGCG,0.006395973265171051,1448,CAGACG,0.003727157600224018,47,AAAGCC,0.4351734220981598,False,False,True,-9.316578507423401e-05,
5,24,62,head_6,degradation,1.0,0.9249120354652405,1328,CAAGCG,4.8515625,1448,CAGACG,4.85546875,1448,CAGACG,4.85546875,1328,CAAGCG,0.006356586702167988,1448,CAGACG,0.003717568935826421,47,AAAGCC,0.4342128336429596,False,False,True,-0.00026957038789987564,
5,25,62,head_6,degradation,1.0,0.909623384475708,1328,CAAGCG,4.85546875,1448,CAGACG,4.859375,1448,CAGACG,4.859375,1328,CAAGCG,0.006350914016366005,1448,CAGACG,0.0037231030873954296,47,AAAGCC,0.4355764389038086,False,False,True,-0.000216715969145298,
5,26,62,head_6,degradation,0.0,0.93401700258255,1328,CAAGCG,4.8515625,1448,CAGACG,4.8515625,1328,CAAGCG,4.8515625,1328,CAAGCG,0.006330713629722595,1448,CAGACG,0.00368502177298069,47,AAAGCC,0.43725597858428955,True,False,True,-0.00018693972378969193,
5,27,62,head_6,degradation,2.0,0.840243935585022,1328,CAAGCG,4.8515625,1448,CAGACG,4.859375,1448,CAGACG,4.859375,1328,CAAGCG,0.006286914926022291,1448,CAGACG,0.003709960263222456,47,AAAGCC,0.43791717290878296,False,False,True,-0.00030041392892599106,
5,28,62,head_6,degradation,2.0,0.8066163659095764,1328,CAAGCG,4.8359375,1448,CAGACG,4.84375,1448,CAGACG,4.84375,1328,CAAGCG,0.0062392596155405045,1448,CAGACG,0.0036869545001536608,47,AAAGCC,0.43648508191108704,False,False,True,-0.0001297183334827423,
5,29,62,head_6,degradation,2.0,0.8284082412719727,1328,CAAGCG,4.8359375,1448,CAGACG,4.84375,1448,CAGACG,4.84375,1328,CAAGCG,0.006283987779170275,1448,CAGACG,0.00371570885181427,47,AAAGCC,0.43404853343963623,False,False,True,-0.00022166967391967773,
5,30,62,head_6,degradation,0.0,0.9084338545799255,1328,CAAGCG,4.8515625,1448,CAGACG,4.8515625,1328,CAAGCG,4.8515625,1328,CAAGCG,0.006391884293407202,1448,CAGACG,0.00376494531519711,47,AAAGCC,0.43163594603538513,True,False,True,0.0001859096810221672,
5,31,62,head_6,degradation,1.0,0.8477616906166077,1328,CAAGCG,4.8515625,1448,CAGACG,4.85546875,1448,CAGACG,4.85546875,1328,CAAGCG,0.006356097757816315,1448,CAGACG,0.0037736324593424797,47,AAAGCC,0.4329621195793152,False,False,True,-6.421562284231186e-05,
6,0,62,head_6,degradation,1.0,0.9717728495597839,1328,CAAGCG,4.84765625,1448,CAGACG,4.8515625,1448,CAGACG,4.8515625,1328,CAAGCG,0.006397344172000885,1448,CAGACG,0.003723976667970419,47,AAAGCC,0.4354327321052551,False,False,True,-1.2174248695373535e-05,
6,1,62,head_6,degradation,2.0,0.9750597476959229,1328,CAAGCG,4.8515625,1448,CAGACG,4.859375,1448,CAGACG,4.859375,1328,CAAGCG,0.006420183926820755,1448,CAGACG,0.0037444070912897587,47,AAAGCC,0.4334411323070526,False,False,True,-0.00010134745389223099,
6,2,62,head_6,degradation,1.0,0.9453536868095398,1328,CAAGCG,4.84765625,1448,CAGACG,4.8515625,1448,CAGACG,4.8515625,1328,CAAGCG,0.006376246456056833,1448,CAGACG,0.003722244640812278,47,AAAGCC,0.4353896379470825,False,False,True,7.516704499721527e-05,
6,3,62,head_6,degradation,2.0,0.8935720920562744,1328,CAAGCG,4.84765625,1448,CAGACG,4.85546875,1448,CAGACG,4.85546875,1328,CAAGCG,0.006368999369442463,1448,CAGACG,0.0037529543042182922,47,AAAGCC,0.4321693778038025,False,False,True,-5.003064870834351e-06,
6,4,62,head_6,degradation,1.0,0.9102725982666016,1328,CAAGCG,4.84765625,1448,CAGACG,4.8515625,1448,CAGACG,4.8515625,1328,CAAGCG,0.006347537972033024,1448,CAGACG,0.00371925113722682,47,AAAGCC,0.4338395893573761,False,False,True,-0.00015431176871061325,
6,5,62,head_6,degradation,1.0,0.9353253245353699,1328,CAAGCG,4.8515625,1448,CAGACG,4.85546875,1448,CAGACG,4.85546875,1328,CAAGCG,0.006382521707564592,1448,CAGACG,0.003735870821401477,47,AAAGCC,0.43287551403045654,False,False,True,-6.578397005796432e-05,
6,6,62,head_6,degradation,2.0,0.929797887802124,1328,CAAGCG,4.84765625,1448,CAGACG,4.85546875,1448,CAGACG,4.85546875,1328,CAAGCG,0.006387067958712578,1448,CAGACG,0.003744468791410327,47,AAAGCC,0.43338215351104736,False,False,True,4.5836903154850006e-05,
6,7,62,head_6,degradation,1.0,0.9697771668434143,1328,CAAGCG,4.84765625,1448,CAGACG,4.8515625,1448,CAGACG,4.8515625,1328,CAAGCG,0.006403513252735138,1448,CAGACG,0.003731608623638749,47,AAAGCC,0.4337627589702606,False,False,True,2.032611519098282e-05,
6,8,62,head_6,degradation,1.0,0.95484459400177,1328,CAAGCG,4.8515625,1448,CAGACG,4.85546875,1448,CAGACG,4.85546875,1328,CAAGCG,0.006394055671989918,1448,CAGACG,0.0037330968771129847,47,AAAGCC,0.43461164832115173,False,False,True,-4.642736166715622e-05,
6,9,62,head_6,degradation,1.0,0.9867311716079712,1328,CAAGCG,4.84765625,1448,CAGACG,4.8515625,1448,CAGACG,4.8515625,1328,CAAGCG,0.006408882327377796,1448,CAGACG,0.0037245501298457384,47,AAAGCC,0.4348026216030121,False,False,True,-5.5303797125816345e-05,
6,10,62,head_6,degradation,1.0,0.958651065826416,1328,CAAGCG,4.84765625,1448,CAGACG,4.8515625,1448,CAGACG,4.8515625,1328,CAAGCG,0.006376496981829405,1448,CAGACG,0.0037127479445189238,47,AAAGCC,0.4343052804470062,False,False,True,-3.403518348932266e-05,
6,11,62,head_6,degradation,0.0,0.9890416264533997,1328,CAAGCG,4.8515625,1448,CAGACG,4.8515625,1328,CAAGCG,4.8515625,1328,CAAGCG,0.006392243783921003,1448,CAGACG,0.0037062179762870073,47,AAAGCC,0.43413063883781433,True,False,True,7.306225597858429e-06,
6,12,62,head_6,degradation,1.0,0.9340179562568665,1328,CAAGCG,4.84765625,1448,CAGACG,4.8515625,1448,CAGACG,4.8515625,1328,CAAGCG,0.006365688517689705,1448,CAGACG,0.0037199959624558687,47,AAAGCC,0.4347483217716217,False,False,True,-0.0001452052965760231,
6,13,62,head_6,degradation,1.0,0.954094648361206,1328,CAAGCG,4.84765625,1448,CAGACG,4.8515625,1448,CAGACG,4.8515625,1328,CAAGCG,0.006385765038430691,1448,CAGACG,0.0037253559567034245,47,AAAGCC,0.4342137277126312,False,False,True,-0.00032731425017118454,
6,14,62,head_6,degradation,3.0,0.8540956377983093,1328,CAAGCG,4.8515625,1448,CAGACG,4.86328125,1448,CAGACG,4.86328125,1328,CAAGCG,0.006342107430100441,1448,CAGACG,0.003754999255761504,47,AAAGCC,0.4303445816040039,False,False,True,-0.0011482881382107735,
6,15,62,head_6,degradation,2.0,0.9260427951812744,1328,CAAGCG,4.859375,1448,CAGACG,4.8671875,1448,CAGACG,4.8671875,1328,CAAGCG,0.006363783031702042,1448,CAGACG,0.003723936388269067,47,AAAGCC,0.43357163667678833,False,False,True,-0.0009166914969682693,
6,16,62,head_6,degradation,3.0,0.864271342754364,1328,CAAGCG,4.8515625,1448,CAGACG,4.86328125,1448,CAGACG,4.86328125,1328,CAAGCG,0.006252476014196873,1448,CAGACG,0.0036579088773578405,47,AAAGCC,0.44031596183776855,False,False,True,-0.0012232717126607895,
6,17,62,head_6,degradation,1.0,0.933539628982544,1328,CAAGCG,4.8515625,1448,CAGACG,4.85546875,1448,CAGACG,4.85546875,1328,CAAGCG,0.006349872797727585,1448,CAGACG,0.0037045308854430914,47,AAAGCC,0.43930935859680176,False,False,True,-0.0005918256938457489,
6,18,62,head_6,degradation,2.0,0.8038265705108643,1328,CAAGCG,4.859375,1448,CAGACG,4.8671875,1448,CAGACG,4.8671875,1328,CAAGCG,0.006282017566263676,1448,CAGACG,0.003731757402420044,47,AAAGCC,0.43891340494155884,False,False,True,-0.002003147266805172,
6,19,62,head_6,degradation,1.0,0.9195049405097961,1328,CAAGCG,4.87109375,1448,CAGACG,4.875,1448,CAGACG,4.875,1328,CAAGCG,0.006413595285266638,1448,CAGACG,0.0037785409949719906,47,AAAGCC,0.4313214123249054,False,False,True,-0.0017728637903928757,
6,20,62,head_6,degradation,1.0,0.889834463596344,1328,CAAGCG,4.859375,1448,CAGACG,4.86328125,1448,CAGACG,4.86328125,1328,CAAGCG,0.0063591282814741135,1448,CAGACG,0.003745822934433818,47,AAAGCC,0.4365992844104767,False,False,True,-0.001115581952035427,
6,21,62,head_6,degradation,1.0,0.9609399437904358,1328,CAAGCG,4.84765625,1448,CAGACG,4.8515625,1448,CAGACG,4.8515625,1328,CAAGCG,0.006393713410943747,1448,CAGACG,0.0037282865960150957,47,AAAGCC,0.43365439772605896,False,False,True,0.00013123266398906708,
6,22,62,head_6,degradation,1.0,0.9292902946472168,1328,CAAGCG,4.84765625,1448,CAGACG,4.8515625,1448,CAGACG,4.8515625,1328,CAAGCG,0.006349724251776934,1448,CAGACG,0.0037074971478432417,47,AAAGCC,0.43520915508270264,False,False,True,-7.0640817284584045e-06,
6,23,62,head_6,degradation,1.0,0.9442607164382935,1328,CAAGCG,4.84765625,1448,CAGACG,4.8515625,1448,CAGACG,4.8515625,1328,CAAGCG,0.006334824021905661,1448,CAGACG,0.003681623376905918,47,AAAGCC,0.4352359473705292,False,False,True,2.37906351685524e-05,
6,24,62,head_6,degradation,2.0,0.921661376953125,1328,CAAGCG,4.8515625,1448,CAGACG,4.859375,1448,CAGACG,4.859375,1328,CAAGCG,0.006336964201182127,1448,CAGACG,0.0037003292236477137,47,AAAGCC,0.4357352554798126,False,False,True,-2.985447645187378e-05,
6,25,62,head_6,degradation,1.0,0.9296740293502808,1328,CAAGCG,4.84765625,1448,CAGACG,4.8515625,1448,CAGACG,4.8515625,1328,CAAGCG,0.006377752870321274,1448,CAGACG,0.003735244506970048,47,AAAGCC,0.4323277175426483,False,False,True,-9.307544678449631e-05,
6,26,62,head_6,degradation,2.0,0.9313507676124573,1328,CAAGCG,4.8515625,1448,CAGACG,4.859375,1448,CAGACG,4.859375,1328,CAAGCG,0.006384024862200022,1448,CAGACG,0.003740287385880947,47,AAAGCC,0.43386366963386536,False,False,True,-7.181335240602493e-05,
6,27,62,head_6,degradation,2.0,0.9118303060531616,1328,CAAGCG,4.84765625,1448,CAGACG,4.85546875,1448,CAGACG,4.85546875,1328,CAAGCG,0.006358811166137457,1448,CAGACG,0.0037293825298547745,47,AAAGCC,0.43454375863075256,False,False,True,1.8180347979068756e-05,
6,28,62,head_6,degradation,2.0,0.9393141865730286,1328,CAAGCG,4.8515625,1448,CAGACG,4.859375,1448,CAGACG,4.859375,1328,CAAGCG,0.0063729784451425076,1448,CAGACG,0.0037234036717563868,47,AAAGCC,0.4343969523906708,False,False,True,-5.357060581445694e-05,
6,29,62,head_6,degradation,1.0,0.8919569253921509,1328,CAAGCG,4.84765625,1448,CAGACG,4.8515625,1448,CAGACG,4.8515625,1328,CAAGCG,0.0063208467327058315,1448,CAGACG,0.0037059856113046408,47,AAAGCC,0.4352840483188629,False,False,True,-0.00017150770872831345,
6,30,62,head_6,degradation,2.0,0.8590646982192993,1328,CAAGCG,4.84765625,1448,CAGACG,4.85546875,1448,CAGACG,4.85546875,1328,CAAGCG,0.006340791005641222,1448,CAGACG,0.003750040428712964,47,AAAGCC,0.4334048926830292,False,False,True,-0.000199231319129467,
6,31,62,head_6,degradation,1.0,0.9280089735984802,1328,CAAGCG,4.84765625,1448,CAGACG,4.8515625,1448,CAGACG,4.8515625,1328,CAAGCG,0.006388596259057522,1448,CAGACG,0.0037473083939403296,47,AAAGCC,0.433724045753479,False,False,True,1.0909512639045715e-05,
7,0,62,head_6,degradation,2.0,0.9129823446273804,1328,CAAGCG,4.84765625,1448,CAGACG,4.85546875,1448,CAGACG,4.85546875,1328,CAAGCG,0.0063696797005832195,1448,CAGACG,0.0037394065875560045,47,AAAGCC,0.43427807092666626,False,False,True,4.7359615564346313e-05,
7,1,62,head_6,degradation,2.0,0.9404468536376953,1328,CAAGCG,4.8515625,1448,CAGACG,4.859375,1448,CAGACG,4.859375,1328,CAAGCG,0.0063911620527505875,1448,CAGACG,0.003740757005289197,47,AAAGCC,0.43315738439559937,False,False,True,-9.171571582555771e-05,
7,2,62,head_6,degradation,1.0,0.9671757221221924,1328,CAAGCG,4.84765625,1448,CAGACG,4.8515625,1448,CAGACG,4.8515625,1328,CAAGCG,0.006408918183296919,1448,CAGACG,0.0037389204371720552,47,AAAGCC,0.4334735572338104,False,False,True,7.606111466884613e-05,
7,3,62,head_6,degradation,2.0,0.9178323149681091,1328,CAAGCG,4.8515625,1448,CAGACG,4.859375,1448,CAGACG,4.859375,1328,CAAGCG,0.006377321667969227,1448,CAGACG,0.003743493463844061,47,AAAGCC,0.4348522126674652,False,False,True,1.8592923879623413e-05,
7,4,62,head_6,degradation,2.0,0.9263433218002319,1328,CAAGCG,4.84765625,1448,CAGACG,4.85546875,1448,CAGACG,4.85546875,1328,CAAGCG,0.006355426274240017,1448,CAGACG,0.0037153593730181456,47,AAAGCC,0.43487611413002014,False,False,True,-5.336850881576538e-05,
7,5,62,head_6,degradation,1.0,0.9592221975326538,1328,CAAGCG,4.84765625,1448,CAGACG,4.8515625,1448,CAGACG,4.8515625,1328,CAAGCG,0.006392739247530699,1448,CAGACG,0.003728571580722928,47,AAAGCC,0.434946745634079,False,False,True,5.84721565246582e-05,
7,6,62,head_6,degradation,1.0,0.9285658001899719,1328,CAAGCG,4.84765625,1448,CAGACG,4.8515625,1448,CAGACG,4.8515625,1328,CAAGCG,0.006362763699144125,1448,CAGACG,0.0037210676819086075,47,AAAGCC,0.43382641673088074,False,False,True,-9.503215551376343e-06,
7,7,62,head_6,degradation,2.0,0.9494187235832214,1328,CAAGCG,4.8515625,1448,CAGACG,4.859375,1448,CAGACG,4.859375,1328,CAAGCG,0.006379447411745787,1448,CAGACG,0.003722465829923749,47,AAAGCC,0.4351564645767212,False,False,True,-8.163973689079285e-05,
7,8,62,head_6,degradation,2.0,0.9568266272544861,1328,CAAGCG,4.8515625,1448,CAGACG,4.859375,1448,CAGACG,4.859375,1328,CAAGCG,0.0063841636292636395,1448,CAGACG,0.003721751971170306,47,AAAGCC,0.43431687355041504,False,False,True,-4.972238093614578e-05,
7,9,62,head_6,degradation,2.0,0.915208637714386,1328,CAAGCG,4.8515625,1448,CAGACG,4.859375,1448,CAGACG,4.859375,1328,CAAGCG,0.006351476535201073,1448,CAGACG,0.0037195715121924877,47,AAAGCC,0.43589431047439575,False,False,True,1.737195998430252e-05,
7,10,62,head_6,degradation,2.0,0.8945961594581604,1328,CAAGCG,4.84375,1448,CAGACG,4.8515625,1448,CAGACG,4.8515625,1328,CAAGCG,0.00635872408747673,1448,CAGACG,0.0037419283762574196,47,AAAGCC,0.4334120452404022,False,False,True,-0.00011183228343725204,
7,11,62,head_6,degradation,2.0,0.9571077227592468,1328,CAAGCG,4.8515625,1448,CAGACG,4.859375,1448,CAGACG,4.859375,1328,CAAGCG,0.006385611370205879,1448,CAGACG,0.0037229936569929123,47,AAAGCC,0.4332767128944397,False,False,True,4.764087498188019e-05,
7,12,62,head_6,degradation,2.0,0.9183242917060852,1328,CAAGCG,4.84765625,1448,CAGACG,4.85546875,1448,CAGACG,4.85546875,1328,CAAGCG,0.006382764782756567,1448,CAGACG,0.0037485759239643812,47,AAAGCC,0.43425485491752625,False,False,True,-0.00011711008846759796,
7,13,62,head_6,degradation,3.0,0.8673047423362732,1328,CAAGCG,4.8515625,1448,CAGACG,4.86328125,1448,CAGACG,4.86328125,1328,CAAGCG,0.006339206825941801,1448,CAGACG,0.0037424161564558744,47,AAAGCC,0.4333428740501404,False,False,True,-0.0002776682376861572,
7,14,62,head_6,degradation,2.0,0.9307168126106262,1328,CAAGCG,4.85546875,1448,CAGACG,4.86328125,1448,CAGACG,4.86328125,1328,CAAGCG,0.006369438022375107,1448,CAGACG,0.0037261652760207653,47,AAAGCC,0.43151381611824036,False,False,True,-0.0008678492158651352,
7,15,62,head_6,degradation,2.0,0.95842045545578,1328,CAAGCG,4.859375,1448,CAGACG,4.8671875,1448,CAGACG,4.8671875,1328,CAAGCG,0.0063835615292191505,1448,CAGACG,0.003719981526955962,47,AAAGCC,0.4300621449947357,False,False,True,-0.001157122664153576,
7,16,62,head_6,degradation,2.0,0.9670925140380859,1328,CAAGCG,4.859375,1448,CAGACG,4.8671875,1448,CAGACG,4.8671875,1328,CAAGCG,0.00637464877218008,1448,CAGACG,0.003704712027683854,47,AAAGCC,0.43339836597442627,False,False,True,-0.0011801663786172867,
7,17,62,head_6,degradation,2.0,0.8389991521835327,1328,CAAGCG,4.8515625,1448,CAGACG,4.859375,1448,CAGACG,4.859375,1328,CAAGCG,0.006274494342505932,1448,CAGACG,0.003698452142998576,47,AAAGCC,0.4334655702114105,False,False,True,-0.000515960156917572,
7,18,62,head_6,degradation,3.0,0.8854917883872986,1328,CAAGCG,4.8515625,1448,CAGACG,4.86328125,1448,CAGACG,4.86328125,1328,CAAGCG,0.006321841385215521,1448,CAGACG,0.003711719298735261,47,AAAGCC,0.43639010190963745,False,False,True,-0.00043365173041820526,
7,19,62,head_6,degradation,3.0,0.8368011116981506,1328,CAAGCG,4.84765625,1448,CAGACG,4.859375,1448,CAGACG,4.859375,1328,CAAGCG,0.006275107152760029,1448,CAGACG,0.003700676141306758,47,AAAGCC,0.43652811646461487,False,False,True,-0.0005031991750001907,
7,20,62,head_6,degradation,3.0,0.9189833998680115,1328,CAAGCG,4.84765625,1448,CAGACG,4.859375,1448,CAGACG,4.859375,1328,CAAGCG,0.006367771420627832,1448,CAGACG,0.003733099438250065,47,AAAGCC,0.4341081976890564,False,False,True,-0.0004297662526369095,
7,21,62,head_6,degradation,1.0,0.9786556363105774,1328,CAAGCG,4.84765625,1448,CAGACG,4.8515625,1448,CAGACG,4.8515625,1328,CAAGCG,0.006400714628398418,1448,CAGACG,0.0037223019171506166,47,AAAGCC,0.4349912405014038,False,False,True,-0.00017464160919189453,
7,22,62,head_6,degradation,2.0,0.907684862613678,1328,CAAGCG,4.84765625,1448,CAGACG,4.85546875,1448,CAGACG,4.85546875,1328,CAAGCG,0.006321009248495102,1448,CAGACG,0.003694619284942746,47,AAAGCC,0.4365057945251465,False,False,True,-2.6957131922245026e-05,
7,23,62,head_6,degradation,2.0,0.9401727318763733,1328,CAAGCG,4.8515625,1448,CAGACG,4.859375,1448,CAGACG,4.859375,1328,CAAGCG,0.006389300338923931,1448,CAGACG,0.003739096224308014,47,AAAGCC,0.4339108169078827,False,False,True,0.00011746585369110107,
7,24,62,head_6,degradation,2.0,0.8616591095924377,1328,CAAGCG,4.8515625,1448,CAGACG,4.859375,1448,CAGACG,4.859375,1328,CAAGCG,0.0063179959543049335,1448,CAGACG,0.003725343616679311,47,AAAGCC,0.43405991792678833,False,False,True,4.834216088056564e-05,
7,25,62,head_6,degradation,1.0,0.9043582677841187,1328,CAAGCG,4.84765625,1448,CAGACG,4.8515625,1448,CAGACG,4.8515625,1328,CAAGCG,0.006333102006465197,1448,CAGACG,0.003709150478243828,47,AAAGCC,0.43354037404060364,False,False,True,-0.0002253912389278412,
7,26,62,head_6,degradation,1.0,0.9318984150886536,1328,CAAGCG,4.8515625,1448,CAGACG,4.85546875,1448,CAGACG,4.85546875,1328,CAAGCG,0.0063377791084349155,1448,CAGACG,0.0036936402320861816,47,AAAGCC,0.4347485601902008,False,False,True,-0.00033071450889110565,
7,27,62,head_6,degradation,1.0,0.9486669301986694,1328,CAAGCG,4.84765625,1448,CAGACG,4.8515625,1448,CAGACG,4.8515625,1328,CAAGCG,0.006335698068141937,1448,CAGACG,0.0036792675964534283,47,AAAGCC,0.4354754090309143,False,False,True,-0.00022778939455747604,
7,28,62,head_6,degradation,2.0,0.8666866421699524,1328,CAAGCG,4.84375,1448,CAGACG,4.8515625,1448,CAGACG,4.8515625,1328,CAAGCG,0.006318806670606136,1448,CAGACG,0.00372246908955276,47,AAAGCC,0.4344403147697449,False,False,True,5.6605786085128784e-05,
7,29,62,head_6,degradation,3.0,0.8717093467712402,1328,CAAGCG,4.83984375,1448,CAGACG,4.8515625,1448,CAGACG,4.8515625,1328,CAAGCG,0.00633164681494236,1448,CAGACG,0.003731627482920885,47,AAAGCC,0.43393704295158386,False,False,True,0.00012710969895124435,
7,30,62,head_6,degradation,1.0,0.938966691493988,1328,CAAGCG,4.84765625,1448,CAGACG,4.8515625,1448,CAGACG,4.8515625,1328,CAAGCG,0.0063778371550142765,1448,CAGACG,0.003728517098352313,47,AAAGCC,0.4335489273071289,False,False,True,-0.00018854625523090363,
7,31,62,head_6,degradation,1.0,0.9617130756378174,1328,CAAGCG,4.84765625,1448,CAGACG,4.8515625,1448,CAGACG,4.8515625,1328,CAAGCG,0.006398760247975588,1448,CAGACG,0.0037327667232602835,47,AAAGCC,0.433910608291626,False,False,True,-0.00013275351375341415,
8,0,62,head_6,degradation,2.0,0.9068666100502014,1328,CAAGCG,4.8515625,1448,CAGACG,4.859375,1448,CAGACG,4.859375,1328,CAAGCG,0.006361447274684906,1448,CAGACG,0.0037356570828706026,47,AAAGCC,0.43360432982444763,False,False,True,-8.780322968959808e-05,
8,1,62,head_6,degradation,3.0,0.9192286133766174,1328,CAAGCG,4.84765625,1448,CAGACG,4.859375,1448,CAGACG,4.859375,1328,CAAGCG,0.006353109609335661,1448,CAGACG,0.0037182578817009926,47,AAAGCC,0.4350294768810272,False,False,True,-2.9296614229679108e-05,
8,2,62,head_6,degradation,1.0,0.9751540422439575,1328,CAAGCG,4.8515625,1448,CAGACG,4.85546875,1448,CAGACG,4.85546875,1328,CAAGCG,0.006376212928444147,1448,CAGACG,0.0037003669422119856,47,AAAGCC,0.43570637702941895,False,False,True,-4.056096076965332e-05,
8,3,62,head_6,degradation,3.0,0.8936711549758911,1328,CAAGCG,4.84765625,1448,CAGACG,4.859375,1448,CAGACG,4.859375,1328,CAAGCG,0.006371267605572939,1448,CAGACG,0.0037551498971879482,47,AAAGCC,0.43442609906196594,False,False,True,3.116391599178314e-05,
8,4,62,head_6,degradation,2.0,0.8985665440559387,1328,CAAGCG,4.8515625,1448,CAGACG,4.859375,1448,CAGACG,4.859375,1328,CAAGCG,0.006356508936733007,1448,CAGACG,0.0037368028424680233,47,AAAGCC,0.43316856026649475,False,False,True,-0.00010197889059782028,
8,5,62,head_6,degradation,4.0,0.8162800669670105,1328,CAAGCG,4.8515625,1448,CAGACG,4.8671875,1448,CAGACG,4.8671875,1328,CAAGCG,0.006303941365331411,1448,CAGACG,0.0037445526104420424,47,AAAGCC,0.43004539608955383,False,False,True,-0.00031312834471464157,
8,6,62,head_6,degradation,4.0,0.8751416802406311,1328,CAAGCG,4.8515625,1448,CAGACG,4.8671875,1448,CAGACG,4.8671875,1328,CAAGCG,0.006329183466732502,1448,CAGACG,0.0037266481667757034,47,AAAGCC,0.43015626072883606,False,False,True,-0.00042109377682209015,
8,7,62,head_6,degradation,4.0,0.8083179593086243,1328,CAAGCG,4.8515625,1448,CAGACG,4.8671875,1448,CAGACG,4.8671875,1328,CAAGCG,0.006333787459880114,1448,CAGACG,0.003780235070735216,47,AAAGCC,0.43054142594337463,False,False,True,-0.0002617277204990387,
8,8,62,head_6,degradation,3.0,0.8554163575172424,1328,CAAGCG,4.84765625,1448,CAGACG,4.859375,1448,CAGACG,4.859375,1328,CAAGCG,0.006339567247778177,1448,CAGACG,0.0037514909636229277,47,AAAGCC,0.4338240325450897,False,False,True,7.05476850271225e-06,
8,9,62,head_6,degradation,2.0,0.9509440064430237,1328,CAAGCG,4.8515625,1448,CAGACG,4.859375,1448,CAGACG,4.859375,1328,CAAGCG,0.006390743423253298,1448,CAGACG,0.0037326437886804342,47,AAAGCC,0.43724602460861206,False,False,True,0.00029721111059188843,
8,10,62,head_6,degradation,1.0,0.9870894551277161,1328,CAAGCG,4.84765625,1448,CAGACG,4.8515625,1448,CAGACG,4.8515625,1328,CAAGCG,0.006416712421923876,1448,CAGACG,0.0037321175914257765,47,AAAGCC,0.4344048500061035,False,False,True,0.00014403555542230606,
8,11,62,head_6,degradation,1.0,1.0086349248886108,1328,CAAGCG,4.8515625,1448,CAGACG,4.85546875,1448,CAGACG,4.85546875,1328,CAAGCG,0.006422908045351505,1448,CAGACG,0.0037225200794637203,47,AAAGCC,0.43524250388145447,False,False,True,1.745019108057022e-05,
8,12,62,head_6,degradation,2.0,0.9613601565361023,1328,CAAGCG,4.84765625,1448,CAGACG,4.85546875,1448,CAGACG,4.85546875,1328,CAAGCG,0.006372444797307253,1448,CAGACG,0.003706709947437048,47,AAAGCC,0.433910071849823,False,False,True,-0.00018059555441141129,
8,13,62,head_6,degradation,1.0,0.9689322710037231,1328,CAAGCG,4.84765625,1448,CAGACG,4.8515625,1448,CAGACG,4.8515625,1328,CAAGCG,0.006396985612809658,1448,CAGACG,0.0037257003132253885,47,AAAGCC,0.43300989270210266,False,False,True,-0.00024150870740413666,
8,14,62,head_6,degradation,2.0,0.9418730139732361,1328,CAAGCG,4.84765625,1448,CAGACG,4.85546875,1448,CAGACG,4.85546875,1328,CAAGCG,0.006373254582285881,1448,CAGACG,0.0037218041252344847,47,AAAGCC,0.4336342513561249,False,False,True,-0.0003109220415353775,
8,15,62,head_6,degradation,2.0,0.9647741317749023,1328,CAAGCG,4.8515625,1448,CAGACG,4.859375,1448,CAGACG,4.859375,1328,CAAGCG,0.006387647707015276,1448,CAGACG,0.0037194103933870792,47,AAAGCC,0.433858186006546,False,False,True,-0.00017104577273130417,
8,16,62,head_6,degradation,3.0,0.9414553642272949,1328,CAAGCG,4.8515625,1448,CAGACG,4.86328125,1448,CAGACG,4.86328125,1328,CAAGCG,0.0063958377577364445,1448,CAGACG,0.003744693472981453,47,AAAGCC,0.43278032541275024,False,False,True,-0.0002165352925658226,
8,17,62,head_6,degradation,3.0,0.9739556312561035,1328,CAAGCG,4.85546875,1448,CAGACG,4.8671875,1448,CAGACG,4.8671875,1328,CAAGCG,0.006392345298081636,1448,CAGACG,0.003717377781867981,47,AAAGCC,0.43432968854904175,False,False,True,-6.348546594381332e-05,
8,18,62,head_6,degradation,1.0,0.9980811476707458,1328,CAAGCG,4.85546875,1448,CAGACG,4.859375,1448,CAGACG,4.859375,1328,CAAGCG,0.0063996631652116776,1448,CAGACG,0.003707011230289936,47,AAAGCC,0.43417713046073914,False,False,True,-0.00022987741976976395,
8,19,62,head_6,degradation,1.0,0.9589807987213135,1328,CAAGCG,4.8515625,1448,CAGACG,4.85546875,1448,CAGACG,4.85546875,1328,CAAGCG,0.0063754478469491005,1448,CAGACG,0.0037114571314305067,47,AAAGCC,0.435833603143692,False,False,True,-0.00016048923134803772,
8,20,62,head_6,degradation,2.0,0.904315710067749,1328,CAAGCG,4.8515625,1448,CAGACG,4.859375,1448,CAGACG,4.859375,1328,CAAGCG,0.006319678388535976,1448,CAGACG,0.0036957580596208572,47,AAAGCC,0.43520358204841614,False,False,True,-0.0001744115725159645,
8,21,62,head_6,degradation,2.0,0.9201167225837708,1328,CAAGCG,4.8515625,1448,CAGACG,4.859375,1448,CAGACG,4.859375,1328,CAAGCG,0.006350714713335037,1448,CAGACG,0.0037152119912207127,47,AAAGCC,0.43432173132896423,False,False,True,-0.00010521989315748215,
8,22,62,head_6,degradation,2.0,0.936279833316803,1328,CAAGCG,4.8515625,1448,CAGACG,4.859375,1448,CAGACG,4.859375,1328,CAAGCG,0.00636708177626133,1448,CAGACG,0.0037197312340140343,47,AAAGCC,0.43485671281814575,False,False,True,-4.372093826532364e-05,
8,23,62,head_6,degradation,2.0,0.9384540319442749,1328,CAAGCG,4.8515625,1448,CAGACG,4.859375,1448,CAGACG,4.859375,1328,CAAGCG,0.006388465408235788,1448,CAGACG,0.0037395211402326822,47,AAAGCC,0.43205726146698,False,False,True,-0.0002203984186053276,
8,24,62,head_6,degradation,1.0,0.9755977988243103,1328,CAAGCG,4.84765625,1448,CAGACG,4.8515625,1448,CAGACG,4.8515625,1328,CAAGCG,0.00638251006603241,1448,CAGACG,0.0037063388153910637,47,AAAGCC,0.43403875827789307,False,False,True,-3.687571734189987e-05,
8,25,62,head_6,degradation,0.0,0.8634807467460632,1328,CAAGCG,4.83984375,1448,CAGACG,4.83984375,1328,CAAGCG,4.83984375,1328,CAAGCG,0.00626307912170887,1448,CAGACG,0.0036690915003418922,47,AAAGCC,0.4362368583679199,True,False,True,0.00015492551028728485,
8,26,62,head_6,degradation,0.0,0.8912765383720398,1328,CAAGCG,4.83984375,1448,CAGACG,4.83984375,1328,CAAGCG,4.83984375,1328,CAAGCG,0.006290170829743147,1448,CAGACG,0.0036758084315806627,47,AAAGCC,0.43644240498542786,True,False,True,0.0003487793728709221,
8,27,62,head_6,degradation,1.0,0.7722417116165161,1328,CAAGCG,4.8359375,1448,CAGACG,4.83984375,1448,CAGACG,4.83984375,1328,CAAGCG,0.006190361455082893,1448,CAGACG,0.003663253504782915,47,AAAGCC,0.4376479387283325,False,False,True,9.68296080827713e-06,
8,28,62,head_6,degradation,2.0,0.8925943970680237,1328,CAAGCG,4.8515625,1448,CAGACG,4.859375,1448,CAGACG,4.859375,1328,CAAGCG,0.006303185131400824,1448,CAGACG,0.0036878567188978195,47,AAAGCC,0.4359329342842102,False,False,True,-9.696651250123978e-05,
8,29,62,head_6,degradation,1.0,0.9234928488731384,1328,CAAGCG,4.84765625,1448,CAGACG,4.8515625,1448,CAGACG,4.8515625,1328,CAAGCG,0.00635257875546813,1448,CAGACG,0.0037146012764424086,47,AAAGCC,0.43348902463912964,False,False,True,-5.096755921840668e-05,
8,30,62,head_6,degradation,1.0,0.9099899530410767,1328,CAAGCG,4.83984375,1448,CAGACG,4.84375,1448,CAGACG,4.84375,1328,CAAGCG,0.006297810934484005,1448,CAGACG,0.003669731318950653,47,AAAGCC,0.43489718437194824,False,False,True,0.00015077367424964905,
8,31,62,head_6,degradation,2.0,0.8857751488685608,1328,CAAGCG,4.83984375,1448,CAGACG,4.84765625,1448,CAGACG,4.84765625,1328,CAAGCG,0.0063064852729439735,1448,CAGACG,0.0036961555015295744,47,AAAGCC,0.43348070979118347,False,False,True,7.571931928396225e-05,
9,0,62,head_6,degradation,1.0,1.022353172302246,1328,CAAGCG,4.859375,1448,CAGACG,4.86328125,1448,CAGACG,4.86328125,1328,CAAGCG,0.006437757983803749,1448,CAGACG,0.003727314295247197,47,AAAGCC,0.43582960963249207,False,False,True,-1.0152347385883331e-05,
9,1,62,head_6,degradation,1.0,1.014029860496521,1328,CAAGCG,4.859375,1448,CAGACG,4.86328125,1448,CAGACG,4.86328125,1328,CAAGCG,0.006429204251617193,1448,CAGACG,0.0037248616572469473,47,AAAGCC,0.4343681335449219,False,False,True,-1.846347004175186e-05,
9,2,62,head_6,degradation,2.0,0.9589089751243591,1328,CAAGCG,4.8515625,1448,CAGACG,4.859375,1448,CAGACG,4.859375,1328,CAAGCG,0.006402447819709778,1448,CAGACG,0.00373850972391665,47,AAAGCC,0.43476390838623047,False,False,True,4.102196544408798e-05,
9,3,62,head_6,degradation,2.0,0.9659830331802368,1328,CAAGCG,4.859375,1448,CAGACG,4.8671875,1448,CAGACG,4.8671875,1328,CAAGCG,0.006416697520762682,1448,CAGACG,0.0037475740537047386,47,AAAGCC,0.43210989236831665,False,False,True,-0.00014096032828092575,
9,4,62,head_6,degradation,2.0,0.9287090301513672,1328,CAAGCG,4.8515625,1448,CAGACG,4.859375,1448,CAGACG,4.859375,1328,CAAGCG,0.00637494632974267,1448,CAGACG,0.0037331453058868647,47,AAAGCC,0.4334384500980377,False,False,True,4.564877599477768e-05,
9,5,62,head_6,degradation,1.0,1.0033951997756958,1328,CAAGCG,4.85546875,1448,CAGACG,4.859375,1448,CAGACG,4.859375,1328,CAAGCG,0.006427574437111616,1448,CAGACG,0.0037310272455215454,47,AAAGCC,0.4342315196990967,False,False,True,4.997849464416504e-05,
9,6,62,head_6,degradation,2.0,0.9290568232536316,1328,CAAGCG,4.8515625,1448,CAGACG,4.859375,1448,CAGACG,4.859375,1328,CAAGCG,0.006388242822140455,1448,CAGACG,0.003746186848729849,47,AAAGCC,0.434209942817688,False,False,True,8.920300751924515e-05,
9,7,62,head_6,degradation,2.0,0.9151467084884644,1328,CAAGCG,4.8515625,1448,CAGACG,4.859375,1448,CAGACG,4.859375,1328,CAAGCG,0.006369377952069044,1448,CAGACG,0.0037375183310359716,47,AAAGCC,0.4348675310611725,False,False,True,7.87666067481041e-05,
9,8,62,head_6,degradation,1.0,0.9169670939445496,1328,CAAGCG,4.85546875,1448,CAGACG,4.859375,1448,CAGACG,4.859375,1328,CAAGCG,0.006387012545019388,1448,CAGACG,0.0037538185715675354,47,AAAGCC,0.43506133556365967,False,False,True,-0.00015847664326429367,
9,9,62,head_6,degradation,1.0,0.915900468826294,1328,CAAGCG,4.859375,1448,CAGACG,4.86328125,1448,CAGACG,4.86328125,1328,CAAGCG,0.006401004269719124,1448,CAGACG,0.0037685921415686607,47,AAAGCC,0.4344206154346466,False,False,True,-0.0001069139689207077,
9,10,62,head_6,degradation,1.0,0.9076165556907654,1328,CAAGCG,4.8515625,1448,CAGACG,4.85546875,1448,CAGACG,4.85546875,1328,CAAGCG,0.006369417533278465,1448,CAGACG,0.003743077628314495,47,AAAGCC,0.43570050597190857,False,False,True,2.9253773391246796e-05,
9,11,62,head_6,degradation,1.0,0.9569187164306641,1328,CAAGCG,4.8515625,1448,CAGACG,4.85546875,1448,CAGACG,4.85546875,1328,CAAGCG,0.0063968864269554615,1448,CAGACG,0.0037344072479754686,47,AAAGCC,0.43302300572395325,False,False,True,-9.214971214532852e-05,
9,12,62,head_6,degradation,1.0,0.9927496910095215,1328,CAAGCG,4.8515625,1448,CAGACG,4.85546875,1448,CAGACG,4.85546875,1328,CAAGCG,0.006440028082579374,1448,CAGACG,0.003751284210011363,47,AAAGCC,0.4344625473022461,False,False,True,1.196935772895813e-05,
9,13,62,head_6,degradation,1.0,0.9511908292770386,1328,CAAGCG,4.84765625,1448,CAGACG,4.8515625,1448,CAGACG,4.8515625,1328,CAAGCG,0.0063998219557106495,1448,CAGACG,0.003741541411727667,47,AAAGCC,0.43410181999206543,False,False,True,-6.62095844745636e-05,
9,14,62,head_6,degradation,1.0,0.9633968472480774,1328,CAAGCG,4.84765625,1448,CAGACG,4.8515625,1448,CAGACG,4.8515625,1328,CAAGCG,0.006401997059583664,1448,CAGACG,0.0037347692996263504,47,AAAGCC,0.43144896626472473,False,False,True,-0.00019279681146144867,
9,15,62,head_6,degradation,2.0,0.9197085499763489,1328,CAAGCG,4.84765625,1448,CAGACG,4.85546875,1448,CAGACG,4.85546875,1328,CAAGCG,0.006380097940564156,1448,CAGACG,0.0037448944058269262,47,AAAGCC,0.4333057105541229,False,False,True,-0.00014196522533893585,
9,16,62,head_6,degradation,2.0,0.95860755443573,1328,CAAGCG,4.84765625,1448,CAGACG,4.85546875,1448,CAGACG,4.85546875,1328,CAAGCG,0.006398629397153854,1448,CAGACG,0.003734912257641554,47,AAAGCC,0.4340209364891052,False,False,True,-0.00023769959807395935,
9,17,62,head_6,degradation,2.0,0.8976523876190186,1328,CAAGCG,4.8515625,1448,CAGACG,4.859375,1448,CAGACG,4.859375,1328,CAAGCG,0.006368477828800678,1448,CAGACG,0.00374944182112813,47,AAAGCC,0.43367305397987366,False,False,True,-8.425675332546234e-06,
9,18,62,head_6,degradation,2.0,0.9355740547180176,1328,CAAGCG,4.8515625,1448,CAGACG,4.859375,1448,CAGACG,4.859375,1328,CAAGCG,0.006375685799866915,1448,CAGACG,0.0037288526073098183,47,AAAGCC,0.4338791072368622,False,False,True,-0.0002608485519886017,
9,19,62,head_6,degradation,2.0,0.9157346487045288,1328,CAAGCG,4.8515625,1448,CAGACG,4.859375,1448,CAGACG,4.859375,1328,CAAGCG,0.0063581690192222595,1448,CAGACG,0.0037258784286677837,47,AAAGCC,0.43336766958236694,False,False,True,-0.0002134004607796669,
9,20,62,head_6,degradation,1.0,0.9620024561882019,1328,CAAGCG,4.8515625,1448,CAGACG,4.85546875,1448,CAGACG,4.85546875,1328,CAAGCG,0.006387132219970226,1448,CAGACG,0.0037209265865385532,47,AAAGCC,0.43398207426071167,False,False,True,-0.00033710431307554245,
9,21,62,head_6,degradation,1.0,0.9865806102752686,1328,CAAGCG,4.84765625,1448,CAGACG,4.8515625,1448,CAGACG,4.8515625,1328,CAAGCG,0.006404959596693516,1448,CAGACG,0.00372073776088655,47,AAAGCC,0.43423160910606384,False,False,True,-6.016157567501068e-05,
9,22,62,head_6,degradation,2.0,0.9436632394790649,1328,CAAGCG,4.84765625,1448,CAGACG,4.85546875,1448,CAGACG,4.85546875,1328,CAAGCG,0.0063648284412920475,1448,CAGACG,0.003712065750733018,47,AAAGCC,0.43477579951286316,False,False,True,-7.949117571115494e-05,
9,23,62,head_6,degradation,1.0,0.9530378580093384,1328,CAAGCG,4.84765625,1448,CAGACG,4.8515625,1448,CAGACG,4.8515625,1328,CAAGCG,0.006365157663822174,1448,CAGACG,0.003705523209646344,47,AAAGCC,0.43404263257980347,False,False,True,-8.55354592204094e-05,
9,24,62,head_6,degradation,2.0,0.9347720146179199,1328,CAAGCG,4.85546875,1448,CAGACG,4.86328125,1448,CAGACG,4.86328125,1328,CAAGCG,0.006386496126651764,1448,CAGACG,0.0037402508314698935,47,AAAGCC,0.43317145109176636,False,False,True,-0.00017044879496097565,
9,25,62,head_6,degradation,2.0,0.8965543508529663,1328,CAAGCG,4.8515625,1448,CAGACG,4.859375,1448,CAGACG,4.859375,1328,CAAGCG,0.006349615287035704,1448,CAGACG,0.003731384174898267,47,AAAGCC,0.43376973271369934,False,False,True,-0.00023239757865667343,
9,26,62,head_6,degradation,2.0,0.9374763369560242,1328,CAAGCG,4.8515625,1448,CAGACG,4.859375,1448,CAGACG,4.859375,1328,CAAGCG,0.006363873369991779,1448,CAGACG,0.00371564575470984,47,AAAGCC,0.43419349193573,False,False,True,-0.00017655454576015472,
9,27,62,head_6,degradation,2.0,0.8934301137924194,1328,CAAGCG,4.84765625,1448,CAGACG,4.85546875,1448,CAGACG,4.85546875,1328,CAAGCG,0.006349723320454359,1448,CAGACG,0.0037337823305279016,47,AAAGCC,0.4333338439464569,False,False,True,-6.865337491035461e-05,
9,28,62,head_6,degradation,1.0,0.9331546425819397,1328,CAAGCG,4.84375,1448,CAGACG,4.84765625,1448,CAGACG,4.84765625,1328,CAAGCG,0.006343098357319832,1448,CAGACG,0.003698038635775447,47,AAAGCC,0.43595078587532043,False,False,True,3.416184335947037e-05,
9,29,62,head_6,degradation,3.0,0.8677796125411987,1328,CAAGCG,4.83984375,1448,CAGACG,4.8515625,1448,CAGACG,4.8515625,1328,CAAGCG,0.0063286516815423965,1448,CAGACG,0.0037315129302442074,47,AAAGCC,0.4347588121891022,False,False,True,-3.728177398443222e-05,
9,30,62,head_6,degradation,2.0,0.9130341410636902,1328,CAAGCG,4.84375,1448,CAGACG,4.8515625,1448,CAGACG,4.8515625,1328,CAAGCG,0.006374198477715254,1448,CAGACG,0.0037438874132931232,47,AAAGCC,0.4342348575592041,False,False,True,1.1980533599853516e-05,
9,31,62,head_6,degradation,2.0,0.9213796257972717,1328,CAAGCG,4.84375,1448,CAGACG,4.8515625,1448,CAGACG,4.8515625,1328,CAAGCG,0.006367200519889593,1448,CAGACG,0.0037307720631361008,47,AAAGCC,0.4361940026283264,False,False,True,8.640438318252563e-05,
10,0,62,head_6,degradation,1.0,0.9604034423828125,1328,CAAGCG,4.8515625,1448,CAGACG,4.85546875,1448,CAGACG,4.85546875,1328,CAAGCG,0.006409062072634697,1448,CAGACG,0.0037440285086631775,47,AAAGCC,0.4334171712398529,False,False,True,5.797389894723892e-05,
10,1,62,head_6,degradation,2.0,0.9541733860969543,1328,CAAGCG,4.8515625,1448,CAGACG,4.859375,1448,CAGACG,4.859375,1328,CAAGCG,0.006419711746275425,1448,CAGACG,0.0037592449225485325,47,AAAGCC,0.43297964334487915,False,False,True,5.620531737804413e-06,
10,2,62,head_6,degradation,2.0,0.9593066573143005,1328,CAAGCG,4.8515625,1448,CAGACG,4.859375,1448,CAGACG,4.859375,1328,CAAGCG,0.006397671531885862,1448,CAGACG,0.0037334419321268797,47,AAAGCC,0.433386892080307,False,False,True,7.791444659233093e-06,
10,3,62,head_6,degradation,1.0,1.0157346725463867,1328,CAAGCG,4.8515625,1448,CAGACG,4.85546875,1448,CAGACG,4.85546875,1328,CAAGCG,0.006430283188819885,1448,CAGACG,0.003724690992385149,47,AAAGCC,0.4354032874107361,False,False,True,0.00011627469211816788,
10,4,62,head_6,degradation,1.0,0.9572687149047852,1328,CAAGCG,4.84765625,1448,CAGACG,4.8515625,1448,CAGACG,4.8515625,1328,CAAGCG,0.006403124425560236,1448,CAGACG,0.0037403886672109365,47,AAAGCC,0.4349757730960846,False,False,True,0.00011497270315885544,
10,5,62,head_6,degradation,2.0,0.9560499787330627,1328,CAAGCG,4.8515625,1448,CAGACG,4.859375,1448,CAGACG,4.859375,1328,CAAGCG,0.00639850739389658,1448,CAGACG,0.00373666500672698,47,AAAGCC,0.4360837936401367,False,False,True,0.0001206984743475914,
10,6,62,head_6,degradation,1.0,0.9583902955055237,1328,CAAGCG,4.8515625,1448,CAGACG,4.85546875,1448,CAGACG,4.85546875,1328,CAAGCG,0.006389637477695942,1448,CAGACG,0.0037260795943439007,47,AAAGCC,0.4345499575138092,False,False,True,5.0300732254981995e-05,
10,7,62,head_6,degradation,2.0,0.9705734848976135,1328,CAAGCG,4.8515625,1448,CAGACG,4.859375,1448,CAGACG,4.859375,1328,CAAGCG,0.006429057102650404,1448,CAGACG,0.003756568767130375,47,AAAGCC,0.43360328674316406,False,False,True,9.525660425424576e-05,
10,8,62,head_6,degradation,2.0,0.9296650886535645,1328,CAAGCG,4.8515625,1448,CAGACG,4.859375,1448,CAGACG,4.859375,1328,CAAGCG,0.006372790317982435,1448,CAGACG,0.0037302884738892317,47,AAAGCC,0.43460291624069214,False,False,True,4.655122756958008e-05,
10,9,62,head_6,degradation,1.0,0.9659357070922852,1328,CAAGCG,4.84765625,1448,CAGACG,4.8515625,1448,CAGACG,4.8515625,1328,CAAGCG,0.0063862912356853485,1448,CAGACG,0.0037172024603933096,47,AAAGCC,0.4337131381034851,False,False,True,2.663489431142807e-05,
10,10,62,head_6,degradation,2.0,0.9519826769828796,1328,CAAGCG,4.85546875,1448,CAGACG,4.86328125,1448,CAGACG,4.86328125,1328,CAAGCG,0.006394628435373306,1448,CAGACG,0.0037357674445956945,47,AAAGCC,0.4337826073169708,False,False,True,-8.223764598369598e-05,
10,11,62,head_6,degradation,2.0,0.934341311454773,1328,CAAGCG,4.859375,1448,CAGACG,4.8671875,1448,CAGACG,4.8671875,1328,CAAGCG,0.006393320392817259,1448,CAGACG,0.003747390815988183,47,AAAGCC,0.43371373414993286,False,False,True,-0.00031691789627075195,
10,12,62,head_6,degradation,2.0,0.9413187503814697,1328,CAAGCG,4.8515625,1448,CAGACG,4.859375,1448,CAGACG,4.859375,1328,CAAGCG,0.0063841817900538445,1448,CAGACG,0.003733137622475624,47,AAAGCC,0.4326578378677368,False,False,True,-0.0006017852574586868,
10,13,62,head_6,degradation,2.0,0.9486719965934753,1328,CAAGCG,4.859375,1448,CAGACG,4.8671875,1448,CAGACG,4.8671875,1328,CAAGCG,0.006421063095331192,1448,CAGACG,0.0037646288983523846,47,AAAGCC,0.4323378801345825,False,False,True,-0.0004425663501024246,
10,14,62,head_6,degradation,2.0,0.9251604080200195,1328,CAAGCG,4.8515625,1448,CAGACG,4.859375,1448,CAGACG,4.859375,1328,CAAGCG,0.0063339113257825375,1448,CAGACG,0.003694711485877633,47,AAAGCC,0.4359974265098572,False,False,True,-0.0002683540806174278,
10,15,62,head_6,degradation,2.0,1.0055210590362549,1328,CAAGCG,4.859375,1448,CAGACG,4.8671875,1448,CAGACG,4.8671875,1328,CAAGCG,0.006381711922585964,1448,CAGACG,0.003683606395497918,47,AAAGCC,0.43481966853141785,False,False,True,4.7917477786540985e-05,
10,16,62,head_6,degradation,3.0,1.0103428363800049,1328,CAAGCG,4.859375,1448,CAGACG,4.87109375,1448,CAGACG,4.87109375,1328,CAAGCG,0.006416040007025003,1448,CAGACG,0.0037144001107662916,47,AAAGCC,0.4340082108974457,False,False,True,0.0002045920118689537,
10,17,62,head_6,degradation,3.0,0.9852328896522522,1328,CAAGCG,4.84765625,1448,CAGACG,4.859375,1448,CAGACG,4.859375,1328,CAAGCG,0.00640544667840004,1448,CAGACG,0.003722212743014097,47,AAAGCC,0.43340402841567993,False,False,True,3.240816295146942e-05,
10,18,62,head_6,degradation,0.0,0.992652177810669,1328,CAAGCG,4.8515625,1448,CAGACG,4.8515625,1328,CAAGCG,4.8515625,1328,CAAGCG,0.0063656349666416645,1448,CAGACG,0.003676962573081255,47,AAAGCC,0.4363463222980499,True,False,True,-0.00016969721764326096,
10,19,62,head_6,degradation,1.0,0.9626427888870239,1328,CAAGCG,4.8515625,1448,CAGACG,4.85546875,1448,CAGACG,4.85546875,1328,CAAGCG,0.0063579813577234745,1448,CAGACG,0.0036913063377141953,47,AAAGCC,0.43575519323349,False,False,True,-0.0001617278903722763,
10,20,62,head_6,degradation,2.0,0.9116546511650085,1328,CAAGCG,4.8515625,1448,CAGACG,4.859375,1448,CAGACG,4.859375,1328,CAAGCG,0.006327469367533922,1448,CAGACG,0.0036981694865971804,47,AAAGCC,0.43616586923599243,False,False,True,-0.0001316973939538002,
10,21,62,head_6,degradation,0.0,1.0169416666030884,1328,CAAGCG,4.8515625,1448,CAGACG,4.8515625,1328,CAAGCG,4.8515625,1328,CAAGCG,0.006379479542374611,1448,CAGACG,0.00367300258949399,47,AAAGCC,0.43563035130500793,True,False,True,-3.4561380743980408e-06,
10,22,62,head_6,degradation,2.0,0.915698766708374,1328,CAAGCG,4.84765625,1448,CAGACG,4.85546875,1448,CAGACG,4.85546875,1328,CAAGCG,0.006338412407785654,1448,CAGACG,0.003706148127093911,47,AAAGCC,0.4348384141921997,False,False,True,-9.017623960971832e-05,
10,23,62,head_6,degradation,2.0,0.949238657951355,1328,CAAGCG,4.8515625,1448,CAGACG,4.859375,1448,CAGACG,4.859375,1328,CAAGCG,0.006374907214194536,1448,CAGACG,0.0037180576473474503,47,AAAGCC,0.43486669659614563,False,False,True,-3.2398849725723267e-05,
10,24,62,head_6,degradation,2.0,0.952512800693512,1328,CAAGCG,4.8515625,1448,CAGACG,4.859375,1448,CAGACG,4.859375,1328,CAAGCG,0.006400230340659618,1448,CAGACG,0.0037409807555377483,47,AAAGCC,0.4342553913593292,False,False,True,-8.06264579296112e-05,
10,25,62,head_6,degradation,1.0,0.9488892555236816,1328,CAAGCG,4.85546875,1448,CAGACG,4.859375,1448,CAGACG,4.859375,1328,CAAGCG,0.006397271063178778,1448,CAGACG,0.003740677610039711,47,AAAGCC,0.4327782392501831,False,False,True,-0.00013680104166269302,
10,26,62,head_6,degradation,1.0,0.991290807723999,1328,CAAGCG,4.859375,1448,CAGACG,4.86328125,1448,CAGACG,4.86328125,1328,CAAGCG,0.006411164067685604,1448,CAGACG,0.003723489586263895,47,AAAGCC,0.43451300263404846,False,False,True,-0.00012016762048006058,
10,27,62,head_6,degradation,2.0,0.8722795248031616,1328,CAAGCG,4.84765625,1448,CAGACG,4.85546875,1448,CAGACG,4.85546875,1328,CAAGCG,0.0063050901517271996,1448,CAGACG,0.003704652888700366,47,AAAGCC,0.43404000997543335,False,False,True,-0.00017851218581199646,
10,28,62,head_6,degradation,2.0,0.8333767056465149,1328,CAAGCG,4.83984375,1448,CAGACG,4.84765625,1448,CAGACG,4.84765625,1328,CAAGCG,0.006275047082453966,1448,CAGACG,0.0037031262181699276,47,AAAGCC,0.434079647064209,False,False,True,-2.9694288969039917e-05,
10,29,62,head_6,degradation,3.0,0.8288148641586304,1328,CAAGCG,4.83984375,1448,CAGACG,4.8515625,1448,CAGACG,4.8515625,1328,CAAGCG,0.006295563653111458,1448,CAGACG,0.003726986702531576,47,AAAGCC,0.43567168712615967,False,False,True,6.233807653188705e-05,
10,30,62,head_6,degradation,2.0,0.9388402700424194,1328,CAAGCG,4.84765625,1448,CAGACG,4.85546875,1448,CAGACG,4.85546875,1328,CAAGCG,0.006372963078320026,1448,CAGACG,0.003723735688254237,47,AAAGCC,0.4350193738937378,False,False,True,8.929427713155746e-05,
10,31,62,head_6,degradation,2.0,0.9378384351730347,1328,CAAGCG,4.8515625,1448,CAGACG,4.859375,1448,CAGACG,4.859375,1328,CAAGCG,0.006381330080330372,1448,CAGACG,0.003732837038114667,47,AAAGCC,0.4338195025920868,False,False,True,2.613849937915802e-05,
11,0,62,head_6,degradation,1.0,0.9170763492584229,1328,CAAGCG,4.84765625,1448,CAGACG,4.8515625,1448,CAGACG,4.8515625,1328,CAAGCG,0.006354643031954765,1448,CAGACG,0.0037213689647614956,47,AAAGCC,0.43378207087516785,False,False,True,6.400980055332184e-05,
11,1,62,head_6,degradation,1.0,0.938291072845459,1328,CAAGCG,4.84765625,1448,CAGACG,4.8515625,1448,CAGACG,4.8515625,1328,CAAGCG,0.006378700956702232,1448,CAGACG,0.0037298761308193207,47,AAAGCC,0.4325767457485199,False,False,True,0.00012619700282812119,
11,2,62,head_6,degradation,1.0,0.9493997097015381,1328,CAAGCG,4.8515625,1448,CAGACG,4.85546875,1448,CAGACG,4.85546875,1328,CAAGCG,0.006397897377610207,1448,CAGACG,0.003740929765626788,47,AAAGCC,0.43436211347579956,False,False,True,5.809217691421509e-05,
11,3,62,head_6,degradation,2.0,0.8803407549858093,1328,CAAGCG,4.84375,1448,CAGACG,4.8515625,1448,CAGACG,4.8515625,1328,CAAGCG,0.0063478886149823666,1448,CAGACG,0.0037415423430502415,47,AAAGCC,0.433883398771286,False,False,True,5.166791379451752e-05,
11,4,62,head_6,degradation,3.0,0.8844255208969116,1328,CAAGCG,4.84765625,1448,CAGACG,4.859375,1448,CAGACG,4.859375,1328,CAAGCG,0.006403702776879072,1448,CAGACG,0.0037943623028695583,47,AAAGCC,0.43099141120910645,False,False,True,-1.6083940863609314e-05,
11,5,62,head_6,degradation,3.0,0.8922977447509766,1328,CAAGCG,4.84765625,1448,CAGACG,4.859375,1448,CAGACG,4.859375,1328,CAAGCG,0.006403099279850721,1448,CAGACG,0.00378798833116889,47,AAAGCC,0.4315034747123718,False,False,True,-0.00012927129864692688,
11,6,62,head_6,degradation,2.0,0.9339436292648315,1328,CAAGCG,4.8515625,1448,CAGACG,4.859375,1448,CAGACG,4.859375,1328,CAAGCG,0.006424745544791222,1448,CAGACG,0.0037791074719280005,47,AAAGCC,0.4329952299594879,False,False,True,0.000144188292324543,
11,7,62,head_6,degradation,2.0,0.9230135679244995,1328,CAAGCG,4.84765625,1448,CAGACG,4.85546875,1448,CAGACG,4.85546875,1328,CAAGCG,0.006418450269848108,1448,CAGACG,0.0037808241322636604,47,AAAGCC,0.4325644075870514,False,False,True,0.00013148505240678787,
11,8,62,head_6,degradation,2.0,0.9338118433952332,1328,CAAGCG,4.84765625,1448,CAGACG,4.85546875,1448,CAGACG,4.85546875,1328,CAAGCG,0.00643166434019804,1448,CAGACG,0.003786122892051935,47,AAAGCC,0.43215397000312805,False,False,True,0.00016236864030361176,
11,9,62,head_6,degradation,2.0,0.9313002824783325,1328,CAAGCG,4.84765625,1448,CAGACG,4.85546875,1448,CAGACG,4.85546875,1328,CAAGCG,0.006404558662325144,1448,CAGACG,0.00376085820607841,47,AAAGCC,0.4333241283893585,False,False,True,-4.6028755605220795e-05,
11,10,62,head_6,degradation,2.0,0.9185978174209595,1328,CAAGCG,4.84765625,1448,CAGACG,4.85546875,1448,CAGACG,4.85546875,1328,CAAGCG,0.006352268625050783,1448,CAGACG,0.0037178792990744114,47,AAAGCC,0.4349718987941742,False,False,True,1.648440957069397e-07,
11,11,62,head_6,degradation,1.0,0.9758779406547546,1328,CAAGCG,4.85546875,1448,CAGACG,4.859375,1448,CAGACG,4.859375,1328,CAAGCG,0.006403184495866299,1448,CAGACG,0.00372680788859725,47,AAAGCC,0.43429675698280334,False,False,True,1.8965452909469604e-05,
11,12,62,head_6,degradation,1.0,0.9590544700622559,1328,CAAGCG,4.84765625,1448,CAGACG,4.8515625,1448,CAGACG,4.8515625,1328,CAAGCG,0.006400101352483034,1448,CAGACG,0.0037360566202551126,47,AAAGCC,0.4340479075908661,False,False,True,0.0001469748094677925,
11,13,62,head_6,degradation,0.0,0.9891855120658875,1328,CAAGCG,4.8515625,1448,CAGACG,4.8515625,1328,CAAGCG,4.8515625,1328,CAAGCG,0.006409922614693642,1448,CAGACG,0.0037237913347780704,47,AAAGCC,0.434097558259964,True,False,True,0.0001069018617272377,
11,14,62,head_6,degradation,1.0,0.9739143252372742,1328,CAAGCG,4.8515625,1448,CAGACG,4.85546875,1448,CAGACG,4.85546875,1328,CAAGCG,0.006416662596166134,1448,CAGACG,0.0037417253479361534,47,AAAGCC,0.43431535363197327,False,False,True,0.00015305262058973312,
11,15,62,head_6,degradation,1.0,0.9663864374160767,1328,CAAGCG,4.84765625,1448,CAGACG,4.8515625,1448,CAGACG,4.8515625,1328,CAAGCG,0.006413424853235483,1448,CAGACG,0.0037440056912600994,47,AAAGCC,0.43446725606918335,False,False,True,0.00012916605919599533,
11,16,62,head_6,degradation,0.0,0.9874537587165833,1328,CAAGCG,4.8515625,1448,CAGACG,4.8515625,1328,CAAGCG,4.8515625,1328,CAAGCG,0.006409333553165197,1448,CAGACG,0.003724471665918827,47,AAAGCC,0.4349394142627716,True,False,True,5.663558840751648e-05,
11,17,62,head_6,degradation,0.0,1.0332870483398438,1328,CAAGCG,4.8515625,1448,CAGACG,4.8515625,1328,CAAGCG,4.8515625,1328,CAAGCG,0.006444902624934912,1448,CAGACG,0.0037264442071318626,47,AAAGCC,0.4346056878566742,True,False,True,-2.3567117750644684e-05,
11,18,62,head_6,degradation,1.0,0.993642270565033,1328,CAAGCG,4.84765625,1448,CAGACG,4.8515625,1448,CAGACG,4.8515625,1328,CAAGCG,0.006407422479242086,1448,CAGACG,0.0037180243525654078,47,AAAGCC,0.434723436832428,False,False,True,8.792150765657425e-05,
11,19,62,head_6,degradation,2.0,0.9374128580093384,1328,CAAGCG,4.8515625,1448,CAGACG,4.859375,1448,CAGACG,4.859375,1328,CAAGCG,0.006406101398169994,1448,CAGACG,0.0037579203490167856,47,AAAGCC,0.43223968148231506,False,False,True,-0.00011477060616016388,
11,20,62,head_6,degradation,1.0,0.9390613436698914,1328,CAAGCG,4.84765625,1448,CAGACG,4.8515625,1448,CAGACG,4.8515625,1328,CAAGCG,0.006381157785654068,1448,CAGACG,0.0037317683454602957,47,AAAGCC,0.4334835410118103,False,False,True,6.182491779327393e-05,
11,21,62,head_6,degradation,1.0,0.976393461227417,1328,CAAGCG,4.84765625,1448,CAGACG,4.8515625,1448,CAGACG,4.8515625,1328,CAAGCG,0.006454145070165396,1448,CAGACG,0.003777390578761697,47,AAAGCC,0.43129536509513855,False,False,True,-6.13061711192131e-05,
11,22,62,head_6,degradation,1.0,0.9607210755348206,1328,CAAGCG,4.8515625,1448,CAGACG,4.85546875,1448,CAGACG,4.85546875,1328,CAAGCG,0.006379449740052223,1448,CAGACG,0.00371418334543705,47,AAAGCC,0.4341154098510742,False,False,True,-4.473049193620682e-05,
11,23,62,head_6,degradation,2.0,0.9081504940986633,1328,CAAGCG,4.8515625,1448,CAGACG,4.859375,1448,CAGACG,4.859375,1328,CAAGCG,0.006369674578309059,1448,CAGACG,0.003742943285033107,47,AAAGCC,0.4342711269855499,False,False,True,-6.99162483215332e-05,
11,24,62,head_6,degradation,1.0,0.96305251121521,1328,CAAGCG,4.8515625,1448,CAGACG,4.85546875,1448,CAGACG,4.85546875,1328,CAAGCG,0.0063624600879848,1448,CAGACG,0.0036954847164452076,47,AAAGCC,0.4356630742549896,False,False,True,-7.640663534402847e-05,
11,25,62,head_6,degradation,1.0,0.9462351202964783,1328,CAAGCG,4.84765625,1448,CAGACG,4.8515625,1448,CAGACG,4.8515625,1328,CAAGCG,0.0063398913480341434,1448,CAGACG,0.0036852434277534485,47,AAAGCC,0.4338594675064087,False,False,True,2.9860995709896088e-05,
11,26,62,head_6,degradation,1.0,0.920393705368042,1328,CAAGCG,4.84765625,1448,CAGACG,4.8515625,1448,CAGACG,4.8515625,1328,CAAGCG,0.006319049280136824,1448,CAGACG,0.003683343529701233,47,AAAGCC,0.43371519446372986,False,False,True,9.482819586992264e-05,
11,27,62,head_6,degradation,1.0,0.9669412970542908,1328,CAAGCG,4.84765625,1448,CAGACG,4.8515625,1448,CAGACG,4.8515625,1328,CAAGCG,0.006368048954755068,1448,CAGACG,0.0036982230376452208,47,AAAGCC,0.43353134393692017,False,False,True,0.0001336289569735527,
11,28,62,head_6,degradation,2.0,0.9455884099006653,1328,CAAGCG,4.84765625,1448,CAGACG,4.85546875,1448,CAGACG,4.85546875,1328,CAAGCG,0.006372842006385326,1448,CAGACG,0.0037186681292951107,47,AAAGCC,0.4346727132797241,False,False,True,9.778887033462524e-05,
11,29,62,head_6,degradation,2.0,0.9812564253807068,1328,CAAGCG,4.8515625,1448,CAGACG,4.859375,1448,CAGACG,4.859375,1328,CAAGCG,0.006405134219676256,1448,CAGACG,0.0037248150911182165,47,AAAGCC,0.4353048801422119,False,False,True,1.1611729860305786e-05,
11,30,62,head_6,degradation,2.0,0.99599689245224,1328,CAAGCG,4.8515625,1448,CAGACG,4.859375,1448,CAGACG,4.859375,1328,CAAGCG,0.006456732749938965,1448,CAGACG,0.00376560864970088,47,AAAGCC,0.4329984188079834,False,False,True,7.600151002407074e-05,
11,31,62,head_6,degradation,2.0,0.9720615744590759,1328,CAAGCG,4.8515625,1448,CAGACG,4.859375,1448,CAGACG,4.859375,1328,CAAGCG,0.006441218312829733,1448,CAGACG,0.0037676391657441854,47,AAAGCC,0.43181297183036804,False,False,True,0.00015329569578170776,
12,0,62,head_6,degradation,1.0,0.981778621673584,1328,CAAGCG,4.8515625,1448,CAGACG,4.85546875,1448,CAGACG,4.85546875,1328,CAAGCG,0.0064180344343185425,1448,CAGACG,0.003737332532182336,47,AAAGCC,0.43485915660858154,False,False,True,5.705840885639191e-05,
12,1,62,head_6,degradation,1.0,0.9971413016319275,1328,CAAGCG,4.8515625,1448,CAGACG,4.85546875,1448,CAGACG,4.85546875,1328,CAAGCG,0.00644554290920496,1448,CAGACG,0.00375357992015779,47,AAAGCC,0.4336816072463989,False,False,True,0.0001234300434589386,
12,2,62,head_6,degradation,1.0,0.9773162007331848,1328,CAAGCG,4.84765625,1448,CAGACG,4.8515625,1448,CAGACG,4.8515625,1328,CAAGCG,0.006416483782231808,1448,CAGACG,0.0037390529178082943,47,AAAGCC,0.4340183734893799,False,False,True,3.4356489777565e-05,
12,3,62,head_6,degradation,2.0,0.9739711880683899,1328,CAAGCG,4.83984375,1448,CAGACG,4.84765625,1448,CAGACG,4.84765625,1328,CAAGCG,0.0063971239142119884,1448,CAGACG,0.003722144989296794,47,AAAGCC,0.43297305703163147,False,False,True,-6.896257400512695e-05,
12,4,62,head_6,degradation,2.0,0.9494721293449402,1328,CAAGCG,4.84765625,1448,CAGACG,4.85546875,1448,CAGACG,4.85546875,1328,CAAGCG,0.006375317927449942,1448,CAGACG,0.00371829723007977,47,AAAGCC,0.4343309998512268,False,False,True,-0.00017366185784339905,
12,5,62,head_6,degradation,1.0,0.9803988337516785,1328,CAAGCG,4.84765625,1448,CAGACG,4.8515625,1448,CAGACG,4.8515625,1328,CAAGCG,0.0063891480676829815,1448,CAGACG,0.0037094575818628073,47,AAAGCC,0.43356963992118835,False,False,True,-2.4762004613876343e-05,
12,6,62,head_6,degradation,1.0,0.9886249303817749,1328,CAAGCG,4.84765625,1448,CAGACG,4.8515625,1448,CAGACG,4.8515625,1328,CAAGCG,0.00639987550675869,1448,CAGACG,0.0037141551729291677,47,AAAGCC,0.4352130591869354,False,False,True,-4.834216088056564e-05,
12,7,62,head_6,degradation,0.0,0.9963040351867676,1328,CAAGCG,4.84765625,1448,CAGACG,4.84765625,1328,CAAGCG,4.84765625,1328,CAAGCG,0.006386511027812958,1448,CAGACG,0.0036951617803424597,47,AAAGCC,0.434987336397171,True,False,True,-9.865034371614456e-05,
12,8,62,head_6,degradation,1.0,0.9516012072563171,1328,CAAGCG,4.84375,1448,CAGACG,4.84765625,1448,CAGACG,4.84765625,1328,CAAGCG,0.006351572927087545,1448,CAGACG,0.003692991565912962,47,AAAGCC,0.4343671500682831,False,False,True,1.0020099580287933e-05,
12,9,62,head_6,degradation,1.0,0.9793623685836792,1328,CAAGCG,4.84375,1448,CAGACG,4.84765625,1448,CAGACG,4.84765625,1328,CAAGCG,0.006363977678120136,1448,CAGACG,0.0036850469186902046,47,AAAGCC,0.4341343641281128,False,False,True,-1.2725591659545898e-05,
12,10,62,head_6,degradation,1.0,0.9960139989852905,1328,CAAGCG,4.84765625,1448,CAGACG,4.8515625,1448,CAGACG,4.8515625,1328,CAAGCG,0.00640413723886013,1448,CAGACG,0.003713000565767288,47,AAAGCC,0.4345867931842804,False,False,True,0.00010168831795454025,
12,11,62,head_6,degradation,1.0,0.968735933303833,1328,CAAGCG,4.84375,1448,CAGACG,4.84765625,1448,CAGACG,4.84765625,1328,CAAGCG,0.006390659604221582,1448,CAGACG,0.003719518193975091,47,AAAGCC,0.4351636469364166,False,False,True,0.00011339876800775528,
12,12,62,head_6,degradation,1.0,1.0100880861282349,1328,CAAGCG,4.8515625,1448,CAGACG,4.85546875,1448,CAGACG,4.85546875,1328,CAAGCG,0.006428958848118782,1448,CAGACG,0.0037275056820362806,47,AAAGCC,0.43411967158317566,False,False,True,6.567034870386124e-05,
12,13,62,head_6,degradation,1.0,1.0017571449279785,1328,CAAGCG,4.8515625,1448,CAGACG,4.85546875,1448,CAGACG,4.85546875,1328,CAAGCG,0.006421730387955904,1448,CAGACG,0.0037263839039951563,47,AAAGCC,0.4343268871307373,False,False,True,9.511597454547882e-06,
12,14,62,head_6,degradation,1.0,0.956210732460022,1328,CAAGCG,4.84765625,1448,CAGACG,4.8515625,1448,CAGACG,4.8515625,1328,CAAGCG,0.006405929569154978,1448,CAGACG,0.0037439693696796894,47,AAAGCC,0.43217533826828003,False,False,True,-5.5789947509765625e-05,
12,15,62,head_6,degradation,1.0,0.9365272521972656,1328,CAAGCG,4.84765625,1448,CAGACG,4.8515625,1448,CAGACG,4.8515625,1328,CAAGCG,0.006379975471645594,1448,CAGACG,0.003732443554326892,47,AAAGCC,0.432504802942276,False,False,True,-5.383975803852081e-05,
12,16,62,head_6,degradation,1.0,0.9574266076087952,1328,CAAGCG,4.84765625,1448,CAGACG,4.8515625,1448,CAGACG,4.8515625,1328,CAAGCG,0.006378962658345699,1448,CAGACG,0.003716111183166504,47,AAAGCC,0.43324190378189087,False,False,True,-2.0639970898628235e-05,
12,17,62,head_6,degradation,1.0,0.9466238617897034,1328,CAAGCG,4.84375,1448,CAGACG,4.84765625,1448,CAGACG,4.84765625,1328,CAAGCG,0.0063767097890377045,1448,CAGACG,0.003721776884049177,47,AAAGCC,0.43499627709388733,False,False,True,0.0001520225778222084,
12,18,62,head_6,degradation,0.0,0.9932642579078674,1328,CAAGCG,4.8515625,1448,CAGACG,4.8515625,1328,CAAGCG,4.8515625,1328,CAAGCG,0.006393824238330126,1448,CAGACG,0.0037047031801193953,47,AAAGCC,0.43411871790885925,True,False,True,0.00031523220241069794,
12,19,62,head_6,degradation,1.0,0.9581364989280701,1328,CAAGCG,4.84765625,1448,CAGACG,4.8515625,1448,CAGACG,4.8515625,1328,CAAGCG,0.006382927298545837,1448,CAGACG,0.0037195554468780756,47,AAAGCC,0.4336566925048828,False,False,True,0.00033256877213716507,
12,20,62,head_6,degradation,1.0,0.9694483876228333,1328,CAAGCG,4.84375,1448,CAGACG,4.84765625,1448,CAGACG,4.84765625,1328,CAAGCG,0.006366514600813389,1448,CAGACG,0.0036948509514331818,47,AAAGCC,0.4353756904602051,False,False,True,0.00014022458344697952,
12,21,62,head_6,degradation,1.0,0.9641547203063965,1328,CAAGCG,4.84765625,1448,CAGACG,4.8515625,1448,CAGACG,4.8515625,1328,CAAGCG,0.0064001851715147495,1448,CAGACG,0.003732401877641678,47,AAAGCC,0.4339476525783539,False,False,True,-4.874449223279953e-05,
12,22,62,head_6,degradation,1.0,0.9932118654251099,1328,CAAGCG,4.84765625,1448,CAGACG,4.8515625,1448,CAGACG,4.8515625,1328,CAAGCG,0.006438372656702995,1448,CAGACG,0.0037492900155484676,47,AAAGCC,0.4337613880634308,False,False,True,-1.6048550605773926e-05,
12,23,62,head_6,degradation,2.0,0.9568094611167908,1328,CAAGCG,4.83984375,1448,CAGACG,4.84765625,1448,CAGACG,4.84765625,1328,CAAGCG,0.006411389447748661,1448,CAGACG,0.003748990362510085,47,AAAGCC,0.4337664246559143,False,False,True,-1.2156553566455841e-05,
12,24,62,head_6,degradation,2.0,0.9645682573318481,1328,CAAGCG,4.84375,1448,CAGACG,4.8515625,1448,CAGACG,4.8515625,1328,CAAGCG,0.00645076297223568,1448,CAGACG,0.0037826765328645706,47,AAAGCC,0.4306354522705078,False,False,True,0.0002823043614625931,
12,25,62,head_6,degradation,2.0,0.9100591540336609,1328,CAAGCG,4.8359375,1448,CAGACG,4.84375,1448,CAGACG,4.84375,1328,CAAGCG,0.0063725123181939125,1448,CAGACG,0.003744381945580244,47,AAAGCC,0.42975690960884094,False,False,True,0.00021957512944936752,
12,26,62,head_6,degradation,2.0,0.851469099521637,1328,CAAGCG,4.83984375,1448,CAGACG,4.84765625,1448,CAGACG,4.84765625,1328,CAAGCG,0.0062939999625086784,1448,CAGACG,0.0037088170647621155,47,AAAGCC,0.43196290731430054,False,False,True,0.00023810379207134247,
12,27,62,head_6,degradation,1.0,0.9035889506340027,1328,CAAGCG,4.84765625,1448,CAGACG,4.8515625,1448,CAGACG,4.8515625,1328,CAAGCG,0.006314868573099375,1448,CAGACG,0.0036914809606969357,47,AAAGCC,0.4351179599761963,False,False,True,-0.00017754826694726944,
12,28,62,head_6,degradation,0.0,1.006412386894226,1328,CAAGCG,4.859375,1448,CAGACG,4.859375,1328,CAAGCG,4.859375,1328,CAAGCG,0.006431896705180407,1448,CAGACG,0.0037331378553062677,47,AAAGCC,0.43340447545051575,True,False,True,-9.247660636901855e-05,
12,29,62,head_6,degradation,1.0,1.0687330961227417,1328,CAAGCG,4.859375,1448,CAGACG,4.86328125,1448,CAGACG,4.86328125,1328,CAAGCG,0.006508952006697655,1448,CAGACG,0.0037645110860466957,47,AAAGCC,0.43231114745140076,False,False,True,-0.00010253116488456726,
12,30,62,head_6,degradation,0.0,0.9891937971115112,1328,CAAGCG,4.84765625,1448,CAGACG,4.84765625,1328,CAAGCG,4.84765625,1328,CAAGCG,0.006404654588550329,1448,CAGACG,0.003718517255038023,47,AAAGCC,0.43089762330055237,True,False,True,-0.00012645963579416275,
12,31,62,head_6,degradation,1.0,0.9554067850112915,1328,CAAGCG,4.84375,1448,CAGACG,4.84765625,1448,CAGACG,4.84765625,1328,CAAGCG,0.006381531711667776,1448,CAGACG,0.0037201608065515757,47,AAAGCC,0.4329536557197571,False,False,True,-0.00020623207092285156,
13,0,62,head_6,degradation,1.0,1.0081895589828491,1328,CAAGCG,4.84765625,1448,CAGACG,4.8515625,1448,CAGACG,4.8515625,1328,CAAGCG,0.006408528424799442,1448,CAGACG,0.00370846688747406,47,AAAGCC,0.4350108802318573,False,False,True,9.90377739071846e-05,
13,1,62,head_6,degradation,0.0,1.0214459896087646,1328,CAAGCG,4.84765625,1448,CAGACG,4.84765625,1328,CAAGCG,4.84765625,1328,CAAGCG,0.0064330738969147205,1448,CAGACG,0.003723295172676444,47,AAAGCC,0.4342981278896332,True,False,True,5.7913362979888916e-05,
13,2,62,head_6,degradation,1.0,0.9714523553848267,1328,CAAGCG,4.84765625,1448,CAGACG,4.8515625,1448,CAGACG,4.8515625,1328,CAAGCG,0.006406592670828104,1448,CAGACG,0.0037334600929170847,47,AAAGCC,0.43344852328300476,False,False,True,0.00012293830513954163,
13,3,62,head_6,degradation,0.0,1.011597752571106,1328,CAAGCG,4.84765625,1448,CAGACG,4.84765625,1328,CAAGCG,4.84765625,1328,CAAGCG,0.006423346698284149,1448,CAGACG,0.003720786888152361,47,AAAGCC,0.4347478747367859,True,False,True,0.00011106394231319427,
13,4,62,head_6,degradation,2.0,0.9320229291915894,1328,CAAGCG,4.84375,1448,CAGACG,4.8515625,1448,CAGACG,4.8515625,1328,CAAGCG,0.0063824583776295185,1448,CAGACG,0.0037382282316684723,47,AAAGCC,0.4342604875564575,False,False,True,0.00010099075734615326,
13,5,62,head_6,degradation,1.0,0.9738857746124268,1328,CAAGCG,4.84765625,1448,CAGACG,4.8515625,1448,CAGACG,4.8515625,1328,CAAGCG,0.006394528318196535,1448,CAGACG,0.0037196120247244835,47,AAAGCC,0.4345111548900604,False,False,True,6.975233554840088e-05,
13,6,62,head_6,degradation,1.0,0.9957802295684814,1328,CAAGCG,4.8515625,1448,CAGACG,4.85546875,1448,CAGACG,4.85546875,1328,CAAGCG,0.006425128784030676,1448,CAGACG,0.003734163474291563,47,AAAGCC,0.43405309319496155,False,False,True,7.307156920433044e-05,
13,7,62,head_6,degradation,1.0,0.9927188754081726,1328,CAAGCG,4.84765625,1448,CAGACG,4.8515625,1448,CAGACG,4.8515625,1328,CAAGCG,0.006413117982447147,1448,CAGACG,0.0037243966944515705,47,AAAGCC,0.43461886048316956,False,False,True,0.00011607073247432709,
13,8,62,head_6,degradation,1.0,1.0114843845367432,1328,CAAGCG,4.8515625,1448,CAGACG,4.85546875,1448,CAGACG,4.85546875,1328,CAAGCG,0.006437224335968494,1448,CAGACG,0.0037347476463764906,47,AAAGCC,0.4344059228897095,False,False,True,-4.647672176361084e-05,
13,9,62,head_6,degradation,0.0,1.0236939191818237,1328,CAAGCG,4.8515625,1448,CAGACG,4.8515625,1328,CAAGCG,4.8515625,1328,CAAGCG,0.006435501854866743,1448,CAGACG,0.003724075388163328,47,AAAGCC,0.43407106399536133,True,False,True,-6.720516830682755e-05,
13,10,62,head_6,degradation,1.0,0.9966092705726624,1328,CAAGCG,4.8515625,1448,CAGACG,4.85546875,1448,CAGACG,4.85546875,1328,CAAGCG,0.006418292410671711,1448,CAGACG,0.0037267194129526615,47,AAAGCC,0.4344654381275177,False,False,True,7.154513150453568e-05,
13,11,62,head_6,degradation,1.0,1.0114017724990845,1328,CAAGCG,4.8515625,1448,CAGACG,4.85546875,1448,CAGACG,4.85546875,1328,CAAGCG,0.006422869861125946,1448,CAGACG,0.0037204537075012922,47,AAAGCC,0.43470895290374756,False,False,True,0.00014353636652231216,
13,12,62,head_6,degradation,1.0,1.0054874420166016,1328,CAAGCG,4.8515625,1448,CAGACG,4.85546875,1448,CAGACG,4.85546875,1328,CAAGCG,0.006429465487599373,1448,CAGACG,0.003731384640559554,47,AAAGCC,0.4342863857746124,False,False,True,0.00034195464104413986,
13,13,62,head_6,degradation,1.0,0.98183673620224,1328,CAAGCG,4.84765625,1448,CAGACG,4.8515625,1448,CAGACG,4.8515625,1328,CAAGCG,0.006408734247088432,1448,CAGACG,0.003727989736944437,47,AAAGCC,0.434215784072876,False,False,True,0.0002589905634522438,
13,14,62,head_6,degradation,1.0,0.964140772819519,1328,CAAGCG,4.8515625,1448,CAGACG,4.85546875,1448,CAGACG,4.85546875,1328,CAAGCG,0.006402347236871719,1448,CAGACG,0.0037345741875469685,47,AAAGCC,0.4344387948513031,False,False,True,0.0002818312495946884,
13,15,62,head_6,degradation,1.0,0.9756225943565369,1328,CAAGCG,4.8515625,1448,CAGACG,4.85546875,1448,CAGACG,4.85546875,1328,CAAGCG,0.006420214660465717,1448,CAGACG,0.0037440252490341663,47,AAAGCC,0.4342906177043915,False,False,True,0.00028163474053144455,
13,16,62,head_6,degradation,1.0,0.9679625034332275,1328,CAAGCG,4.8515625,1448,CAGACG,4.85546875,1448,CAGACG,4.85546875,1328,CAAGCG,0.006441046483814716,1448,CAGACG,0.003770472016185522,47,AAAGCC,0.4331410825252533,False,False,True,0.00017879344522953033,
13,17,62,head_6,degradation,1.0,0.9602373242378235,1328,CAAGCG,4.85546875,1448,CAGACG,4.859375,1448,CAGACG,4.859375,1328,CAAGCG,0.006443922873586416,1448,CAGACG,0.0037790110800415277,47,AAAGCC,0.43261435627937317,False,False,True,-0.00010515749454498291,
13,18,62,head_6,degradation,1.0,0.971337080001831,1328,CAAGCG,4.84765625,1448,CAGACG,4.8515625,1448,CAGACG,4.8515625,1328,CAAGCG,0.006389792077243328,1448,CAGACG,0.003716744016855955,47,AAAGCC,0.4336596429347992,False,False,True,-0.00016942434012889862,
13,19,62,head_6,degradation,1.0,0.9605768918991089,1328,CAAGCG,4.84765625,1448,CAGACG,4.8515625,1448,CAGACG,4.8515625,1328,CAAGCG,0.0063850367441773415,1448,CAGACG,0.003719876054674387,47,AAAGCC,0.43405821919441223,False,False,True,-5.3783878684043884e-06,
13,20,62,head_6,degradation,1.0,0.9765115976333618,1328,CAAGCG,4.8515625,1448,CAGACG,4.85546875,1448,CAGACG,4.85546875,1328,CAAGCG,0.006410427391529083,1448,CAGACG,0.003733586287125945,47,AAAGCC,0.4348079562187195,False,False,True,9.919703006744385e-05,
13,21,62,head_6,degradation,1.0,0.9569529891014099,1328,CAAGCG,4.8515625,1448,CAGACG,4.85546875,1448,CAGACG,4.85546875,1328,CAAGCG,0.00639818049967289,1448,CAGACG,0.0037356761749833822,47,AAAGCC,0.4338117241859436,False,False,True,6.043631583452225e-05,
13,22,62,head_6,degradation,1.0,0.9603199362754822,1328,CAAGCG,4.8515625,1448,CAGACG,4.85546875,1448,CAGACG,4.85546875,1328,CAAGCG,0.006415656767785549,1448,CAGACG,0.0037506844382733107,47,AAAGCC,0.4328712224960327,False,False,True,4.579871892929077e-05,
13,23,62,head_6,degradation,2.0,0.9525893926620483,1328,CAAGCG,4.84375,1448,CAGACG,4.8515625,1448,CAGACG,4.8515625,1328,CAAGCG,0.006403388921171427,1448,CAGACG,0.003744083223864436,47,AAAGCC,0.4337212145328522,False,False,True,0.00011629145592451096,
13,24,62,head_6,degradation,1.0,0.9782963991165161,1328,CAAGCG,4.84765625,1448,CAGACG,4.8515625,1448,CAGACG,4.8515625,1328,CAAGCG,0.0064068809151649475,1448,CAGACG,0.0037287315353751183,47,AAAGCC,0.43387168645858765,False,False,True,0.0001369444653391838,
13,25,62,head_6,degradation,2.0,0.9499269723892212,1328,CAAGCG,4.84375,1448,CAGACG,4.8515625,1448,CAGACG,4.8515625,1328,CAAGCG,0.006380341947078705,1448,CAGACG,0.003722987836226821,47,AAAGCC,0.435689240694046,False,False,True,0.00017684977501630783,
13,26,62,head_6,degradation,1.0,0.9859510660171509,1328,CAAGCG,4.84375,1448,CAGACG,4.84765625,1448,CAGACG,4.84765625,1328,CAAGCG,0.00638121273368597,1448,CAGACG,0.0036974523682147264,47,AAAGCC,0.4366739094257355,False,False,True,0.0001600608229637146,
13,27,62,head_6,degradation,1.0,1.0043365955352783,1328,CAAGCG,4.84375,1448,CAGACG,4.84765625,1448,CAGACG,4.84765625,1328,CAAGCG,0.006390581373125315,1448,CAGACG,0.003693344071507454,47,AAAGCC,0.43674153089523315,False,False,True,7.950235158205032e-05,
13,28,62,head_6,degradation,1.0,0.9849498867988586,1328,CAAGCG,4.84765625,1448,CAGACG,4.8515625,1448,CAGACG,4.8515625,1328,CAAGCG,0.006416367832571268,1448,CAGACG,0.0037333413492888212,47,AAAGCC,0.4342224895954132,False,False,True,0.00011153519153594971,
13,29,62,head_6,degradation,2.0,0.9326086044311523,1328,CAAGCG,4.8515625,1448,CAGACG,4.859375,1448,CAGACG,4.859375,1328,CAAGCG,0.006407856475561857,1448,CAGACG,0.0037631969898939133,47,AAAGCC,0.4333025813102722,False,False,True,6.26593828201294e-05,
13,30,62,head_6,degradation,2.0,0.9027666449546814,1328,CAAGCG,4.84375,1448,CAGACG,4.8515625,1448,CAGACG,4.8515625,1328,CAAGCG,0.006353613454848528,1448,CAGACG,0.0037308286409825087,47,AAAGCC,0.434287965297699,False,False,True,2.795923501253128e-05,
13,31,62,head_6,degradation,0.0,1.0494165420532227,1328,CAAGCG,4.8359375,1448,CAGACG,4.8359375,1328,CAAGCG,4.8359375,1328,CAAGCG,0.006426146719604731,1448,CAGACG,0.003695865161716938,47,AAAGCC,0.4352361261844635,True,False,True,8.256081491708755e-05,
14,0,62,head_6,degradation,3.0,0.9422414898872375,1328,CAAGCG,4.84765625,1448,CAGACG,4.859375,1448,CAGACG,4.859375,1328,CAAGCG,0.006394058000296354,1448,CAGACG,0.0037423374596983194,47,AAAGCC,0.4338630735874176,False,False,True,3.957375884056091e-05,
14,1,62,head_6,degradation,1.0,1.0101016759872437,1328,CAAGCG,4.84765625,1448,CAGACG,4.8515625,1448,CAGACG,4.8515625,1328,CAAGCG,0.006446099374443293,1448,CAGACG,0.003744636196643114,47,AAAGCC,0.43472614884376526,False,False,True,5.4430216550827026e-05,
14,2,62,head_6,degradation,1.0,0.9983991384506226,1328,CAAGCG,4.84765625,1448,CAGACG,4.8515625,1448,CAGACG,4.8515625,1328,CAAGCG,0.006424135994166136,1448,CAGACG,0.0037312509957700968,47,AAAGCC,0.43303346633911133,False,False,True,4.522036761045456e-05,
14,3,62,head_6,degradation,1.0,0.9580482244491577,1328,CAAGCG,4.84765625,1448,CAGACG,4.8515625,1448,CAGACG,4.8515625,1328,CAAGCG,0.006415368989109993,1448,CAGACG,0.003752061864361167,47,AAAGCC,0.43345990777015686,False,False,True,4.1180290281772614e-05,
14,4,62,head_6,degradation,1.0,0.9489076733589172,1328,CAAGCG,4.84765625,1448,CAGACG,4.8515625,1448,CAGACG,4.8515625,1328,CAAGCG,0.006396616343408823,1448,CAGACG,0.0037400093860924244,47,AAAGCC,0.434354692697525,False,False,True,0.00010849535465240479,
14,5,62,head_6,degradation,2.0,0.9532890915870667,1328,CAAGCG,4.84765625,1448,CAGACG,4.85546875,1448,CAGACG,4.85546875,1328,CAAGCG,0.006405313033610582,1448,CAGACG,0.0037454944103956223,47,AAAGCC,0.4334743618965149,False,False,True,1.929420977830887e-05,
14,6,62,head_6,degradation,1.0,0.9996267557144165,1328,CAAGCG,4.84765625,1448,CAGACG,4.8515625,1448,CAGACG,4.8515625,1328,CAAGCG,0.006423024460673332,1448,CAGACG,0.003729239571839571,47,AAAGCC,0.4332956075668335,False,False,True,3.622937947511673e-05,
14,7,62,head_6,degradation,1.0,0.9977997541427612,1328,CAAGCG,4.8515625,1448,CAGACG,4.85546875,1448,CAGACG,4.85546875,1328,CAAGCG,0.006416443269699812,1448,CAGACG,0.0037239976227283478,47,AAAGCC,0.43450596928596497,False,False,True,0.00014481227844953537,
14,8,62,head_6,degradation,1.0,1.0277690887451172,1328,CAAGCG,4.8515625,1448,CAGACG,4.85546875,1448,CAGACG,4.85546875,1328,CAAGCG,0.006450165994465351,1448,CAGACG,0.003735752310603857,47,AAAGCC,0.4341649115085602,False,False,True,0.00010933447629213333,
14,9,62,head_6,degradation,1.0,0.9921179413795471,1328,CAAGCG,4.8515625,1448,CAGACG,4.85546875,1448,CAGACG,4.85546875,1328,CAAGCG,0.006426477804780006,1448,CAGACG,0.0037381970323622227,47,AAAGCC,0.4336807131767273,False,False,True,4.911981523036957e-05,
14,10,62,head_6,degradation,2.0,0.9881662130355835,1328,CAAGCG,4.84765625,1448,CAGACG,4.85546875,1448,CAGACG,4.85546875,1328,CAAGCG,0.006405022460967302,1448,CAGACG,0.0037196383345872164,47,AAAGCC,0.43484586477279663,False,False,True,0.00010209344327449799,
14,11,62,head_6,degradation,2.0,0.9505727291107178,1328,CAAGCG,4.8515625,1448,CAGACG,4.859375,1448,CAGACG,4.859375,1328,CAAGCG,0.006401893682777882,1448,CAGACG,0.0037440662272274494,47,AAAGCC,0.43489882349967957,False,False,True,0.00022101588547229767,
14,12,62,head_6,degradation,2.0,0.9404532313346863,1328,CAAGCG,4.8515625,1448,CAGACG,4.859375,1448,CAGACG,4.859375,1328,CAAGCG,0.006410660222172737,1448,CAGACG,0.0037602505180984735,47,AAAGCC,0.4326924979686737,False,False,True,0.00020742975175380707,
14,13,62,head_6,degradation,0.0,0.9778673052787781,1328,CAAGCG,4.8515625,1448,CAGACG,4.8515625,1328,CAAGCG,4.8515625,1328,CAAGCG,0.006425671745091677,1448,CAGACG,0.003747836919501424,47,AAAGCC,0.4324897825717926,True,False,True,0.00020920485258102417,
14,14,62,head_6,degradation,1.0,0.9794567227363586,1328,CAAGCG,4.8515625,1448,CAGACG,4.85546875,1448,CAGACG,4.85546875,1328,CAAGCG,0.006449841894209385,1448,CAGACG,0.003770841984078288,47,AAAGCC,0.4321734607219696,False,False,True,8.930452167987823e-05,
14,15,62,head_6,degradation,1.0,0.9762035012245178,1328,CAAGCG,4.84765625,1448,CAGACG,4.8515625,1448,CAGACG,4.8515625,1328,CAAGCG,0.006413163151592016,1448,CAGACG,0.0037365478929132223,47,AAAGCC,0.4348541498184204,False,False,True,3.295019268989563e-05,
14,16,62,head_6,degradation,1.0,0.9864084720611572,1328,CAAGCG,4.84765625,1448,CAGACG,4.8515625,1448,CAGACG,4.8515625,1328,CAAGCG,0.006429305765777826,1448,CAGACG,0.003745210124179721,47,AAAGCC,0.43418946862220764,False,False,True,0.0002616122364997864,
14,17,62,head_6,degradation,0.0,1.020872712135315,1328,CAAGCG,4.8515625,1448,CAGACG,4.8515625,1328,CAAGCG,4.8515625,1328,CAAGCG,0.006458384916186333,1448,CAGACG,0.0037490264512598515,47,AAAGCC,0.43306297063827515,True,False,True,4.834681749343872e-05,
14,18,62,head_6,degradation,1.0,1.0169403553009033,1328,CAAGCG,4.8515625,1448,CAGACG,4.85546875,1448,CAGACG,4.85546875,1328,CAAGCG,0.006460247095674276,1448,CAGACG,0.00375377107411623,47,AAAGCC,0.4339618682861328,False,False,True,6.876885890960693e-06,
14,19,62,head_6,degradation,1.0,1.004660964012146,1328,CAAGCG,4.8515625,1448,CAGACG,4.85546875,1448,CAGACG,4.85546875,1328,CAAGCG,0.006442718207836151,1448,CAGACG,0.0037452431861311197,47,AAAGCC,0.43427279591560364,False,False,True,-0.00011210516095161438,
14,20,62,head_6,degradation,1.0,1.0103085041046143,1328,CAAGCG,4.84765625,1448,CAGACG,4.8515625,1448,CAGACG,4.8515625,1328,CAAGCG,0.006452467758208513,1448,CAGACG,0.003750853007659316,47,AAAGCC,0.43416744470596313,False,False,True,-6.674602627754211e-05,
14,21,62,head_6,degradation,1.0,0.981083333492279,1328,CAAGCG,4.84765625,1448,CAGACG,4.8515625,1448,CAGACG,4.8515625,1328,CAAGCG,0.006438481155782938,1448,CAGACG,0.0037582889199256897,47,AAAGCC,0.4341130554676056,False,False,True,-0.0001405663788318634,
14,22,62,head_6,degradation,1.0,0.9909436106681824,1328,CAAGCG,4.8515625,1448,CAGACG,4.85546875,1448,CAGACG,4.85546875,1328,CAAGCG,0.006458192598074675,1448,CAGACG,0.0037707726005464792,47,AAAGCC,0.43392977118492126,False,False,True,-0.00017284508794546127,
14,23,62,head_6,degradation,1.0,0.9891061186790466,1328,CAAGCG,4.84765625,1448,CAGACG,4.8515625,1448,CAGACG,4.8515625,1328,CAAGCG,0.006450813729315996,1448,CAGACG,0.0037647406570613384,47,AAAGCC,0.43419522047042847,False,False,True,-0.0001629255712032318,
14,24,62,head_6,degradation,2.0,0.9869217276573181,1328,CAAGCG,4.84765625,1448,CAGACG,4.85546875,1448,CAGACG,4.85546875,1328,CAAGCG,0.006444625556468964,1448,CAGACG,0.0037601536605507135,47,AAAGCC,0.4328860938549042,False,False,True,2.56979838013649e-05,
14,25,62,head_6,degradation,3.0,0.9737224578857422,1328,CAAGCG,4.85546875,1448,CAGACG,4.8671875,1448,CAGACG,4.8671875,1328,CAAGCG,0.006489616818726063,1448,CAGACG,0.0038148202002048492,47,AAAGCC,0.42867228388786316,False,False,True,-7.064826786518097e-05,
14,26,62,head_6,degradation,2.0,1.0210009813308716,1328,CAAGCG,4.859375,1448,CAGACG,4.8671875,1448,CAGACG,4.8671875,1328,CAAGCG,0.00650404067710042,1448,CAGACG,0.0037945881485939026,47,AAAGCC,0.43106967210769653,False,False,True,-3.0792318284511566e-05,
14,27,62,head_6,degradation,3.0,1.018156886100769,1328,CAAGCG,4.859375,1448,CAGACG,4.87109375,1448,CAGACG,4.87109375,1328,CAAGCG,0.00651366263628006,1448,CAGACG,0.003806294873356819,47,AAAGCC,0.43300703167915344,False,False,True,-2.5394372642040253e-05,
14,28,62,head_6,degradation,2.0,0.9773879647254944,1328,CAAGCG,4.86328125,1448,CAGACG,4.87109375,1448,CAGACG,4.87109375,1328,CAAGCG,0.006431284826248884,1448,CAGACG,0.003753801342099905,47,AAAGCC,0.4354511797428131,False,False,True,2.359040081501007e-06,
14,29,62,head_6,degradation,2.0,0.9704184532165527,1328,CAAGCG,4.859375,1448,CAGACG,4.8671875,1448,CAGACG,4.8671875,1328,CAAGCG,0.006397688761353493,1448,CAGACG,0.0037253140471875668,47,AAAGCC,0.4354495406150818,False,False,True,-6.526336073875427e-05,
14,30,62,head_6,degradation,1.0,0.9376122951507568,1328,CAAGCG,4.86328125,1448,CAGACG,4.8671875,1448,CAGACG,4.8671875,1328,CAAGCG,0.0063646575435996056,1448,CAGACG,0.003716330276802182,47,AAAGCC,0.43611955642700195,False,False,True,-0.00012922100722789764,
14,31,62,head_6,degradation,-1.0,0.9752249121665955,1328,CAAGCG,4.859375,1448,CAGACG,4.85546875,1328,CAAGCG,4.859375,1328,CAAGCG,0.006397418212145567,1448,CAGACG,0.0037215203046798706,47,AAAGCC,0.4330920875072479,True,False,True,1.9373372197151184e-05,
15,0,62,head_6,degradation,2.0,0.9433678388595581,1328,CAAGCG,4.84765625,1448,CAGACG,4.85546875,1448,CAGACG,4.85546875,1328,CAAGCG,0.006397702265530825,1448,CAGACG,0.003745156107470393,47,AAAGCC,0.4327545762062073,False,False,True,5.7268887758255005e-05,
15,1,62,head_6,degradation,1.0,0.9654697179794312,1328,CAAGCG,4.84765625,1448,CAGACG,4.8515625,1448,CAGACG,4.8515625,1328,CAAGCG,0.006409752648323774,1448,CAGACG,0.0037410054355859756,47,AAAGCC,0.4332522749900818,False,False,True,9.05478373169899e-05,
15,2,62,head_6,degradation,1.0,0.9774000644683838,1328,CAAGCG,4.84765625,1448,CAGACG,4.8515625,1448,CAGACG,4.8515625,1328,CAAGCG,0.006409122608602047,1448,CAGACG,0.003731630276888609,47,AAAGCC,0.4336792230606079,False,False,True,-3.4784898161888123e-06,
15,3,62,head_6,degradation,2.0,0.9548483490943909,1328,CAAGCG,4.84765625,1448,CAGACG,4.85546875,1448,CAGACG,4.85546875,1328,CAAGCG,0.00639625359326601,1448,CAGACG,0.0037352920044213533,47,AAAGCC,0.4338729977607727,False,False,True,-6.370153278112411e-05,
15,4,62,head_6,degradation,2.0,0.9471460580825806,1328,CAAGCG,4.8515625,1448,CAGACG,4.859375,1448,CAGACG,4.859375,1328,CAAGCG,0.006408663932234049,1448,CAGACG,0.0037533482536673546,47,AAAGCC,0.43265020847320557,False,False,True,-6.012246012687683e-05,
15,5,62,head_6,degradation,1.0,0.9581596851348877,1328,CAAGCG,4.84765625,1448,CAGACG,4.8515625,1448,CAGACG,4.8515625,1328,CAAGCG,0.006398526486009359,1448,CAGACG,0.003735137637704611,47,AAAGCC,0.4330415427684784,False,False,True,-1.1593103408813477e-05,
15,6,62,head_6,degradation,1.0,0.957947850227356,1328,CAAGCG,4.8515625,1448,CAGACG,4.85546875,1448,CAGACG,4.85546875,1328,CAAGCG,0.006394595373421907,1448,CAGACG,0.003731361823156476,47,AAAGCC,0.43458202481269836,False,False,True,-2.319738268852234e-05,
15,7,62,head_6,degradation,1.0,0.9486573934555054,1328,CAAGCG,4.84765625,1448,CAGACG,4.8515625,1448,CAGACG,4.8515625,1328,CAAGCG,0.006388767622411251,1448,CAGACG,0.0037323441356420517,47,AAAGCC,0.43321317434310913,False,False,True,2.8228387236595154e-05,
15,8,62,head_6,degradation,1.0,1.0062555074691772,1328,CAAGCG,4.8515625,1448,CAGACG,4.85546875,1448,CAGACG,4.85546875,1328,CAAGCG,0.0064314850606024265,1448,CAGACG,0.0037328412290662527,47,AAAGCC,0.43419745564460754,False,False,True,-1.2987293303012848e-05,
15,9,62,head_6,degradation,1.0,0.9743930101394653,1328,CAAGCG,4.84765625,1448,CAGACG,4.8515625,1448,CAGACG,4.8515625,1328,CAAGCG,0.006411484908312559,1448,CAGACG,0.0037361967843025923,47,AAAGCC,0.43377289175987244,False,False,True,7.179006934165955e-05,
15,10,62,head_6,degradation,1.0,0.9575889110565186,1328,CAAGCG,4.84765625,1448,CAGACG,4.8515625,1448,CAGACG,4.8515625,1328,CAAGCG,0.006401494145393372,1448,CAGACG,0.003738523693755269,47,AAAGCC,0.43377816677093506,False,False,True,2.3808330297470093e-05,
15,11,62,head_6,degradation,2.0,0.9286191463470459,1328,CAAGCG,4.83984375,1448,CAGACG,4.84765625,1448,CAGACG,4.84765625,1328,CAAGCG,0.006378087680786848,1448,CAGACG,0.0037363525480031967,47,AAAGCC,0.4334270656108856,False,False,True,-3.753695636987686e-05,
15,12,62,head_6,degradation,2.0,0.9286925196647644,1328,CAAGCG,4.84765625,1448,CAGACG,4.85546875,1448,CAGACG,4.85546875,1328,CAAGCG,0.006379181519150734,1448,CAGACG,0.0037373926024883986,47,AAAGCC,0.4342362582683563,False,False,True,-9.028241038322449e-05,
15,13,62,head_6,degradation,1.0,0.9816105961799622,1328,CAAGCG,4.84765625,1448,CAGACG,4.8515625,1448,CAGACG,4.8515625,1328,CAAGCG,0.006412692368030548,1448,CAGACG,0.0037321136333048344,47,AAAGCC,0.4337023198604584,False,False,True,-4.3147243559360504e-05,
15,14,62,head_6,degradation,2.0,0.9539640545845032,1328,CAAGCG,4.84765625,1448,CAGACG,4.85546875,1448,CAGACG,4.85546875,1328,CAAGCG,0.006400181446224451,1448,CAGACG,0.0037398680578917265,47,AAAGCC,0.43379512429237366,False,False,True,1.882016658782959e-05,
15,15,62,head_6,degradation,1.0,0.9629690051078796,1328,CAAGCG,4.84765625,1448,CAGACG,4.8515625,1448,CAGACG,4.8515625,1328,CAAGCG,0.006389646325260401,1448,CAGACG,0.003722732188180089,47,AAAGCC,0.4332661032676697,False,False,True,1.2043863534927368e-05,
15,16,62,head_6,degradation,1.0,0.950080394744873,1328,CAAGCG,4.84765625,1448,CAGACG,4.8515625,1448,CAGACG,4.8515625,1328,CAAGCG,0.006391412578523159,1448,CAGACG,0.0037339460104703903,47,AAAGCC,0.4328307509422302,False,False,True,7.416680455207825e-05,
15,17,62,head_6,degradation,1.0,0.9928500652313232,1328,CAAGCG,4.84765625,1448,CAGACG,4.8515625,1448,CAGACG,4.8515625,1328,CAAGCG,0.006425170227885246,1448,CAGACG,0.0037363527808338404,47,AAAGCC,0.43296438455581665,False,False,True,0.00011934805661439896,
15,18,62,head_6,degradation,1.0,0.9629905819892883,1328,CAAGCG,4.84765625,1448,CAGACG,4.8515625,1448,CAGACG,4.8515625,1328,CAAGCG,0.0064049772918224335,1448,CAGACG,0.0037380473222583532,47,AAAGCC,0.433220237493515,False,False,True,6.67693093419075e-05,
15,19,62,head_6,degradation,1.0,0.9776849746704102,1328,CAAGCG,4.8515625,1448,CAGACG,4.85546875,1448,CAGACG,4.85546875,1328,CAAGCG,0.00642425287514925,1448,CAGACG,0.0037465516943484545,47,AAAGCC,0.43384161591529846,False,False,True,4.8222020268440247e-05,
15,20,62,head_6,degradation,1.0,0.9619938731193542,1328,CAAGCG,4.8515625,1448,CAGACG,4.85546875,1448,CAGACG,4.85546875,1328,CAAGCG,0.006408157758414745,1448,CAGACG,0.003741958411410451,47,AAAGCC,0.4334551990032196,False,False,True,3.789737820625305e-05,
15,21,62,head_6,degradation,1.0,0.9471902251243591,1328,CAAGCG,4.8515625,1448,CAGACG,4.85546875,1448,CAGACG,4.85546875,1328,CAAGCG,0.006399635691195726,1448,CAGACG,0.0037442876491695642,47,AAAGCC,0.4335132837295532,False,False,True,3.5502947866916656e-05,
15,22,62,head_6,degradation,2.0,0.9346214532852173,1328,CAAGCG,4.8515625,1448,CAGACG,4.859375,1448,CAGACG,4.859375,1328,CAAGCG,0.006390090100467205,1448,CAGACG,0.0037439551670104265,47,AAAGCC,0.43396449089050293,False,False,True,-8.744746446609497e-05,
15,23,62,head_6,degradation,2.0,0.9700192213058472,1328,CAAGCG,4.8515625,1448,CAGACG,4.859375,1448,CAGACG,4.859375,1328,CAAGCG,0.0064210593700408936,1448,CAGACG,0.0037489773239940405,47,AAAGCC,0.43383777141571045,False,False,True,-0.0001310780644416809,
15,24,62,head_6,degradation,1.0,0.9603275656700134,1328,CAAGCG,4.8515625,1448,CAGACG,4.85546875,1448,CAGACG,4.85546875,1328,CAAGCG,0.006420496851205826,1448,CAGACG,0.0037555189337581396,47,AAAGCC,0.432451456785202,False,False,True,1.415889710187912e-05,
15,25,62,head_6,degradation,0.0,0.9802305102348328,1328,CAAGCG,4.8515625,1448,CAGACG,4.8515625,1328,CAAGCG,4.8515625,1328,CAAGCG,0.006424752529710531,1448,CAGACG,0.0037451854441314936,47,AAAGCC,0.4333592653274536,True,False,True,3.271736204624176e-05,
15,26,62,head_6,degradation,2.0,0.9420017004013062,1328,CAAGCG,4.8515625,1448,CAGACG,4.859375,1448,CAGACG,4.859375,1328,CAAGCG,0.006411601323634386,1448,CAGACG,0.00376005657017231,47,AAAGCC,0.4343569874763489,False,False,True,3.1705014407634735e-05,
15,27,62,head_6,degradation,1.0,1.027090072631836,1328,CAAGCG,4.85546875,1448,CAGACG,4.859375,1448,CAGACG,4.859375,1328,CAAGCG,0.0065111382864415646,1448,CAGACG,0.0037972223944962025,47,AAAGCC,0.43208038806915283,False,False,True,-1.1772848665714264e-05,
15,28,62,head_6,degradation,1.0,1.1073335409164429,1328,CAAGCG,4.859375,1448,CAGACG,4.86328125,1448,CAGACG,4.86328125,1328,CAAGCG,0.0066347080282866955,1448,CAGACG,0.0038619723636657,47,AAAGCC,0.4283131957054138,False,False,True,-4.3441541492938995e-05,
15,29,62,head_6,degradation,2.0,1.0891848802566528,1328,CAAGCG,4.8515625,1448,CAGACG,4.859375,1448,CAGACG,4.859375,1328,CAAGCG,0.0066125779412686825,1448,CAGACG,0.003853145521134138,47,AAAGCC,0.4279671907424927,False,False,True,2.501998096704483e-05,
15,30,62,head_6,degradation,1.0,1.1596179008483887,1328,CAAGCG,4.8515625,1448,CAGACG,4.85546875,1448,CAGACG,4.85546875,1328,CAAGCG,0.006595183163881302,1448,CAGACG,0.0037841221783310175,47,AAAGCC,0.4343710243701935,False,False,True,3.98438423871994e-05,
15,31,62,head_6,degradation,3.0,0.9275988936424255,1328,CAAGCG,4.83984375,1448,CAGACG,4.8515625,1448,CAGACG,4.8515625,1328,CAAGCG,0.006384415552020073,1448,CAGACG,0.003743428271263838,47,AAAGCC,0.4353359341621399,False,False,True,2.927985042333603e-05,
16,0,62,head_6,degradation,1.0,0.9854898452758789,1328,CAAGCG,4.84765625,1448,CAGACG,4.8515625,1448,CAGACG,4.8515625,1328,CAAGCG,0.006414454896003008,1448,CAGACG,0.0037310326006263494,47,AAAGCC,0.4335237741470337,False,False,True,-2.7222558856010437e-06,
16,1,62,head_6,degradation,1.0,0.9804248809814453,1328,CAAGCG,4.84765625,1448,CAGACG,4.8515625,1448,CAGACG,4.8515625,1328,CAAGCG,0.006406123749911785,1448,CAGACG,0.0037264141719788313,47,AAAGCC,0.43449610471725464,False,False,True,-4.2496249079704285e-06,
16,2,62,head_6,degradation,1.0,0.9965667128562927,1328,CAAGCG,4.84765625,1448,CAGACG,4.8515625,1448,CAGACG,4.8515625,1328,CAAGCG,0.006426095962524414,1448,CAGACG,0.0037345541641116142,47,AAAGCC,0.4338270425796509,False,False,True,-8.946284651756287e-06,
16,3,62,head_6,degradation,1.0,0.9664613604545593,1328,CAAGCG,4.84765625,1448,CAGACG,4.8515625,1448,CAGACG,4.8515625,1328,CAAGCG,0.0063990517519414425,1448,CAGACG,0.0037295776419341564,47,AAAGCC,0.43442726135253906,False,False,True,-1.5980564057826996e-05,
16,4,62,head_6,degradation,1.0,0.9770351052284241,1328,CAAGCG,4.84765625,1448,CAGACG,4.8515625,1448,CAGACG,4.8515625,1328,CAAGCG,0.006401950027793646,1448,CAGACG,0.003724725218489766,47,AAAGCC,0.43418654799461365,False,False,True,-1.87605619430542e-05,
16,5,62,head_6,degradation,1.0,0.992387592792511,1328,CAAGCG,4.84765625,1448,CAGACG,4.8515625,1448,CAGACG,4.8515625,1328,CAAGCG,0.006422998383641243,1448,CAGACG,0.003734519938006997,47,AAAGCC,0.4336642026901245,False,False,True,-1.7630867660045624e-05,
16,6,62,head_6,degradation,1.0,0.9941371083259583,1328,CAAGCG,4.84765625,1448,CAGACG,4.8515625,1448,CAGACG,4.8515625,1328,CAAGCG,0.006424428895115852,1448,CAGACG,0.003734668018296361,47,AAAGCC,0.4336218535900116,False,False,True,1.7833895981311798e-05,
16,7,62,head_6,degradation,1.0,0.981117308139801,1328,CAAGCG,4.84765625,1448,CAGACG,4.8515625,1448,CAGACG,4.8515625,1328,CAAGCG,0.006412781774997711,1448,CAGACG,0.003732564626261592,47,AAAGCC,0.43364882469177246,False,False,True,5.224719643592834e-07,
16,8,62,head_6,degradation,0.0,1.0119792222976685,1328,CAAGCG,4.8515625,1448,CAGACG,4.8515625,1328,CAAGCG,4.8515625,1328,CAAGCG,0.006423202343285084,1448,CAGACG,0.0037203629035502672,47,AAAGCC,0.43459218740463257,True,False,True,-4.991888999938965e-07,
16,9,62,head_6,degradation,1.0,0.9778262972831726,1328,CAAGCG,4.84765625,1448,CAGACG,4.8515625,1448,CAGACG,4.8515625,1328,CAAGCG,0.006413827650249004,1448,CAGACG,0.003736022859811783,47,AAAGCC,0.4331441819667816,False,False,True,-2.6230700314044952e-05,
16,10,62,head_6,degradation,1.0,0.9894269108772278,1328,CAAGCG,4.8515625,1448,CAGACG,4.85546875,1448,CAGACG,4.85546875,1328,CAAGCG,0.006420672405511141,1448,CAGACG,0.0037343641743063927,47,AAAGCC,0.43450719118118286,False,False,True,-8.36281105875969e-05,
16,11,62,head_6,degradation,0.0,1.0190598964691162,1328,CAAGCG,4.8515625,1448,CAGACG,4.8515625,1328,CAAGCG,4.8515625,1328,CAAGCG,0.006437970325350761,1448,CAGACG,0.003729940624907613,47,AAAGCC,0.4330002963542938,True,False,True,-0.0001324787735939026,
16,12,62,head_6,degradation,1.0,0.9874153733253479,1328,CAAGCG,4.84765625,1448,CAGACG,4.8515625,1448,CAGACG,4.8515625,1328,CAAGCG,0.006416467949748039,1448,CAGACG,0.003731634235009551,47,AAAGCC,0.4334349036216736,False,False,True,-0.00011451076716184616,
16,13,62,head_6,degradation,1.0,0.9931397438049316,1328,CAAGCG,4.84765625,1448,CAGACG,4.8515625,1448,CAGACG,4.8515625,1328,CAAGCG,0.006423771381378174,1448,CAGACG,0.0037347415927797556,47,AAAGCC,0.4334980547428131,False,False,True,-0.00015806499868631363,
16,14,62,head_6,degradation,1.0,0.972575843334198,1328,CAAGCG,4.84765625,1448,CAGACG,4.8515625,1448,CAGACG,4.8515625,1328,CAAGCG,0.00640747370198369,1448,CAGACG,0.003733517602086067,47,AAAGCC,0.433805912733078,False,False,True,-9.294971823692322e-05,
16,15,62,head_6,degradation,1.0,0.9914486408233643,1328,CAAGCG,4.8515625,1448,CAGACG,4.85546875,1448,CAGACG,4.85546875,1328,CAAGCG,0.006427486892789602,1448,CAGACG,0.0037396966945379972,47,AAAGCC,0.43393418192863464,False,False,True,-6.741471588611603e-05,
16,16,62,head_6,degradation,2.0,0.9512540102005005,1328,CAAGCG,4.84765625,1448,CAGACG,4.85546875,1448,CAGACG,4.85546875,1328,CAAGCG,0.006403923034667969,1448,CAGACG,0.003745596157386899,47,AAAGCC,0.43314892053604126,False,False,True,0.00015115272253751755,
16,17,62,head_6,degradation,1.0,0.9954152703285217,1328,CAAGCG,4.8515625,1448,CAGACG,4.85546875,1448,CAGACG,4.85546875,1328,CAAGCG,0.0064186472445726395,1448,CAGACG,0.003727949457243085,47,AAAGCC,0.4343237578868866,False,False,True,-0.00012801401317119598,
16,18,62,head_6,degradation,1.0,0.9814361929893494,1328,CAAGCG,4.84765625,1448,CAGACG,4.8515625,1448,CAGACG,4.8515625,1328,CAAGCG,0.006397314369678497,1448,CAGACG,0.0037168634589761496,47,AAAGCC,0.434866338968277,False,False,True,-0.000136522576212883,
16,19,62,head_6,degradation,2.0,0.9434351921081543,1328,CAAGCG,4.84765625,1448,CAGACG,4.85546875,1448,CAGACG,4.85546875,1328,CAAGCG,0.00638723187148571,1448,CAGACG,0.003734636353328824,47,AAAGCC,0.4345720112323761,False,False,True,-0.00019042566418647766,
16,20,62,head_6,degradation,1.0,0.9854501485824585,1328,CAAGCG,4.84765625,1448,CAGACG,4.8515625,1448,CAGACG,4.8515625,1328,CAAGCG,0.006414657924324274,1448,CAGACG,0.0037312647327780724,47,AAAGCC,0.43371614813804626,False,False,True,-0.00012222956866025925,
16,21,62,head_6,degradation,1.0,0.9835808873176575,1328,CAAGCG,4.84765625,1448,CAGACG,4.8515625,1448,CAGACG,4.8515625,1328,CAAGCG,0.006402420811355114,1448,CAGACG,0.0037203978281468153,47,AAAGCC,0.4347156882286072,False,False,True,-0.00011205673217773438,
16,22,62,head_6,degradation,1.0,0.9878184199333191,1328,CAAGCG,4.84765625,1448,CAGACG,4.8515625,1448,CAGACG,4.8515625,1328,CAAGCG,0.006408208049833775,1448,CAGACG,0.0037230788730084896,47,AAAGCC,0.4337960183620453,False,False,True,-0.00011431146413087845,
16,23,62,head_6,degradation,1.0,0.9880525469779968,1328,CAAGCG,4.84765625,1448,CAGACG,4.8515625,1448,CAGACG,4.8515625,1328,CAAGCG,0.006416086573153734,1448,CAGACG,0.0037307858001440763,47,AAAGCC,0.43448179960250854,False,False,True,-4.821456968784332e-06,
16,24,62,head_6,degradation,1.0,0.9900218844413757,1328,CAAGCG,4.84765625,1448,CAGACG,4.8515625,1448,CAGACG,4.8515625,1328,CAAGCG,0.006409758236259222,1448,CAGACG,0.00372301391325891,47,AAAGCC,0.43463650345802307,False,False,True,4.380941390991211e-06,
16,25,62,head_6,degradation,1.0,1.0076625347137451,1328,CAAGCG,4.8515625,1448,CAGACG,4.85546875,1448,CAGACG,4.85546875,1328,CAAGCG,0.006408551707863808,1448,CAGACG,0.003708876436576247,47,AAAGCC,0.43420344591140747,False,False,True,-1.427624374628067e-05,
16,26,62,head_6,degradation,1.0,0.9880099892616272,1328,CAAGCG,4.84765625,1448,CAGACG,4.8515625,1448,CAGACG,4.8515625,1328,CAAGCG,0.006383189465850592,1448,CAGACG,0.0036979198921471834,47,AAAGCC,0.4332577884197235,False,False,True,-1.9954517483711243e-05,
16,27,62,head_6,degradation,0.0,0.9679107666015625,1328,CAAGCG,4.8515625,1448,CAGACG,4.8515625,1328,CAAGCG,4.8515625,1328,CAAGCG,0.00637689046561718,1448,CAGACG,0.003706353949382901,47,AAAGCC,0.43241438269615173,True,False,True,-1.9184313714504242e-05,
16,28,62,head_6,degradation,1.0,0.9640854597091675,1328,CAAGCG,4.84375,1448,CAGACG,4.84765625,1448,CAGACG,4.84765625,1328,CAAGCG,0.0064377994276583195,1448,CAGACG,0.0037700668908655643,47,AAAGCC,0.4323616027832031,False,False,True,3.4170225262641907e-06,
16,29,62,head_6,degradation,2.0,0.8992828130722046,1328,CAAGCG,4.83984375,1448,CAGACG,4.84765625,1448,CAGACG,4.84765625,1328,CAAGCG,0.0063899667002260685,1448,CAGACG,0.003769735572859645,47,AAAGCC,0.43257439136505127,False,False,True,3.634113818407059e-05,
16,30,62,head_6,degradation,3.0,0.80510413646698,1328,CAAGCG,4.859375,1448,CAGACG,4.87109375,1448,CAGACG,4.87109375,1328,CAAGCG,0.006308583542704582,1448,CAGACG,0.0037573869340121746,47,AAAGCC,0.4333339333534241,False,False,True,-1.8991529941558838e-05,
16,31,62,head_6,degradation,4.0,0.7737504839897156,1328,CAAGCG,4.859375,1448,CAGACG,4.875,1448,CAGACG,4.875,1328,CAAGCG,0.006264854688197374,1448,CAGACG,0.00373664079234004,47,AAAGCC,0.4346659779548645,False,False,True,-6.238371133804321e-05,
17,0,62,head_6,degradation,1.0,1.000132441520691,1328,CAAGCG,4.8515625,1448,CAGACG,4.85546875,1448,CAGACG,4.85546875,1328,CAAGCG,0.0064326087012887,1448,CAGACG,0.003738453146070242,47,AAAGCC,0.4342932105064392,False,False,True,-0.00010363198816776276,
17,1,62,head_6,degradation,1.0,0.9999983906745911,1328,CAAGCG,4.8515625,1448,CAGACG,4.85546875,1448,CAGACG,4.85546875,1328,CAAGCG,0.006432510446757078,1448,CAGACG,0.003738453146070242,47,AAAGCC,0.4342932105064392,False,False,True,-0.00011702999472618103,
17,2,62,head_6,degradation,1.0,1.0001482963562012,1328,CAAGCG,4.8515625,1448,CAGACG,4.85546875,1448,CAGACG,4.85546875,1328,CAAGCG,0.006432635709643364,1448,CAGACG,0.003738468512892723,47,AAAGCC,0.43429502844810486,False,False,True,-0.00011953804641962051,
17,3,62,head_6,degradation,1.0,1.0001368522644043,1328,CAAGCG,4.8515625,1448,CAGACG,4.85546875,1448,CAGACG,4.85546875,1328,CAAGCG,0.006432616151869297,1448,CAGACG,0.0037384573370218277,47,AAAGCC,0.4342937171459198,False,False,True,-5.351938307285309e-05,
17,4,62,head_6,degradation,1.0,1.000133991241455,1328,CAAGCG,4.8515625,1448,CAGACG,4.85546875,1448,CAGACG,4.85546875,1328,CAAGCG,0.006432611029595137,1448,CAGACG,0.00373845431022346,47,AAAGCC,0.43429335951805115,False,False,True,-2.3744069039821625e-05,
17,5,62,head_6,degradation,1.0,1.000004768371582,1328,CAAGCG,4.8515625,1448,CAGACG,4.85546875,1448,CAGACG,4.85546875,1328,CAAGCG,0.006432521156966686,1448,CAGACG,0.003738459199666977,47,AAAGCC,0.4342939257621765,False,False,True,7.50245526432991e-05,
17,6,62,head_6,degradation,1.0,1.0000044107437134,1328,CAAGCG,4.8515625,1448,CAGACG,4.85546875,1448,CAGACG,4.85546875,1328,CAAGCG,0.006432520691305399,1448,CAGACG,0.0037384589668363333,47,AAAGCC,0.4342938959598541,False,False,True,8.783303201198578e-06,
17,7,62,head_6,degradation,1.0,0.9998961091041565,1328,CAAGCG,4.8515625,1448,CAGACG,4.85546875,1448,CAGACG,4.85546875,1328,CAAGCG,0.006432467605918646,1448,CAGACG,0.003738485276699066,47,AAAGCC,0.43429693579673767,False,False,True,-3.373343497514725e-05,
17,8,62,head_6,degradation,1.0,1.0001105070114136,1328,CAAGCG,4.8515625,1448,CAGACG,4.85546875,1448,CAGACG,4.85546875,1328,CAAGCG,0.0064325700514018536,1448,CAGACG,0.0037384305614978075,47,AAAGCC,0.43429723381996155,False,False,True,-0.00011236593127250671,
17,9,62,head_6,degradation,1.0,1.0004020929336548,1328,CAAGCG,4.8515625,1448,CAGACG,4.85546875,1448,CAGACG,4.85546875,1328,CAAGCG,0.006432671565562487,1448,CAGACG,0.0037383183371275663,47,AAAGCC,0.43429744243621826,False,False,True,-0.00016869977116584778,
17,10,62,head_6,degradation,1.0,1.0005428791046143,1328,CAAGCG,4.8515625,1448,CAGACG,4.85546875,1448,CAGACG,4.85546875,1328,CAAGCG,0.006432645488530397,1448,CAGACG,0.0037381891161203384,47,AAAGCC,0.4342956840991974,False,False,True,-0.00024030636996030807,
17,11,62,head_6,degradation,1.0,1.0006883144378662,1328,CAAGCG,4.8515625,1448,CAGACG,4.85546875,1448,CAGACG,4.85546875,1328,CAAGCG,0.006432764232158661,1448,CAGACG,0.0037382012233138084,47,AAAGCC,0.4342970848083496,False,False,True,-0.00021190568804740906,
17,12,62,head_6,degradation,1.0,1.0004152059555054,1328,CAAGCG,4.8515625,1448,CAGACG,4.85546875,1448,CAGACG,4.85546875,1328,CAAGCG,0.006432695314288139,1448,CAGACG,0.0037383325397968292,47,AAAGCC,0.4342924654483795,False,False,True,-0.00022107921540737152,
17,13,62,head_6,degradation,1.0,1.0006486177444458,1328,CAAGCG,4.8515625,1448,CAGACG,4.85546875,1448,CAGACG,4.85546875,1328,CAAGCG,0.006432694848626852,1448,CAGACG,0.0037381609436124563,47,AAAGCC,0.43429240584373474,False,False,True,-8.443370461463928e-06,
17,14,62,head_6,degradation,1.0,0.9999253749847412,1328,CAAGCG,4.8515625,1448,CAGACG,4.85546875,1448,CAGACG,4.85546875,1328,CAAGCG,0.006432518362998962,1448,CAGACG,0.0037385146133601665,47,AAAGCC,0.43428710103034973,False,False,True,-1.3988465070724487e-05,
17,15,62,head_6,degradation,1.0,0.9969961643218994,1328,CAAGCG,4.8515625,1448,CAGACG,4.85546875,1448,CAGACG,4.85546875,1328,CAAGCG,0.0064313411712646484,1448,CAGACG,0.0037394845858216286,47,AAAGCC,0.43420761823654175,False,False,True,-2.913549542427063e-05,
17,16,62,head_6,degradation,1.0,0.9923834800720215,1328,CAAGCG,4.8515625,1448,CAGACG,4.85546875,1448,CAGACG,4.85546875,1328,CAAGCG,0.0064299446530640125,1448,CAGACG,0.003741469234228134,47,AAAGCC,0.4341663420200348,False,False,True,-0.00015548709779977798,
17,17,62,head_6,degradation,1.0,0.9970987439155579,1328,CAAGCG,4.8515625,1448,CAGACG,4.85546875,1448,CAGACG,4.85546875,1328,CAAGCG,0.006431658286601305,1448,CAGACG,0.003739726496860385,47,AAAGCC,0.4341892898082733,False,False,True,-0.0005734618753194809,
17,18,62,head_6,degradation,1.0,1.002915859222412,1328,CAAGCG,4.8515625,1448,CAGACG,4.85546875,1448,CAGACG,4.85546875,1328,CAAGCG,0.006434346549212933,1448,CAGACG,0.0037381506990641356,47,AAAGCC,0.43433764576911926,False,False,True,-0.0004510432481765747,
17,19,62,head_6,degradation,1.0,1.0053950548171997,1328,CAAGCG,4.8515625,1448,CAGACG,4.85546875,1448,CAGACG,4.85546875,1328,CAAGCG,0.00643609743565321,1448,CAGACG,0.003738084342330694,47,AAAGCC,0.4344160556793213,False,False,True,-0.0004910007119178772,
17,20,62,head_6,degradation,1.0,0.998859703540802,1328,CAAGCG,4.8515625,1448,CAGACG,4.85546875,1448,CAGACG,4.85546875,1328,CAAGCG,0.006435151677578688,1448,CAGACG,0.0037419290747493505,47,AAAGCC,0.43411368131637573,False,False,True,-0.00017781835049390793,
17,21,62,head_6,degradation,1.0,1.0035167932510376,1328,CAAGCG,4.8515625,1448,CAGACG,4.85546875,1448,CAGACG,4.85546875,1328,CAAGCG,0.006437851116061211,1448,CAGACG,0.0037412147503346205,47,AAAGCC,0.43434879183769226,False,False,True,-0.00018353667110204697,
17,22,62,head_6,degradation,1.0,1.0071943998336792,1328,CAAGCG,4.8515625,1448,CAGACG,4.85546875,1448,CAGACG,4.85546875,1328,CAAGCG,0.006440198048949242,1448,CAGACG,0.003740865970030427,47,AAAGCC,0.43408969044685364,False,False,True,-0.00011547096073627472,
17,23,62,head_6,degradation,1.0,1.0185986757278442,1328,CAAGCG,4.8515625,1448,CAGACG,4.85546875,1448,CAGACG,4.85546875,1328,CAAGCG,0.006446520332247019,1448,CAGACG,0.0037388287018984556,47,AAAGCC,0.43495362997055054,False,False,True,-5.7042576372623444e-05,
17,24,62,head_6,degradation,1.0,0.9775299429893494,1328,CAAGCG,4.8515625,1448,CAGACG,4.85546875,1448,CAGACG,4.85546875,1328,CAAGCG,0.0064128972589969635,1448,CAGACG,0.003735309699550271,47,AAAGCC,0.4333391487598419,False,False,True,-7.094908505678177e-05,
17,25,62,head_6,degradation,1.0,0.991094172000885,1328,CAAGCG,4.8515625,1448,CAGACG,4.85546875,1448,CAGACG,4.85546875,1328,CAAGCG,0.006431372836232185,1448,CAGACG,0.003743842476978898,47,AAAGCC,0.4354505240917206,False,False,True,-2.7157366275787354e-05,
17,26,62,head_6,degradation,1.0,1.0089826583862305,1328,CAAGCG,4.8515625,1448,CAGACG,4.85546875,1448,CAGACG,4.85546875,1328,CAAGCG,0.00645028380677104,1448,CAGACG,0.003749640891328454,47,AAAGCC,0.43768492341041565,False,False,True,-1.0964460670948029e-05,
17,27,62,head_6,degradation,1.0,1.0108541250228882,1328,CAAGCG,4.8515625,1448,CAGACG,4.85546875,1448,CAGACG,4.85546875,1328,CAAGCG,0.006474985275417566,1448,CAGACG,0.0037729705218225718,47,AAAGCC,0.4387647807598114,False,False,True,-4.004687070846558e-06,
17,28,62,head_6,degradation,1.0,1.0260306596755981,1328,CAAGCG,4.8515625,1448,CAGACG,4.85546875,1448,CAGACG,4.85546875,1328,CAAGCG,0.006470539141446352,1448,CAGACG,0.0037573997396975756,47,AAAGCC,0.4401863217353821,False,False,True,-7.453374564647675e-05,
17,29,62,head_6,degradation,1.0,0.9975135922431946,1328,CAAGCG,4.8515625,1448,CAGACG,4.85546875,1448,CAGACG,4.85546875,1328,CAAGCG,0.006382866762578487,1448,CAGACG,0.0036906308960169554,47,AAAGCC,0.4363541007041931,False,False,True,-4.400499165058136e-05,
17,30,62,head_6,degradation,-1.0,0.8574215769767761,1328,CAAGCG,4.87890625,1448,CAGACG,4.875,1328,CAAGCG,4.87890625,1328,CAAGCG,0.0062028286047279835,1448,CAGACG,0.003613282460719347,47,AAAGCC,0.4424275755882263,True,False,True,-7.377937436103821e-05,
17,31,62,head_6,degradation,-1.0,0.7944516539573669,1328,CAAGCG,4.87890625,1448,CAGACG,4.875,1328,CAAGCG,4.87890625,1328,CAAGCG,0.0061965868808329105,1448,CAGACG,0.0036531987134367228,47,AAAGCC,0.4374401271343231,True,False,True,-9.80449840426445e-05,
