Layer,Time_Offset,Target_Timestep,Component,Metric_Mode,Logit_Score,Posteriors_Score,Target_Transition_Prior,Target_String_Prior,Target_Logit,Wrong_Transition_Prior,Wrong_String_Prior,Wrong_Logit,Actual_Argmax_Prior,Actual_String_Prior,Actual_Argmax_Logit,Target_Transition_Post,Target_String_Post,Target_Prob,Wrong_Transition_Post,Wrong_String_Post,Wrong_Prob,Actual_Transition_Post,actual_String_Post,actual_Prob,Is_Target_Logit_Argmax,Is_Target_Prob_Argmax,Should_Decode,Global_MSE_Change,New_String
0,0,44,head_1,degradation,0.9482421875,0.9524844288825989,1613,CCAAGG,3.837890625,1166,ATGGCA,3.85546875,1166,ATGGCA,3.85546875,1613,CCAAGG,0.03068210370838642,1166,ATGGCA,1.8445713067194447e-05,1453,CAGAGG,0.21599669754505157,False,False,True,-0.0002606268972158432,
0,1,44,head_1,degradation,0.95556640625,0.9205856323242188,1613,CCAAGG,3.83984375,1166,ATGGCA,3.859375,1166,ATGGCA,3.859375,1613,CCAAGG,0.03057193011045456,1166,ATGGCA,1.830594555940479e-05,1453,CAGAGG,0.21678997576236725,False,False,True,-0.00014889612793922424,
0,2,44,head_1,degradation,0.97021484375,1.067277193069458,1613,CCAAGG,3.84765625,1166,ATGGCA,3.87109375,1166,ATGGCA,3.87109375,1613,CCAAGG,0.031078217551112175,1166,ATGGCA,1.8585680663818493e-05,1453,CAGAGG,0.21594621241092682,False,False,True,-0.00011926982551813126,
0,3,44,head_1,degradation,0.9775390625,0.8906237483024597,1613,CCAAGG,3.83984375,1166,ATGGCA,3.865234375,1166,ATGGCA,3.865234375,1613,CCAAGG,0.0304688923060894,1166,ATGGCA,1.86212346307002e-05,1453,CAGAGG,0.217007577419281,False,False,True,-0.00010687299072742462,
0,4,44,head_1,degradation,0.9775390625,0.9434241056442261,1613,CCAAGG,3.84375,1166,ATGGCA,3.869140625,1166,ATGGCA,3.869140625,1613,CCAAGG,0.0306509081274271,1166,ATGGCA,1.8503284081816673e-05,1453,CAGAGG,0.21692924201488495,False,False,True,-0.0002705911174416542,
0,5,44,head_1,degradation,0.97021484375,0.9693496227264404,1613,CCAAGG,3.845703125,1166,ATGGCA,3.869140625,1166,ATGGCA,3.869140625,1613,CCAAGG,0.030740253627300262,1166,ATGGCA,1.8419877960695885e-05,1453,CAGAGG,0.21760807931423187,False,False,True,-0.00019792839884757996,
0,6,44,head_1,degradation,0.9775390625,0.9490161538124084,1613,CCAAGG,3.83984375,1166,ATGGCA,3.865234375,1166,ATGGCA,3.865234375,1613,CCAAGG,0.030669856816530228,1166,ATGGCA,1.8162065316573717e-05,1453,CAGAGG,0.21780653297901154,False,False,True,-0.00026740506291389465,
0,7,44,head_1,degradation,0.962890625,0.8889778852462769,1613,CCAAGG,3.8359375,1166,ATGGCA,3.857421875,1166,ATGGCA,3.857421875,1613,CCAAGG,0.03046286106109619,1166,ATGGCA,1.8267115592607297e-05,1453,CAGAGG,0.21648840606212616,False,False,True,-0.00026357732713222504,
0,8,44,head_1,degradation,0.9482421875,1.0582557916641235,1613,CCAAGG,3.83984375,1166,ATGGCA,3.857421875,1166,ATGGCA,3.857421875,1613,CCAAGG,0.031046560034155846,1166,ATGGCA,1.8046666809823364e-05,1453,CAGAGG,0.21730871498584747,False,False,True,-0.0004439903423190117,
0,9,44,head_1,degradation,0.9482421875,1.078143835067749,1613,CCAAGG,3.837890625,1166,ATGGCA,3.85546875,1166,ATGGCA,3.85546875,1613,CCAAGG,0.031115375459194183,1166,ATGGCA,1.8259584976476617e-05,1453,CAGAGG,0.21668986976146698,False,False,True,-0.0006284927949309349,
0,10,44,head_1,degradation,0.962890625,1.0067967176437378,1613,CCAAGG,3.84375,1166,ATGGCA,3.865234375,1166,ATGGCA,3.865234375,1613,CCAAGG,0.03086947463452816,1166,ATGGCA,1.8468233974999748e-05,1453,CAGAGG,0.21615496277809143,False,False,True,-0.00020289327949285507,
0,11,44,head_1,degradation,0.9775390625,0.9899828433990479,1613,CCAAGG,3.83984375,1166,ATGGCA,3.865234375,1166,ATGGCA,3.865234375,1613,CCAAGG,0.030811423435807228,1166,ATGGCA,1.8415819795336574e-05,1453,CAGAGG,0.2178657203912735,False,False,True,-0.00016437843441963196,
0,12,44,head_1,degradation,0.9853515625,0.8489885330200195,1613,CCAAGG,3.83984375,1166,ATGGCA,3.8671875,1166,ATGGCA,3.8671875,1613,CCAAGG,0.030325375497341156,1166,ATGGCA,1.872391476354096e-05,1453,CAGAGG,0.2163086235523224,False,False,True,-0.0001593269407749176,
0,13,44,head_1,degradation,0.97021484375,1.0471564531326294,1613,CCAAGG,3.83984375,1166,ATGGCA,3.86328125,1166,ATGGCA,3.86328125,1613,CCAAGG,0.031008463352918625,1166,ATGGCA,1.8237444237456657e-05,1453,CAGAGG,0.21857087314128876,False,False,True,-0.00037844106554985046,
0,14,44,head_1,degradation,0.9775390625,0.9261911511421204,1613,CCAAGG,3.84375,1166,ATGGCA,3.869140625,1166,ATGGCA,3.869140625,1613,CCAAGG,0.030591579154133797,1166,ATGGCA,1.8619066395331174e-05,1453,CAGAGG,0.21642017364501953,False,False,True,-6.133690476417542e-05,
0,15,44,head_1,degradation,0.962890625,1.0545520782470703,1613,CCAAGG,3.845703125,1166,ATGGCA,3.8671875,1166,ATGGCA,3.8671875,1613,CCAAGG,0.031034138053655624,1166,ATGGCA,1.8400380213279277e-05,1453,CAGAGG,0.21645085513591766,False,False,True,-0.000253983773291111,
0,16,44,head_1,degradation,0.97021484375,1.0653079748153687,1613,CCAAGG,3.845703125,1166,ATGGCA,3.869140625,1166,ATGGCA,3.869140625,1613,CCAAGG,0.03107101283967495,1166,ATGGCA,1.8173048374592327e-05,1453,CAGAGG,0.21932612359523773,False,False,True,-9.80691984295845e-05,
0,17,44,head_1,degradation,0.97021484375,1.2085777521133423,1613,CCAAGG,3.845703125,1166,ATGGCA,3.869140625,1166,ATGGCA,3.869140625,1613,CCAAGG,0.03156531974673271,1166,ATGGCA,1.827766391215846e-05,1453,CAGAGG,0.21783988177776337,False,False,True,-9.09930095076561e-05,
0,18,44,head_1,degradation,0.962890625,1.0079036951065063,1613,CCAAGG,3.845703125,1166,ATGGCA,3.8671875,1166,ATGGCA,3.8671875,1613,CCAAGG,0.030873173847794533,1166,ATGGCA,1.834971953940112e-05,1453,CAGAGG,0.21731530129909515,False,False,True,-0.00016431324183940887,
0,19,44,head_1,degradation,0.94091796875,1.1069382429122925,1613,CCAAGG,3.84375,1166,ATGGCA,3.859375,1166,ATGGCA,3.859375,1613,CCAAGG,0.031214457005262375,1166,ATGGCA,1.801599864847958e-05,1453,CAGAGG,0.21858729422092438,False,False,True,-0.0003699520602822304,
0,20,44,head_1,degradation,0.9482421875,1.003521203994751,1613,CCAAGG,3.83984375,1166,ATGGCA,3.857421875,1166,ATGGCA,3.857421875,1613,CCAAGG,0.030857916921377182,1166,ATGGCA,1.8208827896160074e-05,1453,CAGAGG,0.217390239238739,False,False,True,-0.0002997135743498802,
0,21,44,head_1,degradation,0.9482421875,0.8998087644577026,1613,CCAAGG,3.837890625,1166,ATGGCA,3.85546875,1166,ATGGCA,3.85546875,1613,CCAAGG,0.030500154942274094,1166,ATGGCA,1.8200707927462645e-05,1453,CAGAGG,0.21778783202171326,False,False,True,-0.0001937486231327057,
0,22,44,head_1,degradation,0.97021484375,0.8093939423561096,1613,CCAAGG,3.83984375,1166,ATGGCA,3.86328125,1166,ATGGCA,3.86328125,1613,CCAAGG,0.030188528820872307,1166,ATGGCA,1.8456172256264836e-05,1453,CAGAGG,0.21721023321151733,False,False,True,-0.00010399613529443741,
0,23,44,head_1,degradation,0.9775390625,1.0118995904922485,1613,CCAAGG,3.84375,1166,ATGGCA,3.869140625,1166,ATGGCA,3.869140625,1613,CCAAGG,0.030886955559253693,1166,ATGGCA,1.8346710930927657e-05,1453,CAGAGG,0.21679943799972534,False,False,True,-0.00011066626757383347,
0,24,44,head_1,degradation,0.962890625,0.9826909303665161,1613,CCAAGG,3.837890625,1166,ATGGCA,3.859375,1166,ATGGCA,3.859375,1613,CCAAGG,0.030786074697971344,1166,ATGGCA,1.8220842321170494e-05,1453,CAGAGG,0.2167121171951294,False,False,True,-0.00029614660888910294,
0,25,44,head_1,degradation,0.962890625,1.0476516485214233,1613,CCAAGG,3.84375,1166,ATGGCA,3.865234375,1166,ATGGCA,3.865234375,1613,CCAAGG,0.03101012483239174,1166,ATGGCA,1.8190641640103422e-05,1453,CAGAGG,0.21740172803401947,False,False,True,-0.00043726619333028793,
0,26,44,head_1,degradation,0.94091796875,1.122562050819397,1613,CCAAGG,3.84375,1166,ATGGCA,3.859375,1166,ATGGCA,3.859375,1613,CCAAGG,0.031268514692783356,1166,ATGGCA,1.8179771359427832e-05,1453,CAGAGG,0.21676181256771088,False,False,True,-0.0003786766901612282,
0,27,44,head_1,degradation,0.9775390625,1.034194827079773,1613,CCAAGG,3.845703125,1166,ATGGCA,3.87109375,1166,ATGGCA,3.87109375,1613,CCAAGG,0.030964095145463943,1166,ATGGCA,1.858026735135354e-05,1453,CAGAGG,0.21656955778598785,False,False,True,-7.361266762018204e-05,
0,28,44,head_1,degradation,0.99267578125,0.920753538608551,1613,CCAAGG,3.837890625,1166,ATGGCA,3.8671875,1166,ATGGCA,3.8671875,1613,CCAAGG,0.030572950839996338,1166,ATGGCA,1.87470195669448e-05,1453,CAGAGG,0.2164534479379654,False,False,True,-7.699243724346161e-05,
0,29,44,head_1,degradation,0.9775390625,0.9519233703613281,1613,CCAAGG,3.837890625,1166,ATGGCA,3.86328125,1166,ATGGCA,3.86328125,1613,CCAAGG,0.03068036586046219,1166,ATGGCA,1.8643768271431327e-05,1453,CAGAGG,0.21539536118507385,False,False,True,-0.00011669378727674484,
0,30,44,head_1,degradation,0.97021484375,1.0762701034545898,1613,CCAAGG,3.845703125,1166,ATGGCA,3.869140625,1166,ATGGCA,3.869140625,1613,CCAAGG,0.031109225004911423,1166,ATGGCA,1.857331153587438e-05,1453,CAGAGG,0.21715673804283142,False,False,True,-1.7100945115089417e-05,
0,31,44,head_1,degradation,0.97021484375,0.9571471810340881,1613,CCAAGG,3.83984375,1166,ATGGCA,3.86328125,1166,ATGGCA,3.86328125,1613,CCAAGG,0.030698152258992195,1166,ATGGCA,1.8409537005936727e-05,1453,CAGAGG,0.21644961833953857,False,False,True,-7.145479321479797e-05,
1,0,44,head_1,degradation,0.9775390625,0.8811573386192322,1613,CCAAGG,3.837890625,1166,ATGGCA,3.86328125,1166,ATGGCA,3.86328125,1613,CCAAGG,0.03043624386191368,1166,ATGGCA,1.862598946900107e-05,1453,CAGAGG,0.21710608899593353,False,False,True,-0.0002363240346312523,
1,1,44,head_1,degradation,0.9775390625,0.8769087791442871,1613,CCAAGG,3.84375,1166,ATGGCA,3.869140625,1166,ATGGCA,3.869140625,1613,CCAAGG,0.030421487987041473,1166,ATGGCA,1.8526614439906552e-05,1453,CAGAGG,0.2186894416809082,False,False,True,-1.5976838767528534e-05,
1,2,44,head_1,degradation,0.97021484375,0.8659018278121948,1613,CCAAGG,3.8359375,1166,ATGGCA,3.859375,1166,ATGGCA,3.859375,1613,CCAAGG,0.03038354031741619,1166,ATGGCA,1.8546175851952285e-05,1453,CAGAGG,0.21517153084278107,False,False,True,-0.00015371199697256088,
1,3,44,head_1,degradation,0.9853515625,0.9374486804008484,1613,CCAAGG,3.837890625,1166,ATGGCA,3.865234375,1166,ATGGCA,3.865234375,1613,CCAAGG,0.03063049539923668,1166,ATGGCA,1.8703110981732607e-05,1453,CAGAGG,0.21652691066265106,False,False,True,-8.572451770305634e-05,
1,4,44,head_1,degradation,0.97021484375,1.0783284902572632,1613,CCAAGG,3.84765625,1166,ATGGCA,3.87109375,1166,ATGGCA,3.87109375,1613,CCAAGG,0.031116407364606857,1166,ATGGCA,1.865396734501701e-05,1453,CAGAGG,0.21576334536075592,False,False,True,8.864328265190125e-06,
1,5,44,head_1,degradation,0.9853515625,0.9095035791397095,1613,CCAAGG,3.83984375,1166,ATGGCA,3.8671875,1166,ATGGCA,3.8671875,1613,CCAAGG,0.030533934012055397,1166,ATGGCA,1.8537579308031127e-05,1453,CAGAGG,0.21623000502586365,False,False,True,-6.862357258796692e-05,
1,6,44,head_1,degradation,0.9775390625,1.0282976627349854,1613,CCAAGG,3.837890625,1166,ATGGCA,3.86328125,1166,ATGGCA,3.86328125,1613,CCAAGG,0.030943607911467552,1166,ATGGCA,1.8434799130773172e-05,1453,CAGAGG,0.21579968929290771,False,False,True,-0.0003705611452460289,
1,7,44,head_1,degradation,0.962890625,0.89693284034729,1613,CCAAGG,3.84375,1166,ATGGCA,3.865234375,1166,ATGGCA,3.865234375,1613,CCAAGG,0.03049059771001339,1166,ATGGCA,1.856273229350336e-05,1453,CAGAGG,0.21694689989089966,False,False,True,-2.3927539587020874e-05,
1,8,44,head_1,degradation,0.962890625,0.9444926977157593,1613,CCAAGG,3.84375,1166,ATGGCA,3.865234375,1166,ATGGCA,3.865234375,1613,CCAAGG,0.0306544192135334,1166,ATGGCA,1.8329017620999366e-05,1453,CAGAGG,0.21804599463939667,False,False,True,-0.00011104065924882889,
1,9,44,head_1,degradation,1.0,0.9122321009635925,1613,CCAAGG,3.83984375,1166,ATGGCA,3.87109375,1166,ATGGCA,3.87109375,1613,CCAAGG,0.030543304979801178,1166,ATGGCA,1.849553154897876e-05,1453,CAGAGG,0.21726886928081512,False,False,True,4.652980715036392e-05,
1,10,44,head_1,degradation,0.962890625,1.1128623485565186,1613,CCAAGG,3.84765625,1166,ATGGCA,3.869140625,1166,ATGGCA,3.869140625,1613,CCAAGG,0.031235311180353165,1166,ATGGCA,1.8434773664921522e-05,1453,CAGAGG,0.2175450325012207,False,False,True,-0.00023641437292099,
1,11,44,head_1,degradation,0.93310546875,1.1631578207015991,1613,CCAAGG,3.845703125,1166,ATGGCA,3.859375,1166,ATGGCA,3.859375,1613,CCAAGG,0.031408604234457016,1166,ATGGCA,1.823557249736041e-05,1453,CAGAGG,0.21814531087875366,False,False,True,-0.0005887849256396294,
1,12,44,head_1,degradation,0.94091796875,1.2027307748794556,1613,CCAAGG,3.84375,1166,ATGGCA,3.859375,1166,ATGGCA,3.859375,1613,CCAAGG,0.03154488652944565,1166,ATGGCA,1.8011902284342796e-05,1453,CAGAGG,0.21798475086688995,False,False,True,-0.0005828710272908211,
1,13,44,head_1,degradation,0.9482421875,1.2481658458709717,1613,CCAAGG,3.849609375,1166,ATGGCA,3.8671875,1166,ATGGCA,3.8671875,1613,CCAAGG,0.031701721251010895,1166,ATGGCA,1.8119633750757203e-05,1453,CAGAGG,0.21843431890010834,False,False,True,-0.00017311982810497284,
1,14,44,head_1,degradation,0.95556640625,1.168403148651123,1613,CCAAGG,3.84765625,1166,ATGGCA,3.8671875,1166,ATGGCA,3.8671875,1613,CCAAGG,0.03142666071653366,1166,ATGGCA,1.8199641999672167e-05,1453,CAGAGG,0.21761228144168854,False,False,True,-0.00015846733003854752,
1,15,44,head_1,degradation,0.95556640625,1.1411341428756714,1613,CCAAGG,3.849609375,1166,ATGGCA,3.869140625,1166,ATGGCA,3.869140625,1613,CCAAGG,0.03133266046643257,1166,ATGGCA,1.8263219317304902e-05,1453,CAGAGG,0.21753151714801788,False,False,True,1.0112300515174866e-05,
1,16,44,head_1,degradation,0.93310546875,1.1211645603179932,1613,CCAAGG,3.84375,1166,ATGGCA,3.857421875,1166,ATGGCA,3.857421875,1613,CCAAGG,0.031263530254364014,1166,ATGGCA,1.801625512598548e-05,1453,CAGAGG,0.21746596693992615,False,False,True,-0.0004054820165038109,
1,17,44,head_1,degradation,0.9111328125,1.028690218925476,1613,CCAAGG,3.84375,1166,ATGGCA,3.8515625,1166,ATGGCA,3.8515625,1613,CCAAGG,0.030944382771849632,1166,ATGGCA,1.785612039384432e-05,1453,CAGAGG,0.21825900673866272,False,False,True,-0.0007010893896222115,
1,18,44,head_1,degradation,0.95556640625,1.0390838384628296,1613,CCAAGG,3.837890625,1166,ATGGCA,3.857421875,1166,ATGGCA,3.857421875,1613,CCAAGG,0.030980590730905533,1166,ATGGCA,1.8211336282547563e-05,1453,CAGAGG,0.2174135446548462,False,False,True,-0.00043328478932380676,
1,19,44,head_1,degradation,0.9775390625,0.9803609251976013,1613,CCAAGG,3.83984375,1166,ATGGCA,3.865234375,1166,ATGGCA,3.865234375,1613,CCAAGG,0.03077824041247368,1166,ATGGCA,1.842351230152417e-05,1453,CAGAGG,0.21769088506698608,False,False,True,-0.000311240553855896,
1,20,44,head_1,degradation,0.9775390625,0.9616284370422363,1613,CCAAGG,3.84375,1166,ATGGCA,3.869140625,1166,ATGGCA,3.869140625,1613,CCAAGG,0.03071385622024536,1166,ATGGCA,1.8655569874681532e-05,1453,CAGAGG,0.2163093388080597,False,False,True,-3.261491656303406e-05,
1,21,44,head_1,degradation,0.9775390625,0.9554294943809509,1613,CCAAGG,3.83984375,1166,ATGGCA,3.865234375,1166,ATGGCA,3.865234375,1613,CCAAGG,0.030692387372255325,1166,ATGGCA,1.857017559814267e-05,1453,CAGAGG,0.2161911129951477,False,False,True,-0.00013201404362916946,
1,22,44,head_1,degradation,0.9775390625,0.8966968655586243,1613,CCAAGG,3.83984375,1166,ATGGCA,3.865234375,1166,ATGGCA,3.865234375,1613,CCAAGG,0.030489856377243996,1166,ATGGCA,1.8636314052855596e-05,1453,CAGAGG,0.2164357453584671,False,False,True,5.1394104957580566e-05,
1,23,44,head_1,degradation,0.9482421875,1.0043976306915283,1613,CCAAGG,3.83984375,1166,ATGGCA,3.857421875,1166,ATGGCA,3.857421875,1613,CCAAGG,0.030860980972647667,1166,ATGGCA,1.8249560525873676e-05,1453,CAGAGG,0.21643871068954468,False,False,True,-0.0002778284251689911,
1,24,44,head_1,degradation,0.99267578125,0.868878185749054,1613,CCAAGG,3.837890625,1166,ATGGCA,3.8671875,1166,ATGGCA,3.8671875,1613,CCAAGG,0.030393991619348526,1166,ATGGCA,1.8730235751718283e-05,1453,CAGAGG,0.2153276950120926,False,False,True,-8.225720375776291e-05,
1,25,44,head_1,degradation,1.0,0.863699734210968,1613,CCAAGG,3.83984375,1166,ATGGCA,3.87109375,1166,ATGGCA,3.87109375,1613,CCAAGG,0.030376125127077103,1166,ATGGCA,1.8726652342593297e-05,1453,CAGAGG,0.216419517993927,False,False,True,-0.0001114383339881897,
1,26,44,head_1,degradation,0.9853515625,0.9130464196205139,1613,CCAAGG,3.837890625,1166,ATGGCA,3.865234375,1166,ATGGCA,3.865234375,1613,CCAAGG,0.030546415597200394,1166,ATGGCA,1.8797434677253477e-05,1453,CAGAGG,0.21492338180541992,False,False,True,2.5369226932525635e-06,
1,27,44,head_1,degradation,0.962890625,0.9030194878578186,1613,CCAAGG,3.837890625,1166,ATGGCA,3.859375,1166,ATGGCA,3.859375,1613,CCAAGG,0.030511317774653435,1166,ATGGCA,1.8287790226168e-05,1453,CAGAGG,0.21784093976020813,False,False,True,-0.00012518465518951416,
1,28,44,head_1,degradation,0.97021484375,0.9220883846282959,1613,CCAAGG,3.84375,1166,ATGGCA,3.8671875,1166,ATGGCA,3.8671875,1613,CCAAGG,0.030577391386032104,1166,ATGGCA,1.858405812527053e-05,1453,CAGAGG,0.2171233743429184,False,False,True,-0.00012278836220502853,
1,29,44,head_1,degradation,0.97021484375,1.0456888675689697,1613,CCAAGG,3.84375,1166,ATGGCA,3.8671875,1166,ATGGCA,3.8671875,1613,CCAAGG,0.031003449112176895,1166,ATGGCA,1.828629319788888e-05,1453,CAGAGG,0.2167455554008484,False,False,True,-0.0002557775005698204,
1,30,44,head_1,degradation,0.9775390625,0.9325715899467468,1613,CCAAGG,3.84375,1166,ATGGCA,3.869140625,1166,ATGGCA,3.869140625,1613,CCAAGG,0.030613642185926437,1166,ATGGCA,1.867316495918203e-05,1453,CAGAGG,0.21683748066425323,False,False,True,-2.3245811462402344e-06,
1,31,44,head_1,degradation,0.9853515625,0.8634632229804993,1613,CCAAGG,3.84375,1166,ATGGCA,3.87109375,1166,ATGGCA,3.87109375,1613,CCAAGG,0.03037531115114689,1166,ATGGCA,1.8728153008851223e-05,1453,CAGAGG,0.216767355799675,False,False,True,5.786493420600891e-05,
2,0,44,head_1,degradation,0.95556640625,1.0414553880691528,1613,CCAAGG,3.845703125,1166,ATGGCA,3.865234375,1166,ATGGCA,3.865234375,1613,CCAAGG,0.030989060178399086,1166,ATGGCA,1.8500197256798856e-05,1453,CAGAGG,0.21645662188529968,False,False,True,-1.4007091522216797e-06,
2,1,44,head_1,degradation,0.9775390625,0.96268630027771,1613,CCAAGG,3.845703125,1166,ATGGCA,3.87109375,1166,ATGGCA,3.87109375,1613,CCAAGG,0.030717624351382256,1166,ATGGCA,1.8776032447931357e-05,1453,CAGAGG,0.21544970571994781,False,False,True,5.611032247543335e-05,
2,2,44,head_1,degradation,0.962890625,1.0422755479812622,1613,CCAAGG,3.84375,1166,ATGGCA,3.865234375,1166,ATGGCA,3.865234375,1613,CCAAGG,0.030991913750767708,1166,ATGGCA,1.8524769984651357e-05,1453,CAGAGG,0.2152249664068222,False,False,True,-0.00011624302715063095,
2,3,44,head_1,degradation,0.95556640625,0.9411507844924927,1613,CCAAGG,3.845703125,1166,ATGGCA,3.865234375,1166,ATGGCA,3.865234375,1613,CCAAGG,0.030643150210380554,1166,ATGGCA,1.8587119484436698e-05,1453,CAGAGG,0.21620361506938934,False,False,True,0.0001312466338276863,
2,4,44,head_1,degradation,0.962890625,0.9835570454597473,1613,CCAAGG,3.849609375,1166,ATGGCA,3.87109375,1166,ATGGCA,3.87109375,1613,CCAAGG,0.03078928217291832,1166,ATGGCA,1.8439675841364078e-05,1453,CAGAGG,0.21697956323623657,False,False,True,-0.00015271268784999847,
2,5,44,head_1,degradation,0.9775390625,1.0033835172653198,1613,CCAAGG,3.83984375,1166,ATGGCA,3.865234375,1166,ATGGCA,3.865234375,1613,CCAAGG,0.030857626348733902,1166,ATGGCA,1.8394541257293895e-05,1453,CAGAGG,0.2171494960784912,False,False,True,-0.00022226572036743164,
2,6,44,head_1,degradation,0.97021484375,0.9956650137901306,1613,CCAAGG,3.845703125,1166,ATGGCA,3.869140625,1166,ATGGCA,3.869140625,1613,CCAAGG,0.030830996111035347,1166,ATGGCA,1.8388211174169555e-05,1453,CAGAGG,0.2179708629846573,False,False,True,-0.00019457470625638962,
2,7,44,head_1,degradation,0.97021484375,0.9519806504249573,1613,CCAAGG,3.845703125,1166,ATGGCA,3.869140625,1166,ATGGCA,3.869140625,1613,CCAAGG,0.030680619180202484,1166,ATGGCA,1.8699163774726912e-05,1453,CAGAGG,0.21605879068374634,False,False,True,4.9901194870471954e-05,
2,8,44,head_1,degradation,0.962890625,0.9921999573707581,1613,CCAAGG,3.845703125,1166,ATGGCA,3.8671875,1166,ATGGCA,3.8671875,1613,CCAAGG,0.030819108709692955,1166,ATGGCA,1.8453027223586105e-05,1453,CAGAGG,0.21724942326545715,False,False,True,-0.0001141764223575592,
2,9,44,head_1,degradation,0.9775390625,0.9430245161056519,1613,CCAAGG,3.845703125,1166,ATGGCA,3.87109375,1166,ATGGCA,3.87109375,1613,CCAAGG,0.030649717897176743,1166,ATGGCA,1.869116567831952e-05,1453,CAGAGG,0.21556797623634338,False,False,True,3.315135836601257e-05,
2,10,44,head_1,degradation,0.9775390625,0.9172647595405579,1613,CCAAGG,3.845703125,1166,ATGGCA,3.87109375,1166,ATGGCA,3.87109375,1613,CCAAGG,0.030560815706849098,1166,ATGGCA,1.864664773165714e-05,1453,CAGAGG,0.21661530435085297,False,False,True,0.00010895449668169022,
2,11,44,head_1,degradation,0.97021484375,0.9485852122306824,1613,CCAAGG,3.84765625,1166,ATGGCA,3.87109375,1166,ATGGCA,3.87109375,1613,CCAAGG,0.0306689515709877,1166,ATGGCA,1.8743150576483458e-05,1453,CAGAGG,0.2162965089082718,False,False,True,7.018726319074631e-05,
2,12,44,head_1,degradation,0.99267578125,0.8326935172080994,1613,CCAAGG,3.845703125,1166,ATGGCA,3.875,1166,ATGGCA,3.875,1613,CCAAGG,0.030269406735897064,1166,ATGGCA,1.8963570255436935e-05,1453,CAGAGG,0.21495284140110016,False,False,True,0.00028969254344701767,
2,13,44,head_1,degradation,0.9853515625,0.9068069458007812,1613,CCAAGG,3.84375,1166,ATGGCA,3.87109375,1166,ATGGCA,3.87109375,1613,CCAAGG,0.03052477538585663,1166,ATGGCA,1.8680426364880987e-05,1453,CAGAGG,0.21626414358615875,False,False,True,-0.00011399108916521072,
2,14,44,head_1,degradation,0.9775390625,1.0094350576400757,1613,CCAAGG,3.84375,1166,ATGGCA,3.869140625,1166,ATGGCA,3.869140625,1613,CCAAGG,0.030878642573952675,1166,ATGGCA,1.8535234630689956e-05,1453,CAGAGG,0.21723441779613495,False,False,True,-4.044175148010254e-05,
2,15,44,head_1,degradation,0.9482421875,1.1135929822921753,1613,CCAAGG,3.83984375,1166,ATGGCA,3.857421875,1166,ATGGCA,3.857421875,1613,CCAAGG,0.031237637624144554,1166,ATGGCA,1.8240383724332787e-05,1453,CAGAGG,0.21603292226791382,False,False,True,-0.0003013079985976219,
2,16,44,head_1,degradation,0.95556640625,1.2539759874343872,1613,CCAAGG,3.84765625,1166,ATGGCA,3.8671875,1166,ATGGCA,3.8671875,1613,CCAAGG,0.03172190114855766,1166,ATGGCA,1.8256576368003152e-05,1453,CAGAGG,0.2176349014043808,False,False,True,-0.00045887939631938934,
2,17,44,head_1,degradation,0.95556640625,1.2278214693069458,1613,CCAAGG,3.849609375,1166,ATGGCA,3.869140625,1166,ATGGCA,3.869140625,1613,CCAAGG,0.031631939113140106,1166,ATGGCA,1.8515906049287878e-05,1453,CAGAGG,0.2166438102722168,False,False,True,-8.648168295621872e-05,
2,18,44,head_1,degradation,0.97021484375,1.2079577445983887,1613,CCAAGG,3.84375,1166,ATGGCA,3.8671875,1166,ATGGCA,3.8671875,1613,CCAAGG,0.031563449651002884,1166,ATGGCA,1.8544715203461237e-05,1453,CAGAGG,0.21612854301929474,False,False,True,-0.00021175667643547058,
2,19,44,head_1,degradation,0.962890625,1.1063578128814697,1613,CCAAGG,3.845703125,1166,ATGGCA,3.8671875,1166,ATGGCA,3.8671875,1613,CCAAGG,0.031212851405143738,1166,ATGGCA,1.841310404415708e-05,1453,CAGAGG,0.21623075008392334,False,False,True,-1.6065314412117004e-05,
2,20,44,head_1,degradation,0.9853515625,1.019389033317566,1613,CCAAGG,3.83984375,1166,ATGGCA,3.8671875,1166,ATGGCA,3.8671875,1613,CCAAGG,0.03091304376721382,1166,ATGGCA,1.8600354451336898e-05,1453,CAGAGG,0.21595199406147003,False,False,True,-0.00016361381858587265,
2,21,44,head_1,degradation,1.0,0.8833404779434204,1613,CCAAGG,3.837890625,1166,ATGGCA,3.869140625,1166,ATGGCA,3.869140625,1613,CCAAGG,0.030443910509347916,1166,ATGGCA,1.8762697436613962e-05,1453,CAGAGG,0.21590523421764374,False,False,True,0.00011798553168773651,
2,22,44,head_1,degradation,0.9775390625,0.9439629912376404,1613,CCAAGG,3.845703125,1166,ATGGCA,3.87109375,1166,ATGGCA,3.87109375,1613,CCAAGG,0.030653091147542,1166,ATGGCA,1.8827982785296626e-05,1453,CAGAGG,0.21528270840644836,False,False,True,7.964298129081726e-05,
2,23,44,head_1,degradation,0.9775390625,0.9982429146766663,1613,CCAAGG,3.845703125,1166,ATGGCA,3.87109375,1166,ATGGCA,3.87109375,1613,CCAAGG,0.030839992687106133,1166,ATGGCA,1.8493143215891905e-05,1453,CAGAGG,0.21742647886276245,False,False,True,-0.00023875944316387177,
2,24,44,head_1,degradation,0.962890625,1.1091883182525635,1613,CCAAGG,3.84765625,1166,ATGGCA,3.869140625,1166,ATGGCA,3.869140625,1613,CCAAGG,0.031222717836499214,1166,ATGGCA,1.8514390831114724e-05,1453,CAGAGG,0.21631558239459991,False,False,True,-0.0001783045008778572,
2,25,44,head_1,degradation,0.9775390625,0.9599756002426147,1613,CCAAGG,3.84375,1166,ATGGCA,3.869140625,1166,ATGGCA,3.869140625,1613,CCAAGG,0.030708063393831253,1166,ATGGCA,1.8564647689345293e-05,1453,CAGAGG,0.2169792205095291,False,False,True,-0.00018319301307201385,
2,26,44,head_1,degradation,0.9775390625,1.0023322105407715,1613,CCAAGG,3.84375,1166,ATGGCA,3.869140625,1166,ATGGCA,3.869140625,1613,CCAAGG,0.03085407428443432,1166,ATGGCA,1.8467471818439662e-05,1453,CAGAGG,0.21660499274730682,False,False,True,-7.697194814682007e-05,
2,27,44,head_1,degradation,0.9775390625,0.9514417052268982,1613,CCAAGG,3.84375,1166,ATGGCA,3.869140625,1166,ATGGCA,3.869140625,1613,CCAAGG,0.030678706243634224,1166,ATGGCA,1.8645316231413744e-05,1453,CAGAGG,0.21568627655506134,False,False,True,3.552064299583435e-05,
2,28,44,head_1,degradation,0.95556640625,0.9883779883384705,1613,CCAAGG,3.845703125,1166,ATGGCA,3.865234375,1166,ATGGCA,3.865234375,1613,CCAAGG,0.030806051567196846,1166,ATGGCA,1.8580447431304492e-05,1453,CAGAGG,0.2166575938463211,False,False,True,-8.157733827829361e-05,
2,29,44,head_1,degradation,0.95556640625,1.0913257598876953,1613,CCAAGG,3.84375,1166,ATGGCA,3.86328125,1166,ATGGCA,3.86328125,1613,CCAAGG,0.03116106614470482,1166,ATGGCA,1.8478416677680798e-05,1453,CAGAGG,0.2162940353155136,False,False,True,-0.0002516442909836769,
2,30,44,head_1,degradation,0.9853515625,0.8962951302528381,1613,CCAAGG,3.84765625,1166,ATGGCA,3.875,1166,ATGGCA,3.875,1613,CCAAGG,0.030488617718219757,1166,ATGGCA,1.878335933724884e-05,1453,CAGAGG,0.21661527454853058,False,False,True,0.0003779875114560127,
2,31,44,head_1,degradation,1.0,0.8482168912887573,1613,CCAAGG,3.84375,1166,ATGGCA,3.875,1166,ATGGCA,3.875,1613,CCAAGG,0.030322764068841934,1166,ATGGCA,1.8773485862766393e-05,1453,CAGAGG,0.2165079563856125,False,False,True,0.000348161906003952,
3,0,44,head_1,degradation,0.99267578125,1.1103746891021729,1613,CCAAGG,3.845703125,1166,ATGGCA,3.875,1166,ATGGCA,3.875,1613,CCAAGG,0.03122704103589058,1166,ATGGCA,1.8745970010058954e-05,1453,CAGAGG,0.2154494822025299,False,False,True,-0.00014294032007455826,
3,1,44,head_1,degradation,0.97021484375,0.8897808194160461,1613,CCAAGG,3.84375,1166,ATGGCA,3.8671875,1166,ATGGCA,3.8671875,1613,CCAAGG,0.03046584688127041,1166,ATGGCA,1.84838554559974e-05,1453,CAGAGG,0.21728076040744781,False,False,True,2.0430423319339752e-05,
3,2,44,head_1,degradation,0.9775390625,1.0170153379440308,1613,CCAAGG,3.845703125,1166,ATGGCA,3.87109375,1166,ATGGCA,3.87109375,1613,CCAAGG,0.030904877930879593,1166,ATGGCA,1.8623259165906347e-05,1453,CAGAGG,0.21658456325531006,False,False,True,-1.4137476682662964e-06,
3,3,44,head_1,degradation,0.9775390625,1.00216805934906,1613,CCAAGG,3.84375,1166,ATGGCA,3.869140625,1166,ATGGCA,3.869140625,1613,CCAAGG,0.03085380047559738,1166,ATGGCA,1.8761114915832877e-05,1453,CAGAGG,0.21514712274074554,False,False,True,9.476114064455032e-05,
3,4,44,head_1,degradation,0.9775390625,0.9783197641372681,1613,CCAAGG,3.83984375,1166,ATGGCA,3.865234375,1166,ATGGCA,3.865234375,1613,CCAAGG,0.030771400779485703,1166,ATGGCA,1.862392309703864e-05,1453,CAGAGG,0.21678075194358826,False,False,True,0.00010567065328359604,
3,5,44,head_1,degradation,0.9775390625,0.9560866355895996,1613,CCAAGG,3.845703125,1166,ATGGCA,3.87109375,1166,ATGGCA,3.87109375,1613,CCAAGG,0.030694620683789253,1166,ATGGCA,1.8537572032073513e-05,1453,CAGAGG,0.21680814027786255,False,False,True,0.00019957683980464935,
3,6,44,head_1,degradation,0.9775390625,1.0094674825668335,1613,CCAAGG,3.84375,1166,ATGGCA,3.869140625,1166,ATGGCA,3.869140625,1613,CCAAGG,0.03087880276143551,1166,ATGGCA,1.858316500147339e-05,1453,CAGAGG,0.2165372371673584,False,False,True,-4.354212433099747e-05,
3,7,44,head_1,degradation,0.97021484375,0.9296227097511292,1613,CCAAGG,3.845703125,1166,ATGGCA,3.869140625,1166,ATGGCA,3.869140625,1613,CCAAGG,0.030603336170315742,1166,ATGGCA,1.8539778466220014e-05,1453,CAGAGG,0.21777896583080292,False,False,True,-0.00010690093040466309,
3,8,44,head_1,degradation,1.0146484375,0.9981721639633179,1613,CCAAGG,3.83984375,1166,ATGGCA,3.875,1166,ATGGCA,3.875,1613,CCAAGG,0.030839933082461357,1166,ATGGCA,1.867733953986317e-05,1453,CAGAGG,0.21669410169124603,False,False,True,-0.00014497153460979462,
3,9,44,head_1,degradation,0.9853515625,1.0368925333023071,1613,CCAAGG,3.83984375,1166,ATGGCA,3.8671875,1166,ATGGCA,3.8671875,1613,CCAAGG,0.03097318485379219,1166,ATGGCA,1.8363423805567436e-05,1453,CAGAGG,0.2178596407175064,False,False,True,-0.0001551322638988495,
3,10,44,head_1,degradation,0.97021484375,1.0452255010604858,1613,CCAAGG,3.84375,1166,ATGGCA,3.8671875,1166,ATGGCA,3.8671875,1613,CCAAGG,0.031001973897218704,1166,ATGGCA,1.8409094991511665e-05,1453,CAGAGG,0.21760676801204681,False,False,True,-0.00010056421160697937,
3,11,44,head_1,degradation,0.9775390625,1.0233055353164673,1613,CCAAGG,3.845703125,1166,ATGGCA,3.87109375,1166,ATGGCA,3.87109375,1613,CCAAGG,0.030926527455449104,1166,ATGGCA,1.857415736594703e-05,1453,CAGAGG,0.21705730259418488,False,False,True,-0.00034348852932453156,
3,12,44,head_1,degradation,0.962890625,1.0421098470687866,1613,CCAAGG,3.84375,1166,ATGGCA,3.865234375,1166,ATGGCA,3.865234375,1613,CCAAGG,0.030991148203611374,1166,ATGGCA,1.8330962120671757e-05,1453,CAGAGG,0.2164183408021927,False,False,True,-0.00035146158188581467,
3,13,44,head_1,degradation,0.896484375,1.2594178915023804,1613,CCAAGG,3.84375,1166,ATGGCA,3.84765625,1166,ATGGCA,3.84765625,1613,CCAAGG,0.03174035996198654,1166,ATGGCA,1.7943870261660777e-05,1453,CAGAGG,0.21741622686386108,False,False,True,-0.0005847755819559097,
3,14,44,head_1,degradation,0.75537109375,1.6924152374267578,1613,CCAAGG,3.83984375,1166,ATGGCA,3.806640625,1613,CCAAGG,3.83984375,1613,CCAAGG,0.0332324355840683,1166,ATGGCA,1.6409276213380508e-05,1453,CAGAGG,0.2199573963880539,True,False,True,-0.002120906487107277,
3,15,44,head_1,degradation,0.75537109375,1.5535355806350708,1613,CCAAGG,3.83984375,1166,ATGGCA,3.806640625,1613,CCAAGG,3.83984375,1613,CCAAGG,0.032753415405750275,1166,ATGGCA,1.6451236660941504e-05,1453,CAGAGG,0.22038564085960388,True,False,True,-0.001890367828309536,
3,16,44,head_1,degradation,0.7998046875,1.2861977815628052,1613,CCAAGG,3.83984375,1166,ATGGCA,3.818359375,1613,CCAAGG,3.83984375,1613,CCAAGG,0.0318317636847496,1166,ATGGCA,1.6971178411040455e-05,1453,CAGAGG,0.22012831270694733,True,False,True,-0.0018907999619841576,
3,17,44,head_1,degradation,0.962890625,0.8139405846595764,1613,CCAAGG,3.84375,1166,ATGGCA,3.865234375,1166,ATGGCA,3.865234375,1613,CCAAGG,0.030204370617866516,1166,ATGGCA,1.861457531049382e-05,1453,CAGAGG,0.21627554297447205,False,False,True,7.764250040054321e-05,
3,18,44,head_1,degradation,0.97021484375,0.9434942603111267,1613,CCAAGG,3.84375,1166,ATGGCA,3.8671875,1166,ATGGCA,3.8671875,1613,CCAAGG,0.03065103106200695,1166,ATGGCA,1.838381649577059e-05,1453,CAGAGG,0.21784229576587677,False,False,True,-2.5238841772079468e-05,
3,19,44,head_1,degradation,0.9853515625,0.9519196152687073,1613,CCAAGG,3.84375,1166,ATGGCA,3.87109375,1166,ATGGCA,3.87109375,1613,CCAAGG,0.030680328607559204,1166,ATGGCA,1.8618173271534033e-05,1453,CAGAGG,0.21646922826766968,False,False,True,0.00045623350888490677,
3,20,44,head_1,degradation,0.99267578125,1.029886245727539,1613,CCAAGG,3.845703125,1166,ATGGCA,3.875,1166,ATGGCA,3.875,1613,CCAAGG,0.03094932995736599,1166,ATGGCA,1.867706851044204e-05,1453,CAGAGG,0.21634738147258759,False,False,True,8.919276297092438e-06,
3,21,44,head_1,degradation,0.9775390625,1.0077768564224243,1613,CCAAGG,3.845703125,1166,ATGGCA,3.87109375,1166,ATGGCA,3.87109375,1613,CCAAGG,0.030873088166117668,1166,ATGGCA,1.8701683075050823e-05,1453,CAGAGG,0.21687078475952148,False,False,True,9.823590517044067e-06,
3,22,44,head_1,degradation,0.9853515625,0.8686859607696533,1613,CCAAGG,3.8359375,1166,ATGGCA,3.86328125,1166,ATGGCA,3.86328125,1613,CCAAGG,0.030392961576581,1166,ATGGCA,1.836416959122289e-05,1453,CAGAGG,0.2177654653787613,False,False,True,2.66125425696373e-05,
3,23,44,head_1,degradation,0.9775390625,0.9759557247161865,1613,CCAAGG,3.845703125,1166,ATGGCA,3.87109375,1166,ATGGCA,3.87109375,1613,CCAAGG,0.030763203278183937,1166,ATGGCA,1.8580953110358678e-05,1453,CAGAGG,0.21675607562065125,False,False,True,-7.32075423002243e-05,
3,24,44,head_1,degradation,1.0,0.9660800695419312,1613,CCAAGG,3.83984375,1166,ATGGCA,3.87109375,1166,ATGGCA,3.87109375,1613,CCAAGG,0.030729243531823158,1166,ATGGCA,1.868826620921027e-05,1453,CAGAGG,0.21660932898521423,False,False,True,3.5958364605903625e-06,
3,25,44,head_1,degradation,0.9853515625,0.9038175940513611,1613,CCAAGG,3.84375,1166,ATGGCA,3.87109375,1166,ATGGCA,3.87109375,1613,CCAAGG,0.030514515936374664,1166,ATGGCA,1.8733479009824805e-05,1453,CAGAGG,0.21621453762054443,False,False,True,0.0002983817830681801,
3,26,44,head_1,degradation,0.99267578125,0.875080406665802,1613,CCAAGG,3.845703125,1166,ATGGCA,3.875,1166,ATGGCA,3.875,1613,CCAAGG,0.03041546232998371,1166,ATGGCA,1.880673698906321e-05,1453,CAGAGG,0.21599002182483673,False,False,True,8.301157504320145e-05,
3,27,44,head_1,degradation,1.0146484375,0.9147462844848633,1613,CCAAGG,3.83984375,1166,ATGGCA,3.875,1166,ATGGCA,3.875,1613,CCAAGG,0.0305522121489048,1166,ATGGCA,1.8731452655629255e-05,1453,CAGAGG,0.21625052392482758,False,False,True,-3.727339208126068e-05,
3,28,44,head_1,degradation,0.9775390625,1.0559333562850952,1613,CCAAGG,3.845703125,1166,ATGGCA,3.87109375,1166,ATGGCA,3.87109375,1613,CCAAGG,0.03103903867304325,1166,ATGGCA,1.8536520656198263e-05,1453,CAGAGG,0.2176675647497177,False,False,True,3.2978132367134094e-05,
3,29,44,head_1,degradation,0.9853515625,0.8766204118728638,1613,CCAAGG,3.84375,1166,ATGGCA,3.87109375,1166,ATGGCA,3.87109375,1613,CCAAGG,0.030420588329434395,1166,ATGGCA,1.8620956325321458e-05,1453,CAGAGG,0.21640583872795105,False,False,True,0.00022911746054887772,
3,30,44,head_1,degradation,0.9775390625,1.0788134336471558,1613,CCAAGG,3.84375,1166,ATGGCA,3.869140625,1166,ATGGCA,3.869140625,1613,CCAAGG,0.031118083745241165,1166,ATGGCA,1.8658101907931268e-05,1453,CAGAGG,0.21645759046077728,False,False,True,0.00013876892626285553,
3,31,44,head_1,degradation,0.99267578125,0.8576703667640686,1613,CCAAGG,3.83984375,1166,ATGGCA,3.869140625,1166,ATGGCA,3.869140625,1613,CCAAGG,0.030355127528309822,1166,ATGGCA,1.852771129051689e-05,1453,CAGAGG,0.21778994798660278,False,False,True,9.333062916994095e-05,
4,0,44,head_1,degradation,0.962890625,1.1358002424240112,1613,CCAAGG,3.845703125,1166,ATGGCA,3.8671875,1166,ATGGCA,3.8671875,1613,CCAAGG,0.03131447732448578,1166,ATGGCA,1.8478373021935113e-05,1453,CAGAGG,0.21651805937290192,False,False,True,-7.767230272293091e-07,
4,1,44,head_1,degradation,0.9775390625,1.0107817649841309,1613,CCAAGG,3.845703125,1166,ATGGCA,3.87109375,1166,ATGGCA,3.87109375,1613,CCAAGG,0.030883269384503365,1166,ATGGCA,1.8515689589548856e-05,1453,CAGAGG,0.21642981469631195,False,False,True,2.856925129890442e-05,
4,2,44,head_1,degradation,0.95556640625,1.054709792137146,1613,CCAAGG,3.845703125,1166,ATGGCA,3.865234375,1166,ATGGCA,3.865234375,1613,CCAAGG,0.03103470802307129,1166,ATGGCA,1.8426555470796302e-05,1453,CAGAGG,0.2172456681728363,False,False,True,-5.451217293739319e-05,
4,3,44,head_1,degradation,0.9775390625,0.8854026794433594,1613,CCAAGG,3.83984375,1166,ATGGCA,3.865234375,1166,ATGGCA,3.865234375,1613,CCAAGG,0.030450841411948204,1166,ATGGCA,1.8579299648990855e-05,1453,CAGAGG,0.21735942363739014,False,False,True,-0.00018915720283985138,
4,4,44,head_1,degradation,0.95556640625,1.0143499374389648,1613,CCAAGG,3.84375,1166,ATGGCA,3.86328125,1166,ATGGCA,3.86328125,1613,CCAAGG,0.030895402655005455,1166,ATGGCA,1.8341652321396396e-05,1453,CAGAGG,0.2175547331571579,False,False,True,-8.972454816102982e-05,
4,5,44,head_1,degradation,0.962890625,1.079649806022644,1613,CCAAGG,3.845703125,1166,ATGGCA,3.8671875,1166,ATGGCA,3.8671875,1613,CCAAGG,0.03112059086561203,1166,ATGGCA,1.828047970775515e-05,1453,CAGAGG,0.2181628793478012,False,False,True,-0.0001981593668460846,
4,6,44,head_1,degradation,0.9853515625,0.9822249412536621,1613,CCAAGG,3.83984375,1166,ATGGCA,3.8671875,1166,ATGGCA,3.8671875,1613,CCAAGG,0.030784813687205315,1166,ATGGCA,1.856679591583088e-05,1453,CAGAGG,0.21662388741970062,False,False,True,-0.00010095909237861633,
4,7,44,head_1,degradation,0.962890625,1.074299693107605,1613,CCAAGG,3.84375,1166,ATGGCA,3.865234375,1166,ATGGCA,3.865234375,1613,CCAAGG,0.03110234998166561,1166,ATGGCA,1.849403270171024e-05,1453,CAGAGG,0.21678432822227478,False,False,True,-0.0001791408285498619,
4,8,44,head_1,degradation,0.97021484375,1.104225993156433,1613,CCAAGG,3.845703125,1166,ATGGCA,3.869140625,1166,ATGGCA,3.869140625,1613,CCAAGG,0.031205562874674797,1166,ATGGCA,1.847743260441348e-05,1453,CAGAGG,0.2177029550075531,False,False,True,1.4591030776500702e-05,
4,9,44,head_1,degradation,0.962890625,1.040615200996399,1613,CCAAGG,3.84375,1166,ATGGCA,3.865234375,1166,ATGGCA,3.865234375,1613,CCAAGG,0.030985942110419273,1166,ATGGCA,1.8279317373526283e-05,1453,CAGAGG,0.21768680214881897,False,False,True,-0.00020766165107488632,
4,10,44,head_1,degradation,0.95556640625,1.1236613988876343,1613,CCAAGG,3.84765625,1166,ATGGCA,3.8671875,1166,ATGGCA,3.8671875,1613,CCAAGG,0.03127271309494972,1166,ATGGCA,1.8584789359010756e-05,1453,CAGAGG,0.21710538864135742,False,False,True,-0.0001376662403345108,
4,11,44,head_1,degradation,0.9853515625,0.8919191360473633,1613,CCAAGG,3.83984375,1166,ATGGCA,3.8671875,1166,ATGGCA,3.8671875,1613,CCAAGG,0.0304731298238039,1166,ATGGCA,1.8389009710517712e-05,1453,CAGAGG,0.2189103215932846,False,False,True,-9.138789027929306e-05,
4,12,44,head_1,degradation,0.9853515625,0.9587854743003845,1613,CCAAGG,3.84375,1166,ATGGCA,3.87109375,1166,ATGGCA,3.87109375,1613,CCAAGG,0.03070412389934063,1166,ATGGCA,1.873032670118846e-05,1453,CAGAGG,0.21636952459812164,False,False,True,1.062825322151184e-05,
4,13,44,head_1,degradation,0.97021484375,0.9184462428092957,1613,CCAAGG,3.845703125,1166,ATGGCA,3.869140625,1166,ATGGCA,3.869140625,1613,CCAAGG,0.030564850196242332,1166,ATGGCA,1.8605358491186053e-05,1453,CAGAGG,0.21751172840595245,False,False,True,-1.4173798263072968e-05,
4,14,44,head_1,degradation,0.90380859375,1.0812530517578125,1613,CCAAGG,3.83984375,1166,ATGGCA,3.845703125,1166,ATGGCA,3.845703125,1613,CCAAGG,0.0311255045235157,1166,ATGGCA,1.7664218830759637e-05,1453,CAGAGG,0.21853384375572205,False,False,True,-0.00122852623462677,
4,15,44,head_1,degradation,0.86669921875,1.2372797727584839,1613,CCAAGG,3.84375,1166,ATGGCA,3.83984375,1613,CCAAGG,3.84375,1613,CCAAGG,0.03166334703564644,1166,ATGGCA,1.7297352314926684e-05,1453,CAGAGG,0.22031763195991516,True,False,True,-0.0013180691748857498,
4,16,44,head_1,degradation,0.82958984375,1.2199269533157349,1613,CCAAGG,3.84375,1166,ATGGCA,3.830078125,1613,CCAAGG,3.84375,1613,CCAAGG,0.03160329535603523,1166,ATGGCA,1.71031424542889e-05,1453,CAGAGG,0.22012805938720703,True,False,True,-0.0014874180778861046,
4,17,44,head_1,degradation,0.92578125,0.9576190710067749,1613,CCAAGG,3.83984375,1166,ATGGCA,3.8515625,1166,ATGGCA,3.8515625,1613,CCAAGG,0.030699199065566063,1166,ATGGCA,1.7829092030297033e-05,1453,CAGAGG,0.22113075852394104,False,False,True,-0.00042473897337913513,
4,18,44,head_1,degradation,0.94091796875,0.9245442152023315,1613,CCAAGG,3.84375,1166,ATGGCA,3.859375,1166,ATGGCA,3.859375,1613,CCAAGG,0.03058549202978611,1166,ATGGCA,1.8213511793874204e-05,1453,CAGAGG,0.2177150845527649,False,False,True,-0.00023897551000118256,
4,19,44,head_1,degradation,0.97021484375,0.96451735496521,1613,CCAAGG,3.84375,1166,ATGGCA,3.8671875,1166,ATGGCA,3.8671875,1613,CCAAGG,0.030723407864570618,1166,ATGGCA,1.8242102669319138e-05,1453,CAGAGG,0.21757511794567108,False,False,True,-0.00024305563420057297,
4,20,44,head_1,degradation,1.0,1.0120210647583008,1613,CCAAGG,3.84375,1166,ATGGCA,3.875,1166,ATGGCA,3.875,1613,CCAAGG,0.030887609347701073,1166,ATGGCA,1.858109317254275e-05,1453,CAGAGG,0.21643051505088806,False,False,True,1.744180917739868e-05,
4,21,44,head_1,degradation,0.9775390625,0.9405643343925476,1613,CCAAGG,3.845703125,1166,ATGGCA,3.87109375,1166,ATGGCA,3.87109375,1613,CCAAGG,0.030641239136457443,1166,ATGGCA,1.869882908067666e-05,1453,CAGAGG,0.21639475226402283,False,False,True,1.9851140677928925e-05,
4,22,44,head_1,degradation,0.99267578125,0.9381322860717773,1613,CCAAGG,3.83984375,1166,ATGGCA,3.869140625,1166,ATGGCA,3.869140625,1613,CCAAGG,0.030632829293608665,1166,ATGGCA,1.8678025298868306e-05,1453,CAGAGG,0.21665577590465546,False,False,True,-0.00012455135583877563,
4,23,44,head_1,degradation,0.962890625,1.018839955329895,1613,CCAAGG,3.84375,1166,ATGGCA,3.865234375,1166,ATGGCA,3.865234375,1613,CCAAGG,0.03091091476380825,1166,ATGGCA,1.8365974028711207e-05,1453,CAGAGG,0.21754442155361176,False,False,True,-0.0002154828980565071,
4,24,44,head_1,degradation,0.95556640625,1.1162372827529907,1613,CCAAGG,3.84375,1166,ATGGCA,3.86328125,1166,ATGGCA,3.86328125,1613,CCAAGG,0.031247079372406006,1166,ATGGCA,1.856135349953547e-05,1453,CAGAGG,0.21580825746059418,False,False,True,-0.00016392115503549576,
4,25,44,head_1,degradation,0.97021484375,1.0784311294555664,1613,CCAAGG,3.84375,1166,ATGGCA,3.8671875,1166,ATGGCA,3.8671875,1613,CCAAGG,0.031116675585508347,1166,ATGGCA,1.856869312177878e-05,1453,CAGAGG,0.21667248010635376,False,False,True,-7.209740579128265e-05,
4,26,44,head_1,degradation,0.95556640625,1.0847234725952148,1613,CCAAGG,3.845703125,1166,ATGGCA,3.865234375,1166,ATGGCA,3.865234375,1613,CCAAGG,0.031138110905885696,1166,ATGGCA,1.8298018403584138e-05,1453,CAGAGG,0.21734842658042908,False,False,True,-0.0001731710508465767,
4,27,44,head_1,degradation,0.9775390625,1.024377465248108,1613,CCAAGG,3.83984375,1166,ATGGCA,3.865234375,1166,ATGGCA,3.865234375,1613,CCAAGG,0.030929964035749435,1166,ATGGCA,1.8313776308787055e-05,1453,CAGAGG,0.21726036071777344,False,False,True,-5.911290645599365e-05,
4,28,44,head_1,degradation,0.99267578125,1.0063977241516113,1613,CCAAGG,3.83984375,1166,ATGGCA,3.869140625,1166,ATGGCA,3.869140625,1613,CCAAGG,0.030868085101246834,1166,ATGGCA,1.8454167729942128e-05,1453,CAGAGG,0.21692830324172974,False,False,True,-2.6700086891651154e-05,
4,29,44,head_1,degradation,0.95556640625,0.9934581518173218,1613,CCAAGG,3.83984375,1166,ATGGCA,3.859375,1166,ATGGCA,3.859375,1613,CCAAGG,0.03082316741347313,1166,ATGGCA,1.817253178160172e-05,1453,CAGAGG,0.21857820451259613,False,False,True,-0.0003091581165790558,
4,30,44,head_1,degradation,0.97021484375,1.1248148679733276,1613,CCAAGG,3.845703125,1166,ATGGCA,3.869140625,1166,ATGGCA,3.869140625,1613,CCAAGG,0.03127637878060341,1166,ATGGCA,1.8271906810696237e-05,1453,CAGAGG,0.2185501903295517,False,False,True,-0.0001300368458032608,
4,31,44,head_1,degradation,0.97021484375,1.0337098836898804,1613,CCAAGG,3.83984375,1166,ATGGCA,3.86328125,1166,ATGGCA,3.86328125,1613,CCAAGG,0.03096211515367031,1166,ATGGCA,1.8272510715178214e-05,1453,CAGAGG,0.21779173612594604,False,False,True,-0.0002159643918275833,
5,0,44,head_1,degradation,0.97021484375,1.0986716747283936,1613,CCAAGG,3.84375,1166,ATGGCA,3.8671875,1166,ATGGCA,3.8671875,1613,CCAAGG,0.03118632361292839,1166,ATGGCA,1.8398020984022878e-05,1453,CAGAGG,0.2169719785451889,False,False,True,-9.738467633724213e-05,
5,1,44,head_1,degradation,0.95556640625,1.11857271194458,1613,CCAAGG,3.84375,1166,ATGGCA,3.86328125,1166,ATGGCA,3.86328125,1613,CCAAGG,0.031254835426807404,1166,ATGGCA,1.826211519073695e-05,1453,CAGAGG,0.21746189892292023,False,False,True,-0.00018556416034698486,
5,2,44,head_1,degradation,1.0,0.9674116373062134,1613,CCAAGG,3.83984375,1166,ATGGCA,3.87109375,1166,ATGGCA,3.87109375,1613,CCAAGG,0.03073371760547161,1166,ATGGCA,1.8568249288364314e-05,1453,CAGAGG,0.21758170425891876,False,False,True,-4.567578434944153e-05,
5,3,44,head_1,degradation,0.9853515625,1.0079344511032104,1613,CCAAGG,3.84375,1166,ATGGCA,3.87109375,1166,ATGGCA,3.87109375,1613,CCAAGG,0.030873358249664307,1166,ATGGCA,1.8427506802254356e-05,1453,CAGAGG,0.21743930876255035,False,False,True,-5.50905242562294e-05,
5,4,44,head_1,degradation,0.97021484375,0.943641722202301,1613,CCAAGG,3.84375,1166,ATGGCA,3.8671875,1166,ATGGCA,3.8671875,1613,CCAAGG,0.03065180964767933,1166,ATGGCA,1.865428021119442e-05,1453,CAGAGG,0.21700182557106018,False,False,True,9.634718298912048e-05,
5,5,44,head_1,degradation,0.9853515625,0.8884778618812561,1613,CCAAGG,3.837890625,1166,ATGGCA,3.865234375,1166,ATGGCA,3.865234375,1613,CCAAGG,0.03046129085123539,1166,ATGGCA,1.842144047259353e-05,1453,CAGAGG,0.21788901090621948,False,False,True,-5.161389708518982e-06,
5,6,44,head_1,degradation,0.9775390625,0.9356251358985901,1613,CCAAGG,3.84375,1166,ATGGCA,3.869140625,1166,ATGGCA,3.869140625,1613,CCAAGG,0.030623942613601685,1166,ATGGCA,1.843999052653089e-05,1453,CAGAGG,0.21789899468421936,False,False,True,-6.478652358055115e-05,
5,7,44,head_1,degradation,0.9853515625,0.9472547173500061,1613,CCAAGG,3.84765625,1166,ATGGCA,3.875,1166,ATGGCA,3.875,1613,CCAAGG,0.03066442906856537,1166,ATGGCA,1.8811115296557546e-05,1453,CAGAGG,0.21548065543174744,False,False,True,0.0002990439534187317,
5,8,44,head_1,degradation,0.9853515625,0.8807053565979004,1613,CCAAGG,3.83984375,1166,ATGGCA,3.8671875,1166,ATGGCA,3.8671875,1613,CCAAGG,0.03043476492166519,1166,ATGGCA,1.870735468401108e-05,1453,CAGAGG,0.2162986546754837,False,False,True,0.0003440100699663162,
5,9,44,head_1,degradation,0.9775390625,0.9189721345901489,1613,CCAAGG,3.84375,1166,ATGGCA,3.869140625,1166,ATGGCA,3.869140625,1613,CCAAGG,0.030566778033971786,1166,ATGGCA,1.871924541774206e-05,1453,CAGAGG,0.21584583818912506,False,False,True,0.0004894807934761047,
5,10,44,head_1,degradation,0.9853515625,0.926956295967102,1613,CCAAGG,3.83984375,1166,ATGGCA,3.8671875,1166,ATGGCA,3.8671875,1613,CCAAGG,0.030594149604439735,1166,ATGGCA,1.85509034054121e-05,1453,CAGAGG,0.2165011167526245,False,False,True,0.00010009575635194778,
5,11,44,head_1,degradation,0.97021484375,1.0428900718688965,1613,CCAAGG,3.84375,1166,ATGGCA,3.8671875,1166,ATGGCA,3.8671875,1613,CCAAGG,0.03099384717643261,1166,ATGGCA,1.8338434529141523e-05,1453,CAGAGG,0.21740040183067322,False,False,True,-0.00017071515321731567,
5,12,44,head_1,degradation,0.9853515625,0.9691584706306458,1613,CCAAGG,3.83984375,1166,ATGGCA,3.8671875,1166,ATGGCA,3.8671875,1613,CCAAGG,0.03073973022401333,1166,ATGGCA,1.8555743736214936e-05,1453,CAGAGG,0.21664687991142273,False,False,True,-0.000116787850856781,
5,13,44,head_1,degradation,0.97021484375,1.1388856172561646,1613,CCAAGG,3.845703125,1166,ATGGCA,3.869140625,1166,ATGGCA,3.869140625,1613,CCAAGG,0.03132520616054535,1166,ATGGCA,1.8564935089671053e-05,1453,CAGAGG,0.21697264909744263,False,False,True,-4.394352436065674e-05,
5,14,44,head_1,degradation,0.95556640625,1.1468687057495117,1613,CCAAGG,3.845703125,1166,ATGGCA,3.865234375,1166,ATGGCA,3.865234375,1613,CCAAGG,0.031352534890174866,1166,ATGGCA,1.8352722690906376e-05,1453,CAGAGG,0.21800190210342407,False,False,True,-0.00029385555535554886,
5,15,44,head_1,degradation,0.97021484375,0.9811433553695679,1613,CCAAGG,3.84375,1166,ATGGCA,3.8671875,1166,ATGGCA,3.8671875,1613,CCAAGG,0.03078090399503708,1166,ATGGCA,1.8388614989817142e-05,1453,CAGAGG,0.21741095185279846,False,False,True,-0.0002305246889591217,
5,16,44,head_1,degradation,0.95556640625,1.0379438400268555,1613,CCAAGG,3.84375,1166,ATGGCA,3.86328125,1166,ATGGCA,3.86328125,1613,CCAAGG,0.030976690351963043,1166,ATGGCA,1.824323226173874e-05,1453,CAGAGG,0.21772144734859467,False,False,True,-0.00012806802988052368,
5,17,44,head_1,degradation,0.9775390625,0.9837066531181335,1613,CCAAGG,3.84375,1166,ATGGCA,3.869140625,1166,ATGGCA,3.869140625,1613,CCAAGG,0.030789826065301895,1166,ATGGCA,1.8467299014446326e-05,1453,CAGAGG,0.21797892451286316,False,False,True,-0.00013372953981161118,
5,18,44,head_1,degradation,0.97021484375,1.021186113357544,1613,CCAAGG,3.84375,1166,ATGGCA,3.8671875,1166,ATGGCA,3.8671875,1613,CCAAGG,0.0309190321713686,1166,ATGGCA,1.838901334849652e-05,1453,CAGAGG,0.21789060533046722,False,False,True,-0.00011913571506738663,
5,19,44,head_1,degradation,0.97021484375,0.9417015314102173,1613,CCAAGG,3.845703125,1166,ATGGCA,3.869140625,1166,ATGGCA,3.869140625,1613,CCAAGG,0.030645174905657768,1166,ATGGCA,1.8712924429564737e-05,1453,CAGAGG,0.21719002723693848,False,False,True,-7.816869765520096e-05,
5,20,44,head_1,degradation,0.99267578125,0.9318177700042725,1613,CCAAGG,3.837890625,1166,ATGGCA,3.8671875,1166,ATGGCA,3.8671875,1613,CCAAGG,0.030610809102654457,1166,ATGGCA,1.844024154706858e-05,1453,CAGAGG,0.2171882688999176,False,False,True,-7.442478090524673e-05,
5,21,44,head_1,degradation,0.9775390625,0.9248827695846558,1613,CCAAGG,3.83984375,1166,ATGGCA,3.865234375,1166,ATGGCA,3.865234375,1613,CCAAGG,0.03058694303035736,1166,ATGGCA,1.849681939347647e-05,1453,CAGAGG,0.2169460952281952,False,False,True,1.2354925274848938e-05,
5,22,44,head_1,degradation,0.9853515625,0.9698626399040222,1613,CCAAGG,3.83984375,1166,ATGGCA,3.8671875,1166,ATGGCA,3.8671875,1613,CCAAGG,0.030742160975933075,1166,ATGGCA,1.8557491785031743e-05,1453,CAGAGG,0.21638646721839905,False,False,True,-6.067659705877304e-05,
5,23,44,head_1,degradation,0.9853515625,1.0313442945480347,1613,CCAAGG,3.83984375,1166,ATGGCA,3.8671875,1166,ATGGCA,3.8671875,1613,CCAAGG,0.03095417283475399,1166,ATGGCA,1.849065847636666e-05,1453,CAGAGG,0.21757647395133972,False,False,True,-6.630830466747284e-05,
5,24,44,head_1,degradation,0.95556640625,1.037484884262085,1613,CCAAGG,3.83984375,1166,ATGGCA,3.859375,1166,ATGGCA,3.859375,1613,CCAAGG,0.030975285917520523,1166,ATGGCA,1.8422169887344353e-05,1453,CAGAGG,0.21526053547859192,False,False,True,-3.6833807826042175e-05,
5,25,44,head_1,degradation,0.95556640625,1.021760106086731,1613,CCAAGG,3.83984375,1166,ATGGCA,3.859375,1166,ATGGCA,3.859375,1613,CCAAGG,0.030920997262001038,1166,ATGGCA,1.837448144215159e-05,1453,CAGAGG,0.21658843755722046,False,False,True,-0.00015891995280981064,
5,26,44,head_1,degradation,0.9775390625,1.0036789178848267,1613,CCAAGG,3.84375,1166,ATGGCA,3.869140625,1166,ATGGCA,3.869140625,1613,CCAAGG,0.030858926475048065,1166,ATGGCA,1.8674019884201698e-05,1453,CAGAGG,0.21650686860084534,False,False,True,-8.946005254983902e-05,
5,27,44,head_1,degradation,0.962890625,0.9075672030448914,1613,CCAAGG,3.845703125,1166,ATGGCA,3.8671875,1166,ATGGCA,3.8671875,1613,CCAAGG,0.03052716888487339,1166,ATGGCA,1.8451684809406288e-05,1453,CAGAGG,0.21751555800437927,False,False,True,2.9939226806163788e-05,
5,28,44,head_1,degradation,0.97021484375,1.0787204504013062,1613,CCAAGG,3.845703125,1166,ATGGCA,3.869140625,1166,ATGGCA,3.869140625,1613,CCAAGG,0.031117597594857216,1166,ATGGCA,1.8492937670089304e-05,1453,CAGAGG,0.2165665179491043,False,False,True,-0.000141805037856102,
5,29,44,head_1,degradation,0.9775390625,0.967416524887085,1613,CCAAGG,3.845703125,1166,ATGGCA,3.87109375,1166,ATGGCA,3.87109375,1613,CCAAGG,0.030733736231923103,1166,ATGGCA,1.856996095739305e-05,1453,CAGAGG,0.21671703457832336,False,False,True,-4.230812191963196e-05,
5,30,44,head_1,degradation,0.97021484375,1.0089707374572754,1613,CCAAGG,3.84375,1166,ATGGCA,3.8671875,1166,ATGGCA,3.8671875,1613,CCAAGG,0.030877089127898216,1166,ATGGCA,1.8583266864879988e-05,1453,CAGAGG,0.2160862535238266,False,False,True,3.331061452627182e-05,
5,31,44,head_1,degradation,0.9775390625,1.1629352569580078,1613,CCAAGG,3.845703125,1166,ATGGCA,3.87109375,1166,ATGGCA,3.87109375,1613,CCAAGG,0.031408313661813736,1166,ATGGCA,1.871264430519659e-05,1453,CAGAGG,0.2171933948993683,False,False,True,-5.058571696281433e-05,
6,0,44,head_1,degradation,0.962890625,1.0257948637008667,1613,CCAAGG,3.84375,1166,ATGGCA,3.865234375,1166,ATGGCA,3.865234375,1613,CCAAGG,0.030934976413846016,1166,ATGGCA,1.843669087975286e-05,1453,CAGAGG,0.21774698793888092,False,False,True,-1.8483027815818787e-05,
6,1,44,head_1,degradation,0.9853515625,1.1025125980377197,1613,CCAAGG,3.84765625,1166,ATGGCA,3.875,1166,ATGGCA,3.875,1613,CCAAGG,0.031199799850583076,1166,ATGGCA,1.8623950381879695e-05,1453,CAGAGG,0.21649019420146942,False,False,True,-6.411038339138031e-05,
6,2,44,head_1,degradation,0.9853515625,0.9119135141372681,1613,CCAAGG,3.837890625,1166,ATGGCA,3.865234375,1166,ATGGCA,3.865234375,1613,CCAAGG,0.03054225444793701,1166,ATGGCA,1.8544889826443978e-05,1453,CAGAGG,0.21705596148967743,False,False,True,-5.2937306463718414e-05,
6,3,44,head_1,degradation,0.9853515625,1.0107650756835938,1613,CCAAGG,3.84375,1166,ATGGCA,3.87109375,1166,ATGGCA,3.87109375,1613,CCAAGG,0.030883457511663437,1166,ATGGCA,1.8762821127893403e-05,1453,CAGAGG,0.2169237583875656,False,False,True,-3.9025209844112396e-05,
6,4,44,head_1,degradation,0.9775390625,0.9619724154472351,1613,CCAAGG,3.84375,1166,ATGGCA,3.869140625,1166,ATGGCA,3.869140625,1613,CCAAGG,0.030714914202690125,1166,ATGGCA,1.8528051441535354e-05,1453,CAGAGG,0.21745522320270538,False,False,True,7.96271488070488e-05,
6,5,44,head_1,degradation,0.9853515625,0.9511058330535889,1613,CCAAGG,3.84375,1166,ATGGCA,3.87109375,1166,ATGGCA,3.87109375,1613,CCAAGG,0.03067748248577118,1166,ATGGCA,1.8580140022095293e-05,1453,CAGAGG,0.21739910542964935,False,False,True,0.00011056289076805115,
6,6,44,head_1,degradation,0.9775390625,0.9958146214485168,1613,CCAAGG,3.84375,1166,ATGGCA,3.869140625,1166,ATGGCA,3.869140625,1613,CCAAGG,0.030831612646579742,1166,ATGGCA,1.8488402929506265e-05,1453,CAGAGG,0.21821150183677673,False,False,True,-6.160326302051544e-05,
6,7,44,head_1,degradation,0.9853515625,1.006744384765625,1613,CCAAGG,3.83984375,1166,ATGGCA,3.8671875,1166,ATGGCA,3.8671875,1613,CCAAGG,0.030869167298078537,1166,ATGGCA,1.8341463146498427e-05,1453,CAGAGG,0.21807761490345,False,False,True,-0.00010940711945295334,
6,8,44,head_1,degradation,0.97021484375,1.0991986989974976,1613,CCAAGG,3.84765625,1166,ATGGCA,3.87109375,1166,ATGGCA,3.87109375,1613,CCAAGG,0.03118826262652874,1166,ATGGCA,1.8517957869335078e-05,1453,CAGAGG,0.21765530109405518,False,False,True,-0.0001562163233757019,
6,9,44,head_1,degradation,0.97021484375,0.9941725134849548,1613,CCAAGG,3.845703125,1166,ATGGCA,3.869140625,1166,ATGGCA,3.869140625,1613,CCAAGG,0.030825966969132423,1166,ATGGCA,1.8506456399336457e-05,1453,CAGAGG,0.21760301291942596,False,False,True,-1.9712373614311218e-05,
6,10,44,head_1,degradation,0.97021484375,1.0604859590530396,1613,CCAAGG,3.84765625,1166,ATGGCA,3.87109375,1166,ATGGCA,3.87109375,1613,CCAAGG,0.031054819002747536,1166,ATGGCA,1.8612521671457216e-05,1453,CAGAGG,0.216932475566864,False,False,True,-0.0001295609399676323,
6,11,44,head_1,degradation,0.9853515625,1.0907431840896606,1613,CCAAGG,3.84765625,1166,ATGGCA,3.875,1166,ATGGCA,3.875,1613,CCAAGG,0.031159216538071632,1166,ATGGCA,1.8640346752363257e-05,1453,CAGAGG,0.2168164700269699,False,False,True,-7.728580385446548e-05,
6,12,44,head_1,degradation,0.99267578125,0.9766847491264343,1613,CCAAGG,3.845703125,1166,ATGGCA,3.875,1166,ATGGCA,3.875,1613,CCAAGG,0.030766146257519722,1166,ATGGCA,1.901040923257824e-05,1453,CAGAGG,0.2154971957206726,False,False,True,0.00015996582806110382,
6,13,44,head_1,degradation,1.0078125,0.9673479199409485,1613,CCAAGG,3.845703125,1166,ATGGCA,3.87890625,1166,ATGGCA,3.87890625,1613,CCAAGG,0.03073388896882534,1166,ATGGCA,1.8959235603688285e-05,1453,CAGAGG,0.21683058142662048,False,False,True,0.00036633294075727463,
6,14,44,head_1,degradation,1.0146484375,0.3502647876739502,1613,CCAAGG,3.83984375,1166,ATGGCA,3.875,1166,ATGGCA,3.875,1613,CCAAGG,0.028605451807379723,1166,ATGGCA,1.9131932276650332e-05,1453,CAGAGG,0.217269629240036,False,False,True,0.0007239747792482376,
6,15,44,head_1,degradation,0.9853515625,0.39702385663986206,1613,CCAAGG,3.83984375,1166,ATGGCA,3.8671875,1166,ATGGCA,3.8671875,1613,CCAAGG,0.028766628354787827,1166,ATGGCA,1.9013032215298153e-05,1453,CAGAGG,0.2146768718957901,False,False,True,0.000555453822016716,
6,16,44,head_1,degradation,0.97021484375,0.1907351166009903,1613,CCAAGG,3.8359375,1166,ATGGCA,3.859375,1166,ATGGCA,3.859375,1613,CCAAGG,0.028055381029844284,1166,ATGGCA,1.9352462913957424e-05,1453,CAGAGG,0.2113301157951355,False,False,True,0.0002113422378897667,
6,17,44,head_1,degradation,0.90380859375,0.5219061970710754,1613,CCAAGG,3.837890625,1166,ATGGCA,3.84375,1166,ATGGCA,3.84375,1613,CCAAGG,0.02919718623161316,1166,ATGGCA,1.8794113202602603e-05,1453,CAGAGG,0.21004855632781982,False,False,True,-0.0007849195972084999,
6,18,44,head_1,degradation,0.9111328125,0.24505768716335297,1613,CCAAGG,3.828125,1166,ATGGCA,3.8359375,1166,ATGGCA,3.8359375,1613,CCAAGG,0.028241554275155067,1166,ATGGCA,1.814274219213985e-05,1453,CAGAGG,0.21280717849731445,False,False,True,-0.002030543051660061,
6,19,44,head_1,degradation,0.95556640625,0.4873490631580353,1613,CCAAGG,3.83203125,1166,ATGGCA,3.8515625,1166,ATGGCA,3.8515625,1613,CCAAGG,0.029077131301164627,1166,ATGGCA,1.794376839825418e-05,1453,CAGAGG,0.21570660173892975,False,False,True,-0.0016850950196385384,
6,20,44,head_1,degradation,0.9853515625,0.6274669766426086,1613,CCAAGG,3.8359375,1166,ATGGCA,3.86328125,1166,ATGGCA,3.86328125,1613,CCAAGG,0.02956089749932289,1166,ATGGCA,1.8377282685833052e-05,1453,CAGAGG,0.2161625176668167,False,False,True,-0.0011587394401431084,
6,21,44,head_1,degradation,1.0,0.9508726000785828,1613,CCAAGG,3.83984375,1166,ATGGCA,3.87109375,1166,ATGGCA,3.87109375,1613,CCAAGG,0.030676614493131638,1166,ATGGCA,1.8517099306336604e-05,1453,CAGAGG,0.21743939816951752,False,False,True,-9.345449507236481e-05,
6,22,44,head_1,degradation,1.0,1.0647414922714233,1613,CCAAGG,3.84375,1166,ATGGCA,3.875,1166,ATGGCA,3.875,1613,CCAAGG,0.03106951341032982,1166,ATGGCA,1.8628994439495727e-05,1453,CAGAGG,0.21686629951000214,False,False,True,-3.765244036912918e-05,
6,23,44,head_1,degradation,0.9775390625,1.0335478782653809,1613,CCAAGG,3.84375,1166,ATGGCA,3.869140625,1166,ATGGCA,3.869140625,1613,CCAAGG,0.03096197545528412,1166,ATGGCA,1.86918223334942e-05,1453,CAGAGG,0.2161717414855957,False,False,True,3.173016011714935e-05,
6,24,44,head_1,degradation,0.99267578125,1.0492143630981445,1613,CCAAGG,3.845703125,1166,ATGGCA,3.875,1166,ATGGCA,3.875,1613,CCAAGG,0.031016020104289055,1166,ATGGCA,1.8694470782065764e-05,1453,CAGAGG,0.21781499683856964,False,False,True,6.348639726638794e-05,
6,25,44,head_1,degradation,1.0078125,0.9337681531906128,1613,CCAAGG,3.837890625,1166,ATGGCA,3.87109375,1166,ATGGCA,3.87109375,1613,CCAAGG,0.030617736279964447,1166,ATGGCA,1.863867146312259e-05,1453,CAGAGG,0.21710485219955444,False,False,True,7.682759314775467e-05,
6,26,44,head_1,degradation,0.99267578125,1.0244994163513184,1613,CCAAGG,3.845703125,1166,ATGGCA,3.875,1166,ATGGCA,3.875,1613,CCAAGG,0.03093072585761547,1166,ATGGCA,1.8653612642083317e-05,1453,CAGAGG,0.21743819117546082,False,False,True,4.2708590626716614e-05,
6,27,44,head_1,degradation,1.0,0.9384163022041321,1613,CCAAGG,3.83984375,1166,ATGGCA,3.87109375,1166,ATGGCA,3.87109375,1613,CCAAGG,0.03063373453915119,1166,ATGGCA,1.860380871221423e-05,1453,CAGAGG,0.21794873476028442,False,False,True,5.1771290600299835e-05,
6,28,44,head_1,degradation,0.99267578125,0.9925892949104309,1613,CCAAGG,3.83984375,1166,ATGGCA,3.869140625,1166,ATGGCA,3.869140625,1613,CCAAGG,0.030820664018392563,1166,ATGGCA,1.8665103198145516e-05,1453,CAGAGG,0.21635720133781433,False,False,True,7.375143468379974e-05,
6,29,44,head_1,degradation,0.99267578125,0.9648823738098145,1613,CCAAGG,3.83984375,1166,ATGGCA,3.869140625,1166,ATGGCA,3.869140625,1613,CCAAGG,0.030725030228495598,1166,ATGGCA,1.8606651792651974e-05,1453,CAGAGG,0.21730457246303558,False,False,True,4.837382584810257e-05,
6,30,44,head_1,degradation,1.0,0.92718905210495,1613,CCAAGG,3.837890625,1166,ATGGCA,3.869140625,1166,ATGGCA,3.869140625,1613,CCAAGG,0.03059486672282219,1166,ATGGCA,1.8464683307684027e-05,1453,CAGAGG,0.217446431517601,False,False,True,3.355741500854492e-05,
6,31,44,head_1,degradation,0.9853515625,0.9585117101669312,1613,CCAAGG,3.83984375,1166,ATGGCA,3.8671875,1166,ATGGCA,3.8671875,1613,CCAAGG,0.030703000724315643,1166,ATGGCA,1.8552813344285823e-05,1453,CAGAGG,0.21694011986255646,False,False,True,7.184967398643494e-05,
7,0,44,head_1,degradation,0.962890625,1.0431092977523804,1613,CCAAGG,3.84375,1166,ATGGCA,3.865234375,1166,ATGGCA,3.865234375,1613,CCAAGG,0.030994735658168793,1166,ATGGCA,1.846975283115171e-05,1453,CAGAGG,0.217336967587471,False,False,True,-4.649721086025238e-05,
7,1,44,head_1,degradation,0.99267578125,1.011335849761963,1613,CCAAGG,3.83984375,1166,ATGGCA,3.869140625,1166,ATGGCA,3.869140625,1613,CCAAGG,0.030885210260748863,1166,ATGGCA,1.8546810679254122e-05,1453,CAGAGG,0.21743318438529968,False,False,True,-4.3511390686035156e-05,
7,2,44,head_1,degradation,0.9853515625,0.9903932213783264,1613,CCAAGG,3.84375,1166,ATGGCA,3.87109375,1166,ATGGCA,3.87109375,1613,CCAAGG,0.030813025310635567,1166,ATGGCA,1.8602519048727117e-05,1453,CAGAGG,0.2169845849275589,False,False,True,4.1272491216659546e-05,
7,3,44,head_1,degradation,0.9853515625,1.017290711402893,1613,CCAAGG,3.84375,1166,ATGGCA,3.87109375,1166,ATGGCA,3.87109375,1613,CCAAGG,0.030905768275260925,1166,ATGGCA,1.856283051893115e-05,1453,CAGAGG,0.21727600693702698,False,False,True,0.0002213129773736,
7,4,44,head_1,degradation,0.9853515625,1.029231309890747,1613,CCAAGG,3.84375,1166,ATGGCA,3.87109375,1166,ATGGCA,3.87109375,1613,CCAAGG,0.03094697929918766,1166,ATGGCA,1.8585582438390702e-05,1453,CAGAGG,0.2173599749803543,False,False,True,4.2955391108989716e-05,
7,5,44,head_1,degradation,0.9775390625,1.1077207326889038,1613,CCAAGG,3.84375,1166,ATGGCA,3.869140625,1166,ATGGCA,3.869140625,1613,CCAAGG,0.031217753887176514,1166,ATGGCA,1.861250893853139e-05,1453,CAGAGG,0.2164231389760971,False,False,True,4.035700112581253e-05,
7,6,44,head_1,degradation,0.99267578125,0.958003580570221,1613,CCAAGG,3.837890625,1166,ATGGCA,3.8671875,1166,ATGGCA,3.8671875,1613,CCAAGG,0.030701089650392532,1166,ATGGCA,1.8393617210676894e-05,1453,CAGAGG,0.21817144751548767,False,False,True,-0.000117497518658638,
7,7,44,head_1,degradation,0.9853515625,1.0321753025054932,1613,CCAAGG,3.84375,1166,ATGGCA,3.87109375,1166,ATGGCA,3.87109375,1613,CCAAGG,0.030957136303186417,1166,ATGGCA,1.8587426893645898e-05,1453,CAGAGG,0.21719259023666382,False,False,True,3.6364421248435974e-05,
7,8,44,head_1,degradation,0.9853515625,1.1126998662948608,1613,CCAAGG,3.8515625,1166,ATGGCA,3.87890625,1166,ATGGCA,3.87890625,1613,CCAAGG,0.03123495541512966,1166,ATGGCA,1.863895340648014e-05,1453,CAGAGG,0.21804769337177277,False,False,True,8.932780474424362e-05,
7,9,44,head_1,degradation,1.0078125,1.0948567390441895,1613,CCAAGG,3.849609375,1166,ATGGCA,3.8828125,1166,ATGGCA,3.8828125,1613,CCAAGG,0.0311735887080431,1166,ATGGCA,1.882237302197609e-05,1453,CAGAGG,0.21708202362060547,False,False,True,0.0002139117568731308,
7,10,44,head_1,degradation,0.97021484375,1.1613866090774536,1613,CCAAGG,3.845703125,1166,ATGGCA,3.869140625,1166,ATGGCA,3.869140625,1613,CCAAGG,0.03140251338481903,1166,ATGGCA,1.8254018868901767e-05,1453,CAGAGG,0.21854273974895477,False,False,True,-9.880680590867996e-05,
7,11,44,head_1,degradation,0.95556640625,1.1468298435211182,1613,CCAAGG,3.845703125,1166,ATGGCA,3.865234375,1166,ATGGCA,3.865234375,1613,CCAAGG,0.03135228157043457,1166,ATGGCA,1.8235397874377668e-05,1453,CAGAGG,0.21892684698104858,False,False,True,-9.70521941781044e-05,
7,12,44,head_1,degradation,0.95556640625,1.1039624214172363,1613,CCAAGG,3.83984375,1166,ATGGCA,3.859375,1166,ATGGCA,3.859375,1613,CCAAGG,0.031204337254166603,1166,ATGGCA,1.8160475519835018e-05,1453,CAGAGG,0.21825984120368958,False,False,True,-0.0003346521407365799,
7,13,44,head_1,degradation,0.97021484375,0.9777117967605591,1613,CCAAGG,3.84375,1166,ATGGCA,3.8671875,1166,ATGGCA,3.8671875,1613,CCAAGG,0.030769530683755875,1166,ATGGCA,1.88525409612339e-05,1453,CAGAGG,0.21665515005588531,False,False,True,0.00021508149802684784,
7,14,44,head_1,degradation,0.97021484375,1.0853919982910156,1613,CCAAGG,3.83984375,1166,ATGGCA,3.86328125,1166,ATGGCA,3.86328125,1613,CCAAGG,0.031140590086579323,1166,ATGGCA,1.8472475858288817e-05,1453,CAGAGG,0.21692174673080444,False,False,True,-0.00010939687490463257,
7,15,44,head_1,degradation,0.97021484375,1.0606398582458496,1613,CCAAGG,3.83984375,1166,ATGGCA,3.86328125,1166,ATGGCA,3.86328125,1613,CCAAGG,0.031055353581905365,1166,ATGGCA,1.8617953173816204e-05,1453,CAGAGG,0.21691636741161346,False,False,True,-3.712065517902374e-05,
7,16,44,head_1,degradation,0.9482421875,1.2165369987487793,1613,CCAAGG,3.84765625,1166,ATGGCA,3.865234375,1166,ATGGCA,3.865234375,1613,CCAAGG,0.0315927192568779,1166,ATGGCA,1.822057856770698e-05,1453,CAGAGG,0.21827533841133118,False,False,True,-0.0003193644806742668,
7,17,44,head_1,degradation,0.97021484375,1.0605782270431519,1613,CCAAGG,3.84765625,1166,ATGGCA,3.87109375,1166,ATGGCA,3.87109375,1613,CCAAGG,0.031055135652422905,1166,ATGGCA,1.861243072198704e-05,1453,CAGAGG,0.21717648208141327,False,False,True,0.00011586863547563553,
7,18,44,head_1,degradation,0.9853515625,0.9502003192901611,1613,CCAAGG,3.83984375,1166,ATGGCA,3.8671875,1166,ATGGCA,3.8671875,1613,CCAAGG,0.030674349516630173,1166,ATGGCA,1.8569746316643432e-05,1453,CAGAGG,0.21688324213027954,False,False,True,8.620787411928177e-05,
7,19,44,head_1,degradation,0.9853515625,1.0185213088989258,1613,CCAAGG,3.84375,1166,ATGGCA,3.87109375,1166,ATGGCA,3.87109375,1613,CCAAGG,0.030910203233361244,1166,ATGGCA,1.8753018593997695e-05,1453,CAGAGG,0.21670454740524292,False,False,True,-8.57524573802948e-05,
7,20,44,head_1,degradation,0.9775390625,0.9691185355186462,1613,CCAAGG,3.84375,1166,ATGGCA,3.869140625,1166,ATGGCA,3.869140625,1613,CCAAGG,0.030739476904273033,1166,ATGGCA,1.8440494386595674e-05,1453,CAGAGG,0.217725470662117,False,False,True,-0.00012901239097118378,
7,21,44,head_1,degradation,0.99267578125,1.0257765054702759,1613,CCAAGG,3.845703125,1166,ATGGCA,3.875,1166,ATGGCA,3.875,1613,CCAAGG,0.030934976413846016,1166,ATGGCA,1.8500344594940543e-05,1453,CAGAGG,0.21859589219093323,False,False,True,2.0503997802734375e-05,
7,22,44,head_1,degradation,0.9853515625,0.9574992060661316,1613,CCAAGG,3.83984375,1166,ATGGCA,3.8671875,1166,ATGGCA,3.8671875,1613,CCAAGG,0.030699467286467552,1166,ATGGCA,1.851083288784139e-05,1453,CAGAGG,0.21811331808567047,False,False,True,-6.291083991527557e-05,
7,23,44,head_1,degradation,0.99267578125,0.9641420841217041,1613,CCAAGG,3.83984375,1166,ATGGCA,3.869140625,1166,ATGGCA,3.869140625,1613,CCAAGG,0.030722517520189285,1166,ATGGCA,1.8646034732228145e-05,1453,CAGAGG,0.21724370121955872,False,False,True,0.00010283198207616806,
7,24,44,head_1,degradation,0.97021484375,0.9961045980453491,1613,CCAAGG,3.84375,1166,ATGGCA,3.8671875,1166,ATGGCA,3.8671875,1613,CCAAGG,0.030832648277282715,1166,ATGGCA,1.85245862667216e-05,1453,CAGAGG,0.2165701985359192,False,False,True,0.00014449004083871841,
7,25,44,head_1,degradation,0.97021484375,1.0066763162612915,1613,CCAAGG,3.845703125,1166,ATGGCA,3.869140625,1166,ATGGCA,3.869140625,1613,CCAAGG,0.030869141221046448,1166,ATGGCA,1.855045775300823e-05,1453,CAGAGG,0.21668429672718048,False,False,True,1.5391036868095398e-05,
7,26,44,head_1,degradation,0.97021484375,1.026969313621521,1613,CCAAGG,3.84375,1166,ATGGCA,3.8671875,1166,ATGGCA,3.8671875,1613,CCAAGG,0.030939042568206787,1166,ATGGCA,1.845149017754011e-05,1453,CAGAGG,0.21691997349262238,False,False,True,2.0274892449378967e-05,
7,27,44,head_1,degradation,0.9853515625,1.0039812326431274,1613,CCAAGG,3.83984375,1166,ATGGCA,3.8671875,1166,ATGGCA,3.8671875,1613,CCAAGG,0.03085981123149395,1166,ATGGCA,1.8515744159230962e-05,1453,CAGAGG,0.2168072909116745,False,False,True,9.258836507797241e-05,
7,28,44,head_1,degradation,0.9853515625,0.9225738048553467,1613,CCAAGG,3.837890625,1166,ATGGCA,3.865234375,1166,ATGGCA,3.865234375,1613,CCAAGG,0.03057895042002201,1166,ATGGCA,1.8468879716238007e-05,1453,CAGAGG,0.21672731637954712,False,False,True,-1.2148171663284302e-05,
7,29,44,head_1,degradation,0.9775390625,0.9860841631889343,1613,CCAAGG,3.83984375,1166,ATGGCA,3.865234375,1166,ATGGCA,3.865234375,1613,CCAAGG,0.030798036605119705,1166,ATGGCA,1.847673047450371e-05,1453,CAGAGG,0.21665412187576294,False,False,True,8.705351501703262e-05,
7,30,44,head_1,degradation,0.9775390625,0.9763391613960266,1613,CCAAGG,3.84375,1166,ATGGCA,3.869140625,1166,ATGGCA,3.869140625,1613,CCAAGG,0.030764516443014145,1166,ATGGCA,1.8572964108898304e-05,1453,CAGAGG,0.21706654131412506,False,False,True,0.00011386536061763763,
7,31,44,head_1,degradation,0.9775390625,0.9592384696006775,1613,CCAAGG,3.84375,1166,ATGGCA,3.869140625,1166,ATGGCA,3.869140625,1613,CCAAGG,0.030705410987138748,1166,ATGGCA,1.845549741119612e-05,1453,CAGAGG,0.21814888715744019,False,False,True,1.0615214705467224e-05,
8,0,44,head_1,degradation,0.97021484375,1.0612083673477173,1613,CCAAGG,3.84375,1166,ATGGCA,3.8671875,1166,ATGGCA,3.8671875,1613,CCAAGG,0.03105728141963482,1166,ATGGCA,1.8583081327960826e-05,1453,CAGAGG,0.21696622669696808,False,False,True,1.3853423297405243e-05,
8,1,44,head_1,degradation,0.9775390625,0.9633218050003052,1613,CCAAGG,3.84375,1166,ATGGCA,3.869140625,1166,ATGGCA,3.869140625,1613,CCAAGG,0.030719676986336708,1166,ATGGCA,1.863635225163307e-05,1453,CAGAGG,0.21767818927764893,False,False,True,6.664637476205826e-05,
8,2,44,head_1,degradation,0.9853515625,1.0278910398483276,1613,CCAAGG,3.84375,1166,ATGGCA,3.87109375,1166,ATGGCA,3.87109375,1613,CCAAGG,0.030942393466830254,1166,ATGGCA,1.8622833522385918e-05,1453,CAGAGG,0.21781912446022034,False,False,True,4.440266638994217e-05,
8,3,44,head_1,degradation,0.99267578125,0.9872294664382935,1613,CCAAGG,3.83984375,1166,ATGGCA,3.869140625,1166,ATGGCA,3.869140625,1613,CCAAGG,0.030802221968770027,1166,ATGGCA,1.8712637029238977e-05,1453,CAGAGG,0.2166571021080017,False,False,True,9.98377799987793e-05,
8,4,44,head_1,degradation,1.0,0.9872802495956421,1613,CCAAGG,3.84375,1166,ATGGCA,3.875,1166,ATGGCA,3.875,1613,CCAAGG,0.030802462249994278,1166,ATGGCA,1.8777676814352162e-05,1453,CAGAGG,0.21713538467884064,False,False,True,6.67273998260498e-05,
8,5,44,head_1,degradation,0.97021484375,1.0233498811721802,1613,CCAAGG,3.845703125,1166,ATGGCA,3.869140625,1166,ATGGCA,3.869140625,1613,CCAAGG,0.030926888808608055,1166,ATGGCA,1.8782604456646368e-05,1453,CAGAGG,0.21621359884738922,False,False,True,0.00013190973550081253,
8,6,44,head_1,degradation,0.97021484375,1.022471308708191,1613,CCAAGG,3.84375,1166,ATGGCA,3.8671875,1166,ATGGCA,3.8671875,1613,CCAAGG,0.03092360682785511,1166,ATGGCA,1.853137837315444e-05,1453,CAGAGG,0.2173151671886444,False,False,True,-5.42541965842247e-05,
8,7,44,head_1,degradation,1.0,0.9451342225074768,1613,CCAAGG,3.83984375,1166,ATGGCA,3.87109375,1166,ATGGCA,3.87109375,1613,CCAAGG,0.030657056719064713,1166,ATGGCA,1.8753897165879607e-05,1453,CAGAGG,0.2169562131166458,False,False,True,9.210966527462006e-05,
8,8,44,head_1,degradation,1.0,1.0420714616775513,1613,CCAAGG,3.84375,1166,ATGGCA,3.875,1166,ATGGCA,3.875,1613,CCAAGG,0.03099137172102928,1166,ATGGCA,1.868532126536593e-05,1453,CAGAGG,0.2173498421907425,False,False,True,4.7868117690086365e-05,
8,9,44,head_1,degradation,0.9775390625,1.017340898513794,1613,CCAAGG,3.84375,1166,ATGGCA,3.869140625,1166,ATGGCA,3.869140625,1613,CCAAGG,0.03090600110590458,1166,ATGGCA,1.8622513380250894e-05,1453,CAGAGG,0.21693642437458038,False,False,True,-5.198828876018524e-05,
8,10,44,head_1,degradation,0.9775390625,1.067353367805481,1613,CCAAGG,3.845703125,1166,ATGGCA,3.87109375,1166,ATGGCA,3.87109375,1613,CCAAGG,0.031078331172466278,1166,ATGGCA,1.843725112848915e-05,1453,CAGAGG,0.21783669292926788,False,False,True,9.114295244216919e-05,
8,11,44,head_1,degradation,0.9775390625,1.0608292818069458,1613,CCAAGG,3.84375,1166,ATGGCA,3.869140625,1166,ATGGCA,3.869140625,1613,CCAAGG,0.03105596825480461,1166,ATGGCA,1.8578044546302408e-05,1453,CAGAGG,0.21781949698925018,False,False,True,-8.424464613199234e-05,
8,12,44,head_1,degradation,0.97021484375,1.1257436275482178,1613,CCAAGG,3.845703125,1166,ATGGCA,3.869140625,1166,ATGGCA,3.869140625,1613,CCAAGG,0.031279806047677994,1166,ATGGCA,1.849540240073111e-05,1453,CAGAGG,0.21794138848781586,False,False,True,-5.523674190044403e-06,
8,13,44,head_1,degradation,0.962890625,0.9455569982528687,1613,CCAAGG,3.845703125,1166,ATGGCA,3.8671875,1166,ATGGCA,3.8671875,1613,CCAAGG,0.030658451840281487,1166,ATGGCA,1.8689936041482724e-05,1453,CAGAGG,0.2171648144721985,False,False,True,0.0001983046531677246,
8,14,44,head_1,degradation,0.962890625,0.9708659052848816,1613,CCAAGG,3.845703125,1166,ATGGCA,3.8671875,1166,ATGGCA,3.8671875,1613,CCAAGG,0.03074566461145878,1166,ATGGCA,1.8600980183691718e-05,1453,CAGAGG,0.21713553369045258,False,False,True,4.5697204768657684e-05,
8,15,44,head_1,degradation,0.9775390625,1.0473837852478027,1613,CCAAGG,3.84375,1166,ATGGCA,3.869140625,1166,ATGGCA,3.869140625,1613,CCAAGG,0.03100949339568615,1166,ATGGCA,1.848304964369163e-05,1453,CAGAGG,0.21621957421302795,False,False,True,-5.712732672691345e-05,
8,16,44,head_1,degradation,0.99267578125,0.9439986348152161,1613,CCAAGG,3.83984375,1166,ATGGCA,3.869140625,1166,ATGGCA,3.869140625,1613,CCAAGG,0.030652986839413643,1166,ATGGCA,1.8601020201458596e-05,1453,CAGAGG,0.21724209189414978,False,False,True,-0.00019646156579256058,
8,17,44,head_1,degradation,0.95556640625,1.0335673093795776,1613,CCAAGG,3.84375,1166,ATGGCA,3.86328125,1166,ATGGCA,3.86328125,1613,CCAAGG,0.030961815267801285,1166,ATGGCA,1.846421764639672e-05,1453,CAGAGG,0.21688096225261688,False,False,True,-0.0005700010806322098,
8,18,44,head_1,degradation,0.9482421875,0.7009772062301636,1613,CCAAGG,3.83984375,1166,ATGGCA,3.857421875,1166,ATGGCA,3.857421875,1613,CCAAGG,0.029814338311553,1166,ATGGCA,1.8245886167278513e-05,1453,CAGAGG,0.21689096093177795,False,False,True,-0.0008790018036961555,
8,19,44,head_1,degradation,0.97021484375,0.6355094313621521,1613,CCAAGG,3.83203125,1166,ATGGCA,3.85546875,1166,ATGGCA,3.85546875,1613,CCAAGG,0.02958863601088524,1166,ATGGCA,1.837264971982222e-05,1453,CAGAGG,0.21638846397399902,False,False,True,-0.0009828759357333183,
8,20,44,head_1,degradation,0.9853515625,0.663611650466919,1613,CCAAGG,3.828125,1166,ATGGCA,3.85546875,1166,ATGGCA,3.85546875,1613,CCAAGG,0.029685385525226593,1166,ATGGCA,1.8185863154940307e-05,1453,CAGAGG,0.21663935482501984,False,False,True,-0.0010149665176868439,
8,21,44,head_1,degradation,0.94091796875,0.985051155090332,1613,CCAAGG,3.83984375,1166,ATGGCA,3.85546875,1166,ATGGCA,3.85546875,1613,CCAAGG,0.030794138088822365,1166,ATGGCA,1.814214192563668e-05,1453,CAGAGG,0.21782325208187103,False,False,True,-0.0007103690877556801,
8,22,44,head_1,degradation,0.92578125,1.0966510772705078,1613,CCAAGG,3.84375,1166,ATGGCA,3.85546875,1166,ATGGCA,3.85546875,1613,CCAAGG,0.031179018318653107,1166,ATGGCA,1.8062364688375965e-05,1453,CAGAGG,0.21766051650047302,False,False,True,-0.0006605843082070351,
8,23,44,head_1,degradation,0.93310546875,1.180299997329712,1613,CCAAGG,3.845703125,1166,ATGGCA,3.859375,1166,ATGGCA,3.859375,1613,CCAAGG,0.03146776556968689,1166,ATGGCA,1.8265724065713584e-05,1453,CAGAGG,0.21569377183914185,False,False,True,-0.000432480126619339,
8,24,44,head_1,degradation,0.962890625,1.0985944271087646,1613,CCAAGG,3.84375,1166,ATGGCA,3.865234375,1166,ATGGCA,3.865234375,1613,CCAAGG,0.031186453998088837,1166,ATGGCA,1.8793703929986805e-05,1453,CAGAGG,0.21514974534511566,False,False,True,3.193411976099014e-05,
8,25,44,head_1,degradation,0.97021484375,0.9177561402320862,1613,CCAAGG,3.8359375,1166,ATGGCA,3.859375,1166,ATGGCA,3.859375,1613,CCAAGG,0.030562477186322212,1166,ATGGCA,1.8613851352711208e-05,1453,CAGAGG,0.21500033140182495,False,False,True,-0.00014678947627544403,
8,26,44,head_1,degradation,0.95556640625,0.9623882174491882,1613,CCAAGG,3.837890625,1166,ATGGCA,3.857421875,1166,ATGGCA,3.857421875,1613,CCAAGG,0.030716335400938988,1166,ATGGCA,1.851421984611079e-05,1453,CAGAGG,0.21541109681129456,False,False,True,-9.786244481801987e-05,
8,27,44,head_1,degradation,0.962890625,0.9666805267333984,1613,CCAAGG,3.84375,1166,ATGGCA,3.865234375,1166,ATGGCA,3.865234375,1613,CCAAGG,0.030731160193681717,1166,ATGGCA,1.853275898611173e-05,1453,CAGAGG,0.21517334878444672,False,False,True,-0.00010570790618658066,
8,28,44,head_1,degradation,0.962890625,1.0534478425979614,1613,CCAAGG,3.845703125,1166,ATGGCA,3.8671875,1166,ATGGCA,3.8671875,1613,CCAAGG,0.03103049285709858,1166,ATGGCA,1.856507697084453e-05,1453,CAGAGG,0.21630656719207764,False,False,True,2.4531036615371704e-05,
8,29,44,head_1,degradation,0.962890625,1.0465269088745117,1613,CCAAGG,3.84375,1166,ATGGCA,3.865234375,1166,ATGGCA,3.865234375,1613,CCAAGG,0.031006529927253723,1166,ATGGCA,1.84756481758086e-05,1453,CAGAGG,0.21672077476978302,False,False,True,-0.00021207891404628754,
8,30,44,head_1,degradation,0.962890625,1.1509758234024048,1613,CCAAGG,3.84765625,1166,ATGGCA,3.869140625,1166,ATGGCA,3.869140625,1613,CCAAGG,0.031367070972919464,1166,ATGGCA,1.8722887034527957e-05,1453,CAGAGG,0.21645522117614746,False,False,True,-0.00028617866337299347,
8,31,44,head_1,degradation,0.9853515625,1.037528157234192,1613,CCAAGG,3.83984375,1166,ATGGCA,3.8671875,1166,ATGGCA,3.8671875,1613,CCAAGG,0.03097563609480858,1166,ATGGCA,1.8622087736730464e-05,1453,CAGAGG,0.2176641970872879,False,False,True,-0.0001268964260816574,
9,0,44,head_1,degradation,0.9775390625,0.9633423686027527,1613,CCAAGG,3.845703125,1166,ATGGCA,3.87109375,1166,ATGGCA,3.87109375,1613,CCAAGG,0.030719663947820663,1166,ATGGCA,1.8552689653006382e-05,1453,CAGAGG,0.21716056764125824,False,False,True,6.019324064254761e-05,
9,1,44,head_1,degradation,0.97021484375,0.9807259440422058,1613,CCAAGG,3.845703125,1166,ATGGCA,3.869140625,1166,ATGGCA,3.869140625,1613,CCAAGG,0.030779652297496796,1166,ATGGCA,1.8576431102701463e-05,1453,CAGAGG,0.21800003945827484,False,False,True,1.796334981918335e-05,
9,2,44,head_1,degradation,0.9775390625,0.9852067232131958,1613,CCAAGG,3.84375,1166,ATGGCA,3.869140625,1166,ATGGCA,3.869140625,1613,CCAAGG,0.03079500049352646,1166,ATGGCA,1.8468150301487185e-05,1453,CAGAGG,0.21756693720817566,False,False,True,5.359482020139694e-05,
9,3,44,head_1,degradation,0.9775390625,1.0320203304290771,1613,CCAAGG,3.83984375,1166,ATGGCA,3.865234375,1166,ATGGCA,3.865234375,1613,CCAAGG,0.03095666505396366,1166,ATGGCA,1.8650465790415183e-05,1453,CAGAGG,0.21634584665298462,False,False,True,3.115832805633545e-05,
9,4,44,head_1,degradation,0.9775390625,1.0224453210830688,1613,CCAAGG,3.84375,1166,ATGGCA,3.869140625,1166,ATGGCA,3.869140625,1613,CCAAGG,0.030923642218112946,1166,ATGGCA,1.8657023247214966e-05,1453,CAGAGG,0.2164582759141922,False,False,True,6.391666829586029e-05,
9,5,44,head_1,degradation,0.97021484375,1.0524758100509644,1613,CCAAGG,3.84765625,1166,ATGGCA,3.87109375,1166,ATGGCA,3.87109375,1613,CCAAGG,0.031027324497699738,1166,ATGGCA,1.874897316156421e-05,1453,CAGAGG,0.21690253913402557,False,False,True,0.00016295909881591797,
9,6,44,head_1,degradation,0.99267578125,0.9500113129615784,1613,CCAAGG,3.83984375,1166,ATGGCA,3.869140625,1166,ATGGCA,3.869140625,1613,CCAAGG,0.030673930421471596,1166,ATGGCA,1.880317176983226e-05,1453,CAGAGG,0.21641746163368225,False,False,True,0.00016170460730791092,
9,7,44,head_1,degradation,0.9775390625,1.0340797901153564,1613,CCAAGG,3.845703125,1166,ATGGCA,3.87109375,1166,ATGGCA,3.87109375,1613,CCAAGG,0.030963758006691933,1166,ATGGCA,1.8638813344296068e-05,1453,CAGAGG,0.21650440990924835,False,False,True,0.00010964833199977875,
9,8,44,head_1,degradation,0.9853515625,0.9432123899459839,1613,CCAAGG,3.83984375,1166,ATGGCA,3.8671875,1166,ATGGCA,3.8671875,1613,CCAAGG,0.030650323256850243,1166,ATGGCA,1.864882869995199e-05,1453,CAGAGG,0.21698139607906342,False,False,True,4.516448825597763e-05,
9,9,44,head_1,degradation,0.962890625,0.9911556839942932,1613,CCAAGG,3.84375,1166,ATGGCA,3.865234375,1166,ATGGCA,3.865234375,1613,CCAAGG,0.030815524980425835,1166,ATGGCA,1.8472561350790784e-05,1453,CAGAGG,0.21720096468925476,False,False,True,9.436625987291336e-05,
9,10,44,head_1,degradation,0.962890625,0.9213227033615112,1613,CCAAGG,3.84375,1166,ATGGCA,3.865234375,1166,ATGGCA,3.865234375,1613,CCAAGG,0.030574899166822433,1166,ATGGCA,1.8732494936557487e-05,1453,CAGAGG,0.21668535470962524,False,False,True,-3.2668933272361755e-05,
9,11,44,head_1,degradation,0.9853515625,1.005627155303955,1613,CCAAGG,3.84375,1166,ATGGCA,3.87109375,1166,ATGGCA,3.87109375,1613,CCAAGG,0.030865777283906937,1166,ATGGCA,1.880449417512864e-05,1453,CAGAGG,0.21630063652992249,False,False,True,7.836800068616867e-05,
9,12,44,head_1,degradation,0.9775390625,0.9380961060523987,1613,CCAAGG,3.84375,1166,ATGGCA,3.869140625,1166,ATGGCA,3.869140625,1613,CCAAGG,0.03063279017806053,1166,ATGGCA,1.8764514607028104e-05,1453,CAGAGG,0.21653655171394348,False,False,True,2.7439557015895844e-05,
9,13,44,head_1,degradation,0.99267578125,0.9981662034988403,1613,CCAAGG,3.83984375,1166,ATGGCA,3.869140625,1166,ATGGCA,3.869140625,1613,CCAAGG,0.030839817598462105,1166,ATGGCA,1.8580956748337485e-05,1453,CAGAGG,0.21634307503700256,False,False,True,0.00012467056512832642,
9,14,44,head_1,degradation,0.9853515625,0.9613924622535706,1613,CCAAGG,3.84765625,1166,ATGGCA,3.875,1166,ATGGCA,3.875,1613,CCAAGG,0.03071325458586216,1166,ATGGCA,1.8867795006372035e-05,1453,CAGAGG,0.21617642045021057,False,False,True,0.00023154355585575104,
9,15,44,head_1,degradation,0.99267578125,1.0412588119506836,1613,CCAAGG,3.845703125,1166,ATGGCA,3.875,1166,ATGGCA,3.875,1613,CCAAGG,0.03098875656723976,1166,ATGGCA,1.8875058231060393e-05,1453,CAGAGG,0.2161046713590622,False,False,True,0.00021905824542045593,
9,16,44,head_1,degradation,0.99267578125,1.0061157941818237,1613,CCAAGG,3.845703125,1166,ATGGCA,3.875,1166,ATGGCA,3.875,1613,CCAAGG,0.03086751326918602,1166,ATGGCA,1.885638448584359e-05,1453,CAGAGG,0.2151934802532196,False,False,True,0.00031564105302095413,
9,17,44,head_1,degradation,0.99267578125,0.9629611372947693,1613,CCAAGG,3.845703125,1166,ATGGCA,3.875,1166,ATGGCA,3.875,1613,CCAAGG,0.0307186059653759,1166,ATGGCA,1.8809590983437374e-05,1453,CAGAGG,0.21686169505119324,False,False,True,-5.4634176194667816e-05,
9,18,44,head_1,degradation,1.0146484375,0.9704042077064514,1613,CCAAGG,3.83984375,1166,ATGGCA,3.875,1166,ATGGCA,3.875,1613,CCAAGG,0.030744118615984917,1166,ATGGCA,1.8646624084794894e-05,1453,CAGAGG,0.21722404658794403,False,False,True,-0.0005280179902911186,
9,19,44,head_1,degradation,1.044921875,0.8347973227500916,1613,CCAAGG,3.83203125,1166,ATGGCA,3.875,1166,ATGGCA,3.875,1613,CCAAGG,0.030276361852884293,1166,ATGGCA,1.8662620277609676e-05,1453,CAGAGG,0.21683073043823242,False,False,True,-0.0006551602855324745,
9,20,44,head_1,degradation,1.0595703125,0.8831644654273987,1613,CCAAGG,3.828125,1166,ATGGCA,3.875,1166,ATGGCA,3.875,1613,CCAAGG,0.03044309839606285,1166,ATGGCA,1.855730624811258e-05,1453,CAGAGG,0.21747331321239471,False,False,True,-0.0005037635564804077,
9,21,44,head_1,degradation,0.9775390625,0.8008730411529541,1613,CCAAGG,3.83203125,1166,ATGGCA,3.857421875,1166,ATGGCA,3.857421875,1613,CCAAGG,0.030158938840031624,1166,ATGGCA,1.8259563148603775e-05,1453,CAGAGG,0.21767717599868774,False,False,True,-0.00012650061398744583,
9,22,44,head_1,degradation,0.97021484375,0.935284435749054,1613,CCAAGG,3.83203125,1166,ATGGCA,3.85546875,1166,ATGGCA,3.85546875,1613,CCAAGG,0.030622614547610283,1166,ATGGCA,1.828740641940385e-05,1453,CAGAGG,0.21722891926765442,False,False,True,-0.00013516098260879517,
9,23,44,head_1,degradation,0.9482421875,1.1164765357971191,1613,CCAAGG,3.83984375,1166,ATGGCA,3.857421875,1166,ATGGCA,3.857421875,1613,CCAAGG,0.03124752640724182,1166,ATGGCA,1.818337659642566e-05,1453,CAGAGG,0.2192934900522232,False,False,True,-0.0001363726332783699,
9,24,44,head_1,degradation,0.97021484375,1.1938092708587646,1613,CCAAGG,3.84375,1166,ATGGCA,3.8671875,1166,ATGGCA,3.8671875,1613,CCAAGG,0.03151440992951393,1166,ATGGCA,1.8308413928025402e-05,1453,CAGAGG,0.2193482369184494,False,False,True,-0.0001154635101556778,
9,25,44,head_1,degradation,0.962890625,1.1146011352539062,1613,CCAAGG,3.84765625,1166,ATGGCA,3.869140625,1166,ATGGCA,3.869140625,1613,CCAAGG,0.031241415068507195,1166,ATGGCA,1.8539885786594823e-05,1453,CAGAGG,0.21803291141986847,False,False,True,-5.723908543586731e-06,
9,26,44,head_1,degradation,0.99267578125,1.0604168176651,1613,CCAAGG,3.845703125,1166,ATGGCA,3.875,1166,ATGGCA,3.875,1613,CCAAGG,0.03105464205145836,1166,ATGGCA,1.8674971215659752e-05,1453,CAGAGG,0.21768726408481598,False,False,True,-0.00016721710562705994,
9,27,44,head_1,degradation,0.9775390625,1.0367181301116943,1613,CCAAGG,3.845703125,1166,ATGGCA,3.87109375,1166,ATGGCA,3.87109375,1613,CCAAGG,0.030972782522439957,1166,ATGGCA,1.856253220466897e-05,1453,CAGAGG,0.2172824740409851,False,False,True,-3.405846655368805e-06,
9,28,44,head_1,degradation,0.97021484375,1.06643545627594,1613,CCAAGG,3.845703125,1166,ATGGCA,3.869140625,1166,ATGGCA,3.869140625,1613,CCAAGG,0.031075166538357735,1166,ATGGCA,1.843790778366383e-05,1453,CAGAGG,0.21710112690925598,False,False,True,-0.0001471303403377533,
9,29,44,head_1,degradation,0.99267578125,1.0118714570999146,1613,CCAAGG,3.83984375,1166,ATGGCA,3.869140625,1166,ATGGCA,3.869140625,1613,CCAAGG,0.030887050554156303,1166,ATGGCA,1.8539149095886387e-05,1453,CAGAGG,0.21681994199752808,False,False,True,-0.0001769689843058586,
9,30,44,head_1,degradation,0.99267578125,1.0094043016433716,1613,CCAAGG,3.837890625,1166,ATGGCA,3.8671875,1166,ATGGCA,3.8671875,1613,CCAAGG,0.0308785829693079,1166,ATGGCA,1.858189898484852e-05,1453,CAGAGG,0.2164696305990219,False,False,True,-0.00011875666677951813,
9,31,44,head_1,degradation,1.0078125,1.03560471534729,1613,CCAAGG,3.84375,1166,ATGGCA,3.876953125,1166,ATGGCA,3.876953125,1613,CCAAGG,0.030969135463237762,1166,ATGGCA,1.8757260477286763e-05,1453,CAGAGG,0.21582618355751038,False,False,True,1.7539598047733307e-05,
10,0,44,head_1,degradation,0.99267578125,0.9988460540771484,1613,CCAAGG,3.83984375,1166,ATGGCA,3.869140625,1166,ATGGCA,3.869140625,1613,CCAAGG,0.030842354521155357,1166,ATGGCA,1.8774477211991325e-05,1453,CAGAGG,0.21665820479393005,False,False,True,8.75573605298996e-05,
10,1,44,head_1,degradation,1.0,1.021281123161316,1613,CCAAGG,3.84375,1166,ATGGCA,3.875,1166,ATGGCA,3.875,1613,CCAAGG,0.03091975674033165,1166,ATGGCA,1.87874429684598e-05,1453,CAGAGG,0.21709591150283813,False,False,True,0.00017594732344150543,
10,2,44,head_1,degradation,0.9853515625,1.0267874002456665,1613,CCAAGG,3.84375,1166,ATGGCA,3.87109375,1166,ATGGCA,3.87109375,1613,CCAAGG,0.030938604846596718,1166,ATGGCA,1.8641296264831908e-05,1453,CAGAGG,0.21706588566303253,False,False,True,-6.970949470996857e-06,
10,3,44,head_1,degradation,0.99267578125,1.0239136219024658,1613,CCAAGG,3.845703125,1166,ATGGCA,3.875,1166,ATGGCA,3.875,1613,CCAAGG,0.030928727239370346,1166,ATGGCA,1.86774577741744e-05,1453,CAGAGG,0.2172384262084961,False,False,True,0.00020053144544363022,
10,4,44,head_1,degradation,1.0,0.9386258125305176,1613,CCAAGG,3.837890625,1166,ATGGCA,3.869140625,1166,ATGGCA,3.869140625,1613,CCAAGG,0.030634580180048943,1166,ATGGCA,1.8726439520833082e-05,1453,CAGAGG,0.21693283319473267,False,False,True,7.204432040452957e-05,
10,5,44,head_1,degradation,0.99267578125,0.9189133048057556,1613,CCAAGG,3.837890625,1166,ATGGCA,3.8671875,1166,ATGGCA,3.8671875,1613,CCAAGG,0.030566411092877388,1166,ATGGCA,1.8555303540779278e-05,1453,CAGAGG,0.21753612160682678,False,False,True,9.542331099510193e-06,
10,6,44,head_1,degradation,0.97021484375,0.9246878623962402,1613,CCAAGG,3.83984375,1166,ATGGCA,3.86328125,1166,ATGGCA,3.86328125,1613,CCAAGG,0.030585868284106255,1166,ATGGCA,1.8093584003509022e-05,1453,CAGAGG,0.21946218609809875,False,False,True,-9.939074516296387e-05,
10,7,44,head_1,degradation,0.97021484375,0.915835976600647,1613,CCAAGG,3.84375,1166,ATGGCA,3.8671875,1166,ATGGCA,3.8671875,1613,CCAAGG,0.03055570274591446,1166,ATGGCA,1.846300801844336e-05,1453,CAGAGG,0.21807795763015747,False,False,True,0.00031751394271850586,
10,8,44,head_1,degradation,0.9482421875,0.8193879127502441,1613,CCAAGG,3.83984375,1166,ATGGCA,3.857421875,1166,ATGGCA,3.857421875,1613,CCAAGG,0.030223017558455467,1166,ATGGCA,1.847132807597518e-05,1453,CAGAGG,0.2176874577999115,False,False,True,0.00038620736449956894,
10,9,44,head_1,degradation,0.9775390625,0.837225615978241,1613,CCAAGG,3.83984375,1166,ATGGCA,3.865234375,1166,ATGGCA,3.865234375,1613,CCAAGG,0.030284730717539787,1166,ATGGCA,1.8654400264495052e-05,1453,CAGAGG,0.21737106144428253,False,False,True,0.0004182253032922745,
10,10,44,head_1,degradation,0.9775390625,0.9052879810333252,1613,CCAAGG,3.837890625,1166,ATGGCA,3.86328125,1166,ATGGCA,3.86328125,1613,CCAAGG,0.03051937185227871,1166,ATGGCA,1.851744127634447e-05,1453,CAGAGG,0.21760603785514832,False,False,True,9.857770055532455e-05,
10,11,44,head_1,degradation,0.9775390625,1.0755637884140015,1613,CCAAGG,3.84375,1166,ATGGCA,3.869140625,1166,ATGGCA,3.869140625,1613,CCAAGG,0.031106695532798767,1166,ATGGCA,1.8479979189578444e-05,1453,CAGAGG,0.21769310534000397,False,False,True,3.663357347249985e-05,
10,12,44,head_1,degradation,0.95556640625,1.0995653867721558,1613,CCAAGG,3.8359375,1166,ATGGCA,3.85546875,1166,ATGGCA,3.85546875,1613,CCAAGG,0.03118879906833172,1166,ATGGCA,1.7790505808079615e-05,1453,CAGAGG,0.21927917003631592,False,False,True,-0.0004114946350455284,
10,13,44,head_1,degradation,0.95556640625,1.1538560390472412,1613,CCAAGG,3.83984375,1166,ATGGCA,3.859375,1166,ATGGCA,3.859375,1613,CCAAGG,0.03137604147195816,1166,ATGGCA,1.7758324247552082e-05,1453,CAGAGG,0.22012487053871155,False,False,True,-0.00037044845521450043,
10,14,44,head_1,degradation,0.9775390625,1.1413469314575195,1613,CCAAGG,3.83203125,1166,ATGGCA,3.857421875,1166,ATGGCA,3.857421875,1613,CCAAGG,0.03133276104927063,1166,ATGGCA,1.762868123478256e-05,1453,CAGAGG,0.22035855054855347,False,False,True,-0.0005864575505256653,
10,15,44,head_1,degradation,0.9853515625,1.1421136856079102,1613,CCAAGG,3.83984375,1166,ATGGCA,3.8671875,1166,ATGGCA,3.8671875,1613,CCAAGG,0.03133585676550865,1166,ATGGCA,1.8079410438076593e-05,1453,CAGAGG,0.21945416927337646,False,False,True,-0.0002013305202126503,
10,16,44,head_1,degradation,0.95556640625,1.1036416292190552,1613,CCAAGG,3.84375,1166,ATGGCA,3.86328125,1166,ATGGCA,3.86328125,1613,CCAAGG,0.03120315819978714,1166,ATGGCA,1.808792512747459e-05,1453,CAGAGG,0.21902891993522644,False,False,True,-0.0003038160502910614,
10,17,44,head_1,degradation,0.95556640625,1.0850015878677368,1613,CCAAGG,3.845703125,1166,ATGGCA,3.865234375,1166,ATGGCA,3.865234375,1613,CCAAGG,0.031139373779296875,1166,ATGGCA,1.860293014033232e-05,1453,CAGAGG,0.21694307029247284,False,False,True,0.0001091761514544487,
10,18,44,head_1,degradation,0.962890625,0.9809753894805908,1613,CCAAGG,3.84375,1166,ATGGCA,3.865234375,1166,ATGGCA,3.865234375,1613,CCAAGG,0.030780717730522156,1166,ATGGCA,1.8781320250127465e-05,1453,CAGAGG,0.21641996502876282,False,False,True,0.00011794641613960266,
10,19,44,head_1,degradation,0.962890625,0.895893394947052,1613,CCAAGG,3.84375,1166,ATGGCA,3.865234375,1166,ATGGCA,3.865234375,1613,CCAAGG,0.03048718348145485,1166,ATGGCA,1.8734413970378228e-05,1453,CAGAGG,0.2170649915933609,False,False,True,0.0001743268221616745,
10,20,44,head_1,degradation,0.99267578125,0.7810989618301392,1613,CCAAGG,3.83984375,1166,ATGGCA,3.869140625,1166,ATGGCA,3.869140625,1613,CCAAGG,0.03009113483130932,1166,ATGGCA,1.8665419702301733e-05,1453,CAGAGG,0.21709834039211273,False,False,True,7.140077650547028e-05,
10,21,44,head_1,degradation,0.962890625,0.8618595004081726,1613,CCAAGG,3.84375,1166,ATGGCA,3.865234375,1166,ATGGCA,3.865234375,1613,CCAAGG,0.030369680374860764,1166,ATGGCA,1.8630964405019768e-05,1453,CAGAGG,0.2164858728647232,False,False,True,2.4798326194286346e-05,
10,22,44,head_1,degradation,0.962890625,1.0096343755722046,1613,CCAAGG,3.84765625,1166,ATGGCA,3.869140625,1166,ATGGCA,3.869140625,1613,CCAAGG,0.030879443511366844,1166,ATGGCA,1.8648281184141524e-05,1453,CAGAGG,0.2163468897342682,False,False,True,9.899400174617767e-05,
10,23,44,head_1,degradation,0.97021484375,0.9919796586036682,1613,CCAAGG,3.845703125,1166,ATGGCA,3.869140625,1166,ATGGCA,3.869140625,1613,CCAAGG,0.030818361788988113,1166,ATGGCA,1.846693703555502e-05,1453,CAGAGG,0.2168731987476349,False,False,True,0.00016448739916086197,
10,24,44,head_1,degradation,0.9853515625,0.9916254281997681,1613,CCAAGG,3.849609375,1166,ATGGCA,3.876953125,1166,ATGGCA,3.876953125,1613,CCAAGG,0.030817165970802307,1166,ATGGCA,1.8491584341973066e-05,1453,CAGAGG,0.21765047311782837,False,False,True,0.0001769205555319786,
10,25,44,head_1,degradation,0.9853515625,0.931282639503479,1613,CCAAGG,3.849609375,1166,ATGGCA,3.876953125,1166,ATGGCA,3.876953125,1613,CCAAGG,0.030609192326664925,1166,ATGGCA,1.8670167264644988e-05,1453,CAGAGG,0.21681258082389832,False,False,True,8.591916412115097e-05,
10,26,44,head_1,degradation,0.9853515625,0.9717385172843933,1613,CCAAGG,3.849609375,1166,ATGGCA,3.876953125,1166,ATGGCA,3.876953125,1613,CCAAGG,0.03074895590543747,1166,ATGGCA,1.888136102934368e-05,1453,CAGAGG,0.21618017554283142,False,False,True,6.535090506076813e-06,
10,27,44,head_1,degradation,0.9853515625,0.9489313364028931,1613,CCAAGG,3.84765625,1166,ATGGCA,3.875,1166,ATGGCA,3.875,1613,CCAAGG,0.030670326203107834,1166,ATGGCA,1.8924085452454165e-05,1453,CAGAGG,0.21558131277561188,False,False,True,8.534640073776245e-06,
10,28,44,head_1,degradation,0.97021484375,1.0130383968353271,1613,CCAAGG,3.84765625,1166,ATGGCA,3.87109375,1166,ATGGCA,3.87109375,1613,CCAAGG,0.030890990048646927,1166,ATGGCA,1.8452372387400828e-05,1453,CAGAGG,0.21761661767959595,False,False,True,-4.55416738986969e-07,
10,29,44,head_1,degradation,0.99267578125,0.960827648639679,1613,CCAAGG,3.83984375,1166,ATGGCA,3.869140625,1166,ATGGCA,3.869140625,1613,CCAAGG,0.030710818246006966,1166,ATGGCA,1.8380653273197822e-05,1453,CAGAGG,0.21782805025577545,False,False,True,4.313420504331589e-05,
10,30,44,head_1,degradation,0.9853515625,0.9163910746574402,1613,CCAAGG,3.84375,1166,ATGGCA,3.87109375,1166,ATGGCA,3.87109375,1613,CCAAGG,0.03055768646299839,1166,ATGGCA,1.8530781744630076e-05,1453,CAGAGG,0.21827521920204163,False,False,True,9.556766599416733e-05,
10,31,44,head_1,degradation,0.9775390625,0.9240738749504089,1613,CCAAGG,3.83984375,1166,ATGGCA,3.865234375,1166,ATGGCA,3.865234375,1613,CCAAGG,0.03058401122689247,1166,ATGGCA,1.8354836356593296e-05,1453,CAGAGG,0.21766138076782227,False,False,True,0.00014123227447271347,
11,0,44,head_1,degradation,0.97021484375,1.0233811140060425,1613,CCAAGG,3.83984375,1166,ATGGCA,3.86328125,1166,ATGGCA,3.86328125,1613,CCAAGG,0.030926693230867386,1166,ATGGCA,1.848016654548701e-05,1453,CAGAGG,0.21653909981250763,False,False,True,4.434026777744293e-06,
11,1,44,head_1,degradation,0.9775390625,1.009318470954895,1613,CCAAGG,3.83984375,1166,ATGGCA,3.865234375,1166,ATGGCA,3.865234375,1613,CCAAGG,0.03087819740176201,1166,ATGGCA,1.8491486116545275e-05,1453,CAGAGG,0.21656273305416107,False,False,True,-2.0199455320835114e-05,
11,2,44,head_1,degradation,0.99267578125,1.0205214023590088,1613,CCAAGG,3.83984375,1166,ATGGCA,3.869140625,1166,ATGGCA,3.869140625,1613,CCAAGG,0.030916796997189522,1166,ATGGCA,1.844807411544025e-05,1453,CAGAGG,0.21720102429389954,False,False,True,7.269717752933502e-05,
11,3,44,head_1,degradation,0.99267578125,1.053456425666809,1613,CCAAGG,3.83984375,1166,ATGGCA,3.869140625,1166,ATGGCA,3.869140625,1613,CCAAGG,0.031030505895614624,1166,ATGGCA,1.85483895620564e-05,1453,CAGAGG,0.21671302616596222,False,False,True,1.4829449355602264e-05,
11,4,44,head_1,degradation,0.9775390625,1.0283775329589844,1613,CCAAGG,3.84375,1166,ATGGCA,3.869140625,1166,ATGGCA,3.869140625,1613,CCAAGG,0.030944010242819786,1166,ATGGCA,1.8561990145826712e-05,1453,CAGAGG,0.2169051170349121,False,False,True,6.516464054584503e-06,
11,5,44,head_1,degradation,0.9775390625,1.0296541452407837,1613,CCAAGG,3.845703125,1166,ATGGCA,3.87109375,1166,ATGGCA,3.87109375,1613,CCAAGG,0.030948461964726448,1166,ATGGCA,1.860888187366072e-05,1453,CAGAGG,0.21777212619781494,False,False,True,-9.810458868741989e-05,
11,6,44,head_1,degradation,0.9775390625,1.0188021659851074,1613,CCAAGG,3.845703125,1166,ATGGCA,3.87109375,1166,ATGGCA,3.87109375,1613,CCAAGG,0.030911164358258247,1166,ATGGCA,1.874502413556911e-05,1453,CAGAGG,0.21593888103961945,False,False,True,0.00011123158037662506,
11,7,44,head_1,degradation,0.9775390625,1.0507922172546387,1613,CCAAGG,3.84375,1166,ATGGCA,3.869140625,1166,ATGGCA,3.869140625,1613,CCAAGG,0.031021352857351303,1166,ATGGCA,1.8585671568871476e-05,1453,CAGAGG,0.21645085513591766,False,False,True,2.8030015528202057e-05,
11,8,44,head_1,degradation,0.9775390625,1.011104702949524,1613,CCAAGG,3.84375,1166,ATGGCA,3.869140625,1166,ATGGCA,3.869140625,1613,CCAAGG,0.030884426087141037,1166,ATGGCA,1.855992195487488e-05,1453,CAGAGG,0.21688754856586456,False,False,True,-3.27136367559433e-05,
11,9,44,head_1,degradation,0.99267578125,1.0995453596115112,1613,CCAAGG,3.83984375,1166,ATGGCA,3.869140625,1166,ATGGCA,3.869140625,1613,CCAAGG,0.031189413741230965,1166,ATGGCA,1.847294879553374e-05,1453,CAGAGG,0.21807560324668884,False,False,True,-0.0002116682007908821,
11,10,44,head_1,degradation,0.99267578125,1.1642787456512451,1613,CCAAGG,3.837890625,1166,ATGGCA,3.8671875,1166,ATGGCA,3.8671875,1613,CCAAGG,0.0314127616584301,1166,ATGGCA,1.8525881387176923e-05,1453,CAGAGG,0.2180277407169342,False,False,True,-0.00023244880139827728,
11,11,44,head_1,degradation,0.99267578125,1.1937843561172485,1613,CCAAGG,3.845703125,1166,ATGGCA,3.875,1166,ATGGCA,3.875,1613,CCAAGG,0.03151450306177139,1166,ATGGCA,1.8489166905055754e-05,1453,CAGAGG,0.21754895150661469,False,False,True,-0.00028022658079862595,
11,12,44,head_1,degradation,0.9853515625,1.0438610315322876,1613,CCAAGG,3.83984375,1166,ATGGCA,3.8671875,1166,ATGGCA,3.8671875,1613,CCAAGG,0.03099731355905533,1166,ATGGCA,1.845523547672201e-05,1453,CAGAGG,0.21661008894443512,False,False,True,-0.00014057941734790802,
11,13,44,head_1,degradation,0.962890625,0.9627629518508911,1613,CCAAGG,3.845703125,1166,ATGGCA,3.8671875,1166,ATGGCA,3.8671875,1613,CCAAGG,0.0307175163179636,1166,ATGGCA,1.8402050045551732e-05,1453,CAGAGG,0.2180584818124771,False,False,True,-5.042552947998047e-05,
11,14,44,head_1,degradation,1.0078125,0.9674035310745239,1613,CCAAGG,3.845703125,1166,ATGGCA,3.87890625,1166,ATGGCA,3.87890625,1613,CCAAGG,0.0307339895516634,1166,ATGGCA,1.8869010091293603e-05,1453,CAGAGG,0.21495357155799866,False,False,True,0.00038567744195461273,
11,15,44,head_1,degradation,1.0146484375,1.0000826120376587,1613,CCAAGG,3.849609375,1166,ATGGCA,3.884765625,1166,ATGGCA,3.884765625,1613,CCAAGG,0.030846845358610153,1166,ATGGCA,1.8998433006345294e-05,1453,CAGAGG,0.21650798618793488,False,False,True,0.00029305554926395416,
11,16,44,head_1,degradation,1.06640625,0.748254656791687,1613,CCAAGG,3.84765625,1166,ATGGCA,3.896484375,1166,ATGGCA,3.896484375,1613,CCAAGG,0.029978619888424873,1166,ATGGCA,1.944693212863058e-05,1453,CAGAGG,0.2164219170808792,False,False,True,0.0006843134760856628,
11,17,44,head_1,degradation,1.0224609375,0.8336006999015808,1613,CCAAGG,3.849609375,1166,ATGGCA,3.88671875,1166,ATGGCA,3.88671875,1613,CCAAGG,0.030272645875811577,1166,ATGGCA,1.907437399495393e-05,1453,CAGAGG,0.2191723734140396,False,False,True,0.0005448367446660995,
11,18,44,head_1,degradation,1.0224609375,0.865559458732605,1613,CCAAGG,3.849609375,1166,ATGGCA,3.88671875,1166,ATGGCA,3.88671875,1613,CCAAGG,0.030383029952645302,1166,ATGGCA,1.9217604858567938e-05,1453,CAGAGG,0.21789370477199554,False,False,True,0.0004098508507013321,
11,19,44,head_1,degradation,0.99267578125,1.0016307830810547,1613,CCAAGG,3.845703125,1166,ATGGCA,3.875,1166,ATGGCA,3.875,1613,CCAAGG,0.03085201419889927,1166,ATGGCA,1.8827675376087427e-05,1453,CAGAGG,0.2160591036081314,False,False,True,7.383525371551514e-06,
11,20,44,head_1,degradation,0.9775390625,1.0066677331924438,1613,CCAAGG,3.84375,1166,ATGGCA,3.869140625,1166,ATGGCA,3.869140625,1613,CCAAGG,0.030869178473949432,1166,ATGGCA,1.8616514353198e-05,1453,CAGAGG,0.21730373799800873,False,False,True,-9.167660027742386e-05,
11,21,44,head_1,degradation,0.9775390625,1.041498064994812,1613,CCAAGG,3.837890625,1166,ATGGCA,3.86328125,1166,ATGGCA,3.86328125,1613,CCAAGG,0.03098912164568901,1166,ATGGCA,1.841438097471837e-05,1453,CAGAGG,0.21765929460525513,False,False,True,-2.4174340069293976e-05,
11,22,44,head_1,degradation,0.94091796875,1.1514358520507812,1613,CCAAGG,3.84375,1166,ATGGCA,3.859375,1166,ATGGCA,3.859375,1613,CCAAGG,0.03136823698878288,1166,ATGGCA,1.830375549616292e-05,1453,CAGAGG,0.21789485216140747,False,False,True,-0.0001038452610373497,
11,23,44,head_1,degradation,0.92578125,1.1271291971206665,1613,CCAAGG,3.845703125,1166,ATGGCA,3.857421875,1166,ATGGCA,3.857421875,1613,CCAAGG,0.0312843844294548,1166,ATGGCA,1.829442953749094e-05,1453,CAGAGG,0.21838942170143127,False,False,True,-0.00010081194341182709,
11,24,44,head_1,degradation,0.962890625,0.982553243637085,1613,CCAAGG,3.845703125,1166,ATGGCA,3.8671875,1166,ATGGCA,3.8671875,1613,CCAAGG,0.030786057934165,1166,ATGGCA,1.8678025298868306e-05,1453,CAGAGG,0.21635515987873077,False,False,True,9.84780490398407e-06,
11,25,44,head_1,degradation,0.9775390625,0.965415894985199,1613,CCAAGG,3.845703125,1166,ATGGCA,3.87109375,1166,ATGGCA,3.87109375,1613,CCAAGG,0.030727097764611244,1166,ATGGCA,1.8832872228813358e-05,1453,CAGAGG,0.21723300218582153,False,False,True,0.00023068487644195557,
11,26,44,head_1,degradation,0.9853515625,1.0050634145736694,1613,CCAAGG,3.83984375,1166,ATGGCA,3.8671875,1166,ATGGCA,3.8671875,1613,CCAAGG,0.030863815918564796,1166,ATGGCA,1.8788108718581498e-05,1453,CAGAGG,0.21574634313583374,False,False,True,0.00036950036883354187,
11,27,44,head_1,degradation,0.97021484375,1.0856695175170898,1613,CCAAGG,3.845703125,1166,ATGGCA,3.869140625,1166,ATGGCA,3.869140625,1613,CCAAGG,0.03114156238734722,1166,ATGGCA,1.8486300177755766e-05,1453,CAGAGG,0.2183365374803543,False,False,True,0.0002453429624438286,
11,28,44,head_1,degradation,0.9853515625,1.0037809610366821,1613,CCAAGG,3.83984375,1166,ATGGCA,3.8671875,1166,ATGGCA,3.8671875,1613,CCAAGG,0.03085923194885254,1166,ATGGCA,1.8628694306244142e-05,1453,CAGAGG,0.21624818444252014,False,False,True,-9.753182530403137e-05,
11,29,44,head_1,degradation,0.97021484375,1.007894515991211,1613,CCAAGG,3.84375,1166,ATGGCA,3.8671875,1166,ATGGCA,3.8671875,1613,CCAAGG,0.030873429030179977,1166,ATGGCA,1.863498800958041e-05,1453,CAGAGG,0.21673095226287842,False,False,True,-6.915442645549774e-05,
11,30,44,head_1,degradation,0.9775390625,1.0227240324020386,1613,CCAAGG,3.84375,1166,ATGGCA,3.869140625,1166,ATGGCA,3.869140625,1613,CCAAGG,0.030924713239073753,1166,ATGGCA,1.8766397261060774e-05,1453,CAGAGG,0.21614563465118408,False,False,True,0.00010703876614570618,
11,31,44,head_1,degradation,0.97021484375,1.048818588256836,1613,CCAAGG,3.84375,1166,ATGGCA,3.8671875,1166,ATGGCA,3.8671875,1613,CCAAGG,0.031014466658234596,1166,ATGGCA,1.8507167624193244e-05,1453,CAGAGG,0.21649856865406036,False,False,True,3.100372850894928e-06,
12,0,44,head_1,degradation,0.97021484375,1.0528640747070312,1613,CCAAGG,3.845703125,1166,ATGGCA,3.869140625,1166,ATGGCA,3.869140625,1613,CCAAGG,0.031028462573885918,1166,ATGGCA,1.854914808063768e-05,1453,CAGAGG,0.21751371026039124,False,False,True,-8.305534720420837e-06,
12,1,44,head_1,degradation,0.9775390625,1.0702768564224243,1613,CCAAGG,3.84375,1166,ATGGCA,3.869140625,1166,ATGGCA,3.869140625,1613,CCAAGG,0.031088639050722122,1166,ATGGCA,1.8659797206055373e-05,1453,CAGAGG,0.21719524264335632,False,False,True,5.194544792175293e-05,
12,2,44,head_1,degradation,0.97021484375,1.0569511651992798,1613,CCAAGG,3.845703125,1166,ATGGCA,3.869140625,1166,ATGGCA,3.869140625,1613,CCAAGG,0.03104259818792343,1166,ATGGCA,1.858535142673645e-05,1453,CAGAGG,0.2171749323606491,False,False,True,-8.651986718177795e-07,
12,3,44,head_1,degradation,0.99267578125,1.0008817911148071,1613,CCAAGG,3.83984375,1166,ATGGCA,3.869140625,1166,ATGGCA,3.869140625,1613,CCAAGG,0.030849268659949303,1166,ATGGCA,1.866476122813765e-05,1453,CAGAGG,0.21732932329177856,False,False,True,7.633119821548462e-05,
12,4,44,head_1,degradation,0.9775390625,1.090416431427002,1613,CCAAGG,3.84375,1166,ATGGCA,3.869140625,1166,ATGGCA,3.869140625,1613,CCAAGG,0.03115822933614254,1166,ATGGCA,1.8778710000333376e-05,1453,CAGAGG,0.21647903323173523,False,False,True,0.00014390051364898682,
12,5,44,head_1,degradation,0.99267578125,1.026829481124878,1613,CCAAGG,3.83984375,1166,ATGGCA,3.869140625,1166,ATGGCA,3.869140625,1613,CCAAGG,0.030938822776079178,1166,ATGGCA,1.8713493773248047e-05,1453,CAGAGG,0.2161947637796402,False,False,True,0.00019554328173398972,
12,6,44,head_1,degradation,0.9853515625,0.997175931930542,1613,CCAAGG,3.84375,1166,ATGGCA,3.87109375,1166,ATGGCA,3.87109375,1613,CCAAGG,0.030836518853902817,1166,ATGGCA,1.8698641724768095e-05,1453,CAGAGG,0.21676932275295258,False,False,True,2.912711352109909e-05,
12,7,44,head_1,degradation,0.9775390625,1.0678231716156006,1613,CCAAGG,3.84375,1166,ATGGCA,3.869140625,1166,ATGGCA,3.869140625,1613,CCAAGG,0.03108002245426178,1166,ATGGCA,1.8506994820199907e-05,1453,CAGAGG,0.21698600053787231,False,False,True,4.898756742477417e-06,
12,8,44,head_1,degradation,0.9775390625,1.0330408811569214,1613,CCAAGG,3.84375,1166,ATGGCA,3.869140625,1166,ATGGCA,3.869140625,1613,CCAAGG,0.030960042029619217,1166,ATGGCA,1.8506856577005237e-05,1453,CAGAGG,0.21742519736289978,False,False,True,-6.209686398506165e-05,
12,9,44,head_1,degradation,0.97021484375,1.0380189418792725,1613,CCAAGG,3.84765625,1166,ATGGCA,3.87109375,1166,ATGGCA,3.87109375,1613,CCAAGG,0.03097723051905632,1166,ATGGCA,1.8523624021327123e-05,1453,CAGAGG,0.21778504550457,False,False,True,-5.853269249200821e-05,
12,10,44,head_1,degradation,0.97021484375,1.0610777139663696,1613,CCAAGG,3.84375,1166,ATGGCA,3.8671875,1166,ATGGCA,3.8671875,1613,CCAAGG,0.031056798994541168,1166,ATGGCA,1.855221125879325e-05,1453,CAGAGG,0.21669818460941315,False,False,True,2.4648383259773254e-05,
12,11,44,head_1,degradation,0.97021484375,1.036194920539856,1613,CCAAGG,3.845703125,1166,ATGGCA,3.869140625,1166,ATGGCA,3.869140625,1613,CCAAGG,0.030970972031354904,1166,ATGGCA,1.8557770090410486e-05,1453,CAGAGG,0.21708090603351593,False,False,True,5.288515239953995e-05,
12,12,44,head_1,degradation,0.99267578125,0.9211617708206177,1613,CCAAGG,3.83984375,1166,ATGGCA,3.869140625,1166,ATGGCA,3.869140625,1613,CCAAGG,0.030574098229408264,1166,ATGGCA,1.8485956388758495e-05,1453,CAGAGG,0.2175908237695694,False,False,True,3.5789795219898224e-05,
12,13,44,head_1,degradation,0.99267578125,1.0065407752990723,1613,CCAAGG,3.845703125,1166,ATGGCA,3.875,1166,ATGGCA,3.875,1613,CCAAGG,0.030868642032146454,1166,ATGGCA,1.8519063814892434e-05,1453,CAGAGG,0.21829694509506226,False,False,True,-8.706096559762955e-05,
12,14,44,head_1,degradation,1.0078125,1.0603935718536377,1613,CCAAGG,3.845703125,1166,ATGGCA,3.87890625,1166,ATGGCA,3.87890625,1613,CCAAGG,0.031054455786943436,1166,ATGGCA,1.8569209714769386e-05,1453,CAGAGG,0.2178487777709961,False,False,True,-0.00018341466784477234,
12,15,44,head_1,degradation,1.029296875,1.3759716749191284,1613,CCAAGG,3.849609375,1166,ATGGCA,3.888671875,1166,ATGGCA,3.888671875,1613,CCAAGG,0.03214311599731445,1166,ATGGCA,1.8651831851457246e-05,1453,CAGAGG,0.22005078196525574,False,False,True,-0.00010915566235780716,
12,16,44,head_1,degradation,1.037109375,0.8261792063713074,1613,CCAAGG,3.837890625,1166,ATGGCA,3.87890625,1166,ATGGCA,3.87890625,1613,CCAAGG,0.030246954411268234,1166,ATGGCA,1.8981905668624677e-05,1453,CAGAGG,0.21689796447753906,False,False,True,-3.451947122812271e-05,
12,17,44,head_1,degradation,1.037109375,0.8124825954437256,1613,CCAAGG,3.837890625,1166,ATGGCA,3.87890625,1166,ATGGCA,3.87890625,1613,CCAAGG,0.03019949235022068,1166,ATGGCA,1.8766335415421054e-05,1453,CAGAGG,0.2190200686454773,False,False,True,0.00018440280109643936,
12,18,44,head_1,degradation,1.037109375,0.5016266703605652,1613,CCAAGG,3.828125,1166,ATGGCA,3.869140625,1166,ATGGCA,3.869140625,1613,CCAAGG,0.0291272159665823,1166,ATGGCA,1.8777425793814473e-05,1453,CAGAGG,0.21712252497673035,False,False,True,-0.00045937858521938324,
12,19,44,head_1,degradation,1.0224609375,1.0918781757354736,1613,CCAAGG,3.837890625,1166,ATGGCA,3.875,1166,ATGGCA,3.875,1613,CCAAGG,0.031163081526756287,1166,ATGGCA,1.858899850049056e-05,1453,CAGAGG,0.21808107197284698,False,False,True,-0.0004420904442667961,
12,20,44,head_1,degradation,0.9775390625,1.2026163339614868,1613,CCAAGG,3.84375,1166,ATGGCA,3.869140625,1166,ATGGCA,3.869140625,1613,CCAAGG,0.031545042991638184,1166,ATGGCA,1.8563328922027722e-05,1453,CAGAGG,0.21488811075687408,False,False,True,-0.00033745914697647095,
12,21,44,head_1,degradation,0.94091796875,1.2051455974578857,1613,CCAAGG,3.8515625,1166,ATGGCA,3.8671875,1166,ATGGCA,3.8671875,1613,CCAAGG,0.031553711742162704,1166,ATGGCA,1.8506794731365517e-05,1453,CAGAGG,0.2164776772260666,False,False,True,0.00025674887001514435,
12,22,44,head_1,degradation,0.95556640625,1.2619882822036743,1613,CCAAGG,3.85546875,1166,ATGGCA,3.875,1166,ATGGCA,3.875,1613,CCAAGG,0.03174993768334389,1166,ATGGCA,1.865792364696972e-05,1453,CAGAGG,0.21594089269638062,False,False,True,0.0002084672451019287,
12,23,44,head_1,degradation,1.0078125,1.1411179304122925,1613,CCAAGG,3.849609375,1166,ATGGCA,3.8828125,1166,ATGGCA,3.8828125,1613,CCAAGG,0.03133334591984749,1166,ATGGCA,1.9003220586455427e-05,1453,CAGAGG,0.21756283938884735,False,False,True,-9.65408980846405e-06,
12,24,44,head_1,degradation,1.0078125,1.0453540086746216,1613,CCAAGG,3.837890625,1166,ATGGCA,3.87109375,1166,ATGGCA,3.87109375,1613,CCAAGG,0.03100249171257019,1166,ATGGCA,1.848226020229049e-05,1453,CAGAGG,0.21749088168144226,False,False,True,-3.1329691410064697e-06,
12,25,44,head_1,degradation,0.97021484375,0.9935202598571777,1613,CCAAGG,3.84375,1166,ATGGCA,3.8671875,1166,ATGGCA,3.8671875,1613,CCAAGG,0.030823655426502228,1166,ATGGCA,1.844561666075606e-05,1453,CAGAGG,0.21821841597557068,False,False,True,9.26479697227478e-06,
12,26,44,head_1,degradation,0.95556640625,1.0170272588729858,1613,CCAAGG,3.84765625,1166,ATGGCA,3.8671875,1166,ATGGCA,3.8671875,1613,CCAAGG,0.030904468148946762,1166,ATGGCA,1.8171876945416443e-05,1453,CAGAGG,0.21980780363082886,False,False,True,-1.1465512216091156e-05,
12,27,44,head_1,degradation,0.97021484375,1.0233979225158691,1613,CCAAGG,3.845703125,1166,ATGGCA,3.869140625,1166,ATGGCA,3.869140625,1613,CCAAGG,0.03092648833990097,1166,ATGGCA,1.8217016986454837e-05,1453,CAGAGG,0.2199174463748932,False,False,True,-0.00013373326510190964,
12,28,44,head_1,degradation,0.962890625,1.068017601966858,1613,CCAAGG,3.849609375,1166,ATGGCA,3.87109375,1166,ATGGCA,3.87109375,1613,CCAAGG,0.0310804583132267,1166,ATGGCA,1.8272517991135828e-05,1453,CAGAGG,0.21935932338237762,False,False,True,-0.00011473428457975388,
12,29,44,head_1,degradation,0.9853515625,0.9905703067779541,1613,CCAAGG,3.84375,1166,ATGGCA,3.87109375,1166,ATGGCA,3.87109375,1613,CCAAGG,0.03081361949443817,1166,ATGGCA,1.8585860743769445e-05,1453,CAGAGG,0.2176918387413025,False,False,True,-3.152526915073395e-05,
12,30,44,head_1,degradation,0.9853515625,1.0488094091415405,1613,CCAAGG,3.84375,1166,ATGGCA,3.87109375,1166,ATGGCA,3.87109375,1613,CCAAGG,0.03101457469165325,1166,ATGGCA,1.8647475371835753e-05,1453,CAGAGG,0.21686303615570068,False,False,True,9.103864431381226e-05,
12,31,44,head_1,degradation,0.9775390625,0.9844982624053955,1613,CCAAGG,3.84375,1166,ATGGCA,3.869140625,1166,ATGGCA,3.869140625,1613,CCAAGG,0.03079262189567089,1166,ATGGCA,1.853415415098425e-05,1453,CAGAGG,0.21731126308441162,False,False,True,6.910413503646851e-07,
13,0,44,head_1,degradation,1.0,0.9795752167701721,1613,CCAAGG,3.837890625,1166,ATGGCA,3.869140625,1166,ATGGCA,3.869140625,1613,CCAAGG,0.0307756457477808,1166,ATGGCA,1.8539769371272996e-05,1453,CAGAGG,0.21681727468967438,False,False,True,3.158394247293472e-05,
13,1,44,head_1,degradation,0.9775390625,0.966997504234314,1613,CCAAGG,3.84375,1166,ATGGCA,3.869140625,1166,ATGGCA,3.869140625,1613,CCAAGG,0.03073217160999775,1166,ATGGCA,1.8450738934916444e-05,1453,CAGAGG,0.21745793521404266,False,False,True,-6.639119237661362e-05,
13,2,44,head_1,degradation,0.9775390625,0.9687869548797607,1613,CCAAGG,3.84375,1166,ATGGCA,3.869140625,1166,ATGGCA,3.869140625,1613,CCAAGG,0.030738327652215958,1166,ATGGCA,1.8434178855386563e-05,1453,CAGAGG,0.21783028542995453,False,False,True,-4.4910237193107605e-05,
13,3,44,head_1,degradation,0.9775390625,1.025048017501831,1613,CCAAGG,3.84375,1166,ATGGCA,3.869140625,1166,ATGGCA,3.869140625,1613,CCAAGG,0.030932433903217316,1166,ATGGCA,1.846922532422468e-05,1453,CAGAGG,0.21757963299751282,False,False,True,-2.1471641957759857e-05,
13,4,44,head_1,degradation,0.9775390625,1.025200366973877,1613,CCAAGG,3.84375,1166,ATGGCA,3.869140625,1166,ATGGCA,3.869140625,1613,CCAAGG,0.030932962894439697,1166,ATGGCA,1.847348721639719e-05,1453,CAGAGG,0.2174074798822403,False,False,True,-2.6152469217777252e-05,
13,5,44,head_1,degradation,0.9775390625,1.050896406173706,1613,CCAAGG,3.84375,1166,ATGGCA,3.869140625,1166,ATGGCA,3.869140625,1613,CCAAGG,0.03102160058915615,1166,ATGGCA,1.847391285991762e-05,1453,CAGAGG,0.21791070699691772,False,False,True,7.655471563339233e-06,
13,6,44,head_1,degradation,0.9775390625,1.0496500730514526,1613,CCAAGG,3.84375,1166,ATGGCA,3.869140625,1166,ATGGCA,3.869140625,1613,CCAAGG,0.031017454341053963,1166,ATGGCA,1.86264660442248e-05,1453,CAGAGG,0.216291606426239,False,False,True,-4.1961669921875e-05,
13,7,44,head_1,degradation,0.9775390625,1.034071683883667,1613,CCAAGG,3.84375,1166,ATGGCA,3.869140625,1166,ATGGCA,3.869140625,1613,CCAAGG,0.030963627621531487,1166,ATGGCA,1.8537813957664184e-05,1453,CAGAGG,0.2170194536447525,False,False,True,-3.124400973320007e-05,
13,8,44,head_1,degradation,0.97021484375,1.021774172782898,1613,CCAAGG,3.84375,1166,ATGGCA,3.8671875,1166,ATGGCA,3.8671875,1613,CCAAGG,0.030921123921871185,1166,ATGGCA,1.8453749362379313e-05,1453,CAGAGG,0.21744365990161896,False,False,True,-5.01144677400589e-05,
13,9,44,head_1,degradation,0.97021484375,0.9960268139839172,1613,CCAAGG,3.84375,1166,ATGGCA,3.8671875,1166,ATGGCA,3.8671875,1613,CCAAGG,0.03083231672644615,1166,ATGGCA,1.846149461925961e-05,1453,CAGAGG,0.21802012622356415,False,False,True,-2.7420930564403534e-05,
13,10,44,head_1,degradation,0.9775390625,0.9947648644447327,1613,CCAAGG,3.84375,1166,ATGGCA,3.869140625,1166,ATGGCA,3.869140625,1613,CCAAGG,0.03082805871963501,1166,ATGGCA,1.8556322174845263e-05,1453,CAGAGG,0.21707388758659363,False,False,True,-6.385613232851028e-05,
13,11,44,head_1,degradation,0.97021484375,0.9999708533287048,1613,CCAAGG,3.845703125,1166,ATGGCA,3.869140625,1166,ATGGCA,3.869140625,1613,CCAAGG,0.030846046283841133,1166,ATGGCA,1.8586122678243555e-05,1453,CAGAGG,0.2173563539981842,False,False,True,-3.703311085700989e-05,
13,12,44,head_1,degradation,0.9775390625,0.8761743903160095,1613,CCAAGG,3.845703125,1166,ATGGCA,3.87109375,1166,ATGGCA,3.87109375,1613,CCAAGG,0.03041907399892807,1166,ATGGCA,1.8644183001015335e-05,1453,CAGAGG,0.216973677277565,False,False,True,6.052479147911072e-05,
13,13,44,head_1,degradation,0.9775390625,0.8670687079429626,1613,CCAAGG,3.84375,1166,ATGGCA,3.869140625,1166,ATGGCA,3.869140625,1613,CCAAGG,0.030387643724679947,1166,ATGGCA,1.86243632924743e-05,1453,CAGAGG,0.21724285185337067,False,False,True,0.00013587065041065216,
13,14,44,head_1,degradation,0.9775390625,0.9573124051094055,1613,CCAAGG,3.84375,1166,ATGGCA,3.869140625,1166,ATGGCA,3.869140625,1613,CCAAGG,0.030698776245117188,1166,ATGGCA,1.846417762862984e-05,1453,CAGAGG,0.2181616723537445,False,False,True,0.00013784412294626236,
13,15,44,head_1,degradation,0.962890625,1.1343498229980469,1613,CCAAGG,3.845703125,1166,ATGGCA,3.8671875,1166,ATGGCA,3.8671875,1613,CCAAGG,0.03130955994129181,1166,ATGGCA,1.8564725905889645e-05,1453,CAGAGG,0.2163090705871582,False,False,True,0.00010708067566156387,
13,16,44,head_1,degradation,0.9775390625,1.105903148651123,1613,CCAAGG,3.84375,1166,ATGGCA,3.869140625,1166,ATGGCA,3.869140625,1613,CCAAGG,0.03121151402592659,1166,ATGGCA,1.8643160728970543e-05,1453,CAGAGG,0.21502713859081268,False,False,True,4.4638291001319885e-06,
13,17,44,head_1,degradation,0.97021484375,1.2881827354431152,1613,CCAAGG,3.84765625,1166,ATGGCA,3.87109375,1166,ATGGCA,3.87109375,1613,CCAAGG,0.031840696930885315,1166,ATGGCA,1.905827048176434e-05,1453,CAGAGG,0.2111610770225525,False,False,True,0.00033483654260635376,
13,18,44,head_1,degradation,0.95556640625,1.0709766149520874,1613,CCAAGG,3.84765625,1166,ATGGCA,3.8671875,1166,ATGGCA,3.8671875,1613,CCAAGG,0.03109135664999485,1166,ATGGCA,1.8964397895615548e-05,1453,CAGAGG,0.21234117448329926,False,False,True,0.00016956869512796402,
13,19,44,head_1,degradation,0.9482421875,1.0271199941635132,1613,CCAAGG,3.845703125,1166,ATGGCA,3.86328125,1166,ATGGCA,3.86328125,1613,CCAAGG,0.03093997947871685,1166,ATGGCA,1.8867796825361438e-05,1453,CAGAGG,0.21456289291381836,False,False,True,8.386559784412384e-05,
13,20,44,head_1,degradation,0.962890625,0.9088686108589172,1613,CCAAGG,3.849609375,1166,ATGGCA,3.87109375,1166,ATGGCA,3.87109375,1613,CCAAGG,0.03053189069032669,1166,ATGGCA,1.8685059330891818e-05,1453,CAGAGG,0.2176886647939682,False,False,True,-0.0002598371356725693,
13,21,44,head_1,degradation,0.962890625,1.2190295457839966,1613,CCAAGG,3.84375,1166,ATGGCA,3.865234375,1166,ATGGCA,3.865234375,1613,CCAAGG,0.03160174563527107,1166,ATGGCA,1.8650640413397923e-05,1453,CAGAGG,0.2154945433139801,False,False,True,-0.0001642303541302681,
13,22,44,head_1,degradation,0.97021484375,1.2881426811218262,1613,CCAAGG,3.84375,1166,ATGGCA,3.8671875,1166,ATGGCA,3.8671875,1613,CCAAGG,0.03184010833501816,1166,ATGGCA,1.8609007383929566e-05,1453,CAGAGG,0.21574939787387848,False,False,True,-7.163174450397491e-05,
13,23,44,head_1,degradation,0.962890625,1.1933221817016602,1613,CCAAGG,3.837890625,1166,ATGGCA,3.859375,1166,ATGGCA,3.859375,1613,CCAAGG,0.031512826681137085,1166,ATGGCA,1.8406877643428743e-05,1453,CAGAGG,0.2172885686159134,False,False,True,-3.5268254578113556e-05,
13,24,44,head_1,degradation,0.9775390625,1.0745140314102173,1613,CCAAGG,3.845703125,1166,ATGGCA,3.87109375,1166,ATGGCA,3.87109375,1613,CCAAGG,0.031103193759918213,1166,ATGGCA,1.8597771486383863e-05,1453,CAGAGG,0.21732346713542938,False,False,True,6.037857383489609e-05,
13,25,44,head_1,degradation,0.9775390625,0.9596553444862366,1613,CCAAGG,3.84375,1166,ATGGCA,3.869140625,1166,ATGGCA,3.869140625,1613,CCAAGG,0.03070695511996746,1166,ATGGCA,1.856171184044797e-05,1453,CAGAGG,0.21714691817760468,False,False,True,2.108793705701828e-05,
13,26,44,head_1,degradation,0.9853515625,0.9604631662368774,1613,CCAAGG,3.84375,1166,ATGGCA,3.87109375,1166,ATGGCA,3.87109375,1613,CCAAGG,0.03070969507098198,1166,ATGGCA,1.8515018382458948e-05,1453,CAGAGG,0.21741162240505219,False,False,True,-6.78040087223053e-05,
13,27,44,head_1,degradation,0.962890625,1.0872068405151367,1613,CCAAGG,3.845703125,1166,ATGGCA,3.8671875,1166,ATGGCA,3.8671875,1613,CCAAGG,0.031146690249443054,1166,ATGGCA,1.8311435269424692e-05,1453,CAGAGG,0.2177436351776123,False,False,True,3.957469016313553e-05,
13,28,44,head_1,degradation,0.962890625,1.0730522871017456,1613,CCAAGG,3.84765625,1166,ATGGCA,3.869140625,1166,ATGGCA,3.869140625,1613,CCAAGG,0.031097998842597008,1166,ATGGCA,1.8446098692948e-05,1453,CAGAGG,0.217854842543602,False,False,True,1.309998333454132e-05,
13,29,44,head_1,degradation,0.97021484375,1.0935953855514526,1613,CCAAGG,3.84375,1166,ATGGCA,3.8671875,1166,ATGGCA,3.8671875,1613,CCAAGG,0.031168943271040916,1166,ATGGCA,1.8526825442677364e-05,1453,CAGAGG,0.2168378233909607,False,False,True,5.372241139411926e-05,
13,30,44,head_1,degradation,0.9853515625,1.0006561279296875,1613,CCAAGG,3.83984375,1166,ATGGCA,3.8671875,1166,ATGGCA,3.8671875,1613,CCAAGG,0.030848393216729164,1166,ATGGCA,1.856827293522656e-05,1453,CAGAGG,0.21753551065921783,False,False,True,6.260443478822708e-05,
13,31,44,head_1,degradation,0.9775390625,1.0657912492752075,1613,CCAAGG,3.84375,1166,ATGGCA,3.869140625,1166,ATGGCA,3.869140625,1613,CCAAGG,0.03107304684817791,1166,ATGGCA,1.8540127712185495e-05,1453,CAGAGG,0.2179359793663025,False,False,True,5.465466529130936e-05,
14,0,44,head_1,degradation,0.99267578125,0.9651264548301697,1613,CCAAGG,3.83984375,1166,ATGGCA,3.869140625,1166,ATGGCA,3.869140625,1613,CCAAGG,0.030725836753845215,1166,ATGGCA,1.8569720850791782e-05,1453,CAGAGG,0.2166646420955658,False,False,True,-1.5888363122940063e-06,
14,1,44,head_1,degradation,0.99267578125,0.9893402457237244,1613,CCAAGG,3.83984375,1166,ATGGCA,3.869140625,1166,ATGGCA,3.869140625,1613,CCAAGG,0.030809372663497925,1166,ATGGCA,1.8581598851596937e-05,1453,CAGAGG,0.21639348566532135,False,False,True,4.992913454771042e-05,
14,2,44,head_1,degradation,0.9853515625,1.0132830142974854,1613,CCAAGG,3.83984375,1166,ATGGCA,3.8671875,1166,ATGGCA,3.8671875,1613,CCAAGG,0.030891962349414825,1166,ATGGCA,1.8582291886559688e-05,1453,CAGAGG,0.21636854112148285,False,False,True,7.093045860528946e-05,
14,3,44,head_1,degradation,0.9853515625,0.9934456944465637,1613,CCAAGG,3.83984375,1166,ATGGCA,3.8671875,1166,ATGGCA,3.8671875,1613,CCAAGG,0.03082348220050335,1166,ATGGCA,1.8529533917899244e-05,1453,CAGAGG,0.21688275039196014,False,False,True,6.0500577092170715e-05,
14,4,44,head_1,degradation,0.9853515625,0.9984367489814758,1613,CCAAGG,3.83984375,1166,ATGGCA,3.8671875,1166,ATGGCA,3.8671875,1613,CCAAGG,0.03084057942032814,1166,ATGGCA,1.8410199118079618e-05,1453,CAGAGG,0.21716538071632385,False,False,True,-4.29423525929451e-05,
14,5,44,head_1,degradation,1.0,0.9747489094734192,1613,CCAAGG,3.837890625,1166,ATGGCA,3.869140625,1166,ATGGCA,3.869140625,1613,CCAAGG,0.030759098008275032,1166,ATGGCA,1.864034311438445e-05,1453,CAGAGG,0.2163570672273636,False,False,True,6.777234375476837e-05,
14,6,44,head_1,degradation,0.99267578125,0.9320094585418701,1613,CCAAGG,3.83984375,1166,ATGGCA,3.869140625,1166,ATGGCA,3.869140625,1613,CCAAGG,0.03061160445213318,1166,ATGGCA,1.8575072317617014e-05,1453,CAGAGG,0.21701833605766296,False,False,True,6.678327918052673e-05,
14,7,44,head_1,degradation,0.99267578125,0.9204252362251282,1613,CCAAGG,3.83984375,1166,ATGGCA,3.869140625,1166,ATGGCA,3.869140625,1613,CCAAGG,0.03057149425148964,1166,ATGGCA,1.8423872461426072e-05,1453,CAGAGG,0.21751585602760315,False,False,True,6.098393350839615e-05,
14,8,44,head_1,degradation,0.99267578125,0.9649185538291931,1613,CCAAGG,3.83984375,1166,ATGGCA,3.869140625,1166,ATGGCA,3.869140625,1613,CCAAGG,0.030725056305527687,1166,ATGGCA,1.8506769265513867e-05,1453,CAGAGG,0.21750712394714355,False,False,True,-3.065355122089386e-05,
14,9,44,head_1,degradation,0.99267578125,1.0003763437271118,1613,CCAAGG,3.83984375,1166,ATGGCA,3.869140625,1166,ATGGCA,3.869140625,1613,CCAAGG,0.03084735758602619,1166,ATGGCA,1.8498400095268153e-05,1453,CAGAGG,0.217176616191864,False,False,True,4.911795258522034e-06,
14,10,44,head_1,degradation,0.99267578125,0.993891179561615,1613,CCAAGG,3.83984375,1166,ATGGCA,3.869140625,1166,ATGGCA,3.869140625,1613,CCAAGG,0.030825061723589897,1166,ATGGCA,1.8572634871816263e-05,1453,CAGAGG,0.21746383607387543,False,False,True,3.6869198083877563e-05,
14,11,44,head_1,degradation,0.9853515625,1.0051908493041992,1613,CCAAGG,3.84375,1166,ATGGCA,3.87109375,1166,ATGGCA,3.87109375,1613,CCAAGG,0.030864153057336807,1166,ATGGCA,1.8685728718992323e-05,1453,CAGAGG,0.2168576568365097,False,False,True,-8.842535316944122e-05,
14,12,44,head_1,degradation,0.9853515625,1.053130865097046,1613,CCAAGG,3.84375,1166,ATGGCA,3.87109375,1166,ATGGCA,3.87109375,1613,CCAAGG,0.031029600650072098,1166,ATGGCA,1.876693931990303e-05,1453,CAGAGG,0.2166670262813568,False,False,True,-0.00010865926742553711,
14,13,44,head_1,degradation,0.9853515625,1.020984172821045,1613,CCAAGG,3.84375,1166,ATGGCA,3.87109375,1166,ATGGCA,3.87109375,1613,CCAAGG,0.030918778851628304,1166,ATGGCA,1.883389450085815e-05,1453,CAGAGG,0.21699631214141846,False,False,True,-4.441756755113602e-05,
14,14,44,head_1,degradation,0.97021484375,1.067039132118225,1613,CCAAGG,3.84375,1166,ATGGCA,3.8671875,1166,ATGGCA,3.8671875,1613,CCAAGG,0.031077509745955467,1166,ATGGCA,1.8698692656471394e-05,1453,CAGAGG,0.21747559309005737,False,False,True,1.4957040548324585e-06,
14,15,44,head_1,degradation,0.97021484375,0.9897409081459045,1613,CCAAGG,3.84375,1166,ATGGCA,3.8671875,1166,ATGGCA,3.8671875,1613,CCAAGG,0.030810652300715446,1166,ATGGCA,1.8479784557712264e-05,1453,CAGAGG,0.21833282709121704,False,False,True,3.83816659450531e-05,
14,16,44,head_1,degradation,0.962890625,0.9649612307548523,1613,CCAAGG,3.84375,1166,ATGGCA,3.865234375,1166,ATGGCA,3.865234375,1613,CCAAGG,0.030725035816431046,1166,ATGGCA,1.8340144379180856e-05,1453,CAGAGG,0.2187584638595581,False,False,True,8.467771112918854e-05,
14,17,44,head_1,degradation,0.9775390625,0.78883957862854,1613,CCAAGG,3.83984375,1166,ATGGCA,3.865234375,1166,ATGGCA,3.865234375,1613,CCAAGG,0.03011755645275116,1166,ATGGCA,1.8386990632279776e-05,1453,CAGAGG,0.2185491919517517,False,False,True,0.0003617219626903534,
14,18,44,head_1,degradation,0.97021484375,0.73573899269104,1613,CCAAGG,3.8359375,1166,ATGGCA,3.859375,1166,ATGGCA,3.859375,1613,CCAAGG,0.029934369027614594,1166,ATGGCA,1.836769843066577e-05,1453,CAGAGG,0.21787382662296295,False,False,True,0.00021086446940898895,
14,19,44,head_1,degradation,0.97021484375,0.698086142539978,1613,CCAAGG,3.8359375,1166,ATGGCA,3.859375,1166,ATGGCA,3.859375,1613,CCAAGG,0.02980450540781021,1166,ATGGCA,1.83870542969089e-05,1453,CAGAGG,0.21835994720458984,False,False,True,6.412435322999954e-05,
14,20,44,head_1,degradation,0.9775390625,0.9128347635269165,1613,CCAAGG,3.837890625,1166,ATGGCA,3.86328125,1166,ATGGCA,3.86328125,1613,CCAAGG,0.03054540418088436,1166,ATGGCA,1.8515996998758055e-05,1453,CAGAGG,0.2198987752199173,False,False,True,-0.00015716347843408585,
14,21,44,head_1,degradation,0.90380859375,1.0226916074752808,1613,CCAAGG,3.84375,1166,ATGGCA,3.849609375,1166,ATGGCA,3.849609375,1613,CCAAGG,0.030923867598176003,1166,ATGGCA,1.8032222214969806e-05,1453,CAGAGG,0.22053050994873047,False,False,True,-0.00022962410002946854,
14,22,44,head_1,degradation,0.888671875,1.1989130973815918,1613,CCAAGG,3.849609375,1166,ATGGCA,3.8515625,1166,ATGGCA,3.8515625,1613,CCAAGG,0.03153178468346596,1166,ATGGCA,1.8077060303767212e-05,1453,CAGAGG,0.21910111606121063,False,False,True,-8.899811655282974e-05,
14,23,44,head_1,degradation,0.91845703125,1.0125048160552979,1613,CCAAGG,3.84765625,1166,ATGGCA,3.857421875,1166,ATGGCA,3.857421875,1613,CCAAGG,0.030888810753822327,1166,ATGGCA,1.8113991245627403e-05,1453,CAGAGG,0.21783378720283508,False,False,True,2.3976899683475494e-05,
14,24,44,head_1,degradation,0.9775390625,1.0733277797698975,1613,CCAAGG,3.845703125,1166,ATGGCA,3.87109375,1166,ATGGCA,3.87109375,1613,CCAAGG,0.0310991071164608,1166,ATGGCA,1.860469092207495e-05,1453,CAGAGG,0.21635858714580536,False,False,True,4.6389177441596985e-06,
14,25,44,head_1,degradation,0.9775390625,1.0632160902023315,1613,CCAAGG,3.845703125,1166,ATGGCA,3.87109375,1166,ATGGCA,3.87109375,1613,CCAAGG,0.031064176931977272,1166,ATGGCA,1.855406844697427e-05,1453,CAGAGG,0.21610897779464722,False,False,True,-1.7542392015457153e-05,
14,26,44,head_1,degradation,0.9775390625,1.0052680969238281,1613,CCAAGG,3.84375,1166,ATGGCA,3.869140625,1166,ATGGCA,3.869140625,1613,CCAAGG,0.030864296481013298,1166,ATGGCA,1.8563961930340156e-05,1453,CAGAGG,0.21569041907787323,False,False,True,-7.225759327411652e-05,
14,27,44,head_1,degradation,0.99267578125,0.9429802298545837,1613,CCAAGG,3.83984375,1166,ATGGCA,3.869140625,1166,ATGGCA,3.869140625,1613,CCAAGG,0.030649475753307343,1166,ATGGCA,1.8601444025989622e-05,1453,CAGAGG,0.21550050377845764,False,False,True,-2.9558315873146057e-05,
14,28,44,head_1,degradation,0.99267578125,0.9149757623672485,1613,CCAAGG,3.83984375,1166,ATGGCA,3.869140625,1166,ATGGCA,3.869140625,1613,CCAAGG,0.030552811920642853,1166,ATGGCA,1.8538003132562153e-05,1453,CAGAGG,0.2173696756362915,False,False,True,-3.734789788722992e-05,
14,29,44,head_1,degradation,1.0,0.9282041788101196,1613,CCAAGG,3.83984375,1166,ATGGCA,3.87109375,1166,ATGGCA,3.87109375,1613,CCAAGG,0.030598435550928116,1166,ATGGCA,1.853144021879416e-05,1453,CAGAGG,0.21766436100006104,False,False,True,-1.5582889318466187e-05,
14,30,44,head_1,degradation,0.9775390625,0.9941325783729553,1613,CCAAGG,3.84375,1166,ATGGCA,3.869140625,1166,ATGGCA,3.869140625,1613,CCAAGG,0.0308259055018425,1166,ATGGCA,1.8583628843771294e-05,1453,CAGAGG,0.21669471263885498,False,False,True,-5.2306801080703735e-05,
14,31,44,head_1,degradation,1.0,1.0243401527404785,1613,CCAAGG,3.84375,1166,ATGGCA,3.875,1166,ATGGCA,3.875,1613,CCAAGG,0.030930276960134506,1166,ATGGCA,1.87551759154303e-05,1453,CAGAGG,0.21722277998924255,False,False,True,-0.00017617922276258469,
15,0,44,head_1,degradation,0.9853515625,0.9847190976142883,1613,CCAAGG,3.84375,1166,ATGGCA,3.87109375,1166,ATGGCA,3.87109375,1613,CCAAGG,0.030793417245149612,1166,ATGGCA,1.856745257100556e-05,1453,CAGAGG,0.2167770266532898,False,False,True,-1.4333054423332214e-05,
15,1,44,head_1,degradation,0.99267578125,0.9538699984550476,1613,CCAAGG,3.83984375,1166,ATGGCA,3.869140625,1166,ATGGCA,3.869140625,1613,CCAAGG,0.030687030404806137,1166,ATGGCA,1.859329131548293e-05,1453,CAGAGG,0.2167280614376068,False,False,True,1.5198253095149994e-05,
15,2,44,head_1,degradation,0.9853515625,1.0130270719528198,1613,CCAAGG,3.84375,1166,ATGGCA,3.87109375,1166,ATGGCA,3.87109375,1613,CCAAGG,0.03089105896651745,1166,ATGGCA,1.856107519415673e-05,1453,CAGAGG,0.21689441800117493,False,False,True,3.425776958465576e-05,
15,3,44,head_1,degradation,0.9775390625,1.0202735662460327,1613,CCAAGG,3.84375,1166,ATGGCA,3.869140625,1166,ATGGCA,3.869140625,1613,CCAAGG,0.030916059389710426,1166,ATGGCA,1.8565326172392815e-05,1453,CAGAGG,0.21708981692790985,False,False,True,7.3201023042202e-05,
15,4,44,head_1,degradation,1.0,0.9928836226463318,1613,CCAAGG,3.83984375,1166,ATGGCA,3.87109375,1166,ATGGCA,3.87109375,1613,CCAAGG,0.030821556225419044,1166,ATGGCA,1.8543358237366192e-05,1453,CAGAGG,0.21721363067626953,False,False,True,8.186325430870056e-07,
15,5,44,head_1,degradation,0.9775390625,0.9951801300048828,1613,CCAAGG,3.84375,1166,ATGGCA,3.869140625,1166,ATGGCA,3.869140625,1613,CCAAGG,0.03082944266498089,1166,ATGGCA,1.850712942541577e-05,1453,CAGAGG,0.21721616387367249,False,False,True,5.2976422011852264e-05,
15,6,44,head_1,degradation,0.99267578125,1.0183684825897217,1613,CCAAGG,3.83984375,1166,ATGGCA,3.869140625,1166,ATGGCA,3.869140625,1613,CCAAGG,0.030909406021237373,1166,ATGGCA,1.8483369785826653e-05,1453,CAGAGG,0.21667911112308502,False,False,True,1.0244548320770264e-06,
15,7,44,head_1,degradation,0.99267578125,0.9626030921936035,1613,CCAAGG,3.83984375,1166,ATGGCA,3.869140625,1166,ATGGCA,3.869140625,1613,CCAAGG,0.030717136338353157,1166,ATGGCA,1.857409552030731e-05,1453,CAGAGG,0.21693406999111176,False,False,True,8.594617247581482e-05,
15,8,44,head_1,degradation,0.9775390625,1.011353611946106,1613,CCAAGG,3.84375,1166,ATGGCA,3.869140625,1166,ATGGCA,3.869140625,1613,CCAAGG,0.03088531084358692,1166,ATGGCA,1.8585093130241148e-05,1453,CAGAGG,0.21671180427074432,False,False,True,5.974806845188141e-05,
15,9,44,head_1,degradation,0.9775390625,0.9936671257019043,1613,CCAAGG,3.84375,1166,ATGGCA,3.869140625,1166,ATGGCA,3.869140625,1613,CCAAGG,0.030824316665530205,1166,ATGGCA,1.860053453128785e-05,1453,CAGAGG,0.21734249591827393,False,False,True,6.133504211902618e-05,
15,10,44,head_1,degradation,0.99267578125,0.9819085001945496,1613,CCAAGG,3.83984375,1166,ATGGCA,3.869140625,1166,ATGGCA,3.869140625,1613,CCAAGG,0.030783776193857193,1166,ATGGCA,1.8621751223690808e-05,1453,CAGAGG,0.21691426634788513,False,False,True,3.1599774956703186e-05,
15,11,44,head_1,degradation,0.9775390625,0.9673992395401001,1613,CCAAGG,3.84375,1166,ATGGCA,3.869140625,1166,ATGGCA,3.869140625,1613,CCAAGG,0.03073367476463318,1166,ATGGCA,1.8568223822512664e-05,1453,CAGAGG,0.21711046993732452,False,False,True,7.28880986571312e-05,
15,12,44,head_1,degradation,0.9853515625,0.9986656904220581,1613,CCAAGG,3.84375,1166,ATGGCA,3.87109375,1166,ATGGCA,3.87109375,1613,CCAAGG,0.030841482803225517,1166,ATGGCA,1.852310924732592e-05,1453,CAGAGG,0.21708889305591583,False,False,True,7.674098014831543e-05,
15,13,44,head_1,degradation,0.9853515625,1.0135761499404907,1613,CCAAGG,3.84375,1166,ATGGCA,3.87109375,1166,ATGGCA,3.87109375,1613,CCAAGG,0.030892979353666306,1166,ATGGCA,1.8588005332276225e-05,1453,CAGAGG,0.21652430295944214,False,False,True,0.00013329274952411652,
15,14,44,head_1,degradation,0.9775390625,0.9539272785186768,1613,CCAAGG,3.84375,1166,ATGGCA,3.869140625,1166,ATGGCA,3.869140625,1613,CCAAGG,0.03068717010319233,1166,ATGGCA,1.8534488845034502e-05,1453,CAGAGG,0.2172621190547943,False,False,True,-1.2111850082874298e-05,
15,15,44,head_1,degradation,0.9775390625,0.9225932955741882,1613,CCAAGG,3.84375,1166,ATGGCA,3.869140625,1166,ATGGCA,3.869140625,1613,CCAAGG,0.03057906962931156,1166,ATGGCA,1.8520002413424663e-05,1453,CAGAGG,0.2181015908718109,False,False,True,-8.963420987129211e-05,
15,16,44,head_1,degradation,0.9775390625,0.9550536274909973,1613,CCAAGG,3.84375,1166,ATGGCA,3.869140625,1166,ATGGCA,3.869140625,1613,CCAAGG,0.030691048130393028,1166,ATGGCA,1.8528635337133892e-05,1453,CAGAGG,0.2175218164920807,False,False,True,-0.00011138245463371277,
15,17,44,head_1,degradation,0.9853515625,0.9421373009681702,1613,CCAAGG,3.84375,1166,ATGGCA,3.87109375,1166,ATGGCA,3.87109375,1613,CCAAGG,0.030646543949842453,1166,ATGGCA,1.8577267837827094e-05,1453,CAGAGG,0.2179134488105774,False,False,True,-0.00020223576575517654,
15,18,44,head_1,degradation,0.99267578125,1.033962607383728,1613,CCAAGG,3.845703125,1166,ATGGCA,3.875,1166,ATGGCA,3.875,1613,CCAAGG,0.030963249504566193,1166,ATGGCA,1.8535891285864636e-05,1453,CAGAGG,0.21734489500522614,False,False,True,-0.00027670059353113174,
15,19,44,head_1,degradation,0.99267578125,0.9319344162940979,1613,CCAAGG,3.83984375,1166,ATGGCA,3.869140625,1166,ATGGCA,3.869140625,1613,CCAAGG,0.03061109595000744,1166,ATGGCA,1.8325190467294306e-05,1453,CAGAGG,0.21882028877735138,False,False,True,-0.0001616012305021286,
15,20,44,head_1,degradation,0.9775390625,0.9780400991439819,1613,CCAAGG,3.84375,1166,ATGGCA,3.869140625,1166,ATGGCA,3.869140625,1613,CCAAGG,0.0307701975107193,1166,ATGGCA,1.8386144802207127e-05,1453,CAGAGG,0.21881608664989471,False,False,True,-6.564892828464508e-06,
15,21,44,head_1,degradation,1.0078125,0.9504335522651672,1613,CCAAGG,3.845703125,1166,ATGGCA,3.87890625,1166,ATGGCA,3.87890625,1613,CCAAGG,0.030675126239657402,1166,ATGGCA,1.854191577876918e-05,1453,CAGAGG,0.21888352930545807,False,False,True,0.00011170189827680588,
15,22,44,head_1,degradation,1.0,0.985220730304718,1613,CCAAGG,3.845703125,1166,ATGGCA,3.876953125,1166,ATGGCA,3.876953125,1613,CCAAGG,0.030795171856880188,1166,ATGGCA,1.8590892068459652e-05,1453,CAGAGG,0.21799349784851074,False,False,True,0.00010369624942541122,
15,23,44,head_1,degradation,1.0,1.0377624034881592,1613,CCAAGG,3.84765625,1166,ATGGCA,3.87890625,1166,ATGGCA,3.87890625,1613,CCAAGG,0.030976565554738045,1166,ATGGCA,1.8743452528724447e-05,1453,CAGAGG,0.21700415015220642,False,False,True,8.465908467769623e-05,
15,24,44,head_1,degradation,0.97021484375,1.0388926267623901,1613,CCAAGG,3.84375,1166,ATGGCA,3.8671875,1166,ATGGCA,3.8671875,1613,CCAAGG,0.030980180948972702,1166,ATGGCA,1.8459957573213615e-05,1453,CAGAGG,0.21716530621051788,False,False,True,6.883498281240463e-05,
15,25,44,head_1,degradation,0.9853515625,1.0061179399490356,1613,CCAAGG,3.84375,1166,ATGGCA,3.87109375,1166,ATGGCA,3.87109375,1613,CCAAGG,0.030867166817188263,1166,ATGGCA,1.8502372768125497e-05,1453,CAGAGG,0.21782071888446808,False,False,True,3.237556666135788e-05,
15,26,44,head_1,degradation,0.99267578125,0.9760982990264893,1613,CCAAGG,3.83984375,1166,ATGGCA,3.869140625,1166,ATGGCA,3.869140625,1613,CCAAGG,0.030763516202569008,1166,ATGGCA,1.8403190551907755e-05,1453,CAGAGG,0.2170727252960205,False,False,True,3.6978162825107574e-05,
15,27,44,head_1,degradation,0.9775390625,0.9876738786697388,1613,CCAAGG,3.84375,1166,ATGGCA,3.869140625,1166,ATGGCA,3.869140625,1613,CCAAGG,0.030803557485342026,1166,ATGGCA,1.85147382580908e-05,1453,CAGAGG,0.21676571667194366,False,False,True,7.572304457426071e-05,
15,28,44,head_1,degradation,0.99267578125,0.9682037830352783,1613,CCAAGG,3.83984375,1166,ATGGCA,3.869140625,1166,ATGGCA,3.869140625,1613,CCAAGG,0.030736517161130905,1166,ATGGCA,1.8636328604770824e-05,1453,CAGAGG,0.21629725396633148,False,False,True,6.232783198356628e-05,
15,29,44,head_1,degradation,0.9775390625,0.9863109588623047,1613,CCAAGG,3.84375,1166,ATGGCA,3.869140625,1166,ATGGCA,3.869140625,1613,CCAAGG,0.03079896979033947,1166,ATGGCA,1.862752833403647e-05,1453,CAGAGG,0.21665076911449432,False,False,True,6.440840661525726e-05,
15,30,44,head_1,degradation,0.99267578125,0.9935742616653442,1613,CCAAGG,3.83984375,1166,ATGGCA,3.869140625,1166,ATGGCA,3.869140625,1613,CCAAGG,0.030823973938822746,1166,ATGGCA,1.8578781237010844e-05,1453,CAGAGG,0.21639366447925568,False,False,True,6.399396806955338e-05,
15,31,44,head_1,degradation,0.9775390625,0.998371422290802,1613,CCAAGG,3.84375,1166,ATGGCA,3.869140625,1166,ATGGCA,3.869140625,1613,CCAAGG,0.030840322375297546,1166,ATGGCA,1.8378626919002272e-05,1453,CAGAGG,0.21784058213233948,False,False,True,9.757466614246368e-06,
16,0,44,head_1,degradation,1.0,0.9704549908638,1613,CCAAGG,3.83984375,1166,ATGGCA,3.87109375,1166,ATGGCA,3.87109375,1613,CCAAGG,0.030744267627596855,1166,ATGGCA,1.8621420167619362e-05,1453,CAGAGG,0.21687732636928558,False,False,True,3.689806908369064e-05,
16,1,44,head_1,degradation,0.99267578125,0.9716234803199768,1613,CCAAGG,3.83984375,1166,ATGGCA,3.869140625,1166,ATGGCA,3.869140625,1613,CCAAGG,0.030748242512345314,1166,ATGGCA,1.8565691789262928e-05,1453,CAGAGG,0.21731284260749817,False,False,True,6.367731839418411e-05,
16,2,44,head_1,degradation,1.0,0.9936087727546692,1613,CCAAGG,3.83984375,1166,ATGGCA,3.87109375,1166,ATGGCA,3.87109375,1613,CCAAGG,0.030824139714241028,1166,ATGGCA,1.8623986761667766e-05,1453,CAGAGG,0.21709927916526794,False,False,True,4.045944660902023e-05,
16,3,44,head_1,degradation,1.0,0.9769023656845093,1613,CCAAGG,3.83984375,1166,ATGGCA,3.87109375,1166,ATGGCA,3.87109375,1613,CCAAGG,0.030766518786549568,1166,ATGGCA,1.8631764760357328e-05,1453,CAGAGG,0.2169250249862671,False,False,True,-2.2016465663909912e-05,
16,4,44,head_1,degradation,1.0,0.9643067717552185,1613,CCAAGG,3.83984375,1166,ATGGCA,3.87109375,1166,ATGGCA,3.87109375,1613,CCAAGG,0.03072306327521801,1166,ATGGCA,1.8625336451805197e-05,1453,CAGAGG,0.21676744520664215,False,False,True,-1.624319702386856e-05,
16,5,44,head_1,degradation,1.0,0.9802005290985107,1613,CCAAGG,3.83984375,1166,ATGGCA,3.87109375,1166,ATGGCA,3.87109375,1613,CCAAGG,0.030777884647250175,1166,ATGGCA,1.8621312847244553e-05,1453,CAGAGG,0.21717743575572968,False,False,True,-1.5720725059509277e-05,
16,6,44,head_1,degradation,1.0,0.9477353096008301,1613,CCAAGG,3.83984375,1166,ATGGCA,3.87109375,1166,ATGGCA,3.87109375,1613,CCAAGG,0.03066587820649147,1166,ATGGCA,1.8602599084260873e-05,1453,CAGAGG,0.2169457972049713,False,False,True,0.000135728158056736,
16,7,44,head_1,degradation,0.99267578125,0.9706563949584961,1613,CCAAGG,3.83984375,1166,ATGGCA,3.869140625,1166,ATGGCA,3.869140625,1613,CCAAGG,0.03074493631720543,1166,ATGGCA,1.8594013454276137e-05,1453,CAGAGG,0.2172331064939499,False,False,True,0.00021643750369548798,
16,8,44,head_1,degradation,0.99267578125,0.9513450860977173,1613,CCAAGG,3.83984375,1166,ATGGCA,3.869140625,1166,ATGGCA,3.869140625,1613,CCAAGG,0.030678343027830124,1166,ATGGCA,1.8615834051161073e-05,1453,CAGAGG,0.21687839925289154,False,False,True,0.00014732498675584793,
16,9,44,head_1,degradation,0.99267578125,0.9492958188056946,1613,CCAAGG,3.83984375,1166,ATGGCA,3.869140625,1166,ATGGCA,3.869140625,1613,CCAAGG,0.03067125380039215,1166,ATGGCA,1.8595645087771118e-05,1453,CAGAGG,0.21725881099700928,False,False,True,2.133939415216446e-05,
16,10,44,head_1,degradation,0.99267578125,0.9616565108299255,1613,CCAAGG,3.83984375,1166,ATGGCA,3.869140625,1166,ATGGCA,3.869140625,1613,CCAAGG,0.030713817104697227,1166,ATGGCA,1.85203298315173e-05,1453,CAGAGG,0.21753709018230438,False,False,True,-4.1661784052848816e-05,
16,11,44,head_1,degradation,1.0,0.9831439852714539,1613,CCAAGG,3.83984375,1166,ATGGCA,3.87109375,1166,ATGGCA,3.87109375,1613,CCAAGG,0.03078799694776535,1166,ATGGCA,1.8580331015982665e-05,1453,CAGAGG,0.21743781864643097,False,False,True,-2.0461156964302063e-06,
16,12,44,head_1,degradation,1.0,0.9907107353210449,1613,CCAAGG,3.83984375,1166,ATGGCA,3.87109375,1166,ATGGCA,3.87109375,1613,CCAAGG,0.030814141035079956,1166,ATGGCA,1.8621924027684145e-05,1453,CAGAGG,0.21688319742679596,False,False,True,-5.961768329143524e-05,
16,13,44,head_1,degradation,0.99267578125,0.9694095849990845,1613,CCAAGG,3.83984375,1166,ATGGCA,3.869140625,1166,ATGGCA,3.869140625,1613,CCAAGG,0.030740534886717796,1166,ATGGCA,1.849492036853917e-05,1453,CAGAGG,0.21700656414031982,False,False,True,1.5366822481155396e-06,
16,14,44,head_1,degradation,1.0,0.991843044757843,1613,CCAAGG,3.83984375,1166,ATGGCA,3.87109375,1166,ATGGCA,3.87109375,1613,CCAAGG,0.03081783652305603,1166,ATGGCA,1.841206722019706e-05,1453,CAGAGG,0.2185070663690567,False,False,True,-7.128249853849411e-05,
16,15,44,head_1,degradation,1.0,0.9913538098335266,1613,CCAAGG,3.83984375,1166,ATGGCA,3.87109375,1166,ATGGCA,3.87109375,1613,CCAAGG,0.030816206708550453,1166,ATGGCA,1.846987106546294e-05,1453,CAGAGG,0.21778985857963562,False,False,True,2.6863999664783478e-05,
16,16,44,head_1,degradation,1.0,0.9605501294136047,1613,CCAAGG,3.83984375,1166,ATGGCA,3.87109375,1166,ATGGCA,3.87109375,1613,CCAAGG,0.030709899961948395,1166,ATGGCA,1.841938865254633e-05,1453,CAGAGG,0.21756908297538757,False,False,True,5.2675604820251465e-06,
16,17,44,head_1,degradation,1.0078125,0.9821088314056396,1613,CCAAGG,3.837890625,1166,ATGGCA,3.87109375,1166,ATGGCA,3.87109375,1613,CCAAGG,0.03078434243798256,1166,ATGGCA,1.8495860786060803e-05,1453,CAGAGG,0.21646198630332947,False,False,True,0.00047859642654657364,
16,18,44,head_1,degradation,1.0,0.9634740948677063,1613,CCAAGG,3.83984375,1166,ATGGCA,3.87109375,1166,ATGGCA,3.87109375,1613,CCAAGG,0.030720021575689316,1166,ATGGCA,1.8455264580552466e-05,1453,CAGAGG,0.21706701815128326,False,False,True,0.0005084527656435966,
16,19,44,head_1,degradation,0.99267578125,0.9399077296257019,1613,CCAAGG,3.83984375,1166,ATGGCA,3.869140625,1166,ATGGCA,3.869140625,1613,CCAAGG,0.030638854950666428,1166,ATGGCA,1.8579412426333874e-05,1453,CAGAGG,0.2168472558259964,False,False,True,0.0005819220095872879,
16,20,44,head_1,degradation,1.0,0.9237185716629028,1613,CCAAGG,3.837890625,1166,ATGGCA,3.869140625,1166,ATGGCA,3.869140625,1613,CCAAGG,0.03058287687599659,1166,ATGGCA,1.844563303166069e-05,1453,CAGAGG,0.2187119722366333,False,False,True,0.0001500546932220459,
16,21,44,head_1,degradation,0.896484375,1.0196946859359741,1613,CCAAGG,3.845703125,1166,ATGGCA,3.849609375,1166,ATGGCA,3.849609375,1613,CCAAGG,0.03091338276863098,1166,ATGGCA,1.7885638953885064e-05,1453,CAGAGG,0.22075197100639343,False,False,True,6.284937262535095e-05,
16,22,44,head_1,degradation,0.896484375,1.0974842309951782,1613,CCAAGG,3.84765625,1166,ATGGCA,3.8515625,1166,ATGGCA,3.8515625,1613,CCAAGG,0.03118167631328106,1166,ATGGCA,1.7845404727268033e-05,1453,CAGAGG,0.22115090489387512,False,False,True,-7.20703974366188e-05,
16,23,44,head_1,degradation,0.90380859375,1.1699270009994507,1613,CCAAGG,3.849609375,1166,ATGGCA,3.85546875,1166,ATGGCA,3.85546875,1613,CCAAGG,0.03143170103430748,1166,ATGGCA,1.798183257051278e-05,1453,CAGAGG,0.22019930183887482,False,False,True,-1.8232502043247223e-05,
16,24,44,head_1,degradation,0.9853515625,1.119958758354187,1613,CCAAGG,3.84375,1166,ATGGCA,3.87109375,1166,ATGGCA,3.87109375,1613,CCAAGG,0.031259771436452866,1166,ATGGCA,1.841659286583308e-05,1453,CAGAGG,0.21740996837615967,False,False,True,3.2419338822364807e-06,
16,25,44,head_1,degradation,0.99267578125,1.0512981414794922,1613,CCAAGG,3.83984375,1166,ATGGCA,3.869140625,1166,ATGGCA,3.869140625,1613,CCAAGG,0.031023018062114716,1166,ATGGCA,1.850549415394198e-05,1453,CAGAGG,0.21691876649856567,False,False,True,-1.5101395547389984e-05,
16,26,44,head_1,degradation,0.99267578125,1.0020216703414917,1613,CCAAGG,3.83984375,1166,ATGGCA,3.869140625,1166,ATGGCA,3.869140625,1613,CCAAGG,0.03085317835211754,1166,ATGGCA,1.864294426923152e-05,1453,CAGAGG,0.21615628898143768,False,False,True,5.3987838327884674e-05,
16,27,44,head_1,degradation,0.99267578125,1.0143812894821167,1613,CCAAGG,3.83984375,1166,ATGGCA,3.869140625,1166,ATGGCA,3.869140625,1613,CCAAGG,0.03089585341513157,1166,ATGGCA,1.8684098904486746e-05,1453,CAGAGG,0.21664029359817505,False,False,True,4.0504150092601776e-05,
16,28,44,head_1,degradation,1.0,1.0152387619018555,1613,CCAAGG,3.83984375,1166,ATGGCA,3.87109375,1166,ATGGCA,3.87109375,1613,CCAAGG,0.030898770317435265,1166,ATGGCA,1.8642880604602396e-05,1453,CAGAGG,0.21700815856456757,False,False,True,4.85861673951149e-05,
16,29,44,head_1,degradation,0.99267578125,0.9872986078262329,1613,CCAAGG,3.83984375,1166,ATGGCA,3.869140625,1166,ATGGCA,3.869140625,1613,CCAAGG,0.030802331864833832,1166,ATGGCA,1.8583306882646866e-05,1453,CAGAGG,0.2174627184867859,False,False,True,1.8188729882240295e-05,
16,30,44,head_1,degradation,0.99267578125,0.9929532408714294,1613,CCAAGG,3.83984375,1166,ATGGCA,3.869140625,1166,ATGGCA,3.869140625,1613,CCAAGG,0.030821796506643295,1166,ATGGCA,1.8541806639404967e-05,1453,CAGAGG,0.2171192467212677,False,False,True,6.951950490474701e-05,
16,31,44,head_1,degradation,0.99267578125,1.0061821937561035,1613,CCAAGG,3.83984375,1166,ATGGCA,3.869140625,1166,ATGGCA,3.869140625,1613,CCAAGG,0.030867459252476692,1166,ATGGCA,1.8572092812974006e-05,1453,CAGAGG,0.21726180613040924,False,False,True,7.474515587091446e-05,
17,0,44,head_1,degradation,1.0,0.9999962449073792,1613,CCAAGG,3.83984375,1166,ATGGCA,3.87109375,1166,ATGGCA,3.87109375,1613,CCAAGG,0.03084615059196949,1166,ATGGCA,1.8602917407406494e-05,1453,CAGAGG,0.21675099432468414,False,False,True,-3.196299076080322e-05,
17,1,44,head_1,degradation,1.0,0.9999913573265076,1613,CCAAGG,3.83984375,1166,ATGGCA,3.87109375,1166,ATGGCA,3.87109375,1613,CCAAGG,0.030846133828163147,1166,ATGGCA,1.8602624550112523e-05,1453,CAGAGG,0.2167508900165558,False,False,True,-3.5305507481098175e-05,
17,2,44,head_1,degradation,1.0,1.0001338720321655,1613,CCAAGG,3.83984375,1166,ATGGCA,3.87109375,1166,ATGGCA,3.87109375,1613,CCAAGG,0.030846625566482544,1166,ATGGCA,1.8602067939355038e-05,1453,CAGAGG,0.21675103902816772,False,False,True,-2.9177404940128326e-05,
17,3,44,head_1,degradation,1.0,0.9998584985733032,1613,CCAAGG,3.83984375,1166,ATGGCA,3.87109375,1166,ATGGCA,3.87109375,1613,CCAAGG,0.030845677480101585,1166,ATGGCA,1.8603201169753447e-05,1453,CAGAGG,0.21675099432468414,False,False,True,-1.6219913959503174e-05,
17,4,44,head_1,degradation,1.0,0.9999287128448486,1613,CCAAGG,3.83984375,1166,ATGGCA,3.87109375,1166,ATGGCA,3.87109375,1613,CCAAGG,0.030845919623970985,1166,ATGGCA,1.860334668890573e-05,1453,CAGAGG,0.2167493849992752,False,False,True,-1.484900712966919e-05,
17,5,44,head_1,degradation,1.0,0.999676525592804,1613,CCAAGG,3.83984375,1166,ATGGCA,3.87109375,1166,ATGGCA,3.87109375,1613,CCAAGG,0.030845049768686295,1166,ATGGCA,1.860367410699837e-05,1453,CAGAGG,0.2167498916387558,False,False,True,-4.218891263008118e-06,
17,6,44,head_1,degradation,1.0,0.9998633861541748,1613,CCAAGG,3.83984375,1166,ATGGCA,3.87109375,1166,ATGGCA,3.87109375,1613,CCAAGG,0.03084569424390793,1166,ATGGCA,1.860377778939437e-05,1453,CAGAGG,0.2167511135339737,False,False,True,-4.367902874946594e-07,
17,7,44,head_1,degradation,1.0,0.9999881386756897,1613,CCAAGG,3.83984375,1166,ATGGCA,3.87109375,1166,ATGGCA,3.87109375,1613,CCAAGG,0.030846120789647102,1166,ATGGCA,1.8601198462420143e-05,1453,CAGAGG,0.21675410866737366,False,False,True,2.2901222109794617e-06,
17,8,44,head_1,degradation,1.0,1.000016212463379,1613,CCAAGG,3.83984375,1166,ATGGCA,3.87109375,1166,ATGGCA,3.87109375,1613,CCAAGG,0.03084621950984001,1166,ATGGCA,1.860210977611132e-05,1453,CAGAGG,0.21675480902194977,False,False,True,-6.611458957195282e-06,
17,9,44,head_1,degradation,1.0,1.0005756616592407,1613,CCAAGG,3.83984375,1166,ATGGCA,3.87109375,1166,ATGGCA,3.87109375,1613,CCAAGG,0.03084815852344036,1166,ATGGCA,1.8611222913023084e-05,1453,CAGAGG,0.21673867106437683,False,False,True,-2.4547800421714783e-05,
17,10,44,head_1,degradation,1.0,1.0014352798461914,1613,CCAAGG,3.83984375,1166,ATGGCA,3.87109375,1166,ATGGCA,3.87109375,1613,CCAAGG,0.030851144343614578,1166,ATGGCA,1.8632621504366398e-05,1453,CAGAGG,0.21670342981815338,False,False,True,-3.6597251892089844e-05,
17,11,44,head_1,degradation,1.0,1.0017964839935303,1613,CCAAGG,3.83984375,1166,ATGGCA,3.87109375,1166,ATGGCA,3.87109375,1613,CCAAGG,0.03085239790380001,1166,ATGGCA,1.8638775145518593e-05,1453,CAGAGG,0.21669568121433258,False,False,True,-3.129057586193085e-05,
17,12,44,head_1,degradation,1.0,1.0007646083831787,1613,CCAAGG,3.83984375,1166,ATGGCA,3.87109375,1166,ATGGCA,3.87109375,1613,CCAAGG,0.030848834663629532,1166,ATGGCA,1.8635206288308837e-05,1453,CAGAGG,0.21671365201473236,False,False,True,-1.748930662870407e-05,
17,13,44,head_1,degradation,1.0,0.9994540810585022,1613,CCAAGG,3.83984375,1166,ATGGCA,3.87109375,1166,ATGGCA,3.87109375,1613,CCAAGG,0.030844295397400856,1166,ATGGCA,1.8616558008943684e-05,1453,CAGAGG,0.21673795580863953,False,False,True,-2.9513612389564514e-06,
17,14,44,head_1,degradation,1.0,1.0020233392715454,1613,CCAAGG,3.83984375,1166,ATGGCA,3.87109375,1166,ATGGCA,3.87109375,1613,CCAAGG,0.030853165313601494,1166,ATGGCA,1.8625032680574805e-05,1453,CAGAGG,0.2166878581047058,False,False,True,-1.7492100596427917e-05,
17,15,44,head_1,degradation,1.0,1.0045688152313232,1613,CCAAGG,3.83984375,1166,ATGGCA,3.87109375,1166,ATGGCA,3.87109375,1613,CCAAGG,0.030861923471093178,1166,ATGGCA,1.860277734522242e-05,1453,CAGAGG,0.21673943102359772,False,False,True,-2.074986696243286e-06,
17,16,44,head_1,degradation,1.0,1.0059441328048706,1613,CCAAGG,3.83984375,1166,ATGGCA,3.87109375,1166,ATGGCA,3.87109375,1613,CCAAGG,0.03086669370532036,1166,ATGGCA,1.8629218175192364e-05,1453,CAGAGG,0.2168225646018982,False,False,True,-1.3918615877628326e-05,
17,17,44,head_1,degradation,1.0,0.9386646747589111,1613,CCAAGG,3.83984375,1166,ATGGCA,3.87109375,1166,ATGGCA,3.87109375,1613,CCAAGG,0.030634567141532898,1166,ATGGCA,1.857992901932448e-05,1453,CAGAGG,0.21733029186725616,False,False,True,7.772818207740784e-05,
17,18,44,head_1,degradation,1.0,0.9331083297729492,1613,CCAAGG,3.83984375,1166,ATGGCA,3.87109375,1166,ATGGCA,3.87109375,1613,CCAAGG,0.030615419149398804,1166,ATGGCA,1.8599215763970278e-05,1453,CAGAGG,0.21726076304912567,False,False,True,6.201211363077164e-05,
17,19,44,head_1,degradation,1.0,0.9007483720779419,1613,CCAAGG,3.83984375,1166,ATGGCA,3.87109375,1166,ATGGCA,3.87109375,1613,CCAAGG,0.030503753572702408,1166,ATGGCA,1.855771552072838e-05,1453,CAGAGG,0.21739184856414795,False,False,True,6.368756294250488e-05,
17,20,44,head_1,degradation,1.0,0.9431751370429993,1613,CCAAGG,3.83984375,1166,ATGGCA,3.87109375,1166,ATGGCA,3.87109375,1613,CCAAGG,0.030650107190012932,1166,ATGGCA,1.8561304386821575e-05,1453,CAGAGG,0.21724487841129303,False,False,True,-1.4037825167179108e-05,
17,21,44,head_1,degradation,1.044921875,0.8002758026123047,1613,CCAAGG,3.83203125,1166,ATGGCA,3.875,1166,ATGGCA,3.875,1613,CCAAGG,0.030157221481204033,1166,ATGGCA,1.8602549971546978e-05,1453,CAGAGG,0.21851669251918793,False,False,True,-1.078285276889801e-05,
17,22,44,head_1,degradation,1.044921875,0.7836865186691284,1613,CCAAGG,3.83203125,1166,ATGGCA,3.875,1166,ATGGCA,3.875,1613,CCAAGG,0.03010006807744503,1166,ATGGCA,1.8673519662115723e-05,1453,CAGAGG,0.2181025594472885,False,False,True,-6.887130439281464e-06,
17,23,44,head_1,degradation,1.044921875,0.7719252109527588,1613,CCAAGG,3.83203125,1166,ATGGCA,3.875,1166,ATGGCA,3.875,1613,CCAAGG,0.030059536918997765,1166,ATGGCA,1.8711916709435172e-05,1453,CAGAGG,0.21780888736248016,False,False,True,-5.781650543212891e-06,
17,24,44,head_1,degradation,1.0,0.9010464549064636,1613,CCAAGG,3.83984375,1166,ATGGCA,3.87109375,1166,ATGGCA,3.87109375,1613,CCAAGG,0.03050500527024269,1166,ATGGCA,1.8780268874252215e-05,1453,CAGAGG,0.21643756330013275,False,False,True,-9.834766387939453e-06,
17,25,44,head_1,degradation,1.0,0.963557779788971,1613,CCAAGG,3.83984375,1166,ATGGCA,3.87109375,1166,ATGGCA,3.87109375,1613,CCAAGG,0.030720677226781845,1166,ATGGCA,1.8821476260200143e-05,1453,CAGAGG,0.21668113768100739,False,False,True,6.817281246185303e-07,
17,26,44,head_1,degradation,1.0,1.0040217638015747,1613,CCAAGG,3.83984375,1166,ATGGCA,3.87109375,1166,ATGGCA,3.87109375,1613,CCAAGG,0.030860235914587975,1166,ATGGCA,1.8801121768774465e-05,1453,CAGAGG,0.2166515588760376,False,False,True,-6.211921572685242e-07,
17,27,44,head_1,degradation,1.0,1.0389466285705566,1613,CCAAGG,3.83984375,1166,ATGGCA,3.87109375,1166,ATGGCA,3.87109375,1613,CCAAGG,0.03098062239587307,1166,ATGGCA,1.8716484191827476e-05,1453,CAGAGG,0.21679097414016724,False,False,True,4.4619664549827576e-06,
17,28,44,head_1,degradation,1.0,1.0270514488220215,1613,CCAAGG,3.83984375,1166,ATGGCA,3.87109375,1166,ATGGCA,3.87109375,1613,CCAAGG,0.03093947283923626,1166,ATGGCA,1.8598655515233986e-05,1453,CAGAGG,0.21677078306674957,False,False,True,-5.903653800487518e-06,
17,29,44,head_1,degradation,1.0,1.0306860208511353,1613,CCAAGG,3.83984375,1166,ATGGCA,3.87109375,1166,ATGGCA,3.87109375,1613,CCAAGG,0.030952002853155136,1166,ATGGCA,1.859143412730191e-05,1453,CAGAGG,0.21683207154273987,False,False,True,-1.2891367077827454e-05,
17,30,44,head_1,degradation,1.0,1.0112807750701904,1613,CCAAGG,3.83984375,1166,ATGGCA,3.87109375,1166,ATGGCA,3.87109375,1613,CCAAGG,0.030885037034749985,1166,ATGGCA,1.8562834156909958e-05,1453,CAGAGG,0.21680909395217896,False,False,True,-8.420087397098541e-06,
17,31,44,head_1,degradation,1.0,1.0091499090194702,1613,CCAAGG,3.83984375,1166,ATGGCA,3.87109375,1166,ATGGCA,3.87109375,1613,CCAAGG,0.03087771125137806,1166,ATGGCA,1.8586477381177247e-05,1453,CAGAGG,0.2167874425649643,False,False,True,-1.0726042091846466e-05,
