Layer,Time_Offset,Target_Timestep,Component,Metric_Mode,Logit_Score,Posteriors_Score,Target_Transition_Prior,Target_String_Prior,Target_Logit,Wrong_Transition_Prior,Wrong_String_Prior,Wrong_Logit,Actual_Argmax_Prior,Actual_String_Prior,Actual_Argmax_Logit,Target_Transition_Post,Target_String_Post,Target_Prob,Wrong_Transition_Post,Wrong_String_Post,Wrong_Prob,Actual_Transition_Post,actual_String_Post,actual_Prob,Is_Target_Logit_Argmax,Is_Target_Prob_Argmax,Should_Decode,Global_MSE_Change,New_String
0,0,34,head_3,degradation,0.99462890625,0.990638256072998,3403,GGGGAG,5.44921875,3363,GGGAAG,5.9453125,3363,GGGAAG,5.9453125,3403,GGGGAG,0.026105377823114395,3363,GGGAAG,0.1414109766483307,3362,GGGAAC,0.29048871994018555,False,False,True,-0.0010151714086532593,
0,1,34,head_3,degradation,0.99462890625,0.988076388835907,3403,GGGGAG,5.4453125,3363,GGGAAG,5.94140625,3363,GGGAAG,5.94140625,3403,GGGGAG,0.026272891089320183,3363,GGGAAG,0.1412733793258667,3362,GGGAAC,0.2898387312889099,False,False,True,-0.0006270408630371094,
0,2,34,head_3,degradation,0.99462890625,0.9944279789924622,3403,GGGGAG,5.44921875,3363,GGGAAG,5.9453125,3363,GGGAAG,5.9453125,3403,GGGGAG,0.02616639994084835,3363,GGGAAG,0.14192335307598114,3362,GGGAAC,0.2897185683250427,False,False,True,0.0012688040733337402,
0,3,34,head_3,degradation,1.005859375,1.0024161338806152,3403,GGGGAG,5.44921875,3363,GGGAAG,5.953125,3363,GGGAAG,5.953125,3403,GGGGAG,0.026199596002697945,3363,GGGAAG,0.14290793240070343,3362,GGGAAC,0.2901303768157959,False,False,True,-0.0007645338773727417,
0,4,34,head_3,degradation,1.0,1.003710389137268,3403,GGGGAG,5.453125,3363,GGGAAG,5.953125,3363,GGGAAG,5.953125,3403,GGGGAG,0.026352642104029655,3363,GGGAAG,0.1432151198387146,3362,GGGAAC,0.2898547947406769,False,False,True,-0.0001776963472366333,
0,5,34,head_3,degradation,1.0,1.0023972988128662,3403,GGGGAG,5.453125,3363,GGGAAG,5.953125,3363,GGGAAG,5.953125,3403,GGGGAG,0.02647045999765396,3363,GGGAAG,0.14317655563354492,3362,GGGAAC,0.28968387842178345,False,False,True,-0.0007369965314865112,
0,6,34,head_3,degradation,0.99462890625,0.9973079562187195,3403,GGGGAG,5.4609375,3363,GGGAAG,5.95703125,3363,GGGAAG,5.95703125,3403,GGGGAG,0.026313764974474907,3363,GGGAAG,0.14241372048854828,3362,GGGAAC,0.29049789905548096,False,False,True,-0.0018685758113861084,
0,7,34,head_3,degradation,1.0,0.9978156685829163,3403,GGGGAG,5.4453125,3363,GGGAAG,5.9453125,3363,GGGAAG,5.9453125,3403,GGGGAG,0.026287589222192764,3363,GGGAAG,0.14244800806045532,3362,GGGAAC,0.2876913845539093,False,False,True,-4.468858242034912e-05,
0,8,34,head_3,degradation,0.99462890625,1.0007413625717163,3403,GGGGAG,5.44921875,3363,GGGAAG,5.9453125,3363,GGGAAG,5.9453125,3403,GGGGAG,0.02645295113325119,3363,GGGAAG,0.14296181499958038,3362,GGGAAC,0.28958505392074585,False,False,True,-8.741021156311035e-05,
0,9,34,head_3,degradation,1.0,0.9959189295768738,3403,GGGGAG,5.4453125,3363,GGGAAG,5.9453125,3363,GGGAAG,5.9453125,3403,GGGGAG,0.026326984167099,3363,GGGAAG,0.14226150512695312,3362,GGGAAC,0.2903468608856201,False,False,True,9.174644947052002e-05,
0,10,34,head_3,degradation,1.0,1.0044313669204712,3403,GGGGAG,5.453125,3363,GGGAAG,5.953125,3363,GGGAAG,5.953125,3403,GGGGAG,0.026486216112971306,3363,GGGAAG,0.1434345692396164,3362,GGGAAC,0.2879650890827179,False,False,True,-0.000779375433921814,
0,11,34,head_3,degradation,1.0,0.9948356747627258,3403,GGGGAG,5.453125,3363,GGGAAG,5.953125,3363,GGGAAG,5.953125,3403,GGGGAG,0.026222970336675644,3363,GGGAAG,0.14202848076820374,3362,GGGAAC,0.2901456356048584,False,False,True,-0.0018582046031951904,
0,12,34,head_3,degradation,0.9892578125,0.9923642873764038,3403,GGGGAG,5.4609375,3363,GGGAAG,5.953125,3363,GGGAAG,5.953125,3403,GGGGAG,0.026190124452114105,3363,GGGAAG,0.14170129597187042,3362,GGGAAC,0.2908985912799835,False,False,True,-0.002757251262664795,
0,13,34,head_3,degradation,1.0,0.9980341792106628,3403,GGGGAG,5.453125,3363,GGGAAG,5.953125,3363,GGGAAG,5.953125,3403,GGGGAG,0.02622961439192295,3363,GGGAAG,0.1424160599708557,3362,GGGAAC,0.28952914476394653,False,False,True,-0.0025084614753723145,
0,14,34,head_3,degradation,0.9892578125,0.9920778274536133,3403,GGGGAG,5.4609375,3363,GGGAAG,5.953125,3363,GGGAAG,5.953125,3403,GGGGAG,0.026244716718792915,3363,GGGAAG,0.14172177016735077,3362,GGGAAC,0.2908829152584076,False,False,True,-0.001457810401916504,
0,15,34,head_3,degradation,0.9892578125,0.9840294122695923,3403,GGGGAG,5.44921875,3363,GGGAAG,5.94140625,3363,GGGAAG,5.94140625,3403,GGGGAG,0.026319775730371475,3363,GGGAAG,0.14083826541900635,3362,GGGAAC,0.2909413278102875,False,False,True,-0.001823320984840393,
0,16,34,head_3,degradation,0.99462890625,0.9960158467292786,3403,GGGGAG,5.4453125,3363,GGGAAG,5.94140625,3363,GGGAAG,5.94140625,3403,GGGGAG,0.02621503546833992,3363,GGGAAG,0.14216110110282898,3362,GGGAAC,0.2899206578731537,False,False,True,0.0011807531118392944,
0,17,34,head_3,degradation,1.005859375,1.003881812095642,3403,GGGGAG,5.44921875,3363,GGGAAG,5.953125,3363,GGGAAG,5.953125,3403,GGGGAG,0.02622799575328827,3363,GGGAAG,0.14311088621616364,3362,GGGAAC,0.28921544551849365,False,False,True,0.0017561763525009155,
0,18,34,head_3,degradation,1.005859375,1.0136243104934692,3403,GGGGAG,5.44921875,3363,GGGAAG,5.953125,3363,GGGAAG,5.953125,3403,GGGGAG,0.026137307286262512,3363,GGGAAG,0.1441805213689804,3362,GGGAAC,0.2901614010334015,False,False,True,0.002278164029121399,
0,19,34,head_3,degradation,1.005859375,0.997538685798645,3403,GGGGAG,5.4375,3363,GGGAAG,5.94140625,3363,GGGAAG,5.94140625,3403,GGGGAG,0.025718865916132927,3363,GGGAAG,0.14184629917144775,3362,GGGAAC,0.2915074825286865,False,False,True,-0.00014866888523101807,
0,20,34,head_3,degradation,0.99462890625,0.9914692640304565,3403,GGGGAG,5.4453125,3363,GGGAAG,5.94140625,3363,GGGAAG,5.94140625,3403,GGGGAG,0.026026802137494087,3363,GGGAAG,0.14143137633800507,3362,GGGAAC,0.2883356511592865,False,False,True,0.00042951107025146484,
0,21,34,head_3,degradation,1.005859375,0.9949255585670471,3403,GGGGAG,5.42578125,3363,GGGAAG,5.9296875,3363,GGGAAG,5.9296875,3403,GGGGAG,0.02551744319498539,3363,GGGAAG,0.1413336545228958,3362,GGGAAC,0.2898562252521515,False,False,True,0.002367466688156128,
0,22,34,head_3,degradation,1.0107421875,1.0057693719863892,3403,GGGGAG,5.4296875,3363,GGGAAG,5.9375,3363,GGGAAG,5.9375,3403,GGGGAG,0.025775102898478508,3363,GGGAAG,0.1428828090429306,3362,GGGAAC,0.28891757130622864,False,False,True,0.003495946526527405,
0,23,34,head_3,degradation,1.005859375,1.0195705890655518,3403,GGGGAG,5.44921875,3363,GGGAAG,5.953125,3363,GGGAAG,5.953125,3403,GGGGAG,0.02608584798872471,3363,GGGAAG,0.14483726024627686,3362,GGGAAC,0.28988632559776306,False,False,True,0.003239855170249939,
0,24,34,head_3,degradation,1.005859375,1.019802451133728,3403,GGGGAG,5.453125,3363,GGGAAG,5.95703125,3363,GGGAAG,5.95703125,3403,GGGGAG,0.026252245530486107,3363,GGGAAG,0.14503127336502075,3362,GGGAAC,0.2906114161014557,False,False,True,0.003026515245437622,
0,25,34,head_3,degradation,1.0107421875,1.0186147689819336,3403,GGGGAG,5.44921875,3363,GGGAAG,5.95703125,3363,GGGAAG,5.95703125,3403,GGGGAG,0.02604484185576439,3363,GGGAAG,0.14468242228031158,3362,GGGAAC,0.2905323803424835,False,False,True,0.0023454129695892334,
0,26,34,head_3,degradation,1.005859375,1.0055139064788818,3403,GGGGAG,5.453125,3363,GGGAAG,5.95703125,3363,GGGAAG,5.95703125,3403,GGGGAG,0.02618442103266716,3363,GGGAAG,0.14326170086860657,3362,GGGAAC,0.29022347927093506,False,False,True,0.0004035830497741699,
0,27,34,head_3,degradation,1.0,0.9981777667999268,3403,GGGGAG,5.453125,3363,GGGAAG,5.953125,3363,GGGAAG,5.953125,3403,GGGGAG,0.026207970455288887,3363,GGGAAG,0.1424115151166916,3362,GGGAAC,0.29004162549972534,False,False,True,0.0001137852668762207,
0,28,34,head_3,degradation,0.99462890625,0.9943961501121521,3403,GGGGAG,5.44921875,3363,GGGAAG,5.9453125,3363,GGGAAG,5.9453125,3403,GGGGAG,0.026122022420167923,3363,GGGAAG,0.14187517762184143,3362,GGGAAC,0.2906695008277893,False,False,True,0.0008379966020584106,
0,29,34,head_3,degradation,1.0,0.9998059272766113,3403,GGGGAG,5.453125,3363,GGGAAG,5.953125,3363,GGGAAG,5.953125,3403,GGGGAG,0.026274794712662697,3363,GGGAAG,0.14267225563526154,3362,GGGAAC,0.28939127922058105,False,False,True,-0.00043448805809020996,
0,30,34,head_3,degradation,1.005859375,1.00648033618927,3403,GGGGAG,5.44921875,3363,GGGAAG,5.953125,3363,GGGAAG,5.953125,3403,GGGGAG,0.02620869316160679,3363,GGGAAG,0.14340107142925262,3362,GGGAAC,0.28910404443740845,False,False,True,0.0005676150321960449,
0,31,34,head_3,degradation,1.0,1.0012147426605225,3403,GGGGAG,5.4609375,3363,GGGAAG,5.9609375,3363,GGGAAG,5.9609375,3403,GGGGAG,0.026275785639882088,3363,GGGAAG,0.14284102618694305,3362,GGGAAC,0.2897733747959137,False,False,True,-0.0013119429349899292,
0,32,34,head_3,degradation,1.0,0.9993389844894409,3403,GGGGAG,5.4453125,3363,GGGAAG,5.9453125,3363,GGGAAG,5.9453125,3403,GGGGAG,0.026285341009497643,3363,GGGAAG,0.14262719452381134,3362,GGGAAC,0.28928661346435547,False,False,True,-0.00011546909809112549,
0,33,34,head_3,degradation,1.0,0.9991486668586731,3403,GGGGAG,5.453125,3363,GGGAAG,5.953125,3363,GGGAAG,5.953125,3403,GGGGAG,0.026093216612935066,3363,GGGAAG,0.14241239428520203,3362,GGGAAC,0.28968074917793274,False,False,True,-0.0001786351203918457,
0,34,34,head_3,degradation,1.0,1.0069674253463745,3403,GGGGAG,5.4609375,3363,GGGAAG,5.9609375,3363,GGGAAG,5.9609375,3403,GGGGAG,0.026199156418442726,3363,GGGAAG,0.1434495449066162,3362,GGGAAC,0.28869912028312683,False,False,True,0.0008870512247085571,
0,35,34,head_3,degradation,0.9892578125,0.9904741644859314,3403,GGGGAG,5.44921875,3363,GGGAAG,5.94140625,3363,GGGAAG,5.94140625,3403,GGGGAG,0.026205232366919518,3363,GGGAAG,0.14149129390716553,3362,GGGAAC,0.28838738799095154,False,False,True,1.893937587738037e-05,
0,36,34,head_3,degradation,0.98388671875,0.9865821599960327,3403,GGGGAG,5.453125,3363,GGGAAG,5.94140625,3363,GGGAAG,5.94140625,3403,GGGGAG,0.026525260880589485,3363,GGGAAG,0.14134778082370758,3362,GGGAAC,0.28948739171028137,False,False,True,-0.002983391284942627,
0,37,34,head_3,degradation,0.9892578125,1.0008020401000977,3403,GGGGAG,5.4609375,3363,GGGAAG,5.953125,3363,GGGAAG,5.953125,3403,GGGGAG,0.026868004351854324,3363,GGGAAG,0.14338409900665283,3362,GGGAAC,0.28719690442085266,False,False,True,-0.0023773014545440674,
0,38,34,head_3,degradation,0.98388671875,0.9934450387954712,3403,GGGGAG,5.46484375,3363,GGGAAG,5.953125,3363,GGGAAG,5.953125,3403,GGGGAG,0.02672361396253109,3363,GGGAAG,0.142363503575325,3362,GGGAAC,0.28839510679244995,False,False,True,-0.0015992969274520874,
0,39,34,head_3,degradation,0.99462890625,0.9908978939056396,3403,GGGGAG,5.44921875,3363,GGGAAG,5.9453125,3363,GGGAAG,5.9453125,3403,GGGGAG,0.026151496917009354,3363,GGGAAG,0.14148801565170288,3362,GGGAAC,0.28936806321144104,False,False,True,-0.0008555799722671509,
0,40,34,head_3,degradation,0.99462890625,0.9954940676689148,3403,GGGGAG,5.44921875,3363,GGGAAG,5.9453125,3363,GGGAAG,5.9453125,3403,GGGGAG,0.026272663846611977,3363,GGGAAG,0.14215658605098724,3362,GGGAAC,0.28900599479675293,False,False,True,-0.00020103156566619873,
0,41,34,head_3,degradation,0.99462890625,0.9943002462387085,3403,GGGGAG,5.4609375,3363,GGGAAG,5.95703125,3363,GGGAAG,5.95703125,3403,GGGGAG,0.02618108130991459,3363,GGGAAG,0.14192281663417816,3362,GGGAAC,0.2908957898616791,False,False,True,-0.0011031031608581543,
1,0,34,head_3,degradation,1.0107421875,1.0088624954223633,3403,GGGGAG,5.4453125,3363,GGGAAG,5.953125,3363,GGGAAG,5.953125,3403,GGGGAG,0.02613717131316662,3363,GGGAAG,0.14361326396465302,3362,GGGAAC,0.28968653082847595,False,False,True,1.8328428268432617e-06,
1,1,34,head_3,degradation,1.005859375,1.0048151016235352,3403,GGGGAG,5.453125,3363,GGGAAG,5.95703125,3363,GGGAAG,5.95703125,3403,GGGGAG,0.026147738099098206,3363,GGGAAG,0.14314179122447968,3362,GGGAAC,0.28950753808021545,False,False,True,-0.0008195936679840088,
1,2,34,head_3,degradation,1.0,1.004718542098999,3403,GGGGAG,5.453125,3363,GGGAAG,5.953125,3363,GGGAAG,5.953125,3403,GGGGAG,0.026250358670949936,3363,GGGAAG,0.14323291182518005,3362,GGGAAC,0.29034674167633057,False,False,True,-0.00043435394763946533,
1,3,34,head_3,degradation,0.99462890625,0.9962982535362244,3403,GGGGAG,5.4609375,3363,GGGAAG,5.95703125,3363,GGGAAG,5.95703125,3403,GGGGAG,0.02637672796845436,3363,GGGAAG,0.14235642552375793,3362,GGGAAC,0.2895713150501251,False,False,True,-0.001374468207359314,
1,4,34,head_3,degradation,1.005859375,1.006300926208496,3403,GGGGAG,5.44921875,3363,GGGAAG,5.953125,3363,GGGAAG,5.953125,3403,GGGGAG,0.026207339018583298,3363,GGGAAG,0.143378347158432,3362,GGGAAC,0.2886042892932892,False,False,True,0.0002937018871307373,
1,5,34,head_3,degradation,1.0,0.9953491687774658,3403,GGGGAG,5.453125,3363,GGGAAG,5.953125,3363,GGGAAG,5.953125,3403,GGGGAG,0.026185818016529083,3363,GGGAAG,0.14205248653888702,3362,GGGAAC,0.2897875905036926,False,False,True,-0.0010969340801239014,
1,6,34,head_3,degradation,1.005859375,1.0018666982650757,3403,GGGGAG,5.44921875,3363,GGGAAG,5.953125,3363,GGGAAG,5.953125,3403,GGGGAG,0.026136521250009537,3363,GGGAAG,0.1427794098854065,3362,GGGAAC,0.28955116868019104,False,False,True,-0.0007629096508026123,
1,7,34,head_3,degradation,1.0,0.9976435303688049,3403,GGGGAG,5.453125,3363,GGGAAG,5.953125,3363,GGGAAG,5.953125,3403,GGGGAG,0.026138830929994583,3363,GGGAAG,0.1422787457704544,3362,GGGAAC,0.2899216115474701,False,False,True,-0.0008172541856765747,
1,8,34,head_3,degradation,0.99462890625,0.992642879486084,3403,GGGGAG,5.44921875,3363,GGGAAG,5.9453125,3363,GGGAAG,5.9453125,3403,GGGGAG,0.026151595637202263,3363,GGGAAG,0.14169594645500183,3362,GGGAAC,0.29037317633628845,False,False,True,-0.00026488304138183594,
1,9,34,head_3,degradation,0.99462890625,0.9952878355979919,3403,GGGGAG,5.4453125,3363,GGGAAG,5.94140625,3363,GGGAAG,5.94140625,3403,GGGGAG,0.02615528181195259,3363,GGGAAG,0.14201463758945465,3362,GGGAAC,0.2903033196926117,False,False,True,-0.00030831992626190186,
1,10,34,head_3,degradation,1.005859375,1.000028133392334,3403,GGGGAG,5.44921875,3363,GGGAAG,5.953125,3363,GGGAAG,5.953125,3403,GGGGAG,0.0259601641446352,3363,GGGAAG,0.14238408207893372,3362,GGGAAC,0.29021596908569336,False,False,True,-0.0007776170969009399,
1,11,34,head_3,degradation,1.0,0.9991170763969421,3403,GGGGAG,5.453125,3363,GGGAAG,5.953125,3363,GGGAAG,5.953125,3403,GGGGAG,0.026204770430922508,3363,GGGAAG,0.14252018928527832,3362,GGGAAC,0.29066184163093567,False,False,True,0.0006474107503890991,
1,12,34,head_3,degradation,0.99462890625,1.001778483390808,3403,GGGGAG,5.4609375,3363,GGGAAG,5.95703125,3363,GGGAAG,5.95703125,3403,GGGGAG,0.02643345110118389,3363,GGGAAG,0.14306584000587463,3362,GGGAAC,0.29059725999832153,False,False,True,0.000903010368347168,
1,13,34,head_3,degradation,1.0,0.9973044395446777,3403,GGGGAG,5.453125,3363,GGGAAG,5.953125,3363,GGGAAG,5.953125,3403,GGGGAG,0.02621244266629219,3363,GGGAAG,0.1423119753599167,3362,GGGAAC,0.2899760603904724,False,False,True,-6.692111492156982e-05,
1,14,34,head_3,degradation,1.0,1.0005403757095337,3403,GGGGAG,5.453125,3363,GGGAAG,5.953125,3363,GGGAAG,5.953125,3403,GGGGAG,0.026287158951163292,3363,GGGAAG,0.14277209341526031,3362,GGGAAC,0.2898368835449219,False,False,True,0.0007175803184509277,
1,15,34,head_3,degradation,1.0,1.0003718137741089,3403,GGGGAG,5.453125,3363,GGGAAG,5.953125,3363,GGGAAG,5.953125,3403,GGGGAG,0.026212451979517937,3363,GGGAAG,0.14267730712890625,3362,GGGAAC,0.2895207703113556,False,False,True,-0.00043679773807525635,
1,16,34,head_3,degradation,1.0,1.0005686283111572,3403,GGGGAG,5.453125,3363,GGGAAG,5.953125,3363,GGGAAG,5.953125,3403,GGGGAG,0.02600070834159851,3363,GGGAAG,0.1424890011548996,3362,GGGAAC,0.28929755091667175,False,False,True,7.097423076629639e-05,
1,17,34,head_3,degradation,0.99462890625,0.9942307472229004,3403,GGGGAG,5.44921875,3363,GGGAAG,5.9453125,3363,GGGAAG,5.9453125,3403,GGGGAG,0.026286248117685318,3363,GGGAAG,0.14201970398426056,3362,GGGAAC,0.28889960050582886,False,False,True,-0.0010705739259719849,
1,18,34,head_3,degradation,0.99462890625,1.001580834388733,3403,GGGGAG,5.4609375,3363,GGGAAG,5.95703125,3363,GGGAAG,5.95703125,3403,GGGGAG,0.02643553540110588,3363,GGGAAG,0.1430443823337555,3362,GGGAAC,0.28981420397758484,False,False,True,-0.0019018501043319702,
1,19,34,head_3,degradation,1.0,1.0071139335632324,3403,GGGGAG,5.453125,3363,GGGAAG,5.953125,3363,GGGAAG,5.953125,3403,GGGGAG,0.0263069998472929,3363,GGGAAG,0.14357483386993408,3362,GGGAAC,0.28948527574539185,False,False,True,-0.001117318868637085,
1,20,34,head_3,degradation,0.9892578125,0.9969392418861389,3403,GGGGAG,5.46875,3363,GGGAAG,5.9609375,3363,GGGAAG,5.9609375,3403,GGGGAG,0.02706749737262726,3363,GGGAAG,0.1431235373020172,3362,GGGAAC,0.2911317050457001,False,False,True,-0.006177067756652832,
1,21,34,head_3,degradation,0.97802734375,0.9879902005195618,3403,GGGGAG,5.484375,3363,GGGAAG,5.96875,3363,GGGAAG,5.96875,3403,GGGGAG,0.026980478316545486,3363,GGGAAG,0.141970694065094,3362,GGGAAC,0.2957252860069275,False,False,True,-0.006134331226348877,
1,22,34,head_3,degradation,0.97802734375,1.0297969579696655,3403,GGGGAG,5.65625,3363,GGGAAG,6.140625,3363,GGGAAG,6.140625,3403,GGGGAG,0.031111180782318115,3363,GGGAAG,0.15108053386211395,3362,GGGAAC,0.30449798703193665,False,False,True,-0.012565195560455322,
1,23,34,head_3,degradation,0.96728515625,0.9715226888656616,3403,GGGGAG,5.671875,3363,GGGAAG,6.1484375,3363,GGGAAG,6.1484375,3403,GGGGAG,0.0313410721719265,3363,GGGAAG,0.14437003433704376,3362,GGGAAC,0.3042911887168884,False,False,True,-0.024091407656669617,
1,24,34,head_3,degradation,0.94580078125,0.9211545586585999,3403,GGGGAG,5.66796875,3363,GGGAAG,6.12890625,3363,GGGAAG,6.12890625,3403,GGGGAG,0.032080959528684616,3363,GGGAAG,0.13911113142967224,3362,GGGAAC,0.2894064486026764,False,False,True,-0.04080083966255188,
1,25,34,head_3,degradation,0.92919921875,0.806776225566864,3403,GGGGAG,5.52734375,3363,GGGAAG,5.9765625,3363,GGGAAG,5.9765625,3403,GGGGAG,0.028537776321172714,3363,GGGAAG,0.12194561958312988,3362,GGGAAC,0.2750771939754486,False,False,True,-0.04075296223163605,
1,26,34,head_3,degradation,0.9345703125,0.8622301816940308,3403,GGGGAG,5.48828125,3363,GGGAAG,5.94140625,3363,GGGAAG,5.94140625,3403,GGGGAG,0.02729443460702896,3363,GGGAAG,0.1273067742586136,3362,GGGAAC,0.2788538336753845,False,False,True,-0.03032815456390381,
1,27,34,head_3,degradation,0.97802734375,0.9506248235702515,3403,GGGGAG,5.453125,3363,GGGAAG,5.9375,3363,GGGAAG,5.9375,3403,GGGGAG,0.026384545490145683,3363,GGGAAG,0.1369245946407318,3362,GGGAAC,0.2861602008342743,False,False,True,-0.012856841087341309,
1,28,34,head_3,degradation,1.0,0.9951871037483215,3403,GGGGAG,5.453125,3363,GGGAAG,5.953125,3363,GGGAAG,5.953125,3403,GGGGAG,0.02606031484901905,3363,GGGAAG,0.1419076770544052,3362,GGGAAC,0.2908070385456085,False,False,True,-0.00023765861988067627,
1,29,34,head_3,degradation,0.99462890625,1.0005074739456177,3403,GGGGAG,5.4609375,3363,GGGAAG,5.95703125,3363,GGGAAG,5.95703125,3403,GGGGAG,0.02613488771021366,3363,GGGAAG,0.1426158994436264,3362,GGGAAC,0.29041358828544617,False,False,True,-0.0003695487976074219,
1,30,34,head_3,degradation,1.0,0.994360625743866,3403,GGGGAG,5.453125,3363,GGGAAG,5.953125,3363,GGGAAG,5.953125,3403,GGGGAG,0.026166550815105438,3363,GGGAAG,0.1419154852628708,3362,GGGAAC,0.28885945677757263,False,False,True,-0.0035100728273391724,
1,31,34,head_3,degradation,1.005859375,1.0030344724655151,3403,GGGGAG,5.453125,3363,GGGAAG,5.95703125,3363,GGGAAG,5.95703125,3403,GGGGAG,0.026399588212370872,3363,GGGAAG,0.14318156242370605,3362,GGGAAC,0.28783902525901794,False,False,True,-0.0014639943838119507,
1,32,34,head_3,degradation,1.0,0.9990600943565369,3403,GGGGAG,5.453125,3363,GGGAAG,5.953125,3363,GGGAAG,5.953125,3403,GGGGAG,0.026232656091451645,3363,GGGAAG,0.1425412893295288,3362,GGGAAC,0.2899916172027588,False,False,True,-0.002405300736427307,
1,33,34,head_3,degradation,0.99462890625,0.9989811182022095,3403,GGGGAG,5.4609375,3363,GGGAAG,5.95703125,3363,GGGAAG,5.95703125,3403,GGGGAG,0.026303738355636597,3363,GGGAAG,0.14260296523571014,3362,GGGAAC,0.2895686626434326,False,False,True,-0.001673579216003418,
1,34,34,head_3,degradation,0.99462890625,0.9929934740066528,3403,GGGGAG,5.44921875,3363,GGGAAG,5.9453125,3363,GGGAAG,5.9453125,3403,GGGGAG,0.02625867910683155,3363,GGGAAG,0.14184477925300598,3362,GGGAAC,0.2902217209339142,False,False,True,-0.0014661997556686401,
1,35,34,head_3,degradation,1.005859375,0.9994557499885559,3403,GGGGAG,5.44921875,3363,GGGAAG,5.953125,3363,GGGAAG,5.953125,3403,GGGGAG,0.026157565414905548,3363,GGGAAG,0.14251331984996796,3362,GGGAAC,0.28923654556274414,False,False,True,0.00024022161960601807,
1,36,34,head_3,degradation,1.005859375,1.0038658380508423,3403,GGGGAG,5.453125,3363,GGGAAG,5.95703125,3363,GGGAAG,5.95703125,3403,GGGGAG,0.02627466432750225,3363,GGGAAG,0.14315566420555115,3362,GGGAAC,0.2892706096172333,False,False,True,0.000254213809967041,
1,37,34,head_3,degradation,0.99462890625,0.9974521994590759,3403,GGGGAG,5.44921875,3363,GGGAAG,5.9453125,3363,GGGAAG,5.9453125,3403,GGGGAG,0.02618701383471489,3363,GGGAAG,0.14230415225028992,3362,GGGAAC,0.2918510437011719,False,False,True,0.00040508806705474854,
1,38,34,head_3,degradation,1.005859375,1.0032660961151123,3403,GGGGAG,5.44921875,3363,GGGAAG,5.953125,3363,GGGAAG,5.953125,3403,GGGGAG,0.026078257709741592,3363,GGGAAG,0.14288781583309174,3362,GGGAAC,0.2909628450870514,False,False,True,0.001400962471961975,
1,39,34,head_3,degradation,0.99462890625,0.9949941039085388,3403,GGGGAG,5.44921875,3363,GGGAAG,5.9453125,3363,GGGAAG,5.9453125,3403,GGGGAG,0.02610780857503414,3363,GGGAAG,0.1419321894645691,3362,GGGAAC,0.289913535118103,False,False,True,0.00020535290241241455,
1,40,34,head_3,degradation,1.005859375,1.0012842416763306,3403,GGGGAG,5.44921875,3363,GGGAAG,5.953125,3363,GGGAAG,5.953125,3403,GGGGAG,0.026062024757266045,3363,GGGAAG,0.1426355540752411,3362,GGGAAC,0.29037827253341675,False,False,True,0.00021073222160339355,
1,41,34,head_3,degradation,1.0,0.9986732006072998,3403,GGGGAG,5.453125,3363,GGGAAG,5.953125,3363,GGGAAG,5.953125,3403,GGGGAG,0.02618502452969551,3363,GGGAAG,0.1424475759267807,3362,GGGAAC,0.2893899977207184,False,False,True,6.636977195739746e-05,
2,0,34,head_3,degradation,1.0,1.0051231384277344,3403,GGGGAG,5.4453125,3363,GGGAAG,5.9453125,3363,GGGAAG,5.9453125,3403,GGGGAG,0.026159849017858505,3363,GGGAAG,0.14319059252738953,3362,GGGAAC,0.2861623466014862,False,False,True,0.0022344738245010376,
2,1,34,head_3,degradation,1.005859375,1.0126701593399048,3403,GGGGAG,5.44921875,3363,GGGAAG,5.953125,3363,GGGAAG,5.953125,3403,GGGGAG,0.026249321177601814,3363,GGGAAG,0.14417889714241028,3362,GGGAAC,0.28625744581222534,False,False,True,0.0029950588941574097,
2,2,34,head_3,degradation,1.0,1.010041356086731,3403,GGGGAG,5.4609375,3363,GGGAAG,5.9609375,3363,GGGAAG,5.9609375,3403,GGGGAG,0.026279976591467857,3363,GGGAAG,0.1438964605331421,3362,GGGAAC,0.2885487675666809,False,False,True,0.0005789697170257568,
2,3,34,head_3,degradation,1.005859375,1.0132527351379395,3403,GGGGAG,5.453125,3363,GGGAAG,5.95703125,3363,GGGAAG,5.95703125,3403,GGGGAG,0.026204094290733337,3363,GGGAAG,0.1442030519247055,3362,GGGAAC,0.28828245401382446,False,False,True,0.002296462655067444,
2,4,34,head_3,degradation,1.0107421875,1.0135037899017334,3403,GGGGAG,5.4453125,3363,GGGAAG,5.953125,3363,GGGAAG,5.953125,3403,GGGGAG,0.026247423142194748,3363,GGGAAG,0.14427629113197327,3362,GGGAAC,0.28673943877220154,False,False,True,0.004421547055244446,
2,5,34,head_3,degradation,1.005859375,1.0024482011795044,3403,GGGGAG,5.453125,3363,GGGAAG,5.95703125,3363,GGGAAG,5.95703125,3403,GGGGAG,0.026119820773601532,3363,GGGAAG,0.1428319662809372,3362,GGGAAC,0.2857419550418854,False,False,True,0.0036944597959518433,
2,6,34,head_3,degradation,1.0,0.997627317905426,3403,GGGGAG,5.4375,3363,GGGAAG,5.9375,3363,GGGAAG,5.9375,3403,GGGGAG,0.026183880865573883,3363,GGGAAG,0.1423218697309494,3362,GGGAAC,0.28880390524864197,False,False,True,0.002648279070854187,
2,7,34,head_3,degradation,1.0,1.0025259256362915,3403,GGGGAG,5.43359375,3363,GGGAAG,5.93359375,3363,GGGAAG,5.93359375,3403,GGGGAG,0.026157045736908913,3363,GGGAAG,0.142878457903862,3362,GGGAAC,0.29187309741973877,False,False,True,0.0008207410573959351,
2,8,34,head_3,degradation,0.9892578125,0.9913724660873413,3403,GGGGAG,5.44921875,3363,GGGAAG,5.94140625,3363,GGGAAG,5.94140625,3403,GGGGAG,0.02614082209765911,3363,GGGAAG,0.14153386652469635,3362,GGGAAC,0.2913762331008911,False,False,True,0.0008429586887359619,
2,9,34,head_3,degradation,1.0,1.0046759843826294,3403,GGGGAG,5.46875,3363,GGGAAG,5.96875,3363,GGGAAG,5.96875,3403,GGGGAG,0.02634604275226593,3363,GGGAAG,0.14332352578639984,3362,GGGAAC,0.29020699858665466,False,False,True,-0.0019194930791854858,
2,10,34,head_3,degradation,1.0107421875,1.0154800415039062,3403,GGGGAG,5.453125,3363,GGGAAG,5.9609375,3363,GGGAAG,5.9609375,3403,GGGGAG,0.026327745988965034,3363,GGGAAG,0.14459197223186493,3362,GGGAAC,0.2866092622280121,False,False,True,0.0012549608945846558,
2,11,34,head_3,degradation,1.02734375,1.038547396659851,3403,GGGGAG,5.44921875,3363,GGGAAG,5.96875,3363,GGGAAG,5.96875,3403,GGGGAG,0.026751650497317314,3363,GGGAAG,0.1477631777524948,3362,GGGAAC,0.2827424705028534,False,False,True,0.0046832263469696045,
2,12,34,head_3,degradation,1.021484375,1.0225975513458252,3403,GGGGAG,5.4453125,3363,GGGAAG,5.9609375,3363,GGGAAG,5.9609375,3403,GGGGAG,0.02631356567144394,3363,GGGAAG,0.145425483584404,3362,GGGAAC,0.28209131956100464,False,False,True,0.006378591060638428,
2,13,34,head_3,degradation,1.0107421875,1.0094330310821533,3403,GGGGAG,5.453125,3363,GGGAAG,5.9609375,3363,GGGAAG,5.9609375,3403,GGGGAG,0.026083121076226234,3363,GGGAAG,0.14362715184688568,3362,GGGAAC,0.28644850850105286,False,False,True,0.004421547055244446,
2,14,34,head_3,degradation,1.005859375,1.0054867267608643,3403,GGGGAG,5.46484375,3363,GGGAAG,5.96875,3363,GGGAAG,5.96875,3403,GGGGAG,0.026083214208483696,3363,GGGAAG,0.1431572586297989,3362,GGGAAC,0.288797527551651,False,False,True,0.00022977590560913086,
2,15,34,head_3,degradation,1.005859375,1.0128952264785767,3403,GGGGAG,5.47265625,3363,GGGAAG,5.9765625,3363,GGGAAG,5.9765625,3403,GGGGAG,0.026192681863904,3363,GGGAAG,0.1441490650177002,3362,GGGAAC,0.28868064284324646,False,False,True,-0.0023431628942489624,
2,16,34,head_3,degradation,1.005859375,1.005306601524353,3403,GGGGAG,5.46875,3363,GGGAAG,5.97265625,3363,GGGAAG,5.97265625,3403,GGGGAG,0.02602691762149334,3363,GGGAAG,0.1430795043706894,3362,GGGAAC,0.28919172286987305,False,False,True,-0.006042912602424622,
2,17,34,head_3,degradation,1.0107421875,1.0081325769424438,3403,GGGGAG,5.42578125,3363,GGGAAG,5.93359375,3363,GGGAAG,5.93359375,3403,GGGGAG,0.026011871173977852,3363,GGGAAG,0.14340102672576904,3362,GGGAAC,0.28489553928375244,False,False,True,-0.003997832536697388,
2,18,34,head_3,degradation,1.021484375,1.0142043828964233,3403,GGGGAG,5.390625,3363,GGGAAG,5.90625,3363,GGGAAG,5.90625,3403,GGGGAG,0.025579147040843964,3363,GGGAAG,0.14369145035743713,3362,GGGAAC,0.28530269861221313,False,False,True,-0.00045658648014068604,
2,19,34,head_3,degradation,1.0107421875,0.9911444187164307,3403,GGGGAG,5.38671875,3363,GGGAAG,5.89453125,3363,GGGAAG,5.89453125,3403,GGGGAG,0.024969063699245453,3363,GGGAAG,0.14033494889736176,3362,GGGAAC,0.28650227189064026,False,False,True,0.0027626752853393555,
2,20,34,head_3,degradation,1.005859375,0.9822900295257568,3403,GGGGAG,5.4296875,3363,GGGAAG,5.93359375,3363,GGGAAG,5.93359375,3403,GGGGAG,0.02511611208319664,3363,GGGAAG,0.13942745327949524,3362,GGGAAC,0.29021063446998596,False,False,True,-0.00159415602684021,
2,21,34,head_3,degradation,0.98388671875,0.9601523876190186,3403,GGGGAG,5.46875,3363,GGGAAG,5.95703125,3363,GGGAAG,5.95703125,3403,GGGGAG,0.02552601881325245,3363,GGGAAG,0.13720078766345978,3362,GGGAAC,0.2920985221862793,False,False,True,-0.00565163791179657,
2,22,34,head_3,degradation,0.98388671875,0.9688818454742432,3403,GGGGAG,5.47265625,3363,GGGAAG,5.9609375,3363,GGGAAG,5.9609375,3403,GGGGAG,0.026089683175086975,3363,GGGAAG,0.1388041228055954,3362,GGGAAC,0.29199784994125366,False,False,True,-0.005922913551330566,
2,23,34,head_3,degradation,0.97265625,0.9590775370597839,3403,GGGGAG,5.4609375,3363,GGGAAG,5.94140625,3363,GGGAAG,5.94140625,3403,GGGGAG,0.025884507223963737,3363,GGGAAG,0.13743126392364502,3362,GGGAAC,0.2928348183631897,False,False,True,-0.005126550793647766,
2,24,34,head_3,degradation,0.97265625,0.9648270010948181,3403,GGGGAG,5.4609375,3363,GGGAAG,5.94140625,3363,GGGAAG,5.94140625,3403,GGGGAG,0.025998413562774658,3363,GGGAAG,0.13822992146015167,3362,GGGAAC,0.29018715023994446,False,False,True,-0.003422960638999939,
2,25,34,head_3,degradation,0.98388671875,0.9862082600593567,3403,GGGGAG,5.44921875,3363,GGGAAG,5.9375,3363,GGGAAG,5.9375,3403,GGGGAG,0.02623976767063141,3363,GGGAAG,0.14101776480674744,3362,GGGAAC,0.2901277542114258,False,False,True,-0.0011621266603469849,
2,26,34,head_3,degradation,0.9892578125,0.9987032413482666,3403,GGGGAG,5.44921875,3363,GGGAAG,5.94140625,3363,GGGAAG,5.94140625,3403,GGGGAG,0.026157455518841743,3363,GGGAAG,0.1424235850572586,3362,GGGAAC,0.2929351329803467,False,False,True,0.002771615982055664,
2,27,34,head_3,degradation,1.005859375,1.0164811611175537,3403,GGGGAG,5.453125,3363,GGGAAG,5.95703125,3363,GGGAAG,5.95703125,3403,GGGGAG,0.026081619784235954,3363,GGGAAG,0.14446508884429932,3362,GGGAAC,0.2940310537815094,False,False,True,0.003989651799201965,
2,28,34,head_3,degradation,1.005859375,1.0204130411148071,3403,GGGGAG,5.46484375,3363,GGGAAG,5.96875,3363,GGGAAG,5.96875,3403,GGGGAG,0.026279091835021973,3363,GGGAAG,0.14513084292411804,3362,GGGAAC,0.2927252948284149,False,False,True,0.003383457660675049,
2,29,34,head_3,degradation,0.9892578125,0.9993202686309814,3403,GGGGAG,5.484375,3363,GGGAAG,5.9765625,3363,GGGAAG,5.9765625,3403,GGGGAG,0.026186712086200714,3363,GGGAAG,0.14252632856369019,3362,GGGAAC,0.29440605640411377,False,False,True,0.0004163682460784912,
2,30,34,head_3,degradation,0.9892578125,1.0024635791778564,3403,GGGGAG,5.48828125,3363,GGGAAG,5.98046875,3363,GGGAAG,5.98046875,3403,GGGGAG,0.02652583085000515,3363,GGGAAG,0.1432398110628128,3362,GGGAAC,0.2930223345756531,False,False,True,-0.00013937056064605713,
2,31,34,head_3,degradation,0.9892578125,0.9956865310668945,3403,GGGGAG,5.4765625,3363,GGGAAG,5.96875,3363,GGGAAG,5.96875,3403,GGGGAG,0.026683395728468895,3363,GGGAAG,0.1425902396440506,3362,GGGAAC,0.29125767946243286,False,False,True,-0.0009237229824066162,
2,32,34,head_3,degradation,0.99462890625,0.9967989325523376,3403,GGGGAG,5.4765625,3363,GGGAAG,5.97265625,3363,GGGAAG,5.97265625,3403,GGGGAG,0.02672543376684189,3363,GGGAAG,0.14276476204395294,3362,GGGAAC,0.29033103585243225,False,False,True,-0.00342462956905365,
2,33,34,head_3,degradation,0.9892578125,1.0078413486480713,3403,GGGGAG,5.4765625,3363,GGGAAG,5.96875,3363,GGGAAG,5.96875,3403,GGGGAG,0.026931116357445717,3363,GGGAAG,0.14428558945655823,3362,GGGAAC,0.2876036763191223,False,False,True,-0.0018705278635025024,
2,34,34,head_3,degradation,1.0,1.0204017162322998,3403,GGGGAG,5.47265625,3363,GGGAAG,5.97265625,3363,GGGAAG,5.97265625,3403,GGGGAG,0.026546265929937363,3363,GGGAAG,0.1453966647386551,3362,GGGAAC,0.28904107213020325,False,False,True,0.00046819448471069336,
2,35,34,head_3,degradation,1.0,1.0218086242675781,3403,GGGGAG,5.47265625,3363,GGGAAG,5.97265625,3363,GGGAAG,5.97265625,3403,GGGGAG,0.02651333250105381,3363,GGGAAG,0.1455312818288803,3362,GGGAAC,0.2895869016647339,False,False,True,0.001917317509651184,
2,36,34,head_3,degradation,0.99462890625,1.0012942552566528,3403,GGGGAG,5.4609375,3363,GGGAAG,5.95703125,3363,GGGAAG,5.95703125,3403,GGGGAG,0.026434723287820816,3363,GGGAAG,0.14300943911075592,3362,GGGAAC,0.2927118241786957,False,False,True,-0.0009607970714569092,
2,37,34,head_3,degradation,0.99462890625,0.9967037439346313,3403,GGGGAG,5.4609375,3363,GGGAAG,5.95703125,3363,GGGAAG,5.95703125,3403,GGGGAG,0.026028869673609734,3363,GGGAAG,0.14205686748027802,3362,GGGAAC,0.29334232211112976,False,False,True,0.00017569959163665771,
2,38,34,head_3,degradation,0.99462890625,0.9995895624160767,3403,GGGGAG,5.4609375,3363,GGGAAG,5.95703125,3363,GGGAAG,5.95703125,3403,GGGGAG,0.026094751432538033,3363,GGGAAG,0.1424664407968521,3362,GGGAAC,0.29348862171173096,False,False,True,0.00013503432273864746,
2,39,34,head_3,degradation,0.99462890625,1.0047461986541748,3403,GGGGAG,5.46484375,3363,GGGAAG,5.9609375,3363,GGGAAG,5.9609375,3403,GGGGAG,0.02604946680366993,3363,GGGAAG,0.14303530752658844,3362,GGGAAC,0.29340875148773193,False,False,True,0.002515926957130432,
2,40,34,head_3,degradation,1.0107421875,1.0217270851135254,3403,GGGGAG,5.4609375,3363,GGGAAG,5.96875,3363,GGGAAG,5.96875,3403,GGGGAG,0.026016129180788994,3363,GGGAAG,0.145024374127388,3362,GGGAAC,0.2924124002456665,False,False,True,0.003090977668762207,
2,41,34,head_3,degradation,1.0,1.0118584632873535,3403,GGGGAG,5.4609375,3363,GGGAAG,5.9609375,3363,GGGAAG,5.9609375,3403,GGGGAG,0.02613796293735504,3363,GGGAAG,0.14397086203098297,3362,GGGAAC,0.2907891869544983,False,False,True,0.0034160315990448,
3,0,34,head_3,degradation,0.99462890625,0.9959410429000854,3403,GGGGAG,5.44921875,3363,GGGAAG,5.9453125,3363,GGGAAG,5.9453125,3403,GGGGAG,0.026195865124464035,3363,GGGAAG,0.14213302731513977,3362,GGGAAC,0.29142001271247864,False,False,True,-0.00010670721530914307,
3,1,34,head_3,degradation,1.005859375,1.0069496631622314,3403,GGGGAG,5.44921875,3363,GGGAAG,5.953125,3363,GGGAAG,5.953125,3403,GGGGAG,0.02599034458398819,3363,GGGAAG,0.1432386189699173,3362,GGGAAC,0.29022544622421265,False,False,True,-0.00017634034156799316,
3,2,34,head_3,degradation,1.0,1.004727840423584,3403,GGGGAG,5.453125,3363,GGGAAG,5.953125,3363,GGGAAG,5.953125,3403,GGGGAG,0.02625502273440361,3363,GGGAAG,0.14323867857456207,3362,GGGAAC,0.28935447335243225,False,False,True,0.0008133500814437866,
3,3,34,head_3,degradation,1.005859375,1.0124269723892212,3403,GGGGAG,5.44921875,3363,GGGAAG,5.953125,3363,GGGAAG,5.953125,3403,GGGGAG,0.026382843032479286,3363,GGGAAG,0.1442834585905075,3362,GGGAAC,0.29002317786216736,False,False,True,0.0001862943172454834,
3,4,34,head_3,degradation,0.99462890625,0.9988488554954529,3403,GGGGAG,5.44921875,3363,GGGAAG,5.9453125,3363,GGGAAG,5.9453125,3403,GGGGAG,0.02643739804625511,3363,GGGAAG,0.14272087812423706,3362,GGGAAC,0.2894457280635834,False,False,True,-0.0009139031171798706,
3,5,34,head_3,degradation,0.9892578125,0.992283821105957,3403,GGGGAG,5.44921875,3363,GGGAAG,5.94140625,3363,GGGAAG,5.94140625,3403,GGGGAG,0.026349319145083427,3363,GGGAAG,0.14185090363025665,3362,GGGAAC,0.29109910130500793,False,False,True,-0.0019283294677734375,
3,6,34,head_3,degradation,0.9892578125,0.9877510666847229,3403,GGGGAG,5.453125,3363,GGGAAG,5.9453125,3363,GGGAAG,5.9453125,3403,GGGGAG,0.026327146217226982,3363,GGGAAG,0.1412888914346695,3362,GGGAAC,0.2900918126106262,False,False,True,-0.002155587077140808,
3,7,34,head_3,degradation,0.9892578125,0.9917750954627991,3403,GGGGAG,5.46875,3363,GGGAAG,5.9609375,3363,GGGAAG,5.9609375,3403,GGGGAG,0.02641608938574791,3363,GGGAAG,0.1418570876121521,3362,GGGAAC,0.29162755608558655,False,False,True,-0.003686875104904175,
3,8,34,head_3,degradation,0.98388671875,0.9862326383590698,3403,GGGGAG,5.46875,3363,GGGAAG,5.95703125,3363,GGGAAG,5.95703125,3403,GGGGAG,0.0261863823980093,3363,GGGAAG,0.14096727967262268,3362,GGGAAC,0.29187071323394775,False,False,True,-0.004544168710708618,
3,9,34,head_3,degradation,0.9892578125,0.9953007102012634,3403,GGGGAG,5.46484375,3363,GGGAAG,5.95703125,3363,GGGAAG,5.95703125,3403,GGGGAG,0.02647491917014122,3363,GGGAAG,0.14233581721782684,3362,GGGAAC,0.29063597321510315,False,False,True,-0.0027631670236587524,
3,10,34,head_3,degradation,1.005859375,1.0012542009353638,3403,GGGGAG,5.453125,3363,GGGAAG,5.95703125,3363,GGGAAG,5.95703125,3403,GGGGAG,0.02606317028403282,3363,GGGAAG,0.1426331251859665,3362,GGGAAC,0.2894752621650696,False,False,True,-0.000982820987701416,
3,11,34,head_3,degradation,1.0,1.0018627643585205,3403,GGGGAG,5.453125,3363,GGGAAG,5.953125,3363,GGGAAG,5.953125,3403,GGGGAG,0.026426328346133232,3363,GGGAAG,0.14306876063346863,3362,GGGAAC,0.288117378950119,False,False,True,0.00112953782081604,
3,12,34,head_3,degradation,1.005859375,1.0069864988327026,3403,GGGGAG,5.453125,3363,GGGAAG,5.95703125,3363,GGGAAG,5.95703125,3403,GGGGAG,0.026179132983088493,3363,GGGAAG,0.14343179762363434,3362,GGGAAC,0.28687188029289246,False,False,True,0.00302809476852417,
3,13,34,head_3,degradation,1.0,1.0022863149642944,3403,GGGGAG,5.4609375,3363,GGGAAG,5.9609375,3363,GGGAAG,5.9609375,3403,GGGGAG,0.02610771171748638,3363,GGGAAG,0.14280058443546295,3362,GGGAAC,0.29054129123687744,False,False,True,0.002498909831047058,
3,14,34,head_3,degradation,1.005859375,1.003917932510376,3403,GGGGAG,5.44921875,3363,GGGAAG,5.953125,3363,GGGAAG,5.953125,3403,GGGGAG,0.025968825444579124,3363,GGGAAG,0.14285601675510406,3362,GGGAAC,0.2888193428516388,False,False,True,0.002073928713798523,
3,15,34,head_3,degradation,1.005859375,1.0035057067871094,3403,GGGGAG,5.44921875,3363,GGGAAG,5.953125,3363,GGGAAG,5.953125,3403,GGGGAG,0.025992311537265778,3363,GGGAAG,0.14283041656017303,3362,GGGAAC,0.2906418740749359,False,False,True,0.001900508999824524,
3,16,34,head_3,degradation,1.0,1.0004615783691406,3403,GGGGAG,5.4453125,3363,GGGAAG,5.9453125,3363,GGGAAG,5.9453125,3403,GGGGAG,0.02619771659374237,3363,GGGAAG,0.14267326891422272,3362,GGGAAC,0.2898750305175781,False,False,True,0.0007821619510650635,
3,17,34,head_3,degradation,1.005859375,1.015788197517395,3403,GGGGAG,5.44921875,3363,GGGAAG,5.953125,3363,GGGAAG,5.953125,3403,GGGGAG,0.026616234332323074,3363,GGGAAG,0.14491716027259827,3362,GGGAAC,0.2880614697933197,False,False,True,0.0006921738386154175,
3,18,34,head_3,degradation,0.99462890625,1.0120171308517456,3403,GGGGAG,5.4609375,3363,GGGAAG,5.95703125,3363,GGGAAG,5.95703125,3403,GGGGAG,0.026607565581798553,3363,GGGAAG,0.14445936679840088,3362,GGGAAC,0.2896156907081604,False,False,True,-0.000946342945098877,
3,19,34,head_3,degradation,1.0,1.0177173614501953,3403,GGGGAG,5.47265625,3363,GGGAAG,5.97265625,3363,GGGAAG,5.97265625,3403,GGGGAG,0.026372788473963737,3363,GGGAAG,0.14490348100662231,3362,GGGAAC,0.29006311297416687,False,False,True,-0.0011664479970932007,
3,20,34,head_3,degradation,1.005859375,1.0108754634857178,3403,GGGGAG,5.44921875,3363,GGGAAG,5.953125,3363,GGGAAG,5.953125,3403,GGGGAG,0.02608620375394821,3363,GGGAAG,0.14380203187465668,3362,GGGAAC,0.2881395220756531,False,False,True,-0.0011716336011886597,
3,21,34,head_3,degradation,1.005859375,1.005672574043274,3403,GGGGAG,5.4375,3363,GGGAAG,5.94140625,3363,GGGAAG,5.94140625,3403,GGGGAG,0.025578152388334274,3363,GGGAAG,0.14267432689666748,3362,GGGAAC,0.28840360045433044,False,False,True,0.0013102740049362183,
3,22,34,head_3,degradation,1.005859375,0.9932543039321899,3403,GGGGAG,5.4296875,3363,GGGAAG,5.93359375,3363,GGGAAG,5.93359375,3403,GGGGAG,0.025643114000558853,3363,GGGAAG,0.1412602812051773,3362,GGGAAC,0.2869078814983368,False,False,True,0.0006737709045410156,
3,23,34,head_3,degradation,0.9892578125,0.9897661805152893,3403,GGGGAG,5.44921875,3363,GGGAAG,5.94140625,3363,GGGAAG,5.94140625,3403,GGGGAG,0.02581697329878807,3363,GGGAAG,0.14101871848106384,3362,GGGAAC,0.2886592149734497,False,False,True,-0.00039283931255340576,
3,24,34,head_3,degradation,1.0,0.9892669916152954,3403,GGGGAG,5.453125,3363,GGGAAG,5.953125,3363,GGGAAG,5.953125,3403,GGGGAG,0.025876548141241074,3363,GGGAAG,0.1410188376903534,3362,GGGAAC,0.2888886034488678,False,False,True,-0.0008357614278793335,
3,25,34,head_3,degradation,0.9892578125,0.9947603344917297,3403,GGGGAG,5.453125,3363,GGGAAG,5.9453125,3363,GGGAAG,5.9453125,3403,GGGGAG,0.026168499141931534,3363,GGGAAG,0.14196503162384033,3362,GGGAAC,0.2889955937862396,False,False,True,6.99162483215332e-05,
3,26,34,head_3,degradation,1.005859375,1.0060654878616333,3403,GGGGAG,5.453125,3363,GGGAAG,5.95703125,3363,GGGAAG,5.95703125,3403,GGGGAG,0.02613024041056633,3363,GGGAAG,0.14327320456504822,3362,GGGAAC,0.2894904315471649,False,False,True,0.0007326006889343262,
3,27,34,head_3,degradation,1.005859375,1.007965087890625,3403,GGGGAG,5.453125,3363,GGGAAG,5.95703125,3363,GGGAAG,5.95703125,3403,GGGGAG,0.02605452574789524,3363,GGGAAG,0.14342373609542847,3362,GGGAAC,0.29108870029449463,False,False,True,0.001894623041152954,
3,28,34,head_3,degradation,1.005859375,1.007468581199646,3403,GGGGAG,5.453125,3363,GGGAAG,5.95703125,3363,GGGAAG,5.95703125,3403,GGGGAG,0.026106560602784157,3363,GGGAAG,0.143416628241539,3362,GGGAAC,0.29046201705932617,False,False,True,0.0008867084980010986,
3,29,34,head_3,degradation,1.0,1.001039743423462,3403,GGGGAG,5.453125,3363,GGGAAG,5.953125,3363,GGGAAG,5.953125,3403,GGGGAG,0.0260453000664711,3363,GGGAAG,0.14258970320224762,3362,GGGAAC,0.29088351130485535,False,False,True,0.001213356852531433,
3,30,34,head_3,degradation,1.0,1.0010017156600952,3403,GGGGAG,5.453125,3363,GGGAAG,5.953125,3363,GGGAAG,5.953125,3403,GGGGAG,0.026068124920129776,3363,GGGAAG,0.14260800182819366,3362,GGGAAC,0.29031774401664734,False,False,True,0.0009060055017471313,
3,31,34,head_3,degradation,1.0,1.0020490884780884,3403,GGGGAG,5.4609375,3363,GGGAAG,5.9609375,3363,GGGAAG,5.9609375,3403,GGGGAG,0.02624121867120266,3363,GGGAAG,0.1429058462381363,3362,GGGAAC,0.2894849181175232,False,False,True,0.0007330924272537231,
3,32,34,head_3,degradation,0.9892578125,0.9905756115913391,3403,GGGGAG,5.46484375,3363,GGGAAG,5.95703125,3363,GGGAAG,5.95703125,3403,GGGGAG,0.026260552927851677,3363,GGGAAG,0.1415586918592453,3362,GGGAAC,0.2901981472969055,False,False,True,-0.0006315708160400391,
3,33,34,head_3,degradation,1.0,1.0104531049728394,3403,GGGGAG,5.4765625,3363,GGGAAG,5.9765625,3363,GGGAAG,5.9765625,3403,GGGGAG,0.02609645389020443,3363,GGGAAG,0.14376197755336761,3362,GGGAAC,0.29219844937324524,False,False,True,-9.432435035705566e-05,
3,34,34,head_3,degradation,1.0,1.0081007480621338,3403,GGGGAG,5.46875,3363,GGGAAG,5.96875,3363,GGGAAG,5.96875,3403,GGGGAG,0.026150137186050415,3363,GGGAAG,0.14353549480438232,3362,GGGAAC,0.29111555218696594,False,False,True,-0.000682637095451355,
3,35,34,head_3,degradation,0.99462890625,1.0025094747543335,3403,GGGGAG,5.46484375,3363,GGGAAG,5.9609375,3363,GGGAAG,5.9609375,3403,GGGGAG,0.02627810463309288,3363,GGGAAG,0.14299756288528442,3362,GGGAAC,0.2913063168525696,False,False,True,-0.0007849633693695068,
3,36,34,head_3,degradation,0.9892578125,0.9916769862174988,3403,GGGGAG,5.453125,3363,GGGAAG,5.9453125,3363,GGGAAG,5.9453125,3403,GGGGAG,0.026211772114038467,3363,GGGAAG,0.14164108037948608,3362,GGGAAC,0.2914590537548065,False,False,True,-0.00015407800674438477,
3,37,34,head_3,degradation,0.9892578125,0.9928984045982361,3403,GGGGAG,5.4609375,3363,GGGAAG,5.953125,3363,GGGAAG,5.953125,3403,GGGGAG,0.026257092133164406,3363,GGGAAG,0.1418318748474121,3362,GGGAAC,0.29268115758895874,False,False,True,-0.0010365992784500122,
3,38,34,head_3,degradation,0.9892578125,0.9857697486877441,3403,GGGGAG,5.4609375,3363,GGGAAG,5.953125,3363,GGGAAG,5.953125,3403,GGGGAG,0.02622094377875328,3363,GGGAAG,0.14094671607017517,3362,GGGAAC,0.2922470271587372,False,False,True,-0.002527967095375061,
3,39,34,head_3,degradation,0.9892578125,0.9818609952926636,3403,GGGGAG,5.4609375,3363,GGGAAG,5.953125,3363,GGGAAG,5.953125,3403,GGGGAG,0.0263235904276371,3363,GGGAAG,0.1405838280916214,3362,GGGAAC,0.29218482971191406,False,False,True,-0.002359256148338318,
3,40,34,head_3,degradation,0.9892578125,0.9838897585868835,3403,GGGGAG,5.44921875,3363,GGGAAG,5.94140625,3363,GGGAAG,5.94140625,3403,GGGGAG,0.026223797351121902,3363,GGGAAG,0.14072565734386444,3362,GGGAAC,0.29117485880851746,False,False,True,-0.0018203705549240112,
3,41,34,head_3,degradation,1.005859375,0.9989723563194275,3403,GGGGAG,5.4375,3363,GGGAAG,5.94140625,3363,GGGAAG,5.94140625,3403,GGGGAG,0.02624894678592682,3363,GGGAAG,0.1425471305847168,3362,GGGAAC,0.28919482231140137,False,False,True,0.0007341206073760986,
4,0,34,head_3,degradation,0.99462890625,0.9933761358261108,3403,GGGGAG,5.44921875,3363,GGGAAG,5.9453125,3363,GGGAAG,5.9453125,3403,GGGGAG,0.02596808411180973,3363,GGGAAG,0.14159975945949554,3362,GGGAAC,0.2916809618473053,False,False,True,0.000570937991142273,
4,1,34,head_3,degradation,1.005859375,1.0025758743286133,3403,GGGGAG,5.44921875,3363,GGGAAG,5.953125,3363,GGGAAG,5.953125,3403,GGGGAG,0.02588162198662758,3363,GGGAAG,0.14260897040367126,3362,GGGAAC,0.29188770055770874,False,False,True,0.00013121962547302246,
4,2,34,head_3,degradation,1.0,0.9985369443893433,3403,GGGGAG,5.453125,3363,GGGAAG,5.953125,3363,GGGAAG,5.953125,3403,GGGGAG,0.026096854358911514,3363,GGGAAG,0.1423431783914566,3362,GGGAAC,0.29107704758644104,False,False,True,-3.17692756652832e-05,
4,3,34,head_3,degradation,0.9892578125,0.9939119219779968,3403,GGGGAG,5.4609375,3363,GGGAAG,5.953125,3363,GGGAAG,5.953125,3403,GGGGAG,0.02636982686817646,3363,GGGAAG,0.14206531643867493,3362,GGGAAC,0.28919970989227295,False,False,True,-0.0019073486328125,
4,4,34,head_3,degradation,1.005859375,1.004879117012024,3403,GGGGAG,5.44921875,3363,GGGAAG,5.953125,3363,GGGAAG,5.953125,3403,GGGGAG,0.026181193068623543,3363,GGGAAG,0.14318285882472992,3362,GGGAAC,0.28782403469085693,False,False,True,-0.0003458857536315918,
4,5,34,head_3,degradation,0.9892578125,0.9888346195220947,3403,GGGGAG,5.453125,3363,GGGAAG,5.9453125,3363,GGGAAG,5.9453125,3403,GGGGAG,0.026201054453849792,3363,GGGAAG,0.14129184186458588,3362,GGGAAC,0.2894655168056488,False,False,True,-0.0013536065816879272,
4,6,34,head_3,degradation,0.9892578125,0.9916432499885559,3403,GGGGAG,5.44921875,3363,GGGAAG,5.94140625,3363,GGGAAG,5.94140625,3403,GGGGAG,0.02622263878583908,3363,GGGAAG,0.14164793491363525,3362,GGGAAC,0.290784627199173,False,False,True,0.0007825940847396851,
4,7,34,head_3,degradation,0.99462890625,0.997212290763855,3403,GGGGAG,5.4453125,3363,GGGAAG,5.94140625,3363,GGGAAG,5.94140625,3403,GGGGAG,0.026369862258434296,3363,GGGAAG,0.14245842397212982,3362,GGGAAC,0.2885741889476776,False,False,True,0.0011981576681137085,
4,8,34,head_3,degradation,1.0,1.0031845569610596,3403,GGGGAG,5.4453125,3363,GGGAAG,5.9453125,3363,GGGAAG,5.9453125,3403,GGGGAG,0.026340492069721222,3363,GGGAAG,0.14314034581184387,3362,GGGAAC,0.28788790106773376,False,False,True,0.0008487105369567871,
4,9,34,head_3,degradation,1.0,1.0025458335876465,3403,GGGGAG,5.4453125,3363,GGGAAG,5.9453125,3363,GGGAAG,5.9453125,3403,GGGGAG,0.02620697394013405,3363,GGGAAG,0.1429307460784912,3362,GGGAAC,0.28874123096466064,False,False,True,0.0011267215013504028,
4,10,34,head_3,degradation,1.0107421875,1.0077180862426758,3403,GGGGAG,5.43359375,3363,GGGAAG,5.94140625,3363,GGGAAG,5.94140625,3403,GGGGAG,0.026197118684649467,3363,GGGAAG,0.14353691041469574,3362,GGGAAC,0.28910866379737854,False,False,True,0.003224104642868042,
4,11,34,head_3,degradation,1.005859375,1.0093666315078735,3403,GGGGAG,5.4296875,3363,GGGAAG,5.93359375,3363,GGGAAG,5.93359375,3403,GGGGAG,0.026215987280011177,3363,GGGAAG,0.1437521129846573,3362,GGGAAC,0.28888899087905884,False,False,True,0.003918766975402832,
4,12,34,head_3,degradation,1.005859375,1.003843903541565,3403,GGGGAG,5.4375,3363,GGGAAG,5.94140625,3363,GGGAAG,5.94140625,3403,GGGGAG,0.025958148762583733,3363,GGGAAG,0.1428365260362625,3362,GGGAAC,0.2888813018798828,False,False,True,0.0034702271223068237,
4,13,34,head_3,degradation,1.0,0.9983199238777161,3403,GGGGAG,5.453125,3363,GGGAAG,5.953125,3363,GGGAAG,5.953125,3403,GGGGAG,0.02610812336206436,3363,GGGAAG,0.14232860505580902,3362,GGGAAC,0.2889586389064789,False,False,True,0.0017673075199127197,
4,14,34,head_3,degradation,0.9892578125,0.9884382486343384,3403,GGGGAG,5.453125,3363,GGGAAG,5.9453125,3363,GGGAAG,5.9453125,3403,GGGGAG,0.02619178406894207,3363,GGGAAG,0.1412353664636612,3362,GGGAAC,0.289305716753006,False,False,True,0.0004952996969223022,
4,15,34,head_3,degradation,0.99462890625,0.9914975166320801,3403,GGGGAG,5.44921875,3363,GGGAAG,5.9453125,3363,GGGAAG,5.9453125,3403,GGGGAG,0.02605191431939602,3363,GGGAAG,0.1414598524570465,3362,GGGAAC,0.2906999886035919,False,False,True,0.0003792792558670044,
4,16,34,head_3,degradation,1.005859375,1.0065116882324219,3403,GGGGAG,5.43359375,3363,GGGAAG,5.9375,3363,GGGAAG,5.9375,3403,GGGGAG,0.02625361643731594,3363,GGGAAG,0.14344972372055054,3362,GGGAAC,0.28877440094947815,False,False,True,0.001135602593421936,
4,17,34,head_3,degradation,1.021484375,1.0220983028411865,3403,GGGGAG,5.4375,3363,GGGAAG,5.953125,3363,GGGAAG,5.953125,3403,GGGGAG,0.026038862764835358,3363,GGGAAG,0.14509132504463196,3362,GGGAAC,0.28830647468566895,False,False,True,0.0030594617128372192,
4,18,34,head_3,degradation,1.021484375,1.0266684293746948,3403,GGGGAG,5.4375,3363,GGGAAG,5.953125,3363,GGGAAG,5.953125,3403,GGGGAG,0.026179812848567963,3363,GGGAAG,0.14577656984329224,3362,GGGAAC,0.28563010692596436,False,False,True,0.0023367106914520264,
4,19,34,head_3,degradation,1.005859375,1.0711277723312378,3403,GGGGAG,5.52734375,3363,GGGAAG,6.03125,3363,GGGAAG,6.03125,3403,GGGGAG,0.027408666908740997,3363,GGGAAG,0.15230047702789307,3362,GGGAAC,0.2889934480190277,False,False,True,0.0009149163961410522,
4,20,34,head_3,degradation,0.9892578125,1.0500710010528564,3403,GGGGAG,5.53125,3363,GGGAAG,6.0234375,3363,GGGAAG,6.0234375,3403,GGGGAG,0.028052661567926407,3363,GGGAAG,0.1504366397857666,3362,GGGAAC,0.28722628951072693,False,False,True,0.0011013895273208618,
4,21,34,head_3,degradation,1.0,1.046759009361267,3403,GGGGAG,5.53125,3363,GGGAAG,6.03125,3363,GGGAAG,6.03125,3403,GGGGAG,0.027625340968370438,3363,GGGAAG,0.1496148556470871,3362,GGGAAC,0.2873184382915497,False,False,True,-0.0016579031944274902,
4,22,34,head_3,degradation,1.0,0.9901785254478455,3403,GGGGAG,5.453125,3363,GGGAAG,5.953125,3363,GGGAAG,5.953125,3403,GGGGAG,0.02609395422041416,3363,GGGAAG,0.1413448005914688,3362,GGGAAC,0.2882910966873169,False,False,True,-0.0011003315448760986,
4,23,34,head_3,degradation,1.005859375,1.0039359331130981,3403,GGGGAG,5.453125,3363,GGGAAG,5.95703125,3363,GGGAAG,5.95703125,3403,GGGGAG,0.02569115161895752,3363,GGGAAG,0.14258049428462982,3362,GGGAAC,0.2913977801799774,False,False,True,-0.0037865787744522095,
4,24,34,head_3,degradation,1.005859375,1.0089683532714844,3403,GGGGAG,5.453125,3363,GGGAAG,5.95703125,3363,GGGAAG,5.95703125,3403,GGGGAG,0.025855109095573425,3363,GGGAAG,0.14334380626678467,3362,GGGAAC,0.29308298230171204,False,False,True,-0.0012802481651306152,
4,25,34,head_3,degradation,1.005859375,1.0126614570617676,3403,GGGGAG,5.453125,3363,GGGAAG,5.95703125,3363,GGGAAG,5.95703125,3403,GGGGAG,0.026576634496450424,3363,GGGAAG,0.14450517296791077,3362,GGGAAC,0.2906062602996826,False,False,True,-0.004516705870628357,
4,26,34,head_3,degradation,1.0,0.9989475607872009,3403,GGGGAG,5.4375,3363,GGGAAG,5.9375,3363,GGGAAG,5.9375,3403,GGGGAG,0.02647128887474537,3363,GGGAAG,0.14276652038097382,3362,GGGAAC,0.2896885275840759,False,False,True,-0.003731444478034973,
4,27,34,head_3,degradation,1.0,0.9964383840560913,3403,GGGGAG,5.4296875,3363,GGGAAG,5.9296875,3363,GGGAAG,5.9296875,3403,GGGGAG,0.026357319205999374,3363,GGGAAG,0.14235371351242065,3362,GGGAAC,0.2882829010486603,False,False,True,-0.0016944855451583862,
4,28,34,head_3,degradation,1.005859375,1.009738802909851,3403,GGGGAG,5.43359375,3363,GGGAAG,5.9375,3363,GGGAAG,5.9375,3403,GGGGAG,0.026066407561302185,3363,GGGAAG,0.14364686608314514,3362,GGGAAC,0.29059112071990967,False,False,True,0.0030530691146850586,
4,29,34,head_3,degradation,0.99462890625,0.9992908239364624,3403,GGGGAG,5.4453125,3363,GGGAAG,5.94140625,3363,GGGAAG,5.94140625,3403,GGGGAG,0.02603275328874588,3363,GGGAAG,0.1423688679933548,3362,GGGAAC,0.2905128002166748,False,False,True,0.002299785614013672,
4,30,34,head_3,degradation,1.0,0.9976633787155151,3403,GGGGAG,5.4375,3363,GGGAAG,5.9375,3363,GGGAAG,5.9375,3403,GGGGAG,0.02608032152056694,3363,GGGAAG,0.14222261309623718,3362,GGGAAC,0.2891623079776764,False,False,True,0.001562461256980896,
4,31,34,head_3,degradation,0.99462890625,0.9917154312133789,3403,GGGGAG,5.4375,3363,GGGAAG,5.93359375,3363,GGGAAG,5.93359375,3403,GGGGAG,0.026271289214491844,3363,GGGAAG,0.14170518517494202,3362,GGGAAC,0.2886691391468048,False,False,True,0.00042325258255004883,
4,32,34,head_3,degradation,0.9892578125,1.0037314891815186,3403,GGGGAG,5.4453125,3363,GGGAAG,5.9375,3363,GGGAAG,5.9375,3403,GGGGAG,0.026543743908405304,3363,GGGAAG,0.14340873062610626,3362,GGGAAC,0.28740406036376953,False,False,True,0.003487721085548401,
4,33,34,head_3,degradation,1.0,1.0038259029388428,3403,GGGGAG,5.4375,3363,GGGAAG,5.9375,3363,GGGAAG,5.9375,3403,GGGGAG,0.026209846138954163,3363,GGGAAG,0.14308607578277588,3362,GGGAAC,0.287252277135849,False,False,True,0.004215136170387268,
4,34,34,head_3,degradation,1.0,1.0039318799972534,3403,GGGGAG,5.4453125,3363,GGGAAG,5.9453125,3363,GGGAAG,5.9453125,3403,GGGGAG,0.026149112731218338,3363,GGGAAG,0.14303795993328094,3362,GGGAAC,0.2896243631839752,False,False,True,0.00418911874294281,
4,35,34,head_3,degradation,1.0,0.9943615794181824,3403,GGGGAG,5.4375,3363,GGGAAG,5.9375,3363,GGGAAG,5.9375,3403,GGGGAG,0.02606937289237976,3363,GGGAAG,0.14181841909885406,3362,GGGAAC,0.28916001319885254,False,False,True,0.0019341856241226196,
4,36,34,head_3,degradation,1.005859375,1.0048218965530396,3403,GGGGAG,5.44921875,3363,GGGAAG,5.953125,3363,GGGAAG,5.953125,3403,GGGGAG,0.026015054434537888,3363,GGGAAG,0.14300991594791412,3362,GGGAAC,0.2905501425266266,False,False,True,0.0024576038122177124,
4,37,34,head_3,degradation,1.0,1.0001996755599976,3403,GGGGAG,5.4453125,3363,GGGAAG,5.9453125,3363,GGGAAG,5.9453125,3403,GGGGAG,0.02610471099615097,3363,GGGAAG,0.142549067735672,3362,GGGAAC,0.28971993923187256,False,False,True,0.002449139952659607,
4,38,34,head_3,degradation,1.0,0.9990521669387817,3403,GGGGAG,5.453125,3363,GGGAAG,5.953125,3363,GGGAAG,5.953125,3403,GGGGAG,0.02615751326084137,3363,GGGAAG,0.14246520400047302,3362,GGGAAC,0.29115328192710876,False,False,True,7.554888725280762e-06,
4,39,34,head_3,degradation,0.98388671875,0.982663631439209,3403,GGGGAG,5.46484375,3363,GGGAAG,5.953125,3363,GGGAAG,5.953125,3403,GGGGAG,0.026332754641771317,3363,GGGAAG,0.14068858325481415,3362,GGGAAC,0.29003408551216125,False,False,True,-0.001620173454284668,
4,40,34,head_3,degradation,0.9892578125,0.9864147901535034,3403,GGGGAG,5.46484375,3363,GGGAAG,5.95703125,3363,GGGAAG,5.95703125,3403,GGGGAG,0.026460953056812286,3363,GGGAAG,0.14126354455947876,3362,GGGAAC,0.28946056962013245,False,False,True,-0.00278608500957489,
4,41,34,head_3,degradation,0.9892578125,0.9877151846885681,3403,GGGGAG,5.44921875,3363,GGGAAG,5.94140625,3363,GGGAAG,5.94140625,3403,GGGGAG,0.026478249579668045,3363,GGGAAG,0.14143571257591248,3362,GGGAAC,0.287303626537323,False,False,True,-0.0017451196908950806,
5,0,34,head_3,degradation,0.99462890625,0.9952977299690247,3403,GGGGAG,5.4453125,3363,GGGAAG,5.94140625,3363,GGGAAG,5.94140625,3403,GGGGAG,0.026325460523366928,3363,GGGAAG,0.1421860009431839,3362,GGGAAC,0.28884536027908325,False,False,True,0.000947609543800354,
5,1,34,head_3,degradation,0.99462890625,0.9918404221534729,3403,GGGGAG,5.44921875,3363,GGGAAG,5.9453125,3363,GGGAAG,5.9453125,3403,GGGGAG,0.026236319914460182,3363,GGGAAG,0.1416850984096527,3362,GGGAAC,0.28895872831344604,False,False,True,0.0007125139236450195,
5,2,34,head_3,degradation,0.99462890625,0.9968444108963013,3403,GGGGAG,5.44921875,3363,GGGAAG,5.9453125,3363,GGGAAG,5.9453125,3403,GGGGAG,0.026404378935694695,3363,GGGAAG,0.14244912564754486,3362,GGGAAC,0.28666386008262634,False,False,True,0.0005919337272644043,
5,3,34,head_3,degradation,1.005859375,1.0011136531829834,3403,GGGGAG,5.453125,3363,GGGAAG,5.95703125,3363,GGGAAG,5.95703125,3403,GGGGAG,0.026076463982462883,3363,GGGAAG,0.14262966811656952,3362,GGGAAC,0.2905125319957733,False,False,True,-0.0011538714170455933,
5,4,34,head_3,degradation,1.0107421875,1.0065916776657104,3403,GGGGAG,5.4375,3363,GGGAAG,5.9453125,3363,GGGAAG,5.9453125,3403,GGGGAG,0.025977017357945442,3363,GGGAAG,0.1431826502084732,3362,GGGAAC,0.2925480902194977,False,False,True,0.00036582350730895996,
5,5,34,head_3,degradation,1.0107421875,1.0129657983779907,3403,GGGGAG,5.4453125,3363,GGGAAG,5.953125,3363,GGGAAG,5.953125,3403,GGGGAG,0.02616819553077221,3363,GGGAAG,0.14413298666477203,3362,GGGAAC,0.2917792499065399,False,False,True,0.00025460124015808105,
5,6,34,head_3,degradation,1.005859375,1.0002803802490234,3403,GGGGAG,5.44921875,3363,GGGAAG,5.953125,3363,GGGAAG,5.953125,3403,GGGGAG,0.026059122756123543,3363,GGGAAG,0.14251308143138885,3362,GGGAAC,0.2872524559497833,False,False,True,0.0006947070360183716,
5,7,34,head_3,degradation,1.005859375,0.9910764098167419,3403,GGGGAG,5.453125,3363,GGGAAG,5.95703125,3363,GGGAAG,5.95703125,3403,GGGGAG,0.02588818594813347,3363,GGGAAG,0.1412459760904312,3362,GGGAAC,0.2841515839099884,False,False,True,-0.0010968595743179321,
5,8,34,head_3,degradation,1.005859375,0.9899104237556458,3403,GGGGAG,5.453125,3363,GGGAAG,5.95703125,3363,GGGAAG,5.95703125,3403,GGGGAG,0.025648364797234535,3363,GGGAAG,0.14086727797985077,3362,GGGAAC,0.28730836510658264,False,False,True,-0.002240613102912903,
5,9,34,head_3,degradation,1.0,0.9866536259651184,3403,GGGGAG,5.453125,3363,GGGAAG,5.953125,3363,GGGAAG,5.953125,3403,GGGGAG,0.02576805092394352,3363,GGGAAG,0.1405990868806839,3362,GGGAAC,0.2875237464904785,False,False,True,-0.0047753602266311646,
5,10,34,head_3,degradation,0.9892578125,0.973275899887085,3403,GGGGAG,5.453125,3363,GGGAAG,5.9453125,3363,GGGAAG,5.9453125,3403,GGGGAG,0.02580336295068264,3363,GGGAAG,0.13904112577438354,3362,GGGAAC,0.29049935936927795,False,False,True,-0.007782489061355591,
5,11,34,head_3,degradation,1.0,0.9840239882469177,3403,GGGGAG,5.453125,3363,GGGAAG,5.953125,3363,GGGAAG,5.953125,3403,GGGGAG,0.02587372250854969,3363,GGGAAG,0.14039157330989838,3362,GGGAAC,0.2893025577068329,False,False,True,-0.00785490870475769,
5,12,34,head_3,degradation,1.005859375,1.004807472229004,3403,GGGGAG,5.47265625,3363,GGGAAG,5.9765625,3363,GGGAAG,5.9765625,3403,GGGGAG,0.025894183665513992,3363,GGGAAG,0.14288732409477234,3362,GGGAAC,0.2902612090110779,False,False,True,-0.0071326494216918945,
5,13,34,head_3,degradation,1.005859375,1.0162382125854492,3403,GGGGAG,5.4765625,3363,GGGAAG,5.98046875,3363,GGGAAG,5.98046875,3403,GGGGAG,0.02629874274134636,3363,GGGAAG,0.14465327560901642,3362,GGGAAC,0.2896241247653961,False,False,True,-0.0010297894477844238,
5,14,34,head_3,degradation,1.0107421875,1.0323188304901123,3403,GGGGAG,5.484375,3363,GGGAAG,5.9921875,3363,GGGAAG,5.9921875,3403,GGGGAG,0.026615915820002556,3363,GGGAAG,0.14688563346862793,3362,GGGAAC,0.2852412164211273,False,False,True,0.0013971775770187378,
5,15,34,head_3,degradation,1.005859375,1.0149232149124146,3403,GGGGAG,5.4765625,3363,GGGAAG,5.98046875,3363,GGGAAG,5.98046875,3403,GGGGAG,0.026057712733745575,3363,GGGAAG,0.1442556232213974,3362,GGGAAC,0.28756582736968994,False,False,True,0.006548061966896057,
5,16,34,head_3,degradation,1.0,1.0171780586242676,3403,GGGGAG,5.46875,3363,GGGAAG,5.96875,3363,GGGAAG,5.96875,3403,GGGGAG,0.026406245306134224,3363,GGGAAG,0.14487271010875702,3362,GGGAAC,0.28636935353279114,False,False,True,0.005300566554069519,
5,17,34,head_3,degradation,0.9892578125,1.005232810974121,3403,GGGGAG,5.44921875,3363,GGGAAG,5.94140625,3363,GGGAAG,5.94140625,3403,GGGGAG,0.026458770036697388,3363,GGGAAG,0.14350256323814392,3362,GGGAAC,0.2851712107658386,False,False,True,0.005879133939743042,
5,18,34,head_3,degradation,1.0,1.005735158920288,3403,GGGGAG,5.43359375,3363,GGGAAG,5.93359375,3363,GGGAAG,5.93359375,3403,GGGGAG,0.026190802454948425,3363,GGGAAG,0.14329442381858826,3362,GGGAAC,0.2870873808860779,False,False,True,0.00219842791557312,
5,19,34,head_3,degradation,1.0380859375,1.0053606033325195,3403,GGGGAG,5.37109375,3363,GGGAAG,5.8984375,3363,GGGAAG,5.8984375,3403,GGGGAG,0.024533487856388092,3363,GGGAAG,0.14159250259399414,3362,GGGAAC,0.28415846824645996,False,False,True,0.004601046442985535,
5,20,34,head_3,degradation,1.0439453125,1.0083788633346558,3403,GGGGAG,5.40625,3363,GGGAAG,5.9375,3363,GGGAAG,5.9375,3403,GGGGAG,0.024641098454594612,3363,GGGAAG,0.1420595794916153,3362,GGGAAC,0.2873055636882782,False,False,True,0.006755068898200989,
5,21,34,head_3,degradation,1.0546875,1.009185552597046,3403,GGGGAG,5.359375,3363,GGGAAG,5.8984375,3363,GGGAAG,5.8984375,3403,GGGGAG,0.024293916299939156,3363,GGGAAG,0.14180848002433777,3362,GGGAAC,0.2865484058856964,False,False,True,0.010110154747962952,
5,22,34,head_3,degradation,1.0107421875,1.0268713235855103,3403,GGGGAG,5.421875,3363,GGGAAG,5.9296875,3363,GGGAAG,5.9296875,3403,GGGGAG,0.026421088725328445,3363,GGGAAG,0.14604200422763824,3362,GGGAAC,0.29029741883277893,False,False,True,0.005880177021026611,
5,23,34,head_3,degradation,1.0107421875,1.0187008380889893,3403,GGGGAG,5.3984375,3363,GGGAAG,5.90625,3363,GGGAAG,5.90625,3403,GGGGAG,0.025908417999744415,3363,GGGAAG,0.14455623924732208,3362,GGGAAC,0.29056262969970703,False,False,True,0.003922581672668457,
5,24,34,head_3,degradation,1.0166015625,1.0310417413711548,3403,GGGGAG,5.4453125,3363,GGGAAG,5.95703125,3363,GGGAAG,5.95703125,3403,GGGGAG,0.026236195117235184,3363,GGGAAG,0.1463537961244583,3362,GGGAAC,0.291659414768219,False,False,True,-0.0005873292684555054,
5,25,34,head_3,degradation,1.0166015625,1.0054187774658203,3403,GGGGAG,5.42578125,3363,GGGAAG,5.9375,3363,GGGAAG,5.9375,3403,GGGGAG,0.025543518364429474,3363,GGGAAG,0.14260946214199066,3362,GGGAAC,0.2917773723602295,False,False,True,-0.0007337778806686401,
5,26,34,head_3,degradation,1.0166015625,1.003316879272461,3403,GGGGAG,5.42578125,3363,GGGAAG,5.9375,3363,GGGAAG,5.9375,3403,GGGGAG,0.025896362960338593,3363,GGGAAG,0.14271196722984314,3362,GGGAAC,0.2925623953342438,False,False,True,-0.0004444718360900879,
5,27,34,head_3,degradation,0.99462890625,0.9886078238487244,3403,GGGGAG,5.4453125,3363,GGGAAG,5.94140625,3363,GGGAAG,5.94140625,3403,GGGGAG,0.026450060307979584,3363,GGGAAG,0.14151383936405182,3362,GGGAAC,0.2942882776260376,False,False,True,-0.0007009506225585938,
5,28,34,head_3,degradation,0.98388671875,0.9863792061805725,3403,GGGGAG,5.44921875,3363,GGGAAG,5.9375,3363,GGGAAG,5.9375,3403,GGGGAG,0.026747483760118484,3363,GGGAAG,0.141545832157135,3362,GGGAAC,0.28762388229370117,False,False,True,0.0007502138614654541,
5,29,34,head_3,degradation,0.97802734375,0.9652625322341919,3403,GGGGAG,5.4375,3363,GGGAAG,5.921875,3363,GGGAAG,5.921875,3403,GGGGAG,0.026654737070202827,3363,GGGAAG,0.13893811404705048,3362,GGGAAC,0.28080829977989197,False,False,True,0.00030468404293060303,
5,30,34,head_3,degradation,0.99462890625,0.9775269627571106,3403,GGGGAG,5.43359375,3363,GGGAAG,5.9296875,3363,GGGAAG,5.9296875,3403,GGGGAG,0.02649036794900894,3363,GGGAAG,0.14023442566394806,3362,GGGAAC,0.28054118156433105,False,False,True,0.0006501227617263794,
5,31,34,head_3,degradation,0.99462890625,0.9808064103126526,3403,GGGGAG,5.4375,3363,GGGAAG,5.93359375,3363,GGGAAG,5.93359375,3403,GGGGAG,0.026365358382463455,3363,GGGAAG,0.1404999941587448,3362,GGGAAC,0.28304362297058105,False,False,True,-0.0005737841129302979,
5,32,34,head_3,degradation,0.9892578125,0.9788046479225159,3403,GGGGAG,5.4453125,3363,GGGAAG,5.9375,3363,GGGAAG,5.9375,3403,GGGGAG,0.02632313407957554,3363,GGGAAG,0.14021936058998108,3362,GGGAAC,0.28895649313926697,False,False,True,-0.003379419445991516,
5,33,34,head_3,degradation,0.99462890625,0.98209148645401,3403,GGGGAG,5.4375,3363,GGGAAG,5.93359375,3363,GGGAAG,5.93359375,3403,GGGGAG,0.026165423914790154,3363,GGGAAG,0.14045311510562897,3362,GGGAAC,0.2888602614402771,False,False,True,-0.0018864274024963379,
5,34,34,head_3,degradation,1.0,0.9851681590080261,3403,GGGGAG,5.4375,3363,GGGAAG,5.9375,3363,GGGAAG,5.9375,3403,GGGGAG,0.025975370779633522,3363,GGGAAG,0.14062948524951935,3362,GGGAAC,0.29032838344573975,False,False,True,-0.002197161316871643,
5,35,34,head_3,degradation,1.0,1.0041992664337158,3403,GGGGAG,5.4453125,3363,GGGAAG,5.9453125,3363,GGGAAG,5.9453125,3403,GGGGAG,0.02600874751806259,3363,GGGAAG,0.14292944967746735,3362,GGGAAC,0.29085227847099304,False,False,True,0.0011561959981918335,
5,36,34,head_3,degradation,1.0,1.0027533769607544,3403,GGGGAG,5.4453125,3363,GGGAAG,5.9453125,3363,GGGAAG,5.9453125,3403,GGGGAG,0.026181694120168686,3363,GGGAAG,0.14293019473552704,3362,GGGAAC,0.2892957925796509,False,False,True,0.00045134127140045166,
5,37,34,head_3,degradation,0.99462890625,0.997498631477356,3403,GGGGAG,5.4453125,3363,GGGAAG,5.94140625,3363,GGGAAG,5.94140625,3403,GGGGAG,0.026120292022824287,3363,GGGAAG,0.14224295318126678,3362,GGGAAC,0.2888111472129822,False,False,True,0.0011049360036849976,
5,38,34,head_3,degradation,0.99462890625,0.998009443283081,3403,GGGGAG,5.4453125,3363,GGGAAG,5.94140625,3363,GGGAAG,5.94140625,3403,GGGGAG,0.026260364800691605,3363,GGGAAG,0.14244386553764343,3362,GGGAAC,0.2897093892097473,False,False,True,0.0017836540937423706,
5,39,34,head_3,degradation,1.0,0.9931603074073792,3403,GGGGAG,5.4453125,3363,GGGAAG,5.9453125,3363,GGGAAG,5.9453125,3403,GGGGAG,0.026277951896190643,3363,GGGAAG,0.14188392460346222,3362,GGGAAC,0.28996533155441284,False,False,True,-0.00011163949966430664,
5,40,34,head_3,degradation,0.9892578125,0.9860711097717285,3403,GGGGAG,5.4453125,3363,GGGAAG,5.9375,3363,GGGAAG,5.9375,3403,GGGGAG,0.02650422789156437,3363,GGGAAG,0.1412658840417862,3362,GGGAAC,0.2893240749835968,False,False,True,-0.0018004029989242554,
5,41,34,head_3,degradation,0.98388671875,0.9816172122955322,3403,GGGGAG,5.453125,3363,GGGAAG,5.94140625,3363,GGGAAG,5.94140625,3403,GGGGAG,0.026487017050385475,3363,GGGAAG,0.1407182216644287,3362,GGGAAC,0.2892906665802002,False,False,True,-0.0022784918546676636,
6,0,34,head_3,degradation,0.99462890625,1.000512719154358,3403,GGGGAG,5.44921875,3363,GGGAAG,5.9453125,3363,GGGAAG,5.9453125,3403,GGGGAG,0.026406697928905487,3363,GGGAAG,0.14288833737373352,3362,GGGAAC,0.2900950312614441,False,False,True,0.00025497376918792725,
6,1,34,head_3,degradation,0.99462890625,0.9959815144538879,3403,GGGGAG,5.44921875,3363,GGGAAG,5.9453125,3363,GGGAAG,5.9453125,3403,GGGGAG,0.026304535567760468,3363,GGGAAG,0.14224651455879211,3362,GGGAAC,0.2908439040184021,False,False,True,-0.00016702711582183838,
6,2,34,head_3,degradation,0.9892578125,0.9936866760253906,3403,GGGGAG,5.453125,3363,GGGAAG,5.9453125,3363,GGGAAG,5.9453125,3403,GGGGAG,0.02638397179543972,3363,GGGAAG,0.14205263555049896,3362,GGGAAC,0.2905583083629608,False,False,True,0.00046959519386291504,
6,3,34,head_3,degradation,1.0107421875,1.0083177089691162,3403,GGGGAG,5.4375,3363,GGGAAG,5.9453125,3363,GGGAAG,5.9453125,3403,GGGGAG,0.025639817118644714,3363,GGGAAG,0.14305102825164795,3362,GGGAAC,0.29206517338752747,False,False,True,-4.9054622650146484e-05,
6,4,34,head_3,degradation,1.0107421875,1.0115382671356201,3403,GGGGAG,5.44921875,3363,GGGAAG,5.95703125,3363,GGGAAG,5.95703125,3403,GGGGAG,0.025711622089147568,3363,GGGAAG,0.14350639283657074,3362,GGGAAC,0.291300892829895,False,False,True,-2.6285648345947266e-05,
6,5,34,head_3,degradation,1.021484375,1.0244078636169434,3403,GGGGAG,5.453125,3363,GGGAAG,5.96875,3363,GGGAAG,5.96875,3403,GGGGAG,0.02589130774140358,3363,GGGAAG,0.1452188342809677,3362,GGGAAC,0.2892298698425293,False,False,True,0.00046366453170776367,
6,6,34,head_3,degradation,1.0,1.0029311180114746,3403,GGGGAG,5.4453125,3363,GGGAAG,5.9453125,3363,GGGAAG,5.9453125,3403,GGGGAG,0.02606448344886303,3363,GGGAAG,0.1428341567516327,3362,GGGAAC,0.28762295842170715,False,False,True,0.0017207562923431396,
6,7,34,head_3,degradation,0.99462890625,0.9932896494865417,3403,GGGGAG,5.42578125,3363,GGGAAG,5.921875,3363,GGGAAG,5.921875,3403,GGGGAG,0.02583613060414791,3363,GGGAAG,0.14145751297473907,3362,GGGAAC,0.288970410823822,False,False,True,0.0033038705587387085,
6,8,34,head_3,degradation,0.9892578125,0.9864521622657776,3403,GGGGAG,5.42578125,3363,GGGAAG,5.91796875,3363,GGGAAG,5.91796875,3403,GGGGAG,0.025644581764936447,3363,GGGAAG,0.14045162498950958,3362,GGGAAC,0.29062560200691223,False,False,True,0.002761527895927429,
6,9,34,head_3,degradation,0.98388671875,0.9921988844871521,3403,GGGGAG,5.4453125,3363,GGGAAG,5.93359375,3363,GGGAAG,5.93359375,3403,GGGGAG,0.026153331622481346,3363,GGGAAG,0.14164480566978455,3362,GGGAAC,0.2890793979167938,False,False,True,0.0006185024976730347,
6,10,34,head_3,degradation,1.0,0.9957086443901062,3403,GGGGAG,5.4453125,3363,GGGAAG,5.9453125,3363,GGGAAG,5.9453125,3403,GGGGAG,0.02601783536374569,3363,GGGAAG,0.1419273167848587,3362,GGGAAC,0.2894439101219177,False,False,True,-0.0014371126890182495,
6,11,34,head_3,degradation,0.99462890625,0.9914311170578003,3403,GGGGAG,5.4375,3363,GGGAAG,5.93359375,3363,GGGAAG,5.93359375,3403,GGGGAG,0.026212479919195175,3363,GGGAAG,0.14161251485347748,3362,GGGAAC,0.28939297795295715,False,False,True,-0.002078011631965637,
6,12,34,head_3,degradation,0.99462890625,0.9989193677902222,3403,GGGGAG,5.41015625,3363,GGGAAG,5.90625,3363,GGGAAG,5.90625,3403,GGGGAG,0.02646704949438572,3363,GGGAAG,0.14275892078876495,3362,GGGAAC,0.2897438406944275,False,False,True,-0.0005602836608886719,
6,13,34,head_3,degradation,0.98388671875,0.9992571473121643,3403,GGGGAG,5.42578125,3363,GGGAAG,5.9140625,3363,GGGAAG,5.9140625,3403,GGGGAG,0.02696453034877777,3363,GGGAAG,0.14329662919044495,3362,GGGAAC,0.28878331184387207,False,False,True,0.0011177808046340942,
6,14,34,head_3,degradation,0.99462890625,1.010504126548767,3403,GGGGAG,5.4375,3363,GGGAAG,5.93359375,3363,GGGAAG,5.93359375,3403,GGGGAG,0.026789603754878044,3363,GGGAAG,0.14446121454238892,3362,GGGAAC,0.2879713177680969,False,False,True,0.002350032329559326,
6,15,34,head_3,degradation,0.97802734375,0.9854139685630798,3403,GGGGAG,5.4609375,3363,GGGAAG,5.9453125,3363,GGGAAG,5.9453125,3403,GGGGAG,0.026724720373749733,3363,GGGAAG,0.14140811562538147,3362,GGGAAC,0.2912462055683136,False,False,True,0.00092354416847229,
6,16,34,head_3,degradation,1.005859375,0.9924360513687134,3403,GGGGAG,5.44921875,3363,GGGAAG,5.953125,3363,GGGAAG,5.953125,3403,GGGGAG,0.02621069736778736,3363,GGGAAG,0.1417304128408432,3362,GGGAAC,0.28938212990760803,False,False,True,0.0026920586824417114,
6,17,34,head_3,degradation,0.9619140625,0.9515193700790405,3403,GGGGAG,5.46875,3363,GGGAAG,5.94140625,3363,GGGAAG,5.94140625,3403,GGGGAG,0.027578508481383324,3363,GGGAAG,0.13822509348392487,3362,GGGAAC,0.28313085436820984,False,False,True,0.0018978416919708252,
6,18,34,head_3,degradation,0.9619140625,0.9661399722099304,3403,GGGGAG,5.46875,3363,GGGAAG,5.94140625,3363,GGGAAG,5.94140625,3403,GGGGAG,0.028023209422826767,3363,GGGAAG,0.14041109383106232,3362,GGGAAC,0.28057336807250977,False,False,True,0.0039920806884765625,
6,19,34,head_3,degradation,0.923828125,0.9931174516677856,3403,GGGGAG,5.578125,3363,GGGAAG,6.0234375,3363,GGGAAG,6.0234375,3403,GGGGAG,0.029134036973118782,3363,GGGAAG,0.14473490417003632,3362,GGGAAC,0.28158408403396606,False,False,True,-0.004734113812446594,
6,20,34,head_3,degradation,0.9404296875,0.9928764700889587,3403,GGGGAG,5.48828125,3363,GGGAAG,5.9453125,3363,GGGAAG,5.9453125,3403,GGGGAG,0.030353322625160217,3363,GGGAAG,0.14592549204826355,3362,GGGAAC,0.28395238518714905,False,False,True,-0.023456960916519165,
6,21,34,head_3,degradation,0.95654296875,0.9923459887504578,3403,GGGGAG,5.4921875,3363,GGGAAG,5.9609375,3363,GGGAAG,5.9609375,3403,GGGGAG,0.02995564416050911,3363,GGGAAG,0.14546462893486023,3362,GGGAAC,0.28447580337524414,False,False,True,-0.026250183582305908,
6,22,34,head_3,degradation,0.97802734375,0.9377645254135132,3403,GGGGAG,5.375,3363,GGGAAG,5.859375,3363,GGGAAG,5.859375,3403,GGGGAG,0.027998145669698715,3363,GGGAAG,0.13700655102729797,3362,GGGAAC,0.2850237786769867,False,False,True,-0.01900574564933777,
6,23,34,head_3,degradation,1.005859375,0.9735239148139954,3403,GGGGAG,5.44921875,3363,GGGAAG,5.953125,3363,GGGAAG,5.953125,3403,GGGGAG,0.025592133402824402,3363,GGGAAG,0.13885943591594696,3362,GGGAAC,0.2905760705471039,False,False,True,-0.003860682249069214,
6,24,34,head_3,degradation,0.9892578125,0.9725478887557983,3403,GGGGAG,5.42578125,3363,GGGAAG,5.91796875,3363,GGGAAG,5.91796875,3403,GGGGAG,0.02549043670296669,3363,GGGAAG,0.13864149153232574,3362,GGGAAC,0.2880555987358093,False,False,True,0.0018594413995742798,
6,25,34,head_3,degradation,0.99462890625,1.0145632028579712,3403,GGGGAG,5.46484375,3363,GGGAAG,5.9609375,3363,GGGAAG,5.9609375,3403,GGGGAG,0.026454098522663116,3363,GGGAAG,0.14460913836956024,3362,GGGAAC,0.2846774756908417,False,False,True,0.006953820586204529,
6,26,34,head_3,degradation,0.9892578125,1.0135459899902344,3403,GGGGAG,5.48828125,3363,GGGAAG,5.98046875,3363,GGGAAG,5.98046875,3403,GGGGAG,0.026492709293961525,3363,GGGAAG,0.14452660083770752,3362,GGGAAC,0.2879653871059418,False,False,True,0.013391435146331787,
6,27,34,head_3,degradation,0.99462890625,1.0044535398483276,3403,GGGGAG,5.48828125,3363,GGGAAG,5.984375,3363,GGGAAG,5.984375,3403,GGGGAG,0.025984929874539375,3363,GGGAAG,0.14293591678142548,3362,GGGAAC,0.2903643250465393,False,False,True,0.01163715124130249,
6,28,34,head_3,degradation,0.99462890625,0.9989002346992493,3403,GGGGAG,5.4765625,3363,GGGAAG,5.97265625,3363,GGGAAG,5.97265625,3403,GGGGAG,0.025831719860434532,3363,GGGAAG,0.1421213150024414,3362,GGGAAC,0.2927151322364807,False,False,True,0.004322439432144165,
6,29,34,head_3,degradation,0.99462890625,0.9924018979072571,3403,GGGGAG,5.46484375,3363,GGGAAG,5.9609375,3363,GGGAAG,5.9609375,3403,GGGGAG,0.02592410147190094,3363,GGGAAG,0.141439750790596,3362,GGGAAC,0.2908494472503662,False,False,True,-0.0020920783281326294,
6,30,34,head_3,degradation,1.0,0.997241735458374,3403,GGGGAG,5.4609375,3363,GGGAAG,5.9609375,3363,GGGAAG,5.9609375,3403,GGGGAG,0.026122689247131348,3363,GGGAAG,0.14221476018428802,3362,GGGAAC,0.2886614203453064,False,False,True,-0.002778783440589905,
6,31,34,head_3,degradation,1.0107421875,1.0076684951782227,3403,GGGGAG,5.4609375,3363,GGGAAG,5.96875,3363,GGGAAG,5.96875,3403,GGGGAG,0.02620900422334671,3363,GGGAAG,0.14354288578033447,3362,GGGAAC,0.28755879402160645,False,False,True,-0.0009642541408538818,
6,32,34,head_3,degradation,1.0107421875,0.9961148500442505,3403,GGGGAG,5.43359375,3363,GGGAAG,5.94140625,3363,GGGAAG,5.94140625,3403,GGGGAG,0.026187311857938766,3363,GGGAAG,0.14214517176151276,3362,GGGAAC,0.28772443532943726,False,False,True,-0.0010405480861663818,
6,33,34,head_3,degradation,1.0,0.9877035617828369,3403,GGGGAG,5.453125,3363,GGGAAG,5.953125,3363,GGGAAG,5.953125,3403,GGGGAG,0.026167450472712517,3363,GGGAAG,0.14112353324890137,3362,GGGAAC,0.29140612483024597,False,False,True,-0.0030115246772766113,
6,34,34,head_3,degradation,0.98388671875,0.9790470600128174,3403,GGGGAG,5.453125,3363,GGGAAG,5.94140625,3363,GGGAAG,5.94140625,3403,GGGGAG,0.026330800727009773,3363,GGGAAG,0.1402558982372284,3362,GGGAAC,0.29231390357017517,False,False,True,-0.0014532804489135742,
6,35,34,head_3,degradation,0.99462890625,0.9954900145530701,3403,GGGGAG,5.46484375,3363,GGGAAG,5.9609375,3363,GGGAAG,5.9609375,3403,GGGGAG,0.026149466633796692,3363,GGGAAG,0.1420329064130783,3362,GGGAAC,0.2927071750164032,False,False,True,-0.0012777745723724365,
6,36,34,head_3,degradation,1.005859375,1.0039712190628052,3403,GGGGAG,5.44921875,3363,GGGAAG,5.953125,3363,GGGAAG,5.953125,3403,GGGGAG,0.026183879002928734,3363,GGGAAG,0.14307741820812225,3362,GGGAAC,0.2899297773838043,False,False,True,0.0008302479982376099,
6,37,34,head_3,degradation,1.0,1.0011937618255615,3403,GGGGAG,5.453125,3363,GGGAAG,5.953125,3363,GGGAAG,5.953125,3403,GGGGAG,0.026211446151137352,3363,GGGAAG,0.14277419447898865,3362,GGGAAC,0.28971293568611145,False,False,True,0.0001144111156463623,
6,38,34,head_3,degradation,1.0107421875,1.0097414255142212,3403,GGGGAG,5.4609375,3363,GGGAAG,5.96875,3363,GGGAAG,5.96875,3403,GGGGAG,0.026383116841316223,3363,GGGAAG,0.14396388828754425,3362,GGGAAC,0.29023870825767517,False,False,True,-0.0012510418891906738,
6,39,34,head_3,degradation,1.005859375,1.0058424472808838,3403,GGGGAG,5.46875,3363,GGGAAG,5.97265625,3363,GGGAAG,5.97265625,3403,GGGGAG,0.02638028934597969,3363,GGGAAG,0.14349669218063354,3362,GGGAAC,0.29181504249572754,False,False,True,-0.001990005373954773,
6,40,34,head_3,degradation,1.005859375,1.0067336559295654,3403,GGGGAG,5.453125,3363,GGGAAG,5.95703125,3363,GGGAAG,5.95703125,3403,GGGGAG,0.026322895660996437,3363,GGGAAG,0.14354543387889862,3362,GGGAAC,0.28963807225227356,False,False,True,8.627772331237793e-06,
6,41,34,head_3,degradation,1.0,1.006832242012024,3403,GGGGAG,5.4453125,3363,GGGAAG,5.9453125,3363,GGGAAG,5.9453125,3403,GGGGAG,0.026188228279352188,3363,GGGAAG,0.14342251420021057,3362,GGGAAC,0.2886579632759094,False,False,True,0.0015009194612503052,
7,0,34,head_3,degradation,0.99462890625,0.9939937591552734,3403,GGGGAG,5.44921875,3363,GGGAAG,5.9453125,3363,GGGAAG,5.9453125,3403,GGGGAG,0.026267539709806442,3363,GGGAAG,0.14197278022766113,3362,GGGAAC,0.2888173758983612,False,False,True,-0.0007989704608917236,
7,1,34,head_3,degradation,0.99462890625,0.9970911145210266,3403,GGGGAG,5.44921875,3363,GGGAAG,5.9453125,3363,GGGAAG,5.9453125,3403,GGGGAG,0.026196416467428207,3363,GGGAAG,0.1422705501317978,3362,GGGAAC,0.28924211859703064,False,False,True,-0.0003474503755569458,
7,2,34,head_3,degradation,1.0,1.0011353492736816,3403,GGGGAG,5.453125,3363,GGGAAG,5.953125,3363,GGGAAG,5.953125,3403,GGGGAG,0.026205964386463165,3363,GGGAAG,0.14276175200939178,3362,GGGAAC,0.29028061032295227,False,False,True,-0.0007841587066650391,
7,3,34,head_3,degradation,0.9892578125,0.9977521896362305,3403,GGGGAG,5.46484375,3363,GGGAAG,5.95703125,3363,GGGAAG,5.95703125,3403,GGGGAG,0.026142233982682228,3363,GGGAAG,0.14229509234428406,3362,GGGAAC,0.29322513937950134,False,False,True,-0.0011426061391830444,
7,4,34,head_3,degradation,0.99462890625,0.9997274875640869,3403,GGGGAG,5.4609375,3363,GGGAAG,5.95703125,3363,GGGAAG,5.95703125,3403,GGGGAG,0.026187842711806297,3363,GGGAAG,0.1425759643316269,3362,GGGAAC,0.2910863757133484,False,False,True,-0.0005938112735748291,
7,5,34,head_3,degradation,0.9892578125,0.9944252371788025,3403,GGGGAG,5.4609375,3363,GGGAAG,5.953125,3363,GGGAAG,5.953125,3403,GGGGAG,0.026264451444149017,3363,GGGAAG,0.1420210748910904,3362,GGGAAC,0.2913905084133148,False,False,True,-0.0010485351085662842,
7,6,34,head_3,degradation,0.99462890625,0.9937039613723755,3403,GGGGAG,5.44921875,3363,GGGAAG,5.9453125,3363,GGGAAG,5.9453125,3403,GGGGAG,0.026191471144557,3363,GGGAAG,0.1418621987104416,3362,GGGAAC,0.2899828851222992,False,False,True,0.00010916590690612793,
7,7,34,head_3,degradation,0.9892578125,0.9941527247428894,3403,GGGGAG,5.46484375,3363,GGGAAG,5.95703125,3363,GGGAAG,5.95703125,3403,GGGGAG,0.026218287646770477,3363,GGGAAG,0.14194245636463165,3362,GGGAAC,0.29081177711486816,False,False,True,-0.001421213150024414,
7,8,34,head_3,degradation,0.99462890625,0.9976513981819153,3403,GGGGAG,5.4609375,3363,GGGAAG,5.95703125,3363,GGGAAG,5.95703125,3403,GGGGAG,0.026144905015826225,3363,GGGAAG,0.1422857642173767,3362,GGGAAC,0.2901793122291565,False,False,True,-0.001422777771949768,
7,9,34,head_3,degradation,0.9892578125,0.9926008582115173,3403,GGGGAG,5.4609375,3363,GGGAAG,5.953125,3363,GGGAAG,5.953125,3403,GGGGAG,0.02625100314617157,3363,GGGAAG,0.14179034531116486,3362,GGGAAC,0.2891998291015625,False,False,True,-0.002024814486503601,
7,10,34,head_3,degradation,1.005859375,1.0000499486923218,3403,GGGGAG,5.4375,3363,GGGAAG,5.94140625,3363,GGGAAG,5.94140625,3403,GGGGAG,0.02608901634812355,3363,GGGAAG,0.14251554012298584,3362,GGGAAC,0.29011625051498413,False,False,True,-0.0006266534328460693,
7,11,34,head_3,degradation,1.0,1.0041983127593994,3403,GGGGAG,5.4453125,3363,GGGAAG,5.9453125,3363,GGGAAG,5.9453125,3403,GGGGAG,0.02623939700424671,3363,GGGAAG,0.14315998554229736,3362,GGGAAC,0.28914695978164673,False,False,True,0.00020328164100646973,
7,12,34,head_3,degradation,1.0107421875,1.005255103111267,3403,GGGGAG,5.4375,3363,GGGAAG,5.9453125,3363,GGGAAG,5.9453125,3403,GGGGAG,0.026127241551876068,3363,GGGAAG,0.1431736946105957,3362,GGGAAC,0.28910404443740845,False,False,True,0.000646635890007019,
7,13,34,head_3,degradation,1.0,1.0001052618026733,3403,GGGGAG,5.453125,3363,GGGAAG,5.953125,3363,GGGAAG,5.953125,3403,GGGGAG,0.02607830986380577,3363,GGGAAG,0.14251142740249634,3362,GGGAAC,0.29109668731689453,False,False,True,0.0008455812931060791,
7,14,34,head_3,degradation,0.99462890625,0.9941641092300415,3403,GGGGAG,5.4453125,3363,GGGAAG,5.94140625,3363,GGGAAG,5.94140625,3403,GGGGAG,0.026193581521511078,3363,GGGAAG,0.1419191062450409,3362,GGGAAC,0.2889593839645386,False,False,True,6.628036499023438e-05,
7,15,34,head_3,degradation,0.99462890625,0.9930856823921204,3403,GGGGAG,5.4453125,3363,GGGAAG,5.94140625,3363,GGGAAG,5.94140625,3403,GGGGAG,0.026112185791134834,3363,GGGAAG,0.14170926809310913,3362,GGGAAC,0.28962162137031555,False,False,True,0.00047056376934051514,
7,16,34,head_3,degradation,0.9892578125,0.9846931099891663,3403,GGGGAG,5.4375,3363,GGGAAG,5.9296875,3363,GGGAAG,5.9296875,3403,GGGGAG,0.026103436946868896,3363,GGGAAG,0.14070098102092743,3362,GGGAAC,0.29054689407348633,False,False,True,0.00035256147384643555,
7,17,34,head_3,degradation,0.9892578125,0.9923927187919617,3403,GGGGAG,5.421875,3363,GGGAAG,5.9140625,3363,GGGAAG,5.9140625,3403,GGGGAG,0.0263532642275095,3363,GGGAAG,0.14186781644821167,3362,GGGAAC,0.28792643547058105,False,False,True,0.0015732944011688232,
7,18,34,head_3,degradation,0.9892578125,0.992899477481842,3403,GGGGAG,5.4296875,3363,GGGAAG,5.921875,3363,GGGAAG,5.921875,3403,GGGGAG,0.026478486135601997,3363,GGGAAG,0.14205339550971985,3362,GGGAAC,0.28719663619995117,False,False,True,0.001072704792022705,
7,19,34,head_3,degradation,1.005859375,1.0036541223526,3403,GGGGAG,5.43359375,3363,GGGAAG,5.9375,3363,GGGAAG,5.9375,3403,GGGGAG,0.026450885459780693,3363,GGGAAG,0.1433066576719284,3362,GGGAAC,0.2846863269805908,False,False,True,0.0020796358585357666,
7,20,34,head_3,degradation,1.0107421875,0.998045802116394,3403,GGGGAG,5.4140625,3363,GGGAAG,5.921875,3363,GGGAAG,5.921875,3403,GGGGAG,0.026452789083123207,3363,GGGAAG,0.142640620470047,3362,GGGAAC,0.28038692474365234,False,False,True,-0.0017950981855392456,
7,21,34,head_3,degradation,0.99462890625,0.9883369207382202,3403,GGGGAG,5.42578125,3363,GGGAAG,5.921875,3363,GGGAAG,5.921875,3403,GGGGAG,0.026662565767765045,3363,GGGAAG,0.1416940838098526,3362,GGGAAC,0.2801460325717926,False,False,True,-0.0026326924562454224,
7,22,34,head_3,degradation,1.0,0.9983769059181213,3403,GGGGAG,5.4296875,3363,GGGAAG,5.9296875,3363,GGGAAG,5.9296875,3403,GGGGAG,0.026944279670715332,3363,GGGAAG,0.1431715488433838,3362,GGGAAC,0.2809886038303375,False,False,True,-0.0030746161937713623,
7,23,34,head_3,degradation,0.9892578125,0.998400866985321,3403,GGGGAG,5.46484375,3363,GGGAAG,5.95703125,3363,GGGAAG,5.95703125,3403,GGGGAG,0.026765355840325356,3363,GGGAAG,0.14299547672271729,3362,GGGAAC,0.2878643572330475,False,False,True,0.0003324449062347412,
7,24,34,head_3,degradation,0.9892578125,1.001800775527954,3403,GGGGAG,5.46875,3363,GGGAAG,5.9609375,3363,GGGAAG,5.9609375,3403,GGGGAG,0.02677856758236885,3363,GGGAAG,0.14341360330581665,3362,GGGAAC,0.28993335366249084,False,False,True,-1.87605619430542e-05,
7,25,34,head_3,degradation,0.99462890625,0.9956693053245544,3403,GGGGAG,5.421875,3363,GGGAAG,5.91796875,3363,GGGAAG,5.91796875,3403,GGGGAG,0.026990549638867378,3363,GGGAAG,0.14289534091949463,3362,GGGAAC,0.2848672568798065,False,False,True,-0.005124911665916443,
7,26,34,head_3,degradation,0.99462890625,0.9809847474098206,3403,GGGGAG,5.41015625,3363,GGGAAG,5.90625,3363,GGGAAG,5.90625,3403,GGGGAG,0.026708653196692467,3363,GGGAAG,0.1408645361661911,3362,GGGAAC,0.2886297404766083,False,False,True,-0.001156821846961975,
7,27,34,head_3,degradation,0.9892578125,0.970964252948761,3403,GGGGAG,5.40625,3363,GGGAAG,5.8984375,3363,GGGAAG,5.8984375,3403,GGGGAG,0.026701800525188446,3363,GGGAAG,0.13966424763202667,3362,GGGAAC,0.2864980399608612,False,False,True,-0.003904983401298523,
7,28,34,head_3,degradation,0.9892578125,0.9672045111656189,3403,GGGGAG,5.4375,3363,GGGAAG,5.9296875,3363,GGGAAG,5.9296875,3403,GGGGAG,0.026289498433470726,3363,GGGAAG,0.13880416750907898,3362,GGGAAC,0.2903761863708496,False,False,True,0.0031628012657165527,
7,29,34,head_3,degradation,0.99462890625,0.9785305261611938,3403,GGGGAG,5.4375,3363,GGGAAG,5.93359375,3363,GGGAAG,5.93359375,3403,GGGGAG,0.026396814733743668,3363,GGGAAG,0.14026039838790894,3362,GGGAAC,0.28550368547439575,False,False,True,-0.0017692595720291138,
7,30,34,head_3,degradation,0.99462890625,0.9826971888542175,3403,GGGGAG,5.4375,3363,GGGAAG,5.93359375,3363,GGGAAG,5.93359375,3403,GGGGAG,0.026426808908581734,3363,GGGAAG,0.14078663289546967,3362,GGGAAC,0.286784827709198,False,False,True,0.00015269219875335693,
7,31,34,head_3,degradation,1.0,1.0003302097320557,3403,GGGGAG,5.4453125,3363,GGGAAG,5.9453125,3363,GGGAAG,5.9453125,3403,GGGGAG,0.02616581693291664,3363,GGGAAG,0.14262571930885315,3362,GGGAAC,0.28933659195899963,False,False,True,0.0012491792440414429,
7,32,34,head_3,degradation,1.0107421875,1.004932165145874,3403,GGGGAG,5.4375,3363,GGGAAG,5.9453125,3363,GGGAAG,5.9453125,3403,GGGGAG,0.025969497859477997,3363,GGGAAG,0.1429774910211563,3362,GGGAAC,0.29130542278289795,False,False,True,0.003973424434661865,
7,33,34,head_3,degradation,1.0,0.9889476299285889,3403,GGGGAG,5.4453125,3363,GGGAAG,5.9453125,3363,GGGAAG,5.9453125,3403,GGGGAG,0.02566302753984928,3363,GGGAAG,0.14076727628707886,3362,GGGAAC,0.2930351793766022,False,False,True,0.0011668950319290161,
7,34,34,head_3,degradation,1.005859375,0.9893492460250854,3403,GGGGAG,5.4375,3363,GGGAAG,5.94140625,3363,GGGAAG,5.94140625,3403,GGGGAG,0.025720695033669472,3363,GGGAAG,0.1408727765083313,3362,GGGAAC,0.29120364785194397,False,False,True,0.00014221668243408203,
7,35,34,head_3,degradation,0.99462890625,0.9823733568191528,3403,GGGGAG,5.44921875,3363,GGGAAG,5.9453125,3363,GGGAAG,5.9453125,3403,GGGGAG,0.025823023170232773,3363,GGGAAG,0.14014428853988647,3362,GGGAAC,0.29102692008018494,False,False,True,-0.0019431859254837036,
7,36,34,head_3,degradation,0.99462890625,0.9950739741325378,3403,GGGGAG,5.44921875,3363,GGGAAG,5.9453125,3363,GGGAAG,5.9453125,3403,GGGGAG,0.02635146491229534,3363,GGGAAG,0.14218536019325256,3362,GGGAAC,0.28828486800193787,False,False,True,-0.00017555058002471924,
7,37,34,head_3,degradation,0.99462890625,0.9997707009315491,3403,GGGGAG,5.44921875,3363,GGGAAG,5.9453125,3363,GGGAAG,5.9453125,3403,GGGGAG,0.02649608626961708,3363,GGGAAG,0.1428893506526947,3362,GGGAAC,0.2876156270503998,False,False,True,-0.0005035102367401123,
7,38,34,head_3,degradation,0.9892578125,0.9886592626571655,3403,GGGGAG,5.46484375,3363,GGGAAG,5.95703125,3363,GGGAAG,5.95703125,3403,GGGGAG,0.026203667744994164,3363,GGGAAG,0.14127357304096222,3362,GGGAAC,0.2921079099178314,False,False,True,-0.0020851492881774902,
7,39,34,head_3,degradation,1.005859375,1.0048812627792358,3403,GGGGAG,5.453125,3363,GGGAAG,5.95703125,3363,GGGAAG,5.95703125,3403,GGGGAG,0.026112912222743034,3363,GGGAAG,0.14311483502388,3362,GGGAAC,0.29009854793548584,False,False,True,-0.00041146576404571533,
7,40,34,head_3,degradation,0.99462890625,0.9966193437576294,3403,GGGGAG,5.46484375,3363,GGGAAG,5.9609375,3363,GGGAAG,5.9609375,3403,GGGGAG,0.026241594925522804,3363,GGGAAG,0.14225953817367554,3362,GGGAAC,0.29188868403434753,False,False,True,-0.0011987239122390747,
7,41,34,head_3,degradation,0.99462890625,0.99826580286026,3403,GGGGAG,5.44921875,3363,GGGAAG,5.9453125,3363,GGGAAG,5.9453125,3403,GGGGAG,0.026368724182248116,3363,GGGAAG,0.1425827592611313,3362,GGGAAC,0.2889406383037567,False,False,True,0.0006488263607025146,
8,0,34,head_3,degradation,1.0107421875,1.0133254528045654,3403,GGGGAG,5.4296875,3363,GGGAAG,5.9375,3363,GGGAAG,5.9375,3403,GGGGAG,0.02619820088148117,3363,GGGAAG,0.14420582354068756,3362,GGGAAC,0.28874146938323975,False,False,True,0.0019904226064682007,
8,1,34,head_3,degradation,1.0107421875,1.0084569454193115,3403,GGGGAG,5.4296875,3363,GGGAAG,5.9375,3363,GGGAAG,5.9375,3403,GGGGAG,0.026270167902112007,3363,GGGAAG,0.14369794726371765,3362,GGGAAC,0.2881946861743927,False,False,True,0.002869918942451477,
8,2,34,head_3,degradation,1.0107421875,1.008039951324463,3403,GGGGAG,5.43359375,3363,GGGAAG,5.94140625,3363,GGGAAG,5.94140625,3403,GGGGAG,0.026054078713059425,3363,GGGAAG,0.14343219995498657,3362,GGGAAC,0.289427250623703,False,False,True,0.002111956477165222,
8,3,34,head_3,degradation,1.0,0.9965763092041016,3403,GGGGAG,5.4296875,3363,GGGAAG,5.9296875,3363,GGGAAG,5.9296875,3403,GGGGAG,0.02634970098733902,3363,GGGAAG,0.14236252009868622,3362,GGGAAC,0.2915523052215576,False,False,True,0.0011339634656906128,
8,4,34,head_3,degradation,1.0,0.9972899556159973,3403,GGGGAG,5.4375,3363,GGGAAG,5.9375,3363,GGGAAG,5.9375,3403,GGGGAG,0.026347782462835312,3363,GGGAAG,0.14244559407234192,3362,GGGAAC,0.2915310561656952,False,False,True,0.00043182075023651123,
8,5,34,head_3,degradation,0.9892578125,0.993391752243042,3403,GGGGAG,5.44921875,3363,GGGAAG,5.94140625,3363,GGGAAG,5.94140625,3403,GGGGAG,0.02641751803457737,3363,GGGAAG,0.14205105602741241,3362,GGGAAC,0.2927088439464569,False,False,True,-0.00020609796047210693,
8,6,34,head_3,degradation,0.98388671875,0.9897811412811279,3403,GGGGAG,5.46484375,3363,GGGAAG,5.953125,3363,GGGAAG,5.953125,3403,GGGGAG,0.02634791098535061,3363,GGGAAG,0.1415514349937439,3362,GGGAAC,0.29267796874046326,False,False,True,-0.0008163750171661377,
8,7,34,head_3,degradation,0.98388671875,0.9782979488372803,3403,GGGGAG,5.453125,3363,GGGAAG,5.94140625,3363,GGGAAG,5.94140625,3403,GGGGAG,0.026359660550951958,3363,GGGAAG,0.1401955485343933,3362,GGGAAC,0.29309457540512085,False,False,True,-0.0016260147094726562,
8,8,34,head_3,degradation,0.9892578125,0.9857260584831238,3403,GGGGAG,5.453125,3363,GGGAAG,5.9453125,3363,GGGAAG,5.9453125,3403,GGGGAG,0.02630346454679966,3363,GGGAAG,0.14102402329444885,3362,GGGAAC,0.2915385067462921,False,False,True,-0.0003506094217300415,
8,9,34,head_3,degradation,0.9892578125,0.9835426807403564,3403,GGGGAG,5.4453125,3363,GGGAAG,5.9375,3363,GGGAAG,5.9375,3403,GGGGAG,0.026175038889050484,3363,GGGAAG,0.14063556492328644,3362,GGGAAC,0.29167303442955017,False,False,True,-0.00020138919353485107,
8,10,34,head_3,degradation,1.0107421875,0.9938194751739502,3403,GGGGAG,5.4375,3363,GGGAAG,5.9453125,3363,GGGAAG,5.9453125,3403,GGGGAG,0.026103589683771133,3363,GGGAAG,0.1417880654335022,3362,GGGAAC,0.2940901815891266,False,False,True,0.005639925599098206,
8,11,34,head_3,degradation,1.0166015625,0.9936967492103577,3403,GGGGAG,5.43359375,3363,GGGAAG,5.9453125,3363,GGGAAG,5.9453125,3403,GGGGAG,0.026153072714805603,3363,GGGAAG,0.1418229341506958,3362,GGGAAC,0.2947196066379547,False,False,True,0.00682106614112854,
8,12,34,head_3,degradation,1.0107421875,1.0004215240478516,3403,GGGGAG,5.4453125,3363,GGGAAG,5.953125,3363,GGGAAG,5.953125,3403,GGGGAG,0.026573901996016502,3363,GGGAAG,0.14304468035697937,3362,GGGAAC,0.290904700756073,False,False,True,0.006317436695098877,
8,13,34,head_3,degradation,0.97802734375,0.990448534488678,3403,GGGGAG,5.4609375,3363,GGGAAG,5.9453125,3363,GGGAAG,5.9453125,3403,GGGGAG,0.026382900774478912,3363,GGGAAG,0.14166590571403503,3362,GGGAAC,0.29043126106262207,False,False,True,0.000773310661315918,
8,14,34,head_3,degradation,0.9892578125,1.0022252798080444,3403,GGGGAG,5.453125,3363,GGGAAG,5.9453125,3363,GGGAAG,5.9453125,3403,GGGGAG,0.026358067989349365,3363,GGGAAG,0.1430436670780182,3362,GGGAAC,0.28816795349121094,False,False,True,0.0011072605848312378,
8,15,34,head_3,degradation,0.99462890625,1.0026500225067139,3403,GGGGAG,5.44921875,3363,GGGAAG,5.9453125,3363,GGGAAG,5.9453125,3403,GGGGAG,0.026236718520522118,3363,GGGAAG,0.1429729163646698,3362,GGGAAC,0.29090964794158936,False,False,True,0.00031338632106781006,
8,16,34,head_3,degradation,0.9892578125,0.9946267604827881,3403,GGGGAG,5.44921875,3363,GGGAAG,5.94140625,3363,GGGAAG,5.94140625,3403,GGGGAG,0.026324057951569557,3363,GGGAAG,0.14210468530654907,3362,GGGAAC,0.2896155118942261,False,False,True,0.0005969703197479248,
8,17,34,head_3,degradation,0.97802734375,0.985304057598114,3403,GGGGAG,5.44921875,3363,GGGAAG,5.93359375,3363,GGGAAG,5.93359375,3403,GGGGAG,0.026373963803052902,3363,GGGAAG,0.1410442739725113,3362,GGGAAC,0.2939884066581726,False,False,True,-0.0006168484687805176,
8,18,34,head_3,degradation,0.97802734375,0.9797573089599609,3403,GGGGAG,5.4453125,3363,GGGAAG,5.9296875,3363,GGGAAG,5.9296875,3403,GGGGAG,0.02620038203895092,3363,GGGAAG,0.1402100771665573,3362,GGGAAC,0.2919153571128845,False,False,True,0.0006057918071746826,
8,19,34,head_3,degradation,0.97265625,0.9590118527412415,3403,GGGGAG,5.43359375,3363,GGGAAG,5.9140625,3363,GGGAAG,5.9140625,3403,GGGGAG,0.025730924680829048,3363,GGGAAG,0.13726985454559326,3362,GGGAAC,0.2961916923522949,False,False,True,0.0014110058546066284,
8,20,34,head_3,degradation,1.0,0.987613320350647,3403,GGGGAG,5.4296875,3363,GGGAAG,5.9296875,3363,GGGAAG,5.9296875,3403,GGGGAG,0.02574075385928154,3363,GGGAAG,0.14068609476089478,3362,GGGAAC,0.29390478134155273,False,False,True,0.0029539912939071655,
8,21,34,head_3,degradation,1.0,0.9889627695083618,3403,GGGGAG,5.421875,3363,GGGAAG,5.921875,3363,GGGAAG,5.921875,3403,GGGGAG,0.025756053626537323,3363,GGGAAG,0.1408621072769165,3362,GGGAAC,0.29371172189712524,False,False,True,0.003756999969482422,
8,22,34,head_3,degradation,1.0107421875,1.00979483127594,3403,GGGGAG,5.43359375,3363,GGGAAG,5.94140625,3363,GGGAAG,5.94140625,3403,GGGGAG,0.026025651022791862,3363,GGGAAG,0.1436127871274948,3362,GGGAAC,0.2895573675632477,False,False,True,0.0024147778749465942,
8,23,34,head_3,degradation,1.0107421875,1.013229489326477,3403,GGGGAG,5.4375,3363,GGGAAG,5.9453125,3363,GGGAAG,5.9453125,3403,GGGGAG,0.025931522250175476,3363,GGGAAG,0.1439277082681656,3362,GGGAAC,0.28792521357536316,False,False,True,0.0016438215970993042,
8,24,34,head_3,degradation,1.0107421875,1.004461646080017,3403,GGGGAG,5.4296875,3363,GGGAAG,5.9375,3363,GGGAAG,5.9375,3403,GGGGAG,0.025664284825325012,3363,GGGAAG,0.14261624217033386,3362,GGGAAC,0.2900245785713196,False,False,True,0.0008342564105987549,
8,25,34,head_3,degradation,1.02734375,1.0267843008041382,3403,GGGGAG,5.43359375,3363,GGGAAG,5.953125,3363,GGGAAG,5.953125,3403,GGGGAG,0.02524525672197342,3363,GGGAAG,0.1448558121919632,3362,GGGAAC,0.2928132712841034,False,False,True,0.002249300479888916,
8,26,34,head_3,degradation,1.02734375,1.0344706773757935,3403,GGGGAG,5.44921875,3363,GGGAAG,5.96875,3363,GGGAAG,5.96875,3403,GGGGAG,0.025548279285430908,3363,GGGAAG,0.14607428014278412,3362,GGGAAC,0.29127568006515503,False,False,True,0.0011815279722213745,
8,27,34,head_3,degradation,1.005859375,1.0101600885391235,3403,GGGGAG,5.46875,3363,GGGAAG,5.97265625,3363,GGGAAG,5.97265625,3403,GGGGAG,0.025902733206748962,3363,GGGAAG,0.1435333639383316,3362,GGGAAC,0.2920767664909363,False,False,True,-0.0020650923252105713,
8,28,34,head_3,degradation,0.99462890625,0.9946996569633484,3403,GGGGAG,5.4609375,3363,GGGAAG,5.95703125,3363,GGGAAG,5.95703125,3403,GGGGAG,0.02640060894191265,3363,GGGAAG,0.14218991994857788,3362,GGGAAC,0.2870649993419647,False,False,True,-0.0031984448432922363,
8,29,34,head_3,degradation,0.98388671875,0.9741613268852234,3403,GGGGAG,5.44921875,3363,GGGAAG,5.9375,3363,GGGAAG,5.9375,3403,GGGGAG,0.026247551664710045,3363,GGGAAG,0.1395907700061798,3362,GGGAAC,0.2879641652107239,False,False,True,-0.0024270713329315186,
8,30,34,head_3,degradation,0.9892578125,0.9665175676345825,3403,GGGGAG,5.4375,3363,GGGAAG,5.9296875,3363,GGGAAG,5.9296875,3403,GGGGAG,0.026295121759176254,3363,GGGAAG,0.13872797787189484,3362,GGGAAC,0.28618863224983215,False,False,True,-0.003605455160140991,
8,31,34,head_3,degradation,0.96728515625,0.9538174271583557,3403,GGGGAG,5.4453125,3363,GGGAAG,5.921875,3363,GGGAAG,5.921875,3403,GGGGAG,0.026571083813905716,3363,GGGAAG,0.1374913603067398,3362,GGGAAC,0.28393635153770447,False,False,True,-0.0035054534673690796,
8,32,34,head_3,degradation,0.97265625,0.9533758163452148,3403,GGGGAG,5.4375,3363,GGGAAG,5.91796875,3363,GGGAAG,5.91796875,3403,GGGGAG,0.026522347703576088,3363,GGGAAG,0.13739003241062164,3362,GGGAAC,0.2833593785762787,False,False,True,-0.004082173109054565,
8,33,34,head_3,degradation,0.9892578125,0.9717956781387329,3403,GGGGAG,5.4375,3363,GGGAAG,5.9296875,3363,GGGAAG,5.9296875,3403,GGGGAG,0.0263502337038517,3363,GGGAAG,0.13941170275211334,3362,GGGAAC,0.2850390076637268,False,False,True,-0.0023789554834365845,
8,34,34,head_3,degradation,1.0,0.9866613149642944,3403,GGGGAG,5.43359375,3363,GGGAAG,5.93359375,3363,GGGAAG,5.93359375,3403,GGGGAG,0.026137234643101692,3363,GGGAAG,0.1409691870212555,3362,GGGAAC,0.28789815306663513,False,False,True,-0.001387372612953186,
8,35,34,head_3,degradation,0.9892578125,0.9891011118888855,3403,GGGGAG,5.44921875,3363,GGGAAG,5.94140625,3363,GGGAAG,5.94140625,3403,GGGGAG,0.02630077488720417,3363,GGGAAG,0.141423299908638,3362,GGGAAC,0.28917396068573,False,False,True,-0.001021847128868103,
8,36,34,head_3,degradation,1.0,0.9978001117706299,3403,GGGGAG,5.453125,3363,GGGAAG,5.953125,3363,GGGAAG,5.953125,3403,GGGGAG,0.026285206899046898,3363,GGGAAG,0.14244377613067627,3362,GGGAAC,0.2891395390033722,False,False,True,-8.928775787353516e-05,
8,37,34,head_3,degradation,1.0,1.0009757280349731,3403,GGGGAG,5.453125,3363,GGGAAG,5.953125,3363,GGGAAG,5.953125,3403,GGGGAG,0.02628558874130249,3363,GGGAAG,0.14282236993312836,3362,GGGAAC,0.2897222936153412,False,False,True,-0.00019091367721557617,
8,38,34,head_3,degradation,1.0,1.002998948097229,3403,GGGGAG,5.453125,3363,GGGAAG,5.953125,3363,GGGAAG,5.953125,3403,GGGGAG,0.026183364912867546,3363,GGGAAG,0.14296111464500427,3362,GGGAAC,0.28923919796943665,False,False,True,0.001285448670387268,
8,39,34,head_3,degradation,1.0,1.0029242038726807,3403,GGGGAG,5.453125,3363,GGGAAG,5.953125,3363,GGGAAG,5.953125,3403,GGGGAG,0.026274479925632477,3363,GGGAAG,0.14304332435131073,3362,GGGAAC,0.2885148227214813,False,False,True,0.0017901211977005005,
8,40,34,head_3,degradation,0.9892578125,0.9934709668159485,3403,GGGGAG,5.453125,3363,GGGAAG,5.9453125,3363,GGGAAG,5.9453125,3403,GGGGAG,0.02639690600335598,3363,GGGAAG,0.14203988015651703,3362,GGGAAC,0.2889009714126587,False,False,True,0.0010561943054199219,
8,41,34,head_3,degradation,0.9892578125,0.9912030696868896,3403,GGGGAG,5.46484375,3363,GGGAAG,5.95703125,3363,GGGAAG,5.95703125,3403,GGGGAG,0.02637823112308979,3363,GGGAAG,0.14175109565258026,3362,GGGAAC,0.2911207377910614,False,False,True,-0.002361401915550232,
9,0,34,head_3,degradation,0.98388671875,0.9826664924621582,3403,GGGGAG,5.47265625,3363,GGGAAG,5.9609375,3363,GGGAAG,5.9609375,3403,GGGGAG,0.02621697261929512,3363,GGGAAG,0.1405731439590454,3362,GGGAAC,0.29193979501724243,False,False,True,-0.0020846426486968994,
9,1,34,head_3,degradation,0.98388671875,0.9857257604598999,3403,GGGGAG,5.47265625,3363,GGGAAG,5.9609375,3363,GGGAAG,5.9609375,3403,GGGGAG,0.02619861625134945,3363,GGGAAG,0.14091914892196655,3362,GGGAAC,0.2918645143508911,False,False,True,-0.002186700701713562,
9,2,34,head_3,degradation,1.0,0.9959401488304138,3403,GGGGAG,5.453125,3363,GGGAAG,5.953125,3363,GGGAAG,5.953125,3403,GGGGAG,0.026097074151039124,3363,GGGAAG,0.1420341283082962,3362,GGGAAC,0.2913016974925995,False,False,True,-0.0009505301713943481,
9,3,34,head_3,degradation,0.9892578125,0.9874838590621948,3403,GGGGAG,5.44921875,3363,GGGAAG,5.94140625,3363,GGGAAG,5.94140625,3403,GGGGAG,0.026304561644792557,3363,GGGAAG,0.14123447239398956,3362,GGGAAC,0.28971028327941895,False,False,True,-0.0007357001304626465,
9,4,34,head_3,degradation,0.99462890625,0.9950356483459473,3403,GGGGAG,5.44921875,3363,GGGAAG,5.9453125,3363,GGGAAG,5.9453125,3403,GGGGAG,0.026370668783783913,3363,GGGAAG,0.14219999313354492,3362,GGGAAC,0.2891118824481964,False,False,True,-0.0007128268480300903,
9,5,34,head_3,degradation,0.9892578125,0.9909765124320984,3403,GGGGAG,5.453125,3363,GGGAAG,5.9453125,3363,GGGAAG,5.9453125,3403,GGGGAG,0.026363663375377655,3363,GGGAAG,0.14170955121517181,3362,GGGAAC,0.2897990643978119,False,False,True,-0.0008935779333114624,
9,6,34,head_3,degradation,0.99462890625,0.9992340803146362,3403,GGGGAG,5.4609375,3363,GGGAAG,5.95703125,3363,GGGAAG,5.95703125,3403,GGGGAG,0.026395883411169052,3363,GGGAAG,0.14272524416446686,3362,GGGAAC,0.2883876860141754,False,False,True,-0.002089172601699829,
9,7,34,head_3,degradation,0.97802734375,0.9791584610939026,3403,GGGGAG,5.4609375,3363,GGGAAG,5.9453125,3363,GGGAAG,5.9453125,3403,GGGGAG,0.026668304577469826,3363,GGGAAG,0.14060667157173157,3362,GGGAAC,0.2883784770965576,False,False,True,-0.0031246840953826904,
9,8,34,head_3,degradation,0.9892578125,0.9891878962516785,3403,GGGGAG,5.4609375,3363,GGGAAG,5.953125,3363,GGGAAG,5.953125,3403,GGGGAG,0.026554526761174202,3363,GGGAAG,0.14168739318847656,3362,GGGAAC,0.2877797484397888,False,False,True,-0.002391323447227478,
9,9,34,head_3,degradation,0.99462890625,0.9952335953712463,3403,GGGGAG,5.44921875,3363,GGGAAG,5.9453125,3363,GGGAAG,5.9453125,3403,GGGGAG,0.02649841457605362,3363,GGGAAG,0.14235131442546844,3362,GGGAAC,0.28980401158332825,False,False,True,-0.0007797777652740479,
9,10,34,head_3,degradation,0.9892578125,0.9975765943527222,3403,GGGGAG,5.4609375,3363,GGGAAG,5.953125,3363,GGGAAG,5.953125,3403,GGGGAG,0.026510506868362427,3363,GGGAAG,0.14264245331287384,3362,GGGAAC,0.29056516289711,False,False,True,-0.001904711127281189,
9,11,34,head_3,degradation,0.9892578125,0.9950118660926819,3403,GGGGAG,5.4609375,3363,GGGAAG,5.953125,3363,GGGAAG,5.953125,3403,GGGGAG,0.02638830989599228,3363,GGGAAG,0.1422148048877716,3362,GGGAAC,0.2902781069278717,False,False,True,-0.002137616276741028,
9,12,34,head_3,degradation,0.9892578125,0.9973015785217285,3403,GGGGAG,5.4609375,3363,GGGAAG,5.953125,3363,GGGAAG,5.953125,3403,GGGGAG,0.026370303705334663,3363,GGGAAG,0.14246949553489685,3362,GGGAAC,0.2895449697971344,False,False,True,-0.0016457438468933105,
9,13,34,head_3,degradation,0.99462890625,1.0003138780593872,3403,GGGGAG,5.44921875,3363,GGGAAG,5.9453125,3363,GGGAAG,5.9453125,3403,GGGGAG,0.02632141299545765,3363,GGGAAG,0.1427793651819229,3362,GGGAAC,0.288017600774765,False,False,True,-7.161498069763184e-05,
9,14,34,head_3,degradation,0.99462890625,0.9991605281829834,3403,GGGGAG,5.44921875,3363,GGGAAG,5.9453125,3363,GGGAAG,5.9453125,3403,GGGGAG,0.02644236572086811,3363,GGGAAG,0.1427629590034485,3362,GGGAAC,0.288235068321228,False,False,True,0.000126764178276062,
9,15,34,head_3,degradation,0.99462890625,0.9934000968933105,3403,GGGGAG,5.44921875,3363,GGGAAG,5.9453125,3363,GGGAAG,5.9453125,3403,GGGGAG,0.02642170712351799,3363,GGGAAG,0.14205624163150787,3362,GGGAAC,0.28822091221809387,False,False,True,-0.0013668537139892578,
9,16,34,head_3,degradation,0.99462890625,0.9915356040000916,3403,GGGGAG,5.4453125,3363,GGGAAG,5.94140625,3363,GGGAAG,5.94140625,3403,GGGGAG,0.026173623278737068,3363,GGGAAG,0.1415860950946808,3362,GGGAAC,0.2907730042934418,False,False,True,-0.0009562969207763672,
9,17,34,head_3,degradation,0.99462890625,0.9910911917686462,3403,GGGGAG,5.4453125,3363,GGGAAG,5.94140625,3363,GGGAAG,5.94140625,3403,GGGGAG,0.026007410138845444,3363,GGGAAG,0.14136695861816406,3362,GGGAAC,0.29112592339515686,False,False,True,-0.0007797032594680786,
9,18,34,head_3,degradation,0.99462890625,0.9921977519989014,3403,GGGGAG,5.44921875,3363,GGGAAG,5.9453125,3363,GGGAAG,5.9453125,3403,GGGGAG,0.025863995775580406,3363,GGGAAG,0.14135533571243286,3362,GGGAAC,0.2909110188484192,False,False,True,-0.00010477006435394287,
9,19,34,head_3,degradation,1.0,0.9944568276405334,3403,GGGGAG,5.453125,3363,GGGAAG,5.953125,3363,GGGAAG,5.953125,3403,GGGGAG,0.026084601879119873,3363,GGGAAG,0.1418449878692627,3362,GGGAAC,0.2911713719367981,False,False,True,-0.0012142062187194824,
9,20,34,head_3,degradation,0.9892578125,0.9906514286994934,3403,GGGGAG,5.44921875,3363,GGGAAG,5.94140625,3363,GGGAAG,5.94140625,3403,GGGGAG,0.026334566995501518,3363,GGGAAG,0.1416417360305786,3362,GGGAAC,0.28939974308013916,False,False,True,-0.0018667131662368774,
9,21,34,head_3,degradation,0.9892578125,0.9920145869255066,3403,GGGGAG,5.453125,3363,GGGAAG,5.9453125,3363,GGGAAG,5.9453125,3403,GGGGAG,0.026226794347167015,3363,GGGAAG,0.14169631898403168,3362,GGGAAC,0.2915682792663574,False,False,True,-0.0023167431354522705,
9,22,34,head_3,degradation,0.9892578125,0.9952417016029358,3403,GGGGAG,5.4609375,3363,GGGAAG,5.953125,3363,GGGAAG,5.953125,3403,GGGGAG,0.026291927322745323,3363,GGGAAG,0.1421457976102829,3362,GGGAAC,0.2911839485168457,False,False,True,-0.0019469410181045532,
9,23,34,head_3,degradation,0.9892578125,0.9919003248214722,3403,GGGGAG,5.453125,3363,GGGAAG,5.9453125,3363,GGGAAG,5.9453125,3403,GGGGAG,0.026245806366205215,3363,GGGAAG,0.14170171320438385,3362,GGGAAC,0.2904691994190216,False,False,True,-0.0014955848455429077,
9,24,34,head_3,degradation,0.99462890625,0.9939554929733276,3403,GGGGAG,5.4609375,3363,GGGAAG,5.95703125,3363,GGGAAG,5.95703125,3403,GGGGAG,0.02633003517985344,3363,GGGAAG,0.1420307159423828,3362,GGGAAC,0.29004839062690735,False,False,True,-0.0015693306922912598,
9,25,34,head_3,degradation,0.9892578125,0.9916057586669922,3403,GGGGAG,5.4609375,3363,GGGAAG,5.953125,3363,GGGAAG,5.953125,3403,GGGGAG,0.02639761194586754,3363,GGGAAG,0.14181844890117645,3362,GGGAAC,0.2901722490787506,False,False,True,-0.001421809196472168,
9,26,34,head_3,degradation,0.9892578125,0.9881969094276428,3403,GGGGAG,5.453125,3363,GGGAAG,5.9453125,3363,GGGAAG,5.9453125,3403,GGGGAG,0.026204373687505722,3363,GGGAAG,0.14121921360492706,3362,GGGAAC,0.2901877164840698,False,False,True,-0.0015650689601898193,
9,27,34,head_3,degradation,0.9892578125,0.992982804775238,3403,GGGGAG,5.453125,3363,GGGAAG,5.9453125,3363,GGGAAG,5.9453125,3403,GGGGAG,0.026299236342310905,3363,GGGAAG,0.14188407361507416,3362,GGGAAC,0.2894837558269501,False,False,True,-0.0009513199329376221,
9,28,34,head_3,degradation,0.9892578125,0.9909290075302124,3403,GGGGAG,5.4609375,3363,GGGAAG,5.953125,3363,GGGAAG,5.953125,3403,GGGGAG,0.026333723217248917,3363,GGGAAG,0.1416739523410797,3362,GGGAAC,0.28960248827934265,False,False,True,-0.0010235756635665894,
9,29,34,head_3,degradation,0.99462890625,0.996833860874176,3403,GGGGAG,5.4609375,3363,GGGAAG,5.95703125,3363,GGGAAG,5.95703125,3403,GGGGAG,0.026332497596740723,3363,GGGAAG,0.14237599074840546,3362,GGGAAC,0.2907446324825287,False,False,True,-0.0006094127893447876,
9,30,34,head_3,degradation,1.0,1.001230239868164,3403,GGGGAG,5.453125,3363,GGGAAG,5.953125,3363,GGGAAG,5.953125,3403,GGGGAG,0.02637123316526413,3363,GGGAAG,0.14293833076953888,3362,GGGAAC,0.289630264043808,False,False,True,-0.00019530951976776123,
9,31,34,head_3,degradation,0.9892578125,0.995768129825592,3403,GGGGAG,5.453125,3363,GGGAAG,5.9453125,3363,GGGAAG,5.9453125,3403,GGGGAG,0.026168685406446457,3363,GGGAAG,0.1420852541923523,3362,GGGAAC,0.29166457056999207,False,False,True,-0.00018844008445739746,
9,32,34,head_3,degradation,0.9892578125,0.9979390501976013,3403,GGGGAG,5.46484375,3363,GGGAAG,5.95703125,3363,GGGAAG,5.95703125,3403,GGGGAG,0.026294853538274765,3363,GGGAAG,0.14246997237205505,3362,GGGAAC,0.29221341013908386,False,False,True,-0.0006279647350311279,
9,33,34,head_3,degradation,0.99462890625,0.9956327080726624,3403,GGGGAG,5.4609375,3363,GGGAAG,5.95703125,3363,GGGAAG,5.95703125,3403,GGGGAG,0.02620668150484562,3363,GGGAAG,0.14210711419582367,3362,GGGAAC,0.29281094670295715,False,False,True,-0.0014903098344802856,
9,34,34,head_3,degradation,0.9892578125,0.993910014629364,3403,GGGGAG,5.4609375,3363,GGGAAG,5.953125,3363,GGGAAG,5.953125,3403,GGGGAG,0.02626035548746586,3363,GGGAAG,0.14195561408996582,3362,GGGAAC,0.2924942970275879,False,False,True,-0.0017665475606918335,
9,35,34,head_3,degradation,1.0,0.9966418743133545,3403,GGGGAG,5.453125,3363,GGGAAG,5.953125,3363,GGGAAG,5.953125,3403,GGGGAG,0.02606663852930069,3363,GGGAAG,0.14208726584911346,3362,GGGAAC,0.29134401679039,False,False,True,-0.0009325146675109863,
9,36,34,head_3,degradation,1.0,1.0012813806533813,3403,GGGGAG,5.453125,3363,GGGAAG,5.953125,3363,GGGAAG,5.953125,3403,GGGGAG,0.026239776983857155,3363,GGGAAG,0.14281296730041504,3362,GGGAAC,0.28947341442108154,False,False,True,-0.0010002702474594116,
9,37,34,head_3,degradation,1.0,0.9959148168563843,3403,GGGGAG,5.453125,3363,GGGAAG,5.953125,3363,GGGAAG,5.953125,3403,GGGGAG,0.026143277063965797,3363,GGGAAG,0.14207731187343597,3362,GGGAAC,0.29015684127807617,False,False,True,-0.00171738862991333,
9,38,34,head_3,degradation,0.9892578125,0.9898951649665833,3403,GGGGAG,5.453125,3363,GGGAAG,5.9453125,3363,GGGAAG,5.9453125,3403,GGGGAG,0.026337185874581337,3363,GGGAAG,0.14155428111553192,3362,GGGAAC,0.28960078954696655,False,False,True,-0.002410978078842163,
9,39,34,head_3,degradation,0.9892578125,0.9877288937568665,3403,GGGGAG,5.44921875,3363,GGGAAG,5.94140625,3363,GGGAAG,5.94140625,3403,GGGGAG,0.026403196156024933,3363,GGGAAG,0.1413622945547104,3362,GGGAAC,0.2887362241744995,False,False,True,-0.0017953217029571533,
9,40,34,head_3,degradation,0.99462890625,0.9950045347213745,3403,GGGGAG,5.44921875,3363,GGGAAG,5.9453125,3363,GGGAAG,5.9453125,3403,GGGGAG,0.026315554976463318,3363,GGGAAG,0.1421411782503128,3362,GGGAAC,0.28945571184158325,False,False,True,-0.0013061314821243286,
9,41,34,head_3,degradation,1.0,1.00371253490448,3403,GGGGAG,5.453125,3363,GGGAAG,5.953125,3363,GGGAAG,5.953125,3403,GGGGAG,0.026346784085035324,3363,GGGAAG,0.1432095170021057,3362,GGGAAC,0.2882116734981537,False,False,True,-0.0010271668434143066,
10,0,34,head_3,degradation,0.99462890625,1.0019770860671997,3403,GGGGAG,5.44921875,3363,GGGAAG,5.9453125,3363,GGGAAG,5.9453125,3403,GGGGAG,0.026382965967059135,3363,GGGAAG,0.1430390179157257,3362,GGGAAC,0.2889291048049927,False,False,True,0.00020651519298553467,
10,1,34,head_3,degradation,0.99462890625,0.9971856474876404,3403,GGGGAG,5.4453125,3363,GGGAAG,5.94140625,3363,GGGAAG,5.94140625,3403,GGGGAG,0.02626667357981205,3363,GGGAAG,0.14235205948352814,3362,GGGAAC,0.28949612379074097,False,False,True,0.000165596604347229,
10,2,34,head_3,degradation,0.99462890625,0.9980457425117493,3403,GGGGAG,5.44921875,3363,GGGAAG,5.9453125,3363,GGGAAG,5.9453125,3403,GGGGAG,0.026393398642539978,3363,GGGAAG,0.14258122444152832,3362,GGGAAC,0.28852781653404236,False,False,True,0.00016455352306365967,
10,3,34,head_3,degradation,0.9892578125,0.9995541572570801,3403,GGGGAG,5.46484375,3363,GGGAAG,5.95703125,3363,GGGAAG,5.95703125,3403,GGGGAG,0.0263709407299757,3363,GGGAAG,0.14273841679096222,3362,GGGAAC,0.2894282639026642,False,False,True,9.962916374206543e-05,
10,4,34,head_3,degradation,0.9892578125,1.0045087337493896,3403,GGGGAG,5.46484375,3363,GGGAAG,5.95703125,3363,GGGAAG,5.95703125,3403,GGGGAG,0.026509128510951996,3363,GGGAAG,0.14346668124198914,3362,GGGAAC,0.28874683380126953,False,False,True,0.0001427680253982544,
10,5,34,head_3,degradation,0.99462890625,1.0024334192276,3403,GGGGAG,5.4609375,3363,GGGAAG,5.95703125,3363,GGGAAG,5.95703125,3403,GGGGAG,0.026473920792341232,3363,GGGAAG,0.14318431913852692,3362,GGGAAC,0.28829291462898254,False,False,True,-0.00014804303646087646,
10,6,34,head_3,degradation,0.99462890625,1.0000483989715576,3403,GGGGAG,5.4609375,3363,GGGAAG,5.95703125,3363,GGGAAG,5.95703125,3403,GGGGAG,0.026312295347452164,3363,GGGAAG,0.14273862540721893,3362,GGGAAC,0.28976893424987793,False,False,True,-0.0003169327974319458,
10,7,34,head_3,degradation,0.99462890625,0.9997606873512268,3403,GGGGAG,5.4609375,3363,GGGAAG,5.95703125,3363,GGGAAG,5.95703125,3403,GGGGAG,0.02634987235069275,3363,GGGAAG,0.14274194836616516,3362,GGGAAC,0.2901429235935211,False,False,True,-0.0008629262447357178,
10,8,34,head_3,degradation,0.9892578125,0.9904190301895142,3403,GGGGAG,5.453125,3363,GGGAAG,5.9453125,3363,GGGAAG,5.9453125,3403,GGGGAG,0.026232218369841576,3363,GGGAAG,0.1415117084980011,3362,GGGAAC,0.29044291377067566,False,False,True,-0.0010726600885391235,
10,9,34,head_3,degradation,1.0,1.0035359859466553,3403,GGGGAG,5.453125,3363,GGGAAG,5.953125,3363,GGGAAG,5.953125,3403,GGGGAG,0.026307592168450356,3363,GGGAAG,0.14314930140972137,3362,GGGAAC,0.288693368434906,False,False,True,-0.0012856721878051758,
10,10,34,head_3,degradation,1.0,0.9951209425926208,3403,GGGGAG,5.4375,3363,GGGAAG,5.9375,3363,GGGAAG,5.9375,3403,GGGGAG,0.026243431493639946,3363,GGGAAG,0.14208291471004486,3362,GGGAAC,0.2853037118911743,False,False,True,-0.0006797611713409424,
10,11,34,head_3,degradation,1.0107421875,1.0036848783493042,3403,GGGGAG,5.43359375,3363,GGGAAG,5.94140625,3363,GGGAAG,5.94140625,3403,GGGGAG,0.02613764815032482,3363,GGGAAG,0.14299708604812622,3362,GGGAAC,0.28477007150650024,False,False,True,0.0005758553743362427,
10,12,34,head_3,degradation,1.005859375,1.0009273290634155,3403,GGGGAG,5.4296875,3363,GGGAAG,5.93359375,3363,GGGAAG,5.93359375,3403,GGGGAG,0.026214107871055603,3363,GGGAAG,0.14274512231349945,3362,GGGAAC,0.28621384501457214,False,False,True,0.000561937689781189,
10,13,34,head_3,degradation,1.0,0.9963185787200928,3403,GGGGAG,5.4375,3363,GGGAAG,5.9375,3363,GGGAAG,5.9375,3403,GGGGAG,0.02642030082643032,3363,GGGAAG,0.14240242540836334,3362,GGGAAC,0.2898240089416504,False,False,True,0.00013716518878936768,
10,14,34,head_3,degradation,1.005859375,0.9935911297798157,3403,GGGGAG,5.4375,3363,GGGAAG,5.94140625,3363,GGGAAG,5.94140625,3403,GGGGAG,0.026248294860124588,3363,GGGAAG,0.14190557599067688,3362,GGGAAC,0.2908959686756134,False,False,True,-0.0008224546909332275,
10,15,34,head_3,degradation,0.9892578125,0.9882229566574097,3403,GGGGAG,5.4453125,3363,GGGAAG,5.9375,3363,GGGAAG,5.9375,3403,GGGGAG,0.026548946276307106,3363,GGGAAG,0.14156688749790192,3362,GGGAAC,0.2892909049987793,False,False,True,-0.0014971941709518433,
10,16,34,head_3,degradation,0.97265625,0.9851554036140442,3403,GGGGAG,5.46484375,3363,GGGAAG,5.9453125,3363,GGGAAG,5.9453125,3403,GGGGAG,0.02687240205705166,3363,GGGAAG,0.141525000333786,3362,GGGAAC,0.2883989214897156,False,False,True,0.00023524463176727295,
10,17,34,head_3,degradation,0.97802734375,0.9817972779273987,3403,GGGGAG,5.47265625,3363,GGGAAG,5.95703125,3363,GGGAAG,5.95703125,3403,GGGGAG,0.026823589578270912,3363,GGGAAG,0.1410762369632721,3362,GGGAAC,0.2894342541694641,False,False,True,-0.0012350231409072876,
10,18,34,head_3,degradation,0.97802734375,0.9883266091346741,3403,GGGGAG,5.4765625,3363,GGGAAG,5.9609375,3363,GGGAAG,5.9609375,3403,GGGGAG,0.026736067607998848,3363,GGGAAG,0.14176635444164276,3362,GGGAAC,0.289968341588974,False,False,True,-0.0007908642292022705,
10,19,34,head_3,degradation,0.9892578125,0.995410680770874,3403,GGGGAG,5.46875,3363,GGGAAG,5.9609375,3363,GGGAAG,5.9609375,3403,GGGGAG,0.026447653770446777,3363,GGGAAG,0.1423216462135315,3362,GGGAAC,0.29057157039642334,False,False,True,-0.0021845102310180664,
10,20,34,head_3,degradation,1.0166015625,1.0151300430297852,3403,GGGGAG,5.44921875,3363,GGGAAG,5.9609375,3363,GGGAAG,5.9609375,3403,GGGGAG,0.026128282770514488,3363,GGGAAG,0.1443508267402649,3362,GGGAAC,0.2886659502983093,False,False,True,-0.00011584162712097168,
10,21,34,head_3,degradation,1.0107421875,1.0134296417236328,3403,GGGGAG,5.42578125,3363,GGGAAG,5.93359375,3363,GGGAAG,5.93359375,3403,GGGGAG,0.026027226820588112,3363,GGGAAG,0.14404726028442383,3362,GGGAAC,0.2902472913265228,False,False,True,0.00024421513080596924,
10,22,34,head_3,degradation,1.0166015625,1.0442007780075073,3403,GGGGAG,5.43359375,3363,GGGAAG,5.9453125,3363,GGGAAG,5.9453125,3403,GGGGAG,0.02667209506034851,3363,GGGAAG,0.14835692942142487,3362,GGGAAC,0.29367753863334656,False,False,True,0.002807512879371643,
10,23,34,head_3,degradation,1.005859375,1.0251847505569458,3403,GGGGAG,5.4375,3363,GGGAAG,5.94140625,3363,GGGAAG,5.94140625,3403,GGGGAG,0.026548873633146286,3363,GGGAAG,0.14596892893314362,3362,GGGAAC,0.29473036527633667,False,False,True,0.0018724501132965088,
10,24,34,head_3,degradation,1.0107421875,1.0284210443496704,3403,GGGGAG,5.4609375,3363,GGGAAG,5.96875,3363,GGGAAG,5.96875,3403,GGGGAG,0.026903409510850906,3363,GGGAAG,0.1467088907957077,3362,GGGAAC,0.293578565120697,False,False,True,0.0017173439264297485,
10,25,34,head_3,degradation,0.99462890625,0.9886946082115173,3403,GGGGAG,5.4453125,3363,GGGAAG,5.94140625,3363,GGGAAG,5.94140625,3403,GGGGAG,0.026256229728460312,3363,GGGAAG,0.14133034646511078,3362,GGGAAC,0.2891868054866791,False,False,True,-0.0002856999635696411,
10,26,34,head_3,degradation,0.99462890625,0.9950144290924072,3403,GGGGAG,5.4453125,3363,GGGAAG,5.94140625,3363,GGGAAG,5.94140625,3403,GGGGAG,0.02628430910408497,3363,GGGAAG,0.14211110770702362,3362,GGGAAC,0.2884422242641449,False,False,True,6.541609764099121e-05,
10,27,34,head_3,degradation,1.0,0.9967805743217468,3403,GGGGAG,5.4375,3363,GGGAAG,5.9375,3363,GGGAAG,5.9375,3403,GGGGAG,0.026333030313253403,3363,GGGAAG,0.14237017929553986,3362,GGGAAC,0.28865960240364075,False,False,True,0.0008389949798583984,
10,28,34,head_3,degradation,1.0,0.9902254939079285,3403,GGGGAG,5.4375,3363,GGGAAG,5.9375,3363,GGGAAG,5.9375,3403,GGGGAG,0.026219606399536133,3363,GGGAAG,0.14147605001926422,3362,GGGAAC,0.28793865442276,False,False,True,0.0001170039176940918,
10,29,34,head_3,degradation,1.0,0.9892409443855286,3403,GGGGAG,5.4375,3363,GGGAAG,5.9375,3363,GGGAAG,5.9375,3403,GGGGAG,0.026425212621688843,3363,GGGAAG,0.14156439900398254,3362,GGGAAC,0.2865969240665436,False,False,True,-0.0009674429893493652,
10,30,34,head_3,degradation,0.99462890625,0.993460476398468,3403,GGGGAG,5.4453125,3363,GGGAAG,5.94140625,3363,GGGAAG,5.94140625,3403,GGGGAG,0.026511194184422493,3363,GGGAAG,0.14215292036533356,3362,GGGAAC,0.28633418679237366,False,False,True,0.000638425350189209,
10,31,34,head_3,degradation,0.9892578125,0.9848576784133911,3403,GGGGAG,5.453125,3363,GGGAAG,5.9453125,3363,GGGAAG,5.9453125,3403,GGGGAG,0.0265206266194582,3363,GGGAAG,0.1411377638578415,3362,GGGAAC,0.28897786140441895,False,False,True,-0.0002622753381729126,
10,32,34,head_3,degradation,0.97802734375,0.9879806041717529,3403,GGGGAG,5.4609375,3363,GGGAAG,5.9453125,3363,GGGAAG,5.9453125,3403,GGGGAG,0.02656622976064682,3363,GGGAAG,0.1415553092956543,3362,GGGAAC,0.2922531068325043,False,False,True,0.002188384532928467,
10,33,34,head_3,degradation,0.99462890625,1.0013316869735718,3403,GGGGAG,5.4609375,3363,GGGAAG,5.95703125,3363,GGGAAG,5.95703125,3403,GGGGAG,0.026384826749563217,3363,GGGAAG,0.14296400547027588,3362,GGGAAC,0.2926590144634247,False,False,True,0.0009737461805343628,
10,34,34,head_3,degradation,0.99462890625,1.0012437105178833,3403,GGGGAG,5.44921875,3363,GGGAAG,5.9453125,3363,GGGAAG,5.9453125,3403,GGGGAG,0.026491327211260796,3363,GGGAAG,0.14306002855300903,3362,GGGAAC,0.29023534059524536,False,False,True,0.002951294183731079,
10,35,34,head_3,degradation,0.9892578125,0.9931970238685608,3403,GGGGAG,5.453125,3363,GGGAAG,5.9453125,3363,GGGAAG,5.9453125,3403,GGGGAG,0.026572210714221,3363,GGGAAG,0.14218255877494812,3362,GGGAAC,0.2891073226928711,False,False,True,0.0005650073289871216,
10,36,34,head_3,degradation,1.0,1.0036723613739014,3403,GGGGAG,5.453125,3363,GGGAAG,5.953125,3363,GGGAAG,5.953125,3403,GGGGAG,0.02656303159892559,3363,GGGAAG,0.1434209793806076,3362,GGGAAC,0.288280725479126,False,False,True,0.0004944801330566406,
10,37,34,head_3,degradation,0.99462890625,1.0004820823669434,3403,GGGGAG,5.4609375,3363,GGGAAG,5.95703125,3363,GGGAAG,5.95703125,3403,GGGGAG,0.026710929349064827,3363,GGGAAG,0.14318892359733582,3362,GGGAAC,0.288724809885025,False,False,True,0.00012840330600738525,
10,38,34,head_3,degradation,1.0,0.9955865740776062,3403,GGGGAG,5.453125,3363,GGGAAG,5.953125,3363,GGGAAG,5.953125,3403,GGGGAG,0.026502564549446106,3363,GGGAAG,0.14239750802516937,3362,GGGAAC,0.2899467349052429,False,False,True,5.200505256652832e-06,
10,39,34,head_3,degradation,0.9892578125,0.988707423210144,3403,GGGGAG,5.453125,3363,GGGAAG,5.9453125,3363,GGGAAG,5.9453125,3403,GGGGAG,0.02634136937558651,3363,GGGAAG,0.1414170116186142,3362,GGGAAC,0.2909668982028961,False,False,True,-0.0009886622428894043,
10,40,34,head_3,degradation,0.9892578125,0.9875376224517822,3403,GGGGAG,5.453125,3363,GGGAAG,5.9453125,3363,GGGAAG,5.9453125,3403,GGGGAG,0.02625281922519207,3363,GGGAAG,0.14118914306163788,3362,GGGAAC,0.29055124521255493,False,False,True,-0.0007577389478683472,
10,41,34,head_3,degradation,1.005859375,1.001845359802246,3403,GGGGAG,5.44921875,3363,GGGAAG,5.953125,3363,GGGAAG,5.953125,3403,GGGGAG,0.026250476017594337,3363,GGGAAG,0.1428908258676529,3362,GGGAAC,0.2891146242618561,False,False,True,-0.0007585436105728149,
11,0,34,head_3,degradation,1.005859375,1.0087398290634155,3403,GGGGAG,5.44921875,3363,GGGAAG,5.953125,3363,GGGAAG,5.953125,3403,GGGGAG,0.026535315439105034,3363,GGGAAG,0.14399679005146027,3362,GGGAAC,0.2877383828163147,False,False,True,0.00042225420475006104,
11,1,34,head_3,degradation,1.005859375,1.0150597095489502,3403,GGGGAG,5.44921875,3363,GGGAAG,5.953125,3363,GGGAAG,5.953125,3403,GGGGAG,0.02667839825153351,3363,GGGAAG,0.14489257335662842,3362,GGGAAC,0.2867496907711029,False,False,True,0.0004092305898666382,
11,2,34,head_3,degradation,1.0,1.006998062133789,3403,GGGGAG,5.4453125,3363,GGGAAG,5.9453125,3363,GGGAAG,5.9453125,3403,GGGGAG,0.026526140049099922,3363,GGGAAG,0.1437801718711853,3362,GGGAAC,0.2874019742012024,False,False,True,0.0005342960357666016,
11,3,34,head_3,degradation,0.99462890625,0.9769341945648193,3403,GGGGAG,5.44921875,3363,GGGAAG,5.9453125,3363,GGGAAG,5.9453125,3403,GGGGAG,0.025524500757455826,3363,GGGAAG,0.1391979604959488,3362,GGGAAC,0.29350632429122925,False,False,True,-0.0018059760332107544,
11,4,34,head_3,degradation,1.0,0.9713233709335327,3403,GGGGAG,5.4296875,3363,GGGAAG,5.9296875,3363,GGGAAG,5.9296875,3403,GGGGAG,0.025368764996528625,3363,GGGAAG,0.1383739858865738,3362,GGGAAC,0.2935865521430969,False,False,True,-0.0008557736873626709,
11,5,34,head_3,degradation,1.0,0.9638423323631287,3403,GGGGAG,5.4296875,3363,GGGAAG,5.9296875,3363,GGGAAG,5.9296875,3403,GGGGAG,0.025324497371912003,3363,GGGAAG,0.13743872940540314,3362,GGGAAC,0.2939206659793854,False,False,True,-0.001046404242515564,
11,6,34,head_3,degradation,1.0,0.9885992407798767,3403,GGGGAG,5.46875,3363,GGGAAG,5.96875,3363,GGGAAG,5.96875,3403,GGGGAG,0.02537315897643566,3363,GGGAAG,0.14043591916561127,3362,GGGAAC,0.29775679111480713,False,False,True,-0.001579195261001587,
11,7,34,head_3,degradation,0.98388671875,0.9666696786880493,3403,GGGGAG,5.51171875,3363,GGGAAG,6.0,3363,GGGAAG,6.0,3403,GGGGAG,0.024161849170923233,3363,GGGAAG,0.13661281764507294,3362,GGGAAC,0.3073360025882721,False,False,True,-0.004304125905036926,
11,8,34,head_3,degradation,0.98388671875,0.9797257781028748,3403,GGGGAG,5.5234375,3363,GGGAAG,6.01171875,3363,GGGAAG,6.01171875,3403,GGGGAG,0.024295765906572342,3363,GGGAAG,0.13830170035362244,3362,GGGAAC,0.3057793974876404,False,False,True,-0.0034560859203338623,
11,9,34,head_3,degradation,1.0,0.9767381548881531,3403,GGGGAG,5.4765625,3363,GGGAAG,5.9765625,3363,GGGAAG,5.9765625,3403,GGGGAG,0.024674102663993835,3363,GGGAAG,0.13832421600818634,3362,GGGAAC,0.2980935275554657,False,False,True,-0.0003090798854827881,
11,10,34,head_3,degradation,0.9892578125,0.9943937659263611,3403,GGGGAG,5.46484375,3363,GGGAAG,5.95703125,3363,GGGAAG,5.95703125,3403,GGGGAG,0.026151778176426888,3363,GGGAAG,0.14190465211868286,3362,GGGAAC,0.2917965054512024,False,False,True,0.0005810856819152832,
11,11,34,head_3,degradation,0.9892578125,0.9885694980621338,3403,GGGGAG,5.46484375,3363,GGGAAG,5.95703125,3363,GGGAAG,5.95703125,3403,GGGGAG,0.026026694104075432,3363,GGGAAG,0.1410859078168869,3362,GGGAAC,0.2940662205219269,False,False,True,0.0001783519983291626,
11,12,34,head_3,degradation,0.97802734375,0.9722700119018555,3403,GGGGAG,5.4609375,3363,GGGAAG,5.9453125,3363,GGGAAG,5.9453125,3403,GGGGAG,0.026158006861805916,3363,GGGAAG,0.13927596807479858,3362,GGGAAC,0.29470324516296387,False,False,True,-0.0010092705488204956,
11,13,34,head_3,degradation,0.99462890625,0.9894726872444153,3403,GGGGAG,5.44921875,3363,GGGAAG,5.9453125,3363,GGGAAG,5.9453125,3403,GGGGAG,0.026235060766339302,3363,GGGAAG,0.14140184223651886,3362,GGGAAC,0.2898014187812805,False,False,True,0.0008123070001602173,
11,14,34,head_3,degradation,0.98388671875,0.9832509756088257,3403,GGGGAG,5.47265625,3363,GGGAAG,5.9609375,3363,GGGAAG,5.9609375,3403,GGGGAG,0.02604185976088047,3363,GGGAAG,0.14046764373779297,3362,GGGAAC,0.29182755947113037,False,False,True,-0.0009034425020217896,
11,15,34,head_3,degradation,0.9404296875,0.9653997421264648,3403,GGGGAG,5.50390625,3363,GGGAAG,5.9609375,3363,GGGAAG,5.9609375,3403,GGGGAG,0.027142465114593506,3363,GGGAAG,0.13944219052791595,3362,GGGAAC,0.28534069657325745,False,False,True,-0.004382401704788208,
11,16,34,head_3,degradation,0.95654296875,0.9803860187530518,3403,GGGGAG,5.46484375,3363,GGGAAG,5.93359375,3363,GGGAAG,5.93359375,3403,GGGGAG,0.027018487453460693,3363,GGGAAG,0.14110305905342102,3362,GGGAAC,0.28617340326309204,False,False,True,-0.004873022437095642,
11,17,34,head_3,degradation,0.95654296875,0.9827946424484253,3403,GGGGAG,5.5078125,3363,GGGAAG,5.9765625,3363,GGGAAG,5.9765625,3403,GGGGAG,0.028059078380465508,3363,GGGAAG,0.14243051409721375,3362,GGGAAC,0.27924010157585144,False,False,True,-0.007747158408164978,
11,18,34,head_3,degradation,0.97802734375,0.9970973134040833,3403,GGGGAG,5.4921875,3363,GGGAAG,5.9765625,3363,GGGAAG,5.9765625,3403,GGGGAG,0.026957551017403603,3363,GGGAAG,0.14303241670131683,3362,GGGAAC,0.28534507751464844,False,False,True,-0.005003422498703003,
11,19,34,head_3,degradation,0.97265625,0.9591805338859558,3403,GGGGAG,5.47265625,3363,GGGAAG,5.953125,3363,GGGAAG,5.953125,3403,GGGGAG,0.025248633697628975,3363,GGGAAG,0.1368076503276825,3362,GGGAAC,0.2854972779750824,False,False,True,-0.007288500666618347,
11,20,34,head_3,degradation,0.97265625,0.9588243365287781,3403,GGGGAG,5.41015625,3363,GGGAAG,5.890625,3363,GGGAAG,5.890625,3403,GGGGAG,0.02557556889951229,3363,GGGAAG,0.13709217309951782,3362,GGGAAC,0.28561124205589294,False,False,True,-0.0026481598615646362,
11,21,34,head_3,degradation,0.98388671875,0.9651213884353638,3403,GGGGAG,5.4140625,3363,GGGAAG,5.90234375,3363,GGGAAG,5.90234375,3403,GGGGAG,0.025433985516428947,3363,GGGAAG,0.13770055770874023,3362,GGGAAC,0.2839391231536865,False,False,True,-0.002519950270652771,
11,22,34,head_3,degradation,0.98388671875,0.9894946813583374,3403,GGGGAG,5.46484375,3363,GGGAAG,5.953125,3363,GGGAAG,5.953125,3403,GGGGAG,0.027109233662486076,3363,GGGAAG,0.14227864146232605,3362,GGGAAC,0.2847827076911926,False,False,True,-0.0011530667543411255,
11,23,34,head_3,degradation,1.005859375,1.0063021183013916,3403,GGGGAG,5.44921875,3363,GGGAAG,5.953125,3363,GGGAAG,5.953125,3403,GGGGAG,0.025915706530213356,3363,GGGAAG,0.14308685064315796,3362,GGGAAC,0.2880307137966156,False,False,True,-0.0020950287580490112,
11,24,34,head_3,degradation,1.0,0.9989027380943298,3403,GGGGAG,5.4453125,3363,GGGAAG,5.9453125,3363,GGGAAG,5.9453125,3403,GGGGAG,0.026076415553689003,3363,GGGAAG,0.14236630499362946,3362,GGGAAC,0.28967538475990295,False,False,True,-0.0021654069423675537,
11,25,34,head_3,degradation,1.0,1.0115944147109985,3403,GGGGAG,5.453125,3363,GGGAAG,5.953125,3363,GGGAAG,5.953125,3403,GGGGAG,0.026294788345694542,3363,GGGAAG,0.144096240401268,3362,GGGAAC,0.2887466549873352,False,False,True,-0.0009860694408416748,
11,26,34,head_3,degradation,0.99462890625,1.0017485618591309,3403,GGGGAG,5.4453125,3363,GGGAAG,5.94140625,3363,GGGAAG,5.94140625,3403,GGGGAG,0.026095809414982796,3363,GGGAAG,0.1427246332168579,3362,GGGAAC,0.2890251874923706,False,False,True,5.7503581047058105e-05,
11,27,34,head_3,degradation,0.99462890625,1.0011752843856812,3403,GGGGAG,5.4453125,3363,GGGAAG,5.94140625,3363,GGGAAG,5.94140625,3403,GGGGAG,0.02596542239189148,3363,GGGAAG,0.14252597093582153,3362,GGGAAC,0.2891518771648407,False,False,True,0.0010143667459487915,
11,28,34,head_3,degradation,0.99462890625,0.9916649460792542,3403,GGGGAG,5.44921875,3363,GGGAAG,5.9453125,3363,GGGAAG,5.9453125,3403,GGGGAG,0.02610422484576702,3363,GGGAAG,0.14153210818767548,3362,GGGAAC,0.28815385699272156,False,False,True,-0.0004984736442565918,
11,29,34,head_3,degradation,0.9892578125,0.9831750392913818,3403,GGGGAG,5.44921875,3363,GGGAAG,5.94140625,3363,GGGAAG,5.94140625,3403,GGGGAG,0.02641116827726364,3363,GGGAAG,0.14082790911197662,3362,GGGAAC,0.28557178378105164,False,False,True,-0.0006150752305984497,
11,30,34,head_3,degradation,0.9892578125,0.9773226976394653,3403,GGGGAG,5.44921875,3363,GGGAAG,5.94140625,3363,GGGAAG,5.94140625,3403,GGGGAG,0.026450352743268013,3363,GGGAAG,0.14017008244991302,3362,GGGAAC,0.28568142652511597,False,False,True,-0.0009488165378570557,
11,31,34,head_3,degradation,0.9892578125,0.9871153831481934,3403,GGGGAG,5.4453125,3363,GGGAAG,5.9375,3363,GGGAAG,5.9375,3403,GGGGAG,0.02660582959651947,3363,GGGAAG,0.1414918601512909,3362,GGGAAC,0.2847939729690552,False,False,True,0.0012043267488479614,
11,32,34,head_3,degradation,0.99462890625,0.9969558119773865,3403,GGGGAG,5.44921875,3363,GGGAAG,5.9453125,3363,GGGAAG,5.9453125,3403,GGGGAG,0.026456914842128754,3363,GGGAAG,0.1425149291753769,3362,GGGAAC,0.2856825590133667,False,False,True,0.0011661052703857422,
11,33,34,head_3,degradation,0.99462890625,0.9960461258888245,3403,GGGGAG,5.4453125,3363,GGGAAG,5.94140625,3363,GGGAAG,5.94140625,3403,GGGGAG,0.026438161730766296,3363,GGGAAG,0.14238783717155457,3362,GGGAAC,0.2868730425834656,False,False,True,0.0010931342840194702,
11,34,34,head_3,degradation,0.9892578125,0.9917680621147156,3403,GGGGAG,5.44921875,3363,GGGAAG,5.94140625,3363,GGGAAG,5.94140625,3403,GGGGAG,0.026434723287820816,3363,GGGAAG,0.14187487959861755,3362,GGGAAC,0.2880066931247711,False,False,True,0.00012439489364624023,
11,35,34,head_3,degradation,0.9892578125,0.987949013710022,3403,GGGGAG,5.4453125,3363,GGGAAG,5.9375,3363,GGGAAG,5.9375,3403,GGGGAG,0.026481185108423233,3363,GGGAAG,0.14146649837493896,3362,GGGAAC,0.2870813012123108,False,False,True,-5.8263540267944336e-05,
11,36,34,head_3,degradation,0.99462890625,0.9939145445823669,3403,GGGGAG,5.44921875,3363,GGGAAG,5.9453125,3363,GGGAAG,5.9453125,3403,GGGGAG,0.02637237124145031,3363,GGGAAG,0.14206817746162415,3362,GGGAAC,0.2879461944103241,False,False,True,-0.0008249133825302124,
11,37,34,head_3,degradation,0.99462890625,0.9910480380058289,3403,GGGGAG,5.44921875,3363,GGGAAG,5.9453125,3363,GGGAAG,5.9453125,3403,GGGGAG,0.026416080072522163,3363,GGGAAG,0.14177048206329346,3362,GGGAAC,0.2882298529148102,False,False,True,-0.0004004240036010742,
11,38,34,head_3,degradation,0.9892578125,0.9958309531211853,3403,GGGGAG,5.44921875,3363,GGGAAG,5.94140625,3363,GGGAAG,5.94140625,3403,GGGGAG,0.02642984315752983,3363,GGGAAG,0.14235389232635498,3362,GGGAAC,0.28949105739593506,False,False,True,0.0031626224517822266,
11,39,34,head_3,degradation,1.0,1.00815749168396,3403,GGGGAG,5.43359375,3363,GGGAAG,5.93359375,3363,GGGAAG,5.93359375,3403,GGGGAG,0.02645278163254261,3363,GGGAAG,0.14384490251541138,3362,GGGAAC,0.29000771045684814,False,False,True,0.004013910889625549,
11,40,34,head_3,degradation,0.9892578125,0.9971165657043457,3403,GGGGAG,5.4296875,3363,GGGAAG,5.921875,3363,GGGAAG,5.921875,3403,GGGGAG,0.026571622118353844,3363,GGGAAG,0.14264878630638123,3362,GGGAAC,0.2905160188674927,False,False,True,0.004074603319168091,
11,41,34,head_3,degradation,1.0,0.9954657554626465,3403,GGGGAG,5.43359375,3363,GGGAAG,5.93359375,3363,GGGAAG,5.93359375,3403,GGGGAG,0.0266388189047575,3363,GGGAAG,0.14251936972141266,3362,GGGAAC,0.28978776931762695,False,False,True,-0.0005563646554946899,
12,0,34,head_3,degradation,0.98388671875,0.9699192643165588,3403,GGGGAG,5.453125,3363,GGGAAG,5.94140625,3363,GGGAAG,5.94140625,3403,GGGGAG,0.02606191672384739,3363,GGGAAG,0.13889990746974945,3362,GGGAAC,0.2930745780467987,False,False,True,-0.0019610971212387085,
12,1,34,head_3,degradation,0.97802734375,0.964605987071991,3403,GGGGAG,5.453125,3363,GGGAAG,5.9375,3363,GGGAAG,5.9375,3403,GGGGAG,0.025838980451226234,3363,GGGAAG,0.13804416358470917,3362,GGGAAC,0.297108918428421,False,False,True,-0.0023655444383621216,
12,2,34,head_3,degradation,0.96728515625,0.9656440019607544,3403,GGGGAG,5.4453125,3363,GGGAAG,5.921875,3363,GGGAAG,5.921875,3403,GGGGAG,0.026125360280275345,3363,GGGAAG,0.13845416903495789,3362,GGGAAC,0.2953973114490509,False,False,True,-0.0009321123361587524,
12,3,34,head_3,degradation,0.98388671875,0.9786868095397949,3403,GGGGAG,5.4296875,3363,GGGAAG,5.91796875,3363,GGGAAG,5.91796875,3403,GGGGAG,0.026021312922239304,3363,GGGAAG,0.13990351557731628,3362,GGGAAC,0.291975736618042,False,False,True,0.00048010051250457764,
12,4,34,head_3,degradation,0.98388671875,0.9817646741867065,3403,GGGGAG,5.4453125,3363,GGGAAG,5.93359375,3363,GGGAAG,5.93359375,3403,GGGGAG,0.026255816221237183,3363,GGGAAG,0.14050458371639252,3362,GGGAAC,0.2895619571208954,False,False,True,0.00031939148902893066,
12,5,34,head_3,degradation,0.9892578125,0.9818819165229797,3403,GGGGAG,5.4609375,3363,GGGAAG,5.953125,3363,GGGAAG,5.953125,3403,GGGGAG,0.025709614157676697,3363,GGGAAG,0.13997234404087067,3362,GGGAAC,0.291353702545166,False,False,True,-0.0016563832759857178,
12,6,34,head_3,degradation,0.99462890625,0.9824226498603821,3403,GGGGAG,5.47265625,3363,GGGAAG,5.96875,3363,GGGAAG,5.96875,3403,GGGGAG,0.025355098769068718,3363,GGGAAG,0.13968223333358765,3362,GGGAAC,0.29573431611061096,False,False,True,-0.0037213414907455444,
12,7,34,head_3,degradation,0.97802734375,0.9578863978385925,3403,GGGGAG,5.421875,3363,GGGAAG,5.90625,3363,GGGAAG,5.90625,3403,GGGGAG,0.026205336675047874,3363,GGGAAG,0.13761022686958313,3362,GGGAAC,0.2893361747264862,False,False,True,-0.0014321357011795044,
12,8,34,head_3,degradation,0.97265625,0.961830735206604,3403,GGGGAG,5.4140625,3363,GGGAAG,5.89453125,3363,GGGAAG,5.89453125,3403,GGGGAG,0.026657717302441597,3363,GGGAAG,0.1385323703289032,3362,GGGAAC,0.2874163091182709,False,False,True,0.00018574297428131104,
12,9,34,head_3,degradation,0.97802734375,0.9755027890205383,3403,GGGGAG,5.4296875,3363,GGGAAG,5.9140625,3363,GGGAAG,5.9140625,3403,GGGGAG,0.02716767229139805,3363,GGGAAG,0.14067065715789795,3362,GGGAAC,0.28644803166389465,False,False,True,-0.0009344965219497681,
12,10,34,head_3,degradation,0.92919921875,0.9150035977363586,3403,GGGGAG,5.42578125,3363,GGGAAG,5.875,3363,GGGAAG,5.875,3403,GGGGAG,0.026508674025535583,3363,GGGAAG,0.13280627131462097,3362,GGGAAC,0.2998686134815216,False,False,True,-0.004417315125465393,
12,11,34,head_3,degradation,0.9345703125,0.921536922454834,3403,GGGGAG,5.41015625,3363,GGGAAG,5.86328125,3363,GGGAAG,5.86328125,3403,GGGGAG,0.026663053780794144,3363,GGGAAG,0.13373875617980957,3362,GGGAAC,0.29697510600090027,False,False,True,-0.0042313337326049805,
12,12,34,head_3,degradation,0.923828125,0.8948217630386353,3403,GGGGAG,5.3828125,3363,GGGAAG,5.828125,3363,GGGAAG,5.828125,3403,GGGGAG,0.026089798659086227,3363,GGGAAG,0.12998376786708832,3362,GGGAAC,0.29663366079330444,False,False,True,-0.0032505691051483154,
12,13,34,head_3,degradation,0.98388671875,0.9739940762519836,3403,GGGGAG,5.43359375,3363,GGGAAG,5.921875,3363,GGGAAG,5.921875,3403,GGGGAG,0.025762464851140976,3363,GGGAAG,0.1390857696533203,3362,GGGAAC,0.2900698482990265,False,False,True,-0.001729726791381836,
12,14,34,head_3,degradation,0.98388671875,0.9770818948745728,3403,GGGGAG,5.4453125,3363,GGGAAG,5.93359375,3363,GGGAAG,5.93359375,3403,GGGGAG,0.025746101513504982,3363,GGGAAG,0.13943715393543243,3362,GGGAAC,0.29355791211128235,False,False,True,-0.0021889805793762207,
12,15,34,head_3,degradation,0.97265625,0.9769613742828369,3403,GGGGAG,5.46484375,3363,GGGAAG,5.9453125,3363,GGGAAG,5.9453125,3403,GGGGAG,0.026293141767382622,3363,GGGAAG,0.1399698406457901,3362,GGGAAC,0.2932485044002533,False,False,True,-0.002979770302772522,
12,16,34,head_3,degradation,1.0166015625,0.9921349287033081,3403,GGGGAG,5.421875,3363,GGGAAG,5.93359375,3363,GGGAAG,5.93359375,3403,GGGGAG,0.02515946701169014,3363,GGGAAG,0.14064331352710724,3362,GGGAAC,0.2956909239292145,False,False,True,-0.0029289424419403076,
12,17,34,head_3,degradation,1.0107421875,0.9752485156059265,3403,GGGGAG,5.40625,3363,GGGAAG,5.9140625,3363,GGGAAG,5.9140625,3403,GGGGAG,0.024998772889375687,3363,GGGAAG,0.13847146928310394,3362,GGGAAC,0.29822421073913574,False,False,True,-0.0032587796449661255,
12,18,34,head_3,degradation,1.021484375,0.9847001433372498,3403,GGGGAG,5.3828125,3363,GGGAAG,5.8984375,3363,GGGAAG,5.8984375,3403,GGGGAG,0.025014860555529594,3363,GGGAAG,0.13961324095726013,3362,GGGAAC,0.29521411657333374,False,False,True,-0.0012497007846832275,
12,19,34,head_3,degradation,1.048828125,0.9551633596420288,3403,GGGGAG,5.28125,3363,GGGAAG,5.81640625,3363,GGGAAG,5.81640625,3403,GGGGAG,0.025685423985123634,3363,GGGAAG,0.1367660015821457,3362,GGGAAC,0.2947310209274292,False,False,True,0.002954736351966858,
12,20,34,head_3,degradation,1.0380859375,0.9481019377708435,3403,GGGGAG,5.296875,3363,GGGAAG,5.82421875,3363,GGGAAG,5.82421875,3403,GGGGAG,0.025865338742733,3363,GGGAAG,0.13610491156578064,3362,GGGAAC,0.29394257068634033,False,False,True,0.0025675296783447266,
12,21,34,head_3,degradation,1.0322265625,0.9520224928855896,3403,GGGGAG,5.33203125,3363,GGGAAG,5.85546875,3363,GGGAAG,5.85546875,3403,GGGGAG,0.02590649202466011,3363,GGGAAG,0.13661299645900726,3362,GGGAAC,0.295436292886734,False,False,True,0.002279415726661682,
12,22,34,head_3,degradation,0.9892578125,0.9975306391716003,3403,GGGGAG,5.46875,3363,GGGAAG,5.9609375,3363,GGGAAG,5.9609375,3403,GGGGAG,0.026717903092503548,3363,GGGAAG,0.14284437894821167,3362,GGGAAC,0.29179903864860535,False,False,True,-0.0003079324960708618,
12,23,34,head_3,degradation,1.005859375,1.0136659145355225,3403,GGGGAG,5.453125,3363,GGGAAG,5.95703125,3363,GGGAAG,5.95703125,3403,GGGGAG,0.02653505839407444,3363,GGGAAG,0.14458322525024414,3362,GGGAAC,0.2900144159793854,False,False,True,0.0015652179718017578,
12,24,34,head_3,degradation,1.005859375,1.0107539892196655,3403,GGGGAG,5.4296875,3363,GGGAAG,5.93359375,3363,GGGAAG,5.93359375,3403,GGGGAG,0.02630336582660675,3363,GGGAAG,0.1440047323703766,3362,GGGAAC,0.2899138033390045,False,False,True,0.0016970038414001465,
12,25,34,head_3,degradation,1.005859375,0.9987477660179138,3403,GGGGAG,5.4296875,3363,GGGAAG,5.93359375,3363,GGGAAG,5.93359375,3403,GGGGAG,0.026040151715278625,3363,GGGAAG,0.14231158792972565,3362,GGGAAC,0.2888711988925934,False,False,True,0.0015059411525726318,
12,26,34,head_3,degradation,1.0,0.9904326796531677,3403,GGGGAG,5.43359375,3363,GGGAAG,5.93359375,3363,GGGAAG,5.93359375,3403,GGGGAG,0.02602425403892994,3363,GGGAAG,0.1413053721189499,3362,GGGAAC,0.2874991297721863,False,False,True,0.0006793737411499023,
12,27,34,head_3,degradation,1.0,0.9882375001907349,3403,GGGGAG,5.4375,3363,GGGAAG,5.9375,3363,GGGAAG,5.9375,3403,GGGGAG,0.02595941163599491,3363,GGGAAG,0.1409790813922882,3362,GGGAAC,0.28731274604797363,False,False,True,-0.0007453262805938721,
12,28,34,head_3,degradation,0.9892578125,0.9778541326522827,3403,GGGGAG,5.46484375,3363,GGGAAG,5.95703125,3363,GGGAAG,5.95703125,3403,GGGGAG,0.026232847943902016,3363,GGGAAG,0.1400158703327179,3362,GGGAAC,0.28600794076919556,False,False,True,-0.004310160875320435,
12,29,34,head_3,degradation,0.97802734375,0.9612481594085693,3403,GGGGAG,5.4765625,3363,GGGAAG,5.9609375,3363,GGGAAG,5.9609375,3403,GGGGAG,0.026198621839284897,3363,GGGAAG,0.1380039006471634,3362,GGGAAC,0.2882882356643677,False,False,True,-0.007422789931297302,
12,30,34,head_3,degradation,0.97265625,0.9638769030570984,3403,GGGGAG,5.4921875,3363,GGGAAG,5.97265625,3363,GGGAAG,5.97265625,3403,GGGGAG,0.026336900889873505,3363,GGGAAG,0.13845525681972504,3362,GGGAAC,0.2884642481803894,False,False,True,-0.007139295339584351,
12,31,34,head_3,degradation,0.97265625,0.9735227227210999,3403,GGGGAG,5.48828125,3363,GGGAAG,5.96875,3363,GGGAAG,5.96875,3403,GGGGAG,0.02643594704568386,3363,GGGAAG,0.13970310986042023,3362,GGGAAC,0.29026129841804504,False,False,True,-0.005541369318962097,
12,32,34,head_3,degradation,0.97802734375,0.9753488302230835,3403,GGGGAG,5.47265625,3363,GGGAAG,5.95703125,3363,GGGAAG,5.95703125,3403,GGGGAG,0.026333210989832878,3363,GGGAAG,0.13981786370277405,3362,GGGAAC,0.2907170355319977,False,False,True,-0.004985615611076355,
12,33,34,head_3,degradation,0.97802734375,0.9753881096839905,3403,GGGGAG,5.46875,3363,GGGAAG,5.953125,3363,GGGAAG,5.953125,3403,GGGGAG,0.026410169899463654,3363,GGGAAG,0.13989949226379395,3362,GGGAAC,0.2924399673938751,False,False,True,-0.0064102113246917725,
12,34,34,head_3,degradation,0.9892578125,0.9793520569801331,3403,GGGGAG,5.453125,3363,GGGAAG,5.9453125,3363,GGGAAG,5.9453125,3403,GGGGAG,0.026165220886468887,3363,GGGAAG,0.14012664556503296,3362,GGGAAC,0.2921425998210907,False,False,True,-0.005058303475379944,
12,35,34,head_3,degradation,1.0,1.0050232410430908,3403,GGGGAG,5.4453125,3363,GGGAAG,5.9453125,3363,GGGAAG,5.9453125,3403,GGGGAG,0.02635732851922512,3363,GGGAAG,0.1433761715888977,3362,GGGAAC,0.2902914583683014,False,False,True,-0.0007157027721405029,
12,36,34,head_3,degradation,0.9892578125,0.9892280697822571,3403,GGGGAG,5.46484375,3363,GGGAAG,5.95703125,3363,GGGAAG,5.95703125,3403,GGGGAG,0.026379795745015144,3363,GGGAAG,0.14151744544506073,3362,GGGAAC,0.2917962372303009,False,False,True,-0.0003461688756942749,
12,37,34,head_3,degradation,0.97802734375,0.976759672164917,3403,GGGGAG,5.4609375,3363,GGGAAG,5.9453125,3363,GGGAAG,5.9453125,3403,GGGGAG,0.026472076773643494,3363,GGGAAG,0.14012475311756134,3362,GGGAAC,0.2922055125236511,False,False,True,-0.00019550323486328125,
12,38,34,head_3,degradation,0.9892578125,0.9639514088630676,3403,GGGGAG,5.40625,3363,GGGAAG,5.8984375,3363,GGGAAG,5.8984375,3403,GGGGAG,0.026701752096414566,3363,GGGAAG,0.13882897794246674,3362,GGGAAC,0.2882823050022125,False,False,True,-0.004127815365791321,
12,39,34,head_3,degradation,1.0,0.9694427847862244,3403,GGGGAG,5.3984375,3363,GGGAAG,5.8984375,3363,GGGAAG,5.8984375,3403,GGGGAG,0.026549097150564194,3363,GGGAAG,0.13933034241199493,3362,GGGAAC,0.28524672985076904,False,False,True,-0.0022466033697128296,
12,40,34,head_3,degradation,1.005859375,0.9647626876831055,3403,GGGGAG,5.375,3363,GGGAAG,5.87890625,3363,GGGAAG,5.87890625,3403,GGGGAG,0.02636118233203888,3363,GGGAAG,0.13858503103256226,3362,GGGAAC,0.2866669297218323,False,False,True,-0.0008991658687591553,
12,41,34,head_3,degradation,0.98388671875,0.9690114259719849,3403,GGGGAG,5.43359375,3363,GGGAAG,5.921875,3363,GGGAAG,5.921875,3403,GGGGAG,0.026168400421738625,3363,GGGAAG,0.13889826834201813,3362,GGGAAC,0.29080817103385925,False,False,True,-0.003169804811477661,
13,0,34,head_3,degradation,1.005859375,1.01255464553833,3403,GGGGAG,5.453125,3363,GGGAAG,5.95703125,3363,GGGAAG,5.95703125,3403,GGGGAG,0.026529593393206596,3363,GGGAAG,0.14444541931152344,3362,GGGAAC,0.2882211208343506,False,False,True,0.0005469918251037598,
13,1,34,head_3,degradation,1.0,1.0144143104553223,3403,GGGGAG,5.4609375,3363,GGGAAG,5.9609375,3363,GGGAAG,5.9609375,3403,GGGGAG,0.02684127353131771,3363,GGGAAG,0.1449785828590393,3362,GGGAAC,0.2874194383621216,False,False,True,0.0009517967700958252,
13,2,34,head_3,degradation,0.99462890625,1.0087683200836182,3403,GGGGAG,5.4609375,3363,GGGAAG,5.95703125,3363,GGGAAG,5.95703125,3403,GGGGAG,0.026850499212741852,3363,GGGAAG,0.14431537687778473,3362,GGGAAC,0.2872726321220398,False,False,True,0.0004007667303085327,
13,3,34,head_3,degradation,1.0,1.0064632892608643,3403,GGGGAG,5.4609375,3363,GGGAAG,5.9609375,3363,GGGAAG,5.9609375,3403,GGGGAG,0.026331894099712372,3363,GGGAAG,0.1435222327709198,3362,GGGAAC,0.2900732755661011,False,False,True,-0.0003343820571899414,
13,4,34,head_3,degradation,0.99462890625,0.9998632669448853,3403,GGGGAG,5.46484375,3363,GGGAAG,5.9609375,3363,GGGAAG,5.9609375,3403,GGGGAG,0.026267491281032562,3363,GGGAAG,0.14267177879810333,3362,GGGAAC,0.29129084944725037,False,False,True,-0.0011903196573257446,
13,5,34,head_3,degradation,0.99462890625,1.000834584236145,3403,GGGGAG,5.47265625,3363,GGGAAG,5.96875,3363,GGGAAG,5.96875,3403,GGGGAG,0.026121661067008972,3363,GGGAAG,0.14264163374900818,3362,GGGAAC,0.2922442555427551,False,False,True,-0.0018955618143081665,
13,6,34,head_3,degradation,0.99462890625,1.0025887489318848,3403,GGGGAG,5.47265625,3363,GGGAAG,5.96875,3363,GGGAAG,5.96875,3403,GGGGAG,0.026408329606056213,3363,GGGAAG,0.14313721656799316,3362,GGGAAC,0.2905071973800659,False,False,True,-0.0011175572872161865,
13,7,34,head_3,degradation,0.97802734375,1.007879376411438,3403,GGGGAG,5.47265625,3363,GGGAAG,5.95703125,3363,GGGAAG,5.95703125,3403,GGGGAG,0.026683920994400978,3363,GGGAAG,0.14404292404651642,3362,GGGAAC,0.2930331826210022,False,False,True,-0.0018108487129211426,
13,8,34,head_3,degradation,0.98388671875,1.0154824256896973,3403,GGGGAG,5.46484375,3363,GGGAAG,5.953125,3363,GGGAAG,5.953125,3403,GGGGAG,0.026811381801962852,3363,GGGAAG,0.14507590234279633,3362,GGGAAC,0.2923600971698761,False,False,True,-0.0009440481662750244,
13,9,34,head_3,degradation,0.98388671875,1.0273023843765259,3403,GGGGAG,5.46484375,3363,GGGAAG,5.953125,3363,GGGAAG,5.953125,3403,GGGGAG,0.02688554674386978,3363,GGGAAG,0.14655780792236328,3362,GGGAAC,0.29081636667251587,False,False,True,-0.0014868378639221191,
13,10,34,head_3,degradation,1.005859375,1.0151469707489014,3403,GGGGAG,5.46875,3363,GGGAAG,5.97265625,3363,GGGAAG,5.97265625,3403,GGGGAG,0.0272190123796463,3363,GGGAAG,0.14544357359409332,3362,GGGAAC,0.28414833545684814,False,False,True,0.001098036766052246,
13,11,34,head_3,degradation,1.005859375,1.0112229585647583,3403,GGGGAG,5.46484375,3363,GGGAAG,5.96875,3363,GGGAAG,5.96875,3403,GGGGAG,0.027137890458106995,3363,GGGAAG,0.14489510655403137,3362,GGGAAC,0.2840806841850281,False,False,True,0.001209840178489685,
13,12,34,head_3,degradation,1.0166015625,1.0201517343521118,3403,GGGGAG,5.4609375,3363,GGGAAG,5.97265625,3363,GGGAAG,5.97265625,3403,GGGGAG,0.026901181787252426,3363,GGGAAG,0.14572180807590485,3362,GGGAAC,0.28338301181793213,False,False,True,0.0010824054479599,
13,13,34,head_3,degradation,0.9892578125,1.0067813396453857,3403,GGGGAG,5.4609375,3363,GGGAAG,5.953125,3363,GGGAAG,5.953125,3403,GGGGAG,0.02671366184949875,3363,GGGAAG,0.14394187927246094,3362,GGGAAC,0.28669095039367676,False,False,True,-0.0005824863910675049,
13,14,34,head_3,degradation,0.99462890625,1.0118902921676636,3403,GGGGAG,5.4609375,3363,GGGAAG,5.95703125,3363,GGGAAG,5.95703125,3403,GGGGAG,0.026739904657006264,3363,GGGAAG,0.14457659423351288,3362,GGGAAC,0.28659623861312866,False,False,True,-0.0005824565887451172,
13,15,34,head_3,degradation,0.9892578125,0.9982098937034607,3403,GGGGAG,5.453125,3363,GGGAAG,5.9453125,3363,GGGAAG,5.9453125,3403,GGGGAG,0.026458723470568657,3363,GGGAAG,0.14266610145568848,3362,GGGAAC,0.2906798720359802,False,False,True,-0.0002579241991043091,
13,16,34,head_3,degradation,1.0107421875,1.010038137435913,3403,GGGGAG,5.4375,3363,GGGAAG,5.9453125,3363,GGGAAG,5.9453125,3403,GGGGAG,0.026041768491268158,3363,GGGAAG,0.1436578780412674,3362,GGGAAC,0.2918176054954529,False,False,True,-0.00043255090713500977,
13,17,34,head_3,degradation,0.99462890625,1.0094250440597534,3403,GGGGAG,5.44921875,3363,GGGAAG,5.9453125,3363,GGGAAG,5.9453125,3403,GGGGAG,0.02620678022503853,3363,GGGAAG,0.14374986290931702,3362,GGGAAC,0.29063090682029724,False,False,True,-0.0006280690431594849,
13,18,34,head_3,degradation,1.0107421875,1.0206973552703857,3403,GGGGAG,5.4453125,3363,GGGAAG,5.953125,3363,GGGAAG,5.953125,3403,GGGGAG,0.02634003385901451,3363,GGGAAG,0.1452256441116333,3362,GGGAAC,0.2870582640171051,False,False,True,-0.0005174875259399414,
13,19,34,head_3,degradation,0.9892578125,0.9909431338310242,3403,GGGGAG,5.4609375,3363,GGGAAG,5.953125,3363,GGGAAG,5.953125,3403,GGGGAG,0.02579004503786564,3363,GGGAAG,0.1411319524049759,3362,GGGAAC,0.28653791546821594,False,False,True,-7.864832878112793e-05,
13,20,34,head_3,degradation,0.9892578125,0.9884440302848816,3403,GGGGAG,5.4609375,3363,GGGAAG,5.953125,3363,GGGAAG,5.953125,3403,GGGGAG,0.026115039363503456,3363,GGGAAG,0.1411593109369278,3362,GGGAAC,0.2891322672367096,False,False,True,-0.00048051774501800537,
13,21,34,head_3,degradation,0.9892578125,0.9799917936325073,3403,GGGGAG,5.4609375,3363,GGGAAG,5.953125,3363,GGGAAG,5.953125,3403,GGGGAG,0.02592533826828003,3363,GGGAAG,0.13996295630931854,3362,GGGAAC,0.28946423530578613,False,False,True,-0.0010881274938583374,
13,22,34,head_3,degradation,0.99462890625,0.9989569187164307,3403,GGGGAG,5.4609375,3363,GGGAAG,5.95703125,3363,GGGAAG,5.95703125,3403,GGGGAG,0.026601336896419525,3363,GGGAAG,0.14289768040180206,3362,GGGAAC,0.2905037999153137,False,False,True,-0.0011115670204162598,
13,23,34,head_3,degradation,0.99462890625,1.0004020929336548,3403,GGGGAG,5.4609375,3363,GGGAAG,5.95703125,3363,GGGAAG,5.95703125,3403,GGGGAG,0.02657587081193924,3363,GGGAAG,0.1430443376302719,3362,GGGAAC,0.2869538962841034,False,False,True,-0.0011206865310668945,
13,24,34,head_3,degradation,1.005859375,1.008252501487732,3403,GGGGAG,5.453125,3363,GGGAAG,5.95703125,3363,GGGAAG,5.95703125,3403,GGGGAG,0.026569390669465065,3363,GGGAAG,0.14397282898426056,3362,GGGAAC,0.28843772411346436,False,False,True,-0.0003669857978820801,
13,25,34,head_3,degradation,0.99462890625,0.9994903206825256,3403,GGGGAG,5.4453125,3363,GGGAAG,5.94140625,3363,GGGAAG,5.94140625,3403,GGGGAG,0.026130646467208862,3363,GGGAAG,0.14249052107334137,3362,GGGAAC,0.29230910539627075,False,False,True,0.0009579360485076904,
13,26,34,head_3,degradation,0.9892578125,0.9976539611816406,3403,GGGGAG,5.44921875,3363,GGGAAG,5.94140625,3363,GGGAAG,5.94140625,3403,GGGGAG,0.025947431102395058,3363,GGGAAG,0.14208859205245972,3362,GGGAAC,0.2940666973590851,False,False,True,0.002145901322364807,
13,27,34,head_3,degradation,1.0,0.9919694662094116,3403,GGGGAG,5.4375,3363,GGGAAG,5.9375,3363,GGGAAG,5.9375,3403,GGGGAG,0.025545289739966393,3363,GGGAAG,0.14100943505764008,3362,GGGAAC,0.29453083872795105,False,False,True,0.002561613917350769,
13,28,34,head_3,degradation,0.9892578125,0.9812232255935669,3403,GGGGAG,5.44921875,3363,GGGAAG,5.94140625,3363,GGGAAG,5.94140625,3403,GGGGAG,0.025811873376369476,3363,GGGAAG,0.13999615609645844,3362,GGGAAC,0.2942943871021271,False,False,True,0.0015082210302352905,
13,29,34,head_3,degradation,0.9892578125,0.9730573892593384,3403,GGGGAG,5.4453125,3363,GGGAAG,5.9375,3363,GGGAAG,5.9375,3403,GGGGAG,0.025387126952409744,3363,GGGAAG,0.13859885931015015,3362,GGGAAC,0.2932526469230652,False,False,True,0.0016627609729766846,
13,30,34,head_3,degradation,0.9892578125,0.9785237908363342,3403,GGGGAG,5.4453125,3363,GGGAAG,5.9375,3363,GGGAAG,5.9375,3403,GGGGAG,0.02536824345588684,3363,GGGAAG,0.13923102617263794,3362,GGGAAC,0.2924002707004547,False,False,True,0.0023285895586013794,
13,31,34,head_3,degradation,0.9892578125,0.9879740476608276,3403,GGGGAG,5.4453125,3363,GGGAAG,5.9375,3363,GGGAAG,5.9375,3403,GGGGAG,0.02545708604156971,3363,GGGAAG,0.14044538140296936,3362,GGGAAC,0.2898111343383789,False,False,True,0.003149762749671936,
13,32,34,head_3,degradation,0.99462890625,0.9981791377067566,3403,GGGGAG,5.4453125,3363,GGGAAG,5.94140625,3363,GGGAAG,5.94140625,3403,GGGGAG,0.025834795087575912,3363,GGGAAG,0.1420385092496872,3362,GGGAAC,0.2899802029132843,False,False,True,0.001027226448059082,
13,33,34,head_3,degradation,0.99462890625,0.9951077103614807,3403,GGGGAG,5.4453125,3363,GGGAAG,5.94140625,3363,GGGAAG,5.94140625,3403,GGGGAG,0.026353364810347557,3363,GGGAAG,0.14219127595424652,3362,GGGAAC,0.2861537039279938,False,False,True,2.8118491172790527e-05,
13,34,34,head_3,degradation,0.9892578125,0.9875136017799377,3403,GGGGAG,5.4453125,3363,GGGAAG,5.9375,3363,GGGAAG,5.9375,3403,GGGGAG,0.02637997642159462,3363,GGGAAG,0.14131343364715576,3362,GGGAAC,0.28633779287338257,False,False,True,-0.000980973243713379,
13,35,34,head_3,degradation,0.9892578125,0.9892880916595459,3403,GGGGAG,5.44921875,3363,GGGAAG,5.94140625,3363,GGGAAG,5.94140625,3403,GGGGAG,0.02657773345708847,3363,GGGAAG,0.14172253012657166,3362,GGGAAC,0.2866632640361786,False,False,True,-0.00012852251529693604,
13,36,34,head_3,degradation,0.9892578125,0.9863125681877136,3403,GGGGAG,5.453125,3363,GGGAAG,5.9453125,3363,GGGAAG,5.9453125,3403,GGGGAG,0.026079868897795677,3363,GGGAAG,0.14087028801441193,3362,GGGAAC,0.29120737314224243,False,False,True,-0.0002910047769546509,
13,37,34,head_3,degradation,0.9892578125,0.9854597449302673,3403,GGGGAG,5.4609375,3363,GGGAAG,5.953125,3363,GGGAAG,5.953125,3403,GGGGAG,0.026134999468922615,3363,GGGAAG,0.1408238410949707,3362,GGGAAC,0.2916315495967865,False,False,True,-0.00038117170333862305,
13,38,34,head_3,degradation,0.99462890625,0.9861809015274048,3403,GGGGAG,5.44921875,3363,GGGAAG,5.9453125,3363,GGGAAG,5.9453125,3403,GGGGAG,0.025933701545000076,3363,GGGAAG,0.14070843160152435,3362,GGGAAC,0.28886476159095764,False,False,True,0.0022245198488235474,
13,39,34,head_3,degradation,0.99462890625,0.980814516544342,3403,GGGGAG,5.4375,3363,GGGAAG,5.93359375,3363,GGGAAG,5.93359375,3403,GGGGAG,0.02614089474081993,3363,GGGAAG,0.14027650654315948,3362,GGGAAC,0.28855863213539124,False,False,True,0.0018363893032073975,
13,40,34,head_3,degradation,0.99462890625,0.9827983975410461,3403,GGGGAG,5.4375,3363,GGGAAG,5.93359375,3363,GGGAAG,5.93359375,3403,GGGGAG,0.026245176792144775,3363,GGGAAG,0.14061705768108368,3362,GGGAAC,0.28799962997436523,False,False,True,0.0016903579235076904,
13,41,34,head_3,degradation,1.0,0.9929391741752625,3403,GGGGAG,5.4296875,3363,GGGAAG,5.9296875,3363,GGGAAG,5.9296875,3403,GGGGAG,0.026621056720614433,3363,GGGAAG,0.14220069348812103,3362,GGGAAC,0.28615084290504456,False,False,True,0.002207636833190918,
14,0,34,head_3,degradation,0.99462890625,0.9980294704437256,3403,GGGGAG,5.44921875,3363,GGGAAG,5.9453125,3363,GGGAAG,5.9453125,3403,GGGGAG,0.026495497673749924,3363,GGGAAG,0.14268139004707336,3362,GGGAAC,0.28948044776916504,False,False,True,0.00033932924270629883,
14,1,34,head_3,degradation,1.005859375,0.9980951547622681,3403,GGGGAG,5.4375,3363,GGGAAG,5.94140625,3363,GGGAAG,5.94140625,3403,GGGGAG,0.026276927441358566,3363,GGGAAG,0.14247064292430878,3362,GGGAAC,0.29050761461257935,False,False,True,-0.00015272200107574463,
14,2,34,head_3,degradation,1.0,0.9948227405548096,3403,GGGGAG,5.4375,3363,GGGAAG,5.9375,3363,GGGAAG,5.9375,3403,GGGGAG,0.026318520307540894,3363,GGGAAG,0.14212249219417572,3362,GGGAAC,0.28912633657455444,False,False,True,0.0002495497465133667,
14,3,34,head_3,degradation,0.9892578125,0.9829908609390259,3403,GGGGAG,5.4453125,3363,GGGAAG,5.9375,3363,GGGAAG,5.9375,3403,GGGGAG,0.026181600987911224,3363,GGGAAG,0.14057640731334686,3362,GGGAAC,0.28993111848831177,False,False,True,0.00043192505836486816,
14,4,34,head_3,degradation,0.98388671875,0.9855082631111145,3403,GGGGAG,5.44921875,3363,GGGAAG,5.9375,3363,GGGAAG,5.9375,3403,GGGGAG,0.026328127831220627,3363,GGGAAG,0.14102275669574738,3362,GGGAAC,0.28898924589157104,False,False,True,0.0007078647613525391,
14,5,34,head_3,degradation,0.98388671875,0.9869312047958374,3403,GGGGAG,5.4453125,3363,GGGAAG,5.93359375,3363,GGGAAG,5.93359375,3403,GGGGAG,0.026526886969804764,3363,GGGAAG,0.14139097929000854,3362,GGGAAC,0.28737497329711914,False,False,True,0.0009687989950180054,
14,6,34,head_3,degradation,0.9892578125,0.9944810271263123,3403,GGGGAG,5.4453125,3363,GGGAAG,5.9375,3363,GGGAAG,5.9375,3403,GGGGAG,0.026137985289096832,3363,GGGAAG,0.14190125465393066,3362,GGGAAC,0.288187712430954,False,False,True,0.001573115587234497,
14,7,34,head_3,degradation,1.0,1.0003012418746948,3403,GGGGAG,5.453125,3363,GGGAAG,5.953125,3363,GGGAAG,5.953125,3403,GGGGAG,0.0259843822568655,3363,GGGAAG,0.14244084060192108,3362,GGGAAC,0.2910235524177551,False,False,True,0.0018444955348968506,
14,8,34,head_3,degradation,0.99462890625,0.9969901442527771,3403,GGGGAG,5.46484375,3363,GGGAAG,5.9609375,3363,GGGAAG,5.9609375,3403,GGGGAG,0.025817755609750748,3363,GGGAAG,0.1418798565864563,3362,GGGAAC,0.2928382456302643,False,False,True,0.0016874074935913086,
14,9,34,head_3,degradation,0.97802734375,0.9904365539550781,3403,GGGGAG,5.4609375,3363,GGGAAG,5.9453125,3363,GGGAAG,5.9453125,3403,GGGGAG,0.026149321347475052,3363,GGGAAG,0.14143089950084686,3362,GGGAAC,0.29013535380363464,False,False,True,0.0005784779787063599,
14,10,34,head_3,degradation,0.9892578125,1.0148565769195557,3403,GGGGAG,5.44921875,3363,GGGAAG,5.94140625,3363,GGGAAG,5.94140625,3403,GGGGAG,0.02633822150528431,3363,GGGAAG,0.14452819526195526,3362,GGGAAC,0.28666210174560547,False,False,True,-0.00018043816089630127,
14,11,34,head_3,degradation,0.98388671875,1.0156091451644897,3403,GGGGAG,5.44921875,3363,GGGAAG,5.9375,3363,GGGAAG,5.9375,3403,GGGGAG,0.026447398588061333,3363,GGGAAG,0.14472700655460358,3362,GGGAAC,0.28782397508621216,False,False,True,-0.0017838627099990845,
14,12,34,head_3,degradation,1.005859375,1.0103061199188232,3403,GGGGAG,5.44921875,3363,GGGAAG,5.953125,3363,GGGAAG,5.953125,3403,GGGGAG,0.0264718160033226,3363,GGGAAG,0.14411984384059906,3362,GGGAAC,0.2906285226345062,False,False,True,-0.0016847103834152222,
14,13,34,head_3,degradation,1.005859375,0.9962555766105652,3403,GGGGAG,5.4375,3363,GGGAAG,5.94140625,3363,GGGAAG,5.94140625,3403,GGGGAG,0.026216093450784683,3363,GGGAAG,0.14219070971012115,3362,GGGAAC,0.2896096110343933,False,False,True,-0.0015250444412231445,
14,14,34,head_3,degradation,0.99462890625,0.9801928400993347,3403,GGGGAG,5.44921875,3363,GGGAAG,5.9453125,3363,GGGAAG,5.9453125,3403,GGGGAG,0.02625710889697075,3363,GGGAAG,0.14031867682933807,3362,GGGAAC,0.2893862724304199,False,False,True,-0.0015841424465179443,
14,15,34,head_3,degradation,1.005859375,1.0193990468978882,3403,GGGGAG,5.453125,3363,GGGAAG,5.95703125,3363,GGGAAG,5.95703125,3403,GGGGAG,0.025990772992372513,3363,GGGAAG,0.14472174644470215,3362,GGGAAC,0.28827062249183655,False,False,True,-0.0008389502763748169,
14,16,34,head_3,degradation,0.97265625,0.9910120964050293,3403,GGGGAG,5.453125,3363,GGGAAG,5.93359375,3363,GGGAAG,5.93359375,3403,GGGGAG,0.026455756276845932,3363,GGGAAG,0.14180588722229004,3362,GGGAAC,0.2893860638141632,False,False,True,-0.001211404800415039,
14,17,34,head_3,degradation,0.97802734375,0.9859695434570312,3403,GGGGAG,5.453125,3363,GGGAAG,5.9375,3363,GGGAAG,5.9375,3403,GGGGAG,0.025122493505477905,3363,GGGAAG,0.13987205922603607,3362,GGGAAC,0.2928737699985504,False,False,True,-0.0005541145801544189,
14,18,34,head_3,degradation,0.96728515625,0.9549816250801086,3403,GGGGAG,5.4140625,3363,GGGAAG,5.890625,3363,GGGAAG,5.890625,3403,GGGGAG,0.02502661570906639,3363,GGGAAG,0.13608555495738983,3362,GGGAAC,0.2934839725494385,False,False,True,-0.002074509859085083,
14,19,34,head_3,degradation,0.97265625,0.9471245408058167,3403,GGGGAG,5.41015625,3363,GGGAAG,5.890625,3363,GGGAAG,5.890625,3403,GGGGAG,0.02493346482515335,3363,GGGAAG,0.13505662977695465,3362,GGGAAC,0.2948647737503052,False,False,True,-0.00222170352935791,
14,20,34,head_3,degradation,0.99462890625,0.9759487509727478,3403,GGGGAG,5.39453125,3363,GGGAAG,5.890625,3363,GGGAAG,5.890625,3403,GGGGAG,0.026899926364421844,3363,GGGAAG,0.14045602083206177,3362,GGGAAC,0.29003217816352844,False,False,True,-0.001949697732925415,
14,21,34,head_3,degradation,0.99462890625,0.9830690622329712,3403,GGGGAG,5.4375,3363,GGGAAG,5.93359375,3363,GGGAAG,5.93359375,3403,GGGGAG,0.027549156919121742,3363,GGGAAG,0.1419532746076584,3362,GGGAAC,0.29023104906082153,False,False,True,-0.002390071749687195,
14,22,34,head_3,degradation,1.0,1.003150463104248,3403,GGGGAG,5.453125,3363,GGGAAG,5.953125,3363,GGGAAG,5.953125,3403,GGGGAG,0.027272343635559082,3363,GGGAAG,0.1440681368112564,3362,GGGAAC,0.2890870273113251,False,False,True,-0.0018867552280426025,
14,23,34,head_3,degradation,0.9892578125,0.9840863347053528,3403,GGGGAG,5.46484375,3363,GGGAAG,5.95703125,3363,GGGAAG,5.95703125,3403,GGGGAG,0.026385145261883736,3363,GGGAAG,0.14091041684150696,3362,GGGAAC,0.2911170721054077,False,False,True,-0.0015459656715393066,
14,24,34,head_3,degradation,0.99462890625,0.9895113706588745,3403,GGGGAG,5.4609375,3363,GGGAAG,5.95703125,3363,GGGAAG,5.95703125,3403,GGGGAG,0.02625824138522148,3363,GGGAAG,0.14142963290214539,3362,GGGAAC,0.2890280783176422,False,False,True,-0.0011097341775894165,
14,25,34,head_3,degradation,0.99462890625,0.9845653176307678,3403,GGGGAG,5.4609375,3363,GGGAAG,5.95703125,3363,GGGAAG,5.95703125,3403,GGGGAG,0.025996064767241478,3363,GGGAAG,0.14057838916778564,3362,GGGAAC,0.29044440388679504,False,False,True,-0.0012898147106170654,
14,26,34,head_3,degradation,1.0,0.9845560193061829,3403,GGGGAG,5.453125,3363,GGGAAG,5.953125,3363,GGGAAG,5.953125,3403,GGGGAG,0.025971006602048874,3363,GGGAAG,0.14055222272872925,3362,GGGAAC,0.28846922516822815,False,False,True,-0.0035559535026550293,
14,27,34,head_3,degradation,0.99462890625,0.9798985719680786,3403,GGGGAG,5.44921875,3363,GGGAAG,5.9453125,3363,GGGAAG,5.9453125,3403,GGGGAG,0.025884974747896194,3363,GGGAAG,0.139911487698555,3362,GGGAAC,0.29024216532707214,False,False,True,-0.0022190064191818237,
14,28,34,head_3,degradation,1.0,0.9820539355278015,3403,GGGGAG,5.453125,3363,GGGAAG,5.953125,3363,GGGAAG,5.953125,3403,GGGGAG,0.026164891198277473,3363,GGGAAG,0.14044810831546783,3362,GGGAAC,0.28828635811805725,False,False,True,-0.0021089762449264526,
14,29,34,head_3,degradation,1.0,0.9842056632041931,3403,GGGGAG,5.453125,3363,GGGAAG,5.953125,3363,GGGAAG,5.953125,3403,GGGGAG,0.026151390746235847,3363,GGGAAG,0.140690878033638,3362,GGGAAC,0.2893006503582001,False,False,True,-0.0005660355091094971,
14,30,34,head_3,degradation,0.98388671875,0.9759432673454285,3403,GGGGAG,5.46484375,3363,GGGAAG,5.953125,3363,GGGAAG,5.953125,3403,GGGGAG,0.026436494663357735,3363,GGGAAG,0.13999193906784058,3362,GGGAAC,0.2890474200248718,False,False,True,-0.0015070438385009766,
14,31,34,head_3,degradation,0.9892578125,0.9854789972305298,3403,GGGGAG,5.4609375,3363,GGGAAG,5.953125,3363,GGGAAG,5.953125,3403,GGGGAG,0.026245970278978348,3363,GGGAAG,0.14093710482120514,3362,GGGAAC,0.28892388939857483,False,False,True,-0.000795021653175354,
14,32,34,head_3,degradation,0.9892578125,0.9840956926345825,3403,GGGGAG,5.453125,3363,GGGAAG,5.9453125,3363,GGGAAG,5.9453125,3403,GGGGAG,0.026104822754859924,3363,GGGAAG,0.14063121378421783,3362,GGGAAC,0.28812527656555176,False,False,True,0.0006834566593170166,
14,33,34,head_3,degradation,0.99462890625,0.9923667907714844,3403,GGGGAG,5.44921875,3363,GGGAAG,5.9453125,3363,GGGAAG,5.9453125,3403,GGGGAG,0.02619018591940403,3363,GGGAAG,0.14170165359973907,3362,GGGAAC,0.2877384424209595,False,False,True,0.0017102360725402832,
14,34,34,head_3,degradation,0.99462890625,0.9949221014976501,3403,GGGGAG,5.44921875,3363,GGGAAG,5.9453125,3363,GGGAAG,5.9453125,3403,GGGGAG,0.02632121369242668,3363,GGGAAG,0.14213702082633972,3362,GGGAAC,0.28741395473480225,False,False,True,0.001261383295059204,
14,35,34,head_3,degradation,0.9892578125,0.9915804862976074,3403,GGGGAG,5.4609375,3363,GGGAAG,5.953125,3363,GGGAAG,5.953125,3403,GGGGAG,0.02637515775859356,3363,GGGAAG,0.14179298281669617,3362,GGGAAC,0.28957614302635193,False,False,True,-0.001713395118713379,
14,36,34,head_3,degradation,0.98388671875,0.9909345507621765,3403,GGGGAG,5.453125,3363,GGGAAG,5.94140625,3363,GGGAAG,5.94140625,3403,GGGGAG,0.02641545608639717,3363,GGGAAG,0.1417563408613205,3362,GGGAAC,0.28844305872917175,False,False,True,-0.0023424625396728516,
14,37,34,head_3,degradation,0.98388671875,0.9896723628044128,3403,GGGGAG,5.453125,3363,GGGAAG,5.94140625,3363,GGGAAG,5.94140625,3403,GGGGAG,0.026464803144335747,3363,GGGAAG,0.14165537059307098,3362,GGGAAC,0.28819364309310913,False,False,True,-0.003196999430656433,
14,38,34,head_3,degradation,0.98388671875,0.9939776062965393,3403,GGGGAG,5.453125,3363,GGGAAG,5.94140625,3363,GGGAAG,5.94140625,3403,GGGGAG,0.026479093357920647,3363,GGGAAG,0.14218240976333618,3362,GGGAAC,0.28856053948402405,False,False,True,-0.0011745095252990723,
14,39,34,head_3,degradation,0.99462890625,0.9983046054840088,3403,GGGGAG,5.44921875,3363,GGGAAG,5.9453125,3363,GGGAAG,5.9453125,3403,GGGGAG,0.02636483684182167,3363,GGGAAG,0.14258348941802979,3362,GGGAAC,0.29001104831695557,False,False,True,-0.0007873475551605225,
14,40,34,head_3,degradation,0.99462890625,1.0015182495117188,3403,GGGGAG,5.44921875,3363,GGGAAG,5.9453125,3363,GGGAAG,5.9453125,3403,GGGGAG,0.02626919560134411,3363,GGGAAG,0.14287059009075165,3362,GGGAAC,0.29006341099739075,False,False,True,-0.0007073879241943359,
14,41,34,head_3,degradation,0.99462890625,0.9948030114173889,3403,GGGGAG,5.44921875,3363,GGGAAG,5.9453125,3363,GGGAAG,5.9453125,3403,GGGGAG,0.0261212307959795,3363,GGGAAG,0.14192284643650055,3362,GGGAAC,0.2889097034931183,False,False,True,-0.0038321316242218018,
15,0,34,head_3,degradation,0.99462890625,0.9953130483627319,3403,GGGGAG,5.44921875,3363,GGGAAG,5.9453125,3363,GGGAAG,5.9453125,3403,GGGGAG,0.026135914027690887,3363,GGGAAG,0.1419982761144638,3362,GGGAAC,0.2907841205596924,False,False,True,-0.0005185157060623169,
15,1,34,head_3,degradation,0.99462890625,0.9937043786048889,3403,GGGGAG,5.44921875,3363,GGGAAG,5.9453125,3363,GGGAAG,5.9453125,3403,GGGGAG,0.02606440894305706,3363,GGGAAG,0.14173518121242523,3362,GGGAAC,0.29099035263061523,False,False,True,-0.0007107555866241455,
15,2,34,head_3,degradation,1.0,0.9987376928329468,3403,GGGGAG,5.453125,3363,GGGAAG,5.953125,3363,GGGAAG,5.953125,3403,GGGGAG,0.026155447587370872,3363,GGGAAG,0.14242568612098694,3362,GGGAAC,0.2898758053779602,False,False,True,-0.0007298588752746582,
15,3,34,head_3,degradation,1.0,1.0013794898986816,3403,GGGGAG,5.453125,3363,GGGAAG,5.953125,3363,GGGAAG,5.953125,3403,GGGGAG,0.026273826137185097,3363,GGGAAG,0.14285869896411896,3362,GGGAAC,0.28953519463539124,False,False,True,-0.0007482320070266724,
15,4,34,head_3,degradation,1.005859375,1.0039950609207153,3403,GGGGAG,5.44921875,3363,GGGAAG,5.953125,3363,GGGAAG,5.953125,3403,GGGGAG,0.02630268968641758,3363,GGGAAG,0.14319907128810883,3362,GGGAAC,0.2897029221057892,False,False,True,-0.0007315874099731445,
15,5,34,head_3,degradation,1.005859375,1.004725456237793,3403,GGGGAG,5.44921875,3363,GGGAAG,5.953125,3363,GGGAAG,5.953125,3403,GGGGAG,0.0263375211507082,3363,GGGAAG,0.14332088828086853,3362,GGGAAC,0.2894631326198578,False,False,True,-0.0007308274507522583,
15,6,34,head_3,degradation,1.0,1.0028880834579468,3403,GGGGAG,5.453125,3363,GGGAAG,5.953125,3363,GGGAAG,5.953125,3403,GGGGAG,0.026423316448926926,3363,GGGAAG,0.14318786561489105,3362,GGGAAC,0.2890091836452484,False,False,True,-0.0006738901138305664,
15,7,34,head_3,degradation,1.005859375,1.0026079416275024,3403,GGGGAG,5.44921875,3363,GGGAAG,5.953125,3363,GGGAAG,5.953125,3403,GGGGAG,0.02637576498091221,3363,GGGAAG,0.14310693740844727,3362,GGGAAC,0.28849783539772034,False,False,True,-0.0007787495851516724,
15,8,34,head_3,degradation,1.005859375,1.0025982856750488,3403,GGGGAG,5.44921875,3363,GGGAAG,5.953125,3363,GGGAAG,5.953125,3403,GGGGAG,0.026376985013484955,3363,GGGAAG,0.14310701191425323,3362,GGGAAC,0.28852880001068115,False,False,True,-0.0005400478839874268,
15,9,34,head_3,degradation,0.99462890625,0.9924578070640564,3403,GGGGAG,5.44921875,3363,GGGAAG,5.9453125,3363,GGGAAG,5.9453125,3403,GGGGAG,0.026409922167658806,3363,GGGAAG,0.14193223416805267,3362,GGGAAC,0.289604127407074,False,False,True,-0.00017292797565460205,
15,10,34,head_3,degradation,1.0107421875,0.9972922205924988,3403,GGGGAG,5.453125,3363,GGGAAG,5.9609375,3363,GGGAAG,5.9609375,3403,GGGGAG,0.02581997960805893,3363,GGGAAG,0.14191806316375732,3362,GGGAAC,0.2935793399810791,False,False,True,-0.00019975006580352783,
15,11,34,head_3,degradation,1.0107421875,0.9951081275939941,3403,GGGGAG,5.453125,3363,GGGAAG,5.9609375,3363,GGGAAG,5.9609375,3403,GGGGAG,0.025705020874738693,3363,GGGAAG,0.14154298603534698,3362,GGGAAC,0.29404813051223755,False,False,True,-1.3306736946105957e-05,
15,12,34,head_3,degradation,1.0107421875,1.0194236040115356,3403,GGGGAG,5.46875,3363,GGGAAG,5.9765625,3363,GGGAAG,5.9765625,3403,GGGGAG,0.02542734518647194,3363,GGGAAG,0.14416123926639557,3362,GGGAAC,0.2947363555431366,False,False,True,0.001353725790977478,
15,13,34,head_3,degradation,1.005859375,1.0165300369262695,3403,GGGGAG,5.4765625,3363,GGGAAG,5.98046875,3363,GGGAAG,5.98046875,3403,GGGGAG,0.025630084797739983,3363,GGGAAG,0.14401936531066895,3362,GGGAAC,0.295242577791214,False,False,True,0.00035028159618377686,
15,14,34,head_3,degradation,1.005859375,1.0220482349395752,3403,GGGGAG,5.46484375,3363,GGGAAG,5.96875,3363,GGGAAG,5.96875,3403,GGGGAG,0.025565259158611298,3363,GGGAAG,0.14461176097393036,3362,GGGAAC,0.2957070767879486,False,False,True,0.00040596723556518555,
15,15,34,head_3,degradation,1.0322265625,0.9969719052314758,3403,GGGGAG,5.44921875,3363,GGGAAG,5.97265625,3363,GGGAAG,5.97265625,3403,GGGGAG,0.024686845019459724,3363,GGGAAG,0.14074677228927612,3362,GGGAAC,0.30232077836990356,False,False,True,-0.0022172480821609497,
15,16,34,head_3,degradation,1.0,0.9532701373100281,3403,GGGGAG,5.5234375,3363,GGGAAG,6.0234375,3363,GGGAAG,6.0234375,3403,GGGGAG,0.02493356354534626,3363,GGGAAG,0.1357886642217636,3362,GGGAAC,0.29994845390319824,False,False,True,-0.0021554380655288696,
15,17,34,head_3,degradation,0.98388671875,0.9580107927322388,3403,GGGGAG,5.484375,3363,GGGAAG,5.97265625,3363,GGGAAG,5.97265625,3403,GGGGAG,0.025005821138620377,3363,GGGAAG,0.13642552495002747,3362,GGGAAC,0.30265012383461,False,False,True,-0.0026811212301254272,
15,18,34,head_3,degradation,0.95654296875,0.9662342667579651,3403,GGGGAG,5.4921875,3363,GGGAAG,5.9609375,3363,GGGAAG,5.9609375,3403,GGGGAG,0.025948848575353622,3363,GGGAAG,0.13834796845912933,3362,GGGAAC,0.298026442527771,False,False,True,-0.001148119568824768,
15,19,34,head_3,degradation,0.97802734375,1.0301944017410278,3403,GGGGAG,5.421875,3363,GGGAAG,5.90625,3363,GGGAAG,5.90625,3403,GGGGAG,0.026375073939561844,3363,GGGAAG,0.14639176428318024,3362,GGGAAC,0.3009636104106903,False,False,True,-0.0009232908487319946,
15,20,34,head_3,degradation,0.99462890625,1.0139672756195068,3403,GGGGAG,5.4765625,3363,GGGAAG,5.97265625,3363,GGGAAG,5.97265625,3403,GGGGAG,0.026310205459594727,3363,GGGAAG,0.14439426362514496,3362,GGGAAC,0.29506415128707886,False,False,True,-0.00034789741039276123,
15,21,34,head_3,degradation,1.0,1.0067123174667358,3403,GGGGAG,5.46875,3363,GGGAAG,5.96875,3363,GGGAAG,5.96875,3403,GGGGAG,0.02652043104171753,3363,GGGAAG,0.1437404304742813,3362,GGGAAC,0.2923375070095062,False,False,True,-0.0005037039518356323,
15,22,34,head_3,degradation,0.9892578125,0.9716112017631531,3403,GGGGAG,5.46484375,3363,GGGAAG,5.95703125,3363,GGGAAG,5.95703125,3403,GGGGAG,0.026026716455817223,3363,GGGAAG,0.13906621932983398,3362,GGGAAC,0.28978583216667175,False,False,True,-0.00022858381271362305,
15,23,34,head_3,degradation,0.99462890625,0.9915705919265747,3403,GGGGAG,5.47265625,3363,GGGAAG,5.96875,3363,GGGAAG,5.96875,3403,GGGGAG,0.026371918618679047,3363,GGGAAG,0.1417885571718216,3362,GGGAAC,0.29011550545692444,False,False,True,-0.00034490227699279785,
15,24,34,head_3,degradation,1.0,0.9976635575294495,3403,GGGGAG,5.47265625,3363,GGGAAG,5.97265625,3363,GGGAAG,5.97265625,3403,GGGGAG,0.026128625497221947,3363,GGGAAG,0.14227093756198883,3362,GGGAAC,0.2905433773994446,False,False,True,-0.0005103945732116699,
15,25,34,head_3,degradation,1.0,0.9869133234024048,3403,GGGGAG,5.4609375,3363,GGGAAG,5.9609375,3363,GGGAAG,5.9609375,3403,GGGGAG,0.026070239022374153,3363,GGGAAG,0.14093220233917236,3362,GGGAAC,0.28603631258010864,False,False,True,-0.0036974847316741943,
15,26,34,head_3,degradation,0.99462890625,0.9839170575141907,3403,GGGGAG,5.4609375,3363,GGGAAG,5.95703125,3363,GGGAAG,5.95703125,3403,GGGGAG,0.02628709003329277,3363,GGGAAG,0.14079220592975616,3362,GGGAAC,0.2854950428009033,False,False,True,-0.0026481151580810547,
15,27,34,head_3,degradation,1.005859375,0.9878550171852112,3403,GGGGAG,5.453125,3363,GGGAAG,5.95703125,3363,GGGAAG,5.95703125,3403,GGGGAG,0.026201970875263214,3363,GGGAAG,0.14117608964443207,3362,GGGAAC,0.2862035930156708,False,False,True,-0.003100484609603882,
15,28,34,head_3,degradation,1.005859375,1.000696063041687,3403,GGGGAG,5.453125,3363,GGGAAG,5.95703125,3363,GGGAAG,5.95703125,3403,GGGGAG,0.02638990432024002,3363,GGGAAG,0.14289337396621704,3362,GGGAAC,0.2890889048576355,False,False,True,0.0003912895917892456,
15,29,34,head_3,degradation,1.0,1.0015642642974854,3403,GGGGAG,5.453125,3363,GGGAAG,5.953125,3363,GGGAAG,5.953125,3403,GGGGAG,0.026302378624677658,3363,GGGAAG,0.14290925860404968,3362,GGGAAC,0.28941231966018677,False,False,True,-0.0008573383092880249,
15,30,34,head_3,degradation,0.9892578125,0.9952165484428406,3403,GGGGAG,5.453125,3363,GGGAAG,5.9453125,3363,GGGAAG,5.9453125,3403,GGGGAG,0.026413654908537865,3363,GGGAAG,0.14226453006267548,3362,GGGAAC,0.2889828383922577,False,False,True,-0.0025257766246795654,
15,31,34,head_3,degradation,0.9892578125,0.9977491497993469,3403,GGGGAG,5.453125,3363,GGGAAG,5.9453125,3363,GGGAAG,5.9453125,3403,GGGGAG,0.02635081857442856,3363,GGGAAG,0.14250332117080688,3362,GGGAAC,0.28932660818099976,False,False,True,-0.002433463931083679,
15,32,34,head_3,degradation,1.0,1.004186749458313,3403,GGGGAG,5.453125,3363,GGGAAG,5.953125,3363,GGGAAG,5.953125,3403,GGGGAG,0.026358531787991524,3363,GGGAAG,0.14327773451805115,3362,GGGAAC,0.29106760025024414,False,False,True,-0.0034813284873962402,
15,33,34,head_3,degradation,1.0,1.010155200958252,3403,GGGGAG,5.4609375,3363,GGGAAG,5.9609375,3363,GGGAAG,5.9609375,3403,GGGGAG,0.026228614151477814,3363,GGGAAG,0.1438586562871933,3362,GGGAAC,0.29120171070098877,False,False,True,-0.0022028833627700806,
15,34,34,head_3,degradation,1.0,1.0051147937774658,3403,GGGGAG,5.4609375,3363,GGGAAG,5.9609375,3363,GGGAAG,5.9609375,3403,GGGGAG,0.026203129440546036,3363,GGGAAG,0.14323286712169647,3362,GGGAAC,0.2905727028846741,False,False,True,-0.00241735577583313,
15,35,34,head_3,degradation,1.0,1.0038068294525146,3403,GGGGAG,5.4609375,3363,GGGAAG,5.9609375,3363,GGGAAG,5.9609375,3403,GGGGAG,0.026217173784971237,3363,GGGAAG,0.1430911421775818,3362,GGGAAC,0.28973203897476196,False,False,True,-0.0018637925386428833,
15,36,34,head_3,degradation,0.9892578125,0.9893310070037842,3403,GGGGAG,5.453125,3363,GGGAAG,5.9453125,3363,GGGAAG,5.9453125,3403,GGGGAG,0.026285341009497643,3363,GGGAAG,0.14143525063991547,3362,GGGAAC,0.29033470153808594,False,False,True,-0.0015363842248916626,
15,37,34,head_3,degradation,0.99462890625,0.9907370209693909,3403,GGGGAG,5.44921875,3363,GGGAAG,5.9453125,3363,GGGAAG,5.9453125,3403,GGGGAG,0.026300884783267975,3363,GGGAAG,0.1416182518005371,3362,GGGAAC,0.2896432876586914,False,False,True,-0.0023433715105056763,
15,38,34,head_3,degradation,0.99462890625,0.9879580140113831,3403,GGGGAG,5.44921875,3363,GGGAAG,5.9453125,3363,GGGAAG,5.9453125,3403,GGGGAG,0.026279522106051445,3363,GGGAAG,0.14126591384410858,3362,GGGAAC,0.2907402813434601,False,False,True,-0.004788830876350403,
15,39,34,head_3,degradation,0.99462890625,0.9960705637931824,3403,GGGGAG,5.4609375,3363,GGGAAG,5.95703125,3363,GGGAAG,5.95703125,3403,GGGGAG,0.026536138728260994,3363,GGGAAG,0.14248871803283691,3362,GGGAAC,0.2899952828884125,False,False,True,-0.005038246512413025,
15,40,34,head_3,degradation,0.99462890625,0.9958164095878601,3403,GGGGAG,5.4609375,3363,GGGAAG,5.95703125,3363,GGGAAG,5.95703125,3403,GGGGAG,0.026554595679044724,3363,GGGAAG,0.1424769163131714,3362,GGGAAC,0.29008185863494873,False,False,True,-0.0044673532247543335,
15,41,34,head_3,degradation,0.99462890625,1.001562237739563,3403,GGGGAG,5.4609375,3363,GGGAAG,5.95703125,3363,GGGAAG,5.95703125,3403,GGGGAG,0.026531729847192764,3363,GGGAAG,0.1431383639574051,3362,GGGAAC,0.28849515318870544,False,False,True,-0.0011677294969558716,
16,0,34,head_3,degradation,0.99462890625,0.9956958293914795,3403,GGGGAG,5.44921875,3363,GGGAAG,5.9453125,3363,GGGAAG,5.9453125,3403,GGGGAG,0.026286480948328972,3363,GGGAAG,0.14219443500041962,3362,GGGAAC,0.2893345057964325,False,False,True,-0.0017058998346328735,
16,1,34,head_3,degradation,1.0,1.0041732788085938,3403,GGGGAG,5.453125,3363,GGGAAG,5.953125,3363,GGGAAG,5.953125,3403,GGGGAG,0.026418879628181458,3363,GGGAAG,0.1433364897966385,3362,GGGAAC,0.2885552644729614,False,False,True,-0.0019556283950805664,
16,2,34,head_3,degradation,1.005859375,1.0020323991775513,3403,GGGGAG,5.44921875,3363,GGGAAG,5.953125,3363,GGGAAG,5.953125,3403,GGGGAG,0.026222143322229385,3363,GGGAAG,0.1428847759962082,3362,GGGAAC,0.2892524003982544,False,False,True,-0.000833362340927124,
16,3,34,head_3,degradation,1.0,1.0062713623046875,3403,GGGGAG,5.453125,3363,GGGAAG,5.953125,3363,GGGAAG,5.953125,3403,GGGGAG,0.026470882818102837,3363,GGGAAG,0.14363837242126465,3362,GGGAAC,0.2895294427871704,False,False,True,-0.0010400712490081787,
16,4,34,head_3,degradation,1.0,1.00253427028656,3403,GGGGAG,5.453125,3363,GGGAAG,5.953125,3363,GGGAAG,5.953125,3403,GGGGAG,0.02639155089855194,3363,GGGAAG,0.14311395585536957,3362,GGGAAC,0.2887454330921173,False,False,True,-0.0007950663566589355,
16,5,34,head_3,degradation,1.0,1.0002515316009521,3403,GGGGAG,5.453125,3363,GGGAAG,5.953125,3363,GGGAAG,5.953125,3403,GGGGAG,0.026237662881612778,3363,GGGAAG,0.14268819987773895,3362,GGGAAC,0.2898699939250946,False,False,True,-0.0005428344011306763,
16,6,34,head_3,degradation,0.99462890625,0.9985767006874084,3403,GGGGAG,5.4609375,3363,GGGAAG,5.95703125,3363,GGGAAG,5.95703125,3403,GGGGAG,0.026029758155345917,3363,GGGAAG,0.14228081703186035,3362,GGGAAC,0.2900143265724182,False,False,True,-0.0002716928720474243,
16,7,34,head_3,degradation,1.005859375,0.9998708963394165,3403,GGGGAG,5.453125,3363,GGGAAG,5.95703125,3363,GGGAAG,5.95703125,3403,GGGGAG,0.025335228070616722,3363,GGGAAG,0.14174042642116547,3362,GGGAAC,0.2970939874649048,False,False,True,-0.0010355114936828613,
16,8,34,head_3,degradation,0.99462890625,1.000854253768921,3403,GGGGAG,5.4609375,3363,GGGAAG,5.95703125,3363,GGGAAG,5.95703125,3403,GGGGAG,0.02557285502552986,3363,GGGAAG,0.1420951634645462,3362,GGGAAC,0.2978920638561249,False,False,True,-0.0011651813983917236,
16,9,34,head_3,degradation,1.005859375,0.9973261952400208,3403,GGGGAG,5.453125,3363,GGGAAG,5.95703125,3363,GGGAAG,5.95703125,3403,GGGGAG,0.025305448099970818,3363,GGGAAG,0.1414075791835785,3362,GGGAAC,0.2986116111278534,False,False,True,-0.0009356588125228882,
16,10,34,head_3,degradation,1.0107421875,0.9897593855857849,3403,GGGGAG,5.44921875,3363,GGGAAG,5.95703125,3363,GGGAAG,5.95703125,3403,GGGGAG,0.025067532435059547,3363,GGGAAG,0.1402684599161148,3362,GGGAAC,0.2968848645687103,False,False,True,-0.0008388310670852661,
16,11,34,head_3,degradation,1.0107421875,0.9857931137084961,3403,GGGGAG,5.44921875,3363,GGGAAG,5.95703125,3363,GGGAAG,5.95703125,3403,GGGGAG,0.025082416832447052,3363,GGGAAG,0.1398109644651413,3362,GGGAAC,0.29647698998451233,False,False,True,-0.0013428479433059692,
16,12,34,head_3,degradation,1.005859375,0.9918501377105713,3403,GGGGAG,5.453125,3363,GGGAAG,5.95703125,3363,GGGAAG,5.95703125,3403,GGGGAG,0.025510283187031746,3363,GGGAAG,0.1409602165222168,3362,GGGAAC,0.2949451506137848,False,False,True,-0.001663699746131897,
16,13,34,head_3,degradation,1.005859375,0.9702574014663696,3403,GGGGAG,5.453125,3363,GGGAAG,5.95703125,3363,GGGAAG,5.95703125,3403,GGGGAG,0.02612760290503502,3363,GGGAAG,0.1390058696269989,3362,GGGAAC,0.2964024543762207,False,False,True,-0.0015727728605270386,
16,14,34,head_3,degradation,1.005859375,0.9672883749008179,3403,GGGGAG,5.453125,3363,GGGAAG,5.95703125,3363,GGGAAG,5.95703125,3403,GGGGAG,0.026178792119026184,3363,GGGAAG,0.13870345056056976,3362,GGGAAC,0.2975229024887085,False,False,True,-0.0008261948823928833,
16,15,34,head_3,degradation,1.0166015625,0.9286776185035706,3403,GGGGAG,5.44921875,3363,GGGAAG,5.9609375,3363,GGGAAG,5.9609375,3403,GGGGAG,0.026716094464063644,3363,GGGAAG,0.13464225828647614,3362,GGGAAC,0.3022564947605133,False,False,True,-0.0006935447454452515,
16,16,34,head_3,degradation,0.98388671875,0.9192814826965332,3403,GGGGAG,5.48828125,3363,GGGAAG,5.9765625,3363,GGGAAG,5.9765625,3403,GGGGAG,0.02676304429769516,3363,GGGAAG,0.13357013463974,3362,GGGAAC,0.29724401235580444,False,False,True,-0.0008510947227478027,
16,17,34,head_3,degradation,0.97265625,0.907885730266571,3403,GGGGAG,5.453125,3363,GGGAAG,5.93359375,3363,GGGAAG,5.93359375,3403,GGGGAG,0.026637274771928787,3363,GGGAAG,0.13208714127540588,3362,GGGAAC,0.2931017577648163,False,False,True,-0.0007231533527374268,
16,18,34,head_3,degradation,0.94580078125,0.9595347046852112,3403,GGGGAG,5.4609375,3363,GGGAAG,5.921875,3363,GGGAAG,5.921875,3403,GGGGAG,0.026051046326756477,3363,GGGAAG,0.13765224814414978,3362,GGGAAC,0.2903445363044739,False,False,True,-0.0009004771709442139,
16,19,34,head_3,degradation,0.96728515625,0.9775281548500061,3403,GGGGAG,5.421875,3363,GGGAAG,5.8984375,3363,GGGAAG,5.8984375,3403,GGGGAG,0.02606297843158245,3363,GGGAAG,0.13980717957019806,3362,GGGAAC,0.2873387932777405,False,False,True,-0.00047545135021209717,
16,20,34,head_3,degradation,0.9892578125,0.98858642578125,3403,GGGGAG,5.4453125,3363,GGGAAG,5.9375,3363,GGGAAG,5.9375,3403,GGGGAG,0.02591300755739212,3363,GGGAAG,0.1409742385149002,3362,GGGAAC,0.28652796149253845,False,False,True,0.00021119415760040283,
16,21,34,head_3,degradation,0.99462890625,0.9753791093826294,3403,GGGGAG,5.44921875,3363,GGGAAG,5.9453125,3363,GGGAAG,5.9453125,3403,GGGGAG,0.026293981820344925,3363,GGGAAG,0.13978223502635956,3362,GGGAAC,0.28366339206695557,False,False,True,0.0006911903619766235,
16,22,34,head_3,degradation,0.99462890625,0.9930448532104492,3403,GGGGAG,5.44921875,3363,GGGAAG,5.9453125,3363,GGGAAG,5.9453125,3403,GGGGAG,0.02630092017352581,3363,GGGAAG,0.1418931484222412,3362,GGGAAC,0.28708285093307495,False,False,True,0.0012392699718475342,
16,23,34,head_3,degradation,1.0,1.0038971900939941,3403,GGGGAG,5.453125,3363,GGGAAG,5.953125,3363,GGGAAG,5.953125,3403,GGGGAG,0.02637738175690174,3363,GGGAAG,0.1432621031999588,3362,GGGAAC,0.2894945442676544,False,False,True,0.0002846717834472656,
16,24,34,head_3,degradation,1.0,1.0064095258712769,3403,GGGGAG,5.453125,3363,GGGAAG,5.953125,3363,GGGAAG,5.953125,3403,GGGGAG,0.026298988610506058,3363,GGGAAG,0.14348292350769043,3362,GGGAAC,0.2901310622692108,False,False,True,9.846687316894531e-05,
16,25,34,head_3,degradation,1.0,1.0021384954452515,3403,GGGGAG,5.453125,3363,GGGAAG,5.953125,3363,GGGAAG,5.953125,3403,GGGGAG,0.026289774104952812,3363,GGGAAG,0.14296504855155945,3362,GGGAAC,0.2897418737411499,False,False,True,-0.0007910281419754028,
16,26,34,head_3,degradation,1.0,0.9983235001564026,3403,GGGGAG,5.453125,3363,GGGAAG,5.953125,3363,GGGAAG,5.953125,3403,GGGGAG,0.02637818641960621,3363,GGGAAG,0.14259909093379974,3362,GGGAAC,0.2881767749786377,False,False,True,-0.00047212839126586914,
16,27,34,head_3,degradation,1.0,0.9916338920593262,3403,GGGGAG,5.453125,3363,GGGAAG,5.953125,3363,GGGAAG,5.953125,3403,GGGGAG,0.02644346095621586,3363,GGGAAG,0.14186763763427734,3362,GGGAAC,0.2867116928100586,False,False,True,-0.0004947483539581299,
16,28,34,head_3,degradation,0.99462890625,0.9813522100448608,3403,GGGGAG,5.44921875,3363,GGGAAG,5.9453125,3363,GGGAAG,5.9453125,3403,GGGGAG,0.026412108913064003,3363,GGGAAG,0.14061175286769867,3362,GGGAAC,0.28637176752090454,False,False,True,0.0006845593452453613,
16,29,34,head_3,degradation,0.99462890625,0.986681342124939,3403,GGGGAG,5.44921875,3363,GGGAAG,5.9453125,3363,GGGAAG,5.9453125,3403,GGGGAG,0.026401281356811523,3363,GGGAAG,0.1412356197834015,3362,GGGAAC,0.28775647282600403,False,False,True,-2.8327107429504395e-05,
16,30,34,head_3,degradation,0.99462890625,0.9882394075393677,3403,GGGGAG,5.44921875,3363,GGGAAG,5.9453125,3363,GGGAAG,5.9453125,3403,GGGGAG,0.02638794109225273,3363,GGGAAG,0.14140784740447998,3362,GGGAAC,0.2881118059158325,False,False,True,-0.00044764578342437744,
16,31,34,head_3,degradation,1.0,1.0019681453704834,3403,GGGGAG,5.453125,3363,GGGAAG,5.953125,3363,GGGAAG,5.953125,3403,GGGGAG,0.02626849338412285,3363,GGGAAG,0.1429234743118286,3362,GGGAAC,0.28894248604774475,False,False,True,-0.0016364306211471558,
16,32,34,head_3,degradation,1.0,1.0045195817947388,3403,GGGGAG,5.453125,3363,GGGAAG,5.953125,3363,GGGAAG,5.953125,3403,GGGGAG,0.02627546712756157,3363,GGGAAG,0.14323432743549347,3362,GGGAAC,0.2890411913394928,False,False,True,-0.0019629448652267456,
16,33,34,head_3,degradation,1.0,1.005344033241272,3403,GGGGAG,5.453125,3363,GGGAAG,5.953125,3363,GGGAAG,5.953125,3403,GGGGAG,0.026315711438655853,3363,GGGAAG,0.14337275922298431,3362,GGGAAC,0.28930288553237915,False,False,True,-0.0012936890125274658,
16,34,34,head_3,degradation,1.0,1.00212562084198,3403,GGGGAG,5.453125,3363,GGGAAG,5.953125,3363,GGGAAG,5.953125,3403,GGGGAG,0.02633420005440712,3363,GGGAAG,0.14300793409347534,3362,GGGAAC,0.28864598274230957,False,False,True,-8.156895637512207e-05,
16,35,34,head_3,degradation,0.99462890625,0.9959242343902588,3403,GGGGAG,5.44921875,3363,GGGAAG,5.9453125,3363,GGGAAG,5.9453125,3403,GGGGAG,0.02629067935049534,3363,GGGAAG,0.14222583174705505,3362,GGGAAC,0.28977397084236145,False,False,True,0.0009787678718566895,
16,36,34,head_3,degradation,1.0,1.0019428730010986,3403,GGGGAG,5.453125,3363,GGGAAG,5.953125,3363,GGGAAG,5.953125,3403,GGGGAG,0.02640080451965332,3363,GGGAAG,0.14305277168750763,3362,GGGAAC,0.28941577672958374,False,False,True,0.00020566582679748535,
16,37,34,head_3,degradation,1.0,1.0004867315292358,3403,GGGGAG,5.453125,3363,GGGAAG,5.953125,3363,GGGAAG,5.953125,3403,GGGGAG,0.026387717574834824,3363,GGGAAG,0.14286626875400543,3362,GGGAAC,0.28915756940841675,False,False,True,-0.00030778348445892334,
16,38,34,head_3,degradation,1.0,1.0000402927398682,3403,GGGGAG,5.453125,3363,GGGAAG,5.953125,3363,GGGAAG,5.953125,3403,GGGGAG,0.026345575228333473,3363,GGGAAG,0.1427709460258484,3362,GGGAAC,0.2891101837158203,False,False,True,-0.0006993114948272705,
16,39,34,head_3,degradation,1.005859375,1.003221035003662,3403,GGGGAG,5.44921875,3363,GGGAAG,5.953125,3363,GGGAAG,5.953125,3403,GGGGAG,0.026172662153840065,3363,GGGAAG,0.14297685027122498,3362,GGGAAC,0.2893681228160858,False,False,True,-0.00036206841468811035,
16,40,34,head_3,degradation,1.0,1.0021744966506958,3403,GGGGAG,5.453125,3363,GGGAAG,5.953125,3363,GGGAAG,5.953125,3403,GGGGAG,0.026340439915657043,3363,GGGAAG,0.14301998913288116,3362,GGGAAC,0.2893891930580139,False,False,True,-0.0001628398895263672,
16,41,34,head_3,degradation,0.97802734375,0.9881649017333984,3403,GGGGAG,5.4609375,3363,GGGAAG,5.9453125,3363,GGGAAG,5.9453125,3403,GGGGAG,0.026703456416726112,3363,GGGAAG,0.14171448349952698,3362,GGGAAC,0.2897295355796814,False,False,True,-0.00011135637760162354,
17,0,34,head_3,degradation,1.0,1.000795602798462,3403,GGGGAG,5.453125,3363,GGGAAG,5.953125,3363,GGGAAG,5.953125,3403,GGGGAG,0.026319608092308044,3363,GGGAAG,0.14283493161201477,3362,GGGAAC,0.28927505016326904,False,False,True,-5.772709846496582e-05,
17,1,34,head_3,degradation,1.0,1.0001643896102905,3403,GGGGAG,5.453125,3363,GGGAAG,5.953125,3363,GGGAAG,5.953125,3403,GGGGAG,0.02629868872463703,3363,GGGAAG,0.14273883402347565,3362,GGGAAC,0.28944236040115356,False,False,True,-0.0003063380718231201,
17,2,34,head_3,degradation,1.0,0.9998576641082764,3403,GGGGAG,5.453125,3363,GGGAAG,5.953125,3363,GGGAAG,5.953125,3403,GGGGAG,0.02627471089363098,3363,GGGAAG,0.14267833530902863,3362,GGGAAC,0.2895802855491638,False,False,True,-0.00042094290256500244,
17,3,34,head_3,degradation,1.0,0.9997812509536743,3403,GGGGAG,5.453125,3363,GGGAAG,5.953125,3363,GGGAAG,5.953125,3403,GGGGAG,0.026159437373280525,3363,GGGAAG,0.14255395531654358,3362,GGGAAC,0.2912057638168335,False,False,True,-0.00023567676544189453,
17,4,34,head_3,degradation,1.0,1.0001485347747803,3403,GGGGAG,5.453125,3363,GGGAAG,5.953125,3363,GGGAAG,5.953125,3403,GGGGAG,0.026168782263994217,3363,GGGAAG,0.14260704815387726,3362,GGGAAC,0.2910965085029602,False,False,True,-0.00012046098709106445,
17,5,34,head_3,degradation,1.0,1.0003069639205933,3403,GGGGAG,5.453125,3363,GGGAAG,5.953125,3363,GGGAAG,5.953125,3403,GGGGAG,0.02616226114332676,3363,GGGAAG,0.14261938631534576,3362,GGGAAC,0.29125499725341797,False,False,True,-0.00023646652698516846,
17,6,34,head_3,degradation,1.0,1.0013165473937988,3403,GGGGAG,5.453125,3363,GGGAAG,5.953125,3363,GGGAAG,5.953125,3403,GGGGAG,0.02632327750325203,3363,GGGAAG,0.14290064573287964,3362,GGGAAC,0.28958481550216675,False,False,True,-0.0002694129943847656,
17,7,34,head_3,degradation,1.0,1.008776307106018,3403,GGGGAG,5.453125,3363,GGGAAG,5.953125,3363,GGGAAG,5.953125,3403,GGGGAG,0.026534315198659897,3363,GGGAAG,0.14400014281272888,3362,GGGAAC,0.2878504693508148,False,False,True,-7.727742195129395e-05,
17,8,34,head_3,degradation,1.0,1.008872151374817,3403,GGGGAG,5.453125,3363,GGGAAG,5.953125,3363,GGGAAG,5.953125,3403,GGGGAG,0.026544835418462753,3363,GGGAAG,0.14402207732200623,3362,GGGAAC,0.2874465882778168,False,False,True,-3.488361835479736e-05,
17,9,34,head_3,degradation,1.0,1.0060901641845703,3403,GGGGAG,5.453125,3363,GGGAAG,5.953125,3363,GGGAAG,5.953125,3403,GGGGAG,0.02637016959488392,3363,GGGAAG,0.14351607859134674,3362,GGGAAC,0.28794416785240173,False,False,True,-2.428889274597168e-06,
17,10,34,head_3,degradation,1.0,0.9998572468757629,3403,GGGGAG,5.453125,3363,GGGAAG,5.953125,3363,GGGAAG,5.953125,3403,GGGGAG,0.02593093365430832,3363,GGGAAG,0.14233450591564178,3362,GGGAAC,0.29168176651000977,False,False,True,-2.250075340270996e-06,
17,11,34,head_3,degradation,1.0,1.0035067796707153,3403,GGGGAG,5.453125,3363,GGGAAG,5.953125,3363,GGGAAG,5.953125,3403,GGGGAG,0.025996705517172813,3363,GGGAAG,0.14283493161201477,3362,GGGAAC,0.2919890880584717,False,False,True,-0.00019906461238861084,
17,12,34,head_3,degradation,1.0,1.0236629247665405,3403,GGGGAG,5.453125,3363,GGGAAG,5.953125,3363,GGGAAG,5.953125,3403,GGGGAG,0.026308247819542885,3363,GGGAAG,0.1455470472574234,3362,GGGAAC,0.29099148511886597,False,False,True,-0.0014687925577163696,
17,13,34,head_3,degradation,1.0,1.016696810722351,3403,GGGGAG,5.453125,3363,GGGAAG,5.953125,3363,GGGAAG,5.953125,3403,GGGGAG,0.026138342916965485,3363,GGGAAG,0.1445474922657013,3362,GGGAAC,0.29354408383369446,False,False,True,-0.0016838759183883667,
17,14,34,head_3,degradation,1.0,1.0203814506530762,3403,GGGGAG,5.453125,3363,GGGAAG,5.953125,3363,GGGAAG,5.953125,3403,GGGGAG,0.026037689298391342,3363,GGGAAG,0.14488567411899567,3362,GGGAAC,0.29260116815567017,False,False,True,-0.0016363561153411865,
17,15,34,head_3,degradation,1.0,0.9504122138023376,3403,GGGGAG,5.453125,3363,GGGAAG,5.953125,3363,GGGAAG,5.953125,3403,GGGGAG,0.02478927932679653,3363,GGGAAG,0.13530400395393372,3362,GGGAAC,0.3025486171245575,False,False,True,-0.00059470534324646,
17,16,34,head_3,degradation,1.1357421875,1.0168232917785645,3403,GGGGAG,5.46484375,3363,GGGAAG,6.0625,3363,GGGAAG,6.0625,3403,GGGGAG,0.023696454241871834,3363,GGGAAG,0.14212065935134888,3362,GGGAAC,0.3006766438484192,False,False,True,-0.0006883293390274048,
17,17,34,head_3,degradation,1.1357421875,1.0125319957733154,3403,GGGGAG,5.46484375,3363,GGGAAG,6.0625,3363,GGGAAG,6.0625,3403,GGGGAG,0.02401678077876568,3363,GGGAAG,0.14192990958690643,3362,GGGAAC,0.30288687348365784,False,False,True,-0.000656619668006897,
17,18,34,head_3,degradation,1.1357421875,1.0457653999328613,3403,GGGGAG,5.46484375,3363,GGGAAG,6.0625,3363,GGGAAG,6.0625,3403,GGGGAG,0.025550520047545433,3363,GGGAAG,0.1474217027425766,3362,GGGAAC,0.2897275388240814,False,False,True,-0.0009634047746658325,
17,19,34,head_3,degradation,1.0,0.990348756313324,3403,GGGGAG,5.453125,3363,GGGAAG,5.953125,3363,GGGAAG,5.953125,3403,GGGGAG,0.027248548343777657,3363,GGGAAG,0.14251966774463654,3362,GGGAAC,0.2889847159385681,False,False,True,-0.0010176301002502441,
17,20,34,head_3,degradation,1.0,0.9825644493103027,3403,GGGGAG,5.453125,3363,GGGAAG,5.953125,3363,GGGAAG,5.953125,3403,GGGGAG,0.027100898325443268,3363,GGGAAG,0.14144492149353027,3362,GGGAAC,0.28680986166000366,False,False,True,-0.0012008994817733765,
17,21,34,head_3,degradation,1.0,1.0016390085220337,3403,GGGGAG,5.453125,3363,GGGAAG,5.953125,3363,GGGAAG,5.953125,3403,GGGGAG,0.026623452082276344,3363,GGGAAG,0.14323922991752625,3362,GGGAAC,0.29044821858406067,False,False,True,-0.0013965070247650146,
17,22,34,head_3,degradation,1.0,0.99355548620224,3403,GGGGAG,5.453125,3363,GGGAAG,5.953125,3363,GGGAAG,5.953125,3403,GGGGAG,0.026601988822221756,3363,GGGAAG,0.1422550231218338,3362,GGGAAC,0.28845253586769104,False,False,True,-0.0013701766729354858,
17,23,34,head_3,degradation,1.0,0.9978614449501038,3403,GGGGAG,5.453125,3363,GGGAAG,5.953125,3363,GGGAAG,5.953125,3403,GGGGAG,0.026461170986294746,3363,GGGAAG,0.1426270455121994,3362,GGGAAC,0.289206862449646,False,False,True,-0.0011429935693740845,
17,24,34,head_3,degradation,1.0,0.999532163143158,3403,GGGGAG,5.453125,3363,GGGAAG,5.953125,3363,GGGAAG,5.953125,3403,GGGGAG,0.026303818449378014,3363,GGGAAG,0.142668679356575,3362,GGGAAC,0.28928685188293457,False,False,True,-0.0003897547721862793,
17,25,34,head_3,degradation,1.0,1.004982352256775,3403,GGGGAG,5.453125,3363,GGGAAG,5.953125,3363,GGGAAG,5.953125,3403,GGGGAG,0.026229463517665863,3363,GGGAAG,0.1432434320449829,3362,GGGAAC,0.29045671224594116,False,False,True,0.00022400915622711182,
17,26,34,head_3,degradation,1.0,1.010462760925293,3403,GGGGAG,5.453125,3363,GGGAAG,5.953125,3363,GGGAAG,5.953125,3403,GGGGAG,0.026082605123519897,3363,GGGAAG,0.14374928176403046,3362,GGGAAC,0.29148244857788086,False,False,True,-0.0002895742654800415,
17,27,34,head_3,degradation,1.0,1.011763572692871,3403,GGGGAG,5.453125,3363,GGGAAG,5.953125,3363,GGGAAG,5.953125,3403,GGGGAG,0.02610137313604355,3363,GGGAAG,0.14392296969890594,3362,GGGAAC,0.2918301820755005,False,False,True,-0.0005725473165512085,
17,28,34,head_3,degradation,1.0,1.0061042308807373,3403,GGGGAG,5.453125,3363,GGGAAG,5.953125,3363,GGGAAG,5.953125,3403,GGGGAG,0.026118602603673935,3363,GGGAAG,0.14326618611812592,3362,GGGAAC,0.29049843549728394,False,False,True,-0.0011247843503952026,
17,29,34,head_3,degradation,1.0,1.0021531581878662,3403,GGGGAG,5.453125,3363,GGGAAG,5.953125,3363,GGGAAG,5.953125,3403,GGGGAG,0.02621704712510109,3363,GGGAAG,0.14289405941963196,3362,GGGAAC,0.28974831104278564,False,False,True,-0.0005931556224822998,
17,30,34,head_3,degradation,1.0,1.0010874271392822,3403,GGGGAG,5.453125,3363,GGGAAG,5.953125,3363,GGGAAG,5.953125,3403,GGGGAG,0.026206640526652336,3363,GGGAAG,0.14275673031806946,3362,GGGAAC,0.289469838142395,False,False,True,-5.225837230682373e-05,
17,31,34,head_3,degradation,1.0,1.0009386539459229,3403,GGGGAG,5.453125,3363,GGGAAG,5.953125,3363,GGGAAG,5.953125,3403,GGGGAG,0.026243338361382484,3363,GGGAAG,0.14277569949626923,3362,GGGAAC,0.28950828313827515,False,False,True,0.00015872716903686523,
17,32,34,head_3,degradation,1.0,0.9996459484100342,3403,GGGGAG,5.453125,3363,GGGAAG,5.953125,3363,GGGAAG,5.953125,3403,GGGGAG,0.02628622017800808,3363,GGGAAG,0.14266462624073029,3362,GGGAAC,0.28928306698799133,False,False,True,0.00011740624904632568,
17,33,34,head_3,degradation,1.0,1.0001534223556519,3403,GGGGAG,5.453125,3363,GGGAAG,5.953125,3363,GGGAAG,5.953125,3403,GGGGAG,0.026286590844392776,3363,GGGAAG,0.14272543787956238,3362,GGGAAC,0.28940635919570923,False,False,True,-0.0003188103437423706,
17,34,34,head_3,degradation,1.0,1.0004851818084717,3403,GGGGAG,5.453125,3363,GGGAAG,5.953125,3363,GGGAAG,5.953125,3403,GGGGAG,0.026271427050232887,3363,GGGAAG,0.14274978637695312,3362,GGGAAC,0.28945574164390564,False,False,True,-0.0006917417049407959,
17,35,34,head_3,degradation,1.0,1.00032377243042,3403,GGGGAG,5.453125,3363,GGGAAG,5.953125,3363,GGGAAG,5.953125,3403,GGGGAG,0.026228807866573334,3363,GGGAAG,0.14268794655799866,3362,GGGAAC,0.28932592272758484,False,False,True,-0.0008460730314254761,
17,36,34,head_3,degradation,1.0,0.9999449253082275,3403,GGGGAG,5.453125,3363,GGGAAG,5.953125,3363,GGGAAG,5.953125,3403,GGGGAG,0.026261337101459503,3363,GGGAAG,0.14267535507678986,3362,GGGAAC,0.28930485248565674,False,False,True,-0.0006448030471801758,
17,37,34,head_3,degradation,1.0,1.0000195503234863,3403,GGGGAG,5.453125,3363,GGGAAG,5.953125,3363,GGGAAG,5.953125,3403,GGGGAG,0.0262594111263752,3363,GGGAAG,0.14268231391906738,3362,GGGAAC,0.28931450843811035,False,False,True,-6.687641143798828e-05,
17,38,34,head_3,degradation,1.0,1.0002336502075195,3403,GGGGAG,5.453125,3363,GGGAAG,5.953125,3363,GGGAAG,5.953125,3403,GGGGAG,0.026275478303432465,3363,GGGAAG,0.14272387325763702,3362,GGGAAC,0.28939878940582275,False,False,True,0.000547751784324646,
17,39,34,head_3,degradation,1.0,1.0002801418304443,3403,GGGGAG,5.453125,3363,GGGAAG,5.953125,3363,GGGAAG,5.953125,3403,GGGGAG,0.026274271309375763,3363,GGGAAG,0.14272820949554443,3362,GGGAAC,0.2894075810909271,False,False,True,0.00029577314853668213,
17,40,34,head_3,degradation,1.0,1.0002262592315674,3403,GGGGAG,5.453125,3363,GGGAAG,5.953125,3363,GGGAAG,5.953125,3403,GGGGAG,0.02627626247704029,3363,GGGAAG,0.14272378385066986,3362,GGGAAC,0.2894030213356018,False,False,True,-0.0003576129674911499,
17,41,34,head_3,degradation,1.0,1.000089168548584,3403,GGGGAG,5.453125,3363,GGGAAG,5.953125,3363,GGGAAG,5.953125,3403,GGGGAG,0.026280440390110016,3363,GGGAAG,0.14271163940429688,3362,GGGAAC,0.2893739938735962,False,False,True,-0.0008321553468704224,
