Layer,Time_Offset,Target_Timestep,Component,Metric_Mode,Logit_Score,Posteriors_Score,Target_Transition_Prior,Target_String_Prior,Target_Logit,Wrong_Transition_Prior,Wrong_String_Prior,Wrong_Logit,Actual_Argmax_Prior,Actual_String_Prior,Actual_Argmax_Logit,Target_Transition_Post,Target_String_Post,Target_Prob,Wrong_Transition_Post,Wrong_String_Post,Wrong_Prob,Actual_Transition_Post,actual_String_Post,actual_Prob,Is_Target_Logit_Argmax,Is_Target_Prob_Argmax,Should_Decode,Global_MSE_Change,New_String
0,0,20,layer,degradation,1.013671875,0.8383112549781799,1206,ATTACA,3.23046875,2347,CTCCCC,3.2890625,2347,CTCCCC,3.2890625,1206,ATTACA,0.004338615108281374,2347,CTCCCC,0.0014681268949061632,2829,GATCCT,0.08954115957021713,False,False,True,-0.00031437724828720093,
0,1,20,layer,degradation,1.0419921875,1.1521888971328735,1206,ATTACA,3.22265625,2347,CTCCCC,3.2890625,2347,CTCCCC,3.2890625,1206,ATTACA,0.0042849197052419186,2347,CTCCCC,0.001477427314966917,2829,GATCCT,0.08889703452587128,False,False,True,-0.0007231123745441437,
0,2,20,layer,degradation,1.021484375,1.195826530456543,1206,ATTACA,3.23046875,2347,CTCCCC,3.291015625,2347,CTCCCC,3.291015625,1206,ATTACA,0.004280403256416321,2347,CTCCCC,0.0014816689072176814,2829,GATCCT,0.08871936053037643,False,False,True,-0.0010275766253471375,
0,3,20,layer,degradation,0.98583984375,0.786797821521759,1206,ATTACA,3.234375,2347,CTCCCC,3.28515625,2347,CTCCCC,3.28515625,1206,ATTACA,0.004341773688793182,2347,CTCCCC,0.0014609466306865215,2829,GATCCT,0.08991177380084991,False,False,True,-0.001165643334388733,
0,4,20,layer,degradation,0.9931640625,1.0042946338653564,1206,ATTACA,3.23828125,2347,CTCCCC,3.291015625,2347,CTCCCC,3.291015625,1206,ATTACA,0.00429696636274457,2347,CTCCCC,0.001459791325032711,2829,GATCCT,0.09069739282131195,False,False,True,-0.0014530010521411896,
0,5,20,layer,degradation,1.0,1.1558314561843872,1206,ATTACA,3.234375,2347,CTCCCC,3.2890625,2347,CTCCCC,3.2890625,1206,ATTACA,0.00427718460559845,2347,CTCCCC,0.0014704234199598432,2829,GATCCT,0.08925256878137589,False,False,True,-0.0005226805806159973,
0,6,20,layer,degradation,1.013671875,0.860254168510437,1206,ATTACA,3.2265625,2347,CTCCCC,3.28515625,2347,CTCCCC,3.28515625,1206,ATTACA,0.004329257644712925,2347,CTCCCC,0.0014631734229624271,2829,GATCCT,0.09098662436008453,False,False,True,0.0004302673041820526,
0,7,20,layer,degradation,0.9931640625,0.7121384143829346,1206,ATTACA,3.23046875,2347,CTCCCC,3.283203125,2347,CTCCCC,3.283203125,1206,ATTACA,0.004352099262177944,2347,CTCCCC,0.0014562879223376513,2829,GATCCT,0.09151694178581238,False,False,True,0.0008913911879062653,
0,8,20,layer,degradation,0.9931640625,0.7300071716308594,1206,ATTACA,3.232421875,2347,CTCCCC,3.28515625,2347,CTCCCC,3.28515625,1206,ATTACA,0.0043730055913329124,2347,CTCCCC,0.00148078054189682,2829,GATCCT,0.09030739963054657,False,False,True,0.0020950287580490112,
0,9,20,layer,degradation,1.013671875,1.0915188789367676,1206,ATTACA,3.240234375,2347,CTCCCC,3.298828125,2347,CTCCCC,3.298828125,1206,ATTACA,0.0043301889672875404,2347,CTCCCC,0.0015105200000107288,2829,GATCCT,0.08832879364490509,False,False,True,0.0013190694153308868,
0,10,20,layer,degradation,1.0,1.3431847095489502,1206,ATTACA,3.244140625,2347,CTCCCC,3.298828125,2347,CTCCCC,3.298828125,1206,ATTACA,0.004282212816178799,2347,CTCCCC,0.001513053779490292,2829,GATCCT,0.08740749210119247,False,False,True,0.0006332919001579285,
0,11,20,layer,degradation,0.97900390625,0.8237928152084351,1206,ATTACA,3.244140625,2347,CTCCCC,3.29296875,2347,CTCCCC,3.29296875,1206,ATTACA,0.004350603558123112,2347,CTCCCC,0.001477201352827251,2829,GATCCT,0.09010561555624008,False,False,True,-0.0020122379064559937,
0,12,20,layer,degradation,0.98583984375,1.3984116315841675,1206,ATTACA,3.24609375,2347,CTCCCC,3.296875,2347,CTCCCC,3.296875,1206,ATTACA,0.004265250638127327,2347,CTCCCC,0.0015071755042299628,2829,GATCCT,0.08874452859163284,False,False,True,-0.0017585307359695435,
0,13,20,layer,degradation,0.94384765625,1.0649088621139526,1206,ATTACA,3.2578125,2347,CTCCCC,3.296875,2347,CTCCCC,3.296875,1206,ATTACA,0.004317347891628742,2347,CTCCCC,0.0014923381386324763,2829,GATCCT,0.08831580728292465,False,False,True,-0.0034633614122867584,
0,14,20,layer,degradation,0.9365234375,1.0427281856536865,1206,ATTACA,3.25390625,2347,CTCCCC,3.291015625,2347,CTCCCC,3.291015625,1206,ATTACA,0.0042931511998176575,2347,CTCCCC,0.0014636897249147296,2829,GATCCT,0.08976773917675018,False,False,True,-0.004083830863237381,
0,15,20,layer,degradation,0.98583984375,1.2954380512237549,1206,ATTACA,3.23828125,2347,CTCCCC,3.2890625,2347,CTCCCC,3.2890625,1206,ATTACA,0.0043196845799684525,2347,CTCCCC,0.001540942583233118,2829,GATCCT,0.08679212629795074,False,False,True,9.450316429138184e-05,
0,16,20,layer,degradation,0.7392578125,3.509586811065674,1206,ATTACA,3.34765625,2347,CTCCCC,3.330078125,1206,ATTACA,3.34765625,1206,ATTACA,0.004028173629194498,2347,CTCCCC,0.0016938153421506286,2829,GATCCT,0.06297360360622406,True,False,True,-0.0007139407098293304,
0,17,20,layer,degradation,0.1478271484375,-1.0796860456466675,1206,ATTACA,3.388671875,2347,CTCCCC,3.20703125,1206,ATTACA,3.388671875,1206,ATTACA,0.004341255407780409,2347,CTCCCC,0.0010858214227482677,2829,GATCCT,0.09488199651241302,True,False,True,-0.041563153034076095,
0,18,20,layer,degradation,0.049285888671875,-0.9065600037574768,1206,ATTACA,3.427734375,2347,CTCCCC,3.21875,1206,ATTACA,3.427734375,1206,ATTACA,0.004313724115490913,2347,CTCCCC,0.001093036960810423,2829,GATCCT,0.09435512125492096,True,False,True,-0.04223181918496266,
0,19,20,layer,degradation,0.323974609375,-2.5686514377593994,1206,ATTACA,3.3203125,2347,CTCCCC,3.1875,1206,ATTACA,3.3203125,1206,ATTACA,0.00454091839492321,2347,CTCCCC,0.000986646395176649,2829,GATCCT,0.12275060266256332,True,False,True,-0.03738864557817578,
0,20,20,layer,degradation,0.92236328125,1.7533085346221924,1206,ATTACA,3.259765625,2347,CTCCCC,3.29296875,2347,CTCCCC,3.29296875,1206,ATTACA,0.004226893186569214,2347,CTCCCC,0.0015400465345010161,2829,GATCCT,0.08516911417245865,False,False,True,-0.0023075006902217865,
0,21,20,layer,degradation,0.9716796875,1.1999123096466064,1206,ATTACA,3.23828125,2347,CTCCCC,3.28515625,2347,CTCCCC,3.28515625,1206,ATTACA,0.004260096233338118,2347,CTCCCC,0.0014621819136664271,2829,GATCCT,0.0884886384010315,False,False,True,-0.004243828356266022,
0,22,20,layer,degradation,0.98583984375,1.1610913276672363,1206,ATTACA,3.23828125,2347,CTCCCC,3.2890625,2347,CTCCCC,3.2890625,1206,ATTACA,0.004268727730959654,2347,CTCCCC,0.001463022199459374,2829,GATCCT,0.0881122499704361,False,False,True,-0.002820756286382675,
0,23,20,layer,degradation,0.9931640625,1.0972532033920288,1206,ATTACA,3.240234375,2347,CTCCCC,3.29296875,2347,CTCCCC,3.29296875,1206,ATTACA,0.004279961809515953,2347,CTCCCC,0.0014614437241107225,2829,GATCCT,0.0883953794836998,False,False,True,-0.001981206238269806,
0,24,20,layer,degradation,1.0,1.1200940608978271,1206,ATTACA,3.234375,2347,CTCCCC,3.2890625,2347,CTCCCC,3.2890625,1206,ATTACA,0.004277098923921585,2347,CTCCCC,0.0014631650410592556,2829,GATCCT,0.08837535232305527,False,False,True,-0.0005179718136787415,
0,25,20,layer,degradation,1.013671875,0.9462116360664368,1206,ATTACA,3.234375,2347,CTCCCC,3.29296875,2347,CTCCCC,3.29296875,1206,ATTACA,0.0043084402568638325,2347,CTCCCC,0.0014596078544855118,2829,GATCCT,0.08916296064853668,False,False,True,-0.0007021613419055939,
0,26,20,layer,degradation,1.0283203125,0.8638666868209839,1206,ATTACA,3.23046875,2347,CTCCCC,3.29296875,2347,CTCCCC,3.29296875,1206,ATTACA,0.004321574233472347,2347,CTCCCC,0.0014562150463461876,2829,GATCCT,0.08961645513772964,False,False,True,-0.0015614256262779236,
0,27,20,layer,degradation,0.9931640625,0.9322975873947144,1206,ATTACA,3.23046875,2347,CTCCCC,3.283203125,2347,CTCCCC,3.283203125,1206,ATTACA,0.004293414764106274,2347,CTCCCC,0.0014417897909879684,2829,GATCCT,0.09094102680683136,False,False,True,-0.002802383154630661,
0,28,20,layer,degradation,1.013671875,0.8119553327560425,1206,ATTACA,3.2265625,2347,CTCCCC,3.28515625,2347,CTCCCC,3.28515625,1206,ATTACA,0.004310477990657091,2347,CTCCCC,0.0014347000978887081,2829,GATCCT,0.09224347770214081,False,False,True,-0.0011950843036174774,
0,29,20,layer,degradation,1.0,0.9661349058151245,1206,ATTACA,3.234375,2347,CTCCCC,3.2890625,2347,CTCCCC,3.2890625,1206,ATTACA,0.004312190692871809,2347,CTCCCC,0.0014673570403829217,2829,GATCCT,0.08991441875696182,False,False,True,-0.00029927119612693787,
0,30,20,layer,degradation,1.0283203125,1.179592251777649,1206,ATTACA,3.2265625,2347,CTCCCC,3.2890625,2347,CTCCCC,3.2890625,1206,ATTACA,0.004268553573638201,2347,CTCCCC,0.0014665612252429128,2829,GATCCT,0.09009905904531479,False,False,True,-0.0010015442967414856,
0,31,20,layer,degradation,1.0068359375,0.8870497941970825,1206,ATTACA,3.2265625,2347,CTCCCC,3.283203125,2347,CTCCCC,3.283203125,1206,ATTACA,0.0043134866282343864,2347,CTCCCC,0.0014527802122756839,2829,GATCCT,0.0897057056427002,False,False,True,-0.0010926984250545502,
0,32,20,layer,degradation,1.021484375,0.8563098907470703,1206,ATTACA,3.220703125,2347,CTCCCC,3.28125,2347,CTCCCC,3.28125,1206,ATTACA,0.004320413339883089,2347,CTCCCC,0.001453537493944168,2829,GATCCT,0.09068305045366287,False,False,True,-0.0002734661102294922,
0,33,20,layer,degradation,1.0,0.6466622352600098,1206,ATTACA,3.23046875,2347,CTCCCC,3.28515625,2347,CTCCCC,3.28515625,1206,ATTACA,0.00436786375939846,2347,CTCCCC,0.0014589112251996994,2829,GATCCT,0.09125472605228424,False,False,True,-0.00010915100574493408,
1,0,20,layer,degradation,0.9716796875,1.2698780298233032,1206,ATTACA,3.24609375,2347,CTCCCC,3.29296875,2347,CTCCCC,3.29296875,1206,ATTACA,0.00429407088086009,2347,CTCCCC,0.0015101989265531301,2829,GATCCT,0.08707898110151291,False,False,True,0.0016655251383781433,
1,1,20,layer,degradation,0.97900390625,1.2160015106201172,1206,ATTACA,3.25,2347,CTCCCC,3.298828125,2347,CTCCCC,3.298828125,1206,ATTACA,0.004321145825088024,2347,CTCCCC,0.001526460750028491,2829,GATCCT,0.08754249662160873,False,False,True,0.0015482045710086823,
1,2,20,layer,degradation,0.9931640625,0.9998120665550232,1206,ATTACA,3.240234375,2347,CTCCCC,3.29296875,2347,CTCCCC,3.29296875,1206,ATTACA,0.004336440935730934,2347,CTCCCC,0.001498366123996675,2829,GATCCT,0.08888115733861923,False,False,True,-0.000364452600479126,
1,3,20,layer,degradation,0.9716796875,1.1979912519454956,1206,ATTACA,3.25,2347,CTCCCC,3.296875,2347,CTCCCC,3.296875,1206,ATTACA,0.004291765857487917,2347,CTCCCC,0.0014934660866856575,2829,GATCCT,0.08876233547925949,False,False,True,-0.001154772937297821,
1,4,20,layer,degradation,0.96484375,1.4389680624008179,1206,ATTACA,3.251953125,2347,CTCCCC,3.296875,2347,CTCCCC,3.296875,1206,ATTACA,0.004238218534737825,2347,CTCCCC,0.0014882833929732442,2829,GATCCT,0.08831673860549927,False,False,True,-0.0012778006494045258,
1,5,20,layer,degradation,0.96484375,1.2429141998291016,1206,ATTACA,3.251953125,2347,CTCCCC,3.296875,2347,CTCCCC,3.296875,1206,ATTACA,0.004281916655600071,2347,CTCCCC,0.0014926329022273421,2829,GATCCT,0.0892341360449791,False,False,True,-0.0007471963763237,
1,6,20,layer,degradation,0.9716796875,1.2660833597183228,1206,ATTACA,3.244140625,2347,CTCCCC,3.291015625,2347,CTCCCC,3.291015625,1206,ATTACA,0.004262973554432392,2347,CTCCCC,0.001478340127505362,2829,GATCCT,0.09071192145347595,False,False,True,-0.0006227865815162659,
1,7,20,layer,degradation,0.95751953125,0.8659165501594543,1206,ATTACA,3.2421875,2347,CTCCCC,3.28515625,2347,CTCCCC,3.28515625,1206,ATTACA,0.004332439508289099,2347,CTCCCC,0.0014674917329102755,2829,GATCCT,0.09225058555603027,False,False,True,0.0002148859202861786,
1,8,20,layer,degradation,0.9716796875,1.1641539335250854,1206,ATTACA,3.23828125,2347,CTCCCC,3.28515625,2347,CTCCCC,3.28515625,1206,ATTACA,0.00428400794044137,2347,CTCCCC,0.0014789170818403363,2829,GATCCT,0.09038939327001572,False,False,True,0.0013475902378559113,
1,9,20,layer,degradation,0.98583984375,1.1340950727462769,1206,ATTACA,3.23046875,2347,CTCCCC,3.28125,2347,CTCCCC,3.28125,1206,ATTACA,0.004284210037440062,2347,CTCCCC,0.0014730861876159906,2829,GATCCT,0.0887332558631897,False,False,True,0.0014063045382499695,
1,10,20,layer,degradation,1.013671875,1.295530915260315,1206,ATTACA,3.22265625,2347,CTCCCC,3.28125,2347,CTCCCC,3.28125,1206,ATTACA,0.0042418972589075565,2347,CTCCCC,0.0014631737722083926,2829,GATCCT,0.08808910846710205,False,False,True,-0.00044231489300727844,
1,11,20,layer,degradation,1.0,1.306792974472046,1206,ATTACA,3.2265625,2347,CTCCCC,3.28125,2347,CTCCCC,3.28125,1206,ATTACA,0.004256715532392263,2347,CTCCCC,0.001480252598412335,2829,GATCCT,0.08715793490409851,False,False,True,-0.0017896927893161774,
1,12,20,layer,degradation,0.96484375,1.8073092699050903,1206,ATTACA,3.2578125,2347,CTCCCC,3.302734375,2347,CTCCCC,3.302734375,1206,ATTACA,0.004236932843923569,2347,CTCCCC,0.0015609243419021368,2829,GATCCT,0.08468765765428543,False,False,True,0.0008743330836296082,
1,13,20,layer,degradation,0.91552734375,1.5759018659591675,1206,ATTACA,3.279296875,2347,CTCCCC,3.310546875,2347,CTCCCC,3.310546875,1206,ATTACA,0.004291630815714598,2347,CTCCCC,0.0015691783046349883,2829,GATCCT,0.08513158559799194,False,False,True,-0.0011918991804122925,
1,14,20,layer,degradation,0.90869140625,1.6746294498443604,1206,ATTACA,3.28125,2347,CTCCCC,3.310546875,2347,CTCCCC,3.310546875,1206,ATTACA,0.004262307658791542,2347,CTCCCC,0.0015596699668094516,2829,GATCCT,0.08603484183549881,False,False,True,-0.003047514706850052,
1,15,20,layer,degradation,0.88037109375,0.8942051529884338,1206,ATTACA,3.271484375,2347,CTCCCC,3.29296875,2347,CTCCCC,3.29296875,1206,ATTACA,0.004370728507637978,2347,CTCCCC,0.0015114584239199758,2829,GATCCT,0.08697624504566193,False,False,True,-0.007765121757984161,
1,16,20,layer,degradation,0.88037109375,4.015531063079834,1206,ATTACA,3.298828125,2347,CTCCCC,3.3203125,2347,CTCCCC,3.3203125,1206,ATTACA,0.003935240209102631,2347,CTCCCC,0.001702425885014236,2829,GATCCT,0.0629105195403099,False,False,True,-0.0038118138909339905,
1,17,20,layer,degradation,0.53515625,-2.2370615005493164,1206,ATTACA,3.2421875,2347,CTCCCC,3.16796875,1206,ATTACA,3.2421875,1206,ATTACA,0.0044265869073569775,2347,CTCCCC,0.0009388656471855938,2829,GATCCT,0.10583508759737015,True,False,True,-0.032271983101964,
1,18,20,layer,degradation,0.45068359375,-2.301985502243042,1206,ATTACA,3.27734375,2347,CTCCCC,3.1796875,1206,ATTACA,3.27734375,1206,ATTACA,0.004461965057998896,2347,CTCCCC,0.0009612134308554232,2829,GATCCT,0.10788904875516891,True,False,True,-0.03463681507855654,
1,19,20,layer,degradation,0.478759765625,-4.329952716827393,1206,ATTACA,3.24609375,2347,CTCCCC,3.15625,1206,ATTACA,3.24609375,1206,ATTACA,0.00478010717779398,2347,CTCCCC,0.0008723388309590518,2829,GATCCT,0.1392459124326706,True,False,True,-0.02935449779033661,
1,20,20,layer,degradation,0.82373046875,1.3590198755264282,1206,ATTACA,3.296875,2347,CTCCCC,3.302734375,2347,CTCCCC,3.302734375,1206,ATTACA,0.004341042134910822,2347,CTCCCC,0.001575061003677547,2829,GATCCT,0.08428914099931717,False,False,True,0.001299440860748291,
1,21,20,layer,degradation,0.94384765625,1.3914685249328613,1206,ATTACA,3.26171875,2347,CTCCCC,3.30078125,2347,CTCCCC,3.30078125,1206,ATTACA,0.00426321430131793,2347,CTCCCC,0.0015037457924336195,2829,GATCCT,0.08760856837034225,False,False,True,-0.0018162764608860016,
1,22,20,layer,degradation,0.95068359375,1.0537002086639404,1206,ATTACA,3.251953125,2347,CTCCCC,3.29296875,2347,CTCCCC,3.29296875,1206,ATTACA,0.004286665469408035,2347,CTCCCC,0.0014594062231481075,2829,GATCCT,0.08826944977045059,False,False,True,-0.0025441572070121765,
1,23,20,layer,degradation,1.013671875,1.0686525106430054,1206,ATTACA,3.232421875,2347,CTCCCC,3.291015625,2347,CTCCCC,3.291015625,1206,ATTACA,0.004299521911889315,2347,CTCCCC,0.0014752636197954416,2829,GATCCT,0.08992016315460205,False,False,True,-0.00041490793228149414,
1,24,20,layer,degradation,0.9931640625,1.013740062713623,1206,ATTACA,3.240234375,2347,CTCCCC,3.29296875,2347,CTCCCC,3.29296875,1206,ATTACA,0.004307630006223917,2347,CTCCCC,0.0014723507920280099,2829,GATCCT,0.08833511173725128,False,False,True,0.0003520697355270386,
1,25,20,layer,degradation,0.9931640625,1.2354085445404053,1206,ATTACA,3.244140625,2347,CTCCCC,3.296875,2347,CTCCCC,3.296875,1206,ATTACA,0.004276802763342857,2347,CTCCCC,0.0014860127121210098,2829,GATCCT,0.08668382465839386,False,False,True,0.0005752742290496826,
1,26,20,layer,degradation,1.0068359375,1.181676983833313,1206,ATTACA,3.240234375,2347,CTCCCC,3.296875,2347,CTCCCC,3.296875,1206,ATTACA,0.004275543615221977,2347,CTCCCC,0.0014739695470780134,2829,GATCCT,0.08791425079107285,False,False,True,-0.0003387145698070526,
1,27,20,layer,degradation,0.9931640625,1.1640100479125977,1206,ATTACA,3.240234375,2347,CTCCCC,3.29296875,2347,CTCCCC,3.29296875,1206,ATTACA,0.004277112428098917,2347,CTCCCC,0.0014719926984980702,2829,GATCCT,0.08844038099050522,False,False,True,-0.0003924034535884857,
1,28,20,layer,degradation,1.013671875,0.8753631114959717,1206,ATTACA,3.234375,2347,CTCCCC,3.29296875,2347,CTCCCC,3.29296875,1206,ATTACA,0.004339634906500578,2347,CTCCCC,0.00147658318746835,2829,GATCCT,0.08954034000635147,False,False,True,-6.732717156410217e-05,
1,29,20,layer,degradation,1.0068359375,1.0237863063812256,1206,ATTACA,3.2421875,2347,CTCCCC,3.298828125,2347,CTCCCC,3.298828125,1206,ATTACA,0.004341150168329477,2347,CTCCCC,0.0015078872675076127,2829,GATCCT,0.08807937800884247,False,False,True,0.0001670829951763153,
1,30,20,layer,degradation,0.98583984375,0.9603936672210693,1206,ATTACA,3.2421875,2347,CTCCCC,3.29296875,2347,CTCCCC,3.29296875,1206,ATTACA,0.0043325647711753845,2347,CTCCCC,0.0014865787234157324,2829,GATCCT,0.08852707594633102,False,False,True,0.0005798488855361938,
1,31,20,layer,degradation,1.0068359375,0.901441752910614,1206,ATTACA,3.234375,2347,CTCCCC,3.291015625,2347,CTCCCC,3.291015625,1206,ATTACA,0.004346353933215141,2347,CTCCCC,0.0014885362470522523,2829,GATCCT,0.08942890167236328,False,False,True,4.0471553802490234e-05,
1,32,20,layer,degradation,1.0068359375,0.5590342283248901,1206,ATTACA,3.232421875,2347,CTCCCC,3.2890625,2347,CTCCCC,3.2890625,1206,ATTACA,0.004403863102197647,2347,CTCCCC,0.0014773235889151692,2829,GATCCT,0.09025067836046219,False,False,True,-3.100559115409851e-05,
1,33,20,layer,degradation,0.9931640625,0.7475498914718628,1206,ATTACA,3.232421875,2347,CTCCCC,3.28515625,2347,CTCCCC,3.28515625,1206,ATTACA,0.00436227023601532,2347,CTCCCC,0.0014735660515725613,2829,GATCCT,0.09045761823654175,False,False,True,2.133101224899292e-05,
2,0,20,layer,degradation,0.9931640625,1.3364794254302979,1206,ATTACA,3.240234375,2347,CTCCCC,3.29296875,2347,CTCCCC,3.29296875,1206,ATTACA,0.004250903148204088,2347,CTCCCC,0.0014803982339799404,2829,GATCCT,0.08773496001958847,False,False,True,-0.00013024359941482544,
2,1,20,layer,degradation,0.97900390625,1.2542088031768799,1206,ATTACA,3.244140625,2347,CTCCCC,3.29296875,2347,CTCCCC,3.29296875,1206,ATTACA,0.004271506331861019,2347,CTCCCC,0.0014844895340502262,2829,GATCCT,0.08852279931306839,False,False,True,-0.0001234486699104309,
2,2,20,layer,degradation,0.9716796875,0.7410070300102234,1206,ATTACA,3.2421875,2347,CTCCCC,3.2890625,2347,CTCCCC,3.2890625,1206,ATTACA,0.0043638115748763084,2347,CTCCCC,0.0014737943420186639,2829,GATCCT,0.08983471244573593,False,False,True,-0.00019023939967155457,
2,3,20,layer,degradation,0.96484375,0.9368149638175964,1206,ATTACA,3.251953125,2347,CTCCCC,3.296875,2347,CTCCCC,3.296875,1206,ATTACA,0.004366159439086914,2347,CTCCCC,0.0015154409920796752,2829,GATCCT,0.08813782781362534,False,False,True,0.00040965527296066284,
2,4,20,layer,degradation,0.94384765625,1.1428478956222534,1206,ATTACA,3.259765625,2347,CTCCCC,3.298828125,2347,CTCCCC,3.298828125,1206,ATTACA,0.004302651155740023,2347,CTCCCC,0.0014932840131223202,2829,GATCCT,0.08750496804714203,False,False,True,-0.0008821897208690643,
2,5,20,layer,degradation,0.9716796875,1.4158638715744019,1206,ATTACA,3.25,2347,CTCCCC,3.296875,2347,CTCCCC,3.296875,1206,ATTACA,0.004254978150129318,2347,CTCCCC,0.001500405720435083,2829,GATCCT,0.08727270364761353,False,False,True,-0.0009397193789482117,
2,6,20,layer,degradation,0.97900390625,1.7780345678329468,1206,ATTACA,3.25,2347,CTCCCC,3.298828125,2347,CTCCCC,3.298828125,1206,ATTACA,0.0042007495649158955,2347,CTCCCC,0.00151886569801718,2829,GATCCT,0.084581658244133,False,False,True,-0.00039234012365341187,
2,7,20,layer,degradation,0.98583984375,1.9629353284835815,1206,ATTACA,3.2421875,2347,CTCCCC,3.29296875,2347,CTCCCC,3.29296875,1206,ATTACA,0.0041911001317203045,2347,CTCCCC,0.001546325976960361,2829,GATCCT,0.08466595411300659,False,False,True,-8.986890316009521e-05,
2,8,20,layer,degradation,0.97900390625,1.7853221893310547,1206,ATTACA,3.232421875,2347,CTCCCC,3.28125,2347,CTCCCC,3.28125,1206,ATTACA,0.004193390719592571,2347,CTCCCC,0.0015129694947972894,2829,GATCCT,0.08717086911201477,False,False,True,-0.0004124976694583893,
2,9,20,layer,degradation,0.9931640625,1.5616375207901,1206,ATTACA,3.2265625,2347,CTCCCC,3.279296875,2347,CTCCCC,3.279296875,1206,ATTACA,0.004223940894007683,2347,CTCCCC,0.001498625730164349,2829,GATCCT,0.08729561418294907,False,False,True,-0.001666523516178131,
2,10,20,layer,degradation,1.03515625,1.4381746053695679,1206,ATTACA,3.21484375,2347,CTCCCC,3.279296875,2347,CTCCCC,3.279296875,1206,ATTACA,0.004227666649967432,2347,CTCCCC,0.0014775721356272697,2829,GATCCT,0.0884767547249794,False,False,True,-0.0003433637320995331,
2,11,20,layer,degradation,1.03515625,1.7306091785430908,1206,ATTACA,3.220703125,2347,CTCCCC,3.28515625,2347,CTCCCC,3.28515625,1206,ATTACA,0.00419669458642602,2347,CTCCCC,0.0015052922535687685,2829,GATCCT,0.08472982048988342,False,False,True,0.0001838989555835724,
2,12,20,layer,degradation,1.013671875,2.1378118991851807,1206,ATTACA,3.2421875,2347,CTCCCC,3.30078125,2347,CTCCCC,3.30078125,1206,ATTACA,0.004159534350037575,2347,CTCCCC,0.0015498583670705557,2829,GATCCT,0.083822101354599,False,False,True,0.0017662756145000458,
2,13,20,layer,degradation,0.9716796875,1.6336901187896729,1206,ATTACA,3.265625,2347,CTCCCC,3.3125,2347,CTCCCC,3.3125,1206,ATTACA,0.004276169929653406,2347,CTCCCC,0.0015653156442567706,2829,GATCCT,0.08560636639595032,False,False,True,0.00047712400555610657,
2,14,20,layer,degradation,0.92236328125,1.448028326034546,1206,ATTACA,3.283203125,2347,CTCCCC,3.31640625,2347,CTCCCC,3.31640625,1206,ATTACA,0.004297520965337753,2347,CTCCCC,0.0015494039980694652,2829,GATCCT,0.08576641231775284,False,False,True,-0.002274487167596817,
2,15,20,layer,degradation,0.95068359375,1.0113037824630737,1206,ATTACA,3.26171875,2347,CTCCCC,3.302734375,2347,CTCCCC,3.302734375,1206,ATTACA,0.0044206720776855946,2347,CTCCCC,0.0015849038027226925,2829,GATCCT,0.08158405870199203,False,False,True,0.0003118664026260376,
2,16,20,layer,degradation,0.96484375,2.666569232940674,1206,ATTACA,3.27734375,2347,CTCCCC,3.322265625,2347,CTCCCC,3.322265625,1206,ATTACA,0.0041746823117136955,2347,CTCCCC,0.0016711287898942828,2829,GATCCT,0.06758689880371094,False,False,True,0.011729128658771515,
2,17,20,layer,degradation,0.67626953125,-2.328665256500244,1206,ATTACA,3.1875,2347,CTCCCC,3.15234375,1206,ATTACA,3.1875,1206,ATTACA,0.004449500702321529,2347,CTCCCC,0.0009433943196199834,2829,GATCCT,0.11979766935110092,True,False,True,-0.02439999207854271,
2,18,20,layer,degradation,0.5986328125,-2.445915699005127,1206,ATTACA,3.19921875,2347,CTCCCC,3.142578125,1206,ATTACA,3.19921875,1206,ATTACA,0.004446049686521292,2347,CTCCCC,0.0009164108778350055,2829,GATCCT,0.12176807224750519,True,False,True,-0.02501370944082737,
2,19,20,layer,degradation,0.471923828125,-3.9375712871551514,1206,ATTACA,3.232421875,2347,CTCCCC,3.140625,1206,ATTACA,3.232421875,1206,ATTACA,0.00462406687438488,2347,CTCCCC,0.000795049942098558,2829,GATCCT,0.14870892465114594,True,False,True,-0.02688596211373806,
2,20,20,layer,degradation,0.8310546875,-0.18957944214344025,1206,ATTACA,3.291015625,2347,CTCCCC,3.298828125,2347,CTCCCC,3.298828125,1206,ATTACA,0.004502155818045139,2347,CTCCCC,0.0014253680128604174,2829,GATCCT,0.09354942291975021,False,False,True,-0.006688650697469711,
2,21,20,layer,degradation,0.84521484375,-0.19274763762950897,1206,ATTACA,3.2890625,2347,CTCCCC,3.30078125,2347,CTCCCC,3.30078125,1206,ATTACA,0.00445238733664155,2347,CTCCCC,0.0013749635545536876,2829,GATCCT,0.09672319144010544,False,False,True,-0.009002935141324997,
2,22,20,layer,degradation,0.94384765625,0.4674074947834015,1206,ATTACA,3.2578125,2347,CTCCCC,3.296875,2347,CTCCCC,3.296875,1206,ATTACA,0.004389244597405195,2347,CTCCCC,0.001444315304979682,2829,GATCCT,0.09069117903709412,False,False,True,-0.0040701888501644135,
2,23,20,layer,degradation,0.9716796875,0.899359405040741,1206,ATTACA,3.2421875,2347,CTCCCC,3.2890625,2347,CTCCCC,3.2890625,1206,ATTACA,0.0043122353963553905,2347,CTCCCC,0.001453999662771821,2829,GATCCT,0.09034858644008636,False,False,True,-0.001980997622013092,
2,24,20,layer,degradation,0.97900390625,1.0374103784561157,1206,ATTACA,3.244140625,2347,CTCCCC,3.29296875,2347,CTCCCC,3.29296875,1206,ATTACA,0.004320633597671986,2347,CTCCCC,0.001490105059929192,2829,GATCCT,0.0884019136428833,False,False,True,-0.0005569681525230408,
2,25,20,layer,degradation,0.9716796875,1.032071590423584,1206,ATTACA,3.2421875,2347,CTCCCC,3.2890625,2347,CTCCCC,3.2890625,1206,ATTACA,0.004313623066991568,2347,CTCCCC,0.0014820229262113571,2829,GATCCT,0.08795732259750366,False,False,True,4.8726797103881836e-05,
2,26,20,layer,degradation,0.98583984375,1.3149622678756714,1206,ATTACA,3.240234375,2347,CTCCCC,3.291015625,2347,CTCCCC,3.291015625,1206,ATTACA,0.004260657820850611,2347,CTCCCC,0.001485834363847971,2829,GATCCT,0.08638162165880203,False,False,True,0.0004743412137031555,
2,27,20,layer,degradation,0.97900390625,1.365655541419983,1206,ATTACA,3.2421875,2347,CTCCCC,3.291015625,2347,CTCCCC,3.291015625,1206,ATTACA,0.004251576028764248,2347,CTCCCC,0.001486926688812673,2829,GATCCT,0.08703277260065079,False,False,True,-0.0012329816818237305,
2,28,20,layer,degradation,0.9716796875,1.2562389373779297,1206,ATTACA,3.23828125,2347,CTCCCC,3.28515625,2347,CTCCCC,3.28515625,1206,ATTACA,0.0042555429972708225,2347,CTCCCC,0.001468933536671102,2829,GATCCT,0.08757511526346207,False,False,True,-0.0015424825251102448,
2,29,20,layer,degradation,0.95068359375,1.211668610572815,1206,ATTACA,3.251953125,2347,CTCCCC,3.29296875,2347,CTCCCC,3.29296875,1206,ATTACA,0.004294245038181543,2347,CTCCCC,0.0014986902242526412,2829,GATCCT,0.0872194841504097,False,False,True,-0.0007031746208667755,
2,30,20,layer,degradation,0.97900390625,1.2376219034194946,1206,ATTACA,3.25,2347,CTCCCC,3.298828125,2347,CTCCCC,3.298828125,1206,ATTACA,0.004295008722692728,2347,CTCCCC,0.0015046627959236503,2829,GATCCT,0.08638723939657211,False,False,True,0.0008866153657436371,
2,31,20,layer,degradation,0.97900390625,1.4384181499481201,1206,ATTACA,3.2421875,2347,CTCCCC,3.291015625,2347,CTCCCC,3.291015625,1206,ATTACA,0.004241438116878271,2347,CTCCCC,0.0014913923805579543,2829,GATCCT,0.08741813153028488,False,False,True,-0.0004295334219932556,
2,32,20,layer,degradation,0.9716796875,1.2799370288848877,1206,ATTACA,3.25,2347,CTCCCC,3.296875,2347,CTCCCC,3.296875,1206,ATTACA,0.004272988066077232,2347,CTCCCC,0.001491134986281395,2829,GATCCT,0.08881738036870956,False,False,True,-0.0005796477198600769,
2,33,20,layer,degradation,0.9716796875,1.1481378078460693,1206,ATTACA,3.24609375,2347,CTCCCC,3.29296875,2347,CTCCCC,3.29296875,1206,ATTACA,0.0043116104789078236,2347,CTCCCC,0.0015033050440251827,2829,GATCCT,0.08754413574934006,False,False,True,-0.0012096017599105835,
3,0,20,layer,degradation,0.9931640625,1.3581823110580444,1206,ATTACA,3.244140625,2347,CTCCCC,3.296875,2347,CTCCCC,3.296875,1206,ATTACA,0.004243320319801569,2347,CTCCCC,0.0014771712012588978,2829,GATCCT,0.08828958123922348,False,False,True,-0.0012724213302135468,
3,1,20,layer,degradation,0.97900390625,1.2690880298614502,1206,ATTACA,3.251953125,2347,CTCCCC,3.30078125,2347,CTCCCC,3.30078125,1206,ATTACA,0.004266825504601002,2347,CTCCCC,0.0014827949926257133,2829,GATCCT,0.08975664526224136,False,False,True,-0.001470077782869339,
3,2,20,layer,degradation,0.9716796875,0.8913455605506897,1206,ATTACA,3.251953125,2347,CTCCCC,3.298828125,2347,CTCCCC,3.298828125,1206,ATTACA,0.0043296003714203835,2347,CTCCCC,0.001469756243750453,2829,GATCCT,0.08878294378519058,False,False,True,-0.0015678927302360535,
3,3,20,layer,degradation,0.9931640625,1.170411467552185,1206,ATTACA,3.240234375,2347,CTCCCC,3.29296875,2347,CTCCCC,3.29296875,1206,ATTACA,0.004294527228921652,2347,CTCCCC,0.0014906920259818435,2829,GATCCT,0.08784899115562439,False,False,True,-8.845329284667969e-05,
3,4,20,layer,degradation,0.95751953125,1.215552568435669,1206,ATTACA,3.25,2347,CTCCCC,3.29296875,2347,CTCCCC,3.29296875,1206,ATTACA,0.004286779090762138,2347,CTCCCC,0.001492004026658833,2829,GATCCT,0.08807669579982758,False,False,True,-0.0020545460283756256,
3,5,20,layer,degradation,0.9931640625,1.353468894958496,1206,ATTACA,3.244140625,2347,CTCCCC,3.296875,2347,CTCCCC,3.296875,1206,ATTACA,0.004282164853066206,2347,CTCCCC,0.001515069743618369,2829,GATCCT,0.08699270337820053,False,False,True,-0.0009876824915409088,
3,6,20,layer,degradation,0.95751953125,0.7653281688690186,1206,ATTACA,3.25,2347,CTCCCC,3.29296875,2347,CTCCCC,3.29296875,1206,ATTACA,0.004384315572679043,2347,CTCCCC,0.0014991795178502798,2829,GATCCT,0.08778344094753265,False,False,True,-2.7805566787719727e-05,
3,7,20,layer,degradation,0.98583984375,2.3368310928344727,1206,ATTACA,3.251953125,2347,CTCCCC,3.302734375,2347,CTCCCC,3.302734375,1206,ATTACA,0.004194468259811401,2347,CTCCCC,0.0016247357707470655,2829,GATCCT,0.0802575945854187,False,False,True,0.004557490348815918,
3,8,20,layer,degradation,0.9931640625,2.4536349773406982,1206,ATTACA,3.244140625,2347,CTCCCC,3.296875,2347,CTCCCC,3.296875,1206,ATTACA,0.004166716244071722,2347,CTCCCC,0.0016204265411943197,2829,GATCCT,0.0807846337556839,False,False,True,0.0034548714756965637,
3,9,20,layer,degradation,0.9716796875,2.488287925720215,1206,ATTACA,3.25,2347,CTCCCC,3.296875,2347,CTCCCC,3.296875,1206,ATTACA,0.004176959861069918,2347,CTCCCC,0.0016376250423491001,2829,GATCCT,0.07900712639093399,False,False,True,0.0019047372043132782,
3,10,20,layer,degradation,0.96484375,1.2588026523590088,1206,ATTACA,3.234375,2347,CTCCCC,3.279296875,2347,CTCCCC,3.279296875,1206,ATTACA,0.004315211437642574,2347,CTCCCC,0.0015291166491806507,2829,GATCCT,0.08389760553836823,False,False,True,0.0008444264531135559,
3,11,20,layer,degradation,0.95068359375,1.0563753843307495,1206,ATTACA,3.240234375,2347,CTCCCC,3.28125,2347,CTCCCC,3.28125,1206,ATTACA,0.004351394716650248,2347,CTCCCC,0.0015246724942699075,2829,GATCCT,0.08440769463777542,False,False,True,0.0020309723913669586,
3,12,20,layer,degradation,0.91552734375,2.1399383544921875,1206,ATTACA,3.25390625,2347,CTCCCC,3.28515625,2347,CTCCCC,3.28515625,1206,ATTACA,0.004116766154766083,2347,CTCCCC,0.001507517066784203,2829,GATCCT,0.08343757688999176,False,False,True,0.0019271709024906158,
3,13,20,layer,degradation,0.88720703125,1.2831714153289795,1206,ATTACA,3.2734375,2347,CTCCCC,3.296875,2347,CTCCCC,3.296875,1206,ATTACA,0.004251121077686548,2347,CTCCCC,0.0014699172461405396,2829,GATCCT,0.08779436349868774,False,False,True,-0.0014567077159881592,
3,14,20,layer,degradation,0.85205078125,1.128272533416748,1206,ATTACA,3.2890625,2347,CTCCCC,3.302734375,2347,CTCCCC,3.302734375,1206,ATTACA,0.004272333811968565,2347,CTCCCC,0.0014600415015593171,2829,GATCCT,0.0908043384552002,False,False,True,-0.0035693757236003876,
3,15,20,layer,degradation,0.859375,-0.7458863258361816,1206,ATTACA,3.28515625,2347,CTCCCC,3.30078125,2347,CTCCCC,3.30078125,1206,ATTACA,0.004614640027284622,2347,CTCCCC,0.00142620038241148,2829,GATCCT,0.09527125209569931,False,False,True,-0.0073923468589782715,
3,16,20,layer,degradation,0.94384765625,0.6184374094009399,1206,ATTACA,3.283203125,2347,CTCCCC,3.322265625,2347,CTCCCC,3.322265625,1206,ATTACA,0.004463049117475748,2347,CTCCCC,0.0015484318137168884,2829,GATCCT,0.07915273308753967,False,False,True,-0.0029152072966098785,
3,17,20,layer,degradation,0.7041015625,-3.3778109550476074,1206,ATTACA,3.203125,2347,CTCCCC,3.17578125,1206,ATTACA,3.203125,1206,ATTACA,0.004579478874802589,2347,CTCCCC,0.000862807035446167,2829,GATCCT,0.12438374012708664,True,False,True,-0.022227413952350616,
3,18,20,layer,degradation,0.78857421875,-2.379777193069458,1206,ATTACA,3.13671875,2347,CTCCCC,3.1328125,1206,ATTACA,3.13671875,1206,ATTACA,0.00438769580796361,2347,CTCCCC,0.0008713311981409788,2829,GATCCT,0.12760241329669952,True,False,True,-0.019351612776517868,
3,19,20,layer,degradation,0.7392578125,-2.802799940109253,1206,ATTACA,3.1328125,2347,CTCCCC,3.115234375,1206,ATTACA,3.1328125,1206,ATTACA,0.004387926310300827,2347,CTCCCC,0.0007866601226851344,2829,GATCCT,0.1559211164712906,True,False,True,-0.017878161743283272,
3,20,20,layer,degradation,0.97900390625,1.3478970527648926,1206,ATTACA,3.25,2347,CTCCCC,3.298828125,2347,CTCCCC,3.298828125,1206,ATTACA,0.00430641695857048,2347,CTCCCC,0.0015382036799564958,2829,GATCCT,0.08712969720363617,False,False,True,0.004367835819721222,
3,21,20,layer,degradation,0.92236328125,2.452908754348755,1206,ATTACA,3.283203125,2347,CTCCCC,3.31640625,2347,CTCCCC,3.31640625,1206,ATTACA,0.00416626688092947,2347,CTCCCC,0.0016198314260691404,2829,GATCCT,0.08184787631034851,False,False,True,0.0029248185455799103,
3,22,20,layer,degradation,0.8310546875,1.4415748119354248,1206,ATTACA,3.302734375,2347,CTCCCC,3.310546875,2347,CTCCCC,3.310546875,1206,ATTACA,0.004290446639060974,2347,CTCCCC,0.0015410345513373613,2829,GATCCT,0.08387047797441483,False,False,True,-0.0010457336902618408,
3,23,20,layer,degradation,0.837890625,0.8289366364479065,1206,ATTACA,3.283203125,2347,CTCCCC,3.29296875,2347,CTCCCC,3.29296875,1206,ATTACA,0.004338447470217943,2347,CTCCCC,0.0014660778688266873,2829,GATCCT,0.08924444019794464,False,False,True,-0.005244389176368713,
3,24,20,layer,degradation,0.85205078125,1.4521257877349854,1206,ATTACA,3.27734375,2347,CTCCCC,3.291015625,2347,CTCCCC,3.291015625,1206,ATTACA,0.004229473415762186,2347,CTCCCC,0.0014821788063272834,2829,GATCCT,0.08537989109754562,False,False,True,-0.003603588789701462,
3,25,20,layer,degradation,0.9013671875,1.3842968940734863,1206,ATTACA,3.26171875,2347,CTCCCC,3.2890625,2347,CTCCCC,3.2890625,1206,ATTACA,0.004254673141986132,2347,CTCCCC,0.0014937652740627527,2829,GATCCT,0.08564779907464981,False,False,True,-0.0012216977775096893,
3,26,20,layer,degradation,0.90869140625,1.437153697013855,1206,ATTACA,3.259765625,2347,CTCCCC,3.2890625,2347,CTCCCC,3.2890625,1206,ATTACA,0.0042345873080194,2347,CTCCCC,0.001484287902712822,2829,GATCCT,0.08628382533788681,False,False,True,-0.00132688507437706,
3,27,20,layer,degradation,0.95751953125,1.1837152242660522,1206,ATTACA,3.24609375,2347,CTCCCC,3.2890625,2347,CTCCCC,3.2890625,1206,ATTACA,0.00426076864823699,2347,CTCCCC,0.001459603663533926,2829,GATCCT,0.08888288587331772,False,False,True,-0.001504644751548767,
3,28,20,layer,degradation,0.96484375,1.0632917881011963,1206,ATTACA,3.24609375,2347,CTCCCC,3.291015625,2347,CTCCCC,3.291015625,1206,ATTACA,0.004294222220778465,2347,CTCCCC,0.0014688880182802677,2829,GATCCT,0.08901257067918777,False,False,True,-0.0016016773879528046,
3,29,20,layer,degradation,1.013671875,1.4852136373519897,1206,ATTACA,3.234375,2347,CTCCCC,3.29296875,2347,CTCCCC,3.29296875,1206,ATTACA,0.00423460453748703,2347,CTCCCC,0.0014939508400857449,2829,GATCCT,0.08884264528751373,False,False,True,0.000892098993062973,
3,30,20,layer,degradation,1.013671875,1.5101217031478882,1206,ATTACA,3.25,2347,CTCCCC,3.30859375,2347,CTCCCC,3.30859375,1206,ATTACA,0.004263769369572401,2347,CTCCCC,0.0015281147789210081,2829,GATCCT,0.08695138245820999,False,False,True,0.003777850419282913,
3,31,20,layer,degradation,0.97900390625,1.7969485521316528,1206,ATTACA,3.263671875,2347,CTCCCC,3.3125,2347,CTCCCC,3.3125,1206,ATTACA,0.004241433460265398,2347,CTCCCC,0.0015633454313501716,2829,GATCCT,0.08453089743852615,False,False,True,0.003532782196998596,
3,32,20,layer,degradation,0.94384765625,1.8802679777145386,1206,ATTACA,3.271484375,2347,CTCCCC,3.310546875,2347,CTCCCC,3.310546875,1206,ATTACA,0.004245617892593145,2347,CTCCCC,0.001584252342581749,2829,GATCCT,0.08331899344921112,False,False,True,0.003392234444618225,
3,33,20,layer,degradation,0.9365234375,1.4167989492416382,1206,ATTACA,3.251953125,2347,CTCCCC,3.2890625,2347,CTCCCC,3.2890625,1206,ATTACA,0.004308100789785385,2347,CTCCCC,0.0015537160215899348,2829,GATCCT,0.0852212905883789,False,False,True,-0.00043107569217681885,
4,0,20,layer,degradation,1.013671875,1.1873416900634766,1206,ATTACA,3.234375,2347,CTCCCC,3.29296875,2347,CTCCCC,3.29296875,1206,ATTACA,0.004259526263922453,2347,CTCCCC,0.0014590892242267728,2829,GATCCT,0.08840662986040115,False,False,True,-1.7002224922180176e-05,
4,1,20,layer,degradation,1.0068359375,1.0962798595428467,1206,ATTACA,3.2421875,2347,CTCCCC,3.298828125,2347,CTCCCC,3.298828125,1206,ATTACA,0.004286336712539196,2347,CTCCCC,0.0014676233986392617,2829,GATCCT,0.08847571909427643,False,False,True,-0.0001630038022994995,
4,2,20,layer,degradation,0.94384765625,0.8061978816986084,1206,ATTACA,3.259765625,2347,CTCCCC,3.298828125,2347,CTCCCC,3.298828125,1206,ATTACA,0.0043264515697956085,2347,CTCCCC,0.0014495181385427713,2829,GATCCT,0.08814758062362671,False,False,True,-0.0005259774625301361,
4,3,20,layer,degradation,1.0,1.2138437032699585,1206,ATTACA,3.24609375,2347,CTCCCC,3.30078125,2347,CTCCCC,3.30078125,1206,ATTACA,0.004298713989555836,2347,CTCCCC,0.0015035958494991064,2829,GATCCT,0.08861349523067474,False,False,True,-8.691102266311646e-06,
4,4,20,layer,degradation,0.9716796875,1.510440707206726,1206,ATTACA,3.25390625,2347,CTCCCC,3.30078125,2347,CTCCCC,3.30078125,1206,ATTACA,0.004275065381079912,2347,CTCCCC,0.001539474818855524,2829,GATCCT,0.08661951869726181,False,False,True,-0.00019570812582969666,
4,5,20,layer,degradation,1.0068359375,1.3962793350219727,1206,ATTACA,3.251953125,2347,CTCCCC,3.30859375,2347,CTCCCC,3.30859375,1206,ATTACA,0.004351331852376461,2347,CTCCCC,0.001592828892171383,2829,GATCCT,0.08656514436006546,False,False,True,0.0011129826307296753,
4,6,20,layer,degradation,1.0068359375,1.0796176195144653,1206,ATTACA,3.24609375,2347,CTCCCC,3.302734375,2347,CTCCCC,3.302734375,1206,ATTACA,0.004379694350063801,2347,CTCCCC,0.0015576367732137442,2829,GATCCT,0.08553547412157059,False,False,True,0.0010630153119564056,
4,7,20,layer,degradation,1.021484375,2.1418943405151367,1206,ATTACA,3.251953125,2347,CTCCCC,3.3125,2347,CTCCCC,3.3125,1206,ATTACA,0.00422623148187995,2347,CTCCCC,0.0016173749463632703,2829,GATCCT,0.08007950335741043,False,False,True,0.0004245191812515259,
4,8,20,layer,degradation,1.0283203125,3.332085132598877,1206,ATTACA,3.23828125,2347,CTCCCC,3.30078125,2347,CTCCCC,3.30078125,1206,ATTACA,0.004008729476481676,2347,CTCCCC,0.0016387463547289371,2829,GATCCT,0.07410812377929688,False,False,True,-3.4496188163757324e-05,
4,9,20,layer,degradation,0.9716796875,2.405094861984253,1206,ATTACA,3.24609375,2347,CTCCCC,3.29296875,2347,CTCCCC,3.29296875,1206,ATTACA,0.004193347413092852,2347,CTCCCC,0.0016373156104236841,2829,GATCCT,0.07786490023136139,False,False,True,0.00026768818497657776,
4,10,20,layer,degradation,0.9716796875,1.553983211517334,1206,ATTACA,3.224609375,2347,CTCCCC,3.271484375,2347,CTCCCC,3.271484375,1206,ATTACA,0.004243799485266209,2347,CTCCCC,0.0015169479884207249,2829,GATCCT,0.08420717716217041,False,False,True,0.0007922239601612091,
4,11,20,layer,degradation,1.0068359375,0.9106040596961975,1206,ATTACA,3.224609375,2347,CTCCCC,3.28125,2347,CTCCCC,3.28125,1206,ATTACA,0.0043447320349514484,2347,CTCCCC,0.001488753012381494,2829,GATCCT,0.09301198273897171,False,False,True,0.0017545334994792938,
4,12,20,layer,degradation,0.98583984375,1.9738123416900635,1206,ATTACA,3.234375,2347,CTCCCC,3.28515625,2347,CTCCCC,3.28515625,1206,ATTACA,0.004102346487343311,2347,CTCCCC,0.0014597553526982665,2829,GATCCT,0.09315387904644012,False,False,True,5.11854887008667e-06,
4,13,20,layer,degradation,0.90869140625,-0.011331681162118912,1206,ATTACA,3.283203125,2347,CTCCCC,3.3125,2347,CTCCCC,3.3125,1206,ATTACA,0.0044908407144248486,2347,CTCCCC,0.0014498275704681873,2829,GATCCT,0.09535679221153259,False,False,True,-0.004068460315465927,
4,14,20,layer,degradation,0.89453125,-0.2597423791885376,1206,ATTACA,3.279296875,2347,CTCCCC,3.3046875,2347,CTCCCC,3.3046875,1206,ATTACA,0.004551033489406109,2347,CTCCCC,0.0014601638540625572,2829,GATCCT,0.09757131338119507,False,False,True,-0.005328301340341568,
4,15,20,layer,degradation,0.90869140625,-0.6307516694068909,1206,ATTACA,3.2890625,2347,CTCCCC,3.318359375,2347,CTCCCC,3.318359375,1206,ATTACA,0.004653438925743103,2347,CTCCCC,0.0014881070237606764,2829,GATCCT,0.09215807914733887,False,False,True,-0.005601808428764343,
4,16,20,layer,degradation,0.91552734375,0.3604374825954437,1206,ATTACA,3.27734375,2347,CTCCCC,3.30859375,2347,CTCCCC,3.30859375,1206,ATTACA,0.004532001446932554,2347,CTCCCC,0.0015656031901016831,2829,GATCCT,0.08786950260400772,False,False,True,-0.0015842579305171967,
4,17,20,layer,degradation,0.60546875,-1.8021596670150757,1206,ATTACA,3.24609375,2347,CTCCCC,3.19140625,1206,ATTACA,3.24609375,1206,ATTACA,0.004298786167055368,2347,CTCCCC,0.0008983504376374185,2829,GATCCT,0.12017055600881577,True,False,True,-0.027526171877980232,
4,18,20,layer,degradation,0.626953125,-1.3665789365768433,1206,ATTACA,3.201171875,2347,CTCCCC,3.15234375,1206,ATTACA,3.201171875,1206,ATTACA,0.0042325095273554325,2347,CTCCCC,0.0009194958256557584,2829,GATCCT,0.12117358297109604,True,False,True,-0.025104179978370667,
4,19,20,layer,degradation,0.7392578125,-2.7930216789245605,1206,ATTACA,3.19140625,2347,CTCCCC,3.173828125,1067,ATCCCC,3.19921875,1206,ATTACA,0.004401480313390493,2347,CTCCCC,0.000802176829893142,2829,GATCCT,0.13734005391597748,False,False,True,-0.018802229315042496,
4,20,20,layer,degradation,0.95068359375,-0.7217543125152588,1206,ATTACA,3.244140625,2347,CTCCCC,3.28515625,2347,CTCCCC,3.28515625,1206,ATTACA,0.004618788603693247,2347,CTCCCC,0.0014351923018693924,2829,GATCCT,0.09599488228559494,False,False,True,-0.002401161938905716,
4,21,20,layer,degradation,0.89453125,0.05965025722980499,1206,ATTACA,3.271484375,2347,CTCCCC,3.296875,2347,CTCCCC,3.296875,1206,ATTACA,0.00447315676137805,2347,CTCCCC,0.001446389826014638,2829,GATCCT,0.09125764667987823,False,False,True,-0.005557678639888763,
4,22,20,layer,degradation,0.74658203125,0.28711798787117004,1206,ATTACA,3.3046875,2347,CTCCCC,3.2890625,1206,ATTACA,3.3046875,1206,ATTACA,0.004436611197888851,2347,CTCCCC,0.0014554975787177682,2829,GATCCT,0.08772596716880798,True,False,True,-0.006651364266872406,
4,23,20,layer,degradation,0.88720703125,1.0886534452438354,1206,ATTACA,3.2734375,2347,CTCCCC,3.296875,2347,CTCCCC,3.296875,1206,ATTACA,0.004303068853914738,2347,CTCCCC,0.0014828249113634229,2829,GATCCT,0.08569779247045517,False,False,True,-0.002134416252374649,
4,24,20,layer,degradation,0.88720703125,1.5870572328567505,1206,ATTACA,3.26953125,2347,CTCCCC,3.29296875,2347,CTCCCC,3.29296875,1206,ATTACA,0.004199462477117777,2347,CTCCCC,0.001479248865507543,2829,GATCCT,0.08325879275798798,False,False,True,-0.0004891268908977509,
4,25,20,layer,degradation,0.9296875,1.130082368850708,1206,ATTACA,3.25,2347,CTCCCC,3.28515625,2347,CTCCCC,3.28515625,1206,ATTACA,0.004268201068043709,2347,CTCCCC,0.0014562718570232391,2829,GATCCT,0.0860670804977417,False,False,True,0.0002696402370929718,
4,26,20,layer,degradation,0.91552734375,1.262457013130188,1206,ATTACA,3.251953125,2347,CTCCCC,3.283203125,2347,CTCCCC,3.283203125,1206,ATTACA,0.0042869835160672665,2347,CTCCCC,0.0015016222605481744,2829,GATCCT,0.08543739467859268,False,False,True,-0.002622317522764206,
4,27,20,layer,degradation,0.9365234375,1.3604316711425781,1206,ATTACA,3.251953125,2347,CTCCCC,3.2890625,2347,CTCCCC,3.2890625,1206,ATTACA,0.004252071492373943,2347,CTCCCC,0.001486373832449317,2829,GATCCT,0.08769749104976654,False,False,True,-0.0034639015793800354,
4,28,20,layer,degradation,0.95751953125,1.6838346719741821,1206,ATTACA,3.2421875,2347,CTCCCC,3.28515625,2347,CTCCCC,3.28515625,1206,ATTACA,0.004214716609567404,2347,CTCCCC,0.0015139265451580286,2829,GATCCT,0.08826228976249695,False,False,True,-0.0032668374478816986,
4,29,20,layer,degradation,0.9716796875,1.6012578010559082,1206,ATTACA,3.24609375,2347,CTCCCC,3.29296875,2347,CTCCCC,3.29296875,1206,ATTACA,0.004213561769574881,2347,CTCCCC,0.0014961983542889357,2829,GATCCT,0.08792493492364883,False,False,True,-0.0014787614345550537,
4,30,20,layer,degradation,0.9296875,1.1931548118591309,1206,ATTACA,3.2578125,2347,CTCCCC,3.29296875,2347,CTCCCC,3.29296875,1206,ATTACA,0.004304252099245787,2347,CTCCCC,0.0015049816574901342,2829,GATCCT,0.08682848513126373,False,False,True,-5.657225847244263e-05,
4,31,20,layer,degradation,0.85205078125,1.2046895027160645,1206,ATTACA,3.27734375,2347,CTCCCC,3.291015625,2347,CTCCCC,3.291015625,1206,ATTACA,0.004302952438592911,2347,CTCCCC,0.0015059971483424306,2829,GATCCT,0.08465316891670227,False,False,True,-0.0008067935705184937,
4,32,20,layer,degradation,0.873046875,1.1793938875198364,1206,ATTACA,3.2734375,2347,CTCCCC,3.29296875,2347,CTCCCC,3.29296875,1206,ATTACA,0.004332325886934996,2347,CTCCCC,0.001530293608084321,2829,GATCCT,0.08398780226707458,False,False,True,0.0008981451392173767,
4,33,20,layer,degradation,0.94384765625,1.9152884483337402,1206,ATTACA,3.251953125,2347,CTCCCC,3.291015625,2347,CTCCCC,3.291015625,1206,ATTACA,0.0041841077618300915,2347,CTCCCC,0.0015297707868739963,2829,GATCCT,0.08406165987253189,False,False,True,-0.0007243305444717407,
5,0,20,layer,degradation,0.97900390625,0.5263663530349731,1206,ATTACA,3.240234375,2347,CTCCCC,3.2890625,2347,CTCCCC,3.2890625,1206,ATTACA,0.004362551029771566,2347,CTCCCC,0.0014294550055637956,2829,GATCCT,0.09131356328725815,False,False,True,-0.0007319450378417969,
5,1,20,layer,degradation,0.96484375,0.3195376396179199,1206,ATTACA,3.244140625,2347,CTCCCC,3.2890625,2347,CTCCCC,3.2890625,1206,ATTACA,0.004416849929839373,2347,CTCCCC,0.001442242763005197,2829,GATCCT,0.09324347972869873,False,False,True,-8.393079042434692e-06,
5,2,20,layer,degradation,0.873046875,-0.20256423950195312,1206,ATTACA,3.26953125,2347,CTCCCC,3.2890625,2347,CTCCCC,3.2890625,1206,ATTACA,0.004493711981922388,2347,CTCCCC,0.0014143182197585702,2829,GATCCT,0.09088447690010071,False,False,True,-0.0008944384753704071,
5,3,20,layer,degradation,0.90869140625,0.7325291633605957,1206,ATTACA,3.263671875,2347,CTCCCC,3.29296875,2347,CTCCCC,3.29296875,1206,ATTACA,0.004379436373710632,2347,CTCCCC,0.0014877174980938435,2829,GATCCT,0.0883721187710762,False,False,True,0.00038212910294532776,
5,4,20,layer,degradation,0.95068359375,0.8758712410926819,1206,ATTACA,3.2578125,2347,CTCCCC,3.298828125,2347,CTCCCC,3.298828125,1206,ATTACA,0.004393497481942177,2347,CTCCCC,0.0015305475099012256,2829,GATCCT,0.08336203545331955,False,False,True,0.0021053701639175415,
5,5,20,layer,degradation,1.0419921875,1.0600237846374512,1206,ATTACA,3.234375,2347,CTCCCC,3.30078125,2347,CTCCCC,3.30078125,1206,ATTACA,0.004414746072143316,2347,CTCCCC,0.0015887559857219458,2829,GATCCT,0.08548121154308319,False,False,True,0.003257904201745987,
5,6,20,layer,degradation,1.0,0.6689648032188416,1206,ATTACA,3.24609375,2347,CTCCCC,3.30078125,2347,CTCCCC,3.30078125,1206,ATTACA,0.004472522996366024,2347,CTCCCC,0.0015680466312915087,2829,GATCCT,0.08559100329875946,False,False,True,0.0031808950006961823,
5,7,20,layer,degradation,0.9931640625,2.0127110481262207,1206,ATTACA,3.25,2347,CTCCCC,3.302734375,2347,CTCCCC,3.302734375,1206,ATTACA,0.00425318768247962,2347,CTCCCC,0.001618403708562255,2829,GATCCT,0.08184564113616943,False,False,True,0.0015164762735366821,
5,8,20,layer,degradation,1.021484375,3.99719500541687,1206,ATTACA,3.240234375,2347,CTCCCC,3.30078125,2347,CTCCCC,3.30078125,1206,ATTACA,0.0039100078865885735,2347,CTCCCC,0.0016735136741772294,2829,GATCCT,0.06891199946403503,False,False,True,0.0007230006158351898,
5,9,20,layer,degradation,1.0,4.137979030609131,1206,ATTACA,3.2421875,2347,CTCCCC,3.296875,2347,CTCCCC,3.296875,1206,ATTACA,0.0038784209173172712,2347,CTCCCC,0.001670182216912508,2829,GATCCT,0.06796319037675858,False,False,True,-0.0006460249423980713,
5,10,20,layer,degradation,0.9296875,2.9924094676971436,1206,ATTACA,3.24609375,2347,CTCCCC,3.28125,2347,CTCCCC,3.28125,1206,ATTACA,0.003986249212175608,2347,CTCCCC,0.0015480925794690847,2829,GATCCT,0.07156708836555481,False,False,True,-0.0023499056696891785,
5,11,20,layer,degradation,0.90869140625,1.6060291528701782,1206,ATTACA,3.259765625,2347,CTCCCC,3.2890625,2347,CTCCCC,3.2890625,1206,ATTACA,0.004204178228974342,2347,CTCCCC,0.0014877725625410676,2829,GATCCT,0.0852261334657669,False,False,True,-0.0023453831672668457,
5,12,20,layer,degradation,0.96484375,3.0373430252075195,1206,ATTACA,3.24609375,2347,CTCCCC,3.291015625,2347,CTCCCC,3.291015625,1206,ATTACA,0.0038990380708128214,2347,CTCCCC,0.001469899551011622,2829,GATCCT,0.0886954516172409,False,False,True,-0.0016594082117080688,
5,13,20,layer,degradation,0.91552734375,0.8333565592765808,1206,ATTACA,3.26953125,2347,CTCCCC,3.30078125,2347,CTCCCC,3.30078125,1206,ATTACA,0.004275685641914606,2347,CTCCCC,0.0014042028924450278,2829,GATCCT,0.093648761510849,False,False,True,-0.005315680056810379,
5,14,20,layer,degradation,0.90869140625,-0.005900177173316479,1206,ATTACA,3.2734375,2347,CTCCCC,3.302734375,2347,CTCCCC,3.302734375,1206,ATTACA,0.004470259416848421,2347,CTCCCC,0.0014303362695500255,2829,GATCCT,0.09680961817502975,False,False,True,-0.004556708037853241,
5,15,20,layer,degradation,0.91552734375,-1.9306364059448242,1206,ATTACA,3.28125,2347,CTCCCC,3.3125,2347,CTCCCC,3.3125,1206,ATTACA,0.004831171594560146,2347,CTCCCC,0.0014049502788111567,2829,GATCCT,0.09980254620313644,False,False,True,-0.004777304828166962,
5,16,20,layer,degradation,0.9296875,1.0467536449432373,1206,ATTACA,3.26171875,2347,CTCCCC,3.296875,2347,CTCCCC,3.296875,1206,ATTACA,0.004389856476336718,2347,CTCCCC,0.0015612030401825905,2829,GATCCT,0.08413215726613998,False,False,True,0.007028423249721527,
5,17,20,layer,degradation,0.767578125,-1.9214462041854858,1206,ATTACA,3.185546875,2347,CTCCCC,3.17578125,1067,ATCCCC,3.1875,1206,ATTACA,0.004321965854614973,2347,CTCCCC,0.0008975891396403313,2829,GATCCT,0.12205074727535248,False,False,True,-0.02187822200357914,
5,18,20,layer,degradation,0.802734375,-1.354659080505371,1206,ATTACA,3.1484375,2347,CTCCCC,3.1484375,1206,ATTACA,3.1484375,1206,ATTACA,0.004201382398605347,2347,CTCCCC,0.0008907609153538942,2829,GATCCT,0.11987200379371643,True,False,True,-0.02111014723777771,
5,19,20,layer,degradation,0.7041015625,-3.127866506576538,1206,ATTACA,3.193359375,2347,CTCCCC,3.166015625,1067,ATCCCC,3.201171875,1206,ATTACA,0.004434498492628336,2347,CTCCCC,0.0007679908885620534,2829,GATCCT,0.15083806216716766,False,False,True,-0.016588903963565826,
5,20,20,layer,degradation,0.88037109375,-1.9596164226531982,1206,ATTACA,3.2578125,2347,CTCCCC,3.279296875,2347,CTCCCC,3.279296875,1206,ATTACA,0.004766561556607485,2347,CTCCCC,0.0013345240149646997,2829,GATCCT,0.11781100928783417,False,False,True,-0.006350554525852203,
5,21,20,layer,degradation,0.81005859375,-1.8255990743637085,1206,ATTACA,3.291015625,2347,CTCCCC,3.29296875,2347,CTCCCC,3.29296875,1206,ATTACA,0.004831849131733179,2347,CTCCCC,0.0014267091173678637,2829,GATCCT,0.10922130197286606,False,False,True,-0.0024544037878513336,
5,22,20,layer,degradation,0.89453125,-1.1102739572525024,1206,ATTACA,3.265625,2347,CTCCCC,3.291015625,2347,CTCCCC,3.291015625,1206,ATTACA,0.0046765548177063465,2347,CTCCCC,0.0014149819035083055,2829,GATCCT,0.10204198211431503,False,False,True,-0.004738569259643555,
5,23,20,layer,degradation,0.90869140625,0.6517642736434937,1206,ATTACA,3.25390625,2347,CTCCCC,3.283203125,2347,CTCCCC,3.283203125,1206,ATTACA,0.004327146802097559,2347,CTCCCC,0.0014192181406542659,2829,GATCCT,0.0894353985786438,False,False,True,-0.0021484754979610443,
5,24,20,layer,degradation,0.88037109375,1.35280179977417,1206,ATTACA,3.259765625,2347,CTCCCC,3.28125,2347,CTCCCC,3.28125,1206,ATTACA,0.004179154522716999,2347,CTCCCC,0.001411925652064383,2829,GATCCT,0.0853390321135521,False,False,True,-0.0032867565751075745,
5,25,20,layer,degradation,0.9296875,1.3260897397994995,1206,ATTACA,3.24609375,2347,CTCCCC,3.28125,2347,CTCCCC,3.28125,1206,ATTACA,0.004203809890896082,2347,CTCCCC,0.0014312196290120482,2829,GATCCT,0.0858687087893486,False,False,True,-0.0014803484082221985,
5,26,20,layer,degradation,0.84521484375,1.8432403802871704,1206,ATTACA,3.26953125,2347,CTCCCC,3.28125,2347,CTCCCC,3.28125,1206,ATTACA,0.00417967326939106,2347,CTCCCC,0.0015108761144801974,2829,GATCCT,0.08156429976224899,False,False,True,-0.002289939671754837,
5,27,20,layer,degradation,0.9365234375,2.1495797634124756,1206,ATTACA,3.265625,2347,CTCCCC,3.302734375,2347,CTCCCC,3.302734375,1206,ATTACA,0.0041455356404185295,2347,CTCCCC,0.0015382214915007353,2829,GATCCT,0.08391562104225159,False,False,True,-0.002597399055957794,
5,28,20,layer,degradation,0.89453125,2.3787877559661865,1206,ATTACA,3.271484375,2347,CTCCCC,3.296875,2347,CTCCCC,3.296875,1206,ATTACA,0.004135012160986662,2347,CTCCCC,0.0015737004578113556,2829,GATCCT,0.08274005353450775,False,False,True,-0.0036078356206417084,
5,29,20,layer,degradation,0.95751953125,1.979596495628357,1206,ATTACA,3.25390625,2347,CTCCCC,3.296875,2347,CTCCCC,3.296875,1206,ATTACA,0.004163872450590134,2347,CTCCCC,0.001522442209534347,2829,GATCCT,0.0878184363245964,False,False,True,-0.00321086123585701,
5,30,20,layer,degradation,0.91552734375,1.0753577947616577,1206,ATTACA,3.2578125,2347,CTCCCC,3.2890625,2347,CTCCCC,3.2890625,1206,ATTACA,0.00435696030035615,2347,CTCCCC,0.001534047769382596,2829,GATCCT,0.08807298541069031,False,False,True,-0.0020975209772586823,
5,31,20,layer,degradation,0.859375,1.0787463188171387,1206,ATTACA,3.2734375,2347,CTCCCC,3.2890625,2347,CTCCCC,3.2890625,1206,ATTACA,0.004353133030235767,2347,CTCCCC,0.0015309005975723267,2829,GATCCT,0.08536900579929352,False,False,True,-0.002616003155708313,
5,32,20,layer,degradation,0.82373046875,1.3458657264709473,1206,ATTACA,3.27734375,2347,CTCCCC,3.283203125,2347,CTCCCC,3.283203125,1206,ATTACA,0.004282059147953987,2347,CTCCCC,0.0015134380664676428,2829,GATCCT,0.08139774203300476,False,False,True,-0.002334184944629669,
5,33,20,layer,degradation,0.89453125,2.302577257156372,1206,ATTACA,3.2578125,2347,CTCCCC,3.283203125,2347,CTCCCC,3.283203125,1206,ATTACA,0.004085849970579147,2347,CTCCCC,0.0015092428075149655,2829,GATCCT,0.07899105548858643,False,False,True,-0.0033542774617671967,
6,0,20,layer,degradation,1.0,0.5246819257736206,1206,ATTACA,3.22265625,2347,CTCCCC,3.27734375,2347,CTCCCC,3.27734375,1206,ATTACA,0.004313418176025152,2347,CTCCCC,0.001379984081722796,2829,GATCCT,0.09146934747695923,False,False,True,-0.0017204172909259796,
6,1,20,layer,degradation,0.94384765625,-0.3015842139720917,1206,ATTACA,3.240234375,2347,CTCCCC,3.279296875,2347,CTCCCC,3.279296875,1206,ATTACA,0.0044481693767011166,2347,CTCCCC,0.001348902122117579,2829,GATCCT,0.09827917069196701,False,False,True,-0.0023156702518463135,
6,2,20,layer,degradation,0.94384765625,-0.30957484245300293,1206,ATTACA,3.2421875,2347,CTCCCC,3.28125,2347,CTCCCC,3.28125,1206,ATTACA,0.004470705986022949,2347,CTCCCC,0.0013698347611352801,2829,GATCCT,0.09673512727022171,False,False,True,-0.0015750899910926819,
6,3,20,layer,degradation,0.91552734375,-0.4523763060569763,1206,ATTACA,3.23828125,2347,CTCCCC,3.26953125,2347,CTCCCC,3.26953125,1206,ATTACA,0.004567709751427174,2347,CTCCCC,0.0014381781220436096,2829,GATCCT,0.0950782373547554,False,False,True,0.0002682209014892578,
6,4,20,layer,degradation,0.98583984375,-0.0062946053221821785,1206,ATTACA,3.234375,2347,CTCCCC,3.28515625,2347,CTCCCC,3.28515625,1206,ATTACA,0.004569327924400568,2347,CTCCCC,0.0015293258475139737,2829,GATCCT,0.08716381341218948,False,False,True,0.0030800364911556244,
6,5,20,layer,degradation,0.97900390625,-0.34419867396354675,1206,ATTACA,3.22265625,2347,CTCCCC,3.271484375,2347,CTCCCC,3.271484375,1206,ATTACA,0.00464411498978734,2347,CTCCCC,0.0015362948179244995,2829,GATCCT,0.08867835998535156,False,False,True,0.0031776949763298035,
6,6,20,layer,degradation,1.0283203125,0.42990899085998535,1206,ATTACA,3.23046875,2347,CTCCCC,3.29296875,2347,CTCCCC,3.29296875,1206,ATTACA,0.0045206593349576,2347,CTCCCC,0.0015682040248066187,2829,GATCCT,0.0867752879858017,False,False,True,0.00307493656873703,
6,7,20,layer,degradation,1.140625,2.861787796020508,1206,ATTACA,3.21484375,2347,CTCCCC,3.30859375,2347,CTCCCC,3.30859375,1206,ATTACA,0.004150313790887594,2347,CTCCCC,0.0016859411261975765,2829,GATCCT,0.08171631395816803,False,False,True,0.003761719912290573,
6,8,20,layer,degradation,1.140625,4.529476642608643,1206,ATTACA,3.205078125,2347,CTCCCC,3.298828125,2347,CTCCCC,3.298828125,1206,ATTACA,0.0037808443885296583,2347,CTCCCC,0.001651179976761341,2829,GATCCT,0.06784205883741379,False,False,True,-0.001012951135635376,
6,9,20,layer,degradation,1.0634765625,4.41765022277832,1206,ATTACA,3.212890625,2347,CTCCCC,3.28515625,2347,CTCCCC,3.28515625,1206,ATTACA,0.003766479901969433,2347,CTCCCC,0.0016143717803061008,2829,GATCCT,0.06840705871582031,False,False,True,-0.0024724118411540985,
6,10,20,layer,degradation,0.92236328125,2.5343291759490967,1206,ATTACA,3.23046875,2347,CTCCCC,3.263671875,2347,CTCCCC,3.263671875,1206,ATTACA,0.003994345664978027,2347,CTCCCC,0.0014642513124272227,2829,GATCCT,0.07215038686990738,False,False,True,-0.005466915667057037,
6,11,20,layer,degradation,0.95068359375,1.3799848556518555,1206,ATTACA,3.232421875,2347,CTCCCC,3.2734375,2347,CTCCCC,3.2734375,1206,ATTACA,0.00421737739816308,2347,CTCCCC,0.0014556042151525617,2829,GATCCT,0.08585583418607712,False,False,True,-0.002043250948190689,
6,12,20,layer,degradation,1.013671875,1.4592416286468506,1206,ATTACA,3.23828125,2347,CTCCCC,3.296875,2347,CTCCCC,3.296875,1206,ATTACA,0.004214336164295673,2347,CTCCCC,0.0014684699708595872,2829,GATCCT,0.0905514732003212,False,False,True,-0.0012953169643878937,
6,13,20,layer,degradation,0.97900390625,0.10693636536598206,1206,ATTACA,3.259765625,2347,CTCCCC,3.30859375,2347,CTCCCC,3.30859375,1206,ATTACA,0.004494686610996723,2347,CTCCCC,0.0014774102019146085,2829,GATCCT,0.09219633787870407,False,False,True,-0.0015603750944137573,
6,14,20,layer,degradation,0.98583984375,-0.4151979982852936,1206,ATTACA,3.271484375,2347,CTCCCC,3.322265625,2347,CTCCCC,3.322265625,1206,ATTACA,0.004625124856829643,2347,CTCCCC,0.0015030549839138985,2829,GATCCT,0.09480681270360947,False,False,True,-0.002439163625240326,
6,15,20,layer,degradation,0.88037109375,-2.5869250297546387,1206,ATTACA,3.279296875,2347,CTCCCC,3.30078125,2347,CTCCCC,3.30078125,1206,ATTACA,0.004971411544829607,2347,CTCCCC,0.0014134719967842102,2829,GATCCT,0.10555946081876755,False,False,True,-0.006998743861913681,
6,16,20,layer,degradation,0.78857421875,0.8951738476753235,1206,ATTACA,3.2734375,2347,CTCCCC,3.26953125,1206,ATTACA,3.2734375,1206,ATTACA,0.004268548917025328,2347,CTCCCC,0.001409473130479455,2829,GATCCT,0.0886412113904953,True,False,True,-0.00603509321808815,
6,17,20,layer,degradation,0.5,-1.8536556959152222,1206,ATTACA,3.302734375,2347,CTCCCC,3.21875,1206,ATTACA,3.302734375,1206,ATTACA,0.004440100863575935,2347,CTCCCC,0.0010293297236785293,2829,GATCCT,0.10733909159898758,True,False,True,-0.025708504021167755,
6,18,20,layer,degradation,0.60546875,0.7285106182098389,1206,ATTACA,3.25,2347,CTCCCC,3.1953125,1206,ATTACA,3.25,1206,ATTACA,0.0038767235819250345,2347,CTCCCC,0.0009841981809586287,2829,GATCCT,0.09964821487665176,True,False,True,-0.02819785848259926,
6,19,20,layer,degradation,0.65478515625,-1.8911865949630737,1206,ATTACA,3.2734375,2347,CTCCCC,3.232421875,1067,ATCCCC,3.28125,1206,ATTACA,0.0043099308386445045,2347,CTCCCC,0.0008916272781789303,2829,GATCCT,0.13311758637428284,False,False,True,-0.023371223360300064,
6,20,20,layer,degradation,0.9013671875,-0.7085502743721008,1206,ATTACA,3.25390625,2347,CTCCCC,3.28125,1067,ATCCCC,3.283203125,1206,ATTACA,0.004419777542352676,2347,CTCCCC,0.0012388312024995685,2829,GATCCT,0.11808398365974426,False,False,True,-0.014058202505111694,
6,21,20,layer,degradation,0.84521484375,-1.054960012435913,1206,ATTACA,3.29296875,2347,CTCCCC,3.3046875,2347,CTCCCC,3.3046875,1206,ATTACA,0.004629799164831638,2347,CTCCCC,0.0013793278485536575,2829,GATCCT,0.11107945442199707,False,False,True,-0.00682053342461586,
6,22,20,layer,degradation,0.85205078125,-0.727482795715332,1206,ATTACA,3.283203125,2347,CTCCCC,3.296875,2347,CTCCCC,3.296875,1206,ATTACA,0.0046432893723249435,2347,CTCCCC,0.0014585434691980481,2829,GATCCT,0.09994952380657196,False,False,True,-0.006255902349948883,
6,23,20,layer,degradation,0.9013671875,0.33051782846450806,1206,ATTACA,3.265625,2347,CTCCCC,3.29296875,2347,CTCCCC,3.29296875,1206,ATTACA,0.004458365496248007,2347,CTCCCC,0.001485962187871337,2829,GATCCT,0.09126591682434082,False,False,True,-0.0010795891284942627,
6,24,20,layer,degradation,0.84521484375,0.43774187564849854,1206,ATTACA,3.291015625,2347,CTCCCC,3.302734375,2347,CTCCCC,3.302734375,1206,ATTACA,0.004406576976180077,2347,CTCCCC,0.0014556937385350466,2829,GATCCT,0.09134569764137268,False,False,True,-0.0037703663110733032,
6,25,20,layer,degradation,0.873046875,0.6893346905708313,1206,ATTACA,3.2734375,2347,CTCCCC,3.29296875,2347,CTCCCC,3.29296875,1206,ATTACA,0.004336696118116379,2347,CTCCCC,0.0014363081427291036,2829,GATCCT,0.08939237147569656,False,False,True,-0.0014807917177677155,
6,26,20,layer,degradation,0.88037109375,1.1099073886871338,1206,ATTACA,3.271484375,2347,CTCCCC,3.29296875,2347,CTCCCC,3.29296875,1206,ATTACA,0.0042990450747311115,2347,CTCCCC,0.0014830667059868574,2829,GATCCT,0.08494359999895096,False,False,True,-0.001956641674041748,
6,27,20,layer,degradation,1.013671875,2.111968755722046,1206,ATTACA,3.240234375,2347,CTCCCC,3.298828125,2347,CTCCCC,3.298828125,1206,ATTACA,0.004112571012228727,2347,CTCCCC,0.001497708261013031,2829,GATCCT,0.08548428863286972,False,False,True,-0.0018545575439929962,
6,28,20,layer,degradation,0.97900390625,2.6291565895080566,1206,ATTACA,3.2421875,2347,CTCCCC,3.291015625,2347,CTCCCC,3.291015625,1206,ATTACA,0.004041717853397131,2347,CTCCCC,0.0015306557761505246,2829,GATCCT,0.08232627809047699,False,False,True,-0.0023178718984127045,
6,29,20,layer,degradation,0.9365234375,2.16255521774292,1206,ATTACA,3.259765625,2347,CTCCCC,3.296875,2347,CTCCCC,3.296875,1206,ATTACA,0.004123128484934568,2347,CTCCCC,0.0015184185467660427,2829,GATCCT,0.08690738677978516,False,False,True,-0.004401843994855881,
6,30,20,layer,degradation,0.9013671875,1.7199608087539673,1206,ATTACA,3.26171875,2347,CTCCCC,3.2890625,2347,CTCCCC,3.2890625,1206,ATTACA,0.0042405021376907825,2347,CTCCCC,0.0015469626523554325,2829,GATCCT,0.08760178089141846,False,False,True,-0.0025052204728126526,
6,31,20,layer,degradation,0.88720703125,1.8600035905838013,1206,ATTACA,3.26953125,2347,CTCCCC,3.29296875,2347,CTCCCC,3.29296875,1206,ATTACA,0.004194673150777817,2347,CTCCCC,0.0015292403986677527,2829,GATCCT,0.0854366347193718,False,False,True,-0.003967151045799255,
6,32,20,layer,degradation,0.837890625,1.8166455030441284,1206,ATTACA,3.2734375,2347,CTCCCC,3.283203125,2347,CTCCCC,3.283203125,1206,ATTACA,0.004200987052172422,2347,CTCCCC,0.0015268523711711168,2829,GATCCT,0.08221951127052307,False,False,True,-0.0020388998091220856,
6,33,20,layer,degradation,0.85205078125,2.0091042518615723,1206,ATTACA,3.271484375,2347,CTCCCC,3.28515625,2347,CTCCCC,3.28515625,1206,ATTACA,0.004168322775512934,2347,CTCCCC,0.0015328150475397706,2829,GATCCT,0.07907387614250183,False,False,True,-0.003578316420316696,
7,0,20,layer,degradation,0.98583984375,0.5117771625518799,1206,ATTACA,3.23828125,2347,CTCCCC,3.2890625,2347,CTCCCC,3.2890625,1206,ATTACA,0.004320765845477581,2347,CTCCCC,0.0013847415102645755,2829,GATCCT,0.09241850674152374,False,False,True,-0.0016888082027435303,
7,1,20,layer,degradation,0.95751953125,0.12462993711233139,1206,ATTACA,3.240234375,2347,CTCCCC,3.283203125,2347,CTCCCC,3.283203125,1206,ATTACA,0.004346821922808886,2347,CTCCCC,0.0013330965302884579,2829,GATCCT,0.09640997648239136,False,False,True,-0.0020452849566936493,
7,2,20,layer,degradation,0.9365234375,-0.2820855379104614,1206,ATTACA,3.232421875,2347,CTCCCC,3.26953125,2347,CTCCCC,3.26953125,1206,ATTACA,0.004422423429787159,2347,CTCCCC,0.0013270694762468338,2829,GATCCT,0.09557513147592545,False,False,True,-0.001719210296869278,
7,3,20,layer,degradation,0.85205078125,-1.2572273015975952,1206,ATTACA,3.23828125,2347,CTCCCC,3.251953125,2347,CTCCCC,3.251953125,1206,ATTACA,0.004671803675591946,2347,CTCCCC,0.001380736823193729,2829,GATCCT,0.09460464864969254,False,False,True,5.982443690299988e-05,
7,4,20,layer,degradation,0.90869140625,-1.4548554420471191,1206,ATTACA,3.244140625,2347,CTCCCC,3.2734375,2347,CTCCCC,3.2734375,1206,ATTACA,0.004838251043111086,2347,CTCCCC,0.0015075199771672487,2829,GATCCT,0.0897810086607933,False,False,True,0.0026760995388031006,
7,5,20,layer,degradation,0.92236328125,-1.219515323638916,1206,ATTACA,3.23046875,2347,CTCCCC,3.263671875,2347,CTCCCC,3.263671875,1206,ATTACA,0.004832293838262558,2347,CTCCCC,0.001548795960843563,2829,GATCCT,0.0898032858967781,False,False,True,0.002814207226037979,
7,6,20,layer,degradation,1.056640625,0.13184796273708344,1206,ATTACA,3.220703125,2347,CTCCCC,3.291015625,2347,CTCCCC,3.291015625,1206,ATTACA,0.004584692418575287,2347,CTCCCC,0.0015724155819043517,2829,GATCCT,0.08849052339792252,False,False,True,0.002528417855501175,
7,7,20,layer,degradation,1.091796875,1.8224053382873535,1206,ATTACA,3.22265625,2347,CTCCCC,3.302734375,2347,CTCCCC,3.302734375,1206,ATTACA,0.004254424478858709,2347,CTCCCC,0.0015814458020031452,2829,GATCCT,0.08441413938999176,False,False,True,0.0009764879941940308,
7,8,20,layer,degradation,1.0986328125,3.7715566158294678,1206,ATTACA,3.23828125,2347,CTCCCC,3.3203125,2347,CTCCCC,3.3203125,1206,ATTACA,0.003931314218789339,2347,CTCCCC,0.00164953398052603,2829,GATCCT,0.06784065812826157,False,False,True,0.0009719729423522949,
7,9,20,layer,degradation,0.95068359375,3.4312095642089844,1206,ATTACA,3.25,2347,CTCCCC,3.291015625,2347,CTCCCC,3.291015625,1206,ATTACA,0.003922938834875822,2347,CTCCCC,0.0015728500438854098,2829,GATCCT,0.0682801902294159,False,False,True,-0.001176096498966217,
7,10,20,layer,degradation,0.82373046875,2.236358642578125,1206,ATTACA,3.25390625,2347,CTCCCC,3.259765625,2347,CTCCCC,3.259765625,1206,ATTACA,0.004082242958247662,2347,CTCCCC,0.0014923454727977514,2829,GATCCT,0.07019944489002228,False,False,True,-0.0021672919392585754,
7,11,20,layer,degradation,0.82373046875,0.2716424763202667,1206,ATTACA,3.2578125,2347,CTCCCC,3.263671875,2347,CTCCCC,3.263671875,1206,ATTACA,0.004413789138197899,2347,CTCCCC,0.0014295693254098296,2829,GATCCT,0.08649120479822159,False,False,True,-0.0029400326311588287,
7,12,20,layer,degradation,0.95751953125,0.5351319313049316,1206,ATTACA,3.25390625,2347,CTCCCC,3.296875,2347,CTCCCC,3.296875,1206,ATTACA,0.004413599614053965,2347,CTCCCC,0.0014822626253589988,2829,GATCCT,0.09096231311559677,False,False,True,-0.00012050196528434753,
7,13,20,layer,degradation,1.056640625,-0.4313022494316101,1206,ATTACA,3.24609375,2347,CTCCCC,3.31640625,2347,CTCCCC,3.31640625,1206,ATTACA,0.004644597880542278,2347,CTCCCC,0.0015192958526313305,2829,GATCCT,0.09598929435014725,False,False,True,0.0009819455444812775,
7,14,20,layer,degradation,1.0283203125,-0.6667223572731018,1206,ATTACA,3.25390625,2347,CTCCCC,3.31640625,2347,CTCCCC,3.31640625,1206,ATTACA,0.004687752109020948,2347,CTCCCC,0.001515200943686068,2829,GATCCT,0.10113013535737991,False,False,True,0.0007115937769412994,
7,15,20,layer,degradation,1.013671875,-1.5596885681152344,1206,ATTACA,3.232421875,2347,CTCCCC,3.291015625,2347,CTCCCC,3.291015625,1206,ATTACA,0.004699475131928921,2347,CTCCCC,0.0013477038592100143,2829,GATCCT,0.10690224170684814,False,False,True,-0.004461150616407394,
7,16,20,layer,degradation,0.873046875,1.8429086208343506,1206,ATTACA,3.244140625,2347,CTCCCC,3.263671875,1067,ATCCCC,3.2734375,1206,ATTACA,0.003974220249801874,2347,CTCCCC,0.0013053566217422485,2829,GATCCT,0.09150907397270203,False,False,True,-0.008047796785831451,
7,17,20,layer,degradation,0.64794921875,0.11851745843887329,1206,ATTACA,3.29296875,2347,CTCCCC,3.25,1067,ATCCCC,3.29296875,1206,ATTACA,0.004165424965322018,2347,CTCCCC,0.0011504727881401777,2829,GATCCT,0.09637968242168427,False,False,True,-0.020296117290854454,
7,18,20,layer,degradation,0.65478515625,2.2565207481384277,1206,ATTACA,3.2734375,2347,CTCCCC,3.232421875,1206,ATTACA,3.2734375,1206,ATTACA,0.0037364293821156025,2347,CTCCCC,0.0011505784932523966,2829,GATCCT,0.08957706391811371,True,False,True,-0.02494238130748272,
7,19,20,layer,degradation,0.7041015625,-1.0223941802978516,1206,ATTACA,3.298828125,2347,CTCCCC,3.271484375,1067,ATCCCC,3.30078125,1206,ATTACA,0.0042403340339660645,2347,CTCCCC,0.000996398739516735,2829,GATCCT,0.1287134289741516,False,False,True,-0.024280358105897903,
7,20,20,layer,degradation,0.85205078125,-0.8153613209724426,1206,ATTACA,3.25,2347,CTCCCC,3.263671875,1067,ATCCCC,3.271484375,1206,ATTACA,0.004340615123510361,2347,CTCCCC,0.0011382316006347537,2829,GATCCT,0.12245213985443115,False,False,True,-0.0153865497559309,
7,21,20,layer,degradation,0.88037109375,-1.7839045524597168,1206,ATTACA,3.251953125,2347,CTCCCC,3.2734375,2347,CTCCCC,3.2734375,1206,ATTACA,0.0046623158268630505,2347,CTCCCC,0.001265543862245977,2829,GATCCT,0.11927396804094315,False,False,True,-0.009516444057226181,
7,22,20,layer,degradation,0.9013671875,-1.005489468574524,1206,ATTACA,3.25,2347,CTCCCC,3.27734375,2347,CTCCCC,3.27734375,1206,ATTACA,0.004678616300225258,2347,CTCCCC,0.0014380736974999309,2829,GATCCT,0.09829599410295486,False,False,True,-0.007578495889902115,
7,23,20,layer,degradation,0.95068359375,0.0849551260471344,1206,ATTACA,3.25,2347,CTCCCC,3.291015625,2347,CTCCCC,3.291015625,1206,ATTACA,0.0044950880110263824,2347,CTCCCC,0.0014733996940776706,2829,GATCCT,0.09317906945943832,False,False,True,-0.00429815798997879,
7,24,20,layer,degradation,0.89453125,0.0839180126786232,1206,ATTACA,3.2734375,2347,CTCCCC,3.298828125,2347,CTCCCC,3.298828125,1206,ATTACA,0.0044977073557674885,2347,CTCCCC,0.0014758111210539937,2829,GATCCT,0.09319496154785156,False,False,True,-0.006829611957073212,
7,25,20,layer,degradation,0.94384765625,0.8885450959205627,1206,ATTACA,3.259765625,2347,CTCCCC,3.298828125,2347,CTCCCC,3.298828125,1206,ATTACA,0.004325774498283863,2347,CTCCCC,0.0014653683174401522,2829,GATCCT,0.09048715233802795,False,False,True,-0.003075212240219116,
7,26,20,layer,degradation,0.92236328125,1.2251650094985962,1206,ATTACA,3.259765625,2347,CTCCCC,3.29296875,2347,CTCCCC,3.29296875,1206,ATTACA,0.0042911372147500515,2347,CTCCCC,0.0014982913853600621,2829,GATCCT,0.08452513068914413,False,False,True,-0.0025631263852119446,
7,27,20,layer,degradation,0.9931640625,1.8349400758743286,1206,ATTACA,3.24609375,2347,CTCCCC,3.298828125,2347,CTCCCC,3.298828125,1206,ATTACA,0.004153083078563213,2347,CTCCCC,0.0014826201368123293,2829,GATCCT,0.08551745861768723,False,False,True,-0.0028692595660686493,
7,28,20,layer,degradation,0.95068359375,2.1197831630706787,1206,ATTACA,3.251953125,2347,CTCCCC,3.29296875,2347,CTCCCC,3.29296875,1206,ATTACA,0.004145991522818804,2347,CTCCCC,0.00153269711881876,2829,GATCCT,0.08327046781778336,False,False,True,-0.0029843226075172424,
7,29,20,layer,degradation,0.89453125,1.9584249258041382,1206,ATTACA,3.271484375,2347,CTCCCC,3.296875,2347,CTCCCC,3.296875,1206,ATTACA,0.00417748698964715,2347,CTCCCC,0.0015318077057600021,2829,GATCCT,0.08719344437122345,False,False,True,-0.005382295697927475,
7,30,20,layer,degradation,0.859375,1.6059015989303589,1206,ATTACA,3.26953125,2347,CTCCCC,3.28515625,2347,CTCCCC,3.28515625,1206,ATTACA,0.004261685069650412,2347,CTCCCC,0.001545253791846335,2829,GATCCT,0.0849163606762886,False,False,True,-0.003375660628080368,
7,31,20,layer,degradation,0.78857421875,1.6324570178985596,1206,ATTACA,3.29296875,2347,CTCCCC,3.2890625,1206,ATTACA,3.29296875,1206,ATTACA,0.0042350864969193935,2347,CTCCCC,0.0015239848289638758,2829,GATCCT,0.08342359960079193,True,False,True,-0.005533594638109207,
7,32,20,layer,degradation,0.7958984375,1.8807436227798462,1206,ATTACA,3.283203125,2347,CTCCCC,3.28125,1206,ATTACA,3.283203125,1206,ATTACA,0.0041704801842570305,2347,CTCCCC,0.001509210211224854,2829,GATCCT,0.08112577348947525,True,False,True,-0.003137625753879547,
7,33,20,layer,degradation,0.92236328125,2.2758140563964844,1206,ATTACA,3.244140625,2347,CTCCCC,3.27734375,2347,CTCCCC,3.27734375,1206,ATTACA,0.004096235614269972,2347,CTCCCC,0.0015142570482566953,2829,GATCCT,0.08052489906549454,False,False,True,-0.0034376680850982666,
8,0,20,layer,degradation,0.97900390625,0.7692248821258545,1206,ATTACA,3.23046875,2347,CTCCCC,3.279296875,2347,CTCCCC,3.279296875,1206,ATTACA,0.004264588002115488,2347,CTCCCC,0.0013802339090034366,2829,GATCCT,0.08805098384618759,False,False,True,-0.0017450973391532898,
8,1,20,layer,degradation,0.88720703125,0.03538946434855461,1206,ATTACA,3.25,2347,CTCCCC,3.2734375,2347,CTCCCC,3.2734375,1206,ATTACA,0.004357625730335712,2347,CTCCCC,0.001325989724136889,2829,GATCCT,0.09197214245796204,False,False,True,-0.0022329390048980713,
8,2,20,layer,degradation,0.88037109375,-0.4319263994693756,1206,ATTACA,3.25,2347,CTCCCC,3.271484375,2347,CTCCCC,3.271484375,1206,ATTACA,0.004428299609571695,2347,CTCCCC,0.0013028724351897836,2829,GATCCT,0.09460880607366562,False,False,True,-0.0015209764242172241,
8,3,20,layer,degradation,0.802734375,-1.1458141803741455,1206,ATTACA,3.25390625,2347,CTCCCC,3.25390625,1206,ATTACA,3.25390625,1206,ATTACA,0.00451191421598196,2347,CTCCCC,0.0012432083021849394,2829,GATCCT,0.0960530936717987,True,False,True,-0.004374314099550247,
8,4,20,layer,degradation,0.8310546875,-1.3224425315856934,1206,ATTACA,3.2578125,2347,CTCCCC,3.265625,2347,CTCCCC,3.265625,1206,ATTACA,0.004634391982108355,2347,CTCCCC,0.0013302365550771356,2829,GATCCT,0.09070882201194763,False,False,True,-0.003434550017118454,
8,5,20,layer,degradation,0.89453125,-0.9448230266571045,1206,ATTACA,3.240234375,2347,CTCCCC,3.265625,2347,CTCCCC,3.265625,1206,ATTACA,0.004609870258718729,2347,CTCCCC,0.001381503650918603,2829,GATCCT,0.09006380289793015,False,False,True,-0.0031534098088741302,
8,6,20,layer,degradation,1.013671875,0.10241204500198364,1206,ATTACA,3.23828125,2347,CTCCCC,3.296875,2347,CTCCCC,3.296875,1206,ATTACA,0.0045487890020012856,2347,CTCCCC,0.0015306043205782771,2829,GATCCT,0.08937769383192062,False,False,True,0.0002841092646121979,
8,7,20,layer,degradation,1.0986328125,1.7753245830535889,1206,ATTACA,3.220703125,2347,CTCCCC,3.302734375,2347,CTCCCC,3.302734375,1206,ATTACA,0.004235213156789541,2347,CTCCCC,0.0015527853975072503,2829,GATCCT,0.08885541558265686,False,False,True,-9.867921471595764e-05,
8,8,20,layer,degradation,1.03515625,2.788869619369507,1206,ATTACA,3.25390625,2347,CTCCCC,3.318359375,2347,CTCCCC,3.318359375,1206,ATTACA,0.004115039017051458,2347,CTCCCC,0.0016360314330086112,2829,GATCCT,0.07897843420505524,False,False,True,-0.0002769269049167633,
8,9,20,layer,degradation,0.9013671875,2.60080885887146,1206,ATTACA,3.24609375,2347,CTCCCC,3.2734375,2347,CTCCCC,3.2734375,1206,ATTACA,0.0040999725461006165,2347,CTCCCC,0.0015832209028303623,2829,GATCCT,0.07783304899930954,False,False,True,-0.0014887340366840363,
8,10,20,layer,degradation,0.767578125,1.429175853729248,1206,ATTACA,3.25,2347,CTCCCC,3.240234375,1206,ATTACA,3.25,1206,ATTACA,0.004252477549016476,2347,CTCCCC,0.0015005769673734903,2829,GATCCT,0.07601321488618851,True,False,True,-0.0015984252095222473,
8,11,20,layer,degradation,0.85205078125,0.6675529479980469,1206,ATTACA,3.2265625,2347,CTCCCC,3.240234375,2347,CTCCCC,3.240234375,1206,ATTACA,0.0043551125563681126,2347,CTCCCC,0.0014503527199849486,2829,GATCCT,0.08426094800233841,False,False,True,-0.001926325261592865,
8,12,20,layer,degradation,1.0,1.1676980257034302,1206,ATTACA,3.22265625,2347,CTCCCC,3.27734375,2347,CTCCCC,3.27734375,1206,ATTACA,0.004276428837329149,2347,CTCCCC,0.0014720491599291563,2829,GATCCT,0.08810435235500336,False,False,True,-0.0002614520490169525,
8,13,20,layer,degradation,0.98583984375,-0.4161771237850189,1206,ATTACA,3.240234375,2347,CTCCCC,3.291015625,2347,CTCCCC,3.291015625,1206,ATTACA,0.004592203535139561,2347,CTCCCC,0.001469937153160572,2829,GATCCT,0.09459128230810165,False,False,True,-0.0026756562292575836,
8,14,20,layer,degradation,0.9716796875,-0.40302643179893494,1206,ATTACA,3.24609375,2347,CTCCCC,3.29296875,2347,CTCCCC,3.29296875,1206,ATTACA,0.004600884858518839,2347,CTCCCC,0.0014812577283009887,2829,GATCCT,0.09713602811098099,False,False,True,-0.003031563013792038,
8,15,20,layer,degradation,0.94384765625,-1.2035131454467773,1206,ATTACA,3.232421875,2347,CTCCCC,3.271484375,2347,CTCCCC,3.271484375,1206,ATTACA,0.004657663404941559,2347,CTCCCC,0.0013773771934211254,2829,GATCCT,0.09816985577344894,False,False,True,-0.005035053938627243,
8,16,20,layer,degradation,0.89453125,1.8583157062530518,1206,ATTACA,3.244140625,2347,CTCCCC,3.26953125,2347,CTCCCC,3.26953125,1206,ATTACA,0.004040928557515144,2347,CTCCCC,0.0013751571532338858,2829,GATCCT,0.08844484388828278,False,False,True,-0.007615253329277039,
8,17,20,layer,degradation,0.7255859375,0.9123325943946838,1206,ATTACA,3.2734375,2347,CTCCCC,3.251953125,1206,ATTACA,3.2734375,1206,ATTACA,0.004065123852342367,2347,CTCCCC,0.0012094918638467789,2829,GATCCT,0.09011392295360565,True,False,True,-0.017165660858154297,
8,18,20,layer,degradation,0.697265625,1.9706894159317017,1206,ATTACA,3.279296875,2347,CTCCCC,3.25,1206,ATTACA,3.279296875,1206,ATTACA,0.0038721964228898287,2347,CTCCCC,0.0012289787409827113,2829,GATCCT,0.08759830892086029,True,False,True,-0.020653296262025833,
8,19,20,layer,degradation,0.7958984375,0.5459461808204651,1206,ATTACA,3.3125,2347,CTCCCC,3.310546875,1206,ATTACA,3.3125,1206,ATTACA,0.004128747619688511,2347,CTCCCC,0.0011995810782536864,2829,GATCCT,0.10809240490198135,True,False,True,-0.020401308313012123,
8,20,20,layer,degradation,0.9296875,0.17007267475128174,1206,ATTACA,3.25390625,2347,CTCCCC,3.2890625,2347,CTCCCC,3.2890625,1206,ATTACA,0.00429639732465148,2347,CTCCCC,0.0012917922576889396,2829,GATCCT,0.11049295961856842,False,False,True,-0.014654140919446945,
8,21,20,layer,degradation,0.94384765625,-0.7867815494537354,1206,ATTACA,3.26171875,2347,CTCCCC,3.30078125,2347,CTCCCC,3.30078125,1206,ATTACA,0.004565860144793987,2347,CTCCCC,0.0013692127540707588,2829,GATCCT,0.10808759927749634,False,False,True,-0.009958818554878235,
8,22,20,layer,degradation,0.8662109375,-1.4362406730651855,1206,ATTACA,3.26171875,2347,CTCCCC,3.279296875,2347,CTCCCC,3.279296875,1206,ATTACA,0.004726924933493137,2347,CTCCCC,0.0013999298680573702,2829,GATCCT,0.10014943033456802,False,False,True,-0.011287819594144821,
8,23,20,layer,degradation,0.9365234375,-0.15561456978321075,1206,ATTACA,3.259765625,2347,CTCCCC,3.296875,2347,CTCCCC,3.296875,1206,ATTACA,0.0045305415987968445,2347,CTCCCC,0.0014605706091970205,2829,GATCCT,0.09540601819753647,False,False,True,-0.0070572420954704285,
8,24,20,layer,degradation,0.9296875,0.2934311628341675,1206,ATTACA,3.265625,2347,CTCCCC,3.30078125,2347,CTCCCC,3.30078125,1206,ATTACA,0.004443748854100704,2347,CTCCCC,0.0014639022992923856,2829,GATCCT,0.09658563137054443,False,False,True,-0.00826166570186615,
8,25,20,layer,degradation,0.9716796875,0.7556403279304504,1206,ATTACA,3.244140625,2347,CTCCCC,3.291015625,2347,CTCCCC,3.291015625,1206,ATTACA,0.004328638780862093,2347,CTCCCC,0.0014415582409128547,2829,GATCCT,0.09300318360328674,False,False,True,-0.0026614442467689514,
8,26,20,layer,degradation,0.95751953125,1.0547744035720825,1206,ATTACA,3.24609375,2347,CTCCCC,3.2890625,2347,CTCCCC,3.2890625,1206,ATTACA,0.0043714698404073715,2347,CTCCCC,0.0015444261953234673,2829,GATCCT,0.08811987936496735,False,False,True,-0.0014869645237922668,
8,27,20,layer,degradation,0.96484375,1.6251566410064697,1206,ATTACA,3.244140625,2347,CTCCCC,3.2890625,2347,CTCCCC,3.2890625,1206,ATTACA,0.004240323323756456,2347,CTCCCC,0.0015277564525604248,2829,GATCCT,0.08709563314914703,False,False,True,-0.002484891563653946,
8,28,20,layer,degradation,0.94384765625,1.9012236595153809,1206,ATTACA,3.25,2347,CTCCCC,3.2890625,2347,CTCCCC,3.2890625,1206,ATTACA,0.004230239428579807,2347,CTCCCC,0.0015730797313153744,2829,GATCCT,0.08548400551080704,False,False,True,-0.0032239630818367004,
8,29,20,layer,degradation,0.9296875,2.229734420776367,1206,ATTACA,3.26171875,2347,CTCCCC,3.296875,2347,CTCCCC,3.296875,1206,ATTACA,0.004105000756680965,2347,CTCCCC,0.0015137738082557917,2829,GATCCT,0.08747577667236328,False,False,True,-0.005456734448671341,
8,30,20,layer,degradation,0.873046875,1.6373792886734009,1206,ATTACA,3.26953125,2347,CTCCCC,3.2890625,2347,CTCCCC,3.2890625,1206,ATTACA,0.004247795324772596,2347,CTCCCC,0.0015376814408227801,2829,GATCCT,0.0851408839225769,False,False,True,-0.0031099840998649597,
8,31,20,layer,degradation,0.8310546875,1.6361263990402222,1206,ATTACA,3.283203125,2347,CTCCCC,3.291015625,2347,CTCCCC,3.291015625,1206,ATTACA,0.00423651747405529,2347,CTCCCC,0.0015261522494256496,2829,GATCCT,0.08353332430124283,False,False,True,-0.005067463964223862,
8,32,20,layer,degradation,0.859375,2.037651538848877,1206,ATTACA,3.26953125,2347,CTCCCC,3.28515625,2347,CTCCCC,3.28515625,1206,ATTACA,0.004139831755310297,2347,CTCCCC,0.0015100534074008465,2829,GATCCT,0.08177653700113297,False,False,True,-0.0038360394537448883,
8,33,20,layer,degradation,0.95068359375,2.362658977508545,1206,ATTACA,3.23828125,2347,CTCCCC,3.279296875,2347,CTCCCC,3.279296875,1206,ATTACA,0.004036474972963333,2347,CTCCCC,0.001471926225349307,2829,GATCCT,0.08159831911325455,False,False,True,-0.004168488085269928,
9,0,20,layer,degradation,0.95068359375,0.54786616563797,1206,ATTACA,3.23828125,2347,CTCCCC,3.279296875,2347,CTCCCC,3.279296875,1206,ATTACA,0.004286401439458132,2347,CTCCCC,0.0013576203491538763,2829,GATCCT,0.08813615143299103,False,False,True,-0.002209726721048355,
9,1,20,layer,degradation,0.9296875,0.16269686818122864,1206,ATTACA,3.23828125,2347,CTCCCC,3.2734375,2347,CTCCCC,3.2734375,1206,ATTACA,0.0043236142955720425,2347,CTCCCC,0.001317528891377151,2829,GATCCT,0.09176255762577057,False,False,True,-0.0022744126617908478,
9,2,20,layer,degradation,0.91552734375,0.12297101318836212,1206,ATTACA,3.2421875,2347,CTCCCC,3.2734375,2347,CTCCCC,3.2734375,1206,ATTACA,0.004335632547736168,2347,CTCCCC,0.0013215740909799933,2829,GATCCT,0.09280727058649063,False,False,True,-0.0020892955362796783,
9,3,20,layer,degradation,0.85205078125,-0.9005438685417175,1206,ATTACA,3.244140625,2347,CTCCCC,3.2578125,2347,CTCCCC,3.2578125,1206,ATTACA,0.004521803464740515,2347,CTCCCC,0.001302323886193335,2829,GATCCT,0.09570854157209396,False,False,True,-0.0029058605432510376,
9,4,20,layer,degradation,0.837890625,-1.2422610521316528,1206,ATTACA,3.25390625,2347,CTCCCC,3.263671875,2347,CTCCCC,3.263671875,1206,ATTACA,0.004644251894205809,2347,CTCCCC,0.0013561889063566923,2829,GATCCT,0.09146808832883835,False,False,True,-0.0024072714149951935,
9,5,20,layer,degradation,0.90869140625,-1.2153797149658203,1206,ATTACA,3.22265625,2347,CTCCCC,3.251953125,2347,CTCCCC,3.251953125,1206,ATTACA,0.004655772354453802,2347,CTCCCC,0.0013731045182794333,2829,GATCCT,0.09264430403709412,False,False,True,-0.001545388251543045,
9,6,20,layer,degradation,0.9931640625,-0.09952808171510696,1206,ATTACA,3.232421875,2347,CTCCCC,3.28515625,2347,CTCCCC,3.28515625,1206,ATTACA,0.004545539617538452,2347,CTCCCC,0.00148682517465204,2829,GATCCT,0.09037215262651443,False,False,True,0.0005995854735374451,
9,7,20,layer,degradation,1.056640625,1.3976250886917114,1206,ATTACA,3.21484375,2347,CTCCCC,3.28515625,2347,CTCCCC,3.28515625,1206,ATTACA,0.0042832763865590096,2347,CTCCCC,0.00152504350990057,2829,GATCCT,0.08846248686313629,False,False,True,0.00032809004187583923,
9,8,20,layer,degradation,1.021484375,1.8293589353561401,1206,ATTACA,3.2421875,2347,CTCCCC,3.302734375,2347,CTCCCC,3.302734375,1206,ATTACA,0.004244246054440737,2347,CTCCCC,0.0015726630808785558,2829,GATCCT,0.08003644645214081,False,False,True,-0.001321837306022644,
9,9,20,layer,degradation,0.88720703125,2.045018196105957,1206,ATTACA,3.2734375,2347,CTCCCC,3.296875,2347,CTCCCC,3.296875,1206,ATTACA,0.004222380928695202,2347,CTCCCC,0.0015940809389576316,2829,GATCCT,0.08141166716814041,False,False,True,-0.001386307179927826,
9,10,20,layer,degradation,0.82373046875,1.6459801197052002,1206,ATTACA,3.263671875,2347,CTCCCC,3.26953125,2347,CTCCCC,3.26953125,1206,ATTACA,0.004228563047945499,2347,CTCCCC,0.0015201754868030548,2829,GATCCT,0.08053676038980484,False,False,True,-0.002284310758113861,
9,11,20,layer,degradation,0.84521484375,1.0687650442123413,1206,ATTACA,3.2578125,2347,CTCCCC,3.26953125,2347,CTCCCC,3.26953125,1206,ATTACA,0.004333202727138996,2347,CTCCCC,0.0015089671360328794,2829,GATCCT,0.08527300506830215,False,False,True,-0.0016997940838336945,
9,12,20,layer,degradation,0.95751953125,1.3619385957717896,1206,ATTACA,3.21875,2347,CTCCCC,3.26171875,2347,CTCCCC,3.26171875,1206,ATTACA,0.004225254058837891,2347,CTCCCC,0.0014598588459193707,2829,GATCCT,0.0875134989619255,False,False,True,-0.0013994090259075165,
9,13,20,layer,degradation,0.9716796875,-0.07315825670957565,1206,ATTACA,3.224609375,2347,CTCCCC,3.271484375,2347,CTCCCC,3.271484375,1206,ATTACA,0.00450350483879447,2347,CTCCCC,0.0014500829856842756,2829,GATCCT,0.0915786474943161,False,False,True,-0.0029072314500808716,
9,14,20,layer,degradation,0.97900390625,-0.4539412558078766,1206,ATTACA,3.232421875,2347,CTCCCC,3.28125,2347,CTCCCC,3.28125,1206,ATTACA,0.004552394617348909,2347,CTCCCC,0.0014225488994270563,2829,GATCCT,0.09737884998321533,False,False,True,-0.003919247537851334,
9,15,20,layer,degradation,0.96484375,-0.7905843257904053,1206,ATTACA,3.21875,2347,CTCCCC,3.263671875,2347,CTCCCC,3.263671875,1206,ATTACA,0.004574949853122234,2347,CTCCCC,0.0013775391271337867,2829,GATCCT,0.09627358615398407,False,False,True,-0.006014745682477951,
9,16,20,layer,degradation,0.89453125,1.6579173803329468,1206,ATTACA,3.240234375,2347,CTCCCC,3.265625,2347,CTCCCC,3.265625,1206,ATTACA,0.004060816019773483,2347,CTCCCC,0.0013548241695389152,2829,GATCCT,0.08927157521247864,False,False,True,-0.007804010063409805,
9,17,20,layer,degradation,0.74658203125,0.101140595972538,1206,ATTACA,3.259765625,2347,CTCCCC,3.244140625,1206,ATTACA,3.259765625,1206,ATTACA,0.004244346637278795,2347,CTCCCC,0.001225906889885664,2829,GATCCT,0.09113925695419312,True,False,True,-0.017954984679818153,
9,18,20,layer,degradation,0.68994140625,1.8401105403900146,1206,ATTACA,3.27734375,2347,CTCCCC,3.24609375,1206,ATTACA,3.27734375,1206,ATTACA,0.0039290511049330235,2347,CTCCCC,0.0012596258893609047,2829,GATCCT,0.08774178475141525,True,False,True,-0.019274048507213593,
9,19,20,layer,degradation,0.837890625,1.2722399234771729,1206,ATTACA,3.298828125,2347,CTCCCC,3.30859375,2347,CTCCCC,3.30859375,1206,ATTACA,0.004003594163805246,2347,CTCCCC,0.0012201962526887655,2829,GATCCT,0.10441993921995163,False,False,True,-0.01930505968630314,
9,20,20,layer,degradation,0.85205078125,1.2942664623260498,1206,ATTACA,3.279296875,2347,CTCCCC,3.29296875,2347,CTCCCC,3.29296875,1206,ATTACA,0.004025958478450775,2347,CTCCCC,0.0012469813227653503,2829,GATCCT,0.10022842139005661,False,False,True,-0.014835484325885773,
9,21,20,layer,degradation,0.96484375,0.23379480838775635,1206,ATTACA,3.265625,2347,CTCCCC,3.310546875,2347,CTCCCC,3.310546875,1206,ATTACA,0.004306665156036615,2347,CTCCCC,0.0013148493599146605,2829,GATCCT,0.10133902728557587,False,False,True,-0.01109040156006813,
9,22,20,layer,degradation,0.88037109375,-1.3067547082901,1206,ATTACA,3.251953125,2347,CTCCCC,3.2734375,2347,CTCCCC,3.2734375,1206,ATTACA,0.004692654591053724,2347,CTCCCC,0.0013916476164013147,2829,GATCCT,0.10106918960809708,False,False,True,-0.01198672130703926,
9,23,20,layer,degradation,0.95068359375,-0.2537470757961273,1206,ATTACA,3.259765625,2347,CTCCCC,3.30078125,2347,CTCCCC,3.30078125,1206,ATTACA,0.004608141258358955,2347,CTCCCC,0.0015184747753664851,2829,GATCCT,0.09990688413381577,False,False,True,-0.005336828529834747,
9,24,20,layer,degradation,0.9716796875,0.12276104092597961,1206,ATTACA,3.251953125,2347,CTCCCC,3.298828125,2347,CTCCCC,3.298828125,1206,ATTACA,0.0045003024861216545,2347,CTCCCC,0.0014862020034343004,2829,GATCCT,0.10166168957948685,False,False,True,-0.007690995931625366,
9,25,20,layer,degradation,1.0068359375,1.033373236656189,1206,ATTACA,3.2421875,2347,CTCCCC,3.298828125,2347,CTCCCC,3.298828125,1206,ATTACA,0.004299430176615715,2347,CTCCCC,0.0014680911554023623,2829,GATCCT,0.0934930369257927,False,False,True,-0.0034594424068927765,
9,26,20,layer,degradation,1.0,1.0490448474884033,1206,ATTACA,3.2421875,2347,CTCCCC,3.296875,2347,CTCCCC,3.296875,1206,ATTACA,0.004355344455689192,2347,CTCCCC,0.001527150860056281,2829,GATCCT,0.0896877646446228,False,False,True,-0.0017071403563022614,
9,27,20,layer,degradation,0.95068359375,1.6046173572540283,1206,ATTACA,3.25,2347,CTCCCC,3.291015625,2347,CTCCCC,3.291015625,1206,ATTACA,0.0042656841687858105,2347,CTCCCC,0.0015489950310438871,2829,GATCCT,0.08632796257734299,False,False,True,-0.0021986812353134155,
9,28,20,layer,degradation,0.91552734375,2.0007379055023193,1206,ATTACA,3.2578125,2347,CTCCCC,3.2890625,2347,CTCCCC,3.2890625,1206,ATTACA,0.004216254223138094,2347,CTCCCC,0.0015790673205628991,2829,GATCCT,0.08405985683202744,False,False,True,-0.0025839656591415405,
9,29,20,layer,degradation,0.89453125,2.4644410610198975,1206,ATTACA,3.271484375,2347,CTCCCC,3.296875,2347,CTCCCC,3.296875,1206,ATTACA,0.004100464284420013,2347,CTCCCC,0.001556343398988247,2829,GATCCT,0.08463390171527863,False,False,True,-0.005083877593278885,
9,30,20,layer,degradation,0.859375,1.7364153861999512,1206,ATTACA,3.2734375,2347,CTCCCC,3.2890625,2347,CTCCCC,3.2890625,1206,ATTACA,0.00423686346039176,2347,CTCCCC,0.0015466264449059963,2829,GATCCT,0.08540519326925278,False,False,True,-0.0026801638305187225,
9,31,20,layer,degradation,0.837890625,1.4193881750106812,1206,ATTACA,3.283203125,2347,CTCCCC,3.29296875,2347,CTCCCC,3.29296875,1206,ATTACA,0.004269838333129883,2347,CTCCCC,0.0015159734757617116,2829,GATCCT,0.08495687693357468,False,False,True,-0.003616105765104294,
9,32,20,layer,degradation,0.91552734375,2.1608545780181885,1206,ATTACA,3.259765625,2347,CTCCCC,3.291015625,2347,CTCCCC,3.291015625,1206,ATTACA,0.00413617305457592,2347,CTCCCC,0.0015311219030991197,2829,GATCCT,0.08299091458320618,False,False,True,-0.0030312910676002502,
9,33,20,layer,degradation,0.96484375,2.4451189041137695,1206,ATTACA,3.23828125,2347,CTCCCC,3.283203125,2347,CTCCCC,3.283203125,1206,ATTACA,0.004031279124319553,2347,CTCCCC,0.0014832800952717662,2829,GATCCT,0.08130945265293121,False,False,True,-0.003665182739496231,
10,0,20,layer,degradation,0.96484375,0.5663357973098755,1206,ATTACA,3.232421875,2347,CTCCCC,3.27734375,2347,CTCCCC,3.27734375,1206,ATTACA,0.004262789152562618,2347,CTCCCC,0.0013377148425206542,2829,GATCCT,0.08902550488710403,False,False,True,-0.003020443022251129,
10,1,20,layer,degradation,0.96484375,-0.06508523970842361,1206,ATTACA,3.224609375,2347,CTCCCC,3.26953125,2347,CTCCCC,3.26953125,1206,ATTACA,0.004341156221926212,2347,CTCCCC,0.0012893545208498836,2829,GATCCT,0.09022743254899979,False,False,True,-0.0032518170773983,
10,2,20,layer,degradation,0.96484375,-0.04144973307847977,1206,ATTACA,3.21484375,2347,CTCCCC,3.259765625,2347,CTCCCC,3.259765625,1206,ATTACA,0.004291784018278122,2347,CTCCCC,0.0012447260087355971,2829,GATCCT,0.09306654334068298,False,False,True,-0.0029566846787929535,
10,3,20,layer,degradation,0.89453125,-0.5684541463851929,1206,ATTACA,3.234375,2347,CTCCCC,3.259765625,2347,CTCCCC,3.259765625,1206,ATTACA,0.004388892091810703,2347,CTCCCC,0.001236063544638455,2829,GATCCT,0.09460762143135071,False,False,True,-0.005146335810422897,
10,4,20,layer,degradation,0.88037109375,-0.749204158782959,1206,ATTACA,3.25,2347,CTCCCC,3.271484375,2347,CTCCCC,3.271484375,1206,ATTACA,0.004475169349461794,2347,CTCCCC,0.0012860639253631234,2829,GATCCT,0.09208077192306519,False,False,True,-0.004479266703128815,
10,5,20,layer,degradation,0.873046875,-0.7108228802680969,1206,ATTACA,3.25390625,2347,CTCCCC,3.2734375,2347,CTCCCC,3.2734375,1206,ATTACA,0.004509071819484234,2347,CTCCCC,0.0013276694808155298,2829,GATCCT,0.08891148865222931,False,False,True,-0.0045649223029613495,
10,6,20,layer,degradation,0.97900390625,0.10657093673944473,1206,ATTACA,3.25,2347,CTCCCC,3.298828125,2347,CTCCCC,3.298828125,1206,ATTACA,0.004498900379985571,2347,CTCCCC,0.0014815505128353834,2829,GATCCT,0.08882605284452438,False,False,True,0.00018291547894477844,
10,7,20,layer,degradation,1.0419921875,1.6520774364471436,1206,ATTACA,3.23828125,2347,CTCCCC,3.3046875,2347,CTCCCC,3.3046875,1206,ATTACA,0.004237235989421606,2347,CTCCCC,0.0015300721861422062,2829,GATCCT,0.08841626346111298,False,False,True,1.3608485460281372e-05,
10,8,20,layer,degradation,1.1123046875,2.4819746017456055,1206,ATTACA,3.234375,2347,CTCCCC,3.3203125,2347,CTCCCC,3.3203125,1206,ATTACA,0.004136683419346809,2347,CTCCCC,0.0015960814198479056,2829,GATCCT,0.08179168403148651,False,False,True,-0.002763655036687851,
10,9,20,layer,degradation,0.837890625,1.0248744487762451,1206,ATTACA,3.298828125,2347,CTCCCC,3.30859375,2347,CTCCCC,3.30859375,1206,ATTACA,0.004423414822667837,2347,CTCCCC,0.0015903703169897199,2829,GATCCT,0.08282791823148727,False,False,True,-0.0032382048666477203,
10,10,20,layer,degradation,0.78173828125,0.4422023892402649,1206,ATTACA,3.283203125,2347,CTCCCC,3.27734375,1206,ATTACA,3.283203125,1206,ATTACA,0.004448212217539549,2347,CTCCCC,0.0014982240973040462,2829,GATCCT,0.08215371519327164,True,False,True,-0.003937583416700363,
10,11,20,layer,degradation,0.75341796875,-0.04862251877784729,1206,ATTACA,3.279296875,2347,CTCCCC,3.265625,1206,ATTACA,3.279296875,1206,ATTACA,0.004516630433499813,2347,CTCCCC,0.0014681329485028982,2829,GATCCT,0.08889353275299072,True,False,True,-0.001569598913192749,
10,12,20,layer,degradation,1.0,1.609859824180603,1206,ATTACA,3.20703125,2347,CTCCCC,3.26171875,2347,CTCCCC,3.26171875,1206,ATTACA,0.004169642925262451,2347,CTCCCC,0.0014540058327838778,2829,GATCCT,0.08826546370983124,False,False,True,-0.0013322196900844574,
10,13,20,layer,degradation,0.96484375,-0.07536473125219345,1206,ATTACA,3.224609375,2347,CTCCCC,3.26953125,2347,CTCCCC,3.26953125,1206,ATTACA,0.004530015401542187,2347,CTCCCC,0.0014761507045477629,2829,GATCCT,0.08931492269039154,False,False,True,-0.002276245504617691,
10,14,20,layer,degradation,0.9931640625,-0.7805983424186707,1206,ATTACA,3.220703125,2347,CTCCCC,3.2734375,2347,CTCCCC,3.2734375,1206,ATTACA,0.0046397242695093155,2347,CTCCCC,0.0014443177497014403,2829,GATCCT,0.09473384916782379,False,False,True,-0.004434511065483093,
10,15,20,layer,degradation,0.9716796875,-0.7728419899940491,1206,ATTACA,3.21875,2347,CTCCCC,3.265625,2347,CTCCCC,3.265625,1206,ATTACA,0.0045813326723873615,2347,CTCCCC,0.001387482974678278,2829,GATCCT,0.09885693341493607,False,False,True,-0.007498703896999359,
10,16,20,layer,degradation,0.95751953125,1.2056221961975098,1206,ATTACA,3.2265625,2347,CTCCCC,3.26953125,2347,CTCCCC,3.26953125,1206,ATTACA,0.00414913659915328,2347,CTCCCC,0.0013523682719096541,2829,GATCCT,0.09382185339927673,False,False,True,-0.00930061936378479,
10,17,20,layer,degradation,0.7607421875,1.0780526399612427,1206,ATTACA,3.25390625,2347,CTCCCC,3.2421875,1206,ATTACA,3.25390625,1206,ATTACA,0.004137203563004732,2347,CTCCCC,0.0013148320140317082,2829,GATCCT,0.08730258047580719,True,False,True,-0.015449130907654762,
10,18,20,layer,degradation,0.68994140625,2.0476179122924805,1206,ATTACA,3.263671875,2347,CTCCCC,3.232421875,1206,ATTACA,3.263671875,1206,ATTACA,0.003923698794096708,2347,CTCCCC,0.0012959206942468882,2829,GATCCT,0.08075960725545883,True,False,True,-0.01630120724439621,
10,19,20,layer,degradation,0.7255859375,0.6464719772338867,1206,ATTACA,3.310546875,2347,CTCCCC,3.2890625,1206,ATTACA,3.310546875,1206,ATTACA,0.004268762189894915,2347,CTCCCC,0.0013597713550552726,2829,GATCCT,0.09250236302614212,True,False,True,-0.01633807271718979,
10,20,20,layer,degradation,0.7958984375,0.5482176542282104,1206,ATTACA,3.283203125,2347,CTCCCC,3.28125,1206,ATTACA,3.283203125,1206,ATTACA,0.004279258660972118,2347,CTCCCC,0.0013505480019375682,2829,GATCCT,0.0977257490158081,True,False,True,-0.008898675441741943,
10,21,20,layer,degradation,0.9013671875,-0.3218926191329956,1206,ATTACA,3.27734375,2347,CTCCCC,3.3046875,2347,CTCCCC,3.3046875,1206,ATTACA,0.004555781837552786,2347,CTCCCC,0.0014524386497214437,2829,GATCCT,0.09903579950332642,False,False,True,-0.00443388894200325,
10,22,20,layer,degradation,0.9013671875,0.004870024509727955,1206,ATTACA,3.2578125,2347,CTCCCC,3.28515625,2347,CTCCCC,3.28515625,1206,ATTACA,0.004530353005975485,2347,CTCCCC,0.0014925914583727717,2829,GATCCT,0.10226715356111526,False,False,True,-0.007528599351644516,
10,23,20,layer,degradation,0.92236328125,0.43937644362449646,1206,ATTACA,3.2578125,2347,CTCCCC,3.291015625,2347,CTCCCC,3.291015625,1206,ATTACA,0.004489608108997345,2347,CTCCCC,0.0015390529297292233,2829,GATCCT,0.09880951792001724,False,False,True,-0.0045214928686618805,
10,24,20,layer,degradation,0.9013671875,0.1672467142343521,1206,ATTACA,3.263671875,2347,CTCCCC,3.291015625,2347,CTCCCC,3.291015625,1206,ATTACA,0.004477559123188257,2347,CTCCCC,0.0014723868807777762,2829,GATCCT,0.10207974910736084,False,False,True,-0.006983503699302673,
10,25,20,layer,degradation,0.94384765625,0.45607930421829224,1206,ATTACA,3.24609375,2347,CTCCCC,3.28515625,2347,CTCCCC,3.28515625,1206,ATTACA,0.0043739271350204945,2347,CTCCCC,0.0014267242513597012,2829,GATCCT,0.09458620846271515,False,False,True,-0.003277689218521118,
10,26,20,layer,degradation,0.98583984375,0.19139845669269562,1206,ATTACA,3.24609375,2347,CTCCCC,3.296875,2347,CTCCCC,3.296875,1206,ATTACA,0.0044471221044659615,2347,CTCCCC,0.0014467972796410322,2829,GATCCT,0.09164900332689285,False,False,True,-0.0012150555849075317,
10,27,20,layer,degradation,1.0,1.0714366436004639,1206,ATTACA,3.2421875,2347,CTCCCC,3.296875,2347,CTCCCC,3.296875,1206,ATTACA,0.004318689927458763,2347,CTCCCC,0.0014949904289096594,2829,GATCCT,0.0881412923336029,False,False,True,-0.0020636506378650665,
10,28,20,layer,degradation,0.98583984375,1.7742619514465332,1206,ATTACA,3.24609375,2347,CTCCCC,3.296875,2347,CTCCCC,3.296875,1206,ATTACA,0.004200085066258907,2347,CTCCCC,0.0015174440341070294,2829,GATCCT,0.0867522731423378,False,False,True,-0.0022256895899772644,
10,29,20,layer,degradation,0.9296875,2.575350761413574,1206,ATTACA,3.25,2347,CTCCCC,3.28515625,2347,CTCCCC,3.28515625,1206,ATTACA,0.004045664798468351,2347,CTCCCC,0.001523803686723113,2829,GATCCT,0.08612852543592453,False,False,True,-0.00491950660943985,
10,30,20,layer,degradation,0.9013671875,1.697615385055542,1206,ATTACA,3.244140625,2347,CTCCCC,3.271484375,2347,CTCCCC,3.271484375,1206,ATTACA,0.004182766657322645,2347,CTCCCC,0.0014847423881292343,2829,GATCCT,0.08629706501960754,False,False,True,-0.0026082471013069153,
10,31,20,layer,degradation,0.9296875,1.8418216705322266,1206,ATTACA,3.244140625,2347,CTCCCC,3.279296875,2347,CTCCCC,3.279296875,1206,ATTACA,0.00417335145175457,2347,CTCCCC,0.0015042696613818407,2829,GATCCT,0.08449156582355499,False,False,True,-0.003002062439918518,
10,32,20,layer,degradation,0.89453125,2.3265445232391357,1206,ATTACA,3.259765625,2347,CTCCCC,3.28515625,2347,CTCCCC,3.28515625,1206,ATTACA,0.0041002375073730946,2347,CTCCCC,0.0015284405089914799,2829,GATCCT,0.08361901342868805,False,False,True,-0.003435898572206497,
10,33,20,layer,degradation,0.9365234375,2.324518918991089,1206,ATTACA,3.25390625,2347,CTCCCC,3.291015625,2347,CTCCCC,3.291015625,1206,ATTACA,0.004058961756527424,2347,CTCCCC,0.0014867582358419895,2829,GATCCT,0.08255019783973694,False,False,True,-0.004287071526050568,
11,0,20,layer,degradation,0.9296875,0.050793033093214035,1206,ATTACA,3.23828125,2347,CTCCCC,3.2734375,2347,CTCCCC,3.2734375,1206,ATTACA,0.004366782493889332,2347,CTCCCC,0.0013382377801463008,2829,GATCCT,0.08953311294317245,False,False,True,-0.002806328237056732,
11,1,20,layer,degradation,0.95751953125,0.029938237741589546,1206,ATTACA,3.22265625,2347,CTCCCC,3.265625,2347,CTCCCC,3.265625,1206,ATTACA,0.004325748886913061,2347,CTCCCC,0.0012930186931043863,2829,GATCCT,0.08991405367851257,False,False,True,-0.0024914517998695374,
11,2,20,layer,degradation,1.021484375,0.7662782669067383,1206,ATTACA,3.203125,2347,CTCCCC,3.263671875,2347,CTCCCC,3.263671875,1206,ATTACA,0.004176761955022812,2347,CTCCCC,0.0012918164720758796,2829,GATCCT,0.0920955166220665,False,False,True,-0.0024212636053562164,
11,3,20,layer,degradation,1.013671875,0.5949875116348267,1206,ATTACA,3.220703125,2347,CTCCCC,3.279296875,2347,CTCCCC,3.279296875,1206,ATTACA,0.004215220455080271,2347,CTCCCC,0.0012958967126905918,2829,GATCCT,0.09423157572746277,False,False,True,-0.005057565867900848,
11,4,20,layer,degradation,0.95751953125,0.015710990875959396,1206,ATTACA,3.23828125,2347,CTCCCC,3.28125,2347,CTCCCC,3.28125,1206,ATTACA,0.004350138828158379,2347,CTCCCC,0.0013145531993359327,2829,GATCCT,0.09208491444587708,False,False,True,-0.004853438585996628,
11,5,20,layer,degradation,0.95068359375,0.04295435920357704,1206,ATTACA,3.2421875,2347,CTCCCC,3.283203125,2347,CTCCCC,3.283203125,1206,ATTACA,0.004359550308436155,2347,CTCCCC,0.001329432474449277,2829,GATCCT,0.09036672860383987,False,False,True,-0.004765588790178299,
11,6,20,layer,degradation,1.013671875,1.0239359140396118,1206,ATTACA,3.234375,2347,CTCCCC,3.29296875,2347,CTCCCC,3.29296875,1206,ATTACA,0.004292850382626057,2347,CTCCCC,0.0014596174005419016,2829,GATCCT,0.08779057115316391,False,False,True,-0.00015490129590034485,
11,7,20,layer,degradation,1.0634765625,2.5627999305725098,1206,ATTACA,3.232421875,2347,CTCCCC,3.3046875,2347,CTCCCC,3.3046875,1206,ATTACA,0.004049668554216623,2347,CTCCCC,0.0015252885641530156,2829,GATCCT,0.0877881646156311,False,False,True,-0.0005135349929332733,
11,8,20,layer,degradation,1.126953125,2.5441503524780273,1206,ATTACA,3.23828125,2347,CTCCCC,3.328125,2347,CTCCCC,3.328125,1206,ATTACA,0.004076163750141859,2347,CTCCCC,0.0015480407746508718,2829,GATCCT,0.08438561111688614,False,False,True,-0.004518195986747742,
11,9,20,layer,degradation,0.81005859375,1.2171835899353027,1206,ATTACA,3.322265625,2347,CTCCCC,3.32421875,2347,CTCCCC,3.32421875,1206,ATTACA,0.004351993557065725,2347,CTCCCC,0.0015575457364320755,2829,GATCCT,0.08541049808263779,False,False,True,-0.004168711602687836,
11,10,20,layer,degradation,0.7744140625,-0.07056082785129547,1206,ATTACA,3.3203125,2347,CTCCCC,3.3125,1206,ATTACA,3.3203125,1206,ATTACA,0.0045394934713840485,2347,CTCCCC,0.001486593042500317,2829,GATCCT,0.08634664863348007,True,False,True,-0.004658550024032593,
11,11,20,layer,degradation,0.74658203125,0.4157629609107971,1206,ATTACA,3.296875,2347,CTCCCC,3.28125,1206,ATTACA,3.296875,1206,ATTACA,0.004445319529622793,2347,CTCCCC,0.001490025082603097,2829,GATCCT,0.09049620479345322,True,False,True,-0.0006176792085170746,
11,12,20,layer,degradation,1.021484375,1.3938826322555542,1206,ATTACA,3.185546875,2347,CTCCCC,3.24609375,2347,CTCCCC,3.24609375,1206,ATTACA,0.004221178125590086,2347,CTCCCC,0.001462194137275219,2829,GATCCT,0.08728113025426865,False,False,True,-0.0005826130509376526,
11,13,20,layer,degradation,1.0068359375,0.6549672484397888,1206,ATTACA,3.193359375,2347,CTCCCC,3.25,2347,CTCCCC,3.25,1206,ATTACA,0.0043824645690619946,2347,CTCCCC,0.0014751788694411516,2829,GATCCT,0.09035923331975937,False,False,True,-0.0014967285096645355,
11,14,20,layer,degradation,0.9716796875,-1.1527700424194336,1206,ATTACA,3.1953125,2347,CTCCCC,3.2421875,2347,CTCCCC,3.2421875,1206,ATTACA,0.004690959118306637,2347,CTCCCC,0.0014208571519702673,2829,GATCCT,0.09210225939750671,False,False,True,-0.004533831030130386,
11,15,20,layer,degradation,0.9013671875,-2.1169443130493164,1206,ATTACA,3.224609375,2347,CTCCCC,3.251953125,2347,CTCCCC,3.251953125,1206,ATTACA,0.004826028365641832,2347,CTCCCC,0.0013624147977679968,2829,GATCCT,0.09887519478797913,False,False,True,-0.007028907537460327,
11,16,20,layer,degradation,0.81005859375,-0.6453072428703308,1206,ATTACA,3.240234375,2347,CTCCCC,3.2421875,2347,CTCCCC,3.2421875,1206,ATTACA,0.004515179432928562,2347,CTCCCC,0.0013469260884448886,2829,GATCCT,0.09369843453168869,False,False,True,-0.009542722254991531,
11,17,20,layer,degradation,0.732421875,1.5593833923339844,1206,ATTACA,3.259765625,2347,CTCCCC,3.240234375,1206,ATTACA,3.259765625,1206,ATTACA,0.004072342999279499,2347,CTCCCC,0.001346575329080224,2829,GATCCT,0.08888523280620575,True,False,True,-0.015380464494228363,
11,18,20,layer,degradation,0.74658203125,2.863903760910034,1206,ATTACA,3.26171875,2347,CTCCCC,3.24609375,1206,ATTACA,3.26171875,1206,ATTACA,0.0037549275439232588,2347,CTCCCC,0.0012909796787425876,2829,GATCCT,0.08234697580337524,True,False,True,-0.015965726226568222,
11,19,20,layer,degradation,0.697265625,1.2053449153900146,1206,ATTACA,3.318359375,2347,CTCCCC,3.2890625,1206,ATTACA,3.318359375,1206,ATTACA,0.004030931740999222,2347,CTCCCC,0.0012341078836470842,2829,GATCCT,0.0945170521736145,True,False,True,-0.018361996859312057,
11,20,20,layer,degradation,0.68994140625,-0.8964418172836304,1206,ATTACA,3.310546875,2347,CTCCCC,3.279296875,1206,ATTACA,3.310546875,1206,ATTACA,0.0044113826006650925,2347,CTCCCC,0.0011927260784432292,2829,GATCCT,0.09990572184324265,True,False,True,-0.010633397847414017,
11,21,20,layer,degradation,0.7958984375,-1.5902915000915527,1206,ATTACA,3.298828125,2347,CTCCCC,3.296875,1206,ATTACA,3.298828125,1206,ATTACA,0.0047110081650316715,2347,CTCCCC,0.0013530949363484979,2829,GATCCT,0.09943066537380219,True,False,True,-0.005233351141214371,
11,22,20,layer,degradation,0.802734375,-2.1335415840148926,1206,ATTACA,3.271484375,2347,CTCCCC,3.271484375,1206,ATTACA,3.271484375,1206,ATTACA,0.0049063232727348804,2347,CTCCCC,0.0014393784804269671,2829,GATCCT,0.09675054997205734,True,False,True,-0.002914242446422577,
11,23,20,layer,degradation,0.92236328125,-1.05519437789917,1206,ATTACA,3.251953125,2347,CTCCCC,3.28515625,2347,CTCCCC,3.28515625,1206,ATTACA,0.004787033889442682,2347,CTCCCC,0.0015365155413746834,2829,GATCCT,0.09684789925813675,False,False,True,0.0009695105254650116,
11,24,20,layer,degradation,0.90869140625,-0.2470823973417282,1206,ATTACA,3.251953125,2347,CTCCCC,3.28125,2347,CTCCCC,3.28125,1206,ATTACA,0.00455485749989748,2347,CTCCCC,0.001466528745368123,2829,GATCCT,0.09933501482009888,False,False,True,-0.00541381910443306,
11,25,20,layer,degradation,0.96484375,1.112866759300232,1206,ATTACA,3.24609375,2347,CTCCCC,3.291015625,2347,CTCCCC,3.291015625,1206,ATTACA,0.004273952450603247,2347,CTCCCC,0.0014585680328309536,2829,GATCCT,0.09469979256391525,False,False,True,-0.004138592630624771,
11,26,20,layer,degradation,0.95068359375,1.9535804986953735,1206,ATTACA,3.26171875,2347,CTCCCC,3.302734375,2347,CTCCCC,3.302734375,1206,ATTACA,0.0042731063440442085,2347,CTCCCC,0.0016264546429738402,2829,GATCCT,0.08678483963012695,False,False,True,-0.0020745843648910522,
11,27,20,layer,degradation,0.95068359375,2.069443702697754,1206,ATTACA,3.271484375,2347,CTCCCC,3.3125,2347,CTCCCC,3.3125,1206,ATTACA,0.004281650297343731,2347,CTCCCC,0.0016582526732236147,2829,GATCCT,0.08459732681512833,False,False,True,-0.002059139311313629,
11,28,20,layer,degradation,0.95751953125,2.6911396980285645,1206,ATTACA,3.26171875,2347,CTCCCC,3.3046875,2347,CTCCCC,3.3046875,1206,ATTACA,0.004186874255537987,2347,CTCCCC,0.0016882523195818067,2829,GATCCT,0.08302822709083557,False,False,True,-0.0020149387419223785,
11,29,20,layer,degradation,0.96484375,2.009549856185913,1206,ATTACA,3.24609375,2347,CTCCCC,3.291015625,2347,CTCCCC,3.291015625,1206,ATTACA,0.004150019492954016,2347,CTCCCC,0.0015146011719480157,2829,GATCCT,0.08864857256412506,False,False,True,-0.005461882799863815,
11,30,20,layer,degradation,0.9716796875,1.3718491792678833,1206,ATTACA,3.22265625,2347,CTCCCC,3.26953125,2347,CTCCCC,3.26953125,1206,ATTACA,0.0042205494828522205,2347,CTCCCC,0.0014571433421224356,2829,GATCCT,0.08871952444314957,False,False,True,-0.00338580459356308,
11,31,20,layer,degradation,0.9716796875,1.4786869287490845,1206,ATTACA,3.22265625,2347,CTCCCC,3.26953125,2347,CTCCCC,3.26953125,1206,ATTACA,0.0041743735782802105,2347,CTCCCC,0.0014324100920930505,2829,GATCCT,0.08680203557014465,False,False,True,-0.004508472979068756,
11,32,20,layer,degradation,0.96484375,2.198824167251587,1206,ATTACA,3.234375,2347,CTCCCC,3.279296875,2347,CTCCCC,3.279296875,1206,ATTACA,0.004065447952598333,2347,CTCCCC,0.0014680172316730022,2829,GATCCT,0.08642299473285675,False,False,True,-0.004640251398086548,
11,33,20,layer,degradation,0.9716796875,2.763909339904785,1206,ATTACA,3.2421875,2347,CTCCCC,3.2890625,2347,CTCCCC,3.2890625,1206,ATTACA,0.003950245212763548,2347,CTCCCC,0.001466228044591844,2829,GATCCT,0.08269988000392914,False,False,True,-0.0043072886765003204,
12,0,20,layer,degradation,0.92236328125,-0.48405352234840393,1206,ATTACA,3.23828125,2347,CTCCCC,3.271484375,2347,CTCCCC,3.271484375,1206,ATTACA,0.0044953045435249805,2347,CTCCCC,0.0013594153570011258,2829,GATCCT,0.09078498929738998,False,False,True,-0.0019928142428398132,
12,1,20,layer,degradation,0.9296875,-0.8036584258079529,1206,ATTACA,3.234375,2347,CTCCCC,3.26953125,2347,CTCCCC,3.26953125,1206,ATTACA,0.004535479936748743,2347,CTCCCC,0.0013354452094063163,2829,GATCCT,0.09260538220405579,False,False,True,-0.0021766312420368195,
12,2,20,layer,degradation,0.9931640625,-0.06698893755674362,1206,ATTACA,3.224609375,2347,CTCCCC,3.27734375,2347,CTCCCC,3.27734375,1206,ATTACA,0.004376471042633057,2347,CTCCCC,0.0013242873828858137,2829,GATCCT,0.09426073729991913,False,False,True,-0.0023116283118724823,
12,3,20,layer,degradation,0.94384765625,-0.8024844527244568,1206,ATTACA,3.25390625,2347,CTCCCC,3.29296875,2347,CTCCCC,3.29296875,1206,ATTACA,0.004511508625000715,2347,CTCCCC,0.0013117095222696662,2829,GATCCT,0.09606204926967621,False,False,True,-0.0048386529088020325,
12,4,20,layer,degradation,0.9365234375,-1.0626896619796753,1206,ATTACA,3.25390625,2347,CTCCCC,3.291015625,2347,CTCCCC,3.291015625,1206,ATTACA,0.004559842869639397,2347,CTCCCC,0.0013078202027827501,2829,GATCCT,0.09529324620962143,False,False,True,-0.0047529712319374084,
12,5,20,layer,degradation,0.9296875,-0.8270062208175659,1206,ATTACA,3.263671875,2347,CTCCCC,3.298828125,2347,CTCCCC,3.298828125,1206,ATTACA,0.0045429314486682415,2347,CTCCCC,0.0013382110046222806,2829,GATCCT,0.09268254786729813,False,False,True,-0.004524711519479752,
12,6,20,layer,degradation,1.021484375,0.794510006904602,1206,ATTACA,3.240234375,2347,CTCCCC,3.30078125,2347,CTCCCC,3.30078125,1206,ATTACA,0.004349459428340197,2347,CTCCCC,0.0014701803447678685,2829,GATCCT,0.09125232696533203,False,False,True,-0.0008147023618221283,
12,7,20,layer,degradation,1.1123046875,3.26019024848938,1206,ATTACA,3.224609375,2347,CTCCCC,3.310546875,2347,CTCCCC,3.310546875,1206,ATTACA,0.003945136442780495,2347,CTCCCC,0.0015607239911332726,2829,GATCCT,0.08870667964220047,False,False,True,-0.000992700457572937,
12,8,20,layer,degradation,1.0634765625,2.709676742553711,1206,ATTACA,3.259765625,2347,CTCCCC,3.33203125,2347,CTCCCC,3.33203125,1206,ATTACA,0.004032757133245468,2347,CTCCCC,0.0015378554817289114,2829,GATCCT,0.08827138692140579,False,False,True,-0.005031701177358627,
12,9,20,layer,degradation,0.90869140625,2.9960789680480957,1206,ATTACA,3.279296875,2347,CTCCCC,3.30859375,2347,CTCCCC,3.30859375,1206,ATTACA,0.003914609085768461,2347,CTCCCC,0.0014771888963878155,2829,GATCCT,0.08831623941659927,False,False,True,-0.004441708326339722,
12,10,20,layer,degradation,0.78173828125,1.3193589448928833,1206,ATTACA,3.296875,2347,CTCCCC,3.291015625,1206,ATTACA,3.296875,1206,ATTACA,0.00416759867221117,2347,CTCCCC,0.0013936575269326568,2829,GATCCT,0.08950899541378021,True,False,True,-0.004785623401403427,
12,11,20,layer,degradation,0.732421875,1.310929775238037,1206,ATTACA,3.26953125,2347,CTCCCC,3.25,1206,ATTACA,3.26953125,1206,ATTACA,0.004187839571386576,2347,CTCCCC,0.001412206911481917,2829,GATCCT,0.09044743329286575,True,False,True,-0.000946488231420517,
12,12,20,layer,degradation,0.8310546875,1.0348975658416748,1206,ATTACA,3.224609375,2347,CTCCCC,3.232421875,2347,CTCCCC,3.232421875,1206,ATTACA,0.004265903029590845,2347,CTCCCC,0.0014348699478432536,2829,GATCCT,0.08623101562261581,False,False,True,-0.001842048019170761,
12,13,20,layer,degradation,0.8662109375,0.46556413173675537,1206,ATTACA,3.22265625,2347,CTCCCC,3.240234375,2347,CTCCCC,3.240234375,1206,ATTACA,0.0043978081084787846,2347,CTCCCC,0.0014525088481605053,2829,GATCCT,0.08682744204998016,False,False,True,-0.0023262351751327515,
12,14,20,layer,degradation,0.84521484375,-0.6152843236923218,1206,ATTACA,3.234375,2347,CTCCCC,3.24609375,2347,CTCCCC,3.24609375,1206,ATTACA,0.004569449461996555,2347,CTCCCC,0.0014072220074012876,2829,GATCCT,0.08535637706518173,False,False,True,-0.0038930028676986694,
12,15,20,layer,degradation,0.8310546875,-0.6163840889930725,1206,ATTACA,3.265625,2347,CTCCCC,3.2734375,2347,CTCCCC,3.2734375,1206,ATTACA,0.004540900234133005,2347,CTCCCC,0.0013784520560875535,2829,GATCCT,0.08951859921216965,False,False,True,-0.004715822637081146,
12,16,20,layer,degradation,0.78857421875,0.9306665658950806,1206,ATTACA,3.263671875,2347,CTCCCC,3.259765625,1206,ATTACA,3.263671875,1206,ATTACA,0.00420012790709734,2347,CTCCCC,0.001348175690509379,2829,GATCCT,0.08650993555784225,True,False,True,-0.008356429636478424,
12,17,20,layer,degradation,0.7041015625,1.613922357559204,1206,ATTACA,3.298828125,2347,CTCCCC,3.271484375,1206,ATTACA,3.298828125,1206,ATTACA,0.004067922476679087,2347,CTCCCC,0.0013531009899452329,2829,GATCCT,0.08625683933496475,True,False,True,-0.014891762286424637,
12,18,20,layer,degradation,0.78173828125,3.3682796955108643,1206,ATTACA,3.26953125,2347,CTCCCC,3.263671875,1206,ATTACA,3.26953125,1206,ATTACA,0.003719554515555501,2347,CTCCCC,0.0013568358263000846,2829,GATCCT,0.08225994557142258,True,False,True,-0.015054276213049889,
12,19,20,layer,degradation,0.78173828125,2.3418169021606445,1206,ATTACA,3.298828125,2347,CTCCCC,3.29296875,1206,ATTACA,3.298828125,1206,ATTACA,0.003910894971340895,2347,CTCCCC,0.0013421631883829832,2829,GATCCT,0.0918438732624054,True,False,True,-0.01602904498577118,
12,20,20,layer,degradation,0.7958984375,1.8766647577285767,1206,ATTACA,3.263671875,2347,CTCCCC,3.26171875,1206,ATTACA,3.263671875,1206,ATTACA,0.003986725118011236,2347,CTCCCC,0.0013246363960206509,2829,GATCCT,0.0920775756239891,True,False,True,-0.006958860903978348,
12,21,20,layer,degradation,0.85205078125,-0.06164095923304558,1206,ATTACA,3.265625,2347,CTCCCC,3.279296875,2347,CTCCCC,3.279296875,1206,ATTACA,0.004468788392841816,2347,CTCCCC,0.0014176780823618174,2829,GATCCT,0.09285040944814682,False,False,True,-0.0026217661798000336,
12,22,20,layer,degradation,0.75341796875,-1.228171944618225,1206,ATTACA,3.279296875,2347,CTCCCC,3.265625,1206,ATTACA,3.279296875,1206,ATTACA,0.004745424725115299,2347,CTCCCC,0.0014601894654333591,2829,GATCCT,0.09042776376008987,True,False,True,-0.0038042105734348297,
12,23,20,layer,degradation,0.88720703125,-0.8126769065856934,1206,ATTACA,3.2578125,2347,CTCCCC,3.28125,2347,CTCCCC,3.28125,1206,ATTACA,0.004717087838798761,2347,CTCCCC,0.001515243318863213,2829,GATCCT,0.09128240495920181,False,False,True,-0.0029350221157073975,
12,24,20,layer,degradation,0.9296875,0.681167721748352,1206,ATTACA,3.23828125,2347,CTCCCC,3.2734375,2347,CTCCCC,3.2734375,1206,ATTACA,0.004359501414000988,2347,CTCCCC,0.0014574743108823895,2829,GATCCT,0.09224086254835129,False,False,True,-0.00766889750957489,
12,25,20,layer,degradation,1.021484375,1.5267654657363892,1206,ATTACA,3.22265625,2347,CTCCCC,3.283203125,2347,CTCCCC,3.283203125,1206,ATTACA,0.004195763263851404,2347,CTCCCC,0.0014634492108598351,2829,GATCCT,0.09061441570520401,False,False,True,-0.0031984150409698486,
12,26,20,layer,degradation,1.0,1.019148349761963,1206,ATTACA,3.244140625,2347,CTCCCC,3.298828125,2347,CTCCCC,3.298828125,1206,ATTACA,0.0043443418107926846,2347,CTCCCC,0.0015101478202268481,2829,GATCCT,0.08905669301748276,False,False,True,-0.004148207604885101,
12,27,20,layer,degradation,0.98583984375,0.4521558880805969,1206,ATTACA,3.2578125,2347,CTCCCC,3.30859375,2347,CTCCCC,3.30859375,1206,ATTACA,0.004469469655305147,2347,CTCCCC,0.0015214793384075165,2829,GATCCT,0.08902398496866226,False,False,True,-0.0038287974894046783,
12,28,20,layer,degradation,1.0068359375,0.8867667317390442,1206,ATTACA,3.24609375,2347,CTCCCC,3.302734375,2347,CTCCCC,3.302734375,1206,ATTACA,0.004397903569042683,2347,CTCCCC,0.0015371403424069285,2829,GATCCT,0.08921998739242554,False,False,True,-0.003928888589143753,
12,29,20,layer,degradation,1.0419921875,1.7996201515197754,1206,ATTACA,3.22265625,2347,CTCCCC,3.2890625,2347,CTCCCC,3.2890625,1206,ATTACA,0.004187639337033033,2347,CTCCCC,0.0015100876335054636,2829,GATCCT,0.09122203290462494,False,False,True,-0.0052795931696891785,
12,30,20,layer,degradation,1.056640625,1.8304238319396973,1206,ATTACA,3.2109375,2347,CTCCCC,3.28125,2347,CTCCCC,3.28125,1206,ATTACA,0.004169517662376165,2347,CTCCCC,0.0014981483109295368,2829,GATCCT,0.09158295392990112,False,False,True,-0.005221173167228699,
12,31,20,layer,degradation,1.0849609375,1.7719846963882446,1206,ATTACA,3.20703125,2347,CTCCCC,3.28515625,2347,CTCCCC,3.28515625,1206,ATTACA,0.004161479417234659,2347,CTCCCC,0.001478381222113967,2829,GATCCT,0.09128791838884354,False,False,True,-0.005451414734125137,
12,32,20,layer,degradation,1.0703125,1.5848066806793213,1206,ATTACA,3.22265625,2347,CTCCCC,3.296875,2347,CTCCCC,3.296875,1206,ATTACA,0.004217158537358046,2347,CTCCCC,0.0014964933507144451,2829,GATCCT,0.0908128172159195,False,False,True,-0.004625808447599411,
12,33,20,layer,degradation,1.021484375,0.7216266989707947,1206,ATTACA,3.23046875,2347,CTCCCC,3.291015625,2347,CTCCCC,3.291015625,1206,ATTACA,0.004385092295706272,2347,CTCCCC,0.0014911852777004242,2829,GATCCT,0.08939961344003677,False,False,True,-0.0023387745022773743,
13,0,20,layer,degradation,0.94384765625,0.29460516571998596,1206,ATTACA,3.21875,2347,CTCCCC,3.2578125,2347,CTCCCC,3.2578125,1206,ATTACA,0.004371332935988903,2347,CTCCCC,0.0013917217729613185,2829,GATCCT,0.09011046588420868,False,False,True,-0.0018277652561664581,
13,1,20,layer,degradation,0.94384765625,-0.0956684872508049,1206,ATTACA,3.21484375,2347,CTCCCC,3.25390625,2347,CTCCCC,3.25390625,1206,ATTACA,0.004425858147442341,2347,CTCCCC,0.001367918448522687,2829,GATCCT,0.09239302575588226,False,False,True,-0.0018326528370380402,
13,2,20,layer,degradation,1.013671875,0.5847370028495789,1206,ATTACA,3.205078125,2347,CTCCCC,3.263671875,2347,CTCCCC,3.263671875,1206,ATTACA,0.00428706593811512,2347,CTCCCC,0.0013656850205734372,2829,GATCCT,0.09350340068340302,False,False,True,-0.0021546445786952972,
13,3,20,layer,degradation,0.9931640625,-0.5678833723068237,1206,ATTACA,3.232421875,2347,CTCCCC,3.28515625,2347,CTCCCC,3.28515625,1206,ATTACA,0.004488990642130375,2347,CTCCCC,0.0013362764148041606,2829,GATCCT,0.09678900241851807,False,False,True,-0.0004475004971027374,
13,4,20,layer,degradation,0.91552734375,-0.6295150518417358,1206,ATTACA,3.26171875,2347,CTCCCC,3.29296875,2347,CTCCCC,3.29296875,1206,ATTACA,0.00449772272258997,2347,CTCCCC,0.001332639018073678,2829,GATCCT,0.09296803176403046,False,False,True,-0.0008565224707126617,
13,5,20,layer,degradation,0.8662109375,-0.9366177320480347,1206,ATTACA,3.2734375,2347,CTCCCC,3.291015625,2347,CTCCCC,3.291015625,1206,ATTACA,0.004546083975583315,2347,CTCCCC,0.0013193641789257526,2829,GATCCT,0.09084893763065338,False,False,True,-0.00036171823740005493,
13,6,20,layer,degradation,0.94384765625,0.07075804471969604,1206,ATTACA,3.263671875,2347,CTCCCC,3.302734375,2347,CTCCCC,3.302734375,1206,ATTACA,0.004438699223101139,2347,CTCCCC,0.001414161641150713,2829,GATCCT,0.08779672533273697,False,False,True,-0.000994894653558731,
13,7,20,layer,degradation,0.9931640625,1.4100031852722168,1206,ATTACA,3.240234375,2347,CTCCCC,3.29296875,2347,CTCCCC,3.29296875,1206,ATTACA,0.0042277448810637,2347,CTCCCC,0.0014719964237883687,2829,GATCCT,0.08614704012870789,False,False,True,-0.000910196453332901,
13,8,20,layer,degradation,0.94384765625,1.0614286661148071,1206,ATTACA,3.26953125,2347,CTCCCC,3.30859375,2347,CTCCCC,3.30859375,1206,ATTACA,0.004302552435547113,2347,CTCCCC,0.001476844190619886,2829,GATCCT,0.08916755765676498,False,False,True,-0.002175837755203247,
13,9,20,layer,degradation,0.697265625,1.542643427848816,1206,ATTACA,3.30078125,2347,CTCCCC,3.271484375,1206,ATTACA,3.30078125,1206,ATTACA,0.004118408542126417,2347,CTCCCC,0.0013892811257392168,2829,GATCCT,0.08870526403188705,True,False,True,-0.0019033588469028473,
13,10,20,layer,degradation,0.71826171875,0.5921685099601746,1206,ATTACA,3.3046875,2347,CTCCCC,3.28125,1206,ATTACA,3.3046875,1206,ATTACA,0.004248780198395252,2347,CTCCCC,0.0013288907939568162,2829,GATCCT,0.0948948785662651,True,False,True,-0.0024922937154769897,
13,11,20,layer,degradation,0.7958984375,1.6320382356643677,1206,ATTACA,3.2734375,2347,CTCCCC,3.271484375,1067,ATCCCC,3.27734375,1206,ATTACA,0.004073220770806074,2347,CTCCCC,0.0013620350509881973,2829,GATCCT,0.0915810763835907,False,False,True,-0.0011134929955005646,
13,12,20,layer,degradation,0.9931640625,1.5486329793930054,1206,ATTACA,3.224609375,2347,CTCCCC,3.27734375,2347,CTCCCC,3.27734375,1206,ATTACA,0.004185400903224945,2347,CTCCCC,0.0014574755914509296,2829,GATCCT,0.08948078751564026,False,False,True,-0.0020138658583164215,
13,13,20,layer,degradation,0.95068359375,1.035942792892456,1206,ATTACA,3.21875,2347,CTCCCC,3.259765625,2347,CTCCCC,3.259765625,1206,ATTACA,0.00432226387783885,2347,CTCCCC,0.0014914406929165125,2829,GATCCT,0.08872586488723755,False,False,True,-0.0017437078058719635,
13,14,20,layer,degradation,0.85205078125,-0.09100843966007233,1206,ATTACA,3.212890625,2347,CTCCCC,3.2265625,2347,CTCCCC,3.2265625,1206,ATTACA,0.004486762452870607,2347,CTCCCC,0.0014297579182311893,2829,GATCCT,0.08884495496749878,False,False,True,-0.002876732498407364,
13,15,20,layer,degradation,0.81689453125,0.28884071111679077,1206,ATTACA,3.25,2347,CTCCCC,3.25390625,2347,CTCCCC,3.25390625,1206,ATTACA,0.00440472736954689,2347,CTCCCC,0.0014239593874663115,2829,GATCCT,0.09247533977031708,False,False,True,-0.0028041936457157135,
13,16,20,layer,degradation,0.859375,2.4175877571105957,1206,ATTACA,3.244140625,2347,CTCCCC,3.259765625,2347,CTCCCC,3.259765625,1206,ATTACA,0.003931843675673008,2347,CTCCCC,0.001378319226205349,2829,GATCCT,0.08536802232265472,False,False,True,-0.008352510631084442,
13,17,20,layer,degradation,0.8310546875,2.7438747882843018,1206,ATTACA,3.26953125,2347,CTCCCC,3.27734375,2347,CTCCCC,3.27734375,1206,ATTACA,0.0038692138623446226,2347,CTCCCC,0.0013811758253723383,2829,GATCCT,0.0835849717259407,False,False,True,-0.015311706811189651,
13,18,20,layer,degradation,0.767578125,2.426671266555786,1206,ATTACA,3.2890625,2347,CTCCCC,3.279296875,1206,ATTACA,3.2890625,1206,ATTACA,0.0038739086594432592,2347,CTCCCC,0.00132220727391541,2829,GATCCT,0.08074118942022324,True,False,True,-0.015310719609260559,
13,19,20,layer,degradation,0.78857421875,1.3072141408920288,1206,ATTACA,3.296875,2347,CTCCCC,3.29296875,1206,ATTACA,3.296875,1206,ATTACA,0.004169662948697805,2347,CTCCCC,0.0013932844158262014,2829,GATCCT,0.09029977768659592,True,False,True,-0.01436649076640606,
13,20,20,layer,degradation,0.81689453125,0.6978195309638977,1206,ATTACA,3.28125,2347,CTCCCC,3.28515625,2347,CTCCCC,3.28515625,1206,ATTACA,0.004307881463319063,2347,CTCCCC,0.0014091961784288287,2829,GATCCT,0.09049040824174881,False,False,True,-0.00804535299539566,
13,21,20,layer,degradation,0.95751953125,0.2365012913942337,1206,ATTACA,3.24609375,2347,CTCCCC,3.2890625,2347,CTCCCC,3.2890625,1206,ATTACA,0.004454186651855707,2347,CTCCCC,0.0014629140496253967,2829,GATCCT,0.09222982078790665,False,False,True,-0.002565048635005951,
13,22,20,layer,degradation,0.7607421875,-0.618827223777771,1206,ATTACA,3.271484375,2347,CTCCCC,3.259765625,1206,ATTACA,3.271484375,1206,ATTACA,0.004572154488414526,2347,CTCCCC,0.0014092157362028956,2829,GATCCT,0.09070593863725662,True,False,True,-0.00555279478430748,
13,23,20,layer,degradation,0.84521484375,0.09189705550670624,1206,ATTACA,3.25,2347,CTCCCC,3.26171875,2347,CTCCCC,3.26171875,1206,ATTACA,0.004429788328707218,2347,CTCCCC,0.001409493270330131,2829,GATCCT,0.0908803716301918,False,False,True,-0.005713652819395065,
13,24,20,layer,degradation,0.81005859375,1.1166985034942627,1206,ATTACA,3.26171875,2347,CTCCCC,3.263671875,2347,CTCCCC,3.263671875,1206,ATTACA,0.004274238366633654,2347,CTCCCC,0.0014596229884773493,2829,GATCCT,0.08970017731189728,False,False,True,-0.009154479950666428,
13,25,20,layer,degradation,0.9931640625,1.6766921281814575,1206,ATTACA,3.240234375,2347,CTCCCC,3.29296875,2347,CTCCCC,3.29296875,1206,ATTACA,0.004238476045429707,2347,CTCCCC,0.0015362523263320327,2829,GATCCT,0.08924330770969391,False,False,True,-0.0040083713829517365,
13,26,20,layer,degradation,1.0,1.5437722206115723,1206,ATTACA,3.23046875,2347,CTCCCC,3.28515625,2347,CTCCCC,3.28515625,1206,ATTACA,0.004269307944923639,2347,CTCCCC,0.001540407189168036,2829,GATCCT,0.08815112709999084,False,False,True,-0.004367198795080185,
13,27,20,layer,degradation,1.0634765625,1.8951982259750366,1206,ATTACA,3.220703125,2347,CTCCCC,3.29296875,2347,CTCCCC,3.29296875,1206,ATTACA,0.004195153247565031,2347,CTCCCC,0.00153678422793746,2829,GATCCT,0.08777353912591934,False,False,True,-0.005531579256057739,
13,28,20,layer,degradation,1.056640625,2.6105918884277344,1206,ATTACA,3.21484375,2347,CTCCCC,3.28515625,2347,CTCCCC,3.28515625,1206,ATTACA,0.004070266615599394,2347,CTCCCC,0.0015554784331470728,2829,GATCCT,0.08754002302885056,False,False,True,-0.005862940102815628,
13,29,20,layer,degradation,1.0419921875,2.8716752529144287,1206,ATTACA,3.22265625,2347,CTCCCC,3.2890625,2347,CTCCCC,3.2890625,1206,ATTACA,0.003997444175183773,2347,CTCCCC,0.0015350559260696173,2829,GATCCT,0.08939860761165619,False,False,True,-0.0056644007563591,
13,30,20,layer,degradation,1.0283203125,1.9568125009536743,1206,ATTACA,3.220703125,2347,CTCCCC,3.283203125,2347,CTCCCC,3.283203125,1206,ATTACA,0.004130809102207422,2347,CTCCCC,0.0014848060673102736,2829,GATCCT,0.09130212664604187,False,False,True,-0.005102518945932388,
13,31,20,layer,degradation,1.03515625,1.0992287397384644,1206,ATTACA,3.21484375,2347,CTCCCC,3.279296875,2347,CTCCCC,3.279296875,1206,ATTACA,0.004250132013112307,2347,CTCCCC,0.0014320103218778968,2829,GATCCT,0.09140703082084656,False,False,True,-0.0029865987598896027,
13,32,20,layer,degradation,1.0419921875,0.6876444220542908,1206,ATTACA,3.224609375,2347,CTCCCC,3.291015625,2347,CTCCCC,3.291015625,1206,ATTACA,0.004351720213890076,2347,CTCCCC,0.001450992887839675,2829,GATCCT,0.0912356898188591,False,False,True,-0.001752212643623352,
13,33,20,layer,degradation,1.0634765625,0.26079803705215454,1206,ATTACA,3.220703125,2347,CTCCCC,3.29296875,2347,CTCCCC,3.29296875,1206,ATTACA,0.004450482316315174,2347,CTCCCC,0.0014640860026702285,2829,GATCCT,0.08878792822360992,False,False,True,0.00041924789547920227,
14,0,20,layer,degradation,0.95751953125,0.230488583445549,1206,ATTACA,3.234375,2347,CTCCCC,3.27734375,2347,CTCCCC,3.27734375,1206,ATTACA,0.004433993250131607,2347,CTCCCC,0.0014415138866752386,2829,GATCCT,0.09191542863845825,False,False,True,-0.0010076314210891724,
14,1,20,layer,degradation,0.94384765625,0.16955411434173584,1206,ATTACA,3.23046875,2347,CTCCCC,3.26953125,2347,CTCCCC,3.26953125,1206,ATTACA,0.004420795012265444,2347,CTCCCC,0.0014160859864205122,2829,GATCCT,0.09501510858535767,False,False,True,-0.0014446303248405457,
14,2,20,layer,degradation,1.0,0.3348948061466217,1206,ATTACA,3.224609375,2347,CTCCCC,3.279296875,2347,CTCCCC,3.279296875,1206,ATTACA,0.004382556304335594,2347,CTCCCC,0.0014110314659774303,2829,GATCCT,0.09498417377471924,False,False,True,-0.0014349445700645447,
14,3,20,layer,degradation,0.94384765625,-0.47077056765556335,1206,ATTACA,3.251953125,2347,CTCCCC,3.291015625,2347,CTCCCC,3.291015625,1206,ATTACA,0.004500014707446098,2347,CTCCCC,0.0013667914317920804,2829,GATCCT,0.09415923804044724,False,False,True,-0.0010727569460868835,
14,4,20,layer,degradation,0.8310546875,-2.4176132678985596,1206,ATTACA,3.28515625,2347,CTCCCC,3.29296875,2347,CTCCCC,3.29296875,1206,ATTACA,0.004807051736861467,2347,CTCCCC,0.0012830932391807437,2829,GATCCT,0.09195222705602646,False,False,True,-0.001277923583984375,
14,5,20,layer,degradation,0.7255859375,-2.2321555614471436,1206,ATTACA,3.302734375,2347,CTCCCC,3.28125,1206,ATTACA,3.302734375,1206,ATTACA,0.004733988083899021,2347,CTCCCC,0.0012472514063119888,2829,GATCCT,0.09116880595684052,True,False,True,-0.0014704391360282898,
14,6,20,layer,degradation,0.767578125,-2.3500571250915527,1206,ATTACA,3.291015625,2347,CTCCCC,3.28125,1206,ATTACA,3.291015625,1206,ATTACA,0.004822010174393654,2347,CTCCCC,0.0013116103364154696,2829,GATCCT,0.08715248107910156,True,False,True,-0.001294989138841629,
14,7,20,layer,degradation,0.89453125,-0.10932844877243042,1206,ATTACA,3.265625,2347,CTCCCC,3.291015625,2347,CTCCCC,3.291015625,1206,ATTACA,0.004501980729401112,2347,CTCCCC,0.0014412995660677552,2829,GATCCT,0.08467549830675125,False,False,True,-0.0009952858090400696,
14,8,20,layer,degradation,0.82373046875,0.8416592478752136,1206,ATTACA,3.28515625,2347,CTCCCC,3.291015625,2347,CTCCCC,3.291015625,1206,ATTACA,0.00432200450450182,2347,CTCCCC,0.001452188240364194,2829,GATCCT,0.08908136934041977,False,False,True,-0.001692984253168106,
14,9,20,layer,degradation,0.6689453125,1.7244758605957031,1206,ATTACA,3.296875,2347,CTCCCC,3.259765625,1206,ATTACA,3.296875,1206,ATTACA,0.004026698414236307,2347,CTCCCC,0.0013340652221813798,2829,GATCCT,0.08943117409944534,True,False,True,-0.0016427598893642426,
14,10,20,layer,degradation,0.71142578125,1.2462494373321533,1206,ATTACA,3.2890625,2347,CTCCCC,3.263671875,1067,ATCCCC,3.30078125,1206,ATTACA,0.004061458632349968,2347,CTCCCC,0.0012728443834930658,2829,GATCCT,0.09265704452991486,False,False,True,-0.0022381991147994995,
14,11,20,layer,degradation,0.88037109375,0.7085920572280884,1206,ATTACA,3.251953125,2347,CTCCCC,3.2734375,1067,ATCCCC,3.302734375,1206,ATTACA,0.004239490255713463,2347,CTCCCC,0.00134296715259552,2829,GATCCT,0.08695369958877563,False,False,True,-0.0014109909534454346,
14,12,20,layer,degradation,1.013671875,1.1395347118377686,1206,ATTACA,3.20703125,2347,CTCCCC,3.265625,2347,CTCCCC,3.265625,1206,ATTACA,0.004264950752258301,2347,CTCCCC,0.0014549186453223228,2829,GATCCT,0.09024305641651154,False,False,True,-0.002006731927394867,
14,13,20,layer,degradation,0.94384765625,0.6952766180038452,1206,ATTACA,3.205078125,2347,CTCCCC,3.244140625,2347,CTCCCC,3.244140625,1206,ATTACA,0.004361338913440704,2347,CTCCCC,0.0014621433801949024,2829,GATCCT,0.0896947979927063,False,False,True,-0.0021775178611278534,
14,14,20,layer,degradation,0.9365234375,0.7072045803070068,1206,ATTACA,3.193359375,2347,CTCCCC,3.23046875,2347,CTCCCC,3.23046875,1206,ATTACA,0.004303072113543749,2347,CTCCCC,0.0014062704285606742,2829,GATCCT,0.0905495136976242,False,False,True,-0.003557290881872177,
14,15,20,layer,degradation,0.89453125,0.6054850816726685,1206,ATTACA,3.23828125,2347,CTCCCC,3.263671875,2347,CTCCCC,3.263671875,1206,ATTACA,0.0043123578652739525,2347,CTCCCC,0.0013951410073786974,2829,GATCCT,0.08864551782608032,False,False,True,-0.0035208016633987427,
14,16,20,layer,degradation,0.88037109375,2.8383820056915283,1206,ATTACA,3.244140625,2347,CTCCCC,3.265625,2347,CTCCCC,3.265625,1206,ATTACA,0.003845849307253957,2347,CTCCCC,0.0013767791679129004,2829,GATCCT,0.08400058001279831,False,False,True,-0.009081929922103882,
14,17,20,layer,degradation,0.802734375,2.858769178390503,1206,ATTACA,3.263671875,2347,CTCCCC,3.263671875,1206,ATTACA,3.263671875,1206,ATTACA,0.003840260673314333,2347,CTCCCC,0.001375282066874206,2829,GATCCT,0.08007407933473587,True,False,True,-0.014367567375302315,
14,18,20,layer,degradation,0.8662109375,2.7383365631103516,1206,ATTACA,3.263671875,2347,CTCCCC,3.28125,2347,CTCCCC,3.28125,1206,ATTACA,0.003838165896013379,2347,CTCCCC,0.0013490163255482912,2829,GATCCT,0.08240470290184021,False,False,True,-0.014821086078882217,
14,19,20,layer,degradation,0.89453125,1.4917773008346558,1206,ATTACA,3.259765625,2347,CTCCCC,3.28515625,2347,CTCCCC,3.28515625,1206,ATTACA,0.004168115556240082,2347,CTCCCC,0.001428779331035912,2829,GATCCT,0.08852846175432205,False,False,True,-0.012601720169186592,
14,20,20,layer,degradation,0.95068359375,1.3433727025985718,1206,ATTACA,3.251953125,2347,CTCCCC,3.29296875,2347,CTCCCC,3.29296875,1206,ATTACA,0.004267401061952114,2347,CTCCCC,0.0014982795109972358,2829,GATCCT,0.09147365391254425,False,False,True,-0.00715990737080574,
14,21,20,layer,degradation,0.873046875,0.5600110292434692,1206,ATTACA,3.2578125,2347,CTCCCC,3.27734375,2347,CTCCCC,3.27734375,1206,ATTACA,0.004431770648807287,2347,CTCCCC,0.001505427062511444,2829,GATCCT,0.08859018981456757,False,False,True,-0.0046276673674583435,
14,22,20,layer,degradation,0.75341796875,-0.07286939024925232,1206,ATTACA,3.27734375,2347,CTCCCC,3.263671875,1206,ATTACA,3.27734375,1206,ATTACA,0.004508489742875099,2347,CTCCCC,0.001455125748179853,2829,GATCCT,0.08800921589136124,True,False,True,-0.004709877073764801,
14,23,20,layer,degradation,0.81005859375,0.42919090390205383,1206,ATTACA,3.26171875,2347,CTCCCC,3.263671875,2347,CTCCCC,3.263671875,1206,ATTACA,0.0043723974376916885,2347,CTCCCC,0.001419797888956964,2829,GATCCT,0.08989478647708893,False,False,True,-0.004909593611955643,
14,24,20,layer,degradation,0.8662109375,0.8067836761474609,1206,ATTACA,3.265625,2347,CTCCCC,3.283203125,2347,CTCCCC,3.283203125,1206,ATTACA,0.0043582008220255375,2347,CTCCCC,0.0014813849702477455,2829,GATCCT,0.09022578597068787,False,False,True,-0.0064279548823833466,
14,25,20,layer,degradation,1.0068359375,1.154685378074646,1206,ATTACA,3.234375,2347,CTCCCC,3.291015625,2347,CTCCCC,3.291015625,1206,ATTACA,0.004303659778088331,2347,CTCCCC,0.001496668322943151,2829,GATCCT,0.08952455967664719,False,False,True,-0.00411234050989151,
14,26,20,layer,degradation,1.013671875,1.5456979274749756,1206,ATTACA,3.224609375,2347,CTCCCC,3.283203125,2347,CTCCCC,3.283203125,1206,ATTACA,0.004240097478032112,2347,CTCCCC,0.0015115829883143306,2829,GATCCT,0.08886021375656128,False,False,True,-0.006180278956890106,
14,27,20,layer,degradation,1.0771484375,2.628385066986084,1206,ATTACA,3.203125,2347,CTCCCC,3.279296875,2347,CTCCCC,3.279296875,1206,ATTACA,0.0040350710041821,2347,CTCCCC,0.0015238539781421423,2829,GATCCT,0.08927727490663528,False,False,True,-0.007127989083528519,
14,28,20,layer,degradation,1.0771484375,2.7289340496063232,1206,ATTACA,3.20703125,2347,CTCCCC,3.283203125,2347,CTCCCC,3.283203125,1206,ATTACA,0.004032585304230452,2347,CTCCCC,0.001541548641398549,2829,GATCCT,0.08926721662282944,False,False,True,-0.005985744297504425,
14,29,20,layer,degradation,1.056640625,2.470137119293213,1206,ATTACA,3.21875,2347,CTCCCC,3.2890625,2347,CTCCCC,3.2890625,1206,ATTACA,0.004069729242473841,2347,CTCCCC,0.0015267516719177365,2829,GATCCT,0.08931475132703781,False,False,True,-0.006064265966415405,
14,30,20,layer,degradation,1.021484375,1.4276398420333862,1206,ATTACA,3.224609375,2347,CTCCCC,3.28515625,2347,CTCCCC,3.28515625,1206,ATTACA,0.004220663569867611,2347,CTCCCC,0.0014684547204524279,2829,GATCCT,0.09144612401723862,False,False,True,-0.004944164305925369,
14,31,20,layer,degradation,1.056640625,1.4648749828338623,1206,ATTACA,3.22265625,2347,CTCCCC,3.29296875,2347,CTCCCC,3.29296875,1206,ATTACA,0.004206396639347076,2347,CTCCCC,0.0014616609551012516,2829,GATCCT,0.09215082228183746,False,False,True,-0.0022902600467205048,
14,32,20,layer,degradation,1.0849609375,1.3063138723373413,1206,ATTACA,3.22265625,2347,CTCCCC,3.30078125,2347,CTCCCC,3.30078125,1206,ATTACA,0.004268945660442114,2347,CTCCCC,0.0014923864509910345,2829,GATCCT,0.0914607048034668,False,False,True,-0.0018343664705753326,
14,33,20,layer,degradation,1.0283203125,0.8217557072639465,1206,ATTACA,3.23828125,2347,CTCCCC,3.30078125,2347,CTCCCC,3.30078125,1206,ATTACA,0.004370538517832756,2347,CTCCCC,0.0014967276947572827,2829,GATCCT,0.08977159857749939,False,False,True,-0.000520508736371994,
15,0,20,layer,degradation,1.0419921875,1.0704634189605713,1206,ATTACA,3.22265625,2347,CTCCCC,3.2890625,2347,CTCCCC,3.2890625,1206,ATTACA,0.0042837923392653465,2347,CTCCCC,0.0014598974958062172,2829,GATCCT,0.08860553801059723,False,False,True,-0.0006661824882030487,
15,1,20,layer,degradation,1.0419921875,1.1892940998077393,1206,ATTACA,3.22265625,2347,CTCCCC,3.2890625,2347,CTCCCC,3.2890625,1206,ATTACA,0.00424814922735095,2347,CTCCCC,0.0014481039252132177,2829,GATCCT,0.08931469172239304,False,False,True,-0.001072857528924942,
15,2,20,layer,degradation,1.0283203125,1.1692235469818115,1206,ATTACA,3.220703125,2347,CTCCCC,3.283203125,2347,CTCCCC,3.283203125,1206,ATTACA,0.004257286433130503,2347,CTCCCC,0.0014532129280269146,2829,GATCCT,0.08916056156158447,False,False,True,-0.0010655559599399567,
15,3,20,layer,degradation,0.9716796875,1.5926604270935059,1206,ATTACA,3.22265625,2347,CTCCCC,3.26953125,2347,CTCCCC,3.26953125,1206,ATTACA,0.004149561747908592,2347,CTCCCC,0.0014304728247225285,2829,GATCCT,0.09298200905323029,False,False,True,-0.0008622780442237854,
15,4,20,layer,degradation,0.9013671875,-0.032563503831624985,1206,ATTACA,3.232421875,2347,CTCCCC,3.259765625,2347,CTCCCC,3.259765625,1206,ATTACA,0.004359161481261253,2347,CTCCCC,0.0013138871872797608,2829,GATCCT,0.09337645024061203,False,False,True,-0.0016205869615077972,
15,5,20,layer,degradation,0.8310546875,-0.08968130499124527,1206,ATTACA,3.24609375,2347,CTCCCC,3.25390625,2347,CTCCCC,3.25390625,1206,ATTACA,0.004327265080064535,2347,CTCCCC,0.001270526903681457,2829,GATCCT,0.09406387060880661,False,False,True,-0.0015481896698474884,
15,6,20,layer,degradation,0.873046875,-0.9545294046401978,1206,ATTACA,3.244140625,2347,CTCCCC,3.263671875,2347,CTCCCC,3.263671875,1206,ATTACA,0.004531185142695904,2347,CTCCCC,0.0013008705573156476,2829,GATCCT,0.08894896507263184,False,False,True,-0.0013398639857769012,
15,7,20,layer,degradation,0.9716796875,0.30948901176452637,1206,ATTACA,3.234375,2347,CTCCCC,3.28125,2347,CTCCCC,3.28125,1206,ATTACA,0.004439275246113539,2347,CTCCCC,0.001462651533074677,2829,GATCCT,0.0866144597530365,False,False,True,-0.0008505359292030334,
15,8,20,layer,degradation,0.71826171875,1.8872933387756348,1206,ATTACA,3.28125,2347,CTCCCC,3.2578125,1206,ATTACA,3.28125,1206,ATTACA,0.003998953849077225,2347,CTCCCC,0.0013389983214437962,2829,GATCCT,0.09864431619644165,True,False,True,-0.0015754252672195435,
15,9,20,layer,degradation,0.190185546875,0.3746856153011322,1206,ATTACA,3.408203125,2347,CTCCCC,3.23828125,1206,ATTACA,3.408203125,1206,ATTACA,0.004150461871176958,2347,CTCCCC,0.0011869230074808002,2829,GATCCT,0.09621242433786392,True,False,True,-0.0014659799635410309,
15,10,20,layer,degradation,0.267578125,1.0057655572891235,1206,ATTACA,3.361328125,2347,CTCCCC,3.212890625,1206,ATTACA,3.361328125,1206,ATTACA,0.003949360456317663,2347,CTCCCC,0.0011124807642772794,2829,GATCCT,0.0949249118566513,True,False,True,-0.00224091112613678,
15,11,20,layer,degradation,0.7041015625,0.2088078111410141,1206,ATTACA,3.28125,2347,CTCCCC,3.25390625,1206,ATTACA,3.28125,1206,ATTACA,0.004274515900760889,2347,CTCCCC,0.0012776851654052734,2829,GATCCT,0.08021707832813263,True,False,True,-0.001745026558637619,
15,12,20,layer,degradation,1.1689453125,2.5913031101226807,1206,ATTACA,3.16796875,2347,CTCCCC,3.26953125,2347,CTCCCC,3.26953125,1206,ATTACA,0.003998144529759884,2347,CTCCCC,0.0014794849557802081,2829,GATCCT,0.0835610181093216,False,False,True,-0.0023473985493183136,
15,13,20,layer,degradation,0.98583984375,1.6165558099746704,1206,ATTACA,3.220703125,2347,CTCCCC,3.271484375,2347,CTCCCC,3.271484375,1206,ATTACA,0.004219138994812965,2347,CTCCCC,0.0015048460336402059,2829,GATCCT,0.08510112762451172,False,False,True,-0.002206049859523773,
15,14,20,layer,degradation,0.91552734375,0.963691771030426,1206,ATTACA,3.23828125,2347,CTCCCC,3.26953125,2347,CTCCCC,3.26953125,1206,ATTACA,0.0043241591192781925,2347,CTCCCC,0.0014788351254537702,2829,GATCCT,0.0877828523516655,False,False,True,-0.0026563629508018494,
15,15,20,layer,degradation,0.95751953125,0.6408513784408569,1206,ATTACA,3.234375,2347,CTCCCC,3.27734375,2347,CTCCCC,3.27734375,1206,ATTACA,0.004349734168499708,2347,CTCCCC,0.001439615385606885,2829,GATCCT,0.0882454663515091,False,False,True,-0.0026185475289821625,
15,16,20,layer,degradation,1.0068359375,1.511867642402649,1206,ATTACA,3.2421875,2347,CTCCCC,3.298828125,2347,CTCCCC,3.298828125,1206,ATTACA,0.004220448900014162,2347,CTCCCC,0.0014851447194814682,2829,GATCCT,0.0892973318696022,False,False,True,-0.008852098137140274,
15,17,20,layer,degradation,0.95751953125,1.1794147491455078,1206,ATTACA,3.240234375,2347,CTCCCC,3.283203125,2347,CTCCCC,3.283203125,1206,ATTACA,0.004287762567400932,2347,CTCCCC,0.0014857344795018435,2829,GATCCT,0.08745402097702026,False,False,True,-0.012303328141570091,
15,18,20,layer,degradation,1.03515625,1.4331142902374268,1206,ATTACA,3.234375,2347,CTCCCC,3.298828125,2347,CTCCCC,3.298828125,1206,ATTACA,0.004239924717694521,2347,CTCCCC,0.0014888144796714187,2829,GATCCT,0.08730564266443253,False,False,True,-0.012982750311493874,
15,19,20,layer,degradation,1.0283203125,1.3254865407943726,1206,ATTACA,3.2265625,2347,CTCCCC,3.2890625,2347,CTCCCC,3.2890625,1206,ATTACA,0.004272439517080784,2347,CTCCCC,0.0014997281832620502,2829,GATCCT,0.08651746064424515,False,False,True,-0.011827511712908745,
15,20,20,layer,degradation,0.9296875,0.1438780128955841,1206,ATTACA,3.26171875,2347,CTCCCC,3.296875,2347,CTCCCC,3.296875,1206,ATTACA,0.004486627411097288,2347,CTCCCC,0.0014767652610316873,2829,GATCCT,0.08728625625371933,False,False,True,-0.007563125342130661,
15,21,20,layer,degradation,0.82373046875,-0.6742976903915405,1206,ATTACA,3.27734375,2347,CTCCCC,3.283203125,2347,CTCCCC,3.283203125,1206,ATTACA,0.0046243686228990555,2347,CTCCCC,0.0014502969570457935,2829,GATCCT,0.08531597256660461,False,False,True,-0.0052319541573524475,
15,22,20,layer,degradation,0.67626953125,-1.5884376764297485,1206,ATTACA,3.30859375,2347,CTCCCC,3.2734375,1206,ATTACA,3.30859375,1206,ATTACA,0.004764155019074678,2347,CTCCCC,0.00140661362092942,2829,GATCCT,0.0855201929807663,True,False,True,-0.004923906177282333,
15,23,20,layer,degradation,0.78857421875,-0.2926492691040039,1206,ATTACA,3.28125,2347,CTCCCC,3.27734375,1206,ATTACA,3.28125,1206,ATTACA,0.004525430966168642,2347,CTCCCC,0.0014279568567872047,2829,GATCCT,0.0884464681148529,True,False,True,-0.0038960203528404236,
15,24,20,layer,degradation,0.81689453125,-0.03462032973766327,1206,ATTACA,3.27734375,2347,CTCCCC,3.28125,2347,CTCCCC,3.28125,1206,ATTACA,0.004484992008656263,2347,CTCCCC,0.0014393047895282507,2829,GATCCT,0.09014929085969925,False,False,True,-0.0039709098637104034,
15,25,20,layer,degradation,0.95751953125,0.6234257817268372,1206,ATTACA,3.240234375,2347,CTCCCC,3.283203125,2347,CTCCCC,3.283203125,1206,ATTACA,0.004375737626105547,2347,CTCCCC,0.0014621213776990771,2829,GATCCT,0.08980299532413483,False,False,True,-0.0025438331067562103,
15,26,20,layer,degradation,0.97900390625,0.9950719475746155,1206,ATTACA,3.23046875,2347,CTCCCC,3.279296875,2347,CTCCCC,3.279296875,1206,ATTACA,0.004303252324461937,2347,CTCCCC,0.0014642261667177081,2829,GATCCT,0.09002427011728287,False,False,True,-0.004919268190860748,
15,27,20,layer,degradation,1.0849609375,2.0997021198272705,1206,ATTACA,3.20703125,2347,CTCCCC,3.28515625,2347,CTCCCC,3.28515625,1206,ATTACA,0.0041080922819674015,2347,CTCCCC,0.001490767695941031,2829,GATCCT,0.08957800269126892,False,False,True,-0.0073701366782188416,
15,28,20,layer,degradation,1.091796875,2.312067985534668,1206,ATTACA,3.212890625,2347,CTCCCC,3.29296875,2347,CTCCCC,3.29296875,1206,ATTACA,0.0040939426980912685,2347,CTCCCC,0.0015192402061074972,2829,GATCCT,0.08990100026130676,False,False,True,-0.007602978497743607,
15,29,20,layer,degradation,1.0634765625,2.0354578495025635,1206,ATTACA,3.220703125,2347,CTCCCC,3.29296875,2347,CTCCCC,3.29296875,1206,ATTACA,0.004146745894104242,2347,CTCCCC,0.0015165272634476423,2829,GATCCT,0.08932515978813171,False,False,True,-0.006996367126703262,
15,30,20,layer,degradation,1.048828125,1.5040950775146484,1206,ATTACA,3.22265625,2347,CTCCCC,3.291015625,2347,CTCCCC,3.291015625,1206,ATTACA,0.004235417116433382,2347,CTCCCC,0.0014985529705882072,2829,GATCCT,0.09028933197259903,False,False,True,-0.006113193929195404,
15,31,20,layer,degradation,1.0849609375,1.9261085987091064,1206,ATTACA,3.220703125,2347,CTCCCC,3.298828125,2347,CTCCCC,3.298828125,1206,ATTACA,0.004170327913016081,2347,CTCCCC,0.001518162665888667,2829,GATCCT,0.09054737538099289,False,False,True,-0.005033932626247406,
15,32,20,layer,degradation,1.0849609375,1.791344165802002,1206,ATTACA,3.220703125,2347,CTCCCC,3.298828125,2347,CTCCCC,3.298828125,1206,ATTACA,0.004195007495582104,2347,CTCCCC,0.0015157947782427073,2829,GATCCT,0.09007292985916138,False,False,True,-0.004718773066997528,
15,33,20,layer,degradation,1.048828125,1.6863648891448975,1206,ATTACA,3.23046875,2347,CTCCCC,3.298828125,2347,CTCCCC,3.298828125,1206,ATTACA,0.0042035565711557865,2347,CTCCCC,0.0015032743103802204,2829,GATCCT,0.0900006890296936,False,False,True,-0.001193653792142868,
16,0,20,layer,degradation,1.0419921875,1.4790860414505005,1206,ATTACA,3.22265625,2347,CTCCCC,3.2890625,2347,CTCCCC,3.2890625,1206,ATTACA,0.004221456125378609,2347,CTCCCC,0.001479572500102222,2829,GATCCT,0.08991485834121704,False,False,True,-0.0009292438626289368,
16,1,20,layer,degradation,1.0283203125,1.5955536365509033,1206,ATTACA,3.220703125,2347,CTCCCC,3.283203125,2347,CTCCCC,3.283203125,1206,ATTACA,0.004191375803202391,2347,CTCCCC,0.0014728676760569215,2829,GATCCT,0.09060395509004593,False,False,True,-0.0013826563954353333,
16,2,20,layer,degradation,1.0,1.4071598052978516,1206,ATTACA,3.2265625,2347,CTCCCC,3.28125,2347,CTCCCC,3.28125,1206,ATTACA,0.004232314415276051,2347,CTCCCC,0.001475995173677802,2829,GATCCT,0.0906122624874115,False,False,True,-0.0014617331326007843,
16,3,20,layer,degradation,0.98583984375,1.3169019222259521,1206,ATTACA,3.2265625,2347,CTCCCC,3.27734375,2347,CTCCCC,3.27734375,1206,ATTACA,0.004210489336401224,2347,CTCCCC,0.0014360552886500955,2829,GATCCT,0.09297244995832443,False,False,True,-0.0012585148215293884,
16,4,20,layer,degradation,0.9296875,0.10863935947418213,1206,ATTACA,3.224609375,2347,CTCCCC,3.259765625,2347,CTCCCC,3.259765625,1206,ATTACA,0.004348342306911945,2347,CTCCCC,0.0013314075767993927,2829,GATCCT,0.09412193298339844,False,False,True,-0.0012777969241142273,
16,5,20,layer,degradation,0.91552734375,-0.15685005486011505,1206,ATTACA,3.23046875,2347,CTCCCC,3.26171875,2347,CTCCCC,3.26171875,1206,ATTACA,0.004344888962805271,2347,CTCCCC,0.0012746701249852777,2829,GATCCT,0.09453780204057693,False,False,True,-0.0011941567063331604,
16,6,20,layer,degradation,0.92236328125,-0.46417203545570374,1206,ATTACA,3.23046875,2347,CTCCCC,3.263671875,2347,CTCCCC,3.263671875,1206,ATTACA,0.004422481171786785,2347,CTCCCC,0.0012905821204185486,2829,GATCCT,0.09051751345396042,False,False,True,-0.0010166056454181671,
16,7,20,layer,degradation,0.95751953125,0.30216658115386963,1206,ATTACA,3.23046875,2347,CTCCCC,3.2734375,2347,CTCCCC,3.2734375,1206,ATTACA,0.004378395155072212,2347,CTCCCC,0.0014003018150106072,2829,GATCCT,0.0904131829738617,False,False,True,-0.001051146537065506,
16,8,20,layer,degradation,0.60546875,2.0315589904785156,1206,ATTACA,3.25390625,2347,CTCCCC,3.19921875,1206,ATTACA,3.25390625,1206,ATTACA,0.0038792963605374098,2347,CTCCCC,0.0012482950696721673,2829,GATCCT,0.10304930806159973,True,False,True,-0.0015357434749603271,
16,9,20,layer,degradation,0.1549072265625,-0.1765296906232834,1206,ATTACA,3.45703125,2347,CTCCCC,3.27734375,1206,ATTACA,3.45703125,1206,ATTACA,0.004336739890277386,2347,CTCCCC,0.001262571313418448,2829,GATCCT,0.09163893014192581,True,False,True,-0.001470513641834259,
16,10,20,layer,degradation,0.11968994140625,-0.31090429425239563,1206,ATTACA,3.4296875,2347,CTCCCC,3.240234375,1206,ATTACA,3.4296875,1206,ATTACA,0.0042628999799489975,2347,CTCCCC,0.001161761931143701,2829,GATCCT,0.08832961320877075,True,False,True,-0.0021658316254615784,
16,11,20,layer,degradation,0.478759765625,-2.440594434738159,1206,ATTACA,3.3984375,2347,CTCCCC,3.30859375,1206,ATTACA,3.3984375,1206,ATTACA,0.004887108691036701,2347,CTCCCC,0.0013585379347205162,2829,GATCCT,0.0728818029165268,True,False,True,-0.0017108172178268433,
16,12,20,layer,degradation,0.95751953125,0.8819210529327393,1206,ATTACA,3.19921875,2347,CTCCCC,3.2421875,2347,CTCCCC,3.2421875,1206,ATTACA,0.004268254153430462,2347,CTCCCC,0.0014065185096114874,2829,GATCCT,0.08375938981771469,False,False,True,-0.0024564117193222046,
16,13,20,layer,degradation,1.013671875,1.4616129398345947,1206,ATTACA,3.224609375,2347,CTCCCC,3.283203125,2347,CTCCCC,3.283203125,1206,ATTACA,0.004249144345521927,2347,CTCCCC,0.0015037540579214692,2829,GATCCT,0.086002416908741,False,False,True,-0.0022403039038181305,
16,14,20,layer,degradation,1.048828125,2.413525104522705,1206,ATTACA,3.220703125,2347,CTCCCC,3.2890625,2347,CTCCCC,3.2890625,1206,ATTACA,0.0040793330408632755,2347,CTCCCC,0.0015249931020662189,2829,GATCCT,0.08918873220682144,False,False,True,-0.0023426786065101624,
16,15,20,layer,degradation,1.056640625,1.6457921266555786,1206,ATTACA,3.21875,2347,CTCCCC,3.2890625,2347,CTCCCC,3.2890625,1206,ATTACA,0.004190041683614254,2347,CTCCCC,0.0014816164039075375,2829,GATCCT,0.08827870339155197,False,False,True,-0.0022399425506591797,
16,16,20,layer,degradation,1.0419921875,1.7763744592666626,1206,ATTACA,3.23046875,2347,CTCCCC,3.296875,2347,CTCCCC,3.296875,1206,ATTACA,0.004157318267971277,2347,CTCCCC,0.0014751011040061712,2829,GATCCT,0.08986087888479233,False,False,True,-0.0076403506100177765,
16,17,20,layer,degradation,0.95068359375,0.5727928280830383,1206,ATTACA,3.244140625,2347,CTCCCC,3.28515625,2347,CTCCCC,3.28515625,1206,ATTACA,0.004366923123598099,2347,CTCCCC,0.0014431447489187121,2829,GATCCT,0.08844830840826035,False,False,True,-0.011051960289478302,
16,18,20,layer,degradation,1.0,1.5069524049758911,1206,ATTACA,3.234375,2347,CTCCCC,3.2890625,2347,CTCCCC,3.2890625,1206,ATTACA,0.004203381948173046,2347,CTCCCC,0.0014670912642031908,2829,GATCCT,0.08902721107006073,False,False,True,-0.011431403458118439,
16,19,20,layer,degradation,1.0283203125,1.2426033020019531,1206,ATTACA,3.2265625,2347,CTCCCC,3.2890625,2347,CTCCCC,3.2890625,1206,ATTACA,0.004275354091078043,2347,CTCCCC,0.0014860080555081367,2829,GATCCT,0.08725816756486893,False,False,True,-0.01095564290881157,
16,20,20,layer,degradation,1.0703125,1.2177519798278809,1206,ATTACA,3.2265625,2347,CTCCCC,3.30078125,2347,CTCCCC,3.30078125,1206,ATTACA,0.004310101270675659,2347,CTCCCC,0.001515767420642078,2829,GATCCT,0.08788818120956421,False,False,True,-0.005189679563045502,
16,21,20,layer,degradation,0.91552734375,-0.3018881380558014,1206,ATTACA,3.251953125,2347,CTCCCC,3.283203125,2347,CTCCCC,3.283203125,1206,ATTACA,0.004562764894217253,2347,CTCCCC,0.0014634366380050778,2829,GATCCT,0.08670326322317123,False,False,True,-0.005307044833898544,
16,22,20,layer,degradation,0.837890625,-0.790785014629364,1206,ATTACA,3.26171875,2347,CTCCCC,3.271484375,2347,CTCCCC,3.271484375,1206,ATTACA,0.004629452247172594,2347,CTCCCC,0.0014320013578981161,2829,GATCCT,0.08679580688476562,False,False,True,-0.004571780562400818,
16,23,20,layer,degradation,0.873046875,-0.2026013731956482,1206,ATTACA,3.251953125,2347,CTCCCC,3.271484375,2347,CTCCCC,3.271484375,1206,ATTACA,0.0045082117430865765,2347,CTCCCC,0.0014288105303421617,2829,GATCCT,0.08790447562932968,False,False,True,-0.0040685273706912994,
16,24,20,layer,degradation,0.96484375,0.43232545256614685,1206,ATTACA,3.240234375,2347,CTCCCC,3.28515625,2347,CTCCCC,3.28515625,1206,ATTACA,0.004400529433041811,2347,CTCCCC,0.001448559109121561,2829,GATCCT,0.08889944106340408,False,False,True,-0.004894617944955826,
16,25,20,layer,degradation,1.013671875,0.8149901032447815,1206,ATTACA,3.232421875,2347,CTCCCC,3.291015625,2347,CTCCCC,3.291015625,1206,ATTACA,0.00434416439384222,2347,CTCCCC,0.0014689955860376358,2829,GATCCT,0.08942069113254547,False,False,True,-0.003247186541557312,
16,26,20,layer,degradation,0.98583984375,0.9049092531204224,1206,ATTACA,3.23046875,2347,CTCCCC,3.28125,2347,CTCCCC,3.28125,1206,ATTACA,0.004316526930779219,2347,CTCCCC,0.0014594050589948893,2829,GATCCT,0.0897497609257698,False,False,True,-0.005954273045063019,
16,27,20,layer,degradation,1.0634765625,2.194856643676758,1206,ATTACA,3.212890625,2347,CTCCCC,3.28515625,2347,CTCCCC,3.28515625,1206,ATTACA,0.004103213548660278,2347,CTCCCC,0.0015049866633489728,2829,GATCCT,0.08991505205631256,False,False,True,-0.0063034966588020325,
16,28,20,layer,degradation,1.0634765625,2.1275267601013184,1206,ATTACA,3.212890625,2347,CTCCCC,3.28515625,2347,CTCCCC,3.28515625,1206,ATTACA,0.004118338227272034,2347,CTCCCC,0.0015065979678183794,2829,GATCCT,0.08965492248535156,False,False,True,-0.0067575834691524506,
16,29,20,layer,degradation,1.0703125,2.0358974933624268,1206,ATTACA,3.21484375,2347,CTCCCC,3.2890625,2347,CTCCCC,3.2890625,1206,ATTACA,0.004130382556468248,2347,CTCCCC,0.0015002521686255932,2829,GATCCT,0.08924597501754761,False,False,True,-0.005859605967998505,
16,30,20,layer,degradation,0.9931640625,0.9389042854309082,1206,ATTACA,3.232421875,2347,CTCCCC,3.28515625,2347,CTCCCC,3.28515625,1206,ATTACA,0.004308671690523624,2347,CTCCCC,0.001458372687920928,2829,GATCCT,0.08938980102539062,False,False,True,-0.005202308297157288,
16,31,20,layer,degradation,1.0068359375,1.1511006355285645,1206,ATTACA,3.2265625,2347,CTCCCC,3.283203125,2347,CTCCCC,3.283203125,1206,ATTACA,0.004269944969564676,2347,CTCCCC,0.0014622340677306056,2829,GATCCT,0.08986338973045349,False,False,True,-0.005016230046749115,
16,32,20,layer,degradation,1.013671875,1.180168867111206,1206,ATTACA,3.2265625,2347,CTCCCC,3.28515625,2347,CTCCCC,3.28515625,1206,ATTACA,0.004257995635271072,2347,CTCCCC,0.0014561188872903585,2829,GATCCT,0.08961054682731628,False,False,True,-0.004689440131187439,
16,33,20,layer,degradation,1.0283203125,1.3270387649536133,1206,ATTACA,3.2265625,2347,CTCCCC,3.2890625,2347,CTCCCC,3.2890625,1206,ATTACA,0.004236570559442043,2347,CTCCCC,0.0014641708694398403,2829,GATCCT,0.0895400196313858,False,False,True,-0.002620883285999298,
17,0,20,layer,degradation,1.0,1.0144871473312378,1206,ATTACA,3.23046875,2347,CTCCCC,3.28515625,2347,CTCCCC,3.28515625,1206,ATTACA,0.004298191983252764,2347,CTCCCC,0.001463062479160726,2829,GATCCT,0.08916422724723816,False,False,True,-0.0008438006043434143,
17,1,20,layer,degradation,1.0,1.0011345148086548,1206,ATTACA,3.23046875,2347,CTCCCC,3.28515625,2347,CTCCCC,3.28515625,1206,ATTACA,0.004304255358874798,2347,CTCCCC,0.001466445974074304,2829,GATCCT,0.08903422951698303,False,False,True,-0.0013904869556427002,
17,2,20,layer,degradation,1.0,0.8928165435791016,1206,ATTACA,3.23046875,2347,CTCCCC,3.28515625,2347,CTCCCC,3.28515625,1206,ATTACA,0.004335485864430666,2347,CTCCCC,0.0014759369660168886,2829,GATCCT,0.08917398750782013,False,False,True,-0.0013827048242092133,
17,3,20,layer,degradation,1.0,0.9007225036621094,1206,ATTACA,3.23046875,2347,CTCCCC,3.28515625,2347,CTCCCC,3.28515625,1206,ATTACA,0.004350380040705204,2347,CTCCCC,0.0014924179995432496,2829,GATCCT,0.08928258717060089,False,False,True,-0.0014006681740283966,
17,4,20,layer,degradation,1.0,0.1457747519016266,1206,ATTACA,3.23046875,2347,CTCCCC,3.28515625,2347,CTCCCC,3.28515625,1206,ATTACA,0.004464541096240282,2347,CTCCCC,0.0014550595078617334,2829,GATCCT,0.08870897442102432,False,False,True,-0.001119028776884079,
17,5,20,layer,degradation,1.0,0.0720294937491417,1206,ATTACA,3.23046875,2347,CTCCCC,3.28515625,2347,CTCCCC,3.28515625,1206,ATTACA,0.004402917344123125,2347,CTCCCC,0.0013786348281428218,2829,GATCCT,0.09004148840904236,False,False,True,-0.0007736794650554657,
17,6,20,layer,degradation,1.0,0.06048435717821121,1206,ATTACA,3.23046875,2347,CTCCCC,3.28515625,2347,CTCCCC,3.28515625,1206,ATTACA,0.004388813860714436,2347,CTCCCC,0.0013622144469991326,2829,GATCCT,0.09156659245491028,False,False,True,-0.0007773712277412415,
17,7,20,layer,degradation,1.0,0.23136676847934723,1206,ATTACA,3.23046875,2347,CTCCCC,3.28515625,2347,CTCCCC,3.28515625,1206,ATTACA,0.004332310054451227,2347,CTCCCC,0.0013400069437921047,2829,GATCCT,0.09452048689126968,False,False,True,-0.0007689222693443298,
17,8,20,layer,degradation,1.0,4.252779483795166,1206,ATTACA,3.23046875,2347,CTCCCC,3.28515625,2347,CTCCCC,3.28515625,1206,ATTACA,0.0035827653482556343,2347,CTCCCC,0.0013975673355162144,2829,GATCCT,0.1031210869550705,False,False,True,-0.0014787204563617706,
17,9,20,layer,degradation,0.0,-0.049700234085321426,1206,ATTACA,3.427734375,2347,CTCCCC,3.205078125,1206,ATTACA,3.427734375,1206,ATTACA,0.004269227851182222,2347,CTCCCC,0.0012205141829326749,2829,GATCCT,0.09483502805233002,True,False,True,-0.0014725029468536377,
17,10,20,layer,degradation,0.0,0.8892597556114197,1206,ATTACA,3.427734375,2347,CTCCCC,3.205078125,1206,ATTACA,3.427734375,1206,ATTACA,0.004111763555556536,2347,CTCCCC,0.0012515007983893156,2829,GATCCT,0.09166806191205978,True,False,True,-0.0021056681871414185,
17,11,20,layer,degradation,0.0,-2.6905667781829834,1206,ATTACA,3.427734375,2347,CTCCCC,3.205078125,1206,ATTACA,3.427734375,1206,ATTACA,0.004822980146855116,2347,CTCCCC,0.0012442393926903605,2829,GATCCT,0.08070523291826248,True,False,True,-0.001728210598230362,
17,12,20,layer,degradation,1.0,1.6189547777175903,1206,ATTACA,3.23046875,2347,CTCCCC,3.28515625,2347,CTCCCC,3.28515625,1206,ATTACA,0.004098482429981232,2347,CTCCCC,0.0013846707297489047,2829,GATCCT,0.08274442702531815,False,False,True,-0.0019306130707263947,
17,13,20,layer,degradation,1.0,1.6566481590270996,1206,ATTACA,3.23046875,2347,CTCCCC,3.28515625,2347,CTCCCC,3.28515625,1206,ATTACA,0.0041381497867405415,2347,CTCCCC,0.0014319034526124597,2829,GATCCT,0.08411063998937607,False,False,True,-0.0022628530859947205,
17,14,20,layer,degradation,1.0,0.6695761680603027,1206,ATTACA,3.23046875,2347,CTCCCC,3.28515625,2347,CTCCCC,3.28515625,1206,ATTACA,0.0043307142332196236,2347,CTCCCC,0.0014263605698943138,2829,GATCCT,0.08534765988588333,False,False,True,-0.0022433027625083923,
17,15,20,layer,degradation,1.0,1.2181615829467773,1206,ATTACA,3.23046875,2347,CTCCCC,3.28515625,2347,CTCCCC,3.28515625,1206,ATTACA,0.004278772510588169,2347,CTCCCC,0.0014845209661871195,2829,GATCCT,0.08928434550762177,False,False,True,-0.002559710294008255,
17,16,20,layer,degradation,1.0,0.7651761770248413,1206,ATTACA,3.23046875,2347,CTCCCC,3.28515625,2347,CTCCCC,3.28515625,1206,ATTACA,0.0043411036022007465,2347,CTCCCC,0.0014559370465576649,2829,GATCCT,0.0881967768073082,False,False,True,-0.0031495951116085052,
17,17,20,layer,degradation,1.0,0.9790233969688416,1206,ATTACA,3.23046875,2347,CTCCCC,3.28515625,2347,CTCCCC,3.28515625,1206,ATTACA,0.0043089487589895725,2347,CTCCCC,0.001466701622121036,2829,GATCCT,0.08877164125442505,False,False,True,-0.01025085523724556,
17,18,20,layer,degradation,1.0,1.0135126113891602,1206,ATTACA,3.23046875,2347,CTCCCC,3.28515625,2347,CTCCCC,3.28515625,1206,ATTACA,0.004291941877454519,2347,CTCCCC,0.0014566167956218123,2829,GATCCT,0.08865227550268173,False,False,True,-0.011170566082000732,
17,19,20,layer,degradation,1.0,1.0781164169311523,1206,ATTACA,3.23046875,2347,CTCCCC,3.28515625,2347,CTCCCC,3.28515625,1206,ATTACA,0.004280719440430403,2347,CTCCCC,0.001458360580727458,2829,GATCCT,0.08890479803085327,False,False,True,-0.011122249066829681,
17,20,20,layer,degradation,1.0,1.108971118927002,1206,ATTACA,3.23046875,2347,CTCCCC,3.28515625,2347,CTCCCC,3.28515625,1206,ATTACA,0.004279541317373514,2347,CTCCCC,0.0014633751707151532,2829,GATCCT,0.08914519101381302,False,False,True,-0.0052577778697013855,
17,21,20,layer,degradation,1.0,1.0053595304489136,1206,ATTACA,3.23046875,2347,CTCCCC,3.28515625,2347,CTCCCC,3.28515625,1206,ATTACA,0.00429505854845047,2347,CTCCCC,0.0014580972492694855,2829,GATCCT,0.08871123939752579,False,False,True,-0.0048041269183158875,
17,22,20,layer,degradation,1.0,0.9905453324317932,1206,ATTACA,3.23046875,2347,CTCCCC,3.28515625,2347,CTCCCC,3.28515625,1206,ATTACA,0.004299020394682884,2347,CTCCCC,0.0014590858481824398,2829,GATCCT,0.0888228788971901,False,False,True,-0.0048627108335494995,
17,23,20,layer,degradation,1.0,1.0033340454101562,1206,ATTACA,3.23046875,2347,CTCCCC,3.28515625,2347,CTCCCC,3.28515625,1206,ATTACA,0.0042988453060388565,2347,CTCCCC,0.0014614773681387305,2829,GATCCT,0.08907441794872284,False,False,True,-0.004116445779800415,
17,24,20,layer,degradation,1.0,0.999250590801239,1206,ATTACA,3.23046875,2347,CTCCCC,3.28515625,2347,CTCCCC,3.28515625,1206,ATTACA,0.004299749154597521,2347,CTCCCC,0.0014615618856623769,2829,GATCCT,0.08908364176750183,False,False,True,-0.004346225410699844,
17,25,20,layer,degradation,1.0,0.9977668523788452,1206,ATTACA,3.23046875,2347,CTCCCC,3.28515625,2347,CTCCCC,3.28515625,1206,ATTACA,0.004300571978092194,2347,CTCCCC,0.0014620868023484945,2829,GATCCT,0.08914148062467575,False,False,True,-0.0030894316732883453,
17,26,20,layer,degradation,1.0,0.9990626573562622,1206,ATTACA,3.23046875,2347,CTCCCC,3.28515625,2347,CTCCCC,3.28515625,1206,ATTACA,0.004300279542803764,2347,CTCCCC,0.0014620543224737048,2829,GATCCT,0.08914221823215485,False,False,True,-0.0035804063081741333,
17,27,20,layer,degradation,1.0,1.0010486841201782,1206,ATTACA,3.23046875,2347,CTCCCC,3.28515625,2347,CTCCCC,3.28515625,1206,ATTACA,0.0043002162128686905,2347,CTCCCC,0.0014623897150158882,2829,GATCCT,0.08917763084173203,False,False,True,-0.005705744028091431,
17,28,20,layer,degradation,1.0,1.0003341436386108,1206,ATTACA,3.23046875,2347,CTCCCC,3.28515625,2347,CTCCCC,3.28515625,1206,ATTACA,0.004300365690141916,2347,CTCCCC,0.001462395885027945,2829,GATCCT,0.0891793742775917,False,False,True,-0.006568744778633118,
17,29,20,layer,degradation,1.0,1.0000534057617188,1206,ATTACA,3.23046875,2347,CTCCCC,3.28515625,2347,CTCCCC,3.28515625,1206,ATTACA,0.0043005188927054405,2347,CTCCCC,0.001462492742575705,2829,GATCCT,0.08918936550617218,False,False,True,-0.006687048822641373,
17,30,20,layer,degradation,1.0,0.9994559288024902,1206,ATTACA,3.23046875,2347,CTCCCC,3.28515625,2347,CTCCCC,3.28515625,1206,ATTACA,0.004300666972994804,2347,CTCCCC,0.0014625207986682653,2829,GATCCT,0.08919243514537811,False,False,True,-0.004798952490091324,
17,31,20,layer,degradation,1.0,1.000090479850769,1206,ATTACA,3.23046875,2347,CTCCCC,3.28515625,2347,CTCCCC,3.28515625,1206,ATTACA,0.004300507251173258,2347,CTCCCC,0.0014624885516241193,2829,GATCCT,0.08919047564268112,False,False,True,-0.0045812539756298065,
17,32,20,layer,degradation,1.0,1.0004431009292603,1206,ATTACA,3.23046875,2347,CTCCCC,3.28515625,2347,CTCCCC,3.28515625,1206,ATTACA,0.004300468135625124,2347,CTCCCC,0.0014625199837610126,2829,GATCCT,0.08919373899698257,False,False,True,-0.0036178380250930786,
17,33,20,layer,degradation,1.0,1.0001461505889893,1206,ATTACA,3.23046875,2347,CTCCCC,3.28515625,2347,CTCCCC,3.28515625,1206,ATTACA,0.004300558008253574,2347,CTCCCC,0.0014625504845753312,2829,GATCCT,0.08919697254896164,False,False,True,-0.0022159405052661896,
