Layer,Time_Offset,Target_Timestep,Component,Metric_Mode,Logit_Score,Posteriors_Score,Target_Transition_Prior,Target_String_Prior,Target_Logit,Wrong_Transition_Prior,Wrong_String_Prior,Wrong_Logit,Actual_Argmax_Prior,Actual_String_Prior,Actual_Argmax_Logit,Target_Transition_Post,Target_String_Post,Target_Prob,Wrong_Transition_Post,Wrong_String_Post,Wrong_Prob,Actual_Transition_Post,actual_String_Post,actual_Prob,Is_Target_Logit_Argmax,Is_Target_Prob_Argmax,Should_Decode,Global_MSE_Change,New_String
0,0,15,head_3,degradation,0.96875,1.061477780342102,2326,CTCACA,2.24609375,3606,GTCACA,2.498046875,3606,GTCACA,2.498046875,2326,CTCACA,5.2357136155478656e-05,3606,GTCACA,2.927388959506061e-05,830,AGGCGN,0.12156848609447479,False,False,True,-0.0029874294996261597,GCGCAGAGGCGCCAGGACAGGCCCCCAG
0,1,15,head_3,degradation,0.9658203125,1.1983109712600708,2326,CTCACA,2.248046875,3606,GTCACA,2.498046875,3606,GTCACA,2.498046875,2326,CTCACA,5.2934014092897996e-05,3606,GTCACA,2.954045521619264e-05,830,AGGCGN,0.12120778858661652,False,False,True,-0.003286890685558319,GCGCAGAGGCGCCAGGACAGGCCCCCAG
0,2,15,head_3,degradation,0.97509765625,1.161030650138855,2326,CTCACA,2.244140625,3606,GTCACA,2.5,3606,GTCACA,2.5,2326,CTCACA,5.3153449698584154e-05,3606,GTCACA,2.9844435630366206e-05,830,AGGCGN,0.12066004425287247,False,False,True,-0.0010131597518920898,GCGCAGAGGCGCCAGGACAGGCCCCCAG
0,3,15,head_3,degradation,1.0,0.9922919273376465,2326,CTCACA,2.23046875,3606,GTCACA,2.501953125,3606,GTCACA,2.501953125,2326,CTCACA,5.300095654092729e-05,3606,GTCACA,3.00746105494909e-05,830,AGGCGN,0.12134814262390137,False,False,True,0.0017809420824050903,GCGCAGAGGCGCCAGGACAGGCCCCCAG
0,4,15,head_3,degradation,1.0185546875,0.8533371686935425,2326,CTCACA,2.228515625,3606,GTCACA,2.51171875,3606,GTCACA,2.51171875,2326,CTCACA,5.3062609367771074e-05,3606,GTCACA,3.045138691959437e-05,830,AGGCGN,0.12026645988225937,False,False,True,0.0033512338995933533,GCGCAGAGGCGCCAGGACAGGCCCCCAG
0,5,15,head_3,degradation,1.0185546875,0.7044589519500732,2326,CTCACA,2.2265625,3606,GTCACA,2.509765625,3606,GTCACA,2.509765625,2326,CTCACA,5.239753954811022e-05,3606,GTCACA,3.012394518009387e-05,830,AGGCGN,0.12081318348646164,False,False,True,0.003636278212070465,GCGCAGAGGCGCCAGGACAGGCCCCCAG
0,6,15,head_3,degradation,0.99365234375,0.9155448079109192,2326,CTCACA,2.240234375,3606,GTCACA,2.5078125,3606,GTCACA,2.5078125,2326,CTCACA,5.253565177554265e-05,3606,GTCACA,2.9783353966195136e-05,830,AGGCGN,0.12162250280380249,False,False,True,0.0012625902891159058,GCGCAGAGGCGCCAGGACAGGCCCCCAG
0,7,15,head_3,degradation,0.984375,0.9044085741043091,2326,CTCACA,2.23828125,3606,GTCACA,2.5,3606,GTCACA,2.5,2326,CTCACA,5.2325001888675615e-05,3606,GTCACA,2.9597958928206936e-05,830,AGGCGN,0.12024892866611481,False,False,True,-0.0015785545110702515,GCGCAGAGGCGCCAGGACAGGCCCCCAG
0,8,15,head_3,degradation,0.96240234375,1.0355333089828491,2326,CTCACA,2.2421875,3606,GTCACA,2.490234375,3606,GTCACA,2.490234375,2326,CTCACA,5.2273266192059964e-05,3606,GTCACA,2.924885666288901e-05,830,AGGCGN,0.12172239273786545,False,False,True,-0.0033725500106811523,GCGCAGAGGCGCCAGGACAGGCCCCCAG
0,9,15,head_3,degradation,0.9658203125,1.1566929817199707,2326,CTCACA,2.23828125,3606,GTCACA,2.48828125,3606,GTCACA,2.48828125,2326,CTCACA,5.279373363009654e-05,3606,GTCACA,2.9494556656572968e-05,830,AGGCGN,0.12138373404741287,False,False,True,-0.0031402036547660828,GCGCAGAGGCGCCAGGACAGGCCCCCAG
0,10,15,head_3,degradation,0.96875,1.0307337045669556,2326,CTCACA,2.240234375,3606,GTCACA,2.4921875,3606,GTCACA,2.4921875,2326,CTCACA,5.246438013273291e-05,3606,GTCACA,2.945085543615278e-05,830,AGGCGN,0.12323843687772751,False,False,True,-0.0013182684779167175,GCGCAGAGGCGCCAGGACAGGCCCCCAG
0,11,15,head_3,degradation,0.947265625,1.342994213104248,2326,CTCACA,2.2578125,3606,GTCACA,2.49609375,3606,GTCACA,2.49609375,2326,CTCACA,5.30149663973134e-05,3606,GTCACA,2.9293292755028233e-05,830,AGGCGN,0.12166764587163925,False,False,True,-0.0036260634660720825,GCGCAGAGGCGCCAGGACAGGCCCCCAG
0,12,15,head_3,degradation,0.9658203125,1.161747694015503,2326,CTCACA,2.248046875,3606,GTCACA,2.498046875,3606,GTCACA,2.498046875,2326,CTCACA,5.2644107199739665e-05,3606,GTCACA,2.9333466954994947e-05,830,AGGCGN,0.12027192115783691,False,False,True,-0.003255680203437805,GCGCAGAGGCGCCAGGACAGGCCCCCAG
0,13,15,head_3,degradation,0.9345703125,1.2628518342971802,2326,CTCACA,2.265625,3606,GTCACA,2.49609375,3606,GTCACA,2.49609375,2326,CTCACA,5.2305189456092194e-05,3606,GTCACA,2.8765263778041117e-05,830,AGGCGN,0.12126821279525757,False,False,True,-0.006381973624229431,GCGCAGAGGCGCCAGGACAGGCCCCCAG
0,14,15,head_3,degradation,0.97216796875,1.2777948379516602,2326,CTCACA,2.248046875,3606,GTCACA,2.501953125,3606,GTCACA,2.501953125,2326,CTCACA,5.334489469532855e-05,3606,GTCACA,2.9771081244689412e-05,830,AGGCGN,0.1185479536652565,False,False,True,-0.0030483901500701904,GCGCAGAGGCGCCAGGACAGGCCCCCAG
0,15,15,head_3,degradation,0.97802734375,1.106305718421936,2326,CTCACA,2.244140625,3606,GTCACA,2.501953125,3606,GTCACA,2.501953125,2326,CTCACA,5.2553128625731915e-05,3606,GTCACA,2.9368220566539094e-05,830,AGGCGN,0.11892082542181015,False,False,True,-0.00257033109664917,GCGCAGAGGCGCCAGGACAGGCCCCCAG
0,16,15,head_3,degradation,0.97802734375,0.890627920627594,2326,CTCACA,2.244140625,3606,GTCACA,2.501953125,3606,GTCACA,2.501953125,2326,CTCACA,5.169580617803149e-05,3606,GTCACA,2.900001527450513e-05,830,AGGCGN,0.11966871470212936,False,False,True,-0.001849256455898285,GCGCAGAGGCGCCAGGACAGGCCCCCAG
0,17,15,head_3,degradation,0.95947265625,1.181827187538147,2326,CTCACA,2.25,3606,GTCACA,2.49609375,3606,GTCACA,2.49609375,2326,CTCACA,5.2465602493612096e-05,3606,GTCACA,2.910942566813901e-05,830,AGGCGN,0.12026707828044891,False,False,True,-0.004964813590049744,GCGCAGAGGCGCCAGGACAGGCCCCCAG
0,18,15,head_3,degradation,0.92529296875,1.3979966640472412,2326,CTCACA,2.26171875,3606,GTCACA,2.486328125,3606,GTCACA,2.486328125,2326,CTCACA,5.2596162277041e-05,3606,GTCACA,2.874975325539708e-05,830,AGGCGN,0.12135083228349686,False,False,True,-0.007105343043804169,GCGCAGAGGCGCCAGGACAGGCCCCCAG
0,19,15,head_3,degradation,0.94384765625,1.332733154296875,2326,CTCACA,2.25390625,3606,GTCACA,2.490234375,3606,GTCACA,2.490234375,2326,CTCACA,5.261609112494625e-05,3606,GTCACA,2.8917687814100645e-05,830,AGGCGN,0.12096783518791199,False,False,True,-0.006667912006378174,GCGCAGAGGCGCCAGGACAGGCCCCCAG
0,20,15,head_3,degradation,0.9658203125,1.2242112159729004,2326,CTCACA,2.248046875,3606,GTCACA,2.498046875,3606,GTCACA,2.498046875,2326,CTCACA,5.2684485126519576e-05,3606,GTCACA,2.923218926298432e-05,830,AGGCGN,0.11919265985488892,False,False,True,-0.004588708281517029,GCGCAGAGGCGCCAGGACAGGCCCCCAG
0,21,15,head_3,degradation,0.984375,1.2102837562561035,2326,CTCACA,2.24609375,3606,GTCACA,2.5078125,3606,GTCACA,2.5078125,2326,CTCACA,5.293226786307059e-05,3606,GTCACA,2.9511556931538507e-05,830,AGGCGN,0.11898834258317947,False,False,True,-0.002689145505428314,GCGCAGAGGCGCCAGGACAGGCCCCCAG
0,22,15,head_3,degradation,0.97802734375,1.2350554466247559,2326,CTCACA,2.244140625,3606,GTCACA,2.501953125,3606,GTCACA,2.501953125,2326,CTCACA,5.3004227083874866e-05,3606,GTCACA,2.952733848360367e-05,830,AGGCGN,0.1205730214715004,False,False,True,-0.0014844685792922974,GCGCAGAGGCGCCAGGACAGGCCCCCAG
0,23,15,head_3,degradation,0.984375,1.3585779666900635,2326,CTCACA,2.2421875,3606,GTCACA,2.50390625,3606,GTCACA,2.50390625,2326,CTCACA,5.376352783059701e-05,3606,GTCACA,3.0006513043190353e-05,830,AGGCGN,0.12012924253940582,False,False,True,4.711747169494629e-05,GCGCAGAGGCGCCAGGACAGGCCCCCAG
0,24,15,head_3,degradation,0.9970703125,1.186484932899475,2326,CTCACA,2.23046875,3606,GTCACA,2.5,3606,GTCACA,2.5,2326,CTCACA,5.3417665185406804e-05,3606,GTCACA,3.0050925488467328e-05,830,AGGCGN,0.1203383132815361,False,False,True,0.002376146614551544,GCGCAGAGGCGCCAGGACAGGCCCCCAG
0,25,15,head_3,degradation,1.0029296875,1.2172306776046753,2326,CTCACA,2.23046875,3606,GTCACA,2.50390625,3606,GTCACA,2.50390625,2326,CTCACA,5.35864892299287e-05,3606,GTCACA,3.0150024031172507e-05,830,AGGCGN,0.11952731013298035,False,False,True,0.0022006481885910034,GCGCAGAGGCGCCAGGACAGGCCCCCAG
0,26,15,head_3,degradation,1.015625,1.04424250125885,2326,CTCACA,2.22265625,3606,GTCACA,2.50390625,3606,GTCACA,2.50390625,2326,CTCACA,5.323813093127683e-05,3606,GTCACA,3.0193970815162174e-05,830,AGGCGN,0.11903495341539383,False,False,True,0.0025492310523986816,GCGCAGAGGCGCCAGGACAGGCCCCCAG
0,27,15,head_3,degradation,1.0,1.1992526054382324,2326,CTCACA,2.228515625,3606,GTCACA,2.5,3606,GTCACA,2.5,2326,CTCACA,5.322129436535761e-05,3606,GTCACA,2.982559999509249e-05,830,AGGCGN,0.11906269192695618,False,False,True,0.0007359534502029419,GCGCAGAGGCGCCAGGACAGGCCCCCAG
0,28,15,head_3,degradation,0.99072265625,1.386702537536621,2326,CTCACA,2.23046875,3606,GTCACA,2.49609375,3606,GTCACA,2.49609375,2326,CTCACA,5.364381649997085e-05,3606,GTCACA,2.982302066811826e-05,830,AGGCGN,0.11806464940309525,False,False,True,-0.0008001029491424561,GCGCAGAGGCGCCAGGACAGGCCCCCAG
0,29,15,head_3,degradation,0.97802734375,1.3188529014587402,2326,CTCACA,2.240234375,3606,GTCACA,2.498046875,3606,GTCACA,2.498046875,2326,CTCACA,5.325062738847919e-05,3606,GTCACA,2.9583701689261943e-05,830,AGGCGN,0.12020932137966156,False,False,True,-0.0021661147475242615,GCGCAGAGGCGCCAGGACAGGCCCCCAG
0,30,15,head_3,degradation,0.9814453125,1.0554002523422241,2326,CTCACA,2.2421875,3606,GTCACA,2.501953125,3606,GTCACA,2.501953125,2326,CTCACA,5.2494626288535073e-05,3606,GTCACA,2.9425162210827693e-05,830,AGGCGN,0.12124411016702652,False,False,True,-0.0010903924703598022,GCGCAGAGGCGCCAGGACAGGCCCCCAG
0,31,15,head_3,degradation,0.99365234375,0.872110903263092,2326,CTCACA,2.234375,3606,GTCACA,2.501953125,3606,GTCACA,2.501953125,2326,CTCACA,5.218126898398623e-05,3606,GTCACA,2.952747126983013e-05,830,AGGCGN,0.12165467441082001,False,False,True,0.0004954561591148376,GCGCAGAGGCGCCAGGACAGGCCCCCAG
0,32,15,head_3,degradation,0.99365234375,0.9629771709442139,2326,CTCACA,2.234375,3606,GTCACA,2.501953125,3606,GTCACA,2.501953125,2326,CTCACA,5.267994129098952e-05,3606,GTCACA,2.982007572427392e-05,830,AGGCGN,0.12111280858516693,False,False,True,-0.00019005686044692993,GCGCAGAGGCGCCAGGACAGGCCCCCAG
1,0,15,head_3,degradation,0.9970703125,0.9646342992782593,2326,CTCACA,2.234375,3606,GTCACA,2.50390625,3606,GTCACA,2.50390625,2326,CTCACA,5.235712887952104e-05,3606,GTCACA,2.9493505280697718e-05,830,AGGCGN,0.11982258409261703,False,False,True,1.852959394454956e-05,GCGCAGAGGCGCCAGGACAGGCCCCCAG
1,1,15,head_3,degradation,0.9970703125,0.8996554017066956,2326,CTCACA,2.234375,3606,GTCACA,2.50390625,3606,GTCACA,2.50390625,2326,CTCACA,5.215635246713646e-05,3606,GTCACA,2.944008883787319e-05,830,AGGCGN,0.11999852955341339,False,False,True,-0.0002160593867301941,GCGCAGAGGCGCCAGGACAGGCCCCCAG
1,2,15,head_3,degradation,0.9970703125,1.0464859008789062,2326,CTCACA,2.23828125,3606,GTCACA,2.5078125,3606,GTCACA,2.5078125,2326,CTCACA,5.2629060519393533e-05,3606,GTCACA,2.9579812689917162e-05,830,AGGCGN,0.1192927435040474,False,False,True,-0.0002361685037612915,GCGCAGAGGCGCCAGGACAGGCCCCCAG
1,3,15,head_3,degradation,1.0,0.995975911617279,2326,CTCACA,2.23828125,3606,GTCACA,2.509765625,3606,GTCACA,2.509765625,2326,CTCACA,5.275481817079708e-05,3606,GTCACA,2.98201175610302e-05,830,AGGCGN,0.11945748329162598,False,False,True,-3.073364496231079e-05,GCGCAGAGGCGCCAGGACAGGCCCCCAG
1,4,15,head_3,degradation,1.0029296875,0.7882660627365112,2326,CTCACA,2.236328125,3606,GTCACA,2.509765625,3606,GTCACA,2.509765625,2326,CTCACA,5.184341353015043e-05,3606,GTCACA,2.937976023531519e-05,830,AGGCGN,0.11970322579145432,False,False,True,-8.225440979003906e-06,GCGCAGAGGCGCCAGGACAGGCCCCCAG
1,5,15,head_3,degradation,0.9970703125,0.8024951219558716,2326,CTCACA,2.232421875,3606,GTCACA,2.501953125,3606,GTCACA,2.501953125,2326,CTCACA,5.1781673391815275e-05,3606,GTCACA,2.9285751224961132e-05,830,AGGCGN,0.12023388594388962,False,False,True,0.0003802478313446045,GCGCAGAGGCGCCAGGACAGGCCCCCAG
1,6,15,head_3,degradation,1.0,0.9514679908752441,2326,CTCACA,2.236328125,3606,GTCACA,2.5078125,3606,GTCACA,2.5078125,2326,CTCACA,5.252581831882708e-05,3606,GTCACA,2.969205343106296e-05,830,AGGCGN,0.12083029747009277,False,False,True,0.0003698095679283142,GCGCAGAGGCGCCAGGACAGGCCCCCAG
1,7,15,head_3,degradation,1.0029296875,1.1044360399246216,2326,CTCACA,2.234375,3606,GTCACA,2.5078125,3606,GTCACA,2.5078125,2326,CTCACA,5.285257429932244e-05,3606,GTCACA,2.9671906304429285e-05,830,AGGCGN,0.11902689933776855,False,False,True,-6.743520498275757e-05,GCGCAGAGGCGCCAGGACAGGCCCCCAG
1,8,15,head_3,degradation,1.0029296875,1.009889006614685,2326,CTCACA,2.234375,3606,GTCACA,2.5078125,3606,GTCACA,2.5078125,2326,CTCACA,5.259520185063593e-05,3606,GTCACA,2.9628949050675146e-05,830,AGGCGN,0.12002090364694595,False,False,True,-0.00012006610631942749,GCGCAGAGGCGCCAGGACAGGCCCCCAG
1,9,15,head_3,degradation,0.9970703125,1.0260703563690186,2326,CTCACA,2.23828125,3606,GTCACA,2.5078125,3606,GTCACA,2.5078125,2326,CTCACA,5.261404294287786e-05,3606,GTCACA,2.961109385068994e-05,830,AGGCGN,0.11989182233810425,False,False,True,-0.00030412524938583374,GCGCAGAGGCGCCAGGACAGGCCCCCAG
1,10,15,head_3,degradation,1.0,0.9701783061027527,2326,CTCACA,2.232421875,3606,GTCACA,2.50390625,3606,GTCACA,2.50390625,2326,CTCACA,5.239313031779602e-05,3606,GTCACA,2.951693386421539e-05,830,AGGCGN,0.11943206936120987,False,False,True,0.0003650486469268799,GCGCAGAGGCGCCAGGACAGGCCCCCAG
1,11,15,head_3,degradation,1.0029296875,0.9287696480751038,2326,CTCACA,2.234375,3606,GTCACA,2.5078125,3606,GTCACA,2.5078125,2326,CTCACA,5.233480624156073e-05,3606,GTCACA,2.9552516934927553e-05,830,AGGCGN,0.11914808303117752,False,False,True,2.7924776077270508e-05,GCGCAGAGGCGCCAGGACAGGCCCCCAG
1,12,15,head_3,degradation,1.009765625,1.0075725317001343,2326,CTCACA,2.23046875,3606,GTCACA,2.5078125,3606,GTCACA,2.5078125,2326,CTCACA,5.263290586299263e-05,3606,GTCACA,2.9671906304429285e-05,830,AGGCGN,0.11883635073900223,False,False,True,0.001171983778476715,GCGCAGAGGCGCCAGGACAGGCCCCCAG
1,13,15,head_3,degradation,1.0,1.1592307090759277,2326,CTCACA,2.232421875,3606,GTCACA,2.50390625,3606,GTCACA,2.50390625,2326,CTCACA,5.311406494001858e-05,3606,GTCACA,2.9809132684022188e-05,830,AGGCGN,0.11889167129993439,False,False,True,-0.0001524314284324646,GCGCAGAGGCGCCAGGACAGGCCCCCAG
1,14,15,head_3,degradation,1.0029296875,1.125030517578125,2326,CTCACA,2.234375,3606,GTCACA,2.5078125,3606,GTCACA,2.5078125,2326,CTCACA,5.305022932589054e-05,3606,GTCACA,2.982285695907194e-05,830,AGGCGN,0.1192098930478096,False,False,True,0.000546678900718689,GCGCAGAGGCGCCAGGACAGGCCCCCAG
1,15,15,head_3,degradation,0.9873046875,1.129442811012268,2326,CTCACA,2.244140625,3606,GTCACA,2.5078125,3606,GTCACA,2.5078125,2326,CTCACA,5.2918865549145266e-05,3606,GTCACA,2.968148692161776e-05,830,AGGCGN,0.11947847157716751,False,False,True,-0.0010690838098526,GCGCAGAGGCGCCAGGACAGGCCCCCAG
1,16,15,head_3,degradation,1.0029296875,0.7906875610351562,2326,CTCACA,2.23046875,3606,GTCACA,2.50390625,3606,GTCACA,2.50390625,2326,CTCACA,5.142866211826913e-05,3606,GTCACA,2.8959517294424586e-05,830,AGGCGN,0.12071110308170319,False,False,True,0.002737298607826233,GCGCAGAGGCGCCAGGACAGGCCCCCAG
1,17,15,head_3,degradation,0.97216796875,1.2732220888137817,2326,CTCACA,2.244140625,3606,GTCACA,2.498046875,3606,GTCACA,2.498046875,2326,CTCACA,5.294821676216088e-05,3606,GTCACA,2.938477337011136e-05,830,AGGCGN,0.12068843096494675,False,False,True,-0.0033135786652565002,GCGCAGAGGCGCCAGGACAGGCCCCCAG
1,18,15,head_3,degradation,0.9345703125,1.7972872257232666,2326,CTCACA,2.263671875,3606,GTCACA,2.494140625,3606,GTCACA,2.494140625,2326,CTCACA,5.4249787353910506e-05,3606,GTCACA,2.949786176031921e-05,830,AGGCGN,0.12313608825206757,False,False,True,-0.005325183272361755,GCGCAGAGGCGCCAGGACAGGCCCCCAG
1,19,15,head_3,degradation,0.90966796875,2.457843065261841,2326,CTCACA,2.279296875,3606,GTCACA,2.494140625,3606,GTCACA,2.494140625,2326,CTCACA,5.6272143410751596e-05,3606,GTCACA,3.0022200007806532e-05,830,AGGCGN,0.12243927270174026,False,False,True,-0.010017134249210358,GCGCAGAGGCGCCAGGACAGGCCCCCAG
1,20,15,head_3,degradation,0.9375,1.535575032234192,2326,CTCACA,2.263671875,3606,GTCACA,2.49609375,3606,GTCACA,2.49609375,2326,CTCACA,5.3483134252019227e-05,3606,GTCACA,2.9324723072932102e-05,830,AGGCGN,0.12286407500505447,False,False,True,-0.004906676709651947,GCGCAGAGGCGCCAGGACAGGCCCCCAG
1,21,15,head_3,degradation,0.984375,1.184709906578064,2326,CTCACA,2.2421875,3606,GTCACA,2.50390625,3606,GTCACA,2.50390625,2326,CTCACA,5.315041926223785e-05,3606,GTCACA,2.9787704988848418e-05,830,AGGCGN,0.11961379647254944,False,False,True,-0.001590050756931305,GCGCAGAGGCGCCAGGACAGGCCCCCAG
1,22,15,head_3,degradation,0.99072265625,1.1285420656204224,2326,CTCACA,2.236328125,3606,GTCACA,2.501953125,3606,GTCACA,2.501953125,2326,CTCACA,5.294929360388778e-05,3606,GTCACA,2.971395770146046e-05,830,AGGCGN,0.11977176368236542,False,False,True,-0.0011606067419052124,GCGCAGAGGCGCCAGGACAGGCCCCCAG
1,23,15,head_3,degradation,1.009765625,1.0438494682312012,2326,CTCACA,2.234375,3606,GTCACA,2.51171875,3606,GTCACA,2.51171875,2326,CTCACA,5.316704846336506e-05,3606,GTCACA,3.0123779652058147e-05,830,AGGCGN,0.11920112371444702,False,False,True,0.0007985606789588928,GCGCAGAGGCGCCAGGACAGGCCCCCAG
1,24,15,head_3,degradation,1.0,1.1199371814727783,2326,CTCACA,2.236328125,3606,GTCACA,2.5078125,3606,GTCACA,2.5078125,2326,CTCACA,5.320432683220133e-05,3606,GTCACA,2.998850504809525e-05,830,AGGCGN,0.11933933943510056,False,False,True,0.000518210232257843,GCGCAGAGGCGCCAGGACAGGCCCCCAG
1,25,15,head_3,degradation,0.99365234375,1.0053354501724243,2326,CTCACA,2.236328125,3606,GTCACA,2.50390625,3606,GTCACA,2.50390625,2326,CTCACA,5.253333074506372e-05,3606,GTCACA,2.9577404347946867e-05,830,AGGCGN,0.12009023874998093,False,False,True,0.000202178955078125,GCGCAGAGGCGCCAGGACAGGCCCCCAG
1,26,15,head_3,degradation,0.99072265625,1.2111660242080688,2326,CTCACA,2.23828125,3606,GTCACA,2.50390625,3606,GTCACA,2.50390625,2326,CTCACA,5.306951061356813e-05,3606,GTCACA,2.9646798793692142e-05,830,AGGCGN,0.11988816410303116,False,False,True,-0.00019524246454238892,GCGCAGAGGCGCCAGGACAGGCCCCCAG
1,27,15,head_3,degradation,0.99365234375,1.1415711641311646,2326,CTCACA,2.236328125,3606,GTCACA,2.50390625,3606,GTCACA,2.50390625,2326,CTCACA,5.285701263346709e-05,3606,GTCACA,2.959212906716857e-05,830,AGGCGN,0.1193169504404068,False,False,True,0.0001413300633430481,GCGCAGAGGCGCCAGGACAGGCCCCCAG
1,28,15,head_3,degradation,0.99365234375,1.1626275777816772,2326,CTCACA,2.232421875,3606,GTCACA,2.5,3606,GTCACA,2.5,2326,CTCACA,5.28068958374206e-05,3606,GTCACA,2.949426016130019e-05,830,AGGCGN,0.11969225108623505,False,False,True,-0.0003655776381492615,GCGCAGAGGCGCCAGGACAGGCCCCCAG
1,29,15,head_3,degradation,0.99072265625,1.179542899131775,2326,CTCACA,2.23828125,3606,GTCACA,2.50390625,3606,GTCACA,2.50390625,2326,CTCACA,5.2936680731363595e-05,3606,GTCACA,2.9585684387711808e-05,830,AGGCGN,0.12006523460149765,False,False,True,-0.00045105069875717163,GCGCAGAGGCGCCAGGACAGGCCCCCAG
1,30,15,head_3,degradation,1.0,0.9811773896217346,2326,CTCACA,2.232421875,3606,GTCACA,2.50390625,3606,GTCACA,2.50390625,2326,CTCACA,5.243373743724078e-05,3606,GTCACA,2.9532597181969322e-05,830,AGGCGN,0.12013167887926102,False,False,True,-0.0005201399326324463,GCGCAGAGGCGCCAGGACAGGCCCCCAG
1,31,15,head_3,degradation,0.99365234375,1.0557259321212769,2326,CTCACA,2.234375,3606,GTCACA,2.501953125,3606,GTCACA,2.501953125,2326,CTCACA,5.269133180263452e-05,3606,GTCACA,2.9621129215229303e-05,830,AGGCGN,0.11973133683204651,False,False,True,-0.0012258216738700867,GCGCAGAGGCGCCAGGACAGGCCCCCAG
1,32,15,head_3,degradation,0.99365234375,1.0144816637039185,2326,CTCACA,2.234375,3606,GTCACA,2.501953125,3606,GTCACA,2.501953125,2326,CTCACA,5.2429502829909325e-05,3606,GTCACA,2.9452834496623836e-05,830,AGGCGN,0.12006700038909912,False,False,True,-0.0007664263248443604,GCGCAGAGGCGCCAGGACAGGCCCCCAG
2,0,15,head_3,degradation,0.97509765625,1.21371591091156,2326,CTCACA,2.24609375,3606,GTCACA,2.501953125,3606,GTCACA,2.501953125,2326,CTCACA,5.274038630886935e-05,3606,GTCACA,2.931189192167949e-05,830,AGGCGN,0.12111865729093552,False,False,True,-0.0023798272013664246,GCGCAGAGGCGCCAGGACAGGCCCCCAG
2,1,15,head_3,degradation,0.97802734375,1.0793370008468628,2326,CTCACA,2.24609375,3606,GTCACA,2.50390625,3606,GTCACA,2.50390625,2326,CTCACA,5.2434781537158415e-05,3606,GTCACA,2.9311033358681016e-05,830,AGGCGN,0.1204865425825119,False,False,True,-0.0023825690150260925,GCGCAGAGGCGCCAGGACAGGCCCCCAG
2,2,15,head_3,degradation,0.9873046875,0.9772382974624634,2326,CTCACA,2.240234375,3606,GTCACA,2.50390625,3606,GTCACA,2.50390625,2326,CTCACA,5.224090637057088e-05,3606,GTCACA,2.934869917226024e-05,830,AGGCGN,0.12055494636297226,False,False,True,-0.0012146830558776855,GCGCAGAGGCGCCAGGACAGGCCCCCAG
2,3,15,head_3,degradation,0.96875,1.1499048471450806,2326,CTCACA,2.251953125,3606,GTCACA,2.50390625,3606,GTCACA,2.50390625,2326,CTCACA,5.2333860367070884e-05,3606,GTCACA,2.905007750086952e-05,830,AGGCGN,0.12072711437940598,False,False,True,-0.0037124305963516235,GCGCAGAGGCGCCAGGACAGGCCCCCAG
2,4,15,head_3,degradation,0.94091796875,1.285782814025879,2326,CTCACA,2.26171875,3606,GTCACA,2.49609375,3606,GTCACA,2.49609375,2326,CTCACA,5.2414856327231973e-05,3606,GTCACA,2.8822927561122924e-05,830,AGGCGN,0.12293997406959534,False,False,True,-0.006852589547634125,GCGCAGAGGCGCCAGGACAGGCCCCCAG
2,5,15,head_3,degradation,0.91259765625,1.4671375751495361,2326,CTCACA,2.28125,3606,GTCACA,2.498046875,3606,GTCACA,2.498046875,2326,CTCACA,5.266272273729555e-05,3606,GTCACA,2.8659515010076575e-05,830,AGGCGN,0.12427011132240295,False,False,True,-0.008466511964797974,GCGCAGAGGCGCCAGGACAGGCCCCCAG
2,6,15,head_3,degradation,0.92529296875,1.342847466468811,2326,CTCACA,2.271484375,3606,GTCACA,2.49609375,3606,GTCACA,2.49609375,2326,CTCACA,5.2382030844455585e-05,3606,GTCACA,2.8660690077231266e-05,830,AGGCGN,0.12407057732343674,False,False,True,-0.007063530385494232,GCGCAGAGGCGCCAGGACAGGCCCCCAG
2,7,15,head_3,degradation,0.92822265625,1.2427154779434204,2326,CTCACA,2.267578125,3606,GTCACA,2.494140625,3606,GTCACA,2.494140625,2326,CTCACA,5.213673648540862e-05,3606,GTCACA,2.864247653633356e-05,830,AGGCGN,0.1238064393401146,False,False,True,-0.0052040740847587585,GCGCAGAGGCGCCAGGACAGGCCCCCAG
2,8,15,head_3,degradation,0.9375,1.1832878589630127,2326,CTCACA,2.25390625,3606,GTCACA,2.486328125,3606,GTCACA,2.486328125,2326,CTCACA,5.188404247746803e-05,3606,GTCACA,2.8524553272291087e-05,830,AGGCGN,0.1246642917394638,False,False,True,-0.0046462565660476685,GCGCAGAGGCGCCAGGACAGGCCCCCAG
2,9,15,head_3,degradation,0.94091796875,1.2882171869277954,2326,CTCACA,2.25,3606,GTCACA,2.484375,3606,GTCACA,2.484375,2326,CTCACA,5.22705158800818e-05,3606,GTCACA,2.867306648113299e-05,830,AGGCGN,0.12410144507884979,False,False,True,-0.004570454359054565,GCGCAGAGGCGCCAGGACAGGCCCCCAG
2,10,15,head_3,degradation,0.95947265625,1.2326267957687378,2326,CTCACA,2.244140625,3606,GTCACA,2.490234375,3606,GTCACA,2.490234375,2326,CTCACA,5.2339488320285454e-05,3606,GTCACA,2.8868107619928196e-05,830,AGGCGN,0.12479539215564728,False,False,True,-0.002114728093147278,GCGCAGAGGCGCCAGGACAGGCCCCCAG
2,11,15,head_3,degradation,0.9658203125,1.0921231508255005,2326,CTCACA,2.248046875,3606,GTCACA,2.498046875,3606,GTCACA,2.498046875,2326,CTCACA,5.207407593843527e-05,3606,GTCACA,2.8921331249875948e-05,830,AGGCGN,0.1234031468629837,False,False,True,-0.0028850212693214417,GCGCAGAGGCGCCAGGACAGGCCCCCAG
2,12,15,head_3,degradation,0.96875,0.9261420369148254,2326,CTCACA,2.25,3606,GTCACA,2.501953125,3606,GTCACA,2.501953125,2326,CTCACA,5.1860017265425995e-05,3606,GTCACA,2.9083686968078837e-05,830,AGGCGN,0.12170889973640442,False,False,True,-0.0025437474250793457,GCGCAGAGGCGCCAGGACAGGCCCCCAG
2,13,15,head_3,degradation,0.9873046875,1.0940457582473755,2326,CTCACA,2.248046875,3606,GTCACA,2.51171875,3606,GTCACA,2.51171875,2326,CTCACA,5.329907071427442e-05,3606,GTCACA,3.01419659081148e-05,830,AGGCGN,0.11764813214540482,False,False,True,-0.001011960208415985,GCGCAGAGGCGCCAGGACAGGCCCCCAG
2,14,15,head_3,degradation,1.0029296875,0.818067729473114,2326,CTCACA,2.23828125,3606,GTCACA,2.51171875,3606,GTCACA,2.51171875,2326,CTCACA,5.299039912642911e-05,3606,GTCACA,3.0459161280305125e-05,830,AGGCGN,0.11661916226148605,False,False,True,-6.242841482162476e-05,GCGCAGAGGCGCCAGGACAGGCCCCCAG
2,15,15,head_3,degradation,0.99365234375,1.1080342531204224,2326,CTCACA,2.2421875,3606,GTCACA,2.509765625,3606,GTCACA,2.509765625,2326,CTCACA,5.344106102711521e-05,3606,GTCACA,3.0252233045757748e-05,830,AGGCGN,0.11759140342473984,False,False,True,-0.0012095198035240173,GCGCAGAGGCGCCAGGACAGGCCCCCAG
2,16,15,head_3,degradation,0.97509765625,1.0322351455688477,2326,CTCACA,2.248046875,3606,GTCACA,2.50390625,3606,GTCACA,2.50390625,2326,CTCACA,5.235779826762155e-05,3606,GTCACA,2.9340868422877975e-05,830,AGGCGN,0.1201481819152832,False,False,True,-0.0026238486170768738,GCGCAGAGGCGCCAGGACAGGCCCCCAG
2,17,15,head_3,degradation,0.9658203125,1.1871587038040161,2326,CTCACA,2.25390625,3606,GTCACA,2.50390625,3606,GTCACA,2.50390625,2326,CTCACA,5.25177238159813e-05,3606,GTCACA,2.9149456167942844e-05,830,AGGCGN,0.12121051549911499,False,False,True,-0.0011702477931976318,GCGCAGAGGCGCCAGGACAGGCCCCCAG
2,18,15,head_3,degradation,0.97509765625,1.2050116062164307,2326,CTCACA,2.244140625,3606,GTCACA,2.5,3606,GTCACA,2.5,2326,CTCACA,5.26367366546765e-05,3606,GTCACA,2.922798194049392e-05,830,AGGCGN,0.12035971879959106,False,False,True,-0.00013316422700881958,GCGCAGAGGCGCCAGGACAGGCCCCCAG
2,19,15,head_3,degradation,0.9814453125,1.1228424310684204,2326,CTCACA,2.2421875,3606,GTCACA,2.501953125,3606,GTCACA,2.501953125,2326,CTCACA,5.259140380076133e-05,3606,GTCACA,2.93689936370356e-05,830,AGGCGN,0.11982559412717819,False,False,True,-0.0015082955360412598,GCGCAGAGGCGCCAGGACAGGCCCCCAG
2,20,15,head_3,degradation,0.95654296875,1.340854287147522,2326,CTCACA,2.255859375,3606,GTCACA,2.5,3606,GTCACA,2.5,2326,CTCACA,5.28193631907925e-05,3606,GTCACA,2.9102542612235993e-05,830,AGGCGN,0.11967486143112183,False,False,True,-0.005978412926197052,GCGCAGAGGCGCCAGGACAGGCCCCCAG
2,21,15,head_3,degradation,0.953125,1.3792543411254883,2326,CTCACA,2.259765625,3606,GTCACA,2.501953125,3606,GTCACA,2.501953125,2326,CTCACA,5.301723285811022e-05,3606,GTCACA,2.9213328161858954e-05,830,AGGCGN,0.12024062871932983,False,False,True,-0.006342150270938873,GCGCAGAGGCGCCAGGACAGGCCCCCAG
2,22,15,head_3,degradation,0.953125,1.5369305610656738,2326,CTCACA,2.26171875,3606,GTCACA,2.50390625,3606,GTCACA,2.50390625,2326,CTCACA,5.3577277867589146e-05,3606,GTCACA,2.941579259641003e-05,830,AGGCGN,0.12022555619478226,False,False,True,-0.006027773022651672,GCGCAGAGGCGCCAGGACAGGCCCCCAG
2,23,15,head_3,degradation,0.97216796875,1.2360548973083496,2326,CTCACA,2.248046875,3606,GTCACA,2.501953125,3606,GTCACA,2.501953125,2326,CTCACA,5.2879637223668396e-05,3606,GTCACA,2.9400482162600383e-05,830,AGGCGN,0.12040524929761887,False,False,True,-0.003718458116054535,GCGCAGAGGCGCCAGGACAGGCCCCCAG
2,24,15,head_3,degradation,0.9658203125,1.3657664060592651,2326,CTCACA,2.251953125,3606,GTCACA,2.501953125,3606,GTCACA,2.501953125,2326,CTCACA,5.329920895746909e-05,3606,GTCACA,2.9525892387027852e-05,830,AGGCGN,0.1205468624830246,False,False,True,-0.002461940050125122,GCGCAGAGGCGCCAGGACAGGCCCCCAG
2,25,15,head_3,degradation,0.9814453125,1.4325884580612183,2326,CTCACA,2.244140625,3606,GTCACA,2.50390625,3606,GTCACA,2.50390625,2326,CTCACA,5.373054591473192e-05,3606,GTCACA,2.9805689337081276e-05,830,AGGCGN,0.11954732984304428,False,False,True,-0.0018625333905220032,GCGCAGAGGCGCCAGGACAGGCCCCCAG
2,26,15,head_3,degradation,0.9873046875,1.194745659828186,2326,CTCACA,2.240234375,3606,GTCACA,2.50390625,3606,GTCACA,2.50390625,2326,CTCACA,5.306406819727272e-05,3606,GTCACA,2.9678594728466123e-05,830,AGGCGN,0.1194777637720108,False,False,True,-0.0012562572956085205,GCGCAGAGGCGCCAGGACAGGCCCCCAG
2,27,15,head_3,degradation,0.99072265625,1.22848641872406,2326,CTCACA,2.23828125,3606,GTCACA,2.50390625,3606,GTCACA,2.50390625,2326,CTCACA,5.3504314564634115e-05,3606,GTCACA,3.004232348757796e-05,830,AGGCGN,0.11980559676885605,False,False,True,-0.0011046826839447021,GCGCAGAGGCGCCAGGACAGGCCCCCAG
2,28,15,head_3,degradation,0.99072265625,1.2025595903396606,2326,CTCACA,2.23828125,3606,GTCACA,2.50390625,3606,GTCACA,2.50390625,2326,CTCACA,5.3526178817264736e-05,3606,GTCACA,3.0122984753688797e-05,830,AGGCGN,0.11990760266780853,False,False,True,-0.000928148627281189,GCGCAGAGGCGCCAGGACAGGCCCCCAG
2,29,15,head_3,degradation,0.97802734375,1.1575520038604736,2326,CTCACA,2.240234375,3606,GTCACA,2.498046875,3606,GTCACA,2.498046875,2326,CTCACA,5.2989729738328606e-05,3606,GTCACA,2.9688604627153836e-05,830,AGGCGN,0.12084022164344788,False,False,True,-0.0016930699348449707,GCGCAGAGGCGCCAGGACAGGCCCCCAG
2,30,15,head_3,degradation,0.9814453125,1.1423428058624268,2326,CTCACA,2.240234375,3606,GTCACA,2.5,3606,GTCACA,2.5,2326,CTCACA,5.273731585475616e-05,3606,GTCACA,2.947068242065143e-05,830,AGGCGN,0.11965495347976685,False,False,True,-0.002008296549320221,GCGCAGAGGCGCCAGGACAGGCCCCCAG
2,31,15,head_3,degradation,0.9814453125,0.8345313668251038,2326,CTCACA,2.23828125,3606,GTCACA,2.498046875,3606,GTCACA,2.498046875,2326,CTCACA,5.1614617404993623e-05,3606,GTCACA,2.9046042982372455e-05,830,AGGCGN,0.12088728696107864,False,False,True,-0.0017434656620025635,GCGCAGAGGCGCCAGGACAGGCCCCCAG
2,32,15,head_3,degradation,0.95947265625,1.026029348373413,2326,CTCACA,2.255859375,3606,GTCACA,2.501953125,3606,GTCACA,2.501953125,2326,CTCACA,5.18427841598168e-05,3606,GTCACA,2.8839927836088464e-05,830,AGGCGN,0.12256097793579102,False,False,True,-0.004190780222415924,GCGCAGAGGCGCCAGGACAGGCCCCCAG
3,0,15,head_3,degradation,0.99072265625,1.026747226715088,2326,CTCACA,2.23828125,3606,GTCACA,2.50390625,3606,GTCACA,2.50390625,2326,CTCACA,5.3009971452411264e-05,3606,GTCACA,3.0005487133166753e-05,830,AGGCGN,0.11995846033096313,False,False,True,-0.0014324188232421875,GCGCAGAGGCGCCAGGACAGGCCCCCAG
3,1,15,head_3,degradation,0.9873046875,1.1277198791503906,2326,CTCACA,2.240234375,3606,GTCACA,2.50390625,3606,GTCACA,2.50390625,2326,CTCACA,5.337211405276321e-05,3606,GTCACA,3.013864261447452e-05,830,AGGCGN,0.1200285404920578,False,False,True,-0.001132681965827942,GCGCAGAGGCGCCAGGACAGGCCCCCAG
3,2,15,head_3,degradation,0.99072265625,1.0833916664123535,2326,CTCACA,2.23828125,3606,GTCACA,2.50390625,3606,GTCACA,2.50390625,2326,CTCACA,5.3138061048230156e-05,3606,GTCACA,3.0005117878317833e-05,830,AGGCGN,0.1205478236079216,False,False,True,-0.0011528879404067993,GCGCAGAGGCGCCAGGACAGGCCCCCAG
3,3,15,head_3,degradation,0.9873046875,0.9968879222869873,2326,CTCACA,2.23828125,3606,GTCACA,2.501953125,3606,GTCACA,2.501953125,2326,CTCACA,5.239484744379297e-05,3606,GTCACA,2.945807864307426e-05,830,AGGCGN,0.12100622802972794,False,False,True,-0.0020739510655403137,GCGCAGAGGCGCCAGGACAGGCCCCCAG
3,4,15,head_3,degradation,0.97802734375,1.2844337224960327,2326,CTCACA,2.25390625,3606,GTCACA,2.51171875,3606,GTCACA,2.51171875,2326,CTCACA,5.335018795449287e-05,3606,GTCACA,2.9761318728560582e-05,830,AGGCGN,0.12216651439666748,False,False,True,-0.004181869328022003,GCGCAGAGGCGCCAGGACAGGCCCCCAG
3,5,15,head_3,degradation,0.984375,1.762961745262146,2326,CTCACA,2.26171875,3606,GTCACA,2.5234375,3606,GTCACA,2.5234375,2326,CTCACA,5.5314128985628486e-05,3606,GTCACA,3.0640047043561935e-05,830,AGGCGN,0.12123914808034897,False,False,True,-0.0021626725792884827,GCGCAGAGGCGCCAGGACAGGCCCCCAG
3,6,15,head_3,degradation,0.99072265625,1.8186893463134766,2326,CTCACA,2.263671875,3606,GTCACA,2.529296875,3606,GTCACA,2.529296875,2326,CTCACA,5.5895499826874584e-05,3606,GTCACA,3.1095038139028475e-05,830,AGGCGN,0.12083345651626587,False,False,True,0.00032045692205429077,GCGCAGAGGCGCCAGGACAGGCCCCCAG
3,7,15,head_3,degradation,0.97802734375,1.6922929286956787,2326,CTCACA,2.25,3606,GTCACA,2.5078125,3606,GTCACA,2.5078125,2326,CTCACA,5.505195076693781e-05,3606,GTCACA,3.053813270526007e-05,830,AGGCGN,0.12223214656114578,False,False,True,0.0011216774582862854,GCGCAGAGGCGCCAGGACAGGCCCCCAG
3,8,15,head_3,degradation,0.947265625,1.3480890989303589,2326,CTCACA,2.25,3606,GTCACA,2.48828125,3606,GTCACA,2.48828125,2326,CTCACA,5.2880641305819154e-05,3606,GTCACA,2.9147413442842662e-05,830,AGGCGN,0.1248396709561348,False,False,True,-0.0028688982129096985,GCGCAGAGGCGCCAGGACAGGCCCCCAG
3,9,15,head_3,degradation,0.953125,1.5402071475982666,2326,CTCACA,2.234375,3606,GTCACA,2.4765625,3606,GTCACA,2.4765625,2326,CTCACA,5.356193287298083e-05,3606,GTCACA,2.939301703008823e-05,830,AGGCGN,0.12704595923423767,False,False,True,-0.003550499677658081,GCGCAGAGGCGCCAGGACAGGCCCCCAG
3,10,15,head_3,degradation,0.97509765625,1.9304219484329224,2326,CTCACA,2.234375,3606,GTCACA,2.490234375,3606,GTCACA,2.490234375,2326,CTCACA,5.5347405577776954e-05,3606,GTCACA,3.02935550280381e-05,830,AGGCGN,0.12509232759475708,False,False,True,-0.003495745360851288,GCGCAGAGGCGCCAGGACAGGCCCCCAG
3,11,15,head_3,degradation,0.984375,1.8799817562103271,2326,CTCACA,2.234375,3606,GTCACA,2.49609375,3606,GTCACA,2.49609375,2326,CTCACA,5.5586515372851864e-05,3606,GTCACA,3.0647053790744394e-05,830,AGGCGN,0.12243076413869858,False,False,True,-0.0020524561405181885,GCGCAGAGGCGCCAGGACAGGCCCCCAG
3,12,15,head_3,degradation,0.99072265625,1.5056684017181396,2326,CTCACA,2.244140625,3606,GTCACA,2.509765625,3606,GTCACA,2.509765625,2326,CTCACA,5.45982584299054e-05,3606,GTCACA,3.0507670089718886e-05,830,AGGCGN,0.11859367042779922,False,False,True,-0.004007153213024139,GCGCAGAGGCGCCAGGACAGGCCCCCAG
3,13,15,head_3,degradation,1.015625,1.2008191347122192,2326,CTCACA,2.240234375,3606,GTCACA,2.521484375,3606,GTCACA,2.521484375,2326,CTCACA,5.454499842016958e-05,3606,GTCACA,3.114575156359933e-05,830,AGGCGN,0.11559222638607025,False,False,True,-0.002670072019100189,GCGCAGAGGCGCCAGGACAGGCCCCCAG
3,14,15,head_3,degradation,1.0283203125,1.1468192338943481,2326,CTCACA,2.232421875,3606,GTCACA,2.521484375,3606,GTCACA,2.521484375,2326,CTCACA,5.5134423746494576e-05,3606,GTCACA,3.1857638532528654e-05,830,AGGCGN,0.11382884532213211,False,False,True,-0.0015717744827270508,GCGCAGAGGCGCCAGGACAGGCCCCCAG
3,15,15,head_3,degradation,1.0,1.3844959735870361,2326,CTCACA,2.244140625,3606,GTCACA,2.515625,3606,GTCACA,2.515625,2326,CTCACA,5.476810474647209e-05,3606,GTCACA,3.095231295446865e-05,830,AGGCGN,0.11494069546461105,False,False,True,-0.001715928316116333,GCGCAGAGGCGCCAGGACAGGCCCCCAG
3,16,15,head_3,degradation,0.97509765625,1.0212633609771729,2326,CTCACA,2.248046875,3606,GTCACA,2.50390625,3606,GTCACA,2.50390625,2326,CTCACA,5.204270564718172e-05,3606,GTCACA,2.905065775848925e-05,830,AGGCGN,0.11822109669446945,False,False,True,-0.002015061676502228,GCGCAGAGGCGCCAGGACAGGCCCCCAG
3,17,15,head_3,degradation,0.95654296875,1.1440720558166504,2326,CTCACA,2.263671875,3606,GTCACA,2.5078125,3606,GTCACA,2.5078125,2326,CTCACA,5.1953171350760385e-05,3606,GTCACA,2.8682616175501607e-05,830,AGGCGN,0.12097688019275665,False,False,True,-0.0008685067296028137,GCGCAGAGGCGCCAGGACAGGCCCCCAG
3,18,15,head_3,degradation,0.9658203125,1.3388088941574097,2326,CTCACA,2.248046875,3606,GTCACA,2.498046875,3606,GTCACA,2.498046875,2326,CTCACA,5.334632078302093e-05,3606,GTCACA,2.9634138627443463e-05,830,AGGCGN,0.11809072643518448,False,False,True,-0.0015070736408233643,GCGCAGAGGCGCCAGGACAGGCCCCCAG
3,19,15,head_3,degradation,0.97802734375,1.5845787525177002,2326,CTCACA,2.2421875,3606,GTCACA,2.5,3606,GTCACA,2.5,2326,CTCACA,5.461770706460811e-05,3606,GTCACA,3.0348164727911353e-05,830,AGGCGN,0.11661677807569504,False,False,True,-0.0027121901512145996,GCGCAGAGGCGCCAGGACAGGCCCCCAG
3,20,15,head_3,degradation,0.97216796875,1.8076093196868896,2326,CTCACA,2.25,3606,GTCACA,2.50390625,3606,GTCACA,2.50390625,2326,CTCACA,5.530581620405428e-05,3606,GTCACA,3.0530482035828754e-05,830,AGGCGN,0.11641882359981537,False,False,True,-0.005132049322128296,GCGCAGAGGCGCCAGGACAGGCCCCCAG
3,21,15,head_3,degradation,0.9814453125,1.4724081754684448,2326,CTCACA,2.25,3606,GTCACA,2.509765625,3606,GTCACA,2.509765625,2326,CTCACA,5.410107405623421e-05,3606,GTCACA,3.0085913749644533e-05,830,AGGCGN,0.11860700696706772,False,False,True,-0.00460641086101532,GCGCAGAGGCGCCAGGACAGGCCCCCAG
3,22,15,head_3,degradation,0.9873046875,1.402623176574707,2326,CTCACA,2.251953125,3606,GTCACA,2.515625,3606,GTCACA,2.515625,2326,CTCACA,5.396770211518742e-05,3606,GTCACA,3.0110801162663847e-05,830,AGGCGN,0.11923523247241974,False,False,True,-0.005147181451320648,GCGCAGAGGCGCCAGGACAGGCCCCCAG
3,23,15,head_3,degradation,0.99072265625,1.2224907875061035,2326,CTCACA,2.244140625,3606,GTCACA,2.509765625,3606,GTCACA,2.509765625,2326,CTCACA,5.3233601647662e-05,3606,GTCACA,2.978520751639735e-05,830,AGGCGN,0.11901393532752991,False,False,True,-0.003964468836784363,GCGCAGAGGCGCCAGGACAGGCCCCCAG
3,24,15,head_3,degradation,1.0,1.1836576461791992,2326,CTCACA,2.240234375,3606,GTCACA,2.51171875,3606,GTCACA,2.51171875,2326,CTCACA,5.332043656380847e-05,3606,GTCACA,2.9960108804516494e-05,830,AGGCGN,0.1182786226272583,False,False,True,-0.00300753116607666,GCGCAGAGGCGCCAGGACAGGCCCCCAG
3,25,15,head_3,degradation,1.0029296875,1.195749044418335,2326,CTCACA,2.23828125,3606,GTCACA,2.51171875,3606,GTCACA,2.51171875,2326,CTCACA,5.3530806326307356e-05,3606,GTCACA,3.0143057301756926e-05,830,AGGCGN,0.11952704191207886,False,False,True,-0.0011101216077804565,GCGCAGAGGCGCCAGGACAGGCCCCCAG
3,26,15,head_3,degradation,0.9970703125,1.256058931350708,2326,CTCACA,2.23828125,3606,GTCACA,2.5078125,3606,GTCACA,2.5078125,2326,CTCACA,5.35559665877372e-05,3606,GTCACA,3.0031445930944756e-05,830,AGGCGN,0.11916974931955338,False,False,True,-0.000550098717212677,GCGCAGAGGCGCCAGGACAGGCCCCCAG
3,27,15,head_3,degradation,1.0029296875,1.0579133033752441,2326,CTCACA,2.23046875,3606,GTCACA,2.50390625,3606,GTCACA,2.50390625,2326,CTCACA,5.3001174819655716e-05,3606,GTCACA,2.9926011848147027e-05,830,AGGCGN,0.11956030875444412,False,False,True,-0.0014555379748344421,GCGCAGAGGCGCCAGGACAGGCCCCCAG
3,28,15,head_3,degradation,1.0,1.0789905786514282,2326,CTCACA,2.228515625,3606,GTCACA,2.5,3606,GTCACA,2.5,2326,CTCACA,5.3064773965161294e-05,3606,GTCACA,2.9941811590106227e-05,830,AGGCGN,0.11963806301355362,False,False,True,-0.0014253035187721252,GCGCAGAGGCGCCAGGACAGGCCCCCAG
3,29,15,head_3,degradation,0.99072265625,1.1623581647872925,2326,CTCACA,2.232421875,3606,GTCACA,2.498046875,3606,GTCACA,2.498046875,2326,CTCACA,5.319459887687117e-05,3606,GTCACA,2.9882574381190352e-05,830,AGGCGN,0.12002785503864288,False,False,True,-0.001994714140892029,GCGCAGAGGCGCCAGGACAGGCCCCCAG
3,30,15,head_3,degradation,0.99072265625,1.2332515716552734,2326,CTCACA,2.234375,3606,GTCACA,2.5,3606,GTCACA,2.5,2326,CTCACA,5.3475730965146795e-05,3606,GTCACA,3.0002933272044174e-05,830,AGGCGN,0.11902568489313126,False,False,True,-0.002445697784423828,GCGCAGAGGCGCCAGGACAGGCCCCCAG
3,31,15,head_3,degradation,0.984375,1.271399736404419,2326,CTCACA,2.232421875,3606,GTCACA,2.494140625,3606,GTCACA,2.494140625,2326,CTCACA,5.315256930771284e-05,3606,GTCACA,2.9593258659588173e-05,830,AGGCGN,0.11877109110355377,False,False,True,-0.00246255099773407,GCGCAGAGGCGCCAGGACAGGCCCCCAG
3,32,15,head_3,degradation,0.97509765625,1.158605933189392,2326,CTCACA,2.2421875,3606,GTCACA,2.498046875,3606,GTCACA,2.498046875,2326,CTCACA,5.292936475598253e-05,3606,GTCACA,2.9625849492731504e-05,830,AGGCGN,0.11829390376806259,False,False,True,-0.0031482353806495667,GCGCAGAGGCGCCAGGACAGGCCCCCAG
4,0,15,head_3,degradation,1.005859375,0.9879197478294373,2326,CTCACA,2.234375,3606,GTCACA,2.509765625,3606,GTCACA,2.509765625,2326,CTCACA,5.2763043640879914e-05,3606,GTCACA,2.984661296068225e-05,830,AGGCGN,0.1196165680885315,False,False,True,1.7657876014709473e-06,GCGCAGAGGCGCCAGGACAGGCCCCCAG
4,1,15,head_3,degradation,1.0029296875,0.99153071641922,2326,CTCACA,2.23046875,3606,GTCACA,2.50390625,3606,GTCACA,2.50390625,2326,CTCACA,5.2651288569904864e-05,3606,GTCACA,2.9726668799412437e-05,830,AGGCGN,0.1201232522726059,False,False,True,5.759298801422119e-06,GCGCAGAGGCGCCAGGACAGGCCCCCAG
4,2,15,head_3,degradation,1.005859375,0.9445315003395081,2326,CTCACA,2.234375,3606,GTCACA,2.509765625,3606,GTCACA,2.509765625,2326,CTCACA,5.242935731075704e-05,3606,GTCACA,2.9611323043354787e-05,830,AGGCGN,0.12009964138269424,False,False,True,-0.00034652650356292725,GCGCAGAGGCGCCAGGACAGGCCCCCAG
4,3,15,head_3,degradation,0.99072265625,1.2373005151748657,2326,CTCACA,2.2421875,3606,GTCACA,2.5078125,3606,GTCACA,2.5078125,2326,CTCACA,5.3156574722379446e-05,3606,GTCACA,2.9674594770767726e-05,830,AGGCGN,0.11925768852233887,False,False,True,-0.0009064599871635437,GCGCAGAGGCGCCAGGACAGGCCCCCAG
4,4,15,head_3,degradation,0.9814453125,1.3966572284698486,2326,CTCACA,2.248046875,3606,GTCACA,2.5078125,3606,GTCACA,2.5078125,2326,CTCACA,5.347041224013083e-05,3606,GTCACA,2.9627040930790827e-05,830,AGGCGN,0.11927562206983566,False,False,True,-0.0019357949495315552,GCGCAGAGGCGCCAGGACAGGCCCCCAG
4,5,15,head_3,degradation,0.99072265625,1.248471975326538,2326,CTCACA,2.23828125,3606,GTCACA,2.50390625,3606,GTCACA,2.50390625,2326,CTCACA,5.2920819143764675e-05,3606,GTCACA,2.9413504307740368e-05,830,AGGCGN,0.12040162831544876,False,False,True,-0.0007659494876861572,GCGCAGAGGCGCCAGGACAGGCCCCCAG
4,6,15,head_3,degradation,0.931640625,1.7500079870224,2326,CTCACA,2.25,3606,GTCACA,2.478515625,3606,GTCACA,2.478515625,2326,CTCACA,5.40984510735143e-05,3606,GTCACA,2.9453745810315013e-05,830,AGGCGN,0.12431011348962784,False,False,True,-0.0013041645288467407,GCGCAGAGGCGCCAGGACAGGCCCCCAG
4,7,15,head_3,degradation,0.931640625,1.7658982276916504,2326,CTCACA,2.25,3606,GTCACA,2.478515625,3606,GTCACA,2.478515625,2326,CTCACA,5.4271589760901406e-05,3606,GTCACA,2.9590848498628475e-05,830,AGGCGN,0.12486226111650467,False,False,True,-0.00022877007722854614,GCGCAGAGGCGCCAGGACAGGCCCCCAG
4,8,15,head_3,degradation,0.921875,1.9382816553115845,2326,CTCACA,2.255859375,3606,GTCACA,2.478515625,3606,GTCACA,2.478515625,2326,CTCACA,5.473099372466095e-05,3606,GTCACA,2.9659318897756748e-05,830,AGGCGN,0.12510928511619568,False,False,True,-0.0012254193425178528,GCGCAGAGGCGCCAGGACAGGCCCCCAG
4,9,15,head_3,degradation,1.0029296875,1.574239730834961,2326,CTCACA,2.234375,3606,GTCACA,2.5078125,3606,GTCACA,2.5078125,2326,CTCACA,5.4833184549352154e-05,3606,GTCACA,3.05870889860671e-05,830,AGGCGN,0.11768770962953568,False,False,True,-0.00037357956171035767,GCGCAGAGGCGCCAGGACAGGCCCCCAG
4,10,15,head_3,degradation,1.009765625,1.3687509298324585,2326,CTCACA,2.234375,3606,GTCACA,2.51171875,3606,GTCACA,2.51171875,2326,CTCACA,5.432512625702657e-05,3606,GTCACA,3.0545041227014735e-05,830,AGGCGN,0.11832481622695923,False,False,True,-0.00010008364915847778,GCGCAGAGGCGCCAGGACAGGCCCCCAG
4,11,15,head_3,degradation,1.005859375,1.214744210243225,2326,CTCACA,2.228515625,3606,GTCACA,2.50390625,3606,GTCACA,2.50390625,2326,CTCACA,5.347295154933818e-05,3606,GTCACA,3.0042125217732973e-05,830,AGGCGN,0.11913032829761505,False,False,True,0.0003587454557418823,GCGCAGAGGCGCCAGGACAGGCCCCCAG
4,12,15,head_3,degradation,1.0029296875,0.9415990710258484,2326,CTCACA,2.234375,3606,GTCACA,2.5078125,3606,GTCACA,2.5078125,2326,CTCACA,5.233850606600754e-05,3606,GTCACA,2.952712202386465e-05,830,AGGCGN,0.12031667679548264,False,False,True,0.0004451572895050049,GCGCAGAGGCGCCAGGACAGGCCCCCAG
4,13,15,head_3,degradation,1.005859375,0.9910398721694946,2326,CTCACA,2.232421875,3606,GTCACA,2.5078125,3606,GTCACA,2.5078125,2326,CTCACA,5.263832281343639e-05,3606,GTCACA,2.9714816264458932e-05,830,AGGCGN,0.12099310010671616,False,False,True,0.00019944459199905396,GCGCAGAGGCGCCAGGACAGGCCCCCAG
4,14,15,head_3,degradation,0.9814453125,0.7001709938049316,2326,CTCACA,2.2421875,3606,GTCACA,2.501953125,3606,GTCACA,2.501953125,2326,CTCACA,5.089192563900724e-05,3606,GTCACA,2.862805558834225e-05,830,AGGCGN,0.1232278048992157,False,False,True,-0.0017999261617660522,GCGCAGAGGCGCCAGGACAGGCCCCCAG
4,15,15,head_3,degradation,0.9345703125,0.14875388145446777,2326,CTCACA,2.265625,3606,GTCACA,2.49609375,3606,GTCACA,2.49609375,2326,CTCACA,4.7314591938629746e-05,3606,GTCACA,2.6301233447156847e-05,830,AGGCGN,0.13145263493061066,False,False,True,0.00280916690826416,GCGCAGAGGCGCCAGGACAGGCCCCCAG
4,16,15,head_3,degradation,0.9033203125,-0.2008463591337204,2326,CTCACA,2.28125,3606,GTCACA,2.4921875,3606,GTCACA,2.4921875,2326,CTCACA,4.527800774667412e-05,3606,GTCACA,2.5057477614609525e-05,830,AGGCGN,0.13825596868991852,False,False,True,0.0034881383180618286,GCGCAGAGGCGCCAGGACAGGCCCCCAG
4,17,15,head_3,degradation,0.92822265625,-0.03081386350095272,2326,CTCACA,2.265625,3606,GTCACA,2.4921875,3606,GTCACA,2.4921875,2326,CTCACA,4.6698110963916406e-05,3606,GTCACA,2.6091978725162335e-05,830,AGGCGN,0.1358538419008255,False,False,True,0.007170148193836212,GCGCAGAGGCGCCAGGACAGGCCCCCAG
4,18,15,head_3,degradation,0.97216796875,0.6691389679908752,2326,CTCACA,2.2421875,3606,GTCACA,2.49609375,3606,GTCACA,2.49609375,2326,CTCACA,5.0534188630990684e-05,3606,GTCACA,2.834069346135948e-05,830,AGGCGN,0.1255865842103958,False,False,True,0.001638367772102356,GCGCAGAGGCGCCAGGACAGGCCCCCAG
4,19,15,head_3,degradation,1.009765625,0.9265903830528259,2326,CTCACA,2.22265625,3606,GTCACA,2.5,3606,GTCACA,2.5,2326,CTCACA,5.268397944746539e-05,3606,GTCACA,2.990663233504165e-05,830,AGGCGN,0.12011168152093887,False,False,True,0.0017738118767738342,GCGCAGAGGCGCCAGGACAGGCCCCCAG
4,20,15,head_3,degradation,0.9970703125,1.129442811012268,2326,CTCACA,2.23828125,3606,GTCACA,2.5078125,3606,GTCACA,2.5078125,2326,CTCACA,5.301083001540974e-05,3606,GTCACA,2.9773451387882233e-05,830,AGGCGN,0.12002631276845932,False,False,True,0.00013061612844467163,GCGCAGAGGCGCCAGGACAGGCCCCCAG
4,21,15,head_3,degradation,1.0,0.9376174807548523,2326,CTCACA,2.23046875,3606,GTCACA,2.501953125,3606,GTCACA,2.501953125,2326,CTCACA,5.2229184802854434e-05,3606,GTCACA,2.9426830224110745e-05,830,AGGCGN,0.12079116702079773,False,False,True,0.0005280524492263794,GCGCAGAGGCGCCAGGACAGGCCCCCAG
4,22,15,head_3,degradation,1.009765625,1.1563608646392822,2326,CTCACA,2.23046875,3606,GTCACA,2.5078125,3606,GTCACA,2.5078125,2326,CTCACA,5.3311727242544293e-05,3606,GTCACA,3.001330333063379e-05,830,AGGCGN,0.11929051578044891,False,False,True,0.0012630820274353027,GCGCAGAGGCGCCAGGACAGGCCCCCAG
4,23,15,head_3,degradation,1.0126953125,1.150422215461731,2326,CTCACA,2.23046875,3606,GTCACA,2.509765625,3606,GTCACA,2.509765625,2326,CTCACA,5.327045073499903e-05,3606,GTCACA,2.998549462063238e-05,830,AGGCGN,0.11847102642059326,False,False,True,0.0008523166179656982,GCGCAGAGGCGCCAGGACAGGCCCCCAG
4,24,15,head_3,degradation,1.025390625,1.3102320432662964,2326,CTCACA,2.23046875,3606,GTCACA,2.517578125,3606,GTCACA,2.517578125,2326,CTCACA,5.435178900370374e-05,3606,GTCACA,3.070441380259581e-05,830,AGGCGN,0.11656355857849121,False,False,True,0.0008755624294281006,GCGCAGAGGCGCCAGGACAGGCCCCCAG
4,25,15,head_3,degradation,1.009765625,1.1124601364135742,2326,CTCACA,2.234375,3606,GTCACA,2.51171875,3606,GTCACA,2.51171875,2326,CTCACA,5.304957085172646e-05,3606,GTCACA,2.985070568684023e-05,830,AGGCGN,0.11790231615304947,False,False,True,-0.0007085055112838745,GCGCAGAGGCGCCAGGACAGGCCCCCAG
4,26,15,head_3,degradation,1.005859375,1.0514211654663086,2326,CTCACA,2.240234375,3606,GTCACA,2.515625,3606,GTCACA,2.515625,2326,CTCACA,5.320665513863787e-05,3606,GTCACA,3.014621506736148e-05,830,AGGCGN,0.12072555720806122,False,False,True,0.00031616538763046265,GCGCAGAGGCGCCAGGACAGGCCCCCAG
4,27,15,head_3,degradation,1.0029296875,0.7583296895027161,2326,CTCACA,2.234375,3606,GTCACA,2.5078125,3606,GTCACA,2.5078125,2326,CTCACA,5.21861293236725e-05,3606,GTCACA,2.9790366170345806e-05,830,AGGCGN,0.12276440113782883,False,False,True,0.001375839114189148,GCGCAGAGGCGCCAGGACAGGCCCCCAG
4,28,15,head_3,degradation,1.0,0.7224321961402893,2326,CTCACA,2.240234375,3606,GTCACA,2.51171875,3606,GTCACA,2.51171875,2326,CTCACA,5.224812412052415e-05,3606,GTCACA,2.993376983795315e-05,830,AGGCGN,0.12254135310649872,False,False,True,0.0011647716164588928,GCGCAGAGGCGCCAGGACAGGCCCCCAG
4,29,15,head_3,degradation,0.9873046875,1.0246505737304688,2326,CTCACA,2.244140625,3606,GTCACA,2.5078125,3606,GTCACA,2.5078125,2326,CTCACA,5.2797666285187006e-05,3606,GTCACA,2.9797936804243363e-05,830,AGGCGN,0.12101732939481735,False,False,True,0.0003439486026763916,GCGCAGAGGCGCCAGGACAGGCCCCCAG
4,30,15,head_3,degradation,0.99365234375,0.9905521869659424,2326,CTCACA,2.236328125,3606,GTCACA,2.50390625,3606,GTCACA,2.50390625,2326,CTCACA,5.238871744950302e-05,3606,GTCACA,2.946631684608292e-05,830,AGGCGN,0.12080390006303787,False,False,True,-0.00032551586627960205,GCGCAGAGGCGCCAGGACAGGCCCCCAG
4,31,15,head_3,degradation,1.0,1.0147264003753662,2326,CTCACA,2.23046875,3606,GTCACA,2.501953125,3606,GTCACA,2.501953125,2326,CTCACA,5.262342529022135e-05,3606,GTCACA,2.964620216516778e-05,830,AGGCGN,0.11973220109939575,False,False,True,-0.0010446608066558838,GCGCAGAGGCGCCAGGACAGGCCCCCAG
4,32,15,head_3,degradation,1.0029296875,1.0748597383499146,2326,CTCACA,2.234375,3606,GTCACA,2.5078125,3606,GTCACA,2.5078125,2326,CTCACA,5.293568756314926e-05,3606,GTCACA,2.9822092983522452e-05,830,AGGCGN,0.11881820857524872,False,False,True,-0.0007446929812431335,GCGCAGAGGCGCCAGGACAGGCCCCCAG
5,0,15,head_3,degradation,0.99072265625,1.163946270942688,2326,CTCACA,2.2421875,3606,GTCACA,2.5078125,3606,GTCACA,2.5078125,2326,CTCACA,5.3062922233948484e-05,3606,GTCACA,2.9747296139248647e-05,830,AGGCGN,0.12018463015556335,False,False,True,-0.00010279566049575806,GCGCAGAGGCGCCAGGACAGGCCCCCAG
5,1,15,head_3,degradation,0.99072265625,1.1202949285507202,2326,CTCACA,2.244140625,3606,GTCACA,2.509765625,3606,GTCACA,2.509765625,2326,CTCACA,5.2926297939848155e-05,3606,GTCACA,2.970966488646809e-05,830,AGGCGN,0.12028738856315613,False,False,True,-0.0006467625498771667,GCGCAGAGGCGCCAGGACAGGCCCCCAG
5,2,15,head_3,degradation,0.99365234375,1.004442811012268,2326,CTCACA,2.236328125,3606,GTCACA,2.50390625,3606,GTCACA,2.50390625,2326,CTCACA,5.258452074485831e-05,3606,GTCACA,2.96306188829476e-05,830,AGGCGN,0.12052685767412186,False,False,True,-0.0012584254145622253,GCGCAGAGGCGCCAGGACAGGCCCCCAG
5,3,15,head_3,degradation,1.0,0.9879879355430603,2326,CTCACA,2.232421875,3606,GTCACA,2.50390625,3606,GTCACA,2.50390625,2326,CTCACA,5.2501105528790504e-05,3606,GTCACA,2.958452023449354e-05,830,AGGCGN,0.12047158181667328,False,False,True,-0.0004186555743217468,GCGCAGAGGCGCCAGGACAGGCCCCCAG
5,4,15,head_3,degradation,0.9873046875,1.1551167964935303,2326,CTCACA,2.23828125,3606,GTCACA,2.501953125,3606,GTCACA,2.501953125,2326,CTCACA,5.2752035117009655e-05,3606,GTCACA,2.945643245766405e-05,830,AGGCGN,0.12017147988080978,False,False,True,0.00022225826978683472,GCGCAGAGGCGCCAGGACAGGCCCCCAG
5,5,15,head_3,degradation,1.0029296875,1.132393717765808,2326,CTCACA,2.224609375,3606,GTCACA,2.498046875,3606,GTCACA,2.498046875,2326,CTCACA,5.3182146075414494e-05,3606,GTCACA,2.9938075385871343e-05,830,AGGCGN,0.12116071581840515,False,False,True,0.0027230829000473022,GCGCAGAGGCGCCAGGACAGGCCCCCAG
5,6,15,head_3,degradation,0.9873046875,1.0869745016098022,2326,CTCACA,2.244140625,3606,GTCACA,2.5078125,3606,GTCACA,2.5078125,2326,CTCACA,5.340118514141068e-05,3606,GTCACA,3.0260116545832716e-05,830,AGGCGN,0.12364738434553146,False,False,True,0.0013363882899284363,GCGCAGAGGCGCCAGGACAGGCCCCCAG
5,7,15,head_3,degradation,0.99365234375,0.7672505378723145,2326,CTCACA,2.2421875,3606,GTCACA,2.509765625,3606,GTCACA,2.509765625,2326,CTCACA,5.234271884546615e-05,3606,GTCACA,2.9926724891993217e-05,830,AGGCGN,0.12280447036027908,False,False,True,0.0017490759491920471,GCGCAGAGGCGCCAGGACAGGCCCCCAG
5,8,15,head_3,degradation,0.99072265625,0.8010040521621704,2326,CTCACA,2.25,3606,GTCACA,2.515625,3606,GTCACA,2.515625,2326,CTCACA,5.264803257887252e-05,3606,GTCACA,3.0155491913319565e-05,830,AGGCGN,0.12023134529590607,False,False,True,-0.00025156885385513306,GCGCAGAGGCGCCAGGACAGGCCCCCAG
5,9,15,head_3,degradation,1.005859375,0.8405959606170654,2326,CTCACA,2.2265625,3606,GTCACA,2.501953125,3606,GTCACA,2.501953125,2326,CTCACA,5.2176583267282695e-05,3606,GTCACA,2.9594255465781316e-05,830,AGGCGN,0.11930914223194122,False,False,True,0.001115657389163971,GCGCAGAGGCGCCAGGACAGGCCCCCAG
5,10,15,head_3,degradation,1.03125,1.036020278930664,2326,CTCACA,2.2109375,3606,GTCACA,2.501953125,3606,GTCACA,2.501953125,2326,CTCACA,5.360001523513347e-05,3606,GTCACA,3.0574501579394564e-05,830,AGGCGN,0.11899328231811523,False,False,True,6.88210129737854e-05,GCGCAGAGGCGCCAGGACAGGCCCCCAG
5,11,15,head_3,degradation,1.021484375,0.9811909794807434,2326,CTCACA,2.216796875,3606,GTCACA,2.501953125,3606,GTCACA,2.501953125,2326,CTCACA,5.297881580190733e-05,3606,GTCACA,3.0077644623816013e-05,830,AGGCGN,0.12001606822013855,False,False,True,0.00011923909187316895,GCGCAGAGGCGCCAGGACAGGCCCCCAG
5,12,15,head_3,degradation,1.0185546875,1.0077192783355713,2326,CTCACA,2.21484375,3606,GTCACA,2.498046875,3606,GTCACA,2.498046875,2326,CTCACA,5.327393228071742e-05,3606,GTCACA,3.0312599847093225e-05,830,AGGCGN,0.11815200001001358,False,False,True,-0.001012071967124939,GCGCAGAGGCGCCAGGACAGGCCCCCAG
5,13,15,head_3,degradation,0.9970703125,0.8571358919143677,2326,CTCACA,2.24609375,3606,GTCACA,2.515625,3606,GTCACA,2.515625,2326,CTCACA,5.2215247706044465e-05,3606,GTCACA,2.9595410524052568e-05,830,AGGCGN,0.11522193253040314,False,False,True,-0.0009143352508544922,GCGCAGAGGCGCCAGGACAGGCCCCCAG
5,14,15,head_3,degradation,0.99072265625,0.8523874878883362,2326,CTCACA,2.24609375,3606,GTCACA,2.51171875,3606,GTCACA,2.51171875,2326,CTCACA,5.2190403948770836e-05,3606,GTCACA,2.958133518404793e-05,830,AGGCGN,0.1159287691116333,False,False,True,0.000761374831199646,GCGCAGAGGCGCCAGGACAGGCCCCCAG
5,15,15,head_3,degradation,0.953125,0.508510947227478,2326,CTCACA,2.265625,3606,GTCACA,2.5078125,3606,GTCACA,2.5078125,2326,CTCACA,4.962282400811091e-05,3606,GTCACA,2.7793603294412605e-05,830,AGGCGN,0.11898839473724365,False,False,True,-0.0016440749168395996,GCGCAGAGGCGCCAGGACAGGCCCCCAG
5,16,15,head_3,degradation,0.90673828125,0.5993796586990356,2326,CTCACA,2.271484375,3606,GTCACA,2.484375,3606,GTCACA,2.484375,2326,CTCACA,4.8356519982917234e-05,3606,GTCACA,2.632122595969122e-05,830,AGGCGN,0.12586015462875366,False,False,True,-0.0025566741824150085,GCGCAGAGGCGCCAGGACAGGCCCCCAG
5,17,15,head_3,degradation,0.89697265625,0.70987868309021,2326,CTCACA,2.279296875,3606,GTCACA,2.486328125,3606,GTCACA,2.486328125,2326,CTCACA,4.806503056897782e-05,3606,GTCACA,2.577914528956171e-05,830,AGGCGN,0.12688539922237396,False,False,True,-0.0030016526579856873,GCGCAGAGGCGCCAGGACAGGCCCCCAG
5,18,15,head_3,degradation,0.94091796875,0.5617632865905762,2326,CTCACA,2.2421875,3606,GTCACA,2.4765625,3606,GTCACA,2.4765625,2326,CTCACA,4.9010075599653646e-05,3606,GTCACA,2.7060088541475125e-05,830,AGGCGN,0.1288861185312271,False,False,True,0.004771612584590912,GCGCAGAGGCGCCAGGACAGGCCCCCAG
5,19,15,head_3,degradation,0.99072265625,0.3944779336452484,2326,CTCACA,2.228515625,3606,GTCACA,2.494140625,3606,GTCACA,2.494140625,2326,CTCACA,5.00518835906405e-05,3606,GTCACA,2.848126860044431e-05,830,AGGCGN,0.12805843353271484,False,False,True,0.006220996379852295,GCGCAGAGGCGCCAGGACAGGCCCCCAG
5,20,15,head_3,degradation,1.0029296875,0.4445812404155731,2326,CTCACA,2.236328125,3606,GTCACA,2.509765625,3606,GTCACA,2.509765625,2326,CTCACA,5.095884625916369e-05,3606,GTCACA,2.9274606276885606e-05,830,AGGCGN,0.12451522052288055,False,False,True,0.002540789544582367,GCGCAGAGGCGCCAGGACAGGCCCCCAG
5,21,15,head_3,degradation,1.0,0.9098178744316101,2326,CTCACA,2.248046875,3606,GTCACA,2.51953125,3606,GTCACA,2.51953125,2326,CTCACA,5.223609696258791e-05,3606,GTCACA,2.9496786737581715e-05,830,AGGCGN,0.11943797022104263,False,False,True,-0.0016783103346824646,GCGCAGAGGCGCCAGGACAGGCCCCCAG
5,22,15,head_3,degradation,1.0126953125,1.1299384832382202,2326,CTCACA,2.2421875,3606,GTCACA,2.521484375,3606,GTCACA,2.521484375,2326,CTCACA,5.3170460887486115e-05,3606,GTCACA,2.993195812450722e-05,830,AGGCGN,0.11627508699893951,False,False,True,-0.0028681680560112,GCGCAGAGGCGCCAGGACAGGCCCCCAG
5,23,15,head_3,degradation,1.0029296875,1.2010620832443237,2326,CTCACA,2.23828125,3606,GTCACA,2.51171875,3606,GTCACA,2.51171875,2326,CTCACA,5.3167597798164934e-05,3606,GTCACA,2.9767799787805416e-05,830,AGGCGN,0.11861811578273773,False,False,True,-0.0014505013823509216,GCGCAGAGGCGCCAGGACAGGCCCCCAG
5,24,15,head_3,degradation,1.0029296875,0.9928902983665466,2326,CTCACA,2.234375,3606,GTCACA,2.5078125,3606,GTCACA,2.5078125,2326,CTCACA,5.2417279221117496e-05,3606,GTCACA,2.948957626358606e-05,830,AGGCGN,0.11929583549499512,False,False,True,-0.0008740797638893127,GCGCAGAGGCGCCAGGACAGGCCCCCAG
5,25,15,head_3,degradation,0.9970703125,0.8506758213043213,2326,CTCACA,2.23046875,3606,GTCACA,2.5,3606,GTCACA,2.5,2326,CTCACA,5.199907536734827e-05,3606,GTCACA,2.939388832601253e-05,830,AGGCGN,0.12075167894363403,False,False,True,0.0003665164113044739,GCGCAGAGGCGCCAGGACAGGCCCCCAG
5,26,15,head_3,degradation,0.984375,1.0237081050872803,2326,CTCACA,2.236328125,3606,GTCACA,2.498046875,3606,GTCACA,2.498046875,2326,CTCACA,5.215683995629661e-05,3606,GTCACA,2.915924778790213e-05,830,AGGCGN,0.12061645835638046,False,False,True,-0.0008316710591316223,GCGCAGAGGCGCCAGGACAGGCCCCCAG
5,27,15,head_3,degradation,0.99365234375,0.9887562990188599,2326,CTCACA,2.234375,3606,GTCACA,2.501953125,3606,GTCACA,2.501953125,2326,CTCACA,5.2209707064321265e-05,3606,GTCACA,2.9291379178175703e-05,830,AGGCGN,0.1192883849143982,False,False,True,-0.0008569732308387756,GCGCAGAGGCGCCAGGACAGGCCCCCAG
5,28,15,head_3,degradation,0.9873046875,1.1066193580627441,2326,CTCACA,2.23828125,3606,GTCACA,2.501953125,3606,GTCACA,2.501953125,2326,CTCACA,5.225160930422135e-05,3606,GTCACA,2.906599002017174e-05,830,AGGCGN,0.12057044357061386,False,False,True,-0.00020069628953933716,GCGCAGAGGCGCCAGGACAGGCCCCCAG
5,29,15,head_3,degradation,0.9873046875,1.191144347190857,2326,CTCACA,2.248046875,3606,GTCACA,2.51171875,3606,GTCACA,2.51171875,2326,CTCACA,5.284028884489089e-05,3606,GTCACA,2.946298263850622e-05,830,AGGCGN,0.11985937505960464,False,False,True,0.000722929835319519,GCGCAGAGGCGCCAGGACAGGCCCCCAG
5,30,15,head_3,degradation,0.9970703125,1.2601945400238037,2326,CTCACA,2.2421875,3606,GTCACA,2.51171875,3606,GTCACA,2.51171875,2326,CTCACA,5.327716644387692e-05,3606,GTCACA,2.9743267077719793e-05,830,AGGCGN,0.11929141730070114,False,False,True,0.00086192786693573,GCGCAGAGGCGCCAGGACAGGCCCCCAG
5,31,15,head_3,degradation,1.0029296875,1.2641167640686035,2326,CTCACA,2.244140625,3606,GTCACA,2.517578125,3606,GTCACA,2.517578125,2326,CTCACA,5.37662926944904e-05,3606,GTCACA,3.0223498470149934e-05,830,AGGCGN,0.11778482049703598,False,False,True,0.0009724795818328857,GCGCAGAGGCGCCAGGACAGGCCCCCAG
5,32,15,head_3,degradation,0.9970703125,1.1046221256256104,2326,CTCACA,2.23828125,3606,GTCACA,2.5078125,3606,GTCACA,2.5078125,2326,CTCACA,5.3044332162244245e-05,3606,GTCACA,2.9863242161809467e-05,830,AGGCGN,0.11720907688140869,False,False,True,-0.00033058226108551025,GCGCAGAGGCGCCAGGACAGGCCCCCAG
6,0,15,head_3,degradation,1.0029296875,0.9039530158042908,2326,CTCACA,2.23046875,3606,GTCACA,2.50390625,3606,GTCACA,2.50390625,2326,CTCACA,5.204102853895165e-05,3606,GTCACA,2.9315018764464185e-05,830,AGGCGN,0.12117594480514526,False,False,True,-0.0022277161478996277,GCGCAGAGGCGCCAGGACAGGCCCCCAG
6,1,15,head_3,degradation,1.005859375,0.9233178496360779,2326,CTCACA,2.232421875,3606,GTCACA,2.5078125,3606,GTCACA,2.5078125,2326,CTCACA,5.2075021812925115e-05,3606,GTCACA,2.9305096177267842e-05,830,AGGCGN,0.1205080896615982,False,False,True,-0.002699822187423706,GCGCAGAGGCGCCAGGACAGGCCCCCAG
6,2,15,head_3,degradation,1.009765625,0.8056281208992004,2326,CTCACA,2.23046875,3606,GTCACA,2.5078125,3606,GTCACA,2.5078125,2326,CTCACA,5.182477252674289e-05,3606,GTCACA,2.9321745387278497e-05,830,AGGCGN,0.12067966163158417,False,False,True,-0.0017177760601043701,GCGCAGAGGCGCCAGGACAGGCCCCCAG
6,3,15,head_3,degradation,1.0,1.095096468925476,2326,CTCACA,2.23828125,3606,GTCACA,2.509765625,3606,GTCACA,2.509765625,2326,CTCACA,5.2761042752536014e-05,3606,GTCACA,2.9601555070257746e-05,830,AGGCGN,0.11934222280979156,False,False,True,-0.0008994266390800476,GCGCAGAGGCGCCAGGACAGGCCCCCAG
6,4,15,head_3,degradation,1.0126953125,0.5430713891983032,2326,CTCACA,2.23828125,3606,GTCACA,2.517578125,3606,GTCACA,2.517578125,2326,CTCACA,5.1847531722160056e-05,3606,GTCACA,2.9939934393041767e-05,830,AGGCGN,0.12182078510522842,False,False,True,0.0011640265583992004,GCGCAGAGGCGCCAGGACAGGCCCCCAG
6,5,15,head_3,degradation,1.025390625,0.3830505609512329,2326,CTCACA,2.23046875,3606,GTCACA,2.517578125,3606,GTCACA,2.517578125,2326,CTCACA,5.20793219038751e-05,3606,GTCACA,3.0534622055711225e-05,830,AGGCGN,0.12086979299783707,False,False,True,0.004925549030303955,GCGCAGAGGCGCCAGGACAGGCCCCCAG
6,6,15,head_3,degradation,1.0029296875,0.7793773412704468,2326,CTCACA,2.224609375,3606,GTCACA,2.498046875,3606,GTCACA,2.498046875,2326,CTCACA,5.287680323817767e-05,3606,GTCACA,3.0433307983912528e-05,830,AGGCGN,0.1227603331208229,False,False,True,0.004393137991428375,GCGCAGAGGCGCCAGGACAGGCCCCCAG
6,7,15,head_3,degradation,1.0185546875,1.1573907136917114,2326,CTCACA,2.234375,3606,GTCACA,2.517578125,3606,GTCACA,2.517578125,2326,CTCACA,5.408636570791714e-05,3606,GTCACA,3.078560621361248e-05,830,AGGCGN,0.12255358695983887,False,False,True,0.0049984753131866455,GCGCAGAGGCGCCAGGACAGGCCCCCAG
6,8,15,head_3,degradation,1.009765625,1.3786102533340454,2326,CTCACA,2.25,3606,GTCACA,2.52734375,3606,GTCACA,2.52734375,2326,CTCACA,5.47461022506468e-05,3606,GTCACA,3.094365820288658e-05,830,AGGCGN,0.12378215044736862,False,False,True,0.001438342034816742,GCGCAGAGGCGCCAGGACAGGCCCCCAG
6,9,15,head_3,degradation,1.0185546875,0.6221437454223633,2326,CTCACA,2.25390625,3606,GTCACA,2.537109375,3606,GTCACA,2.537109375,2326,CTCACA,5.2260944357840344e-05,3606,GTCACA,3.0174025596352294e-05,830,AGGCGN,0.12610964477062225,False,False,True,0.000667572021484375,GCGCAGAGGCGCCAGGACAGGCCCCCAG
6,10,15,head_3,degradation,1.025390625,0.6413834691047668,2326,CTCACA,2.2109375,3606,GTCACA,2.498046875,3606,GTCACA,2.498046875,2326,CTCACA,5.247466833679937e-05,3606,GTCACA,3.0344117476488464e-05,830,AGGCGN,0.12503190338611603,False,False,True,-0.0004738718271255493,GCGCAGAGGCGCCAGGACAGGCCCCCAG
6,11,15,head_3,degradation,1.0283203125,0.5471941232681274,2326,CTCACA,2.19921875,3606,GTCACA,2.48828125,3606,GTCACA,2.48828125,2326,CTCACA,5.176292688702233e-05,3606,GTCACA,2.9845979952369817e-05,830,AGGCGN,0.12249357998371124,False,False,True,0.0005395114421844482,GCGCAGAGGCGCCAGGACAGGCCCCCAG
6,12,15,head_3,degradation,1.037109375,1.0348941087722778,2326,CTCACA,2.1953125,3606,GTCACA,2.490234375,3606,GTCACA,2.490234375,2326,CTCACA,5.381126538850367e-05,3606,GTCACA,3.0788305593887344e-05,830,AGGCGN,0.1222076565027237,False,False,True,0.002850636839866638,GCGCAGAGGCGCCAGGACAGGCCCCCAG
6,13,15,head_3,degradation,0.99072265625,0.9164038300514221,2326,CTCACA,2.228515625,3606,GTCACA,2.494140625,3606,GTCACA,2.494140625,2326,CTCACA,5.1840041123796254e-05,3606,GTCACA,2.9085795176797546e-05,830,AGGCGN,0.12333489954471588,False,False,True,-0.0009672939777374268,GCGCAGAGGCGCCAGGACAGGCCCCCAG
6,14,15,head_3,degradation,0.94091796875,0.9591199159622192,2326,CTCACA,2.25,3606,GTCACA,2.484375,3606,GTCACA,2.484375,2326,CTCACA,5.014648559154011e-05,3606,GTCACA,2.7295367544866167e-05,830,AGGCGN,0.1235625147819519,False,False,True,-0.004560396075248718,GCGCAGAGGCGCCAGGACAGGCCCCCAG
6,15,15,head_3,degradation,0.947265625,0.639950156211853,2326,CTCACA,2.248046875,3606,GTCACA,2.486328125,3606,GTCACA,2.486328125,2326,CTCACA,4.998946678824723e-05,3606,GTCACA,2.786216646200046e-05,830,AGGCGN,0.1208060011267662,False,False,True,-0.002897404134273529,GCGCAGAGGCGCCAGGACAGGCCCCCAG
6,16,15,head_3,degradation,0.9345703125,0.864706814289093,2326,CTCACA,2.25390625,3606,GTCACA,2.484375,3606,GTCACA,2.484375,2326,CTCACA,5.063616481493227e-05,3606,GTCACA,2.7999158191960305e-05,830,AGGCGN,0.11981751769781113,False,False,True,0.0005000755190849304,GCGCAGAGGCGCCAGGACAGGCCCCCAG
6,17,15,head_3,degradation,0.97509765625,0.7474902868270874,2326,CTCACA,2.228515625,3606,GTCACA,2.484375,3606,GTCACA,2.484375,2326,CTCACA,5.1727096433751285e-05,3606,GTCACA,2.9355915103224106e-05,830,AGGCGN,0.12042278051376343,False,False,True,0.004224397242069244,GCGCAGAGGCGCCAGGACAGGCCCCCAG
6,18,15,head_3,degradation,0.9658203125,0.888670802116394,2326,CTCACA,2.24609375,3606,GTCACA,2.49609375,3606,GTCACA,2.49609375,2326,CTCACA,5.15422216267325e-05,3606,GTCACA,2.8850869057350792e-05,830,AGGCGN,0.12310051172971725,False,False,True,0.0004424378275871277,GCGCAGAGGCGCCAGGACAGGCCCCCAG
6,19,15,head_3,degradation,0.9814453125,1.3844830989837646,2326,CTCACA,2.248046875,3606,GTCACA,2.5078125,3606,GTCACA,2.5078125,2326,CTCACA,5.3576251957565546e-05,3606,GTCACA,2.9760489269392565e-05,830,AGGCGN,0.12123461067676544,False,False,True,-0.0004910677671432495,GCGCAGAGGCGCCAGGACAGGCCCCCAG
6,20,15,head_3,degradation,0.99365234375,1.5779614448547363,2326,CTCACA,2.25,3606,GTCACA,2.517578125,3606,GTCACA,2.517578125,2326,CTCACA,5.465380672831088e-05,3606,GTCACA,3.0399271054193377e-05,830,AGGCGN,0.11957243084907532,False,False,True,-0.0016030222177505493,GCGCAGAGGCGCCAGGACAGGCCCCCAG
6,21,15,head_3,degradation,1.005859375,1.2924851179122925,2326,CTCACA,2.2421875,3606,GTCACA,2.517578125,3606,GTCACA,2.517578125,2326,CTCACA,5.3832089179195464e-05,3606,GTCACA,3.0224960937630385e-05,830,AGGCGN,0.11823529005050659,False,False,True,-0.0017225071787834167,GCGCAGAGGCGCCAGGACAGGCCCCCAG
6,22,15,head_3,degradation,1.037109375,1.7995113134384155,2326,CTCACA,2.24609375,3606,GTCACA,2.541015625,3606,GTCACA,2.541015625,2326,CTCACA,5.603900717687793e-05,3606,GTCACA,3.12820375256706e-05,830,AGGCGN,0.11415707319974899,False,False,True,-0.0012396126985549927,GCGCAGAGGCGCCAGGACAGGCCCCCAG
6,23,15,head_3,degradation,1.0283203125,1.4154517650604248,2326,CTCACA,2.24609375,3606,GTCACA,2.53515625,3606,GTCACA,2.53515625,2326,CTCACA,5.4445554269477725e-05,3606,GTCACA,3.055956040043384e-05,830,AGGCGN,0.11613744497299194,False,False,True,-0.0014965832233428955,GCGCAGAGGCGCCAGGACAGGCCCCCAG
6,24,15,head_3,degradation,1.0283203125,1.5027880668640137,2326,CTCACA,2.248046875,3606,GTCACA,2.537109375,3606,GTCACA,2.537109375,2326,CTCACA,5.481354673975147e-05,3606,GTCACA,3.072949039051309e-05,830,AGGCGN,0.11654847860336304,False,False,True,-0.0014412477612495422,GCGCAGAGGCGCCAGGACAGGCCCCCAG
6,25,15,head_3,degradation,1.005859375,0.9079385995864868,2326,CTCACA,2.234375,3606,GTCACA,2.509765625,3606,GTCACA,2.509765625,2326,CTCACA,5.240277823759243e-05,3606,GTCACA,2.9667729904758744e-05,830,AGGCGN,0.12045526504516602,False,False,True,-0.0009879469871520996,GCGCAGAGGCGCCAGGACAGGCCCCCAG
6,26,15,head_3,degradation,0.99072265625,1.3041449785232544,2326,CTCACA,2.236328125,3606,GTCACA,2.501953125,3606,GTCACA,2.501953125,2326,CTCACA,5.3077506890986115e-05,3606,GTCACA,2.944393600046169e-05,830,AGGCGN,0.11842069774866104,False,False,True,-0.001046501100063324,GCGCAGAGGCGCCAGGACAGGCCCCCAG
6,27,15,head_3,degradation,0.9970703125,1.3960107564926147,2326,CTCACA,2.234375,3606,GTCACA,2.50390625,3606,GTCACA,2.50390625,2326,CTCACA,5.3788982768310234e-05,3606,GTCACA,2.9947077564429492e-05,830,AGGCGN,0.11735901981592178,False,False,True,-0.0013805776834487915,GCGCAGAGGCGCCAGGACAGGCCCCCAG
6,28,15,head_3,degradation,0.9873046875,1.328287124633789,2326,CTCACA,2.236328125,3606,GTCACA,2.5,3606,GTCACA,2.5,2326,CTCACA,5.3062460210639983e-05,3606,GTCACA,2.9374139558058232e-05,830,AGGCGN,0.11753395199775696,False,False,True,-0.0016071200370788574,GCGCAGAGGCGCCAGGACAGGCCCCCAG
6,29,15,head_3,degradation,0.99365234375,1.0279736518859863,2326,CTCACA,2.236328125,3606,GTCACA,2.50390625,3606,GTCACA,2.50390625,2326,CTCACA,5.234599666437134e-05,3606,GTCACA,2.933873111032881e-05,830,AGGCGN,0.11911720782518387,False,False,True,-0.002237260341644287,GCGCAGAGGCGCCAGGACAGGCCCCCAG
6,30,15,head_3,degradation,0.99072265625,0.8872302770614624,2326,CTCACA,2.23828125,3606,GTCACA,2.50390625,3606,GTCACA,2.50390625,2326,CTCACA,5.188991781324148e-05,3606,GTCACA,2.9201832148828544e-05,830,AGGCGN,0.11948016285896301,False,False,True,-0.0018155872821807861,GCGCAGAGGCGCCAGGACAGGCCCCCAG
6,31,15,head_3,degradation,1.0029296875,0.7184618711471558,2326,CTCACA,2.236328125,3606,GTCACA,2.509765625,3606,GTCACA,2.509765625,2326,CTCACA,5.185147892916575e-05,3606,GTCACA,2.95461286441423e-05,830,AGGCGN,0.11942990869283676,False,False,True,-0.0016710013151168823,GCGCAGAGGCGCCAGGACAGGCCCCCAG
6,32,15,head_3,degradation,1.005859375,0.6366335153579712,2326,CTCACA,2.234375,3606,GTCACA,2.509765625,3606,GTCACA,2.509765625,2326,CTCACA,5.1606009947136045e-05,3606,GTCACA,2.948623114207294e-05,830,AGGCGN,0.12014082819223404,False,False,True,-0.0007420629262924194,GCGCAGAGGCGCCAGGACAGGCCCCCAG
7,0,15,head_3,degradation,0.9970703125,1.1798748970031738,2326,CTCACA,2.23828125,3606,GTCACA,2.5078125,3606,GTCACA,2.5078125,2326,CTCACA,5.2949653763789684e-05,3606,GTCACA,2.959790435852483e-05,830,AGGCGN,0.11991705745458603,False,False,True,-5.7950615882873535e-05,GCGCAGAGGCGCCAGGACAGGCCCCCAG
7,1,15,head_3,degradation,0.9970703125,1.0803725719451904,2326,CTCACA,2.23828125,3606,GTCACA,2.5078125,3606,GTCACA,2.5078125,2326,CTCACA,5.265011350275017e-05,3606,GTCACA,2.9524017008952796e-05,830,AGGCGN,0.12016823887825012,False,False,True,-0.00027607381343841553,GCGCAGAGGCGCCAGGACAGGCCCCCAG
7,2,15,head_3,degradation,0.9970703125,1.0519272089004517,2326,CTCACA,2.23828125,3606,GTCACA,2.5078125,3606,GTCACA,2.5078125,2326,CTCACA,5.2491010137600824e-05,3606,GTCACA,2.9429422284010798e-05,830,AGGCGN,0.12016570568084717,False,False,True,-0.0006320849061012268,GCGCAGAGGCGCCAGGACAGGCCCCCAG
7,3,15,head_3,degradation,0.99365234375,1.0602232217788696,2326,CTCACA,2.234375,3606,GTCACA,2.501953125,3606,GTCACA,2.501953125,2326,CTCACA,5.247257649898529e-05,3606,GTCACA,2.939217483799439e-05,830,AGGCGN,0.12071884423494339,False,False,True,-0.00016067177057266235,GCGCAGAGGCGCCAGGACAGGCCCCCAG
7,4,15,head_3,degradation,0.99072265625,0.9910141825675964,2326,CTCACA,2.236328125,3606,GTCACA,2.501953125,3606,GTCACA,2.501953125,2326,CTCACA,5.194955156184733e-05,3606,GTCACA,2.9026103220530786e-05,830,AGGCGN,0.12044903635978699,False,False,True,-0.0009405314922332764,GCGCAGAGGCGCCAGGACAGGCCCCCAG
7,5,15,head_3,degradation,0.984375,0.9515714645385742,2326,CTCACA,2.2421875,3606,GTCACA,2.50390625,3606,GTCACA,2.50390625,2326,CTCACA,5.167905328562483e-05,3606,GTCACA,2.8845053748227656e-05,830,AGGCGN,0.12029438465833664,False,False,True,-0.0007070153951644897,GCGCAGAGGCGCCAGGACAGGCCCCCAG
7,6,15,head_3,degradation,0.9873046875,1.016703486442566,2326,CTCACA,2.24609375,3606,GTCACA,2.509765625,3606,GTCACA,2.509765625,2326,CTCACA,5.222694744588807e-05,3606,GTCACA,2.9245240511954762e-05,830,AGGCGN,0.1206202358007431,False,False,True,-0.0006680712103843689,GCGCAGAGGCGCCAGGACAGGCCCCCAG
7,7,15,head_3,degradation,0.9873046875,1.2276850938796997,2326,CTCACA,2.248046875,3606,GTCACA,2.51171875,3606,GTCACA,2.51171875,2326,CTCACA,5.308267645887099e-05,3606,GTCACA,2.962250255222898e-05,830,AGGCGN,0.12053796648979187,False,False,True,0.0005272179841995239,GCGCAGAGGCGCCAGGACAGGCCCCCAG
7,8,15,head_3,degradation,0.9970703125,1.0506871938705444,2326,CTCACA,2.23828125,3606,GTCACA,2.5078125,3606,GTCACA,2.5078125,2326,CTCACA,5.248256275081076e-05,3606,GTCACA,2.9423787054838613e-05,830,AGGCGN,0.11966335028409958,False,False,True,-0.00013447552919387817,GCGCAGAGGCGCCAGGACAGGCCCCCAG
7,9,15,head_3,degradation,0.9873046875,1.2728146314620972,2326,CTCACA,2.232421875,3606,GTCACA,2.49609375,3606,GTCACA,2.49609375,2326,CTCACA,5.278172830003314e-05,3606,GTCACA,2.9219208954600617e-05,830,AGGCGN,0.121426522731781,False,False,True,-0.00036948174238204956,GCGCAGAGGCGCCAGGACAGGCCCCCAG
7,10,15,head_3,degradation,0.96875,1.4666098356246948,2326,CTCACA,2.24609375,3606,GTCACA,2.498046875,3606,GTCACA,2.498046875,2326,CTCACA,5.308587060426362e-05,3606,GTCACA,2.9083859772072174e-05,830,AGGCGN,0.12316872924566269,False,False,True,-0.00014144927263259888,GCGCAGAGGCGCCAGGACAGGCCCCCAG
7,11,15,head_3,degradation,0.97802734375,1.5678455829620361,2326,CTCACA,2.23828125,3606,GTCACA,2.49609375,3606,GTCACA,2.49609375,2326,CTCACA,5.3710777137894183e-05,3606,GTCACA,2.9479182558134198e-05,830,AGGCGN,0.12293796986341476,False,False,True,0.00045959651470184326,GCGCAGAGGCGCCAGGACAGGCCCCCAG
7,12,15,head_3,degradation,0.99365234375,1.25690758228302,2326,CTCACA,2.23046875,3606,GTCACA,2.498046875,3606,GTCACA,2.498046875,2326,CTCACA,5.3324045438785106e-05,3606,GTCACA,2.9797600291203707e-05,830,AGGCGN,0.12276237457990646,False,False,True,0.0020687133073806763,GCGCAGAGGCGCCAGGACAGGCCCCCAG
7,13,15,head_3,degradation,1.0126953125,0.969776451587677,2326,CTCACA,2.220703125,3606,GTCACA,2.5,3606,GTCACA,2.5,2326,CTCACA,5.2689250878756866e-05,3606,GTCACA,2.981396573886741e-05,830,AGGCGN,0.12067852169275284,False,False,True,0.0014386102557182312,GCGCAGAGGCGCCAGGACAGGCCCCCAG
7,14,15,head_3,degradation,1.021484375,1.0362881422042847,2326,CTCACA,2.216796875,3606,GTCACA,2.501953125,3606,GTCACA,2.501953125,2326,CTCACA,5.3686293540522456e-05,3606,GTCACA,3.066017234232277e-05,830,AGGCGN,0.11839818954467773,False,False,True,0.003005571663379669,GCGCAGAGGCGCCAGGACAGGCCCCCAG
7,15,15,head_3,degradation,1.0185546875,1.161887288093567,2326,CTCACA,2.220703125,3606,GTCACA,2.50390625,3606,GTCACA,2.50390625,2326,CTCACA,5.410456651588902e-05,3606,GTCACA,3.0793609766988084e-05,830,AGGCGN,0.11574149876832962,False,False,True,0.0025162622332572937,GCGCAGAGGCGCCAGGACAGGCCCCCAG
7,16,15,head_3,degradation,1.0283203125,0.9214866757392883,2326,CTCACA,2.21875,3606,GTCACA,2.5078125,3606,GTCACA,2.5078125,2326,CTCACA,5.375833643483929e-05,3606,GTCACA,3.0992563551990315e-05,830,AGGCGN,0.1156553253531456,False,False,True,0.0032594501972198486,GCGCAGAGGCGCCAGGACAGGCCCCCAG
7,17,15,head_3,degradation,1.005859375,0.544071614742279,2326,CTCACA,2.220703125,3606,GTCACA,2.49609375,3606,GTCACA,2.49609375,2326,CTCACA,5.143287489772774e-05,3606,GTCACA,2.9523009288823232e-05,830,AGGCGN,0.1198473572731018,False,False,True,0.0027529075741767883,GCGCAGAGGCGCCAGGACAGGCCCCCAG
7,18,15,head_3,degradation,1.015625,1.0369458198547363,2326,CTCACA,2.22265625,3606,GTCACA,2.50390625,3606,GTCACA,2.50390625,2326,CTCACA,5.270874680718407e-05,3606,GTCACA,2.9681134037673473e-05,830,AGGCGN,0.11642123013734818,False,False,True,0.0010571926832199097,GCGCAGAGGCGCCAGGACAGGCCCCCAG
7,19,15,head_3,degradation,1.0126953125,0.9616737961769104,2326,CTCACA,2.224609375,3606,GTCACA,2.50390625,3606,GTCACA,2.50390625,2326,CTCACA,5.228109148447402e-05,3606,GTCACA,2.9424181775539182e-05,830,AGGCGN,0.11781691014766693,False,False,True,0.0006636828184127808,GCGCAGAGGCGCCAGGACAGGCCCCCAG
7,20,15,head_3,degradation,1.0185546875,1.3178166151046753,2326,CTCACA,2.23828125,3606,GTCACA,2.521484375,3606,GTCACA,2.521484375,2326,CTCACA,5.341867290553637e-05,3606,GTCACA,2.9754097340628505e-05,830,AGGCGN,0.11584524810314178,False,False,True,-0.001696079969406128,GCGCAGAGGCGCCAGGACAGGCCCCCAG
7,21,15,head_3,degradation,1.0029296875,1.001853585243225,2326,CTCACA,2.236328125,3606,GTCACA,2.509765625,3606,GTCACA,2.509765625,2326,CTCACA,5.227838846622035e-05,3606,GTCACA,2.9330358302104287e-05,830,AGGCGN,0.12008313834667206,False,False,True,-0.0016888827085494995,GCGCAGAGGCGCCAGGACAGGCCCCCAG
7,22,15,head_3,degradation,1.0498046875,1.5875368118286133,2326,CTCACA,2.234375,3606,GTCACA,2.537109375,3606,GTCACA,2.537109375,2326,CTCACA,5.488446549861692e-05,3606,GTCACA,3.060821472899988e-05,830,AGGCGN,0.11289676278829575,False,False,True,-0.0008513703942298889,GCGCAGAGGCGCCAGGACAGGCCCCCAG
7,23,15,head_3,degradation,1.046875,1.476393699645996,2326,CTCACA,2.23046875,3606,GTCACA,2.53125,3606,GTCACA,2.53125,2326,CTCACA,5.451840115711093e-05,3606,GTCACA,3.0494202292175032e-05,830,AGGCGN,0.11315260827541351,False,False,True,-0.00036895275115966797,GCGCAGAGGCGCCAGGACAGGCCCCCAG
7,24,15,head_3,degradation,1.0400390625,1.6396044492721558,2326,CTCACA,2.234375,3606,GTCACA,2.53125,3606,GTCACA,2.53125,2326,CTCACA,5.486710506374948e-05,3606,GTCACA,3.0472774597001262e-05,830,AGGCGN,0.11274400353431702,False,False,True,-0.0006361156702041626,GCGCAGAGGCGCCAGGACAGGCCCCCAG
7,25,15,head_3,degradation,1.005859375,1.1302769184112549,2326,CTCACA,2.234375,3606,GTCACA,2.509765625,3606,GTCACA,2.509765625,2326,CTCACA,5.304521619109437e-05,3606,GTCACA,2.9805945814587176e-05,830,AGGCGN,0.11874478310346603,False,False,True,-0.0005036443471908569,GCGCAGAGGCGCCAGGACAGGCCCCCAG
7,26,15,head_3,degradation,1.009765625,0.8805921673774719,2326,CTCACA,2.23046875,3606,GTCACA,2.5078125,3606,GTCACA,2.5078125,2326,CTCACA,5.2324452553875744e-05,3606,GTCACA,2.9651420845766552e-05,830,AGGCGN,0.12005148828029633,False,False,True,-0.0001769140362739563,GCGCAGAGGCGCCAGGACAGGCCCCCAG
7,27,15,head_3,degradation,1.0029296875,1.0137566328048706,2326,CTCACA,2.234375,3606,GTCACA,2.5078125,3606,GTCACA,2.5078125,2326,CTCACA,5.276389856589958e-05,3606,GTCACA,2.9788874599034898e-05,830,AGGCGN,0.12000058591365814,False,False,True,0.0003268197178840637,GCGCAGAGGCGCCAGGACAGGCCCCCAG
7,28,15,head_3,degradation,1.0126953125,0.8581922054290771,2326,CTCACA,2.228515625,3606,GTCACA,2.5078125,3606,GTCACA,2.5078125,2326,CTCACA,5.2297007641755044e-05,3606,GTCACA,2.9674774850718677e-05,830,AGGCGN,0.12015524506568909,False,False,True,-0.0003543868660926819,GCGCAGAGGCGCCAGGACAGGCCCCCAG
7,29,15,head_3,degradation,1.0126953125,1.1810981035232544,2326,CTCACA,2.228515625,3606,GTCACA,2.5078125,3606,GTCACA,2.5078125,2326,CTCACA,5.313179281074554e-05,3606,GTCACA,2.9777269446640275e-05,830,AGGCGN,0.11856717616319656,False,False,True,-0.00037322938442230225,GCGCAGAGGCGCCAGGACAGGCCCCCAG
7,30,15,head_3,degradation,1.009765625,1.2048704624176025,2326,CTCACA,2.224609375,3606,GTCACA,2.501953125,3606,GTCACA,2.501953125,2326,CTCACA,5.3073028539074585e-05,3606,GTCACA,2.966459396702703e-05,830,AGGCGN,0.11867842078208923,False,False,True,-0.0008749514818191528,GCGCAGAGGCGCCAGGACAGGCCCCCAG
7,31,15,head_3,degradation,1.0029296875,1.2159545421600342,2326,CTCACA,2.234375,3606,GTCACA,2.5078125,3606,GTCACA,2.5078125,2326,CTCACA,5.311563654686324e-05,3606,GTCACA,2.968206536024809e-05,830,AGGCGN,0.1196979507803917,False,False,True,-0.000420399010181427,GCGCAGAGGCGCCAGGACAGGCCCCCAG
7,32,15,head_3,degradation,1.0126953125,1.015725016593933,2326,CTCACA,2.232421875,3606,GTCACA,2.51171875,3606,GTCACA,2.51171875,2326,CTCACA,5.3011459385743365e-05,3606,GTCACA,3.003197161888238e-05,830,AGGCGN,0.12019635736942291,False,False,True,0.00029931217432022095,GCGCAGAGGCGCCAGGACAGGCCCCCAG
8,0,15,head_3,degradation,1.0029296875,1.0171726942062378,2326,CTCACA,2.23046875,3606,GTCACA,2.50390625,3606,GTCACA,2.50390625,2326,CTCACA,5.261956175672822e-05,3606,GTCACA,2.9636790713993832e-05,830,AGGCGN,0.12002704292535782,False,False,True,0.0007843449711799622,GCGCAGAGGCGCCAGGACAGGCCCCCAG
8,1,15,head_3,degradation,1.0029296875,1.0284637212753296,2326,CTCACA,2.23046875,3606,GTCACA,2.50390625,3606,GTCACA,2.50390625,2326,CTCACA,5.2554267313098535e-05,3606,GTCACA,2.9545890356530435e-05,830,AGGCGN,0.11987258493900299,False,False,True,0.0007285177707672119,GCGCAGAGGCGCCAGGACAGGCCCCCAG
8,2,15,head_3,degradation,0.99365234375,1.0910972356796265,2326,CTCACA,2.234375,3606,GTCACA,2.501953125,3606,GTCACA,2.501953125,2326,CTCACA,5.242838233243674e-05,3606,GTCACA,2.9277964131324552e-05,830,AGGCGN,0.12087323516607285,False,False,True,9.522587060928345e-05,GCGCAGAGGCGCCAGGACAGGCCCCCAG
8,3,15,head_3,degradation,0.99072265625,1.0907258987426758,2326,CTCACA,2.2421875,3606,GTCACA,2.5078125,3606,GTCACA,2.5078125,2326,CTCACA,5.250449976301752e-05,3606,GTCACA,2.9354923753999174e-05,830,AGGCGN,0.12069648504257202,False,False,True,-0.0012276992201805115,GCGCAGAGGCGCCAGGACAGGCCCCCAG
8,4,15,head_3,degradation,0.9873046875,1.0518478155136108,2326,CTCACA,2.248046875,3606,GTCACA,2.51171875,3606,GTCACA,2.51171875,2326,CTCACA,5.25478899362497e-05,3606,GTCACA,2.9486482162610628e-05,830,AGGCGN,0.1201198548078537,False,False,True,-0.002880595624446869,GCGCAGAGGCGCCAGGACAGGCCCCCAG
8,5,15,head_3,degradation,0.97216796875,1.1777421236038208,2326,CTCACA,2.25390625,3606,GTCACA,2.5078125,3606,GTCACA,2.5078125,2326,CTCACA,5.278378012008034e-05,3606,GTCACA,2.943686740763951e-05,830,AGGCGN,0.11982987076044083,False,False,True,-0.0031350702047348022,GCGCAGAGGCGCCAGGACAGGCCCCCAG
8,6,15,head_3,degradation,0.97216796875,1.2242794036865234,2326,CTCACA,2.248046875,3606,GTCACA,2.501953125,3606,GTCACA,2.501953125,2326,CTCACA,5.280640471028164e-05,3606,GTCACA,2.9353954232647084e-05,830,AGGCGN,0.11898643523454666,False,False,True,-0.001836925745010376,GCGCAGAGGCGCCAGGACAGGCCCCCAG
8,7,15,head_3,degradation,0.984375,1.0700287818908691,2326,CTCACA,2.23046875,3606,GTCACA,2.4921875,3606,GTCACA,2.4921875,2326,CTCACA,5.191592208575457e-05,3606,GTCACA,2.8813283279305324e-05,830,AGGCGN,0.12135030329227448,False,False,True,7.123500108718872e-05,GCGCAGAGGCGCCAGGACAGGCCCCCAG
8,8,15,head_3,degradation,0.99072265625,1.0730078220367432,2326,CTCACA,2.228515625,3606,GTCACA,2.494140625,3606,GTCACA,2.494140625,2326,CTCACA,5.2578310715034604e-05,3606,GTCACA,2.9468916181940585e-05,830,AGGCGN,0.11924317479133606,False,False,True,0.0018857792019844055,GCGCAGAGGCGCCAGGACAGGCCCCCAG
8,9,15,head_3,degradation,0.9970703125,0.9630012512207031,2326,CTCACA,2.23828125,3606,GTCACA,2.5078125,3606,GTCACA,2.5078125,2326,CTCACA,5.235482603893615e-05,3606,GTCACA,2.949490590253845e-05,830,AGGCGN,0.1194084882736206,False,False,True,0.0004618838429450989,GCGCAGAGGCGCCAGGACAGGCCCCCAG
8,10,15,head_3,degradation,1.009765625,1.0229493379592896,2326,CTCACA,2.240234375,3606,GTCACA,2.517578125,3606,GTCACA,2.517578125,2326,CTCACA,5.3173363994574174e-05,3606,GTCACA,3.0177492590155452e-05,830,AGGCGN,0.11498460173606873,False,False,True,0.0003290697932243347,GCGCAGAGGCGCCAGGACAGGCCCCCAG
8,11,15,head_3,degradation,1.015625,0.8512645959854126,2326,CTCACA,2.234375,3606,GTCACA,2.515625,3606,GTCACA,2.515625,2326,CTCACA,5.2219962526578456e-05,3606,GTCACA,2.9613440347020514e-05,830,AGGCGN,0.11722750961780548,False,False,True,-0.001735389232635498,GCGCAGAGGCGCCAGGACAGGCCCCCAG
8,12,15,head_3,degradation,1.009765625,0.869661271572113,2326,CTCACA,2.21875,3606,GTCACA,2.49609375,3606,GTCACA,2.49609375,2326,CTCACA,5.207227877690457e-05,3606,GTCACA,2.94240362563869e-05,830,AGGCGN,0.12033085525035858,False,False,True,-0.001263841986656189,GCGCAGAGGCGCCAGGACAGGCCCCCAG
8,13,15,head_3,degradation,0.9970703125,1.1734390258789062,2326,CTCACA,2.2265625,3606,GTCACA,2.49609375,3606,GTCACA,2.49609375,2326,CTCACA,5.290019907988608e-05,3606,GTCACA,2.9563045245595276e-05,830,AGGCGN,0.12358919531106949,False,False,True,-0.001981385052204132,GCGCAGAGGCGCCAGGACAGGCCCCCAG
8,14,15,head_3,degradation,0.99072265625,1.3635308742523193,2326,CTCACA,2.236328125,3606,GTCACA,2.501953125,3606,GTCACA,2.501953125,2326,CTCACA,5.3611540351994336e-05,3606,GTCACA,2.984329330502078e-05,830,AGGCGN,0.12232380360364914,False,False,True,-0.0006653666496276855,GCGCAGAGGCGCCAGGACAGGCCCCCAG
8,15,15,head_3,degradation,0.99072265625,1.277597427368164,2326,CTCACA,2.251953125,3606,GTCACA,2.517578125,3606,GTCACA,2.517578125,2326,CTCACA,5.338604751159437e-05,3606,GTCACA,2.9812681532348506e-05,830,AGGCGN,0.1205776110291481,False,False,True,-0.002151869237422943,GCGCAGAGGCGCCAGGACAGGCCCCCAG
8,16,15,head_3,degradation,0.984375,1.0772227048873901,2326,CTCACA,2.25,3606,GTCACA,2.51171875,3606,GTCACA,2.51171875,2326,CTCACA,5.2754123316844925e-05,3606,GTCACA,2.9635169994435273e-05,830,AGGCGN,0.11944680660963058,False,False,True,-0.0009156167507171631,GCGCAGAGGCGCCAGGACAGGCCCCCAG
8,17,15,head_3,degradation,0.97509765625,1.0054734945297241,2326,CTCACA,2.25390625,3606,GTCACA,2.509765625,3606,GTCACA,2.509765625,2326,CTCACA,5.2166036766720936e-05,3606,GTCACA,2.920979750342667e-05,830,AGGCGN,0.12056043744087219,False,False,True,-0.00252436101436615,GCGCAGAGGCGCCAGGACAGGCCCCCAG
8,18,15,head_3,degradation,0.96875,0.7848291397094727,2326,CTCACA,2.23828125,3606,GTCACA,2.490234375,3606,GTCACA,2.490234375,2326,CTCACA,5.0759863370331004e-05,3606,GTCACA,2.830400444508996e-05,830,AGGCGN,0.12038183212280273,False,False,True,-0.0010463148355484009,GCGCAGAGGCGCCAGGACAGGCCCCCAG
8,19,15,head_3,degradation,0.95654296875,1.0138792991638184,2326,CTCACA,2.251953125,3606,GTCACA,2.49609375,3606,GTCACA,2.49609375,2326,CTCACA,5.119412162457593e-05,3606,GTCACA,2.8218819352332503e-05,830,AGGCGN,0.1219726949930191,False,False,True,-0.0014266371726989746,GCGCAGAGGCGCCAGGACAGGCCCCCAG
8,20,15,head_3,degradation,0.95947265625,1.302505612373352,2326,CTCACA,2.251953125,3606,GTCACA,2.498046875,3606,GTCACA,2.498046875,2326,CTCACA,5.2078412409173325e-05,3606,GTCACA,2.8448559532989748e-05,830,AGGCGN,0.12391725927591324,False,False,True,0.001119963824748993,GCGCAGAGGCGCCAGGACAGGCCCCCAG
8,21,15,head_3,degradation,0.96240234375,1.7090837955474854,2326,CTCACA,2.255859375,3606,GTCACA,2.50390625,3606,GTCACA,2.50390625,2326,CTCACA,5.362944648368284e-05,3606,GTCACA,2.9077549697831273e-05,830,AGGCGN,0.12188204377889633,False,False,True,0.0016417130827903748,GCGCAGAGGCGCCAGGACAGGCCCCCAG
8,22,15,head_3,degradation,0.97802734375,1.2892614603042603,2326,CTCACA,2.25,3606,GTCACA,2.5078125,3606,GTCACA,2.5078125,2326,CTCACA,5.226898065302521e-05,3606,GTCACA,2.8669162929872982e-05,830,AGGCGN,0.12309825420379639,False,False,True,-0.00013185292482376099,GCGCAGAGGCGCCAGGACAGGCCCCCAG
8,23,15,head_3,degradation,0.9970703125,1.0771955251693726,2326,CTCACA,2.23828125,3606,GTCACA,2.5078125,3606,GTCACA,2.5078125,2326,CTCACA,5.21072288393043e-05,3606,GTCACA,2.8988337362534367e-05,830,AGGCGN,0.12016201764345169,False,False,True,-0.0015154778957366943,GCGCAGAGGCGCCAGGACAGGCCCCCAG
8,24,15,head_3,degradation,1.005859375,1.045670986175537,2326,CTCACA,2.240234375,3606,GTCACA,2.515625,3606,GTCACA,2.515625,2326,CTCACA,5.25139294040855e-05,3606,GTCACA,2.9466529667843133e-05,830,AGGCGN,0.1185929998755455,False,False,True,-0.0013561323285102844,GCGCAGAGGCGCCAGGACAGGCCCCCAG
8,25,15,head_3,degradation,0.9970703125,1.1563640832901,2326,CTCACA,2.240234375,3606,GTCACA,2.509765625,3606,GTCACA,2.509765625,2326,CTCACA,5.2874773246003315e-05,3606,GTCACA,2.9576342058135197e-05,830,AGGCGN,0.11848422884941101,False,False,True,-0.001017346978187561,GCGCAGAGGCGCCAGGACAGGCCCCCAG
8,26,15,head_3,degradation,1.0,0.8935980200767517,2326,CTCACA,2.23828125,3606,GTCACA,2.509765625,3606,GTCACA,2.509765625,2326,CTCACA,5.230285387369804e-05,3606,GTCACA,2.9600327252410352e-05,830,AGGCGN,0.12101881206035614,False,False,True,-0.0003570541739463806,GCGCAGAGGCGCCAGGACAGGCCCCCAG
8,27,15,head_3,degradation,0.99365234375,0.8259955644607544,2326,CTCACA,2.240234375,3606,GTCACA,2.5078125,3606,GTCACA,2.5078125,2326,CTCACA,5.196934944251552e-05,3606,GTCACA,2.942013270512689e-05,830,AGGCGN,0.12180373072624207,False,False,True,0.00031378865242004395,GCGCAGAGGCGCCAGGACAGGCCCCCAG
8,28,15,head_3,degradation,0.984375,0.802410900592804,2326,CTCACA,2.2421875,3606,GTCACA,2.50390625,3606,GTCACA,2.50390625,2326,CTCACA,5.159404099686071e-05,3606,GTCACA,2.9098309823893942e-05,830,AGGCGN,0.12304580956697464,False,False,True,0.00011121481657028198,GCGCAGAGGCGCCAGGACAGGCCCCCAG
8,29,15,head_3,degradation,0.9814453125,0.8230984210968018,2326,CTCACA,2.244140625,3606,GTCACA,2.50390625,3606,GTCACA,2.50390625,2326,CTCACA,5.149572461959906e-05,3606,GTCACA,2.8953078071936034e-05,830,AGGCGN,0.12316033989191055,False,False,True,-0.00011689215898513794,GCGCAGAGGCGCCAGGACAGGCCCCCAG
8,30,15,head_3,degradation,0.984375,0.8164250254631042,2326,CTCACA,2.23828125,3606,GTCACA,2.5,3606,GTCACA,2.5,2326,CTCACA,5.171386510482989e-05,3606,GTCACA,2.918635254900437e-05,830,AGGCGN,0.12365951389074326,False,False,True,-0.00033310800790786743,GCGCAGAGGCGCCAGGACAGGCCCCCAG
8,31,15,head_3,degradation,0.9814453125,0.878769040107727,2326,CTCACA,2.236328125,3606,GTCACA,2.49609375,3606,GTCACA,2.49609375,2326,CTCACA,5.193786637391895e-05,3606,GTCACA,2.9268969228724018e-05,830,AGGCGN,0.12341882288455963,False,False,True,0.0011112242937088013,GCGCAGAGGCGCCAGGACAGGCCCCCAG
8,32,15,head_3,degradation,0.984375,0.9058531522750854,2326,CTCACA,2.234375,3606,GTCACA,2.49609375,3606,GTCACA,2.49609375,2326,CTCACA,5.198241342441179e-05,3606,GTCACA,2.9252094464027323e-05,830,AGGCGN,0.12289676070213318,False,False,True,0.0012244954705238342,GCGCAGAGGCGCCAGGACAGGCCCCCAG
9,0,15,head_3,degradation,1.0,1.1649152040481567,2326,CTCACA,2.23828125,3606,GTCACA,2.509765625,3606,GTCACA,2.509765625,2326,CTCACA,5.323488949215971e-05,3606,GTCACA,2.991706605826039e-05,830,AGGCGN,0.11972170323133469,False,False,True,-0.00032111257314682007,GCGCAGAGGCGCCAGGACAGGCCCCCAG
9,1,15,head_3,degradation,1.0029296875,1.163913369178772,2326,CTCACA,2.23828125,3606,GTCACA,2.51171875,3606,GTCACA,2.51171875,2326,CTCACA,5.3275587561074644e-05,3606,GTCACA,2.9960036044940352e-05,830,AGGCGN,0.1197693720459938,False,False,True,-0.00015704333782196045,GCGCAGAGGCGCCAGGACAGGCCCCCAG
9,2,15,head_3,degradation,1.0029296875,1.0742558240890503,2326,CTCACA,2.236328125,3606,GTCACA,2.509765625,3606,GTCACA,2.509765625,2326,CTCACA,5.301292912918143e-05,3606,GTCACA,2.9900704248575494e-05,830,AGGCGN,0.11990293115377426,False,False,True,5.4813921451568604e-05,GCGCAGAGGCGCCAGGACAGGCCCCCAG
9,3,15,head_3,degradation,1.005859375,0.9912804961204529,2326,CTCACA,2.234375,3606,GTCACA,2.509765625,3606,GTCACA,2.509765625,2326,CTCACA,5.278582466416992e-05,3606,GTCACA,2.9861772418371402e-05,830,AGGCGN,0.11975773423910141,False,False,True,0.0001274198293685913,GCGCAGAGGCGCCAGGACAGGCCCCCAG
9,4,15,head_3,degradation,1.0126953125,0.942109227180481,2326,CTCACA,2.23046875,3606,GTCACA,2.509765625,3606,GTCACA,2.509765625,2326,CTCACA,5.277170203044079e-05,3606,GTCACA,2.9959161111037247e-05,830,AGGCGN,0.11921161413192749,False,False,True,-0.00029081106185913086,GCGCAGAGGCGCCAGGACAGGCCCCCAG
9,5,15,head_3,degradation,1.0126953125,1.0728505849838257,2326,CTCACA,2.23046875,3606,GTCACA,2.509765625,3606,GTCACA,2.509765625,2326,CTCACA,5.327416874933988e-05,3606,GTCACA,3.0165130738168955e-05,830,AGGCGN,0.1180155873298645,False,False,True,5.543231964111328e-05,GCGCAGAGGCGCCAGGACAGGCCCCCAG
9,6,15,head_3,degradation,1.021484375,0.9332541227340698,2326,CTCACA,2.2265625,3606,GTCACA,2.51171875,3606,GTCACA,2.51171875,2326,CTCACA,5.3036128520034254e-05,3606,GTCACA,3.0243669243645854e-05,830,AGGCGN,0.11779332906007767,False,False,True,0.0007053166627883911,GCGCAGAGGCGCCAGGACAGGCCCCCAG
9,7,15,head_3,degradation,1.03125,1.0277987718582153,2326,CTCACA,2.224609375,3606,GTCACA,2.515625,3606,GTCACA,2.515625,2326,CTCACA,5.361854346119799e-05,3606,GTCACA,3.061167444684543e-05,830,AGGCGN,0.11723190546035767,False,False,True,0.00047097355127334595,GCGCAGAGGCGCCAGGACAGGCCCCCAG
9,8,15,head_3,degradation,1.037109375,0.835371196269989,2326,CTCACA,2.220703125,3606,GTCACA,2.515625,3606,GTCACA,2.515625,2326,CTCACA,5.313198562362231e-05,3606,GTCACA,3.056150671909563e-05,830,AGGCGN,0.11832179874181747,False,False,True,2.205371856689453e-05,GCGCAGAGGCGCCAGGACAGGCCCCCAG
9,9,15,head_3,degradation,1.021484375,0.946948230266571,2326,CTCACA,2.2265625,3606,GTCACA,2.51171875,3606,GTCACA,2.51171875,2326,CTCACA,5.323020741343498e-05,3606,GTCACA,3.0406692530959845e-05,830,AGGCGN,0.11944659799337387,False,False,True,-2.2366642951965332e-05,GCGCAGAGGCGCCAGGACAGGCCCCCAG
9,10,15,head_3,degradation,0.9970703125,0.9270210862159729,2326,CTCACA,2.234375,3606,GTCACA,2.50390625,3606,GTCACA,2.50390625,2326,CTCACA,5.2271952881710604e-05,3606,GTCACA,2.949362897197716e-05,830,AGGCGN,0.12113013118505478,False,False,True,-0.0005697980523109436,GCGCAGAGGCGCCAGGACAGGCCCCCAG
9,11,15,head_3,degradation,0.9970703125,0.9518898725509644,2326,CTCACA,2.234375,3606,GTCACA,2.50390625,3606,GTCACA,2.50390625,2326,CTCACA,5.249678360996768e-05,3606,GTCACA,2.9662061933777295e-05,830,AGGCGN,0.12023210525512695,False,False,True,-0.00047860294580459595,GCGCAGAGGCGCCAGGACAGGCCCCCAG
9,12,15,head_3,degradation,1.009765625,0.8760836124420166,2326,CTCACA,2.224609375,3606,GTCACA,2.501953125,3606,GTCACA,2.501953125,2326,CTCACA,5.2255014452384785e-05,3606,GTCACA,2.9592207283712924e-05,830,AGGCGN,0.11913351714611053,False,False,True,0.00013390928506851196,GCGCAGAGGCGCCAGGACAGGCCCCCAG
9,13,15,head_3,degradation,1.0185546875,0.7224289774894714,2326,CTCACA,2.216796875,3606,GTCACA,2.5,3606,GTCACA,2.5,2326,CTCACA,5.17158696311526e-05,3606,GTCACA,2.940152262453921e-05,830,AGGCGN,0.11951257288455963,False,False,True,0.00015673041343688965,GCGCAGAGGCGCCAGGACAGGCCCCCAG
9,14,15,head_3,degradation,1.021484375,0.7790629267692566,2326,CTCACA,2.21484375,3606,GTCACA,2.5,3606,GTCACA,2.5,2326,CTCACA,5.208258153288625e-05,3606,GTCACA,2.9639799322467297e-05,830,AGGCGN,0.11947274208068848,False,False,True,-0.00013743340969085693,GCGCAGAGGCGCCAGGACAGGCCCCCAG
9,15,15,head_3,degradation,1.009765625,0.8894271850585938,2326,CTCACA,2.22265625,3606,GTCACA,2.5,3606,GTCACA,2.5,2326,CTCACA,5.2077375585213304e-05,3606,GTCACA,2.9384307708824053e-05,830,AGGCGN,0.12040141969919205,False,False,True,-0.0015717223286628723,GCGCAGAGGCGCCAGGACAGGCCCCCAG
9,16,15,head_3,degradation,1.0029296875,1.0538794994354248,2326,CTCACA,2.228515625,3606,GTCACA,2.501953125,3606,GTCACA,2.501953125,2326,CTCACA,5.277898526401259e-05,3606,GTCACA,2.9712969990214333e-05,830,AGGCGN,0.11959430575370789,False,False,True,-0.0008902847766876221,GCGCAGAGGCGCCAGGACAGGCCCCCAG
9,17,15,head_3,degradation,1.0029296875,0.8875069618225098,2326,CTCACA,2.23046875,3606,GTCACA,2.50390625,3606,GTCACA,2.50390625,2326,CTCACA,5.233557749306783e-05,3606,GTCACA,2.964686427731067e-05,830,AGGCGN,0.1198701560497284,False,False,True,-0.000939294695854187,GCGCAGAGGCGCCAGGACAGGCCCCCAG
9,18,15,head_3,degradation,1.005859375,0.8153389692306519,2326,CTCACA,2.234375,3606,GTCACA,2.509765625,3606,GTCACA,2.509765625,2326,CTCACA,5.237797449808568e-05,3606,GTCACA,2.9852924853912555e-05,830,AGGCGN,0.1188630759716034,False,False,True,-0.00047860294580459595,GCGCAGAGGCGCCAGGACAGGCCCCCAG
9,19,15,head_3,degradation,0.99072265625,0.8890141248703003,2326,CTCACA,2.23828125,3606,GTCACA,2.50390625,3606,GTCACA,2.50390625,2326,CTCACA,5.2052619139431044e-05,3606,GTCACA,2.936048804258462e-05,830,AGGCGN,0.1197378858923912,False,False,True,-0.0011583119630813599,GCGCAGAGGCGCCAGGACAGGCCCCCAG
9,20,15,head_3,degradation,0.9970703125,0.6941890120506287,2326,CTCACA,2.23828125,3606,GTCACA,2.5078125,3606,GTCACA,2.5078125,2326,CTCACA,5.1333714509382844e-05,3606,GTCACA,2.9083410481689498e-05,830,AGGCGN,0.12084724009037018,False,False,True,-0.0010145977139472961,GCGCAGAGGCGCCAGGACAGGCCCCCAG
9,21,15,head_3,degradation,0.99365234375,0.8218944668769836,2326,CTCACA,2.236328125,3606,GTCACA,2.50390625,3606,GTCACA,2.50390625,2326,CTCACA,5.168312054593116e-05,3606,GTCACA,2.9143204301362857e-05,830,AGGCGN,0.12126775085926056,False,False,True,-0.0005647018551826477,GCGCAGAGGCGCCAGGACAGGCCCCCAG
9,22,15,head_3,degradation,1.0029296875,0.9319643974304199,2326,CTCACA,2.23046875,3606,GTCACA,2.50390625,3606,GTCACA,2.50390625,2326,CTCACA,5.216288263909519e-05,3606,GTCACA,2.937334829766769e-05,830,AGGCGN,0.12010698765516281,False,False,True,-0.0008837208151817322,GCGCAGAGGCGCCAGGACAGGCCCCCAG
9,23,15,head_3,degradation,1.005859375,1.0191154479980469,2326,CTCACA,2.232421875,3606,GTCACA,2.5078125,3606,GTCACA,2.5078125,2326,CTCACA,5.26897820236627e-05,3606,GTCACA,2.970260538859293e-05,830,AGGCGN,0.12013774365186691,False,False,True,-0.0004975199699401855,GCGCAGAGGCGCCAGGACAGGCCCCCAG
9,24,15,head_3,degradation,0.9970703125,0.9384853839874268,2326,CTCACA,2.234375,3606,GTCACA,2.50390625,3606,GTCACA,2.50390625,2326,CTCACA,5.209439041209407e-05,3606,GTCACA,2.9290067686815746e-05,830,AGGCGN,0.12064676731824875,False,False,True,-0.0007725730538368225,GCGCAGAGGCGCCAGGACAGGCCCCCAG
9,25,15,head_3,degradation,1.005859375,0.8441115617752075,2326,CTCACA,2.232421875,3606,GTCACA,2.5078125,3606,GTCACA,2.5078125,2326,CTCACA,5.2201274229446426e-05,3606,GTCACA,2.9610973797389306e-05,830,AGGCGN,0.12082058936357498,False,False,True,-0.00037210434675216675,GCGCAGAGGCGCCAGGACAGGCCCCCAG
9,26,15,head_3,degradation,1.009765625,0.9653007984161377,2326,CTCACA,2.23046875,3606,GTCACA,2.5078125,3606,GTCACA,2.5078125,2326,CTCACA,5.2565661462722346e-05,3606,GTCACA,2.9700526283704676e-05,830,AGGCGN,0.12065472453832626,False,False,True,-5.634874105453491e-05,GCGCAGAGGCGCCAGGACAGGCCCCCAG
9,27,15,head_3,degradation,1.009765625,1.0930311679840088,2326,CTCACA,2.23046875,3606,GTCACA,2.5078125,3606,GTCACA,2.5078125,2326,CTCACA,5.313467772793956e-05,3606,GTCACA,2.9979873943375424e-05,830,AGGCGN,0.11983408778905869,False,False,True,-0.00027249008417129517,GCGCAGAGGCGCCAGGACAGGCCCCCAG
9,28,15,head_3,degradation,1.0126953125,0.9901439547538757,2326,CTCACA,2.228515625,3606,GTCACA,2.5078125,3606,GTCACA,2.5078125,2326,CTCACA,5.2877661801176146e-05,3606,GTCACA,2.995618706336245e-05,830,AGGCGN,0.12044117599725723,False,False,True,-0.00016582012176513672,GCGCAGAGGCGCCAGGACAGGCCCCCAG
9,29,15,head_3,degradation,1.005859375,0.9829235076904297,2326,CTCACA,2.234375,3606,GTCACA,2.509765625,3606,GTCACA,2.509765625,2326,CTCACA,5.277260788716376e-05,3606,GTCACA,2.9867507691960782e-05,830,AGGCGN,0.12132033705711365,False,False,True,-0.00026550889015197754,GCGCAGAGGCGCCAGGACAGGCCCCCAG
9,30,15,head_3,degradation,1.0,1.022760033607483,2326,CTCACA,2.23828125,3606,GTCACA,2.509765625,3606,GTCACA,2.509765625,2326,CTCACA,5.291130946716294e-05,3606,GTCACA,2.9915867344243452e-05,830,AGGCGN,0.12135192006826401,False,False,True,0.00021854043006896973,GCGCAGAGGCGCCAGGACAGGCCCCCAG
9,31,15,head_3,degradation,0.9970703125,0.8423324823379517,2326,CTCACA,2.234375,3606,GTCACA,2.50390625,3606,GTCACA,2.50390625,2326,CTCACA,5.1967919716844335e-05,3606,GTCACA,2.938165380328428e-05,830,AGGCGN,0.121718630194664,False,False,True,0.00027380138635635376,GCGCAGAGGCGCCAGGACAGGCCCCCAG
9,32,15,head_3,degradation,0.9970703125,0.7645659446716309,2326,CTCACA,2.234375,3606,GTCACA,2.50390625,3606,GTCACA,2.50390625,2326,CTCACA,5.162677189218812e-05,3606,GTCACA,2.921686609624885e-05,830,AGGCGN,0.12191805243492126,False,False,True,0.0008944720029830933,GCGCAGAGGCGCCAGGACAGGCCCCCAG
10,0,15,head_3,degradation,1.005859375,1.0327099561691284,2326,CTCACA,2.234375,3606,GTCACA,2.509765625,3606,GTCACA,2.509765625,2326,CTCACA,5.290131230140105e-05,3606,GTCACA,2.9883305614930578e-05,830,AGGCGN,0.11986971646547318,False,False,True,0.0006798878312110901,GCGCAGAGGCGCCAGGACAGGCCCCCAG
10,1,15,head_3,degradation,1.009765625,1.0059459209442139,2326,CTCACA,2.234375,3606,GTCACA,2.51171875,3606,GTCACA,2.51171875,2326,CTCACA,5.284980215947144e-05,3606,GTCACA,2.9892491511418484e-05,830,AGGCGN,0.12019050121307373,False,False,True,0.0007774382829666138,GCGCAGAGGCGCCAGGACAGGCCCCCAG
10,2,15,head_3,degradation,1.005859375,0.9685452580451965,2326,CTCACA,2.234375,3606,GTCACA,2.509765625,3606,GTCACA,2.509765625,2326,CTCACA,5.27930969838053e-05,3606,GTCACA,2.9920603992650285e-05,830,AGGCGN,0.12041560560464859,False,False,True,0.00020514428615570068,GCGCAGAGGCGCCAGGACAGGCCCCCAG
10,3,15,head_3,degradation,1.005859375,0.9809920787811279,2326,CTCACA,2.234375,3606,GTCACA,2.509765625,3606,GTCACA,2.509765625,2326,CTCACA,5.262971899355762e-05,3606,GTCACA,2.972899892483838e-05,830,AGGCGN,0.1199440211057663,False,False,True,0.00015065819025039673,GCGCAGAGGCGCCAGGACAGGCCCCCAG
10,4,15,head_3,degradation,1.0,1.035356879234314,2326,CTCACA,2.232421875,3606,GTCACA,2.50390625,3606,GTCACA,2.50390625,2326,CTCACA,5.256012445897795e-05,3606,GTCACA,2.953611510747578e-05,830,AGGCGN,0.11962281912565231,False,False,True,0.0003007650375366211,GCGCAGAGGCGCCAGGACAGGCCCCCAG
10,5,15,head_3,degradation,1.005859375,0.8734198808670044,2326,CTCACA,2.232421875,3606,GTCACA,2.5078125,3606,GTCACA,2.5078125,2326,CTCACA,5.228275404078886e-05,3606,GTCACA,2.9625987735926174e-05,830,AGGCGN,0.12056686729192734,False,False,True,0.00013393908739089966,GCGCAGAGGCGCCAGGACAGGCCCCCAG
10,6,15,head_3,degradation,1.005859375,0.7787147760391235,2326,CTCACA,2.228515625,3606,GTCACA,2.50390625,3606,GTCACA,2.50390625,2326,CTCACA,5.1838938816217706e-05,3606,GTCACA,2.939694604719989e-05,830,AGGCGN,0.12150358408689499,False,False,True,0.00014799833297729492,GCGCAGAGGCGCCAGGACAGGCCCCCAG
10,7,15,head_3,degradation,1.0126953125,0.7992129921913147,2326,CTCACA,2.228515625,3606,GTCACA,2.5078125,3606,GTCACA,2.5078125,2326,CTCACA,5.197849532123655e-05,3606,GTCACA,2.9490016459021717e-05,830,AGGCGN,0.12065599858760834,False,False,True,4.391372203826904e-05,GCGCAGAGGCGCCAGGACAGGCCCCCAG
10,8,15,head_3,degradation,1.0126953125,1.1369022130966187,2326,CTCACA,2.228515625,3606,GTCACA,2.5078125,3606,GTCACA,2.5078125,2326,CTCACA,5.3080533689353615e-05,3606,GTCACA,2.9826238460373133e-05,830,AGGCGN,0.11921977251768112,False,False,True,0.00032063573598861694,GCGCAGAGGCGCCAGGACAGGCCCCCAG
10,9,15,head_3,degradation,1.009765625,0.8452785611152649,2326,CTCACA,2.232421875,3606,GTCACA,2.509765625,3606,GTCACA,2.509765625,2326,CTCACA,5.185994814382866e-05,3606,GTCACA,2.926700108218938e-05,830,AGGCGN,0.11771062761545181,False,False,True,0.0003593340516090393,GCGCAGAGGCGCCAGGACAGGCCCCCAG
10,10,15,head_3,degradation,1.009765625,0.7215514779090881,2326,CTCACA,2.23046875,3606,GTCACA,2.5078125,3606,GTCACA,2.5078125,2326,CTCACA,5.1737253670580685e-05,3606,GTCACA,2.9424896638374776e-05,830,AGGCGN,0.11767783015966415,False,False,True,0.0004730820655822754,GCGCAGAGGCGCCAGGACAGGCCCCCAG
10,11,15,head_3,degradation,1.009765625,0.6132325530052185,2326,CTCACA,2.23046875,3606,GTCACA,2.5078125,3606,GTCACA,2.5078125,2326,CTCACA,5.144875103724189e-05,3606,GTCACA,2.9382041248027235e-05,830,AGGCGN,0.11832866072654724,False,False,True,-9.982287883758545e-05,GCGCAGAGGCGCCAGGACAGGCCCCCAG
10,12,15,head_3,degradation,0.984375,0.5805955529212952,2326,CTCACA,2.240234375,3606,GTCACA,2.501953125,3606,GTCACA,2.501953125,2326,CTCACA,5.07405202370137e-05,3606,GTCACA,2.8747825126629323e-05,830,AGGCGN,0.12173029035329819,False,False,True,-0.0016136392951011658,GCGCAGAGGCGCCAGGACAGGCCCCCAG
10,13,15,head_3,degradation,0.9658203125,0.6719663143157959,2326,CTCACA,2.248046875,3606,GTCACA,2.498046875,3606,GTCACA,2.498046875,2326,CTCACA,5.0399765314068645e-05,3606,GTCACA,2.819985820678994e-05,830,AGGCGN,0.12322969734668732,False,False,True,-0.0017949342727661133,GCGCAGAGGCGCCAGGACAGGCCCCCAG
10,14,15,head_3,degradation,0.96875,0.5959017872810364,2326,CTCACA,2.2421875,3606,GTCACA,2.494140625,3606,GTCACA,2.494140625,2326,CTCACA,5.02187067468185e-05,3606,GTCACA,2.8191299861646257e-05,830,AGGCGN,0.1222783625125885,False,False,True,-0.001452222466468811,GCGCAGAGGCGCCAGGACAGGCCCCCAG
10,15,15,head_3,degradation,1.009765625,0.9055579900741577,2326,CTCACA,2.224609375,3606,GTCACA,2.501953125,3606,GTCACA,2.501953125,2326,CTCACA,5.2570518164429814e-05,3606,GTCACA,2.9840868592145853e-05,830,AGGCGN,0.12025964260101318,False,False,True,0.0008344799280166626,GCGCAGAGGCGCCAGGACAGGCCCCCAG
10,16,15,head_3,degradation,1.021484375,0.8145994544029236,2326,CTCACA,2.216796875,3606,GTCACA,2.501953125,3606,GTCACA,2.501953125,2326,CTCACA,5.255488940747455e-05,3606,GTCACA,3.0031516871531494e-05,830,AGGCGN,0.11951785534620285,False,False,True,0.001660965383052826,GCGCAGAGGCGCCAGGACAGGCCCCCAG
10,17,15,head_3,degradation,1.0126953125,0.9971926808357239,2326,CTCACA,2.22265625,3606,GTCACA,2.501953125,3606,GTCACA,2.501953125,2326,CTCACA,5.271831832942553e-05,3606,GTCACA,2.978085831273347e-05,830,AGGCGN,0.12051871418952942,False,False,True,0.0014452934265136719,GCGCAGAGGCGCCAGGACAGGCCCCCAG
10,18,15,head_3,degradation,1.015625,0.8814271688461304,2326,CTCACA,2.22265625,3606,GTCACA,2.50390625,3606,GTCACA,2.50390625,2326,CTCACA,5.26445364812389e-05,3606,GTCACA,2.9969611205160618e-05,830,AGGCGN,0.11906228214502335,False,False,True,0.0012032240629196167,GCGCAGAGGCGCCAGGACAGGCCCCCAG
10,19,15,head_3,degradation,1.0126953125,1.029482364654541,2326,CTCACA,2.228515625,3606,GTCACA,2.5078125,3606,GTCACA,2.5078125,2326,CTCACA,5.2953728300053626e-05,3606,GTCACA,2.9943041226943024e-05,830,AGGCGN,0.11876081675291061,False,False,True,0.0007033124566078186,GCGCAGAGGCGCCAGGACAGGCCCCCAG
10,20,15,head_3,degradation,1.015625,1.0754003524780273,2326,CTCACA,2.23046875,3606,GTCACA,2.51171875,3606,GTCACA,2.51171875,2326,CTCACA,5.3268417104845867e-05,3606,GTCACA,3.015359652636107e-05,830,AGGCGN,0.1189555823802948,False,False,True,0.0005879849195480347,GCGCAGAGGCGCCAGGACAGGCCCCCAG
10,21,15,head_3,degradation,1.005859375,1.0536284446716309,2326,CTCACA,2.234375,3606,GTCACA,2.509765625,3606,GTCACA,2.509765625,2326,CTCACA,5.283271457301453e-05,3606,GTCACA,2.976726864289958e-05,830,AGGCGN,0.12043245881795883,False,False,True,0.00031062960624694824,GCGCAGAGGCGCCAGGACAGGCCCCCAG
10,22,15,head_3,degradation,1.0283203125,1.3993602991104126,2326,CTCACA,2.232421875,3606,GTCACA,2.521484375,3606,GTCACA,2.521484375,2326,CTCACA,5.470802352647297e-05,3606,GTCACA,3.085852222284302e-05,830,AGGCGN,0.11719349026679993,False,False,True,0.000923745334148407,GCGCAGAGGCGCCAGGACAGGCCCCCAG
10,23,15,head_3,degradation,1.0185546875,1.4023616313934326,2326,CTCACA,2.236328125,3606,GTCACA,2.51953125,3606,GTCACA,2.51953125,2326,CTCACA,5.450244134408422e-05,3606,GTCACA,3.06461333821062e-05,830,AGGCGN,0.11783941835165024,False,False,True,0.0009518265724182129,GCGCAGAGGCGCCAGGACAGGCCCCCAG
10,24,15,head_3,degradation,1.015625,1.4474855661392212,2326,CTCACA,2.23828125,3606,GTCACA,2.51953125,3606,GTCACA,2.51953125,2326,CTCACA,5.444981434266083e-05,3606,GTCACA,3.049117367481813e-05,830,AGGCGN,0.11672928929328918,False,False,True,0.0008967295289039612,GCGCAGAGGCGCCAGGACAGGCCCCCAG
10,25,15,head_3,degradation,1.0029296875,1.0511010885238647,2326,CTCACA,2.236328125,3606,GTCACA,2.509765625,3606,GTCACA,2.509765625,2326,CTCACA,5.271901318337768e-05,3606,GTCACA,2.965929888887331e-05,830,AGGCGN,0.11930354684591293,False,False,True,-0.0004871785640716553,GCGCAGAGGCGCCAGGACAGGCCCCCAG
10,26,15,head_3,degradation,1.005859375,0.9339471459388733,2326,CTCACA,2.234375,3606,GTCACA,2.509765625,3606,GTCACA,2.509765625,2326,CTCACA,5.253451308817603e-05,3606,GTCACA,2.9740482204942964e-05,830,AGGCGN,0.12008927017450333,False,False,True,0.0002621263265609741,GCGCAGAGGCGCCAGGACAGGCCCCCAG
10,27,15,head_3,degradation,1.005859375,0.8757780194282532,2326,CTCACA,2.234375,3606,GTCACA,2.509765625,3606,GTCACA,2.509765625,2326,CTCACA,5.241119652055204e-05,3606,GTCACA,2.974908238684293e-05,830,AGGCGN,0.12001774460077286,False,False,True,0.0001064985990524292,GCGCAGAGGCGCCAGGACAGGCCCCCAG
10,28,15,head_3,degradation,1.009765625,0.8072956204414368,2326,CTCACA,2.23046875,3606,GTCACA,2.5078125,3606,GTCACA,2.5078125,2326,CTCACA,5.21607871633023e-05,3606,GTCACA,2.9653978344867937e-05,830,AGGCGN,0.12046188861131668,False,False,True,0.0006547346711158752,GCGCAGAGGCGCCAGGACAGGCCCCCAG
10,29,15,head_3,degradation,1.005859375,0.8659660816192627,2326,CTCACA,2.232421875,3606,GTCACA,2.5078125,3606,GTCACA,2.5078125,2326,CTCACA,5.226668145041913e-05,3606,GTCACA,2.9626819014083594e-05,830,AGGCGN,0.1202927827835083,False,False,True,0.00025124847888946533,GCGCAGAGGCGCCAGGACAGGCCCCCAG
10,30,15,head_3,degradation,1.0029296875,0.8874387741088867,2326,CTCACA,2.234375,3606,GTCACA,2.5078125,3606,GTCACA,2.5078125,2326,CTCACA,5.2258215873735026e-05,3606,GTCACA,2.9569657272077166e-05,830,AGGCGN,0.12110384553670883,False,False,True,0.00024691224098205566,GCGCAGAGGCGCCAGGACAGGCCCCCAG
10,31,15,head_3,degradation,0.9970703125,1.0813952684402466,2326,CTCACA,2.23828125,3606,GTCACA,2.5078125,3606,GTCACA,2.5078125,2326,CTCACA,5.284807048155926e-05,3606,GTCACA,2.9719654776272364e-05,830,AGGCGN,0.12032601982355118,False,False,True,-0.0002305358648300171,GCGCAGAGGCGCCAGGACAGGCCCCCAG
10,32,15,head_3,degradation,0.99072265625,1.1092220544815063,2326,CTCACA,2.23828125,3606,GTCACA,2.50390625,3606,GTCACA,2.50390625,2326,CTCACA,5.2750772738363594e-05,3606,GTCACA,2.955925083369948e-05,830,AGGCGN,0.12003482133150101,False,False,True,-0.0004954114556312561,GCGCAGAGGCGCCAGGACAGGCCCCCAG
11,0,15,head_3,degradation,0.99365234375,0.9838820099830627,2326,CTCACA,2.234375,3606,GTCACA,2.501953125,3606,GTCACA,2.501953125,2326,CTCACA,5.245500506134704e-05,3606,GTCACA,2.9547731173806824e-05,830,AGGCGN,0.12302103638648987,False,False,True,0.000789739191532135,GCGCAGAGGCGCCAGGACAGGCCCCCAG
11,1,15,head_3,degradation,0.99072265625,1.0400723218917847,2326,CTCACA,2.23828125,3606,GTCACA,2.50390625,3606,GTCACA,2.50390625,2326,CTCACA,5.265875006443821e-05,3606,GTCACA,2.962404687423259e-05,830,AGGCGN,0.12267445027828217,False,False,True,0.0003521442413330078,GCGCAGAGGCGCCAGGACAGGCCCCCAG
11,2,15,head_3,degradation,1.0126953125,0.789482057094574,2326,CTCACA,2.228515625,3606,GTCACA,2.5078125,3606,GTCACA,2.5078125,2326,CTCACA,5.2329494792502373e-05,3606,GTCACA,2.9863083909731358e-05,830,AGGCGN,0.12150613218545914,False,False,True,0.0005808919668197632,GCGCAGAGGCGCCAGGACAGGCCCCCAG
11,3,15,head_3,degradation,1.0283203125,1.0020637512207031,2326,CTCACA,2.228515625,3606,GTCACA,2.517578125,3606,GTCACA,2.517578125,2326,CTCACA,5.3244177252054214e-05,3606,GTCACA,3.0295670512714423e-05,830,AGGCGN,0.11807338148355484,False,False,True,-0.0002897307276725769,GCGCAGAGGCGCCAGGACAGGCCCCCAG
11,4,15,head_3,degradation,0.9375,0.24950993061065674,2326,CTCACA,2.259765625,3606,GTCACA,2.4921875,3606,GTCACA,2.4921875,2326,CTCACA,4.94026935484726e-05,3606,GTCACA,2.816083906509448e-05,830,AGGCGN,0.12478930503129959,False,False,True,-0.0040445998311042786,GCGCAGAGGCGCCAGGACAGGCCCCCAG
11,5,15,head_3,degradation,0.89697265625,0.738680899143219,2326,CTCACA,2.275390625,3606,GTCACA,2.482421875,3606,GTCACA,2.482421875,2326,CTCACA,4.989635635865852e-05,3606,GTCACA,2.7545152988750488e-05,830,AGGCGN,0.1264236867427826,False,False,True,-0.004362702369689941,GCGCAGAGGCGCCAGGACAGGCCCCCAG
11,6,15,head_3,degradation,0.8720703125,0.7884609699249268,2326,CTCACA,2.2734375,3606,GTCACA,2.46484375,3606,GTCACA,2.46484375,2326,CTCACA,4.959896978107281e-05,3606,GTCACA,2.713487447181251e-05,830,AGGCGN,0.12789666652679443,False,False,True,-0.004570864140987396,GCGCAGAGGCGCCAGGACAGGCCCCCAG
11,7,15,head_3,degradation,0.96240234375,1.737015724182129,2326,CTCACA,2.25,3606,GTCACA,2.498046875,3606,GTCACA,2.498046875,2326,CTCACA,5.364581375033595e-05,3606,GTCACA,2.9030572477495298e-05,830,AGGCGN,0.12105540186166763,False,False,True,1.580268144607544e-05,GCGCAGAGGCGCCAGGACAGGCCCCCAG
11,8,15,head_3,degradation,0.97509765625,1.2063719034194946,2326,CTCACA,2.23046875,3606,GTCACA,2.486328125,3606,GTCACA,2.486328125,2326,CTCACA,5.2434330427786335e-05,3606,GTCACA,2.9022490707575344e-05,830,AGGCGN,0.12414521723985672,False,False,True,-0.0006640404462814331,GCGCAGAGGCGCCAGGACAGGCCCCCAG
11,9,15,head_3,degradation,1.0126953125,1.0120457410812378,2326,CTCACA,2.22265625,3606,GTCACA,2.501953125,3606,GTCACA,2.501953125,2326,CTCACA,5.250421236269176e-05,3606,GTCACA,2.953306830022484e-05,830,AGGCGN,0.12424813210964203,False,False,True,4.16487455368042e-06,GCGCAGAGGCGCCAGGACAGGCCCCCAG
11,10,15,head_3,degradation,1.0400390625,0.4418950378894806,2326,CTCACA,2.19921875,3606,GTCACA,2.49609375,3606,GTCACA,2.49609375,2326,CTCACA,5.092460924061015e-05,3606,GTCACA,2.924646105384454e-05,830,AGGCGN,0.1231226995587349,False,False,True,0.0003036186099052429,GCGCAGAGGCGCCAGGACAGGCCCCCAG
11,11,15,head_3,degradation,1.0595703125,0.7155470848083496,2326,CTCACA,2.201171875,3606,GTCACA,2.509765625,3606,GTCACA,2.509765625,2326,CTCACA,5.233803312876262e-05,3606,GTCACA,3.0039293051231652e-05,830,AGGCGN,0.1190137043595314,False,False,True,0.0019308775663375854,GCGCAGAGGCGCCAGGACAGGCCCCCAG
11,12,15,head_3,degradation,1.0341796875,0.06373080611228943,2326,CTCACA,2.216796875,3606,GTCACA,2.509765625,3606,GTCACA,2.509765625,2326,CTCACA,4.995122435502708e-05,3606,GTCACA,2.9130682378308848e-05,830,AGGCGN,0.11853782087564468,False,False,True,-0.00115116685628891,GCGCAGAGGCGCCAGGACAGGCCCCCAG
11,13,15,head_3,degradation,0.9814453125,0.5695956945419312,2326,CTCACA,2.2421875,3606,GTCACA,2.501953125,3606,GTCACA,2.501953125,2326,CTCACA,5.0592265324667096e-05,3606,GTCACA,2.862451583496295e-05,830,AGGCGN,0.12174735963344574,False,False,True,-0.0019276663661003113,GCGCAGAGGCGCCAGGACAGGCCCCCAG
11,14,15,head_3,degradation,0.95654296875,0.35170331597328186,2326,CTCACA,2.25390625,3606,GTCACA,2.498046875,3606,GTCACA,2.498046875,2326,CTCACA,4.881743370788172e-05,3606,GTCACA,2.7343823603587225e-05,830,AGGCGN,0.12341983616352081,False,False,True,-0.0036827921867370605,GCGCAGAGGCGCCAGGACAGGCCCCCAG
11,15,15,head_3,degradation,0.92529296875,1.1152064800262451,2326,CTCACA,2.271484375,3606,GTCACA,2.49609375,3606,GTCACA,2.49609375,2326,CTCACA,5.046523074270226e-05,3606,GTCACA,2.726013735809829e-05,830,AGGCGN,0.1198931410908699,False,False,True,-0.0028441697359085083,GCGCAGAGGCGCCAGGACAGGCCCCCAG
11,16,15,head_3,degradation,0.921875,1.3139971494674683,2326,CTCACA,2.2734375,3606,GTCACA,2.49609375,3606,GTCACA,2.49609375,2326,CTCACA,5.131230500410311e-05,3606,GTCACA,2.765639146673493e-05,830,AGGCGN,0.11699993163347244,False,False,True,-0.0037986934185028076,GCGCAGAGGCGCCAGGACAGGCCCCCAG
11,17,15,head_3,degradation,0.94091796875,1.121080994606018,2326,CTCACA,2.263671875,3606,GTCACA,2.498046875,3606,GTCACA,2.498046875,2326,CTCACA,5.124618110130541e-05,3606,GTCACA,2.802776543830987e-05,830,AGGCGN,0.11643445491790771,False,False,True,-0.002350747585296631,GCGCAGAGGCGCCAGGACAGGCCCCCAG
11,18,15,head_3,degradation,0.9658203125,1.187726616859436,2326,CTCACA,2.25,3606,GTCACA,2.5,3606,GTCACA,2.5,2326,CTCACA,5.2070481615373865e-05,3606,GTCACA,2.87009261228377e-05,830,AGGCGN,0.11840157210826874,False,False,True,-0.002845160663127899,GCGCAGAGGCGCCAGGACAGGCCCCCAG
11,19,15,head_3,degradation,0.97216796875,0.9680936932563782,2326,CTCACA,2.24609375,3606,GTCACA,2.5,3606,GTCACA,2.5,2326,CTCACA,5.133407830726355e-05,3606,GTCACA,2.8462609407142736e-05,830,AGGCGN,0.1205810084939003,False,False,True,-0.0017631500959396362,GCGCAGAGGCGCCAGGACAGGCCCCCAG
11,20,15,head_3,degradation,0.97216796875,1.1006951332092285,2326,CTCACA,2.2421875,3606,GTCACA,2.49609375,3606,GTCACA,2.49609375,2326,CTCACA,5.200889427214861e-05,3606,GTCACA,2.883671004383359e-05,830,AGGCGN,0.11967196315526962,False,False,True,-0.0019141361117362976,GCGCAGAGGCGCCAGGACAGGCCCCCAG
11,21,15,head_3,degradation,0.9970703125,0.8699035048484802,2326,CTCACA,2.234375,3606,GTCACA,2.50390625,3606,GTCACA,2.50390625,2326,CTCACA,5.1937848184024915e-05,3606,GTCACA,2.9289056328707375e-05,830,AGGCGN,0.12128306925296783,False,False,True,-0.00020200014114379883,GCGCAGAGGCGCCAGGACAGGCCCCCAG
11,22,15,head_3,degradation,0.9970703125,1.0476120710372925,2326,CTCACA,2.232421875,3606,GTCACA,2.501953125,3606,GTCACA,2.501953125,2326,CTCACA,5.2593732107197866e-05,3606,GTCACA,2.9541930416598916e-05,830,AGGCGN,0.12005235999822617,False,False,True,-0.0007286965847015381,GCGCAGAGGCGCCAGGACAGGCCCCCAG
11,23,15,head_3,degradation,0.9970703125,1.176841378211975,2326,CTCACA,2.234375,3606,GTCACA,2.50390625,3606,GTCACA,2.50390625,2326,CTCACA,5.3110867156647146e-05,3606,GTCACA,2.9765997169306502e-05,830,AGGCGN,0.11924788355827332,False,False,True,-0.00042103230953216553,GCGCAGAGGCGCCAGGACAGGCCCCCAG
11,24,15,head_3,degradation,0.99365234375,1.2009938955307007,2326,CTCACA,2.236328125,3606,GTCACA,2.50390625,3606,GTCACA,2.50390625,2326,CTCACA,5.318272815202363e-05,3606,GTCACA,2.978308475576341e-05,830,AGGCGN,0.1196664348244667,False,False,True,-0.0005219131708145142,GCGCAGAGGCGCCAGGACAGGCCCCCAG
11,25,15,head_3,degradation,1.0,1.0581209659576416,2326,CTCACA,2.23828125,3606,GTCACA,2.509765625,3606,GTCACA,2.509765625,2326,CTCACA,5.289874752634205e-05,3606,GTCACA,2.982311343657784e-05,830,AGGCGN,0.12027979642152786,False,False,True,-0.00028999149799346924,GCGCAGAGGCGCCAGGACAGGCCCCCAG
11,26,15,head_3,degradation,0.9970703125,1.0205624103546143,2326,CTCACA,2.234375,3606,GTCACA,2.50390625,3606,GTCACA,2.50390625,2326,CTCACA,5.27159936609678e-05,3606,GTCACA,2.9725535569014028e-05,830,AGGCGN,0.11980018764734268,False,False,True,-0.0002128705382347107,GCGCAGAGGCGCCAGGACAGGCCCCCAG
11,27,15,head_3,degradation,0.9970703125,1.0397868156433105,2326,CTCACA,2.23828125,3606,GTCACA,2.5078125,3606,GTCACA,2.5078125,2326,CTCACA,5.274837894830853e-05,3606,GTCACA,2.971432331833057e-05,830,AGGCGN,0.12057456374168396,False,False,True,-0.0005233660340309143,GCGCAGAGGCGCCAGGACAGGCCCCCAG
11,28,15,head_3,degradation,0.99072265625,1.02011239528656,2326,CTCACA,2.2421875,3606,GTCACA,2.5078125,3606,GTCACA,2.5078125,2326,CTCACA,5.26120638824068e-05,3606,GTCACA,2.962262624350842e-05,830,AGGCGN,0.12098994851112366,False,False,True,-0.0005399659276008606,GCGCAGAGGCGCCAGGACAGGCCCCCAG
11,29,15,head_3,degradation,0.9970703125,0.925521194934845,2326,CTCACA,2.23828125,3606,GTCACA,2.5078125,3606,GTCACA,2.5078125,2326,CTCACA,5.265203071758151e-05,3606,GTCACA,2.9877108318032697e-05,830,AGGCGN,0.12145937979221344,False,False,True,-0.00029578059911727905,GCGCAGAGGCGCCAGGACAGGCCCCCAG
11,30,15,head_3,degradation,0.9970703125,1.0887086391448975,2326,CTCACA,2.23828125,3606,GTCACA,2.5078125,3606,GTCACA,2.5078125,2326,CTCACA,5.306715320330113e-05,3606,GTCACA,2.9922151952632703e-05,830,AGGCGN,0.12094297260046005,False,False,True,-0.0001712590456008911,GCGCAGAGGCGCCAGGACAGGCCCCCAG
11,31,15,head_3,degradation,1.0029296875,0.9572654962539673,2326,CTCACA,2.234375,3606,GTCACA,2.5078125,3606,GTCACA,2.5078125,2326,CTCACA,5.273511851555668e-05,3606,GTCACA,2.988820597238373e-05,830,AGGCGN,0.1200651302933693,False,False,True,0.0005745813250541687,GCGCAGAGGCGCCAGGACAGGCCCCCAG
11,32,15,head_3,degradation,1.0126953125,1.242246150970459,2326,CTCACA,2.23046875,3606,GTCACA,2.509765625,3606,GTCACA,2.509765625,2326,CTCACA,5.370564031181857e-05,3606,GTCACA,3.0212444471544586e-05,830,AGGCGN,0.1192096397280693,False,False,True,-0.0012891590595245361,GCGCAGAGGCGCCAGGACAGGCCCCCAG
12,0,15,head_3,degradation,0.97216796875,1.292862892150879,2326,CTCACA,2.25,3606,GTCACA,2.50390625,3606,GTCACA,2.50390625,2326,CTCACA,5.296071321936324e-05,3606,GTCACA,2.9352728233789094e-05,830,AGGCGN,0.12090864032506943,False,False,True,0.0005158334970474243,GCGCAGAGGCGCCAGGACAGGCCCCCAG
12,1,15,head_3,degradation,0.97216796875,1.339402437210083,2326,CTCACA,2.248046875,3606,GTCACA,2.501953125,3606,GTCACA,2.501953125,2326,CTCACA,5.317122850101441e-05,3606,GTCACA,2.945770029327832e-05,830,AGGCGN,0.12096775323152542,False,False,True,0.00037664175033569336,GCGCAGAGGCGCCAGGACAGGCCCCCAG
12,2,15,head_3,degradation,0.9814453125,1.1486279964447021,2326,CTCACA,2.240234375,3606,GTCACA,2.5,3606,GTCACA,2.5,2326,CTCACA,5.238319135969505e-05,3606,GTCACA,2.910230432462413e-05,830,AGGCGN,0.12302327156066895,False,False,True,-0.00030075013637542725,GCGCAGAGGCGCCAGGACAGGCCCCCAG
12,3,15,head_3,degradation,0.97802734375,1.2760823965072632,2326,CTCACA,2.244140625,3606,GTCACA,2.501953125,3606,GTCACA,2.501953125,2326,CTCACA,5.278633761918172e-05,3606,GTCACA,2.9216407710919157e-05,830,AGGCGN,0.1217859759926796,False,False,True,7.989257574081421e-05,GCGCAGAGGCGCCAGGACAGGCCCCCAG
12,4,15,head_3,degradation,0.9814453125,0.8678718209266663,2326,CTCACA,2.232421875,3606,GTCACA,2.4921875,3606,GTCACA,2.4921875,2326,CTCACA,5.098585461382754e-05,3606,GTCACA,2.8341670258669183e-05,830,AGGCGN,0.12180119752883911,False,False,True,-0.00013780593872070312,GCGCAGAGGCGCCAGGACAGGCCCCCAG
12,5,15,head_3,degradation,0.97802734375,-0.00038259659777395427,2326,CTCACA,2.228515625,3606,GTCACA,2.486328125,3606,GTCACA,2.486328125,2326,CTCACA,4.874867954640649e-05,3606,GTCACA,2.807353484968189e-05,830,AGGCGN,0.119618259370327,False,False,True,-0.001443520188331604,GCGCAGAGGCGCCAGGACAGGCCCCCAG
12,6,15,head_3,degradation,1.005859375,-0.36370497941970825,2326,CTCACA,2.22265625,3606,GTCACA,2.498046875,3606,GTCACA,2.498046875,2326,CTCACA,4.832253762288019e-05,3606,GTCACA,2.8471340556279756e-05,830,AGGCGN,0.11874619871377945,False,False,True,-0.001541048288345337,GCGCAGAGGCGCCAGGACAGGCCCCCAG
12,7,15,head_3,degradation,0.96240234375,-0.03929676115512848,2326,CTCACA,2.220703125,3606,GTCACA,2.46875,3606,GTCACA,2.46875,2326,CTCACA,4.8655598220648244e-05,3606,GTCACA,2.8068703613826074e-05,830,AGGCGN,0.12041252106428146,False,False,True,-0.0011010542511940002,GCGCAGAGGCGCCAGGACAGGCCCCCAG
12,8,15,head_3,degradation,0.953125,1.0066967010498047,2326,CTCACA,2.228515625,3606,GTCACA,2.470703125,3606,GTCACA,2.470703125,2326,CTCACA,5.121926369611174e-05,3606,GTCACA,2.8260250473977067e-05,830,AGGCGN,0.12632007896900177,False,False,True,-0.000863686203956604,GCGCAGAGGCGCCAGGACAGGCCCCCAG
12,9,15,head_3,degradation,0.89697265625,1.5599826574325562,2326,CTCACA,2.248046875,3606,GTCACA,2.455078125,3606,GTCACA,2.455078125,2326,CTCACA,5.1978702686028555e-05,3606,GTCACA,2.776493965939153e-05,830,AGGCGN,0.130999356508255,False,False,True,-0.0026542097330093384,GCGCAGAGGCGCCAGGACAGGCCCCCAG
12,10,15,head_3,degradation,0.96240234375,1.5019322633743286,2326,CTCACA,2.251953125,3606,GTCACA,2.5,3606,GTCACA,2.5,2326,CTCACA,5.3835563448956236e-05,3606,GTCACA,2.975344796141144e-05,830,AGGCGN,0.12812647223472595,False,False,True,-0.0029297545552253723,GCGCAGAGGCGCCAGGACAGGCCCCCAG
12,11,15,head_3,degradation,0.97216796875,1.3356335163116455,2326,CTCACA,2.24609375,3606,GTCACA,2.5,3606,GTCACA,2.5,2326,CTCACA,5.357771078706719e-05,3606,GTCACA,2.9872730010538362e-05,830,AGGCGN,0.12332013249397278,False,False,True,-0.0016246140003204346,GCGCAGAGGCGCCAGGACAGGCCCCCAG
12,12,15,head_3,degradation,0.99072265625,0.7055730819702148,2326,CTCACA,2.22265625,3606,GTCACA,2.48828125,3606,GTCACA,2.48828125,2326,CTCACA,5.160447835805826e-05,3606,GTCACA,2.9328357413760386e-05,830,AGGCGN,0.1275794506072998,False,False,True,-0.003797277808189392,GCGCAGAGGCGCCAGGACAGGCCCCCAG
12,13,15,head_3,degradation,0.9873046875,0.6428841948509216,2326,CTCACA,2.224609375,3606,GTCACA,2.48828125,3606,GTCACA,2.48828125,2326,CTCACA,5.102872819406912e-05,3606,GTCACA,2.889477400458418e-05,830,AGGCGN,0.1272577941417694,False,False,True,-0.004203051328659058,GCGCAGAGGCGCCAGGACAGGCCCCCAG
12,14,15,head_3,degradation,0.984375,0.7185388207435608,2326,CTCACA,2.228515625,3606,GTCACA,2.490234375,3606,GTCACA,2.490234375,2326,CTCACA,5.122461516293697e-05,3606,GTCACA,2.891909025493078e-05,830,AGGCGN,0.12712028622627258,False,False,True,-0.004259020090103149,GCGCAGAGGCGCCAGGACAGGCCCCCAG
12,15,15,head_3,degradation,1.0029296875,1.5028281211853027,2326,CTCACA,2.23046875,3606,GTCACA,2.50390625,3606,GTCACA,2.50390625,2326,CTCACA,5.44083995919209e-05,3606,GTCACA,3.032425229321234e-05,830,AGGCGN,0.11783547699451447,False,False,True,-0.0008689016103744507,GCGCAGAGGCGCCAGGACAGGCCCCCAG
12,16,15,head_3,degradation,1.005859375,1.4052411317825317,2326,CTCACA,2.228515625,3606,GTCACA,2.50390625,3606,GTCACA,2.50390625,2326,CTCACA,5.4001920943846926e-05,3606,GTCACA,3.0139082809910178e-05,830,AGGCGN,0.11929810792207718,False,False,True,5.6162476539611816e-05,GCGCAGAGGCGCCAGGACAGGCCCCCAG
12,17,15,head_3,degradation,1.0341796875,1.085412859916687,2326,CTCACA,2.224609375,3606,GTCACA,2.517578125,3606,GTCACA,2.517578125,2326,CTCACA,5.386944758356549e-05,3606,GTCACA,3.073192056035623e-05,830,AGGCGN,0.12234727293252945,False,False,True,-0.0010498911142349243,GCGCAGAGGCGCCAGGACAGGCCCCCAG
12,18,15,head_3,degradation,1.0439453125,0.8661168813705444,2326,CTCACA,2.22265625,3606,GTCACA,2.521484375,3606,GTCACA,2.521484375,2326,CTCACA,5.34707578481175e-05,3606,GTCACA,3.08305534417741e-05,830,AGGCGN,0.12207328528165817,False,False,True,-0.00048263370990753174,GCGCAGAGGCGCCAGGACAGGCCCCCAG
12,19,15,head_3,degradation,1.03125,0.930575966835022,2326,CTCACA,2.224609375,3606,GTCACA,2.515625,3606,GTCACA,2.515625,2326,CTCACA,5.334333764039911e-05,3606,GTCACA,3.0556951969629154e-05,830,AGGCGN,0.12127793580293655,False,False,True,-0.0011342614889144897,GCGCAGAGGCGCCAGGACAGGCCCCCAG
12,20,15,head_3,degradation,1.0,1.0997109413146973,2326,CTCACA,2.228515625,3606,GTCACA,2.5,3606,GTCACA,2.5,2326,CTCACA,5.2692503231810406e-05,3606,GTCACA,2.952255090349354e-05,830,AGGCGN,0.11935095489025116,False,False,True,-0.00016370415687561035,GCGCAGAGGCGCCAGGACAGGCCCCCAG
12,21,15,head_3,degradation,0.99072265625,1.0226470232009888,2326,CTCACA,2.236328125,3606,GTCACA,2.501953125,3606,GTCACA,2.501953125,2326,CTCACA,5.231139584793709e-05,3606,GTCACA,2.9316210202523507e-05,830,AGGCGN,0.12080792337656021,False,False,True,-0.00020194053649902344,GCGCAGAGGCGCCAGGACAGGCCCCCAG
12,22,15,head_3,degradation,0.99072265625,1.0439929962158203,2326,CTCACA,2.23828125,3606,GTCACA,2.50390625,3606,GTCACA,2.50390625,2326,CTCACA,5.229452654020861e-05,3606,GTCACA,2.9250932129798457e-05,830,AGGCGN,0.12036056816577911,False,False,True,-0.0004892498254776001,GCGCAGAGGCGCCAGGACAGGCCCCCAG
12,23,15,head_3,degradation,0.9970703125,1.0202085971832275,2326,CTCACA,2.234375,3606,GTCACA,2.50390625,3606,GTCACA,2.50390625,2326,CTCACA,5.248788511380553e-05,3606,GTCACA,2.9498229196178727e-05,830,AGGCGN,0.12012188881635666,False,False,True,-0.0006958022713661194,GCGCAGAGGCGCCAGGACAGGCCCCCAG
12,24,15,head_3,degradation,0.99365234375,1.0296372175216675,2326,CTCACA,2.234375,3606,GTCACA,2.501953125,3606,GTCACA,2.501953125,2326,CTCACA,5.2346436859807e-05,3606,GTCACA,2.9335398721741512e-05,830,AGGCGN,0.11961545050144196,False,False,True,-0.0008591562509536743,GCGCAGAGGCGCCAGGACAGGCCCCCAG
12,25,15,head_3,degradation,1.0,0.9497956037521362,2326,CTCACA,2.23046875,3606,GTCACA,2.501953125,3606,GTCACA,2.501953125,2326,CTCACA,5.2249259169911966e-05,3606,GTCACA,2.941928687505424e-05,830,AGGCGN,0.12008582055568695,False,False,True,-0.0007240474224090576,GCGCAGAGGCGCCAGGACAGGCCCCCAG
12,26,15,head_3,degradation,1.009765625,0.9147050380706787,2326,CTCACA,2.234375,3606,GTCACA,2.51171875,3606,GTCACA,2.51171875,2326,CTCACA,5.261532714939676e-05,3606,GTCACA,2.9864933821954764e-05,830,AGGCGN,0.12026670575141907,False,False,True,-0.0005747079849243164,GCGCAGAGGCGCCAGGACAGGCCCCCAG
12,27,15,head_3,degradation,1.005859375,0.8731054663658142,2326,CTCACA,2.234375,3606,GTCACA,2.509765625,3606,GTCACA,2.509765625,2326,CTCACA,5.2299885282991454e-05,3606,GTCACA,2.964383202197496e-05,830,AGGCGN,0.12045373767614365,False,False,True,-0.0016364306211471558,GCGCAGAGGCGCCAGGACAGGCCCCCAG
12,28,15,head_3,degradation,1.0029296875,0.997688353061676,2326,CTCACA,2.236328125,3606,GTCACA,2.509765625,3606,GTCACA,2.509765625,2326,CTCACA,5.270421024761163e-05,3606,GTCACA,2.976562609546818e-05,830,AGGCGN,0.12054529786109924,False,False,True,-0.001630440354347229,GCGCAGAGGCGCCAGGACAGGCCCCCAG
12,29,15,head_3,degradation,0.9970703125,0.9808268547058105,2326,CTCACA,2.234375,3606,GTCACA,2.50390625,3606,GTCACA,2.50390625,2326,CTCACA,5.227684960118495e-05,3606,GTCACA,2.937650424428284e-05,830,AGGCGN,0.12068025022745132,False,False,True,-0.0023474767804145813,GCGCAGAGGCGCCAGGACAGGCCCCCAG
12,30,15,head_3,degradation,0.9873046875,1.2678537368774414,2326,CTCACA,2.234375,3606,GTCACA,2.498046875,3606,GTCACA,2.498046875,2326,CTCACA,5.253533527138643e-05,3606,GTCACA,2.898406637541484e-05,830,AGGCGN,0.11928393691778183,False,False,True,-0.005512624979019165,GCGCAGAGGCGCCAGGACAGGCCCCCAG
12,31,15,head_3,degradation,0.97802734375,1.4269497394561768,2326,CTCACA,2.234375,3606,GTCACA,2.4921875,3606,GTCACA,2.4921875,2326,CTCACA,5.227082874625921e-05,3606,GTCACA,2.8358759664115496e-05,830,AGGCGN,0.11811236292123795,False,False,True,-0.005313977599143982,GCGCAGAGGCGCCAGGACAGGCCCCCAG
12,32,15,head_3,degradation,0.97802734375,1.3165324926376343,2326,CTCACA,2.23046875,3606,GTCACA,2.48828125,3606,GTCACA,2.48828125,2326,CTCACA,5.177696220926009e-05,3606,GTCACA,2.8115298846387304e-05,830,AGGCGN,0.11663614213466644,False,False,True,-0.005746133625507355,GCGCAGAGGCGCCAGGACAGGCCCCCAG
13,0,15,head_3,degradation,1.0,0.8908276557922363,2326,CTCACA,2.23046875,3606,GTCACA,2.501953125,3606,GTCACA,2.501953125,2326,CTCACA,5.198208600631915e-05,3606,GTCACA,2.928584217443131e-05,830,AGGCGN,0.12116247415542603,False,False,True,-0.00020076334476470947,GCGCAGAGGCGCCAGGACAGGCCCCCAG
13,1,15,head_3,degradation,1.0,0.8578625321388245,2326,CTCACA,2.228515625,3606,GTCACA,2.5,3606,GTCACA,2.5,2326,CTCACA,5.185070403967984e-05,3606,GTCACA,2.922921885328833e-05,830,AGGCGN,0.12097242474555969,False,False,True,-0.00015819072723388672,GCGCAGAGGCGCCAGGACAGGCCCCCAG
13,2,15,head_3,degradation,1.0029296875,0.8937111496925354,2326,CTCACA,2.23046875,3606,GTCACA,2.50390625,3606,GTCACA,2.50390625,2326,CTCACA,5.2058559958823025e-05,3606,GTCACA,2.9355776860029437e-05,830,AGGCGN,0.12047918885946274,False,False,True,-0.00029606372117996216,GCGCAGAGGCGCCAGGACAGGCCCCCAG
13,3,15,head_3,degradation,0.99365234375,1.0970263481140137,2326,CTCACA,2.234375,3606,GTCACA,2.501953125,3606,GTCACA,2.501953125,2326,CTCACA,5.260816033114679e-05,3606,GTCACA,2.9444296160363592e-05,830,AGGCGN,0.1198345273733139,False,False,True,-0.00012890994548797607,GCGCAGAGGCGCCAGGACAGGCCCCCAG
13,4,15,head_3,degradation,0.9970703125,0.9366205334663391,2326,CTCACA,2.232421875,3606,GTCACA,2.501953125,3606,GTCACA,2.501953125,2326,CTCACA,5.215527198743075e-05,3606,GTCACA,2.935517841251567e-05,830,AGGCGN,0.11903860419988632,False,False,True,-0.00023543089628219604,GCGCAGAGGCGCCAGGACAGGCCCCCAG
13,5,15,head_3,degradation,0.95654296875,1.412028431892395,2326,CTCACA,2.2421875,3606,GTCACA,2.486328125,3606,GTCACA,2.486328125,2326,CTCACA,5.15896754222922e-05,3606,GTCACA,2.771144500002265e-05,830,AGGCGN,0.11684895306825638,False,False,True,-0.0014468729496002197,GCGCAGAGGCGCCAGGACAGGCCCCCAG
13,6,15,head_3,degradation,0.94384765625,1.4037220478057861,2326,CTCACA,2.248046875,3606,GTCACA,2.484375,3606,GTCACA,2.484375,2326,CTCACA,5.1080744015052915e-05,3606,GTCACA,2.7221351047046483e-05,830,AGGCGN,0.11780702322721481,False,False,True,-0.0013395026326179504,GCGCAGAGGCGCCAGGACAGGCCCCCAG
13,7,15,head_3,degradation,0.921875,1.7857322692871094,2326,CTCACA,2.25,3606,GTCACA,2.47265625,3606,GTCACA,2.47265625,2326,CTCACA,5.163872992852703e-05,3606,GTCACA,2.6913008696283214e-05,830,AGGCGN,0.11914686858654022,False,False,True,-0.0019447654485702515,GCGCAGAGGCGCCAGGACAGGCCCCCAG
13,8,15,head_3,degradation,0.95947265625,1.2997816801071167,2326,CTCACA,2.23828125,3606,GTCACA,2.484375,3606,GTCACA,2.484375,2326,CTCACA,5.182357563171536e-05,3606,GTCACA,2.8199900043546222e-05,830,AGGCGN,0.12084086239337921,False,False,True,-0.001353934407234192,GCGCAGAGGCGCCAGGACAGGCCCCCAG
13,9,15,head_3,degradation,0.97802734375,1.2048407793045044,2326,CTCACA,2.23828125,3606,GTCACA,2.49609375,3606,GTCACA,2.49609375,2326,CTCACA,5.2543884521583095e-05,3606,GTCACA,2.9135517252143472e-05,830,AGGCGN,0.12174925953149796,False,False,True,-0.0014989376068115234,GCGCAGAGGCGCCAGGACAGGCCCCCAG
13,10,15,head_3,degradation,0.97509765625,0.9898832440376282,2326,CTCACA,2.25390625,3606,GTCACA,2.509765625,3606,GTCACA,2.509765625,2326,CTCACA,5.201710882829502e-05,3606,GTCACA,2.909622526203748e-05,830,AGGCGN,0.12213540822267532,False,False,True,-0.0019582659006118774,GCGCAGAGGCGCCAGGACAGGCCCCCAG
13,11,15,head_3,degradation,0.97509765625,0.8715734481811523,2326,CTCACA,2.25390625,3606,GTCACA,2.509765625,3606,GTCACA,2.509765625,2326,CTCACA,5.168710049474612e-05,3606,GTCACA,2.9034521503490396e-05,830,AGGCGN,0.12344283610582352,False,False,True,-0.001195460557937622,GCGCAGAGGCGCCAGGACAGGCCCCCAG
13,12,15,head_3,degradation,0.95947265625,0.6353525519371033,2326,CTCACA,2.2578125,3606,GTCACA,2.50390625,3606,GTCACA,2.50390625,2326,CTCACA,5.026292274123989e-05,3606,GTCACA,2.8146048862254247e-05,830,AGGCGN,0.12689487636089325,False,False,True,-0.0020888373255729675,GCGCAGAGGCGCCAGGACAGGCCCCCAG
13,13,15,head_3,degradation,0.96875,0.5871710777282715,2326,CTCACA,2.248046875,3606,GTCACA,2.5,3606,GTCACA,2.5,2326,CTCACA,5.0089554861187935e-05,3606,GTCACA,2.808194767567329e-05,830,AGGCGN,0.12450605630874634,False,False,True,-0.0018094107508659363,GCGCAGAGGCGCCAGGACAGGCCCCCAG
13,14,15,head_3,degradation,0.96875,0.6197944283485413,2326,CTCACA,2.244140625,3606,GTCACA,2.49609375,3606,GTCACA,2.49609375,2326,CTCACA,5.002662874176167e-05,3606,GTCACA,2.7945037800236605e-05,830,AGGCGN,0.1258077323436737,False,False,True,-0.0021248310804367065,GCGCAGAGGCGCCAGGACAGGCCCCCAG
13,15,15,head_3,degradation,0.99365234375,0.8692739009857178,2326,CTCACA,2.240234375,3606,GTCACA,2.5078125,3606,GTCACA,2.5078125,2326,CTCACA,5.169439464225434e-05,3606,GTCACA,2.904703069361858e-05,830,AGGCGN,0.122217558324337,False,False,True,-0.0010394081473350525,GCGCAGAGGCGCCAGGACAGGCCCCCAG
13,16,15,head_3,degradation,1.0029296875,1.0016498565673828,2326,CTCACA,2.236328125,3606,GTCACA,2.509765625,3606,GTCACA,2.509765625,2326,CTCACA,5.252658957033418e-05,3606,GTCACA,2.957902142952662e-05,830,AGGCGN,0.12257955968379974,False,False,True,-0.0005510151386260986,GCGCAGAGGCGCCAGGACAGGCCCCCAG
13,17,15,head_3,degradation,1.005859375,0.9528435468673706,2326,CTCACA,2.236328125,3606,GTCACA,2.51171875,3606,GTCACA,2.51171875,2326,CTCACA,5.2585150115191936e-05,3606,GTCACA,2.9748265660600737e-05,830,AGGCGN,0.12284926325082779,False,False,True,-0.00037342309951782227,GCGCAGAGGCGCCAGGACAGGCCCCCAG
13,18,15,head_3,degradation,1.015625,1.0016506910324097,2326,CTCACA,2.234375,3606,GTCACA,2.515625,3606,GTCACA,2.515625,2326,CTCACA,5.3024556109448895e-05,3606,GTCACA,3.007698614965193e-05,830,AGGCGN,0.12130589783191681,False,False,True,0.0009801164269447327,GCGCAGAGGCGCCAGGACAGGCCCCCAG
13,19,15,head_3,degradation,1.009765625,1.0211775302886963,2326,CTCACA,2.23046875,3606,GTCACA,2.5078125,3606,GTCACA,2.5078125,2326,CTCACA,5.2446728659560904e-05,3606,GTCACA,2.9454875402734615e-05,830,AGGCGN,0.11924272775650024,False,False,True,-0.0002503320574760437,GCGCAGAGGCGCCAGGACAGGCCCCCAG
13,20,15,head_3,degradation,1.0029296875,0.9953494668006897,2326,CTCACA,2.23046875,3606,GTCACA,2.50390625,3606,GTCACA,2.50390625,2326,CTCACA,5.23243797942996e-05,3606,GTCACA,2.9391099815256894e-05,830,AGGCGN,0.11836695671081543,False,False,True,-0.001419156789779663,GCGCAGAGGCGCCAGGACAGGCCCCCAG
13,21,15,head_3,degradation,0.9873046875,0.8307663798332214,2326,CTCACA,2.234375,3606,GTCACA,2.498046875,3606,GTCACA,2.498046875,2326,CTCACA,5.1126135076629e-05,3606,GTCACA,2.8566098990268074e-05,830,AGGCGN,0.11964983493089676,False,False,True,-0.0034756436944007874,GCGCAGAGGCGCCAGGACAGGCCCCCAG
13,22,15,head_3,degradation,1.005859375,0.8614856004714966,2326,CTCACA,2.234375,3606,GTCACA,2.509765625,3606,GTCACA,2.509765625,2326,CTCACA,5.241920371190645e-05,3606,GTCACA,2.978950215037912e-05,830,AGGCGN,0.11918921768665314,False,False,True,-0.00151892751455307,GCGCAGAGGCGCCAGGACAGGCCCCCAG
13,23,15,head_3,degradation,1.0,0.928047776222229,2326,CTCACA,2.23828125,3606,GTCACA,2.509765625,3606,GTCACA,2.509765625,2326,CTCACA,5.237250661593862e-05,3606,GTCACA,2.9591854399768636e-05,830,AGGCGN,0.11966590583324432,False,False,True,-0.00020074844360351562,GCGCAGAGGCGCCAGGACAGGCCCCCAG
13,24,15,head_3,degradation,1.009765625,0.9979795217514038,2326,CTCACA,2.234375,3606,GTCACA,2.51171875,3606,GTCACA,2.51171875,2326,CTCACA,5.285336374072358e-05,3606,GTCACA,2.9914119295426644e-05,830,AGGCGN,0.11979029327630997,False,False,True,0.0003748014569282532,GCGCAGAGGCGCCAGGACAGGCCCCCAG
13,25,15,head_3,degradation,1.0,1.0413990020751953,2326,CTCACA,2.23828125,3606,GTCACA,2.509765625,3606,GTCACA,2.509765625,2326,CTCACA,5.272563066682778e-05,3606,GTCACA,2.96879188681487e-05,830,AGGCGN,0.1200893297791481,False,False,True,-0.0004920288920402527,GCGCAGAGGCGCCAGGACAGGCCCCCAG
13,26,15,head_3,degradation,0.9970703125,0.9165402054786682,2326,CTCACA,2.2421875,3606,GTCACA,2.51171875,3606,GTCACA,2.51171875,2326,CTCACA,5.249056266620755e-05,3606,GTCACA,2.973600749101024e-05,830,AGGCGN,0.12011151760816574,False,False,True,-0.0009414404630661011,GCGCAGAGGCGCCAGGACAGGCCCCCAG
13,27,15,head_3,degradation,1.0,0.8705299496650696,2326,CTCACA,2.244140625,3606,GTCACA,2.515625,3606,GTCACA,2.515625,2326,CTCACA,5.248251181910746e-05,3606,GTCACA,2.9832299333065748e-05,830,AGGCGN,0.12025262415409088,False,False,True,-0.0016603544354438782,GCGCAGAGGCGCCAGGACAGGCCCCCAG
13,28,15,head_3,degradation,0.9970703125,0.9582536816596985,2326,CTCACA,2.2421875,3606,GTCACA,2.51171875,3606,GTCACA,2.51171875,2326,CTCACA,5.2599811169784516e-05,3606,GTCACA,2.97506576316664e-05,830,AGGCGN,0.11975700408220291,False,False,True,-0.0010383129119873047,GCGCAGAGGCGCCAGGACAGGCCCCCAG
13,29,15,head_3,degradation,0.9970703125,1.0253090858459473,2326,CTCACA,2.23828125,3606,GTCACA,2.5078125,3606,GTCACA,2.5078125,2326,CTCACA,5.256264194031246e-05,3606,GTCACA,2.9561419069068506e-05,830,AGGCGN,0.12082280218601227,False,False,True,0.00026451051235198975,GCGCAGAGGCGCCAGGACAGGCCCCCAG
13,30,15,head_3,degradation,1.0,1.0181585550308228,2326,CTCACA,2.236328125,3606,GTCACA,2.5078125,3606,GTCACA,2.5078125,2326,CTCACA,5.2611245337175205e-05,3606,GTCACA,2.9626238756463863e-05,830,AGGCGN,0.12078148871660233,False,False,True,0.001896776258945465,GCGCAGAGGCGCCAGGACAGGCCCCCAG
13,31,15,head_3,degradation,1.005859375,0.938835084438324,2326,CTCACA,2.234375,3606,GTCACA,2.509765625,3606,GTCACA,2.509765625,2326,CTCACA,5.2566338126780465e-05,3606,GTCACA,2.9761222322122194e-05,830,AGGCGN,0.1201840415596962,False,False,True,0.0020315349102020264,GCGCAGAGGCGCCAGGACAGGCCCCCAG
13,32,15,head_3,degradation,0.9970703125,1.1346595287322998,2326,CTCACA,2.240234375,3606,GTCACA,2.509765625,3606,GTCACA,2.509765625,2326,CTCACA,5.2955081628169864e-05,3606,GTCACA,2.9705872293561697e-05,830,AGGCGN,0.12030141055583954,False,False,True,0.0006055161356925964,GCGCAGAGGCGCCAGGACAGGCCCCCAG
14,0,15,head_3,degradation,0.97509765625,1.4147347211837769,2326,CTCACA,2.244140625,3606,GTCACA,2.5,3606,GTCACA,2.5,2326,CTCACA,5.371622683014721e-05,3606,GTCACA,2.983185913763009e-05,830,AGGCGN,0.11869220435619354,False,False,True,0.0014801695942878723,GCGCAGAGGCGCCAGGACAGGCCCCCAG
14,1,15,head_3,degradation,0.96875,1.5096203088760376,2326,CTCACA,2.248046875,3606,GTCACA,2.5,3606,GTCACA,2.5,2326,CTCACA,5.394877371145412e-05,3606,GTCACA,2.984922321047634e-05,830,AGGCGN,0.11871421337127686,False,False,True,0.0016434267163276672,GCGCAGAGGCGCCAGGACAGGCCCCCAG
14,2,15,head_3,degradation,0.97802734375,1.3280906677246094,2326,CTCACA,2.2421875,3606,GTCACA,2.5,3606,GTCACA,2.5,2326,CTCACA,5.284694634610787e-05,3606,GTCACA,2.9159071345929988e-05,830,AGGCGN,0.12063413858413696,False,False,True,0.0005439147353172302,GCGCAGAGGCGCCAGGACAGGCCCCCAG
14,3,15,head_3,degradation,0.9873046875,1.2700048685073853,2326,CTCACA,2.234375,3606,GTCACA,2.498046875,3606,GTCACA,2.498046875,2326,CTCACA,5.2710656746057793e-05,3606,GTCACA,2.9154509320505895e-05,830,AGGCGN,0.12145556509494781,False,False,True,0.0003535225987434387,GCGCAGAGGCGCCAGGACAGGCCCCCAG
14,4,15,head_3,degradation,1.005859375,0.8728832602500916,2326,CTCACA,2.244140625,3606,GTCACA,2.51953125,3606,GTCACA,2.51953125,2326,CTCACA,5.266221342026256e-05,3606,GTCACA,3.0006664019310847e-05,830,AGGCGN,0.11596044898033142,False,False,True,0.00017626583576202393,GCGCAGAGGCGCCAGGACAGGCCCCCAG
14,5,15,head_3,degradation,1.0,1.1765638589859009,2326,CTCACA,2.255859375,3606,GTCACA,2.52734375,3606,GTCACA,2.52734375,2326,CTCACA,5.397765926318243e-05,3606,GTCACA,3.0633418646175414e-05,830,AGGCGN,0.11268157511949539,False,False,True,0.00039693713188171387,GCGCAGAGGCGCCAGGACAGGCCCCCAG
14,6,15,head_3,degradation,0.97216796875,1.1372438669204712,2326,CTCACA,2.25390625,3606,GTCACA,2.5078125,3606,GTCACA,2.5078125,2326,CTCACA,5.322509241523221e-05,3606,GTCACA,2.997002229676582e-05,830,AGGCGN,0.11169500648975372,False,False,True,6.301701068878174e-05,GCGCAGAGGCGCCAGGACAGGCCCCCAG
14,7,15,head_3,degradation,0.9345703125,2.2692558765411377,2326,CTCACA,2.25390625,3606,GTCACA,2.484375,3606,GTCACA,2.484375,2326,CTCACA,5.580974539043382e-05,3606,GTCACA,2.9987482776050456e-05,830,AGGCGN,0.11466383934020996,False,False,True,0.0004040747880935669,GCGCAGAGGCGCCAGGACAGGCCCCCAG
14,8,15,head_3,degradation,0.95654296875,1.5203922986984253,2326,CTCACA,2.232421875,3606,GTCACA,2.4765625,3606,GTCACA,2.4765625,2326,CTCACA,5.3709885833086446e-05,3606,GTCACA,2.958590630441904e-05,830,AGGCGN,0.1138099655508995,False,False,True,0.0011269524693489075,GCGCAGAGGCGCCAGGACAGGCCCCCAG
14,9,15,head_3,degradation,0.9501953125,1.8933461904525757,2326,CTCACA,2.25,3606,GTCACA,2.490234375,3606,GTCACA,2.490234375,2326,CTCACA,5.537956894841045e-05,3606,GTCACA,3.04097993648611e-05,830,AGGCGN,0.11397796124219894,False,False,True,0.00029090046882629395,GCGCAGAGGCGCCAGGACAGGCCCCCAG
14,10,15,head_3,degradation,0.97216796875,1.1816563606262207,2326,CTCACA,2.244140625,3606,GTCACA,2.498046875,3606,GTCACA,2.498046875,2326,CTCACA,5.3134674089960754e-05,3606,GTCACA,2.9778884709230624e-05,830,AGGCGN,0.11703313887119293,False,False,True,-0.00019801408052444458,GCGCAGAGGCGCCAGGACAGGCCCCCAG
14,11,15,head_3,degradation,0.9658203125,1.465612769126892,2326,CTCACA,2.25,3606,GTCACA,2.5,3606,GTCACA,2.5,2326,CTCACA,5.394177424022928e-05,3606,GTCACA,2.994202441186644e-05,830,AGGCGN,0.12082404643297195,False,False,True,-0.0015286430716514587,GCGCAGAGGCGCCAGGACAGGCCCCCAG
14,12,15,head_3,degradation,1.005859375,0.5168326497077942,2326,CTCACA,2.216796875,3606,GTCACA,2.4921875,3606,GTCACA,2.4921875,2326,CTCACA,5.0738533900585026e-05,3606,GTCACA,2.8890441171824932e-05,830,AGGCGN,0.12527751922607422,False,False,True,-0.0008208975195884705,GCGCAGAGGCGCCAGGACAGGCCCCCAG
14,13,15,head_3,degradation,1.0,0.775486409664154,2326,CTCACA,2.224609375,3606,GTCACA,2.49609375,3606,GTCACA,2.49609375,2326,CTCACA,5.1112103392370045e-05,3606,GTCACA,2.86774320557015e-05,830,AGGCGN,0.12628868222236633,False,False,True,-0.0010760128498077393,GCGCAGAGGCGCCAGGACAGGCCCCCAG
14,14,15,head_3,degradation,1.005859375,0.8013032078742981,2326,CTCACA,2.224609375,3606,GTCACA,2.5,3606,GTCACA,2.5,2326,CTCACA,5.1285467634443194e-05,3606,GTCACA,2.879224848584272e-05,830,AGGCGN,0.12544354796409607,False,False,True,-0.000905849039554596,GCGCAGAGGCGCCAGGACAGGCCCCCAG
14,15,15,head_3,degradation,0.9873046875,1.57964026927948,2326,CTCACA,2.248046875,3606,GTCACA,2.51171875,3606,GTCACA,2.51171875,2326,CTCACA,5.400796726462431e-05,3606,GTCACA,2.9749624445685185e-05,830,AGGCGN,0.12044372409582138,False,False,True,-0.0006770119071006775,GCGCAGAGGCGCCAGGACAGGCCCCCAG
14,16,15,head_3,degradation,0.99365234375,1.2251849174499512,2326,CTCACA,2.2421875,3606,GTCACA,2.509765625,3606,GTCACA,2.509765625,2326,CTCACA,5.29984463355504e-05,3606,GTCACA,2.9543942218879238e-05,830,AGGCGN,0.11954502761363983,False,False,True,0.0001423656940460205,GCGCAGAGGCGCCAGGACAGGCCCCCAG
14,17,15,head_3,degradation,0.9970703125,1.0752503871917725,2326,CTCACA,2.2421875,3606,GTCACA,2.51171875,3606,GTCACA,2.51171875,2326,CTCACA,5.2546973165590316e-05,3606,GTCACA,2.9432492738123983e-05,830,AGGCGN,0.11993278563022614,False,False,True,-0.0001653805375099182,GCGCAGAGGCGCCAGGACAGGCCCCCAG
14,18,15,head_3,degradation,1.0,0.790939450263977,2326,CTCACA,2.236328125,3606,GTCACA,2.5078125,3606,GTCACA,2.5078125,2326,CTCACA,5.17080225108657e-05,3606,GTCACA,2.9238306524348445e-05,830,AGGCGN,0.12141139805316925,False,False,True,-0.0009056329727172852,GCGCAGAGGCGCCAGGACAGGCCCCCAG
14,19,15,head_3,degradation,0.99072265625,0.9358184337615967,2326,CTCACA,2.23828125,3606,GTCACA,2.50390625,3606,GTCACA,2.50390625,2326,CTCACA,5.208262155065313e-05,3606,GTCACA,2.9284346965141594e-05,830,AGGCGN,0.12087193131446838,False,False,True,-0.0020422041416168213,GCGCAGAGGCGCCAGGACAGGCCCCCAG
14,20,15,head_3,degradation,0.99072265625,0.9085152745246887,2326,CTCACA,2.236328125,3606,GTCACA,2.501953125,3606,GTCACA,2.501953125,2326,CTCACA,5.1988059567520395e-05,3606,GTCACA,2.925170338130556e-05,830,AGGCGN,0.1213577464222908,False,False,True,-0.0022700801491737366,GCGCAGAGGCGCCAGGACAGGCCCCCAG
14,21,15,head_3,degradation,0.99365234375,1.0184969902038574,2326,CTCACA,2.236328125,3606,GTCACA,2.50390625,3606,GTCACA,2.50390625,2326,CTCACA,5.252528717392124e-05,3606,GTCACA,2.9539512979681604e-05,830,AGGCGN,0.12047559022903442,False,False,True,-0.0022953376173973083,GCGCAGAGGCGCCAGGACAGGCCCCCAG
14,22,15,head_3,degradation,0.99365234375,0.9865586161613464,2326,CTCACA,2.236328125,3606,GTCACA,2.50390625,3606,GTCACA,2.50390625,2326,CTCACA,5.235057687968947e-05,3606,GTCACA,2.9437233024509624e-05,830,AGGCGN,0.12020862102508545,False,False,True,-0.0015412792563438416,GCGCAGAGGCGCCAGGACAGGCCCCCAG
14,23,15,head_3,degradation,0.99072265625,1.0620872974395752,2326,CTCACA,2.23828125,3606,GTCACA,2.50390625,3606,GTCACA,2.50390625,2326,CTCACA,5.250054891803302e-05,3606,GTCACA,2.9415919925668277e-05,830,AGGCGN,0.1203068196773529,False,False,True,-0.0013940706849098206,GCGCAGAGGCGCCAGGACAGGCCCCCAG
14,24,15,head_3,degradation,0.9873046875,1.1026594638824463,2326,CTCACA,2.23828125,3606,GTCACA,2.501953125,3606,GTCACA,2.501953125,2326,CTCACA,5.243014311417937e-05,3606,GTCACA,2.925350418081507e-05,830,AGGCGN,0.12058623880147934,False,False,True,-0.0013393089175224304,GCGCAGAGGCGCCAGGACAGGCCCCCAG
14,25,15,head_3,degradation,0.99365234375,1.0258432626724243,2326,CTCACA,2.236328125,3606,GTCACA,2.50390625,3606,GTCACA,2.50390625,2326,CTCACA,5.244422209216282e-05,3606,GTCACA,2.9441787773976102e-05,830,AGGCGN,0.1205744668841362,False,False,True,-0.0013751611113548279,GCGCAGAGGCGCCAGGACAGGCCCCCAG
14,26,15,head_3,degradation,0.9970703125,1.077872395515442,2326,CTCACA,2.248046875,3606,GTCACA,2.517578125,3606,GTCACA,2.517578125,2326,CTCACA,5.2737897931365296e-05,3606,GTCACA,2.9617471227538772e-05,830,AGGCGN,0.1196562722325325,False,False,True,-0.0011187270283699036,GCGCAGAGGCGCCAGGACAGGCCCCCAG
14,27,15,head_3,degradation,0.9970703125,1.0529266595840454,2326,CTCACA,2.248046875,3606,GTCACA,2.517578125,3606,GTCACA,2.517578125,2326,CTCACA,5.2571918786270544e-05,3606,GTCACA,2.95080644718837e-05,830,AGGCGN,0.12003733962774277,False,False,True,-0.002476051449775696,GCGCAGAGGCGCCAGGACAGGCCCCCAG
14,28,15,head_3,degradation,0.9970703125,1.1397119760513306,2326,CTCACA,2.248046875,3606,GTCACA,2.517578125,3606,GTCACA,2.517578125,2326,CTCACA,5.283924110699445e-05,3606,GTCACA,2.9578573958133347e-05,830,AGGCGN,0.12019398808479309,False,False,True,-0.0019954144954681396,GCGCAGAGGCGCCAGGACAGGCCCCCAG
14,29,15,head_3,degradation,0.99072265625,1.1010079383850098,2326,CTCACA,2.234375,3606,GTCACA,2.5,3606,GTCACA,2.5,2326,CTCACA,5.23833732586354e-05,3606,GTCACA,2.9210479624453e-05,830,AGGCGN,0.1208266094326973,False,False,True,-0.002296924591064453,GCGCAGAGGCGCCAGGACAGGCCCCCAG
14,30,15,head_3,degradation,0.99365234375,1.1627888679504395,2326,CTCACA,2.236328125,3606,GTCACA,2.50390625,3606,GTCACA,2.50390625,2326,CTCACA,5.278023309074342e-05,3606,GTCACA,2.9467231797752902e-05,830,AGGCGN,0.12018986791372299,False,False,True,0.0005391612648963928,GCGCAGAGGCGCCAGGACAGGCCCCCAG
14,31,15,head_3,degradation,0.99365234375,1.114674687385559,2326,CTCACA,2.234375,3606,GTCACA,2.501953125,3606,GTCACA,2.501953125,2326,CTCACA,5.270823021419346e-05,3606,GTCACA,2.9504342819564044e-05,830,AGGCGN,0.12027153372764587,False,False,True,0.0011859983205795288,GCGCAGAGGCGCCAGGACAGGCCCCCAG
14,32,15,head_3,degradation,0.9970703125,1.1300299167633057,2326,CTCACA,2.23828125,3606,GTCACA,2.5078125,3606,GTCACA,2.5078125,2326,CTCACA,5.291158959153108e-05,3606,GTCACA,2.9672879463760182e-05,830,AGGCGN,0.12048904597759247,False,False,True,0.001267649233341217,GCGCAGAGGCGCCAGGACAGGCCCCCAG
15,0,15,head_3,degradation,0.9970703125,0.8983063101768494,2326,CTCACA,2.232421875,3606,GTCACA,2.501953125,3606,GTCACA,2.501953125,2326,CTCACA,5.2238177886465564e-05,3606,GTCACA,2.952497379737906e-05,830,AGGCGN,0.1205504834651947,False,False,True,-0.00013897567987442017,GCGCAGAGGCGCCAGGACAGGCCCCCAG
15,1,15,head_3,degradation,0.9970703125,0.9011120200157166,2326,CTCACA,2.232421875,3606,GTCACA,2.501953125,3606,GTCACA,2.501953125,2326,CTCACA,5.2271461754571646e-05,3606,GTCACA,2.955189484055154e-05,830,AGGCGN,0.1204691156744957,False,False,True,-0.0003835633397102356,GCGCAGAGGCGCCAGGACAGGCCCCCAG
15,2,15,head_3,degradation,0.9970703125,0.9233948588371277,2326,CTCACA,2.234375,3606,GTCACA,2.50390625,3606,GTCACA,2.50390625,2326,CTCACA,5.2285096899140626e-05,3606,GTCACA,2.9514996640500613e-05,830,AGGCGN,0.12006739526987076,False,False,True,-0.0004901885986328125,GCGCAGAGGCGCCAGGACAGGCCCCCAG
15,3,15,head_3,degradation,1.0029296875,0.9320502281188965,2326,CTCACA,2.234375,3606,GTCACA,2.5078125,3606,GTCACA,2.5078125,2326,CTCACA,5.248388333711773e-05,3606,GTCACA,2.9694154363824055e-05,830,AGGCGN,0.12100306898355484,False,False,True,-0.00043492019176483154,GCGCAGAGGCGCCAGGACAGGCCCCCAG
15,4,15,head_3,degradation,0.99365234375,0.8726771473884583,2326,CTCACA,2.244140625,3606,GTCACA,2.51171875,3606,GTCACA,2.51171875,2326,CTCACA,5.234569835010916e-05,3606,GTCACA,2.9690616429434158e-05,830,AGGCGN,0.12368784099817276,False,False,True,-0.0002482607960700989,GCGCAGAGGCGCCAGGACAGGCCCCCAG
15,5,15,head_3,degradation,0.9970703125,0.7769501805305481,2326,CTCACA,2.24609375,3606,GTCACA,2.515625,3606,GTCACA,2.515625,2326,CTCACA,5.2024322940269485e-05,3606,GTCACA,2.958633194793947e-05,830,AGGCGN,0.12333414703607559,False,False,True,5.6177377700805664e-05,GCGCAGAGGCGCCAGGACAGGCCCCCAG
15,6,15,head_3,degradation,1.0029296875,0.4828489124774933,2326,CTCACA,2.2265625,3606,GTCACA,2.5,3606,GTCACA,2.5,2326,CTCACA,5.091371713206172e-05,3606,GTCACA,2.914269316534046e-05,830,AGGCGN,0.12279807031154633,False,False,True,-1.6085803508758545e-05,GCGCAGAGGCGCCAGGACAGGCCCCCAG
15,7,15,head_3,degradation,0.97509765625,0.9144579768180847,2326,CTCACA,2.23046875,3606,GTCACA,2.486328125,3606,GTCACA,2.486328125,2326,CTCACA,5.148761556483805e-05,3606,GTCACA,2.8737782486132346e-05,830,AGGCGN,0.11724221706390381,False,False,True,4.069507122039795e-05,GCGCAGAGGCGCCAGGACAGGCCCCCAG
15,8,15,head_3,degradation,0.96240234375,1.1775344610214233,2326,CTCACA,2.248046875,3606,GTCACA,2.49609375,3606,GTCACA,2.49609375,2326,CTCACA,5.2668361604446545e-05,3606,GTCACA,2.9321920010261238e-05,830,AGGCGN,0.11601292341947556,False,False,True,-0.00019738078117370605,GCGCAGAGGCGCCAGGACAGGCCCCCAG
15,9,15,head_3,degradation,0.9375,1.945379376411438,2326,CTCACA,2.2890625,3606,GTCACA,2.521484375,3606,GTCACA,2.521484375,2326,CTCACA,5.502274143509567e-05,3606,GTCACA,2.993497037095949e-05,830,AGGCGN,0.1170344278216362,False,False,True,0.00010065734386444092,GCGCAGAGGCGCCAGGACAGGCCCCCAG
15,10,15,head_3,degradation,0.95947265625,1.3734118938446045,2326,CTCACA,2.27734375,3606,GTCACA,2.5234375,3606,GTCACA,2.5234375,2326,CTCACA,5.320919808582403e-05,3606,GTCACA,2.941854290838819e-05,830,AGGCGN,0.11933387815952301,False,False,True,0.00013812631368637085,GCGCAGAGGCGCCAGGACAGGCCCCCAG
15,11,15,head_3,degradation,0.97802734375,1.1704840660095215,2326,CTCACA,2.2578125,3606,GTCACA,2.515625,3606,GTCACA,2.515625,2326,CTCACA,5.2698957006214187e-05,3606,GTCACA,2.9368504328886047e-05,830,AGGCGN,0.12015499919652939,False,False,True,-0.0004579797387123108,GCGCAGAGGCGCCAGGACAGGCCCCCAG
15,12,15,head_3,degradation,0.9814453125,0.6160855889320374,2326,CTCACA,2.275390625,3606,GTCACA,2.53515625,3606,GTCACA,2.53515625,2326,CTCACA,5.100348425912671e-05,3606,GTCACA,2.893030432460364e-05,830,AGGCGN,0.13032248616218567,False,False,True,-0.001956067979335785,GCGCAGAGGCGCCAGGACAGGCCCCCAG
15,13,15,head_3,degradation,0.9873046875,0.8560482263565063,2326,CTCACA,2.2734375,3606,GTCACA,2.537109375,3606,GTCACA,2.537109375,2326,CTCACA,5.232030889601447e-05,3606,GTCACA,2.9702938263653778e-05,830,AGGCGN,0.13093216717243195,False,False,True,-0.00234811007976532,GCGCAGAGGCGCCAGGACAGGCCCCCAG
15,14,15,head_3,degradation,0.99365234375,0.9443318247795105,2326,CTCACA,2.2734375,3606,GTCACA,2.541015625,3606,GTCACA,2.541015625,2326,CTCACA,5.228669033385813e-05,3606,GTCACA,2.946910899481736e-05,830,AGGCGN,0.13020271062850952,False,False,True,-0.002141818404197693,GCGCAGAGGCGCCAGGACAGGCCCCCAG
15,15,15,head_3,degradation,1.0029296875,1.0349719524383545,2326,CTCACA,2.23828125,3606,GTCACA,2.51171875,3606,GTCACA,2.51171875,2326,CTCACA,5.243717896519229e-05,3606,GTCACA,2.9414042728603818e-05,830,AGGCGN,0.12022025138139725,False,False,True,-0.000937148928642273,GCGCAGAGGCGCCAGGACAGGCCCCCAG
15,16,15,head_3,degradation,1.0029296875,1.0389117002487183,2326,CTCACA,2.23828125,3606,GTCACA,2.51171875,3606,GTCACA,2.51171875,2326,CTCACA,5.2329181926324964e-05,3606,GTCACA,2.9297110813786276e-05,830,AGGCGN,0.11980796605348587,False,False,True,-0.0004421323537826538,GCGCAGAGGCGCCAGGACAGGCCCCCAG
15,17,15,head_3,degradation,1.009765625,0.9038591980934143,2326,CTCACA,2.234375,3606,GTCACA,2.51171875,3606,GTCACA,2.51171875,2326,CTCACA,5.2649149438366294e-05,3606,GTCACA,2.9923352485639043e-05,830,AGGCGN,0.12053698301315308,False,False,True,-6.212294101715088e-05,GCGCAGAGGCGCCAGGACAGGCCCCCAG
15,18,15,head_3,degradation,1.015625,0.9319210648536682,2326,CTCACA,2.234375,3606,GTCACA,2.515625,3606,GTCACA,2.515625,2326,CTCACA,5.3007643145974725e-05,3606,GTCACA,3.021820702997502e-05,830,AGGCGN,0.12035287171602249,False,False,True,-0.0007490962743759155,GCGCAGAGGCGCCAGGACAGGCCCCCAG
15,19,15,head_3,degradation,1.009765625,0.9154509902000427,2326,CTCACA,2.234375,3606,GTCACA,2.51171875,3606,GTCACA,2.51171875,2326,CTCACA,5.2659306675195694e-05,3606,GTCACA,2.99072216876084e-05,830,AGGCGN,0.12099888175725937,False,False,True,-0.0017460808157920837,GCGCAGAGGCGCCAGGACAGGCCCCCAG
15,20,15,head_3,degradation,1.0,0.9713630080223083,2326,CTCACA,2.23046875,3606,GTCACA,2.501953125,3606,GTCACA,2.501953125,2326,CTCACA,5.235191201791167e-05,3606,GTCACA,2.9473028916982003e-05,830,AGGCGN,0.12029976397752762,False,False,True,-0.0026319026947021484,GCGCAGAGGCGCCAGGACAGGCCCCCAG
15,21,15,head_3,degradation,1.0,0.9241704940795898,2326,CTCACA,2.228515625,3606,GTCACA,2.5,3606,GTCACA,2.5,2326,CTCACA,5.200903979130089e-05,3606,GTCACA,2.923718056990765e-05,830,AGGCGN,0.12041783332824707,False,False,True,-0.002360410988330841,GCGCAGAGGCGCCAGGACAGGCCCCCAG
15,22,15,head_3,degradation,1.0,0.9530994296073914,2326,CTCACA,2.232421875,3606,GTCACA,2.50390625,3606,GTCACA,2.50390625,2326,CTCACA,5.229414819041267e-05,3606,GTCACA,2.945668347820174e-05,830,AGGCGN,0.12024220079183578,False,False,True,-0.0022901222109794617,GCGCAGAGGCGCCAGGACAGGCCCCCAG
15,23,15,head_3,degradation,0.9970703125,0.9840584993362427,2326,CTCACA,2.234375,3606,GTCACA,2.50390625,3606,GTCACA,2.50390625,2326,CTCACA,5.2375602535903454e-05,3606,GTCACA,2.946792847069446e-05,830,AGGCGN,0.12034502625465393,False,False,True,-0.001514725387096405,GCGCAGAGGCGCCAGGACAGGCCCCCAG
15,24,15,head_3,degradation,0.9970703125,1.013738989830017,2326,CTCACA,2.23828125,3606,GTCACA,2.5078125,3606,GTCACA,2.5078125,2326,CTCACA,5.28432683495339e-05,3606,GTCACA,2.9868284400436096e-05,830,AGGCGN,0.12026552110910416,False,False,True,-0.000982925295829773,GCGCAGAGGCGCCAGGACAGGCCCCCAG
15,25,15,head_3,degradation,1.0,0.9994465708732605,2326,CTCACA,2.236328125,3606,GTCACA,2.5078125,3606,GTCACA,2.5078125,2326,CTCACA,5.267584856483154e-05,3606,GTCACA,2.973327718791552e-05,830,AGGCGN,0.12039405107498169,False,False,True,-0.000872395932674408,GCGCAGAGGCGCCAGGACAGGCCCCCAG
15,26,15,head_3,degradation,1.0126953125,0.8823704123497009,2326,CTCACA,2.232421875,3606,GTCACA,2.51171875,3606,GTCACA,2.51171875,2326,CTCACA,5.2902680181432515e-05,3606,GTCACA,3.022561577381566e-05,830,AGGCGN,0.11928346008062363,False,False,True,-0.0006247237324714661,GCGCAGAGGCGCCAGGACAGGCCCCCAG
15,27,15,head_3,degradation,1.0126953125,0.7998988032341003,2326,CTCACA,2.232421875,3606,GTCACA,2.51171875,3606,GTCACA,2.51171875,2326,CTCACA,5.2705774578498676e-05,3606,GTCACA,3.021574048034381e-05,830,AGGCGN,0.1194903627038002,False,False,True,-0.0019293427467346191,GCGCAGAGGCGCCAGGACAGGCCCCCAG
15,28,15,head_3,degradation,1.0029296875,0.859297513961792,2326,CTCACA,2.236328125,3606,GTCACA,2.509765625,3606,GTCACA,2.509765625,2326,CTCACA,5.273028364172205e-05,3606,GTCACA,3.01055442832876e-05,830,AGGCGN,0.11960797011852264,False,False,True,-0.0015626177191734314,GCGCAGAGGCGCCAGGACAGGCCCCCAG
15,29,15,head_3,degradation,0.9970703125,0.9698430299758911,2326,CTCACA,2.23828125,3606,GTCACA,2.5078125,3606,GTCACA,2.5078125,2326,CTCACA,5.240995596977882e-05,3606,GTCACA,2.953451985376887e-05,830,AGGCGN,0.12042214721441269,False,False,True,-0.002792157232761383,GCGCAGAGGCGCCAGGACAGGCCCCCAG
15,30,15,head_3,degradation,1.0,1.0090179443359375,2326,CTCACA,2.23828125,3606,GTCACA,2.509765625,3606,GTCACA,2.509765625,2326,CTCACA,5.25834402651526e-05,3606,GTCACA,2.961916288768407e-05,830,AGGCGN,0.12020847201347351,False,False,True,-0.0016302615404129028,GCGCAGAGGCGCCAGGACAGGCCCCCAG
15,31,15,head_3,degradation,1.0029296875,0.9368442893028259,2326,CTCACA,2.234375,3606,GTCACA,2.5078125,3606,GTCACA,2.5078125,2326,CTCACA,5.233030969975516e-05,3606,GTCACA,2.952970862679649e-05,830,AGGCGN,0.12018407881259918,False,False,True,-0.0013362988829612732,GCGCAGAGGCGCCAGGACAGGCCCCCAG
15,32,15,head_3,degradation,1.0029296875,0.8840106725692749,2326,CTCACA,2.23046875,3606,GTCACA,2.50390625,3606,GTCACA,2.50390625,2326,CTCACA,5.223407788434997e-05,3606,GTCACA,2.9553293643402867e-05,830,AGGCGN,0.11973991245031357,False,False,True,-0.000619746744632721,GCGCAGAGGCGCCAGGACAGGCCCCCAG
16,0,15,head_3,degradation,1.0,1.168182134628296,2326,CTCACA,2.23828125,3606,GTCACA,2.509765625,3606,GTCACA,2.509765625,2326,CTCACA,5.334267916623503e-05,3606,GTCACA,3.0017446988495067e-05,830,AGGCGN,0.11939258128404617,False,False,True,0.0003924369812011719,GCGCAGAGGCGCCAGGACAGGCCCCCAG
16,1,15,head_3,degradation,0.99365234375,1.2345036268234253,2326,CTCACA,2.240234375,3606,GTCACA,2.5078125,3606,GTCACA,2.5078125,2326,CTCACA,5.346447869669646e-05,3606,GTCACA,2.9988841561134905e-05,830,AGGCGN,0.11961960792541504,False,False,True,0.00041957199573516846,GCGCAGAGGCGCCAGGACAGGCCCCCAG
16,2,15,head_3,degradation,0.9970703125,1.261137843132019,2326,CTCACA,2.23828125,3606,GTCACA,2.5078125,3606,GTCACA,2.5078125,2326,CTCACA,5.3461546485777944e-05,3606,GTCACA,2.9925507988082245e-05,830,AGGCGN,0.11951999366283417,False,False,True,0.00021641701459884644,GCGCAGAGGCGCCAGGACAGGCCCCCAG
16,3,15,head_3,degradation,0.99365234375,1.1973196268081665,2326,CTCACA,2.234375,3606,GTCACA,2.501953125,3606,GTCACA,2.501953125,2326,CTCACA,5.311123823048547e-05,3606,GTCACA,2.9719927624682896e-05,830,AGGCGN,0.11911959201097488,False,False,True,0.00011450797319412231,GCGCAGAGGCGCCAGGACAGGCCCCCAG
16,4,15,head_3,degradation,0.99365234375,1.1593406200408936,2326,CTCACA,2.23046875,3606,GTCACA,2.498046875,3606,GTCACA,2.498046875,2326,CTCACA,5.340381903806701e-05,3606,GTCACA,3.0098637580522336e-05,830,AGGCGN,0.11809542775154114,False,False,True,6.035715341567993e-05,GCGCAGAGGCGCCAGGACAGGCCCCCAG
16,5,15,head_3,degradation,0.97802734375,1.2901357412338257,2326,CTCACA,2.220703125,3606,GTCACA,2.478515625,3606,GTCACA,2.478515625,2326,CTCACA,5.289070031722076e-05,3606,GTCACA,2.928889989561867e-05,830,AGGCGN,0.11754198372364044,False,False,True,0.0002651587128639221,GCGCAGAGGCGCCAGGACAGGCCCCCAG
16,6,15,head_3,degradation,0.916015625,2.140564441680908,2326,CTCACA,2.236328125,3606,GTCACA,2.455078125,3606,GTCACA,2.455078125,2326,CTCACA,5.3618794481735677e-05,3606,GTCACA,2.808837962220423e-05,830,AGGCGN,0.11969614773988724,False,False,True,-0.0002458617091178894,GCGCAGAGGCGCCAGGACAGGCCCCCAG
16,7,15,head_3,degradation,0.87841796875,1.577396035194397,2326,CTCACA,2.35546875,3606,GTCACA,2.55078125,3606,GTCACA,2.55078125,2326,CTCACA,5.256746953818947e-05,3606,GTCACA,2.8314216251601465e-05,830,AGGCGN,0.14107957482337952,False,False,True,-0.0015226751565933228,GCGCAGAGGCGCCAGGACAGGCCCCCAG
16,8,15,head_3,degradation,0.89404296875,0.8892506957054138,2326,CTCACA,2.365234375,3606,GTCACA,2.5703125,3606,GTCACA,2.5703125,2326,CTCACA,5.0622336857486516e-05,3606,GTCACA,2.7929669158766046e-05,830,AGGCGN,0.138652041554451,False,False,True,-0.0007763653993606567,GCGCAGAGGCGCCAGGACAGGCCCCCAG
16,9,15,head_3,degradation,0.96240234375,-0.2695244550704956,2326,CTCACA,2.3515625,3606,GTCACA,2.599609375,3606,GTCACA,2.599609375,2326,CTCACA,4.863945650868118e-05,3606,GTCACA,2.8574675525305793e-05,830,AGGCGN,0.13853952288627625,False,False,True,-0.0010038092732429504,GCGCAGAGGCGCCAGGACAGGCCCCCAG
16,10,15,head_3,degradation,1.0,0.1431272178888321,2326,CTCACA,2.236328125,3606,GTCACA,2.5078125,3606,GTCACA,2.5078125,2326,CTCACA,4.864628499490209e-05,3606,GTCACA,2.7645686714095064e-05,830,AGGCGN,0.11989632248878479,False,False,True,0.00023537874221801758,GCGCAGAGGCGCCAGGACAGGCCCCCAG
16,11,15,head_3,degradation,0.9970703125,0.6772152185440063,2326,CTCACA,2.234375,3606,GTCACA,2.50390625,3606,GTCACA,2.50390625,2326,CTCACA,5.110550409881398e-05,3606,GTCACA,2.8893693524878472e-05,830,AGGCGN,0.12057086080312729,False,False,True,-0.0004361271858215332,GCGCAGAGGCGCCAGGACAGGCCCCCAG
16,12,15,head_3,degradation,0.99072265625,1.0637364387512207,2326,CTCACA,2.236328125,3606,GTCACA,2.501953125,3606,GTCACA,2.501953125,2326,CTCACA,5.271217742119916e-05,3606,GTCACA,2.9623808586620726e-05,830,AGGCGN,0.1200147196650505,False,False,True,0.00013007968664169312,GCGCAGAGGCGCCAGGACAGGCCCCCAG
16,13,15,head_3,degradation,0.984375,0.9426610469818115,2326,CTCACA,2.236328125,3606,GTCACA,2.498046875,3606,GTCACA,2.498046875,2326,CTCACA,5.209153823670931e-05,3606,GTCACA,2.9277745852596126e-05,830,AGGCGN,0.1201753318309784,False,False,True,-0.0005037784576416016,GCGCAGAGGCGCCAGGACAGGCCCCCAG
16,14,15,head_3,degradation,0.9970703125,0.7815325260162354,2326,CTCACA,2.232421875,3606,GTCACA,2.501953125,3606,GTCACA,2.501953125,2326,CTCACA,5.148140917299315e-05,3606,GTCACA,2.903302629420068e-05,830,AGGCGN,0.12006668001413345,False,False,True,-0.0014853551983833313,GCGCAGAGGCGCCAGGACAGGCCCCCAG
16,15,15,head_3,degradation,1.0029296875,0.6726184487342834,2326,CTCACA,2.234375,3606,GTCACA,2.5078125,3606,GTCACA,2.5078125,2326,CTCACA,5.1239268941571936e-05,3606,GTCACA,2.903788299590815e-05,830,AGGCGN,0.12079616636037827,False,False,True,-0.00141974538564682,GCGCAGAGGCGCCAGGACAGGCCCCCAG
16,16,15,head_3,degradation,1.009765625,0.9231197237968445,2326,CTCACA,2.234375,3606,GTCACA,2.51171875,3606,GTCACA,2.51171875,2326,CTCACA,5.245915599516593e-05,3606,GTCACA,2.9689679649891332e-05,830,AGGCGN,0.12034959346055984,False,False,True,-0.0005899891257286072,GCGCAGAGGCGCCAGGACAGGCCCCCAG
16,17,15,head_3,degradation,0.9970703125,1.0719345808029175,2326,CTCACA,2.234375,3606,GTCACA,2.50390625,3606,GTCACA,2.50390625,2326,CTCACA,5.2761843107873574e-05,3606,GTCACA,2.96548823826015e-05,830,AGGCGN,0.12030208110809326,False,False,True,-0.00017387419939041138,GCGCAGAGGCGCCAGGACAGGCCCCCAG
16,18,15,head_3,degradation,1.005859375,0.9085730314254761,2326,CTCACA,2.228515625,3606,GTCACA,2.50390625,3606,GTCACA,2.50390625,2326,CTCACA,5.2313494961708784e-05,3606,GTCACA,2.9577007808256894e-05,830,AGGCGN,0.12003366649150848,False,False,True,-0.0008059665560722351,GCGCAGAGGCGCCAGGACAGGCCCCCAG
16,19,15,head_3,degradation,1.005859375,0.910746693611145,2326,CTCACA,2.2265625,3606,GTCACA,2.501953125,3606,GTCACA,2.501953125,2326,CTCACA,5.23206836078316e-05,3606,GTCACA,2.9579266993096098e-05,830,AGGCGN,0.11992017924785614,False,False,True,-0.0017139390110969543,GCGCAGAGGCGCCAGGACAGGCCCCCAG
16,20,15,head_3,degradation,1.009765625,0.902373731136322,2326,CTCACA,2.23046875,3606,GTCACA,2.5078125,3606,GTCACA,2.5078125,2326,CTCACA,5.252753180684522e-05,3606,GTCACA,2.9805103622493334e-05,830,AGGCGN,0.12024015933275223,False,False,True,-0.002183094620704651,GCGCAGAGGCGCCAGGACAGGCCCCCAG
16,21,15,head_3,degradation,1.0029296875,0.9667245149612427,2326,CTCACA,2.234375,3606,GTCACA,2.5078125,3606,GTCACA,2.5078125,2326,CTCACA,5.26053954672534e-05,3606,GTCACA,2.9737031582044438e-05,830,AGGCGN,0.11953968554735184,False,False,True,-0.0016825199127197266,GCGCAGAGGCGCCAGGACAGGCCCCCAG
16,22,15,head_3,degradation,1.0029296875,0.9213046431541443,2326,CTCACA,2.234375,3606,GTCACA,2.5078125,3606,GTCACA,2.5078125,2326,CTCACA,5.239862730377354e-05,3606,GTCACA,2.9633267331519164e-05,830,AGGCGN,0.12029509991407394,False,False,True,-0.0012553855776786804,GCGCAGAGGCGCCAGGACAGGCCCCCAG
16,23,15,head_3,degradation,1.0029296875,0.9377410411834717,2326,CTCACA,2.234375,3606,GTCACA,2.5078125,3606,GTCACA,2.5078125,2326,CTCACA,5.2508385124383494e-05,3606,GTCACA,2.970575042127166e-05,830,AGGCGN,0.12019631266593933,False,False,True,-0.0010276883840560913,GCGCAGAGGCGCCAGGACAGGCCCCCAG
16,24,15,head_3,degradation,1.0029296875,0.9595498442649841,2326,CTCACA,2.234375,3606,GTCACA,2.5078125,3606,GTCACA,2.5078125,2326,CTCACA,5.259404133539647e-05,3606,GTCACA,2.9741948310402222e-05,830,AGGCGN,0.12040344625711441,False,False,True,-0.0010435506701469421,GCGCAGAGGCGCCAGGACAGGCCCCCAG
16,25,15,head_3,degradation,1.0,1.0287100076675415,2326,CTCACA,2.236328125,3606,GTCACA,2.5078125,3606,GTCACA,2.5078125,2326,CTCACA,5.27271768078208e-05,3606,GTCACA,2.971824142150581e-05,830,AGGCGN,0.12036068737506866,False,False,True,-0.00020879507064819336,GCGCAGAGGCGCCAGGACAGGCCCCCAG
16,26,15,head_3,degradation,0.99365234375,1.0601069927215576,2326,CTCACA,2.234375,3606,GTCACA,2.501953125,3606,GTCACA,2.501953125,2326,CTCACA,5.268720269668847e-05,3606,GTCACA,2.9607064789161086e-05,830,AGGCGN,0.12031897902488708,False,False,True,0.00019815564155578613,GCGCAGAGGCGCCAGGACAGGCCCCCAG
16,27,15,head_3,degradation,0.9970703125,0.9982947707176208,2326,CTCACA,2.234375,3606,GTCACA,2.50390625,3606,GTCACA,2.50390625,2326,CTCACA,5.2618914196500555e-05,3606,GTCACA,2.9678954888368025e-05,830,AGGCGN,0.12025471776723862,False,False,True,8.05482268333435e-05,GCGCAGAGGCGCCAGGACAGGCCCCCAG
16,28,15,head_3,degradation,1.0,0.9744381904602051,2326,CTCACA,2.232421875,3606,GTCACA,2.50390625,3606,GTCACA,2.50390625,2326,CTCACA,5.25394243595656e-05,3606,GTCACA,2.9653567253262736e-05,830,AGGCGN,0.12026555091142654,False,False,True,8.856505155563354e-05,GCGCAGAGGCGCCAGGACAGGCCCCCAG
16,29,15,head_3,degradation,0.99365234375,1.0967648029327393,2326,CTCACA,2.234375,3606,GTCACA,2.501953125,3606,GTCACA,2.501953125,2326,CTCACA,5.2792314818361774e-05,3606,GTCACA,2.962904363812413e-05,830,AGGCGN,0.12025408446788788,False,False,True,-0.000535033643245697,GCGCAGAGGCGCCAGGACAGGCCCCCAG
16,30,15,head_3,degradation,0.99365234375,1.033362865447998,2326,CTCACA,2.234375,3606,GTCACA,2.501953125,3606,GTCACA,2.501953125,2326,CTCACA,5.24872011737898e-05,3606,GTCACA,2.946771382994484e-05,830,AGGCGN,0.12040292471647263,False,False,True,-0.0006011649966239929,GCGCAGAGGCGCCAGGACAGGCCCCCAG
16,31,15,head_3,degradation,0.99365234375,1.0051357746124268,2326,CTCACA,2.234375,3606,GTCACA,2.501953125,3606,GTCACA,2.501953125,2326,CTCACA,5.2456060075201094e-05,3606,GTCACA,2.9500586606445722e-05,830,AGGCGN,0.1207895278930664,False,False,True,-0.0006451159715652466,GCGCAGAGGCGCCAGGACAGGCCCCCAG
16,32,15,head_3,degradation,0.99365234375,0.9660924673080444,2326,CTCACA,2.236328125,3606,GTCACA,2.50390625,3606,GTCACA,2.50390625,2326,CTCACA,5.236470315139741e-05,3606,GTCACA,2.9497772629838437e-05,830,AGGCGN,0.12065090984106064,False,False,True,-0.000982731580734253,GCGCAGAGGCGCCAGGACAGGCCCCCAG
17,0,15,head_3,degradation,1.0,0.9147779941558838,2326,CTCACA,2.236328125,3606,GTCACA,2.5078125,3606,GTCACA,2.5078125,2326,CTCACA,5.245105057838373e-05,3606,GTCACA,2.970049172290601e-05,830,AGGCGN,0.12060856819152832,False,False,True,-0.0008309483528137207,GCGCAGAGGCGCCAGGACAGGCCCCCAG
17,1,15,head_3,degradation,1.0,0.8946214914321899,2326,CTCACA,2.236328125,3606,GTCACA,2.5078125,3606,GTCACA,2.5078125,2326,CTCACA,5.2392650104593486e-05,3606,GTCACA,2.9687802452826872e-05,830,AGGCGN,0.12069137394428253,False,False,True,-0.0011616498231887817,GCGCAGAGGCGCCAGGACAGGCCCCCAG
17,2,15,head_3,degradation,1.0,0.9008409380912781,2326,CTCACA,2.236328125,3606,GTCACA,2.5078125,3606,GTCACA,2.5078125,2326,CTCACA,5.2384457376319915e-05,3606,GTCACA,2.9665505280718207e-05,830,AGGCGN,0.12078118324279785,False,False,True,-0.0009248554706573486,GCGCAGAGGCGCCAGGACAGGCCCCCAG
17,3,15,head_3,degradation,1.0,0.8689562678337097,2326,CTCACA,2.236328125,3606,GTCACA,2.5078125,3606,GTCACA,2.5078125,2326,CTCACA,5.21730980835855e-05,3606,GTCACA,2.9526454454753548e-05,830,AGGCGN,0.12080881744623184,False,False,True,-0.0006903931498527527,GCGCAGAGGCGCCAGGACAGGCCCCCAG
17,4,15,head_3,degradation,1.0,0.7328521609306335,2326,CTCACA,2.236328125,3606,GTCACA,2.5078125,3606,GTCACA,2.5078125,2326,CTCACA,5.11395774083212e-05,3606,GTCACA,2.8801592634408735e-05,830,AGGCGN,0.1232488602399826,False,False,True,-0.00038861483335494995,GCGCAGAGGCGCCAGGACAGGCCCCCAG
17,5,15,head_3,degradation,1.0,0.9858672022819519,2326,CTCACA,2.236328125,3606,GTCACA,2.5078125,3606,GTCACA,2.5078125,2326,CTCACA,5.102393697598018e-05,3606,GTCACA,2.8112161089666188e-05,830,AGGCGN,0.13293398916721344,False,False,True,-0.00011058151721954346,GCGCAGAGGCGCCAGGACAGGCCCCCAG
17,6,15,head_3,degradation,0.89697265625,2.342621326446533,2326,CTCACA,2.310546875,3606,GTCACA,2.517578125,3606,GTCACA,2.517578125,2326,CTCACA,5.415543637354858e-05,3606,GTCACA,2.8166794436401688e-05,830,AGGCGN,0.1340610533952713,False,False,True,-0.00029978901147842407,GCGCAGAGGCGCCAGGACAGGCCCCCAG
17,7,15,head_3,degradation,0.89697265625,3.4301180839538574,2326,CTCACA,2.310546875,3606,GTCACA,2.517578125,3606,GTCACA,2.517578125,2326,CTCACA,5.8829598856391385e-05,3606,GTCACA,3.0374716516234912e-05,830,AGGCGN,0.12742610275745392,False,False,True,-0.0013865232467651367,GCGCAGAGGCGCCAGGACAGGCCCCCAG
17,8,15,head_3,degradation,0.89697265625,2.7264811992645264,2326,CTCACA,2.310546875,3606,GTCACA,2.517578125,3606,GTCACA,2.517578125,2326,CTCACA,5.768161281594075e-05,3606,GTCACA,3.08224480249919e-05,830,AGGCGN,0.11763118952512741,False,False,True,-0.0015035644173622131,GCGCAGAGGCGCCAGGACAGGCCCCCAG
17,9,15,head_3,degradation,1.0,1.1068086624145508,2326,CTCACA,2.236328125,3606,GTCACA,2.5078125,3606,GTCACA,2.5078125,2326,CTCACA,5.367106132325716e-05,3606,GTCACA,3.048501275770832e-05,830,AGGCGN,0.11709991097450256,False,False,True,-0.0015564635396003723,GCGCAGAGGCGCCAGGACAGGCCCCCAG
17,10,15,head_3,degradation,1.0,0.40377095341682434,2326,CTCACA,2.236328125,3606,GTCACA,2.5078125,3606,GTCACA,2.5078125,2326,CTCACA,5.068506288807839e-05,3606,GTCACA,2.909337308665272e-05,830,AGGCGN,0.12086466699838638,False,False,True,-0.0005535408854484558,GCGCAGAGGCGCCAGGACAGGCCCCCAG
17,11,15,head_3,degradation,1.0,0.6865274906158447,2326,CTCACA,2.236328125,3606,GTCACA,2.5078125,3606,GTCACA,2.5078125,2326,CTCACA,5.134688763064332e-05,3606,GTCACA,2.9113958589732647e-05,830,AGGCGN,0.121497742831707,False,False,True,-0.0007584989070892334,GCGCAGAGGCGCCAGGACAGGCCCCCAG
17,12,15,head_3,degradation,1.0,1.0100758075714111,2326,CTCACA,2.236328125,3606,GTCACA,2.5078125,3606,GTCACA,2.5078125,2326,CTCACA,5.255276846583001e-05,3606,GTCACA,2.9586091841338202e-05,830,AGGCGN,0.12069140374660492,False,False,True,-0.0004551112651824951,GCGCAGAGGCGCCAGGACAGGCCCCCAG
17,13,15,head_3,degradation,1.0,0.9197485446929932,2326,CTCACA,2.236328125,3606,GTCACA,2.5078125,3606,GTCACA,2.5078125,2326,CTCACA,5.218672231421806e-05,3606,GTCACA,2.9424891181406565e-05,830,AGGCGN,0.12057697027921677,False,False,True,-0.000642046332359314,GCGCAGAGGCGCCAGGACAGGCCCCCAG
17,14,15,head_3,degradation,1.0,0.9546282291412354,2326,CTCACA,2.236328125,3606,GTCACA,2.5078125,3606,GTCACA,2.5078125,2326,CTCACA,5.227433211985044e-05,3606,GTCACA,2.9433400413836353e-05,830,AGGCGN,0.12050515413284302,False,False,True,-0.0005798190832138062,GCGCAGAGGCGCCAGGACAGGCCCCCAG
17,15,15,head_3,degradation,1.0,0.8276197910308838,2326,CTCACA,2.236328125,3606,GTCACA,2.5078125,3606,GTCACA,2.5078125,2326,CTCACA,5.181924643693492e-05,3606,GTCACA,2.9266346246004105e-05,830,AGGCGN,0.12064287066459656,False,False,True,-0.0007118433713912964,GCGCAGAGGCGCCAGGACAGGCCCCCAG
17,16,15,head_3,degradation,1.0,0.8519254922866821,2326,CTCACA,2.236328125,3606,GTCACA,2.5078125,3606,GTCACA,2.5078125,2326,CTCACA,5.1923274440923706e-05,3606,GTCACA,2.9315253414097242e-05,830,AGGCGN,0.12064924091100693,False,False,True,-0.0005370825529098511,GCGCAGAGGCGCCAGGACAGGCCCCCAG
17,17,15,head_3,degradation,1.0,0.9323734641075134,2326,CTCACA,2.236328125,3606,GTCACA,2.5078125,3606,GTCACA,2.5078125,2326,CTCACA,5.232357943896204e-05,3606,GTCACA,2.9533117412938736e-05,830,AGGCGN,0.12055613845586777,False,False,True,-0.0004104822874069214,GCGCAGAGGCGCCAGGACAGGCCCCCAG
17,18,15,head_3,degradation,1.0,0.9100769758224487,2326,CTCACA,2.236328125,3606,GTCACA,2.5078125,3606,GTCACA,2.5078125,2326,CTCACA,5.222298568696715e-05,3606,GTCACA,2.948308792838361e-05,830,AGGCGN,0.12059451639652252,False,False,True,-0.0008274391293525696,GCGCAGAGGCGCCAGGACAGGCCCCCAG
17,19,15,head_3,degradation,1.0,0.9205851554870605,2326,CTCACA,2.236328125,3606,GTCACA,2.5078125,3606,GTCACA,2.5078125,2326,CTCACA,5.227874135016464e-05,3606,GTCACA,2.9515013011405244e-05,830,AGGCGN,0.12057601660490036,False,False,True,-0.0010089725255966187,GCGCAGAGGCGCCAGGACAGGCCCCCAG
17,20,15,head_3,degradation,1.0,0.9104627966880798,2326,CTCACA,2.236328125,3606,GTCACA,2.5078125,3606,GTCACA,2.5078125,2326,CTCACA,5.2226030675228685e-05,3606,GTCACA,2.948525798274204e-05,830,AGGCGN,0.12059234827756882,False,False,True,-0.0013937056064605713,GCGCAGAGGCGCCAGGACAGGCCCCCAG
17,21,15,head_3,degradation,1.0,0.9710012674331665,2326,CTCACA,2.236328125,3606,GTCACA,2.5078125,3606,GTCACA,2.5078125,2326,CTCACA,5.2512201364152133e-05,3606,GTCACA,2.9634138627443463e-05,830,AGGCGN,0.12050440162420273,False,False,True,-0.0009280368685722351,GCGCAGAGGCGCCAGGACAGGCCCCCAG
17,22,15,head_3,degradation,1.0,0.9854252338409424,2326,CTCACA,2.236328125,3606,GTCACA,2.5078125,3606,GTCACA,2.5078125,2326,CTCACA,5.2578958275262266e-05,3606,GTCACA,2.966818465210963e-05,830,AGGCGN,0.12048100680112839,False,False,True,-0.000651918351650238,GCGCAGAGGCGCCAGGACAGGCCCCCAG
17,23,15,head_3,degradation,1.0,1.0011662244796753,2326,CTCACA,2.236328125,3606,GTCACA,2.5078125,3606,GTCACA,2.5078125,2326,CTCACA,5.265358049655333e-05,3606,GTCACA,2.9707109206356108e-05,830,AGGCGN,0.12045887112617493,False,False,True,-0.00037741661071777344,GCGCAGAGGCGCCAGGACAGGCCCCCAG
17,24,15,head_3,degradation,1.0,1.0044788122177124,2326,CTCACA,2.236328125,3606,GTCACA,2.5078125,3606,GTCACA,2.5078125,2326,CTCACA,5.2669776778202504e-05,3606,GTCACA,2.9715793061768636e-05,830,AGGCGN,0.12045365571975708,False,False,True,-0.0005726367235183716,GCGCAGAGGCGCCAGGACAGGCCCCCAG
17,25,15,head_3,degradation,1.0,1.0024735927581787,2326,CTCACA,2.236328125,3606,GTCACA,2.5078125,3606,GTCACA,2.5078125,2326,CTCACA,5.265934669296257e-05,3606,GTCACA,2.970991045003757e-05,830,AGGCGN,0.12045736610889435,False,False,True,-0.0006210729479789734,GCGCAGAGGCGCCAGGACAGGCCCCCAG
17,26,15,head_3,degradation,1.0,1.0024118423461914,2326,CTCACA,2.236328125,3606,GTCACA,2.5078125,3606,GTCACA,2.5078125,2326,CTCACA,5.266006337478757e-05,3606,GTCACA,2.971076719404664e-05,830,AGGCGN,0.12045717239379883,False,False,True,-0.001179717481136322,GCGCAGAGGCGCCAGGACAGGCCCCCAG
17,27,15,head_3,degradation,1.0,1.0020886659622192,2326,CTCACA,2.236328125,3606,GTCACA,2.5078125,3606,GTCACA,2.5078125,2326,CTCACA,5.265734580461867e-05,3606,GTCACA,2.970878267660737e-05,830,AGGCGN,0.12045830488204956,False,False,True,-0.0010160356760025024,GCGCAGAGGCGCCAGGACAGGCCCCCAG
17,28,15,head_3,degradation,1.0,1.001853585243225,2326,CTCACA,2.236328125,3606,GTCACA,2.5078125,3606,GTCACA,2.5078125,2326,CTCACA,5.265611980576068e-05,3606,GTCACA,2.970808964164462e-05,830,AGGCGN,0.1204591616988182,False,False,True,-0.0011716634035110474,GCGCAGAGGCGCCAGGACAGGCCCCCAG
17,29,15,head_3,degradation,1.0,1.000712275505066,2326,CTCACA,2.236328125,3606,GTCACA,2.5078125,3606,GTCACA,2.5078125,2326,CTCACA,5.265226718620397e-05,3606,GTCACA,2.9706825444009155e-05,830,AGGCGN,0.12045954912900925,False,False,True,-0.0005033239722251892,GCGCAGAGGCGCCAGGACAGGCCCCCAG
17,30,15,head_3,degradation,1.0,0.9997826218605042,2326,CTCACA,2.236328125,3606,GTCACA,2.5078125,3606,GTCACA,2.5078125,2326,CTCACA,5.264846913632937e-05,3606,GTCACA,2.970513560285326e-05,830,AGGCGN,0.12046004831790924,False,False,True,-0.0005672872066497803,GCGCAGAGGCGCCAGGACAGGCCCCCAG
17,31,15,head_3,degradation,1.0,0.9994754195213318,2326,CTCACA,2.236328125,3606,GTCACA,2.5078125,3606,GTCACA,2.5078125,2326,CTCACA,5.2645831601694226e-05,3606,GTCACA,2.9703194741159678e-05,830,AGGCGN,0.1204613670706749,False,False,True,-0.0007301121950149536,GCGCAGAGGCGCCAGGACAGGCCCCCAG
17,32,15,head_3,degradation,1.0,0.9996591210365295,2326,CTCACA,2.236328125,3606,GTCACA,2.5078125,3606,GTCACA,2.5078125,2326,CTCACA,5.264575156616047e-05,3606,GTCACA,2.970269815705251e-05,830,AGGCGN,0.12046118825674057,False,False,True,-0.000992104411125183,GCGCAGAGGCGCCAGGACAGGCCCCCAG
