Layer,Time_Offset,Target_Timestep,Component,Metric_Mode,Logit_Score,Posteriors_Score,Target_Transition_Prior,Target_String_Prior,Target_Logit,Wrong_Transition_Prior,Wrong_String_Prior,Wrong_Logit,Actual_Argmax_Prior,Actual_String_Prior,Actual_Argmax_Logit,Target_Transition_Post,Target_String_Post,Target_Prob,Wrong_Transition_Post,Wrong_String_Post,Wrong_Prob,Actual_Transition_Post,actual_String_Post,actual_Prob,Is_Target_Logit_Argmax,Is_Target_Prob_Argmax,Should_Decode,Global_MSE_Change,New_String
0,0,66,head_5,recovery,-0.0048828125,0.00309598445892334,842,AGGGAC,4.28515625,4364,TCGGAT,4.70703125,4364,TCGGAT,4.70703125,842,AGGGAC,6.154795119073242e-05,4364,TCGGAT,5.657612928189337e-05,641,AGAAAA,0.41852137446403503,False,False,True,-0.0005326271057128906,
0,1,66,head_5,recovery,-0.015625,-0.004617571830749512,842,AGGGAC,4.2734375,4364,TCGGAT,4.703125,4364,TCGGAT,4.703125,842,AGGGAC,6.0683083574986085e-05,4364,TCGGAT,5.6296648835996166e-05,641,AGAAAA,0.42077794671058655,False,False,True,-2.3186206817626953e-05,
0,2,66,head_5,recovery,-0.0107421875,-0.0019664764404296875,842,AGGGAC,4.28125,4364,TCGGAT,4.70703125,4364,TCGGAT,4.70703125,842,AGGGAC,6.0319558542687446e-05,4364,TCGGAT,5.5731929023750126e-05,641,AGAAAA,0.4177338182926178,False,False,True,-0.00034242868423461914,
0,3,66,head_5,recovery,-0.0048828125,-0.003132939338684082,842,AGGGAC,4.28125,4364,TCGGAT,4.703125,4364,TCGGAT,4.703125,842,AGGGAC,5.9978687204420567e-05,4364,TCGGAT,5.5479587899753824e-05,641,AGAAAA,0.41712579131126404,False,False,True,-0.0030443668365478516,
0,4,66,head_5,recovery,-0.0048828125,-0.004446744918823242,842,AGGGAC,4.2890625,4364,TCGGAT,4.7109375,4364,TCGGAT,4.7109375,842,AGGGAC,6.015622420818545e-05,4364,TCGGAT,5.5756823712727055e-05,641,AGAAAA,0.41623398661613464,False,False,True,-0.0016639232635498047,
0,5,66,head_5,recovery,0.0,-0.004577755928039551,842,AGGGAC,4.28125,4364,TCGGAT,4.69921875,4364,TCGGAT,4.69921875,842,AGGGAC,5.965141099295579e-05,4364,TCGGAT,5.5261953093577176e-05,641,AGAAAA,0.4177841544151306,False,False,True,-0.0015957355499267578,
0,6,66,head_5,recovery,-0.0048828125,-0.010954499244689941,842,AGGGAC,4.29296875,4364,TCGGAT,4.71484375,4364,TCGGAT,4.71484375,842,AGGGAC,6.064855551812798e-05,4364,TCGGAT,5.674303974956274e-05,641,AGAAAA,0.4157024621963501,False,False,True,-0.002357959747314453,
0,7,66,head_5,recovery,-0.0107421875,-0.007752656936645508,842,AGGGAC,4.27734375,4364,TCGGAT,4.703125,4364,TCGGAT,4.703125,842,AGGGAC,5.895176946069114e-05,4364,TCGGAT,5.480325853568502e-05,641,AGAAAA,0.4177565276622772,False,False,True,-0.002370595932006836,
0,8,66,head_5,recovery,0.0,0.0034870505332946777,842,AGGGAC,4.27734375,4364,TCGGAT,4.6953125,4364,TCGGAT,4.6953125,842,AGGGAC,5.8664692915044725e-05,4364,TCGGAT,5.3663192375097424e-05,641,AGAAAA,0.4200834631919861,False,False,True,0.0008390545845031738,
0,9,66,head_5,recovery,0.0,0.003206908702850342,842,AGGGAC,4.2734375,4364,TCGGAT,4.69140625,4364,TCGGAT,4.69140625,842,AGGGAC,5.7819510402623564e-05,4364,TCGGAT,5.283927021082491e-05,641,AGAAAA,0.420223206281662,False,False,True,0.0022501349449157715,
0,10,66,head_5,recovery,0.0107421875,0.006351768970489502,842,AGGGAC,4.2890625,4364,TCGGAT,4.69921875,4364,TCGGAT,4.69921875,842,AGGGAC,5.883101766812615e-05,4364,TCGGAT,5.361211151466705e-05,641,AGAAAA,0.4200102388858795,False,False,True,0.0023943185806274414,
0,11,66,head_5,recovery,-0.0107421875,-0.006372928619384766,842,AGGGAC,4.27734375,4364,TCGGAT,4.703125,4364,TCGGAT,4.703125,842,AGGGAC,5.8406232710694894e-05,4364,TCGGAT,5.415300984168425e-05,641,AGAAAA,0.4188774526119232,False,False,True,0.0006432533264160156,
0,12,66,head_5,recovery,-0.0048828125,-0.008484125137329102,842,AGGGAC,4.28125,4364,TCGGAT,4.703125,4364,TCGGAT,4.703125,842,AGGGAC,5.8104538766201586e-05,4364,TCGGAT,5.4011539759812877e-05,641,AGAAAA,0.41973185539245605,False,False,True,0.0041542649269104,
0,13,66,head_5,recovery,0.00537109375,0.0002886056900024414,842,AGGGAC,4.28125,4364,TCGGAT,4.6953125,4364,TCGGAT,4.6953125,842,AGGGAC,5.8424280723556876e-05,4364,TCGGAT,5.366550976759754e-05,641,AGAAAA,0.41891738772392273,False,False,True,-0.00012129545211791992,
0,14,66,head_5,recovery,-0.0107421875,-0.0026123523712158203,842,AGGGAC,4.27734375,4364,TCGGAT,4.703125,4364,TCGGAT,4.703125,842,AGGGAC,5.949872866040096e-05,4364,TCGGAT,5.4960113629931584e-05,641,AGAAAA,0.41833919286727905,False,False,True,-0.0008345842361450195,
0,15,66,head_5,recovery,0.00537109375,0.015146851539611816,842,AGGGAC,4.27734375,4364,TCGGAT,4.69140625,4364,TCGGAT,4.69140625,842,AGGGAC,6.035003752913326e-05,4364,TCGGAT,5.446366412797943e-05,641,AGAAAA,0.42056146264076233,False,False,True,-0.0005131959915161133,
0,16,66,head_5,recovery,-0.0107421875,7.748603820800781e-05,842,AGGGAC,4.265625,4364,TCGGAT,4.69140625,4364,TCGGAT,4.69140625,842,AGGGAC,5.984575182083063e-05,4364,TCGGAT,5.510300979949534e-05,641,AGAAAA,0.41739675402641296,False,False,True,-0.0037790536880493164,
0,17,66,head_5,recovery,-0.015625,-0.003518342971801758,842,AGGGAC,4.28125,4364,TCGGAT,4.7109375,4364,TCGGAT,4.7109375,842,AGGGAC,6.005213435855694e-05,4364,TCGGAT,5.558228076552041e-05,641,AGAAAA,0.42194756865501404,False,False,True,0.00944894552230835,
0,18,66,head_5,recovery,-0.0107421875,-0.0063010454177856445,842,AGGGAC,4.28125,4364,TCGGAT,4.70703125,4364,TCGGAT,4.70703125,842,AGGGAC,5.9077865444123745e-05,4364,TCGGAT,5.481919288286008e-05,641,AGAAAA,0.42097553610801697,False,False,True,0.010184824466705322,
0,19,66,head_5,recovery,-0.015625,-0.008628606796264648,842,AGGGAC,4.296875,4364,TCGGAT,4.7265625,4364,TCGGAT,4.7265625,842,AGGGAC,6.196238973643631e-05,4364,TCGGAT,5.788035559817217e-05,641,AGAAAA,0.42142999172210693,False,False,True,0.008679330348968506,
0,20,66,head_5,recovery,0.0,-0.0015740394592285156,842,AGGGAC,4.2890625,4364,TCGGAT,4.70703125,4364,TCGGAT,4.70703125,842,AGGGAC,5.9694069932447746e-05,4364,TCGGAT,5.507666355697438e-05,641,AGAAAA,0.41974496841430664,False,False,True,0.0013456344604492188,
0,21,66,head_5,recovery,-0.0048828125,-0.006371259689331055,842,AGGGAC,4.28125,4364,TCGGAT,4.703125,4364,TCGGAT,4.703125,842,AGGGAC,6.024693720974028e-05,4364,TCGGAT,5.5993594287429005e-05,641,AGAAAA,0.41621339321136475,False,False,True,-7.051229476928711e-05,
0,22,66,head_5,recovery,-0.0048828125,-0.00016677379608154297,842,AGGGAC,4.28125,4364,TCGGAT,4.703125,4364,TCGGAT,4.703125,842,AGGGAC,5.9951908042421564e-05,4364,TCGGAT,5.522770152310841e-05,641,AGAAAA,0.4187054932117462,False,False,True,-0.0009452700614929199,
0,23,66,head_5,recovery,0.00537109375,0.002945125102996826,842,AGGGAC,4.28125,4364,TCGGAT,4.6953125,4364,TCGGAT,4.6953125,842,AGGGAC,5.905283978790976e-05,4364,TCGGAT,5.4092462960397825e-05,641,AGAAAA,0.4188689589500427,False,False,True,0.0009832978248596191,
0,24,66,head_5,recovery,-0.015625,-0.008715271949768066,842,AGGGAC,4.28125,4364,TCGGAT,4.7109375,4364,TCGGAT,4.7109375,842,AGGGAC,5.9833160776179284e-05,4364,TCGGAT,5.575770774157718e-05,641,AGAAAA,0.41728347539901733,False,False,True,-0.0012218952178955078,
0,25,66,head_5,recovery,0.0,-0.0013142824172973633,842,AGGGAC,4.28515625,4364,TCGGAT,4.703125,4364,TCGGAT,4.703125,842,AGGGAC,6.0244932683417574e-05,4364,TCGGAT,5.560780846280977e-05,641,AGAAAA,0.41736337542533875,False,False,True,-0.0010694265365600586,
0,26,66,head_5,recovery,0.0,-0.005246639251708984,842,AGGGAC,4.28125,4364,TCGGAT,4.69921875,4364,TCGGAT,4.69921875,842,AGGGAC,5.9800360759254545e-05,4364,TCGGAT,5.546166357817128e-05,641,AGAAAA,0.4159805476665497,False,False,True,-0.003651440143585205,
0,27,66,head_5,recovery,0.00537109375,0.004545092582702637,842,AGGGAC,4.2890625,4364,TCGGAT,4.703125,4364,TCGGAT,4.703125,842,AGGGAC,6.0217749705770984e-05,4364,TCGGAT,5.5135951697593555e-05,641,AGAAAA,0.41954976320266724,False,False,True,-0.00023490190505981445,
0,28,66,head_5,recovery,-0.0107421875,-0.007794022560119629,842,AGGGAC,4.28515625,4364,TCGGAT,4.7109375,4364,TCGGAT,4.7109375,842,AGGGAC,5.962841896689497e-05,4364,TCGGAT,5.5483051255578175e-05,641,AGAAAA,0.41886118054389954,False,False,True,-0.0001977086067199707,
0,29,66,head_5,recovery,-0.015625,-0.009487032890319824,842,AGGGAC,4.2890625,4364,TCGGAT,4.71875,4364,TCGGAT,4.71875,842,AGGGAC,5.927039819653146e-05,4364,TCGGAT,5.5253509344765916e-05,641,AGAAAA,0.42079105973243713,False,False,True,0.0006092190742492676,
0,30,66,head_5,recovery,-0.0107421875,-0.004362702369689941,842,AGGGAC,4.28125,4364,TCGGAT,4.70703125,4364,TCGGAT,4.70703125,842,AGGGAC,6.004613533150405e-05,4364,TCGGAT,5.5640353821218014e-05,641,AGAAAA,0.41829004883766174,False,False,True,-0.002466559410095215,
0,31,66,head_5,recovery,-0.0048828125,-0.0011906623840332031,842,AGGGAC,4.28125,4364,TCGGAT,4.703125,4364,TCGGAT,4.703125,842,AGGGAC,5.94111334066838e-05,4364,TCGGAT,5.476462683873251e-05,641,AGAAAA,0.41840580105781555,False,False,True,-0.0021355152130126953,
0,32,66,head_5,recovery,0.0107421875,0.006548285484313965,842,AGGGAC,4.2890625,4364,TCGGAT,4.69921875,4364,TCGGAT,4.69921875,842,AGGGAC,5.991991929477081e-05,4364,TCGGAT,5.468609742820263e-05,641,AGAAAA,0.4189804196357727,False,False,True,-0.0016803741455078125,
0,33,66,head_5,recovery,-0.0048828125,-0.004632472991943359,842,AGGGAC,4.2890625,4364,TCGGAT,4.7109375,4364,TCGGAT,4.7109375,842,AGGGAC,6.017298437654972e-05,4364,TCGGAT,5.578767741099e-05,641,AGAAAA,0.4172275960445404,False,False,True,-0.0023526549339294434,
0,34,66,head_5,recovery,0.00537109375,0.006650209426879883,842,AGGGAC,4.296875,4364,TCGGAT,4.7109375,4364,TCGGAT,4.7109375,842,AGGGAC,6.214132736204192e-05,4364,TCGGAT,5.6899771152529866e-05,641,AGAAAA,0.4142448306083679,False,False,True,-0.0015718936920166016,
0,35,66,head_5,recovery,0.0,0.001164853572845459,842,AGGGAC,4.2890625,4364,TCGGAT,4.70703125,4364,TCGGAT,4.70703125,842,AGGGAC,6.066122659831308e-05,4364,TCGGAT,5.583595338976011e-05,641,AGAAAA,0.41532647609710693,False,False,True,-0.0030336380004882812,
1,0,66,head_5,recovery,-0.0048828125,0.0030580759048461914,842,AGGGAC,4.27734375,4364,TCGGAT,4.69921875,4364,TCGGAT,4.69921875,842,AGGGAC,6.0556529206223786e-05,4364,TCGGAT,5.558758130064234e-05,641,AGAAAA,0.4204901158809662,False,False,True,0.0005444884300231934,
1,1,66,head_5,recovery,0.01611328125,0.017618775367736816,842,AGGGAC,4.28515625,4364,TCGGAT,4.69140625,4364,TCGGAT,4.69140625,842,AGGGAC,6.042540553607978e-05,4364,TCGGAT,5.435143975773826e-05,641,AGAAAA,0.42257359623908997,False,False,True,0.002231299877166748,
1,2,66,head_5,recovery,0.0107421875,0.018682777881622314,842,AGGGAC,4.28125,4364,TCGGAT,4.69140625,4364,TCGGAT,4.69140625,842,AGGGAC,6.0838432546006516e-05,4364,TCGGAT,5.4683714552083984e-05,641,AGAAAA,0.4208073616027832,False,False,True,0.0018051862716674805,
1,3,66,head_5,recovery,0.00537109375,0.010544419288635254,842,AGGGAC,4.28125,4364,TCGGAT,4.6953125,4364,TCGGAT,4.6953125,842,AGGGAC,5.954110747552477e-05,4364,TCGGAT,5.400401641963981e-05,641,AGAAAA,0.42226848006248474,False,False,True,0.0016692280769348145,
1,4,66,head_5,recovery,-0.0048828125,0.0031042098999023438,842,AGGGAC,4.28125,4364,TCGGAT,4.703125,4364,TCGGAT,4.703125,842,AGGGAC,6.090058013796806e-05,4364,TCGGAT,5.5928136134753004e-05,641,AGAAAA,0.4208775460720062,False,False,True,0.0022112131118774414,
1,5,66,head_5,recovery,0.0107421875,0.013024389743804932,842,AGGGAC,4.2890625,4364,TCGGAT,4.69921875,4364,TCGGAT,4.69921875,842,AGGGAC,6.0778438637498766e-05,4364,TCGGAT,5.5053140386007726e-05,641,AGAAAA,0.42226314544677734,False,False,True,0.002201378345489502,
1,6,66,head_5,recovery,0.0107421875,0.016616463661193848,842,AGGGAC,4.28515625,4364,TCGGAT,4.6953125,4364,TCGGAT,4.6953125,842,AGGGAC,6.047844362910837e-05,4364,TCGGAT,5.448053707368672e-05,641,AGAAAA,0.42211928963661194,False,False,True,0.0032755136489868164,
1,7,66,head_5,recovery,0.0,0.00693589448928833,842,AGGGAC,4.28515625,4364,TCGGAT,4.703125,4364,TCGGAT,4.703125,842,AGGGAC,6.15027965977788e-05,4364,TCGGAT,5.6239558034576476e-05,641,AGAAAA,0.42042165994644165,False,False,True,0.0011749267578125,
1,8,66,head_5,recovery,0.0,0.00544661283493042,842,AGGGAC,4.2890625,4364,TCGGAT,4.70703125,4364,TCGGAT,4.70703125,842,AGGGAC,6.114973803050816e-05,4364,TCGGAT,5.599952783086337e-05,641,AGAAAA,0.4189465045928955,False,False,True,0.0002086162567138672,
1,9,66,head_5,recovery,-0.0048828125,-0.0033463239669799805,842,AGGGAC,4.2734375,4364,TCGGAT,4.6953125,4364,TCGGAT,4.6953125,842,AGGGAC,5.8681929658632725e-05,4364,TCGGAT,5.4199026635615155e-05,641,AGAAAA,0.4226827621459961,False,False,True,0.0029926300048828125,
1,10,66,head_5,recovery,-0.0048828125,0.00124359130859375,842,AGGGAC,4.2734375,4364,TCGGAT,4.6953125,4364,TCGGAT,4.6953125,842,AGGGAC,5.930367115070112e-05,4364,TCGGAT,5.447242801892571e-05,641,AGAAAA,0.42246878147125244,False,False,True,0.0028415322303771973,
1,11,66,head_5,recovery,-0.015625,-0.0029134750366210938,842,AGGGAC,4.2734375,4364,TCGGAT,4.703125,4364,TCGGAT,4.703125,842,AGGGAC,5.9287001931807026e-05,4364,TCGGAT,5.477123340824619e-05,641,AGAAAA,0.4226981997489929,False,False,True,0.0015693902969360352,
1,12,66,head_5,recovery,0.00537109375,0.010076045989990234,842,AGGGAC,4.2890625,4364,TCGGAT,4.703125,4364,TCGGAT,4.703125,842,AGGGAC,6.219206261448562e-05,4364,TCGGAT,5.669051461154595e-05,641,AGAAAA,0.41928452253341675,False,False,True,-0.0027706027030944824,
1,13,66,head_5,recovery,0.00537109375,0.010871827602386475,842,AGGGAC,4.28125,4364,TCGGAT,4.6953125,4364,TCGGAT,4.6953125,842,AGGGAC,6.0859460063511506e-05,4364,TCGGAT,5.529752161237411e-05,641,AGAAAA,0.4205291271209717,False,False,True,0.0002557039260864258,
1,14,66,head_5,recovery,0.01611328125,0.011905789375305176,842,AGGGAC,4.2890625,4364,TCGGAT,4.6953125,4364,TCGGAT,4.6953125,842,AGGGAC,5.820667865918949e-05,4364,TCGGAT,5.256626900518313e-05,641,AGAAAA,0.4222765564918518,False,False,True,0.011308670043945312,
1,15,66,head_5,recovery,0.0263671875,0.015852928161621094,842,AGGGAC,4.30078125,4364,TCGGAT,4.69921875,4364,TCGGAT,4.69921875,842,AGGGAC,5.830521695315838e-05,4364,TCGGAT,5.236525976215489e-05,641,AGAAAA,0.4234048128128052,False,False,True,0.013040304183959961,
1,16,66,head_5,recovery,0.00537109375,0.009333252906799316,842,AGGGAC,4.3203125,4364,TCGGAT,4.734375,4364,TCGGAT,4.734375,842,AGGGAC,5.9196136135142297e-05,4364,TCGGAT,5.375096225179732e-05,641,AGAAAA,0.42892560362815857,False,False,True,0.03251522779464722,
1,17,66,head_5,recovery,0.02099609375,0.028745412826538086,842,AGGGAC,4.3125,4364,TCGGAT,4.71484375,4364,TCGGAT,4.71484375,842,AGGGAC,6.345428846543655e-05,4364,TCGGAT,5.6535907788202167e-05,641,AGAAAA,0.4280175566673279,False,False,True,0.029050171375274658,
1,18,66,head_5,recovery,0.01611328125,0.02026897668838501,842,AGGGAC,4.3046875,4364,TCGGAT,4.7109375,4364,TCGGAT,4.7109375,842,AGGGAC,6.264846888370812e-05,4364,TCGGAT,5.637337017105892e-05,641,AGAAAA,0.4260190427303314,False,False,True,0.024209201335906982,
1,19,66,head_5,recovery,0.02099609375,0.01658731698989868,842,AGGGAC,4.29296875,4364,TCGGAT,4.6953125,4364,TCGGAT,4.6953125,842,AGGGAC,6.154878064990044e-05,4364,TCGGAT,5.555308234761469e-05,641,AGAAAA,0.4196844696998596,False,False,True,0.0009899139404296875,
1,20,66,head_5,recovery,0.00537109375,0.00021344423294067383,842,AGGGAC,4.28125,4364,TCGGAT,4.6953125,4364,TCGGAT,4.6953125,842,AGGGAC,5.941811832599342e-05,4364,TCGGAT,5.466505535878241e-05,641,AGAAAA,0.4203685224056244,False,False,True,-0.001321256160736084,
1,21,66,head_5,recovery,0.0,0.004865527153015137,842,AGGGAC,4.28515625,4364,TCGGAT,4.703125,4364,TCGGAT,4.703125,842,AGGGAC,6.174348527565598e-05,4364,TCGGAT,5.6637371017131954e-05,641,AGAAAA,0.41827821731567383,False,False,True,-0.001565694808959961,
1,22,66,head_5,recovery,-0.0048828125,0.008471012115478516,842,AGGGAC,4.28125,4364,TCGGAT,4.703125,4364,TCGGAT,4.703125,842,AGGGAC,6.161976489238441e-05,4364,TCGGAT,5.6240020057884976e-05,641,AGAAAA,0.4192911982536316,False,False,True,-0.0012322068214416504,
1,23,66,head_5,recovery,0.0,0.00688779354095459,842,AGGGAC,4.28125,4364,TCGGAT,4.69921875,4364,TCGGAT,4.69921875,842,AGGGAC,6.044620386091992e-05,4364,TCGGAT,5.518661782843992e-05,641,AGAAAA,0.42027512192726135,False,False,True,-0.0007101893424987793,
1,24,66,head_5,recovery,-0.0048828125,0.0016726851463317871,842,AGGGAC,4.2734375,4364,TCGGAT,4.6953125,4364,TCGGAT,4.6953125,842,AGGGAC,6.001306974212639e-05,4364,TCGGAT,5.5149259424069896e-05,641,AGAAAA,0.41926705837249756,False,False,True,0.0003402829170227051,
1,25,66,head_5,recovery,-0.0107421875,-0.0041239261627197266,842,AGGGAC,4.26953125,4364,TCGGAT,4.6953125,4364,TCGGAT,4.6953125,842,AGGGAC,5.907629383727908e-05,4364,TCGGAT,5.465239883051254e-05,641,AGAAAA,0.4221608638763428,False,False,True,0.0021912455558776855,
1,26,66,head_5,recovery,-0.015625,-0.007402658462524414,842,AGGGAC,4.2734375,4364,TCGGAT,4.703125,4364,TCGGAT,4.703125,842,AGGGAC,5.7850156736094505e-05,4364,TCGGAT,5.3675088565796614e-05,641,AGAAAA,0.42157015204429626,False,False,True,0.0032945871353149414,
1,27,66,head_5,recovery,-0.0107421875,-0.008533835411071777,842,AGGGAC,4.26953125,4364,TCGGAT,4.6953125,4364,TCGGAT,4.6953125,842,AGGGAC,5.7370045396965e-05,4364,TCGGAT,5.328081897459924e-05,641,AGAAAA,0.41963669657707214,False,False,True,0.0015096664428710938,
1,28,66,head_5,recovery,-0.0107421875,-0.007440805435180664,842,AGGGAC,4.27734375,4364,TCGGAT,4.703125,4364,TCGGAT,4.703125,842,AGGGAC,5.89318442507647e-05,4364,TCGGAT,5.475966463563964e-05,641,AGAAAA,0.4188597500324249,False,False,True,-0.0006625056266784668,
1,29,66,head_5,recovery,0.00537109375,0.003933906555175781,842,AGGGAC,4.29296875,4364,TCGGAT,4.70703125,4364,TCGGAT,4.70703125,842,AGGGAC,6.128282257122919e-05,4364,TCGGAT,5.624740515486337e-05,641,AGAAAA,0.4171699285507202,False,False,True,-0.002157747745513916,
1,30,66,head_5,recovery,0.01611328125,0.013354182243347168,842,AGGGAC,4.30078125,4364,TCGGAT,4.70703125,4364,TCGGAT,4.70703125,842,AGGGAC,6.315999780781567e-05,4364,TCGGAT,5.740967026213184e-05,641,AGAAAA,0.4163346290588379,False,False,True,-0.003748178482055664,
1,31,66,head_5,recovery,0.0107421875,0.011148571968078613,842,AGGGAC,4.29296875,4364,TCGGAT,4.703125,4364,TCGGAT,4.703125,842,AGGGAC,6.270805897656828e-05,4364,TCGGAT,5.712511847377755e-05,641,AGAAAA,0.41577786207199097,False,False,True,-0.00447535514831543,
1,32,66,head_5,recovery,0.00537109375,0.005011141300201416,842,AGGGAC,4.2890625,4364,TCGGAT,4.703125,4364,TCGGAT,4.703125,842,AGGGAC,6.13376178080216e-05,4364,TCGGAT,5.622045136988163e-05,641,AGAAAA,0.4152873158454895,False,False,True,-0.002100825309753418,
1,33,66,head_5,recovery,0.0,0.005439698696136475,842,AGGGAC,4.28125,4364,TCGGAT,4.69921875,4364,TCGGAT,4.69921875,842,AGGGAC,6.081087121856399e-05,4364,TCGGAT,5.566117761190981e-05,641,AGAAAA,0.4202767014503479,False,False,True,0.0015957355499267578,
1,34,66,head_5,recovery,0.00537109375,0.0022589564323425293,842,AGGGAC,4.26953125,4364,TCGGAT,4.68359375,4364,TCGGAT,4.68359375,842,AGGGAC,5.881472316104919e-05,4364,TCGGAT,5.3906416724203154e-05,641,AGAAAA,0.4218139946460724,False,False,True,0.00044614076614379883,
1,35,66,head_5,recovery,0.0107421875,0.008026659488677979,842,AGGGAC,4.26953125,4364,TCGGAT,4.6796875,4364,TCGGAT,4.6796875,842,AGGGAC,5.813586903968826e-05,4364,TCGGAT,5.278985190670937e-05,641,AGAAAA,0.4241636097431183,False,False,True,0.003666102886199951,
2,0,66,head_5,recovery,0.0,0.014664113521575928,842,AGGGAC,4.27734375,4364,TCGGAT,4.6953125,4364,TCGGAT,4.6953125,842,AGGGAC,6.053004108252935e-05,4364,TCGGAT,5.4680298489984125e-05,641,AGAAAA,0.42265358567237854,False,False,True,0.001517176628112793,
2,1,66,head_5,recovery,0.0,0.009784340858459473,842,AGGGAC,4.27734375,4364,TCGGAT,4.6953125,4364,TCGGAT,4.6953125,842,AGGGAC,5.901753684156574e-05,4364,TCGGAT,5.3538125939667225e-05,641,AGAAAA,0.42312026023864746,False,False,True,0.0015698671340942383,
2,2,66,head_5,recovery,0.0,0.006488919258117676,842,AGGGAC,4.28125,4364,TCGGAT,4.69921875,4364,TCGGAT,4.69921875,842,AGGGAC,6.0021557146683335e-05,4364,TCGGAT,5.479223909787834e-05,641,AGAAAA,0.42076852917671204,False,False,True,-0.001282036304473877,
2,3,66,head_5,recovery,0.0,-0.001977086067199707,842,AGGGAC,4.28515625,4364,TCGGAT,4.703125,4364,TCGGAT,4.703125,842,AGGGAC,6.029781434335746e-05,4364,TCGGAT,5.5710992455715314e-05,641,AGAAAA,0.4183293581008911,False,False,True,-0.0009945034980773926,
2,4,66,head_5,recovery,-0.015625,-0.009765863418579102,842,AGGGAC,4.2734375,4364,TCGGAT,4.703125,4364,TCGGAT,4.703125,842,AGGGAC,5.940689516137354e-05,4364,TCGGAT,5.5411175708286464e-05,641,AGAAAA,0.4187655746936798,False,False,True,-0.001453101634979248,
2,5,66,head_5,recovery,0.0,0.003517448902130127,842,AGGGAC,4.2890625,4364,TCGGAT,4.70703125,4364,TCGGAT,4.70703125,842,AGGGAC,6.117965676821768e-05,4364,TCGGAT,5.6175849749706686e-05,641,AGAAAA,0.42065078020095825,False,False,True,0.0031110048294067383,
2,6,66,head_5,recovery,-0.0107421875,-0.001120448112487793,842,AGGGAC,4.27734375,4364,TCGGAT,4.703125,4364,TCGGAT,4.703125,842,AGGGAC,5.937249807175249e-05,4364,TCGGAT,5.4720665502827615e-05,641,AGAAAA,0.42162537574768066,False,False,True,0.0017083287239074707,
2,7,66,head_5,recovery,-0.0048828125,-0.002585172653198242,842,AGGGAC,4.28125,4364,TCGGAT,4.703125,4364,TCGGAT,4.703125,842,AGGGAC,5.950384365860373e-05,4364,TCGGAT,5.4963165894150734e-05,641,AGAAAA,0.4190652370452881,False,False,True,-0.0005966424942016602,
2,8,66,head_5,recovery,-0.0107421875,-0.013423562049865723,842,AGGGAC,4.27734375,4364,TCGGAT,4.703125,4364,TCGGAT,4.703125,842,AGGGAC,5.858364966115914e-05,4364,TCGGAT,5.486551162903197e-05,641,AGAAAA,0.4164925813674927,False,False,True,-0.004382014274597168,
2,9,66,head_5,recovery,-0.0048828125,-0.016237378120422363,842,AGGGAC,4.296875,4364,TCGGAT,4.71875,4364,TCGGAT,4.71875,842,AGGGAC,6.095952267060056e-05,4364,TCGGAT,5.745493035647087e-05,641,AGAAAA,0.41517144441604614,False,False,True,-0.0045365095138549805,
2,10,66,head_5,recovery,0.0,-0.014992952346801758,842,AGGGAC,4.30078125,4364,TCGGAT,4.71875,4364,TCGGAT,4.71875,842,AGGGAC,6.083861080696806e-05,4364,TCGGAT,5.723957656300627e-05,641,AGAAAA,0.41476529836654663,False,False,True,-0.004381358623504639,
2,11,66,head_5,recovery,-0.0107421875,-0.018107175827026367,842,AGGGAC,4.29296875,4364,TCGGAT,4.71875,4364,TCGGAT,4.71875,842,AGGGAC,5.9172783949179575e-05,4364,TCGGAT,5.581008008448407e-05,641,AGAAAA,0.41542544960975647,False,False,True,-0.0034133195877075195,
2,12,66,head_5,recovery,-0.021484375,-0.020165205001831055,842,AGGGAC,4.28125,4364,TCGGAT,4.71484375,4364,TCGGAT,4.71484375,842,AGGGAC,5.8561967307468876e-05,4364,TCGGAT,5.535545642487705e-05,641,AGAAAA,0.417999804019928,False,False,True,0.000873863697052002,
2,13,66,head_5,recovery,-0.0107421875,-0.012867927551269531,842,AGGGAC,4.28125,4364,TCGGAT,4.70703125,4364,TCGGAT,4.70703125,842,AGGGAC,5.8008532505482435e-05,4364,TCGGAT,5.4248223023023456e-05,641,AGAAAA,0.418073832988739,False,False,True,0.004433333873748779,
2,14,66,head_5,recovery,0.0,-0.010293960571289062,842,AGGGAC,4.29296875,4364,TCGGAT,4.7109375,4364,TCGGAT,4.7109375,842,AGGGAC,5.664553100359626e-05,4364,TCGGAT,5.26898838870693e-05,641,AGAAAA,0.4218383729457855,False,False,True,0.014487802982330322,
2,15,66,head_5,recovery,0.0,-0.010433197021484375,842,AGGGAC,4.30078125,4364,TCGGAT,4.71875,4364,TCGGAT,4.71875,842,AGGGAC,5.576945477514528e-05,4364,TCGGAT,5.18243687110953e-05,641,AGAAAA,0.422903835773468,False,False,True,0.012226402759552002,
2,16,66,head_5,recovery,-0.015625,0.007340848445892334,842,AGGGAC,4.2734375,4364,TCGGAT,4.703125,4364,TCGGAT,4.703125,842,AGGGAC,5.7840050430968404e-05,4364,TCGGAT,5.254608186078258e-05,641,AGAAAA,0.4242452383041382,False,False,True,0.0029348134994506836,
2,17,66,head_5,recovery,-0.052734375,-0.00684356689453125,842,AGGGAC,4.26171875,4364,TCGGAT,4.71875,4364,TCGGAT,4.71875,842,AGGGAC,5.994411912979558e-05,4364,TCGGAT,5.572661757469177e-05,641,AGAAAA,0.42350199818611145,False,False,True,-0.005492866039276123,
2,18,66,head_5,recovery,-0.05859375,-0.007178902626037598,842,AGGGAC,4.26171875,4364,TCGGAT,4.72265625,4364,TCGGAT,4.72265625,842,AGGGAC,5.977517139399424e-05,4364,TCGGAT,5.558312113862485e-05,641,AGAAAA,0.42423930764198303,False,False,True,-0.003993213176727295,
2,19,66,head_5,recovery,-0.0419921875,-0.022618770599365234,842,AGGGAC,4.28125,4364,TCGGAT,4.73046875,4364,TCGGAT,4.73046875,842,AGGGAC,6.158727046567947e-05,4364,TCGGAT,5.856696225237101e-05,641,AGAAAA,0.4204407334327698,False,False,True,0.003738880157470703,
2,20,66,head_5,recovery,-0.0263671875,-0.007664799690246582,842,AGGGAC,4.28125,4364,TCGGAT,4.71875,4364,TCGGAT,4.71875,842,AGGGAC,6.023688183631748e-05,4364,TCGGAT,5.6081706134136766e-05,641,AGAAAA,0.4241056442260742,False,False,True,0.004606068134307861,
2,21,66,head_5,recovery,-0.0791015625,-0.03527677059173584,842,AGGGAC,4.2734375,4364,TCGGAT,4.75,4364,TCGGAT,4.75,842,AGGGAC,5.986195901641622e-05,4364,TCGGAT,5.780227729701437e-05,641,AGAAAA,0.42674607038497925,False,False,True,0.007612049579620361,
2,22,66,head_5,recovery,-0.08984375,-0.04468846321105957,842,AGGGAC,4.2578125,4364,TCGGAT,4.7421875,4364,TCGGAT,4.7421875,842,AGGGAC,5.670384052791633e-05,4364,TCGGAT,5.535842137760483e-05,641,AGAAAA,0.42817047238349915,False,False,True,0.004599213600158691,
2,23,66,head_5,recovery,-0.068359375,-0.03355395793914795,842,AGGGAC,4.26171875,4364,TCGGAT,4.73046875,4364,TCGGAT,4.73046875,842,AGGGAC,5.561182842939161e-05,4364,TCGGAT,5.3421405027620494e-05,641,AGAAAA,0.42903608083724976,False,False,True,0.005942642688751221,
2,24,66,head_5,recovery,0.00537109375,0.011770069599151611,842,AGGGAC,4.265625,4364,TCGGAT,4.6796875,4364,TCGGAT,4.6796875,842,AGGGAC,5.721447087125853e-05,4364,TCGGAT,5.1584367611212656e-05,641,AGAAAA,0.4262970983982086,False,False,True,0.001305997371673584,
2,25,66,head_5,recovery,0.04248046875,0.05645781755447388,842,AGGGAC,4.2890625,4364,TCGGAT,4.67578125,4364,TCGGAT,4.67578125,842,AGGGAC,6.20624705334194e-05,4364,TCGGAT,5.3040967031847686e-05,641,AGAAAA,0.427751749753952,False,False,True,0.004808604717254639,
2,26,66,head_5,recovery,0.0478515625,0.06107991933822632,842,AGGGAC,4.2890625,4364,TCGGAT,4.671875,4364,TCGGAT,4.671875,842,AGGGAC,6.314666825346649e-05,4364,TCGGAT,5.3774394473293796e-05,641,AGAAAA,0.42557838559150696,False,False,True,0.007511496543884277,
2,27,66,head_5,recovery,0.0263671875,0.03216952085494995,842,AGGGAC,4.28125,4364,TCGGAT,4.6796875,4364,TCGGAT,4.6796875,842,AGGGAC,6.119799218140543e-05,4364,TCGGAT,5.401975431595929e-05,641,AGAAAA,0.42352092266082764,False,False,True,0.00432586669921875,
2,28,66,head_5,recovery,0.00537109375,0.002854764461517334,842,AGGGAC,4.2890625,4364,TCGGAT,4.703125,4364,TCGGAT,4.703125,842,AGGGAC,6.002034206176177e-05,4364,TCGGAT,5.5066826462280005e-05,641,AGAAAA,0.4195227026939392,False,False,True,-0.0016107559204101562,
2,29,66,head_5,recovery,0.0,-0.0026651620864868164,842,AGGGAC,4.2890625,4364,TCGGAT,4.70703125,4364,TCGGAT,4.70703125,842,AGGGAC,6.033838872099295e-05,4364,TCGGAT,5.5803782743168995e-05,641,AGAAAA,0.4170743525028229,False,False,True,-0.002198457717895508,
2,30,66,head_5,recovery,-0.0048828125,-0.007089018821716309,842,AGGGAC,4.29296875,4364,TCGGAT,4.71484375,4364,TCGGAT,4.71484375,842,AGGGAC,5.989674536976963e-05,4364,TCGGAT,5.5697870266158134e-05,641,AGAAAA,0.41968199610710144,False,False,True,-0.0004443526268005371,
2,31,66,head_5,recovery,0.0,-0.0005037784576416016,842,AGGGAC,4.29296875,4364,TCGGAT,4.7109375,4364,TCGGAT,4.7109375,842,AGGGAC,6.0469166783150285e-05,4364,TCGGAT,5.577052434091456e-05,641,AGAAAA,0.42062726616859436,False,False,True,0.00015717744827270508,
2,32,66,head_5,recovery,0.0,0.002733945846557617,842,AGGGAC,4.29296875,4364,TCGGAT,4.7109375,4364,TCGGAT,4.7109375,842,AGGGAC,6.10595234320499e-05,4364,TCGGAT,5.611517553916201e-05,641,AGAAAA,0.4194788932800293,False,False,True,-0.000993967056274414,
2,33,66,head_5,recovery,0.02099609375,0.02127814292907715,842,AGGGAC,4.29296875,4364,TCGGAT,4.6953125,4364,TCGGAT,4.6953125,842,AGGGAC,6.181428034324199e-05,4364,TCGGAT,5.54625949007459e-05,641,AGAAAA,0.41989678144454956,False,False,True,0.001199960708618164,
2,34,66,head_5,recovery,0.00537109375,0.0025522708892822266,842,AGGGAC,4.29296875,4364,TCGGAT,4.70703125,4364,TCGGAT,4.70703125,842,AGGGAC,6.0868140280945227e-05,4364,TCGGAT,5.5937580327736214e-05,641,AGAAAA,0.419064462184906,False,False,True,0.00028437376022338867,
2,35,66,head_5,recovery,-0.0107421875,-0.013842105865478516,842,AGGGAC,4.2890625,4364,TCGGAT,4.71484375,4364,TCGGAT,4.71484375,842,AGGGAC,6.03689368290361e-05,4364,TCGGAT,5.668255835189484e-05,641,AGAAAA,0.41522130370140076,False,False,True,-0.0018395185470581055,
3,0,66,head_5,recovery,0.0,-0.04130995273590088,842,AGGGAC,4.3046875,4364,TCGGAT,4.72265625,4364,TCGGAT,4.72265625,842,AGGGAC,6.311525066848844e-05,4364,TCGGAT,6.151343404781073e-05,641,AGAAAA,0.4077126085758209,False,False,True,0.0013908147811889648,
3,1,66,head_5,recovery,0.0478515625,-0.003916025161743164,842,AGGGAC,4.3125,4364,TCGGAT,4.6953125,4364,TCGGAT,4.6953125,842,AGGGAC,6.195347668835893e-05,4364,TCGGAT,5.7513800129527226e-05,641,AGAAAA,0.41191622614860535,False,False,True,0.003058016300201416,
3,2,66,head_5,recovery,0.01611328125,-0.024345874786376953,842,AGGGAC,4.30078125,4364,TCGGAT,4.70703125,4364,TCGGAT,4.70703125,842,AGGGAC,6.15008466411382e-05,4364,TCGGAT,5.861161116627045e-05,641,AGAAAA,0.41139087080955505,False,False,True,0.0026331543922424316,
3,3,66,head_5,recovery,0.03173828125,0.01935476064682007,842,AGGGAC,4.2890625,4364,TCGGAT,4.68359375,4364,TCGGAT,4.68359375,842,AGGGAC,5.9781159507110715e-05,4364,TCGGAT,5.357544432627037e-05,641,AGAAAA,0.41919806599617004,False,False,True,1.5974044799804688e-05,
3,4,66,head_5,recovery,-0.0048828125,-0.006558895111083984,842,AGGGAC,4.29296875,4364,TCGGAT,4.71484375,4364,TCGGAT,4.71484375,842,AGGGAC,6.0877111536683515e-05,4364,TCGGAT,5.6638007663423195e-05,641,AGAAAA,0.41695746779441833,False,False,True,-0.0010281205177307129,
3,5,66,head_5,recovery,-0.0048828125,-0.00832068920135498,842,AGGGAC,4.28125,4364,TCGGAT,4.703125,4364,TCGGAT,4.703125,842,AGGGAC,5.957679240964353e-05,4364,TCGGAT,5.547138789552264e-05,641,AGAAAA,0.41663163900375366,False,False,True,-0.0027727484703063965,
3,6,66,head_5,recovery,-0.0048828125,-0.008524298667907715,842,AGGGAC,4.2890625,4364,TCGGAT,4.7109375,4364,TCGGAT,4.7109375,842,AGGGAC,6.071786629036069e-05,4364,TCGGAT,5.662791591021232e-05,641,AGAAAA,0.4172522723674774,False,False,True,-3.844499588012695e-05,
3,7,66,head_5,recovery,-0.015625,-0.01330256462097168,842,AGGGAC,4.28125,4364,TCGGAT,4.7109375,4364,TCGGAT,4.7109375,842,AGGGAC,5.969623089185916e-05,4364,TCGGAT,5.596891060122289e-05,641,AGAAAA,0.4210366904735565,False,False,True,0.0008907914161682129,
3,8,66,head_5,recovery,-0.0048828125,-0.002841472625732422,842,AGGGAC,4.29296875,4364,TCGGAT,4.71484375,4364,TCGGAT,4.71484375,842,AGGGAC,6.115988799137995e-05,4364,TCGGAT,5.663866249960847e-05,641,AGAAAA,0.4192078709602356,False,False,True,0.0011620521545410156,
3,9,66,head_5,recovery,-0.0107421875,-0.010621070861816406,842,AGGGAC,4.29296875,4364,TCGGAT,4.71875,4364,TCGGAT,4.71875,842,AGGGAC,6.059849329176359e-05,4364,TCGGAT,5.6667668104637414e-05,641,AGAAAA,0.4175771176815033,False,False,True,5.5730342864990234e-05,
3,10,66,head_5,recovery,-0.0107421875,-0.012960553169250488,842,AGGGAC,4.29296875,4364,TCGGAT,4.71875,4364,TCGGAT,4.71875,842,AGGGAC,6.099251550040208e-05,4364,TCGGAT,5.72392345929984e-05,641,AGAAAA,0.4162781238555908,False,False,True,-0.0013225674629211426,
3,11,66,head_5,recovery,-0.0048828125,-0.0145721435546875,842,AGGGAC,4.29296875,4364,TCGGAT,4.71484375,4364,TCGGAT,4.71484375,842,AGGGAC,6.039728032192215e-05,4364,TCGGAT,5.67663082620129e-05,641,AGAAAA,0.41354426741600037,False,False,True,-0.00552821159362793,
3,12,66,head_5,recovery,-0.0048828125,-0.011713862419128418,842,AGGGAC,4.28125,4364,TCGGAT,4.703125,4364,TCGGAT,4.703125,842,AGGGAC,5.7538207329344004e-05,4364,TCGGAT,5.369031350710429e-05,641,AGAAAA,0.41566550731658936,False,False,True,-0.0043547749519348145,
3,13,66,head_5,recovery,-0.0107421875,-0.020017147064208984,842,AGGGAC,4.28515625,4364,TCGGAT,4.7109375,4364,TCGGAT,4.7109375,842,AGGGAC,5.7187291531590745e-05,4364,TCGGAT,5.396954293246381e-05,641,AGAAAA,0.4160018861293793,False,False,True,-0.0032337307929992676,
3,14,66,head_5,recovery,-0.0107421875,-0.015265941619873047,842,AGGGAC,4.29296875,4364,TCGGAT,4.71875,4364,TCGGAT,4.71875,842,AGGGAC,5.556834366871044e-05,4364,TCGGAT,5.199002771405503e-05,641,AGAAAA,0.4214685261249542,False,False,True,0.015001296997070312,
3,15,66,head_5,recovery,-0.037109375,-0.02644526958465576,842,AGGGAC,4.27734375,4364,TCGGAT,4.72265625,4364,TCGGAT,4.72265625,842,AGGGAC,5.519315163837746e-05,4364,TCGGAT,5.246324144536629e-05,641,AGAAAA,0.4236668050289154,False,False,True,0.013880431652069092,
3,16,66,head_5,recovery,0.01611328125,0.00908738374710083,842,AGGGAC,4.28515625,4364,TCGGAT,4.69140625,4364,TCGGAT,4.69140625,842,AGGGAC,5.630398300127126e-05,4364,TCGGAT,5.087746467324905e-05,641,AGAAAA,0.42144322395324707,False,False,True,0.010026872158050537,
3,17,66,head_5,recovery,0.23291015625,0.10967761278152466,842,AGGGAC,4.29296875,4364,TCGGAT,4.5390625,4364,TCGGAT,4.5390625,842,AGGGAC,5.456942380988039e-05,4364,TCGGAT,4.150902168476023e-05,641,AGAAAA,0.4092123210430145,False,False,True,-0.004447281360626221,
3,18,66,head_5,recovery,0.25927734375,0.11765921115875244,842,AGGGAC,4.30078125,4364,TCGGAT,4.52734375,4364,TCGGAT,4.52734375,842,AGGGAC,5.3864347137277946e-05,4364,TCGGAT,4.01982142648194e-05,641,AGAAAA,0.40593206882476807,False,False,True,-0.0033606886863708496,
3,19,66,head_5,recovery,0.216796875,0.08357405662536621,842,AGGGAC,4.3046875,4364,TCGGAT,4.5625,4364,TCGGAT,4.5625,842,AGGGAC,5.158338535693474e-05,4364,TCGGAT,4.050400457344949e-05,641,AGAAAA,0.404977947473526,False,False,True,-0.008921444416046143,
3,20,66,head_5,recovery,0.0,-0.008284687995910645,842,AGGGAC,4.28125,4364,TCGGAT,4.69921875,4364,TCGGAT,4.69921875,842,AGGGAC,5.7876724895322695e-05,4364,TCGGAT,5.3768591897096485e-05,641,AGAAAA,0.41271093487739563,False,False,True,-0.007493257522583008,
3,21,66,head_5,recovery,0.08984375,0.02681499719619751,842,AGGGAC,4.29296875,4364,TCGGAT,4.64453125,4364,TCGGAT,4.64453125,842,AGGGAC,5.554642848437652e-05,4364,TCGGAT,4.877455285168253e-05,641,AGAAAA,0.40725746750831604,False,False,True,-0.005782067775726318,
3,22,66,head_5,recovery,0.13232421875,0.0498957633972168,842,AGGGAC,4.296875,4364,TCGGAT,4.6171875,4364,TCGGAT,4.6171875,842,AGGGAC,5.5863325542304665e-05,4364,TCGGAT,4.7339824959635735e-05,641,AGAAAA,0.4075116515159607,False,False,True,-0.005675792694091797,
3,23,66,head_5,recovery,0.13232421875,0.0477064847946167,842,AGGGAC,4.29296875,4364,TCGGAT,4.61328125,4364,TCGGAT,4.61328125,842,AGGGAC,5.5153315770439804e-05,4364,TCGGAT,4.6795958041911945e-05,641,AGAAAA,0.41074898838996887,False,False,True,-0.0015947818756103516,
3,24,66,head_5,recovery,0.0478515625,0.02750372886657715,842,AGGGAC,4.296875,4364,TCGGAT,4.6796875,4364,TCGGAT,4.6796875,842,AGGGAC,6.126313382992521e-05,4364,TCGGAT,5.443898407975212e-05,641,AGAAAA,0.41401785612106323,False,False,True,-0.004609107971191406,
3,25,66,head_5,recovery,0.01611328125,0.010239124298095703,842,AGGGAC,4.28515625,4364,TCGGAT,4.69140625,4364,TCGGAT,4.69140625,842,AGGGAC,6.083258267608471e-05,4364,TCGGAT,5.5318658269243315e-05,641,AGAAAA,0.4178111255168915,False,False,True,-0.0011654496192932129,
3,26,66,head_5,recovery,0.00537109375,0.0021115541458129883,842,AGGGAC,4.2890625,4364,TCGGAT,4.703125,4364,TCGGAT,4.703125,842,AGGGAC,6.079203376430087e-05,4364,TCGGAT,5.589491775026545e-05,641,AGAAAA,0.4173860549926758,False,False,True,0.00016063451766967773,
3,27,66,head_5,recovery,0.0107421875,0.007034242153167725,842,AGGGAC,4.29296875,4364,TCGGAT,4.703125,4364,TCGGAT,4.703125,842,AGGGAC,6.06321518716868e-05,4364,TCGGAT,5.536144453799352e-05,641,AGAAAA,0.42041829228401184,False,False,True,-0.00032961368560791016,
3,28,66,head_5,recovery,-0.0048828125,-0.003788590431213379,842,AGGGAC,4.2890625,4364,TCGGAT,4.7109375,4364,TCGGAT,4.7109375,842,AGGGAC,6.0407208366086707e-05,4364,TCGGAT,5.5957854783628136e-05,641,AGAAAA,0.4215126633644104,False,False,True,0.0019156932830810547,
3,29,66,head_5,recovery,-0.0048828125,-0.004958629608154297,842,AGGGAC,4.27734375,4364,TCGGAT,4.69921875,4364,TCGGAT,4.69921875,842,AGGGAC,5.913372297072783e-05,4364,TCGGAT,5.4773165174992755e-05,641,AGAAAA,0.42175960540771484,False,False,True,0.0015943050384521484,
3,30,66,head_5,recovery,-0.0048828125,-0.0037660598754882812,842,AGGGAC,4.28125,4364,TCGGAT,4.703125,4364,TCGGAT,4.703125,842,AGGGAC,5.995882747811265e-05,4364,TCGGAT,5.550777132157236e-05,641,AGAAAA,0.41920775175094604,False,False,True,0.0013784170150756836,
3,31,66,head_5,recovery,0.0,0.0021330714225769043,842,AGGGAC,4.2890625,4364,TCGGAT,4.70703125,4364,TCGGAT,4.70703125,842,AGGGAC,6.200091593200341e-05,4364,TCGGAT,5.7102166465483606e-05,641,AGAAAA,0.41780439019203186,False,False,True,-0.00015342235565185547,
3,32,66,head_5,recovery,-0.0048828125,0.0005142688751220703,842,AGGGAC,4.2890625,4364,TCGGAT,4.7109375,4364,TCGGAT,4.7109375,842,AGGGAC,6.212718290043995e-05,4364,TCGGAT,5.7351284340256825e-05,641,AGAAAA,0.4163682758808136,False,False,True,-0.0015578269958496094,
3,33,66,head_5,recovery,0.0,5.519390106201172e-05,842,AGGGAC,4.296875,4364,TCGGAT,4.71484375,4364,TCGGAT,4.71484375,842,AGGGAC,6.226726691238582e-05,4364,TCGGAT,5.752621291321702e-05,641,AGAAAA,0.41351670026779175,False,False,True,-0.0031293630599975586,
3,34,66,head_5,recovery,0.0,-0.006689310073852539,842,AGGGAC,4.3046875,4364,TCGGAT,4.72265625,4364,TCGGAT,4.72265625,842,AGGGAC,6.199959170771763e-05,4364,TCGGAT,5.777037949883379e-05,641,AGAAAA,0.4174831807613373,False,False,True,0.0001723170280456543,
3,35,66,head_5,recovery,-0.0107421875,-0.018434882164001465,842,AGGGAC,4.29296875,4364,TCGGAT,4.71875,4364,TCGGAT,4.71875,842,AGGGAC,6.0152440710226074e-05,4364,TCGGAT,5.681460606865585e-05,641,AGAAAA,0.41646191477775574,False,False,True,-0.0016244053840637207,
4,0,66,head_5,recovery,0.04248046875,0.008799612522125244,842,AGGGAC,4.265625,4364,TCGGAT,4.65234375,4364,TCGGAT,4.65234375,842,AGGGAC,5.2606403187382966e-05,4364,TCGGAT,4.720172728411853e-05,641,AGAAAA,0.41909924149513245,False,False,True,-0.0024587512016296387,
4,1,66,head_5,recovery,0.0634765625,0.01514512300491333,842,AGGGAC,4.265625,4364,TCGGAT,4.63671875,4364,TCGGAT,4.63671875,842,AGGGAC,5.098755718790926e-05,4364,TCGGAT,4.510131475399248e-05,641,AGAAAA,0.42176929116249084,False,False,True,-0.0022248029708862305,
4,2,66,head_5,recovery,0.0478515625,0.007843732833862305,842,AGGGAC,4.26171875,4364,TCGGAT,4.64453125,4364,TCGGAT,4.64453125,842,AGGGAC,5.135361061547883e-05,4364,TCGGAT,4.6021476009627804e-05,641,AGAAAA,0.422599732875824,False,False,True,-0.002311885356903076,
4,3,66,head_5,recovery,-0.0322265625,-0.025734424591064453,842,AGGGAC,4.2734375,4364,TCGGAT,4.71484375,4364,TCGGAT,4.71484375,842,AGGGAC,5.7879478845279664e-05,4364,TCGGAT,5.509562834049575e-05,641,AGAAAA,0.42089664936065674,False,False,True,0.0010690689086914062,
4,4,66,head_5,recovery,-0.052734375,-0.044626474380493164,842,AGGGAC,4.2734375,4364,TCGGAT,4.73046875,4364,TCGGAT,4.73046875,842,AGGGAC,5.825575863127597e-05,4364,TCGGAT,5.690562829840928e-05,641,AGAAAA,0.4199328124523163,False,False,True,0.0003186464309692383,
4,5,66,head_5,recovery,-0.0263671875,-0.026290178298950195,842,AGGGAC,4.28125,4364,TCGGAT,4.71875,4364,TCGGAT,4.71875,842,AGGGAC,5.8342360716778785e-05,4364,TCGGAT,5.560068166232668e-05,641,AGAAAA,0.417048841714859,False,False,True,-0.0027428865432739258,
4,6,66,head_5,recovery,-0.015625,-0.02020275592803955,842,AGGGAC,4.2890625,4364,TCGGAT,4.71875,4364,TCGGAT,4.71875,842,AGGGAC,5.935414810664952e-05,4364,TCGGAT,5.615048939944245e-05,641,AGAAAA,0.4171315133571625,False,False,True,-0.002335488796234131,
4,7,66,head_5,recovery,-0.037109375,-0.04025721549987793,842,AGGGAC,4.28515625,4364,TCGGAT,4.73046875,4364,TCGGAT,4.73046875,842,AGGGAC,6.001348083373159e-05,4364,TCGGAT,5.8331766922492534e-05,641,AGAAAA,0.41418927907943726,False,False,True,-0.003988981246948242,
4,8,66,head_5,recovery,-0.021484375,-0.027630329132080078,842,AGGGAC,4.2890625,4364,TCGGAT,4.72265625,4364,TCGGAT,4.72265625,842,AGGGAC,6.114408461144194e-05,4364,TCGGAT,5.8504101616563275e-05,641,AGAAAA,0.415071040391922,False,False,True,-0.005986273288726807,
4,9,66,head_5,recovery,0.0,-0.006302595138549805,842,AGGGAC,4.30078125,4364,TCGGAT,4.71875,4364,TCGGAT,4.71875,842,AGGGAC,6.271731399465352e-05,4364,TCGGAT,5.8458757848711684e-05,641,AGAAAA,0.4110635221004486,False,False,True,-0.006282627582550049,
4,10,66,head_5,recovery,0.04248046875,0.01883518695831299,842,AGGGAC,4.31640625,4364,TCGGAT,4.703125,4364,TCGGAT,4.703125,842,AGGGAC,6.366877641994506e-05,4364,TCGGAT,5.7502493291394785e-05,641,AGAAAA,0.41245779395103455,False,False,True,-0.004034996032714844,
4,11,66,head_5,recovery,0.037109375,0.023590147495269775,842,AGGGAC,4.30078125,4364,TCGGAT,4.69140625,4364,TCGGAT,4.69140625,842,AGGGAC,6.43884195596911e-05,4364,TCGGAT,5.786127076135017e-05,641,AGAAAA,0.404960036277771,False,False,True,-0.02425551414489746,
4,12,66,head_5,recovery,0.0263671875,0.008853554725646973,842,AGGGAC,4.28125,4364,TCGGAT,4.6796875,4364,TCGGAT,4.6796875,842,AGGGAC,6.04596825724002e-05,4364,TCGGAT,5.505091030499898e-05,641,AGAAAA,0.40946725010871887,False,False,True,-0.02852809429168701,
4,13,66,head_5,recovery,0.0,0.001080334186553955,842,AGGGAC,4.2734375,4364,TCGGAT,4.69140625,4364,TCGGAT,4.69140625,842,AGGGAC,6.229791324585676e-05,4364,TCGGAT,5.7479064707877114e-05,641,AGAAAA,0.4061889946460724,False,False,True,-0.0340113639831543,
4,14,66,head_5,recovery,-0.0263671875,-0.02762448787689209,842,AGGGAC,4.265625,4364,TCGGAT,4.703125,4364,TCGGAT,4.703125,842,AGGGAC,5.8355995861347765e-05,4364,TCGGAT,5.571557267103344e-05,641,AGAAAA,0.41147565841674805,False,False,True,-0.015610575675964355,
4,15,66,head_5,recovery,-0.0048828125,-0.023071885108947754,842,AGGGAC,4.2734375,4364,TCGGAT,4.6953125,4364,TCGGAT,4.6953125,842,AGGGAC,5.972079816274345e-05,4364,TCGGAT,5.673487248714082e-05,641,AGAAAA,0.40848127007484436,False,False,True,-0.013402342796325684,
4,16,66,head_5,recovery,-0.07421875,-0.06968569755554199,842,AGGGAC,4.328125,4364,TCGGAT,4.80078125,4364,TCGGAT,4.80078125,842,AGGGAC,6.499265145976096e-05,4364,TCGGAT,6.554430001415312e-05,641,AGAAAA,0.39761990308761597,False,False,True,-0.020505070686340332,
4,17,66,head_5,recovery,-0.10546875,-0.10207521915435791,842,AGGGAC,4.3515625,4364,TCGGAT,4.84765625,4364,TCGGAT,4.84765625,842,AGGGAC,6.61585436319001e-05,4364,TCGGAT,6.91682580509223e-05,641,AGAAAA,0.3915174603462219,False,False,True,-0.028829455375671387,
4,18,66,head_5,recovery,-0.1484375,-0.11353206634521484,842,AGGGAC,4.33984375,4364,TCGGAT,4.8671875,4364,TCGGAT,4.8671875,842,AGGGAC,6.469280197052285e-05,4364,TCGGAT,6.857198604848236e-05,641,AGAAAA,0.3982508182525635,False,False,True,-0.026223838329315186,
4,19,66,head_5,recovery,-0.08984375,-0.053581953048706055,842,AGGGAC,4.30078125,4364,TCGGAT,4.78515625,4364,TCGGAT,4.78515625,842,AGGGAC,5.948481702944264e-05,4364,TCGGAT,5.881434117327444e-05,641,AGAAAA,0.41251811385154724,False,False,True,-0.01623469591140747,
4,20,66,head_5,recovery,-0.0322265625,0.014557123184204102,842,AGGGAC,4.28515625,4364,TCGGAT,4.7265625,4364,TCGGAT,4.7265625,842,AGGGAC,6.125895743025467e-05,4364,TCGGAT,5.541733480640687e-05,641,AGAAAA,0.4236002266407013,False,False,True,-0.007163524627685547,
4,21,66,head_5,recovery,0.03173828125,0.07263654470443726,842,AGGGAC,4.24609375,4364,TCGGAT,4.640625,4364,TCGGAT,4.640625,842,AGGGAC,5.9452446294017136e-05,4364,TCGGAT,4.920312494505197e-05,641,AGAAAA,0.43121060729026794,False,False,True,0.019131600856781006,
4,22,66,head_5,recovery,0.12158203125,0.1352105736732483,842,AGGGAC,4.265625,4364,TCGGAT,4.59375,4364,TCGGAT,4.59375,842,AGGGAC,6.176500755827874e-05,4364,TCGGAT,4.676689059124328e-05,641,AGAAAA,0.4254414141178131,False,False,True,0.023234188556671143,
4,23,66,head_5,recovery,0.1005859375,0.08719426393508911,842,AGGGAC,4.26171875,4364,TCGGAT,4.60546875,4364,TCGGAT,4.60546875,842,AGGGAC,5.823846368002705e-05,4364,TCGGAT,4.6884346375009045e-05,641,AGAAAA,0.4232621192932129,False,False,True,0.024125874042510986,
4,24,66,head_5,recovery,0.05810546875,0.03865635395050049,842,AGGGAC,4.30078125,4364,TCGGAT,4.67578125,4364,TCGGAT,4.67578125,842,AGGGAC,5.782150401500985e-05,4364,TCGGAT,5.0150974857388064e-05,641,AGAAAA,0.42090508341789246,False,False,True,0.0035833120346069336,
4,25,66,head_5,recovery,-0.0107421875,-0.011900782585144043,842,AGGGAC,4.28125,4364,TCGGAT,4.70703125,4364,TCGGAT,4.70703125,842,AGGGAC,5.754653466283344e-05,4364,TCGGAT,5.3712825319962576e-05,641,AGAAAA,0.4250715970993042,False,False,True,0.003954410552978516,
4,26,66,head_5,recovery,-0.0107421875,-0.008697867393493652,842,AGGGAC,4.2734375,4364,TCGGAT,4.69921875,4364,TCGGAT,4.69921875,842,AGGGAC,5.684526695404202e-05,4364,TCGGAT,5.276849333313294e-05,641,AGAAAA,0.4228289723396301,False,False,True,0.0022351741790771484,
4,27,66,head_5,recovery,-0.0048828125,-0.006996273994445801,842,AGGGAC,4.2734375,4364,TCGGAT,4.6953125,4364,TCGGAT,4.6953125,842,AGGGAC,5.8472491218708456e-05,4364,TCGGAT,5.4266576626105234e-05,641,AGAAAA,0.4188603162765503,False,False,True,0.0008172392845153809,
4,28,66,head_5,recovery,-0.0048828125,-0.0029366016387939453,842,AGGGAC,4.28515625,4364,TCGGAT,4.70703125,4364,TCGGAT,4.70703125,842,AGGGAC,5.998558845021762e-05,4364,TCGGAT,5.547158434637822e-05,641,AGAAAA,0.41916459798812866,False,False,True,0.0020891427993774414,
4,29,66,head_5,recovery,-0.015625,-0.008326292037963867,842,AGGGAC,4.2734375,4364,TCGGAT,4.703125,4364,TCGGAT,4.703125,842,AGGGAC,5.8747638831846416e-05,4364,TCGGAT,5.4642659961245954e-05,641,AGAAAA,0.41874340176582336,False,False,True,0.002223372459411621,
4,30,66,head_5,recovery,-0.0048828125,-0.002866029739379883,842,AGGGAC,4.28125,4364,TCGGAT,4.703125,4364,TCGGAT,4.703125,842,AGGGAC,5.923559729126282e-05,4364,TCGGAT,5.4716238082619384e-05,641,AGAAAA,0.4179403483867645,False,False,True,0.0003363490104675293,
4,31,66,head_5,recovery,-0.0048828125,-0.011185407638549805,842,AGGGAC,4.28125,4364,TCGGAT,4.703125,4364,TCGGAT,4.703125,842,AGGGAC,5.778108970844187e-05,4364,TCGGAT,5.3893094445811585e-05,641,AGAAAA,0.4216324985027313,False,False,True,0.001156926155090332,
4,32,66,head_5,recovery,-0.0048828125,-0.014605402946472168,842,AGGGAC,4.28515625,4364,TCGGAT,4.70703125,4364,TCGGAT,4.70703125,842,AGGGAC,5.846133717568591e-05,4364,TCGGAT,5.483288623508997e-05,641,AGAAAA,0.4227287769317627,False,False,True,0.004829347133636475,
4,33,66,head_5,recovery,-0.015625,-0.015594482421875,842,AGGGAC,4.27734375,4364,TCGGAT,4.70703125,4364,TCGGAT,4.70703125,842,AGGGAC,5.785233588539995e-05,4364,TCGGAT,5.429895099950954e-05,641,AGAAAA,0.42383065819740295,False,False,True,0.002312898635864258,
4,34,66,head_5,recovery,0.00537109375,0.003490269184112549,842,AGGGAC,4.27734375,4364,TCGGAT,4.69140625,4364,TCGGAT,4.69140625,842,AGGGAC,5.8811925555346534e-05,4364,TCGGAT,5.381017763284035e-05,641,AGAAAA,0.42412370443344116,False,False,True,0.0018241405487060547,
4,35,66,head_5,recovery,0.0,0.0037960410118103027,842,AGGGAC,4.265625,4364,TCGGAT,4.68359375,4364,TCGGAT,4.68359375,842,AGGGAC,5.740104097640142e-05,4364,TCGGAT,5.237609366304241e-05,641,AGAAAA,0.4276092052459717,False,False,True,0.002584517002105713,
5,0,66,head_5,recovery,-0.015625,-0.006115078926086426,842,AGGGAC,4.2890625,4364,TCGGAT,4.71875,4364,TCGGAT,4.71875,842,AGGGAC,6.253403989830986e-05,4364,TCGGAT,5.826124834129587e-05,641,AGAAAA,0.41886523365974426,False,False,True,-0.00018340349197387695,
5,1,66,head_5,recovery,-0.021484375,-0.010393738746643066,842,AGGGAC,4.28515625,4364,TCGGAT,4.71875,4364,TCGGAT,4.71875,842,AGGGAC,6.19689526502043e-05,4364,TCGGAT,5.802086889161728e-05,641,AGAAAA,0.418807715177536,False,False,True,0.0006122589111328125,
5,2,66,head_5,recovery,-0.015625,-0.006342530250549316,842,AGGGAC,4.29296875,4364,TCGGAT,4.72265625,4364,TCGGAT,4.72265625,842,AGGGAC,6.250260048545897e-05,4364,TCGGAT,5.824707477586344e-05,641,AGAAAA,0.41921719908714294,False,False,True,0.0008225440979003906,
5,3,66,head_5,recovery,0.00537109375,0.0015314221382141113,842,AGGGAC,4.28125,4364,TCGGAT,4.6953125,4364,TCGGAT,4.6953125,842,AGGGAC,5.950015474809334e-05,4364,TCGGAT,5.464706919156015e-05,641,AGAAAA,0.418777197599411,False,False,True,-0.00019550323486328125,
5,4,66,head_5,recovery,0.00537109375,0.000550687313079834,842,AGGGAC,4.2890625,4364,TCGGAT,4.703125,4364,TCGGAT,4.703125,842,AGGGAC,5.97903854213655e-05,4364,TCGGAT,5.50117292732466e-05,641,AGAAAA,0.41898778080940247,False,False,True,-0.00041562318801879883,
5,5,66,head_5,recovery,0.0,-0.0005304813385009766,842,AGGGAC,4.28515625,4364,TCGGAT,4.703125,4364,TCGGAT,4.703125,842,AGGGAC,6.024665344739333e-05,4364,TCGGAT,5.555004463531077e-05,641,AGAAAA,0.4171588122844696,False,False,True,0.0003466010093688965,
5,6,66,head_5,recovery,0.0107421875,0.005668461322784424,842,AGGGAC,4.30078125,4364,TCGGAT,4.7109375,4364,TCGGAT,4.7109375,842,AGGGAC,6.172863504616544e-05,4364,TCGGAT,5.656158100464381e-05,641,AGAAAA,0.4192381501197815,False,False,True,0.005104720592498779,
5,7,66,head_5,recovery,0.01611328125,0.009519517421722412,842,AGGGAC,4.30078125,4364,TCGGAT,4.70703125,4364,TCGGAT,4.70703125,842,AGGGAC,6.185098754940554e-05,4364,TCGGAT,5.63916728424374e-05,641,AGAAAA,0.41894906759262085,False,False,True,0.003169834613800049,
5,8,66,head_5,recovery,-0.0048828125,-0.0048677921295166016,842,AGGGAC,4.296875,4364,TCGGAT,4.71875,4364,TCGGAT,4.71875,842,AGGGAC,6.1005877796560526e-05,4364,TCGGAT,5.6638433306943625e-05,641,AGAAAA,0.42064782977104187,False,False,True,0.006247401237487793,
5,9,66,head_5,recovery,-0.0048828125,-0.00467073917388916,842,AGGGAC,4.2890625,4364,TCGGAT,4.7109375,4364,TCGGAT,4.7109375,842,AGGGAC,6.042614404577762e-05,4364,TCGGAT,5.604374746326357e-05,641,AGAAAA,0.42065513134002686,False,False,True,0.0023077726364135742,
5,10,66,head_5,recovery,-0.0107421875,-0.004878401756286621,842,AGGGAC,4.28515625,4364,TCGGAT,4.7109375,4364,TCGGAT,4.7109375,842,AGGGAC,5.92163487453945e-05,4364,TCGGAT,5.484970461111516e-05,641,AGAAAA,0.42178231477737427,False,False,True,0.0011075139045715332,
5,11,66,head_5,recovery,-0.037109375,-0.022823691368103027,842,AGGGAC,4.27734375,4364,TCGGAT,4.72265625,4364,TCGGAT,4.72265625,842,AGGGAC,5.843885810463689e-05,4364,TCGGAT,5.543409861274995e-05,641,AGAAAA,0.42021283507347107,False,False,True,-0.0005910992622375488,
5,12,66,head_5,recovery,-0.015625,-0.013626694679260254,842,AGGGAC,4.2890625,4364,TCGGAT,4.71875,4364,TCGGAT,4.71875,842,AGGGAC,5.8777422964340076e-05,4364,TCGGAT,5.507470268639736e-05,641,AGAAAA,0.4210321307182312,False,False,True,-0.00019550323486328125,
5,13,66,head_5,recovery,-0.021484375,-0.012835979461669922,842,AGGGAC,4.2890625,4364,TCGGAT,4.72265625,4364,TCGGAT,4.72265625,842,AGGGAC,5.915317888138816e-05,4364,TCGGAT,5.539044286706485e-05,641,AGAAAA,0.4262923300266266,False,False,True,0.008855462074279785,
5,14,66,head_5,recovery,0.00537109375,0.009384632110595703,842,AGGGAC,4.28125,4364,TCGGAT,4.6953125,4364,TCGGAT,4.6953125,842,AGGGAC,5.740897177020088e-05,4364,TCGGAT,5.19598979735747e-05,641,AGAAAA,0.43072009086608887,False,False,True,0.011797606945037842,
5,15,66,head_5,recovery,0.00537109375,0.023257076740264893,842,AGGGAC,4.27734375,4364,TCGGAT,4.69140625,4364,TCGGAT,4.69140625,842,AGGGAC,6.019010106683709e-05,4364,TCGGAT,5.3688232583226636e-05,641,AGAAAA,0.43300575017929077,False,False,True,0.01593095064163208,
5,16,66,head_5,recovery,-0.0107421875,0.009205639362335205,842,AGGGAC,4.265625,4364,TCGGAT,4.69140625,4364,TCGGAT,4.69140625,842,AGGGAC,5.9081943618366495e-05,4364,TCGGAT,5.3646454034605995e-05,641,AGAAAA,0.4283201992511749,False,False,True,0.01139897108078003,
5,17,66,head_5,recovery,-0.021484375,-0.0004916191101074219,842,AGGGAC,4.26953125,4364,TCGGAT,4.703125,4364,TCGGAT,4.703125,842,AGGGAC,5.857460928382352e-05,4364,TCGGAT,5.387505007092841e-05,641,AGAAAA,0.42601099610328674,False,False,True,0.00667119026184082,
5,18,66,head_5,recovery,-0.021484375,-0.012846946716308594,842,AGGGAC,4.27734375,4364,TCGGAT,4.7109375,4364,TCGGAT,4.7109375,842,AGGGAC,5.694347055396065e-05,4364,TCGGAT,5.318157491274178e-05,641,AGAAAA,0.4212970733642578,False,False,True,0.0026301145553588867,
5,19,66,head_5,recovery,0.0,0.000396728515625,842,AGGGAC,4.2734375,4364,TCGGAT,4.69140625,4364,TCGGAT,4.69140625,842,AGGGAC,5.7342404033988714e-05,4364,TCGGAT,5.257542943581939e-05,641,AGAAAA,0.42465072870254517,False,False,True,0.0030684471130371094,
5,20,66,head_5,recovery,0.00537109375,0.007937371730804443,842,AGGGAC,4.28125,4364,TCGGAT,4.6953125,4364,TCGGAT,4.6953125,842,AGGGAC,5.925033474341035e-05,4364,TCGGAT,5.3911095164949074e-05,641,AGAAAA,0.4237472712993622,False,False,True,0.003564298152923584,
5,21,66,head_5,recovery,0.00537109375,0.02456367015838623,842,AGGGAC,4.30078125,4364,TCGGAT,4.71484375,4364,TCGGAT,4.71484375,842,AGGGAC,6.503800250357017e-05,4364,TCGGAT,5.843697363161482e-05,641,AGAAAA,0.4208473861217499,False,False,True,-0.0028730034828186035,
5,22,66,head_5,recovery,0.0,0.03033280372619629,842,AGGGAC,4.3125,4364,TCGGAT,4.73046875,4364,TCGGAT,4.73046875,842,AGGGAC,6.526723154820502e-05,4364,TCGGAT,5.822838647873141e-05,641,AGAAAA,0.41461750864982605,False,False,True,-0.018563032150268555,
5,23,66,head_5,recovery,0.0107421875,0.030150890350341797,842,AGGGAC,4.3203125,4364,TCGGAT,4.73046875,4364,TCGGAT,4.73046875,842,AGGGAC,6.598090112674981e-05,4364,TCGGAT,5.89558549108915e-05,641,AGAAAA,0.41447731852531433,False,False,True,-0.017435848712921143,
5,24,66,head_5,recovery,0.0263671875,0.014487862586975098,842,AGGGAC,4.3046875,4364,TCGGAT,4.703125,4364,TCGGAT,4.703125,842,AGGGAC,6.11861323704943e-05,4364,TCGGAT,5.5349766626022756e-05,641,AGAAAA,0.4157814085483551,False,False,True,-0.009342372417449951,
5,25,66,head_5,recovery,-0.015625,-0.02385711669921875,842,AGGGAC,4.29296875,4364,TCGGAT,4.72265625,4364,TCGGAT,4.72265625,842,AGGGAC,6.0549176851054654e-05,4364,TCGGAT,5.7622841268312186e-05,641,AGAAAA,0.41983646154403687,False,False,True,-0.003540217876434326,
5,26,66,head_5,recovery,-0.015625,-0.020360946655273438,842,AGGGAC,4.29296875,4364,TCGGAT,4.72265625,4364,TCGGAT,4.72265625,842,AGGGAC,6.122920603957027e-05,4364,TCGGAT,5.8037552662426606e-05,641,AGAAAA,0.42008674144744873,False,False,True,-0.002608954906463623,
5,27,66,head_5,recovery,-0.0048828125,-0.007246732711791992,842,AGGGAC,4.30078125,4364,TCGGAT,4.72265625,4364,TCGGAT,4.72265625,842,AGGGAC,6.0299684264464304e-05,4364,TCGGAT,5.611277447314933e-05,641,AGAAAA,0.4191538393497467,False,False,True,-0.005486249923706055,
5,28,66,head_5,recovery,0.00537109375,0.006372332572937012,842,AGGGAC,4.2890625,4364,TCGGAT,4.703125,4364,TCGGAT,4.703125,842,AGGGAC,6.0716207372024655e-05,4364,TCGGAT,5.54957332496997e-05,641,AGAAAA,0.41982731223106384,False,False,True,-0.0013454556465148926,
5,29,66,head_5,recovery,0.00537109375,0.0017510652542114258,842,AGGGAC,4.28125,4364,TCGGAT,4.6953125,4364,TCGGAT,4.6953125,842,AGGGAC,5.952052742941305e-05,4364,TCGGAT,5.465076901600696e-05,641,AGAAAA,0.4186394214630127,False,False,True,-0.003246009349822998,
5,30,66,head_5,recovery,-0.0107421875,-0.006801724433898926,842,AGGGAC,4.26171875,4364,TCGGAT,4.6875,4364,TCGGAT,4.6875,842,AGGGAC,5.7270226534456015e-05,4364,TCGGAT,5.3049541747896e-05,641,AGAAAA,0.42185068130493164,False,False,True,0.00022405385971069336,
5,31,66,head_5,recovery,0.00537109375,9.232759475708008e-05,842,AGGGAC,4.26953125,4364,TCGGAT,4.68359375,4364,TCGGAT,4.68359375,842,AGGGAC,5.7705678045749664e-05,4364,TCGGAT,5.296180461300537e-05,641,AGAAAA,0.41936370730400085,False,False,True,-0.0035237669944763184,
5,32,66,head_5,recovery,-0.0107421875,-0.0020903348922729492,842,AGGGAC,4.26953125,4364,TCGGAT,4.6953125,4364,TCGGAT,4.6953125,842,AGGGAC,5.914469147683121e-05,4364,TCGGAT,5.456646249513142e-05,641,AGAAAA,0.41699331998825073,False,False,True,-0.0035289525985717773,
5,33,66,head_5,recovery,-0.0107421875,-0.007355928421020508,842,AGGGAC,4.3046875,4364,TCGGAT,4.73046875,4364,TCGGAT,4.73046875,842,AGGGAC,6.199470954015851e-05,4364,TCGGAT,5.78160907025449e-05,641,AGAAAA,0.41260573267936707,False,False,True,-0.0048108696937561035,
5,34,66,head_5,recovery,-0.037109375,-0.02582108974456787,842,AGGGAC,4.28515625,4364,TCGGAT,4.73046875,4364,TCGGAT,4.73046875,842,AGGGAC,6.017972555127926e-05,4364,TCGGAT,5.740245251217857e-05,641,AGAAAA,0.4149947762489319,False,False,True,-0.0019162893295288086,
5,35,66,head_5,recovery,-0.015625,-0.012723803520202637,842,AGGGAC,4.29296875,4364,TCGGAT,4.72265625,4364,TCGGAT,4.72265625,842,AGGGAC,5.9313308156561106e-05,4364,TCGGAT,5.554206654778682e-05,641,AGAAAA,0.41895508766174316,False,False,True,0.00023680925369262695,
6,0,66,head_5,recovery,-0.0048828125,-0.0050716400146484375,842,AGGGAC,4.2890625,4364,TCGGAT,4.7109375,4364,TCGGAT,4.7109375,842,AGGGAC,6.129937537480146e-05,4364,TCGGAT,5.694739957107231e-05,641,AGAAAA,0.41756290197372437,False,False,True,0.00034987926483154297,
6,1,66,head_5,recovery,-0.0107421875,-0.010353803634643555,842,AGGGAC,4.28515625,4364,TCGGAT,4.7109375,4364,TCGGAT,4.7109375,842,AGGGAC,6.152025889605284e-05,4364,TCGGAT,5.756914833909832e-05,641,AGAAAA,0.41631442308425903,False,False,True,-0.001147150993347168,
6,2,66,head_5,recovery,-0.0107421875,-0.010586380958557129,842,AGGGAC,4.2890625,4364,TCGGAT,4.71484375,4364,TCGGAT,4.71484375,842,AGGGAC,6.235478213056922e-05,4364,TCGGAT,5.842132668476552e-05,641,AGAAAA,0.4151546061038971,False,False,True,-0.0015088319778442383,
6,3,66,head_5,recovery,-0.015625,-0.01179349422454834,842,AGGGAC,4.28125,4364,TCGGAT,4.7109375,4364,TCGGAT,4.7109375,842,AGGGAC,6.009983189869672e-05,4364,TCGGAT,5.625798075925559e-05,641,AGAAAA,0.4165867865085602,False,False,True,-0.0024242401123046875,
6,4,66,head_5,recovery,0.00537109375,0.0025258660316467285,842,AGGGAC,4.2890625,4364,TCGGAT,4.703125,4364,TCGGAT,4.703125,842,AGGGAC,5.9415808209450915e-05,4364,TCGGAT,5.448725278256461e-05,641,AGAAAA,0.4182792007923126,False,False,True,-0.0005268454551696777,
6,5,66,head_5,recovery,0.00537109375,0.0025116801261901855,842,AGGGAC,4.28125,4364,TCGGAT,4.6953125,4364,TCGGAT,4.6953125,842,AGGGAC,5.862231773789972e-05,4364,TCGGAT,5.369483551476151e-05,641,AGAAAA,0.42053648829460144,False,False,True,-0.0007637739181518555,
6,6,66,head_5,recovery,0.0263671875,0.01716792583465576,842,AGGGAC,4.296875,4364,TCGGAT,4.6953125,4364,TCGGAT,4.6953125,842,AGGGAC,6.101881808717735e-05,4364,TCGGAT,5.497905658558011e-05,641,AGAAAA,0.4187772274017334,False,False,True,-0.00040602684020996094,
6,7,66,head_5,recovery,0.01611328125,0.008715331554412842,842,AGGGAC,4.2890625,4364,TCGGAT,4.6953125,4364,TCGGAT,4.6953125,842,AGGGAC,5.994226012262516e-05,4364,TCGGAT,5.45439834240824e-05,641,AGAAAA,0.42035359144210815,False,False,True,0.0017284154891967773,
6,8,66,head_5,recovery,0.0263671875,0.015451014041900635,842,AGGGAC,4.29296875,4364,TCGGAT,4.69140625,4364,TCGGAT,4.69140625,842,AGGGAC,6.022972956998274e-05,4364,TCGGAT,5.432027319329791e-05,641,AGAAAA,0.42014580965042114,False,False,True,0.003086268901824951,
6,9,66,head_5,recovery,0.0263671875,0.01715797185897827,842,AGGGAC,4.28515625,4364,TCGGAT,4.68359375,4364,TCGGAT,4.68359375,842,AGGGAC,5.993042213958688e-05,4364,TCGGAT,5.389142097556032e-05,641,AGAAAA,0.4237995147705078,False,False,True,0.0031819939613342285,
6,10,66,head_5,recovery,0.02099609375,0.012537062168121338,842,AGGGAC,4.2890625,4364,TCGGAT,4.69140625,4364,TCGGAT,4.69140625,842,AGGGAC,5.9755227994173765e-05,4364,TCGGAT,5.406691343523562e-05,641,AGAAAA,0.42274102568626404,False,False,True,0.002180635929107666,
6,11,66,head_5,recovery,0.00537109375,0.010975480079650879,842,AGGGAC,4.2890625,4364,TCGGAT,4.703125,4364,TCGGAT,4.703125,842,AGGGAC,6.105668580858037e-05,4364,TCGGAT,5.548688568524085e-05,641,AGAAAA,0.4206323027610779,False,False,True,0.0019094347953796387,
6,12,66,head_5,recovery,-0.021484375,-0.018222689628601074,842,AGGGAC,4.28515625,4364,TCGGAT,4.71875,4364,TCGGAT,4.71875,842,AGGGAC,5.915312794968486e-05,4364,TCGGAT,5.579919525189325e-05,641,AGAAAA,0.41784900426864624,False,False,True,0.002410888671875,
6,13,66,head_5,recovery,0.0,-0.008426070213317871,842,AGGGAC,4.29296875,4364,TCGGAT,4.7109375,4364,TCGGAT,4.7109375,842,AGGGAC,5.788744238088839e-05,4364,TCGGAT,5.379003778216429e-05,641,AGAAAA,0.42067205905914307,False,False,True,0.010023415088653564,
6,14,66,head_5,recovery,0.0107421875,-0.004041910171508789,842,AGGGAC,4.30078125,4364,TCGGAT,4.7109375,4364,TCGGAT,4.7109375,842,AGGGAC,5.915949077461846e-05,4364,TCGGAT,5.4729360272176564e-05,641,AGAAAA,0.41962558031082153,False,False,True,0.00777202844619751,
6,15,66,head_5,recovery,0.0478515625,0.032418787479400635,842,AGGGAC,4.2890625,4364,TCGGAT,4.671875,4364,TCGGAT,4.671875,842,AGGGAC,5.4427491704700515e-05,4364,TCGGAT,4.72303363494575e-05,641,AGAAAA,0.4284864068031311,False,False,True,0.02042222023010254,
6,16,66,head_5,recovery,0.0478515625,0.032662034034729004,842,AGGGAC,4.28125,4364,TCGGAT,4.6640625,4364,TCGGAT,4.6640625,842,AGGGAC,5.366582627175376e-05,4364,TCGGAT,4.6450208174064755e-05,641,AGAAAA,0.42806971073150635,False,False,True,0.011093318462371826,
6,17,66,head_5,recovery,0.0478515625,0.03731280565261841,842,AGGGAC,4.2734375,4364,TCGGAT,4.65625,4364,TCGGAT,4.65625,842,AGGGAC,5.300653356243856e-05,4364,TCGGAT,4.543796967482194e-05,641,AGAAAA,0.42876097559928894,False,False,True,0.0085715651512146,
6,18,66,head_5,recovery,-0.0048828125,0.0015985965728759766,842,AGGGAC,4.28125,4364,TCGGAT,4.703125,4364,TCGGAT,4.703125,842,AGGGAC,5.900548057979904e-05,4364,TCGGAT,5.414729821495712e-05,641,AGAAAA,0.42042115330696106,False,False,True,-0.005428612232208252,
6,19,66,head_5,recovery,-0.068359375,-0.02979111671447754,842,AGGGAC,4.28515625,4364,TCGGAT,4.75390625,4364,TCGGAT,4.75390625,842,AGGGAC,5.91679745411966e-05,4364,TCGGAT,5.66919770790264e-05,641,AGAAAA,0.42392078042030334,False,False,True,-0.006905019283294678,
6,20,66,head_5,recovery,-0.068359375,-0.034221649169921875,842,AGGGAC,4.28125,4364,TCGGAT,4.75,4364,TCGGAT,4.75,842,AGGGAC,5.9662350395228714e-05,4364,TCGGAT,5.752259312430397e-05,641,AGAAAA,0.4211445450782776,False,False,True,-0.006260693073272705,
6,21,66,head_5,recovery,-0.037109375,-0.0030890703201293945,842,AGGGAC,4.29296875,4364,TCGGAT,4.73828125,4364,TCGGAT,4.73828125,842,AGGGAC,6.409664638340473e-05,4364,TCGGAT,5.959421469015069e-05,641,AGAAAA,0.41853147745132446,False,False,True,-0.008387386798858643,
6,22,66,head_5,recovery,0.03173828125,0.039682209491729736,842,AGGGAC,4.3125,4364,TCGGAT,4.70703125,4364,TCGGAT,4.70703125,842,AGGGAC,6.748545274604112e-05,4364,TCGGAT,5.973706720396876e-05,641,AGAAAA,0.4151219427585602,False,False,True,-0.005265355110168457,
6,23,66,head_5,recovery,0.03173828125,0.035397231578826904,842,AGGGAC,4.30859375,4364,TCGGAT,4.703125,4364,TCGGAT,4.703125,842,AGGGAC,6.68599022901617e-05,4364,TCGGAT,5.943670475971885e-05,641,AGAAAA,0.41645169258117676,False,False,True,-0.005570113658905029,
6,24,66,head_5,recovery,0.00537109375,0.006235837936401367,842,AGGGAC,4.296875,4364,TCGGAT,4.7109375,4364,TCGGAT,4.7109375,842,AGGGAC,6.265097908908501e-05,4364,TCGGAT,5.744086956838146e-05,641,AGAAAA,0.4156592786312103,False,False,True,-0.005477488040924072,
6,25,66,head_5,recovery,0.00537109375,-0.005509734153747559,842,AGGGAC,4.296875,4364,TCGGAT,4.7109375,4364,TCGGAT,4.7109375,842,AGGGAC,6.247909186640754e-05,4364,TCGGAT,5.8160356275038794e-05,641,AGAAAA,0.41537347435951233,False,False,True,-0.004442155361175537,
6,26,66,head_5,recovery,0.0107421875,0.00018638372421264648,842,AGGGAC,4.30859375,4364,TCGGAT,4.71875,4364,TCGGAT,4.71875,842,AGGGAC,6.457637209678069e-05,4364,TCGGAT,5.982536094961688e-05,641,AGAAAA,0.41354021430015564,False,False,True,-0.003298640251159668,
6,27,66,head_5,recovery,0.01611328125,-0.00046074390411376953,842,AGGGAC,4.30859375,4364,TCGGAT,4.71484375,4364,TCGGAT,4.71484375,842,AGGGAC,6.393347575794905e-05,4364,TCGGAT,5.9231577324680984e-05,641,AGAAAA,0.4150902032852173,False,False,True,-0.003082752227783203,
6,28,66,head_5,recovery,0.0107421875,0.002335965633392334,842,AGGGAC,4.29296875,4364,TCGGAT,4.703125,4364,TCGGAT,4.703125,842,AGGGAC,6.055028279661201e-05,4364,TCGGAT,5.5636137403780594e-05,641,AGAAAA,0.41931912302970886,False,False,True,-0.0008325576782226562,
6,29,66,head_5,recovery,0.01611328125,0.007037341594696045,842,AGGGAC,4.29296875,4364,TCGGAT,4.69921875,4364,TCGGAT,4.69921875,842,AGGGAC,6.042188761057332e-05,4364,TCGGAT,5.515094744623639e-05,641,AGAAAA,0.4194270372390747,False,False,True,0.0005578398704528809,
6,30,66,head_5,recovery,0.0107421875,0.003656625747680664,842,AGGGAC,4.29296875,4364,TCGGAT,4.703125,4364,TCGGAT,4.703125,842,AGGGAC,5.990474164718762e-05,4364,TCGGAT,5.4890373576199636e-05,641,AGAAAA,0.419955849647522,False,False,True,0.00018340349197387695,
6,31,66,head_5,recovery,0.0107421875,0.0055405497550964355,842,AGGGAC,4.29296875,4364,TCGGAT,4.703125,4364,TCGGAT,4.703125,842,AGGGAC,6.03343614784535e-05,4364,TCGGAT,5.517702084034681e-05,641,AGAAAA,0.41739028692245483,False,False,True,-0.0009971261024475098,
6,32,66,head_5,recovery,0.0,-0.0006542205810546875,842,AGGGAC,4.29296875,4364,TCGGAT,4.7109375,4364,TCGGAT,4.7109375,842,AGGGAC,6.141264020698145e-05,4364,TCGGAT,5.67254246561788e-05,641,AGAAAA,0.4163350462913513,False,False,True,-0.0017885565757751465,
6,33,66,head_5,recovery,0.0107421875,0.004208385944366455,842,AGGGAC,4.2890625,4364,TCGGAT,4.69921875,4364,TCGGAT,4.69921875,842,AGGGAC,6.0688726080115885e-05,4364,TCGGAT,5.563248123507947e-05,641,AGAAAA,0.41656219959259033,False,False,True,-0.0023145079612731934,
6,34,66,head_5,recovery,0.0,-0.001874089241027832,842,AGGGAC,4.28515625,4364,TCGGAT,4.703125,4364,TCGGAT,4.703125,842,AGGGAC,6.0467766161309555e-05,4364,TCGGAT,5.587312261923216e-05,641,AGAAAA,0.41688597202301025,False,False,True,-0.0010565519332885742,
6,35,66,head_5,recovery,0.00537109375,0.0022058486938476562,842,AGGGAC,4.2890625,4364,TCGGAT,4.703125,4364,TCGGAT,4.703125,842,AGGGAC,6.0355698224157095e-05,4364,TCGGAT,5.5451429943786934e-05,641,AGAAAA,0.41881412267684937,False,False,True,-0.000792086124420166,
7,0,66,head_5,recovery,0.05810546875,0.0028119683265686035,842,AGGGAC,4.31640625,4364,TCGGAT,4.69140625,4364,TCGGAT,4.69140625,842,AGGGAC,5.5283795518334955e-05,4364,TCGGAT,5.033352499594912e-05,641,AGAAAA,0.41738852858543396,False,False,True,0.007140398025512695,
7,1,66,head_5,recovery,0.0478515625,-0.00929713249206543,842,AGGGAC,4.30078125,4364,TCGGAT,4.68359375,4364,TCGGAT,4.68359375,842,AGGGAC,5.32129815837834e-05,4364,TCGGAT,4.918168633594178e-05,641,AGAAAA,0.4178188741207123,False,False,True,0.0062792301177978516,
7,2,66,head_5,recovery,0.052734375,0.007255136966705322,842,AGGGAC,4.27734375,4364,TCGGAT,4.65625,4364,TCGGAT,4.65625,842,AGGGAC,5.033421257394366e-05,4364,TCGGAT,4.50467414339073e-05,641,AGAAAA,0.4202573001384735,False,False,True,-0.0064553022384643555,
7,3,66,head_5,recovery,0.0,-0.00969243049621582,842,AGGGAC,4.28125,4364,TCGGAT,4.69921875,4364,TCGGAT,4.69921875,842,AGGGAC,5.7380642829230055e-05,4364,TCGGAT,5.3379349992610514e-05,641,AGAAAA,0.41759973764419556,False,False,True,-0.004868626594543457,
7,4,66,head_5,recovery,-0.0048828125,-0.010483026504516602,842,AGGGAC,4.28125,4364,TCGGAT,4.703125,4364,TCGGAT,4.703125,842,AGGGAC,5.888435771339573e-05,4364,TCGGAT,5.4943062423262745e-05,641,AGAAAA,0.417635440826416,False,False,True,-0.004333794116973877,
7,5,66,head_5,recovery,0.0107421875,-0.0033081769943237305,842,AGGGAC,4.28515625,4364,TCGGAT,4.6953125,4364,TCGGAT,4.6953125,842,AGGGAC,5.957738540018909e-05,4364,TCGGAT,5.509157563210465e-05,641,AGAAAA,0.4173993468284607,False,False,True,-0.0017406344413757324,
7,6,66,head_5,recovery,-0.0048828125,-0.011822938919067383,842,AGGGAC,4.28125,4364,TCGGAT,4.703125,4364,TCGGAT,4.703125,842,AGGGAC,5.9388414229033515e-05,4364,TCGGAT,5.554880408453755e-05,641,AGAAAA,0.41584670543670654,False,False,True,-0.0022351741790771484,
7,7,66,head_5,recovery,-0.0419921875,-0.03818106651306152,842,AGGGAC,4.2734375,4364,TCGGAT,4.72265625,4364,TCGGAT,4.72265625,842,AGGGAC,5.924978177063167e-05,4364,TCGGAT,5.7410514273215085e-05,641,AGAAAA,0.4113834798336029,False,False,True,-0.010921120643615723,
7,8,66,head_5,recovery,-0.068359375,-0.05562269687652588,842,AGGGAC,4.265625,4364,TCGGAT,4.734375,4364,TCGGAT,4.734375,842,AGGGAC,5.8933212130796164e-05,4364,TCGGAT,5.8417601394467056e-05,641,AGAAAA,0.4076458513736725,False,False,True,-0.019239068031311035,
7,9,66,head_5,recovery,-0.068359375,-0.06679749488830566,842,AGGGAC,4.2734375,4364,TCGGAT,4.7421875,4364,TCGGAT,4.7421875,842,AGGGAC,5.810093352920376e-05,4364,TCGGAT,5.843339386046864e-05,641,AGAAAA,0.40606099367141724,False,False,True,-0.015628039836883545,
7,10,66,head_5,recovery,-0.0419921875,-0.04401564598083496,842,AGGGAC,4.27734375,4364,TCGGAT,4.7265625,4364,TCGGAT,4.7265625,842,AGGGAC,5.703112037735991e-05,4364,TCGGAT,5.563463855651207e-05,641,AGAAAA,0.41168108582496643,False,False,True,-0.005858004093170166,
7,11,66,head_5,recovery,-0.0419921875,-0.04024243354797363,842,AGGGAC,4.28125,4364,TCGGAT,4.73046875,4364,TCGGAT,4.73046875,842,AGGGAC,5.896193761145696e-05,4364,TCGGAT,5.7279106840724126e-05,641,AGAAAA,0.4085109829902649,False,False,True,-0.016769707202911377,
7,12,66,head_5,recovery,-0.0263671875,-0.020879745483398438,842,AGGGAC,4.28125,4364,TCGGAT,4.71875,4364,TCGGAT,4.71875,842,AGGGAC,5.8986097428714857e-05,4364,TCGGAT,5.583381425822154e-05,641,AGAAAA,0.4144749045372009,False,False,True,-0.015344023704528809,
7,13,66,head_5,recovery,-0.015625,-0.011824607849121094,842,AGGGAC,4.27734375,4364,TCGGAT,4.70703125,4364,TCGGAT,4.70703125,842,AGGGAC,5.808026617160067e-05,4364,TCGGAT,5.424077971838415e-05,641,AGAAAA,0.4147191047668457,False,False,True,-0.013561785221099854,
7,14,66,head_5,recovery,0.01611328125,0.010040462017059326,842,AGGGAC,4.2890625,4364,TCGGAT,4.6953125,4364,TCGGAT,4.6953125,842,AGGGAC,5.672992847394198e-05,4364,TCGGAT,5.1231076213298365e-05,641,AGAAAA,0.4223509430885315,False,False,True,0.006151795387268066,
7,15,66,head_5,recovery,-0.037109375,-0.033606886863708496,842,AGGGAC,4.2734375,4364,TCGGAT,4.71875,4364,TCGGAT,4.71875,842,AGGGAC,5.573829548666254e-05,4364,TCGGAT,5.355188841349445e-05,641,AGAAAA,0.41696640849113464,False,False,True,-0.001839756965637207,
7,16,66,head_5,recovery,-0.052734375,-0.04578745365142822,842,AGGGAC,4.28125,4364,TCGGAT,4.73828125,4364,TCGGAT,4.73828125,842,AGGGAC,5.498449900187552e-05,4364,TCGGAT,5.3722484153695405e-05,641,AGAAAA,0.41673412919044495,False,False,True,0.00182342529296875,
7,17,66,head_5,recovery,-0.0478515625,-0.05257844924926758,842,AGGGAC,4.28515625,4364,TCGGAT,4.73828125,4364,TCGGAT,4.73828125,842,AGGGAC,5.598837378784083e-05,4364,TCGGAT,5.524173684534617e-05,641,AGAAAA,0.41353487968444824,False,False,True,-0.0007786154747009277,
7,18,66,head_5,recovery,-0.021484375,-0.028055191040039062,842,AGGGAC,4.2890625,4364,TCGGAT,4.72265625,4364,TCGGAT,4.72265625,842,AGGGAC,5.672149563906714e-05,4364,TCGGAT,5.411375968833454e-05,641,AGAAAA,0.41635701060295105,False,False,True,0.002624809741973877,
7,19,66,head_5,recovery,0.00537109375,-0.0068666934967041016,842,AGGGAC,4.2890625,4364,TCGGAT,4.703125,4364,TCGGAT,4.703125,842,AGGGAC,5.9726608014898375e-05,4364,TCGGAT,5.551085632760078e-05,641,AGAAAA,0.41497960686683655,False,False,True,-0.0021663308143615723,
7,20,66,head_5,recovery,0.0107421875,-0.00274050235748291,842,AGGGAC,4.29296875,4364,TCGGAT,4.703125,4364,TCGGAT,4.703125,842,AGGGAC,5.880682510905899e-05,4364,TCGGAT,5.427793075796217e-05,641,AGAAAA,0.41848158836364746,False,False,True,0.00012177228927612305,
7,21,66,head_5,recovery,0.00537109375,-0.01195526123046875,842,AGGGAC,4.27734375,4364,TCGGAT,4.69140625,4364,TCGGAT,4.69140625,842,AGGGAC,5.5932134273462e-05,4364,TCGGAT,5.2102564950473607e-05,641,AGAAAA,0.42249059677124023,False,False,True,0.004526317119598389,
7,22,66,head_5,recovery,-0.0048828125,-0.015975236892700195,842,AGGGAC,4.26953125,4364,TCGGAT,4.69140625,4364,TCGGAT,4.69140625,842,AGGGAC,5.358178532333113e-05,4364,TCGGAT,5.0057293265126646e-05,641,AGAAAA,0.42605140805244446,False,False,True,0.00501483678817749,
7,23,66,head_5,recovery,-0.015625,-0.02384769916534424,842,AGGGAC,4.26171875,4364,TCGGAT,4.69140625,4364,TCGGAT,4.69140625,842,AGGGAC,5.305386730469763e-05,4364,TCGGAT,5.0126818678108975e-05,641,AGAAAA,0.42561590671539307,False,False,True,0.005352318286895752,
7,24,66,head_5,recovery,0.037109375,0.01735508441925049,842,AGGGAC,4.2890625,4364,TCGGAT,4.6796875,4364,TCGGAT,4.6796875,842,AGGGAC,5.779462298960425e-05,4364,TCGGAT,5.174066245672293e-05,641,AGAAAA,0.42038851976394653,False,False,True,0.0018792152404785156,
7,25,66,head_5,recovery,0.03173828125,0.016217947006225586,842,AGGGAC,4.28515625,4364,TCGGAT,4.6796875,4364,TCGGAT,4.6796875,842,AGGGAC,5.933561624260619e-05,4364,TCGGAT,5.33679558429867e-05,641,AGAAAA,0.4158257842063904,False,False,True,-0.0028298497200012207,
7,26,66,head_5,recovery,0.037109375,0.017943739891052246,842,AGGGAC,4.3046875,4364,TCGGAT,4.6953125,4364,TCGGAT,4.6953125,842,AGGGAC,6.102906627347693e-05,4364,TCGGAT,5.493043499882333e-05,641,AGAAAA,0.41428378224372864,False,False,True,-0.003716886043548584,
7,27,66,head_5,recovery,0.0263671875,0.009212791919708252,842,AGGGAC,4.30859375,4364,TCGGAT,4.70703125,4364,TCGGAT,4.70703125,842,AGGGAC,6.27347981208004e-05,4364,TCGGAT,5.729876284021884e-05,641,AGAAAA,0.4112408757209778,False,False,True,-0.00863027572631836,
7,28,66,head_5,recovery,0.01611328125,-0.002433180809020996,842,AGGGAC,4.3046875,4364,TCGGAT,4.7109375,4364,TCGGAT,4.7109375,842,AGGGAC,6.155551091069356e-05,4364,TCGGAT,5.700330075342208e-05,641,AGAAAA,0.41082146763801575,False,False,True,-0.013192534446716309,
7,29,66,head_5,recovery,0.04248046875,0.01744818687438965,842,AGGGAC,4.33203125,4364,TCGGAT,4.71875,4364,TCGGAT,4.71875,842,AGGGAC,6.533939449582249e-05,4364,TCGGAT,5.92783690080978e-05,641,AGAAAA,0.40617290139198303,False,False,True,-0.02843773365020752,
7,30,66,head_5,recovery,0.02099609375,0.002882540225982666,842,AGGGAC,4.328125,4364,TCGGAT,4.73046875,4364,TCGGAT,4.73046875,842,AGGGAC,6.538761226693168e-05,4364,TCGGAT,6.0431983001763e-05,641,AGAAAA,0.4049374461174011,False,False,True,-0.02674466371536255,
7,31,66,head_5,recovery,0.01611328125,0.00660550594329834,842,AGGGAC,4.3515625,4364,TCGGAT,4.7578125,4364,TCGGAT,4.7578125,842,AGGGAC,6.972477422095835e-05,4364,TCGGAT,6.44866086076945e-05,641,AGAAAA,0.3981277644634247,False,False,True,-0.020862936973571777,
7,32,66,head_5,recovery,-0.0107421875,-0.01566791534423828,842,AGGGAC,4.33203125,4364,TCGGAT,4.7578125,4364,TCGGAT,4.7578125,842,AGGGAC,6.606488022953272e-05,4364,TCGGAT,6.251706508919597e-05,641,AGAAAA,0.3979630768299103,False,False,True,-0.014265716075897217,
7,33,66,head_5,recovery,-0.0263671875,-0.027684330940246582,842,AGGGAC,4.3046875,4364,TCGGAT,4.7421875,4364,TCGGAT,4.7421875,842,AGGGAC,6.169560947455466e-05,4364,TCGGAT,5.905973739572801e-05,641,AGAAAA,0.4014151394367218,False,False,True,-0.01331418752670288,
7,34,66,head_5,recovery,-0.0322265625,-0.03583049774169922,842,AGGGAC,4.24609375,4364,TCGGAT,4.6875,4364,TCGGAT,4.6875,842,AGGGAC,5.298179530655034e-05,4364,TCGGAT,5.0964135880349204e-05,641,AGAAAA,0.4126022458076477,False,False,True,-0.014216721057891846,
7,35,66,head_5,recovery,-0.021484375,-0.023403048515319824,842,AGGGAC,4.23046875,4364,TCGGAT,4.6640625,4364,TCGGAT,4.6640625,842,AGGGAC,5.1309532864252105e-05,4364,TCGGAT,4.834874562220648e-05,641,AGAAAA,0.423986554145813,False,False,True,-0.010745227336883545,
8,0,66,head_5,recovery,0.00537109375,-0.0014872550964355469,842,AGGGAC,4.2890625,4364,TCGGAT,4.703125,4364,TCGGAT,4.703125,842,AGGGAC,5.876425711903721e-05,4364,TCGGAT,5.4140258725965396e-05,641,AGAAAA,0.42037296295166016,False,False,True,1.2516975402832031e-06,
8,1,66,head_5,recovery,0.01611328125,0.008211135864257812,842,AGGGAC,4.2890625,4364,TCGGAT,4.6953125,4364,TCGGAT,4.6953125,842,AGGGAC,5.845538908033632e-05,4364,TCGGAT,5.309537300490774e-05,641,AGAAAA,0.4217709004878998,False,False,True,0.0011305809020996094,
8,2,66,head_5,recovery,0.0263671875,0.017838895320892334,842,AGGGAC,4.29296875,4364,TCGGAT,4.69140625,4364,TCGGAT,4.69140625,842,AGGGAC,5.963204966974445e-05,4364,TCGGAT,5.354137465474196e-05,641,AGAAAA,0.42072513699531555,False,False,True,0.00019419193267822266,
8,3,66,head_5,recovery,0.01611328125,0.007752180099487305,842,AGGGAC,4.2890625,4364,TCGGAT,4.6953125,4364,TCGGAT,4.6953125,842,AGGGAC,5.914892244618386e-05,4364,TCGGAT,5.382374001783319e-05,641,AGAAAA,0.42034515738487244,False,False,True,0.004171252250671387,
8,4,66,head_5,recovery,-0.0048828125,-0.004216194152832031,842,AGGGAC,4.2890625,4364,TCGGAT,4.7109375,4364,TCGGAT,4.7109375,842,AGGGAC,5.919488467043266e-05,4364,TCGGAT,5.4777981858933344e-05,641,AGAAAA,0.42020997405052185,False,False,True,0.0022148489952087402,
8,5,66,head_5,recovery,-0.0048828125,-0.0036134719848632812,842,AGGGAC,4.2890625,4364,TCGGAT,4.7109375,4364,TCGGAT,4.7109375,842,AGGGAC,6.045985355740413e-05,4364,TCGGAT,5.5997221352299675e-05,641,AGAAAA,0.4195369482040405,False,False,True,0.0014211535453796387,
8,6,66,head_5,recovery,-0.0107421875,-0.0048226118087768555,842,AGGGAC,4.28515625,4364,TCGGAT,4.7109375,4364,TCGGAT,4.7109375,842,AGGGAC,6.093322008382529e-05,4364,TCGGAT,5.6562352256150916e-05,641,AGAAAA,0.4186301529407501,False,False,True,0.0008614063262939453,
8,7,66,head_5,recovery,-0.037109375,-0.021137595176696777,842,AGGGAC,4.2734375,4364,TCGGAT,4.71875,4364,TCGGAT,4.71875,842,AGGGAC,5.8572528359945863e-05,4364,TCGGAT,5.543981387745589e-05,641,AGAAAA,0.4203203320503235,False,False,True,0.0015795230865478516,
8,8,66,head_5,recovery,-0.0419921875,-0.0210648775100708,842,AGGGAC,4.28125,4364,TCGGAT,4.73046875,4364,TCGGAT,4.73046875,842,AGGGAC,5.921928823227063e-05,4364,TCGGAT,5.60810549359303e-05,641,AGAAAA,0.4221895635128021,False,False,True,0.004554331302642822,
8,9,66,head_5,recovery,-0.0107421875,0.0020056962966918945,842,AGGGAC,4.3125,4364,TCGGAT,4.73828125,4364,TCGGAT,4.73828125,842,AGGGAC,6.355271034408361e-05,4364,TCGGAT,5.8663630625233054e-05,641,AGAAAA,0.4174942374229431,False,False,True,0.0059830546379089355,
8,10,66,head_5,recovery,0.0107421875,0.019482135772705078,842,AGGGAC,4.32421875,4364,TCGGAT,4.734375,4364,TCGGAT,4.734375,842,AGGGAC,6.598988693440333e-05,4364,TCGGAT,5.9774505643872544e-05,641,AGAAAA,0.415122389793396,False,False,True,0.0027382373809814453,
8,11,66,head_5,recovery,0.00537109375,0.006722092628479004,842,AGGGAC,4.29296875,4364,TCGGAT,4.70703125,4364,TCGGAT,4.70703125,842,AGGGAC,6.561493501067162e-05,4364,TCGGAT,6.036792547092773e-05,641,AGAAAA,0.40664318203926086,False,False,True,-0.014010965824127197,
8,12,66,head_5,recovery,-0.021484375,-0.012412309646606445,842,AGGGAC,4.26171875,4364,TCGGAT,4.6953125,4364,TCGGAT,4.6953125,842,AGGGAC,6.050113006494939e-05,4364,TCGGAT,5.6706245231907815e-05,641,AGAAAA,0.4089609682559967,False,False,True,-0.01991093158721924,
8,13,66,head_5,recovery,-0.0263671875,-0.027193069458007812,842,AGGGAC,4.25390625,4364,TCGGAT,4.69140625,4364,TCGGAT,4.69140625,842,AGGGAC,6.01644569542259e-05,4364,TCGGAT,5.7491299230605364e-05,641,AGAAAA,0.40665996074676514,False,False,True,-0.020373284816741943,
8,14,66,head_5,recovery,-0.0048828125,-0.009173750877380371,842,AGGGAC,4.2734375,4364,TCGGAT,4.6953125,4364,TCGGAT,4.6953125,842,AGGGAC,5.939685070188716e-05,4364,TCGGAT,5.5356184020638466e-05,641,AGAAAA,0.41288334131240845,False,False,True,-0.009981513023376465,
8,15,66,head_5,recovery,0.02099609375,-0.005879521369934082,842,AGGGAC,4.28125,4364,TCGGAT,4.68359375,4364,TCGGAT,4.68359375,842,AGGGAC,5.911547123105265e-05,4364,TCGGAT,5.482480628415942e-05,641,AGAAAA,0.41384050250053406,False,False,True,0.00024116039276123047,
8,16,66,head_5,recovery,0.0263671875,0.009502530097961426,842,AGGGAC,4.28515625,4364,TCGGAT,4.68359375,4364,TCGGAT,4.68359375,842,AGGGAC,5.941630661254749e-05,4364,TCGGAT,5.395828338805586e-05,641,AGAAAA,0.41804659366607666,False,False,True,0.006121814250946045,
8,17,66,head_5,recovery,0.00537109375,0.0007439851760864258,842,AGGGAC,4.28125,4364,TCGGAT,4.6953125,4364,TCGGAT,4.6953125,842,AGGGAC,5.942114512436092e-05,4364,TCGGAT,5.462781336973421e-05,641,AGAAAA,0.4192560613155365,False,False,True,0.006648063659667969,
8,18,66,head_5,recovery,-0.0048828125,0.002434074878692627,842,AGGGAC,4.2890625,4364,TCGGAT,4.7109375,4364,TCGGAT,4.7109375,842,AGGGAC,6.0485333960969e-05,4364,TCGGAT,5.5563745263498276e-05,641,AGAAAA,0.42257988452911377,False,False,True,0.0010260343551635742,
8,19,66,head_5,recovery,0.0,0.0024242401123046875,842,AGGGAC,4.2890625,4364,TCGGAT,4.70703125,4364,TCGGAT,4.70703125,842,AGGGAC,6.0864102124469355e-05,4364,TCGGAT,5.5943259212654084e-05,641,AGAAAA,0.4210170805454254,False,False,True,-0.0005617141723632812,
8,20,66,head_5,recovery,0.0,-0.0007226467132568359,842,AGGGAC,4.29296875,4364,TCGGAT,4.7109375,4364,TCGGAT,4.7109375,842,AGGGAC,6.118645978858694e-05,4364,TCGGAT,5.650443927152082e-05,641,AGAAAA,0.41884008049964905,False,False,True,-0.0009330511093139648,
8,21,66,head_5,recovery,0.0,-0.0009044408798217773,842,AGGGAC,4.29296875,4364,TCGGAT,4.7109375,4364,TCGGAT,4.7109375,842,AGGGAC,6.078233491280116e-05,4364,TCGGAT,5.611411324935034e-05,641,AGAAAA,0.41751691699028015,False,False,True,0.000624239444732666,
8,22,66,head_5,recovery,0.0,-0.005298614501953125,842,AGGGAC,4.29296875,4364,TCGGAT,4.7109375,4364,TCGGAT,4.7109375,842,AGGGAC,6.0429851146182045e-05,4364,TCGGAT,5.6095093896146864e-05,641,AGAAAA,0.41705071926116943,False,False,True,3.2782554626464844e-05,
8,23,66,head_5,recovery,0.0,0.0006406307220458984,842,AGGGAC,4.29296875,4364,TCGGAT,4.7109375,4364,TCGGAT,4.7109375,842,AGGGAC,5.98443511989899e-05,4364,TCGGAT,5.505886656465009e-05,641,AGAAAA,0.4192444682121277,False,False,True,0.0006677508354187012,
8,24,66,head_5,recovery,0.00537109375,-0.0027611255645751953,842,AGGGAC,4.2890625,4364,TCGGAT,4.703125,4364,TCGGAT,4.703125,842,AGGGAC,5.988202246953733e-05,4364,TCGGAT,5.535469972528517e-05,641,AGAAAA,0.41770079731941223,False,False,True,-6.633996963500977e-05,
8,25,66,head_5,recovery,0.0107421875,0.003437817096710205,842,AGGGAC,4.2890625,4364,TCGGAT,4.69921875,4364,TCGGAT,4.69921875,842,AGGGAC,6.0793601733166724e-05,4364,TCGGAT,5.57958337594755e-05,641,AGAAAA,0.41758158802986145,False,False,True,-0.0009926557540893555,
8,26,66,head_5,recovery,0.01611328125,0.00768887996673584,842,AGGGAC,4.296875,4364,TCGGAT,4.703125,4364,TCGGAT,4.703125,842,AGGGAC,6.264015246415511e-05,4364,TCGGAT,5.73197721678298e-05,641,AGAAAA,0.4141314625740051,False,False,True,-0.0032557249069213867,
8,27,66,head_5,recovery,0.0263671875,0.02150106430053711,842,AGGGAC,4.3046875,4364,TCGGAT,4.703125,4364,TCGGAT,4.703125,842,AGGGAC,6.31577568128705e-05,4364,TCGGAT,5.678915840690024e-05,641,AGAAAA,0.4133826494216919,False,False,True,-0.004347801208496094,
8,28,66,head_5,recovery,0.01611328125,0.014378130435943604,842,AGGGAC,4.30078125,4364,TCGGAT,4.70703125,4364,TCGGAT,4.70703125,842,AGGGAC,6.216078327270225e-05,4364,TCGGAT,5.633274849969894e-05,641,AGAAAA,0.41661256551742554,False,False,True,-0.004171252250671387,
8,29,66,head_5,recovery,0.01611328125,0.014143049716949463,842,AGGGAC,4.3046875,4364,TCGGAT,4.7109375,4364,TCGGAT,4.7109375,842,AGGGAC,6.236605258891359e-05,4364,TCGGAT,5.655585846398026e-05,641,AGAAAA,0.4182373285293579,False,False,True,-0.006192564964294434,
8,30,66,head_5,recovery,0.00537109375,0.002595663070678711,842,AGGGAC,4.2890625,4364,TCGGAT,4.703125,4364,TCGGAT,4.703125,842,AGGGAC,5.9782109019579366e-05,4364,TCGGAT,5.484825305757113e-05,641,AGAAAA,0.4207684099674225,False,False,True,-0.002384364604949951,
8,31,66,head_5,recovery,0.00537109375,0.00263136625289917,842,AGGGAC,4.28125,4364,TCGGAT,4.6953125,4364,TCGGAT,4.6953125,842,AGGGAC,5.944201984675601e-05,4364,TCGGAT,5.4505460866494104e-05,641,AGAAAA,0.4193649888038635,False,False,True,-0.0015663504600524902,
8,32,66,head_5,recovery,0.0,0.0010448098182678223,842,AGGGAC,4.2734375,4364,TCGGAT,4.69140625,4364,TCGGAT,4.69140625,842,AGGGAC,5.982897346257232e-05,4364,TCGGAT,5.501280975295231e-05,641,AGAAAA,0.4175918400287628,False,False,True,-0.0014614462852478027,
8,33,66,head_5,recovery,0.00537109375,0.004389703273773193,842,AGGGAC,4.29296875,4364,TCGGAT,4.70703125,4364,TCGGAT,4.70703125,842,AGGGAC,6.13276133663021e-05,4364,TCGGAT,5.6257609685417265e-05,641,AGAAAA,0.41519424319267273,False,False,True,-0.0029033422470092773,
8,34,66,head_5,recovery,-0.0107421875,-0.008972883224487305,842,AGGGAC,4.3046875,4364,TCGGAT,4.73046875,4364,TCGGAT,4.73046875,842,AGGGAC,6.21847138972953e-05,4364,TCGGAT,5.8128807722823694e-05,641,AGAAAA,0.4191134572029114,False,False,True,-0.0004858970642089844,
8,35,66,head_5,recovery,0.0,-0.006696820259094238,842,AGGGAC,4.3125,4364,TCGGAT,4.73046875,4364,TCGGAT,4.73046875,842,AGGGAC,6.150430272100493e-05,4364,TCGGAT,5.727566531277262e-05,641,AGAAAA,0.42103543877601624,False,False,True,0.003454267978668213,
9,0,66,head_5,recovery,0.0107421875,0.006490111351013184,842,AGGGAC,4.2890625,4364,TCGGAT,4.69921875,4364,TCGGAT,4.69921875,842,AGGGAC,6.09486160101369e-05,4364,TCGGAT,5.5719210649840534e-05,641,AGAAAA,0.4211902916431427,False,False,True,0.0009788274765014648,
9,1,66,head_5,recovery,0.01611328125,0.011552214622497559,842,AGGGAC,4.28515625,4364,TCGGAT,4.69140625,4364,TCGGAT,4.69140625,842,AGGGAC,5.822780076414347e-05,4364,TCGGAT,5.2614224841818213e-05,641,AGAAAA,0.4211618900299072,False,False,True,-0.0003222227096557617,
9,2,66,head_5,recovery,0.0107421875,0.011729419231414795,842,AGGGAC,4.28125,4364,TCGGAT,4.69140625,4364,TCGGAT,4.69140625,842,AGGGAC,5.8259014622308314e-05,4364,TCGGAT,5.263199273031205e-05,641,AGAAAA,0.4215613603591919,False,False,True,-0.0022971630096435547,
9,3,66,head_5,recovery,0.0107421875,0.008817315101623535,842,AGGGAC,4.27734375,4364,TCGGAT,4.6875,4364,TCGGAT,4.6875,842,AGGGAC,5.720517583540641e-05,4364,TCGGAT,5.179915387998335e-05,641,AGAAAA,0.42153865098953247,False,False,True,-0.003237903118133545,
9,4,66,head_5,recovery,0.00537109375,0.0034047961235046387,842,AGGGAC,4.2890625,4364,TCGGAT,4.703125,4364,TCGGAT,4.703125,842,AGGGAC,5.968662298982963e-05,4364,TCGGAT,5.46913652215153e-05,641,AGAAAA,0.4201667904853821,False,False,True,-0.0012921690940856934,
9,5,66,head_5,recovery,0.01611328125,0.005655765533447266,842,AGGGAC,4.29296875,4364,TCGGAT,4.69921875,4364,TCGGAT,4.69921875,842,AGGGAC,6.084388951421715e-05,4364,TCGGAT,5.5677803175058216e-05,641,AGAAAA,0.41764017939567566,False,False,True,0.0007194280624389648,
9,6,66,head_5,recovery,0.0107421875,0.006854712963104248,842,AGGGAC,4.2890625,4364,TCGGAT,4.69921875,4364,TCGGAT,4.69921875,842,AGGGAC,5.969157791696489e-05,4364,TCGGAT,5.443450208986178e-05,641,AGAAAA,0.419349730014801,False,False,True,0.0011432766914367676,
9,7,66,head_5,recovery,0.01611328125,0.013183116912841797,842,AGGGAC,4.28515625,4364,TCGGAT,4.69140625,4364,TCGGAT,4.69140625,842,AGGGAC,5.937568857916631e-05,4364,TCGGAT,5.363834134186618e-05,641,AGAAAA,0.4195558428764343,False,False,True,0.0006684660911560059,
9,8,66,head_5,recovery,0.00537109375,0.003898441791534424,842,AGGGAC,4.2890625,4364,TCGGAT,4.703125,4364,TCGGAT,4.703125,842,AGGGAC,6.0376063629519194e-05,4364,TCGGAT,5.534334559342824e-05,641,AGAAAA,0.4186742603778839,False,False,True,-0.00016069412231445312,
9,9,66,head_5,recovery,-0.0048828125,-0.001518845558166504,842,AGGGAC,4.2890625,4364,TCGGAT,4.7109375,4364,TCGGAT,4.7109375,842,AGGGAC,6.063134424039163e-05,4364,TCGGAT,5.6009743275353685e-05,641,AGAAAA,0.4197460412979126,False,False,True,0.0022529959678649902,
9,10,66,head_5,recovery,-0.015625,-0.012216567993164062,842,AGGGAC,4.29296875,4364,TCGGAT,4.72265625,4364,TCGGAT,4.72265625,842,AGGGAC,6.0862774262204766e-05,4364,TCGGAT,5.7053031923715025e-05,641,AGAAAA,0.41953936219215393,False,False,True,0.0011189579963684082,
9,11,66,head_5,recovery,-0.015625,-0.014699697494506836,842,AGGGAC,4.28515625,4364,TCGGAT,4.71484375,4364,TCGGAT,4.71484375,842,AGGGAC,5.841317033628002e-05,4364,TCGGAT,5.479187529999763e-05,641,AGAAAA,0.42048338055610657,False,False,True,0.0004527568817138672,
9,12,66,head_5,recovery,-0.015625,-0.013132452964782715,842,AGGGAC,4.28125,4364,TCGGAT,4.7109375,4364,TCGGAT,4.7109375,842,AGGGAC,6.138058961369097e-05,4364,TCGGAT,5.7640354498289526e-05,641,AGAAAA,0.4139392077922821,False,False,True,-0.011904239654541016,
9,13,66,head_5,recovery,-0.015625,-0.010725021362304688,842,AGGGAC,4.28125,4364,TCGGAT,4.7109375,4364,TCGGAT,4.7109375,842,AGGGAC,6.002809095662087e-05,4364,TCGGAT,5.6105160183506086e-05,641,AGAAAA,0.41065236926078796,False,False,True,-0.011607587337493896,
9,14,66,head_5,recovery,-0.021484375,-0.0129469633102417,842,AGGGAC,4.28515625,4364,TCGGAT,4.71875,4364,TCGGAT,4.71875,842,AGGGAC,6.207836850080639e-05,4364,TCGGAT,5.832406532135792e-05,641,AGAAAA,0.41102465987205505,False,False,True,-0.009313464164733887,
9,15,66,head_5,recovery,-0.0048828125,0.0011167526245117188,842,AGGGAC,4.30078125,4364,TCGGAT,4.72265625,4364,TCGGAT,4.72265625,842,AGGGAC,6.26988839940168e-05,4364,TCGGAT,5.787726695416495e-05,641,AGAAAA,0.41954049468040466,False,False,True,-0.003822505474090576,
9,16,66,head_5,recovery,0.0107421875,0.011386871337890625,842,AGGGAC,4.30859375,4364,TCGGAT,4.71875,4364,TCGGAT,4.71875,842,AGGGAC,6.146423402242362e-05,4364,TCGGAT,5.586320912698284e-05,641,AGAAAA,0.4207353889942169,False,False,True,0.01702171564102173,
9,17,66,head_5,recovery,0.04248046875,0.03801417350769043,842,AGGGAC,4.3359375,4364,TCGGAT,4.72265625,4364,TCGGAT,4.72265625,842,AGGGAC,6.584129005204886e-05,4364,TCGGAT,5.8219495258526877e-05,641,AGAAAA,0.4184691905975342,False,False,True,0.0121116042137146,
9,18,66,head_5,recovery,0.04248046875,0.02454620599746704,842,AGGGAC,4.33203125,4364,TCGGAT,4.71875,4364,TCGGAT,4.71875,842,AGGGAC,6.225756806088611e-05,4364,TCGGAT,5.565786705119535e-05,641,AGAAAA,0.41993120312690735,False,False,True,0.011963188648223877,
9,19,66,head_5,recovery,-0.0263671875,-0.013022303581237793,842,AGGGAC,4.3125,4364,TCGGAT,4.75,4364,TCGGAT,4.75,842,AGGGAC,6.160431075841188e-05,4364,TCGGAT,5.785572648164816e-05,641,AGAAAA,0.4298344552516937,False,False,True,-0.006838619709014893,
9,20,66,head_5,recovery,-0.08984375,-0.05541050434112549,842,AGGGAC,4.26953125,4364,TCGGAT,4.75390625,4364,TCGGAT,4.75390625,842,AGGGAC,5.693642015103251e-05,4364,TCGGAT,5.640471135848202e-05,641,AGAAAA,0.43201160430908203,False,False,True,-0.0026619434356689453,
9,21,66,head_5,recovery,-0.068359375,-0.03208482265472412,842,AGGGAC,4.26953125,4364,TCGGAT,4.73828125,4364,TCGGAT,4.73828125,842,AGGGAC,5.9663900174200535e-05,4364,TCGGAT,5.736197635997087e-05,641,AGAAAA,0.43081414699554443,False,False,True,0.002634286880493164,
9,22,66,head_5,recovery,-0.0107421875,-0.0041730403900146484,842,AGGGAC,4.28125,4364,TCGGAT,4.70703125,4364,TCGGAT,4.70703125,842,AGGGAC,6.069834853406064e-05,4364,TCGGAT,5.627817154163495e-05,641,AGAAAA,0.4204023778438568,False,False,True,0.00399547815322876,
9,23,66,head_5,recovery,0.0263671875,0.025793731212615967,842,AGGGAC,4.3046875,4364,TCGGAT,4.703125,4364,TCGGAT,4.703125,842,AGGGAC,6.453024252550676e-05,4364,TCGGAT,5.783586675534025e-05,641,AGAAAA,0.4190996587276459,False,False,True,0.0017499327659606934,
9,24,66,head_5,recovery,-0.0048828125,5.054473876953125e-05,842,AGGGAC,4.28125,4364,TCGGAT,4.703125,4364,TCGGAT,4.703125,842,AGGGAC,6.0043446865165606e-05,4364,TCGGAT,5.5302745749941096e-05,641,AGAAAA,0.41926178336143494,False,False,True,-6.794929504394531e-05,
9,25,66,head_5,recovery,0.0,-0.0007181167602539062,842,AGGGAC,4.28515625,4364,TCGGAT,4.703125,4364,TCGGAT,4.703125,842,AGGGAC,6.099995880504139e-05,4364,TCGGAT,5.631759267998859e-05,641,AGAAAA,0.4202349781990051,False,False,True,-8.344650268554688e-05,
9,26,66,head_5,recovery,-0.0107421875,-0.006252169609069824,842,AGGGAC,4.28515625,4364,TCGGAT,4.7109375,4364,TCGGAT,4.7109375,842,AGGGAC,6.01216743234545e-05,4364,TCGGAT,5.58592910238076e-05,641,AGAAAA,0.4208214282989502,False,False,True,0.0003631711006164551,
9,27,66,head_5,recovery,0.00537109375,0.0004279613494873047,842,AGGGAC,4.2890625,4364,TCGGAT,4.703125,4364,TCGGAT,4.703125,842,AGGGAC,6.110253161750734e-05,4364,TCGGAT,5.633318141917698e-05,641,AGAAAA,0.41970396041870117,False,False,True,0.000603020191192627,
9,28,66,head_5,recovery,0.0,-0.0002275705337524414,842,AGGGAC,4.2890625,4364,TCGGAT,4.70703125,4364,TCGGAT,4.70703125,842,AGGGAC,6.1003865994280204e-05,4364,TCGGAT,5.628426879411563e-05,641,AGAAAA,0.4196723699569702,False,False,True,-0.0013186931610107422,
9,29,66,head_5,recovery,0.01611328125,0.009216547012329102,842,AGGGAC,4.2890625,4364,TCGGAT,4.6953125,4364,TCGGAT,4.6953125,842,AGGGAC,6.0513822973007336e-05,4364,TCGGAT,5.5077507568057626e-05,641,AGAAAA,0.41958484053611755,False,False,True,-0.0026316046714782715,
9,30,66,head_5,recovery,0.0,-0.00038814544677734375,842,AGGGAC,4.2890625,4364,TCGGAT,4.70703125,4364,TCGGAT,4.70703125,842,AGGGAC,6.0560047131730244e-05,4364,TCGGAT,5.585263352259062e-05,641,AGAAAA,0.4214009642601013,False,False,True,-0.0009316205978393555,
9,31,66,head_5,recovery,0.0107421875,0.005721390247344971,842,AGGGAC,4.2890625,4364,TCGGAT,4.69921875,4364,TCGGAT,4.69921875,842,AGGGAC,5.984103700029664e-05,4364,TCGGAT,5.4669966630171984e-05,641,AGAAAA,0.4206116497516632,False,False,True,-0.0013446807861328125,
9,32,66,head_5,recovery,0.0,-0.0034341812133789062,842,AGGGAC,4.28515625,4364,TCGGAT,4.703125,4364,TCGGAT,4.703125,842,AGGGAC,5.940590926911682e-05,4364,TCGGAT,5.4929663747316226e-05,641,AGAAAA,0.41871389746665955,False,False,True,-0.0009291172027587891,
9,33,66,head_5,recovery,0.00537109375,0.003989696502685547,842,AGGGAC,4.28515625,4364,TCGGAT,4.69921875,4364,TCGGAT,4.69921875,842,AGGGAC,6.004632086842321e-05,4364,TCGGAT,5.500667612068355e-05,641,AGAAAA,0.4174114763736725,False,False,True,-0.0018090009689331055,
9,34,66,head_5,recovery,-0.0107421875,-0.0010266304016113281,842,AGGGAC,4.29296875,4364,TCGGAT,4.71875,4364,TCGGAT,4.71875,842,AGGGAC,6.120052421465516e-05,4364,TCGGAT,5.654157212120481e-05,641,AGAAAA,0.41768530011177063,False,False,True,0.00160294771194458,
9,35,66,head_5,recovery,0.0,0.007011234760284424,842,AGGGAC,4.29296875,4364,TCGGAT,4.7109375,4364,TCGGAT,4.7109375,842,AGGGAC,6.097355799283832e-05,4364,TCGGAT,5.570460416493006e-05,641,AGAAAA,0.419361412525177,False,False,True,0.001398324966430664,
10,0,66,head_5,recovery,-0.05859375,-0.033248066902160645,842,AGGGAC,4.2578125,4364,TCGGAT,4.71875,4364,TCGGAT,4.71875,842,AGGGAC,5.275203147903085e-05,4364,TCGGAT,5.0538390496512875e-05,641,AGAAAA,0.418525367975235,False,False,True,0.004415988922119141,
10,1,66,head_5,recovery,-0.05859375,-0.03175342082977295,842,AGGGAC,4.24609375,4364,TCGGAT,4.70703125,4364,TCGGAT,4.70703125,842,AGGGAC,5.0094658945454285e-05,4364,TCGGAT,4.776758578373119e-05,641,AGAAAA,0.418754905462265,False,False,True,-0.002921760082244873,
10,2,66,head_5,recovery,-0.0419921875,-0.02306818962097168,842,AGGGAC,4.26171875,4364,TCGGAT,4.7109375,4364,TCGGAT,4.7109375,842,AGGGAC,5.3318228310672566e-05,4364,TCGGAT,5.033203342463821e-05,641,AGAAAA,0.41878601908683777,False,False,True,-0.006374657154083252,
10,3,66,head_5,recovery,-0.0107421875,-0.004667758941650391,842,AGGGAC,4.27734375,4364,TCGGAT,4.703125,4364,TCGGAT,4.703125,842,AGGGAC,5.686631629941985e-05,4364,TCGGAT,5.248368688626215e-05,641,AGAAAA,0.41851720213890076,False,False,True,-0.008961260318756104,
10,4,66,head_5,recovery,-0.0107421875,-0.006058692932128906,842,AGGGAC,4.28125,4364,TCGGAT,4.70703125,4364,TCGGAT,4.70703125,842,AGGGAC,5.8997069572797045e-05,4364,TCGGAT,5.4720003390684724e-05,641,AGAAAA,0.41833287477493286,False,False,True,-0.007308304309844971,
10,5,66,head_5,recovery,-0.0263671875,-0.020074844360351562,842,AGGGAC,4.28125,4364,TCGGAT,4.71875,4364,TCGGAT,4.71875,842,AGGGAC,5.8045246987603605e-05,4364,TCGGAT,5.4831882152939215e-05,641,AGAAAA,0.4195338487625122,False,False,True,-0.004834651947021484,
10,6,66,head_5,recovery,-0.05859375,-0.04177498817443848,842,AGGGAC,4.2578125,4364,TCGGAT,4.71875,4364,TCGGAT,4.71875,842,AGGGAC,5.5756372603354976e-05,4364,TCGGAT,5.4189844377106056e-05,641,AGAAAA,0.41906648874282837,False,False,True,-0.008989930152893066,
10,7,66,head_5,recovery,-0.0634765625,-0.042760252952575684,842,AGGGAC,4.25390625,4364,TCGGAT,4.71875,4364,TCGGAT,4.71875,842,AGGGAC,5.6023964134510607e-05,4364,TCGGAT,5.453221092466265e-05,641,AGAAAA,0.41760364174842834,False,False,True,-0.006859898567199707,
10,8,66,head_5,recovery,-0.052734375,-0.028574466705322266,842,AGGGAC,4.25390625,4364,TCGGAT,4.7109375,4364,TCGGAT,4.7109375,842,AGGGAC,5.6690147175686434e-05,4364,TCGGAT,5.412181781139225e-05,641,AGAAAA,0.41622844338417053,False,False,True,-0.009432077407836914,
10,9,66,head_5,recovery,-0.0322265625,-0.018019437789916992,842,AGGGAC,4.2734375,4364,TCGGAT,4.71484375,4364,TCGGAT,4.71484375,842,AGGGAC,5.902089469600469e-05,4364,TCGGAT,5.5651536968071014e-05,641,AGAAAA,0.413967102766037,False,False,True,-0.009018242359161377,
10,10,66,head_5,recovery,-0.015625,-0.00850820541381836,842,AGGGAC,4.296875,4364,TCGGAT,4.7265625,4364,TCGGAT,4.7265625,842,AGGGAC,6.44891697447747e-05,4364,TCGGAT,6.0398004279704764e-05,641,AGAAAA,0.4158017933368683,False,False,True,-0.00861978530883789,
10,11,66,head_5,recovery,0.02099609375,0.021387338638305664,842,AGGGAC,4.30859375,4364,TCGGAT,4.7109375,4364,TCGGAT,4.7109375,842,AGGGAC,6.679046782664955e-05,4364,TCGGAT,6.04304950684309e-05,641,AGAAAA,0.4217652380466461,False,False,True,-0.0022273659706115723,
10,12,66,head_5,recovery,0.03173828125,0.031633198261260986,842,AGGGAC,4.3125,4364,TCGGAT,4.70703125,4364,TCGGAT,4.70703125,842,AGGGAC,6.48100467515178e-05,4364,TCGGAT,5.767251059296541e-05,641,AGAAAA,0.4260932505130768,False,False,True,0.006894886493682861,
10,13,66,head_5,recovery,0.037109375,0.034745872020721436,842,AGGGAC,4.30078125,4364,TCGGAT,4.69140625,4364,TCGGAT,4.69140625,842,AGGGAC,6.148342072265223e-05,4364,TCGGAT,5.410965604824014e-05,641,AGAAAA,0.4253731966018677,False,False,True,0.007860124111175537,
10,14,66,head_5,recovery,0.00537109375,0.004523158073425293,842,AGGGAC,4.28515625,4364,TCGGAT,4.69921875,4364,TCGGAT,4.69921875,842,AGGGAC,5.921873525949195e-05,4364,TCGGAT,5.413860344560817e-05,641,AGAAAA,0.4203151762485504,False,False,True,0.0008944869041442871,
10,15,66,head_5,recovery,0.0263671875,0.002878129482269287,842,AGGGAC,4.2890625,4364,TCGGAT,4.6875,4364,TCGGAT,4.6875,842,AGGGAC,6.0962498537264764e-05,4364,TCGGAT,5.6007203966146335e-05,641,AGAAAA,0.410874605178833,False,False,True,-0.005668222904205322,
10,16,66,head_5,recovery,0.02099609375,0.002006053924560547,842,AGGGAC,4.30078125,4364,TCGGAT,4.703125,4364,TCGGAT,4.703125,842,AGGGAC,6.12582589383237e-05,4364,TCGGAT,5.636914647766389e-05,641,AGAAAA,0.4132023751735687,False,False,True,-0.0035434365272521973,
10,17,66,head_5,recovery,0.00537109375,-0.008542418479919434,842,AGGGAC,4.2890625,4364,TCGGAT,4.703125,4364,TCGGAT,4.703125,842,AGGGAC,5.780903666163795e-05,4364,TCGGAT,5.372046143747866e-05,641,AGAAAA,0.41503676772117615,False,False,True,-0.006943404674530029,
10,18,66,head_5,recovery,-0.015625,-0.00600743293762207,842,AGGGAC,4.29296875,4364,TCGGAT,4.72265625,4364,TCGGAT,4.72265625,842,AGGGAC,5.565918036154471e-05,4364,TCGGAT,5.1378221542108804e-05,641,AGAAAA,0.42782530188560486,False,False,True,-0.009799361228942871,
10,19,66,head_5,recovery,-0.021484375,-0.005889773368835449,842,AGGGAC,4.28515625,4364,TCGGAT,4.71875,4364,TCGGAT,4.71875,842,AGGGAC,5.5765056458767503e-05,4364,TCGGAT,5.1475166401360184e-05,641,AGAAAA,0.4272940754890442,False,False,True,-0.012481212615966797,
10,20,66,head_5,recovery,-0.0048828125,0.003959953784942627,842,AGGGAC,4.2890625,4364,TCGGAT,4.7109375,4364,TCGGAT,4.7109375,842,AGGGAC,5.8864079619525e-05,4364,TCGGAT,5.382668678066693e-05,641,AGAAAA,0.42496007680892944,False,False,True,-0.010159790515899658,
10,21,66,head_5,recovery,-0.0478515625,-0.0244905948638916,842,AGGGAC,4.26171875,4364,TCGGAT,4.71484375,4364,TCGGAT,4.71484375,842,AGGGAC,5.773501470685005e-05,4364,TCGGAT,5.485675865202211e-05,641,AGAAAA,0.42065390944480896,False,False,True,-0.007364511489868164,
10,22,66,head_5,recovery,-0.0634765625,-0.033177971839904785,842,AGGGAC,4.25390625,4364,TCGGAT,4.71875,4364,TCGGAT,4.71875,842,AGGGAC,5.4278458264889196e-05,4364,TCGGAT,5.205949491937645e-05,641,AGAAAA,0.42396166920661926,False,False,True,-0.004498124122619629,
10,23,66,head_5,recovery,-0.08984375,-0.0446850061416626,842,AGGGAC,4.23828125,4364,TCGGAT,4.72265625,4364,TCGGAT,4.72265625,842,AGGGAC,5.0908183766296133e-05,4364,TCGGAT,4.956250268151052e-05,641,AGAAAA,0.42827314138412476,False,False,True,-0.002935171127319336,
10,24,66,head_5,recovery,-0.07421875,-0.038367271423339844,842,AGGGAC,4.24609375,4364,TCGGAT,4.71875,4364,TCGGAT,4.71875,842,AGGGAC,5.1654344133567065e-05,4364,TCGGAT,4.9829206545837224e-05,641,AGAAAA,0.42825859785079956,False,False,True,0.0016891956329345703,
10,25,66,head_5,recovery,-0.1162109375,-0.08021342754364014,842,AGGGAC,4.21875,4364,TCGGAT,4.72265625,4364,TCGGAT,4.72265625,842,AGGGAC,4.7469293349422514e-05,4364,TCGGAT,4.881990025751293e-05,641,AGAAAA,0.4282890558242798,False,False,True,0.00268632173538208,
10,26,66,head_5,recovery,-0.126953125,-0.08950150012969971,842,AGGGAC,4.20703125,4364,TCGGAT,4.71875,4364,TCGGAT,4.71875,842,AGGGAC,4.610699397744611e-05,4364,TCGGAT,4.8162477469304577e-05,641,AGAAAA,0.42778152227401733,False,False,True,0.005377054214477539,
10,27,66,head_5,recovery,-0.1533203125,-0.0946207046508789,842,AGGGAC,4.1796875,4364,TCGGAT,4.7109375,4364,TCGGAT,4.7109375,842,AGGGAC,4.164855999988504e-05,4364,TCGGAT,4.4092546886531636e-05,641,AGAAAA,0.42966294288635254,False,False,True,0.00889122486114502,
10,28,66,head_5,recovery,-0.095703125,-0.06881844997406006,842,AGGGAC,4.23046875,4364,TCGGAT,4.71875,4364,TCGGAT,4.71875,842,AGGGAC,4.5978795242263004e-05,4364,TCGGAT,4.646462912205607e-05,641,AGAAAA,0.42477309703826904,False,False,True,-0.0018481016159057617,
10,29,66,head_5,recovery,-0.0478515625,-0.03014528751373291,842,AGGGAC,4.26953125,4364,TCGGAT,4.72265625,4364,TCGGAT,4.72265625,842,AGGGAC,5.0905931857414544e-05,4364,TCGGAT,4.8456815420649946e-05,641,AGAAAA,0.42670828104019165,False,False,True,9.524822235107422e-05,
10,30,66,head_5,recovery,0.00537109375,0.013869702816009521,842,AGGGAC,4.28125,4364,TCGGAT,4.6953125,4364,TCGGAT,4.6953125,842,AGGGAC,5.373158273869194e-05,4364,TCGGAT,4.794212873093784e-05,641,AGAAAA,0.4283720552921295,False,False,True,-0.003951072692871094,
10,31,66,head_5,recovery,-0.015625,0.01896148920059204,842,AGGGAC,4.265625,4364,TCGGAT,4.6953125,4364,TCGGAT,4.6953125,842,AGGGAC,5.62456734769512e-05,4364,TCGGAT,5.0069804274244234e-05,641,AGAAAA,0.4301561713218689,False,False,True,0.007290303707122803,
10,32,66,head_5,recovery,0.0107421875,0.029084861278533936,842,AGGGAC,4.30078125,4364,TCGGAT,4.7109375,4364,TCGGAT,4.7109375,842,AGGGAC,6.133367423899472e-05,4364,TCGGAT,5.438952939584851e-05,641,AGAAAA,0.4261343479156494,False,False,True,0.0040007829666137695,
10,33,66,head_5,recovery,0.05810546875,0.04846733808517456,842,AGGGAC,4.35546875,4364,TCGGAT,4.73046875,4364,TCGGAT,4.73046875,842,AGGGAC,6.620184285566211e-05,4364,TCGGAT,5.778674312750809e-05,641,AGAAAA,0.4357234835624695,False,False,True,0.00463712215423584,
10,34,66,head_5,recovery,0.10595703125,0.0709955096244812,842,AGGGAC,4.35546875,4364,TCGGAT,4.6953125,4364,TCGGAT,4.6953125,842,AGGGAC,6.875797407701612e-05,4364,TCGGAT,5.8633195294532925e-05,641,AGAAAA,0.43232056498527527,False,False,True,0.006251871585845947,
10,35,66,head_5,recovery,0.06884765625,0.03220623731613159,842,AGGGAC,4.34375,4364,TCGGAT,4.7109375,4364,TCGGAT,4.7109375,842,AGGGAC,6.498070433735847e-05,4364,TCGGAT,5.77996761421673e-05,641,AGAAAA,0.434824675321579,False,False,True,0.015446126461029053,
11,0,66,head_5,recovery,0.0,0.022174477577209473,842,AGGGAC,4.29296875,4364,TCGGAT,4.7109375,4364,TCGGAT,4.7109375,842,AGGGAC,6.030395888956264e-05,4364,TCGGAT,5.388424688135274e-05,641,AGAAAA,0.4168045222759247,False,False,True,-0.001872718334197998,
11,1,66,head_5,recovery,0.0107421875,0.024605631828308105,842,AGGGAC,4.30078125,4364,TCGGAT,4.7109375,4364,TCGGAT,4.7109375,842,AGGGAC,6.070185190765187e-05,4364,TCGGAT,5.409763616626151e-05,641,AGAAAA,0.41646164655685425,False,False,True,-0.002340078353881836,
11,2,66,head_5,recovery,0.02099609375,0.04062014818191528,842,AGGGAC,4.3046875,4364,TCGGAT,4.70703125,4364,TCGGAT,4.70703125,842,AGGGAC,6.362861313391477e-05,4364,TCGGAT,5.5809046898502856e-05,641,AGAAAA,0.4167892038822174,False,False,True,-0.004308938980102539,
11,3,66,head_5,recovery,-0.015625,-0.011055588722229004,842,AGGGAC,4.2890625,4364,TCGGAT,4.71875,4364,TCGGAT,4.71875,842,AGGGAC,6.0329115513013676e-05,4364,TCGGAT,5.643126496579498e-05,641,AGAAAA,0.4194416403770447,False,False,True,0.0007553696632385254,
11,4,66,head_5,recovery,-0.0048828125,-0.004110455513000488,842,AGGGAC,4.28515625,4364,TCGGAT,4.70703125,4364,TCGGAT,4.70703125,842,AGGGAC,6.0434966144384816e-05,4364,TCGGAT,5.6010045227594674e-05,641,AGAAAA,0.4200815260410309,False,False,True,-0.00028073787689208984,
11,5,66,head_5,recovery,-0.0107421875,-0.004922389984130859,842,AGGGAC,4.28125,4364,TCGGAT,4.70703125,4364,TCGGAT,4.70703125,842,AGGGAC,5.966263415757567e-05,4364,TCGGAT,5.5299329687841237e-05,641,AGAAAA,0.42133936285972595,False,False,True,0.0013732314109802246,
11,6,66,head_5,recovery,0.0107421875,0.006998419761657715,842,AGGGAC,4.2890625,4364,TCGGAT,4.69921875,4364,TCGGAT,4.69921875,842,AGGGAC,5.969280391582288e-05,4364,TCGGAT,5.4424825066234916e-05,641,AGAAAA,0.4216039478778839,False,False,True,0.0056601762771606445,
11,7,66,head_5,recovery,0.00537109375,0.0013545751571655273,842,AGGGAC,4.2890625,4364,TCGGAT,4.703125,4364,TCGGAT,4.703125,842,AGGGAC,5.9396919823484495e-05,4364,TCGGAT,5.455725113279186e-05,641,AGAAAA,0.4211364686489105,False,False,True,0.006167590618133545,
11,8,66,head_5,recovery,-0.0263671875,-0.021669626235961914,842,AGGGAC,4.2734375,4364,TCGGAT,4.7109375,4364,TCGGAT,4.7109375,842,AGGGAC,5.691186015610583e-05,4364,TCGGAT,5.3819516324438155e-05,641,AGAAAA,0.4207870066165924,False,False,True,0.005913496017456055,
11,9,66,head_5,recovery,-0.037109375,-0.03162205219268799,842,AGGGAC,4.27734375,4364,TCGGAT,4.72265625,4364,TCGGAT,4.72265625,842,AGGGAC,5.782859443570487e-05,4364,TCGGAT,5.5491556850029156e-05,641,AGAAAA,0.41868898272514343,False,False,True,0.0018021464347839355,
11,10,66,head_5,recovery,-0.0634765625,-0.052298665046691895,842,AGGGAC,4.30078125,4364,TCGGAT,4.765625,4364,TCGGAT,4.765625,842,AGGGAC,6.183965160744265e-05,4364,TCGGAT,6.107177614467219e-05,641,AGAAAA,0.40896928310394287,False,False,True,0.0007661581039428711,
11,11,66,head_5,recovery,-0.0048828125,-0.008189201354980469,842,AGGGAC,4.3125,4364,TCGGAT,4.734375,4364,TCGGAT,4.734375,842,AGGGAC,6.290402234299108e-05,4364,TCGGAT,5.878863885300234e-05,641,AGAAAA,0.40994757413864136,False,False,True,0.003500521183013916,
11,12,66,head_5,recovery,-0.0048828125,-0.002652764320373535,842,AGGGAC,4.30859375,4364,TCGGAT,4.73046875,4364,TCGGAT,4.73046875,842,AGGGAC,6.350447802105919e-05,4364,TCGGAT,5.896892980672419e-05,641,AGAAAA,0.4046384394168854,False,False,True,0.0012052655220031738,
11,13,66,head_5,recovery,0.02099609375,0.020407497882843018,842,AGGGAC,4.2890625,4364,TCGGAT,4.69140625,4364,TCGGAT,4.69140625,842,AGGGAC,6.023343303240836e-05,4364,TCGGAT,5.394782419898547e-05,641,AGAAAA,0.41289445757865906,False,False,True,0.0005030632019042969,
11,14,66,head_5,recovery,0.00537109375,0.012856781482696533,842,AGGGAC,4.2890625,4364,TCGGAT,4.703125,4364,TCGGAT,4.703125,842,AGGGAC,6.317862425930798e-05,4364,TCGGAT,5.746604438172653e-05,641,AGAAAA,0.40985071659088135,False,False,True,-0.0001576542854309082,
11,15,66,head_5,recovery,-0.021484375,-0.0034627914428710938,842,AGGGAC,4.30078125,4364,TCGGAT,4.734375,4364,TCGGAT,4.734375,842,AGGGAC,5.8881374570773914e-05,4364,TCGGAT,5.440730456029996e-05,641,AGAAAA,0.4224403202533722,False,False,True,0.006254255771636963,
11,16,66,head_5,recovery,-0.021484375,-0.0020596981048583984,842,AGGGAC,4.30078125,4364,TCGGAT,4.734375,4364,TCGGAT,4.734375,842,AGGGAC,5.8652320149121806e-05,4364,TCGGAT,5.407177013694309e-05,641,AGAAAA,0.4252115786075592,False,False,True,0.005340516567230225,
11,17,66,head_5,recovery,-0.0263671875,-0.012705206871032715,842,AGGGAC,4.31640625,4364,TCGGAT,4.75390625,4364,TCGGAT,4.75390625,842,AGGGAC,5.8742061810335144e-05,4364,TCGGAT,5.496940138982609e-05,641,AGAAAA,0.428489089012146,False,False,True,0.0029963254928588867,
11,18,66,head_5,recovery,0.02099609375,0.00950610637664795,842,AGGGAC,4.3046875,4364,TCGGAT,4.70703125,4364,TCGGAT,4.70703125,842,AGGGAC,6.225133256521076e-05,4364,TCGGAT,5.679304013028741e-05,641,AGAAAA,0.41962653398513794,False,False,True,0.0040198564529418945,
11,19,66,head_5,recovery,0.0107421875,-0.008208751678466797,842,AGGGAC,4.28515625,4364,TCGGAT,4.6953125,4364,TCGGAT,4.6953125,842,AGGGAC,6.052379831089638e-05,4364,TCGGAT,5.640989911626093e-05,641,AGAAAA,0.4185158312320709,False,False,True,0.0055495500564575195,
11,20,66,head_5,recovery,-0.0048828125,-0.019066691398620605,842,AGGGAC,4.26171875,4364,TCGGAT,4.68359375,4364,TCGGAT,4.68359375,842,AGGGAC,5.8454064856050536e-05,4364,TCGGAT,5.5164182413136587e-05,641,AGAAAA,0.4164090156555176,False,False,True,0.0017351508140563965,
11,21,66,head_5,recovery,-0.0322265625,-0.028523564338684082,842,AGGGAC,4.25390625,4364,TCGGAT,4.6953125,4364,TCGGAT,4.6953125,842,AGGGAC,5.925375080551021e-05,4364,TCGGAT,5.66815615457017e-05,641,AGAAAA,0.41280707716941833,False,False,True,-0.005113124847412109,
11,22,66,head_5,recovery,-0.0478515625,-0.03963518142700195,842,AGGGAC,4.2578125,4364,TCGGAT,4.7109375,4364,TCGGAT,4.7109375,842,AGGGAC,5.801755833090283e-05,4364,TCGGAT,5.628863800666295e-05,641,AGAAAA,0.4136206805706024,False,False,True,-0.004275262355804443,
11,23,66,head_5,recovery,-0.037109375,-0.031691551208496094,842,AGGGAC,4.265625,4364,TCGGAT,4.7109375,4364,TCGGAT,4.7109375,842,AGGGAC,5.792913361801766e-05,4364,TCGGAT,5.559736382565461e-05,641,AGAAAA,0.4154108464717865,False,False,True,-0.0020132064819335938,
11,24,66,head_5,recovery,-0.037109375,-0.03812134265899658,842,AGGGAC,4.265625,4364,TCGGAT,4.7109375,4364,TCGGAT,4.7109375,842,AGGGAC,5.7087185268756e-05,4364,TCGGAT,5.524338848772459e-05,641,AGAAAA,0.41953444480895996,False,False,True,0.003476083278656006,
11,25,66,head_5,recovery,-0.0322265625,-0.023064732551574707,842,AGGGAC,4.26171875,4364,TCGGAT,4.703125,4364,TCGGAT,4.703125,842,AGGGAC,5.805026012239978e-05,4364,TCGGAT,5.5063799663912505e-05,641,AGAAAA,0.4190710186958313,False,False,True,-0.00028526782989501953,
11,26,66,head_5,recovery,-0.037109375,-0.025444507598876953,842,AGGGAC,4.2734375,4364,TCGGAT,4.71875,4364,TCGGAT,4.71875,842,AGGGAC,5.985589814372361e-05,4364,TCGGAT,5.7050041505135596e-05,641,AGAAAA,0.4195749759674072,False,False,True,0.0006045699119567871,
11,27,66,head_5,recovery,-0.037109375,-0.02543354034423828,842,AGGGAC,4.27734375,4364,TCGGAT,4.72265625,4364,TCGGAT,4.72265625,842,AGGGAC,5.9615013014990836e-05,4364,TCGGAT,5.6808319641277194e-05,641,AGAAAA,0.41982269287109375,False,False,True,0.0011119842529296875,
11,28,66,head_5,recovery,-0.015625,-0.010329484939575195,842,AGGGAC,4.29296875,4364,TCGGAT,4.72265625,4364,TCGGAT,4.72265625,842,AGGGAC,6.085923087084666e-05,4364,TCGGAT,5.6906275858636945e-05,641,AGAAAA,0.4208998382091522,False,False,True,8.594989776611328e-05,
11,29,66,head_5,recovery,-0.0419921875,-0.015962600708007812,842,AGGGAC,4.28125,4364,TCGGAT,4.73046875,4364,TCGGAT,4.73046875,842,AGGGAC,5.9667403547791764e-05,4364,TCGGAT,5.6141951063182205e-05,641,AGAAAA,0.42206162214279175,False,False,True,-0.0005478858947753906,
11,30,66,head_5,recovery,-0.0322265625,-0.025622129440307617,842,AGGGAC,4.29296875,4364,TCGGAT,4.734375,4364,TCGGAT,4.734375,842,AGGGAC,6.0222238971618935e-05,4364,TCGGAT,5.74298610445112e-05,641,AGAAAA,0.42122969031333923,False,False,True,-0.003638744354248047,
11,31,66,head_5,recovery,-0.037109375,-0.03373920917510986,842,AGGGAC,4.29296875,4364,TCGGAT,4.73828125,4364,TCGGAT,4.73828125,842,AGGGAC,5.9132191381650046e-05,4364,TCGGAT,5.695581785403192e-05,641,AGAAAA,0.4226377010345459,False,False,True,-0.0011240243911743164,
11,32,66,head_5,recovery,-0.0048828125,-0.020578622817993164,842,AGGGAC,4.3203125,4364,TCGGAT,4.7421875,4364,TCGGAT,4.7421875,842,AGGGAC,6.194384332047775e-05,4364,TCGGAT,5.876870272913948e-05,641,AGAAAA,0.4171268045902252,False,False,True,-0.0012341737747192383,
11,33,66,head_5,recovery,-0.037109375,-0.015570640563964844,842,AGGGAC,4.296875,4364,TCGGAT,4.7421875,4364,TCGGAT,4.7421875,842,AGGGAC,6.162402132758871e-05,4364,TCGGAT,5.806882109027356e-05,641,AGAAAA,0.4186106026172638,False,False,True,0.0011369585990905762,
11,34,66,head_5,recovery,-0.021484375,-0.01045846939086914,842,AGGGAC,4.30078125,4364,TCGGAT,4.734375,4364,TCGGAT,4.734375,842,AGGGAC,6.0708538512699306e-05,4364,TCGGAT,5.6765376939438283e-05,641,AGAAAA,0.42281490564346313,False,False,True,0.0020238161087036133,
11,35,66,head_5,recovery,-0.0322265625,-0.013989686965942383,842,AGGGAC,4.27734375,4364,TCGGAT,4.71875,4364,TCGGAT,4.71875,842,AGGGAC,5.894221249036491e-05,4364,TCGGAT,5.52670426259283e-05,641,AGAAAA,0.42241254448890686,False,False,True,0.006064474582672119,
12,0,66,head_5,recovery,-0.0419921875,-0.02145552635192871,842,AGGGAC,4.24609375,4364,TCGGAT,4.6953125,4364,TCGGAT,4.6953125,842,AGGGAC,5.5389209592249244e-05,4364,TCGGAT,5.22806221852079e-05,641,AGAAAA,0.4156399369239807,False,False,True,-0.009548962116241455,
12,1,66,head_5,recovery,-0.0478515625,-0.032494187355041504,842,AGGGAC,4.2421875,4364,TCGGAT,4.6953125,4364,TCGGAT,4.6953125,842,AGGGAC,5.5647094995947555e-05,4364,TCGGAT,5.337624315870926e-05,641,AGAAAA,0.41590937972068787,False,False,True,-0.011168479919433594,
12,2,66,head_5,recovery,-0.021484375,-0.02367544174194336,842,AGGGAC,4.265625,4364,TCGGAT,4.69921875,4364,TCGGAT,4.69921875,842,AGGGAC,5.9216916270088404e-05,4364,TCGGAT,5.6276796385645866e-05,641,AGAAAA,0.41781488060951233,False,False,True,-0.010621428489685059,
12,3,66,head_5,recovery,-0.0263671875,-0.03194224834442139,842,AGGGAC,4.28125,4364,TCGGAT,4.71875,4364,TCGGAT,4.71875,842,AGGGAC,6.0402970120776445e-05,4364,TCGGAT,5.80902342335321e-05,641,AGAAAA,0.41919970512390137,False,False,True,-0.004437565803527832,
12,4,66,head_5,recovery,-0.021484375,-0.018187880516052246,842,AGGGAC,4.27734375,4364,TCGGAT,4.7109375,4364,TCGGAT,4.7109375,842,AGGGAC,5.9020112530561164e-05,4364,TCGGAT,5.56635350221768e-05,641,AGAAAA,0.4203137457370758,False,False,True,-0.0032200217247009277,
12,5,66,head_5,recovery,-0.0263671875,-0.02029597759246826,842,AGGGAC,4.28125,4364,TCGGAT,4.71875,4364,TCGGAT,4.71875,842,AGGGAC,5.9112553572049364e-05,4364,TCGGAT,5.5915963457664475e-05,641,AGAAAA,0.4203111231327057,False,False,True,-0.0015121698379516602,
12,6,66,head_5,recovery,-0.0263671875,-0.022754788398742676,842,AGGGAC,4.2734375,4364,TCGGAT,4.7109375,4364,TCGGAT,4.7109375,842,AGGGAC,5.742616122006439e-05,4364,TCGGAT,5.441617759061046e-05,641,AGAAAA,0.4199575185775757,False,False,True,-0.00041931867599487305,
12,7,66,head_5,recovery,-0.0263671875,-0.01884329319000244,842,AGGGAC,4.27734375,4364,TCGGAT,4.71484375,4364,TCGGAT,4.71484375,842,AGGGAC,5.7838304201141e-05,4364,TCGGAT,5.453147605294362e-05,641,AGAAAA,0.42010971903800964,False,False,True,0.0007987022399902344,
12,8,66,head_5,recovery,-0.0263671875,-0.019516706466674805,842,AGGGAC,4.2734375,4364,TCGGAT,4.7109375,4364,TCGGAT,4.7109375,842,AGGGAC,5.7787987316260114e-05,4364,TCGGAT,5.453226185636595e-05,641,AGAAAA,0.418643981218338,False,False,True,-0.005554020404815674,
12,9,66,head_5,recovery,-0.0263671875,-0.01682591438293457,842,AGGGAC,4.27734375,4364,TCGGAT,4.71484375,4364,TCGGAT,4.71484375,842,AGGGAC,5.819142461405136e-05,4364,TCGGAT,5.4731484851799905e-05,641,AGAAAA,0.4203660190105438,False,False,True,-0.006451427936553955,
12,10,66,head_5,recovery,-0.021484375,-0.015415668487548828,842,AGGGAC,4.28125,4364,TCGGAT,4.71484375,4364,TCGGAT,4.71484375,842,AGGGAC,5.9149268054170534e-05,4364,TCGGAT,5.5582309869350865e-05,641,AGAAAA,0.4191947281360626,False,False,True,-0.0061078667640686035,
12,11,66,head_5,recovery,-0.037109375,-0.027747273445129395,842,AGGGAC,4.25390625,4364,TCGGAT,4.69921875,4364,TCGGAT,4.69921875,842,AGGGAC,5.78337385377381e-05,4364,TCGGAT,5.5202635849127546e-05,641,AGAAAA,0.4172465205192566,False,False,True,-0.010396778583526611,
12,12,66,head_5,recovery,-0.0322265625,-0.018656253814697266,842,AGGGAC,4.25390625,4364,TCGGAT,4.6953125,4364,TCGGAT,4.6953125,842,AGGGAC,5.6194327044067904e-05,4364,TCGGAT,5.287330350256525e-05,641,AGAAAA,0.41783958673477173,False,False,True,-0.01546776294708252,
12,13,66,head_5,recovery,-0.052734375,-0.03205692768096924,842,AGGGAC,4.23828125,4364,TCGGAT,4.6953125,4364,TCGGAT,4.6953125,842,AGGGAC,5.4696221923222765e-05,4364,TCGGAT,5.239219171926379e-05,641,AGAAAA,0.4165779650211334,False,False,True,-0.018668949604034424,
12,14,66,head_5,recovery,-0.0419921875,-0.01950979232788086,842,AGGGAC,4.265625,4364,TCGGAT,4.71484375,4364,TCGGAT,4.71484375,842,AGGGAC,5.587243504123762e-05,4364,TCGGAT,5.261617843643762e-05,641,AGAAAA,0.4207085967063904,False,False,True,-0.007893919944763184,
12,15,66,head_5,recovery,-0.015625,-0.0174562931060791,842,AGGGAC,4.27734375,4364,TCGGAT,4.70703125,4364,TCGGAT,4.70703125,842,AGGGAC,5.63406283617951e-05,4364,TCGGAT,5.292853893479332e-05,641,AGAAAA,0.4240404963493347,False,False,True,-0.003971278667449951,
12,16,66,head_5,recovery,0.0,-0.006959676742553711,842,AGGGAC,4.28125,4364,TCGGAT,4.69921875,4364,TCGGAT,4.69921875,842,AGGGAC,5.687851080438122e-05,4364,TCGGAT,5.266981679596938e-05,641,AGAAAA,0.4247127175331116,False,False,True,-0.0007278323173522949,
12,17,66,head_5,recovery,-0.0048828125,-0.009293079376220703,842,AGGGAC,4.28125,4364,TCGGAT,4.703125,4364,TCGGAT,4.703125,842,AGGGAC,5.6282202422153205e-05,4364,TCGGAT,5.225059067015536e-05,641,AGAAAA,0.4246037006378174,False,False,True,-0.0039000511169433594,
12,18,66,head_5,recovery,-0.015625,-0.010840654373168945,842,AGGGAC,4.28515625,4364,TCGGAT,4.71484375,4364,TCGGAT,4.71484375,842,AGGGAC,5.788848648080602e-05,4364,TCGGAT,5.3974326874595135e-05,641,AGAAAA,0.4206860661506653,False,False,True,0.0005081892013549805,
12,19,66,head_5,recovery,-0.0263671875,-0.029175519943237305,842,AGGGAC,4.2734375,4364,TCGGAT,4.7109375,4364,TCGGAT,4.7109375,842,AGGGAC,5.6025328376563266e-05,4364,TCGGAT,5.3502626542467624e-05,641,AGAAAA,0.4219437539577484,False,False,True,0.003078758716583252,
12,20,66,head_5,recovery,-0.015625,-0.026507019996643066,842,AGGGAC,4.26953125,4364,TCGGAT,4.69921875,4364,TCGGAT,4.69921875,842,AGGGAC,5.647355646942742e-05,4364,TCGGAT,5.3748328355140984e-05,641,AGAAAA,0.41998031735420227,False,False,True,0.002044677734375,
12,21,66,head_5,recovery,-0.0263671875,-0.030245423316955566,842,AGGGAC,4.2578125,4364,TCGGAT,4.6953125,4364,TCGGAT,4.6953125,842,AGGGAC,5.605561818811111e-05,4364,TCGGAT,5.3614105127053335e-05,641,AGAAAA,0.41756558418273926,False,False,True,-0.0031756162643432617,
12,22,66,head_5,recovery,-0.0048828125,-0.018831610679626465,842,AGGGAC,4.2734375,4364,TCGGAT,4.6953125,4364,TCGGAT,4.6953125,842,AGGGAC,5.884598795091733e-05,4364,TCGGAT,5.553827213589102e-05,641,AGAAAA,0.41461482644081116,False,False,True,-0.0036396384239196777,
12,23,66,head_5,recovery,-0.0107421875,-0.017087936401367188,842,AGGGAC,4.265625,4364,TCGGAT,4.69140625,4364,TCGGAT,4.69140625,842,AGGGAC,5.7181012380169705e-05,4364,TCGGAT,5.374096872401424e-05,641,AGAAAA,0.41713839769363403,False,False,True,-0.0029701590538024902,
12,24,66,head_5,recovery,-0.0048828125,-0.02082979679107666,842,AGGGAC,4.26171875,4364,TCGGAT,4.68359375,4364,TCGGAT,4.68359375,842,AGGGAC,5.785419125459157e-05,4364,TCGGAT,5.469811731018126e-05,641,AGAAAA,0.4161032438278198,False,False,True,-0.002868950366973877,
12,25,66,head_5,recovery,-0.0048828125,-0.012465953826904297,842,AGGGAC,4.26171875,4364,TCGGAT,4.68359375,4364,TCGGAT,4.68359375,842,AGGGAC,5.8363537391414866e-05,4364,TCGGAT,5.457271618070081e-05,641,AGAAAA,0.4194663166999817,False,False,True,-0.004323840141296387,
12,26,66,head_5,recovery,0.00537109375,-0.007303714752197266,842,AGGGAC,4.265625,4364,TCGGAT,4.6796875,4364,TCGGAT,4.6796875,842,AGGGAC,5.967650577076711e-05,4364,TCGGAT,5.5493921536253765e-05,641,AGAAAA,0.42096176743507385,False,False,True,-0.0022041797637939453,
12,27,66,head_5,recovery,0.0,-0.005987286567687988,842,AGGGAC,4.26171875,4364,TCGGAT,4.6796875,4364,TCGGAT,4.6796875,842,AGGGAC,6.042917812010273e-05,4364,TCGGAT,5.614669498754665e-05,641,AGAAAA,0.4245065152645111,False,False,True,0.004276931285858154,
12,28,66,head_5,recovery,-0.0048828125,-0.00921785831451416,842,AGGGAC,4.2578125,4364,TCGGAT,4.6796875,4364,TCGGAT,4.6796875,842,AGGGAC,6.199455674504861e-05,4364,TCGGAT,5.795724791823886e-05,641,AGAAAA,0.4241655170917511,False,False,True,0.008309125900268555,
12,29,66,head_5,recovery,0.02099609375,0.014792561531066895,842,AGGGAC,4.28125,4364,TCGGAT,4.68359375,4364,TCGGAT,4.68359375,842,AGGGAC,6.568054232047871e-05,4364,TCGGAT,5.982105722068809e-05,641,AGAAAA,0.4156803488731384,False,False,True,0.0007634162902832031,
12,30,66,head_5,recovery,0.052734375,0.022863328456878662,842,AGGGAC,4.2890625,4364,TCGGAT,4.66796875,4364,TCGGAT,4.66796875,842,AGGGAC,6.525805656565353e-05,4364,TCGGAT,5.878607043996453e-05,641,AGAAAA,0.406218558549881,False,False,True,-0.012533068656921387,
12,31,66,head_5,recovery,0.037109375,0.002249419689178467,842,AGGGAC,4.30078125,4364,TCGGAT,4.69140625,4364,TCGGAT,4.69140625,842,AGGGAC,6.412170478142798e-05,4364,TCGGAT,5.921412957832217e-05,641,AGAAAA,0.40265509486198425,False,False,True,-0.019429266452789307,
12,32,66,head_5,recovery,-0.015625,-0.040065765380859375,842,AGGGAC,4.3203125,4364,TCGGAT,4.75,4364,TCGGAT,4.75,842,AGGGAC,6.519342423416674e-05,4364,TCGGAT,6.349718751152977e-05,641,AGAAAA,0.4065350592136383,False,False,True,-0.016877353191375732,
12,33,66,head_5,recovery,-0.07421875,-0.07105624675750732,842,AGGGAC,4.3359375,4364,TCGGAT,4.80859375,4364,TCGGAT,4.80859375,842,AGGGAC,6.682237290078774e-05,4364,TCGGAT,6.747803126927465e-05,641,AGAAAA,0.415336012840271,False,False,True,-0.005101919174194336,
12,34,66,head_5,recovery,-0.0419921875,-0.04475867748260498,842,AGGGAC,4.359375,4364,TCGGAT,4.80859375,4364,TCGGAT,4.80859375,842,AGGGAC,6.834370287833735e-05,4364,TCGGAT,6.700360972899944e-05,641,AGAAAA,0.4313906729221344,False,False,True,0.013776302337646484,
12,35,66,head_5,recovery,0.0107421875,-0.017635107040405273,842,AGGGAC,4.3984375,4364,TCGGAT,4.80859375,4364,TCGGAT,4.80859375,842,AGGGAC,6.803088035667315e-05,4364,TCGGAT,6.463236059062183e-05,641,AGAAAA,0.44734013080596924,False,False,True,0.04549604654312134,
13,0,66,head_5,recovery,0.0107421875,-0.013078570365905762,842,AGGGAC,4.28515625,4364,TCGGAT,4.6953125,4364,TCGGAT,4.6953125,842,AGGGAC,5.974957821308635e-05,4364,TCGGAT,5.600525764748454e-05,641,AGAAAA,0.41766810417175293,False,False,True,-0.0037282705307006836,
13,1,66,head_5,recovery,0.0,-0.02028369903564453,842,AGGGAC,4.265625,4364,TCGGAT,4.68359375,4364,TCGGAT,4.68359375,842,AGGGAC,5.7326440582983196e-05,4364,TCGGAT,5.41289227840025e-05,641,AGAAAA,0.4189850986003876,False,False,True,-0.008037984371185303,
13,2,66,head_5,recovery,0.00537109375,-0.002852201461791992,842,AGGGAC,4.2734375,4364,TCGGAT,4.6875,4364,TCGGAT,4.6875,842,AGGGAC,5.712173879146576e-05,4364,TCGGAT,5.260132820694707e-05,641,AGAAAA,0.42311957478523254,False,False,True,-0.0040618181228637695,
13,3,66,head_5,recovery,-0.0048828125,-0.0021179914474487305,842,AGGGAC,4.27734375,4364,TCGGAT,4.69921875,4364,TCGGAT,4.69921875,842,AGGGAC,5.819768921355717e-05,4364,TCGGAT,5.362155570765026e-05,641,AGAAAA,0.4207257330417633,False,False,True,-0.0034856200218200684,
13,4,66,head_5,recovery,-0.015625,-0.013592362403869629,842,AGGGAC,4.29296875,4364,TCGGAT,4.72265625,4364,TCGGAT,4.72265625,842,AGGGAC,5.861932004336268e-05,4364,TCGGAT,5.491398769663647e-05,641,AGAAAA,0.420296847820282,False,False,True,0.0015404224395751953,
13,5,66,head_5,recovery,-0.015625,-0.014446139335632324,842,AGGGAC,4.29296875,4364,TCGGAT,4.72265625,4364,TCGGAT,4.72265625,842,AGGGAC,5.819990474265069e-05,4364,TCGGAT,5.4559372074436396e-05,641,AGAAAA,0.41973501443862915,False,False,True,0.0016082525253295898,
13,6,66,head_5,recovery,-0.0478515625,-0.022526860237121582,842,AGGGAC,4.2890625,4364,TCGGAT,4.7421875,4364,TCGGAT,4.7421875,842,AGGGAC,5.789962597191334e-05,4364,TCGGAT,5.487234375323169e-05,641,AGAAAA,0.4204653799533844,False,False,True,-0.004198253154754639,
13,7,66,head_5,recovery,-0.0478515625,-0.021887779235839844,842,AGGGAC,4.29296875,4364,TCGGAT,4.74609375,4364,TCGGAT,4.74609375,842,AGGGAC,5.907206650590524e-05,4364,TCGGAT,5.599628639174625e-05,641,AGAAAA,0.4198501706123352,False,False,True,-0.009623467922210693,
13,8,66,head_5,recovery,-0.068359375,-0.037988901138305664,842,AGGGAC,4.28125,4364,TCGGAT,4.75,4364,TCGGAT,4.75,842,AGGGAC,5.644413977279328e-05,4364,TCGGAT,5.4590283980360255e-05,641,AGAAAA,0.4240878224372864,False,False,True,-0.01085197925567627,
13,9,66,head_5,recovery,0.0,0.008121669292449951,842,AGGGAC,4.3125,4364,TCGGAT,4.73046875,4364,TCGGAT,4.73046875,842,AGGGAC,5.8013298257719725e-05,4364,TCGGAT,5.266007428872399e-05,641,AGAAAA,0.4278143644332886,False,False,True,-0.005843818187713623,
13,10,66,head_5,recovery,0.0263671875,0.0239829421043396,842,AGGGAC,4.3203125,4364,TCGGAT,4.71875,4364,TCGGAT,4.71875,842,AGGGAC,5.727841198677197e-05,4364,TCGGAT,5.072145722806454e-05,641,AGAAAA,0.4264155924320221,False,False,True,-0.0010499954223632812,
13,11,66,head_5,recovery,0.0634765625,0.08106768131256104,842,AGGGAC,4.34765625,4364,TCGGAT,4.71875,4364,TCGGAT,4.71875,842,AGGGAC,6.156283780001104e-05,4364,TCGGAT,5.067367237643339e-05,641,AGAAAA,0.4281512498855591,False,False,True,0.0012924671173095703,
13,12,66,head_5,recovery,0.0263671875,0.03493434190750122,842,AGGGAC,4.3203125,4364,TCGGAT,4.71875,4364,TCGGAT,4.71875,842,AGGGAC,6.042733002686873e-05,4364,TCGGAT,5.303926081978716e-05,641,AGAAAA,0.42640864849090576,False,False,True,0.0017873048782348633,
13,13,66,head_5,recovery,0.00537109375,0.023563683032989502,842,AGGGAC,4.3046875,4364,TCGGAT,4.71875,4364,TCGGAT,4.71875,842,AGGGAC,6.124705396359786e-05,4364,TCGGAT,5.4721916967537254e-05,641,AGAAAA,0.42550647258758545,False,False,True,-0.0006583929061889648,
13,14,66,head_5,recovery,-0.0263671875,-0.030811429023742676,842,AGGGAC,4.29296875,4364,TCGGAT,4.73046875,4364,TCGGAT,4.73046875,842,AGGGAC,5.954471998848021e-05,4364,TCGGAT,5.714616418117657e-05,641,AGAAAA,0.42135435342788696,False,False,True,0.00484997034072876,
13,15,66,head_5,recovery,-0.0107421875,-0.02170860767364502,842,AGGGAC,4.3046875,4364,TCGGAT,4.73046875,4364,TCGGAT,4.73046875,842,AGGGAC,5.978155604680069e-05,4364,TCGGAT,5.669217716786079e-05,641,AGAAAA,0.41817229986190796,False,False,True,0.009467601776123047,
13,16,66,head_5,recovery,-0.0048828125,-0.013315677642822266,842,AGGGAC,4.30859375,4364,TCGGAT,4.73046875,4364,TCGGAT,4.73046875,842,AGGGAC,5.9475863963598385e-05,4364,TCGGAT,5.574954047915526e-05,641,AGAAAA,0.419104665517807,False,False,True,0.00835883617401123,
13,17,66,head_5,recovery,-0.0048828125,-0.002169966697692871,842,AGGGAC,4.3046875,4364,TCGGAT,4.7265625,4364,TCGGAT,4.7265625,842,AGGGAC,5.93471631873399e-05,4364,TCGGAT,5.477497688843869e-05,641,AGAAAA,0.4206359386444092,False,False,True,0.0024451017379760742,
13,18,66,head_5,recovery,0.0,0.0012402534484863281,842,AGGGAC,4.30078125,4364,TCGGAT,4.71875,4364,TCGGAT,4.71875,842,AGGGAC,6.060468149371445e-05,4364,TCGGAT,5.5773696658434346e-05,641,AGAAAA,0.42119714617729187,False,False,True,-9.72747802734375e-05,
13,19,66,head_5,recovery,0.02099609375,0.009374260902404785,842,AGGGAC,4.30078125,4364,TCGGAT,4.703125,4364,TCGGAT,4.703125,842,AGGGAC,6.275510531850159e-05,4364,TCGGAT,5.730681732529774e-05,641,AGAAAA,0.42010900378227234,False,False,True,0.0076754093170166016,
13,20,66,head_5,recovery,0.02099609375,0.00014585256576538086,842,AGGGAC,4.296875,4364,TCGGAT,4.69921875,4364,TCGGAT,4.69921875,842,AGGGAC,6.369078619172797e-05,4364,TCGGAT,5.894285277463496e-05,641,AGAAAA,0.4174830913543701,False,False,True,0.01166611909866333,
13,21,66,head_5,recovery,0.0,-0.004131197929382324,842,AGGGAC,4.28515625,4364,TCGGAT,4.703125,4364,TCGGAT,4.703125,842,AGGGAC,6.540399772347882e-05,4364,TCGGAT,6.098065205151215e-05,641,AGAAAA,0.41823434829711914,False,False,True,0.007376551628112793,
13,22,66,head_5,recovery,0.037109375,0.026946306228637695,842,AGGGAC,4.3046875,4364,TCGGAT,4.6953125,4364,TCGGAT,4.6953125,842,AGGGAC,6.743888661731035e-05,4364,TCGGAT,6.0657039284706116e-05,641,AGAAAA,0.41644635796546936,False,False,True,0.0025986433029174805,
13,23,66,head_5,recovery,0.05810546875,0.05221062898635864,842,AGGGAC,4.3046875,4364,TCGGAT,4.6796875,4364,TCGGAT,4.6796875,842,AGGGAC,6.889840005896986e-05,4364,TCGGAT,6.019922511768527e-05,641,AGAAAA,0.4140980541706085,False,False,True,-0.00036412477493286133,
13,24,66,head_5,recovery,0.05810546875,0.046035945415496826,842,AGGGAC,4.3125,4364,TCGGAT,4.6875,4364,TCGGAT,4.6875,842,AGGGAC,6.981563637964427e-05,4364,TCGGAT,6.158505857456475e-05,641,AGAAAA,0.4140591323375702,False,False,True,0.002989649772644043,
13,25,66,head_5,recovery,0.0,-0.0006314516067504883,842,AGGGAC,4.2890625,4364,TCGGAT,4.70703125,4364,TCGGAT,4.70703125,842,AGGGAC,6.521237082779408e-05,4364,TCGGAT,6.052342359907925e-05,641,AGAAAA,0.4191266894340515,False,False,True,0.0026218295097351074,
13,26,66,head_5,recovery,0.0,0.00046825408935546875,842,AGGGAC,4.2890625,4364,TCGGAT,4.70703125,4364,TCGGAT,4.70703125,842,AGGGAC,6.359765393426642e-05,4364,TCGGAT,5.882525147171691e-05,641,AGAAAA,0.42142626643180847,False,False,True,0.001227259635925293,
13,27,66,head_5,recovery,0.0,0.013152718544006348,842,AGGGAC,4.28125,4364,TCGGAT,4.69921875,4364,TCGGAT,4.69921875,842,AGGGAC,6.132288399385288e-05,4364,TCGGAT,5.558784323511645e-05,641,AGAAAA,0.4201650023460388,False,False,True,-0.0021674036979675293,
13,28,66,head_5,recovery,0.0,0.01622694730758667,842,AGGGAC,4.2890625,4364,TCGGAT,4.70703125,4364,TCGGAT,4.70703125,842,AGGGAC,5.867060463060625e-05,4364,TCGGAT,5.2702260290971026e-05,641,AGAAAA,0.4186219871044159,False,False,True,0.00044858455657958984,
13,29,66,head_5,recovery,0.0107421875,0.03481113910675049,842,AGGGAC,4.30078125,4364,TCGGAT,4.7109375,4364,TCGGAT,4.7109375,842,AGGGAC,6.0623151512118056e-05,4364,TCGGAT,5.324443554854952e-05,641,AGAAAA,0.4095858335494995,False,False,True,-0.0014457106590270996,
13,30,66,head_5,recovery,0.0263671875,0.028549253940582275,842,AGGGAC,4.29296875,4364,TCGGAT,4.69140625,4364,TCGGAT,4.69140625,842,AGGGAC,6.281689275056124e-05,4364,TCGGAT,5.5913398682605475e-05,641,AGAAAA,0.40303897857666016,False,False,True,0.0004755854606628418,
13,31,66,head_5,recovery,0.02099609375,0.0029969215393066406,842,AGGGAC,4.2890625,4364,TCGGAT,4.69140625,4364,TCGGAT,4.69140625,842,AGGGAC,6.528354424517602e-05,4364,TCGGAT,6.031923840055242e-05,641,AGAAAA,0.39803701639175415,False,False,True,-0.0034868717193603516,
13,32,66,head_5,recovery,-0.1689453125,-0.1545473337173462,842,AGGGAC,4.4453125,4364,TCGGAT,4.98828125,4364,TCGGAT,4.98828125,842,AGGGAC,7.705292227910832e-05,4364,TCGGAT,8.404479740420356e-05,641,AGAAAA,0.4023376405239105,False,False,True,0.0005769133567810059,
13,33,66,head_5,recovery,-0.2275390625,-0.22032713890075684,842,AGGGAC,4.4453125,4364,TCGGAT,5.03125,4364,TCGGAT,5.03125,842,AGGGAC,7.592376641696319e-05,4364,TCGGAT,8.790772699285299e-05,641,AGAAAA,0.41071391105651855,False,False,True,-0.0022544264793395996,
13,34,66,head_5,recovery,-0.232421875,-0.19782674312591553,842,AGGGAC,4.44921875,4364,TCGGAT,5.0390625,4364,TCGGAT,5.0390625,842,AGGGAC,7.471144635928795e-05,4364,TCGGAT,8.498783427057788e-05,641,AGAAAA,0.42033159732818604,False,False,True,0.0025588274002075195,
13,35,66,head_5,recovery,-0.07421875,-0.05457031726837158,842,AGGGAC,4.27734375,4364,TCGGAT,4.75,4364,TCGGAT,4.75,842,AGGGAC,6.0254351410549134e-05,4364,TCGGAT,5.965887976344675e-05,641,AGAAAA,0.42925554513931274,False,False,True,-0.00170135498046875,
14,0,66,head_5,recovery,0.0,-0.0015366077423095703,842,AGGGAC,4.2890625,4364,TCGGAT,4.70703125,4364,TCGGAT,4.70703125,842,AGGGAC,6.0290461988188326e-05,4364,TCGGAT,5.567021435126662e-05,641,AGAAAA,0.42004361748695374,False,False,True,-0.0007056593894958496,
14,1,66,head_5,recovery,-0.0048828125,-0.00919795036315918,842,AGGGAC,4.28125,4364,TCGGAT,4.703125,4364,TCGGAT,4.703125,842,AGGGAC,6.0728667449438944e-05,4364,TCGGAT,5.6689845223445445e-05,641,AGAAAA,0.41929876804351807,False,False,True,-0.00011819601058959961,
14,2,66,head_5,recovery,0.00537109375,-0.003260493278503418,842,AGGGAC,4.2890625,4364,TCGGAT,4.703125,4364,TCGGAT,4.703125,842,AGGGAC,5.998515916871838e-05,4364,TCGGAT,5.5495736887678504e-05,641,AGAAAA,0.42060959339141846,False,False,True,0.0009527206420898438,
14,3,66,head_5,recovery,-0.0048828125,-0.010178685188293457,842,AGGGAC,4.28125,4364,TCGGAT,4.703125,4364,TCGGAT,4.703125,842,AGGGAC,5.9368376241764054e-05,4364,TCGGAT,5.540397978620604e-05,641,AGAAAA,0.42029866576194763,False,False,True,0.0017136335372924805,
14,4,66,head_5,recovery,0.00537109375,-0.0008181333541870117,842,AGGGAC,4.2890625,4364,TCGGAT,4.703125,4364,TCGGAT,4.703125,842,AGGGAC,5.929301551077515e-05,4364,TCGGAT,5.461823820951395e-05,641,AGAAAA,0.42183253169059753,False,False,True,0.0014839768409729004,
14,5,66,head_5,recovery,0.00537109375,-0.002390146255493164,842,AGGGAC,4.2890625,4364,TCGGAT,4.703125,4364,TCGGAT,4.703125,842,AGGGAC,5.9357993450248614e-05,4364,TCGGAT,5.480252002598718e-05,641,AGAAAA,0.4205073118209839,False,False,True,0.0004443526268005371,
14,6,66,head_5,recovery,-0.0048828125,-0.005619525909423828,842,AGGGAC,4.28125,4364,TCGGAT,4.703125,4364,TCGGAT,4.703125,842,AGGGAC,5.979532579658553e-05,4364,TCGGAT,5.548493209062144e-05,641,AGAAAA,0.41842183470726013,False,False,True,-0.0014601945877075195,
14,7,66,head_5,recovery,-0.015625,-0.009241223335266113,842,AGGGAC,4.28125,4364,TCGGAT,4.7109375,4364,TCGGAT,4.7109375,842,AGGGAC,5.9633141063386574e-05,4364,TCGGAT,5.5597596656298265e-05,641,AGAAAA,0.4206558167934418,False,False,True,-0.0012626051902770996,
14,8,66,head_5,recovery,0.00537109375,0.006568789482116699,842,AGGGAC,4.2890625,4364,TCGGAT,4.703125,4364,TCGGAT,4.703125,842,AGGGAC,5.988052362226881e-05,4364,TCGGAT,5.46451447007712e-05,641,AGAAAA,0.4206966161727905,False,False,True,-0.0022100210189819336,
14,9,66,head_5,recovery,-0.0048828125,0.002808511257171631,842,AGGGAC,4.2890625,4364,TCGGAT,4.7109375,4364,TCGGAT,4.7109375,842,AGGGAC,5.971455902908929e-05,4364,TCGGAT,5.476455407915637e-05,641,AGAAAA,0.4221632182598114,False,False,True,0.000867009162902832,
14,10,66,head_5,recovery,-0.0048828125,0.0031415820121765137,842,AGGGAC,4.29296875,4364,TCGGAT,4.71484375,4364,TCGGAT,4.71484375,842,AGGGAC,6.034535545040853e-05,4364,TCGGAT,5.537007382372394e-05,641,AGAAAA,0.42122235894203186,False,False,True,0.0009984970092773438,
14,11,66,head_5,recovery,-0.0107421875,-0.007002711296081543,842,AGGGAC,4.2890625,4364,TCGGAT,4.71484375,4364,TCGGAT,4.71484375,842,AGGGAC,6.092758849263191e-05,4364,TCGGAT,5.672216502716765e-05,641,AGAAAA,0.41917312145233154,False,False,True,0.0017765164375305176,
14,12,66,head_5,recovery,-0.0107421875,-0.012285709381103516,842,AGGGAC,4.28125,4364,TCGGAT,4.70703125,4364,TCGGAT,4.70703125,842,AGGGAC,6.125494110165164e-05,4364,TCGGAT,5.7450444728601724e-05,641,AGAAAA,0.41886770725250244,False,False,True,0.0015122294425964355,
14,13,66,head_5,recovery,-0.0048828125,-0.010001420974731445,842,AGGGAC,4.28125,4364,TCGGAT,4.703125,4364,TCGGAT,4.703125,842,AGGGAC,6.186769314808771e-05,4364,TCGGAT,5.788983980892226e-05,641,AGAAAA,0.4184551537036896,False,False,True,0.0026404857635498047,
14,14,66,head_5,recovery,0.00537109375,-0.0036793947219848633,842,AGGGAC,4.28125,4364,TCGGAT,4.6953125,4364,TCGGAT,4.6953125,842,AGGGAC,6.11177456448786e-05,4364,TCGGAT,5.666011566063389e-05,641,AGAAAA,0.4190404415130615,False,False,True,0.0012770891189575195,
14,15,66,head_5,recovery,0.0,-0.004231452941894531,842,AGGGAC,4.28125,4364,TCGGAT,4.69921875,4364,TCGGAT,4.69921875,842,AGGGAC,6.0239639424253255e-05,4364,TCGGAT,5.5823908041929826e-05,641,AGAAAA,0.4183467924594879,False,False,True,0.0025170445442199707,
14,16,66,head_5,recovery,-0.0048828125,-0.0042847394943237305,842,AGGGAC,4.27734375,4364,TCGGAT,4.69921875,4364,TCGGAT,4.69921875,842,AGGGAC,6.062899046810344e-05,4364,TCGGAT,5.6217304518213496e-05,641,AGAAAA,0.4159744083881378,False,False,True,0.0012874603271484375,
14,17,66,head_5,recovery,-0.0048828125,-0.005575776100158691,842,AGGGAC,4.27734375,4364,TCGGAT,4.69921875,4364,TCGGAT,4.69921875,842,AGGGAC,6.122492777649313e-05,4364,TCGGAT,5.6911216233856976e-05,641,AGAAAA,0.4173739552497864,False,False,True,0.003436267375946045,
14,18,66,head_5,recovery,-0.0048828125,-0.000408172607421875,842,AGGGAC,4.28125,4364,TCGGAT,4.703125,4364,TCGGAT,4.703125,842,AGGGAC,6.183987716212869e-05,4364,TCGGAT,5.713398786610924e-05,641,AGAAAA,0.41872677206993103,False,False,True,-0.001432955265045166,
14,19,66,head_5,recovery,0.0,0.0059664249420166016,842,AGGGAC,4.28515625,4364,TCGGAT,4.703125,4364,TCGGAT,4.703125,842,AGGGAC,6.19263228145428e-05,4364,TCGGAT,5.6736655096756294e-05,641,AGAAAA,0.418442964553833,False,False,True,-0.00015747547149658203,
14,20,66,head_5,recovery,-0.0048828125,0.003525078296661377,842,AGGGAC,4.2890625,4364,TCGGAT,4.7109375,4364,TCGGAT,4.7109375,842,AGGGAC,6.144979852251709e-05,4364,TCGGAT,5.644540942739695e-05,641,AGAAAA,0.4196428656578064,False,False,True,-0.00162428617477417,
14,21,66,head_5,recovery,-0.015625,-0.0220184326171875,842,AGGGAC,4.2734375,4364,TCGGAT,4.703125,4364,TCGGAT,4.703125,842,AGGGAC,6.236862827790901e-05,4364,TCGGAT,5.930275438004173e-05,641,AGAAAA,0.41671302914619446,False,False,True,0.0003363490104675293,
14,22,66,head_5,recovery,0.052734375,0.014921903610229492,842,AGGGAC,4.3125,4364,TCGGAT,4.69140625,4364,TCGGAT,4.69140625,842,AGGGAC,6.292564648902044e-05,4364,TCGGAT,5.705634248442948e-05,641,AGAAAA,0.4099258482456207,False,False,True,-0.0002532005310058594,
14,23,66,head_5,recovery,0.0634765625,0.0252951979637146,842,AGGGAC,4.3125,4364,TCGGAT,4.68359375,4364,TCGGAT,4.68359375,842,AGGGAC,6.0992242651991546e-05,4364,TCGGAT,5.4335698223439977e-05,641,AGAAAA,0.4108305275440216,False,False,True,0.0007023215293884277,
14,24,66,head_5,recovery,0.08447265625,0.061432838439941406,842,AGGGAC,4.328125,4364,TCGGAT,4.68359375,4364,TCGGAT,4.68359375,842,AGGGAC,6.083878906792961e-05,4364,TCGGAT,5.1439728849800304e-05,641,AGAAAA,0.4136604070663452,False,False,True,0.0024815797805786133,
14,25,66,head_5,recovery,0.0107421875,0.019227683544158936,842,AGGGAC,4.28515625,4364,TCGGAT,4.6953125,4364,TCGGAT,4.6953125,842,AGGGAC,5.855600829818286e-05,4364,TCGGAT,5.235993739916012e-05,641,AGAAAA,0.420368492603302,False,False,True,0.0013906359672546387,
14,26,66,head_5,recovery,0.0107421875,0.020450294017791748,842,AGGGAC,4.28515625,4364,TCGGAT,4.6953125,4364,TCGGAT,4.6953125,842,AGGGAC,6.013082020217553e-05,4364,TCGGAT,5.384196265367791e-05,641,AGAAAA,0.4219593405723572,False,False,True,0.0007815957069396973,
14,27,66,head_5,recovery,0.00537109375,0.012929737567901611,842,AGGGAC,4.2890625,4364,TCGGAT,4.703125,4364,TCGGAT,4.703125,842,AGGGAC,6.023421519785188e-05,4364,TCGGAT,5.451610195450485e-05,641,AGAAAA,0.4209407866001129,False,False,True,0.00022834539413452148,
14,28,66,head_5,recovery,0.00537109375,0.01428675651550293,842,AGGGAC,4.2890625,4364,TCGGAT,4.703125,4364,TCGGAT,4.703125,842,AGGGAC,6.084999404265545e-05,4364,TCGGAT,5.502889689523727e-05,641,AGAAAA,0.4203738868236542,False,False,True,5.7637691497802734e-05,
14,29,66,head_5,recovery,-0.0048828125,-0.001784205436706543,842,AGGGAC,4.28125,4364,TCGGAT,4.703125,4364,TCGGAT,4.703125,842,AGGGAC,5.786844121757895e-05,4364,TCGGAT,5.326698374119587e-05,641,AGAAAA,0.4196045398712158,False,False,True,0.0005869269371032715,
14,30,66,head_5,recovery,-0.0263671875,-0.029349803924560547,842,AGGGAC,4.265625,4364,TCGGAT,4.703125,4364,TCGGAT,4.703125,842,AGGGAC,5.763506123912521e-05,4364,TCGGAT,5.512557618203573e-05,641,AGAAAA,0.41635891795158386,False,False,True,0.0017716288566589355,
14,31,66,head_5,recovery,-0.0263671875,-0.03294050693511963,842,AGGGAC,4.265625,4364,TCGGAT,4.703125,4364,TCGGAT,4.703125,842,AGGGAC,5.787076224805787e-05,4364,TCGGAT,5.563377635553479e-05,641,AGAAAA,0.4149668514728546,False,False,True,0.003856956958770752,
14,32,66,head_5,recovery,-0.095703125,-0.07378780841827393,842,AGGGAC,4.265625,4364,TCGGAT,4.75390625,4364,TCGGAT,4.75390625,842,AGGGAC,5.8923727920046076e-05,4364,TCGGAT,5.978668559691869e-05,641,AGAAAA,0.41383445262908936,False,False,True,0.0036877989768981934,
14,33,66,head_5,recovery,-0.095703125,-0.062100768089294434,842,AGGGAC,4.24609375,4364,TCGGAT,4.734375,4364,TCGGAT,4.734375,842,AGGGAC,5.6154734920710325e-05,4364,TCGGAT,5.613074972643517e-05,641,AGAAAA,0.4144665002822876,False,False,True,0.0012595653533935547,
14,34,66,head_5,recovery,-0.0849609375,-0.05633199214935303,842,AGGGAC,4.25390625,4364,TCGGAT,4.734375,4364,TCGGAT,4.734375,842,AGGGAC,5.7557994296075776e-05,4364,TCGGAT,5.70962110941764e-05,641,AGAAAA,0.42030563950538635,False,False,True,0.0033016204833984375,
14,35,66,head_5,recovery,-0.021484375,-0.0340428352355957,842,AGGGAC,4.26171875,4364,TCGGAT,4.6953125,4364,TCGGAT,4.6953125,842,AGGGAC,5.8227389672538266e-05,4364,TCGGAT,5.6074062740663067e-05,641,AGAAAA,0.42207249999046326,False,False,True,0.0030008554458618164,
15,0,66,head_5,recovery,-0.0048828125,-0.013872146606445312,842,AGGGAC,4.2890625,4364,TCGGAT,4.7109375,4364,TCGGAT,4.7109375,842,AGGGAC,5.736338789574802e-05,4364,TCGGAT,5.367929406929761e-05,641,AGAAAA,0.42062005400657654,False,False,True,-0.002123236656188965,
15,1,66,head_5,recovery,-0.021484375,-0.027539730072021484,842,AGGGAC,4.27734375,4364,TCGGAT,4.7109375,4364,TCGGAT,4.7109375,842,AGGGAC,5.664029959007166e-05,4364,TCGGAT,5.39934444532264e-05,641,AGAAAA,0.4183317720890045,False,False,True,-0.0003637075424194336,
15,2,66,head_5,recovery,-0.0263671875,-0.03441905975341797,842,AGGGAC,4.27734375,4364,TCGGAT,4.71484375,4364,TCGGAT,4.71484375,842,AGGGAC,5.6446933740517125e-05,4364,TCGGAT,5.432215766631998e-05,641,AGAAAA,0.4171006381511688,False,False,True,0.006043493747711182,
15,3,66,head_5,recovery,-0.142578125,-0.10468101501464844,842,AGGGAC,4.2265625,4364,TCGGAT,4.75,4364,TCGGAT,4.75,842,AGGGAC,5.565094397752546e-05,4364,TCGGAT,5.885841164854355e-05,641,AGAAAA,0.4138047993183136,False,False,True,0.0027983784675598145,
15,4,66,head_5,recovery,-0.1796875,-0.12679994106292725,842,AGGGAC,4.20703125,4364,TCGGAT,4.7578125,4364,TCGGAT,4.7578125,842,AGGGAC,5.432740363175981e-05,4364,TCGGAT,5.921349657000974e-05,641,AGAAAA,0.41543862223625183,False,False,True,0.0011994242668151855,
15,5,66,head_5,recovery,-0.185546875,-0.12863421440124512,842,AGGGAC,4.203125,4364,TCGGAT,4.7578125,4364,TCGGAT,4.7578125,842,AGGGAC,5.409275399870239e-05,4364,TCGGAT,5.9118057833984494e-05,641,AGAAAA,0.4163541793823242,False,False,True,-0.006309807300567627,
15,6,66,head_5,recovery,-0.0478515625,-0.044889092445373535,842,AGGGAC,4.2578125,4364,TCGGAT,4.7109375,4364,TCGGAT,4.7109375,842,AGGGAC,5.761794818681665e-05,4364,TCGGAT,5.628775397781283e-05,641,AGAAAA,0.4188857972621918,False,False,True,0.0039792656898498535,
15,7,66,head_5,recovery,0.00537109375,-0.004729628562927246,842,AGGGAC,4.28125,4364,TCGGAT,4.6953125,4364,TCGGAT,4.6953125,842,AGGGAC,6.0095146181993186e-05,4364,TCGGAT,5.571721339947544e-05,641,AGAAAA,0.4176935851573944,False,False,True,-0.001324295997619629,
15,8,66,head_5,recovery,0.01611328125,0.007139086723327637,842,AGGGAC,4.296875,4364,TCGGAT,4.703125,4364,TCGGAT,4.703125,842,AGGGAC,6.109564856160432e-05,4364,TCGGAT,5.5816992244217545e-05,641,AGAAAA,0.4200859069824219,False,False,True,-0.0006713271141052246,
15,9,66,head_5,recovery,0.01611328125,0.0031592249870300293,842,AGGGAC,4.2890625,4364,TCGGAT,4.6953125,4364,TCGGAT,4.6953125,842,AGGGAC,5.6812972616171464e-05,4364,TCGGAT,5.1836348575307056e-05,641,AGAAAA,0.4202929735183716,False,False,True,-0.00270998477935791,
15,10,66,head_5,recovery,0.0107421875,0.003318965435028076,842,AGGGAC,4.29296875,4364,TCGGAT,4.703125,4364,TCGGAT,4.703125,842,AGGGAC,5.688806049874984e-05,4364,TCGGAT,5.189931107452139e-05,641,AGAAAA,0.4201107323169708,False,False,True,0.0041280388832092285,
15,11,66,head_5,recovery,0.00537109375,0.003480195999145508,842,AGGGAC,4.2890625,4364,TCGGAT,4.703125,4364,TCGGAT,4.703125,842,AGGGAC,5.526751192519441e-05,4364,TCGGAT,5.026652434025891e-05,641,AGAAAA,0.42425066232681274,False,False,True,0.009950339794158936,
15,12,66,head_5,recovery,-0.0048828125,0.0035716891288757324,842,AGGGAC,4.29296875,4364,TCGGAT,4.71484375,4364,TCGGAT,4.71484375,842,AGGGAC,5.845311170560308e-05,4364,TCGGAT,5.344518649508245e-05,641,AGAAAA,0.425763338804245,False,False,True,0.004567325115203857,
15,13,66,head_5,recovery,-0.015625,-0.005782008171081543,842,AGGGAC,4.2890625,4364,TCGGAT,4.71875,4364,TCGGAT,4.71875,842,AGGGAC,5.846569547429681e-05,4364,TCGGAT,5.416763451648876e-05,641,AGAAAA,0.42457687854766846,False,False,True,0.001990199089050293,
15,14,66,head_5,recovery,-0.015625,-0.011045217514038086,842,AGGGAC,4.2890625,4364,TCGGAT,4.71875,4364,TCGGAT,4.71875,842,AGGGAC,6.085193308535963e-05,4364,TCGGAT,5.695330037269741e-05,641,AGAAAA,0.4194965958595276,False,False,True,0.0017478466033935547,
15,15,66,head_5,recovery,-0.0107421875,-0.009782791137695312,842,AGGGAC,4.29296875,4364,TCGGAT,4.71875,4364,TCGGAT,4.71875,842,AGGGAC,6.961781036807224e-05,4364,TCGGAT,6.562336784554645e-05,641,AGAAAA,0.41383183002471924,False,False,True,-0.006768643856048584,
15,16,66,head_5,recovery,-0.0107421875,-0.0072928667068481445,842,AGGGAC,4.2890625,4364,TCGGAT,4.71484375,4364,TCGGAT,4.71484375,842,AGGGAC,6.993505667196587e-05,4364,TCGGAT,6.575165025424212e-05,641,AGAAAA,0.41350364685058594,False,False,True,-0.006492674350738525,
15,17,66,head_5,recovery,-0.015625,-0.010858297348022461,842,AGGGAC,4.2890625,4364,TCGGAT,4.71875,4364,TCGGAT,4.71875,842,AGGGAC,6.862566078780219e-05,4364,TCGGAT,6.471283995779231e-05,641,AGAAAA,0.41356146335601807,False,False,True,-0.017306506633758545,
15,18,66,head_5,recovery,0.0107421875,0.007684886455535889,842,AGGGAC,4.296875,4364,TCGGAT,4.70703125,4364,TCGGAT,4.70703125,842,AGGGAC,6.040687731001526e-05,4364,TCGGAT,5.508679896593094e-05,641,AGAAAA,0.4191437065601349,False,False,True,-0.002676725387573242,
15,19,66,head_5,recovery,0.00537109375,0.002570211887359619,842,AGGGAC,4.29296875,4364,TCGGAT,4.70703125,4364,TCGGAT,4.70703125,842,AGGGAC,6.01156207267195e-05,4364,TCGGAT,5.5183696531457826e-05,641,AGAAAA,0.41928571462631226,False,False,True,-0.0009701251983642578,
15,20,66,head_5,recovery,0.0,0.000581204891204834,842,AGGGAC,4.28515625,4364,TCGGAT,4.703125,4364,TCGGAT,4.703125,842,AGGGAC,5.8848723710980266e-05,4364,TCGGAT,5.406775380834006e-05,641,AGAAAA,0.42026492953300476,False,False,True,0.008286714553833008,
15,21,66,head_5,recovery,-0.0048828125,-0.00857079029083252,842,AGGGAC,4.28125,4364,TCGGAT,4.703125,4364,TCGGAT,4.703125,842,AGGGAC,5.884062920813449e-05,4364,TCGGAT,5.475421130540781e-05,641,AGAAAA,0.4196496307849884,False,False,True,0.0030379295349121094,
15,22,66,head_5,recovery,-0.015625,-0.024664878845214844,842,AGGGAC,4.28125,4364,TCGGAT,4.7109375,4364,TCGGAT,4.7109375,842,AGGGAC,6.0203201428521425e-05,4364,TCGGAT,5.7338176702614874e-05,641,AGAAAA,0.42130860686302185,False,False,True,0.002860724925994873,
15,23,66,head_5,recovery,-0.0107421875,-0.024463891983032227,842,AGGGAC,4.2890625,4364,TCGGAT,4.71484375,4364,TCGGAT,4.71484375,842,AGGGAC,6.078365186112933e-05,4364,TCGGAT,5.790337309008464e-05,641,AGAAAA,0.4219837784767151,False,False,True,0.003115355968475342,
15,24,66,head_5,recovery,-0.0048828125,-0.01824808120727539,842,AGGGAC,4.2890625,4364,TCGGAT,4.7109375,4364,TCGGAT,4.7109375,842,AGGGAC,6.058079088688828e-05,4364,TCGGAT,5.722878631786443e-05,641,AGAAAA,0.42174482345581055,False,False,True,0.0009922981262207031,
15,25,66,head_5,recovery,-0.0048828125,-0.003920435905456543,842,AGGGAC,4.28515625,4364,TCGGAT,4.70703125,4364,TCGGAT,4.70703125,842,AGGGAC,6.0538430261658505e-05,4364,TCGGAT,5.609908839687705e-05,641,AGAAAA,0.4204285740852356,False,False,True,6.020069122314453e-05,
15,26,66,head_5,recovery,0.0,0.01038515567779541,842,AGGGAC,4.28515625,4364,TCGGAT,4.703125,4364,TCGGAT,4.703125,842,AGGGAC,6.0703987401211634e-05,4364,TCGGAT,5.5178981710923836e-05,641,AGAAAA,0.4204992353916168,False,False,True,-0.001828312873840332,
15,27,66,head_5,recovery,0.0263671875,0.053362250328063965,842,AGGGAC,4.296875,4364,TCGGAT,4.6953125,4364,TCGGAT,4.6953125,842,AGGGAC,6.442505400627851e-05,4364,TCGGAT,5.563847298617475e-05,641,AGAAAA,0.4212671220302582,False,False,True,-0.00806117057800293,
15,28,66,head_5,recovery,0.0263671875,0.040171146392822266,842,AGGGAC,4.296875,4364,TCGGAT,4.6953125,4364,TCGGAT,4.6953125,842,AGGGAC,6.328253948595375e-05,4364,TCGGAT,5.5497050198027864e-05,641,AGAAAA,0.419600248336792,False,False,True,-0.012446582317352295,
15,29,66,head_5,recovery,0.02099609375,0.014387190341949463,842,AGGGAC,4.30078125,4364,TCGGAT,4.703125,4364,TCGGAT,4.703125,842,AGGGAC,6.282627145992592e-05,4364,TCGGAT,5.6997541832970455e-05,641,AGAAAA,0.41756731271743774,False,False,True,-0.01626300811767578,
15,30,66,head_5,recovery,0.02099609375,0.03182828426361084,842,AGGGAC,4.28125,4364,TCGGAT,4.68359375,4364,TCGGAT,4.68359375,842,AGGGAC,6.928203220013529e-05,4364,TCGGAT,6.212968582985923e-05,641,AGAAAA,0.40448668599128723,False,False,True,-0.01302570104598999,
15,31,66,head_5,recovery,0.02099609375,0.0351717472076416,842,AGGGAC,4.26171875,4364,TCGGAT,4.6640625,4364,TCGGAT,4.6640625,842,AGGGAC,6.327822484308854e-05,4364,TCGGAT,5.587214036495425e-05,641,AGAAAA,0.40624725818634033,False,False,True,-0.017007529735565186,
15,32,66,head_5,recovery,-0.015625,0.03968775272369385,842,AGGGAC,4.2265625,4364,TCGGAT,4.65625,4364,TCGGAT,4.65625,842,AGGGAC,5.849894296261482e-05,4364,TCGGAT,5.075013905297965e-05,641,AGAAAA,0.4166397452354431,False,False,True,-0.022370100021362305,
15,33,66,head_5,recovery,-0.0322265625,0.009298503398895264,842,AGGGAC,4.18359375,4364,TCGGAT,4.625,4364,TCGGAT,4.625,842,AGGGAC,4.983941835234873e-05,4364,TCGGAT,4.4396878365660086e-05,641,AGAAAA,0.4171360731124878,False,False,True,-0.03299856185913086,
15,34,66,head_5,recovery,0.14306640625,0.09050208330154419,842,AGGGAC,4.2578125,4364,TCGGAT,4.5703125,4364,TCGGAT,4.5703125,842,AGGGAC,6.06319445068948e-05,4364,TCGGAT,4.902679575025104e-05,641,AGAAAA,0.3982067108154297,False,False,True,-0.027363121509552002,
15,35,66,head_5,recovery,0.1533203125,0.09425705671310425,842,AGGGAC,4.28125,4364,TCGGAT,4.5859375,4364,TCGGAT,4.5859375,842,AGGGAC,7.042595825623721e-05,4364,TCGGAT,5.853583206771873e-05,641,AGAAAA,0.3678309917449951,False,False,True,-0.035865068435668945,
16,0,66,head_5,recovery,-0.0048828125,0.0025954842567443848,842,AGGGAC,4.2890625,4364,TCGGAT,4.7109375,4364,TCGGAT,4.7109375,842,AGGGAC,6.357609527185559e-05,4364,TCGGAT,5.864225749974139e-05,641,AGAAAA,0.4173294007778168,False,False,True,-0.0009041428565979004,
16,1,66,head_5,recovery,0.0,0.0064789652824401855,842,AGGGAC,4.29296875,4364,TCGGAT,4.7109375,4364,TCGGAT,4.7109375,842,AGGGAC,6.398194091161713e-05,4364,TCGGAT,5.8753383200382814e-05,641,AGAAAA,0.4170944094657898,False,False,True,-0.0015506148338317871,
16,2,66,head_5,recovery,0.00537109375,0.0042771100997924805,842,AGGGAC,4.296875,4364,TCGGAT,4.7109375,4364,TCGGAT,4.7109375,842,AGGGAC,6.36188851785846e-05,4364,TCGGAT,5.855742347193882e-05,641,AGAAAA,0.4184267520904541,False,False,True,0.0010410547256469727,
16,3,66,head_5,recovery,0.0107421875,0.004910290241241455,842,AGGGAC,4.29296875,4364,TCGGAT,4.703125,4364,TCGGAT,4.703125,842,AGGGAC,6.037619095877744e-05,4364,TCGGAT,5.526667882804759e-05,641,AGAAAA,0.4200572967529297,False,False,True,0.000887751579284668,
16,4,66,head_5,recovery,0.00537109375,0.002500772476196289,842,AGGGAC,4.2890625,4364,TCGGAT,4.703125,4364,TCGGAT,4.703125,842,AGGGAC,6.019517240929417e-05,4364,TCGGAT,5.526851964532398e-05,641,AGAAAA,0.4189510643482208,False,False,True,0.0029306411743164062,
16,5,66,head_5,recovery,0.00537109375,0.005296826362609863,842,AGGGAC,4.2890625,4364,TCGGAT,4.703125,4364,TCGGAT,4.703125,842,AGGGAC,6.0503291024360806e-05,4364,TCGGAT,5.536443859455176e-05,641,AGAAAA,0.41982561349868774,False,False,True,0.0017654895782470703,
16,6,66,head_5,recovery,0.0,0.0014250874519348145,842,AGGGAC,4.28515625,4364,TCGGAT,4.703125,4364,TCGGAT,4.703125,842,AGGGAC,6.0887894505867735e-05,4364,TCGGAT,5.6042877986328676e-05,641,AGAAAA,0.41774463653564453,False,False,True,0.0014747977256774902,
16,7,66,head_5,recovery,0.0,0.0008550286293029785,842,AGGGAC,4.28515625,4364,TCGGAT,4.703125,4364,TCGGAT,4.703125,842,AGGGAC,6.076248610042967e-05,4364,TCGGAT,5.596072878688574e-05,641,AGAAAA,0.418075293302536,False,False,True,-0.012478470802307129,
16,8,66,head_5,recovery,-0.0048828125,-0.0006257295608520508,842,AGGGAC,4.28125,4364,TCGGAT,4.703125,4364,TCGGAT,4.703125,842,AGGGAC,6.0547346947714686e-05,4364,TCGGAT,5.5857959523564205e-05,641,AGAAAA,0.4178425967693329,False,False,True,-0.020168602466583252,
16,9,66,head_5,recovery,0.0,0.001141667366027832,842,AGGGAC,4.28125,4364,TCGGAT,4.69921875,4364,TCGGAT,4.69921875,842,AGGGAC,6.018234125804156e-05,4364,TCGGAT,5.5358836107188836e-05,641,AGAAAA,0.41884899139404297,False,False,True,-0.018696844577789307,
16,10,66,head_5,recovery,0.0,0.00010222196578979492,842,AGGGAC,4.28125,4364,TCGGAT,4.69921875,4364,TCGGAT,4.69921875,842,AGGGAC,6.027544804965146e-05,4364,TCGGAT,5.553082883125171e-05,641,AGAAAA,0.4191388189792633,False,False,True,-0.009923815727233887,
16,11,66,head_5,recovery,0.00537109375,0.003930449485778809,842,AGGGAC,4.2890625,4364,TCGGAT,4.703125,4364,TCGGAT,4.703125,842,AGGGAC,6.010288780089468e-05,4364,TCGGAT,5.506773231900297e-05,641,AGAAAA,0.42047810554504395,False,False,True,-0.007763206958770752,
16,12,66,head_5,recovery,0.00537109375,0.0001328587532043457,842,AGGGAC,4.2890625,4364,TCGGAT,4.703125,4364,TCGGAT,4.703125,842,AGGGAC,5.963471267023124e-05,4364,TCGGAT,5.4887761507416144e-05,641,AGAAAA,0.4201216697692871,False,False,True,-0.011121571063995361,
16,13,66,head_5,recovery,0.0,-0.009647965431213379,842,AGGGAC,4.28515625,4364,TCGGAT,4.703125,4364,TCGGAT,4.703125,842,AGGGAC,5.971693462925032e-05,4364,TCGGAT,5.571226211031899e-05,641,AGAAAA,0.41911205649375916,False,False,True,-0.01647162437438965,
16,14,66,head_5,recovery,-0.0048828125,-0.016096115112304688,842,AGGGAC,4.28125,4364,TCGGAT,4.703125,4364,TCGGAT,4.703125,842,AGGGAC,5.997693369863555e-05,4364,TCGGAT,5.646160934702493e-05,641,AGAAAA,0.4186502993106842,False,False,True,-0.046340763568878174,
16,15,66,head_5,recovery,-0.0048828125,-0.012464046478271484,842,AGGGAC,4.28125,4364,TCGGAT,4.703125,4364,TCGGAT,4.703125,842,AGGGAC,5.483368659042753e-05,4364,TCGGAT,5.104272349854e-05,641,AGAAAA,0.4221161901950836,False,False,True,-0.04653817415237427,
16,16,66,head_5,recovery,0.0,-0.005844235420227051,842,AGGGAC,4.2890625,4364,TCGGAT,4.70703125,4364,TCGGAT,4.70703125,842,AGGGAC,5.481731568579562e-05,4364,TCGGAT,5.0523980462457985e-05,641,AGAAAA,0.42220911383628845,False,False,True,-0.03567636013031006,
16,17,66,head_5,recovery,-0.0048828125,-0.006479144096374512,842,AGGGAC,4.28515625,4364,TCGGAT,4.70703125,4364,TCGGAT,4.70703125,842,AGGGAC,5.487249291036278e-05,4364,TCGGAT,5.062733180238865e-05,641,AGAAAA,0.4226793348789215,False,False,True,-0.009896039962768555,
16,18,66,head_5,recovery,0.0,-0.005082368850708008,842,AGGGAC,4.28515625,4364,TCGGAT,4.703125,4364,TCGGAT,4.703125,842,AGGGAC,5.9890451666433364e-05,4364,TCGGAT,5.5539290769957006e-05,641,AGAAAA,0.41971471905708313,False,False,True,0.0021848678588867188,
16,19,66,head_5,recovery,0.00537109375,-0.002159595489501953,842,AGGGAC,4.2890625,4364,TCGGAT,4.703125,4364,TCGGAT,4.703125,842,AGGGAC,6.068940638215281e-05,4364,TCGGAT,5.6116430641850457e-05,641,AGAAAA,0.419757217168808,False,False,True,0.00034117698669433594,
16,20,66,head_5,recovery,0.00537109375,-0.0016645193099975586,842,AGGGAC,4.2890625,4364,TCGGAT,4.703125,4364,TCGGAT,4.703125,842,AGGGAC,5.991076250211336e-05,4364,TCGGAT,5.530021371669136e-05,641,AGAAAA,0.420235276222229,False,False,True,0.005131125450134277,
16,21,66,head_5,recovery,-0.021484375,-0.005889892578125,842,AGGGAC,4.26953125,4364,TCGGAT,4.703125,4364,TCGGAT,4.703125,842,AGGGAC,5.750366108259186e-05,4364,TCGGAT,5.321378193912096e-05,641,AGAAAA,0.4170926511287689,False,False,True,-0.00642925500869751,
16,22,66,head_5,recovery,-0.021484375,-0.009641885757446289,842,AGGGAC,4.26953125,4364,TCGGAT,4.703125,4364,TCGGAT,4.703125,842,AGGGAC,5.6857479648897424e-05,4364,TCGGAT,5.2852345106657594e-05,641,AGAAAA,0.4159757196903229,False,False,True,-0.003204643726348877,
16,23,66,head_5,recovery,-0.015625,-0.011797428131103516,842,AGGGAC,4.2734375,4364,TCGGAT,4.703125,4364,TCGGAT,4.703125,842,AGGGAC,5.9880967455683276e-05,4364,TCGGAT,5.6039425544440746e-05,641,AGAAAA,0.4160839915275574,False,False,True,-0.0005390644073486328,
16,24,66,head_5,recovery,-0.0048828125,-0.013945698738098145,842,AGGGAC,4.2890625,4364,TCGGAT,4.7109375,4364,TCGGAT,4.7109375,842,AGGGAC,6.644593668170273e-05,4364,TCGGAT,6.27674235147424e-05,641,AGAAAA,0.4175964295864105,False,False,True,0.002817094326019287,
16,25,66,head_5,recovery,-0.015625,-0.01497495174407959,842,AGGGAC,4.2890625,4364,TCGGAT,4.71875,4364,TCGGAT,4.71875,842,AGGGAC,6.863165617687628e-05,4364,TCGGAT,6.503125041490421e-05,641,AGAAAA,0.4181537628173828,False,False,True,0.002922534942626953,
16,26,66,head_5,recovery,-0.0263671875,-0.0234372615814209,842,AGGGAC,4.28515625,4364,TCGGAT,4.72265625,4364,TCGGAT,4.72265625,842,AGGGAC,6.638252671109512e-05,4364,TCGGAT,6.342433334793895e-05,641,AGAAAA,0.4163711667060852,False,False,True,-0.0007072091102600098,
16,27,66,head_5,recovery,-0.015625,0.01485133171081543,842,AGGGAC,4.28125,4364,TCGGAT,4.7109375,4364,TCGGAT,4.7109375,842,AGGGAC,5.604670150205493e-05,4364,TCGGAT,5.018275260226801e-05,641,AGAAAA,0.416036456823349,False,False,True,-0.026400387287139893,
16,28,66,head_5,recovery,-0.0263671875,-0.030661463737487793,842,AGGGAC,4.28125,4364,TCGGAT,4.71875,4364,TCGGAT,4.71875,842,AGGGAC,5.021307879360393e-05,4364,TCGGAT,4.780313611263409e-05,641,AGAAAA,0.41920092701911926,False,False,True,-0.058989524841308594,
16,29,66,head_5,recovery,-0.0263671875,-0.025096774101257324,842,AGGGAC,4.28515625,4364,TCGGAT,4.72265625,4364,TCGGAT,4.72265625,842,AGGGAC,5.1632578106364235e-05,4364,TCGGAT,4.8800327931530774e-05,641,AGAAAA,0.4199712872505188,False,False,True,-0.05539733171463013,
16,30,66,head_5,recovery,-0.021484375,-0.03125274181365967,842,AGGGAC,4.3046875,4364,TCGGAT,4.73828125,4364,TCGGAT,4.73828125,842,AGGGAC,6.219842180144042e-05,4364,TCGGAT,5.9833360865013674e-05,641,AGAAAA,0.4102954864501953,False,False,True,-0.022356867790222168,
16,31,66,head_5,recovery,0.03173828125,0.025650322437286377,842,AGGGAC,4.328125,4364,TCGGAT,4.72265625,4364,TCGGAT,4.72265625,842,AGGGAC,6.551429396495223e-05,4364,TCGGAT,5.883080666535534e-05,641,AGAAAA,0.40398624539375305,False,False,True,0.003259897232055664,
16,32,66,head_5,recovery,0.0,0.03285098075866699,842,AGGGAC,4.2421875,4364,TCGGAT,4.66015625,4364,TCGGAT,4.66015625,842,AGGGAC,6.331343320198357e-05,4364,TCGGAT,5.6083470553858206e-05,641,AGAAAA,0.40164583921432495,False,False,True,-0.0038447976112365723,
16,33,66,head_5,recovery,-0.052734375,-0.0075713396072387695,842,AGGGAC,4.18359375,4364,TCGGAT,4.640625,4364,TCGGAT,4.640625,842,AGGGAC,5.5761800467735156e-05,4364,TCGGAT,5.1599530706880614e-05,641,AGAAAA,0.40592148900032043,False,False,True,-0.019310414791107178,
16,34,66,head_5,recovery,-0.07421875,0.02936697006225586,842,AGGGAC,4.1640625,4364,TCGGAT,4.63671875,4364,TCGGAT,4.63671875,842,AGGGAC,5.861859972355887e-05,4364,TCGGAT,5.165304537513293e-05,641,AGAAAA,0.41003602743148804,False,False,True,-0.030369341373443604,
16,35,66,head_5,recovery,-0.021484375,0.06049549579620361,842,AGGGAC,4.25,4364,TCGGAT,4.68359375,4364,TCGGAT,4.68359375,842,AGGGAC,6.534993735840544e-05,4364,TCGGAT,5.60220105398912e-05,641,AGAAAA,0.4216870665550232,False,False,True,-0.05683201551437378,
17,0,66,head_5,recovery,0.0,0.0,842,AGGGAC,4.28515625,4364,TCGGAT,4.703125,4364,TCGGAT,4.703125,842,AGGGAC,6.002688314765692e-05,4364,TCGGAT,5.529002010007389e-05,641,AGAAAA,0.4199206531047821,False,False,True,-0.0038518309593200684,
17,1,66,head_5,recovery,0.0,1.0073184967041016e-05,842,AGGGAC,4.28515625,4364,TCGGAT,4.703125,4364,TCGGAT,4.703125,842,AGGGAC,6.00260027567856e-05,4364,TCGGAT,5.5288372095674276e-05,641,AGAAAA,0.419920951128006,False,False,True,-0.005247652530670166,
17,2,66,head_5,recovery,0.0,1.7464160919189453e-05,842,AGGGAC,4.28515625,4364,TCGGAT,4.703125,4364,TCGGAT,4.703125,842,AGGGAC,6.002240479574539e-05,4364,TCGGAT,5.5284210247918963e-05,641,AGAAAA,0.4199213683605194,False,False,True,-0.011637210845947266,
17,3,66,head_5,recovery,0.0,1.4543533325195312e-05,842,AGGGAC,4.28515625,4364,TCGGAT,4.703125,4364,TCGGAT,4.703125,842,AGGGAC,6.00196908635553e-05,4364,TCGGAT,5.52817145944573e-05,641,AGAAAA,0.4199216365814209,False,False,True,-0.012416303157806396,
17,4,66,head_5,recovery,0.0,4.410743713378906e-06,842,AGGGAC,4.28515625,4364,TCGGAT,4.703125,4364,TCGGAT,4.703125,842,AGGGAC,6.002057489240542e-05,4364,TCGGAT,5.528337351279333e-05,641,AGAAAA,0.4199214279651642,False,False,True,-0.019513607025146484,
17,5,66,head_5,recovery,0.0,1.7464160919189453e-05,842,AGGGAC,4.28515625,4364,TCGGAT,4.703125,4364,TCGGAT,4.703125,842,AGGGAC,6.0022397519787773e-05,4364,TCGGAT,5.528420297196135e-05,641,AGAAAA,0.419921338558197,False,False,True,-0.012923717498779297,
17,6,66,head_5,recovery,0.0,-2.110004425048828e-05,842,AGGGAC,4.28515625,4364,TCGGAT,4.703125,4364,TCGGAT,4.703125,842,AGGGAC,6.0049438616260886e-05,4364,TCGGAT,5.531417627935298e-05,641,AGAAAA,0.4199182987213135,False,False,True,-0.011620402336120605,
17,7,66,head_5,recovery,0.0,-7.998943328857422e-05,842,AGGGAC,4.28515625,4364,TCGGAT,4.703125,4364,TCGGAT,4.703125,842,AGGGAC,6.009988283040002e-05,4364,TCGGAT,5.536908429348841e-05,641,AGAAAA,0.4199121296405792,False,False,True,-0.004501521587371826,
17,8,66,head_5,recovery,0.0,-0.0001068115234375,842,AGGGAC,4.28515625,4364,TCGGAT,4.703125,4364,TCGGAT,4.703125,842,AGGGAC,6.0106216551503167e-05,4364,TCGGAT,5.537745528272353e-05,641,AGAAAA,0.41991153359413147,False,False,True,-0.03375041484832764,
17,9,66,head_5,recovery,0.0,9.953975677490234e-05,842,AGGGAC,4.28515625,4364,TCGGAT,4.703125,4364,TCGGAT,4.703125,842,AGGGAC,5.9983718529110774e-05,4364,TCGGAT,5.523930303752422e-05,641,AGAAAA,0.41992613673210144,False,False,True,-0.03301197290420532,
17,10,66,head_5,recovery,0.0,0.00015991926193237305,842,AGGGAC,4.28515625,4364,TCGGAT,4.703125,4364,TCGGAT,4.703125,842,AGGGAC,5.994599996483885e-05,4364,TCGGAT,5.519699334399775e-05,641,AGAAAA,0.4199310541152954,False,False,True,-0.03024202585220337,
17,11,66,head_5,recovery,0.0,0.00018310546875,842,AGGGAC,4.28515625,4364,TCGGAT,4.703125,4364,TCGGAT,4.703125,842,AGGGAC,5.994678576826118e-05,4364,TCGGAT,5.519602564163506e-05,641,AGAAAA,0.4199301302433014,False,False,True,-0.0016978979110717773,
17,12,66,head_5,recovery,0.0,0.001016855239868164,842,AGGGAC,4.28515625,4364,TCGGAT,4.703125,4364,TCGGAT,4.703125,842,AGGGAC,6.006418334436603e-05,4364,TCGGAT,5.525015149032697e-05,641,AGAAAA,0.4199124574661255,False,False,True,0.00046557188034057617,
17,13,66,head_5,recovery,0.0,0.0005861520767211914,842,AGGGAC,4.28515625,4364,TCGGAT,4.703125,4364,TCGGAT,4.703125,842,AGGGAC,6.0056194342905656e-05,4364,TCGGAT,5.52748424524907e-05,641,AGAAAA,0.41991427540779114,False,False,True,0.0008993148803710938,
17,14,66,head_5,recovery,0.0,0.0018401741981506348,842,AGGGAC,4.28515625,4364,TCGGAT,4.703125,4364,TCGGAT,4.703125,842,AGGGAC,6.013873280608095e-05,4364,TCGGAT,5.526220775209367e-05,641,AGAAAA,0.419901579618454,False,False,True,0.03888803720474243,
17,15,66,head_5,recovery,0.0,-0.0002338886260986328,842,AGGGAC,4.28515625,4364,TCGGAT,4.703125,4364,TCGGAT,4.703125,842,AGGGAC,6.072157702874392e-05,4364,TCGGAT,5.600246004178189e-05,641,AGAAAA,0.41984519362449646,False,False,True,0.017750203609466553,
17,16,66,head_5,recovery,0.0,0.004677712917327881,842,AGGGAC,4.28515625,4364,TCGGAT,4.703125,4364,TCGGAT,4.703125,842,AGGGAC,6.0739184846170247e-05,4364,TCGGAT,5.5647320550633594e-05,641,AGAAAA,0.41984519362449646,False,False,True,0.011496126651763916,
17,17,66,head_5,recovery,0.0,0.003864288330078125,842,AGGGAC,4.28515625,4364,TCGGAT,4.703125,4364,TCGGAT,4.703125,842,AGGGAC,6.0701433540089056e-05,4364,TCGGAT,5.567130210692994e-05,641,AGAAAA,0.41985318064689636,False,False,True,-0.02233302593231201,
17,18,66,head_5,recovery,0.0,0.003608882427215576,842,AGGGAC,4.28515625,4364,TCGGAT,4.703125,4364,TCGGAT,4.703125,842,AGGGAC,6.0539194237207994e-05,4364,TCGGAT,5.552844959311187e-05,641,AGAAAA,0.4198761284351349,False,False,True,-0.004203379154205322,
17,19,66,head_5,recovery,0.0,-0.0010380744934082031,842,AGGGAC,4.28515625,4364,TCGGAT,4.703125,4364,TCGGAT,4.703125,842,AGGGAC,6.243857205845416e-05,4364,TCGGAT,5.77804894419387e-05,641,AGAAAA,0.419638454914093,False,False,True,0.0003451108932495117,
17,20,66,head_5,recovery,0.0,-9.810924530029297e-05,842,AGGGAC,4.28515625,4364,TCGGAT,4.703125,4364,TCGGAT,4.703125,842,AGGGAC,6.165829108795151e-05,4364,TCGGAT,5.6928867707028985e-05,641,AGAAAA,0.419777512550354,False,False,True,0.0003109574317932129,
17,21,66,head_5,recovery,0.0,0.00475841760635376,842,AGGGAC,4.28515625,4364,TCGGAT,4.703125,4364,TCGGAT,4.703125,842,AGGGAC,6.105665670474991e-05,4364,TCGGAT,5.595866605290212e-05,641,AGAAAA,0.41984984278678894,False,False,True,0.0026041269302368164,
17,22,66,head_5,recovery,0.0,0.006752490997314453,842,AGGGAC,4.28515625,4364,TCGGAT,4.703125,4364,TCGGAT,4.703125,842,AGGGAC,5.8189863921143115e-05,4364,TCGGAT,5.2940544264856726e-05,641,AGAAAA,0.42022648453712463,False,False,True,0.0018819570541381836,
17,23,66,head_5,recovery,0.0,0.0060579776763916016,842,AGGGAC,4.28515625,4364,TCGGAT,4.703125,4364,TCGGAT,4.703125,842,AGGGAC,5.58639076189138e-05,4364,TCGGAT,5.0667294999584556e-05,641,AGAAAA,0.42065078020095825,False,False,True,-0.001849353313446045,
17,24,66,head_5,recovery,0.0,-0.001129150390625,842,AGGGAC,4.28515625,4364,TCGGAT,4.703125,4364,TCGGAT,4.703125,842,AGGGAC,5.6414872233290225e-05,4364,TCGGAT,5.176370177650824e-05,641,AGAAAA,0.4205372631549835,False,False,True,-0.004204511642456055,
17,25,66,head_5,recovery,0.0,-0.008096933364868164,842,AGGGAC,4.28515625,4364,TCGGAT,4.703125,4364,TCGGAT,4.703125,842,AGGGAC,5.800816143164411e-05,4364,TCGGAT,5.3885774832451716e-05,641,AGAAAA,0.4202650189399719,False,False,True,-0.004541277885437012,
17,26,66,head_5,recovery,0.0,-0.017090439796447754,842,AGGGAC,4.28515625,4364,TCGGAT,4.703125,4364,TCGGAT,4.703125,842,AGGGAC,6.395173841156065e-05,4364,TCGGAT,6.0511887568281963e-05,641,AGAAAA,0.4190084636211395,False,False,True,-0.003325939178466797,
17,27,66,head_5,recovery,0.0,-0.011793732643127441,842,AGGGAC,4.28515625,4364,TCGGAT,4.703125,4364,TCGGAT,4.703125,842,AGGGAC,6.83117687003687e-05,4364,TCGGAT,6.446993938880041e-05,641,AGAAAA,0.4179929494857788,False,False,True,-0.00133436918258667,
17,28,66,head_5,recovery,0.0,0.10267454385757446,842,AGGGAC,4.28515625,4364,TCGGAT,4.703125,4364,TCGGAT,4.703125,842,AGGGAC,0.00011419366637710482,4364,TCGGAT,0.00010166473657591268,641,AGAAAA,0.40900948643684387,False,False,True,-0.07089394330978394,
17,29,66,head_5,recovery,0.0,0.14415472745895386,842,AGGGAC,4.28515625,4364,TCGGAT,4.703125,4364,TCGGAT,4.703125,842,AGGGAC,9.190062701236457e-05,4364,TCGGAT,7.622372504556552e-05,641,AGAAAA,0.4161735773086548,False,False,True,-0.06321388483047485,
17,30,66,head_5,recovery,0.0,0.1910894513130188,842,AGGGAC,4.28515625,4364,TCGGAT,4.703125,4364,TCGGAT,4.703125,842,AGGGAC,9.177780157187954e-05,4364,TCGGAT,7.253898365888745e-05,641,AGAAAA,0.4102240204811096,False,False,True,-0.06186634302139282,
17,31,66,head_5,recovery,0.0,0.07987332344055176,842,AGGGAC,4.28515625,4364,TCGGAT,4.703125,4364,TCGGAT,4.703125,842,AGGGAC,5.3795687563251704e-05,4364,TCGGAT,4.299716601963155e-05,641,AGAAAA,0.43630900979042053,False,False,True,0.008432388305664062,
17,32,66,head_5,recovery,-0.052734375,-0.0030645132064819336,842,AGGGAC,4.08203125,4364,TCGGAT,4.5390625,4364,TCGGAT,4.5390625,842,AGGGAC,5.691815022146329e-05,4364,TCGGAT,5.241384860710241e-05,641,AGAAAA,0.38512521982192993,False,False,True,-0.0014147162437438965,
17,33,66,head_5,recovery,-0.052734375,-0.06400096416473389,842,AGGGAC,4.08203125,4364,TCGGAT,4.5390625,4364,TCGGAT,4.5390625,842,AGGGAC,5.39154170837719e-05,4364,TCGGAT,5.403563773143105e-05,641,AGAAAA,0.366791307926178,False,False,True,-0.0062064528465271,
17,34,66,head_5,recovery,-0.052734375,-0.0301666259765625,842,AGGGAC,4.08203125,4364,TCGGAT,4.5390625,4364,TCGGAT,4.5390625,842,AGGGAC,5.5726264690747485e-05,4364,TCGGAT,5.327877079253085e-05,641,AGAAAA,0.34532850980758667,False,False,True,-0.014048218727111816,
17,35,66,head_5,recovery,0.0,0.0326542854309082,842,AGGGAC,4.28515625,4364,TCGGAT,4.703125,4364,TCGGAT,4.703125,842,AGGGAC,6.464586476795375e-05,4364,TCGGAT,5.743083238485269e-05,641,AGAAAA,0.37908363342285156,False,False,True,-0.03722500801086426,
