Layer,Time_Offset,Target_Timestep,Component,Metric_Mode,Logit_Score,Posteriors_Score,Target_Transition_Prior,Target_String_Prior,Target_Logit,Wrong_Transition_Prior,Wrong_String_Prior,Wrong_Logit,Actual_Argmax_Prior,Actual_String_Prior,Actual_Argmax_Logit,Target_Transition_Post,Target_String_Post,Target_Prob,Wrong_Transition_Post,Wrong_String_Post,Wrong_Prob,Actual_Transition_Post,actual_String_Post,actual_Prob,Is_Target_Logit_Argmax,Is_Target_Prob_Argmax,Should_Decode,Global_MSE_Change,New_String
0,0,5,attn,recovery,-0.0234375,-0.003920078277587891,2923,GCAGAG,3.23046875,3083,GCGGAG,3.3125,3083,GCGGAG,3.3125,2923,GCAGAG,0.0039061715360730886,3083,GCGGAG,0.0033012947533279657,3390,GGGCGN,0.3505072295665741,False,False,True,-0.00154944509267807,
0,1,5,attn,recovery,-0.0234375,0.005091190338134766,2923,GCAGAG,3.2265625,3083,GCGGAG,3.30859375,3083,GCGGAG,3.30859375,2923,GCAGAG,0.003875399474054575,3083,GCGGAG,0.0032621207647025585,3390,GGGCGN,0.35189881920814514,False,False,True,-0.001426149159669876,
0,2,5,attn,recovery,-0.0234375,0.003527224063873291,2923,GCAGAG,3.23046875,3083,GCGGAG,3.3125,3083,GCGGAG,3.3125,2923,GCAGAG,0.0038832114078104496,3083,GCGGAG,0.0032713909167796373,3390,GGGCGN,0.35409626364707947,False,False,True,-0.0007559359073638916,
0,3,5,attn,recovery,0.0234375,0.03281480073928833,2923,GCAGAG,3.240234375,3083,GCGGAG,3.318359375,3083,GCGGAG,3.318359375,2923,GCAGAG,0.0039005421567708254,3083,GCGGAG,0.0032614143565297127,3390,GGGCGN,0.355372816324234,False,False,True,0.00023955106735229492,
0,4,5,attn,recovery,0.09326171875,0.048732638359069824,2923,GCAGAG,3.23046875,3083,GCGGAG,3.302734375,3083,GCGGAG,3.302734375,2923,GCAGAG,0.0038587667513638735,3083,GCGGAG,0.0032047973945736885,3390,GGGCGN,0.35396748781204224,False,False,True,-0.00013535097241401672,
0,5,5,attn,recovery,0.06982421875,0.0006722211837768555,2923,GCAGAG,3.224609375,3083,GCGGAG,3.298828125,3083,GCGGAG,3.298828125,2923,GCAGAG,0.0037380284629762173,3083,GCGGAG,0.0031288699246942997,3390,GGGCGN,0.3603910505771637,False,False,True,0.000462949275970459,
0,6,5,attn,recovery,0.06982421875,0.04479140043258667,2923,GCAGAG,3.224609375,3083,GCGGAG,3.298828125,3083,GCGGAG,3.298828125,2923,GCAGAG,0.0038324957713484764,3083,GCGGAG,0.0031822011806070805,3390,GGGCGN,0.35622304677963257,False,False,True,3.470107913017273e-05,
0,7,5,attn,recovery,0.0,0.05877518653869629,2923,GCAGAG,3.23828125,3083,GCGGAG,3.318359375,3083,GCGGAG,3.318359375,2923,GCAGAG,0.003934619016945362,3083,GCGGAG,0.003271286142989993,3390,GGGCGN,0.3521774709224701,False,False,True,-0.0007108971476554871,
0,8,5,attn,recovery,-0.0234375,0.02242588996887207,2923,GCAGAG,3.24609375,3083,GCGGAG,3.328125,3083,GCGGAG,3.328125,2923,GCAGAG,0.003981414716690779,3083,GCGGAG,0.003351973369717598,3390,GGGCGN,0.3529459536075592,False,False,True,-0.0016653239727020264,
0,9,5,attn,recovery,0.06982421875,0.1169697642326355,2923,GCAGAG,3.2421875,3083,GCGGAG,3.31640625,3083,GCGGAG,3.31640625,2923,GCAGAG,0.003976600244641304,3083,GCGGAG,0.0032590075861662626,3390,GGGCGN,0.35609811544418335,False,False,True,-0.000622432678937912,
0,10,5,attn,recovery,-0.046875,0.030796349048614502,2923,GCAGAG,3.232421875,3083,GCGGAG,3.31640625,3083,GCGGAG,3.31640625,2923,GCAGAG,0.0039030422922223806,3083,GCGGAG,0.003265796462073922,3390,GGGCGN,0.35577428340911865,False,False,True,0.00015103444457054138,
0,11,5,attn,recovery,0.0,0.05974006652832031,2923,GCAGAG,3.23046875,3083,GCGGAG,3.310546875,3083,GCGGAG,3.310546875,2923,GCAGAG,0.0039058898109942675,3083,GCGGAG,0.00324165727943182,3390,GGGCGN,0.35450512170791626,False,False,True,0.0004917420446872711,
0,12,5,attn,recovery,0.0234375,0.04445302486419678,2923,GCAGAG,3.22265625,3083,GCGGAG,3.30078125,3083,GCGGAG,3.30078125,2923,GCAGAG,0.003856572089716792,3083,GCGGAG,0.003206592984497547,3390,GGGCGN,0.35492318868637085,False,False,True,0.000342685729265213,
0,13,5,attn,recovery,0.09326171875,0.07809489965438843,2923,GCAGAG,3.220703125,3083,GCGGAG,3.29296875,3083,GCGGAG,3.29296875,2923,GCAGAG,0.0038528006989508867,3083,GCGGAG,0.003171454416587949,3390,GGGCGN,0.35513922572135925,False,False,True,-6.746500730514526e-05,
0,14,5,attn,recovery,0.06982421875,0.06388288736343384,2923,GCAGAG,3.224609375,3083,GCGGAG,3.298828125,3083,GCGGAG,3.298828125,2923,GCAGAG,0.0038631288334727287,3083,GCGGAG,0.0031950336415320635,3390,GGGCGN,0.35520127415657043,False,False,True,7.768720388412476e-05,
0,15,5,attn,recovery,0.0,0.02464163303375244,2923,GCAGAG,3.224609375,3083,GCGGAG,3.3046875,3083,GCGGAG,3.3046875,2923,GCAGAG,0.0038189792539924383,3083,GCGGAG,0.0031874720007181168,3390,GGGCGN,0.3550208806991577,False,False,True,6.8247318267822266e-06,
0,16,5,attn,recovery,0.0234375,0.041759371757507324,2923,GCAGAG,3.21484375,3083,GCGGAG,3.29296875,3083,GCGGAG,3.29296875,2923,GCAGAG,0.003855605609714985,3083,GCGGAG,0.0032081380486488342,3390,GGGCGN,0.3517506718635559,False,False,True,-0.0009870529174804688,
0,17,5,attn,recovery,0.0234375,0.02054131031036377,2923,GCAGAG,3.220703125,3083,GCGGAG,3.298828125,3083,GCGGAG,3.298828125,2923,GCAGAG,0.003845679108053446,3083,GCGGAG,0.003217994933947921,3390,GGGCGN,0.3511664569377899,False,False,True,-0.002226307988166809,
0,18,5,attn,recovery,0.0234375,0.0029124021530151367,2923,GCAGAG,3.23828125,3083,GCGGAG,3.31640625,3083,GCGGAG,3.31640625,2923,GCAGAG,0.003919261507689953,3083,GCGGAG,0.0033080142457038164,3390,GGGCGN,0.35187503695487976,False,False,True,-0.002232518047094345,
0,19,5,attn,recovery,-0.0234375,0.0127219557762146,2923,GCAGAG,3.25,3083,GCGGAG,3.33203125,3083,GCGGAG,3.33203125,2923,GCAGAG,0.003981852438300848,3083,GCGGAG,0.0033614588901400566,3390,GGGCGN,0.3530709445476532,False,False,True,-0.0018301941454410553,
0,20,5,attn,recovery,-0.1396484375,0.012584865093231201,2923,GCAGAG,3.24609375,3083,GCGGAG,3.337890625,3083,GCGGAG,3.337890625,2923,GCAGAG,0.003996898885816336,3083,GCGGAG,0.0033766331616789103,3390,GGGCGN,0.34942200779914856,False,False,True,-0.0023741982877254486,
0,21,5,attn,recovery,-0.1162109375,0.022339999675750732,2923,GCAGAG,3.25390625,3083,GCGGAG,3.34375,3083,GCGGAG,3.34375,2923,GCAGAG,0.004058880731463432,3083,GCGGAG,0.0034295194782316685,3390,GGGCGN,0.3456912338733673,False,False,True,-0.003100089728832245,
0,22,5,attn,recovery,-0.1396484375,0.037227511405944824,2923,GCAGAG,3.251953125,3083,GCGGAG,3.34375,3083,GCGGAG,3.34375,2923,GCAGAG,0.0040529025718569756,3083,GCGGAG,0.0034096604213118553,3390,GGGCGN,0.34697750210762024,False,False,True,-0.0024878159165382385,
0,23,5,attn,recovery,0.0234375,0.041400790214538574,2923,GCAGAG,3.240234375,3083,GCGGAG,3.318359375,3083,GCGGAG,3.318359375,2923,GCAGAG,0.003959266934543848,3083,GCGGAG,0.0033121337182819843,3390,GGGCGN,0.3534332513809204,False,False,True,-0.0009268373250961304,
0,24,5,attn,recovery,-0.0234375,0.025526106357574463,2923,GCAGAG,3.234375,3083,GCGGAG,3.31640625,3083,GCGGAG,3.31640625,2923,GCAGAG,0.0039102849550545216,3083,GCGGAG,0.003277953015640378,3390,GGGCGN,0.3530352711677551,False,False,True,-0.0008553080260753632,
0,25,5,attn,recovery,0.04638671875,0.04595404863357544,2923,GCAGAG,3.234375,3083,GCGGAG,3.310546875,3083,GCGGAG,3.310546875,2923,GCAGAG,0.003884183242917061,3083,GCGGAG,0.0032328045926988125,3390,GGGCGN,0.35409846901893616,False,False,True,-0.001653876155614853,
0,26,5,attn,recovery,0.0234375,0.06350678205490112,2923,GCAGAG,3.232421875,3083,GCGGAG,3.310546875,3083,GCGGAG,3.310546875,2923,GCAGAG,0.003907349426299334,3083,GCGGAG,0.003239604877308011,3390,GGGCGN,0.35125553607940674,False,False,True,-0.001808222383260727,
0,27,5,attn,recovery,0.09326171875,0.03775542974472046,2923,GCAGAG,3.23046875,3083,GCGGAG,3.302734375,3083,GCGGAG,3.302734375,2923,GCAGAG,0.0038438388146460056,3083,GCGGAG,0.003200104460120201,3390,GGGCGN,0.3553418219089508,False,False,True,-0.0009651258587837219,
0,28,5,attn,recovery,0.0234375,0.006864428520202637,2923,GCAGAG,3.23046875,3083,GCGGAG,3.30859375,3083,GCGGAG,3.30859375,2923,GCAGAG,0.0038330296520143747,3083,GCGGAG,0.003218097612261772,3390,GGGCGN,0.3562944233417511,False,False,True,-0.000285368412733078,
0,29,5,attn,recovery,0.06982421875,0.01205676794052124,2923,GCAGAG,3.23046875,3083,GCGGAG,3.3046875,3083,GCGGAG,3.3046875,2923,GCAGAG,0.0038564319256693125,3083,GCGGAG,0.003236658638343215,3390,GGGCGN,0.35610368847846985,False,False,True,-0.0008366480469703674,
0,30,5,attn,recovery,-0.0693359375,-0.0138624906539917,2923,GCAGAG,3.224609375,3083,GCGGAG,3.310546875,3083,GCGGAG,3.310546875,2923,GCAGAG,0.0038708217907696962,3083,GCGGAG,0.003275215160101652,3390,GGGCGN,0.3528587818145752,False,False,True,-0.0004185214638710022,
0,31,5,attn,recovery,0.0234375,0.02699071168899536,2923,GCAGAG,3.234375,3083,GCGGAG,3.3125,3083,GCGGAG,3.3125,2923,GCAGAG,0.003903912380337715,3083,GCGGAG,0.0032702148891985416,3390,GGGCGN,0.3554303050041199,False,False,True,-0.0008384361863136292,
0,32,5,attn,recovery,0.0234375,0.015503287315368652,2923,GCAGAG,3.23046875,3083,GCGGAG,3.30859375,3083,GCGGAG,3.30859375,2923,GCAGAG,0.003848842578008771,3083,GCGGAG,0.0032258557621389627,3390,GGGCGN,0.35629335045814514,False,False,True,-0.00021200627088546753,
0,33,5,attn,recovery,-0.0234375,-0.024838685989379883,2923,GCAGAG,3.234375,3083,GCGGAG,3.31640625,3083,GCGGAG,3.31640625,2923,GCAGAG,0.003838479286059737,3083,GCGGAG,0.003253106726333499,3390,GGGCGN,0.35912781953811646,False,False,True,0.0010956525802612305,
0,34,5,attn,recovery,0.06982421875,0.068065345287323,2923,GCAGAG,3.2265625,3083,GCGGAG,3.30078125,3083,GCGGAG,3.30078125,2923,GCAGAG,0.003884547622874379,3083,GCGGAG,0.0032125527504831553,3390,GGGCGN,0.3551490306854248,False,False,True,0.001327168196439743,
0,35,5,attn,recovery,0.0234375,0.023700714111328125,2923,GCAGAG,3.23046875,3083,GCGGAG,3.30859375,3083,GCGGAG,3.30859375,2923,GCAGAG,0.0038296061102300882,3083,GCGGAG,0.0031989761628210545,3390,GGGCGN,0.3568245470523834,False,False,True,0.0016002953052520752,
0,36,5,attn,recovery,0.09326171875,0.061176955699920654,2923,GCAGAG,3.240234375,3083,GCGGAG,3.3125,3083,GCGGAG,3.3125,2923,GCAGAG,0.003908529877662659,3083,GCGGAG,0.0032429576385766268,3390,GGGCGN,0.3545607328414917,False,False,True,0.0008200667798519135,
0,37,5,attn,recovery,0.06982421875,0.04640907049179077,2923,GCAGAG,3.23046875,3083,GCGGAG,3.3046875,3083,GCGGAG,3.3046875,2923,GCAGAG,0.003873807145282626,3083,GCGGAG,0.0032220042776316404,3390,GGGCGN,0.355032742023468,False,False,True,0.0003775767982006073,
0,38,5,attn,recovery,0.06982421875,0.045684099197387695,2923,GCAGAG,3.23828125,3083,GCGGAG,3.3125,3083,GCGGAG,3.3125,2923,GCAGAG,0.003912333864718676,3083,GCGGAG,0.003261206904426217,3390,GGGCGN,0.3556865453720093,False,False,True,0.0001762397587299347,
0,39,5,attn,recovery,-0.0234375,-0.03093099594116211,2923,GCAGAG,3.234375,3083,GCGGAG,3.31640625,3083,GCGGAG,3.31640625,2923,GCAGAG,0.0038357365410774946,3083,GCGGAG,0.00325604435056448,3390,GGGCGN,0.3594740927219391,False,False,True,0.0011793933808803558,
0,40,5,attn,recovery,0.04638671875,0.026065528392791748,2923,GCAGAG,3.22265625,3083,GCGGAG,3.298828125,3083,GCGGAG,3.298828125,2923,GCAGAG,0.003822884988039732,3083,GCGGAG,0.003190050134435296,3390,GGGCGN,0.3544633090496063,False,False,True,0.00034247711300849915,
0,41,5,attn,recovery,-0.046875,0.039769649505615234,2923,GCAGAG,3.234375,3083,GCGGAG,3.318359375,3083,GCGGAG,3.318359375,2923,GCAGAG,0.003941959701478481,3083,GCGGAG,0.0032963473349809647,3390,GGGCGN,0.35247936844825745,False,False,True,-0.000741083174943924,
0,42,5,attn,recovery,0.0,0.04576730728149414,2923,GCAGAG,3.23828125,3083,GCGGAG,3.318359375,3083,GCGGAG,3.318359375,2923,GCAGAG,0.003966216929256916,3083,GCGGAG,0.0033150124363601208,3390,GGGCGN,0.3507091999053955,False,False,True,-0.001376323401927948,
0,43,5,attn,recovery,0.0,0.014608323574066162,2923,GCAGAG,3.232421875,3083,GCGGAG,3.3125,3083,GCGGAG,3.3125,2923,GCAGAG,0.0038948361761868,3083,GCGGAG,0.0032726838253438473,3390,GGGCGN,0.3541497588157654,False,False,True,0.00010985508561134338,
0,44,5,attn,recovery,0.06982421875,0.04517519474029541,2923,GCAGAG,3.23046875,3083,GCGGAG,3.3046875,3083,GCGGAG,3.3046875,2923,GCAGAG,0.003875743132084608,3083,GCGGAG,0.003225090680643916,3390,GGGCGN,0.3535986840724945,False,False,True,0.0003825873136520386,
0,45,5,attn,recovery,-0.046875,-0.00660550594329834,2923,GCAGAG,3.232421875,3083,GCGGAG,3.31640625,3083,GCGGAG,3.31640625,2923,GCAGAG,0.00388095760717988,3083,GCGGAG,0.003278584685176611,3390,GGGCGN,0.3540744185447693,False,False,True,5.212053656578064e-05,
0,46,5,attn,recovery,0.06982421875,0.03020554780960083,2923,GCAGAG,3.21875,3083,GCGGAG,3.29296875,3083,GCGGAG,3.29296875,2923,GCAGAG,0.0038110585883259773,3083,GCGGAG,0.003174363635480404,3390,GGGCGN,0.35528063774108887,False,False,True,0.000711299479007721,
0,47,5,attn,recovery,0.0,0.04531729221343994,2923,GCAGAG,3.232421875,3083,GCGGAG,3.3125,3083,GCGGAG,3.3125,2923,GCAGAG,0.003928901627659798,3083,GCGGAG,0.0032781166955828667,3390,GGGCGN,0.35146188735961914,False,False,True,-0.00021678581833839417,
0,48,5,attn,recovery,0.0,0.004641711711883545,2923,GCAGAG,3.23828125,3083,GCGGAG,3.318359375,3083,GCGGAG,3.318359375,2923,GCAGAG,0.0039057473186403513,3083,GCGGAG,0.003292887704446912,3390,GGGCGN,0.354427307844162,False,False,True,-0.0002709627151489258,
0,49,5,attn,recovery,-0.046875,-0.006943106651306152,2923,GCAGAG,3.240234375,3083,GCGGAG,3.32421875,3083,GCGGAG,3.32421875,2923,GCAGAG,0.003925269469618797,3083,GCGGAG,0.003323211334645748,3390,GGGCGN,0.3537505865097046,False,False,True,-0.00021026656031608582,
0,50,5,attn,recovery,0.0234375,-0.0060013532638549805,2923,GCAGAG,3.232421875,3083,GCGGAG,3.310546875,3083,GCGGAG,3.310546875,2923,GCAGAG,0.003871727269142866,3083,GCGGAG,0.0032687911298125982,3390,GGGCGN,0.35434436798095703,False,False,True,0.0005270205438137054,
0,51,5,attn,recovery,0.0234375,0.009552597999572754,2923,GCAGAG,3.232421875,3083,GCGGAG,3.310546875,3083,GCGGAG,3.310546875,2923,GCAGAG,0.003884037723764777,3083,GCGGAG,0.0032665992621332407,3390,GGGCGN,0.3567751944065094,False,False,True,0.0007291175425052643,
1,0,5,attn,recovery,0.09326171875,0.04385244846343994,2923,GCAGAG,3.232421875,3083,GCGGAG,3.3046875,3083,GCGGAG,3.3046875,2923,GCAGAG,0.003908045589923859,3083,GCGGAG,0.0032586264424026012,3390,GGGCGN,0.3527361750602722,False,False,True,-0.0020710453391075134,
1,1,5,attn,recovery,-0.1162109375,-0.0804973840713501,2923,GCAGAG,3.2265625,3083,GCGGAG,3.31640625,3083,GCGGAG,3.31640625,2923,GCAGAG,0.0038431237917393446,3083,GCGGAG,0.0033096466213464737,3390,GGGCGN,0.35394468903541565,False,False,True,-0.002155739814043045,
1,2,5,attn,recovery,-0.1162109375,-0.11992287635803223,2923,GCAGAG,3.23046875,3083,GCGGAG,3.3203125,3083,GCGGAG,3.3203125,2923,GCAGAG,0.0037613220047205687,3083,GCGGAG,0.003264604602009058,3390,GGGCGN,0.35786548256874084,False,False,True,-0.0005693845450878143,
1,3,5,attn,recovery,-0.1162109375,-0.11992871761322021,2923,GCAGAG,3.23046875,3083,GCGGAG,3.3203125,3083,GCGGAG,3.3203125,2923,GCAGAG,0.0037764371372759342,3083,GCGGAG,0.0032797250896692276,3390,GGGCGN,0.35737890005111694,False,False,True,-0.0001769736409187317,
1,4,5,attn,recovery,-0.0927734375,-0.0726625919342041,2923,GCAGAG,3.220703125,3083,GCGGAG,3.30859375,3083,GCGGAG,3.30859375,2923,GCAGAG,0.0037835538387298584,3083,GCGGAG,0.0032427716068923473,3390,GGGCGN,0.3574519455432892,False,False,True,-0.0002539530396461487,
1,5,5,attn,recovery,-0.0693359375,0.01346510648727417,2923,GCAGAG,3.23046875,3083,GCGGAG,3.31640625,3083,GCGGAG,3.31640625,2923,GCAGAG,0.0039260126650333405,3083,GCGGAG,0.003304926212877035,3390,GGGCGN,0.351299911737442,False,False,True,-0.0010883398354053497,
1,6,5,attn,recovery,-0.1162109375,-0.03542184829711914,2923,GCAGAG,3.232421875,3083,GCGGAG,3.322265625,3083,GCGGAG,3.322265625,2923,GCAGAG,0.0038671065121889114,3083,GCGGAG,0.003291601547971368,3390,GGGCGN,0.354245662689209,False,False,True,-0.00011154264211654663,
1,7,5,attn,recovery,-0.046875,0.008845627307891846,2923,GCAGAG,3.23828125,3083,GCGGAG,3.322265625,3083,GCGGAG,3.322265625,2923,GCAGAG,0.003883656580001116,3083,GCGGAG,0.0032668772619217634,3390,GGGCGN,0.356653094291687,False,False,True,-0.00012025982141494751,
1,8,5,attn,recovery,0.0234375,-0.01384270191192627,2923,GCAGAG,3.240234375,3083,GCGGAG,3.318359375,3083,GCGGAG,3.318359375,2923,GCAGAG,0.0038292149547487497,3083,GCGGAG,0.003233589930459857,3390,GGGCGN,0.35680991411209106,False,False,True,0.0011794492602348328,
1,9,5,attn,recovery,0.04638671875,0.02703791856765747,2923,GCAGAG,3.232421875,3083,GCGGAG,3.30859375,3083,GCGGAG,3.30859375,2923,GCAGAG,0.0038706848863512278,3083,GCGGAG,0.0032369433902204037,3390,GGGCGN,0.3547574281692505,False,False,True,-2.7820467948913574e-05,
1,10,5,attn,recovery,0.09326171875,0.027256429195404053,2923,GCAGAG,3.232421875,3083,GCGGAG,3.3046875,3083,GCGGAG,3.3046875,2923,GCAGAG,0.0038743445184081793,3083,GCGGAG,0.003240399295464158,3390,GGGCGN,0.3537084758281708,False,False,True,-1.6063451766967773e-05,
1,11,5,attn,recovery,0.06982421875,0.014894247055053711,2923,GCAGAG,3.2265625,3083,GCGGAG,3.30078125,3083,GCGGAG,3.30078125,2923,GCAGAG,0.003842298872768879,3083,GCGGAG,0.0032198799308389425,3390,GGGCGN,0.3550369143486023,False,False,True,-0.00018573924899101257,
1,12,5,attn,recovery,0.0234375,-0.01202702522277832,2923,GCAGAG,3.25,3083,GCGGAG,3.328125,3083,GCGGAG,3.328125,2923,GCAGAG,0.0038852039724588394,3083,GCGGAG,0.0032878860365599394,3390,GGGCGN,0.35899052023887634,False,False,True,0.0008510090410709381,
1,13,5,attn,recovery,-0.0234375,-0.003243565559387207,2923,GCAGAG,3.2578125,3083,GCGGAG,3.33984375,3083,GCGGAG,3.33984375,2923,GCAGAG,0.003956425003707409,3083,GCGGAG,0.0033509174827486277,3390,GGGCGN,0.3578774631023407,False,False,True,0.00020295009016990662,
1,14,5,attn,recovery,-0.0234375,-0.014436483383178711,2923,GCAGAG,3.21484375,3083,GCGGAG,3.296875,3083,GCGGAG,3.296875,2923,GCAGAG,0.0037175442557781935,3083,GCGGAG,0.0031224729027599096,3390,GGGCGN,0.359171599149704,False,False,True,0.001497473567724228,
1,15,5,attn,recovery,0.0234375,0.013850927352905273,2923,GCAGAG,3.1875,3083,GCGGAG,3.265625,3083,GCGGAG,3.265625,2923,GCAGAG,0.0036456077359616756,3083,GCGGAG,0.003024161560460925,3390,GGGCGN,0.35423722863197327,False,False,True,-0.001156926155090332,
1,16,5,attn,recovery,0.18603515625,0.12941008806228638,2923,GCAGAG,3.21875,3083,GCGGAG,3.283203125,3083,GCGGAG,3.283203125,2923,GCAGAG,0.0038125382270663977,3083,GCGGAG,0.003083346411585808,3390,GGGCGN,0.35171765089035034,False,False,True,-0.002466857433319092,
1,17,5,attn,recovery,-0.0693359375,0.11525571346282959,2923,GCAGAG,3.28125,3083,GCGGAG,3.3671875,3083,GCGGAG,3.3671875,2923,GCAGAG,0.0042184400372207165,3083,GCGGAG,0.0035024455282837152,3390,GGGCGN,0.34777021408081055,False,False,True,-0.0051301755011081696,
1,18,5,attn,recovery,-0.1162109375,0.054696857929229736,2923,GCAGAG,3.3125,3083,GCGGAG,3.40234375,3083,GCGGAG,3.40234375,2923,GCAGAG,0.004278363194316626,3083,GCGGAG,0.0036188329104334116,3390,GGGCGN,0.3514746427536011,False,False,True,-0.004717458039522171,
1,19,5,attn,recovery,0.0,0.09689491987228394,2923,GCAGAG,3.296875,3083,GCGGAG,3.376953125,3083,GCGGAG,3.376953125,2923,GCAGAG,0.0042166379280388355,3083,GCGGAG,0.0035177627578377724,3390,GGGCGN,0.35395899415016174,False,False,True,-0.0042917244136333466,
1,20,5,attn,recovery,0.16259765625,-0.01520538330078125,2923,GCAGAG,3.2265625,3083,GCGGAG,3.29296875,3083,GCGGAG,3.29296875,2923,GCAGAG,0.003871783148497343,3083,GCGGAG,0.0032774286810308695,3390,GGGCGN,0.3535609245300293,False,False,True,-0.004218369722366333,
1,21,5,attn,recovery,0.1396484375,-0.07752180099487305,2923,GCAGAG,3.21484375,3083,GCGGAG,3.283203125,3083,GCGGAG,3.283203125,2923,GCAGAG,0.0037942484486848116,3083,GCGGAG,0.003257996868342161,3390,GGGCGN,0.3528294861316681,False,False,True,-0.008107617497444153,
1,22,5,attn,recovery,0.1162109375,-0.03963649272918701,2923,GCAGAG,3.23046875,3083,GCGGAG,3.30078125,3083,GCGGAG,3.30078125,2923,GCAGAG,0.003968512639403343,3083,GCGGAG,0.0033969373907893896,3390,GGGCGN,0.34730058908462524,False,False,True,-0.00642818957567215,
1,23,5,attn,recovery,-0.0234375,0.02125173807144165,2923,GCAGAG,3.2421875,3083,GCGGAG,3.32421875,3083,GCGGAG,3.32421875,2923,GCAGAG,0.004053686745464802,3083,GCGGAG,0.0034253401681780815,3390,GGGCGN,0.3451961576938629,False,False,True,-0.004258647561073303,
1,24,5,attn,recovery,-0.0693359375,-0.003863811492919922,2923,GCAGAG,3.244140625,3083,GCGGAG,3.330078125,3083,GCGGAG,3.330078125,2923,GCAGAG,0.003928115125745535,3083,GCGGAG,0.00332318595610559,3390,GGGCGN,0.3541475534439087,False,False,True,0.0002522021532058716,
1,25,5,attn,recovery,0.0234375,-0.0511016845703125,2923,GCAGAG,3.21484375,3083,GCGGAG,3.29296875,3083,GCGGAG,3.29296875,2923,GCAGAG,0.0037623026873916388,3083,GCGGAG,0.0032014173921197653,3390,GGGCGN,0.35567209124565125,False,False,True,9.6932053565979e-06,
1,26,5,attn,recovery,0.0234375,-0.02323329448699951,2923,GCAGAG,3.2265625,3083,GCGGAG,3.3046875,3083,GCGGAG,3.3046875,2923,GCAGAG,0.0038102027028799057,3083,GCGGAG,0.0032233332749456167,3390,GGGCGN,0.35747361183166504,False,False,True,0.0012305788695812225,
1,27,5,attn,recovery,0.09326171875,0.01442652940750122,2923,GCAGAG,3.23828125,3083,GCGGAG,3.310546875,3083,GCGGAG,3.310546875,2923,GCAGAG,0.0038621791172772646,3083,GCGGAG,0.003240196267142892,3390,GGGCGN,0.35979366302490234,False,False,True,0.0023946277797222137,
1,28,5,attn,recovery,0.04638671875,-0.0010210275650024414,2923,GCAGAG,3.2265625,3083,GCGGAG,3.302734375,3083,GCGGAG,3.302734375,2923,GCAGAG,0.003830063622444868,3083,GCGGAG,0.0032224839087575674,3390,GGGCGN,0.35718315839767456,False,False,True,0.0006797946989536285,
1,29,5,attn,recovery,0.09326171875,0.04091930389404297,2923,GCAGAG,3.232421875,3083,GCGGAG,3.3046875,3083,GCGGAG,3.3046875,2923,GCAGAG,0.0038643868174403906,3083,GCGGAG,0.0032177024986594915,3390,GGGCGN,0.3564029335975647,False,False,True,-0.000197630375623703,
1,30,5,attn,recovery,0.04638671875,0.0383487343788147,2923,GCAGAG,3.232421875,3083,GCGGAG,3.30859375,3083,GCGGAG,3.30859375,2923,GCAGAG,0.0038753850385546684,3083,GCGGAG,0.0032310974784195423,3390,GGGCGN,0.3556980490684509,False,False,True,5.9757381677627563e-05,
1,31,5,attn,recovery,0.04638671875,0.03537839651107788,2923,GCAGAG,3.232421875,3083,GCGGAG,3.30859375,3083,GCGGAG,3.30859375,2923,GCAGAG,0.003883105469867587,3083,GCGGAG,0.0032415874302387238,3390,GGGCGN,0.3545948565006256,False,False,True,-0.00035288557410240173,
1,32,5,attn,recovery,0.0,0.0035701990127563477,2923,GCAGAG,3.23046875,3083,GCGGAG,3.310546875,3083,GCGGAG,3.310546875,2923,GCAGAG,0.0038771398831158876,3083,GCGGAG,0.003265279345214367,3390,GGGCGN,0.35466650128364563,False,False,True,0.00011896342039108276,
1,33,5,attn,recovery,0.04638671875,-0.0003663301467895508,2923,GCAGAG,3.224609375,3083,GCGGAG,3.30078125,3083,GCGGAG,3.30078125,2923,GCAGAG,0.003825862891972065,3083,GCGGAG,0.003217672696337104,3390,GGGCGN,0.3552919626235962,False,False,True,-0.0005737096071243286,
1,34,5,attn,recovery,0.0,0.017101764678955078,2923,GCAGAG,3.22265625,3083,GCGGAG,3.302734375,3083,GCGGAG,3.302734375,2923,GCAGAG,0.0038446884136646986,3083,GCGGAG,0.003220211248844862,3390,GGGCGN,0.35331159830093384,False,False,True,-0.0008764080703258514,
1,35,5,attn,recovery,0.09326171875,0.127499520778656,2923,GCAGAG,3.240234375,3083,GCGGAG,3.3125,3083,GCGGAG,3.3125,2923,GCAGAG,0.0039759851060807705,3083,GCGGAG,0.0032485746778547764,3390,GGGCGN,0.3500847816467285,False,False,True,-0.0027880333364009857,
1,36,5,attn,recovery,0.06982421875,0.14685970544815063,2923,GCAGAG,3.25,3083,GCGGAG,3.32421875,3083,GCGGAG,3.32421875,2923,GCAGAG,0.004069102928042412,3083,GCGGAG,0.003323641372844577,3390,GGGCGN,0.34924793243408203,False,False,True,-0.003928318619728088,
1,37,5,attn,recovery,0.06982421875,0.14028269052505493,2923,GCAGAG,3.2578125,3083,GCGGAG,3.33203125,3083,GCGGAG,3.33203125,2923,GCAGAG,0.004109590779989958,3083,GCGGAG,0.0033702615182846785,3390,GGGCGN,0.3488052189350128,False,False,True,-0.00455600768327713,
1,38,5,attn,recovery,0.0234375,0.11141639947891235,2923,GCAGAG,3.240234375,3083,GCGGAG,3.318359375,3083,GCGGAG,3.318359375,2923,GCAGAG,0.004029054660350084,3083,GCGGAG,0.0033166399225592613,3390,GGGCGN,0.34876757860183716,False,False,True,-0.0030558332800865173,
1,39,5,attn,recovery,0.04638671875,0.05774134397506714,2923,GCAGAG,3.2265625,3083,GCGGAG,3.302734375,3083,GCGGAG,3.302734375,2923,GCAGAG,0.00388914137147367,3083,GCGGAG,0.003226772416383028,3390,GGGCGN,0.350120484828949,False,False,True,-0.0016868337988853455,
1,40,5,attn,recovery,0.04638671875,0.041732609272003174,2923,GCAGAG,3.2265625,3083,GCGGAG,3.302734375,3083,GCGGAG,3.302734375,2923,GCAGAG,0.003848475869745016,3083,GCGGAG,0.0032010332215577364,3390,GGGCGN,0.35493549704551697,False,False,True,-0.0003654472529888153,
1,41,5,attn,recovery,0.0234375,0.026466786861419678,2923,GCAGAG,3.224609375,3083,GCGGAG,3.302734375,3083,GCGGAG,3.302734375,2923,GCAGAG,0.003845270723104477,3083,GCGGAG,0.0032120617106556892,3390,GGGCGN,0.3533974885940552,False,False,True,-0.00022686272859573364,
1,42,5,attn,recovery,0.0,0.01719611883163452,2923,GCAGAG,3.224609375,3083,GCGGAG,3.3046875,3083,GCGGAG,3.3046875,2923,GCAGAG,0.003844625549390912,3083,GCGGAG,0.0032200603745877743,3390,GGGCGN,0.35531696677207947,False,False,True,0.00019669905304908752,
1,43,5,attn,recovery,0.04638671875,0.012868344783782959,2923,GCAGAG,3.232421875,3083,GCGGAG,3.30859375,3083,GCGGAG,3.30859375,2923,GCAGAG,0.0038397337775677443,3083,GCGGAG,0.0032192037906497717,3390,GGGCGN,0.355884313583374,False,False,True,-0.000684201717376709,
1,44,5,attn,recovery,0.0234375,0.017473816871643066,2923,GCAGAG,3.232421875,3083,GCGGAG,3.310546875,3083,GCGGAG,3.310546875,2923,GCAGAG,0.0038681430742144585,3083,GCGGAG,0.0032433189917355776,3390,GGGCGN,0.35234570503234863,False,False,True,-0.0013525895774364471,
1,45,5,attn,recovery,0.0,0.006987035274505615,2923,GCAGAG,3.232421875,3083,GCGGAG,3.3125,3083,GCGGAG,3.3125,2923,GCAGAG,0.003847260493785143,3083,GCGGAG,0.0032322141341865063,3390,GGGCGN,0.35575586557388306,False,False,True,-0.0014154426753520966,
1,46,5,attn,recovery,0.0234375,0.02426159381866455,2923,GCAGAG,3.232421875,3083,GCGGAG,3.310546875,3083,GCGGAG,3.310546875,2923,GCAGAG,0.003876032307744026,3083,GCGGAG,0.003244879422709346,3390,GGGCGN,0.35235390067100525,False,False,True,-0.0012545585632324219,
1,47,5,attn,recovery,0.0,0.011297881603240967,2923,GCAGAG,3.232421875,3083,GCGGAG,3.3125,3083,GCGGAG,3.3125,2923,GCAGAG,0.0038823699578642845,3083,GCGGAG,0.003263304242864251,3390,GGGCGN,0.3539331555366516,False,False,True,-0.0005397722125053406,
1,48,5,attn,recovery,-0.046875,0.028184592723846436,2923,GCAGAG,3.240234375,3083,GCGGAG,3.32421875,3083,GCGGAG,3.32421875,2923,GCAGAG,0.00394873833283782,3083,GCGGAG,0.0033139276783913374,3390,GGGCGN,0.3538513779640198,False,False,True,-3.4615397453308105e-05,
1,49,5,attn,recovery,-0.0234375,0.02880638837814331,2923,GCAGAG,3.240234375,3083,GCGGAG,3.322265625,3083,GCGGAG,3.322265625,2923,GCAGAG,0.00392175605520606,3083,GCGGAG,0.0032863656524568796,3390,GGGCGN,0.3554675579071045,False,False,True,0.0014373064041137695,
1,50,5,attn,recovery,-0.0927734375,-0.04042613506317139,2923,GCAGAG,3.224609375,3083,GCGGAG,3.3125,3083,GCGGAG,3.3125,2923,GCAGAG,0.0038438071496784687,3083,GCGGAG,0.0032729681115597486,3390,GGGCGN,0.35392120480537415,False,False,True,0.0006921775639057159,
1,51,5,attn,recovery,-0.0234375,-0.008150458335876465,2923,GCAGAG,3.23046875,3083,GCGGAG,3.3125,3083,GCGGAG,3.3125,2923,GCAGAG,0.0038474046159535646,3083,GCGGAG,0.003246472217142582,3390,GGGCGN,0.35497748851776123,False,False,True,-0.0006348341703414917,
2,0,5,attn,recovery,0.0,-0.019519686698913574,2923,GCAGAG,3.2421875,3083,GCGGAG,3.322265625,3083,GCGGAG,3.322265625,2923,GCAGAG,0.003959824331104755,3083,GCGGAG,0.0033694924786686897,3390,GGGCGN,0.3525349199771881,False,False,True,-0.0011803396046161652,
2,1,5,attn,recovery,-0.0234375,0.015866637229919434,2923,GCAGAG,3.24609375,3083,GCGGAG,3.328125,3083,GCGGAG,3.328125,2923,GCAGAG,0.004007960669696331,3083,GCGGAG,0.0033846350852400064,3390,GGGCGN,0.351653128862381,False,False,True,-0.0011645220220088959,
2,2,5,attn,recovery,0.04638671875,0.00669485330581665,2923,GCAGAG,3.2265625,3083,GCGGAG,3.302734375,3083,GCGGAG,3.302734375,2923,GCAGAG,0.0038554533384740353,3083,GCGGAG,0.0032406793907284737,3390,GGGCGN,0.35116836428642273,False,False,True,-0.000912003219127655,
2,3,5,attn,recovery,0.06982421875,0.04968529939651489,2923,GCAGAG,3.2265625,3083,GCGGAG,3.30078125,3083,GCGGAG,3.30078125,2923,GCAGAG,0.003853635396808386,3083,GCGGAG,0.0031987777911126614,3390,GGGCGN,0.3518070876598358,False,False,True,-0.0009880997240543365,
2,4,5,attn,recovery,0.06982421875,-0.04021310806274414,2923,GCAGAG,3.22265625,3083,GCGGAG,3.296875,3083,GCGGAG,3.296875,2923,GCAGAG,0.003748930525034666,3083,GCGGAG,0.0031778928823769093,3390,GGGCGN,0.355003297328949,False,False,True,-0.0017979592084884644,
2,5,5,attn,recovery,0.1396484375,-0.010081768035888672,2923,GCAGAG,3.23046875,3083,GCGGAG,3.298828125,3083,GCGGAG,3.298828125,2923,GCAGAG,0.0038082676474004984,3083,GCGGAG,0.0032091359607875347,3390,GGGCGN,0.35634469985961914,False,False,True,-0.0021163001656532288,
2,6,5,attn,recovery,0.04638671875,-0.13938474655151367,2923,GCAGAG,3.224609375,3083,GCGGAG,3.30078125,3083,GCGGAG,3.30078125,2923,GCAGAG,0.0036845949944108725,3083,GCGGAG,0.00320602348074317,3390,GGGCGN,0.36078953742980957,False,False,True,0.0019401609897613525,
2,7,5,attn,recovery,0.0234375,-0.12233436107635498,2923,GCAGAG,3.234375,3083,GCGGAG,3.3125,3083,GCGGAG,3.3125,2923,GCAGAG,0.003736804937943816,3083,GCGGAG,0.003242335980758071,3390,GGGCGN,0.3635755181312561,False,False,True,0.0034807026386260986,
2,8,5,attn,recovery,0.09326171875,-0.014141321182250977,2923,GCAGAG,3.23828125,3083,GCGGAG,3.310546875,3083,GCGGAG,3.310546875,2923,GCAGAG,0.003793514333665371,3083,GCGGAG,0.0031981677748262882,3390,GGGCGN,0.36260655522346497,False,False,True,0.0028216466307640076,
2,9,5,attn,recovery,0.1162109375,0.09131032228469849,2923,GCAGAG,3.251953125,3083,GCGGAG,3.322265625,3083,GCGGAG,3.322265625,2923,GCAGAG,0.003994682338088751,3083,GCGGAG,0.003301014192402363,3390,GGGCGN,0.3535066545009613,False,False,True,-0.00219721719622612,
2,10,5,attn,recovery,0.06982421875,0.07657110691070557,2923,GCAGAG,3.25390625,3083,GCGGAG,3.328125,3083,GCGGAG,3.328125,2923,GCAGAG,0.004049503710120916,3083,GCGGAG,0.0033695781603455544,3390,GGGCGN,0.3523072898387909,False,False,True,-0.003216411918401718,
2,11,5,attn,recovery,0.06982421875,0.0398138165473938,2923,GCAGAG,3.244140625,3083,GCGGAG,3.318359375,3083,GCGGAG,3.318359375,2923,GCAGAG,0.003963218070566654,3083,GCGGAG,0.003317564493045211,3390,GGGCGN,0.35285860300064087,False,False,True,-0.003219611942768097,
2,12,5,attn,recovery,0.1162109375,0.05936074256896973,2923,GCAGAG,3.23828125,3083,GCGGAG,3.30859375,3083,GCGGAG,3.30859375,2923,GCAGAG,0.0039689443074166775,3083,GCGGAG,0.00330506544560194,3390,GGGCGN,0.35112181305885315,False,False,True,-0.0031644031405448914,
2,13,5,attn,recovery,0.04638671875,0.04445427656173706,2923,GCAGAG,3.244140625,3083,GCGGAG,3.3203125,3083,GCGGAG,3.3203125,2923,GCAGAG,0.003967392724007368,3083,GCGGAG,0.003317412454634905,3390,GGGCGN,0.3539316952228546,False,False,True,-0.0015228204429149628,
2,14,5,attn,recovery,-0.0693359375,-0.01606440544128418,2923,GCAGAG,3.26953125,3083,GCGGAG,3.35546875,3083,GCGGAG,3.35546875,2923,GCAGAG,0.0040199775248765945,3083,GCGGAG,0.0034264239948242903,3390,GGGCGN,0.3570175766944885,False,False,True,0.0021169669926166534,
2,15,5,attn,recovery,-0.1865234375,-0.10280990600585938,2923,GCAGAG,3.33203125,3083,GCGGAG,3.427734375,3083,GCGGAG,3.427734375,2923,GCAGAG,0.004198933951556683,3083,GCGGAG,0.0036862606648355722,3390,GGGCGN,0.360578328371048,False,False,True,0.004346445202827454,
2,16,5,attn,recovery,-0.046875,-0.00036454200744628906,2923,GCAGAG,3.330078125,3083,GCGGAG,3.4140625,3083,GCGGAG,3.4140625,2923,GCAGAG,0.004302462097257376,3083,GCGGAG,0.003694270271807909,3390,GGGCGN,0.35509777069091797,False,False,True,0.0013527274131774902,
2,17,5,attn,recovery,0.0,0.06733989715576172,2923,GCAGAG,3.322265625,3083,GCGGAG,3.40234375,3083,GCGGAG,3.40234375,2923,GCAGAG,0.00437314435839653,3083,GCGGAG,0.0037018258590251207,3390,GGGCGN,0.35025399923324585,False,False,True,-0.0021500028669834137,
2,18,5,attn,recovery,0.1162109375,0.16859310865402222,2923,GCAGAG,3.26953125,3083,GCGGAG,3.33984375,3083,GCGGAG,3.33984375,2923,GCAGAG,0.004179147072136402,3083,GCGGAG,0.00341342156752944,3390,GGGCGN,0.34931620955467224,False,False,True,-0.004929345101118088,
2,19,5,attn,recovery,0.16259765625,0.17991918325424194,2923,GCAGAG,3.2734375,3083,GCGGAG,3.33984375,3083,GCGGAG,3.33984375,2923,GCAGAG,0.004050403833389282,3083,GCGGAG,0.003274118062108755,3390,GGGCGN,0.3581096827983856,False,False,True,-0.005157586187124252,
2,20,5,attn,recovery,0.255859375,0.053928494453430176,2923,GCAGAG,3.212890625,3083,GCGGAG,3.271484375,3083,GCGGAG,3.271484375,2923,GCAGAG,0.0037890118546783924,3083,GCGGAG,0.0031301979906857014,3390,GGGCGN,0.3559196889400482,False,False,True,-0.00766758993268013,
2,21,5,attn,recovery,0.279296875,0.1106569766998291,2923,GCAGAG,3.2265625,3083,GCGGAG,3.283203125,3083,GCGGAG,3.283203125,2923,GCAGAG,0.0038332981057465076,3083,GCGGAG,0.003121591405943036,3390,GGGCGN,0.356721967458725,False,False,True,-0.007229488343000412,
2,22,5,attn,recovery,0.1162109375,-0.06306958198547363,2923,GCAGAG,3.220703125,3083,GCGGAG,3.291015625,3083,GCGGAG,3.291015625,2923,GCAGAG,0.003708132542669773,3083,GCGGAG,0.003158405888825655,3390,GGGCGN,0.35925859212875366,False,False,True,-0.002041541039943695,
2,23,5,attn,recovery,-0.0927734375,-0.016880512237548828,2923,GCAGAG,3.240234375,3083,GCGGAG,3.328125,3083,GCGGAG,3.328125,2923,GCAGAG,0.0037508162204176188,3083,GCGGAG,0.0031580235809087753,3390,GGGCGN,0.3626849353313446,False,False,True,0.00506100058555603,
2,24,5,attn,recovery,-0.1162109375,-0.13873445987701416,2923,GCAGAG,3.2109375,3083,GCGGAG,3.30078125,3083,GCGGAG,3.30078125,2923,GCAGAG,0.0035896627232432365,3083,GCGGAG,0.003110484918579459,3390,GGGCGN,0.3645823299884796,False,False,True,0.005159616470336914,
2,25,5,attn,recovery,0.06982421875,0.034466683864593506,2923,GCAGAG,3.21484375,3083,GCGGAG,3.2890625,3083,GCGGAG,3.2890625,2923,GCAGAG,0.0037882118485867977,3083,GCGGAG,0.0031475438736379147,3390,GGGCGN,0.35530200600624084,False,False,True,0.001057695597410202,
2,26,5,attn,recovery,0.09326171875,0.048802316188812256,2923,GCAGAG,3.220703125,3083,GCGGAG,3.29296875,3083,GCGGAG,3.29296875,2923,GCAGAG,0.003806284861639142,3083,GCGGAG,0.0031522505450993776,3390,GGGCGN,0.3549981117248535,False,False,True,-0.0008883103728294373,
2,27,5,attn,recovery,0.20947265625,0.12289303541183472,2923,GCAGAG,3.21875,3083,GCGGAG,3.28125,3083,GCGGAG,3.28125,2923,GCAGAG,0.003824254497885704,3083,GCGGAG,0.003101139096543193,3390,GGGCGN,0.3563476800918579,False,False,True,-0.0016169771552085876,
2,28,5,attn,recovery,0.09326171875,0.11540758609771729,2923,GCAGAG,3.2265625,3083,GCGGAG,3.298828125,3083,GCGGAG,3.298828125,2923,GCAGAG,0.003932049963623285,3083,GCGGAG,0.0032159138936549425,3390,GGGCGN,0.35197973251342773,False,False,True,-0.002778235822916031,
2,29,5,attn,recovery,0.04638671875,0.05875897407531738,2923,GCAGAG,3.234375,3083,GCGGAG,3.310546875,3083,GCGGAG,3.310546875,2923,GCAGAG,0.003937493544071913,3083,GCGGAG,0.0032741758041083813,3390,GGGCGN,0.35376015305519104,False,False,True,-0.0019922256469726562,
2,30,5,attn,recovery,0.09326171875,0.08158016204833984,2923,GCAGAG,3.240234375,3083,GCGGAG,3.3125,3083,GCGGAG,3.3125,2923,GCAGAG,0.003950468730181456,3083,GCGGAG,0.0032658728305250406,3390,GGGCGN,0.35530519485473633,False,False,True,-0.0008225962519645691,
2,31,5,attn,recovery,0.09326171875,0.04934966564178467,2923,GCAGAG,3.23828125,3083,GCGGAG,3.310546875,3083,GCGGAG,3.310546875,2923,GCAGAG,0.003949172329157591,3083,GCGGAG,0.003294627647846937,3390,GGGCGN,0.3545929491519928,False,False,True,-0.0006960220634937286,
2,32,5,attn,recovery,0.1162109375,0.0647401213645935,2923,GCAGAG,3.240234375,3083,GCGGAG,3.310546875,3083,GCGGAG,3.310546875,2923,GCAGAG,0.003928042948246002,3083,GCGGAG,0.0032591484487056732,3390,GGGCGN,0.3576054871082306,False,False,True,-0.00016621500253677368,
2,33,5,attn,recovery,0.16259765625,0.09268796443939209,2923,GCAGAG,3.234375,3083,GCGGAG,3.30078125,3083,GCGGAG,3.30078125,2923,GCAGAG,0.00392472418025136,3083,GCGGAG,0.0032297715079039335,3390,GGGCGN,0.35649731755256653,False,False,True,-3.7122517824172974e-05,
2,34,5,attn,recovery,0.1162109375,-0.046922922134399414,2923,GCAGAG,3.220703125,3083,GCGGAG,3.291015625,3083,GCGGAG,3.291015625,2923,GCAGAG,0.003744136542081833,3083,GCGGAG,0.0031793550588190556,3390,GGGCGN,0.3622490167617798,False,False,True,0.00170227512717247,
2,35,5,attn,recovery,0.0234375,-0.08663666248321533,2923,GCAGAG,3.212890625,3083,GCGGAG,3.291015625,3083,GCGGAG,3.291015625,2923,GCAGAG,0.0037313499487936497,3083,GCGGAG,0.003203596919775009,3390,GGGCGN,0.35775458812713623,False,False,True,0.0016426779329776764,
2,36,5,attn,recovery,-0.0693359375,-0.13914942741394043,2923,GCAGAG,3.212890625,3083,GCGGAG,3.298828125,3083,GCGGAG,3.298828125,2923,GCAGAG,0.0036795155610889196,3083,GCGGAG,0.003200724720954895,3390,GGGCGN,0.35782673954963684,False,False,True,0.0007060803472995758,
2,37,5,attn,recovery,-0.046875,-0.1237480640411377,2923,GCAGAG,3.201171875,3083,GCGGAG,3.28515625,3083,GCGGAG,3.28515625,2923,GCAGAG,0.003585220780223608,3083,GCGGAG,0.0030920698773115873,3390,GGGCGN,0.3598560094833374,False,False,True,0.0012424737215042114,
2,38,5,attn,recovery,-0.046875,-0.04147171974182129,2923,GCAGAG,3.205078125,3083,GCGGAG,3.2890625,3083,GCGGAG,3.2890625,2923,GCAGAG,0.003714748192578554,3083,GCGGAG,0.003144884016364813,3390,GGGCGN,0.3545578122138977,False,False,True,0.0007152333855628967,
2,39,5,attn,recovery,-0.046875,-0.035610079765319824,2923,GCAGAG,3.205078125,3083,GCGGAG,3.2890625,3083,GCGGAG,3.2890625,2923,GCAGAG,0.0037700668908655643,3083,GCGGAG,0.0031947374809533358,3390,GGGCGN,0.35315796732902527,False,False,True,0.0025601275265216827,
2,40,5,attn,recovery,0.09326171875,0.012311697006225586,2923,GCAGAG,3.2265625,3083,GCGGAG,3.298828125,3083,GCGGAG,3.298828125,2923,GCAGAG,0.0038004538509994745,3083,GCGGAG,0.0031804428435862064,3390,GGGCGN,0.36090511083602905,False,False,True,0.0018112622201442719,
2,41,5,attn,recovery,0.18603515625,0.010842621326446533,2923,GCAGAG,3.232421875,3083,GCGGAG,3.296875,3083,GCGGAG,3.296875,2923,GCAGAG,0.003820788813754916,3083,GCGGAG,0.003202147549018264,3390,GGGCGN,0.3609146475791931,False,False,True,0.0012785308063030243,
2,42,5,attn,recovery,0.16259765625,0.02842503786087036,2923,GCAGAG,3.23046875,3083,GCGGAG,3.296875,3083,GCGGAG,3.296875,2923,GCAGAG,0.003827933454886079,3083,GCGGAG,0.0031928985845297575,3390,GGGCGN,0.35937830805778503,False,False,True,0.0003895089030265808,
2,43,5,attn,recovery,0.06982421875,-0.0018099546432495117,2923,GCAGAG,3.224609375,3083,GCGGAG,3.298828125,3083,GCGGAG,3.298828125,2923,GCAGAG,0.003814932657405734,3083,GCGGAG,0.003208088455721736,3390,GGGCGN,0.35632622241973877,False,False,True,0.0010950155556201935,
2,44,5,attn,recovery,0.06982421875,-0.0018076896667480469,2923,GCAGAG,3.21484375,3083,GCGGAG,3.2890625,3083,GCGGAG,3.2890625,2923,GCAGAG,0.003739671315997839,3083,GCGGAG,0.003132825018838048,3390,GGGCGN,0.35860711336135864,False,False,True,0.002746984362602234,
2,45,5,attn,recovery,0.0234375,0.04349786043167114,2923,GCAGAG,3.22265625,3083,GCGGAG,3.30078125,3083,GCGGAG,3.30078125,2923,GCAGAG,0.0038339775055646896,3083,GCGGAG,0.0031848889775574207,3390,GGGCGN,0.3568178415298462,False,False,True,0.00202898308634758,
2,46,5,attn,recovery,-0.0234375,0.1482243537902832,2923,GCAGAG,3.23828125,3083,GCGGAG,3.3203125,3083,GCGGAG,3.3203125,2923,GCAGAG,0.004018191248178482,3083,GCGGAG,0.0032714572735130787,3390,GGGCGN,0.34991398453712463,False,False,True,-5.401298403739929e-05,
2,47,5,attn,recovery,-0.0234375,0.1514759063720703,2923,GCAGAG,3.25,3083,GCGGAG,3.33203125,3083,GCGGAG,3.33203125,2923,GCAGAG,0.004063321743160486,3083,GCGGAG,0.003313556080684066,3390,GGGCGN,0.34856024384498596,False,False,True,-0.0020659752190113068,
2,48,5,attn,recovery,-0.0234375,0.13996756076812744,2923,GCAGAG,3.25390625,3083,GCGGAG,3.3359375,3083,GCGGAG,3.3359375,2923,GCAGAG,0.00406670244410634,3083,GCGGAG,0.0033276670146733522,3390,GGGCGN,0.3529731333255768,False,False,True,-0.0007134191691875458,
2,49,5,attn,recovery,0.0234375,0.07223260402679443,2923,GCAGAG,3.2421875,3083,GCGGAG,3.3203125,3083,GCGGAG,3.3203125,2923,GCAGAG,0.003936314024031162,3083,GCGGAG,0.0032604336738586426,3390,GGGCGN,0.35384851694107056,False,False,True,-0.0007034018635749817,
2,50,5,attn,recovery,0.0234375,0.039243221282958984,2923,GCAGAG,3.234375,3083,GCGGAG,3.3125,3083,GCGGAG,3.3125,2923,GCAGAG,0.003894113004207611,3083,GCGGAG,0.003248991444706917,3390,GGGCGN,0.3583890497684479,False,False,True,-0.0003642253577709198,
2,51,5,attn,recovery,0.04638671875,0.018332362174987793,2923,GCAGAG,3.232421875,3083,GCGGAG,3.30859375,3083,GCGGAG,3.30859375,2923,GCAGAG,0.003866971470415592,3083,GCGGAG,0.0032413469161838293,3390,GGGCGN,0.35579338669776917,False,False,True,-0.00017371028661727905,
3,0,5,attn,recovery,0.09326171875,0.013070106506347656,2923,GCAGAG,3.2578125,3083,GCGGAG,3.330078125,3083,GCGGAG,3.330078125,2923,GCAGAG,0.003908459097146988,3083,GCGGAG,0.003287740983068943,3390,GGGCGN,0.35765156149864197,False,False,True,-0.0017138868570327759,
3,1,5,attn,recovery,0.232421875,0.10807019472122192,2923,GCAGAG,3.240234375,3083,GCGGAG,3.30078125,3083,GCGGAG,3.30078125,2923,GCAGAG,0.003929528407752514,3083,GCGGAG,0.0032202336005866528,3390,GGGCGN,0.3545886278152466,False,False,True,-0.0016766153275966644,
3,2,5,attn,recovery,0.32568359375,0.42436957359313965,2923,GCAGAG,3.244140625,3083,GCGGAG,3.296875,3083,GCGGAG,3.296875,2923,GCAGAG,0.00419912813231349,3083,GCGGAG,0.0031949204858392477,3390,GGGCGN,0.3526935875415802,False,False,True,0.0004973225295543671,
3,3,5,attn,recovery,0.48828125,0.443727970123291,2923,GCAGAG,3.232421875,3083,GCGGAG,3.271484375,3083,GCGGAG,3.271484375,2923,GCAGAG,0.004125642124563456,3083,GCGGAG,0.003103384980931878,3390,GGGCGN,0.35058459639549255,False,False,True,0.0012448281049728394,
3,4,5,attn,recovery,0.55810546875,0.4838993549346924,2923,GCAGAG,3.263671875,3083,GCGGAG,3.296875,3083,GCGGAG,3.296875,2923,GCAGAG,0.004157953429967165,3083,GCGGAG,0.003098241053521633,3390,GGGCGN,0.3591684401035309,False,False,True,-0.0001536831259727478,
3,5,5,attn,recovery,0.44189453125,0.22015905380249023,2923,GCAGAG,3.234375,3083,GCGGAG,3.27734375,3083,GCGGAG,3.27734375,2923,GCAGAG,0.003842728678137064,3083,GCGGAG,0.0030289238784462214,3390,GGGCGN,0.36023926734924316,False,False,True,-0.001276794821023941,
3,6,5,attn,recovery,0.255859375,-0.017420411109924316,2923,GCAGAG,3.212890625,3083,GCGGAG,3.271484375,3083,GCGGAG,3.271484375,2923,GCAGAG,0.003628827165812254,3083,GCGGAG,0.00303653790615499,3390,GGGCGN,0.3650006651878357,False,False,True,0.0010197311639785767,
3,7,5,attn,recovery,0.06982421875,-0.14737415313720703,2923,GCAGAG,3.2109375,3083,GCGGAG,3.28515625,3083,GCGGAG,3.28515625,2923,GCAGAG,0.003617631271481514,3083,GCGGAG,0.003146508941426873,3390,GGGCGN,0.36719879508018494,False,False,True,0.001964610069990158,
3,8,5,attn,recovery,-0.0693359375,-0.13060927391052246,2923,GCAGAG,3.21484375,3083,GCGGAG,3.30078125,3083,GCGGAG,3.30078125,2923,GCAGAG,0.0037560381460934877,3083,GCGGAG,0.0032692844979465008,3390,GGGCGN,0.35986897349357605,False,False,True,0.002475012093782425,
3,9,5,attn,recovery,-0.0693359375,-0.03345656394958496,2923,GCAGAG,3.22265625,3083,GCGGAG,3.30859375,3083,GCGGAG,3.30859375,2923,GCAGAG,0.0038800938054919243,3083,GCGGAG,0.0033027564641088247,3390,GGGCGN,0.3524756133556366,False,False,True,-0.00014989078044891357,
3,10,5,attn,recovery,-0.0234375,0.05297130346298218,2923,GCAGAG,3.234375,3083,GCGGAG,3.31640625,3083,GCGGAG,3.31640625,2923,GCAGAG,0.003964067902415991,3083,GCGGAG,0.003306146478280425,3390,GGGCGN,0.350604772567749,False,False,True,-0.0009785965085029602,
3,11,5,attn,recovery,0.0234375,0.029446899890899658,2923,GCAGAG,3.23828125,3083,GCGGAG,3.31640625,3083,GCGGAG,3.31640625,2923,GCAGAG,0.003935383167117834,3083,GCGGAG,0.003299395553767681,3390,GGGCGN,0.35249319672584534,False,False,True,-0.0004457905888557434,
3,12,5,attn,recovery,0.0234375,-0.010455846786499023,2923,GCAGAG,3.2265625,3083,GCGGAG,3.3046875,3083,GCGGAG,3.3046875,2923,GCAGAG,0.0038514300249516964,3083,GCGGAG,0.003252647118642926,3390,GGGCGN,0.35222867131233215,False,False,True,-0.0009941942989826202,
3,13,5,attn,recovery,0.0,0.02524268627166748,2923,GCAGAG,3.25,3083,GCGGAG,3.330078125,3083,GCGGAG,3.330078125,2923,GCAGAG,0.00403080228716135,3083,GCGGAG,0.003398734610527754,3390,GGGCGN,0.34805744886398315,False,False,True,-0.0015365295112133026,
3,14,5,attn,recovery,-0.1630859375,-0.1034095287322998,2923,GCAGAG,3.265625,3083,GCGGAG,3.359375,3083,GCGGAG,3.359375,2923,GCAGAG,0.003918028436601162,3083,GCGGAG,0.0034059141762554646,3390,GGGCGN,0.36082127690315247,False,False,True,0.00038076937198638916,
3,15,5,attn,recovery,-0.302734375,-0.2102419137954712,2923,GCAGAG,3.291015625,3083,GCGGAG,3.396484375,3083,GCGGAG,3.396484375,2923,GCAGAG,0.003931710496544838,3083,GCGGAG,0.003519205143675208,3390,GGGCGN,0.36692002415657043,False,False,True,0.0035784393548965454,
3,16,5,attn,recovery,-0.0693359375,-0.04980587959289551,2923,GCAGAG,3.25,3083,GCGGAG,3.3359375,3083,GCGGAG,3.3359375,2923,GCAGAG,0.003966799005866051,3083,GCGGAG,0.0034047055523842573,3390,GGGCGN,0.35426774621009827,False,False,True,-0.00042827799916267395,
3,17,5,attn,recovery,-0.046875,0.1142544150352478,2923,GCAGAG,3.2578125,3083,GCGGAG,3.341796875,3083,GCGGAG,3.341796875,2923,GCAGAG,0.00417989119887352,3083,GCGGAG,0.0034648303408175707,3390,GGGCGN,0.34474995732307434,False,False,True,-0.002809368073940277,
3,18,5,attn,recovery,0.06982421875,0.22140789031982422,2923,GCAGAG,3.25390625,3083,GCGGAG,3.328125,3083,GCGGAG,3.328125,2923,GCAGAG,0.004269285127520561,3083,GCGGAG,0.0034543159417808056,3390,GGGCGN,0.3393576145172119,False,False,True,-0.005404457449913025,
3,19,5,attn,recovery,0.0,0.150598406791687,2923,GCAGAG,3.27734375,3083,GCGGAG,3.357421875,3083,GCGGAG,3.357421875,2923,GCAGAG,0.004123511724174023,3083,GCGGAG,0.003374564228579402,3390,GGGCGN,0.35509708523750305,False,False,True,-0.0022897869348526,
3,20,5,attn,recovery,0.0,0.1835917830467224,2923,GCAGAG,3.23828125,3083,GCGGAG,3.318359375,3083,GCGGAG,3.318359375,2923,GCAGAG,0.004068274050951004,3083,GCGGAG,0.0032885640393942595,3390,GGGCGN,0.34929409623146057,False,False,True,-0.0017776377499103546,
3,21,5,attn,recovery,0.1396484375,0.14669185876846313,2923,GCAGAG,3.224609375,3083,GCGGAG,3.29296875,3083,GCGGAG,3.29296875,2923,GCAGAG,0.003892265958711505,3083,GCGGAG,0.0031469608657062054,3390,GGGCGN,0.3501024842262268,False,False,True,-0.0055662840604782104,
3,22,5,attn,recovery,0.18603515625,0.049675047397613525,2923,GCAGAG,3.21484375,3083,GCGGAG,3.279296875,3083,GCGGAG,3.279296875,2923,GCAGAG,0.003686213865876198,3083,GCGGAG,0.003031365806236863,3390,GGGCGN,0.3570369482040405,False,False,True,-0.005494978278875351,
3,23,5,attn,recovery,0.09326171875,-0.0033496618270874023,2923,GCAGAG,3.220703125,3083,GCGGAG,3.29296875,3083,GCGGAG,3.29296875,2923,GCAGAG,0.0036673631984740496,3083,GCGGAG,0.0030619546305388212,3390,GGGCGN,0.3596945106983185,False,False,True,-0.005930684506893158,
3,24,5,attn,recovery,0.0,-0.022833704948425293,2923,GCAGAG,3.232421875,3083,GCGGAG,3.3125,3083,GCGGAG,3.3125,2923,GCAGAG,0.0037998887710273266,3083,GCGGAG,0.0032126468140631914,3390,GGGCGN,0.3582400679588318,False,False,True,-0.00138796865940094,
3,25,5,attn,recovery,-0.0234375,0.1079985499382019,2923,GCAGAG,3.2421875,3083,GCGGAG,3.32421875,3083,GCGGAG,3.32421875,2923,GCAGAG,0.004038595128804445,3083,GCGGAG,0.003329367144033313,3390,GGGCGN,0.35025554895401,False,False,True,-0.00209619477391243,
3,26,5,attn,recovery,-0.0234375,0.08337563276290894,2923,GCAGAG,3.234375,3083,GCGGAG,3.31640625,3083,GCGGAG,3.31640625,2923,GCAGAG,0.0039751846343278885,3083,GCGGAG,0.003288914682343602,3390,GGGCGN,0.3526626229286194,False,False,True,-0.0008127205073833466,
3,27,5,attn,recovery,0.0234375,0.14001423120498657,2923,GCAGAG,3.2421875,3083,GCGGAG,3.3203125,3083,GCGGAG,3.3203125,2923,GCAGAG,0.004003784619271755,3083,GCGGAG,0.0032647056505084038,3390,GGGCGN,0.3559160530567169,False,False,True,-0.00017065927386283875,
3,28,5,attn,recovery,0.0234375,0.08794540166854858,2923,GCAGAG,3.25,3083,GCGGAG,3.328125,3083,GCGGAG,3.328125,2923,GCAGAG,0.00400865962728858,3083,GCGGAG,0.003318128874525428,3390,GGGCGN,0.3587937355041504,False,False,True,-0.0003897547721862793,
3,29,5,attn,recovery,0.0234375,0.0495949387550354,2923,GCAGAG,3.251953125,3083,GCGGAG,3.330078125,3083,GCGGAG,3.330078125,2923,GCAGAG,0.003977452404797077,3083,GCGGAG,0.0033226790837943554,3390,GGGCGN,0.3577430546283722,False,False,True,-0.0013647302985191345,
3,30,5,attn,recovery,0.0234375,0.015262365341186523,2923,GCAGAG,3.2421875,3083,GCGGAG,3.3203125,3083,GCGGAG,3.3203125,2923,GCAGAG,0.0039565288461744785,3083,GCGGAG,0.0033337667118757963,3390,GGGCGN,0.35243508219718933,False,False,True,-0.002172037959098816,
3,31,5,attn,recovery,0.0,-0.01767253875732422,2923,GCAGAG,3.23828125,3083,GCGGAG,3.318359375,3083,GCGGAG,3.318359375,2923,GCAGAG,0.003924261312931776,3083,GCGGAG,0.0033322072122246027,3390,GGGCGN,0.3574793040752411,False,False,True,-0.0015368051826953888,
3,32,5,attn,recovery,0.04638671875,0.027653217315673828,2923,GCAGAG,3.251953125,3083,GCGGAG,3.328125,3083,GCGGAG,3.328125,2923,GCAGAG,0.004028612747788429,3083,GCGGAG,0.003394297556951642,3390,GGGCGN,0.3585277199745178,False,False,True,-0.0019105002284049988,
3,33,5,attn,recovery,0.0234375,0.08377665281295776,2923,GCAGAG,3.25390625,3083,GCGGAG,3.33203125,3083,GCGGAG,3.33203125,2923,GCAGAG,0.004078416153788567,3083,GCGGAG,0.003391772275790572,3390,GGGCGN,0.3577038049697876,False,False,True,-0.0019484534859657288,
3,34,5,attn,recovery,0.04638671875,0.10095429420471191,2923,GCAGAG,3.263671875,3083,GCGGAG,3.33984375,3083,GCGGAG,3.33984375,2923,GCAGAG,0.004122038837522268,3083,GCGGAG,0.003419378772377968,3390,GGGCGN,0.352864146232605,False,False,True,-0.0027609430253505707,
3,35,5,attn,recovery,0.0,0.001972973346710205,2923,GCAGAG,3.232421875,3083,GCGGAG,3.3125,3083,GCGGAG,3.3125,2923,GCAGAG,0.0039001209661364555,3083,GCGGAG,0.003289749613031745,3390,GGGCGN,0.3518168330192566,False,False,True,-0.0021761134266853333,
3,36,5,attn,recovery,-0.046875,-0.02008509635925293,2923,GCAGAG,3.2265625,3083,GCGGAG,3.310546875,3083,GCGGAG,3.310546875,2923,GCAGAG,0.00384021014906466,3083,GCGGAG,0.0032504054252058268,3390,GGGCGN,0.35187846422195435,False,False,True,-0.0019304528832435608,
3,37,5,attn,recovery,0.0,0.11169606447219849,2923,GCAGAG,3.23046875,3083,GCGGAG,3.310546875,3083,GCGGAG,3.310546875,2923,GCAGAG,0.00393409188836813,3083,GCGGAG,0.0032214163802564144,3390,GGGCGN,0.34803852438926697,False,False,True,-0.0013138316571712494,
3,38,5,attn,recovery,0.04638671875,0.14070093631744385,2923,GCAGAG,3.2421875,3083,GCGGAG,3.318359375,3083,GCGGAG,3.318359375,2923,GCAGAG,0.003983641508966684,3083,GCGGAG,0.0032439222559332848,3390,GGGCGN,0.34898650646209717,False,False,True,-0.0022331587970256805,
3,39,5,attn,recovery,0.06982421875,0.1439964771270752,2923,GCAGAG,3.23828125,3083,GCGGAG,3.3125,3083,GCGGAG,3.3125,2923,GCAGAG,0.003965199925005436,3083,GCGGAG,0.0032224080059677362,3390,GGGCGN,0.3506834805011749,False,False,True,-0.0023851394653320312,
3,40,5,attn,recovery,-0.046875,-0.033032774925231934,2923,GCAGAG,3.224609375,3083,GCGGAG,3.30859375,3083,GCGGAG,3.30859375,2923,GCAGAG,0.0037967555690556765,3083,GCGGAG,0.0032190231140702963,3390,GGGCGN,0.3575516641139984,False,False,True,0.0003515593707561493,
3,41,5,attn,recovery,0.04638671875,-0.05099356174468994,2923,GCAGAG,3.224609375,3083,GCGGAG,3.30078125,3083,GCGGAG,3.30078125,2923,GCAGAG,0.003711323719471693,3083,GCGGAG,0.0031503376085311174,3390,GGGCGN,0.3637729585170746,False,False,True,0.0015541575849056244,
3,42,5,attn,recovery,0.04638671875,-0.062381863594055176,2923,GCAGAG,3.2265625,3083,GCGGAG,3.302734375,3083,GCGGAG,3.302734375,2923,GCAGAG,0.0037202879320830107,3083,GCGGAG,0.00316992006264627,3390,GGGCGN,0.3647072911262512,False,False,True,0.0029365718364715576,
3,43,5,attn,recovery,0.06982421875,0.015934348106384277,2923,GCAGAG,3.24609375,3083,GCGGAG,3.3203125,3083,GCGGAG,3.3203125,2923,GCAGAG,0.00389444874599576,3083,GCGGAG,0.003271060064435005,3390,GGGCGN,0.36063626408576965,False,False,True,0.0006504766643047333,
3,44,5,attn,recovery,0.0234375,0.032545626163482666,2923,GCAGAG,3.2421875,3083,GCGGAG,3.3203125,3083,GCGGAG,3.3203125,2923,GCAGAG,0.003932107239961624,3083,GCGGAG,0.0032932304311543703,3390,GGGCGN,0.35591670870780945,False,False,True,-3.528594970703125e-05,
3,45,5,attn,recovery,0.0,0.07468128204345703,2923,GCAGAG,3.25,3083,GCGGAG,3.330078125,3083,GCGGAG,3.330078125,2923,GCAGAG,0.0040069161914289,3083,GCGGAG,0.0033287527039647102,3390,GGGCGN,0.355293333530426,False,False,True,0.00018403679132461548,
3,46,5,attn,recovery,-0.0693359375,0.0017909407615661621,2923,GCAGAG,3.2421875,3083,GCGGAG,3.328125,3083,GCGGAG,3.328125,2923,GCAGAG,0.003962348680943251,3083,GCGGAG,0.0033521470613777637,3390,GGGCGN,0.3533630669116974,False,False,True,0.00030493736267089844,
3,47,5,attn,recovery,-0.046875,-0.008412957191467285,2923,GCAGAG,3.232421875,3083,GCGGAG,3.31640625,3083,GCGGAG,3.31640625,2923,GCAGAG,0.0038464714307338,3083,GCGGAG,0.0032457837369292974,3390,GGGCGN,0.35625866055488586,False,False,True,0.0019454099237918854,
3,48,5,attn,recovery,-0.046875,-0.027417659759521484,2923,GCAGAG,3.224609375,3083,GCGGAG,3.30859375,3083,GCGGAG,3.30859375,2923,GCAGAG,0.003793139010667801,3083,GCGGAG,0.00321017112582922,3390,GGGCGN,0.3584887385368347,False,False,True,0.0016316398978233337,
3,49,5,attn,recovery,0.0234375,0.029934823513031006,2923,GCAGAG,3.234375,3083,GCGGAG,3.3125,3083,GCGGAG,3.3125,2923,GCAGAG,0.003918973729014397,3083,GCGGAG,0.003282531164586544,3390,GGGCGN,0.35968783497810364,False,False,True,0.0016095750033855438,
3,50,5,attn,recovery,0.09326171875,0.09313797950744629,2923,GCAGAG,3.2578125,3083,GCGGAG,3.330078125,3083,GCGGAG,3.330078125,2923,GCAGAG,0.004116611089557409,3083,GCGGAG,0.0034212388563901186,3390,GGGCGN,0.35582515597343445,False,False,True,-0.000379316508769989,
3,51,5,attn,recovery,0.18603515625,0.1552520990371704,2923,GCAGAG,3.259765625,3083,GCGGAG,3.32421875,3083,GCGGAG,3.32421875,2923,GCAGAG,0.004141709767282009,3083,GCGGAG,0.003388423239812255,3390,GGGCGN,0.3551219701766968,False,False,True,-0.0007834695279598236,
4,0,5,attn,recovery,0.232421875,0.19660216569900513,2923,GCAGAG,3.220703125,3083,GCGGAG,3.28125,3083,GCGGAG,3.28125,2923,GCAGAG,0.003967432305216789,3083,GCGGAG,0.0031755915842950344,3390,GGGCGN,0.3511594235897064,False,False,True,-0.00040543079376220703,
4,1,5,attn,recovery,0.53515625,0.33293360471725464,2923,GCAGAG,3.205078125,3083,GCGGAG,3.240234375,3083,GCGGAG,3.240234375,2923,GCAGAG,0.003965276293456554,3083,GCGGAG,0.0030463221482932568,3390,GGGCGN,0.34729281067848206,False,False,True,-0.00113707035779953,
4,2,5,attn,recovery,0.41845703125,0.22649359703063965,2923,GCAGAG,3.220703125,3083,GCGGAG,3.265625,3083,GCGGAG,3.265625,2923,GCAGAG,0.003963648807257414,3083,GCGGAG,0.0031439377926290035,3390,GGGCGN,0.3446063995361328,False,False,True,-0.0010320059955120087,
4,3,5,attn,recovery,0.67431640625,0.36896777153015137,2923,GCAGAG,3.240234375,3083,GCGGAG,3.263671875,3083,GCGGAG,3.263671875,2923,GCAGAG,0.004041333217173815,3083,GCGGAG,0.00308878137730062,3390,GGGCGN,0.3470551073551178,False,False,True,-0.0005219876766204834,
4,4,5,attn,recovery,0.3486328125,0.19597363471984863,2923,GCAGAG,3.265625,3083,GCGGAG,3.31640625,3083,GCGGAG,3.31640625,2923,GCAGAG,0.0040201907977461815,3083,GCGGAG,0.0032289361115545034,3390,GGGCGN,0.3536747395992279,False,False,True,8.447468280792236e-05,
4,5,5,attn,recovery,0.48828125,0.22506117820739746,2923,GCAGAG,3.26953125,3083,GCGGAG,3.30859375,3083,GCGGAG,3.30859375,2923,GCAGAG,0.003943354357033968,3083,GCGGAG,0.0031249788589775562,3390,GGGCGN,0.3643191158771515,False,False,True,0.000507354736328125,
4,6,5,attn,recovery,-0.0693359375,-0.14189589023590088,2923,GCAGAG,3.265625,3083,GCGGAG,3.3515625,3083,GCGGAG,3.3515625,2923,GCAGAG,0.0037684678100049496,3083,GCGGAG,0.00329223764128983,3390,GGGCGN,0.36727210879325867,False,False,True,-0.0007798969745635986,
4,7,5,attn,recovery,-0.208984375,-0.14409863948822021,2923,GCAGAG,3.263671875,3083,GCGGAG,3.361328125,3083,GCGGAG,3.361328125,2923,GCAGAG,0.0038742811884731054,3083,GCGGAG,0.003400104818865657,3390,GGGCGN,0.35887816548347473,False,False,True,-0.0016820095479488373,
4,8,5,attn,recovery,-0.279296875,-0.13927114009857178,2923,GCAGAG,3.271484375,3083,GCGGAG,3.375,3083,GCGGAG,3.375,2923,GCAGAG,0.003989742137491703,3083,GCGGAG,0.003511064685881138,3390,GGGCGN,0.3614753484725952,False,False,True,-0.0023168250918388367,
4,9,5,attn,recovery,-0.0234375,0.07756900787353516,2923,GCAGAG,3.26171875,3083,GCGGAG,3.34375,3083,GCGGAG,3.34375,2923,GCAGAG,0.004051980562508106,3083,GCGGAG,0.0033711246214807034,3390,GGGCGN,0.36289259791374207,False,False,True,-0.0011009983718395233,
4,10,5,attn,recovery,-0.046875,0.07306337356567383,2923,GCAGAG,3.2578125,3083,GCGGAG,3.341796875,3083,GCGGAG,3.341796875,2923,GCAGAG,0.004033684730529785,3083,GCGGAG,0.003357029752805829,3390,GGGCGN,0.3578088581562042,False,False,True,-0.001321442425251007,
4,11,5,attn,recovery,-0.208984375,-0.0306851863861084,2923,GCAGAG,3.244140625,3083,GCGGAG,3.341796875,3083,GCGGAG,3.341796875,2923,GCAGAG,0.003913181833922863,3083,GCGGAG,0.003333260538056493,3390,GGGCGN,0.3552211821079254,False,False,True,-0.0001274794340133667,
4,12,5,attn,recovery,0.0,-0.011145234107971191,2923,GCAGAG,3.2578125,3083,GCGGAG,3.337890625,3083,GCGGAG,3.337890625,2923,GCAGAG,0.003956445027142763,3083,GCGGAG,0.0033583049662411213,3390,GGGCGN,0.35309505462646484,False,False,True,-0.00033254921436309814,
4,13,5,attn,recovery,0.0,0.02963942289352417,2923,GCAGAG,3.240234375,3083,GCGGAG,3.3203125,3083,GCGGAG,3.3203125,2923,GCAGAG,0.004031160846352577,3083,GCGGAG,0.003394993720576167,3390,GGGCGN,0.34467408061027527,False,False,True,-0.0008638761937618256,
4,14,5,attn,recovery,-0.0693359375,0.06710445880889893,2923,GCAGAG,3.291015625,3083,GCGGAG,3.376953125,3083,GCGGAG,3.376953125,2923,GCAGAG,0.004246290307492018,3083,GCGGAG,0.003575191367417574,3390,GGGCGN,0.3476071059703827,False,False,True,-0.0018084421753883362,
4,15,5,attn,recovery,-0.208984375,0.09315520524978638,2923,GCAGAG,3.28515625,3083,GCGGAG,3.3828125,3083,GCGGAG,3.3828125,2923,GCAGAG,0.004362420178949833,3083,GCGGAG,0.00366703188046813,3390,GGGCGN,0.3401576280593872,False,False,True,-0.0036843977868556976,
4,16,5,attn,recovery,-0.046875,0.45834505558013916,2923,GCAGAG,3.39453125,3083,GCGGAG,3.478515625,3083,GCGGAG,3.478515625,2923,GCAGAG,0.0051275333389639854,3083,GCGGAG,0.004091647453606129,3390,GGGCGN,0.3412102162837982,False,False,True,-0.0067504942417144775,
4,17,5,attn,recovery,-0.0927734375,-0.08754265308380127,2923,GCAGAG,3.341796875,3083,GCGGAG,3.4296875,3083,GCGGAG,3.4296875,2923,GCAGAG,0.00459497794508934,3083,GCGGAG,0.004068069625645876,3390,GGGCGN,0.33674782514572144,False,False,True,-0.009402059018611908,
4,18,5,attn,recovery,-0.0234375,-0.29689276218414307,2923,GCAGAG,3.3515625,3083,GCGGAG,3.43359375,3083,GCGGAG,3.43359375,2923,GCAGAG,0.004412294831126928,3083,GCGGAG,0.004080581478774548,3390,GGGCGN,0.34270521998405457,False,False,True,-0.010968338698148727,
4,19,5,attn,recovery,0.1396484375,-0.19553542137145996,2923,GCAGAG,3.240234375,3083,GCGGAG,3.30859375,3083,GCGGAG,3.30859375,2923,GCAGAG,0.004023663233965635,3083,GCGGAG,0.003597445785999298,3390,GGGCGN,0.34038829803466797,False,False,True,-0.018026698380708694,
4,20,5,attn,recovery,0.16259765625,0.18573158979415894,2923,GCAGAG,3.26953125,3083,GCGGAG,3.3359375,3083,GCGGAG,3.3359375,2923,GCAGAG,0.004759564530104399,3083,GCGGAG,0.003977859392762184,3390,GGGCGN,0.3217311501502991,False,False,True,-0.02713218331336975,
4,21,5,attn,recovery,0.16259765625,0.2768253684043884,2923,GCAGAG,3.22265625,3083,GCGGAG,3.2890625,3083,GCGGAG,3.2890625,2923,GCAGAG,0.004448130261152983,3083,GCGGAG,0.0035814906004816294,3390,GGGCGN,0.3306448459625244,False,False,True,-0.029448246583342552,
4,22,5,attn,recovery,0.1162109375,-0.10300099849700928,2923,GCAGAG,3.220703125,3083,GCGGAG,3.291015625,3083,GCGGAG,3.291015625,2923,GCAGAG,0.003869163803756237,3083,GCGGAG,0.003356668632477522,3390,GGGCGN,0.34714409708976746,False,False,True,-0.016211390495300293,
4,23,5,attn,recovery,0.18603515625,-0.09451520442962646,2923,GCAGAG,3.19921875,3083,GCGGAG,3.263671875,3083,GCGGAG,3.263671875,2923,GCAGAG,0.0034762579016387463,3083,GCGGAG,0.0029558506794273853,3390,GGGCGN,0.3647056818008423,False,False,True,-0.004497412592172623,
4,24,5,attn,recovery,0.09326171875,0.04272347688674927,2923,GCAGAG,3.220703125,3083,GCGGAG,3.29296875,3083,GCGGAG,3.29296875,2923,GCAGAG,0.003805795218795538,3083,GCGGAG,0.0031574286986142397,3390,GGGCGN,0.3524589538574219,False,False,True,0.0015782378613948822,
4,25,5,attn,recovery,-0.046875,-0.04051029682159424,2923,GCAGAG,3.224609375,3083,GCGGAG,3.30859375,3083,GCGGAG,3.30859375,2923,GCAGAG,0.003866291604936123,3083,GCGGAG,0.003295531030744314,3390,GGGCGN,0.35079333186149597,False,False,True,0.0010207295417785645,
4,26,5,attn,recovery,-0.0693359375,-0.014841556549072266,2923,GCAGAG,3.224609375,3083,GCGGAG,3.310546875,3083,GCGGAG,3.310546875,2923,GCAGAG,0.0038314799312502146,3083,GCGGAG,0.0032367862295359373,3390,GGGCGN,0.3539507985115051,False,False,True,7.368624210357666e-05,
4,27,5,attn,recovery,-0.0234375,0.07061916589736938,2923,GCAGAG,3.25390625,3083,GCGGAG,3.3359375,3083,GCGGAG,3.3359375,2923,GCAGAG,0.003970861900597811,3083,GCGGAG,0.0032964858692139387,3390,GGGCGN,0.35715028643608093,False,False,True,0.0007278099656105042,
4,28,5,attn,recovery,0.0234375,0.09251844882965088,2923,GCAGAG,3.263671875,3083,GCGGAG,3.341796875,3083,GCGGAG,3.341796875,2923,GCAGAG,0.0039723459631204605,3083,GCGGAG,0.003277551382780075,3390,GGGCGN,0.36245638132095337,False,False,True,0.0002229548990726471,
4,29,5,attn,recovery,-0.0234375,0.07964938879013062,2923,GCAGAG,3.2578125,3083,GCGGAG,3.33984375,3083,GCGGAG,3.33984375,2923,GCAGAG,0.0040078856982290745,3083,GCGGAG,0.003325090045109391,3390,GGGCGN,0.35794803500175476,False,False,True,-0.00042474642395973206,
4,30,5,attn,recovery,0.0,0.023498177528381348,2923,GCAGAG,3.244140625,3083,GCGGAG,3.32421875,3083,GCGGAG,3.32421875,2923,GCAGAG,0.003954341635107994,3083,GCGGAG,0.0033239005133509636,3390,GGGCGN,0.3532305955886841,False,False,True,-0.0012004338204860687,
4,31,5,attn,recovery,0.0,0.008265554904937744,2923,GCAGAG,3.240234375,3083,GCGGAG,3.3203125,3083,GCGGAG,3.3203125,2923,GCAGAG,0.003938905894756317,3083,GCGGAG,0.0033226674422621727,3390,GGGCGN,0.35488203167915344,False,False,True,-0.001802835613489151,
4,32,5,attn,recovery,0.0234375,-0.0640486478805542,2923,GCAGAG,3.240234375,3083,GCGGAG,3.318359375,3083,GCGGAG,3.318359375,2923,GCAGAG,0.0038049547001719475,3083,GCGGAG,0.003256140975281596,3390,GGGCGN,0.3621273636817932,False,False,True,-0.0007551051676273346,
4,33,5,attn,recovery,0.0234375,-0.05248081684112549,2923,GCAGAG,3.232421875,3083,GCGGAG,3.310546875,3083,GCGGAG,3.310546875,2923,GCAGAG,0.003747805254533887,3083,GCGGAG,0.0031882058829069138,3390,GGGCGN,0.3650466501712799,False,False,True,2.3558735847473145e-05,
4,34,5,attn,recovery,-0.0693359375,-0.14419877529144287,2923,GCAGAG,3.23046875,3083,GCGGAG,3.31640625,3083,GCGGAG,3.31640625,2923,GCAGAG,0.0036908190231770277,3083,GCGGAG,0.0032167360186576843,3390,GGGCGN,0.359649658203125,False,False,True,-0.00029135867953300476,
4,35,5,attn,recovery,-0.1162109375,-0.10920393466949463,2923,GCAGAG,3.2265625,3083,GCGGAG,3.31640625,3083,GCGGAG,3.31640625,2923,GCAGAG,0.0037491810508072376,3083,GCGGAG,0.0032424693927168846,3390,GGGCGN,0.3550378978252411,False,False,True,-0.0012672953307628632,
4,36,5,attn,recovery,-0.0927734375,-0.11105751991271973,2923,GCAGAG,3.23046875,3083,GCGGAG,3.318359375,3083,GCGGAG,3.318359375,2923,GCAGAG,0.0037510469555854797,3083,GCGGAG,0.0032460635993629694,3390,GGGCGN,0.357334703207016,False,False,True,-0.0011364780366420746,
4,37,5,attn,recovery,-0.0927734375,-0.10583150386810303,2923,GCAGAG,3.234375,3083,GCGGAG,3.322265625,3083,GCGGAG,3.322265625,2923,GCAGAG,0.0036750442814081907,3083,GCGGAG,0.003165188245475292,3390,GGGCGN,0.3628649413585663,False,False,True,-8.35619866847992e-05,
4,38,5,attn,recovery,-0.208984375,-0.14758837223052979,2923,GCAGAG,3.234375,3083,GCGGAG,3.33203125,3083,GCGGAG,3.33203125,2923,GCAGAG,0.0037022687029093504,3083,GCGGAG,0.0032313461415469646,3390,GGGCGN,0.36090850830078125,False,False,True,4.1253864765167236e-05,
4,39,5,attn,recovery,-0.1865234375,-0.0918736457824707,2923,GCAGAG,3.232421875,3083,GCGGAG,3.328125,3083,GCGGAG,3.328125,2923,GCAGAG,0.0036995685659348965,3083,GCGGAG,0.003176698461174965,3390,GGGCGN,0.3607223331928253,False,False,True,-2.82973051071167e-05,
4,40,5,attn,recovery,-0.0693359375,0.013291358947753906,2923,GCAGAG,3.232421875,3083,GCGGAG,3.318359375,3083,GCGGAG,3.318359375,2923,GCAGAG,0.003884030506014824,3083,GCGGAG,0.0032631061039865017,3390,GGGCGN,0.35465767979621887,False,False,True,-0.001065574586391449,
4,41,5,attn,recovery,0.0,0.04845994710922241,2923,GCAGAG,3.23828125,3083,GCGGAG,3.318359375,3083,GCGGAG,3.318359375,2923,GCAGAG,0.003945987205952406,3083,GCGGAG,0.003292272100225091,3390,GGGCGN,0.35176438093185425,False,False,True,-0.0013843923807144165,
4,42,5,attn,recovery,-0.046875,0.039953410625457764,2923,GCAGAG,3.234375,3083,GCGGAG,3.318359375,3083,GCGGAG,3.318359375,2923,GCAGAG,0.003936871886253357,3083,GCGGAG,0.003291088156402111,3390,GGGCGN,0.3539958894252777,False,False,True,-0.0014034286141395569,
4,43,5,attn,recovery,0.06982421875,-0.011282920837402344,2923,GCAGAG,3.21875,3083,GCGGAG,3.29296875,3083,GCGGAG,3.29296875,2923,GCAGAG,0.003757587866857648,3083,GCGGAG,0.0031595760956406593,3390,GGGCGN,0.3579469323158264,False,False,True,0.0006245225667953491,
4,44,5,attn,recovery,0.0234375,0.009618043899536133,2923,GCAGAG,3.2109375,3083,GCGGAG,3.2890625,3083,GCGGAG,3.2890625,2923,GCAGAG,0.0037644440308213234,3083,GCGGAG,0.0031469445675611496,3390,GGGCGN,0.35651588439941406,False,False,True,0.0012323185801506042,
4,45,5,attn,recovery,-0.0234375,-0.025682687759399414,2923,GCAGAG,3.21875,3083,GCGGAG,3.30078125,3083,GCGGAG,3.30078125,2923,GCAGAG,0.003754510311409831,3083,GCGGAG,0.003169924719259143,3390,GGGCGN,0.3596896231174469,False,False,True,0.0013151951134204865,
4,46,5,attn,recovery,-0.1630859375,-0.06013214588165283,2923,GCAGAG,3.234375,3083,GCGGAG,3.328125,3083,GCGGAG,3.328125,2923,GCAGAG,0.0038034310564398766,3083,GCGGAG,0.003250965615734458,3390,GGGCGN,0.3598456084728241,False,False,True,0.0004504881799221039,
4,47,5,attn,recovery,-0.1865234375,-0.0946345329284668,2923,GCAGAG,3.240234375,3083,GCGGAG,3.3359375,3083,GCGGAG,3.3359375,2923,GCAGAG,0.0038685861509293318,3083,GCGGAG,0.0033482902217656374,3390,GGGCGN,0.36043453216552734,False,False,True,0.0006726868450641632,
4,48,5,attn,recovery,-0.0927734375,-0.10635519027709961,2923,GCAGAG,3.25390625,3083,GCGGAG,3.341796875,3083,GCGGAG,3.341796875,2923,GCAGAG,0.003947539255023003,3083,GCGGAG,0.0034381714649498463,3390,GGGCGN,0.36162474751472473,False,False,True,0.0011113844811916351,
4,49,5,attn,recovery,0.0,-0.06153059005737305,2923,GCAGAG,3.271484375,3083,GCGGAG,3.3515625,3083,GCGGAG,3.3515625,2923,GCAGAG,0.004070911556482315,3083,GCGGAG,0.003519749967381358,3390,GGGCGN,0.3651781976222992,False,False,True,0.00020140781998634338,
4,50,5,attn,recovery,0.09326171875,-0.008756518363952637,2923,GCAGAG,3.2578125,3083,GCGGAG,3.330078125,3083,GCGGAG,3.330078125,2923,GCAGAG,0.003967781085520983,3083,GCGGAG,0.003367413766682148,3390,GGGCGN,0.36304670572280884,False,False,True,-0.00064845010638237,
4,51,5,attn,recovery,0.04638671875,-0.03337585926055908,2923,GCAGAG,3.24609375,3083,GCGGAG,3.322265625,3083,GCGGAG,3.322265625,2923,GCAGAG,0.0038697905838489532,3083,GCGGAG,0.0032923780381679535,3390,GGGCGN,0.36236679553985596,False,False,True,-0.0008892267942428589,
5,0,5,attn,recovery,-0.1162109375,-0.15806186199188232,2923,GCAGAG,3.2265625,3083,GCGGAG,3.31640625,3083,GCGGAG,3.31640625,2923,GCAGAG,0.003699191380292177,3083,GCGGAG,0.003238034201785922,3390,GGGCGN,0.3626944422721863,False,False,True,-0.0001516677439212799,
5,1,5,attn,recovery,-0.0693359375,-0.09589529037475586,2923,GCAGAG,3.24609375,3083,GCGGAG,3.33203125,3083,GCGGAG,3.33203125,2923,GCAGAG,0.003787796478718519,3083,GCGGAG,0.0032686761114746332,3390,GGGCGN,0.3651224374771118,False,False,True,-0.00015849247574806213,
5,2,5,attn,recovery,-0.1396484375,-0.23023128509521484,2923,GCAGAG,3.224609375,3083,GCGGAG,3.31640625,3083,GCGGAG,3.31640625,2923,GCAGAG,0.003669162280857563,3083,GCGGAG,0.0032752947881817818,3390,GGGCGN,0.36086076498031616,False,False,True,-0.00020104646682739258,
5,3,5,attn,recovery,0.0,-0.08075380325317383,2923,GCAGAG,3.25,3083,GCGGAG,3.330078125,3083,GCGGAG,3.330078125,2923,GCAGAG,0.003847228828817606,3083,GCGGAG,0.0033139907754957676,3390,GGGCGN,0.35668787360191345,False,False,True,-7.869675755500793e-05,
5,4,5,attn,recovery,0.0234375,-0.18929874897003174,2923,GCAGAG,3.240234375,3083,GCGGAG,3.318359375,3083,GCGGAG,3.318359375,2923,GCAGAG,0.003660844871774316,3083,GCGGAG,0.0032288124784827232,3390,GGGCGN,0.3592524826526642,False,False,True,0.00010316818952560425,
5,5,5,attn,recovery,0.1162109375,-0.08225810527801514,2923,GCAGAG,3.23828125,3083,GCGGAG,3.30859375,3083,GCGGAG,3.30859375,2923,GCAGAG,0.003699977183714509,3083,GCGGAG,0.0031681417021900415,3390,GGGCGN,0.3593118488788605,False,False,True,-0.0007343851029872894,
5,6,5,attn,recovery,-0.1630859375,-0.29039788246154785,2923,GCAGAG,3.25,3083,GCGGAG,3.34375,3083,GCGGAG,3.34375,2923,GCAGAG,0.003612129483371973,3083,GCGGAG,0.003274360438808799,3390,GGGCGN,0.36800792813301086,False,False,True,-0.0016259625554084778,
5,7,5,attn,recovery,-0.1630859375,-0.23856699466705322,2923,GCAGAG,3.25390625,3083,GCGGAG,3.34765625,3083,GCGGAG,3.34765625,2923,GCAGAG,0.003645834745839238,3083,GCGGAG,0.0032597393728792667,3390,GGGCGN,0.37044569849967957,False,False,True,-0.0010666437447071075,
5,8,5,attn,recovery,-0.1865234375,-0.2666672468185425,2923,GCAGAG,3.25390625,3083,GCGGAG,3.349609375,3083,GCGGAG,3.349609375,2923,GCAGAG,0.0036700579803436995,3083,GCGGAG,0.0033101628068834543,3390,GGGCGN,0.3691140413284302,False,False,True,-0.0008820518851280212,
5,9,5,attn,recovery,0.0234375,-0.06429815292358398,2923,GCAGAG,3.2421875,3083,GCGGAG,3.3203125,3083,GCGGAG,3.3203125,2923,GCAGAG,0.003845155006274581,3083,GCGGAG,0.00329657387919724,3390,GGGCGN,0.358295202255249,False,False,True,-0.0006544776260852814,
5,10,5,attn,recovery,0.04638671875,-0.04025006294250488,2923,GCAGAG,3.244140625,3083,GCGGAG,3.3203125,3083,GCGGAG,3.3203125,2923,GCAGAG,0.0038536780048161745,3083,GCGGAG,0.0032826748210936785,3390,GGGCGN,0.35908937454223633,False,False,True,-0.0005440115928649902,
5,11,5,attn,recovery,-0.0234375,-0.05960702896118164,2923,GCAGAG,3.23828125,3083,GCGGAG,3.3203125,3083,GCGGAG,3.3203125,2923,GCAGAG,0.0038013439625501633,3083,GCGGAG,0.0032483888790011406,3390,GGGCGN,0.3589573800563812,False,False,True,-0.00023040547966957092,
5,12,5,attn,recovery,0.0,-0.06107735633850098,2923,GCAGAG,3.2421875,3083,GCGGAG,3.322265625,3083,GCGGAG,3.322265625,2923,GCAGAG,0.003789877984672785,3083,GCGGAG,0.003238293807953596,3390,GGGCGN,0.36234739422798157,False,False,True,0.0009486079216003418,
5,13,5,attn,recovery,0.1162109375,-0.0015407800674438477,2923,GCAGAG,3.20703125,3083,GCGGAG,3.27734375,3083,GCGGAG,3.27734375,2923,GCAGAG,0.0037306291051208973,3083,GCGGAG,0.0031235339120030403,3390,GGGCGN,0.35399332642555237,False,False,True,0.001098979264497757,
5,14,5,attn,recovery,-0.0234375,-0.04250752925872803,2923,GCAGAG,3.25,3083,GCGGAG,3.33203125,3083,GCGGAG,3.33203125,2923,GCAGAG,0.003967198543250561,3083,GCGGAG,0.0033983001485466957,3390,GGGCGN,0.35306212306022644,False,False,True,0.0020567141473293304,
5,15,5,attn,recovery,0.1396484375,-0.025107860565185547,2923,GCAGAG,3.185546875,3083,GCGGAG,3.25390625,3083,GCGGAG,3.25390625,2923,GCAGAG,0.00380523269996047,3083,GCGGAG,0.003220111131668091,3390,GGGCGN,0.3450532555580139,False,False,True,0.0027318336069583893,
5,16,5,attn,recovery,0.0,-0.03829610347747803,2923,GCAGAG,3.201171875,3083,GCGGAG,3.28125,3083,GCGGAG,3.28125,2923,GCAGAG,0.003944306634366512,3083,GCGGAG,0.0033714815508574247,3390,GGGCGN,0.3423914611339569,False,False,True,-0.00021557137370109558,
5,17,5,attn,recovery,0.16259765625,0.0645303726196289,2923,GCAGAG,3.212890625,3083,GCGGAG,3.279296875,3083,GCGGAG,3.279296875,2923,GCAGAG,0.0038475384935736656,3083,GCGGAG,0.003178839571774006,3390,GGGCGN,0.3511325716972351,False,False,True,0.00024703890085220337,
5,18,5,attn,recovery,0.0,0.07100898027420044,2923,GCAGAG,3.279296875,3083,GCGGAG,3.359375,3083,GCGGAG,3.359375,2923,GCAGAG,0.004088610410690308,3083,GCGGAG,0.003413870930671692,3390,GGGCGN,0.35534071922302246,False,False,True,-0.0015988387167453766,
5,19,5,attn,recovery,0.0,0.03085428476333618,2923,GCAGAG,3.279296875,3083,GCGGAG,3.359375,3083,GCGGAG,3.359375,2923,GCAGAG,0.004025230184197426,3083,GCGGAG,0.0033879303373396397,3390,GGGCGN,0.3594202995300293,False,False,True,-0.00013725832104682922,
5,20,5,attn,recovery,0.0,-0.048079848289489746,2923,GCAGAG,3.25,3083,GCGGAG,3.330078125,3083,GCGGAG,3.330078125,2923,GCAGAG,0.003910307306796312,3083,GCGGAG,0.0033466045279055834,3390,GGGCGN,0.3567085564136505,False,False,True,-0.002890203148126602,
5,21,5,attn,recovery,0.1396484375,-0.05180943012237549,2923,GCAGAG,3.224609375,3083,GCGGAG,3.29296875,3083,GCGGAG,3.29296875,2923,GCAGAG,0.003923894837498665,3083,GCGGAG,0.0033636693842709064,3390,GGGCGN,0.3419214189052582,False,False,True,-0.011294003576040268,
5,22,5,attn,recovery,0.09326171875,-0.07207047939300537,2923,GCAGAG,3.220703125,3083,GCGGAG,3.29296875,3083,GCGGAG,3.29296875,2923,GCAGAG,0.0038718825671821833,3083,GCGGAG,0.003330548293888569,3390,GGGCGN,0.3438546061515808,False,False,True,-0.011176977306604385,
5,23,5,attn,recovery,0.1162109375,-0.05088448524475098,2923,GCAGAG,3.2109375,3083,GCGGAG,3.28125,3083,GCGGAG,3.28125,2923,GCAGAG,0.0038858293555676937,3083,GCGGAG,0.0033247414976358414,3390,GGGCGN,0.34104153513908386,False,False,True,-0.009574856609106064,
5,24,5,attn,recovery,-0.0693359375,-0.0689011812210083,2923,GCAGAG,3.232421875,3083,GCGGAG,3.318359375,3083,GCGGAG,3.318359375,2923,GCAGAG,0.0038893704768270254,3083,GCGGAG,0.003345081117004156,3390,GGGCGN,0.3503548800945282,False,False,True,-0.0005747340619564056,
5,25,5,attn,recovery,-0.046875,0.012393832206726074,2923,GCAGAG,3.234375,3083,GCGGAG,3.318359375,3083,GCGGAG,3.318359375,2923,GCAGAG,0.0039654690772295,3083,GCGGAG,0.0033453814685344696,3390,GGGCGN,0.3477126955986023,False,False,True,-0.0004679486155509949,
5,26,5,attn,recovery,0.04638671875,0.018057644367218018,2923,GCAGAG,3.224609375,3083,GCGGAG,3.30078125,3083,GCGGAG,3.30078125,2923,GCAGAG,0.0038231222424656153,3083,GCGGAG,0.0031977538019418716,3390,GGGCGN,0.3528232276439667,False,False,True,-0.00036623328924179077,
5,27,5,attn,recovery,-0.0234375,0.005667507648468018,2923,GCAGAG,3.234375,3083,GCGGAG,3.31640625,3083,GCGGAG,3.31640625,2923,GCAGAG,0.0039124819450080395,3083,GCGGAG,0.00329866586253047,3390,GGGCGN,0.3505916893482208,False,False,True,-0.0020951032638549805,
5,28,5,attn,recovery,0.0234375,0.008830428123474121,2923,GCAGAG,3.25,3083,GCGGAG,3.328125,3083,GCGGAG,3.328125,2923,GCAGAG,0.003964466508477926,3083,GCGGAG,0.0033477013930678368,3390,GGGCGN,0.35484907031059265,False,False,True,-0.0017227604985237122,
5,29,5,attn,recovery,-0.046875,-0.020786523818969727,2923,GCAGAG,3.25390625,3083,GCGGAG,3.337890625,3083,GCGGAG,3.337890625,2923,GCAGAG,0.004000736400485039,3083,GCGGAG,0.003411585697904229,3390,GGGCGN,0.35425856709480286,False,False,True,-0.0015877485275268555,
5,30,5,attn,recovery,-0.046875,-0.03150928020477295,2923,GCAGAG,3.24609375,3083,GCGGAG,3.330078125,3083,GCGGAG,3.330078125,2923,GCAGAG,0.003929374273866415,3083,GCGGAG,0.0033502213191241026,3390,GGGCGN,0.35564762353897095,False,False,True,-0.0012695305049419403,
5,31,5,attn,recovery,-0.0234375,0.015003859996795654,2923,GCAGAG,3.234375,3083,GCGGAG,3.31640625,3083,GCGGAG,3.31640625,2923,GCAGAG,0.003917908761650324,3083,GCGGAG,0.0032953876070678234,3390,GGGCGN,0.3527856469154358,False,False,True,-0.0018969327211380005,
5,32,5,attn,recovery,0.09326171875,0.07814759016036987,2923,GCAGAG,3.23828125,3083,GCGGAG,3.310546875,3083,GCGGAG,3.310546875,2923,GCAGAG,0.003956209402531385,3083,GCGGAG,0.0032748139929026365,3390,GGGCGN,0.3554200232028961,False,False,True,-0.003374353051185608,
5,33,5,attn,recovery,0.09326171875,0.07523393630981445,2923,GCAGAG,3.24609375,3083,GCGGAG,3.318359375,3083,GCGGAG,3.318359375,2923,GCAGAG,0.004006360657513142,3083,GCGGAG,0.003327681915834546,3390,GGGCGN,0.3560798466205597,False,False,True,-0.0031051374971866608,
5,34,5,attn,recovery,0.16259765625,0.33260399103164673,2923,GCAGAG,3.27734375,3083,GCGGAG,3.34375,3083,GCGGAG,3.34375,2923,GCAGAG,0.004402415826916695,3083,GCGGAG,0.00348376901820302,3390,GGGCGN,0.3490653336048126,False,False,True,-0.004135973751544952,
5,35,5,attn,recovery,0.1396484375,0.3045157790184021,2923,GCAGAG,3.2734375,3083,GCGGAG,3.341796875,3083,GCGGAG,3.341796875,2923,GCAGAG,0.004367637913674116,3083,GCGGAG,0.0034751801285892725,3390,GGGCGN,0.3478117883205414,False,False,True,-0.0034382492303848267,
5,36,5,attn,recovery,0.0,0.1892775297164917,2923,GCAGAG,3.259765625,3083,GCGGAG,3.33984375,3083,GCGGAG,3.33984375,2923,GCAGAG,0.004232083447277546,3083,GCGGAG,0.0034470721147954464,3390,GGGCGN,0.34479862451553345,False,False,True,-0.003055725246667862,
5,37,5,attn,recovery,-0.1865234375,-0.08334565162658691,2923,GCAGAG,3.22265625,3083,GCGGAG,3.318359375,3083,GCGGAG,3.318359375,2923,GCAGAG,0.0037684047129005194,3083,GCGGAG,0.0032375832088291645,3390,GGGCGN,0.3547409772872925,False,False,True,0.00015918537974357605,
5,38,5,attn,recovery,-0.232421875,-0.17947077751159668,2923,GCAGAG,3.2109375,3083,GCGGAG,3.310546875,3083,GCGGAG,3.310546875,2923,GCAGAG,0.0036374719347804785,3083,GCGGAG,0.0031962760258466005,3390,GGGCGN,0.357198566198349,False,False,True,0.0016852840781211853,
5,39,5,attn,recovery,-0.1865234375,-0.16145455837249756,2923,GCAGAG,3.220703125,3083,GCGGAG,3.31640625,3083,GCGGAG,3.31640625,2923,GCAGAG,0.0036864597350358963,3083,GCGGAG,0.0032284657936543226,3390,GGGCGN,0.3585239350795746,False,False,True,0.0008794590830802917,
5,40,5,attn,recovery,-0.0693359375,-0.1077193021774292,2923,GCAGAG,3.23828125,3083,GCGGAG,3.32421875,3083,GCGGAG,3.32421875,2923,GCAGAG,0.0037594223394989967,3083,GCGGAG,0.0032513265032321215,3390,GGGCGN,0.3612610101699829,False,False,True,-2.5700777769088745e-05,
5,41,5,attn,recovery,-0.046875,-0.05713450908660889,2923,GCAGAG,3.234375,3083,GCGGAG,3.318359375,3083,GCGGAG,3.318359375,2923,GCAGAG,0.003794075921177864,3083,GCGGAG,0.0032388155814260244,3390,GGGCGN,0.3586101531982422,False,False,True,0.00012724846601486206,
5,42,5,attn,recovery,0.0,-0.0205690860748291,2923,GCAGAG,3.23828125,3083,GCGGAG,3.318359375,3083,GCGGAG,3.318359375,2923,GCAGAG,0.0038212069775909185,3083,GCGGAG,0.0032318534795194864,3390,GGGCGN,0.36087703704833984,False,False,True,0.0006401762366294861,
5,43,5,attn,recovery,0.04638671875,-0.026230812072753906,2923,GCAGAG,3.2421875,3083,GCGGAG,3.318359375,3083,GCGGAG,3.318359375,2923,GCAGAG,0.003803535830229521,3083,GCGGAG,0.003219461301341653,3390,GGGCGN,0.3624676764011383,False,False,True,-4.953518509864807e-05,
5,44,5,attn,recovery,-0.0234375,-0.055858492851257324,2923,GCAGAG,3.234375,3083,GCGGAG,3.31640625,3083,GCGGAG,3.31640625,2923,GCAGAG,0.0037653727922588587,3083,GCGGAG,0.0032089226879179478,3390,GGGCGN,0.3608514368534088,False,False,True,-0.00013060495257377625,
5,45,5,attn,recovery,0.0,-0.10804200172424316,2923,GCAGAG,3.2421875,3083,GCGGAG,3.322265625,3083,GCGGAG,3.322265625,2923,GCAGAG,0.0037830681540071964,3083,GCGGAG,0.003275273134931922,3390,GGGCGN,0.3615969717502594,False,False,True,-0.00031533464789390564,
5,46,5,attn,recovery,-0.046875,-0.08128499984741211,2923,GCAGAG,3.23828125,3083,GCGGAG,3.322265625,3083,GCGGAG,3.322265625,2923,GCAGAG,0.0038605020381510258,3083,GCGGAG,0.003327759215608239,3390,GGGCGN,0.35591429471969604,False,False,True,-0.00021646171808242798,
5,47,5,attn,recovery,-0.0927734375,-0.037970662117004395,2923,GCAGAG,3.25,3083,GCGGAG,3.337890625,3083,GCGGAG,3.337890625,2923,GCAGAG,0.003957058303058147,3083,GCGGAG,0.003383929841220379,3390,GGGCGN,0.3561912775039673,False,False,True,-0.000524032860994339,
5,48,5,attn,recovery,0.0234375,-0.0009801387786865234,2923,GCAGAG,3.24609375,3083,GCGGAG,3.32421875,3083,GCGGAG,3.32421875,2923,GCAGAG,0.00390825979411602,3083,GCGGAG,0.0033006418962031603,3390,GGGCGN,0.35973498225212097,False,False,True,-0.0003848820924758911,
5,49,5,attn,recovery,0.0234375,-0.053754210472106934,2923,GCAGAG,3.25390625,3083,GCGGAG,3.33203125,3083,GCGGAG,3.33203125,2923,GCAGAG,0.0038471342995762825,3083,GCGGAG,0.0032887221314013004,3390,GGGCGN,0.3669807016849518,False,False,True,0.0007475875318050385,
5,50,5,attn,recovery,0.04638671875,-0.14160394668579102,2923,GCAGAG,3.244140625,3083,GCGGAG,3.3203125,3083,GCGGAG,3.3203125,2923,GCAGAG,0.003753210650756955,3083,GCGGAG,0.0032767083030194044,3390,GGGCGN,0.36832794547080994,False,False,True,0.0007110238075256348,
5,51,5,attn,recovery,0.09326171875,-0.07653844356536865,2923,GCAGAG,3.240234375,3083,GCGGAG,3.3125,3083,GCGGAG,3.3125,2923,GCAGAG,0.003761709900572896,3083,GCGGAG,0.0032245414331555367,3390,GGGCGN,0.3651173412799835,False,False,True,0.00045450031757354736,
6,0,5,attn,recovery,0.1396484375,0.06301957368850708,2923,GCAGAG,3.234375,3083,GCGGAG,3.302734375,3083,GCGGAG,3.302734375,2923,GCAGAG,0.003925041761249304,3083,GCGGAG,0.00325775146484375,3390,GGGCGN,0.3503566384315491,False,False,True,-0.00019774213433265686,
6,1,5,attn,recovery,0.1396484375,0.03129303455352783,2923,GCAGAG,3.22265625,3083,GCGGAG,3.291015625,3083,GCGGAG,3.291015625,2923,GCAGAG,0.0038737934082746506,3083,GCGGAG,0.0032360844779759645,3390,GGGCGN,0.34923937916755676,False,False,True,-0.0003734007477760315,
6,2,5,attn,recovery,0.06982421875,0.05280625820159912,2923,GCAGAG,3.23046875,3083,GCGGAG,3.3046875,3083,GCGGAG,3.3046875,2923,GCAGAG,0.003952233120799065,3083,GCGGAG,0.003294465597718954,3390,GGGCGN,0.3489611744880676,False,False,True,-0.0006622858345508575,
6,3,5,attn,recovery,0.20947265625,0.1912572979927063,2923,GCAGAG,3.234375,3083,GCGGAG,3.296875,3083,GCGGAG,3.296875,2923,GCAGAG,0.00402190862223506,3083,GCGGAG,0.0032350514084100723,3390,GGGCGN,0.3480108976364136,False,False,True,-2.1714717149734497e-05,
6,4,5,attn,recovery,0.32568359375,0.1661396622657776,2923,GCAGAG,3.232421875,3083,GCGGAG,3.28515625,3083,GCGGAG,3.28515625,2923,GCAGAG,0.0038274661637842655,3083,GCGGAG,0.0030640282202512026,3390,GGGCGN,0.3575623631477356,False,False,True,-0.0005551576614379883,
6,5,5,attn,recovery,0.232421875,-0.003656625747680664,2923,GCAGAG,3.220703125,3083,GCGGAG,3.28125,3083,GCGGAG,3.28125,2923,GCAGAG,0.0036264918744564056,3083,GCGGAG,0.003021369455382228,3390,GGGCGN,0.3638096749782562,False,False,True,-0.00018481537699699402,
6,6,5,attn,recovery,0.1396484375,-0.19991135597229004,2923,GCAGAG,3.205078125,3083,GCGGAG,3.2734375,3083,GCGGAG,3.2734375,2923,GCAGAG,0.0034385626204311848,3083,GCGGAG,0.003016425296664238,3390,GGGCGN,0.373134970664978,False,False,True,-0.001257527619600296,
6,7,5,attn,recovery,0.0234375,-0.17448389530181885,2923,GCAGAG,3.20703125,3083,GCGGAG,3.28515625,3083,GCGGAG,3.28515625,2923,GCAGAG,0.003623777534812689,3083,GCGGAG,0.003177931997925043,3390,GGGCGN,0.3639813959598541,False,False,True,-0.0015131570398807526,
6,8,5,attn,recovery,0.0234375,-0.14639699459075928,2923,GCAGAG,3.203125,3083,GCGGAG,3.28125,3083,GCGGAG,3.28125,2923,GCAGAG,0.003684781724587083,3083,GCGGAG,0.0032127483282238245,3390,GGGCGN,0.3592476546764374,False,False,True,-0.0010979510843753815,
6,9,5,attn,recovery,0.0234375,0.04385894536972046,2923,GCAGAG,3.2265625,3083,GCGGAG,3.3046875,3083,GCGGAG,3.3046875,2923,GCAGAG,0.003949857782572508,3083,GCGGAG,0.0033004325814545155,3390,GGGCGN,0.3503301441669464,False,False,True,-7.854029536247253e-05,
6,10,5,attn,recovery,0.0234375,0.029744327068328857,2923,GCAGAG,3.21875,3083,GCGGAG,3.296875,3083,GCGGAG,3.296875,2923,GCAGAG,0.0038982529658824205,3083,GCGGAG,0.003261988051235676,3390,GGGCGN,0.3518093526363373,False,False,True,8.588656783103943e-05,
6,11,5,attn,recovery,-0.0234375,0.032424986362457275,2923,GCAGAG,3.23046875,3083,GCGGAG,3.3125,3083,GCGGAG,3.3125,2923,GCAGAG,0.003940713591873646,3083,GCGGAG,0.0033019492402672768,3390,GGGCGN,0.35187363624572754,False,False,True,-0.0009892955422401428,
6,12,5,attn,recovery,0.06982421875,0.07224005460739136,2923,GCAGAG,3.23046875,3083,GCGGAG,3.3046875,3083,GCGGAG,3.3046875,2923,GCAGAG,0.003916759509593248,3083,GCGGAG,0.003240872174501419,3390,GGGCGN,0.3539544939994812,False,False,True,-0.0003049410879611969,
6,13,5,attn,recovery,0.1162109375,0.03083205223083496,2923,GCAGAG,3.220703125,3083,GCGGAG,3.291015625,3083,GCGGAG,3.291015625,2923,GCAGAG,0.00393278943374753,3083,GCGGAG,0.003295510308817029,3390,GGGCGN,0.3494555652141571,False,False,True,-0.0011297911405563354,
6,14,5,attn,recovery,0.0234375,0.058969974517822266,2923,GCAGAG,3.23046875,3083,GCGGAG,3.30859375,3083,GCGGAG,3.30859375,2923,GCAGAG,0.004090175498276949,3083,GCGGAG,0.00342666101641953,3390,GGGCGN,0.34775111079216003,False,False,True,-0.001649610698223114,
6,15,5,attn,recovery,-0.0234375,0.0015734434127807617,2923,GCAGAG,3.234375,3083,GCGGAG,3.31640625,3083,GCGGAG,3.31640625,2923,GCAGAG,0.004043202381581068,3083,GCGGAG,0.0034332035575062037,3390,GGGCGN,0.34782010316848755,False,False,True,-0.0016611963510513306,
6,16,5,attn,recovery,0.0,-0.014514446258544922,2923,GCAGAG,3.251953125,3083,GCGGAG,3.33203125,3083,GCGGAG,3.33203125,2923,GCAGAG,0.003991824574768543,3083,GCGGAG,0.0033968258649110794,3390,GGGCGN,0.35318905115127563,False,False,True,-0.0006089024245738983,
6,17,5,attn,recovery,0.1162109375,-0.12284636497497559,2923,GCAGAG,3.25390625,3083,GCGGAG,3.32421875,3083,GCGGAG,3.32421875,2923,GCAGAG,0.0038181550335139036,3083,GCGGAG,0.003324163379147649,3390,GGGCGN,0.3563878536224365,False,False,True,0.001743614673614502,
6,18,5,attn,recovery,0.1162109375,-0.13806569576263428,2923,GCAGAG,3.25,3083,GCGGAG,3.3203125,3083,GCGGAG,3.3203125,2923,GCAGAG,0.0037903354968875647,3083,GCGGAG,0.0033105341717600822,3390,GGGCGN,0.35615274310112,False,False,True,0.0018522627651691437,
6,19,5,attn,recovery,0.06982421875,0.19844979047775269,2923,GCAGAG,3.2421875,3083,GCGGAG,3.31640625,3083,GCGGAG,3.31640625,2923,GCAGAG,0.004043003544211388,3083,GCGGAG,0.003249440109357238,3390,GGGCGN,0.35164517164230347,False,False,True,-0.0005897805094718933,
6,20,5,attn,recovery,0.09326171875,0.16056406497955322,2923,GCAGAG,3.212890625,3083,GCGGAG,3.28515625,3083,GCGGAG,3.28515625,2923,GCAGAG,0.004045518115162849,3083,GCGGAG,0.00328727881424129,3390,GGGCGN,0.3512844741344452,False,False,True,-0.010564211755990982,
6,21,5,attn,recovery,0.0234375,0.07355284690856934,2923,GCAGAG,3.2109375,3083,GCGGAG,3.2890625,3083,GCGGAG,3.2890625,2923,GCAGAG,0.00394232664257288,3083,GCGGAG,0.003265215316787362,3390,GGGCGN,0.35042065382003784,False,False,True,-0.007303647696971893,
6,22,5,attn,recovery,-0.1630859375,-0.3191516399383545,2923,GCAGAG,3.19921875,3083,GCGGAG,3.29296875,3083,GCGGAG,3.29296875,2923,GCAGAG,0.003630725434049964,3083,GCGGAG,0.003319765906780958,3390,GGGCGN,0.356503427028656,False,False,True,-0.005447078496217728,
6,23,5,attn,recovery,-0.1396484375,-0.22021746635437012,2923,GCAGAG,3.212890625,3083,GCGGAG,3.3046875,3083,GCGGAG,3.3046875,2923,GCAGAG,0.0036408607847988605,3083,GCGGAG,0.0032376565504819155,3390,GGGCGN,0.35416486859321594,False,False,True,0.0023756399750709534,
6,24,5,attn,recovery,-0.0927734375,-0.127211332321167,2923,GCAGAG,3.201171875,3083,GCGGAG,3.2890625,3083,GCGGAG,3.2890625,2923,GCAGAG,0.0037528101820498705,3083,GCGGAG,0.0032628884073346853,3390,GGGCGN,0.35194939374923706,False,False,True,-0.0005101300776004791,
6,25,5,attn,recovery,0.0234375,-0.016834020614624023,2923,GCAGAG,3.23046875,3083,GCGGAG,3.30859375,3083,GCGGAG,3.30859375,2923,GCAGAG,0.003965573385357857,3083,GCGGAG,0.0033727374393492937,3390,GGGCGN,0.3491147756576538,False,False,True,0.00011610984802246094,
6,26,5,attn,recovery,-0.0693359375,0.041270673274993896,2923,GCAGAG,3.2421875,3083,GCGGAG,3.328125,3083,GCGGAG,3.328125,2923,GCAGAG,0.004051114432513714,3083,GCGGAG,0.003404102521017194,3390,GGGCGN,0.35093408823013306,False,False,True,0.0013552270829677582,
6,27,5,attn,recovery,-0.1162109375,0.004796266555786133,2923,GCAGAG,3.23828125,3083,GCGGAG,3.328125,3083,GCGGAG,3.328125,2923,GCAGAG,0.003966584801673889,3083,GCGGAG,0.003353581065312028,3390,GGGCGN,0.35289981961250305,False,False,True,0.0018370822072029114,
6,28,5,attn,recovery,-0.1865234375,-0.02322697639465332,2923,GCAGAG,3.232421875,3083,GCGGAG,3.328125,3083,GCGGAG,3.328125,2923,GCAGAG,0.003888597246259451,3083,GCGGAG,0.0033017219975590706,3390,GGGCGN,0.35419803857803345,False,False,True,0.001531120389699936,
6,29,5,attn,recovery,-0.1865234375,-0.02879166603088379,2923,GCAGAG,3.232421875,3083,GCGGAG,3.328125,3083,GCGGAG,3.328125,2923,GCAGAG,0.0038635116070508957,3083,GCGGAG,0.003281824756413698,3390,GGGCGN,0.3554859161376953,False,False,True,0.0013322606682777405,
6,30,5,attn,recovery,-0.0234375,0.008698582649230957,2923,GCAGAG,3.23046875,3083,GCGGAG,3.3125,3083,GCGGAG,3.3125,2923,GCAGAG,0.0038909686263650656,3083,GCGGAG,0.0032743264455348253,3390,GGGCGN,0.3528168797492981,False,False,True,0.0004401877522468567,
6,31,5,attn,recovery,0.1396484375,0.12778496742248535,2923,GCAGAG,3.263671875,3083,GCGGAG,3.33203125,3083,GCGGAG,3.33203125,2923,GCAGAG,0.0040515814907848835,3083,GCGGAG,0.003323904937133193,3390,GGGCGN,0.36119961738586426,False,False,True,-0.0008421503007411957,
6,32,5,attn,recovery,0.1162109375,0.09889638423919678,2923,GCAGAG,3.26171875,3083,GCGGAG,3.33203125,3083,GCGGAG,3.33203125,2923,GCAGAG,0.0040395213291049,3083,GCGGAG,0.0033387800212949514,3390,GGGCGN,0.3611369729042053,False,False,True,-0.001610681414604187,
6,33,5,attn,recovery,0.09326171875,0.015991270542144775,2923,GCAGAG,3.259765625,3083,GCGGAG,3.33203125,3083,GCGGAG,3.33203125,2923,GCAGAG,0.003949881996959448,3083,GCGGAG,0.00332644023001194,3390,GGGCGN,0.3646883964538574,False,False,True,-0.001605253666639328,
6,34,5,attn,recovery,-0.0927734375,-0.1357121467590332,2923,GCAGAG,3.234375,3083,GCGGAG,3.322265625,3083,GCGGAG,3.322265625,2923,GCAGAG,0.003785358276218176,3083,GCGGAG,0.0033033625222742558,3390,GGGCGN,0.3612862229347229,False,False,True,-0.0033112280070781708,
6,35,5,attn,recovery,-0.0693359375,-0.1262599229812622,2923,GCAGAG,3.2421875,3083,GCGGAG,3.328125,3083,GCGGAG,3.328125,2923,GCAGAG,0.003801359562203288,3083,GCGGAG,0.0033105507027357817,3390,GGGCGN,0.3609801232814789,False,False,True,-0.0028543248772621155,
6,36,5,attn,recovery,-0.0234375,-0.04842793941497803,2923,GCAGAG,3.25,3083,GCGGAG,3.33203125,3083,GCGGAG,3.33203125,2923,GCAGAG,0.0039016951341181993,3083,GCGGAG,0.003338316921144724,3390,GGGCGN,0.3590320944786072,False,False,True,-0.0034332498908042908,
6,37,5,attn,recovery,0.06982421875,0.04018139839172363,2923,GCAGAG,3.25,3083,GCGGAG,3.32421875,3083,GCGGAG,3.32421875,2923,GCAGAG,0.003941234201192856,3083,GCGGAG,0.003295237896963954,3390,GGGCGN,0.35721126198768616,False,False,True,-0.002716749906539917,
6,38,5,attn,recovery,0.06982421875,0.05732262134552002,2923,GCAGAG,3.25,3083,GCGGAG,3.32421875,3083,GCGGAG,3.32421875,2923,GCAGAG,0.003950982354581356,3083,GCGGAG,0.0032890038564801216,3390,GGGCGN,0.3577561676502228,False,False,True,-0.0023250356316566467,
6,39,5,attn,recovery,-0.0234375,0.001117706298828125,2923,GCAGAG,3.234375,3083,GCGGAG,3.31640625,3083,GCGGAG,3.31640625,2923,GCAGAG,0.003843878163024783,3083,GCGGAG,0.003234304254874587,3390,GGGCGN,0.35789212584495544,False,False,True,-0.0016534514725208282,
6,40,5,attn,recovery,0.04638671875,0.01397705078125,2923,GCAGAG,3.240234375,3083,GCGGAG,3.31640625,3083,GCGGAG,3.31640625,2923,GCAGAG,0.003848569467663765,3083,GCGGAG,0.003227005712687969,3390,GGGCGN,0.3595667779445648,False,False,True,-0.00098346546292305,
6,41,5,attn,recovery,0.04638671875,0.023683488368988037,2923,GCAGAG,3.240234375,3083,GCGGAG,3.31640625,3083,GCGGAG,3.31640625,2923,GCAGAG,0.0039015118964016438,3083,GCGGAG,0.003270898014307022,3390,GGGCGN,0.35711389780044556,False,False,True,-0.0009674243628978729,
6,42,5,attn,recovery,0.0234375,-0.004330277442932129,2923,GCAGAG,3.2421875,3083,GCGGAG,3.3203125,3083,GCGGAG,3.3203125,2923,GCAGAG,0.0038772434927523136,3083,GCGGAG,0.003272749250754714,3390,GGGCGN,0.3574141561985016,False,False,True,-0.0006146728992462158,
6,43,5,attn,recovery,-0.046875,-0.014948248863220215,2923,GCAGAG,3.232421875,3083,GCGGAG,3.31640625,3083,GCGGAG,3.31640625,2923,GCAGAG,0.0038996106013655663,3083,GCGGAG,0.003305016318336129,3390,GGGCGN,0.35327696800231934,False,False,True,-0.0001562461256980896,
6,44,5,attn,recovery,-0.0693359375,-0.02792537212371826,2923,GCAGAG,3.234375,3083,GCGGAG,3.3203125,3083,GCGGAG,3.3203125,2923,GCAGAG,0.0038930163718760014,3083,GCGGAG,0.0033105218317359686,3390,GGGCGN,0.3548387587070465,False,False,True,-5.5748969316482544e-05,
6,45,5,attn,recovery,-0.046875,-0.014546871185302734,2923,GCAGAG,3.234375,3083,GCGGAG,3.318359375,3083,GCGGAG,3.318359375,2923,GCAGAG,0.00387512962333858,3083,GCGGAG,0.0032801611814647913,3390,GGGCGN,0.35728466510772705,False,False,True,-0.00014076009392738342,
6,46,5,attn,recovery,-0.046875,-0.0276792049407959,2923,GCAGAG,3.2265625,3083,GCGGAG,3.310546875,3083,GCGGAG,3.310546875,2923,GCAGAG,0.0037839238066226244,3083,GCGGAG,0.003201199695467949,3390,GGGCGN,0.35933536291122437,False,False,True,0.00010383129119873047,
6,47,5,attn,recovery,-0.0927734375,-0.06640768051147461,2923,GCAGAG,3.22265625,3083,GCGGAG,3.310546875,3083,GCGGAG,3.310546875,2923,GCAGAG,0.0037105726078152657,3083,GCGGAG,0.0031639584340155125,3390,GGGCGN,0.366127073764801,False,False,True,0.0015336088836193085,
6,48,5,attn,recovery,-0.0693359375,-0.09172260761260986,2923,GCAGAG,3.22265625,3083,GCGGAG,3.30859375,3083,GCGGAG,3.30859375,2923,GCAGAG,0.0037191903684288263,3083,GCGGAG,0.003196179401129484,3390,GGGCGN,0.36276838183403015,False,False,True,0.0016658306121826172,
6,49,5,attn,recovery,-0.1396484375,-0.16339778900146484,2923,GCAGAG,3.224609375,3083,GCGGAG,3.31640625,3083,GCGGAG,3.31640625,2923,GCAGAG,0.00364289665594697,3083,GCGGAG,0.0031867146026343107,3390,GGGCGN,0.36907559633255005,False,False,True,0.00201406329870224,
6,50,5,attn,recovery,-0.046875,-0.105987548828125,2923,GCAGAG,3.23828125,3083,GCGGAG,3.322265625,3083,GCGGAG,3.322265625,2923,GCAGAG,0.003751596435904503,3083,GCGGAG,0.003241885919123888,3390,GGGCGN,0.3631923794746399,False,False,True,0.0002797730267047882,
6,51,5,attn,recovery,-0.1162109375,-0.13221490383148193,2923,GCAGAG,3.2265625,3083,GCGGAG,3.31640625,3083,GCGGAG,3.31640625,2923,GCAGAG,0.00369381345808506,3083,GCGGAG,0.0032085569109767675,3390,GGGCGN,0.36486291885375977,False,False,True,0.00018287450075149536,
7,0,5,attn,recovery,-0.0693359375,-0.02312183380126953,2923,GCAGAG,3.244140625,3083,GCGGAG,3.330078125,3083,GCGGAG,3.330078125,2923,GCAGAG,0.003906021360307932,3083,GCGGAG,0.0033190480899065733,3390,GGGCGN,0.35398733615875244,False,False,True,-0.0005943365395069122,
7,1,5,attn,recovery,0.0234375,-0.001078963279724121,2923,GCAGAG,3.232421875,3083,GCGGAG,3.310546875,3083,GCGGAG,3.310546875,2923,GCAGAG,0.0038477908819913864,3083,GCGGAG,0.0032402651850134134,3390,GGGCGN,0.35382339358329773,False,False,True,-0.0007150880992412567,
7,2,5,attn,recovery,0.16259765625,0.09488075971603394,2923,GCAGAG,3.19921875,3083,GCGGAG,3.265625,3083,GCGGAG,3.265625,2923,GCAGAG,0.0037040729075670242,3083,GCGGAG,0.003007075749337673,3390,GGGCGN,0.35620301961898804,False,False,True,0.0011218525469303131,
7,3,5,attn,recovery,0.06982421875,0.06620621681213379,2923,GCAGAG,3.20703125,3083,GCGGAG,3.28125,3083,GCGGAG,3.28125,2923,GCAGAG,0.003727750154212117,3083,GCGGAG,0.0030574887059628963,3390,GGGCGN,0.35552746057510376,False,False,True,0.0010607391595840454,
7,4,5,attn,recovery,-0.0693359375,0.011738836765289307,2923,GCAGAG,3.20703125,3083,GCGGAG,3.29296875,3083,GCGGAG,3.29296875,2923,GCAGAG,0.0037012428510934114,3083,GCGGAG,0.0030817659571766853,3390,GGGCGN,0.3579351305961609,False,False,True,0.0011543966829776764,
7,5,5,attn,recovery,-0.1162109375,-0.11527371406555176,2923,GCAGAG,3.23046875,3083,GCGGAG,3.3203125,3083,GCGGAG,3.3203125,2923,GCAGAG,0.003791112219914794,3083,GCGGAG,0.0032900599762797356,3390,GGGCGN,0.35485854744911194,False,False,True,5.189329385757446e-05,
7,6,5,attn,recovery,0.04638671875,0.053386569023132324,2923,GCAGAG,3.224609375,3083,GCGGAG,3.30078125,3083,GCGGAG,3.30078125,2923,GCAGAG,0.0038774115964770317,3083,GCGGAG,0.0032191029749810696,3390,GGGCGN,0.3521459996700287,False,False,True,-0.000664982944726944,
7,7,5,attn,recovery,0.09326171875,0.14554619789123535,2923,GCAGAG,3.232421875,3083,GCGGAG,3.3046875,3083,GCGGAG,3.3046875,2923,GCAGAG,0.003988233394920826,3083,GCGGAG,0.0032439965289086103,3390,GGGCGN,0.3477611839771271,False,False,True,-0.0005162917077541351,
7,8,5,attn,recovery,0.1162109375,0.1891242265701294,2923,GCAGAG,3.23046875,3083,GCGGAG,3.30078125,3083,GCGGAG,3.30078125,2923,GCAGAG,0.0039724139496684074,3083,GCGGAG,0.0031875455752015114,3390,GGGCGN,0.34699541330337524,False,False,True,-0.0004517994821071625,
7,9,5,attn,recovery,0.0234375,0.023512423038482666,2923,GCAGAG,3.23046875,3083,GCGGAG,3.30859375,3083,GCGGAG,3.30859375,2923,GCAGAG,0.003897441318258643,3083,GCGGAG,0.0032669869251549244,3390,GGGCGN,0.3504396677017212,False,False,True,-6.608664989471436e-05,
7,10,5,attn,recovery,0.0234375,0.044807612895965576,2923,GCAGAG,3.232421875,3083,GCGGAG,3.310546875,3083,GCGGAG,3.310546875,2923,GCAGAG,0.0038895942270755768,3083,GCGGAG,0.0032392845023423433,3390,GGGCGN,0.35307997465133667,False,False,True,-0.00025500357151031494,
7,11,5,attn,recovery,-0.0693359375,-0.014310717582702637,2923,GCAGAG,3.232421875,3083,GCGGAG,3.318359375,3083,GCGGAG,3.318359375,2923,GCAGAG,0.003898218274116516,3083,GCGGAG,0.0033030295744538307,3390,GGGCGN,0.35433831810951233,False,False,True,-0.0003504715859889984,
7,12,5,attn,recovery,-0.0234375,0.0026187896728515625,2923,GCAGAG,3.23046875,3083,GCGGAG,3.3125,3083,GCGGAG,3.3125,2923,GCAGAG,0.0038671104703098536,3083,GCGGAG,0.003256137017160654,3390,GGGCGN,0.35566505789756775,False,False,True,0.0001458786427974701,
7,13,5,attn,recovery,-0.0234375,0.009517371654510498,2923,GCAGAG,3.23828125,3083,GCGGAG,3.3203125,3083,GCGGAG,3.3203125,2923,GCAGAG,0.003939889371395111,3083,GCGGAG,0.00332248373888433,3390,GGGCGN,0.35640349984169006,False,False,True,0.0002009086310863495,
7,14,5,attn,recovery,-0.0693359375,-0.04116177558898926,2923,GCAGAG,3.2421875,3083,GCGGAG,3.328125,3083,GCGGAG,3.328125,2923,GCAGAG,0.003948616329580545,3083,GCGGAG,0.0033784632105380297,3390,GGGCGN,0.3560827970504761,False,False,True,0.00017711520195007324,
7,15,5,attn,recovery,0.0234375,-0.04722583293914795,2923,GCAGAG,3.23828125,3083,GCGGAG,3.31640625,3083,GCGGAG,3.31640625,2923,GCAGAG,0.003921514376997948,3083,GCGGAG,0.0033570153173059225,3390,GGGCGN,0.3535524010658264,False,False,True,-0.00021925196051597595,
7,16,5,attn,recovery,-0.1162109375,-0.06797993183135986,2923,GCAGAG,3.21875,3083,GCGGAG,3.30859375,3083,GCGGAG,3.30859375,2923,GCAGAG,0.003972367383539677,3083,GCGGAG,0.0034272191114723682,3390,GGGCGN,0.34639889001846313,False,False,True,-0.0028640367090702057,
7,17,5,attn,recovery,-0.0693359375,-0.028390049934387207,2923,GCAGAG,3.2265625,3083,GCGGAG,3.3125,3083,GCGGAG,3.3125,2923,GCAGAG,0.003986433148384094,3083,GCGGAG,0.0034043719060719013,3390,GGGCGN,0.3469895124435425,False,False,True,-0.0023797154426574707,
7,18,5,attn,recovery,-0.1396484375,-0.04422152042388916,2923,GCAGAG,3.224609375,3083,GCGGAG,3.31640625,3083,GCGGAG,3.31640625,2923,GCAGAG,0.0039873309433460236,3083,GCGGAG,0.0034200306981801987,3390,GGGCGN,0.34616851806640625,False,False,True,-0.0030229613184928894,
7,19,5,attn,recovery,0.1162109375,0.05225759744644165,2923,GCAGAG,3.2421875,3083,GCGGAG,3.3125,3083,GCGGAG,3.3125,2923,GCAGAG,0.003851677058264613,3083,GCGGAG,0.00319442106410861,3390,GGGCGN,0.35892483592033386,False,False,True,-0.0007640272378921509,
7,20,5,attn,recovery,0.20947265625,0.06423944234848022,2923,GCAGAG,3.2265625,3083,GCGGAG,3.2890625,3083,GCGGAG,3.2890625,2923,GCAGAG,0.003921219147741795,3083,GCGGAG,0.0032527914736419916,3390,GGGCGN,0.3528790771961212,False,False,True,-0.0034976042807102203,
7,21,5,attn,recovery,0.279296875,0.06555843353271484,2923,GCAGAG,3.220703125,3083,GCGGAG,3.27734375,3083,GCGGAG,3.27734375,2923,GCAGAG,0.003923190291970968,3083,GCGGAG,0.0032535328064113855,3390,GGGCGN,0.35162636637687683,False,False,True,-0.0027623027563095093,
7,22,5,attn,recovery,0.255859375,0.08766096830368042,2923,GCAGAG,3.23046875,3083,GCGGAG,3.2890625,3083,GCGGAG,3.2890625,2923,GCAGAG,0.0039959922432899475,3083,GCGGAG,0.003305726684629917,3390,GGGCGN,0.3504212498664856,False,False,True,-0.0007309503853321075,
7,23,5,attn,recovery,0.20947265625,0.09466147422790527,2923,GCAGAG,3.240234375,3083,GCGGAG,3.302734375,3083,GCGGAG,3.302734375,2923,GCAGAG,0.004001637455075979,3083,GCGGAG,0.0033048447221517563,3390,GGGCGN,0.35057371854782104,False,False,True,0.0020288340747356415,
7,24,5,attn,recovery,0.06982421875,0.10988861322402954,2923,GCAGAG,3.24609375,3083,GCGGAG,3.3203125,3083,GCGGAG,3.3203125,2923,GCAGAG,0.004037066362798214,3083,GCGGAG,0.0033260760828852654,3390,GGGCGN,0.3533862829208374,False,False,True,0.0012786313891410828,
7,25,5,attn,recovery,-0.046875,-0.05237102508544922,2923,GCAGAG,3.224609375,3083,GCGGAG,3.30859375,3083,GCGGAG,3.30859375,2923,GCAGAG,0.00382306519895792,3083,GCGGAG,0.0032633633818477392,3390,GGGCGN,0.35412320494651794,False,False,True,-0.0004284679889678955,
7,26,5,attn,recovery,-0.0234375,-0.05188906192779541,2923,GCAGAG,3.23046875,3083,GCGGAG,3.3125,3083,GCGGAG,3.3125,2923,GCAGAG,0.0038612000644207,3083,GCGGAG,0.0033010488841682673,3390,GGGCGN,0.35337013006210327,False,False,True,-5.0593167543411255e-05,
7,27,5,attn,recovery,0.0234375,-0.025981903076171875,2923,GCAGAG,3.23046875,3083,GCGGAG,3.30859375,3083,GCGGAG,3.30859375,2923,GCAGAG,0.0038451894652098417,3083,GCGGAG,0.003260882804170251,3390,GGGCGN,0.35421058535575867,False,False,True,-9.772554039955139e-05,
7,28,5,attn,recovery,-0.046875,-0.03325307369232178,2923,GCAGAG,3.234375,3083,GCGGAG,3.318359375,3083,GCGGAG,3.318359375,2923,GCAGAG,0.0038847618270665407,3083,GCGGAG,0.0033072347287088633,3390,GGGCGN,0.3542700707912445,False,False,True,-9.531155228614807e-05,
7,29,5,attn,recovery,-0.0234375,-0.03385806083679199,2923,GCAGAG,3.23828125,3083,GCGGAG,3.3203125,3083,GCGGAG,3.3203125,2923,GCAGAG,0.003900744952261448,3083,GCGGAG,0.0033237820025533438,3390,GGGCGN,0.3541354238986969,False,False,True,-0.00046852976083755493,
7,30,5,attn,recovery,-0.0234375,-0.0064868927001953125,2923,GCAGAG,3.240234375,3083,GCGGAG,3.322265625,3083,GCGGAG,3.322265625,2923,GCAGAG,0.003900464391335845,3083,GCGGAG,0.00329798087477684,3390,GGGCGN,0.3562343716621399,False,False,True,1.4692544937133789e-05,
7,31,5,attn,recovery,0.0234375,0.027262389659881592,2923,GCAGAG,3.251953125,3083,GCGGAG,3.330078125,3083,GCGGAG,3.330078125,2923,GCAGAG,0.003953471779823303,3083,GCGGAG,0.0033195209689438343,3390,GGGCGN,0.3577740788459778,False,False,True,-0.0014274604618549347,
7,32,5,attn,recovery,0.0234375,0.011235952377319336,2923,GCAGAG,3.24609375,3083,GCGGAG,3.32421875,3083,GCGGAG,3.32421875,2923,GCAGAG,0.003910969477146864,3083,GCGGAG,0.0032919615041464567,3390,GGGCGN,0.35700857639312744,False,False,True,-0.002489175647497177,
7,33,5,attn,recovery,0.0,0.013318538665771484,2923,GCAGAG,3.244140625,3083,GCGGAG,3.32421875,3083,GCGGAG,3.32421875,2923,GCAGAG,0.003922603093087673,3083,GCGGAG,0.0033016533125191927,3390,GGGCGN,0.35620683431625366,False,False,True,-0.002428710460662842,
7,34,5,attn,recovery,-0.0234375,0.1092308759689331,2923,GCAGAG,3.2421875,3083,GCGGAG,3.32421875,3083,GCGGAG,3.32421875,2923,GCAGAG,0.004055015277117491,3083,GCGGAG,0.0033446382731199265,3390,GGGCGN,0.3532823622226715,False,False,True,-0.0022321082651615143,
7,35,5,attn,recovery,-0.0234375,0.11553120613098145,2923,GCAGAG,3.2421875,3083,GCGGAG,3.32421875,3083,GCGGAG,3.32421875,2923,GCAGAG,0.004056516569107771,3083,GCGGAG,0.0033402652479708195,3390,GGGCGN,0.35280969738960266,False,False,True,-0.0021796338260173798,
7,36,5,attn,recovery,-0.0693359375,0.05849224328994751,2923,GCAGAG,3.25,3083,GCGGAG,3.3359375,3083,GCGGAG,3.3359375,2923,GCAGAG,0.0040631103329360485,3083,GCGGAG,0.0034000412560999393,3390,GGGCGN,0.3522096276283264,False,False,True,-0.002211872488260269,
7,37,5,attn,recovery,-0.1396484375,-0.053501009941101074,2923,GCAGAG,3.23828125,3083,GCGGAG,3.330078125,3083,GCGGAG,3.330078125,2923,GCAGAG,0.0038950107991695404,3083,GCGGAG,0.0033363625407218933,3390,GGGCGN,0.3538631200790405,False,False,True,-0.0014448948204517365,
7,38,5,attn,recovery,-0.1162109375,-0.03154027462005615,2923,GCAGAG,3.234375,3083,GCGGAG,3.32421875,3083,GCGGAG,3.32421875,2923,GCAGAG,0.003937519155442715,3083,GCGGAG,0.0033583950717002153,3390,GGGCGN,0.35347113013267517,False,False,True,-0.0007945634424686432,
7,39,5,attn,recovery,-0.0927734375,-0.01625525951385498,2923,GCAGAG,3.232421875,3083,GCGGAG,3.3203125,3083,GCGGAG,3.3203125,2923,GCAGAG,0.003908866550773382,3083,GCGGAG,0.0033154909033328295,3390,GGGCGN,0.35374826192855835,False,False,True,-0.0007132440805435181,
7,40,5,attn,recovery,-0.1630859375,-0.10251283645629883,2923,GCAGAG,3.2265625,3083,GCGGAG,3.3203125,3083,GCGGAG,3.3203125,2923,GCAGAG,0.003843422746285796,3083,GCGGAG,0.0033304723910987377,3390,GGGCGN,0.35231253504753113,False,False,True,-0.0007620975375175476,
7,41,5,attn,recovery,-0.0693359375,-0.02672553062438965,2923,GCAGAG,3.2265625,3083,GCGGAG,3.3125,3083,GCGGAG,3.3125,2923,GCAGAG,0.0038623460568487644,3083,GCGGAG,0.003278732765465975,3390,GGGCGN,0.3542958199977875,False,False,True,-0.0007679127156734467,
7,42,5,attn,recovery,-0.0234375,-0.0163424015045166,2923,GCAGAG,3.23046875,3083,GCGGAG,3.3125,3083,GCGGAG,3.3125,2923,GCAGAG,0.0038726977072656155,3083,GCGGAG,0.003279403317719698,3390,GGGCGN,0.3547036945819855,False,False,True,-0.0005566328763961792,
7,43,5,attn,recovery,-0.0234375,-0.01869785785675049,2923,GCAGAG,3.234375,3083,GCGGAG,3.31640625,3083,GCGGAG,3.31640625,2923,GCAGAG,0.0038918694481253624,3083,GCGGAG,0.003300771350041032,3390,GGGCGN,0.35469087958335876,False,False,True,-0.00018082186579704285,
7,44,5,attn,recovery,0.0234375,-0.008672833442687988,2923,GCAGAG,3.234375,3083,GCGGAG,3.3125,3083,GCGGAG,3.3125,2923,GCAGAG,0.003877554787322879,3083,GCGGAG,0.00327710947021842,3390,GGGCGN,0.35421767830848694,False,False,True,-0.00012481212615966797,
7,45,5,attn,recovery,0.0234375,-0.003029346466064453,2923,GCAGAG,3.234375,3083,GCGGAG,3.3125,3083,GCGGAG,3.3125,2923,GCAGAG,0.0038895204197615385,3083,GCGGAG,0.0032838131301105022,3390,GGGCGN,0.3547689914703369,False,False,True,-0.00035241246223449707,
7,46,5,attn,recovery,0.04638671875,0.0169716477394104,2923,GCAGAG,3.232421875,3083,GCGGAG,3.30859375,3083,GCGGAG,3.30859375,2923,GCAGAG,0.003873219946399331,3083,GCGGAG,0.003248864086344838,3390,GGGCGN,0.35713037848472595,False,False,True,-0.00018893927335739136,
7,47,5,attn,recovery,0.0234375,-0.025178074836730957,2923,GCAGAG,3.232421875,3083,GCGGAG,3.310546875,3083,GCGGAG,3.310546875,2923,GCAGAG,0.0038672524970024824,3083,GCGGAG,0.0032821963541209698,3390,GGGCGN,0.3570156991481781,False,False,True,-0.0005446970462799072,
7,48,5,attn,recovery,0.06982421875,-0.021144390106201172,2923,GCAGAG,3.23828125,3083,GCGGAG,3.3125,3083,GCGGAG,3.3125,2923,GCAGAG,0.0038894491735845804,3083,GCGGAG,0.003300632117316127,3390,GGGCGN,0.35587939620018005,False,False,True,-6.765499711036682e-05,
7,49,5,attn,recovery,0.06982421875,-0.0323486328125,2923,GCAGAG,3.23828125,3083,GCGGAG,3.3125,3083,GCGGAG,3.3125,2923,GCAGAG,0.003862774930894375,3083,GCGGAG,0.003284404519945383,3390,GGGCGN,0.35660234093666077,False,False,True,-0.0003768913447856903,
7,50,5,attn,recovery,0.0234375,-0.04594588279724121,2923,GCAGAG,3.232421875,3083,GCGGAG,3.310546875,3083,GCGGAG,3.310546875,2923,GCAGAG,0.003812488168478012,3083,GCGGAG,0.003246795618906617,3390,GGGCGN,0.35702282190322876,False,False,True,-0.0003894008696079254,
7,51,5,attn,recovery,0.04638671875,-0.0214005708694458,2923,GCAGAG,3.240234375,3083,GCGGAG,3.31640625,3083,GCGGAG,3.31640625,2923,GCAGAG,0.0038406176026910543,3083,GCGGAG,0.0032520394306629896,3390,GGGCGN,0.3579815924167633,False,False,True,-0.00034570321440696716,
8,0,5,attn,recovery,-0.046875,0.0993046760559082,2923,GCAGAG,3.234375,3083,GCGGAG,3.318359375,3083,GCGGAG,3.318359375,2923,GCAGAG,0.003972527105361223,3083,GCGGAG,0.0032714051194489002,3390,GGGCGN,0.3555379807949066,False,False,True,0.00013085827231407166,
8,1,5,attn,recovery,0.232421875,0.28189611434936523,2923,GCAGAG,3.251953125,3083,GCGGAG,3.3125,3083,GCGGAG,3.3125,2923,GCAGAG,0.004100567661225796,3083,GCGGAG,0.003229200141504407,3390,GGGCGN,0.35370364785194397,False,False,True,0.00030235201120376587,
8,2,5,attn,recovery,0.20947265625,0.22490465641021729,2923,GCAGAG,3.265625,3083,GCGGAG,3.328125,3083,GCGGAG,3.328125,2923,GCAGAG,0.004105181898921728,3083,GCGGAG,0.0032869523856788874,3390,GGGCGN,0.3547506630420685,False,False,True,5.192309617996216e-05,
8,3,5,attn,recovery,0.255859375,0.18022513389587402,2923,GCAGAG,3.2578125,3083,GCGGAG,3.31640625,3083,GCGGAG,3.31640625,2923,GCAGAG,0.004035796504467726,3083,GCGGAG,0.0032592255156487226,3390,GGGCGN,0.35592636466026306,False,False,True,0.00016674399375915527,
8,4,5,attn,recovery,0.04638671875,0.05830049514770508,2923,GCAGAG,3.240234375,3083,GCGGAG,3.31640625,3083,GCGGAG,3.31640625,2923,GCAGAG,0.003937920555472374,3083,GCGGAG,0.003275030292570591,3390,GGGCGN,0.3559645414352417,False,False,True,-7.789582014083862e-05,
8,5,5,attn,recovery,-0.0234375,0.11905592679977417,2923,GCAGAG,3.24609375,3083,GCGGAG,3.328125,3083,GCGGAG,3.328125,2923,GCAGAG,0.004035543650388718,3083,GCGGAG,0.003316005924716592,3390,GGGCGN,0.3563714325428009,False,False,True,-0.0002910606563091278,
8,6,5,attn,recovery,0.0,0.15458309650421143,2923,GCAGAG,3.244140625,3083,GCGGAG,3.32421875,3083,GCGGAG,3.32421875,2923,GCAGAG,0.0040801228024065495,3083,GCGGAG,0.003327460028231144,3390,GGGCGN,0.3520797789096832,False,False,True,-0.0011931657791137695,
8,7,5,attn,recovery,-0.0234375,0.08230334520339966,2923,GCAGAG,3.24609375,3083,GCGGAG,3.328125,3083,GCGGAG,3.328125,2923,GCAGAG,0.004042851272970438,3083,GCGGAG,0.0033575810957700014,3390,GGGCGN,0.34947094321250916,False,False,True,-0.00100746750831604,
8,8,5,attn,recovery,0.0234375,0.04384499788284302,2923,GCAGAG,3.2421875,3083,GCGGAG,3.3203125,3083,GCGGAG,3.3203125,2923,GCAGAG,0.003975693602114916,3083,GCGGAG,0.003326281439512968,3390,GGGCGN,0.34965336322784424,False,False,True,-0.0007200948894023895,
8,9,5,attn,recovery,-0.0693359375,0.0149918794631958,2923,GCAGAG,3.2265625,3083,GCGGAG,3.3125,3083,GCGGAG,3.3125,2923,GCAGAG,0.003908372018486261,3083,GCGGAG,0.0032858620397746563,3390,GGGCGN,0.3524320721626282,False,False,True,-0.0003500320017337799,
8,10,5,attn,recovery,-0.0693359375,-0.01800847053527832,2923,GCAGAG,3.234375,3083,GCGGAG,3.3203125,3083,GCGGAG,3.3203125,2923,GCAGAG,0.0039020858239382505,3083,GCGGAG,0.0033103448804467916,3390,GGGCGN,0.35461410880088806,False,False,True,5.7969242334365845e-05,
8,11,5,attn,recovery,0.0234375,0.014961421489715576,2923,GCAGAG,3.2265625,3083,GCGGAG,3.3046875,3083,GCGGAG,3.3046875,2923,GCAGAG,0.0038628194015473127,3083,GCGGAG,0.0032403378281742334,3390,GGGCGN,0.35495609045028687,False,False,True,-0.00013926252722740173,
8,12,5,attn,recovery,-0.046875,-0.0105210542678833,2923,GCAGAG,3.232421875,3083,GCGGAG,3.31640625,3083,GCGGAG,3.31640625,2923,GCAGAG,0.003991779871284962,3083,GCGGAG,0.003393057733774185,3390,GGGCGN,0.3475397229194641,False,False,True,-0.0005909912288188934,
8,13,5,attn,recovery,0.09326171875,0.02695298194885254,2923,GCAGAG,3.193359375,3083,GCGGAG,3.265625,3083,GCGGAG,3.265625,2923,GCAGAG,0.0038792728446424007,3083,GCGGAG,0.003245610510930419,3390,GGGCGN,0.34484753012657166,False,False,True,-0.0014539845287799835,
8,14,5,attn,recovery,0.16259765625,0.005537688732147217,2923,GCAGAG,3.21484375,3083,GCGGAG,3.28125,3083,GCGGAG,3.28125,2923,GCAGAG,0.003861116012558341,3083,GCGGAG,0.0032474210020154715,3390,GGGCGN,0.3502810001373291,False,False,True,-0.00021576881408691406,
8,15,5,attn,recovery,0.255859375,0.004625499248504639,2923,GCAGAG,3.193359375,3083,GCGGAG,3.251953125,3083,GCGGAG,3.251953125,2923,GCAGAG,0.0036345981061458588,3083,GCGGAG,0.0030217536259442568,3390,GGGCGN,0.3581930100917816,False,False,True,0.0008529163897037506,
8,16,5,attn,recovery,0.1396484375,0.029445886611938477,2923,GCAGAG,3.203125,3083,GCGGAG,3.271484375,3083,GCGGAG,3.271484375,2923,GCAGAG,0.0038837913889437914,3083,GCGGAG,0.003247804706916213,3390,GGGCGN,0.34746891260147095,False,False,True,-0.0004191771149635315,
8,17,5,attn,recovery,-0.0234375,-0.01681685447692871,2923,GCAGAG,3.21875,3083,GCGGAG,3.30078125,3083,GCGGAG,3.30078125,2923,GCAGAG,0.004102106671780348,3083,GCGGAG,0.0035092546604573727,3390,GGGCGN,0.337952584028244,False,False,True,-0.0016799233853816986,
8,18,5,attn,recovery,-0.1865234375,-0.027186036109924316,2923,GCAGAG,3.2265625,3083,GCGGAG,3.322265625,3083,GCGGAG,3.322265625,2923,GCAGAG,0.004192476160824299,3083,GCGGAG,0.003609292209148407,3390,GGGCGN,0.3361222743988037,False,False,True,-0.003450196236371994,
8,19,5,attn,recovery,-0.1396484375,0.05877518653869629,2923,GCAGAG,3.2578125,3083,GCGGAG,3.349609375,3083,GCGGAG,3.349609375,2923,GCAGAG,0.0041566407307982445,3083,GCGGAG,0.0034933078568428755,3390,GGGCGN,0.3448891043663025,False,False,True,-0.0028035007417201996,
8,20,5,attn,recovery,0.1162109375,0.16622209548950195,2923,GCAGAG,3.25390625,3083,GCGGAG,3.32421875,3083,GCGGAG,3.32421875,2923,GCAGAG,0.004122825339436531,3083,GCGGAG,0.0033593105617910624,3390,GGGCGN,0.3502383530139923,False,False,True,-0.003303486853837967,
8,21,5,attn,recovery,0.0,0.10219639539718628,2923,GCAGAG,3.22265625,3083,GCGGAG,3.302734375,3083,GCGGAG,3.302734375,2923,GCAGAG,0.004018150735646486,3083,GCGGAG,0.0033143325708806515,3390,GGGCGN,0.3511941730976105,False,False,True,-0.0019924119114875793,
8,22,5,attn,recovery,-0.0234375,-0.028652310371398926,2923,GCAGAG,3.21484375,3083,GCGGAG,3.296875,3083,GCGGAG,3.296875,2923,GCAGAG,0.003937715198844671,3083,GCGGAG,0.003355898428708315,3390,GGGCGN,0.3497224748134613,False,False,True,-0.0019283220171928406,
8,23,5,attn,recovery,-0.1396484375,-0.06250441074371338,2923,GCAGAG,3.20703125,3083,GCGGAG,3.298828125,3083,GCGGAG,3.298828125,2923,GCAGAG,0.003858289448544383,3083,GCGGAG,0.0033080358989536762,3390,GGGCGN,0.34982162714004517,False,False,True,-0.0011265240609645844,
8,24,5,attn,recovery,-0.0234375,-0.060883283615112305,2923,GCAGAG,3.23046875,3083,GCGGAG,3.3125,3083,GCGGAG,3.3125,2923,GCAGAG,0.003847723128274083,3083,GCGGAG,0.0032959580421447754,3390,GGGCGN,0.3536336421966553,False,False,True,-0.0012769289314746857,
8,25,5,attn,recovery,0.06982421875,-0.006601929664611816,2923,GCAGAG,3.23046875,3083,GCGGAG,3.3046875,3083,GCGGAG,3.3046875,2923,GCAGAG,0.00380403408780694,3083,GCGGAG,0.0032016579061746597,3390,GGGCGN,0.3575489819049835,False,False,True,-0.0011526793241500854,
8,26,5,attn,recovery,0.0234375,-0.03184640407562256,2923,GCAGAG,3.234375,3083,GCGGAG,3.3125,3083,GCGGAG,3.3125,2923,GCAGAG,0.0038202686700969934,3083,GCGGAG,0.0032414300367236137,3390,GGGCGN,0.35549861192703247,False,False,True,-0.0007376782596111298,
8,27,5,attn,recovery,-0.046875,-0.04074704647064209,2923,GCAGAG,3.2265625,3083,GCGGAG,3.310546875,3083,GCGGAG,3.310546875,2923,GCAGAG,0.0038084962870925665,3083,GCGGAG,0.0032379564363509417,3390,GGGCGN,0.3548468351364136,False,False,True,-0.0007139779627323151,
8,28,5,attn,recovery,0.0234375,0.032681941986083984,2923,GCAGAG,3.240234375,3083,GCGGAG,3.318359375,3083,GCGGAG,3.318359375,2923,GCAGAG,0.0039628297090530396,3083,GCGGAG,0.0033238257747143507,3390,GGGCGN,0.35228607058525085,False,False,True,-2.3595988750457764e-05,
8,29,5,attn,recovery,0.0,0.012733697891235352,2923,GCAGAG,3.240234375,3083,GCGGAG,3.3203125,3083,GCGGAG,3.3203125,2923,GCAGAG,0.003944774623960257,3083,GCGGAG,0.0033243701327592134,3390,GGGCGN,0.35211801528930664,False,False,True,-0.0002639070153236389,
8,30,5,attn,recovery,0.0,0.017026066780090332,2923,GCAGAG,3.240234375,3083,GCGGAG,3.3203125,3083,GCGGAG,3.3203125,2923,GCAGAG,0.003946359734982252,3083,GCGGAG,0.0033219531178474426,3390,GGGCGN,0.35201236605644226,False,False,True,-4.271790385246277e-05,
8,31,5,attn,recovery,-0.0234375,0.024549484252929688,2923,GCAGAG,3.240234375,3083,GCGGAG,3.322265625,3083,GCGGAG,3.322265625,2923,GCAGAG,0.003949690610170364,3083,GCGGAG,0.003318269271403551,3390,GGGCGN,0.35027259588241577,False,False,True,-0.0013428740203380585,
8,32,5,attn,recovery,-0.0234375,0.006166696548461914,2923,GCAGAG,3.2421875,3083,GCGGAG,3.32421875,3083,GCGGAG,3.32421875,2923,GCAGAG,0.003938065376132727,3083,GCGGAG,0.003323783865198493,3390,GGGCGN,0.35426533222198486,False,False,True,-0.0016256123781204224,
8,33,5,attn,recovery,-0.0693359375,-0.02174365520477295,2923,GCAGAG,3.2421875,3083,GCGGAG,3.328125,3083,GCGGAG,3.328125,2923,GCAGAG,0.003916597925126553,3083,GCGGAG,0.0033283396624028683,3390,GGGCGN,0.3545777499675751,False,False,True,-0.002004336565732956,
8,34,5,attn,recovery,0.0,0.02992558479309082,2923,GCAGAG,3.2421875,3083,GCGGAG,3.322265625,3083,GCGGAG,3.322265625,2923,GCAGAG,0.003875654423609376,3083,GCGGAG,0.0032392204739153385,3390,GGGCGN,0.3588082492351532,False,False,True,-0.001616068184375763,
8,35,5,attn,recovery,-0.046875,0.04050278663635254,2923,GCAGAG,3.23828125,3083,GCGGAG,3.322265625,3083,GCGGAG,3.322265625,2923,GCAGAG,0.003885086392983794,3083,GCGGAG,0.00323879043571651,3390,GGGCGN,0.3555887043476105,False,False,True,-0.0013629458844661713,
8,36,5,attn,recovery,-0.0234375,0.08164811134338379,2923,GCAGAG,3.240234375,3083,GCGGAG,3.322265625,3083,GCGGAG,3.322265625,2923,GCAGAG,0.003941084258258343,3083,GCGGAG,0.003256425028666854,3390,GGGCGN,0.35502415895462036,False,False,True,-0.0019655004143714905,
8,37,5,attn,recovery,-0.0927734375,0.07671844959259033,2923,GCAGAG,3.25,3083,GCGGAG,3.337890625,3083,GCGGAG,3.337890625,2923,GCAGAG,0.004140699747949839,3083,GCGGAG,0.003460636828094721,3390,GGGCGN,0.3491472899913788,False,False,True,-0.0017770752310752869,
8,38,5,attn,recovery,-0.0693359375,0.1004076600074768,2923,GCAGAG,3.2421875,3083,GCGGAG,3.328125,3083,GCGGAG,3.328125,2923,GCAGAG,0.004098364617675543,3083,GCGGAG,0.0033962142188102007,3390,GGGCGN,0.34801164269447327,False,False,True,-0.001890379935503006,
8,39,5,attn,recovery,-0.1396484375,0.06381171941757202,2923,GCAGAG,3.244140625,3083,GCGGAG,3.3359375,3083,GCGGAG,3.3359375,2923,GCAGAG,0.004080102313309908,3083,GCGGAG,0.003412073478102684,3390,GGGCGN,0.35083386301994324,False,False,True,-0.001124940812587738,
8,40,5,attn,recovery,-0.046875,0.028709471225738525,2923,GCAGAG,3.21875,3083,GCGGAG,3.302734375,3083,GCGGAG,3.302734375,2923,GCAGAG,0.003886870574206114,3083,GCGGAG,0.0032515705097466707,3390,GGGCGN,0.3509962856769562,False,False,True,-0.00010787695646286011,
8,41,5,attn,recovery,-0.0927734375,-0.006589531898498535,2923,GCAGAG,3.224609375,3083,GCGGAG,3.3125,3083,GCGGAG,3.3125,2923,GCAGAG,0.003916204907000065,3083,GCGGAG,0.003313817083835602,3390,GGGCGN,0.3510752320289612,False,False,True,-0.00015781447291374207,
8,42,5,attn,recovery,-0.0234375,-0.003151416778564453,2923,GCAGAG,3.22265625,3083,GCGGAG,3.3046875,3083,GCGGAG,3.3046875,2923,GCAGAG,0.0038836493622511625,3083,GCGGAG,0.003278055926784873,3390,GGGCGN,0.3522176742553711,False,False,True,-3.98978590965271e-06,
8,43,5,attn,recovery,-0.0234375,0.0034011006355285645,2923,GCAGAG,3.234375,3083,GCGGAG,3.31640625,3083,GCGGAG,3.31640625,2923,GCAGAG,0.003920885268598795,3083,GCGGAG,0.003309182357043028,3390,GGGCGN,0.352461576461792,False,False,True,-0.0003564469516277313,
8,44,5,attn,recovery,-0.046875,-0.006761789321899414,2923,GCAGAG,3.234375,3083,GCGGAG,3.318359375,3083,GCGGAG,3.318359375,2923,GCAGAG,0.00390860578045249,3083,GCGGAG,0.003306378610432148,3390,GGGCGN,0.35356277227401733,False,False,True,-0.00040027499198913574,
8,45,5,attn,recovery,0.0234375,0.020231664180755615,2923,GCAGAG,3.23046875,3083,GCGGAG,3.30859375,3083,GCGGAG,3.30859375,2923,GCAGAG,0.0038602245040237904,3083,GCGGAG,0.003232829039916396,3390,GGGCGN,0.35455527901649475,False,False,True,-0.00045070424675941467,
8,46,5,attn,recovery,0.0,0.017788708209991455,2923,GCAGAG,3.23046875,3083,GCGGAG,3.310546875,3083,GCGGAG,3.310546875,2923,GCAGAG,0.003879793453961611,3083,GCGGAG,0.0032546757720410824,3390,GGGCGN,0.35398977994918823,False,False,True,-0.00047868862748146057,
8,47,5,attn,recovery,0.0,0.008076786994934082,2923,GCAGAG,3.224609375,3083,GCGGAG,3.3046875,3083,GCGGAG,3.3046875,2923,GCAGAG,0.003837011754512787,3083,GCGGAG,0.0032209493219852448,3390,GGGCGN,0.3542455732822418,False,False,True,7.603317499160767e-06,
8,48,5,attn,recovery,-0.046875,-0.018727660179138184,2923,GCAGAG,3.232421875,3083,GCGGAG,3.31640625,3083,GCGGAG,3.31640625,2923,GCAGAG,0.0038620911072939634,3083,GCGGAG,0.0032710207160562277,3390,GGGCGN,0.35534432530403137,False,False,True,2.5913119316101074e-05,
8,49,5,attn,recovery,0.04638671875,-0.017302513122558594,2923,GCAGAG,3.224609375,3083,GCGGAG,3.30078125,3083,GCGGAG,3.30078125,2923,GCAGAG,0.0037440669257193804,3083,GCGGAG,0.003151667769998312,3390,GGGCGN,0.36045587062835693,False,False,True,0.0004911646246910095,
8,50,5,attn,recovery,0.09326171875,0.0046329498291015625,2923,GCAGAG,3.23046875,3083,GCGGAG,3.302734375,3083,GCGGAG,3.302734375,2923,GCAGAG,0.0037976312451064587,3083,GCGGAG,0.003184779779985547,3390,GGGCGN,0.35940656065940857,False,False,True,0.00019418075680732727,
8,51,5,attn,recovery,0.09326171875,0.009531855583190918,2923,GCAGAG,3.23046875,3083,GCGGAG,3.302734375,3083,GCGGAG,3.302734375,2923,GCAGAG,0.003811432048678398,3083,GCGGAG,0.003194012911990285,3390,GGGCGN,0.3580148220062256,False,False,True,-1.600012183189392e-05,
9,0,5,attn,recovery,0.0,0.03965526819229126,2923,GCAGAG,3.244140625,3083,GCGGAG,3.32421875,3083,GCGGAG,3.32421875,2923,GCAGAG,0.003960445523262024,3083,GCGGAG,0.0033149397931993008,3390,GGGCGN,0.3530101478099823,False,False,True,-0.0005657263100147247,
9,1,5,attn,recovery,0.0234375,0.05408453941345215,2923,GCAGAG,3.251953125,3083,GCGGAG,3.330078125,3083,GCGGAG,3.330078125,2923,GCAGAG,0.003986221272498369,3083,GCGGAG,0.0033272618893533945,3390,GGGCGN,0.35327503085136414,False,False,True,-0.0007746703922748566,
9,2,5,attn,recovery,0.04638671875,0.06599646806716919,2923,GCAGAG,3.24609375,3083,GCGGAG,3.322265625,3083,GCGGAG,3.322265625,2923,GCAGAG,0.003965606912970543,3083,GCGGAG,0.0032955410424619913,3390,GGGCGN,0.3541288375854492,False,False,True,-0.0006049945950508118,
9,3,5,attn,recovery,0.0234375,0.0461583137512207,2923,GCAGAG,3.24609375,3083,GCGGAG,3.32421875,3083,GCGGAG,3.32421875,2923,GCAGAG,0.003965974785387516,3083,GCGGAG,0.003314405679702759,3390,GGGCGN,0.35476747155189514,False,False,True,-0.00020201504230499268,
9,4,5,attn,recovery,0.04638671875,0.06123310327529907,2923,GCAGAG,3.234375,3083,GCGGAG,3.310546875,3083,GCGGAG,3.310546875,2923,GCAGAG,0.00393636804074049,3083,GCGGAG,0.003270743414759636,3390,GGGCGN,0.3561936318874359,False,False,True,-0.0002749413251876831,
9,5,5,attn,recovery,0.0234375,0.06312721967697144,2923,GCAGAG,3.23828125,3083,GCGGAG,3.31640625,3083,GCGGAG,3.31640625,2923,GCAGAG,0.003992362413555384,3083,GCGGAG,0.003324971767142415,3390,GGGCGN,0.35137662291526794,False,False,True,-0.00010874122381210327,
9,6,5,attn,recovery,-0.046875,0.07484084367752075,2923,GCAGAG,3.251953125,3083,GCGGAG,3.3359375,3083,GCGGAG,3.3359375,2923,GCAGAG,0.004067596513777971,3083,GCGGAG,0.003389284247532487,3390,GGGCGN,0.3493745028972626,False,False,True,-0.00024396181106567383,
9,7,5,attn,recovery,-0.046875,0.09407740831375122,2923,GCAGAG,3.2578125,3083,GCGGAG,3.341796875,3083,GCGGAG,3.341796875,2923,GCAGAG,0.004081998951733112,3083,GCGGAG,0.003385750809684396,3390,GGGCGN,0.35014107823371887,False,False,True,-0.00015825405716896057,
9,8,5,attn,recovery,0.0,0.05436146259307861,2923,GCAGAG,3.2578125,3083,GCGGAG,3.337890625,3083,GCGGAG,3.337890625,2923,GCAGAG,0.004022522829473019,3083,GCGGAG,0.003363305237144232,3390,GGGCGN,0.3519735336303711,False,False,True,-0.00021729618310928345,
9,9,5,attn,recovery,0.09326171875,0.02009981870651245,2923,GCAGAG,3.251953125,3083,GCGGAG,3.32421875,3083,GCGGAG,3.32421875,2923,GCAGAG,0.003924999386072159,3083,GCGGAG,0.003297726856544614,3390,GGGCGN,0.3560982644557953,False,False,True,2.030283212661743e-05,
9,10,5,attn,recovery,0.0234375,-0.03018033504486084,2923,GCAGAG,3.24609375,3083,GCGGAG,3.32421875,3083,GCGGAG,3.32421875,2923,GCAGAG,0.003860227996483445,3083,GCGGAG,0.003279835917055607,3390,GGGCGN,0.3573037087917328,False,False,True,-0.00020934268832206726,
9,11,5,attn,recovery,-0.0234375,-0.03717362880706787,2923,GCAGAG,3.234375,3083,GCGGAG,3.31640625,3083,GCGGAG,3.31640625,2923,GCAGAG,0.0038608494214713573,3083,GCGGAG,0.0032869777642190456,3390,GGGCGN,0.3537156283855438,False,False,True,-0.0006678588688373566,
9,12,5,attn,recovery,0.1396484375,0.01708400249481201,2923,GCAGAG,3.240234375,3083,GCGGAG,3.30859375,3083,GCGGAG,3.30859375,2923,GCAGAG,0.0038868356496095657,3083,GCGGAG,0.0032623750157654285,3390,GGGCGN,0.35165783762931824,False,False,True,-0.00017619505524635315,
9,13,5,attn,recovery,0.0234375,0.008043348789215088,2923,GCAGAG,3.23828125,3083,GCGGAG,3.31640625,3083,GCGGAG,3.31640625,2923,GCAGAG,0.003988170996308327,3083,GCGGAG,0.0033721397630870342,3390,GGGCGN,0.34622031450271606,False,False,True,0.0004557780921459198,
9,14,5,attn,recovery,-0.1396484375,0.009960651397705078,2923,GCAGAG,3.24609375,3083,GCGGAG,3.337890625,3083,GCGGAG,3.337890625,2923,GCAGAG,0.00419244822114706,3083,GCGGAG,0.0035746293142437935,3390,GGGCGN,0.3398331105709076,False,False,True,-0.0008201375603675842,
9,15,5,attn,recovery,-0.1630859375,0.011701643466949463,2923,GCAGAG,3.2265625,3083,GCGGAG,3.3203125,3083,GCGGAG,3.3203125,2923,GCAGAG,0.004135646857321262,3083,GCGGAG,0.0035162046551704407,3390,GGGCGN,0.3400406241416931,False,False,True,-0.001874331384897232,
9,16,5,attn,recovery,-0.0927734375,0.01553279161453247,2923,GCAGAG,3.22265625,3083,GCGGAG,3.310546875,3083,GCGGAG,3.310546875,2923,GCAGAG,0.003979600500315428,3083,GCGGAG,0.0033565862104296684,3390,GGGCGN,0.3503282964229584,False,False,True,-0.0021778419613838196,
9,17,5,attn,recovery,-0.0927734375,-0.07037699222564697,2923,GCAGAG,3.224609375,3083,GCGGAG,3.3125,3083,GCGGAG,3.3125,2923,GCAGAG,0.003794295946136117,3083,GCGGAG,0.003251382615417242,3390,GGGCGN,0.3544960618019104,False,False,True,-0.00043139979243278503,
9,18,5,attn,recovery,-0.208984375,-0.10441815853118896,2923,GCAGAG,3.21875,3083,GCGGAG,3.31640625,3083,GCGGAG,3.31640625,2923,GCAGAG,0.003734118305146694,3083,GCGGAG,0.0032229444477707148,3390,GGGCGN,0.35252320766448975,False,False,True,-0.0006062425673007965,
9,19,5,attn,recovery,-0.0927734375,0.203366219997406,2923,GCAGAG,3.25,3083,GCGGAG,3.337890625,3083,GCGGAG,3.337890625,2923,GCAGAG,0.004203469026833773,3083,GCGGAG,0.0034053216222673655,3390,GGGCGN,0.34262415766716003,False,False,True,-0.0009209252893924713,
9,20,5,attn,recovery,0.1396484375,0.3802783489227295,2923,GCAGAG,3.2421875,3083,GCGGAG,3.310546875,3083,GCGGAG,3.310546875,2923,GCAGAG,0.004118310287594795,3083,GCGGAG,0.003155212616547942,3390,GGGCGN,0.3495986759662628,False,False,True,0.00015069544315338135,
9,21,5,attn,recovery,0.09326171875,0.3150925040245056,2923,GCAGAG,3.265625,3083,GCGGAG,3.337890625,3083,GCGGAG,3.337890625,2923,GCAGAG,0.004265530966222286,3083,GCGGAG,0.003363211639225483,3390,GGGCGN,0.3517811894416809,False,False,True,-0.0036269575357437134,
9,22,5,attn,recovery,0.18603515625,0.07622379064559937,2923,GCAGAG,3.25390625,3083,GCGGAG,3.318359375,3083,GCGGAG,3.318359375,2923,GCAGAG,0.003987953066825867,3083,GCGGAG,0.0033083513844758272,3390,GGGCGN,0.3573872745037079,False,False,True,-0.004210978746414185,
9,23,5,attn,recovery,0.16259765625,-0.057633042335510254,2923,GCAGAG,3.2421875,3083,GCGGAG,3.30859375,3083,GCGGAG,3.30859375,2923,GCAGAG,0.003869562176987529,3083,GCGGAG,0.0033147665672004223,3390,GGGCGN,0.3587912917137146,False,False,True,-0.0037476159632205963,
9,24,5,attn,recovery,0.16259765625,0.01456838846206665,2923,GCAGAG,3.23046875,3083,GCGGAG,3.296875,3083,GCGGAG,3.296875,2923,GCAGAG,0.003941476345062256,3083,GCGGAG,0.0033193612471222878,3390,GGGCGN,0.351823627948761,False,False,True,0.00024107471108436584,
9,25,5,attn,recovery,0.04638671875,-0.012409567832946777,2923,GCAGAG,3.224609375,3083,GCGGAG,3.30078125,3083,GCGGAG,3.30078125,2923,GCAGAG,0.0039171273820102215,3083,GCGGAG,0.003320166142657399,3390,GGGCGN,0.35273683071136475,False,False,True,0.0015738047659397125,
9,26,5,attn,recovery,-0.0234375,0.03681451082229614,2923,GCAGAG,3.2265625,3083,GCGGAG,3.30859375,3083,GCGGAG,3.30859375,2923,GCAGAG,0.004009651951491833,3083,GCGGAG,0.003366794902831316,3390,GGGCGN,0.3495541512966156,False,False,True,0.0003257766366004944,
9,27,5,attn,recovery,0.0,0.014854073524475098,2923,GCAGAG,3.23046875,3083,GCGGAG,3.310546875,3083,GCGGAG,3.310546875,2923,GCAGAG,0.003964480012655258,3083,GCGGAG,0.00334209855645895,3390,GGGCGN,0.35047009587287903,False,False,True,0.00030798837542533875,
9,28,5,attn,recovery,0.0,0.04121619462966919,2923,GCAGAG,3.23046875,3083,GCGGAG,3.310546875,3083,GCGGAG,3.310546875,2923,GCAGAG,0.003944049123674631,3083,GCGGAG,0.0032970879692584276,3390,GGGCGN,0.3513556122779846,False,False,True,-0.0001920051872730255,
9,29,5,attn,recovery,0.0234375,0.035397350788116455,2923,GCAGAG,3.232421875,3083,GCGGAG,3.310546875,3083,GCGGAG,3.310546875,2923,GCAGAG,0.003918900154531002,3083,GCGGAG,0.003277364419773221,3390,GGGCGN,0.35357558727264404,False,False,True,0.0003204718232154846,
9,30,5,attn,recovery,-0.0234375,0.007481992244720459,2923,GCAGAG,3.23828125,3083,GCGGAG,3.3203125,3083,GCGGAG,3.3203125,2923,GCAGAG,0.003924553282558918,3083,GCGGAG,0.0033090454526245594,3390,GGGCGN,0.3546912968158722,False,False,True,0.00022625550627708435,
9,31,5,attn,recovery,-0.046875,0.027720868587493896,2923,GCAGAG,3.232421875,3083,GCGGAG,3.31640625,3083,GCGGAG,3.31640625,2923,GCAGAG,0.003913655877113342,3083,GCGGAG,0.003279277589172125,3390,GGGCGN,0.3539223372936249,False,False,True,0.001330539584159851,
9,32,5,attn,recovery,0.0234375,0.009259164333343506,2923,GCAGAG,3.23046875,3083,GCGGAG,3.30859375,3083,GCGGAG,3.30859375,2923,GCAGAG,0.003861134871840477,3083,GCGGAG,0.003243969986215234,3390,GGGCGN,0.3544658124446869,False,False,True,0.0004687272012233734,
9,33,5,attn,recovery,0.06982421875,0.038356006145477295,2923,GCAGAG,3.23828125,3083,GCGGAG,3.3125,3083,GCGGAG,3.3125,2923,GCAGAG,0.003926570061594248,3083,GCGGAG,0.0032822757493704557,3390,GGGCGN,0.3525635004043579,False,False,True,-0.001699943095445633,
9,34,5,attn,recovery,0.09326171875,0.05316507816314697,2923,GCAGAG,3.244140625,3083,GCGGAG,3.31640625,3083,GCGGAG,3.31640625,2923,GCAGAG,0.003979806788265705,3083,GCGGAG,0.003321704687550664,3390,GGGCGN,0.3508385717868805,False,False,True,-0.0030563808977603912,
9,35,5,attn,recovery,0.04638671875,0.061081528663635254,2923,GCAGAG,3.2421875,3083,GCGGAG,3.318359375,3083,GCGGAG,3.318359375,2923,GCAGAG,0.0040053268894553185,3083,GCGGAG,0.0033398435916751623,3390,GGGCGN,0.3488894999027252,False,False,True,-0.0035519786179065704,
9,36,5,attn,recovery,0.0234375,0.039261460304260254,2923,GCAGAG,3.240234375,3083,GCGGAG,3.318359375,3083,GCGGAG,3.318359375,2923,GCAGAG,0.003988849930465221,3083,GCGGAG,0.0033437113743275404,3390,GGGCGN,0.3504038453102112,False,False,True,-0.0016982294619083405,
9,37,5,attn,recovery,-0.0927734375,0.004628241062164307,2923,GCAGAG,3.23046875,3083,GCGGAG,3.318359375,3083,GCGGAG,3.318359375,2923,GCAGAG,0.003914009314030409,3083,GCGGAG,0.0033011622726917267,3390,GGGCGN,0.35206902027130127,False,False,True,-0.0019967779517173767,
9,38,5,attn,recovery,-0.0927734375,0.02020043134689331,2923,GCAGAG,3.232421875,3083,GCGGAG,3.3203125,3083,GCGGAG,3.3203125,2923,GCAGAG,0.003931262530386448,3083,GCGGAG,0.0033038961701095104,3390,GGGCGN,0.351190447807312,False,False,True,-0.001001216471195221,
9,39,5,attn,recovery,-0.1162109375,-0.010004639625549316,2923,GCAGAG,3.22265625,3083,GCGGAG,3.3125,3083,GCGGAG,3.3125,2923,GCAGAG,0.0038714748807251453,3083,GCGGAG,0.0032722712494432926,3390,GGGCGN,0.35202556848526,False,False,True,-0.0011998005211353302,
9,40,5,attn,recovery,0.0,0.062061965465545654,2923,GCAGAG,3.23828125,3083,GCGGAG,3.318359375,3083,GCGGAG,3.318359375,2923,GCAGAG,0.003961741924285889,3083,GCGGAG,0.0032953445333987474,3390,GGGCGN,0.3534599244594574,False,False,True,-0.0008280463516712189,
9,41,5,attn,recovery,0.0234375,0.06634253263473511,2923,GCAGAG,3.234375,3083,GCGGAG,3.3125,3083,GCGGAG,3.3125,2923,GCAGAG,0.003940333146601915,3083,GCGGAG,0.0032699445728212595,3390,GGGCGN,0.35467496514320374,False,False,True,-0.0003760233521461487,
9,42,5,attn,recovery,0.0234375,0.07432466745376587,2923,GCAGAG,3.240234375,3083,GCGGAG,3.318359375,3083,GCGGAG,3.318359375,2923,GCAGAG,0.003964023664593697,3083,GCGGAG,0.003286192659288645,3390,GGGCGN,0.35395506024360657,False,False,True,-0.0004936493933200836,
9,43,5,attn,recovery,0.0234375,0.01675236225128174,2923,GCAGAG,3.23828125,3083,GCGGAG,3.31640625,3083,GCGGAG,3.31640625,2923,GCAGAG,0.00391552597284317,3083,GCGGAG,0.0032913745380938053,3390,GGGCGN,0.3538430333137512,False,False,True,-0.0005410164594650269,
9,44,5,attn,recovery,-0.0693359375,-0.006538033485412598,2923,GCAGAG,3.2265625,3083,GCGGAG,3.3125,3083,GCGGAG,3.3125,2923,GCAGAG,0.0038621253333985806,3083,GCGGAG,0.003259689547121525,3390,GGGCGN,0.3535195291042328,False,False,True,-0.00031842663884162903,
9,45,5,attn,recovery,-0.046875,0.00770646333694458,2923,GCAGAG,3.234375,3083,GCGGAG,3.318359375,3083,GCGGAG,3.318359375,2923,GCAGAG,0.003945315722376108,3083,GCGGAG,0.0033295985776931047,3390,GGGCGN,0.35150063037872314,False,False,True,-0.000565607100725174,
9,46,5,attn,recovery,-0.046875,0.025773584842681885,2923,GCAGAG,3.234375,3083,GCGGAG,3.318359375,3083,GCGGAG,3.318359375,2923,GCAGAG,0.00396064342930913,3083,GCGGAG,0.003328080754727125,3390,GGGCGN,0.3514690697193146,False,False,True,-0.0003706403076648712,
9,47,5,attn,recovery,-0.0234375,0.010617375373840332,2923,GCAGAG,3.23828125,3083,GCGGAG,3.3203125,3083,GCGGAG,3.3203125,2923,GCAGAG,0.00391877768561244,3083,GCGGAG,0.0033003464341163635,3390,GGGCGN,0.3536832928657532,False,False,True,-4.085153341293335e-05,
9,48,5,attn,recovery,0.0,0.01737266778945923,2923,GCAGAG,3.23828125,3083,GCGGAG,3.318359375,3083,GCGGAG,3.318359375,2923,GCAGAG,0.0038947202265262604,3083,GCGGAG,0.0032699904404580593,3390,GGGCGN,0.35478827357292175,False,False,True,4.034489393234253e-05,
9,49,5,attn,recovery,0.0,0.05507814884185791,2923,GCAGAG,3.23828125,3083,GCGGAG,3.318359375,3083,GCGGAG,3.318359375,2923,GCAGAG,0.003960724920034409,3083,GCGGAG,0.003300839103758335,3390,GGGCGN,0.35195934772491455,False,False,True,-0.00019681081175804138,
9,50,5,attn,recovery,-0.046875,-0.0030008554458618164,2923,GCAGAG,3.2265625,3083,GCGGAG,3.310546875,3083,GCGGAG,3.310546875,2923,GCAGAG,0.003916273824870586,3083,GCGGAG,0.0033105399925261736,3390,GGGCGN,0.3506317436695099,False,False,True,-0.0002265647053718567,
9,51,5,attn,recovery,-0.0234375,0.018999814987182617,2923,GCAGAG,3.2265625,3083,GCGGAG,3.30859375,3083,GCGGAG,3.30859375,2923,GCAGAG,0.003931199200451374,3083,GCGGAG,0.0033049522899091244,3390,GGGCGN,0.34962359070777893,False,False,True,0.00015667080879211426,
10,0,5,attn,recovery,-0.0693359375,0.04009723663330078,2923,GCAGAG,3.20703125,3083,GCGGAG,3.29296875,3083,GCGGAG,3.29296875,2923,GCAGAG,0.003930353093892336,3083,GCGGAG,0.0032844352535903454,3390,GGGCGN,0.3502851128578186,False,False,True,0.00026318058371543884,
10,1,5,attn,recovery,0.09326171875,0.29840201139450073,2923,GCAGAG,3.244140625,3083,GCGGAG,3.31640625,3083,GCGGAG,3.31640625,2923,GCAGAG,0.004233920481055975,3083,GCGGAG,0.003347163088619709,3390,GGGCGN,0.35056230425834656,False,False,True,0.00027694180607795715,
10,2,5,attn,recovery,0.16259765625,0.3114309310913086,2923,GCAGAG,3.26171875,3083,GCGGAG,3.328125,3083,GCGGAG,3.328125,2923,GCAGAG,0.004209225531667471,3083,GCGGAG,0.0033103202003985643,3390,GGGCGN,0.35349854826927185,False,False,True,0.000851701945066452,
10,3,5,attn,recovery,0.1396484375,0.28952813148498535,2923,GCAGAG,3.271484375,3083,GCGGAG,3.33984375,3083,GCGGAG,3.33984375,2923,GCAGAG,0.0042275674641132355,3083,GCGGAG,0.0033490839414298534,3390,GGGCGN,0.3546058237552643,False,False,True,0.000809788703918457,
10,4,5,attn,recovery,0.0,0.12974274158477783,2923,GCAGAG,3.23046875,3083,GCGGAG,3.310546875,3083,GCGGAG,3.310546875,2923,GCAGAG,0.004038118291646242,3083,GCGGAG,0.0033086163457483053,3390,GGGCGN,0.3488381803035736,False,False,True,0.0006351880729198456,
10,5,5,attn,recovery,-0.0234375,0.09377026557922363,2923,GCAGAG,3.23046875,3083,GCGGAG,3.3125,3083,GCGGAG,3.3125,2923,GCAGAG,0.004029551520943642,3083,GCGGAG,0.0033335897605866194,3390,GGGCGN,0.3454734981060028,False,False,True,-0.00017185136675834656,
10,6,5,attn,recovery,0.20947265625,0.12998920679092407,2923,GCAGAG,3.2421875,3083,GCGGAG,3.3046875,3083,GCGGAG,3.3046875,2923,GCAGAG,0.004069266840815544,3083,GCGGAG,0.003339535091072321,3390,GGGCGN,0.3402979373931885,False,False,True,2.7593225240707397e-05,
10,7,5,attn,recovery,0.18603515625,0.05007433891296387,2923,GCAGAG,3.23828125,3083,GCGGAG,3.302734375,3083,GCGGAG,3.302734375,2923,GCAGAG,0.003970333840698004,3083,GCGGAG,0.0033151134848594666,3390,GGGCGN,0.343716025352478,False,False,True,-0.00015289708971977234,
10,8,5,attn,recovery,0.06982421875,0.022818684577941895,2923,GCAGAG,3.23828125,3083,GCGGAG,3.3125,3083,GCGGAG,3.3125,2923,GCAGAG,0.003954187035560608,3083,GCGGAG,0.0033243794459849596,3390,GGGCGN,0.345445454120636,False,False,True,7.623806595802307e-05,
10,9,5,attn,recovery,-0.0234375,-0.008932113647460938,2923,GCAGAG,3.234375,3083,GCGGAG,3.31640625,3083,GCGGAG,3.31640625,2923,GCAGAG,0.003892858512699604,3083,GCGGAG,0.003292654873803258,3390,GGGCGN,0.3526114523410797,False,False,True,0.000383622944355011,
10,10,5,attn,recovery,0.0,-0.017029285430908203,2923,GCAGAG,3.23828125,3083,GCGGAG,3.318359375,3083,GCGGAG,3.318359375,2923,GCAGAG,0.0038921667728573084,3083,GCGGAG,0.0032995129004120827,3390,GGGCGN,0.35391783714294434,False,False,True,5.414709448814392e-05,
10,11,5,attn,recovery,0.0234375,-0.4068872928619385,2923,GCAGAG,3.3046875,3083,GCGGAG,3.3828125,3083,GCGGAG,3.3828125,2923,GCAGAG,0.0036561249289661646,3083,GCGGAG,0.0034269688185304403,3390,GGGCGN,0.36467301845550537,False,False,True,0.00018381327390670776,
10,12,5,attn,recovery,-0.1162109375,-0.41580235958099365,2923,GCAGAG,3.291015625,3083,GCGGAG,3.380859375,3083,GCGGAG,3.380859375,2923,GCAGAG,0.0037280486430972815,3083,GCGGAG,0.003507204819470644,3390,GGGCGN,0.35581639409065247,False,False,True,-0.0008708983659744263,
10,13,5,attn,recovery,0.1162109375,-0.3501255512237549,2923,GCAGAG,3.2578125,3083,GCGGAG,3.328125,3083,GCGGAG,3.328125,2923,GCAGAG,0.0036803160328418016,3083,GCGGAG,0.003398236120119691,3390,GGGCGN,0.35041484236717224,False,False,True,-0.00039144977927207947,
10,14,5,attn,recovery,0.04638671875,0.08431631326675415,2923,GCAGAG,3.1953125,3083,GCGGAG,3.271484375,3083,GCGGAG,3.271484375,2923,GCAGAG,0.004035829100757837,3083,GCGGAG,0.003348682075738907,3390,GGGCGN,0.3370179235935211,False,False,True,-0.0004556290805339813,
10,15,5,attn,recovery,0.0234375,0.10984069108963013,2923,GCAGAG,3.19921875,3083,GCGGAG,3.27734375,3083,GCGGAG,3.27734375,2923,GCAGAG,0.004040273372083902,3083,GCGGAG,0.0033293277956545353,3390,GGGCGN,0.3413035571575165,False,False,True,-0.0007184334099292755,
10,16,5,attn,recovery,-0.232421875,-0.011292815208435059,2923,GCAGAG,3.21875,3083,GCGGAG,3.318359375,3083,GCGGAG,3.318359375,2923,GCAGAG,0.004007786978036165,3083,GCGGAG,0.003409784520044923,3390,GGGCGN,0.3449418544769287,False,False,True,0.00042251497507095337,
10,17,5,attn,recovery,-0.208984375,-0.09089851379394531,2923,GCAGAG,3.212890625,3083,GCGGAG,3.310546875,3083,GCGGAG,3.310546875,2923,GCAGAG,0.0038822898641228676,3083,GCGGAG,0.0033585105556994677,3390,GGGCGN,0.34871530532836914,False,False,True,-0.0009801015257835388,
10,18,5,attn,recovery,-0.1162109375,-0.10043513774871826,2923,GCAGAG,3.21484375,3083,GCGGAG,3.3046875,3083,GCGGAG,3.3046875,2923,GCAGAG,0.0037425279151648283,3083,GCGGAG,0.0032276404090225697,3390,GGGCGN,0.35331714153289795,False,False,True,-0.0006421618163585663,
10,19,5,attn,recovery,-0.1396484375,-0.0824134349822998,2923,GCAGAG,3.21875,3083,GCGGAG,3.310546875,3083,GCGGAG,3.310546875,2923,GCAGAG,0.003837520955130458,3083,GCGGAG,0.003305830294266343,3390,GGGCGN,0.3504001498222351,False,False,True,-0.006011586636304855,
10,20,5,attn,recovery,-0.232421875,-0.19079828262329102,2923,GCAGAG,3.232421875,3083,GCGGAG,3.33203125,3083,GCGGAG,3.33203125,2923,GCAGAG,0.00392804155126214,3083,GCGGAG,0.003497407305985689,3390,GGGCGN,0.34464114904403687,False,False,True,-0.013410653918981552,
10,21,5,attn,recovery,-0.1396484375,-0.17491543292999268,2923,GCAGAG,3.23828125,3083,GCGGAG,3.330078125,3083,GCGGAG,3.330078125,2923,GCAGAG,0.004062115680426359,3083,GCGGAG,0.0036166724748909473,3390,GGGCGN,0.3425627648830414,False,False,True,-0.013644706457853317,
10,22,5,attn,recovery,-0.1396484375,-0.16300106048583984,2923,GCAGAG,3.265625,3083,GCGGAG,3.357421875,3083,GCGGAG,3.357421875,2923,GCAGAG,0.004215685185045004,3083,GCGGAG,0.0037591331638395786,3390,GGGCGN,0.3445439636707306,False,False,True,-0.009935300797224045,
10,23,5,attn,recovery,0.0234375,0.03930842876434326,2923,GCAGAG,3.25390625,3083,GCGGAG,3.33203125,3083,GCGGAG,3.33203125,2923,GCAGAG,0.004067761357873678,3083,GCGGAG,0.0034225790295749903,3390,GGGCGN,0.35521575808525085,False,False,True,0.00017505139112472534,
10,24,5,attn,recovery,-0.0927734375,0.025697946548461914,2923,GCAGAG,3.25390625,3083,GCGGAG,3.341796875,3083,GCGGAG,3.341796875,2923,GCAGAG,0.004020319320261478,3083,GCGGAG,0.003387827193364501,3390,GGGCGN,0.3548753261566162,False,False,True,0.00018656626343727112,
10,25,5,attn,recovery,0.04638671875,0.015328288078308105,2923,GCAGAG,3.22265625,3083,GCGGAG,3.298828125,3083,GCGGAG,3.298828125,2923,GCAGAG,0.003815901931375265,3083,GCGGAG,0.0031930783297866583,3390,GGGCGN,0.35627537965774536,False,False,True,5.310773849487305e-05,
10,26,5,attn,recovery,0.0,0.04254418611526489,2923,GCAGAG,3.23046875,3083,GCGGAG,3.310546875,3083,GCGGAG,3.310546875,2923,GCAGAG,0.0039019000250846148,3083,GCGGAG,0.00325370067730546,3390,GGGCGN,0.35313934087753296,False,False,True,-0.0004955977201461792,
10,27,5,attn,recovery,0.0234375,0.0039632320404052734,2923,GCAGAG,3.224609375,3083,GCGGAG,3.302734375,3083,GCGGAG,3.302734375,2923,GCAGAG,0.003841955214738846,3083,GCGGAG,0.003229728201404214,3390,GGGCGN,0.3542259931564331,False,False,True,-0.00048433244228363037,
10,28,5,attn,recovery,0.0234375,0.022238612174987793,2923,GCAGAG,3.224609375,3083,GCGGAG,3.302734375,3083,GCGGAG,3.302734375,2923,GCAGAG,0.0038650534115731716,3083,GCGGAG,0.0032357866875827312,3390,GGGCGN,0.35417643189430237,False,False,True,-0.0003071539103984833,
10,29,5,attn,recovery,0.0234375,-0.0016058683395385742,2923,GCAGAG,3.2265625,3083,GCGGAG,3.3046875,3083,GCGGAG,3.3046875,2923,GCAGAG,0.0038346978835761547,3083,GCGGAG,0.0032276634592562914,3390,GGGCGN,0.35382673144340515,False,False,True,-0.0006723813712596893,
10,30,5,attn,recovery,-0.046875,-0.023091435432434082,2923,GCAGAG,3.2265625,3083,GCGGAG,3.310546875,3083,GCGGAG,3.310546875,2923,GCAGAG,0.0038316252175718546,3083,GCGGAG,0.00324462354183197,3390,GGGCGN,0.35464543104171753,False,False,True,-0.0006970465183258057,
10,31,5,attn,recovery,-0.0234375,-0.019719243049621582,2923,GCAGAG,3.23046875,3083,GCGGAG,3.3125,3083,GCGGAG,3.3125,2923,GCAGAG,0.0038508474826812744,3083,GCGGAG,0.003260701661929488,3390,GGGCGN,0.35429900884628296,False,False,True,-0.0011681132018566132,
10,32,5,attn,recovery,-0.046875,-0.016770601272583008,2923,GCAGAG,3.2265625,3083,GCGGAG,3.310546875,3083,GCGGAG,3.310546875,2923,GCAGAG,0.003840957535430789,3083,GCGGAG,0.003248062450438738,3390,GGGCGN,0.35719481110572815,False,False,True,-0.001623053103685379,
10,33,5,attn,recovery,0.0234375,-0.026886820793151855,2923,GCAGAG,3.224609375,3083,GCGGAG,3.302734375,3083,GCGGAG,3.302734375,2923,GCAGAG,0.003807883709669113,3083,GCGGAG,0.003224420826882124,3390,GGGCGN,0.35732150077819824,False,False,True,-0.0014026984572410583,
10,34,5,attn,recovery,-0.0693359375,-0.017551183700561523,2923,GCAGAG,3.232421875,3083,GCGGAG,3.318359375,3083,GCGGAG,3.318359375,2923,GCAGAG,0.003931766841560602,3083,GCGGAG,0.003339599585160613,3390,GGGCGN,0.3532348871231079,False,False,True,-0.0011966712772846222,
10,35,5,attn,recovery,-0.1162109375,-0.022971749305725098,2923,GCAGAG,3.23046875,3083,GCGGAG,3.3203125,3083,GCGGAG,3.3203125,2923,GCAGAG,0.003968671429902315,3083,GCGGAG,0.0033815582282841206,3390,GGGCGN,0.3501453101634979,False,False,True,-0.0006358548998832703,
10,36,5,attn,recovery,-0.1630859375,-0.02590346336364746,2923,GCAGAG,3.23828125,3083,GCGGAG,3.33203125,3083,GCGGAG,3.33203125,2923,GCAGAG,0.003979591187089682,3083,GCGGAG,0.0033952114172279835,3390,GGGCGN,0.3501884639263153,False,False,True,-0.0007756836712360382,
10,37,5,attn,recovery,-0.1162109375,0.0009394288063049316,2923,GCAGAG,3.23046875,3083,GCGGAG,3.3203125,3083,GCGGAG,3.3203125,2923,GCAGAG,0.003905530786141753,3083,GCGGAG,0.003296123119071126,3390,GGGCGN,0.35385647416114807,False,False,True,-0.0009582340717315674,
10,38,5,attn,recovery,-0.0693359375,0.03183943033218384,2923,GCAGAG,3.232421875,3083,GCGGAG,3.318359375,3083,GCGGAG,3.318359375,2923,GCAGAG,0.003922500181943178,3083,GCGGAG,0.0032842818181961775,3390,GGGCGN,0.35353338718414307,False,False,True,-0.0005010440945625305,
10,39,5,attn,recovery,-0.0234375,0.05242067575454712,2923,GCAGAG,3.23828125,3083,GCGGAG,3.3203125,3083,GCGGAG,3.3203125,2923,GCAGAG,0.00395490787923336,3083,GCGGAG,0.0032974998466670513,3390,GGGCGN,0.3531734049320221,False,False,True,-0.0004037730395793915,
10,40,5,attn,recovery,-0.0234375,0.054213643074035645,2923,GCAGAG,3.23828125,3083,GCGGAG,3.3203125,3083,GCGGAG,3.3203125,2923,GCAGAG,0.003955884836614132,3083,GCGGAG,0.003296805080026388,3390,GGGCGN,0.35449180006980896,False,False,True,-0.0005318596959114075,
10,41,5,attn,recovery,-0.046875,0.01845991611480713,2923,GCAGAG,3.234375,3083,GCGGAG,3.318359375,3083,GCGGAG,3.318359375,2923,GCAGAG,0.00394137529656291,3083,GCGGAG,0.00331563176587224,3390,GGGCGN,0.35320234298706055,False,False,True,-0.0006725601851940155,
10,42,5,attn,recovery,-0.0693359375,0.01772230863571167,2923,GCAGAG,3.23046875,3083,GCGGAG,3.31640625,3083,GCGGAG,3.31640625,2923,GCAGAG,0.003918045200407505,3083,GCGGAG,0.0032929894514381886,3390,GGGCGN,0.35474127531051636,False,False,True,-0.0006320029497146606,
10,43,5,attn,recovery,0.0,-0.0009347200393676758,2923,GCAGAG,3.224609375,3083,GCGGAG,3.3046875,3083,GCGGAG,3.3046875,2923,GCAGAG,0.0038530330639332533,3083,GCGGAG,0.0032453727908432484,3390,GGGCGN,0.35470572113990784,False,False,True,1.0468065738677979e-06,
10,44,5,attn,recovery,0.0234375,0.006149709224700928,2923,GCAGAG,3.224609375,3083,GCGGAG,3.302734375,3083,GCGGAG,3.302734375,2923,GCAGAG,0.003841763362288475,3083,GCGGAG,0.00322749768383801,3390,GGGCGN,0.3555620610713959,False,False,True,0.00018591806292533875,
10,45,5,attn,recovery,0.0234375,0.019418835639953613,2923,GCAGAG,3.22265625,3083,GCGGAG,3.30078125,3083,GCGGAG,3.30078125,2923,GCAGAG,0.0037883641198277473,3083,GCGGAG,0.0031617265194654465,3390,GGGCGN,0.35639140009880066,False,False,True,-1.3571232557296753e-05,
10,46,5,attn,recovery,0.04638671875,0.039602041244506836,2923,GCAGAG,3.224609375,3083,GCGGAG,3.30078125,3083,GCGGAG,3.30078125,2923,GCAGAG,0.0038119510281831026,3083,GCGGAG,0.0031664948910474777,3390,GGGCGN,0.3579215407371521,False,False,True,-0.00016482174396514893,
10,47,5,attn,recovery,0.0234375,0.028155386447906494,2923,GCAGAG,3.224609375,3083,GCGGAG,3.302734375,3083,GCGGAG,3.302734375,2923,GCAGAG,0.0038117982912808657,3083,GCGGAG,0.0031770148780196905,3390,GGGCGN,0.3564465343952179,False,False,True,-0.00028600171208381653,
10,48,5,attn,recovery,-0.046875,-0.01865994930267334,2923,GCAGAG,3.232421875,3083,GCGGAG,3.31640625,3083,GCGGAG,3.31640625,2923,GCAGAG,0.003886803984642029,3083,GCGGAG,0.003295670496299863,3390,GGGCGN,0.3550734519958496,False,False,True,-0.00021937116980552673,
10,49,5,attn,recovery,-0.0234375,-0.0056645870208740234,2923,GCAGAG,3.23046875,3083,GCGGAG,3.3125,3083,GCGGAG,3.3125,2923,GCAGAG,0.00389372487552464,3083,GCGGAG,0.003290474647656083,3390,GGGCGN,0.3540487289428711,False,False,True,-0.00048189982771873474,
10,50,5,attn,recovery,-0.0234375,0.023125886917114258,2923,GCAGAG,3.23046875,3083,GCGGAG,3.3125,3083,GCGGAG,3.3125,2923,GCAGAG,0.003929418046027422,3083,GCGGAG,0.0032993240747600794,3390,GGGCGN,0.35207706689834595,False,False,True,-0.0005030333995819092,
10,51,5,attn,recovery,0.0234375,0.05780601501464844,2923,GCAGAG,3.23046875,3083,GCGGAG,3.30859375,3083,GCGGAG,3.30859375,2923,GCAGAG,0.003923945128917694,3083,GCGGAG,0.0032615158706903458,3390,GGGCGN,0.3529735207557678,False,False,True,-0.0004561096429824829,
11,0,5,attn,recovery,-0.0927734375,-0.00250089168548584,2923,GCAGAG,3.224609375,3083,GCGGAG,3.3125,3083,GCGGAG,3.3125,2923,GCAGAG,0.0038544561248272657,3083,GCGGAG,0.003248256165534258,3390,GGGCGN,0.3541335463523865,False,False,True,-0.0001874975860118866,
11,1,5,attn,recovery,0.0,0.049838900566101074,2923,GCAGAG,3.251953125,3083,GCGGAG,3.33203125,3083,GCGGAG,3.33203125,2923,GCAGAG,0.003955570049583912,3083,GCGGAG,0.0033005692530423403,3390,GGGCGN,0.35431215167045593,False,False,True,-0.00019446387887001038,
11,2,5,attn,recovery,0.20947265625,0.10399109125137329,2923,GCAGAG,3.2578125,3083,GCGGAG,3.3203125,3083,GCGGAG,3.3203125,2923,GCAGAG,0.003925870172679424,3083,GCGGAG,0.003220378654077649,3390,GGGCGN,0.3536751866340637,False,False,True,-0.0003929547965526581,
11,3,5,attn,recovery,0.20947265625,0.0852704644203186,2923,GCAGAG,3.240234375,3083,GCGGAG,3.302734375,3083,GCGGAG,3.302734375,2923,GCAGAG,0.0038502069655805826,3083,GCGGAG,0.0031621702946722507,3390,GGGCGN,0.35394832491874695,False,False,True,-0.00039821118116378784,
11,4,5,attn,recovery,0.16259765625,0.008220374584197998,2923,GCAGAG,3.205078125,3083,GCGGAG,3.271484375,3083,GCGGAG,3.271484375,2923,GCAGAG,0.0036710507702082396,3083,GCGGAG,0.0030548544600605965,3390,GGGCGN,0.35062238574028015,False,False,True,-0.0004884712398052216,
11,5,5,attn,recovery,0.1162109375,0.035531699657440186,2923,GCAGAG,3.2109375,3083,GCGGAG,3.28125,3083,GCGGAG,3.28125,2923,GCAGAG,0.0038014939054846764,3083,GCGGAG,0.0031598329078406096,3390,GGGCGN,0.3494488000869751,False,False,True,-0.0005543828010559082,
11,6,5,attn,recovery,0.09326171875,0.007830798625946045,2923,GCAGAG,3.2265625,3083,GCGGAG,3.298828125,3083,GCGGAG,3.298828125,2923,GCAGAG,0.003807655069977045,3083,GCGGAG,0.003191821975633502,3390,GGGCGN,0.347259521484375,False,False,True,-1.8555670976638794e-05,
11,7,5,attn,recovery,-0.0234375,-0.012904763221740723,2923,GCAGAG,3.234375,3083,GCGGAG,3.31640625,3083,GCGGAG,3.31640625,2923,GCAGAG,0.003893618704751134,3083,GCGGAG,0.0032971191685646772,3390,GGGCGN,0.34825247526168823,False,False,True,0.00010021403431892395,
11,8,5,attn,recovery,-0.0234375,-0.056900858879089355,2923,GCAGAG,3.240234375,3083,GCGGAG,3.322265625,3083,GCGGAG,3.322265625,2923,GCAGAG,0.0038602480199187994,3083,GCGGAG,0.0033047697506844997,3390,GGGCGN,0.35083335638046265,False,False,True,0.000171661376953125,
11,9,5,attn,recovery,0.0234375,-0.03990471363067627,2923,GCAGAG,3.251953125,3083,GCGGAG,3.330078125,3083,GCGGAG,3.330078125,2923,GCAGAG,0.0039318623021245,3083,GCGGAG,0.003360537113621831,3390,GGGCGN,0.3570585548877716,False,False,True,-0.0005902647972106934,
11,10,5,attn,recovery,-0.0234375,-0.0366969108581543,2923,GCAGAG,3.25390625,3083,GCGGAG,3.3359375,3083,GCGGAG,3.3359375,2923,GCAGAG,0.0039397175423800945,3083,GCGGAG,0.0033654014114290476,3390,GGGCGN,0.3567034900188446,False,False,True,-0.001016709953546524,
11,11,5,attn,recovery,0.0,-0.044728994369506836,2923,GCAGAG,3.2578125,3083,GCGGAG,3.337890625,3083,GCGGAG,3.337890625,2923,GCAGAG,0.003927004057914019,3083,GCGGAG,0.0033601769246160984,3390,GGGCGN,0.3579912781715393,False,False,True,-0.0005357861518859863,
11,12,5,attn,recovery,0.0234375,0.06462228298187256,2923,GCAGAG,3.23828125,3083,GCGGAG,3.31640625,3083,GCGGAG,3.31640625,2923,GCAGAG,0.0040462808683514595,3083,GCGGAG,0.003377496264874935,3390,GGGCGN,0.3477664589881897,False,False,True,-0.0012415163218975067,
11,13,5,attn,recovery,0.1396484375,0.07444155216217041,2923,GCAGAG,3.220703125,3083,GCGGAG,3.2890625,3083,GCGGAG,3.2890625,2923,GCAGAG,0.0039477297104895115,3083,GCGGAG,0.0032697897404432297,3390,GGGCGN,0.34768176078796387,False,False,True,-0.001276552677154541,
11,14,5,attn,recovery,-0.0234375,0.0888943076133728,2923,GCAGAG,3.20703125,3083,GCGGAG,3.2890625,3083,GCGGAG,3.2890625,2923,GCAGAG,0.0039730556309223175,3083,GCGGAG,0.0032816401217132807,3390,GGGCGN,0.3427466154098511,False,False,True,-0.0021240264177322388,
11,15,5,attn,recovery,-0.046875,0.0267217755317688,2923,GCAGAG,3.21484375,3083,GCGGAG,3.298828125,3083,GCGGAG,3.298828125,2923,GCAGAG,0.0038532745093107224,3083,GCGGAG,0.003219827776774764,3390,GGGCGN,0.3496015965938568,False,False,True,-0.00121297687292099,
11,16,5,attn,recovery,-0.1865234375,-0.04797923564910889,2923,GCAGAG,3.24609375,3083,GCGGAG,3.341796875,3083,GCGGAG,3.341796875,2923,GCAGAG,0.004023483023047447,3083,GCGGAG,0.0034596864134073257,3390,GGGCGN,0.34706512093544006,False,False,True,-0.002313055098056793,
11,17,5,attn,recovery,0.1162109375,0.20110952854156494,2923,GCAGAG,3.26953125,3083,GCGGAG,3.33984375,3083,GCGGAG,3.33984375,2923,GCAGAG,0.0041248491033911705,3083,GCGGAG,0.0033288057893514633,3390,GGGCGN,0.34982261061668396,False,False,True,-0.0019040480256080627,
11,18,5,attn,recovery,0.16259765625,0.17041480541229248,2923,GCAGAG,3.2734375,3083,GCGGAG,3.33984375,3083,GCGGAG,3.33984375,2923,GCAGAG,0.004143379628658295,3083,GCGGAG,0.0033759556245058775,3390,GGGCGN,0.3481917381286621,False,False,True,-0.002987600862979889,
11,19,5,attn,recovery,0.279296875,0.3026871085166931,2923,GCAGAG,3.263671875,3083,GCGGAG,3.3203125,3083,GCGGAG,3.3203125,2923,GCAGAG,0.004133010748773813,3083,GCGGAG,0.003242257982492447,3390,GGGCGN,0.35303759574890137,False,False,True,-0.006345488131046295,
11,20,5,attn,recovery,0.1162109375,-0.06540358066558838,2923,GCAGAG,3.259765625,3083,GCGGAG,3.330078125,3083,GCGGAG,3.330078125,2923,GCAGAG,0.004120642319321632,3083,GCGGAG,0.003573091933503747,3390,GGGCGN,0.34496253728866577,False,False,True,-0.012756749987602234,
11,21,5,attn,recovery,0.09326171875,0.01784336566925049,2923,GCAGAG,3.271484375,3083,GCGGAG,3.34375,3083,GCGGAG,3.34375,2923,GCAGAG,0.00432805810123682,3083,GCGGAG,0.0037028894294053316,3390,GGGCGN,0.34109175205230713,False,False,True,-0.01003570482134819,
11,22,5,attn,recovery,0.0,-0.020740866661071777,2923,GCAGAG,3.259765625,3083,GCGGAG,3.33984375,3083,GCGGAG,3.33984375,2923,GCAGAG,0.00438862107694149,3083,GCGGAG,0.003799427766352892,3390,GGGCGN,0.33971378207206726,False,False,True,-0.005449444055557251,
11,23,5,attn,recovery,-0.1162109375,0.013670146465301514,2923,GCAGAG,3.23828125,3083,GCGGAG,3.328125,3083,GCGGAG,3.328125,2923,GCAGAG,0.004073231481015682,3083,GCGGAG,0.003451953874900937,3390,GGGCGN,0.35176414251327515,False,False,True,0.0012758038938045502,
11,24,5,attn,recovery,-0.1162109375,-0.0653378963470459,2923,GCAGAG,3.212890625,3083,GCGGAG,3.302734375,3083,GCGGAG,3.302734375,2923,GCAGAG,0.0038159764371812344,3083,GCGGAG,0.003268364816904068,3390,GGGCGN,0.3582557439804077,False,False,True,-0.002987731248140335,
11,25,5,attn,recovery,0.0234375,-0.03694558143615723,2923,GCAGAG,3.22265625,3083,GCGGAG,3.30078125,3083,GCGGAG,3.30078125,2923,GCAGAG,0.0037631818559020758,3083,GCGGAG,0.003189097624272108,3390,GGGCGN,0.3587205708026886,False,False,True,-0.0014082789421081543,
11,26,5,attn,recovery,0.0234375,0.02098757028579712,2923,GCAGAG,3.2265625,3083,GCGGAG,3.3046875,3083,GCGGAG,3.3046875,2923,GCAGAG,0.0038694313261657953,3083,GCGGAG,0.003241331083700061,3390,GGGCGN,0.35619357228279114,False,False,True,-0.0008910000324249268,
11,27,5,attn,recovery,-0.0234375,0.036754071712493896,2923,GCAGAG,3.23046875,3083,GCGGAG,3.3125,3083,GCGGAG,3.3125,2923,GCAGAG,0.003953768406063318,3083,GCGGAG,0.0033109677024185658,3390,GGGCGN,0.3533303439617157,False,False,True,-7.249414920806885e-05,
11,28,5,attn,recovery,-0.0693359375,0.010526716709136963,2923,GCAGAG,3.23046875,3083,GCGGAG,3.31640625,3083,GCGGAG,3.31640625,2923,GCAGAG,0.003930405247956514,3083,GCGGAG,0.003312058513984084,3390,GGGCGN,0.3526279628276825,False,False,True,-0.0002946928143501282,
11,29,5,attn,recovery,0.0234375,0.05097883939743042,2923,GCAGAG,3.224609375,3083,GCGGAG,3.302734375,3083,GCGGAG,3.302734375,2923,GCAGAG,0.0038961938116699457,3083,GCGGAG,0.003240130143240094,3390,GGGCGN,0.3524615168571472,False,False,True,-0.0010829754173755646,
11,30,5,attn,recovery,0.0234375,0.014878273010253906,2923,GCAGAG,3.23046875,3083,GCGGAG,3.30859375,3083,GCGGAG,3.30859375,2923,GCAGAG,0.003885808866471052,3083,GCGGAG,0.0032634048257023096,3390,GGGCGN,0.3532426655292511,False,False,True,-0.0012910477817058563,
11,31,5,attn,recovery,-0.0234375,-0.021354079246520996,2923,GCAGAG,3.2265625,3083,GCGGAG,3.30859375,3083,GCGGAG,3.30859375,2923,GCAGAG,0.003890149062499404,3083,GCGGAG,0.0033015275839716196,3390,GGGCGN,0.3516140580177307,False,False,True,-0.0019894540309906006,
11,32,5,attn,recovery,0.0234375,0.03185218572616577,2923,GCAGAG,3.24609375,3083,GCGGAG,3.32421875,3083,GCGGAG,3.32421875,2923,GCAGAG,0.003971276339143515,3083,GCGGAG,0.0033330461010336876,3390,GGGCGN,0.3521654009819031,False,False,True,-0.002822834998369217,
11,33,5,attn,recovery,0.0,0.02266514301300049,2923,GCAGAG,3.2421875,3083,GCGGAG,3.322265625,3083,GCGGAG,3.322265625,2923,GCAGAG,0.003953288774937391,3083,GCGGAG,0.00332362437620759,3390,GGGCGN,0.3520497977733612,False,False,True,-0.0030155032873153687,
11,34,5,attn,recovery,0.04638671875,0.0813741683959961,2923,GCAGAG,3.25390625,3083,GCGGAG,3.330078125,3083,GCGGAG,3.330078125,2923,GCAGAG,0.004037738777697086,3083,GCGGAG,0.003353334963321686,3390,GGGCGN,0.35138019919395447,False,False,True,-0.0023899339139461517,
11,35,5,attn,recovery,0.04638671875,0.03020954132080078,2923,GCAGAG,3.2421875,3083,GCGGAG,3.318359375,3083,GCGGAG,3.318359375,2923,GCAGAG,0.003969336394220591,3083,GCGGAG,0.0033326377160847187,3390,GGGCGN,0.35313382744789124,False,False,True,-0.0008797235786914825,
11,36,5,attn,recovery,0.0234375,0.07192367315292358,2923,GCAGAG,3.2421875,3083,GCGGAG,3.3203125,3083,GCGGAG,3.3203125,2923,GCAGAG,0.004009145312011242,3083,GCGGAG,0.003333552973344922,3390,GGGCGN,0.3511457145214081,False,False,True,-0.00044633448123931885,
11,37,5,attn,recovery,-0.1162109375,0.012113690376281738,2923,GCAGAG,3.234375,3083,GCGGAG,3.32421875,3083,GCGGAG,3.32421875,2923,GCAGAG,0.0039398097433149815,3083,GCGGAG,0.003319983370602131,3390,GGGCGN,0.3531697988510132,False,False,True,-0.00041874125599861145,
11,38,5,attn,recovery,-0.1630859375,0.013909101486206055,2923,GCAGAG,3.2421875,3083,GCGGAG,3.3359375,3083,GCGGAG,3.3359375,2923,GCAGAG,0.004016201011836529,3083,GCGGAG,0.003394700586795807,3390,GGGCGN,0.3528711497783661,False,False,True,-0.00013395771384239197,
11,39,5,attn,recovery,-0.1630859375,-0.019910573959350586,2923,GCAGAG,3.23828125,3083,GCGGAG,3.33203125,3083,GCGGAG,3.33203125,2923,GCAGAG,0.003978176042437553,3083,GCGGAG,0.003388208569958806,3390,GGGCGN,0.35223934054374695,False,False,True,-0.00013495609164237976,
11,40,5,attn,recovery,-0.1396484375,0.008262336254119873,2923,GCAGAG,3.232421875,3083,GCGGAG,3.32421875,3083,GCGGAG,3.32421875,2923,GCAGAG,0.003940184134989977,3083,GCGGAG,0.0033239487092942,3390,GGGCGN,0.3512363135814667,False,False,True,-0.00015986338257789612,
11,41,5,attn,recovery,-0.0927734375,0.017365694046020508,2923,GCAGAG,3.220703125,3083,GCGGAG,3.30859375,3083,GCGGAG,3.30859375,2923,GCAGAG,0.003856523660942912,3083,GCGGAG,0.0032318003941327333,3390,GGGCGN,0.35306063294410706,False,False,True,-0.0003168955445289612,
11,42,5,attn,recovery,-0.046875,2.9802322387695312e-06,2923,GCAGAG,3.2265625,3083,GCGGAG,3.310546875,3083,GCGGAG,3.310546875,2923,GCAGAG,0.003825555322691798,3083,GCGGAG,0.003217020770534873,3390,GGGCGN,0.35519832372665405,False,False,True,-0.0003564320504665375,
11,43,5,attn,recovery,-0.0234375,0.006312549114227295,2923,GCAGAG,3.23046875,3083,GCGGAG,3.3125,3083,GCGGAG,3.3125,2923,GCAGAG,0.003834719769656658,3083,GCGGAG,0.0032203022856265306,3390,GGGCGN,0.3561796545982361,False,False,True,-0.0004125237464904785,
11,44,5,attn,recovery,0.0,0.014920473098754883,2923,GCAGAG,3.23046875,3083,GCGGAG,3.310546875,3083,GCGGAG,3.310546875,2923,GCAGAG,0.0038724299520254135,3083,GCGGAG,0.0032499865628778934,3390,GGGCGN,0.3548307716846466,False,False,True,-0.00020009279251098633,
11,45,5,attn,recovery,-0.0693359375,0.012679755687713623,2923,GCAGAG,3.2265625,3083,GCGGAG,3.3125,3083,GCGGAG,3.3125,2923,GCAGAG,0.003849007422104478,3083,GCGGAG,0.003228653222322464,3390,GGGCGN,0.3580198884010315,False,False,True,-0.00022460892796516418,
11,46,5,attn,recovery,-0.0234375,-0.00020503997802734375,2923,GCAGAG,3.23046875,3083,GCGGAG,3.3125,3083,GCGGAG,3.3125,2923,GCAGAG,0.0038668038323521614,3083,GCGGAG,0.0032584632281214,3390,GGGCGN,0.3569960594177246,False,False,True,-0.00024753063917160034,
11,47,5,attn,recovery,-0.046875,-0.0017205476760864258,2923,GCAGAG,3.234375,3083,GCGGAG,3.318359375,3083,GCGGAG,3.318359375,2923,GCAGAG,0.0038730232045054436,3083,GCGGAG,0.0032660956494510174,3390,GGGCGN,0.35676369071006775,False,False,True,0.00041517987847328186,
11,48,5,attn,recovery,-0.0693359375,-0.046549081802368164,2923,GCAGAG,3.232421875,3083,GCGGAG,3.318359375,3083,GCGGAG,3.318359375,2923,GCAGAG,0.0038843457587063313,3083,GCGGAG,0.003319215727970004,3390,GGGCGN,0.35280805826187134,False,False,True,-0.00014640018343925476,
11,49,5,attn,recovery,-0.0234375,-0.01215660572052002,2923,GCAGAG,3.23046875,3083,GCGGAG,3.3125,3083,GCGGAG,3.3125,2923,GCAGAG,0.0039041016716510057,3083,GCGGAG,0.003306904574856162,3390,GGGCGN,0.35236942768096924,False,False,True,-0.000257052481174469,
11,50,5,attn,recovery,-0.0234375,-0.0017552375793457031,2923,GCAGAG,3.234375,3083,GCGGAG,3.31640625,3083,GCGGAG,3.31640625,2923,GCAGAG,0.003902961267158389,3083,GCGGAG,0.003296066075563431,3390,GGGCGN,0.3536020815372467,False,False,True,-0.0006107017397880554,
11,51,5,attn,recovery,0.0,0.024141967296600342,2923,GCAGAG,3.23046875,3083,GCGGAG,3.310546875,3083,GCGGAG,3.310546875,2923,GCAGAG,0.003882658900693059,3083,GCGGAG,0.003251617541536689,3390,GGGCGN,0.3538622558116913,False,False,True,-0.00034772977232933044,
12,0,5,attn,recovery,-0.1396484375,0.10549861192703247,2923,GCAGAG,3.25,3083,GCGGAG,3.341796875,3083,GCGGAG,3.341796875,2923,GCAGAG,0.004148740787059069,3083,GCGGAG,0.003441843669861555,3390,GGGCGN,0.3520958721637726,False,False,True,-0.0009209737181663513,
12,1,5,attn,recovery,0.1396484375,0.38713204860687256,2923,GCAGAG,3.2890625,3083,GCGGAG,3.357421875,3083,GCGGAG,3.357421875,2923,GCAGAG,0.004520444665104151,3083,GCGGAG,0.0035509567242115736,3390,GGGCGN,0.3543778359889984,False,False,True,-0.0009965673089027405,
12,2,5,attn,recovery,-0.1630859375,0.19686561822891235,2923,GCAGAG,3.244140625,3083,GCGGAG,3.337890625,3083,GCGGAG,3.337890625,2923,GCAGAG,0.004333041608333588,3083,GCGGAG,0.003540955251082778,3390,GGGCGN,0.3516905903816223,False,False,True,-0.000140506774187088,
12,3,5,attn,recovery,-0.1865234375,0.15323638916015625,2923,GCAGAG,3.263671875,3083,GCGGAG,3.359375,3083,GCGGAG,3.359375,2923,GCAGAG,0.0043633366003632545,3083,GCGGAG,0.0036119294818490744,3390,GGGCGN,0.34856316447257996,False,False,True,-0.000225067138671875,
12,4,5,attn,recovery,-0.44140625,-0.06369078159332275,2923,GCAGAG,3.2421875,3083,GCGGAG,3.359375,3083,GCGGAG,3.359375,2923,GCAGAG,0.004198798444122076,3083,GCGGAG,0.0036496510729193687,3390,GGGCGN,0.3469758629798889,False,False,True,-0.00020918622612953186,
12,5,5,attn,recovery,-0.1630859375,-0.04049956798553467,2923,GCAGAG,3.24609375,3083,GCGGAG,3.33984375,3083,GCGGAG,3.33984375,2923,GCAGAG,0.0040437341667711735,3083,GCGGAG,0.0034729635808616877,3390,GGGCGN,0.35146191716194153,False,False,True,-8.609890937805176e-05,
12,6,5,attn,recovery,0.1396484375,0.08479350805282593,2923,GCAGAG,3.279296875,3083,GCGGAG,3.34765625,3083,GCGGAG,3.34765625,2923,GCAGAG,0.0043295384384691715,3083,GCGGAG,0.0036419464740902185,3390,GGGCGN,0.3434755206108093,False,False,True,-0.0010601580142974854,
12,7,5,attn,recovery,0.232421875,0.08985745906829834,2923,GCAGAG,3.263671875,3083,GCGGAG,3.32421875,3083,GCGGAG,3.32421875,2923,GCAGAG,0.004152190871536732,3083,GCGGAG,0.003459877334535122,3390,GGGCGN,0.34361687302589417,False,False,True,-0.0009874366223812103,
12,8,5,attn,recovery,0.18603515625,0.06542956829071045,2923,GCAGAG,3.265625,3083,GCGGAG,3.330078125,3083,GCGGAG,3.330078125,2923,GCAGAG,0.004171398933976889,3083,GCGGAG,0.0035018615890294313,3390,GGGCGN,0.341830849647522,False,False,True,-0.0010207071900367737,
12,9,5,attn,recovery,-0.0234375,0.007444977760314941,2923,GCAGAG,3.234375,3083,GCGGAG,3.31640625,3083,GCGGAG,3.31640625,2923,GCAGAG,0.0038654375821352005,3083,GCGGAG,0.0032499642111361027,3390,GGGCGN,0.3542008399963379,False,False,True,0.00022159144282341003,
12,10,5,attn,recovery,0.0234375,0.01685577630996704,2923,GCAGAG,3.232421875,3083,GCGGAG,3.310546875,3083,GCGGAG,3.310546875,2923,GCAGAG,0.003855415852740407,3083,GCGGAG,0.0032311680261045694,3390,GGGCGN,0.3550984263420105,False,False,True,7.873028516769409e-05,
12,11,5,attn,recovery,0.1396484375,0.41556358337402344,2923,GCAGAG,3.3203125,3083,GCGGAG,3.388671875,3083,GCGGAG,3.388671875,2923,GCAGAG,0.0044667706824839115,3083,GCGGAG,0.0034707735758274794,3390,GGGCGN,0.3594270944595337,False,False,True,0.0011010989546775818,
12,12,5,attn,recovery,0.18603515625,0.4620285630226135,2923,GCAGAG,3.31640625,3083,GCGGAG,3.380859375,3083,GCGGAG,3.380859375,2923,GCAGAG,0.004473795648664236,3083,GCGGAG,0.003434475278481841,3390,GGGCGN,0.35840290784835815,False,False,True,0.001117069274187088,
12,13,5,attn,recovery,0.1162109375,0.4143257737159729,2923,GCAGAG,3.31640625,3083,GCGGAG,3.38671875,3083,GCGGAG,3.38671875,2923,GCAGAG,0.0044156466610729694,3083,GCGGAG,0.0034208036959171295,3390,GGGCGN,0.3610849976539612,False,False,True,0.0009531453251838684,
12,14,5,attn,recovery,-0.046875,-0.013077855110168457,2923,GCAGAG,3.232421875,3083,GCGGAG,3.31640625,3083,GCGGAG,3.31640625,2923,GCAGAG,0.00387622625567019,3083,GCGGAG,0.0032798880711197853,3390,GGGCGN,0.3547777533531189,False,False,True,-0.0005224011838436127,
12,15,5,attn,recovery,-0.0927734375,-0.02908158302307129,2923,GCAGAG,3.224609375,3083,GCGGAG,3.3125,3083,GCGGAG,3.3125,2923,GCAGAG,0.0038683773018419743,3083,GCGGAG,0.003286960767582059,3390,GGGCGN,0.35394057631492615,False,False,True,-0.0006098151206970215,
12,16,5,attn,recovery,-0.0234375,0.013982772827148438,2923,GCAGAG,3.22265625,3083,GCGGAG,3.3046875,3083,GCGGAG,3.3046875,2923,GCAGAG,0.0038955637719482183,3083,GCGGAG,0.0032739946618676186,3390,GGGCGN,0.35224324464797974,False,False,True,-0.0007383041083812714,
12,17,5,attn,recovery,-0.0234375,-0.0065784454345703125,2923,GCAGAG,3.220703125,3083,GCGGAG,3.302734375,3083,GCGGAG,3.302734375,2923,GCAGAG,0.0038340436294674873,3083,GCGGAG,0.0032316455617547035,3390,GGGCGN,0.3527529537677765,False,False,True,-5.891546607017517e-05,
12,18,5,attn,recovery,-0.046875,-0.013028383255004883,2923,GCAGAG,3.232421875,3083,GCGGAG,3.31640625,3083,GCGGAG,3.31640625,2923,GCAGAG,0.0038719777949154377,3083,GCGGAG,0.0032755935098975897,3390,GGGCGN,0.3560257852077484,False,False,True,0.0004888325929641724,
12,19,5,attn,recovery,-0.046875,-0.06078040599822998,2923,GCAGAG,3.23828125,3083,GCGGAG,3.322265625,3083,GCGGAG,3.322265625,2923,GCAGAG,0.003875252790749073,3083,GCGGAG,0.00332339177839458,3390,GGGCGN,0.35638126730918884,False,False,True,-0.0021237805485725403,
12,20,5,attn,recovery,-0.208984375,-0.2834285497665405,2923,GCAGAG,3.23046875,3083,GCGGAG,3.328125,3083,GCGGAG,3.328125,2923,GCAGAG,0.00379056460224092,3083,GCGGAG,0.00344629748724401,3390,GGGCGN,0.35435283184051514,False,False,True,-0.008605089038610458,
12,21,5,attn,recovery,-0.0693359375,-0.2125457525253296,2923,GCAGAG,3.22265625,3083,GCGGAG,3.30859375,3083,GCGGAG,3.30859375,2923,GCAGAG,0.003761736676096916,3083,GCGGAG,0.003351379418745637,3390,GGGCGN,0.35638996958732605,False,False,True,-0.010460972785949707,
12,22,5,attn,recovery,-0.0234375,-0.17504048347473145,2923,GCAGAG,3.2265625,3083,GCGGAG,3.30859375,3083,GCGGAG,3.30859375,2923,GCAGAG,0.003776077413931489,3083,GCGGAG,0.0033307508565485477,3390,GGGCGN,0.3562234044075012,False,False,True,-0.008694194257259369,
12,23,5,attn,recovery,0.16259765625,0.03128927946090698,2923,GCAGAG,3.23046875,3083,GCGGAG,3.296875,3083,GCGGAG,3.296875,2923,GCAGAG,0.003811309579759836,3083,GCGGAG,0.003173604141920805,3390,GGGCGN,0.3596678376197815,False,False,True,-0.0028700493276119232,
12,24,5,attn,recovery,0.0,-0.022295355796813965,2923,GCAGAG,3.232421875,3083,GCGGAG,3.3125,3083,GCGGAG,3.3125,2923,GCAGAG,0.003835174022242427,3083,GCGGAG,0.003247430082410574,3390,GGGCGN,0.35656991600990295,False,False,True,-0.0015309154987335205,
12,25,5,attn,recovery,-0.046875,-0.04278099536895752,2923,GCAGAG,3.2265625,3083,GCGGAG,3.310546875,3083,GCGGAG,3.310546875,2923,GCAGAG,0.003840448334813118,3083,GCGGAG,0.003271804889664054,3390,GGGCGN,0.35484427213668823,False,False,True,-0.0007082447409629822,
12,26,5,attn,recovery,0.0,0.0020923614501953125,2923,GCAGAG,3.232421875,3083,GCGGAG,3.3125,3083,GCGGAG,3.3125,2923,GCAGAG,0.00390726188197732,3083,GCGGAG,0.0032967792358249426,3390,GGGCGN,0.35402414202690125,False,False,True,-0.00037428364157676697,
12,27,5,attn,recovery,-0.046875,-0.011376500129699707,2923,GCAGAG,3.234375,3083,GCGGAG,3.318359375,3083,GCGGAG,3.318359375,2923,GCAGAG,0.003924780059605837,3083,GCGGAG,0.0033268555998802185,3390,GGGCGN,0.3538036346435547,False,False,True,-0.00043692439794540405,
12,28,5,attn,recovery,-0.0693359375,-0.031121015548706055,2923,GCAGAG,3.23046875,3083,GCGGAG,3.31640625,3083,GCGGAG,3.31640625,2923,GCAGAG,0.003881182288751006,3083,GCGGAG,0.003301667282357812,3390,GGGCGN,0.35419216752052307,False,False,True,-0.0009169243276119232,
12,29,5,attn,recovery,-0.0693359375,-0.02920365333557129,2923,GCAGAG,3.2265625,3083,GCGGAG,3.3125,3083,GCGGAG,3.3125,2923,GCAGAG,0.003872295143082738,3083,GCGGAG,0.0032909924630075693,3390,GGGCGN,0.3543422520160675,False,False,True,-0.0014124363660812378,
12,30,5,attn,recovery,-0.046875,-0.020026683807373047,2923,GCAGAG,3.2265625,3083,GCGGAG,3.310546875,3083,GCGGAG,3.310546875,2923,GCAGAG,0.0038738122675567865,3083,GCGGAG,0.0032839530613273382,3390,GGGCGN,0.35391899943351746,False,False,True,-0.0010383352637290955,
12,31,5,attn,recovery,-0.0234375,-0.01275014877319336,2923,GCAGAG,3.234375,3083,GCGGAG,3.31640625,3083,GCGGAG,3.31640625,2923,GCAGAG,0.0039011407643556595,3083,GCGGAG,0.003304497106000781,3390,GGGCGN,0.3547879755496979,False,False,True,-0.0005843862891197205,
12,32,5,attn,recovery,0.0234375,0.03209364414215088,2923,GCAGAG,3.240234375,3083,GCGGAG,3.318359375,3083,GCGGAG,3.318359375,2923,GCAGAG,0.003923956770449877,3083,GCGGAG,0.0032855013851076365,3390,GGGCGN,0.3574843108654022,False,False,True,-0.0011050961911678314,
12,33,5,attn,recovery,0.04638671875,0.038373708724975586,2923,GCAGAG,3.244140625,3083,GCGGAG,3.3203125,3083,GCGGAG,3.3203125,2923,GCAGAG,0.003932787571102381,3083,GCGGAG,0.0032884767279028893,3390,GGGCGN,0.3566524386405945,False,False,True,-0.0017910636961460114,
12,34,5,attn,recovery,-0.0693359375,-0.04097294807434082,2923,GCAGAG,3.2421875,3083,GCGGAG,3.328125,3083,GCGGAG,3.328125,2923,GCAGAG,0.003941996023058891,3083,GCGGAG,0.003371666884049773,3390,GGGCGN,0.35673558712005615,False,False,True,-0.0019633695483207703,
12,35,5,attn,recovery,-0.1396484375,-0.08551692962646484,2923,GCAGAG,3.23828125,3083,GCGGAG,3.330078125,3083,GCGGAG,3.330078125,2923,GCAGAG,0.0038943469990044832,3083,GCGGAG,0.0033655499573796988,3390,GGGCGN,0.3554261028766632,False,False,True,-0.0014867186546325684,
12,36,5,attn,recovery,-0.1865234375,-0.12741684913635254,2923,GCAGAG,3.234375,3083,GCGGAG,3.330078125,3083,GCGGAG,3.330078125,2923,GCAGAG,0.0038655127864331007,3083,GCGGAG,0.0033757826313376427,3390,GGGCGN,0.35619139671325684,False,False,True,-0.0008133463561534882,
12,37,5,attn,recovery,-0.0693359375,-0.051743268966674805,2923,GCAGAG,3.232421875,3083,GCGGAG,3.318359375,3083,GCGGAG,3.318359375,2923,GCAGAG,0.00383251765742898,3083,GCGGAG,0.003272230504080653,3390,GGGCGN,0.35779398679733276,False,False,True,-0.0010648220777511597,
12,38,5,attn,recovery,-0.0693359375,-0.014461755752563477,2923,GCAGAG,3.234375,3083,GCGGAG,3.3203125,3083,GCGGAG,3.3203125,2923,GCAGAG,0.003889393527060747,3083,GCGGAG,0.0032943456899374723,3390,GGGCGN,0.3564177453517914,False,False,True,-0.0005303360521793365,
12,39,5,attn,recovery,-0.0693359375,-0.01575326919555664,2923,GCAGAG,3.232421875,3083,GCGGAG,3.318359375,3083,GCGGAG,3.318359375,2923,GCAGAG,0.0039026334416121244,3083,GCGGAG,0.0033087898045778275,3390,GGGCGN,0.35509708523750305,False,False,True,-7.352977991104126e-05,
12,40,5,attn,recovery,-0.1396484375,-0.03261852264404297,2923,GCAGAG,3.2265625,3083,GCGGAG,3.318359375,3083,GCGGAG,3.318359375,2923,GCAGAG,0.003920971415936947,3083,GCGGAG,0.003342852694913745,3390,GGGCGN,0.35003602504730225,False,False,True,9.657442569732666e-05,
12,41,5,attn,recovery,-0.1396484375,-0.019635319709777832,2923,GCAGAG,3.224609375,3083,GCGGAG,3.31640625,3083,GCGGAG,3.31640625,2923,GCAGAG,0.003918187692761421,3083,GCGGAG,0.0033279636409133673,3390,GGGCGN,0.3509422540664673,False,False,True,2.964213490486145e-05,
12,42,5,attn,recovery,-0.1396484375,-0.01343071460723877,2923,GCAGAG,3.224609375,3083,GCGGAG,3.31640625,3083,GCGGAG,3.31640625,2923,GCAGAG,0.003907563630491495,3083,GCGGAG,0.0033115544356405735,3390,GGGCGN,0.3518112003803253,False,False,True,-0.00021310150623321533,
12,43,5,attn,recovery,0.0,-0.0018366575241088867,2923,GCAGAG,3.232421875,3083,GCGGAG,3.3125,3083,GCGGAG,3.3125,2923,GCAGAG,0.003892156295478344,3083,GCGGAG,0.003285337006673217,3390,GGGCGN,0.3534204065799713,False,False,True,-7.119029760360718e-06,
12,44,5,attn,recovery,0.0,0.023557603359222412,2923,GCAGAG,3.232421875,3083,GCGGAG,3.3125,3083,GCGGAG,3.3125,2923,GCAGAG,0.0039119357243180275,3083,GCGGAG,0.0032814391888678074,3390,GGGCGN,0.3533136546611786,False,False,True,-2.2564083337783813e-05,
12,45,5,attn,recovery,0.0,0.03707122802734375,2923,GCAGAG,3.232421875,3083,GCGGAG,3.3125,3083,GCGGAG,3.3125,2923,GCAGAG,0.00392170948907733,3083,GCGGAG,0.0032786130905151367,3390,GGGCGN,0.35271862149238586,False,False,True,-0.0003564320504665375,
12,46,5,attn,recovery,-0.046875,-0.0036001205444335938,2923,GCAGAG,3.232421875,3083,GCGGAG,3.31640625,3083,GCGGAG,3.31640625,2923,GCAGAG,0.003897714428603649,3083,GCGGAG,0.0032925393898040056,3390,GGGCGN,0.35192179679870605,False,False,True,-0.0002738088369369507,
12,47,5,attn,recovery,0.04638671875,0.028163373470306396,2923,GCAGAG,3.240234375,3083,GCGGAG,3.31640625,3083,GCGGAG,3.31640625,2923,GCAGAG,0.003921770490705967,3083,GCGGAG,0.003286979626864195,3390,GGGCGN,0.3536618649959564,False,False,True,-0.00036139413714408875,
12,48,5,attn,recovery,0.09326171875,0.0160219669342041,2923,GCAGAG,3.240234375,3083,GCGGAG,3.3125,3083,GCGGAG,3.3125,2923,GCAGAG,0.003894336987286806,3083,GCGGAG,0.003270866582170129,3390,GGGCGN,0.35523003339767456,False,False,True,1.2278556823730469e-05,
12,49,5,attn,recovery,0.06982421875,0.030663013458251953,2923,GCAGAG,3.23828125,3083,GCGGAG,3.3125,3083,GCGGAG,3.3125,2923,GCAGAG,0.003878637682646513,3083,GCGGAG,0.0032415161840617657,3390,GGGCGN,0.3563661277294159,False,False,True,-4.7244131565093994e-05,
12,50,5,attn,recovery,-0.0234375,-0.008536458015441895,2923,GCAGAG,3.23046875,3083,GCGGAG,3.3125,3083,GCGGAG,3.3125,2923,GCAGAG,0.0038751501124352217,3083,GCGGAG,0.003274577669799328,3390,GGGCGN,0.35333964228630066,False,False,True,0.00012606754899024963,
12,51,5,attn,recovery,0.0,0.00010114908218383789,2923,GCAGAG,3.232421875,3083,GCGGAG,3.3125,3083,GCGGAG,3.3125,2923,GCAGAG,0.0038908906280994415,3083,GCGGAG,0.0032822645734995604,3390,GGGCGN,0.3530898988246918,False,False,True,0.00018042325973510742,
13,0,5,attn,recovery,-0.0693359375,0.07808268070220947,2923,GCAGAG,3.23046875,3083,GCGGAG,3.31640625,3083,GCGGAG,3.31640625,2923,GCAGAG,0.003958759363740683,3083,GCGGAG,0.0032774244900792837,3390,GGGCGN,0.35165584087371826,False,False,True,-0.00012035295367240906,
13,1,5,attn,recovery,-0.1162109375,0.15780895948410034,2923,GCAGAG,3.2421875,3083,GCGGAG,3.33203125,3083,GCGGAG,3.33203125,2923,GCAGAG,0.004115873482078314,3083,GCGGAG,0.0033602030016481876,3390,GGGCGN,0.35236862301826477,False,False,True,-0.00011783838272094727,
13,2,5,attn,recovery,-0.046875,0.12047231197357178,2923,GCAGAG,3.25390625,3083,GCGGAG,3.337890625,3083,GCGGAG,3.337890625,2923,GCAGAG,0.004235712345689535,3083,GCGGAG,0.0035148540046066046,3390,GGGCGN,0.352362722158432,False,False,True,-0.00038008391857147217,
13,3,5,attn,recovery,-0.046875,0.08618319034576416,2923,GCAGAG,3.259765625,3083,GCGGAG,3.34375,3083,GCGGAG,3.34375,2923,GCAGAG,0.004248598590493202,3083,GCGGAG,0.0035597109235823154,3390,GGGCGN,0.35212135314941406,False,False,True,-0.0004579313099384308,
13,4,5,attn,recovery,-0.0693359375,-0.07351863384246826,2923,GCAGAG,3.234375,3083,GCGGAG,3.3203125,3083,GCGGAG,3.3203125,2923,GCAGAG,0.003987579606473446,3083,GCGGAG,0.0034475955180823803,3390,GGGCGN,0.3476617634296417,False,False,True,-0.0005889497697353363,
13,5,5,attn,recovery,-0.046875,0.03467893600463867,2923,GCAGAG,3.21875,3083,GCGGAG,3.302734375,3083,GCGGAG,3.302734375,2923,GCAGAG,0.003976902924478054,3083,GCGGAG,0.003336037043482065,3390,GGGCGN,0.3420853316783905,False,False,True,-0.0005453787744045258,
13,6,5,attn,recovery,-0.232421875,-0.015129446983337402,2923,GCAGAG,3.212890625,3083,GCGGAG,3.3125,3083,GCGGAG,3.3125,2923,GCAGAG,0.003921128809452057,3083,GCGGAG,0.0033267035614699125,3390,GGGCGN,0.3451598584651947,False,False,True,-0.00028857961297035217,
13,7,5,attn,recovery,-0.208984375,0.04311931133270264,2923,GCAGAG,3.224609375,3083,GCGGAG,3.322265625,3083,GCGGAG,3.322265625,2923,GCAGAG,0.003971554338932037,3083,GCGGAG,0.0033228187821805477,3390,GGGCGN,0.35028213262557983,False,False,True,-8.041039109230042e-05,
13,8,5,attn,recovery,-0.208984375,-0.12144362926483154,2923,GCAGAG,3.224609375,3083,GCGGAG,3.322265625,3083,GCGGAG,3.322265625,2923,GCAGAG,0.0037909201346337795,3083,GCGGAG,0.003295620670542121,3390,GGGCGN,0.3578856587409973,False,False,True,0.0005161426961421967,
13,9,5,attn,recovery,-0.046875,-0.09006917476654053,2923,GCAGAG,3.240234375,3083,GCGGAG,3.32421875,3083,GCGGAG,3.32421875,2923,GCAGAG,0.003921808674931526,3083,GCGGAG,0.0033972561359405518,3390,GGGCGN,0.35227569937705994,False,False,True,-0.00010838732123374939,
13,10,5,attn,recovery,-0.0234375,-0.09081542491912842,2923,GCAGAG,3.240234375,3083,GCGGAG,3.322265625,3083,GCGGAG,3.322265625,2923,GCAGAG,0.00391892995685339,3083,GCGGAG,0.003395073115825653,3390,GGGCGN,0.35222128033638,False,False,True,-0.0003503076732158661,
13,11,5,attn,recovery,0.04638671875,0.10477197170257568,2923,GCAGAG,3.271484375,3083,GCGGAG,3.34765625,3083,GCGGAG,3.34765625,2923,GCAGAG,0.004125159699469805,3083,GCGGAG,0.003418940119445324,3390,GGGCGN,0.35708677768707275,False,False,True,-0.0008285678923130035,
13,12,5,attn,recovery,0.1162109375,0.13493305444717407,2923,GCAGAG,3.26171875,3083,GCGGAG,3.33203125,3083,GCGGAG,3.33203125,2923,GCAGAG,0.003993199672549963,3083,GCGGAG,0.0032588583417236805,3390,GGGCGN,0.3614354729652405,False,False,True,-0.0001984909176826477,
13,13,5,attn,recovery,0.255859375,0.055264174938201904,2923,GCAGAG,3.2421875,3083,GCGGAG,3.30078125,3083,GCGGAG,3.30078125,2923,GCAGAG,0.0038612354546785355,3083,GCGGAG,0.00320117617957294,3390,GGGCGN,0.36312490701675415,False,False,True,-1.5556812286376953e-05,
13,14,5,attn,recovery,0.16259765625,-0.12902498245239258,2923,GCAGAG,3.21484375,3083,GCGGAG,3.28125,3083,GCGGAG,3.28125,2923,GCAGAG,0.0037104629445821047,3083,GCGGAG,0.0032222322188317776,3390,GGGCGN,0.35737329721450806,False,False,True,0.00025804340839385986,
13,15,5,attn,recovery,0.1162109375,-0.1412672996520996,2923,GCAGAG,3.20703125,3083,GCGGAG,3.27734375,3083,GCGGAG,3.27734375,2923,GCAGAG,0.00371440127491951,3083,GCGGAG,0.0032375850714743137,3390,GGGCGN,0.35612958669662476,False,False,True,-0.0006969086825847626,
13,16,5,attn,recovery,-0.0234375,-0.05946016311645508,2923,GCAGAG,3.220703125,3083,GCGGAG,3.302734375,3083,GCGGAG,3.302734375,2923,GCAGAG,0.0038118534721434116,3083,GCGGAG,0.0032587614841759205,3390,GGGCGN,0.351450651884079,False,False,True,0.0003397837281227112,
13,17,5,attn,recovery,0.0234375,-0.0030025243759155273,2923,GCAGAG,3.21484375,3083,GCGGAG,3.29296875,3083,GCGGAG,3.29296875,2923,GCAGAG,0.0037890030071139336,3083,GCGGAG,0.0031832708045840263,3390,GGGCGN,0.35170790553092957,False,False,True,0.0007687024772167206,
13,18,5,attn,recovery,-0.0234375,-0.018685460090637207,2923,GCAGAG,3.21875,3083,GCGGAG,3.30078125,3083,GCGGAG,3.30078125,2923,GCAGAG,0.0037926477380096912,3083,GCGGAG,0.003201537998393178,3390,GGGCGN,0.35190656781196594,False,False,True,0.000992104411125183,
13,19,5,attn,recovery,0.06982421875,0.019768178462982178,2923,GCAGAG,3.23046875,3083,GCGGAG,3.3046875,3083,GCGGAG,3.3046875,2923,GCAGAG,0.0038697407580912113,3083,GCGGAG,0.0032427774276584387,3390,GGGCGN,0.35538601875305176,False,False,True,0.0015011690557003021,
13,20,5,attn,recovery,0.06982421875,-0.04523611068725586,2923,GCAGAG,3.23046875,3083,GCGGAG,3.3046875,3083,GCGGAG,3.3046875,2923,GCAGAG,0.0038096054922789335,3083,GCGGAG,0.0032432512380182743,3390,GGGCGN,0.35745030641555786,False,False,True,0.0007038526237010956,
13,21,5,attn,recovery,0.0,-0.06225550174713135,2923,GCAGAG,3.259765625,3083,GCGGAG,3.33984375,3083,GCGGAG,3.33984375,2923,GCAGAG,0.003914568107575178,3083,GCGGAG,0.0033640824258327484,3390,GGGCGN,0.3581012487411499,False,False,True,-0.004489917308092117,
13,22,5,attn,recovery,-0.0693359375,-0.023697495460510254,2923,GCAGAG,3.2578125,3083,GCGGAG,3.34375,3083,GCGGAG,3.34375,2923,GCAGAG,0.003926860634237528,3083,GCGGAG,0.0033404240384697914,3390,GGGCGN,0.3557130694389343,False,False,True,-0.007082339376211166,
13,23,5,attn,recovery,-0.1630859375,-0.0444110631942749,2923,GCAGAG,3.25,3083,GCGGAG,3.34375,3083,GCGGAG,3.34375,2923,GCAGAG,0.003919132519513369,3083,GCGGAG,0.003352008992806077,3390,GGGCGN,0.3560329079627991,False,False,True,-0.007153403013944626,
13,24,5,attn,recovery,-0.0693359375,-0.014560580253601074,2923,GCAGAG,3.23046875,3083,GCGGAG,3.31640625,3083,GCGGAG,3.31640625,2923,GCAGAG,0.0038198488764464855,3083,GCGGAG,0.0032248932402580976,3390,GGGCGN,0.35640454292297363,False,False,True,-0.0019343942403793335,
13,25,5,attn,recovery,0.0,-0.05286693572998047,2923,GCAGAG,3.232421875,3083,GCGGAG,3.3125,3083,GCGGAG,3.3125,2923,GCAGAG,0.0037882444448769093,3083,GCGGAG,0.003229005029425025,3390,GGGCGN,0.35895606875419617,False,False,True,-0.0011438094079494476,
13,26,5,attn,recovery,0.0,-0.010909318923950195,2923,GCAGAG,3.23046875,3083,GCGGAG,3.310546875,3083,GCGGAG,3.310546875,2923,GCAGAG,0.003864734433591366,3083,GCGGAG,0.003266374347731471,3390,GGGCGN,0.35465553402900696,False,False,True,-0.0010138042271137238,
13,27,5,attn,recovery,0.0,-0.031244635581970215,2923,GCAGAG,3.23046875,3083,GCGGAG,3.310546875,3083,GCGGAG,3.310546875,2923,GCAGAG,0.0038456707261502743,3083,GCGGAG,0.0032662709709256887,3390,GGGCGN,0.35415762662887573,False,False,True,-0.0011593922972679138,
13,28,5,attn,recovery,-0.046875,-0.05047595500946045,2923,GCAGAG,3.224609375,3083,GCGGAG,3.30859375,3083,GCGGAG,3.30859375,2923,GCAGAG,0.0038147771265357733,3083,GCGGAG,0.003253308357670903,3390,GGGCGN,0.35482507944107056,False,False,True,-0.0010594800114631653,
13,29,5,attn,recovery,0.0234375,-0.06261956691741943,2923,GCAGAG,3.23046875,3083,GCGGAG,3.30859375,3083,GCGGAG,3.30859375,2923,GCAGAG,0.003814884228631854,3083,GCGGAG,0.0032647380139678717,3390,GGGCGN,0.35495418310165405,False,False,True,-0.0012792013585567474,
13,30,5,attn,recovery,0.0,-0.038330793380737305,2923,GCAGAG,3.23046875,3083,GCGGAG,3.310546875,3083,GCGGAG,3.310546875,2923,GCAGAG,0.0038195664528757334,3083,GCGGAG,0.0032467737328261137,3390,GGGCGN,0.3564978241920471,False,False,True,-0.0005623586475849152,
13,31,5,attn,recovery,-0.046875,-0.04321646690368652,2923,GCAGAG,3.234375,3083,GCGGAG,3.318359375,3083,GCGGAG,3.318359375,2923,GCAGAG,0.0038662366569042206,3083,GCGGAG,0.003297999268397689,3390,GGGCGN,0.35486918687820435,False,False,True,-0.0011718906462192535,
13,32,5,attn,recovery,-0.0693359375,-0.04145026206970215,2923,GCAGAG,3.234375,3083,GCGGAG,3.3203125,3083,GCGGAG,3.3203125,2923,GCAGAG,0.003900246461853385,3083,GCGGAG,0.0033303622622042894,3390,GGGCGN,0.35363659262657166,False,False,True,-0.0018033124506473541,
13,33,5,attn,recovery,-0.0234375,-0.044373154640197754,2923,GCAGAG,3.240234375,3083,GCGGAG,3.322265625,3083,GCGGAG,3.322265625,2923,GCAGAG,0.003903888165950775,3083,GCGGAG,0.003336729248985648,3390,GGGCGN,0.35410723090171814,False,False,True,-0.0020425282418727875,
13,34,5,attn,recovery,-0.0234375,-0.0397721529006958,2923,GCAGAG,3.240234375,3083,GCGGAG,3.322265625,3083,GCGGAG,3.322265625,2923,GCAGAG,0.003908170387148857,3083,GCGGAG,0.0033367215655744076,3390,GGGCGN,0.35370686650276184,False,False,True,-0.0013355351984500885,
13,35,5,attn,recovery,-0.0234375,-0.03617548942565918,2923,GCAGAG,3.23046875,3083,GCGGAG,3.3125,3083,GCGGAG,3.3125,2923,GCAGAG,0.0038543131668120623,3083,GCGGAG,0.003279510885477066,3390,GGGCGN,0.35488855838775635,False,False,True,-0.0006629973649978638,
13,36,5,attn,recovery,-0.0693359375,0.0035799145698547363,2923,GCAGAG,3.232421875,3083,GCGGAG,3.318359375,3083,GCGGAG,3.318359375,2923,GCAGAG,0.003914203029125929,3083,GCGGAG,0.0033023334108293056,3390,GGGCGN,0.3541339039802551,False,False,True,-0.0008774176239967346,
13,37,5,attn,recovery,-0.1396484375,-0.0403599739074707,2923,GCAGAG,3.224609375,3083,GCGGAG,3.31640625,3083,GCGGAG,3.31640625,2923,GCAGAG,0.003876118455082178,3083,GCGGAG,0.00330521771684289,3390,GGGCGN,0.35590648651123047,False,False,True,-0.0009197220206260681,
13,38,5,attn,recovery,-0.0693359375,-0.02276754379272461,2923,GCAGAG,3.23046875,3083,GCGGAG,3.31640625,3083,GCGGAG,3.31640625,2923,GCAGAG,0.003882109420374036,3083,GCGGAG,0.0032948057632893324,3390,GGGCGN,0.3567069172859192,False,False,True,-0.0009147115051746368,
13,39,5,attn,recovery,0.0,-0.02280271053314209,2923,GCAGAG,3.224609375,3083,GCGGAG,3.3046875,3083,GCGGAG,3.3046875,2923,GCAGAG,0.0038359686732292175,3083,GCGGAG,0.0032486978452652693,3390,GGGCGN,0.35688331723213196,False,False,True,-0.0005679503083229065,
13,40,5,attn,recovery,-0.0234375,-0.011829495429992676,2923,GCAGAG,3.2265625,3083,GCGGAG,3.30859375,3083,GCGGAG,3.30859375,2923,GCAGAG,0.0038546985015273094,3083,GCGGAG,0.003257196396589279,3390,GGGCGN,0.3537345826625824,False,False,True,-0.00035620853304862976,
13,41,5,attn,recovery,0.0,0.01019364595413208,2923,GCAGAG,3.232421875,3083,GCGGAG,3.3125,3083,GCGGAG,3.3125,2923,GCAGAG,0.003900396404787898,3083,GCGGAG,0.003282360266894102,3390,GGGCGN,0.35192757844924927,False,False,True,-0.00019628554582595825,
13,42,5,attn,recovery,-0.046875,0.003560960292816162,2923,GCAGAG,3.232421875,3083,GCGGAG,3.31640625,3083,GCGGAG,3.31640625,2923,GCAGAG,0.003922486212104559,3083,GCGGAG,0.0033106342889368534,3390,GGGCGN,0.3511236310005188,False,False,True,-4.2475759983062744e-05,
13,43,5,attn,recovery,0.0,-0.004347085952758789,2923,GCAGAG,3.23046875,3083,GCGGAG,3.310546875,3083,GCGGAG,3.310546875,2923,GCAGAG,0.003884201869368553,3083,GCGGAG,0.0032797232270240784,3390,GGGCGN,0.3532150983810425,False,False,True,4.9132853746414185e-05,
13,44,5,attn,recovery,0.0,-0.026424646377563477,2923,GCAGAG,3.224609375,3083,GCGGAG,3.3046875,3083,GCGGAG,3.3046875,2923,GCAGAG,0.003838550066575408,3083,GCGGAG,0.0032546562142670155,3390,GGGCGN,0.35338321328163147,False,False,True,-7.178634405136108e-06,
13,45,5,attn,recovery,0.0,-0.014439582824707031,2923,GCAGAG,3.23046875,3083,GCGGAG,3.310546875,3083,GCGGAG,3.310546875,2923,GCAGAG,0.0038199410773813725,3083,GCGGAG,0.0032248725183308125,3390,GGGCGN,0.35505610704421997,False,False,True,8.299946784973145e-06,
13,46,5,attn,recovery,0.0234375,0.0007162094116210938,2923,GCAGAG,3.23046875,3083,GCGGAG,3.30859375,3083,GCGGAG,3.30859375,2923,GCAGAG,0.0038427619729191065,3083,GCGGAG,0.003233562456443906,3390,GGGCGN,0.3544517755508423,False,False,True,-5.13419508934021e-05,
13,47,5,attn,recovery,0.0,0.04257988929748535,2923,GCAGAG,3.23046875,3083,GCGGAG,3.310546875,3083,GCGGAG,3.310546875,2923,GCAGAG,0.003924355376511812,3083,GCGGAG,0.003276122733950615,3390,GGGCGN,0.3516771197319031,False,False,True,-0.00027324631810188293,
13,48,5,attn,recovery,0.0,0.06191784143447876,2923,GCAGAG,3.23828125,3083,GCGGAG,3.318359375,3083,GCGGAG,3.318359375,2923,GCAGAG,0.004007566720247269,3083,GCGGAG,0.0033413036726415157,3390,GGGCGN,0.3505043685436249,False,False,True,-0.0002786703407764435,
13,49,5,attn,recovery,0.0,0.03127855062484741,2923,GCAGAG,3.23828125,3083,GCGGAG,3.318359375,3083,GCGGAG,3.318359375,2923,GCAGAG,0.003950953017920256,3083,GCGGAG,0.0033132575917989016,3390,GGGCGN,0.351992130279541,False,False,True,-0.00020031258463859558,
13,50,5,attn,recovery,-0.046875,-0.020943045616149902,2923,GCAGAG,3.232421875,3083,GCGGAG,3.31640625,3083,GCGGAG,3.31640625,2923,GCAGAG,0.0038551052566617727,3083,GCGGAG,0.003266100538894534,3390,GGGCGN,0.35484233498573303,False,False,True,-0.00019393488764762878,
13,51,5,attn,recovery,-0.046875,-0.024642348289489746,2923,GCAGAG,3.234375,3083,GCGGAG,3.318359375,3083,GCGGAG,3.318359375,2923,GCAGAG,0.0038732076063752174,3083,GCGGAG,0.0032876520417630672,3390,GGGCGN,0.3546205163002014,False,False,True,0.0001438148319721222,
14,0,5,attn,recovery,-0.232421875,-0.08915972709655762,2923,GCAGAG,3.212890625,3083,GCGGAG,3.3125,3083,GCGGAG,3.3125,2923,GCAGAG,0.0038000517524778843,3083,GCGGAG,0.0032746512442827225,3390,GGGCGN,0.3546547591686249,False,False,True,-9.744241833686829e-05,
14,1,5,attn,recovery,-0.0693359375,-0.021134376525878906,2923,GCAGAG,3.244140625,3083,GCGGAG,3.330078125,3083,GCGGAG,3.330078125,2923,GCAGAG,0.003929200116544962,3083,GCGGAG,0.003340373747050762,3390,GGGCGN,0.35402917861938477,False,False,True,-0.00016836076974868774,
14,2,5,attn,recovery,0.04638671875,-0.03153347969055176,2923,GCAGAG,3.271484375,3083,GCGGAG,3.34765625,3083,GCGGAG,3.34765625,2923,GCAGAG,0.004118264652788639,3083,GCGGAG,0.003539134282618761,3390,GGGCGN,0.3471919298171997,False,False,True,-0.0004932805895805359,
14,3,5,attn,recovery,-0.046875,-0.07753849029541016,2923,GCAGAG,3.263671875,3083,GCGGAG,3.34765625,3083,GCGGAG,3.34765625,2923,GCAGAG,0.004120978061109781,3083,GCGGAG,0.0035847420804202557,3390,GGGCGN,0.34706035256385803,False,False,True,-0.000426512211561203,
14,4,5,attn,recovery,-0.3251953125,-0.19468915462493896,2923,GCAGAG,3.220703125,3083,GCGGAG,3.328125,3083,GCGGAG,3.328125,2923,GCAGAG,0.004232265055179596,3083,GCGGAG,0.0038052585441619158,3390,GGGCGN,0.3372887372970581,False,False,True,-0.0005490034818649292,
14,5,5,attn,recovery,-0.208984375,-0.06343865394592285,2923,GCAGAG,3.21484375,3083,GCGGAG,3.3125,3083,GCGGAG,3.3125,2923,GCAGAG,0.004160961136221886,3083,GCGGAG,0.003611578606069088,3390,GGGCGN,0.33927324414253235,False,False,True,-0.0005199350416660309,
14,6,5,attn,recovery,0.04638671875,0.2595341205596924,2923,GCAGAG,3.224609375,3083,GCGGAG,3.30078125,3083,GCGGAG,3.30078125,2923,GCAGAG,0.004420093260705471,3083,GCGGAG,0.0035695757251232862,3390,GGGCGN,0.331663578748703,False,False,True,-0.0008688010275363922,
14,7,5,attn,recovery,0.18603515625,0.2979537844657898,2923,GCAGAG,3.23828125,3083,GCGGAG,3.302734375,3083,GCGGAG,3.302734375,2923,GCAGAG,0.004176693968474865,3083,GCGGAG,0.0032903545070439577,3390,GGGCGN,0.3414197564125061,False,False,True,-0.0007113851606845856,
14,8,5,attn,recovery,0.0234375,0.25364935398101807,2923,GCAGAG,3.24609375,3083,GCGGAG,3.32421875,3083,GCGGAG,3.32421875,2923,GCAGAG,0.004232898820191622,3083,GCGGAG,0.003387868171557784,3390,GGGCGN,0.34453898668289185,False,False,True,-0.0007499530911445618,
14,9,5,attn,recovery,-0.0927734375,0.05262172222137451,2923,GCAGAG,3.244140625,3083,GCGGAG,3.33203125,3083,GCGGAG,3.33203125,2923,GCAGAG,0.004049226175993681,3083,GCGGAG,0.0033916307147592306,3390,GGGCGN,0.3512740433216095,False,False,True,-0.0004016607999801636,
14,10,5,attn,recovery,-0.0927734375,0.02649974822998047,2923,GCAGAG,3.244140625,3083,GCGGAG,3.33203125,3083,GCGGAG,3.33203125,2923,GCAGAG,0.004027045331895351,3083,GCGGAG,0.0033938055858016014,3390,GGGCGN,0.35216498374938965,False,False,True,-0.000692903995513916,
14,11,5,attn,recovery,0.16259765625,0.06679081916809082,2923,GCAGAG,3.25390625,3083,GCGGAG,3.3203125,3083,GCGGAG,3.3203125,2923,GCAGAG,0.0040091415867209435,3083,GCGGAG,0.003338335081934929,3390,GGGCGN,0.3505137264728546,False,False,True,-0.00019603222608566284,
14,12,5,attn,recovery,0.18603515625,0.03736609220504761,2923,GCAGAG,3.2578125,3083,GCGGAG,3.322265625,3083,GCGGAG,3.322265625,2923,GCAGAG,0.0039622606709599495,3083,GCGGAG,0.0033188892994076014,3390,GGGCGN,0.35432708263397217,False,False,True,-0.0004262290894985199,
14,13,5,attn,recovery,0.255859375,0.038623929023742676,2923,GCAGAG,3.2265625,3083,GCGGAG,3.28515625,3083,GCGGAG,3.28515625,2923,GCAGAG,0.0038295150734484196,3083,GCGGAG,0.003184970933943987,3390,GGGCGN,0.35474228858947754,False,False,True,-0.0002940334379673004,
14,14,5,attn,recovery,0.0,-0.05047941207885742,2923,GCAGAG,3.203125,3083,GCGGAG,3.283203125,3083,GCGGAG,3.283203125,2923,GCAGAG,0.0037524716462939978,3083,GCGGAG,0.003191006137058139,3390,GGGCGN,0.35590294003486633,False,False,True,-0.0014421157538890839,
14,15,5,attn,recovery,0.0,-0.031865835189819336,2923,GCAGAG,3.19921875,3083,GCGGAG,3.279296875,3083,GCGGAG,3.279296875,2923,GCAGAG,0.003739152802154422,3083,GCGGAG,0.003160332329571247,3390,GGGCGN,0.35376420617103577,False,False,True,-0.002055644989013672,
14,16,5,attn,recovery,-0.1630859375,-0.07859063148498535,2923,GCAGAG,3.23046875,3083,GCGGAG,3.32421875,3083,GCGGAG,3.32421875,2923,GCAGAG,0.0038809243123978376,3083,GCGGAG,0.003345669247210026,3390,GGGCGN,0.3539525270462036,False,False,True,-0.004395961761474609,
14,17,5,attn,recovery,-0.1865234375,-0.0856485366821289,2923,GCAGAG,3.244140625,3083,GCGGAG,3.33984375,3083,GCGGAG,3.33984375,2923,GCAGAG,0.0038619611877948046,3083,GCGGAG,0.0033332868479192257,3390,GGGCGN,0.3550831079483032,False,False,True,-0.004664260894060135,
14,18,5,attn,recovery,-0.1630859375,-0.10156381130218506,2923,GCAGAG,3.25390625,3083,GCGGAG,3.34765625,3083,GCGGAG,3.34765625,2923,GCAGAG,0.0038831625133752823,3083,GCGGAG,0.003369327401742339,3390,GGGCGN,0.3557490408420563,False,False,True,-0.004941884428262711,
14,19,5,attn,recovery,-0.1630859375,-0.06299889087677002,2923,GCAGAG,3.234375,3083,GCGGAG,3.328125,3083,GCGGAG,3.328125,2923,GCAGAG,0.0038151973858475685,3083,GCGGAG,0.0032654048409312963,3390,GGGCGN,0.3559705317020416,False,False,True,-0.0056524984538555145,
14,20,5,attn,recovery,-0.0927734375,-0.13225090503692627,2923,GCAGAG,3.232421875,3083,GCGGAG,3.3203125,3083,GCGGAG,3.3203125,2923,GCAGAG,0.0038501948583871126,3083,GCGGAG,0.003364971838891506,3390,GGGCGN,0.3533536195755005,False,False,True,-0.008739076554775238,
14,21,5,attn,recovery,-0.1162109375,-0.17895030975341797,2923,GCAGAG,3.21484375,3083,GCGGAG,3.3046875,3083,GCGGAG,3.3046875,2923,GCAGAG,0.003717185230925679,3083,GCGGAG,0.0032755041029304266,3390,GGGCGN,0.355549156665802,False,False,True,-0.010672088712453842,
14,22,5,attn,recovery,-0.1162109375,-0.15250098705291748,2923,GCAGAG,3.220703125,3083,GCGGAG,3.310546875,3083,GCGGAG,3.310546875,2923,GCAGAG,0.003769066883251071,3083,GCGGAG,0.003302724799141288,3390,GGGCGN,0.35577917098999023,False,False,True,-0.007757037878036499,
14,23,5,attn,recovery,-0.0927734375,-0.07130467891693115,2923,GCAGAG,3.224609375,3083,GCGGAG,3.3125,3083,GCGGAG,3.3125,2923,GCAGAG,0.0037751453928649426,3083,GCGGAG,0.0032330970279872417,3390,GGGCGN,0.35748571157455444,False,False,True,-0.004457451403141022,
14,24,5,attn,recovery,-0.046875,-0.027600526809692383,2923,GCAGAG,3.234375,3083,GCGGAG,3.318359375,3083,GCGGAG,3.318359375,2923,GCAGAG,0.0038523226976394653,3083,GCGGAG,0.003269525244832039,3390,GGGCGN,0.3571056127548218,False,False,True,-0.0018160492181777954,
14,25,5,attn,recovery,0.0,-0.0049741268157958984,2923,GCAGAG,3.232421875,3083,GCGGAG,3.3125,3083,GCGGAG,3.3125,2923,GCAGAG,0.003839796641841531,3083,GCGGAG,0.003235902637243271,3390,GGGCGN,0.3554342985153198,False,False,True,-0.0011853314936161041,
14,26,5,attn,recovery,0.0,3.0994415283203125e-05,2923,GCAGAG,3.232421875,3083,GCGGAG,3.3125,3083,GCGGAG,3.3125,2923,GCAGAG,0.0038581143599003553,3083,GCGGAG,0.003249553730711341,3390,GGGCGN,0.3548159897327423,False,False,True,-0.00027098506689071655,
14,27,5,attn,recovery,-0.046875,-0.012790918350219727,2923,GCAGAG,3.232421875,3083,GCGGAG,3.31640625,3083,GCGGAG,3.31640625,2923,GCAGAG,0.0038760134484618902,3083,GCGGAG,0.0032794077415019274,3390,GGGCGN,0.35352620482444763,False,False,True,-0.0003077685832977295,
14,28,5,attn,recovery,-0.046875,-0.036418914794921875,2923,GCAGAG,3.232421875,3083,GCGGAG,3.31640625,3083,GCGGAG,3.31640625,2923,GCAGAG,0.003838759148493409,3083,GCGGAG,0.0032641838770359755,3390,GGGCGN,0.35438525676727295,False,False,True,-0.000926673412322998,
14,29,5,attn,recovery,-0.046875,-0.029872894287109375,2923,GCAGAG,3.232421875,3083,GCGGAG,3.31640625,3083,GCGGAG,3.31640625,2923,GCAGAG,0.003847540123388171,3083,GCGGAG,0.003266861429437995,3390,GGGCGN,0.35458940267562866,False,False,True,-0.002158835530281067,
14,30,5,attn,recovery,0.0,-0.033257246017456055,2923,GCAGAG,3.232421875,3083,GCGGAG,3.3125,3083,GCGGAG,3.3125,2923,GCAGAG,0.0038398210890591145,3083,GCGGAG,0.003262297948822379,3390,GGGCGN,0.35445085167884827,False,False,True,-0.0021278299391269684,
14,31,5,attn,recovery,-0.0234375,-0.01172780990600586,2923,GCAGAG,3.23046875,3083,GCGGAG,3.3125,3083,GCGGAG,3.3125,2923,GCAGAG,0.0038598051760345697,3083,GCGGAG,0.0032622083090245724,3390,GGGCGN,0.35424643754959106,False,False,True,-0.0027134232223033905,
14,32,5,attn,recovery,-0.046875,-0.027410507202148438,2923,GCAGAG,3.234375,3083,GCGGAG,3.318359375,3083,GCGGAG,3.318359375,2923,GCAGAG,0.003859441028907895,3083,GCGGAG,0.003276466391980648,3390,GGGCGN,0.3562619388103485,False,False,True,-0.0020294897258281708,
14,33,5,attn,recovery,-0.046875,-0.019701480865478516,2923,GCAGAG,3.23828125,3083,GCGGAG,3.322265625,3083,GCGGAG,3.322265625,2923,GCAGAG,0.0038930075243115425,3083,GCGGAG,0.003302845172584057,3390,GGGCGN,0.3560745418071747,False,False,True,-0.0021559596061706543,
14,34,5,attn,recovery,-0.0693359375,-0.02767622470855713,2923,GCAGAG,3.244140625,3083,GCGGAG,3.330078125,3083,GCGGAG,3.330078125,2923,GCAGAG,0.0039557176642119884,3083,GCGGAG,0.003372990759089589,3390,GGGCGN,0.3558425009250641,False,False,True,-0.0011867731809616089,
14,35,5,attn,recovery,-0.0693359375,-0.0411984920501709,2923,GCAGAG,3.2421875,3083,GCGGAG,3.328125,3083,GCGGAG,3.328125,2923,GCAGAG,0.003939117770642042,3083,GCGGAG,0.0033689988777041435,3390,GGGCGN,0.35454389452934265,False,False,True,-0.0007561072707176208,
14,36,5,attn,recovery,0.0,-0.009324312210083008,2923,GCAGAG,3.240234375,3083,GCGGAG,3.3203125,3083,GCGGAG,3.3203125,2923,GCAGAG,0.003922031261026859,3083,GCGGAG,0.0033221933990716934,3390,GGGCGN,0.3543660342693329,False,False,True,-0.0007364898920059204,
14,37,5,attn,recovery,-0.0693359375,-0.020903706550598145,2923,GCAGAG,3.234375,3083,GCGGAG,3.3203125,3083,GCGGAG,3.3203125,2923,GCAGAG,0.003932000137865543,3083,GCGGAG,0.0033429586328566074,3390,GGGCGN,0.35354703664779663,False,False,True,-0.0009610317647457123,
14,38,5,attn,recovery,-0.0693359375,-0.005740165710449219,2923,GCAGAG,3.23828125,3083,GCGGAG,3.32421875,3083,GCGGAG,3.32421875,2923,GCAGAG,0.003972768783569336,3083,GCGGAG,0.003369589103385806,3390,GGGCGN,0.3528141379356384,False,False,True,-0.0008388645946979523,
14,39,5,attn,recovery,-0.0927734375,-0.0012066364288330078,2923,GCAGAG,3.234375,3083,GCGGAG,3.322265625,3083,GCGGAG,3.322265625,2923,GCAGAG,0.0039674933068454266,3083,GCGGAG,0.0033600865863263607,3390,GGGCGN,0.3514865040779114,False,False,True,-0.0007089339196681976,
14,40,5,attn,recovery,-0.0693359375,-0.016390323638916016,2923,GCAGAG,3.23046875,3083,GCGGAG,3.31640625,3083,GCGGAG,3.31640625,2923,GCAGAG,0.0038691444788128138,3083,GCGGAG,0.003275894792750478,3390,GGGCGN,0.3539891242980957,False,False,True,-0.000592358410358429,
14,41,5,attn,recovery,-0.0693359375,-0.015029072761535645,2923,GCAGAG,3.2265625,3083,GCGGAG,3.3125,3083,GCGGAG,3.3125,2923,GCAGAG,0.003859867574647069,3083,GCGGAG,0.0032653487287461758,3390,GGGCGN,0.35424134135246277,False,False,True,-0.00040848925709724426,
14,42,5,attn,recovery,-0.046875,-0.026581168174743652,2923,GCAGAG,3.232421875,3083,GCGGAG,3.31640625,3083,GCGGAG,3.31640625,2923,GCAGAG,0.00387186580337584,3083,GCGGAG,0.0032881179358810186,3390,GGGCGN,0.35407596826553345,False,False,True,-0.00045217573642730713,
14,43,5,attn,recovery,0.0,-0.014013290405273438,2923,GCAGAG,3.232421875,3083,GCGGAG,3.3125,3083,GCGGAG,3.3125,2923,GCAGAG,0.0038589027244597673,3083,GCGGAG,0.00326343672350049,3390,GGGCGN,0.35428252816200256,False,False,True,-0.00030958279967308044,
14,44,5,attn,recovery,-0.046875,-0.02120983600616455,2923,GCAGAG,3.232421875,3083,GCGGAG,3.31640625,3083,GCGGAG,3.31640625,2923,GCAGAG,0.0038659125566482544,3083,GCGGAG,0.003277156502008438,3390,GGGCGN,0.3547636568546295,False,False,True,-0.0002659112215042114,
14,45,5,attn,recovery,-0.046875,0.006423890590667725,2923,GCAGAG,3.232421875,3083,GCGGAG,3.31640625,3083,GCGGAG,3.31640625,2923,GCAGAG,0.003937003668397665,3083,GCGGAG,0.003322482341900468,3390,GGGCGN,0.35339251160621643,False,False,True,-0.00029305368661880493,
14,46,5,attn,recovery,0.0,0.010386407375335693,2923,GCAGAG,3.23046875,3083,GCGGAG,3.310546875,3083,GCGGAG,3.310546875,2923,GCAGAG,0.003931501880288124,3083,GCGGAG,0.0033132859971374273,3390,GGGCGN,0.3532434105873108,False,False,True,-0.00022155046463012695,
14,47,5,attn,recovery,0.0,0.01090383529663086,2923,GCAGAG,3.232421875,3083,GCGGAG,3.3125,3083,GCGGAG,3.3125,2923,GCAGAG,0.0039319987408816814,3083,GCGGAG,0.003313300432637334,3390,GGGCGN,0.3539355397224426,False,False,True,-0.00048319995403289795,
14,48,5,attn,recovery,0.0234375,-0.01009821891784668,2923,GCAGAG,3.240234375,3083,GCGGAG,3.318359375,3083,GCGGAG,3.318359375,2923,GCAGAG,0.003896902082487941,3083,GCGGAG,0.0032977857626974583,3390,GGGCGN,0.35526877641677856,False,False,True,-0.0006827525794506073,
14,49,5,attn,recovery,0.0234375,0.0053234100341796875,2923,GCAGAG,3.2421875,3083,GCGGAG,3.3203125,3083,GCGGAG,3.3203125,2923,GCAGAG,0.003917505498975515,3083,GCGGAG,0.003304010257124901,3390,GGGCGN,0.35453006625175476,False,False,True,-0.0008296966552734375,
14,50,5,attn,recovery,-0.046875,-0.019228339195251465,2923,GCAGAG,3.234375,3083,GCGGAG,3.318359375,3083,GCGGAG,3.318359375,2923,GCAGAG,0.003905258374288678,3083,GCGGAG,0.0033146548084914684,3390,GGGCGN,0.35379940271377563,False,False,True,-0.0005845315754413605,
14,51,5,attn,recovery,-0.0234375,-0.0019876956939697266,2923,GCAGAG,3.234375,3083,GCGGAG,3.31640625,3083,GCGGAG,3.31640625,2923,GCAGAG,0.003914547618478537,3083,GCGGAG,0.00330786919221282,3390,GGGCGN,0.3530859053134918,False,False,True,-0.0004382804036140442,
15,0,5,attn,recovery,-0.1396484375,0.08254659175872803,2923,GCAGAG,3.224609375,3083,GCGGAG,3.31640625,3083,GCGGAG,3.31640625,2923,GCAGAG,0.00406119879335165,3083,GCGGAG,0.0033757018391042948,3390,GGGCGN,0.346089243888855,False,False,True,-0.00031665340065956116,
15,1,5,attn,recovery,-0.1162109375,0.10852217674255371,2923,GCAGAG,3.21875,3083,GCGGAG,3.30859375,3083,GCGGAG,3.30859375,2923,GCAGAG,0.004053574521094561,3083,GCGGAG,0.003343858290463686,3390,GGGCGN,0.34624165296554565,False,False,True,-0.00037492066621780396,
15,2,5,attn,recovery,-0.0693359375,-0.0015747547149658203,2923,GCAGAG,3.2421875,3083,GCGGAG,3.328125,3083,GCGGAG,3.328125,2923,GCAGAG,0.004052302334457636,3083,GCGGAG,0.003445238806307316,3390,GGGCGN,0.34061071276664734,False,False,True,-0.0004547908902168274,
15,3,5,attn,recovery,0.06982421875,-0.04787337779998779,2923,GCAGAG,3.2734375,3083,GCGGAG,3.34765625,3083,GCGGAG,3.34765625,2923,GCAGAG,0.00415848707780242,3083,GCGGAG,0.003594591747969389,3390,GGGCGN,0.3398899734020233,False,False,True,-0.0005431659519672394,
15,4,5,attn,recovery,0.0,0.06429338455200195,2923,GCAGAG,3.279296875,3083,GCGGAG,3.359375,3083,GCGGAG,3.359375,2923,GCAGAG,0.0045091561041772366,3083,GCGGAG,0.0038406781386584044,3390,GGGCGN,0.33630821108818054,False,False,True,-0.0005719922482967377,
15,5,5,attn,recovery,0.0,0.231112539768219,2923,GCAGAG,3.2578125,3083,GCGGAG,3.337890625,3083,GCGGAG,3.337890625,2923,GCAGAG,0.004437614697962999,3083,GCGGAG,0.0036135970149189234,3390,GGGCGN,0.3485219478607178,False,False,True,-0.00041721388697624207,
15,6,5,attn,recovery,-0.3720703125,0.13164180517196655,2923,GCAGAG,3.23046875,3083,GCGGAG,3.341796875,3083,GCGGAG,3.341796875,2923,GCAGAG,0.004314247984439135,3083,GCGGAG,0.00358297536149621,3390,GGGCGN,0.3393089175224304,False,False,True,-0.0003826543688774109,
15,7,5,attn,recovery,-0.255859375,0.004946351051330566,2923,GCAGAG,3.234375,3083,GCGGAG,3.3359375,3083,GCGGAG,3.3359375,2923,GCAGAG,0.003973462153226137,3083,GCGGAG,0.00336031848564744,3390,GGGCGN,0.34267711639404297,False,False,True,-0.00017238035798072815,
15,8,5,attn,recovery,-0.208984375,-0.13486909866333008,2923,GCAGAG,3.23828125,3083,GCGGAG,3.3359375,3083,GCGGAG,3.3359375,2923,GCAGAG,0.003869336098432541,3083,GCGGAG,0.0033865543082356453,3390,GGGCGN,0.3447102904319763,False,False,True,-0.00013974308967590332,
15,9,5,attn,recovery,-0.0234375,-0.0568997859954834,2923,GCAGAG,3.23046875,3083,GCGGAG,3.3125,3083,GCGGAG,3.3125,2923,GCAGAG,0.0038276156410574913,3083,GCGGAG,0.003272136440500617,3390,GGGCGN,0.354631245136261,False,False,True,-0.000649578869342804,
15,10,5,attn,recovery,-0.0693359375,-0.06643569469451904,2923,GCAGAG,3.224609375,3083,GCGGAG,3.310546875,3083,GCGGAG,3.310546875,2923,GCAGAG,0.0038382243365049362,3083,GCGGAG,0.0032916362397372723,3390,GGGCGN,0.35431423783302307,False,False,True,-0.000845395028591156,
15,11,5,attn,recovery,-0.0927734375,-0.0928800106048584,2923,GCAGAG,3.2421875,3083,GCGGAG,3.330078125,3083,GCGGAG,3.330078125,2923,GCAGAG,0.003916152752935886,3083,GCGGAG,0.00339422095566988,3390,GGGCGN,0.35510051250457764,False,False,True,-0.0008221268653869629,
15,12,5,attn,recovery,-0.046875,-0.12366342544555664,2923,GCAGAG,3.244140625,3083,GCGGAG,3.328125,3083,GCGGAG,3.328125,2923,GCAGAG,0.0038768304511904716,3083,GCGGAG,0.0033836006186902523,3390,GGGCGN,0.358993798494339,False,False,True,-0.0003621429204940796,
15,13,5,attn,recovery,-0.0927734375,-0.15663683414459229,2923,GCAGAG,3.29296875,3083,GCGGAG,3.380859375,3083,GCGGAG,3.380859375,2923,GCAGAG,0.004027482587844133,3083,GCGGAG,0.0035649966448545456,3390,GGGCGN,0.3579680621623993,False,False,True,-0.0003869570791721344,
15,14,5,attn,recovery,-0.0234375,-0.07515430450439453,2923,GCAGAG,3.28125,3083,GCGGAG,3.36328125,3083,GCGGAG,3.36328125,2923,GCAGAG,0.003980196081101894,3083,GCGGAG,0.0034417370334267616,3390,GGGCGN,0.35294562578201294,False,False,True,0.00014588609337806702,
15,15,5,attn,recovery,-0.0693359375,-0.06364059448242188,2923,GCAGAG,3.28125,3083,GCGGAG,3.3671875,3083,GCGGAG,3.3671875,2923,GCAGAG,0.003991127945482731,3083,GCGGAG,0.003441933775320649,3390,GGGCGN,0.35183659195899963,False,False,True,-0.00012329965829849243,
15,16,5,attn,recovery,-0.0234375,-0.0874861478805542,2923,GCAGAG,3.2421875,3083,GCGGAG,3.32421875,3083,GCGGAG,3.32421875,2923,GCAGAG,0.003842790611088276,3083,GCGGAG,0.003315829671919346,3390,GGGCGN,0.35322344303131104,False,False,True,0.00017764419317245483,
15,17,5,attn,recovery,-0.046875,-0.10858261585235596,2923,GCAGAG,3.240234375,3083,GCGGAG,3.32421875,3083,GCGGAG,3.32421875,2923,GCAGAG,0.003819184610620141,3083,GCGGAG,0.003311893669888377,3390,GGGCGN,0.35749709606170654,False,False,True,-0.0014894679188728333,
15,18,5,attn,recovery,-0.0234375,-0.09319162368774414,2923,GCAGAG,3.240234375,3083,GCGGAG,3.322265625,3083,GCGGAG,3.322265625,2923,GCAGAG,0.003837179858237505,3083,GCGGAG,0.0033155386336147785,3390,GGGCGN,0.3573338985443115,False,False,True,-0.0015858039259910583,
15,19,5,attn,recovery,-0.046875,-0.017843127250671387,2923,GCAGAG,3.232421875,3083,GCGGAG,3.31640625,3083,GCGGAG,3.31640625,2923,GCAGAG,0.003905103774741292,3083,GCGGAG,0.0033132086973637342,3390,GGGCGN,0.35582098364830017,False,False,True,-0.003415685147047043,
15,20,5,attn,recovery,0.0,0.007450997829437256,2923,GCAGAG,3.232421875,3083,GCGGAG,3.3125,3083,GCGGAG,3.3125,2923,GCAGAG,0.003954232204705477,3083,GCGGAG,0.0033387532457709312,3390,GGGCGN,0.35331791639328003,False,False,True,-0.005515549331903458,
15,21,5,attn,recovery,0.04638671875,0.021288931369781494,2923,GCAGAG,3.240234375,3083,GCGGAG,3.31640625,3083,GCGGAG,3.31640625,2923,GCAGAG,0.0039850687608122826,3083,GCGGAG,0.003356687491759658,3390,GGGCGN,0.35279580950737,False,False,True,-0.006469510495662689,
15,22,5,attn,recovery,0.0234375,0.023222744464874268,2923,GCAGAG,3.23828125,3083,GCGGAG,3.31640625,3083,GCGGAG,3.31640625,2923,GCAGAG,0.0039224629290401936,3083,GCGGAG,0.0032922786194831133,3390,GGGCGN,0.35242053866386414,False,False,True,-0.004962630569934845,
15,23,5,attn,recovery,0.0234375,-0.0004075765609741211,2923,GCAGAG,3.234375,3083,GCGGAG,3.3125,3083,GCGGAG,3.3125,2923,GCAGAG,0.0038662338629364967,3083,GCGGAG,0.0032580820843577385,3390,GGGCGN,0.35262346267700195,False,False,True,-0.002533353865146637,
15,24,5,attn,recovery,0.0,0.014327168464660645,2923,GCAGAG,3.22265625,3083,GCGGAG,3.302734375,3083,GCGGAG,3.302734375,2923,GCAGAG,0.003836612682789564,3083,GCGGAG,0.0032147224992513657,3390,GGGCGN,0.355042040348053,False,False,True,-0.0016567595303058624,
15,25,5,attn,recovery,0.0,0.02564549446105957,2923,GCAGAG,3.224609375,3083,GCGGAG,3.3046875,3083,GCGGAG,3.3046875,2923,GCAGAG,0.0038718106225132942,3083,GCGGAG,0.003239367390051484,3390,GGGCGN,0.35495808720588684,False,False,True,-0.0011360570788383484,
15,26,5,attn,recovery,-0.046875,0.018275141716003418,2923,GCAGAG,3.2265625,3083,GCGGAG,3.310546875,3083,GCGGAG,3.310546875,2923,GCAGAG,0.0038987225852906704,3083,GCGGAG,0.0032731513492763042,3390,GGGCGN,0.35480621457099915,False,False,True,-0.0007921494543552399,
15,27,5,attn,recovery,-0.0234375,-0.01798403263092041,2923,GCAGAG,3.2265625,3083,GCGGAG,3.30859375,3083,GCGGAG,3.30859375,2923,GCAGAG,0.003851017914712429,3083,GCGGAG,0.003259254153817892,3390,GGGCGN,0.35449856519699097,False,False,True,-0.0012234225869178772,
15,28,5,attn,recovery,-0.0234375,-0.026177406311035156,2923,GCAGAG,3.2265625,3083,GCGGAG,3.30859375,3083,GCGGAG,3.30859375,2923,GCAGAG,0.0038368012756109238,3083,GCGGAG,0.003252676920965314,3390,GGGCGN,0.35522204637527466,False,False,True,-0.0017338581383228302,
15,29,5,attn,recovery,-0.046875,-0.029870152473449707,2923,GCAGAG,3.224609375,3083,GCGGAG,3.30859375,3083,GCGGAG,3.30859375,2923,GCAGAG,0.00382458558306098,3083,GCGGAG,0.0032439043279737234,3390,GGGCGN,0.35566142201423645,False,False,True,-0.0025712810456752777,
15,30,5,attn,recovery,0.0,0.017006874084472656,2923,GCAGAG,3.23046875,3083,GCGGAG,3.310546875,3083,GCGGAG,3.310546875,2923,GCAGAG,0.0038832922000437975,3083,GCGGAG,0.0032589035108685493,3390,GGGCGN,0.35443881154060364,False,False,True,-0.0019036270678043365,
15,31,5,attn,recovery,0.0,-0.0014925003051757812,2923,GCAGAG,3.23046875,3083,GCGGAG,3.310546875,3083,GCGGAG,3.310546875,2923,GCAGAG,0.0038781992625445127,3083,GCGGAG,0.0032710591331124306,3390,GGGCGN,0.3537040054798126,False,False,True,-0.002545192837715149,
15,32,5,attn,recovery,-0.0234375,-0.022524595260620117,2923,GCAGAG,3.2265625,3083,GCGGAG,3.30859375,3083,GCGGAG,3.30859375,2923,GCAGAG,0.0038480604998767376,3083,GCGGAG,0.003260530298575759,3390,GGGCGN,0.35422632098197937,False,False,True,-0.002558112144470215,
15,33,5,attn,recovery,-0.046875,-0.0550154447555542,2923,GCAGAG,3.2265625,3083,GCGGAG,3.310546875,3083,GCGGAG,3.310546875,2923,GCAGAG,0.0038259727880358696,3083,GCGGAG,0.0032687366474419832,3390,GGGCGN,0.35424113273620605,False,False,True,-0.0026752203702926636,
15,34,5,attn,recovery,-0.0927734375,-0.07431042194366455,2923,GCAGAG,3.22265625,3083,GCGGAG,3.310546875,3083,GCGGAG,3.310546875,2923,GCAGAG,0.0038020412903279066,3083,GCGGAG,0.0032627955079078674,3390,GGGCGN,0.3556644022464752,False,False,True,-0.00158589705824852,
15,35,5,attn,recovery,-0.0927734375,-0.041249990463256836,2923,GCAGAG,3.220703125,3083,GCGGAG,3.30859375,3083,GCGGAG,3.30859375,2923,GCAGAG,0.0038419929333031178,3083,GCGGAG,0.003271922003477812,3390,GGGCGN,0.354510635137558,False,False,True,-0.0005087405443191528,
15,36,5,attn,recovery,-0.1162109375,-0.06793320178985596,2923,GCAGAG,3.21875,3083,GCGGAG,3.30859375,3083,GCGGAG,3.30859375,2923,GCAGAG,0.003805354470387101,3083,GCGGAG,0.0032601626589894295,3390,GGGCGN,0.3553556799888611,False,False,True,-0.00030624866485595703,
15,37,5,attn,recovery,-0.0234375,-0.05670952796936035,2923,GCAGAG,3.2265625,3083,GCGGAG,3.30859375,3083,GCGGAG,3.30859375,2923,GCAGAG,0.003834353992715478,3083,GCGGAG,0.0032786973752081394,3390,GGGCGN,0.3539353609085083,False,False,True,-0.00045416131615638733,
15,38,5,attn,recovery,-0.0234375,-0.04780244827270508,2923,GCAGAG,3.2265625,3083,GCGGAG,3.30859375,3083,GCGGAG,3.30859375,2923,GCAGAG,0.0038555909413844347,3083,GCGGAG,0.0032916294876486063,3390,GGGCGN,0.3536437451839447,False,False,True,-0.0006485246121883392,
15,39,5,attn,recovery,0.0234375,-0.01287853717803955,2923,GCAGAG,3.2265625,3083,GCGGAG,3.3046875,3083,GCGGAG,3.3046875,2923,GCAGAG,0.0038898419588804245,3083,GCGGAG,0.003293317975476384,3390,GGGCGN,0.3539223372936249,False,False,True,-0.0007002651691436768,
15,40,5,attn,recovery,-0.0234375,8.189678192138672e-05,2923,GCAGAG,3.2265625,3083,GCGGAG,3.30859375,3083,GCGGAG,3.30859375,2923,GCAGAG,0.003895263886079192,3083,GCGGAG,0.0032866557594388723,3390,GGGCGN,0.35359466075897217,False,False,True,-0.0004252679646015167,
15,41,5,attn,recovery,0.0,0.0012778043746948242,2923,GCAGAG,3.23046875,3083,GCGGAG,3.310546875,3083,GCGGAG,3.310546875,2923,GCAGAG,0.003883208381012082,3083,GCGGAG,0.003273485228419304,3390,GGGCGN,0.35482072830200195,False,False,True,-0.00032509490847587585,
15,42,5,attn,recovery,0.0,0.011849701404571533,2923,GCAGAG,3.23046875,3083,GCGGAG,3.310546875,3083,GCGGAG,3.310546875,2923,GCAGAG,0.00389562314376235,3083,GCGGAG,0.0032760428730398417,3390,GGGCGN,0.353292852640152,False,False,True,-0.00027550384402275085,
15,43,5,attn,recovery,-0.046875,-0.005204558372497559,2923,GCAGAG,3.232421875,3083,GCGGAG,3.31640625,3083,GCGGAG,3.31640625,2923,GCAGAG,0.0038945493288338184,3083,GCGGAG,0.003290870226919651,3390,GGGCGN,0.35383203625679016,False,False,True,-0.00018123164772987366,
15,44,5,attn,recovery,0.0,0.00711590051651001,2923,GCAGAG,3.23046875,3083,GCGGAG,3.310546875,3083,GCGGAG,3.310546875,2923,GCAGAG,0.00389175140298903,3083,GCGGAG,0.003276584902778268,3390,GGGCGN,0.3535022735595703,False,False,True,-0.00019141286611557007,
15,45,5,attn,recovery,0.0,0.009264171123504639,2923,GCAGAG,3.23046875,3083,GCGGAG,3.310546875,3083,GCGGAG,3.310546875,2923,GCAGAG,0.0039299894124269485,3083,GCGGAG,0.0033128198701888323,3390,GGGCGN,0.35275208950042725,False,False,True,-0.0002144835889339447,
15,46,5,attn,recovery,-0.0234375,-0.00841987133026123,2923,GCAGAG,3.2265625,3083,GCGGAG,3.30859375,3083,GCGGAG,3.30859375,2923,GCAGAG,0.003900528186932206,3083,GCGGAG,0.003299847012385726,3390,GGGCGN,0.3530582785606384,False,False,True,-0.00026088207960128784,
15,47,5,attn,recovery,-0.0234375,0.0034031271934509277,2923,GCAGAG,3.23046875,3083,GCGGAG,3.3125,3083,GCGGAG,3.3125,2923,GCAGAG,0.003924141172319651,3083,GCGGAG,0.0033124363981187344,3390,GGGCGN,0.3533468544483185,False,False,True,-0.00031923502683639526,
15,48,5,attn,recovery,-0.046875,-0.004576325416564941,2923,GCAGAG,3.232421875,3083,GCGGAG,3.31640625,3083,GCGGAG,3.31640625,2923,GCAGAG,0.003891852917149663,3083,GCGGAG,0.0032875880133360624,3390,GGGCGN,0.3545270562171936,False,False,True,-0.0004231482744216919,
15,49,5,attn,recovery,-0.0234375,-0.011429429054260254,2923,GCAGAG,3.234375,3083,GCGGAG,3.31640625,3083,GCGGAG,3.31640625,2923,GCAGAG,0.003896027570590377,3083,GCGGAG,0.003298152470961213,3390,GGGCGN,0.35368555784225464,False,False,True,-0.00043326616287231445,
15,50,5,attn,recovery,-0.0234375,-0.01770305633544922,2923,GCAGAG,3.23046875,3083,GCGGAG,3.3125,3083,GCGGAG,3.3125,2923,GCAGAG,0.00387684628367424,3083,GCGGAG,0.0032848205883055925,3390,GGGCGN,0.3543475568294525,False,False,True,-0.0005091577768325806,
15,51,5,attn,recovery,-0.0234375,-0.008638858795166016,2923,GCAGAG,3.23046875,3083,GCGGAG,3.3125,3083,GCGGAG,3.3125,2923,GCAGAG,0.0038777622394263744,3083,GCGGAG,0.0032772852573543787,3390,GGGCGN,0.35462602972984314,False,False,True,-0.0002661794424057007,
16,0,5,attn,recovery,-0.1630859375,-0.045372962951660156,2923,GCAGAG,3.234375,3083,GCGGAG,3.328125,3083,GCGGAG,3.328125,2923,GCAGAG,0.003950006794184446,3083,GCGGAG,0.0033837801311165094,3390,GGGCGN,0.35396501421928406,False,False,True,-0.0003883093595504761,
16,1,5,attn,recovery,-0.8134765625,-0.22703325748443604,2923,GCAGAG,3.29296875,3083,GCGGAG,3.44140625,3083,GCGGAG,3.44140625,2923,GCAGAG,0.004236423410475254,3083,GCGGAG,0.0038395740557461977,3390,GGGCGN,0.35384443402290344,False,False,True,-0.0005146302282810211,
16,2,5,attn,recovery,-0.8134765625,-0.1497788429260254,2923,GCAGAG,3.2734375,3083,GCGGAG,3.421875,3083,GCGGAG,3.421875,2923,GCAGAG,0.00427796458825469,3083,GCGGAG,0.003809084417298436,3390,GGGCGN,0.3482709228992462,False,False,True,-0.0003783032298088074,
16,3,5,attn,recovery,-0.3486328125,-0.0996023416519165,2923,GCAGAG,3.330078125,3083,GCGGAG,3.439453125,3083,GCGGAG,3.439453125,2923,GCAGAG,0.004642701707780361,3083,GCGGAG,0.004127037711441517,3390,GGGCGN,0.34690311551094055,False,False,True,-0.00067925825715065,
16,4,5,attn,recovery,0.41845703125,0.2346692681312561,2923,GCAGAG,3.279296875,3083,GCGGAG,3.32421875,3083,GCGGAG,3.32421875,2923,GCAGAG,0.004674331285059452,3083,GCGGAG,0.003846997395157814,3390,GGGCGN,0.3448183536529541,False,False,True,-0.000840652734041214,
16,5,5,attn,recovery,0.3486328125,-0.0007855892181396484,2923,GCAGAG,3.279296875,3083,GCGGAG,3.330078125,3083,GCGGAG,3.330078125,2923,GCAGAG,0.004422102123498917,3083,GCGGAG,0.0038143028505146503,3390,GGGCGN,0.35108667612075806,False,False,True,-0.0009554028511047363,
16,6,5,attn,recovery,0.0234375,0.03388786315917969,2923,GCAGAG,3.2265625,3083,GCGGAG,3.3046875,3083,GCGGAG,3.3046875,2923,GCAGAG,0.004174178931862116,3083,GCGGAG,0.0035340506583452225,3390,GGGCGN,0.34836894273757935,False,False,True,-0.0006578117609024048,
16,7,5,attn,recovery,-0.0234375,-0.058125972747802734,2923,GCAGAG,3.2265625,3083,GCGGAG,3.30859375,3083,GCGGAG,3.30859375,2923,GCAGAG,0.003901235293596983,3083,GCGGAG,0.003346899291500449,3390,GGGCGN,0.3499574661254883,False,False,True,-0.00038959458470344543,
16,8,5,attn,recovery,0.0,0.09437084197998047,2923,GCAGAG,3.23046875,3083,GCGGAG,3.310546875,3083,GCGGAG,3.310546875,2923,GCAGAG,0.003966241609305143,3083,GCGGAG,0.0032697198912501335,3390,GGGCGN,0.3490777015686035,False,False,True,-0.0001331120729446411,
16,9,5,attn,recovery,0.0,-0.029949545860290527,2923,GCAGAG,3.23046875,3083,GCGGAG,3.310546875,3083,GCGGAG,3.310546875,2923,GCAGAG,0.003887819591909647,3083,GCGGAG,0.0033072123769670725,3390,GGGCGN,0.35248830914497375,False,False,True,-0.00026702880859375,
16,10,5,attn,recovery,0.0,-0.0018036365509033203,2923,GCAGAG,3.23046875,3083,GCGGAG,3.310546875,3083,GCGGAG,3.310546875,2923,GCAGAG,0.003927421290427446,3083,GCGGAG,0.003320571267977357,3390,GGGCGN,0.3520592749118805,False,False,True,-0.0005204305052757263,
16,11,5,attn,recovery,0.0,0.005582869052886963,2923,GCAGAG,3.23046875,3083,GCGGAG,3.310546875,3083,GCGGAG,3.310546875,2923,GCAGAG,0.003924211487174034,3083,GCGGAG,0.003310474334284663,3390,GGGCGN,0.3527175486087799,False,False,True,-0.0007887817919254303,
16,12,5,attn,recovery,0.0234375,-0.021706700325012207,2923,GCAGAG,3.232421875,3083,GCGGAG,3.310546875,3083,GCGGAG,3.310546875,2923,GCAGAG,0.0038589348550885916,3083,GCGGAG,0.0032706421334296465,3390,GGGCGN,0.35313042998313904,False,False,True,-0.0008391700685024261,
16,13,5,attn,recovery,0.0,-0.04077017307281494,2923,GCAGAG,3.23046875,3083,GCGGAG,3.310546875,3083,GCGGAG,3.310546875,2923,GCAGAG,0.0038443373050540686,3083,GCGGAG,0.0032738191075623035,3390,GGGCGN,0.3540240228176117,False,False,True,-0.0008405484259128571,
16,14,5,attn,recovery,-0.0234375,-0.07658159732818604,2923,GCAGAG,3.2265625,3083,GCGGAG,3.30859375,3083,GCGGAG,3.30859375,2923,GCAGAG,0.003853380214422941,3083,GCGGAG,0.003316252026706934,3390,GGGCGN,0.3534625470638275,False,False,True,-0.0009248889982700348,
16,15,5,attn,recovery,-0.046875,-0.10199832916259766,2923,GCAGAG,3.2265625,3083,GCGGAG,3.310546875,3083,GCGGAG,3.310546875,2923,GCAGAG,0.0039051147177815437,3083,GCGGAG,0.0033916847314685583,3390,GGGCGN,0.35243937373161316,False,False,True,-0.0009399726986885071,
16,16,5,attn,recovery,0.0,-0.10684013366699219,2923,GCAGAG,3.224609375,3083,GCGGAG,3.3046875,3083,GCGGAG,3.3046875,2923,GCAGAG,0.0038825233932584524,3083,GCGGAG,0.003373607760295272,3390,GGGCGN,0.35313794016838074,False,False,True,-0.0020583495497703552,
16,17,5,attn,recovery,-0.046875,-0.06969702243804932,2923,GCAGAG,3.224609375,3083,GCGGAG,3.30859375,3083,GCGGAG,3.30859375,2923,GCAGAG,0.003886985359713435,3083,GCGGAG,0.0033434380311518908,3390,GGGCGN,0.3534466624259949,False,False,True,-0.002069380134344101,
16,18,5,attn,recovery,-0.046875,-0.03176474571228027,2923,GCAGAG,3.224609375,3083,GCGGAG,3.30859375,3083,GCGGAG,3.30859375,2923,GCAGAG,0.0038664122112095356,3083,GCGGAG,0.003287497442215681,3390,GGGCGN,0.3537931442260742,False,False,True,-0.0022106580436229706,
16,19,5,attn,recovery,0.0,0.02497100830078125,2923,GCAGAG,3.23046875,3083,GCGGAG,3.310546875,3083,GCGGAG,3.310546875,2923,GCAGAG,0.0039145187474787235,3083,GCGGAG,0.0032827043905854225,3390,GGGCGN,0.3530833125114441,False,False,True,-0.0007196143269538879,
16,20,5,attn,recovery,0.0,0.03426313400268555,2923,GCAGAG,3.23046875,3083,GCGGAG,3.310546875,3083,GCGGAG,3.310546875,2923,GCAGAG,0.003927756566554308,3083,GCGGAG,0.003287278348580003,3390,GGGCGN,0.35275617241859436,False,False,True,-0.005893770605325699,
16,21,5,attn,recovery,0.0234375,0.043335556983947754,2923,GCAGAG,3.23046875,3083,GCGGAG,3.30859375,3083,GCGGAG,3.30859375,2923,GCAGAG,0.003925594035536051,3083,GCGGAG,0.003276656847447157,3390,GGGCGN,0.35312187671661377,False,False,True,-0.00599704310297966,
16,22,5,attn,recovery,-0.0234375,0.02069038152694702,2923,GCAGAG,3.2265625,3083,GCGGAG,3.30859375,3083,GCGGAG,3.30859375,2923,GCAGAG,0.0039003051351755857,3083,GCGGAG,0.0032724819611757994,3390,GGGCGN,0.3540414571762085,False,False,True,-0.0067860521376132965,
16,23,5,attn,recovery,0.0234375,0.03782856464385986,2923,GCAGAG,3.232421875,3083,GCGGAG,3.310546875,3083,GCGGAG,3.310546875,2923,GCAGAG,0.003913844004273415,3083,GCGGAG,0.0032700414303690195,3390,GGGCGN,0.35481539368629456,False,False,True,-0.0013204514980316162,
16,24,5,attn,recovery,0.0,0.03576093912124634,2923,GCAGAG,3.232421875,3083,GCGGAG,3.3125,3083,GCGGAG,3.3125,2923,GCAGAG,0.00391547754406929,3083,GCGGAG,0.003273602807894349,3390,GGGCGN,0.35485514998435974,False,False,True,-0.0008105821907520294,
16,25,5,attn,recovery,-0.046875,-0.009765863418579102,2923,GCAGAG,3.232421875,3083,GCGGAG,3.31640625,3083,GCGGAG,3.31640625,2923,GCAGAG,0.0038871655706316233,3083,GCGGAG,0.0032877393532544374,3390,GGGCGN,0.35481399297714233,False,False,True,-0.0003642179071903229,
16,26,5,attn,recovery,0.0,-0.005629539489746094,2923,GCAGAG,3.232421875,3083,GCGGAG,3.3125,3083,GCGGAG,3.3125,2923,GCAGAG,0.003881660057231784,3083,GCGGAG,0.0032783772330731153,3390,GGGCGN,0.3539332151412964,False,False,True,-0.0004366971552371979,
16,27,5,attn,recovery,-0.046875,-0.015665411949157715,2923,GCAGAG,3.2265625,3083,GCGGAG,3.310546875,3083,GCGGAG,3.310546875,2923,GCAGAG,0.0038637870457023382,3083,GCGGAG,0.003269861452281475,3390,GGGCGN,0.35455775260925293,False,False,True,-0.0007329024374485016,
16,28,5,attn,recovery,-0.046875,-0.026229023933410645,2923,GCAGAG,3.2265625,3083,GCGGAG,3.310546875,3083,GCGGAG,3.310546875,2923,GCAGAG,0.0038594533689320087,3083,GCGGAG,0.0032753772102296352,3390,GGGCGN,0.3543546795845032,False,False,True,-0.0009733624756336212,
16,29,5,attn,recovery,0.0,-0.007686734199523926,2923,GCAGAG,3.23046875,3083,GCGGAG,3.310546875,3083,GCGGAG,3.310546875,2923,GCAGAG,0.003873818088322878,3083,GCGGAG,0.00327245332300663,3390,GGGCGN,0.3542112708091736,False,False,True,-0.0021502897143363953,
16,30,5,attn,recovery,-0.046875,-0.022597193717956543,2923,GCAGAG,3.2265625,3083,GCGGAG,3.310546875,3083,GCGGAG,3.310546875,2923,GCAGAG,0.003864642698317766,3083,GCGGAG,0.003277180250734091,3390,GGGCGN,0.35421448945999146,False,False,True,-0.001961272209882736,
16,31,5,attn,recovery,0.0,-0.0006368160247802734,2923,GCAGAG,3.23046875,3083,GCGGAG,3.310546875,3083,GCGGAG,3.310546875,2923,GCAGAG,0.003882658900693059,3083,GCGGAG,0.003274720860645175,3390,GGGCGN,0.3540891408920288,False,False,True,-0.0021309517323970795,
16,32,5,attn,recovery,-0.0234375,0.007772862911224365,2923,GCAGAG,3.23046875,3083,GCGGAG,3.3125,3083,GCGGAG,3.3125,2923,GCAGAG,0.00389119703322649,3083,GCGGAG,0.0032754179555922747,3390,GGGCGN,0.35409969091415405,False,False,True,-0.0008911676704883575,
16,33,5,attn,recovery,-0.0234375,0.008423388004302979,2923,GCAGAG,3.23046875,3083,GCGGAG,3.3125,3083,GCGGAG,3.3125,2923,GCAGAG,0.003900730749592185,3083,GCGGAG,0.0032843451481312513,3390,GGGCGN,0.3532382547855377,False,False,True,-0.0005559474229812622,
16,34,5,attn,recovery,-0.046875,0.007283449172973633,2923,GCAGAG,3.2265625,3083,GCGGAG,3.310546875,3083,GCGGAG,3.310546875,2923,GCAGAG,0.0038984406273812056,3083,GCGGAG,0.003283117897808552,3390,GGGCGN,0.35355913639068604,False,False,True,-5.1625072956085205e-05,
16,35,5,attn,recovery,-0.046875,-0.006042122840881348,2923,GCAGAG,3.2265625,3083,GCGGAG,3.310546875,3083,GCGGAG,3.310546875,2923,GCAGAG,0.0038849858101457357,3083,GCGGAG,0.0032820876222103834,3390,GGGCGN,0.3534049987792969,False,False,True,6.625428795814514e-05,
16,36,5,attn,recovery,-0.046875,-0.01833510398864746,2923,GCAGAG,3.2265625,3083,GCGGAG,3.310546875,3083,GCGGAG,3.310546875,2923,GCAGAG,0.003869710024446249,3083,GCGGAG,0.0032782736234366894,3390,GGGCGN,0.3540516495704651,False,False,True,-0.00023259595036506653,
16,37,5,attn,recovery,-0.0693359375,-0.021519899368286133,2923,GCAGAG,3.232421875,3083,GCGGAG,3.318359375,3083,GCGGAG,3.318359375,2923,GCAGAG,0.003895133500918746,3083,GCGGAG,0.003306666621938348,3390,GGGCGN,0.3548908829689026,False,False,True,-0.0003273487091064453,
16,38,5,attn,recovery,-0.046875,-0.011472702026367188,2923,GCAGAG,3.234375,3083,GCGGAG,3.318359375,3083,GCGGAG,3.318359375,2923,GCAGAG,0.003908269107341766,3083,GCGGAG,0.0033104342874139547,3390,GGGCGN,0.354829341173172,False,False,True,-0.00032245367765426636,
16,39,5,attn,recovery,-0.0693359375,-0.01495516300201416,2923,GCAGAG,3.232421875,3083,GCGGAG,3.318359375,3083,GCGGAG,3.318359375,2923,GCAGAG,0.0039048679172992706,3083,GCGGAG,0.003310280153527856,3390,GGGCGN,0.35468289256095886,False,False,True,-0.0003392621874809265,
16,40,5,attn,recovery,0.0,-0.00910806655883789,2923,GCAGAG,3.23046875,3083,GCGGAG,3.310546875,3083,GCGGAG,3.310546875,2923,GCAGAG,0.003872999455779791,3083,GCGGAG,0.0032729599624872208,3390,GGGCGN,0.354049950838089,False,False,True,-0.0002071671187877655,
16,41,5,attn,recovery,-0.0234375,-0.012077689170837402,2923,GCAGAG,3.23046875,3083,GCGGAG,3.3125,3083,GCGGAG,3.3125,2923,GCAGAG,0.0038783831987529993,3083,GCGGAG,0.003281112527474761,3390,GGGCGN,0.35416364669799805,False,False,True,-0.00023406744003295898,
16,42,5,attn,recovery,0.0,-0.0066117048263549805,2923,GCAGAG,3.232421875,3083,GCGGAG,3.3125,3083,GCGGAG,3.3125,2923,GCAGAG,0.003881565062329173,3083,GCGGAG,0.0032791979610919952,3390,GGGCGN,0.3540757894515991,False,False,True,-0.0002761557698249817,
16,43,5,attn,recovery,-0.0234375,0.003952741622924805,2923,GCAGAG,3.23046875,3083,GCGGAG,3.3125,3083,GCGGAG,3.3125,2923,GCAGAG,0.0038844619411975145,3083,GCGGAG,0.003272244706749916,3390,GGGCGN,0.354177862405777,False,False,True,-0.000315982848405838,
16,44,5,attn,recovery,-0.0234375,0.0011886358261108398,2923,GCAGAG,3.23046875,3083,GCGGAG,3.3125,3083,GCGGAG,3.3125,2923,GCAGAG,0.0038750628009438515,3083,GCGGAG,0.0032654227688908577,3390,GGGCGN,0.35424938797950745,False,False,True,-0.0003295615315437317,
16,45,5,attn,recovery,0.0234375,0.004137277603149414,2923,GCAGAG,3.232421875,3083,GCGGAG,3.310546875,3083,GCGGAG,3.310546875,2923,GCAGAG,0.0038982729893177748,3083,GCGGAG,0.003285883693024516,3390,GGGCGN,0.35401901602745056,False,False,True,-0.0002023354172706604,
16,46,5,attn,recovery,0.0234375,-0.01245725154876709,2923,GCAGAG,3.23046875,3083,GCGGAG,3.30859375,3083,GCGGAG,3.30859375,2923,GCAGAG,0.003878034185618162,3083,GCGGAG,0.0032811174169182777,3390,GGGCGN,0.35357022285461426,False,False,True,-0.00021153315901756287,
16,47,5,attn,recovery,0.0234375,-0.008030295372009277,2923,GCAGAG,3.23046875,3083,GCGGAG,3.30859375,3083,GCGGAG,3.30859375,2923,GCAGAG,0.003880133153870702,3083,GCGGAG,0.0032790887635201216,3390,GGGCGN,0.3541828989982605,False,False,True,-0.0002761147916316986,
16,48,5,attn,recovery,0.0234375,-0.0015097856521606445,2923,GCAGAG,3.224609375,3083,GCGGAG,3.302734375,3083,GCGGAG,3.302734375,2923,GCAGAG,0.0038534021005034447,3083,GCGGAG,0.0032462780363857746,3390,GGGCGN,0.35420963168144226,False,False,True,-0.00046159327030181885,
16,49,5,attn,recovery,-0.0234375,-0.004057645797729492,2923,GCAGAG,3.2265625,3083,GCGGAG,3.30859375,3083,GCGGAG,3.30859375,2923,GCAGAG,0.0038635595701634884,3083,GCGGAG,0.0032588110771030188,3390,GGGCGN,0.3541800379753113,False,False,True,-0.0005609467625617981,
16,50,5,attn,recovery,0.0,0.002729654312133789,2923,GCAGAG,3.23046875,3083,GCGGAG,3.310546875,3083,GCGGAG,3.310546875,2923,GCAGAG,0.0038759612943977118,3083,GCGGAG,0.00326488446444273,3390,GGGCGN,0.35405051708221436,False,False,True,-0.0005597658455371857,
16,51,5,attn,recovery,0.0,0.0033779144287109375,2923,GCAGAG,3.23046875,3083,GCGGAG,3.310546875,3083,GCGGAG,3.310546875,2923,GCAGAG,0.003879162250086665,3083,GCGGAG,0.003267480991780758,3390,GGGCGN,0.35397541522979736,False,False,True,-0.0006034784018993378,
17,0,5,attn,recovery,0.0,0.05254054069519043,2923,GCAGAG,3.23046875,3083,GCGGAG,3.310546875,3083,GCGGAG,3.310546875,2923,GCAGAG,0.00389486295171082,3083,GCGGAG,0.0032373431604355574,3390,GGGCGN,0.3563095033168793,False,False,True,-0.00025158002972602844,
17,1,5,attn,recovery,0.3955078125,0.2412000298500061,2923,GCAGAG,3.31640625,3083,GCGGAG,3.36328125,3083,GCGGAG,3.36328125,2923,GCAGAG,0.004236550536006689,3083,GCGGAG,0.0034031274262815714,3390,GGGCGN,0.35584765672683716,False,False,True,-0.0004047192633152008,
17,2,5,attn,recovery,0.3955078125,0.2687917947769165,2923,GCAGAG,3.31640625,3083,GCGGAG,3.36328125,3083,GCGGAG,3.36328125,2923,GCAGAG,0.004514159634709358,3083,GCGGAG,0.0036550103686749935,3390,GGGCGN,0.3413160443305969,False,False,True,-0.00034768134355545044,
17,3,5,attn,recovery,0.3955078125,0.22077184915542603,2923,GCAGAG,3.31640625,3083,GCGGAG,3.36328125,3083,GCGGAG,3.36328125,2923,GCAGAG,0.004640005528926849,3083,GCGGAG,0.00382562936283648,3390,GGGCGN,0.3369898796081543,False,False,True,-0.0006099827587604523,
17,4,5,attn,recovery,0.0,0.40635186433792114,2923,GCAGAG,3.23046875,3083,GCGGAG,3.310546875,3083,GCGGAG,3.310546875,2923,GCAGAG,0.004773417487740517,3083,GCGGAG,0.003786009270697832,3390,GGGCGN,0.3341110646724701,False,False,True,-0.0005080811679363251,
17,5,5,attn,recovery,0.0,0.2674335837364197,2923,GCAGAG,3.23046875,3083,GCGGAG,3.310546875,3083,GCGGAG,3.310546875,2923,GCAGAG,0.004268061835318804,3083,GCGGAG,0.0034101789351552725,3390,GGGCGN,0.36231091618537903,False,False,True,-0.0007354468107223511,
17,6,5,attn,recovery,0.0,0.23178130388259888,2923,GCAGAG,3.23046875,3083,GCGGAG,3.310546875,3083,GCGGAG,3.310546875,2923,GCAGAG,0.004140902776271105,3083,GCGGAG,0.003316261572763324,3390,GGGCGN,0.3610955774784088,False,False,True,-0.0004571788012981415,
17,7,5,attn,recovery,0.0,-0.08746194839477539,2923,GCAGAG,3.23046875,3083,GCGGAG,3.310546875,3083,GCGGAG,3.310546875,2923,GCAGAG,0.0037114752922207117,3083,GCGGAG,0.0031844917684793472,3390,GGGCGN,0.365055650472641,False,False,True,-0.0004098042845726013,
17,8,5,attn,recovery,0.0,-0.04110729694366455,2923,GCAGAG,3.23046875,3083,GCGGAG,3.310546875,3083,GCGGAG,3.310546875,2923,GCAGAG,0.0038700210861861706,3083,GCGGAG,0.0032998172100633383,3390,GGGCGN,0.3505963385105133,False,False,True,-7.499381899833679e-05,
17,9,5,attn,recovery,0.0,-0.027074098587036133,2923,GCAGAG,3.23046875,3083,GCGGAG,3.310546875,3083,GCGGAG,3.310546875,2923,GCAGAG,0.0038615164812654257,3083,GCGGAG,0.003278228221461177,3390,GGGCGN,0.35394951701164246,False,False,True,-0.00016271695494651794,
17,10,5,attn,recovery,0.0,-0.028234243392944336,2923,GCAGAG,3.23046875,3083,GCGGAG,3.310546875,3083,GCGGAG,3.310546875,2923,GCAGAG,0.003855680348351598,3083,GCGGAG,0.003273473819717765,3390,GGGCGN,0.35405153036117554,False,False,True,-0.0004640519618988037,
17,11,5,attn,recovery,0.0,-0.003565669059753418,2923,GCAGAG,3.23046875,3083,GCGGAG,3.310546875,3083,GCGGAG,3.310546875,2923,GCAGAG,0.0038869536947458982,3083,GCGGAG,0.0032817465253174305,3390,GGGCGN,0.3538971245288849,False,False,True,-0.0007775351405143738,
17,12,5,attn,recovery,0.0,0.019148647785186768,2923,GCAGAG,3.23046875,3083,GCGGAG,3.310546875,3083,GCGGAG,3.310546875,2923,GCAGAG,0.003915055654942989,3083,GCGGAG,0.003288669977337122,3390,GGGCGN,0.3536818027496338,False,False,True,-0.0008006766438484192,
17,13,5,attn,recovery,0.0,0.018442928791046143,2923,GCAGAG,3.23046875,3083,GCGGAG,3.310546875,3083,GCGGAG,3.310546875,2923,GCAGAG,0.0039140768349170685,3083,GCGGAG,0.003288349136710167,3390,GGGCGN,0.35355016589164734,False,False,True,-0.0007827542722225189,
17,14,5,attn,recovery,0.0,-0.006252646446228027,2923,GCAGAG,3.23046875,3083,GCGGAG,3.310546875,3083,GCGGAG,3.310546875,2923,GCAGAG,0.0039182486943900585,3083,GCGGAG,0.0033155467826873064,3390,GGGCGN,0.35311785340309143,False,False,True,-0.0006721913814544678,
17,15,5,attn,recovery,0.0,-0.03912484645843506,2923,GCAGAG,3.23046875,3083,GCGGAG,3.310546875,3083,GCGGAG,3.310546875,2923,GCAGAG,0.0038894356694072485,3083,GCGGAG,0.003317383350804448,3390,GGGCGN,0.3533026874065399,False,False,True,-0.0012164339423179626,
17,16,5,attn,recovery,0.0,-0.03767204284667969,2923,GCAGAG,3.23046875,3083,GCGGAG,3.310546875,3083,GCGGAG,3.310546875,2923,GCAGAG,0.003884216770529747,3083,GCGGAG,0.0033108098432421684,3390,GGGCGN,0.3535292148590088,False,False,True,-0.0009659640491008759,
17,17,5,attn,recovery,0.0,-0.008561253547668457,2923,GCAGAG,3.23046875,3083,GCGGAG,3.310546875,3083,GCGGAG,3.310546875,2923,GCAGAG,0.0038698501884937286,3083,GCGGAG,0.0032693007960915565,3390,GGGCGN,0.3542698621749878,False,False,True,-0.0013565197587013245,
17,18,5,attn,recovery,0.0,0.011764049530029297,2923,GCAGAG,3.23046875,3083,GCGGAG,3.310546875,3083,GCGGAG,3.310546875,2923,GCAGAG,0.003875121008604765,3083,GCGGAG,0.00325562059879303,3390,GGGCGN,0.3545467257499695,False,False,True,-0.004779115319252014,
17,19,5,attn,recovery,0.0,0.01426321268081665,2923,GCAGAG,3.23046875,3083,GCGGAG,3.310546875,3083,GCGGAG,3.310546875,2923,GCAGAG,0.0038766474463045597,3083,GCGGAG,0.0032548168674111366,3390,GGGCGN,0.354653924703598,False,False,True,-0.007707532495260239,
17,20,5,attn,recovery,0.0,0.002285897731781006,2923,GCAGAG,3.23046875,3083,GCGGAG,3.310546875,3083,GCGGAG,3.310546875,2923,GCAGAG,0.0038834677543491125,3083,GCGGAG,0.0032728046644479036,3390,GGGCGN,0.35428178310394287,False,False,True,-0.012539807707071304,
17,21,5,attn,recovery,0.0,-0.0007659196853637695,2923,GCAGAG,3.23046875,3083,GCGGAG,3.310546875,3083,GCGGAG,3.310546875,2923,GCAGAG,0.003886363236233592,3083,GCGGAG,0.003278545569628477,3390,GGGCGN,0.3541242182254791,False,False,True,-0.009759847074747086,
17,22,5,attn,recovery,0.0,-0.0061969757080078125,2923,GCAGAG,3.23046875,3083,GCGGAG,3.310546875,3083,GCGGAG,3.310546875,2923,GCAGAG,0.003886639606207609,3083,GCGGAG,0.0032838857732713223,3390,GGGCGN,0.35393333435058594,False,False,True,-0.007346391677856445,
17,23,5,attn,recovery,0.0,0.0015924572944641113,2923,GCAGAG,3.23046875,3083,GCGGAG,3.310546875,3083,GCGGAG,3.310546875,2923,GCAGAG,0.00388508103787899,3083,GCGGAG,0.003275064518675208,3390,GGGCGN,0.35408303141593933,False,False,True,-0.002129931002855301,
17,24,5,attn,recovery,0.0,0.0024200081825256348,2923,GCAGAG,3.23046875,3083,GCGGAG,3.310546875,3083,GCGGAG,3.310546875,2923,GCAGAG,0.003884263802319765,3083,GCGGAG,0.003273475682362914,3390,GGGCGN,0.3541274070739746,False,False,True,-0.0008173920214176178,
17,25,5,attn,recovery,0.0,0.0026165246963500977,2923,GCAGAG,3.23046875,3083,GCGGAG,3.310546875,3083,GCGGAG,3.310546875,2923,GCAGAG,0.0038841599598526955,3083,GCGGAG,0.003273188602179289,3390,GGGCGN,0.3541395366191864,False,False,True,-0.0003757476806640625,
17,26,5,attn,recovery,0.0,0.0019338130950927734,2923,GCAGAG,3.23046875,3083,GCGGAG,3.310546875,3083,GCGGAG,3.310546875,2923,GCAGAG,0.003884559031575918,3083,GCGGAG,0.0032742242328822613,3390,GGGCGN,0.35411107540130615,False,False,True,-0.0002821385860443115,
17,27,5,attn,recovery,0.0,-0.0003355741500854492,2923,GCAGAG,3.23046875,3083,GCGGAG,3.310546875,3083,GCGGAG,3.310546875,2923,GCAGAG,0.00388572970405221,3083,GCGGAG,0.0032775108702480793,3390,GGGCGN,0.35403406620025635,False,False,True,-0.0007083751261234283,
17,28,5,attn,recovery,0.0,-0.001195669174194336,2923,GCAGAG,3.23046875,3083,GCGGAG,3.310546875,3083,GCGGAG,3.310546875,2923,GCAGAG,0.003886356484144926,3083,GCGGAG,0.0032789395190775394,3390,GGGCGN,0.3539939224720001,False,False,True,-0.001252003014087677,
17,29,5,attn,recovery,0.0,-0.0008295774459838867,2923,GCAGAG,3.23046875,3083,GCGGAG,3.310546875,3083,GCGGAG,3.310546875,2923,GCAGAG,0.003885981161147356,3083,GCGGAG,0.003278222866356373,3390,GGGCGN,0.35401374101638794,False,False,True,-0.002150248736143112,
17,30,5,attn,recovery,0.0,0.00018030405044555664,2923,GCAGAG,3.23046875,3083,GCGGAG,3.310546875,3083,GCGGAG,3.310546875,2923,GCAGAG,0.003885608399286866,3083,GCGGAG,0.0032769085373729467,3390,GGGCGN,0.3540446162223816,False,False,True,-0.002061840146780014,
17,31,5,attn,recovery,0.0,0.0007534027099609375,2923,GCAGAG,3.23046875,3083,GCGGAG,3.310546875,3083,GCGGAG,3.310546875,2923,GCAGAG,0.003885190235450864,3083,GCGGAG,0.0032759560272097588,3390,GGGCGN,0.35407137870788574,False,False,True,-0.0016227513551712036,
17,32,5,attn,recovery,0.0,0.000152587890625,2923,GCAGAG,3.23046875,3083,GCGGAG,3.310546875,3083,GCGGAG,3.310546875,2923,GCAGAG,0.0038854440208524466,3083,GCGGAG,0.0032767700031399727,3390,GGGCGN,0.35405129194259644,False,False,True,-0.0010111555457115173,
17,33,5,attn,recovery,0.0,-0.0011179447174072266,2923,GCAGAG,3.23046875,3083,GCGGAG,3.310546875,3083,GCGGAG,3.310546875,2923,GCAGAG,0.0038861813955008984,3083,GCGGAG,0.0032786920201033354,3390,GGGCGN,0.3539995849132538,False,False,True,-0.0008967742323875427,
17,34,5,attn,recovery,0.0,-0.0017260313034057617,2923,GCAGAG,3.23046875,3083,GCGGAG,3.310546875,3083,GCGGAG,3.310546875,2923,GCAGAG,0.003886396763846278,3083,GCGGAG,0.0032794743310660124,3390,GGGCGN,0.35398679971694946,False,False,True,-0.0007717981934547424,
17,35,5,attn,recovery,0.0,-0.0016149282455444336,2923,GCAGAG,3.23046875,3083,GCGGAG,3.310546875,3083,GCGGAG,3.310546875,2923,GCAGAG,0.003886417718604207,3083,GCGGAG,0.0032793916761875153,3390,GGGCGN,0.3539887070655823,False,False,True,-0.000507354736328125,
17,36,5,attn,recovery,0.0,-0.00020778179168701172,2923,GCAGAG,3.23046875,3083,GCGGAG,3.310546875,3083,GCGGAG,3.310546875,2923,GCAGAG,0.0038858510088175535,3083,GCGGAG,0.003277512965723872,3390,GGGCGN,0.35403430461883545,False,False,True,-0.0004481002688407898,
17,37,5,attn,recovery,0.0,7.843971252441406e-05,2923,GCAGAG,3.23046875,3083,GCGGAG,3.310546875,3083,GCGGAG,3.310546875,2923,GCAGAG,0.003885639598593116,3083,GCGGAG,0.003277034731581807,3390,GGGCGN,0.3540474772453308,False,False,True,-0.0005243122577667236,
17,38,5,attn,recovery,0.0,-1.895427703857422e-05,2923,GCAGAG,3.23046875,3083,GCGGAG,3.310546875,3083,GCGGAG,3.310546875,2923,GCAGAG,0.0038856985047459602,3083,GCGGAG,0.0032771844416856766,3390,GGGCGN,0.35404205322265625,False,False,True,-0.0005244128406047821,
17,39,5,attn,recovery,0.0,-3.2186508178710938e-06,2923,GCAGAG,3.23046875,3083,GCGGAG,3.310546875,3083,GCGGAG,3.310546875,2923,GCAGAG,0.003885791404172778,3083,GCGGAG,0.0032772626727819443,3390,GGGCGN,0.3540396988391876,False,False,True,-0.0003625638782978058,
17,40,5,attn,recovery,0.0,0.00012308359146118164,2923,GCAGAG,3.23046875,3083,GCGGAG,3.310546875,3083,GCGGAG,3.310546875,2923,GCAGAG,0.003885906655341387,3083,GCGGAG,0.003277260111644864,3390,GGGCGN,0.35403940081596375,False,False,True,-0.00017769262194633484,
17,41,5,attn,recovery,0.0,0.00012159347534179688,2923,GCAGAG,3.23046875,3083,GCGGAG,3.310546875,3083,GCGGAG,3.310546875,2923,GCAGAG,0.0038858968764543533,3083,GCGGAG,0.0032772517297416925,3390,GGGCGN,0.3540385067462921,False,False,True,-0.00019732490181922913,
17,42,5,attn,recovery,0.0,-3.4570693969726562e-06,2923,GCAGAG,3.23046875,3083,GCGGAG,3.310546875,3083,GCGGAG,3.310546875,2923,GCAGAG,0.003885790705680847,3083,GCGGAG,0.003277262207120657,3390,GGGCGN,0.35403963923454285,False,False,True,-0.0002741776406764984,
17,43,5,attn,recovery,0.0,1.4722347259521484e-05,2923,GCAGAG,3.23046875,3083,GCGGAG,3.310546875,3083,GCGGAG,3.310546875,2923,GCAGAG,0.0038858982734382153,3083,GCGGAG,0.0032773527782410383,3390,GGGCGN,0.35403862595558167,False,False,True,-0.00036310404539108276,
17,44,5,attn,recovery,0.0,2.9802322387695312e-06,2923,GCAGAG,3.23046875,3083,GCGGAG,3.310546875,3083,GCGGAG,3.310546875,2923,GCAGAG,0.0038858300540596247,3083,GCGGAG,0.0032772955019026995,3390,GGGCGN,0.35404321551322937,False,False,True,-0.00023901090025901794,
17,45,5,attn,recovery,0.0,-2.384185791015625e-07,2923,GCAGAG,3.23046875,3083,GCGGAG,3.310546875,3083,GCGGAG,3.310546875,2923,GCAGAG,0.003885810263454914,3083,GCGGAG,0.0032772787380963564,3390,GGGCGN,0.3540414273738861,False,False,True,-0.00025783106684684753,
17,46,5,attn,recovery,0.0,-1.7881393432617188e-06,2923,GCAGAG,3.23046875,3083,GCGGAG,3.310546875,3083,GCGGAG,3.310546875,2923,GCAGAG,0.0038858011830598116,3083,GCGGAG,0.003277271054685116,3390,GGGCGN,0.35404059290885925,False,False,True,-0.0004174262285232544,
17,47,5,attn,recovery,0.0,-7.271766662597656e-06,2923,GCAGAG,3.23046875,3083,GCGGAG,3.310546875,3083,GCGGAG,3.310546875,2923,GCAGAG,0.0038857690524309874,3083,GCGGAG,0.003277244046330452,3390,GGGCGN,0.35403767228126526,False,False,True,-0.0003982819616794586,
17,48,5,attn,recovery,0.0,-2.0265579223632812e-06,2923,GCAGAG,3.23046875,3083,GCGGAG,3.310546875,3083,GCGGAG,3.310546875,2923,GCAGAG,0.0038857993204146624,3083,GCGGAG,0.0032772694248706102,3390,GGGCGN,0.3540404140949249,False,False,True,-0.00039763376116752625,
17,49,5,attn,recovery,0.0,2.384185791015625e-07,2923,GCAGAG,3.23046875,3083,GCGGAG,3.310546875,3083,GCGGAG,3.310546875,2923,GCAGAG,0.003885813057422638,3083,GCGGAG,0.003277281066402793,3390,GGGCGN,0.3540416657924652,False,False,True,-0.00026345252990722656,
17,50,5,attn,recovery,0.0,-4.76837158203125e-06,2923,GCAGAG,3.23046875,3083,GCGGAG,3.310546875,3083,GCGGAG,3.310546875,2923,GCAGAG,0.003885783487930894,3083,GCGGAG,0.003277256153523922,3390,GGGCGN,0.3540389835834503,False,False,True,-0.0005069375038146973,
17,51,5,attn,recovery,0.0,2.384185791015625e-07,2923,GCAGAG,3.23046875,3083,GCGGAG,3.310546875,3083,GCGGAG,3.310546875,2923,GCAGAG,0.0038858135230839252,3083,GCGGAG,0.0032772815320640802,3390,GGGCGN,0.35404172539711,False,False,True,-0.0006714053452014923,
