Layer,Time_Offset,Target_Timestep,Component,Metric_Mode,Logit_Score,Posteriors_Score,Target_Transition_Prior,Target_String_Prior,Target_Logit,Wrong_Transition_Prior,Wrong_String_Prior,Wrong_Logit,Actual_Argmax_Prior,Actual_String_Prior,Actual_Argmax_Logit,Target_Transition_Post,Target_String_Post,Target_Prob,Wrong_Transition_Post,Wrong_String_Post,Wrong_Prob,Actual_Transition_Post,actual_String_Post,actual_Prob,Is_Target_Logit_Argmax,Is_Target_Prob_Argmax,Should_Decode,Global_MSE_Change,New_String
0,0,85,head_3,degradation,1.009765625,1.0031956434249878,0,AAAAAN,2.0,4067,TAGTCC,2.0546875,4067,TAGTCC,2.0546875,0,AAAAAN,0.00011730577534763142,4067,TAGTCC,6.64091885482776e-06,845,AGGGCN,0.08357890695333481,False,False,True,0.00015059486031532288,
0,1,85,head_3,degradation,0.99072265625,0.9910506010055542,0,AAAAAN,2.0,4067,TAGTCC,2.05078125,4067,TAGTCC,2.05078125,0,AAAAAN,0.00011663635086733848,4067,TAGTCC,6.614553967665415e-06,845,AGGGCN,0.08359026163816452,False,False,True,-4.6737492084503174e-05,
0,2,85,head_3,degradation,0.97216796875,0.9957548975944519,0,AAAAAN,2.0,4067,TAGTCC,2.046875,4067,TAGTCC,2.046875,0,AAAAAN,0.00011689119128277525,4067,TAGTCC,6.620306066906778e-06,845,AGGGCN,0.08341831713914871,False,False,True,-0.0005218349397182465,
0,3,85,head_3,degradation,0.99072265625,0.9953227639198303,0,AAAAAN,2.0,4067,TAGTCC,2.05078125,4067,TAGTCC,2.05078125,0,AAAAAN,0.00011688084487104788,4067,TAGTCC,6.632844815612771e-06,845,AGGGCN,0.0830984115600586,False,False,True,-0.00031546875834465027,
0,4,85,head_3,degradation,0.99072265625,0.9948689937591553,0,AAAAAN,2.0,4067,TAGTCC,2.05078125,4067,TAGTCC,2.05078125,0,AAAAAN,0.00011685751815093681,4067,TAGTCC,6.633543762291083e-06,845,AGGGCN,0.0829121321439743,False,False,True,0.0003009028732776642,
0,5,85,head_3,degradation,1.0,1.0055162906646729,0,AAAAAN,2.0,4067,TAGTCC,2.052734375,4067,TAGTCC,2.052734375,0,AAAAAN,0.00011744568473659456,4067,TAGTCC,6.657951416855212e-06,845,AGGGCN,0.0824517086148262,False,False,True,8.635222911834717e-05,
0,6,85,head_3,degradation,1.0,0.992805004119873,0,AAAAAN,2.0,4067,TAGTCC,2.052734375,4067,TAGTCC,2.052734375,0,AAAAAN,0.00011676934082061052,4067,TAGTCC,6.654652679571882e-06,845,AGGGCN,0.08302420377731323,False,False,True,0.0002688094973564148,
0,7,85,head_3,degradation,0.9814453125,1.0037851333618164,0,AAAAAN,2.0,4067,TAGTCC,2.048828125,4067,TAGTCC,2.048828125,0,AAAAAN,0.00011732064740499482,4067,TAGTCC,6.624579327763058e-06,845,AGGGCN,0.08229106664657593,False,False,True,0.00016794726252555847,
0,8,85,head_3,degradation,0.97216796875,1.0256719589233398,0,AAAAAN,2.0,4067,TAGTCC,2.046875,4067,TAGTCC,2.046875,0,AAAAAN,0.00011849087604787201,4067,TAGTCC,6.6359452830511145e-06,845,AGGGCN,0.08193836361169815,False,False,True,0.000296570360660553,
0,9,85,head_3,degradation,1.0,0.9818407893180847,0,AAAAAN,2.0,4067,TAGTCC,2.052734375,4067,TAGTCC,2.052734375,0,AAAAAN,0.00011618788266787305,4067,TAGTCC,6.653721811744617e-06,845,AGGGCN,0.08326629549264908,False,False,True,-4.540011286735535e-05,
0,10,85,head_3,degradation,0.9814453125,1.001704216003418,0,AAAAAN,2.0,4067,TAGTCC,2.048828125,4067,TAGTCC,2.048828125,0,AAAAAN,0.00011720196198439226,4067,TAGTCC,6.616072369070025e-06,845,AGGGCN,0.08313878625631332,False,False,True,-0.000280965119600296,
0,11,85,head_3,degradation,1.0,0.990304708480835,0,AAAAAN,2.0,4067,TAGTCC,2.052734375,4067,TAGTCC,2.052734375,0,AAAAAN,0.0001166197398561053,4067,TAGTCC,6.637436399614671e-06,845,AGGGCN,0.08284194767475128,False,False,True,0.0002482868731021881,
0,12,85,head_3,degradation,1.0,0.9877809286117554,0,AAAAAN,2.0,4067,TAGTCC,2.052734375,4067,TAGTCC,2.052734375,0,AAAAAN,0.00011650101805571467,4067,TAGTCC,6.652342108282028e-06,845,AGGGCN,0.08294723182916641,False,False,True,-0.0001815222203731537,
0,13,85,head_3,degradation,0.9814453125,1.0330448150634766,0,AAAAAN,2.0,4067,TAGTCC,2.048828125,4067,TAGTCC,2.048828125,0,AAAAAN,0.00011889515008078888,4067,TAGTCC,6.649835086136591e-06,845,AGGGCN,0.08204751461744308,False,False,True,0.0006904974579811096,
0,14,85,head_3,degradation,1.009765625,1.015450358390808,0,AAAAAN,2.0,4067,TAGTCC,2.0546875,4067,TAGTCC,2.0546875,0,AAAAAN,0.00011797197657870129,4067,TAGTCC,6.658260190306464e-06,845,AGGGCN,0.08190879970788956,False,False,True,0.00036782026290893555,
0,15,85,head_3,degradation,0.99072265625,1.0191594362258911,0,AAAAAN,2.0,4067,TAGTCC,2.05078125,4067,TAGTCC,2.05078125,0,AAAAAN,0.00011818096390925348,4067,TAGTCC,6.67085214445251e-06,845,AGGGCN,0.08221433311700821,False,False,True,1.675635576248169e-05,
0,16,85,head_3,degradation,1.0,0.9963569641113281,0,AAAAAN,2.0,4067,TAGTCC,2.052734375,4067,TAGTCC,2.052734375,0,AAAAAN,0.00011700158211169764,4067,TAGTCC,6.698824563500239e-06,845,AGGGCN,0.08201967179775238,False,False,True,9.416043758392334e-05,
0,17,85,head_3,degradation,0.97216796875,0.9785499572753906,0,AAAAAN,2.0,4067,TAGTCC,2.046875,4067,TAGTCC,2.046875,0,AAAAAN,0.00011594897659961134,4067,TAGTCC,6.58906583339558e-06,845,AGGGCN,0.08310520648956299,False,False,True,-0.00032427161931991577,
0,18,85,head_3,degradation,0.9814453125,0.994343101978302,0,AAAAAN,2.0,4067,TAGTCC,2.048828125,4067,TAGTCC,2.048828125,0,AAAAAN,0.00011680298484861851,4067,TAGTCC,6.60685645925696e-06,845,AGGGCN,0.08315718173980713,False,False,True,0.00020684301853179932,
0,19,85,head_3,degradation,0.9814453125,1.0131381750106812,0,AAAAAN,2.0,4067,TAGTCC,2.048828125,4067,TAGTCC,2.048828125,0,AAAAAN,0.00011782187357312068,4067,TAGTCC,6.630578809563303e-06,845,AGGGCN,0.08289019018411636,False,False,True,0.00026760995388031006,
0,20,85,head_3,degradation,0.94384765625,0.9815210103988647,0,AAAAAN,2.0,4067,TAGTCC,2.041015625,4067,TAGTCC,2.041015625,0,AAAAAN,0.00011607327178353444,4067,TAGTCC,6.556043899763608e-06,845,AGGGCN,0.08303451538085938,False,False,True,-0.0009299814701080322,
0,21,85,head_3,degradation,0.96240234375,0.9737465381622314,0,AAAAAN,2.0,4067,TAGTCC,2.044921875,4067,TAGTCC,2.044921875,0,AAAAAN,0.00011568253103177994,4067,TAGTCC,6.576952273462666e-06,845,AGGGCN,0.08376368135213852,False,False,True,-0.001410413533449173,
0,22,85,head_3,degradation,0.97216796875,0.9762075543403625,0,AAAAAN,2.0,4067,TAGTCC,2.046875,4067,TAGTCC,2.046875,0,AAAAAN,0.00011584028834477067,4067,TAGTCC,6.604397640330717e-06,845,AGGGCN,0.08339805901050568,False,False,True,-0.0004248581826686859,
0,23,85,head_3,degradation,1.0,0.9974638223648071,0,AAAAAN,2.0,4067,TAGTCC,2.052734375,4067,TAGTCC,2.052734375,0,AAAAAN,0.000117006384243723,4067,TAGTCC,6.645018856943352e-06,845,AGGGCN,0.08294180035591125,False,False,True,-1.2058764696121216e-05,
0,24,85,head_3,degradation,0.99072265625,1.0018984079360962,0,AAAAAN,2.0,4067,TAGTCC,2.05078125,4067,TAGTCC,2.05078125,0,AAAAAN,0.0001172490738099441,4067,TAGTCC,6.6528996285342146e-06,845,AGGGCN,0.08277969807386398,False,False,True,4.057586193084717e-05,
0,25,85,head_3,degradation,0.97216796875,0.993383526802063,0,AAAAAN,2.0,4067,TAGTCC,2.046875,4067,TAGTCC,2.046875,0,AAAAAN,0.00011675084533635527,4067,TAGTCC,6.605521321034757e-06,845,AGGGCN,0.08265462517738342,False,False,True,9.994953870773315e-06,
0,26,85,head_3,degradation,0.9814453125,0.9872882962226868,0,AAAAAN,2.0,4067,TAGTCC,2.048828125,4067,TAGTCC,2.048828125,0,AAAAAN,0.00011643821198958904,4067,TAGTCC,6.61561807646649e-06,845,AGGGCN,0.08303924649953842,False,False,True,-9.939447045326233e-05,
0,27,85,head_3,degradation,0.9814453125,0.9975411891937256,0,AAAAAN,2.0,4067,TAGTCC,2.048828125,4067,TAGTCC,2.048828125,0,AAAAAN,0.00011700172035489231,4067,TAGTCC,6.636255420744419e-06,845,AGGGCN,0.08283477276563644,False,False,True,-0.00027549266815185547,
0,28,85,head_3,degradation,0.9814453125,0.9979821443557739,0,AAAAAN,2.0,4067,TAGTCC,2.048828125,4067,TAGTCC,2.048828125,0,AAAAAN,0.00011700998584274203,4067,TAGTCC,6.621170541620813e-06,845,AGGGCN,0.0827724039554596,False,False,True,0.00013771280646324158,
0,29,85,head_3,degradation,0.953125,0.990616500377655,0,AAAAAN,2.0,4067,TAGTCC,2.04296875,4067,TAGTCC,2.04296875,0,AAAAAN,0.00011658790026558563,4067,TAGTCC,6.589083568542264e-06,845,AGGGCN,0.08226264268159866,False,False,True,-0.0003241635859012604,
0,30,85,head_3,degradation,1.009765625,0.9984424114227295,0,AAAAAN,2.0,4067,TAGTCC,2.0546875,4067,TAGTCC,2.0546875,0,AAAAAN,0.00011709641694324091,4067,TAGTCC,6.683237643301254e-06,845,AGGGCN,0.0821889340877533,False,False,True,0.00038873031735420227,
0,31,85,head_3,degradation,0.9814453125,0.9951434135437012,0,AAAAAN,2.0,4067,TAGTCC,2.048828125,4067,TAGTCC,2.048828125,0,AAAAAN,0.00011685153003782034,4067,TAGTCC,6.6130228333349805e-06,845,AGGGCN,0.08237573504447937,False,False,True,-0.00015343353152275085,
0,32,85,head_3,degradation,1.009765625,1.004176378250122,0,AAAAAN,2.0,4067,TAGTCC,2.0546875,4067,TAGTCC,2.0546875,0,AAAAAN,0.00011737069144146517,4067,TAGTCC,6.6539091676531825e-06,845,AGGGCN,0.0821554958820343,False,False,True,-5.8785080909729e-06,
0,33,85,head_3,degradation,1.0185546875,1.02410888671875,0,AAAAAN,2.0,4067,TAGTCC,2.056640625,4067,TAGTCC,2.056640625,0,AAAAAN,0.00011846408597193658,4067,TAGTCC,6.691906037303852e-06,845,AGGGCN,0.08258754014968872,False,False,True,0.0006148926913738251,
0,34,85,head_3,degradation,1.009765625,1.0184823274612427,0,AAAAAN,2.0,4067,TAGTCC,2.0546875,4067,TAGTCC,2.0546875,0,AAAAAN,0.00011814468598458916,4067,TAGTCC,6.670432867394993e-06,845,AGGGCN,0.08274275064468384,False,False,True,0.0004569217562675476,
0,35,85,head_3,degradation,0.9814453125,0.9893506169319153,0,AAAAAN,2.0,4067,TAGTCC,2.048828125,4067,TAGTCC,2.048828125,0,AAAAAN,0.00011658872972475365,4067,TAGTCC,6.656938694504788e-06,845,AGGGCN,0.08257007598876953,False,False,True,-4.0978193283081055e-05,
0,36,85,head_3,degradation,1.0,1.0007799863815308,0,AAAAAN,2.0,4067,TAGTCC,2.052734375,4067,TAGTCC,2.052734375,0,AAAAAN,0.0001171951080323197,4067,TAGTCC,6.658156053163111e-06,845,AGGGCN,0.08171027898788452,False,False,True,0.0005206800997257233,
0,37,85,head_3,degradation,1.0,1.0140960216522217,0,AAAAAN,2.0,4067,TAGTCC,2.052734375,4067,TAGTCC,2.052734375,0,AAAAAN,0.00011789255950134248,4067,TAGTCC,6.650541763519868e-06,845,AGGGCN,0.08236482739448547,False,False,True,-4.433467984199524e-05,
0,38,85,head_3,degradation,1.009765625,1.0294023752212524,0,AAAAAN,2.0,4067,TAGTCC,2.0546875,4067,TAGTCC,2.0546875,0,AAAAAN,0.00011874575284309685,4067,TAGTCC,6.693298473692266e-06,845,AGGGCN,0.08255434781312943,False,False,True,0.000201541930437088,
0,39,85,head_3,degradation,1.0,1.008772373199463,0,AAAAAN,2.0,4067,TAGTCC,2.052734375,4067,TAGTCC,2.052734375,0,AAAAAN,0.00011765563249355182,4067,TAGTCC,6.695494448649697e-06,845,AGGGCN,0.08231224864721298,False,False,True,0.0005319118499755859,
0,40,85,head_3,degradation,0.99072265625,0.9972608685493469,0,AAAAAN,2.0,4067,TAGTCC,2.05078125,4067,TAGTCC,2.05078125,0,AAAAAN,0.00011701240873662755,4067,TAGTCC,6.661783118033782e-06,845,AGGGCN,0.08263025432825089,False,False,True,9.766966104507446e-05,
0,41,85,head_3,degradation,0.97216796875,0.9983749389648438,0,AAAAAN,2.0,4067,TAGTCC,2.046875,4067,TAGTCC,2.046875,0,AAAAAN,0.00011704250937327743,4067,TAGTCC,6.632904387515737e-06,845,AGGGCN,0.08264646679162979,False,False,True,-0.00028631463646888733,
0,42,85,head_3,degradation,1.0,0.9924010038375854,0,AAAAAN,2.0,4067,TAGTCC,2.052734375,4067,TAGTCC,2.052734375,0,AAAAAN,0.00011674408597173169,4067,TAGTCC,6.650782324868487e-06,845,AGGGCN,0.08296065777540207,False,False,True,0.00014454126358032227,
0,43,85,head_3,degradation,0.9814453125,0.9867263436317444,0,AAAAAN,2.0,4067,TAGTCC,2.048828125,4067,TAGTCC,2.048828125,0,AAAAAN,0.00011643364996416494,4067,TAGTCC,6.640808805968845e-06,845,AGGGCN,0.0841199979186058,False,False,True,-0.0002698823809623718,
0,44,85,head_3,degradation,1.0,1.0052144527435303,0,AAAAAN,2.0,4067,TAGTCC,2.052734375,4067,TAGTCC,2.052734375,0,AAAAAN,0.0001174192875623703,4067,TAGTCC,6.647539066761965e-06,845,AGGGCN,0.08312281966209412,False,False,True,7.1745365858078e-05,
0,45,85,head_3,degradation,0.99072265625,0.9899593591690063,0,AAAAAN,2.0,4067,TAGTCC,2.05078125,4067,TAGTCC,2.05078125,0,AAAAAN,0.00011658237053779885,4067,TAGTCC,6.6183501985506155e-06,845,AGGGCN,0.08320298790931702,False,False,True,0.0001278705894947052,
0,46,85,head_3,degradation,1.0,1.0054996013641357,0,AAAAAN,2.0,4067,TAGTCC,2.052734375,4067,TAGTCC,2.052734375,0,AAAAAN,0.00011746261588996276,4067,TAGTCC,6.675772510789102e-06,845,AGGGCN,0.08301150798797607,False,False,True,0.00024059414863586426,
0,47,85,head_3,degradation,0.97216796875,1.0036331415176392,0,AAAAAN,2.0,4067,TAGTCC,2.046875,4067,TAGTCC,2.046875,0,AAAAAN,0.00011731811537174508,4067,TAGTCC,6.630090410908451e-06,845,AGGGCN,0.08350865542888641,False,False,True,6.8247318267822266e-06,
0,48,85,head_3,degradation,0.99072265625,1.0303865671157837,0,AAAAAN,2.0,4067,TAGTCC,2.05078125,4067,TAGTCC,2.05078125,0,AAAAAN,0.00011882523540407419,4067,TAGTCC,6.7206701714894734e-06,845,AGGGCN,0.08314834535121918,False,False,True,-0.0001087188720703125,
0,49,85,head_3,degradation,1.0,0.9916566014289856,0,AAAAAN,2.0,4067,TAGTCC,2.052734375,4067,TAGTCC,2.052734375,0,AAAAAN,0.00011671089305309579,4067,TAGTCC,6.657003723375965e-06,845,AGGGCN,0.08394800871610641,False,False,True,-1.990795135498047e-05,
0,50,85,head_3,degradation,0.9814453125,0.9750386476516724,0,AAAAAN,2.0,4067,TAGTCC,2.048828125,4067,TAGTCC,2.048828125,0,AAAAAN,0.00011576144606806338,4067,TAGTCC,6.587451025552582e-06,845,AGGGCN,0.08347874134778976,False,False,True,-0.00039416924118995667,
0,51,85,head_3,degradation,0.953125,0.9735044240951538,0,AAAAAN,2.0,4067,TAGTCC,2.04296875,4067,TAGTCC,2.04296875,0,AAAAAN,0.00011566703324206173,4067,TAGTCC,6.574269264092436e-06,845,AGGGCN,0.08366304636001587,False,False,True,-0.0007321573793888092,
1,0,85,head_3,degradation,1.0,0.9983153939247131,0,AAAAAN,2.0,4067,TAGTCC,2.052734375,4067,TAGTCC,2.052734375,0,AAAAAN,0.00011705225188052282,4067,TAGTCC,6.645797839155421e-06,845,AGGGCN,0.08295658975839615,False,False,True,-3.885477781295776e-06,
1,1,85,head_3,degradation,0.9814453125,1.0188019275665283,0,AAAAAN,2.0,4067,TAGTCC,2.048828125,4067,TAGTCC,2.048828125,0,AAAAAN,0.000118129319162108,4067,TAGTCC,6.638139893766493e-06,845,AGGGCN,0.08235665410757065,False,False,True,0.0001261383295059204,
1,2,85,head_3,degradation,0.99072265625,0.9895507097244263,0,AAAAAN,2.0,4067,TAGTCC,2.05078125,4067,TAGTCC,2.05078125,0,AAAAAN,0.00011657313007162884,4067,TAGTCC,6.630745247093728e-06,845,AGGGCN,0.0826573520898819,False,False,True,3.15345823764801e-05,
1,3,85,head_3,degradation,0.9814453125,1.014298915863037,0,AAAAAN,2.0,4067,TAGTCC,2.048828125,4067,TAGTCC,2.048828125,0,AAAAAN,0.00011790307326009497,4067,TAGTCC,6.650322575296741e-06,845,AGGGCN,0.08303089439868927,False,False,True,0.00013063102960586548,
1,4,85,head_3,degradation,0.953125,0.9905226230621338,0,AAAAAN,2.0,4067,TAGTCC,2.04296875,4067,TAGTCC,2.04296875,0,AAAAAN,0.00011658838047878817,4067,TAGTCC,6.594533260795288e-06,845,AGGGCN,0.083060123026371,False,False,True,-0.000492628663778305,
1,5,85,head_3,degradation,0.97216796875,0.9758467078208923,0,AAAAAN,2.0,4067,TAGTCC,2.046875,4067,TAGTCC,2.046875,0,AAAAAN,0.00011579936108319089,4067,TAGTCC,6.582581136171939e-06,845,AGGGCN,0.08274253457784653,False,False,True,-0.00010804086923599243,
1,6,85,head_3,degradation,0.97216796875,0.993807315826416,0,AAAAAN,2.0,4067,TAGTCC,2.046875,4067,TAGTCC,2.046875,0,AAAAAN,0.00011676865688059479,4067,TAGTCC,6.600892902497435e-06,845,AGGGCN,0.08246565610170364,False,False,True,-0.00023004040122032166,
1,7,85,head_3,degradation,0.9814453125,0.9926370978355408,0,AAAAAN,2.0,4067,TAGTCC,2.048828125,4067,TAGTCC,2.048828125,0,AAAAAN,0.00011676615395117551,4067,TAGTCC,6.6603538471099455e-06,845,AGGGCN,0.08220257610082626,False,False,True,2.907589077949524e-05,
1,8,85,head_3,degradation,0.99072265625,1.0094345808029175,0,AAAAAN,2.0,4067,TAGTCC,2.05078125,4067,TAGTCC,2.05078125,0,AAAAAN,0.00011763658403651789,4067,TAGTCC,6.641381332883611e-06,845,AGGGCN,0.08240699768066406,False,False,True,0.0004602782428264618,
1,9,85,head_3,degradation,0.99072265625,0.9786475300788879,0,AAAAAN,2.0,4067,TAGTCC,2.05078125,4067,TAGTCC,2.05078125,0,AAAAAN,0.00011596638796618208,4067,TAGTCC,6.601308996323496e-06,845,AGGGCN,0.08308471739292145,False,False,True,-0.0004873797297477722,
1,10,85,head_3,degradation,0.97216796875,0.973983883857727,0,AAAAAN,2.0,4067,TAGTCC,2.046875,4067,TAGTCC,2.046875,0,AAAAAN,0.00011573614756343886,4067,TAGTCC,6.618000043090433e-06,845,AGGGCN,0.0825863927602768,False,False,True,-0.0005649998784065247,
1,11,85,head_3,degradation,0.97216796875,1.0049511194229126,0,AAAAAN,2.0,4067,TAGTCC,2.046875,4067,TAGTCC,2.046875,0,AAAAAN,0.00011736748274415731,4067,TAGTCC,6.609674983337754e-06,845,AGGGCN,0.08311150968074799,False,False,True,-0.0002485327422618866,
1,12,85,head_3,degradation,0.97216796875,0.9783899784088135,0,AAAAAN,2.0,4067,TAGTCC,2.046875,4067,TAGTCC,2.046875,0,AAAAAN,0.0001159519306384027,4067,TAGTCC,6.600486813113093e-06,845,AGGGCN,0.0824630931019783,False,False,True,-0.0003277100622653961,
1,13,85,head_3,degradation,1.0185546875,1.0024399757385254,0,AAAAAN,2.0,4067,TAGTCC,2.056640625,4067,TAGTCC,2.056640625,0,AAAAAN,0.0001172590782516636,4067,TAGTCC,6.63423452351708e-06,845,AGGGCN,0.08266054093837738,False,False,True,4.846230149269104e-05,
1,14,85,head_3,degradation,0.99072265625,1.0163565874099731,0,AAAAAN,2.0,4067,TAGTCC,2.05078125,4067,TAGTCC,2.05078125,0,AAAAAN,0.00011802520020864904,4067,TAGTCC,6.6634938775678165e-06,845,AGGGCN,0.08261619508266449,False,False,True,3.885477781295776e-06,
1,15,85,head_3,degradation,0.97216796875,1.0031903982162476,0,AAAAAN,2.0,4067,TAGTCC,2.046875,4067,TAGTCC,2.046875,0,AAAAAN,0.00011728920071618631,4067,TAGTCC,6.6246225287613925e-06,845,AGGGCN,0.08228908479213715,False,False,True,-0.000533226877450943,
1,16,85,head_3,degradation,1.0,1.0210039615631104,0,AAAAAN,2.0,4067,TAGTCC,2.052734375,4067,TAGTCC,2.052734375,0,AAAAAN,0.00011829417053377256,4067,TAGTCC,6.68639540890581e-06,845,AGGGCN,0.08185477554798126,False,False,True,-0.00015604868531227112,
1,17,85,head_3,degradation,0.97216796875,1.0037769079208374,0,AAAAAN,2.0,4067,TAGTCC,2.046875,4067,TAGTCC,2.046875,0,AAAAAN,0.00011732832354027778,4067,TAGTCC,6.632687927776715e-06,845,AGGGCN,0.08209577202796936,False,False,True,-0.00031126663088798523,
1,18,85,head_3,degradation,1.0,1.0105544328689575,0,AAAAAN,2.0,4067,TAGTCC,2.052734375,4067,TAGTCC,2.052734375,0,AAAAAN,0.00011772349535021931,4067,TAGTCC,6.669002686976455e-06,845,AGGGCN,0.08258121460676193,False,False,True,0.00044933706521987915,
1,19,85,head_3,degradation,0.9814453125,0.9965834021568298,0,AAAAAN,2.0,4067,TAGTCC,2.048828125,4067,TAGTCC,2.048828125,0,AAAAAN,0.00011694239219650626,4067,TAGTCC,6.6276425059186295e-06,845,AGGGCN,0.08307116478681564,False,False,True,0.0004003867506980896,
1,20,85,head_3,degradation,0.99072265625,0.9770070314407349,0,AAAAAN,2.0,4067,TAGTCC,2.05078125,4067,TAGTCC,2.05078125,0,AAAAAN,0.00011591705697355792,4067,TAGTCC,6.6388411141815595e-06,845,AGGGCN,0.08317873626947403,False,False,True,0.0011428482830524445,
1,21,85,head_3,degradation,0.85986328125,0.9142172336578369,0,AAAAAN,2.0,4067,TAGTCC,2.0234375,4067,TAGTCC,2.0234375,0,AAAAAN,0.00011230854579480365,4067,TAGTCC,6.354931429086719e-06,845,AGGGCN,0.08685357123613358,False,False,True,-0.003203757107257843,
1,22,85,head_3,degradation,0.85986328125,0.960578978061676,0,AAAAAN,2.0,4067,TAGTCC,2.0234375,4067,TAGTCC,2.0234375,0,AAAAAN,0.00011487597657833248,4067,TAGTCC,6.467592356784735e-06,845,AGGGCN,0.08607969433069229,False,False,True,-0.0031515248119831085,
1,23,85,head_3,degradation,0.916015625,0.9760066270828247,0,AAAAAN,2.0,4067,TAGTCC,2.03515625,4067,TAGTCC,2.03515625,0,AAAAAN,0.0001157010265160352,4067,TAGTCC,6.475780082837446e-06,845,AGGGCN,0.08616780489683151,False,False,True,-0.003002755343914032,
1,24,85,head_3,degradation,0.9814453125,1.0740360021591187,0,AAAAAN,2.0,4067,TAGTCC,2.048828125,4067,TAGTCC,2.048828125,0,AAAAAN,0.00012116143625462428,4067,TAGTCC,6.745711743860738e-06,845,AGGGCN,0.08221487700939178,False,False,True,0.0010234415531158447,
1,25,85,head_3,degradation,1.0,1.0064842700958252,0,AAAAAN,2.0,4067,TAGTCC,2.052734375,4067,TAGTCC,2.052734375,0,AAAAAN,0.00011754059232771397,4067,TAGTCC,6.701606707792962e-06,845,AGGGCN,0.08328237384557724,False,False,True,0.0006564520299434662,
1,26,85,head_3,degradation,0.9814453125,1.001670241355896,0,AAAAAN,2.0,4067,TAGTCC,2.048828125,4067,TAGTCC,2.048828125,0,AAAAAN,0.0001172392803709954,4067,TAGTCC,6.655184279225068e-06,845,AGGGCN,0.08236458152532578,False,False,True,-0.00023153051733970642,
1,27,85,head_3,degradation,0.97216796875,0.9789229035377502,0,AAAAAN,2.0,4067,TAGTCC,2.046875,4067,TAGTCC,2.046875,0,AAAAAN,0.00011598846322158352,4067,TAGTCC,6.608804142160807e-06,845,AGGGCN,0.0834818184375763,False,False,True,-5.351752042770386e-05,
1,28,85,head_3,degradation,0.99072265625,0.9853684306144714,0,AAAAAN,2.0,4067,TAGTCC,2.05078125,4067,TAGTCC,2.05078125,0,AAAAAN,0.00011635375994956121,4067,TAGTCC,6.632820259255823e-06,845,AGGGCN,0.08271101862192154,False,False,True,-0.00028429925441741943,
1,29,85,head_3,degradation,0.9814453125,1.0130746364593506,0,AAAAAN,2.0,4067,TAGTCC,2.048828125,4067,TAGTCC,2.048828125,0,AAAAAN,0.0001177777667180635,4067,TAGTCC,6.589837539650034e-06,845,AGGGCN,0.08300594985485077,False,False,True,0.0002588406205177307,
1,30,85,head_3,degradation,0.99072265625,0.9909534454345703,0,AAAAAN,2.0,4067,TAGTCC,2.05078125,4067,TAGTCC,2.05078125,0,AAAAAN,0.0001166208676295355,4067,TAGTCC,6.604212103411555e-06,845,AGGGCN,0.08296418935060501,False,False,True,0.00019825249910354614,
1,31,85,head_3,degradation,0.9814453125,0.980230987071991,0,AAAAAN,2.0,4067,TAGTCC,2.048828125,4067,TAGTCC,2.048828125,0,AAAAAN,0.00011607623309828341,4067,TAGTCC,6.6273141783312894e-06,845,AGGGCN,0.08235523849725723,False,False,True,-0.00027219951152801514,
1,32,85,head_3,degradation,1.0,0.9914693236351013,0,AAAAAN,2.0,4067,TAGTCC,2.052734375,4067,TAGTCC,2.052734375,0,AAAAAN,0.00011665131023619324,4067,TAGTCC,6.607342584175058e-06,845,AGGGCN,0.08368267118930817,False,False,True,-0.0004212707281112671,
1,33,85,head_3,degradation,0.9814453125,0.9730178117752075,0,AAAAAN,2.0,4067,TAGTCC,2.048828125,4067,TAGTCC,2.048828125,0,AAAAAN,0.00011564991291379556,4067,TAGTCC,6.582918103958946e-06,845,AGGGCN,0.08281498402357101,False,False,True,-0.000797666609287262,
1,34,85,head_3,degradation,0.99072265625,1.0094902515411377,0,AAAAAN,2.0,4067,TAGTCC,2.05078125,4067,TAGTCC,2.05078125,0,AAAAAN,0.00011762812937377021,4067,TAGTCC,6.629986728512449e-06,845,AGGGCN,0.08235330134630203,False,False,True,0.00013083219528198242,
1,35,85,head_3,degradation,0.9814453125,1.0101715326309204,0,AAAAAN,2.0,4067,TAGTCC,2.048828125,4067,TAGTCC,2.048828125,0,AAAAAN,0.00011764626106014475,4067,TAGTCC,6.612041033804417e-06,845,AGGGCN,0.08263035118579865,False,False,True,-4.6778470277786255e-05,
1,36,85,head_3,degradation,1.0,0.985561192035675,0,AAAAAN,2.0,4067,TAGTCC,2.052734375,4067,TAGTCC,2.052734375,0,AAAAAN,0.00011640501179499552,4067,TAGTCC,6.673861662420677e-06,845,AGGGCN,0.08275251090526581,False,False,True,0.00019712001085281372,
1,37,85,head_3,degradation,0.9814453125,0.9845272898674011,0,AAAAAN,2.0,4067,TAGTCC,2.048828125,4067,TAGTCC,2.048828125,0,AAAAAN,0.00011629176879068837,4067,TAGTCC,6.615368420170853e-06,845,AGGGCN,0.08293986320495605,False,False,True,-0.0003041587769985199,
1,38,85,head_3,degradation,0.953125,0.9858522415161133,0,AAAAAN,2.0,4067,TAGTCC,2.04296875,4067,TAGTCC,2.04296875,0,AAAAAN,0.00011632947280304506,4067,TAGTCC,6.582918103958946e-06,845,AGGGCN,0.08278971165418625,False,False,True,-0.0002207644283771515,
1,39,85,head_3,degradation,0.9814453125,1.0169188976287842,0,AAAAAN,2.0,4067,TAGTCC,2.048828125,4067,TAGTCC,2.048828125,0,AAAAAN,0.00011801790969911963,4067,TAGTCC,6.626434696954675e-06,845,AGGGCN,0.08238450437784195,False,False,True,0.00032434239983558655,
1,40,85,head_3,degradation,1.0,0.9962857365608215,0,AAAAAN,2.0,4067,TAGTCC,2.052734375,4067,TAGTCC,2.052734375,0,AAAAAN,0.00011691584950312972,4067,TAGTCC,6.616859081987059e-06,845,AGGGCN,0.08200209587812424,False,False,True,0.00024062395095825195,
1,41,85,head_3,degradation,1.0283203125,1.003901720046997,0,AAAAAN,2.0,4067,TAGTCC,2.05859375,4067,TAGTCC,2.05859375,0,AAAAAN,0.00011737615568563342,4067,TAGTCC,6.6739157773554325e-06,845,AGGGCN,0.08207161724567413,False,False,True,0.0004079267382621765,
1,42,85,head_3,degradation,1.0283203125,0.9967506527900696,0,AAAAAN,2.0,4067,TAGTCC,2.05859375,4067,TAGTCC,2.05859375,0,AAAAAN,0.00011697472655214369,4067,TAGTCC,6.651123385381652e-06,845,AGGGCN,0.08216868340969086,False,False,True,0.0002919435501098633,
1,43,85,head_3,degradation,1.009765625,1.0092500448226929,0,AAAAAN,2.0,4067,TAGTCC,2.0546875,4067,TAGTCC,2.0546875,0,AAAAAN,0.00011767120304284617,4067,TAGTCC,6.685776497761253e-06,845,AGGGCN,0.0824538916349411,False,False,True,0.00026490166783332825,
1,44,85,head_3,degradation,0.99072265625,1.0394800901412964,0,AAAAAN,2.0,4067,TAGTCC,2.05078125,4067,TAGTCC,2.05078125,0,AAAAAN,0.00011920565884793177,4067,TAGTCC,6.619604846491711e-06,845,AGGGCN,0.08286398649215698,False,False,True,0.0004266798496246338,
1,45,85,head_3,degradation,0.9345703125,0.9910657405853271,0,AAAAAN,2.0,4067,TAGTCC,2.0390625,4067,TAGTCC,2.0390625,0,AAAAAN,0.00011659970914479345,4067,TAGTCC,6.5771114350354765e-06,845,AGGGCN,0.08282013237476349,False,False,True,-0.00046820566058158875,
1,46,85,head_3,degradation,1.0,0.9888643026351929,0,AAAAAN,2.0,4067,TAGTCC,2.052734375,4067,TAGTCC,2.052734375,0,AAAAAN,0.00011653566616587341,4067,TAGTCC,6.629627023357898e-06,845,AGGGCN,0.08352065086364746,False,False,True,0.00015059486031532288,
1,47,85,head_3,degradation,1.0,1.005381464958191,0,AAAAAN,2.0,4067,TAGTCC,2.052734375,4067,TAGTCC,2.052734375,0,AAAAAN,0.000117476076411549,4067,TAGTCC,6.6954844442079775e-06,845,AGGGCN,0.08307424932718277,False,False,True,-0.00027248263359069824,
1,48,85,head_3,degradation,0.99072265625,0.9953144788742065,0,AAAAAN,2.0,4067,TAGTCC,2.05078125,4067,TAGTCC,2.05078125,0,AAAAAN,0.00011687610094668344,4067,TAGTCC,6.62853517496842e-06,845,AGGGCN,0.08239054679870605,False,False,True,0.00018217414617538452,
1,49,85,head_3,degradation,0.99072265625,1.006513237953186,0,AAAAAN,2.0,4067,TAGTCC,2.05078125,4067,TAGTCC,2.05078125,0,AAAAAN,0.00011751499550882727,4067,TAGTCC,6.674473297607619e-06,845,AGGGCN,0.0821436271071434,False,False,True,0.0003932453691959381,
1,50,85,head_3,degradation,1.0,0.9857329726219177,0,AAAAAN,2.0,4067,TAGTCC,2.052734375,4067,TAGTCC,2.052734375,0,AAAAAN,0.0001163680135505274,4067,TAGTCC,6.627772563660983e-06,845,AGGGCN,0.0829891785979271,False,False,True,0.00021128356456756592,
1,51,85,head_3,degradation,0.99072265625,0.9831936359405518,0,AAAAAN,2.0,4067,TAGTCC,2.05078125,4067,TAGTCC,2.05078125,0,AAAAAN,0.00011622245801845565,4067,TAGTCC,6.6166717260784935e-06,845,AGGGCN,0.08309812098741531,False,False,True,0.0001574493944644928,
2,0,85,head_3,degradation,0.97216796875,0.9613664150238037,0,AAAAAN,2.0,4067,TAGTCC,2.046875,4067,TAGTCC,2.046875,0,AAAAAN,0.0001150027965195477,4067,TAGTCC,6.552721970365383e-06,845,AGGGCN,0.08334517478942871,False,False,True,-0.0004220530390739441,
2,1,85,head_3,degradation,0.99072265625,0.9332016110420227,0,AAAAAN,2.0,4067,TAGTCC,2.05078125,4067,TAGTCC,2.05078125,0,AAAAAN,0.00011351391731295735,4067,TAGTCC,6.55511121294694e-06,845,AGGGCN,0.08432237803936005,False,False,True,-0.0006981752812862396,
2,2,85,head_3,degradation,0.9814453125,0.9620089530944824,0,AAAAAN,2.0,4067,TAGTCC,2.048828125,4067,TAGTCC,2.048828125,0,AAAAAN,0.00011504840949783102,4067,TAGTCC,6.564312570844777e-06,845,AGGGCN,0.08195291459560394,False,False,True,-0.0003288388252258301,
2,3,85,head_3,degradation,0.953125,0.9483156800270081,0,AAAAAN,2.0,4067,TAGTCC,2.04296875,4067,TAGTCC,2.04296875,0,AAAAAN,0.00011431676830397919,4067,TAGTCC,6.5577014538575895e-06,845,AGGGCN,0.08312653750181198,False,False,True,-0.0010339953005313873,
2,4,85,head_3,degradation,0.97216796875,0.9853972792625427,0,AAAAAN,2.0,4067,TAGTCC,2.046875,4067,TAGTCC,2.046875,0,AAAAAN,0.00011634852853603661,4067,TAGTCC,6.626059075642843e-06,845,AGGGCN,0.08517921715974808,False,False,True,-0.0012108534574508667,
2,5,85,head_3,degradation,0.94384765625,0.9706034064292908,0,AAAAAN,2.0,4067,TAGTCC,2.041015625,4067,TAGTCC,2.041015625,0,AAAAAN,0.00011553266813280061,4067,TAGTCC,6.593510079255793e-06,845,AGGGCN,0.0852140337228775,False,False,True,-0.0016489438712596893,
2,6,85,head_3,degradation,1.0185546875,1.007003664970398,0,AAAAAN,2.0,4067,TAGTCC,2.056640625,4067,TAGTCC,2.056640625,0,AAAAAN,0.00011755439481930807,4067,TAGTCC,6.687906989100156e-06,845,AGGGCN,0.08365899324417114,False,False,True,0.0006101690232753754,
2,7,85,head_3,degradation,0.9814453125,1.010310411453247,0,AAAAAN,2.0,4067,TAGTCC,2.048828125,4067,TAGTCC,2.048828125,0,AAAAAN,0.00011770678247557953,4067,TAGTCC,6.665212822554167e-06,845,AGGGCN,0.08170969784259796,False,False,True,0.0013280026614665985,
2,8,85,head_3,degradation,1.009765625,0.9632216691970825,0,AAAAAN,2.0,4067,TAGTCC,2.0546875,4067,TAGTCC,2.0546875,0,AAAAAN,0.00011516400991240516,4067,TAGTCC,6.615701295231702e-06,845,AGGGCN,0.08354612439870834,False,False,True,0.00021513551473617554,
2,9,85,head_3,degradation,0.97216796875,0.9371455907821655,0,AAAAAN,2.0,4067,TAGTCC,2.046875,4067,TAGTCC,2.046875,0,AAAAAN,0.00011372915469110012,4067,TAGTCC,6.561523150594439e-06,845,AGGGCN,0.08465003967285156,False,False,True,-0.0016074702143669128,
2,10,85,head_3,degradation,0.953125,0.9163466095924377,0,AAAAAN,2.0,4067,TAGTCC,2.04296875,4067,TAGTCC,2.04296875,0,AAAAAN,0.00011259361781412736,4067,TAGTCC,6.527254299726337e-06,845,AGGGCN,0.08418671041727066,False,False,True,-0.002042371779680252,
2,11,85,head_3,degradation,0.94384765625,0.9459548592567444,0,AAAAAN,2.0,4067,TAGTCC,2.041015625,4067,TAGTCC,2.041015625,0,AAAAAN,0.00011417338100727648,4067,TAGTCC,6.539317837450653e-06,845,AGGGCN,0.08435026556253433,False,False,True,-0.0014625228941440582,
2,12,85,head_3,degradation,0.953125,0.9326081275939941,0,AAAAAN,2.0,4067,TAGTCC,2.04296875,4067,TAGTCC,2.04296875,0,AAAAAN,0.00011349988199071959,4067,TAGTCC,6.572502570634242e-06,845,AGGGCN,0.08367882668972015,False,False,True,-0.0013622790575027466,
2,13,85,head_3,degradation,0.953125,0.9567919373512268,0,AAAAAN,2.0,4067,TAGTCC,2.04296875,4067,TAGTCC,2.04296875,0,AAAAAN,0.00011478347732918337,4067,TAGTCC,6.575613952009007e-06,845,AGGGCN,0.0846175029873848,False,False,True,-0.001047533005475998,
2,14,85,head_3,degradation,0.953125,1.0064725875854492,0,AAAAAN,2.0,4067,TAGTCC,2.04296875,4067,TAGTCC,2.04296875,0,AAAAAN,0.00011747123062377796,4067,TAGTCC,6.632867552980315e-06,845,AGGGCN,0.08315959572792053,False,False,True,6.223469972610474e-05,
2,15,85,head_3,degradation,0.97216796875,0.9877633452415466,0,AAAAAN,2.0,4067,TAGTCC,2.046875,4067,TAGTCC,2.046875,0,AAAAAN,0.00011649702355498448,4067,TAGTCC,6.649278475379106e-06,845,AGGGCN,0.08309894800186157,False,False,True,0.0005208700895309448,
2,16,85,head_3,degradation,0.96240234375,0.9339048862457275,0,AAAAAN,2.0,4067,TAGTCC,2.044921875,4067,TAGTCC,2.044921875,0,AAAAAN,0.00011355130845913664,4067,TAGTCC,6.5552703745197505e-06,845,AGGGCN,0.08346164971590042,False,False,True,-0.0006373897194862366,
2,17,85,head_3,degradation,0.97216796875,0.9053264856338501,0,AAAAAN,2.0,4067,TAGTCC,2.046875,4067,TAGTCC,2.046875,0,AAAAAN,0.00011203037138329819,4067,TAGTCC,6.547502380271908e-06,845,AGGGCN,0.08492379635572433,False,False,True,-0.0011131428182125092,
2,18,85,head_3,degradation,0.97216796875,0.9077157974243164,0,AAAAAN,2.0,4067,TAGTCC,2.046875,4067,TAGTCC,2.046875,0,AAAAAN,0.00011212960816919804,4067,TAGTCC,6.520230272144545e-06,845,AGGGCN,0.08409084379673004,False,False,True,-0.0011421442031860352,
2,19,85,head_3,degradation,0.96240234375,0.9441239237785339,0,AAAAAN,2.0,4067,TAGTCC,2.044921875,4067,TAGTCC,2.044921875,0,AAAAAN,0.00011408620048314333,4067,TAGTCC,6.5490821725688875e-06,845,AGGGCN,0.0834769457578659,False,False,True,-0.0006484389305114746,
2,20,85,head_3,degradation,1.0,0.9453414082527161,0,AAAAAN,2.0,4067,TAGTCC,2.052734375,4067,TAGTCC,2.052734375,0,AAAAAN,0.00011420520604588091,4067,TAGTCC,6.603621386602754e-06,845,AGGGCN,0.08281763643026352,False,False,True,-0.00022045522928237915,
2,21,85,head_3,degradation,0.97216796875,0.9482933878898621,0,AAAAAN,2.0,4067,TAGTCC,2.046875,4067,TAGTCC,2.046875,0,AAAAAN,0.00011437600187491626,4067,TAGTCC,6.618119186896365e-06,845,AGGGCN,0.08282514661550522,False,False,True,-0.0003473907709121704,
2,22,85,head_3,degradation,0.94384765625,0.9236924052238464,0,AAAAAN,2.0,4067,TAGTCC,2.041015625,4067,TAGTCC,2.041015625,0,AAAAAN,0.00011299756442895159,4067,TAGTCC,6.542259598063538e-06,845,AGGGCN,0.08286219090223312,False,False,True,-0.0006239078938961029,
2,23,85,head_3,degradation,0.97216796875,0.9541899561882019,0,AAAAAN,2.0,4067,TAGTCC,2.046875,4067,TAGTCC,2.046875,0,AAAAAN,0.0001146686336142011,4067,TAGTCC,6.598533673241036e-06,845,AGGGCN,0.08285228163003922,False,False,True,-4.4893473386764526e-05,
2,24,85,head_3,degradation,0.97216796875,0.9576138257980347,0,AAAAAN,2.0,4067,TAGTCC,2.046875,4067,TAGTCC,2.046875,0,AAAAAN,0.00011484560673125088,4067,TAGTCC,6.594219939870527e-06,845,AGGGCN,0.08265917748212814,False,False,True,-0.0001820400357246399,
2,25,85,head_3,degradation,0.97216796875,0.9834785461425781,0,AAAAAN,2.0,4067,TAGTCC,2.046875,4067,TAGTCC,2.046875,0,AAAAAN,0.00011621199519140646,4067,TAGTCC,6.591124929400394e-06,845,AGGGCN,0.08302726596593857,False,False,True,0.00021899119019508362,
2,26,85,head_3,degradation,0.96240234375,0.9740169644355774,0,AAAAAN,2.0,4067,TAGTCC,2.044921875,4067,TAGTCC,2.044921875,0,AAAAAN,0.00011567628826014698,4067,TAGTCC,6.55638859825558e-06,845,AGGGCN,0.08361613750457764,False,False,True,-0.0009356476366519928,
2,27,85,head_3,degradation,0.99072265625,0.9629127383232117,0,AAAAAN,2.0,4067,TAGTCC,2.05078125,4067,TAGTCC,2.05078125,0,AAAAAN,0.00011510276817716658,4067,TAGTCC,6.570813184225699e-06,845,AGGGCN,0.0843726173043251,False,False,True,-0.0011763274669647217,
2,28,85,head_3,degradation,0.97216796875,0.9319273233413696,0,AAAAAN,2.0,4067,TAGTCC,2.046875,4067,TAGTCC,2.046875,0,AAAAAN,0.00011343998630763963,4067,TAGTCC,6.5486533458170015e-06,845,AGGGCN,0.0832577645778656,False,False,True,-0.001736752688884735,
2,29,85,head_3,degradation,0.99072265625,0.9691844582557678,0,AAAAAN,2.0,4067,TAGTCC,2.05078125,4067,TAGTCC,2.05078125,0,AAAAAN,0.00011549980263225734,4067,TAGTCC,6.635771569563076e-06,845,AGGGCN,0.08249825239181519,False,False,True,-0.0004917755722999573,
2,30,85,head_3,degradation,0.9814453125,0.9779651165008545,0,AAAAAN,2.0,4067,TAGTCC,2.048828125,4067,TAGTCC,2.048828125,0,AAAAAN,0.00011592508963076398,4067,TAGTCC,6.596146704396233e-06,845,AGGGCN,0.08311090618371964,False,False,True,-7.449835538864136e-05,
2,31,85,head_3,degradation,0.9814453125,0.9833031892776489,0,AAAAAN,2.0,4067,TAGTCC,2.048828125,4067,TAGTCC,2.048828125,0,AAAAAN,0.00011621259909588844,4067,TAGTCC,6.601007953577209e-06,845,AGGGCN,0.082835353910923,False,False,True,-5.841255187988281e-06,
2,32,85,head_3,degradation,0.9814453125,0.9857977032661438,0,AAAAAN,2.0,4067,TAGTCC,2.048828125,4067,TAGTCC,2.048828125,0,AAAAAN,0.00011631155211944133,4067,TAGTCC,6.567881428054534e-06,845,AGGGCN,0.08233103156089783,False,False,True,-0.00015048310160636902,
2,33,85,head_3,degradation,0.99072265625,0.9808658361434937,0,AAAAAN,2.0,4067,TAGTCC,2.05078125,4067,TAGTCC,2.05078125,0,AAAAAN,0.00011604264727793634,4067,TAGTCC,6.560110705322586e-06,845,AGGGCN,0.08265616744756699,False,False,True,0.0002612359821796417,
2,34,85,head_3,degradation,1.009765625,1.0086255073547363,0,AAAAAN,2.0,4067,TAGTCC,2.0546875,4067,TAGTCC,2.0546875,0,AAAAAN,0.00011746302334358916,4067,TAGTCC,6.510661933134543e-06,845,AGGGCN,0.08513351529836655,False,False,True,0.0009386353194713593,
2,35,85,head_3,degradation,1.009765625,1.013082504272461,0,AAAAAN,2.0,4067,TAGTCC,2.0546875,4067,TAGTCC,2.0546875,0,AAAAAN,0.00011771872959798202,4067,TAGTCC,6.530382961500436e-06,845,AGGGCN,0.08444073796272278,False,False,True,0.0006329715251922607,
2,36,85,head_3,degradation,1.009765625,1.0174304246902466,0,AAAAAN,2.0,4067,TAGTCC,2.0546875,4067,TAGTCC,2.0546875,0,AAAAAN,0.00011798592458944768,4067,TAGTCC,6.567359378095716e-06,845,AGGGCN,0.08444666117429733,False,False,True,0.0007771514356136322,
2,37,85,head_3,degradation,0.9814453125,1.0461994409561157,0,AAAAAN,2.0,4067,TAGTCC,2.048828125,4067,TAGTCC,2.048828125,0,AAAAAN,0.0001195054646814242,4067,TAGTCC,6.563630904565798e-06,845,AGGGCN,0.08321196585893631,False,False,True,0.001036517322063446,
2,38,85,head_3,degradation,0.94384765625,1.0724793672561646,0,AAAAAN,2.0,4067,TAGTCC,2.041015625,4067,TAGTCC,2.041015625,0,AAAAAN,0.0001208898174809292,4067,TAGTCC,6.556520929734688e-06,845,AGGGCN,0.0837046280503273,False,False,True,0.0007988475263118744,
2,39,85,head_3,degradation,0.916015625,1.0811920166015625,0,AAAAAN,2.0,4067,TAGTCC,2.03515625,4067,TAGTCC,2.03515625,0,AAAAAN,0.00012130020331824198,4067,TAGTCC,6.505587407446001e-06,845,AGGGCN,0.08414016664028168,False,False,True,0.0011000968515872955,
2,40,85,head_3,degradation,0.97216796875,1.045742154121399,0,AAAAAN,2.0,4067,TAGTCC,2.046875,4067,TAGTCC,2.046875,0,AAAAAN,0.00011952783825108781,4067,TAGTCC,6.610222499148222e-06,845,AGGGCN,0.08264793455600739,False,False,True,0.00099872425198555,
2,41,85,head_3,degradation,0.9345703125,1.0152475833892822,0,AAAAAN,2.0,4067,TAGTCC,2.0390625,4067,TAGTCC,2.0390625,0,AAAAAN,0.00011778174666687846,4067,TAGTCC,6.4787609517225064e-06,845,AGGGCN,0.0815972238779068,False,False,True,0.0007005482912063599,
2,42,85,head_3,degradation,0.8876953125,0.9899082779884338,0,AAAAAN,2.0,4067,TAGTCC,2.029296875,4067,TAGTCC,2.029296875,0,AAAAAN,0.00011641369928838685,4067,TAGTCC,6.452387879107846e-06,845,AGGGCN,0.08212718367576599,False,False,True,-0.0002275519073009491,
2,43,85,head_3,degradation,0.916015625,1.0015279054641724,0,AAAAAN,2.0,4067,TAGTCC,2.03515625,4067,TAGTCC,2.03515625,0,AAAAAN,0.00011713571439031512,4067,TAGTCC,6.55915846436983e-06,845,AGGGCN,0.0835188776254654,False,False,True,-0.00032189488410949707,
2,44,85,head_3,degradation,1.0,1.0179455280303955,0,AAAAAN,2.0,4067,TAGTCC,2.052734375,4067,TAGTCC,2.052734375,0,AAAAAN,0.00011806374095613137,4067,TAGTCC,6.617903636652045e-06,845,AGGGCN,0.083517886698246,False,False,True,0.0006022267043590546,
2,45,85,head_3,degradation,0.9814453125,0.9926661849021912,0,AAAAAN,2.0,4067,TAGTCC,2.048828125,4067,TAGTCC,2.048828125,0,AAAAAN,0.00011678568262141198,4067,TAGTCC,6.6783363763534e-06,845,AGGGCN,0.08289403468370438,False,False,True,0.0005561262369155884,
2,46,85,head_3,degradation,0.9345703125,0.9686057567596436,0,AAAAAN,2.0,4067,TAGTCC,2.0390625,4067,TAGTCC,2.0390625,0,AAAAAN,0.00011551184434210882,4067,TAGTCC,6.678456429654034e-06,845,AGGGCN,0.08430121839046478,False,False,True,-0.0010172203183174133,
2,47,85,head_3,degradation,0.87841796875,0.9284959435462952,0,AAAAAN,2.0,4067,TAGTCC,2.02734375,4067,TAGTCC,2.02734375,0,AAAAAN,0.00011332653957651928,4067,TAGTCC,6.616894097533077e-06,845,AGGGCN,0.08185001462697983,False,False,True,-0.0016436167061328888,
2,48,85,head_3,degradation,0.9345703125,0.9554804563522339,0,AAAAAN,2.0,4067,TAGTCC,2.0390625,4067,TAGTCC,2.0390625,0,AAAAAN,0.00011480764806037769,4067,TAGTCC,6.669223694188986e-06,845,AGGGCN,0.08134083449840546,False,False,True,-0.0012482479214668274,
2,49,85,head_3,degradation,0.96240234375,0.9989107251167297,0,AAAAAN,2.0,4067,TAGTCC,2.044921875,4067,TAGTCC,2.044921875,0,AAAAAN,0.00011718741006916389,4067,TAGTCC,6.7494361246644985e-06,845,AGGGCN,0.08221516013145447,False,False,True,-0.0007370822131633759,
2,50,85,head_3,degradation,1.0,0.9892035722732544,0,AAAAAN,2.0,4067,TAGTCC,2.052734375,4067,TAGTCC,2.052734375,0,AAAAAN,0.00011667670332826674,4067,TAGTCC,6.752700755896512e-06,845,AGGGCN,0.08217720687389374,False,False,True,-0.0007864274084568024,
2,51,85,head_3,degradation,0.953125,1.0155396461486816,0,AAAAAN,2.0,4067,TAGTCC,2.04296875,4067,TAGTCC,2.04296875,0,AAAAAN,0.00011796388571383432,4067,TAGTCC,6.645440407737624e-06,845,AGGGCN,0.08268674463033676,False,False,True,-0.0003967694938182831,
3,0,85,head_3,degradation,0.953125,1.0023736953735352,0,AAAAAN,2.0,4067,TAGTCC,2.04296875,4067,TAGTCC,2.04296875,0,AAAAAN,0.00011726050433935598,4067,TAGTCC,6.639168987021549e-06,845,AGGGCN,0.08299267292022705,False,False,True,-0.0008528232574462891,
3,1,85,head_3,degradation,0.94384765625,0.9930807948112488,0,AAAAAN,2.0,4067,TAGTCC,2.041015625,4067,TAGTCC,2.041015625,0,AAAAAN,0.00011678870214382187,4067,TAGTCC,6.659405698883347e-06,845,AGGGCN,0.08176305890083313,False,False,True,-0.001001596450805664,
3,2,85,head_3,degradation,0.96240234375,0.9853692650794983,0,AAAAAN,2.0,4067,TAGTCC,2.044921875,4067,TAGTCC,2.044921875,0,AAAAAN,0.0001163780689239502,4067,TAGTCC,6.657087396888528e-06,845,AGGGCN,0.08036430180072784,False,False,True,0.0004895031452178955,
3,3,85,head_3,degradation,0.953125,0.9695584774017334,0,AAAAAN,2.0,4067,TAGTCC,2.04296875,4067,TAGTCC,2.04296875,0,AAAAAN,0.00011551781062735245,4067,TAGTCC,6.633974408032373e-06,845,AGGGCN,0.08090533316135406,False,False,True,3.0957162380218506e-06,
3,4,85,head_3,degradation,0.9345703125,1.0019893646240234,0,AAAAAN,2.0,4067,TAGTCC,2.0390625,4067,TAGTCC,2.0390625,0,AAAAAN,0.0001172455886262469,4067,TAGTCC,6.644599125138484e-06,845,AGGGCN,0.07998353987932205,False,False,True,0.0003282204270362854,
3,5,85,head_3,degradation,0.96240234375,1.0198792219161987,0,AAAAAN,2.0,4067,TAGTCC,2.044921875,4067,TAGTCC,2.044921875,0,AAAAAN,0.00011820177314803004,4067,TAGTCC,6.653549917245982e-06,845,AGGGCN,0.08177336305379868,False,False,True,0.00013444572687149048,
3,6,85,head_3,degradation,0.96240234375,0.9673815369606018,0,AAAAAN,2.0,4067,TAGTCC,2.044921875,4067,TAGTCC,2.044921875,0,AAAAAN,0.00011541676940396428,4067,TAGTCC,6.6482057263783645e-06,845,AGGGCN,0.08257994800806046,False,False,True,-0.00039814040064811707,
3,7,85,head_3,degradation,0.953125,0.9757485389709473,0,AAAAAN,2.0,4067,TAGTCC,2.04296875,4067,TAGTCC,2.04296875,0,AAAAAN,0.0001158562590717338,4067,TAGTCC,6.644671429967275e-06,845,AGGGCN,0.08270996809005737,False,False,True,-0.00036684051156044006,
3,8,85,head_3,degradation,0.94384765625,0.9435713291168213,0,AAAAAN,2.0,4067,TAGTCC,2.041015625,4067,TAGTCC,2.041015625,0,AAAAAN,0.00011412218736950308,4067,TAGTCC,6.6143288677267265e-06,845,AGGGCN,0.08249014616012573,False,False,True,-0.0010931901633739471,
3,9,85,head_3,degradation,0.953125,0.9759846329689026,0,AAAAAN,2.0,4067,TAGTCC,2.04296875,4067,TAGTCC,2.04296875,0,AAAAAN,0.00011577105760807171,4067,TAGTCC,6.546973054355476e-06,845,AGGGCN,0.0832998976111412,False,False,True,-0.0007361769676208496,
3,10,85,head_3,degradation,0.96240234375,0.9650521874427795,0,AAAAAN,2.0,4067,TAGTCC,2.044921875,4067,TAGTCC,2.044921875,0,AAAAAN,0.00011523161083459854,4067,TAGTCC,6.586380095541244e-06,845,AGGGCN,0.08283837139606476,False,False,True,-0.0010948404669761658,
3,11,85,head_3,degradation,0.96240234375,0.9895139932632446,0,AAAAAN,2.0,4067,TAGTCC,2.044921875,4067,TAGTCC,2.044921875,0,AAAAAN,0.0001165569483418949,4067,TAGTCC,6.61650574329542e-06,845,AGGGCN,0.0837145447731018,False,False,True,-0.0008678287267684937,
3,12,85,head_3,degradation,0.99072265625,0.9875783324241638,0,AAAAAN,2.0,4067,TAGTCC,2.05078125,4067,TAGTCC,2.05078125,0,AAAAAN,0.00011648642248474061,4067,TAGTCC,6.648471298831282e-06,845,AGGGCN,0.08334025740623474,False,False,True,3.293156623840332e-06,
3,13,85,head_3,degradation,0.953125,0.9921297430992126,0,AAAAAN,2.0,4067,TAGTCC,2.04296875,4067,TAGTCC,2.04296875,0,AAAAAN,0.00011669350351439789,4067,TAGTCC,6.614564426854486e-06,845,AGGGCN,0.0835597962141037,False,False,True,-5.9917569160461426e-05,
3,14,85,head_3,degradation,0.96240234375,0.9721647500991821,0,AAAAAN,2.0,4067,TAGTCC,2.044921875,4067,TAGTCC,2.044921875,0,AAAAAN,0.00011558313417481259,4067,TAGTCC,6.561304871866014e-06,845,AGGGCN,0.08421692252159119,False,False,True,-0.0007336325943470001,
3,15,85,head_3,degradation,0.97216796875,1.0012136697769165,0,AAAAAN,2.0,4067,TAGTCC,2.046875,4067,TAGTCC,2.046875,0,AAAAAN,0.00011717379675246775,4067,TAGTCC,6.613879577344051e-06,845,AGGGCN,0.08201015740633011,False,False,True,-0.001137465238571167,
3,16,85,head_3,degradation,0.99072265625,0.9948665499687195,0,AAAAAN,2.0,4067,TAGTCC,2.05078125,4067,TAGTCC,2.05078125,0,AAAAAN,0.00011693152919178829,4067,TAGTCC,6.7076844061375596e-06,845,AGGGCN,0.08206316828727722,False,False,True,-0.0009885355830192566,
3,17,85,head_3,degradation,0.9814453125,0.9648364186286926,0,AAAAAN,2.0,4067,TAGTCC,2.048828125,4067,TAGTCC,2.048828125,0,AAAAAN,0.0001152752956841141,4067,TAGTCC,6.641483651037561e-06,845,AGGGCN,0.08176945894956589,False,False,True,-0.0007505826652050018,
3,18,85,head_3,degradation,0.96240234375,0.9708188772201538,0,AAAAAN,2.0,4067,TAGTCC,2.044921875,4067,TAGTCC,2.044921875,0,AAAAAN,0.0001155556456069462,4067,TAGTCC,6.6050761233782396e-06,845,AGGGCN,0.08211605995893478,False,False,True,-0.0014004036784172058,
3,19,85,head_3,degradation,0.97216796875,0.9723345637321472,0,AAAAAN,2.0,4067,TAGTCC,2.046875,4067,TAGTCC,2.046875,0,AAAAAN,0.00011565465683816001,4067,TAGTCC,6.6238335421076044e-06,845,AGGGCN,0.0828942358493805,False,False,True,0.0001145973801612854,
3,20,85,head_3,degradation,0.9814453125,1.0047837495803833,0,AAAAAN,2.0,4067,TAGTCC,2.048828125,4067,TAGTCC,2.048828125,0,AAAAAN,0.0001173966156784445,4067,TAGTCC,6.647674581472529e-06,845,AGGGCN,0.08164621144533157,False,False,True,-0.00122804194688797,
3,21,85,head_3,degradation,0.97216796875,0.9861791729927063,0,AAAAAN,2.0,4067,TAGTCC,2.046875,4067,TAGTCC,2.046875,0,AAAAAN,0.00011636230192380026,4067,TAGTCC,6.598432264581788e-06,845,AGGGCN,0.08200579136610031,False,False,True,-0.0025280825793743134,
3,22,85,head_3,degradation,0.953125,0.9448886513710022,0,AAAAAN,2.0,4067,TAGTCC,2.04296875,4067,TAGTCC,2.04296875,0,AAAAAN,0.00011417826317483559,4067,TAGTCC,6.600657343369676e-06,845,AGGGCN,0.08149204403162003,False,False,True,-0.004045866429805756,
3,23,85,head_3,degradation,0.9345703125,0.9622752666473389,0,AAAAAN,2.0,4067,TAGTCC,2.0390625,4067,TAGTCC,2.0390625,0,AAAAAN,0.00011507419549161568,4067,TAGTCC,6.575992756552296e-06,845,AGGGCN,0.08254111558198929,False,False,True,-0.002549700438976288,
3,24,85,head_3,degradation,0.94384765625,0.9744274616241455,0,AAAAAN,2.0,4067,TAGTCC,2.041015625,4067,TAGTCC,2.041015625,0,AAAAAN,0.0001156895887106657,4067,TAGTCC,6.547957582370145e-06,845,AGGGCN,0.08297497034072876,False,False,True,-0.0008275695145130157,
3,25,85,head_3,degradation,0.97216796875,0.9586463570594788,0,AAAAAN,2.0,4067,TAGTCC,2.046875,4067,TAGTCC,2.046875,0,AAAAAN,0.0001148818846559152,4067,TAGTCC,6.575830411748029e-06,845,AGGGCN,0.08295320719480515,False,False,True,-0.0007223859429359436,
3,26,85,head_3,degradation,0.96240234375,0.967365026473999,0,AAAAAN,2.0,4067,TAGTCC,2.044921875,4067,TAGTCC,2.044921875,0,AAAAAN,0.00011536681995494291,4067,TAGTCC,6.599122571060434e-06,845,AGGGCN,0.08313830941915512,False,False,True,-0.0011874288320541382,
3,27,85,head_3,degradation,0.953125,0.9721264243125916,0,AAAAAN,2.0,4067,TAGTCC,2.04296875,4067,TAGTCC,2.04296875,0,AAAAAN,0.00011565088789211586,4067,TAGTCC,6.6310899455857e-06,845,AGGGCN,0.08221133053302765,False,False,True,-0.0009481795132160187,
3,28,85,head_3,degradation,0.96240234375,0.9847705364227295,0,AAAAAN,2.0,4067,TAGTCC,2.044921875,4067,TAGTCC,2.044921875,0,AAAAAN,0.00011636059934971854,4067,TAGTCC,6.671319169981871e-06,845,AGGGCN,0.08227280527353287,False,False,True,-0.0007871836423873901,
3,29,85,head_3,degradation,0.97216796875,0.9718933701515198,0,AAAAAN,2.0,4067,TAGTCC,2.046875,4067,TAGTCC,2.046875,0,AAAAAN,0.00011563801672309637,4067,TAGTCC,6.630556072195759e-06,845,AGGGCN,0.08198423683643341,False,False,True,-0.0006656982004642487,
3,30,85,head_3,degradation,0.9814453125,0.9775996804237366,0,AAAAAN,2.0,4067,TAGTCC,2.048828125,4067,TAGTCC,2.048828125,0,AAAAAN,0.00011595914838835597,4067,TAGTCC,6.649550414294936e-06,845,AGGGCN,0.08288706839084625,False,False,True,-0.00036655738949775696,
3,31,85,head_3,degradation,0.9814453125,1.0115785598754883,0,AAAAAN,2.0,4067,TAGTCC,2.048828125,4067,TAGTCC,2.048828125,0,AAAAAN,0.0001177749436465092,4067,TAGTCC,6.666223271167837e-06,845,AGGGCN,0.08275861293077469,False,False,True,0.00027476996183395386,
3,32,85,head_3,degradation,0.97216796875,0.9758567214012146,0,AAAAAN,2.0,4067,TAGTCC,2.046875,4067,TAGTCC,2.046875,0,AAAAAN,0.0001158464583568275,4067,TAGTCC,6.629145445913309e-06,845,AGGGCN,0.08219470828771591,False,False,True,-0.00033357366919517517,
3,33,85,head_3,degradation,0.9814453125,0.9523056745529175,0,AAAAAN,2.0,4067,TAGTCC,2.048828125,4067,TAGTCC,2.048828125,0,AAAAAN,0.00011459911911515519,4067,TAGTCC,6.628788923990214e-06,845,AGGGCN,0.08321496844291687,False,False,True,-0.000534597784280777,
3,34,85,head_3,degradation,0.953125,0.9164381623268127,0,AAAAAN,2.0,4067,TAGTCC,2.04296875,4067,TAGTCC,2.04296875,0,AAAAAN,0.00011260425526415929,4067,TAGTCC,6.533043688250473e-06,845,AGGGCN,0.08405089378356934,False,False,True,-0.0019979961216449738,
3,35,85,head_3,degradation,0.96240234375,0.8953596949577332,0,AAAAAN,2.0,4067,TAGTCC,2.044921875,4067,TAGTCC,2.044921875,0,AAAAAN,0.00011148514022352174,4067,TAGTCC,6.529994152515428e-06,845,AGGGCN,0.08349785208702087,False,False,True,-0.0025678612291812897,
3,36,85,head_3,degradation,0.97216796875,0.8532859683036804,0,AAAAAN,2.0,4067,TAGTCC,2.046875,4067,TAGTCC,2.046875,0,AAAAAN,0.00010924526577582583,4067,TAGTCC,6.517845122289145e-06,845,AGGGCN,0.08357658982276917,False,False,True,-0.002990949898958206,
3,37,85,head_3,degradation,0.99072265625,0.8220601081848145,0,AAAAAN,2.0,4067,TAGTCC,2.05078125,4067,TAGTCC,2.05078125,0,AAAAAN,0.00010771990491775796,4067,TAGTCC,6.645837856922299e-06,845,AGGGCN,0.08251270651817322,False,False,True,-0.0033431313931941986,
3,38,85,head_3,degradation,0.96240234375,0.8797324895858765,0,AAAAAN,2.0,4067,TAGTCC,2.044921875,4067,TAGTCC,2.044921875,0,AAAAAN,0.00011082461423939094,4067,TAGTCC,6.696896889479831e-06,845,AGGGCN,0.08094929903745651,False,False,True,-0.002066180109977722,
3,39,85,head_3,degradation,0.96240234375,0.9082629680633545,0,AAAAAN,2.0,4067,TAGTCC,2.044921875,4067,TAGTCC,2.044921875,0,AAAAAN,0.0001123111360357143,4067,TAGTCC,6.672787549177883e-06,845,AGGGCN,0.08161318302154541,False,False,True,-0.0019322708249092102,
3,40,85,head_3,degradation,0.99072265625,0.9737628698348999,0,AAAAAN,2.0,4067,TAGTCC,2.05078125,4067,TAGTCC,2.05078125,0,AAAAAN,0.0001157662263722159,4067,TAGTCC,6.659777682216372e-06,845,AGGGCN,0.08238882571458817,False,False,True,-0.0004072524607181549,
3,41,85,head_3,degradation,0.97216796875,0.9759755730628967,0,AAAAAN,2.0,4067,TAGTCC,2.046875,4067,TAGTCC,2.046875,0,AAAAAN,0.00011576082761166617,4067,TAGTCC,6.537225999636576e-06,845,AGGGCN,0.0826847106218338,False,False,True,-0.0001264922320842743,
3,42,85,head_3,degradation,0.94384765625,0.9647074341773987,0,AAAAAN,2.0,4067,TAGTCC,2.041015625,4067,TAGTCC,2.041015625,0,AAAAAN,0.00011515042569953948,4067,TAGTCC,6.523445335915312e-06,845,AGGGCN,0.08235166221857071,False,False,True,-0.0004742927849292755,
3,43,85,head_3,degradation,0.96240234375,1.0027142763137817,0,AAAAAN,2.0,4067,TAGTCC,2.044921875,4067,TAGTCC,2.044921875,0,AAAAAN,0.00011730174446711317,4067,TAGTCC,6.662378837063443e-06,845,AGGGCN,0.08166990429162979,False,False,True,0.0004758685827255249,
3,44,85,head_3,degradation,0.9814453125,1.0000451803207397,0,AAAAAN,2.0,4067,TAGTCC,2.048828125,4067,TAGTCC,2.048828125,0,AAAAAN,0.00011713818821590394,4067,TAGTCC,6.64013941786834e-06,845,AGGGCN,0.08264842629432678,False,False,True,0.000711541622877121,
3,45,85,head_3,degradation,1.0,1.014801025390625,0,AAAAAN,2.0,4067,TAGTCC,2.052734375,4067,TAGTCC,2.052734375,0,AAAAAN,0.00011801732034655288,4067,TAGTCC,6.737982403137721e-06,845,AGGGCN,0.08244194090366364,False,False,True,0.0007321201264858246,
3,46,85,head_3,degradation,0.96240234375,0.9910138845443726,0,AAAAAN,2.0,4067,TAGTCC,2.044921875,4067,TAGTCC,2.044921875,0,AAAAAN,0.00011671276297420263,4067,TAGTCC,6.692908300465206e-06,845,AGGGCN,0.08230803906917572,False,False,True,-0.0006569176912307739,
3,47,85,head_3,degradation,0.916015625,0.9453679323196411,0,AAAAAN,2.0,4067,TAGTCC,2.03515625,4067,TAGTCC,2.03515625,0,AAAAAN,0.00011408908176235855,4067,TAGTCC,6.486093752755551e-06,845,AGGGCN,0.08030306547880173,False,False,True,-0.000848863273859024,
3,48,85,head_3,degradation,0.89697265625,0.9346985220909119,0,AAAAAN,2.0,4067,TAGTCC,2.03125,4067,TAGTCC,2.03125,0,AAAAAN,0.00011345772509230301,4067,TAGTCC,6.419665169232758e-06,845,AGGGCN,0.08085179328918457,False,False,True,-0.001103721559047699,
3,49,85,head_3,degradation,0.90673828125,0.9261022806167603,0,AAAAAN,2.0,4067,TAGTCC,2.033203125,4067,TAGTCC,2.033203125,0,AAAAAN,0.0001129947486333549,4067,TAGTCC,6.411845333786914e-06,845,AGGGCN,0.08289553225040436,False,False,True,-0.0014573261141777039,
3,50,85,head_3,degradation,0.9345703125,0.9611195921897888,0,AAAAAN,2.0,4067,TAGTCC,2.0390625,4067,TAGTCC,2.0390625,0,AAAAAN,0.0001150184398284182,4067,TAGTCC,6.5814292611321434e-06,845,AGGGCN,0.08284930139780045,False,False,True,-0.0013685226440429688,
3,51,85,head_3,degradation,0.953125,0.960847795009613,0,AAAAAN,2.0,4067,TAGTCC,2.04296875,4067,TAGTCC,2.04296875,0,AAAAAN,0.00011503259156597778,4067,TAGTCC,6.6099746618419886e-06,845,AGGGCN,0.08252386003732681,False,False,True,-0.0012262463569641113,
4,0,85,head_3,degradation,1.009765625,1.0235968828201294,0,AAAAAN,2.0,4067,TAGTCC,2.0546875,4067,TAGTCC,2.0546875,0,AAAAAN,0.0001183989443234168,4067,TAGTCC,6.653878244833322e-06,845,AGGGCN,0.08444283902645111,False,False,True,0.00032239779829978943,
4,1,85,head_3,degradation,1.0283203125,1.0236108303070068,0,AAAAAN,2.0,4067,TAGTCC,2.05859375,4067,TAGTCC,2.05859375,0,AAAAAN,0.00011845365224871784,4067,TAGTCC,6.707853572152089e-06,845,AGGGCN,0.08386791497468948,False,False,True,-5.2556395530700684e-05,
4,2,85,head_3,degradation,1.0,1.0101288557052612,0,AAAAAN,2.0,4067,TAGTCC,2.052734375,4067,TAGTCC,2.052734375,0,AAAAAN,0.00011769896082114428,4067,TAGTCC,6.667005891358713e-06,845,AGGGCN,0.08237021416425705,False,False,True,-0.00012385845184326172,
4,3,85,head_3,degradation,1.0,0.9962149858474731,0,AAAAAN,2.0,4067,TAGTCC,2.052734375,4067,TAGTCC,2.052734375,0,AAAAAN,0.00011697912850650027,4067,TAGTCC,6.6838811108027585e-06,845,AGGGCN,0.08290981501340866,False,False,True,-9.72747802734375e-05,
4,4,85,head_3,degradation,0.9814453125,0.9992642998695374,0,AAAAAN,2.0,4067,TAGTCC,2.048828125,4067,TAGTCC,2.048828125,0,AAAAAN,0.00011711003025993705,4067,TAGTCC,6.653329364780802e-06,845,AGGGCN,0.08202808350324631,False,False,True,8.406490087509155e-05,
4,5,85,head_3,degradation,0.99072265625,1.0082497596740723,0,AAAAAN,2.0,4067,TAGTCC,2.05078125,4067,TAGTCC,2.05078125,0,AAAAAN,0.00011755105515476316,4067,TAGTCC,6.618585757678375e-06,845,AGGGCN,0.08220144361257553,False,False,True,0.0007665865123271942,
4,6,85,head_3,degradation,1.0,1.02222740650177,0,AAAAAN,2.0,4067,TAGTCC,2.052734375,4067,TAGTCC,2.052734375,0,AAAAAN,0.00011826847185147926,4067,TAGTCC,6.595914783247281e-06,845,AGGGCN,0.08317394554615021,False,False,True,0.0006802044808864594,
4,7,85,head_3,degradation,1.0,1.0124253034591675,0,AAAAAN,2.0,4067,TAGTCC,2.052734375,4067,TAGTCC,2.052734375,0,AAAAAN,0.00011773243022616953,4067,TAGTCC,6.578879037988372e-06,845,AGGGCN,0.08396487683057785,False,False,True,0.00011060014367103577,
4,8,85,head_3,degradation,0.99072265625,1.0107183456420898,0,AAAAAN,2.0,4067,TAGTCC,2.05078125,4067,TAGTCC,2.05078125,0,AAAAAN,0.00011765732051571831,4067,TAGTCC,6.5941499087784905e-06,845,AGGGCN,0.08375012874603271,False,False,True,-0.00019046664237976074,
4,9,85,head_3,degradation,0.9814453125,0.998288631439209,0,AAAAAN,2.0,4067,TAGTCC,2.048828125,4067,TAGTCC,2.048828125,0,AAAAAN,0.00011701030598487705,4067,TAGTCC,6.6052684815076645e-06,845,AGGGCN,0.08310925960540771,False,False,True,-1.3709068298339844e-06,
4,10,85,head_3,degradation,0.9814453125,1.0077322721481323,0,AAAAAN,2.0,4067,TAGTCC,2.048828125,4067,TAGTCC,2.048828125,0,AAAAAN,0.00011753292346838862,4067,TAGTCC,6.6278589656576514e-06,845,AGGGCN,0.08280052989721298,False,False,True,0.00012086331844329834,
4,11,85,head_3,degradation,0.9814453125,1.0004703998565674,0,AAAAAN,2.0,4067,TAGTCC,2.048828125,4067,TAGTCC,2.048828125,0,AAAAAN,0.00011714405263774097,4067,TAGTCC,6.623496119573247e-06,845,AGGGCN,0.08275099843740463,False,False,True,4.840642213821411e-05,
4,12,85,head_3,degradation,0.9814453125,1.0022711753845215,0,AAAAAN,2.0,4067,TAGTCC,2.048828125,4067,TAGTCC,2.048828125,0,AAAAAN,0.00011724104842869565,4067,TAGTCC,6.625136393267894e-06,845,AGGGCN,0.08290296792984009,False,False,True,-0.0002636238932609558,
4,13,85,head_3,degradation,1.0,1.0090346336364746,0,AAAAAN,2.0,4067,TAGTCC,2.052734375,4067,TAGTCC,2.052734375,0,AAAAAN,0.0001176539299194701,4067,TAGTCC,6.679909802187467e-06,845,AGGGCN,0.0824417844414711,False,False,True,0.00010423362255096436,
4,14,85,head_3,degradation,1.0,1.0074542760849,0,AAAAAN,2.0,4067,TAGTCC,2.052734375,4067,TAGTCC,2.052734375,0,AAAAAN,0.00011756587628042325,4067,TAGTCC,6.675528311461676e-06,845,AGGGCN,0.08286924660205841,False,False,True,0.0010581612586975098,
4,15,85,head_3,degradation,1.0,1.0025721788406372,0,AAAAAN,2.0,4067,TAGTCC,2.052734375,4067,TAGTCC,2.052734375,0,AAAAAN,0.00011729226389434189,4067,TAGTCC,6.660420240223175e-06,845,AGGGCN,0.08283800631761551,False,False,True,0.0017192550003528595,
4,16,85,head_3,degradation,1.0,0.9793390035629272,0,AAAAAN,2.0,4067,TAGTCC,2.052734375,4067,TAGTCC,2.052734375,0,AAAAAN,0.0001159409002866596,4067,TAGTCC,6.539205969602335e-06,845,AGGGCN,0.08397895842790604,False,False,True,0.0006759576499462128,
4,17,85,head_3,degradation,1.009765625,0.996681272983551,0,AAAAAN,2.0,4067,TAGTCC,2.0546875,4067,TAGTCC,2.0546875,0,AAAAAN,0.00011684976198012009,4067,TAGTCC,6.529826350742951e-06,845,AGGGCN,0.08362064510583878,False,False,True,0.00012381002306938171,
4,18,85,head_3,degradation,1.0556640625,1.0655895471572876,0,AAAAAN,2.0,4067,TAGTCC,2.064453125,4067,TAGTCC,2.064453125,0,AAAAAN,0.00012066817726008594,4067,TAGTCC,6.699683126498712e-06,845,AGGGCN,0.08314672112464905,False,False,True,0.0009478405117988586,
4,19,85,head_3,degradation,1.0283203125,1.0653198957443237,0,AAAAAN,2.0,4067,TAGTCC,2.05859375,4067,TAGTCC,2.05859375,0,AAAAAN,0.00012065868941135705,4067,TAGTCC,6.704467068630038e-06,845,AGGGCN,0.08239506185054779,False,False,True,0.002041596919298172,
4,20,85,head_3,degradation,1.0283203125,1.046659231185913,0,AAAAAN,2.0,4067,TAGTCC,2.05859375,4067,TAGTCC,2.05859375,0,AAAAAN,0.00011963644647039473,4067,TAGTCC,6.670269158348674e-06,845,AGGGCN,0.0827154740691185,False,False,True,0.004738181829452515,
4,21,85,head_3,degradation,1.0,0.9501878023147583,0,AAAAAN,2.0,4067,TAGTCC,2.052734375,4067,TAGTCC,2.052734375,0,AAAAAN,0.00011438257934059948,4067,TAGTCC,6.524388936668402e-06,845,AGGGCN,0.08378582447767258,False,False,True,0.0017944276332855225,
4,22,85,head_3,degradation,0.97216796875,0.9739324450492859,0,AAAAAN,2.0,4067,TAGTCC,2.046875,4067,TAGTCC,2.046875,0,AAAAAN,0.00011565230670385063,4067,TAGTCC,6.536880391649902e-06,845,AGGGCN,0.08215466141700745,False,False,True,0.001714847981929779,
4,23,85,head_3,degradation,0.99072265625,0.9637160897254944,0,AAAAAN,2.0,4067,TAGTCC,2.05078125,4067,TAGTCC,2.05078125,0,AAAAAN,0.00011516957601998001,4067,TAGTCC,6.595086688321317e-06,845,AGGGCN,0.08233519643545151,False,False,True,-0.001535411924123764,
4,24,85,head_3,degradation,1.0,0.9959545731544495,0,AAAAAN,2.0,4067,TAGTCC,2.052734375,4067,TAGTCC,2.052734375,0,AAAAAN,0.00011695780995069072,4067,TAGTCC,6.6763550421455875e-06,845,AGGGCN,0.08238779008388519,False,False,True,0.0005044378340244293,
4,25,85,head_3,degradation,1.009765625,0.9983900189399719,0,AAAAAN,2.0,4067,TAGTCC,2.0546875,4067,TAGTCC,2.0546875,0,AAAAAN,0.00011706654186127707,4067,TAGTCC,6.656132882199017e-06,845,AGGGCN,0.08308833092451096,False,False,True,0.0005184747278690338,
4,26,85,head_3,degradation,0.9814453125,1.0184880495071411,0,AAAAAN,2.0,4067,TAGTCC,2.048828125,4067,TAGTCC,2.048828125,0,AAAAAN,0.00011812243610620499,4067,TAGTCC,6.647874670306919e-06,845,AGGGCN,0.08192571997642517,False,False,True,0.00013975799083709717,
4,27,85,head_3,degradation,0.9814453125,1.0238316059112549,0,AAAAAN,2.0,4067,TAGTCC,2.048828125,4067,TAGTCC,2.048828125,0,AAAAAN,0.00011840738443424925,4067,TAGTCC,6.6498919295554515e-06,845,AGGGCN,0.08230902999639511,False,False,True,0.00041970983147621155,
4,28,85,head_3,degradation,0.99072265625,1.0371968746185303,0,AAAAAN,2.0,4067,TAGTCC,2.05078125,4067,TAGTCC,2.05078125,0,AAAAAN,0.00011915688082808629,4067,TAGTCC,6.691720955132041e-06,845,AGGGCN,0.08180014789104462,False,False,True,0.0006322525441646576,
4,29,85,head_3,degradation,0.99072265625,1.0258586406707764,0,AAAAAN,2.0,4067,TAGTCC,2.05078125,4067,TAGTCC,2.05078125,0,AAAAAN,0.00011855016782646999,4067,TAGTCC,6.685344487777911e-06,845,AGGGCN,0.08131658285856247,False,False,True,0.0005527511239051819,
4,30,85,head_3,degradation,1.009765625,1.029290795326233,0,AAAAAN,2.0,4067,TAGTCC,2.0546875,4067,TAGTCC,2.0546875,0,AAAAAN,0.00011871619790326804,4067,TAGTCC,6.669649337709416e-06,845,AGGGCN,0.08208417892456055,False,False,True,0.0003252960741519928,
4,31,85,head_3,degradation,0.99072265625,1.0299780368804932,0,AAAAAN,2.0,4067,TAGTCC,2.05078125,4067,TAGTCC,2.05078125,0,AAAAAN,0.00011869600712088868,4067,TAGTCC,6.6130710365541745e-06,845,AGGGCN,0.08297683298587799,False,False,True,0.0011628344655036926,
4,32,85,head_3,degradation,1.0283203125,1.0216730833053589,0,AAAAAN,2.0,4067,TAGTCC,2.05859375,4067,TAGTCC,2.05859375,0,AAAAAN,0.00011831209121737629,4067,TAGTCC,6.668888090644032e-06,845,AGGGCN,0.08259743452072144,False,False,True,0.0014955736696720123,
4,33,85,head_3,degradation,1.0185546875,1.0317896604537964,0,AAAAAN,2.0,4067,TAGTCC,2.056640625,4067,TAGTCC,2.056640625,0,AAAAAN,0.00011880912643391639,4067,TAGTCC,6.630265488638543e-06,845,AGGGCN,0.0827750489115715,False,False,True,0.0018533915281295776,
4,34,85,head_3,degradation,1.0185546875,1.0215704441070557,0,AAAAAN,2.0,4067,TAGTCC,2.056640625,4067,TAGTCC,2.056640625,0,AAAAAN,0.00011830461153294891,4067,TAGTCC,6.6668421823123936e-06,845,AGGGCN,0.08227775245904922,False,False,True,0.0009874291718006134,
4,35,85,head_3,degradation,1.0283203125,0.9905645847320557,0,AAAAAN,2.0,4067,TAGTCC,2.05859375,4067,TAGTCC,2.05859375,0,AAAAAN,0.00011668169463519007,4067,TAGTCC,6.685626431135461e-06,845,AGGGCN,0.08235646784305573,False,False,True,7.888674736022949e-05,
4,36,85,head_3,degradation,1.0,1.0261907577514648,0,AAAAAN,2.0,4067,TAGTCC,2.052734375,4067,TAGTCC,2.052734375,0,AAAAAN,0.0001185472501674667,4067,TAGTCC,6.664840384473791e-06,845,AGGGCN,0.08252455294132233,False,False,True,0.00024623051285743713,
4,37,85,head_3,degradation,0.99072265625,0.9822361469268799,0,AAAAAN,2.0,4067,TAGTCC,2.05078125,4067,TAGTCC,2.05078125,0,AAAAAN,0.00011613631068030372,4067,TAGTCC,6.5812209868454374e-06,845,AGGGCN,0.08276833593845367,False,False,True,-0.00040596723556518555,
4,38,85,head_3,degradation,1.009765625,0.9843783378601074,0,AAAAAN,2.0,4067,TAGTCC,2.0546875,4067,TAGTCC,2.0546875,0,AAAAAN,0.00011631254164967686,4067,TAGTCC,6.644025688729016e-06,845,AGGGCN,0.08242978155612946,False,False,True,0.00024209916591644287,
4,39,85,head_3,degradation,1.0185546875,0.9961637258529663,0,AAAAAN,2.0,4067,TAGTCC,2.056640625,4067,TAGTCC,2.056640625,0,AAAAAN,0.00011692740372382104,4067,TAGTCC,6.634876626776531e-06,845,AGGGCN,0.08284534513950348,False,False,True,0.00035081803798675537,
4,40,85,head_3,degradation,0.99072265625,1.016895055770874,0,AAAAAN,2.0,4067,TAGTCC,2.05078125,4067,TAGTCC,2.05078125,0,AAAAAN,0.0001179952232632786,4067,TAGTCC,6.605005182791501e-06,845,AGGGCN,0.08293873071670532,False,False,True,0.0006342232227325439,
4,41,85,head_3,degradation,0.9814453125,1.0160777568817139,0,AAAAAN,2.0,4067,TAGTCC,2.048828125,4067,TAGTCC,2.048828125,0,AAAAAN,0.00011792174336733297,4067,TAGTCC,6.574800863745622e-06,845,AGGGCN,0.08297058194875717,False,False,True,0.0001381412148475647,
4,42,85,head_3,degradation,0.953125,1.009504795074463,0,AAAAAN,2.0,4067,TAGTCC,2.04296875,4067,TAGTCC,2.04296875,0,AAAAAN,0.00011757608444895595,4067,TAGTCC,6.577166004717583e-06,845,AGGGCN,0.08286380022764206,False,False,True,-0.00015269964933395386,
4,43,85,head_3,degradation,0.9345703125,1.0058486461639404,0,AAAAAN,2.0,4067,TAGTCC,2.0390625,4067,TAGTCC,2.0390625,0,AAAAAN,0.00011735685257008299,4067,TAGTCC,6.55153053230606e-06,845,AGGGCN,0.08258821070194244,False,False,True,-0.0001101084053516388,
4,44,85,head_3,degradation,0.953125,1.0080965757369995,0,AAAAAN,2.0,4067,TAGTCC,2.04296875,4067,TAGTCC,2.04296875,0,AAAAAN,0.0001174841818283312,4067,TAGTCC,6.559827852470335e-06,845,AGGGCN,0.08276870846748352,False,False,True,0.00022054091095924377,
4,45,85,head_3,degradation,0.953125,1.0141900777816772,0,AAAAAN,2.0,4067,TAGTCC,2.04296875,4067,TAGTCC,2.04296875,0,AAAAAN,0.00011779981286963448,4067,TAGTCC,6.552820195793174e-06,845,AGGGCN,0.08260701596736908,False,False,True,0.00019302591681480408,
4,46,85,head_3,degradation,1.0,1.00924551486969,0,AAAAAN,2.0,4067,TAGTCC,2.052734375,4067,TAGTCC,2.052734375,0,AAAAAN,0.00011759089829865843,4067,TAGTCC,6.605711860174779e-06,845,AGGGCN,0.0829729363322258,False,False,True,0.0007876493036746979,
4,47,85,head_3,degradation,1.0,1.0117573738098145,0,AAAAAN,2.0,4067,TAGTCC,2.052734375,4067,TAGTCC,2.052734375,0,AAAAAN,0.000117730516649317,4067,TAGTCC,6.61233525534044e-06,845,AGGGCN,0.08217383176088333,False,False,True,0.0008780099451541901,
4,48,85,head_3,degradation,1.0,1.0049333572387695,0,AAAAAN,2.0,4067,TAGTCC,2.052734375,4067,TAGTCC,2.052734375,0,AAAAAN,0.00011737609747797251,4067,TAGTCC,6.619229225179879e-06,845,AGGGCN,0.08240033686161041,False,False,True,0.0007799230515956879,
4,49,85,head_3,degradation,1.009765625,0.9970576167106628,0,AAAAAN,2.0,4067,TAGTCC,2.0546875,4067,TAGTCC,2.0546875,0,AAAAAN,0.000116984017950017,4067,TAGTCC,6.64415574647137e-06,845,AGGGCN,0.08251697570085526,False,False,True,0.0004370883107185364,
4,50,85,head_3,degradation,1.0185546875,0.9959725737571716,0,AAAAAN,2.0,4067,TAGTCC,2.056640625,4067,TAGTCC,2.056640625,0,AAAAAN,0.0001169198949355632,4067,TAGTCC,6.6374836933391634e-06,845,AGGGCN,0.08297158032655716,False,False,True,0.00022089853882789612,
4,51,85,head_3,degradation,1.0283203125,0.9825928807258606,0,AAAAAN,2.0,4067,TAGTCC,2.05859375,4067,TAGTCC,2.05859375,0,AAAAAN,0.00011618019198067486,4067,TAGTCC,6.606211627513403e-06,845,AGGGCN,0.08265823125839233,False,False,True,0.00010297074913978577,
5,0,85,head_3,degradation,1.0,0.9982975721359253,0,AAAAAN,2.0,4067,TAGTCC,2.052734375,4067,TAGTCC,2.052734375,0,AAAAAN,0.00011705082579283044,4067,TAGTCC,6.645310804742621e-06,845,AGGGCN,0.08377732336521149,False,False,True,-0.00031420961022377014,
5,1,85,head_3,degradation,0.99072265625,1.006671667098999,0,AAAAAN,2.0,4067,TAGTCC,2.05078125,4067,TAGTCC,2.05078125,0,AAAAAN,0.00011749054829124361,4067,TAGTCC,6.641642812610371e-06,845,AGGGCN,0.08310730010271072,False,False,True,-0.00026534125208854675,
5,2,85,head_3,degradation,0.9814453125,1.0141445398330688,0,AAAAAN,2.0,4067,TAGTCC,2.048828125,4067,TAGTCC,2.048828125,0,AAAAAN,0.00011785246897488832,4067,TAGTCC,6.607889645238174e-06,845,AGGGCN,0.08396845310926437,False,False,True,-0.00022891536355018616,
5,3,85,head_3,degradation,1.0,1.0254188776016235,0,AAAAAN,2.0,4067,TAGTCC,2.052734375,4067,TAGTCC,2.052734375,0,AAAAAN,0.00011850480950670317,4067,TAGTCC,6.6632696871238295e-06,845,AGGGCN,0.08341904729604721,False,False,True,-2.189725637435913e-05,
5,4,85,head_3,degradation,1.009765625,1.0509915351867676,0,AAAAAN,2.0,4067,TAGTCC,2.0546875,4067,TAGTCC,2.0546875,0,AAAAAN,0.00011989424820058048,4067,TAGTCC,6.69869177727378e-06,845,AGGGCN,0.08401687443256378,False,False,True,0.00024063140153884888,
5,5,85,head_3,degradation,1.0,1.0170345306396484,0,AAAAAN,2.0,4067,TAGTCC,2.052734375,4067,TAGTCC,2.052734375,0,AAAAAN,0.0001180917170131579,4067,TAGTCC,6.694115199934458e-06,845,AGGGCN,0.08224254846572876,False,False,True,0.000414092093706131,
5,6,85,head_3,degradation,0.96240234375,0.9690588712692261,0,AAAAAN,2.0,4067,TAGTCC,2.044921875,4067,TAGTCC,2.044921875,0,AAAAAN,0.00011549982446013018,4067,TAGTCC,6.642449079663493e-06,845,AGGGCN,0.08237750828266144,False,False,True,-0.001086946576833725,
5,7,85,head_3,degradation,0.953125,0.9471047520637512,0,AAAAAN,2.0,4067,TAGTCC,2.04296875,4067,TAGTCC,2.04296875,0,AAAAAN,0.00011428358993725851,4067,TAGTCC,6.588643373106606e-06,845,AGGGCN,0.08281632512807846,False,False,True,-0.0013620145618915558,
5,8,85,head_3,degradation,0.953125,0.9463626742362976,0,AAAAAN,2.0,4067,TAGTCC,2.04296875,4067,TAGTCC,2.04296875,0,AAAAAN,0.00011419544171076268,4067,TAGTCC,6.539782134495908e-06,845,AGGGCN,0.08250028640031815,False,False,True,-0.0014211125671863556,
5,9,85,head_3,degradation,0.97216796875,1.0041775703430176,0,AAAAAN,2.0,4067,TAGTCC,2.046875,4067,TAGTCC,2.046875,0,AAAAAN,0.00011728941171895713,4067,TAGTCC,6.572558504558401e-06,845,AGGGCN,0.08284104615449905,False,False,True,-0.00010567903518676758,
5,10,85,head_3,degradation,0.9814453125,0.9895042777061462,0,AAAAAN,2.0,4067,TAGTCC,2.048828125,4067,TAGTCC,2.048828125,0,AAAAAN,0.00011655404523480684,4067,TAGTCC,6.6141242314188275e-06,845,AGGGCN,0.0826488584280014,False,False,True,-4.9795955419540405e-05,
5,11,85,head_3,degradation,0.97216796875,0.9922394156455994,0,AAAAAN,2.0,4067,TAGTCC,2.046875,4067,TAGTCC,2.046875,0,AAAAAN,0.00011669239756884053,4067,TAGTCC,6.607653176615713e-06,845,AGGGCN,0.0824369490146637,False,False,True,-0.00019380077719688416,
5,12,85,head_3,degradation,1.0185546875,1.0138790607452393,0,AAAAAN,2.0,4067,TAGTCC,2.056640625,4067,TAGTCC,2.056640625,0,AAAAAN,0.00011792996519943699,4067,TAGTCC,6.699437108181883e-06,845,AGGGCN,0.08199714869260788,False,False,True,0.00010056793689727783,
5,13,85,head_3,degradation,1.0,1.0045207738876343,0,AAAAAN,2.0,4067,TAGTCC,2.052734375,4067,TAGTCC,2.052734375,0,AAAAAN,0.0001174048738903366,4067,TAGTCC,6.669852609775262e-06,845,AGGGCN,0.08160212635993958,False,False,True,0.0005605071783065796,
5,14,85,head_3,degradation,1.009765625,0.9957460165023804,0,AAAAAN,2.0,4067,TAGTCC,2.0546875,4067,TAGTCC,2.0546875,0,AAAAAN,0.00011692477710312232,4067,TAGTCC,6.654367098235525e-06,845,AGGGCN,0.08156408369541168,False,False,True,0.0008973032236099243,
5,15,85,head_3,degradation,1.009765625,1.00239896774292,0,AAAAAN,2.0,4067,TAGTCC,2.0546875,4067,TAGTCC,2.0546875,0,AAAAAN,0.00011728125537047163,4067,TAGTCC,6.658578058704734e-06,845,AGGGCN,0.08203529566526413,False,False,True,0.002297457307577133,
5,16,85,head_3,degradation,0.9814453125,0.9823107719421387,0,AAAAAN,2.0,4067,TAGTCC,2.048828125,4067,TAGTCC,2.048828125,0,AAAAAN,0.00011616584379225969,4067,TAGTCC,6.606805982301012e-06,845,AGGGCN,0.08272877335548401,False,False,True,0.0007162876427173615,
5,17,85,head_3,degradation,0.953125,0.9865926504135132,0,AAAAAN,2.0,4067,TAGTCC,2.04296875,4067,TAGTCC,2.04296875,0,AAAAAN,0.00011647870996966958,4067,TAGTCC,6.692952410958242e-06,845,AGGGCN,0.08100036531686783,False,False,True,0.0005520917475223541,
5,18,85,head_3,degradation,0.953125,0.9710415005683899,0,AAAAAN,2.0,4067,TAGTCC,2.04296875,4067,TAGTCC,2.04296875,0,AAAAAN,0.00011563057341845706,4067,TAGTCC,6.6682205215329304e-06,845,AGGGCN,0.08227469772100449,False,False,True,-0.0012799687683582306,
5,19,85,head_3,degradation,1.0,1.0054070949554443,0,AAAAAN,2.0,4067,TAGTCC,2.052734375,4067,TAGTCC,2.052734375,0,AAAAAN,0.00011750852718250826,4067,TAGTCC,6.726578703819541e-06,845,AGGGCN,0.08193131536245346,False,False,True,-0.00028710439801216125,
5,20,85,head_3,degradation,1.046875,1.0576564073562622,0,AAAAAN,2.0,4067,TAGTCC,2.0625,4067,TAGTCC,2.0625,0,AAAAAN,0.00012035402323817834,4067,TAGTCC,6.805563771195011e-06,845,AGGGCN,0.08298086374998093,False,False,True,0.008159853518009186,
5,21,85,head_3,degradation,0.90673828125,0.9168388843536377,0,AAAAAN,2.0,4067,TAGTCC,2.033203125,4067,TAGTCC,2.033203125,0,AAAAAN,0.00011239637387916446,4067,TAGTCC,6.303944246610627e-06,845,AGGGCN,0.08838466554880142,False,False,True,-0.0012983046472072601,
5,22,85,head_3,degradation,0.90673828125,0.9169636368751526,0,AAAAAN,2.0,4067,TAGTCC,2.033203125,4067,TAGTCC,2.033203125,0,AAAAAN,0.00011235513375140727,4067,TAGTCC,6.256103006307967e-06,845,AGGGCN,0.08989433944225311,False,False,True,-0.003059081733226776,
5,23,85,head_3,degradation,0.89697265625,0.888968825340271,0,AAAAAN,2.0,4067,TAGTCC,2.03125,4067,TAGTCC,2.03125,0,AAAAAN,0.00011088515748269856,4067,TAGTCC,6.268394372455077e-06,845,AGGGCN,0.09222972393035889,False,False,True,-0.014151383191347122,
5,24,85,head_3,degradation,1.009765625,1.0631942749023438,0,AAAAAN,2.0,4067,TAGTCC,2.0546875,4067,TAGTCC,2.0546875,0,AAAAAN,0.00012056333798682317,4067,TAGTCC,6.721669251419371e-06,845,AGGGCN,0.08585814386606216,False,False,True,-0.0018755234777927399,
5,25,85,head_3,degradation,0.96240234375,1.048315167427063,0,AAAAAN,2.0,4067,TAGTCC,2.044921875,4067,TAGTCC,2.044921875,0,AAAAAN,0.00011974870722042397,4067,TAGTCC,6.694854164379649e-06,845,AGGGCN,0.08406353741884232,False,False,True,6.85378909111023e-05,
5,26,85,head_3,degradation,0.97216796875,1.0170485973358154,0,AAAAAN,2.0,4067,TAGTCC,2.046875,4067,TAGTCC,2.046875,0,AAAAAN,0.00011801364598795772,4067,TAGTCC,6.615301117562922e-06,845,AGGGCN,0.0832204520702362,False,False,True,-7.930397987365723e-05,
5,27,85,head_3,degradation,1.0,0.9788923859596252,0,AAAAAN,2.0,4067,TAGTCC,2.052734375,4067,TAGTCC,2.052734375,0,AAAAAN,0.0001159816310973838,4067,TAGTCC,6.603584097319981e-06,845,AGGGCN,0.08394952118396759,False,False,True,-0.0011064521968364716,
5,28,85,head_3,degradation,1.009765625,0.9909642934799194,0,AAAAAN,2.0,4067,TAGTCC,2.0546875,4067,TAGTCC,2.0546875,0,AAAAAN,0.00011667653598124161,4067,TAGTCC,6.659307018708205e-06,845,AGGGCN,0.0835094153881073,False,False,True,-0.00039589405059814453,
5,29,85,head_3,degradation,1.0,0.9879677891731262,0,AAAAAN,2.0,4067,TAGTCC,2.052734375,4067,TAGTCC,2.052734375,0,AAAAAN,0.0001165089342975989,4067,TAGTCC,6.650362138316268e-06,845,AGGGCN,0.083320751786232,False,False,True,-0.0003225170075893402,
5,30,85,head_3,degradation,1.009765625,1.0330995321273804,0,AAAAAN,2.0,4067,TAGTCC,2.0546875,4067,TAGTCC,2.0546875,0,AAAAAN,0.00011894388444488868,4067,TAGTCC,6.695670890621841e-06,845,AGGGCN,0.08201853930950165,False,False,True,0.0005859658122062683,
5,31,85,head_3,degradation,0.9814453125,1.0066596269607544,0,AAAAAN,2.0,4067,TAGTCC,2.048828125,4067,TAGTCC,2.048828125,0,AAAAAN,0.00011745629308279604,4067,TAGTCC,6.60802106722258e-06,845,AGGGCN,0.08354326337575912,False,False,True,-8.133053779602051e-05,
5,32,85,head_3,degradation,0.9814453125,0.9523361921310425,0,AAAAAN,2.0,4067,TAGTCC,2.048828125,4067,TAGTCC,2.048828125,0,AAAAAN,0.00011451968748588115,4067,TAGTCC,6.547742486873176e-06,845,AGGGCN,0.086290642619133,False,False,True,-0.0010369718074798584,
5,33,85,head_3,degradation,0.99072265625,0.9536471366882324,0,AAAAAN,2.0,4067,TAGTCC,2.05078125,4067,TAGTCC,2.05078125,0,AAAAAN,0.00011460665700724348,4067,TAGTCC,6.565298008354148e-06,845,AGGGCN,0.086030013859272,False,False,True,-0.0012675970792770386,
5,34,85,head_3,degradation,1.0283203125,0.9165816307067871,0,AAAAAN,2.0,4067,TAGTCC,2.05859375,4067,TAGTCC,2.05859375,0,AAAAAN,0.00011270857794443145,4067,TAGTCC,6.629772542510182e-06,845,AGGGCN,0.084419384598732,False,False,True,-0.0011683478951454163,
5,35,85,head_3,degradation,1.009765625,0.9136517643928528,0,AAAAAN,2.0,4067,TAGTCC,2.0546875,4067,TAGTCC,2.0546875,0,AAAAAN,0.00011258095037192106,4067,TAGTCC,6.6572779360285494e-06,845,AGGGCN,0.081502765417099,False,False,True,-0.0009601935744285583,
5,36,85,head_3,degradation,1.0283203125,0.9303474426269531,0,AAAAAN,2.0,4067,TAGTCC,2.05859375,4067,TAGTCC,2.05859375,0,AAAAAN,0.00011346179962856695,4067,TAGTCC,6.654115622950485e-06,845,AGGGCN,0.08234631270170212,False,False,True,-0.0008755289018154144,
5,37,85,head_3,degradation,1.0185546875,0.9750124216079712,0,AAAAAN,2.0,4067,TAGTCC,2.056640625,4067,TAGTCC,2.056640625,0,AAAAAN,0.00011585756874410436,4067,TAGTCC,6.684958862024359e-06,845,AGGGCN,0.08292573690414429,False,False,True,-0.00018944963812828064,
5,38,85,head_3,degradation,1.046875,1.0196460485458374,0,AAAAAN,2.0,4067,TAGTCC,2.0625,4067,TAGTCC,2.0625,0,AAAAAN,0.00011824825196526945,4067,TAGTCC,6.712377398798708e-06,845,AGGGCN,0.08269154280424118,False,False,True,0.0007035210728645325,
5,39,85,head_3,degradation,1.0283203125,1.022868037223816,0,AAAAAN,2.0,4067,TAGTCC,2.05859375,4067,TAGTCC,2.05859375,0,AAAAAN,0.00011842238018289208,4067,TAGTCC,6.715902145515429e-06,845,AGGGCN,0.0821463093161583,False,False,True,0.0005409680306911469,
5,40,85,head_3,degradation,1.0,1.0507879257202148,0,AAAAAN,2.0,4067,TAGTCC,2.052734375,4067,TAGTCC,2.052734375,0,AAAAAN,0.00011983631702605635,4067,TAGTCC,6.651535386481555e-06,845,AGGGCN,0.08217879384756088,False,False,True,0.0007658712565898895,
5,41,85,head_3,degradation,0.99072265625,1.0164721012115479,0,AAAAAN,2.0,4067,TAGTCC,2.05078125,4067,TAGTCC,2.05078125,0,AAAAAN,0.00011800677020801231,4067,TAGTCC,6.638945706072263e-06,845,AGGGCN,0.08262345939874649,False,False,True,0.0005273334681987762,
5,42,85,head_3,degradation,0.9814453125,0.9937744736671448,0,AAAAAN,2.0,4067,TAGTCC,2.048828125,4067,TAGTCC,2.048828125,0,AAAAAN,0.00011678068403853104,4067,TAGTCC,6.614659923798172e-06,845,AGGGCN,0.0825144350528717,False,False,True,0.00012192875146865845,
5,43,85,head_3,degradation,1.0,0.9607350826263428,0,AAAAAN,2.0,4067,TAGTCC,2.052734375,4067,TAGTCC,2.052734375,0,AAAAAN,0.00011499450920382515,4067,TAGTCC,6.57785722069093e-06,845,AGGGCN,0.08316641300916672,False,False,True,-0.00019123032689094543,
5,44,85,head_3,degradation,0.9814453125,0.9641232490539551,0,AAAAAN,2.0,4067,TAGTCC,2.048828125,4067,TAGTCC,2.048828125,0,AAAAAN,0.00011517689563333988,4067,TAGTCC,6.580851277249167e-06,845,AGGGCN,0.08303690701723099,False,False,True,-0.00019418075680732727,
5,45,85,head_3,degradation,0.99072265625,0.9829481244087219,0,AAAAAN,2.0,4067,TAGTCC,2.05078125,4067,TAGTCC,2.05078125,0,AAAAAN,0.00011619586439337581,4067,TAGTCC,6.603077054023743e-06,845,AGGGCN,0.08371026068925858,False,False,True,0.00014471262693405151,
5,46,85,head_3,degradation,1.009765625,0.9904752373695374,0,AAAAAN,2.0,4067,TAGTCC,2.0546875,4067,TAGTCC,2.0546875,0,AAAAAN,0.00011667105718515813,4067,TAGTCC,6.6797238105209544e-06,845,AGGGCN,0.08202540874481201,False,False,True,-5.7093799114227295e-05,
5,47,85,head_3,degradation,1.009765625,0.9965935945510864,0,AAAAAN,2.0,4067,TAGTCC,2.0546875,4067,TAGTCC,2.0546875,0,AAAAAN,0.00011703504424076527,4067,TAGTCC,6.719754310324788e-06,845,AGGGCN,0.08418889343738556,False,False,True,-0.00025982409715652466,
5,48,85,head_3,degradation,1.009765625,1.0033107995986938,0,AAAAAN,2.0,4067,TAGTCC,2.0546875,4067,TAGTCC,2.0546875,0,AAAAAN,0.00011738407192751765,4067,TAGTCC,6.713119091728004e-06,845,AGGGCN,0.08424950391054153,False,False,True,-0.00027805566787719727,
5,49,85,head_3,degradation,1.0283203125,1.0361915826797485,0,AAAAAN,2.0,4067,TAGTCC,2.05859375,4067,TAGTCC,2.05859375,0,AAAAAN,0.00011917826486751437,4067,TAGTCC,6.766333171981387e-06,845,AGGGCN,0.08478626608848572,False,False,True,0.0005477331578731537,
5,50,85,head_3,degradation,1.0654296875,1.0610634088516235,0,AAAAAN,2.0,4067,TAGTCC,2.06640625,4067,TAGTCC,2.06640625,0,AAAAAN,0.0001205271837534383,4067,TAGTCC,6.7983328335685655e-06,845,AGGGCN,0.08289510011672974,False,False,True,0.0011182241141796112,
5,51,85,head_3,degradation,1.046875,1.0512174367904663,0,AAAAAN,2.0,4067,TAGTCC,2.0625,4067,TAGTCC,2.0625,0,AAAAAN,0.00011998851550742984,4067,TAGTCC,6.780997409805423e-06,845,AGGGCN,0.0824994146823883,False,False,True,0.0010332465171813965,
6,0,85,head_3,degradation,1.009765625,1.0036027431488037,0,AAAAAN,2.0,4067,TAGTCC,2.0546875,4067,TAGTCC,2.0546875,0,AAAAAN,0.0001173907148768194,4067,TAGTCC,6.704299721604912e-06,845,AGGGCN,0.08244078606367111,False,False,True,0.0003297440707683563,
6,1,85,head_3,degradation,1.009765625,1.0106885433197021,0,AAAAAN,2.0,4067,TAGTCC,2.0546875,4067,TAGTCC,2.0546875,0,AAAAAN,0.0001177428785013035,4067,TAGTCC,6.681287231913302e-06,845,AGGGCN,0.08203712850809097,False,False,True,0.00019013509154319763,
6,2,85,head_3,degradation,1.009765625,1.0184929370880127,0,AAAAAN,2.0,4067,TAGTCC,2.0546875,4067,TAGTCC,2.0546875,0,AAAAAN,0.00011813473975053057,4067,TAGTCC,6.6599200181372e-06,845,AGGGCN,0.08353496342897415,False,False,True,-0.0002642013132572174,
6,3,85,head_3,degradation,1.009765625,1.0356262922286987,0,AAAAAN,2.0,4067,TAGTCC,2.0546875,4067,TAGTCC,2.0546875,0,AAAAAN,0.00011908131273230538,4067,TAGTCC,6.69931250740774e-06,845,AGGGCN,0.08380187302827835,False,False,True,-5.591288208961487e-05,
6,4,85,head_3,degradation,1.0,1.067897081375122,0,AAAAAN,2.0,4067,TAGTCC,2.052734375,4067,TAGTCC,2.052734375,0,AAAAAN,0.00012079298903699964,4067,TAGTCC,6.7023133851762395e-06,845,AGGGCN,0.08284500986337662,False,False,True,-0.00018189847469329834,
6,5,85,head_3,degradation,1.0,1.0390812158584595,0,AAAAAN,2.0,4067,TAGTCC,2.052734375,4067,TAGTCC,2.052734375,0,AAAAAN,0.00011925155558856204,4067,TAGTCC,6.686630513286218e-06,845,AGGGCN,0.082288458943367,False,False,True,-0.00012635067105293274,
6,6,85,head_3,degradation,1.0,1.0206314325332642,0,AAAAAN,2.0,4067,TAGTCC,2.052734375,4067,TAGTCC,2.052734375,0,AAAAAN,0.00011822123633464798,4067,TAGTCC,6.633183602389181e-06,845,AGGGCN,0.08334904164075851,False,False,True,-0.0004670172929763794,
6,7,85,head_3,degradation,0.99072265625,0.9802327752113342,0,AAAAAN,2.0,4067,TAGTCC,2.05078125,4067,TAGTCC,2.05078125,0,AAAAAN,0.00011603301391005516,4067,TAGTCC,6.583997219422599e-06,845,AGGGCN,0.08293227106332779,False,False,True,-0.000578567385673523,
6,8,85,head_3,degradation,0.9814453125,1.0032387971878052,0,AAAAAN,2.0,4067,TAGTCC,2.048828125,4067,TAGTCC,2.048828125,0,AAAAAN,0.00011724927753675729,4067,TAGTCC,6.58213548376807e-06,845,AGGGCN,0.08287084847688675,False,False,True,-0.000146426260471344,
6,9,85,head_3,degradation,1.0,1.0134813785552979,0,AAAAAN,2.0,4067,TAGTCC,2.052734375,4067,TAGTCC,2.052734375,0,AAAAAN,0.00011790764256147668,4067,TAGTCC,6.698170636809664e-06,845,AGGGCN,0.08217199146747589,False,False,True,0.0002601407468318939,
6,10,85,head_3,degradation,1.0,1.0102347135543823,0,AAAAAN,2.0,4067,TAGTCC,2.052734375,4067,TAGTCC,2.052734375,0,AAAAAN,0.00011774247832363471,4067,TAGTCC,6.704922270728275e-06,845,AGGGCN,0.08227754384279251,False,False,True,0.00037718936800956726,
6,11,85,head_3,degradation,1.009765625,0.9999872446060181,0,AAAAAN,2.0,4067,TAGTCC,2.0546875,4067,TAGTCC,2.0546875,0,AAAAAN,0.0001171706389868632,4067,TAGTCC,6.67565882395138e-06,845,AGGGCN,0.08278746157884598,False,False,True,0.0003025755286216736,
6,12,85,head_3,degradation,1.009765625,0.9979454874992371,0,AAAAAN,2.0,4067,TAGTCC,2.0546875,4067,TAGTCC,2.0546875,0,AAAAAN,0.00011707024532370269,4067,TAGTCC,6.683375886495924e-06,845,AGGGCN,0.08282514661550522,False,False,True,0.00026088207960128784,
6,13,85,head_3,degradation,1.0,1.0073424577713013,0,AAAAAN,2.0,4067,TAGTCC,2.052734375,4067,TAGTCC,2.052734375,0,AAAAAN,0.00011755937885027379,4067,TAGTCC,6.67495578454691e-06,845,AGGGCN,0.08271560072898865,False,False,True,-0.00011541694402694702,
6,14,85,head_3,degradation,1.046875,1.029152512550354,0,AAAAAN,2.0,4067,TAGTCC,2.0625,4067,TAGTCC,2.0625,0,AAAAAN,0.00011876792996190488,4067,TAGTCC,6.7287005549587775e-06,845,AGGGCN,0.08215754479169846,False,False,True,-0.0005064457654953003,
6,15,85,head_3,degradation,1.0,1.041184425354004,0,AAAAAN,2.0,4067,TAGTCC,2.052734375,4067,TAGTCC,2.052734375,0,AAAAAN,0.0001193438729387708,4067,TAGTCC,6.667578418273479e-06,845,AGGGCN,0.08286898583173752,False,False,True,-0.000509355217218399,
6,16,85,head_3,degradation,1.0,0.9918512105941772,0,AAAAAN,2.0,4067,TAGTCC,2.052734375,4067,TAGTCC,2.052734375,0,AAAAAN,0.00011656168499030173,4067,TAGTCC,6.497495178336976e-06,845,AGGGCN,0.08335848152637482,False,False,True,-0.0021947287023067474,
6,17,85,head_3,degradation,1.046875,0.9881404042243958,0,AAAAAN,2.0,4067,TAGTCC,2.0625,4067,TAGTCC,2.0625,0,AAAAAN,0.0001165851645055227,4067,TAGTCC,6.7174578362028114e-06,845,AGGGCN,0.08135446906089783,False,False,True,-0.0016974285244941711,
6,18,85,head_3,degradation,1.046875,1.0056301355361938,0,AAAAAN,2.0,4067,TAGTCC,2.0625,4067,TAGTCC,2.0625,0,AAAAAN,0.0001175138822873123,4067,TAGTCC,6.720124019921059e-06,845,AGGGCN,0.08080274611711502,False,False,True,-0.0019514411687850952,
6,19,85,head_3,degradation,1.037109375,1.0327236652374268,0,AAAAAN,2.0,4067,TAGTCC,2.060546875,4067,TAGTCC,2.060546875,0,AAAAAN,0.00011909788008779287,4067,TAGTCC,6.869566732348176e-06,845,AGGGCN,0.08056089282035828,False,False,True,0.0004760175943374634,
6,20,85,head_3,degradation,0.9814453125,1.0144692659378052,0,AAAAAN,2.0,4067,TAGTCC,2.048828125,4067,TAGTCC,2.048828125,0,AAAAAN,0.00011788884148700163,4067,TAGTCC,6.62706816001446e-06,845,AGGGCN,0.08206366747617722,False,False,True,0.0006643645465373993,
6,21,85,head_3,degradation,1.009765625,1.0491666793823242,0,AAAAAN,2.0,4067,TAGTCC,2.0546875,4067,TAGTCC,2.0546875,0,AAAAAN,0.00011984135926468298,4067,TAGTCC,6.7424225562717766e-06,845,AGGGCN,0.08183936774730682,False,False,True,0.004600994288921356,
6,22,85,head_3,degradation,1.0,1.0043365955352783,0,AAAAAN,2.0,4067,TAGTCC,2.052734375,4067,TAGTCC,2.052734375,0,AAAAAN,0.0001174087738036178,4067,TAGTCC,6.68350230625947e-06,845,AGGGCN,0.08161729574203491,False,False,True,0.004509046673774719,
6,23,85,head_3,degradation,1.0283203125,1.0254173278808594,0,AAAAAN,2.0,4067,TAGTCC,2.05859375,4067,TAGTCC,2.05859375,0,AAAAAN,0.000118556126835756,4067,TAGTCC,6.714672508678632e-06,845,AGGGCN,0.08159661293029785,False,False,True,0.002707798033952713,
6,24,85,head_3,degradation,1.009765625,0.9881883263587952,0,AAAAAN,2.0,4067,TAGTCC,2.0546875,4067,TAGTCC,2.0546875,0,AAAAAN,0.00011650736269075423,4067,TAGTCC,6.637113983742893e-06,845,AGGGCN,0.0828404426574707,False,False,True,-0.0008993670344352722,
6,25,85,head_3,degradation,1.046875,1.0036934614181519,0,AAAAAN,2.0,4067,TAGTCC,2.0625,4067,TAGTCC,2.0625,0,AAAAAN,0.00011739039473468438,4067,TAGTCC,6.699176083202474e-06,845,AGGGCN,0.08326229453086853,False,False,True,-0.00039833784103393555,
6,26,85,head_3,degradation,1.009765625,1.0115840435028076,0,AAAAAN,2.0,4067,TAGTCC,2.0546875,4067,TAGTCC,2.0546875,0,AAAAAN,0.00011780070781242102,4067,TAGTCC,6.691697763017146e-06,845,AGGGCN,0.08221781253814697,False,False,True,0.00023151561617851257,
6,27,85,head_3,degradation,1.009765625,1.0054887533187866,0,AAAAAN,2.0,4067,TAGTCC,2.0546875,4067,TAGTCC,2.0546875,0,AAAAAN,0.0001174797143903561,4067,TAGTCC,6.693447176076006e-06,845,AGGGCN,0.08158690482378006,False,False,True,0.00016865134239196777,
6,28,85,head_3,degradation,0.9814453125,1.0181933641433716,0,AAAAAN,2.0,4067,TAGTCC,2.048828125,4067,TAGTCC,2.048828125,0,AAAAAN,0.00011810998694272712,4067,TAGTCC,6.65102470520651e-06,845,AGGGCN,0.08156535774469376,False,False,True,0.000314515084028244,
6,29,85,head_3,degradation,0.99072265625,1.0146173238754272,0,AAAAAN,2.0,4067,TAGTCC,2.05078125,4067,TAGTCC,2.05078125,0,AAAAAN,0.00011793943849625066,4067,TAGTCC,6.669827598670963e-06,845,AGGGCN,0.08187870681285858,False,False,True,0.00045339763164520264,
6,30,85,head_3,degradation,0.99072265625,1.0022050142288208,0,AAAAAN,2.0,4067,TAGTCC,2.05078125,4067,TAGTCC,2.05078125,0,AAAAAN,0.00011723562056431547,4067,TAGTCC,6.623215085710399e-06,845,AGGGCN,0.08269194513559341,False,False,True,0.00044232234358787537,
6,31,85,head_3,degradation,1.009765625,0.9854140281677246,0,AAAAAN,2.0,4067,TAGTCC,2.0546875,4067,TAGTCC,2.0546875,0,AAAAAN,0.0001163242559414357,4067,TAGTCC,6.600901087949751e-06,845,AGGGCN,0.08330298960208893,False,False,True,0.0005020014941692352,
6,32,85,head_3,degradation,1.0185546875,1.0028553009033203,0,AAAAAN,2.0,4067,TAGTCC,2.056640625,4067,TAGTCC,2.056640625,0,AAAAAN,0.00011731569247785956,4067,TAGTCC,6.668856713076821e-06,845,AGGGCN,0.08208943903446198,False,False,True,0.0006385110318660736,
6,33,85,head_3,degradation,1.009765625,0.9998932480812073,0,AAAAAN,2.0,4067,TAGTCC,2.0546875,4067,TAGTCC,2.0546875,0,AAAAAN,0.00011714705033227801,4067,TAGTCC,6.657051926595159e-06,845,AGGGCN,0.08258911967277527,False,False,True,0.0006679967045783997,
6,34,85,head_3,degradation,0.9814453125,1.0260905027389526,0,AAAAAN,2.0,4067,TAGTCC,2.048828125,4067,TAGTCC,2.048828125,0,AAAAAN,0.00011854850890813395,4067,TAGTCC,6.671413757430855e-06,845,AGGGCN,0.0816187635064125,False,False,True,0.0006464645266532898,
6,35,85,head_3,degradation,1.0,1.0296319723129272,0,AAAAAN,2.0,4067,TAGTCC,2.052734375,4067,TAGTCC,2.052734375,0,AAAAAN,0.00011872436152771115,4067,TAGTCC,6.659749942627968e-06,845,AGGGCN,0.08122759312391281,False,False,True,0.00063290074467659,
6,36,85,head_3,degradation,0.99072265625,1.0128158330917358,0,AAAAAN,2.0,4067,TAGTCC,2.05078125,4067,TAGTCC,2.05078125,0,AAAAAN,0.0001178020829684101,4067,TAGTCC,6.627851234952686e-06,845,AGGGCN,0.08116919547319412,False,False,True,0.000548630952835083,
6,37,85,head_3,degradation,0.99072265625,0.9708698391914368,0,AAAAAN,2.0,4067,TAGTCC,2.05078125,4067,TAGTCC,2.05078125,0,AAAAAN,0.00011554443335626274,4067,TAGTCC,6.591167220904026e-06,845,AGGGCN,0.08173807710409164,False,False,True,-0.00020116940140724182,
6,38,85,head_3,degradation,0.9814453125,0.9693347811698914,0,AAAAAN,2.0,4067,TAGTCC,2.048828125,4067,TAGTCC,2.048828125,0,AAAAAN,0.00011542132415343076,4067,TAGTCC,6.5493381953274366e-06,845,AGGGCN,0.08279264718294144,False,False,True,-0.00028710439801216125,
6,39,85,head_3,degradation,1.0,1.0029804706573486,0,AAAAAN,2.0,4067,TAGTCC,2.052734375,4067,TAGTCC,2.052734375,0,AAAAAN,0.0001173188429675065,4067,TAGTCC,6.665378805337241e-06,845,AGGGCN,0.0830061063170433,False,False,True,-0.00015029683709144592,
6,40,85,head_3,degradation,1.0654296875,1.0245435237884521,0,AAAAAN,2.0,4067,TAGTCC,2.06640625,4067,TAGTCC,2.06640625,0,AAAAAN,0.00011850795999635011,4067,TAGTCC,6.712766207783716e-06,845,AGGGCN,0.08310364186763763,False,False,True,0.0008522830903530121,
6,41,85,head_3,degradation,1.046875,1.0371952056884766,0,AAAAAN,2.0,4067,TAGTCC,2.0625,4067,TAGTCC,2.0625,0,AAAAAN,0.00011917821393581107,4067,TAGTCC,6.713138191116741e-06,845,AGGGCN,0.08276910334825516,False,False,True,0.0009478256106376648,
6,42,85,head_3,degradation,1.0654296875,1.0326366424560547,0,AAAAAN,2.0,4067,TAGTCC,2.06640625,4067,TAGTCC,2.06640625,0,AAAAAN,0.00011898723460035399,4067,TAGTCC,6.763536021026084e-06,845,AGGGCN,0.0831017792224884,False,False,True,0.0008811615407466888,
6,43,85,head_3,degradation,1.046875,1.005078911781311,0,AAAAAN,2.0,4067,TAGTCC,2.0625,4067,TAGTCC,2.0625,0,AAAAAN,0.00011752300633816049,4067,TAGTCC,6.758432391507085e-06,845,AGGGCN,0.08273039758205414,False,False,True,5.529820919036865e-05,
6,44,85,head_3,degradation,1.037109375,0.9971777200698853,0,AAAAAN,2.0,4067,TAGTCC,2.060546875,4067,TAGTCC,2.060546875,0,AAAAAN,0.0001170776376966387,4067,TAGTCC,6.731419489369728e-06,845,AGGGCN,0.08246716111898422,False,False,True,-8.872523903846741e-05,
6,45,85,head_3,degradation,1.009765625,1.018600344657898,0,AAAAAN,2.0,4067,TAGTCC,2.0546875,4067,TAGTCC,2.0546875,0,AAAAAN,0.0001182251944555901,4067,TAGTCC,6.744692655047402e-06,845,AGGGCN,0.08124475926160812,False,False,True,7.431581616401672e-05,
6,46,85,head_3,degradation,0.9814453125,1.0188380479812622,0,AAAAAN,2.0,4067,TAGTCC,2.048828125,4067,TAGTCC,2.048828125,0,AAAAAN,0.00011817133781732991,4067,TAGTCC,6.6782413341570646e-06,845,AGGGCN,0.08060038089752197,False,False,True,1.806393265724182e-05,
6,47,85,head_3,degradation,0.96240234375,1.021751880645752,0,AAAAAN,2.0,4067,TAGTCC,2.044921875,4067,TAGTCC,2.044921875,0,AAAAAN,0.00011821991938631982,4067,TAGTCC,6.572549864358734e-06,845,AGGGCN,0.07659196853637695,False,False,True,0.0014980584383010864,
6,48,85,head_3,degradation,0.99072265625,1.0090292692184448,0,AAAAAN,2.0,4067,TAGTCC,2.05078125,4067,TAGTCC,2.05078125,0,AAAAAN,0.00011755344166886061,4067,TAGTCC,6.57970895190374e-06,845,AGGGCN,0.07756514847278595,False,False,True,0.001581333577632904,
6,49,85,head_3,degradation,1.009765625,1.0324678421020508,0,AAAAAN,2.0,4067,TAGTCC,2.0546875,4067,TAGTCC,2.0546875,0,AAAAAN,0.00011891428584931418,4067,TAGTCC,6.699517143715639e-06,845,AGGGCN,0.078604556620121,False,False,True,0.0015674680471420288,
6,50,85,head_3,degradation,1.046875,1.039511799812317,0,AAAAAN,2.0,4067,TAGTCC,2.0625,4067,TAGTCC,2.0625,0,AAAAAN,0.00011940415424760431,4067,TAGTCC,6.816426321165636e-06,845,AGGGCN,0.08209508657455444,False,False,True,-0.0001777857542037964,
6,51,85,head_3,degradation,1.009765625,1.0328561067581177,0,AAAAAN,2.0,4067,TAGTCC,2.0546875,4067,TAGTCC,2.0546875,0,AAAAAN,0.00011894992348970845,4067,TAGTCC,6.71460475132335e-06,845,AGGGCN,0.08241664618253708,False,False,True,-9.977445006370544e-05,
7,0,85,head_3,degradation,1.009765625,1.0177994966506958,0,AAAAAN,2.0,4067,TAGTCC,2.0546875,4067,TAGTCC,2.0546875,0,AAAAAN,0.00011812600132543594,4067,TAGTCC,6.687899713142542e-06,845,AGGGCN,0.08213096857070923,False,False,True,0.0001309998333454132,
7,1,85,head_3,degradation,1.0,0.9951978325843811,0,AAAAAN,2.0,4067,TAGTCC,2.052734375,4067,TAGTCC,2.052734375,0,AAAAAN,0.00011688005179166794,4067,TAGTCC,6.638663762714714e-06,845,AGGGCN,0.08249900490045547,False,False,True,-5.4389238357543945e-06,
7,2,85,head_3,degradation,0.99072265625,0.9781955480575562,0,AAAAAN,2.0,4067,TAGTCC,2.05078125,4067,TAGTCC,2.05078125,0,AAAAAN,0.00011592972441576421,4067,TAGTCC,6.588575615751324e-06,845,AGGGCN,0.08178821206092834,False,False,True,6.28642737865448e-05,
7,3,85,head_3,degradation,1.0,0.9855858087539673,0,AAAAAN,2.0,4067,TAGTCC,2.052734375,4067,TAGTCC,2.052734375,0,AAAAAN,0.00011637454736046493,4067,TAGTCC,6.642094831477152e-06,845,AGGGCN,0.08171960711479187,False,False,True,0.00012789294123649597,
7,4,85,head_3,degradation,1.0,0.9878011345863342,0,AAAAAN,2.0,4067,TAGTCC,2.052734375,4067,TAGTCC,2.052734375,0,AAAAAN,0.00011650989472400397,4067,TAGTCC,6.660151484538801e-06,845,AGGGCN,0.08141119033098221,False,False,True,0.00014797598123550415,
7,5,85,head_3,degradation,1.009765625,1.0063320398330688,0,AAAAAN,2.0,4067,TAGTCC,2.0546875,4067,TAGTCC,2.0546875,0,AAAAAN,0.0001174957724288106,4067,TAGTCC,6.6648476604314055e-06,845,AGGGCN,0.0827794000506401,False,False,True,0.00010253116488456726,
7,6,85,head_3,degradation,1.009765625,0.9961779117584229,0,AAAAAN,2.0,4067,TAGTCC,2.0546875,4067,TAGTCC,2.0546875,0,AAAAAN,0.00011694816203089431,4067,TAGTCC,6.654885055468185e-06,845,AGGGCN,0.08221271634101868,False,False,True,0.00021075457334518433,
7,7,85,head_3,degradation,1.0,1.0016971826553345,0,AAAAAN,2.0,4067,TAGTCC,2.052734375,4067,TAGTCC,2.052734375,0,AAAAAN,0.00011724336945917457,4067,TAGTCC,6.657850008195965e-06,845,AGGGCN,0.08248820155858994,False,False,True,-4.2710453271865845e-05,
7,8,85,head_3,degradation,1.0,0.9987542033195496,0,AAAAAN,2.0,4067,TAGTCC,2.052734375,4067,TAGTCC,2.052734375,0,AAAAAN,0.00011706272925948724,4067,TAGTCC,6.633038083236897e-06,845,AGGGCN,0.08256494253873825,False,False,True,0.00023385509848594666,
7,9,85,head_3,degradation,1.0,0.9936292171478271,0,AAAAAN,2.0,4067,TAGTCC,2.052734375,4067,TAGTCC,2.052734375,0,AAAAAN,0.00011679650197038427,4067,TAGTCC,6.638170816586353e-06,845,AGGGCN,0.0827803686261177,False,False,True,-5.262717604637146e-05,
7,10,85,head_3,degradation,1.009765625,1.00856614112854,0,AAAAAN,2.0,4067,TAGTCC,2.0546875,4067,TAGTCC,2.0546875,0,AAAAAN,0.00011762267240555957,4067,TAGTCC,6.673458756267792e-06,845,AGGGCN,0.08217877149581909,False,False,True,6.400048732757568e-06,
7,11,85,head_3,degradation,1.0,1.0027376413345337,0,AAAAAN,2.0,4067,TAGTCC,2.052734375,4067,TAGTCC,2.052734375,0,AAAAAN,0.0001172798583866097,4067,TAGTCC,6.639252205786761e-06,845,AGGGCN,0.08248366415500641,False,False,True,-3.549829125404358e-05,
7,12,85,head_3,degradation,1.0,1.0059741735458374,0,AAAAAN,2.0,4067,TAGTCC,2.052734375,4067,TAGTCC,2.052734375,0,AAAAAN,0.0001174535573227331,4067,TAGTCC,6.641578238486545e-06,845,AGGGCN,0.08235412836074829,False,False,True,0.00011787563562393188,
7,13,85,head_3,degradation,1.009765625,1.0097007751464844,0,AAAAAN,2.0,4067,TAGTCC,2.0546875,4067,TAGTCC,2.0546875,0,AAAAAN,0.00011767386604333296,4067,TAGTCC,6.664570719294716e-06,845,AGGGCN,0.08216437697410583,False,False,True,-0.0001239776611328125,
7,14,85,head_3,degradation,1.009765625,1.0063753128051758,0,AAAAAN,2.0,4067,TAGTCC,2.0546875,4067,TAGTCC,2.0546875,0,AAAAAN,0.00011751156125683337,4067,TAGTCC,6.67834683554247e-06,845,AGGGCN,0.08243755996227264,False,False,True,-8.349865674972534e-05,
7,15,85,head_3,degradation,1.009765625,0.9974322319030762,0,AAAAAN,2.0,4067,TAGTCC,2.0546875,4067,TAGTCC,2.0546875,0,AAAAAN,0.00011700611503329128,4067,TAGTCC,6.646422207268188e-06,845,AGGGCN,0.08264850825071335,False,False,True,-0.00017828866839408875,
7,16,85,head_3,degradation,0.9814453125,1.0014187097549438,0,AAAAAN,2.0,4067,TAGTCC,2.048828125,4067,TAGTCC,2.048828125,0,AAAAAN,0.00011721935152309015,4067,TAGTCC,6.6485822571848985e-06,845,AGGGCN,0.08290787041187286,False,False,True,0.00018231570720672607,
7,17,85,head_3,degradation,0.99072265625,0.9955184459686279,0,AAAAAN,2.0,4067,TAGTCC,2.05078125,4067,TAGTCC,2.05078125,0,AAAAAN,0.00011688433733070269,4067,TAGTCC,6.6259722188988235e-06,845,AGGGCN,0.08263558149337769,False,False,True,0.00014740228652954102,
7,18,85,head_3,degradation,1.0,1.0144582986831665,0,AAAAAN,2.0,4067,TAGTCC,2.052734375,4067,TAGTCC,2.052734375,0,AAAAAN,0.00011791438737418503,4067,TAGTCC,6.653190212091431e-06,845,AGGGCN,0.08244295418262482,False,False,True,8.203089237213135e-06,
7,19,85,head_3,degradation,0.97216796875,0.9895724058151245,0,AAAAAN,2.0,4067,TAGTCC,2.046875,4067,TAGTCC,2.046875,0,AAAAAN,0.00011652973626041785,4067,TAGTCC,6.586202744074399e-06,845,AGGGCN,0.0817113146185875,False,False,True,-0.00023211166262626648,
7,20,85,head_3,degradation,0.9814453125,0.9801245927810669,0,AAAAAN,2.0,4067,TAGTCC,2.048828125,4067,TAGTCC,2.048828125,0,AAAAAN,0.0001160294923465699,4067,TAGTCC,6.586205927305855e-06,845,AGGGCN,0.08175624907016754,False,False,True,-0.00040011852979660034,
7,21,85,head_3,degradation,0.97216796875,0.9844011664390564,0,AAAAAN,2.0,4067,TAGTCC,2.046875,4067,TAGTCC,2.046875,0,AAAAAN,0.00011624697799561545,4067,TAGTCC,6.577254680451006e-06,845,AGGGCN,0.08228281140327454,False,False,True,-0.0013733059167861938,
7,22,85,head_3,degradation,1.0,0.9867275953292847,0,AAAAAN,2.0,4067,TAGTCC,2.052734375,4067,TAGTCC,2.052734375,0,AAAAAN,0.00011641422315733507,4067,TAGTCC,6.621316060773097e-06,845,AGGGCN,0.08254970610141754,False,False,True,-0.0012405961751937866,
7,23,85,head_3,degradation,1.009765625,1.0260822772979736,0,AAAAAN,2.0,4067,TAGTCC,2.0546875,4067,TAGTCC,2.0546875,0,AAAAAN,0.00011855860793730244,4067,TAGTCC,6.6819502535508946e-06,845,AGGGCN,0.08296934515237808,False,False,True,-0.0009552538394927979,
7,24,85,head_3,degradation,1.009765625,1.0301313400268555,0,AAAAAN,2.0,4067,TAGTCC,2.0546875,4067,TAGTCC,2.0546875,0,AAAAAN,0.0001187437737826258,4067,TAGTCC,6.652723186562071e-06,845,AGGGCN,0.08308879286050797,False,False,True,7.293000817298889e-05,
7,25,85,head_3,degradation,1.009765625,1.0132877826690674,0,AAAAAN,2.0,4067,TAGTCC,2.0546875,4067,TAGTCC,2.0546875,0,AAAAAN,0.00011784098023781553,4067,TAGTCC,6.641764684900409e-06,845,AGGGCN,0.08300996571779251,False,False,True,0.00017665699124336243,
7,26,85,head_3,degradation,1.0283203125,1.0079599618911743,0,AAAAAN,2.0,4067,TAGTCC,2.05859375,4067,TAGTCC,2.05859375,0,AAAAAN,0.00011761759378714487,4067,TAGTCC,6.7004752963839564e-06,845,AGGGCN,0.08280709385871887,False,False,True,-0.0001730881631374359,
7,27,85,head_3,degradation,1.0,1.0156315565109253,0,AAAAAN,2.0,4067,TAGTCC,2.052734375,4067,TAGTCC,2.052734375,0,AAAAAN,0.00011799140338553116,4067,TAGTCC,6.668087280559121e-06,845,AGGGCN,0.0827237069606781,False,False,True,-1.0278075933456421e-05,
7,28,85,head_3,degradation,1.0,0.9911932349205017,0,AAAAAN,2.0,4067,TAGTCC,2.052734375,4067,TAGTCC,2.052734375,0,AAAAAN,0.00011668165097944438,4067,TAGTCC,6.65229708829429e-06,845,AGGGCN,0.08249478787183762,False,False,True,-9.164959192276001e-05,
7,29,85,head_3,degradation,1.0,0.9929143786430359,0,AAAAAN,2.0,4067,TAGTCC,2.052734375,4067,TAGTCC,2.052734375,0,AAAAAN,0.00011674566485453397,4067,TAGTCC,6.625185051234439e-06,845,AGGGCN,0.08279233425855637,False,False,True,-7.493793964385986e-05,
7,30,85,head_3,degradation,0.9814453125,0.985549807548523,0,AAAAAN,2.0,4067,TAGTCC,2.048828125,4067,TAGTCC,2.048828125,0,AAAAAN,0.00011635901319095865,4067,TAGTCC,6.628472874581348e-06,845,AGGGCN,0.08246775716543198,False,False,True,0.00014590471982955933,
7,31,85,head_3,degradation,1.0,0.9947960376739502,0,AAAAAN,2.0,4067,TAGTCC,2.052734375,4067,TAGTCC,2.052734375,0,AAAAAN,0.00011684079800033942,4067,TAGTCC,6.620682142965961e-06,845,AGGGCN,0.08257707208395004,False,False,True,-0.00037321820855140686,
7,32,85,head_3,degradation,1.0,0.9810484647750854,0,AAAAAN,2.0,4067,TAGTCC,2.052734375,4067,TAGTCC,2.052734375,0,AAAAAN,0.00011613628885243088,4067,TAGTCC,6.644086170126684e-06,845,AGGGCN,0.0826774388551712,False,False,True,-0.0005222707986831665,
7,33,85,head_3,degradation,1.0,0.9729459285736084,0,AAAAAN,2.0,4067,TAGTCC,2.052734375,4067,TAGTCC,2.052734375,0,AAAAAN,0.00011571366485441104,4067,TAGTCC,6.650473551417235e-06,845,AGGGCN,0.08301503956317902,False,False,True,-0.0007114224135875702,
7,34,85,head_3,degradation,1.037109375,0.973422110080719,0,AAAAAN,2.0,4067,TAGTCC,2.060546875,4067,TAGTCC,2.060546875,0,AAAAAN,0.00011577145050978288,4067,TAGTCC,6.683049377897987e-06,845,AGGGCN,0.08198370784521103,False,False,True,-3.191456198692322e-05,
7,35,85,head_3,degradation,1.046875,0.970744788646698,0,AAAAAN,2.0,4067,TAGTCC,2.0625,4067,TAGTCC,2.0625,0,AAAAAN,0.00011566716420929879,4067,TAGTCC,6.720516921632225e-06,845,AGGGCN,0.08228064328432083,False,False,True,8.315965533256531e-05,
7,36,85,head_3,degradation,1.046875,0.9847428798675537,0,AAAAAN,2.0,4067,TAGTCC,2.0625,4067,TAGTCC,2.0625,0,AAAAAN,0.00011638736032182351,4067,TAGTCC,6.699541245325236e-06,845,AGGGCN,0.08244506269693375,False,False,True,4.5981258153915405e-05,
7,37,85,head_3,degradation,1.0,1.0057222843170166,0,AAAAAN,2.0,4067,TAGTCC,2.052734375,4067,TAGTCC,2.052734375,0,AAAAAN,0.00011744027870008722,4067,TAGTCC,6.641638265136862e-06,845,AGGGCN,0.08278828859329224,False,False,True,-2.1550804376602173e-05,
7,38,85,head_3,degradation,0.9814453125,1.0167365074157715,0,AAAAAN,2.0,4067,TAGTCC,2.048828125,4067,TAGTCC,2.048828125,0,AAAAAN,0.0001180342587758787,4067,TAGTCC,6.6524394242151175e-06,845,AGGGCN,0.08277396112680435,False,False,True,5.170702934265137e-06,
7,39,85,head_3,degradation,0.9814453125,1.0171815156936646,0,AAAAAN,2.0,4067,TAGTCC,2.048828125,4067,TAGTCC,2.048828125,0,AAAAAN,0.00011808398267021403,4067,TAGTCC,6.678600129816914e-06,845,AGGGCN,0.08339211344718933,False,False,True,-5.340576171875e-05,
7,40,85,head_3,degradation,0.97216796875,0.9836750626564026,0,AAAAAN,2.0,4067,TAGTCC,2.046875,4067,TAGTCC,2.046875,0,AAAAAN,0.0001162835760624148,4067,TAGTCC,6.652298452536343e-06,845,AGGGCN,0.08310630172491074,False,False,True,-0.0003432445228099823,
7,41,85,head_3,degradation,0.9814453125,0.983780562877655,0,AAAAAN,2.0,4067,TAGTCC,2.048828125,4067,TAGTCC,2.048828125,0,AAAAAN,0.00011629401706159115,4067,TAGTCC,6.6571533352544066e-06,845,AGGGCN,0.08275438100099564,False,False,True,7.257238030433655e-05,
7,42,85,head_3,degradation,1.009765625,0.9770264029502869,0,AAAAAN,2.0,4067,TAGTCC,2.0546875,4067,TAGTCC,2.0546875,0,AAAAAN,0.00011595321848290041,4067,TAGTCC,6.6739758040057495e-06,845,AGGGCN,0.08263783901929855,False,False,True,-0.00010617449879646301,
7,43,85,head_3,degradation,1.0283203125,0.9998857975006104,0,AAAAAN,2.0,4067,TAGTCC,2.05859375,4067,TAGTCC,2.05859375,0,AAAAAN,0.00011721366172423586,4067,TAGTCC,6.724050763295963e-06,845,AGGGCN,0.08269916474819183,False,False,True,0.00021076202392578125,
7,44,85,head_3,degradation,1.0283203125,0.987584114074707,0,AAAAAN,2.0,4067,TAGTCC,2.05859375,4067,TAGTCC,2.05859375,0,AAAAAN,0.00011653917317744344,4067,TAGTCC,6.700913672830211e-06,845,AGGGCN,0.08294402807950974,False,False,True,7.537752389907837e-05,
7,45,85,head_3,degradation,1.009765625,0.9835468530654907,0,AAAAAN,2.0,4067,TAGTCC,2.0546875,4067,TAGTCC,2.0546875,0,AAAAAN,0.00011631714005488902,4067,TAGTCC,6.692649549222551e-06,845,AGGGCN,0.08239028602838516,False,False,True,-0.00011740624904632568,
7,46,85,head_3,degradation,1.009765625,0.988847553730011,0,AAAAAN,2.0,4067,TAGTCC,2.0546875,4067,TAGTCC,2.0546875,0,AAAAAN,0.00011659476876957342,4067,TAGTCC,6.6896163843921386e-06,845,AGGGCN,0.0816696360707283,False,False,True,-0.00010127201676368713,
7,47,85,head_3,degradation,1.009765625,0.9843050837516785,0,AAAAAN,2.0,4067,TAGTCC,2.0546875,4067,TAGTCC,2.0546875,0,AAAAAN,0.00011631508823484182,4067,TAGTCC,6.650449449807638e-06,845,AGGGCN,0.08261290937662125,False,False,True,3.5278499126434326e-05,
7,48,85,head_3,degradation,1.0,1.0067421197891235,0,AAAAAN,2.0,4067,TAGTCC,2.052734375,4067,TAGTCC,2.052734375,0,AAAAAN,0.00011754791921703145,4067,TAGTCC,6.695287538605044e-06,845,AGGGCN,0.08200131356716156,False,False,True,3.8120895624160767e-05,
7,49,85,head_3,degradation,1.0,0.996671199798584,0,AAAAAN,2.0,4067,TAGTCC,2.052734375,4067,TAGTCC,2.052734375,0,AAAAAN,0.00011695053399307653,4067,TAGTCC,6.631134056078736e-06,845,AGGGCN,0.08277074992656708,False,False,True,0.00013611465692520142,
7,50,85,head_3,degradation,0.99072265625,1.0134124755859375,0,AAAAAN,2.0,4067,TAGTCC,2.05078125,4067,TAGTCC,2.05078125,0,AAAAAN,0.00011788863776018843,4067,TAGTCC,6.6828233684645966e-06,845,AGGGCN,0.08245765417814255,False,False,True,1.5739351511001587e-05,
7,51,85,head_3,degradation,1.0,1.0025098323822021,0,AAAAAN,2.0,4067,TAGTCC,2.052734375,4067,TAGTCC,2.052734375,0,AAAAAN,0.00011730707774404436,4067,TAGTCC,6.678534646198386e-06,845,AGGGCN,0.08204333484172821,False,False,True,-7.82310962677002e-07,
8,0,85,head_3,degradation,1.0,0.9807028770446777,0,AAAAAN,2.0,4067,TAGTCC,2.052734375,4067,TAGTCC,2.052734375,0,AAAAAN,0.00011608625936787575,4067,TAGTCC,6.612353445234476e-06,845,AGGGCN,0.08282866328954697,False,False,True,-0.00021020323038101196,
8,1,85,head_3,degradation,0.97216796875,0.9826655983924866,0,AAAAAN,2.0,4067,TAGTCC,2.046875,4067,TAGTCC,2.046875,0,AAAAAN,0.00011618533608270809,4067,TAGTCC,6.607509931200184e-06,845,AGGGCN,0.08280075341463089,False,False,True,-0.00013080239295959473,
8,2,85,head_3,degradation,1.009765625,0.99867844581604,0,AAAAAN,2.0,4067,TAGTCC,2.0546875,4067,TAGTCC,2.0546875,0,AAAAAN,0.00011709715909091756,4067,TAGTCC,6.671478331554681e-06,845,AGGGCN,0.08276079595088959,False,False,True,-5.981326103210449e-05,
8,3,85,head_3,degradation,1.009765625,1.005873680114746,0,AAAAAN,2.0,4067,TAGTCC,2.0546875,4067,TAGTCC,2.0546875,0,AAAAAN,0.00011748211545636877,4067,TAGTCC,6.675455551885534e-06,845,AGGGCN,0.08244457095861435,False,False,True,9.07108187675476e-06,
8,4,85,head_3,degradation,1.0,1.0004290342330933,0,AAAAAN,2.0,4067,TAGTCC,2.052734375,4067,TAGTCC,2.052734375,0,AAAAAN,0.00011719112808350474,4067,TAGTCC,6.672756626358023e-06,845,AGGGCN,0.08242125809192657,False,False,True,9.339302778244019e-06,
8,5,85,head_3,degradation,0.97216796875,1.0053783655166626,0,AAAAAN,2.0,4067,TAGTCC,2.046875,4067,TAGTCC,2.046875,0,AAAAAN,0.00011739166075130925,4067,TAGTCC,6.611236130993348e-06,845,AGGGCN,0.08276158571243286,False,False,True,-1.2010335922241211e-05,
8,6,85,head_3,degradation,0.9814453125,0.9985824227333069,0,AAAAAN,2.0,4067,TAGTCC,2.048828125,4067,TAGTCC,2.048828125,0,AAAAAN,0.00011703042400768027,4067,TAGTCC,6.609825959458249e-06,845,AGGGCN,0.08246661722660065,False,False,True,-0.0002773851156234741,
8,7,85,head_3,degradation,0.9814453125,0.9890689253807068,0,AAAAAN,2.0,4067,TAGTCC,2.048828125,4067,TAGTCC,2.048828125,0,AAAAAN,0.0001165061621577479,4067,TAGTCC,6.589286840608111e-06,845,AGGGCN,0.08280167728662491,False,False,True,-0.00021139904856681824,
8,8,85,head_3,degradation,0.9814453125,0.9944162368774414,0,AAAAAN,2.0,4067,TAGTCC,2.048828125,4067,TAGTCC,2.048828125,0,AAAAAN,0.00011681563046295196,4067,TAGTCC,6.615628990402911e-06,845,AGGGCN,0.08279140293598175,False,False,True,-0.0001527443528175354,
8,9,85,head_3,degradation,1.0,1.006862759590149,0,AAAAAN,2.0,4067,TAGTCC,2.052734375,4067,TAGTCC,2.052734375,0,AAAAAN,0.00011755469313357025,4067,TAGTCC,6.6956727096112445e-06,845,AGGGCN,0.08227928727865219,False,False,True,0.00011757761240005493,
8,10,85,head_3,degradation,0.9814453125,1.0072635412216187,0,AAAAAN,2.0,4067,TAGTCC,2.048828125,4067,TAGTCC,2.048828125,0,AAAAAN,0.00011750747944461182,4067,TAGTCC,6.627233233302832e-06,845,AGGGCN,0.08249257504940033,False,False,True,3.970041871070862e-05,
8,11,85,head_3,degradation,1.0185546875,1.0170700550079346,0,AAAAAN,2.0,4067,TAGTCC,2.056640625,4067,TAGTCC,2.056640625,0,AAAAAN,0.00011811298463726416,4067,TAGTCC,6.713501534250099e-06,845,AGGGCN,0.0825112909078598,False,False,True,8.871406316757202e-05,
8,12,85,head_3,degradation,1.0,1.0110855102539062,0,AAAAAN,2.0,4067,TAGTCC,2.052734375,4067,TAGTCC,2.052734375,0,AAAAAN,0.00011777639883803204,4067,TAGTCC,6.693785508105066e-06,845,AGGGCN,0.08213064074516296,False,False,True,-0.00019161030650138855,
8,13,85,head_3,degradation,1.0,1.0203408002853394,0,AAAAAN,2.0,4067,TAGTCC,2.052734375,4067,TAGTCC,2.052734375,0,AAAAAN,0.00011826171248685569,4067,TAGTCC,6.689046131214127e-06,845,AGGGCN,0.08205737918615341,False,False,True,4.643946886062622e-05,
8,14,85,head_3,degradation,1.0,1.0138378143310547,0,AAAAAN,2.0,4067,TAGTCC,2.052734375,4067,TAGTCC,2.052734375,0,AAAAAN,0.00011789182462962344,4067,TAGTCC,6.663483418378746e-06,845,AGGGCN,0.0825631320476532,False,False,True,0.0002038814127445221,
8,15,85,head_3,degradation,1.0283203125,0.9953580498695374,0,AAAAAN,2.0,4067,TAGTCC,2.05859375,4067,TAGTCC,2.05859375,0,AAAAAN,0.00011691268446156755,4067,TAGTCC,6.662809937552083e-06,845,AGGGCN,0.0826253592967987,False,False,True,9.505078196525574e-05,
8,16,85,head_3,degradation,0.99072265625,1.0093436241149902,0,AAAAAN,2.0,4067,TAGTCC,2.05078125,4067,TAGTCC,2.05078125,0,AAAAAN,0.00011763555085053667,4067,TAGTCC,6.6451693783164956e-06,845,AGGGCN,0.08234091103076935,False,False,True,0.0005211159586906433,
8,17,85,head_3,degradation,0.9814453125,0.9992619156837463,0,AAAAAN,2.0,4067,TAGTCC,2.048828125,4067,TAGTCC,2.048828125,0,AAAAAN,0.00011708715464919806,4067,TAGTCC,6.630580173805356e-06,845,AGGGCN,0.08248897641897202,False,False,True,0.00044897571206092834,
8,18,85,head_3,degradation,1.0,1.0031644105911255,0,AAAAAN,2.0,4067,TAGTCC,2.052734375,4067,TAGTCC,2.052734375,0,AAAAAN,0.00011732098937500268,4067,TAGTCC,6.657787253061542e-06,845,AGGGCN,0.08239433169364929,False,False,True,-0.00019395723938941956,
8,19,85,head_3,degradation,1.0,0.9932957291603088,0,AAAAAN,2.0,4067,TAGTCC,2.052734375,4067,TAGTCC,2.052734375,0,AAAAAN,0.00011681045725708827,4067,TAGTCC,6.669783942925278e-06,845,AGGGCN,0.08310160785913467,False,False,True,-0.0009285174310207367,
8,20,85,head_3,degradation,0.99072265625,1.0138044357299805,0,AAAAAN,2.0,4067,TAGTCC,2.05078125,4067,TAGTCC,2.05078125,0,AAAAAN,0.00011790179996751249,4067,TAGTCC,6.675224085483933e-06,845,AGGGCN,0.08268359303474426,False,False,True,-0.0016652792692184448,
8,21,85,head_3,degradation,1.0185546875,1.0186309814453125,0,AAAAAN,2.0,4067,TAGTCC,2.056640625,4067,TAGTCC,2.056640625,0,AAAAAN,0.00011806171096395701,4067,TAGTCC,6.579586170119001e-06,845,AGGGCN,0.08330009132623672,False,False,True,-0.0018064342439174652,
8,22,85,head_3,degradation,1.046875,1.0075716972351074,0,AAAAAN,2.0,4067,TAGTCC,2.0625,4067,TAGTCC,2.0625,0,AAAAAN,0.00011751129932235926,4067,TAGTCC,6.614738140342524e-06,845,AGGGCN,0.0834142193198204,False,False,True,-0.0017333067953586578,
8,23,85,head_3,degradation,1.0654296875,1.0348619222640991,0,AAAAAN,2.0,4067,TAGTCC,2.06640625,4067,TAGTCC,2.06640625,0,AAAAAN,0.00011898161028511822,4067,TAGTCC,6.640079845965374e-06,845,AGGGCN,0.08399274945259094,False,False,True,-0.00018337368965148926,
8,24,85,head_3,degradation,1.037109375,1.0224528312683105,0,AAAAAN,2.0,4067,TAGTCC,2.060546875,4067,TAGTCC,2.060546875,0,AAAAAN,0.00011842863750644028,4067,TAGTCC,6.744147412973689e-06,845,AGGGCN,0.08283286541700363,False,False,True,0.0004962719976902008,
8,25,85,head_3,degradation,1.0,1.017116904258728,0,AAAAAN,2.0,4067,TAGTCC,2.052734375,4067,TAGTCC,2.052734375,0,AAAAAN,0.00011804443784058094,4067,TAGTCC,6.642479092988651e-06,845,AGGGCN,0.08338963240385056,False,False,True,0.0008071064949035645,
8,26,85,head_3,degradation,1.0,1.0274213552474976,0,AAAAAN,2.0,4067,TAGTCC,2.052734375,4067,TAGTCC,2.052734375,0,AAAAAN,0.00011862877727253363,4067,TAGTCC,6.681214927084511e-06,845,AGGGCN,0.08281601965427399,False,False,True,0.00029155611991882324,
8,27,85,head_3,degradation,1.0,1.0178465843200684,0,AAAAAN,2.0,4067,TAGTCC,2.052734375,4067,TAGTCC,2.052734375,0,AAAAAN,0.00011808902490884066,4067,TAGTCC,6.648427643085597e-06,845,AGGGCN,0.08331681787967682,False,False,True,0.0005702562630176544,
8,28,85,head_3,degradation,1.0,1.0109038352966309,0,AAAAAN,2.0,4067,TAGTCC,2.052734375,4067,TAGTCC,2.052734375,0,AAAAAN,0.00011774009180953726,4067,TAGTCC,6.667096386081539e-06,845,AGGGCN,0.08333976566791534,False,False,True,0.000521242618560791,
8,29,85,head_3,degradation,1.0,1.0117125511169434,0,AAAAAN,2.0,4067,TAGTCC,2.052734375,4067,TAGTCC,2.052734375,0,AAAAAN,0.00011778913903981447,4067,TAGTCC,6.673325970041333e-06,845,AGGGCN,0.08292534947395325,False,False,True,0.000615585595369339,
8,30,85,head_3,degradation,1.0,1.011210560798645,0,AAAAAN,2.0,4067,TAGTCC,2.052734375,4067,TAGTCC,2.052734375,0,AAAAAN,0.00011775299935834482,4067,TAGTCC,6.663763542746892e-06,845,AGGGCN,0.08291508257389069,False,False,True,0.0003220401704311371,
8,31,85,head_3,degradation,1.0,0.9987459182739258,0,AAAAAN,2.0,4067,TAGTCC,2.052734375,4067,TAGTCC,2.052734375,0,AAAAAN,0.00011706205259542912,4067,TAGTCC,6.632797976635629e-06,845,AGGGCN,0.08212219178676605,False,False,True,0.00025146082043647766,
8,32,85,head_3,degradation,0.9814453125,1.0098605155944824,0,AAAAAN,2.0,4067,TAGTCC,2.048828125,4067,TAGTCC,2.048828125,0,AAAAAN,0.00011759199696825817,4067,TAGTCC,6.574247890966944e-06,845,AGGGCN,0.08330100774765015,False,False,True,0.00013742968440055847,
8,33,85,head_3,degradation,0.9814453125,0.9915930032730103,0,AAAAAN,2.0,4067,TAGTCC,2.048828125,4067,TAGTCC,2.048828125,0,AAAAAN,0.00011661677854135633,4067,TAGTCC,6.5662570705171674e-06,845,AGGGCN,0.0833648070693016,False,False,True,-0.00025430694222450256,
8,34,85,head_3,degradation,0.9814453125,0.9709137082099915,0,AAAAAN,2.0,4067,TAGTCC,2.048828125,4067,TAGTCC,2.048828125,0,AAAAAN,0.0001155271238530986,4067,TAGTCC,6.5715321397874504e-06,845,AGGGCN,0.08333772420883179,False,False,True,-0.0010093636810779572,
8,35,85,head_3,degradation,0.97216796875,0.9678802490234375,0,AAAAAN,2.0,4067,TAGTCC,2.046875,4067,TAGTCC,2.046875,0,AAAAAN,0.00011539446859387681,4067,TAGTCC,6.599495463888161e-06,845,AGGGCN,0.08225465565919876,False,False,True,-0.0009074248373508453,
8,36,85,head_3,degradation,0.99072265625,0.97435063123703,0,AAAAAN,2.0,4067,TAGTCC,2.05078125,4067,TAGTCC,2.05078125,0,AAAAAN,0.00011578697740333155,4067,TAGTCC,6.649410806858214e-06,845,AGGGCN,0.08130697906017303,False,False,True,-0.0005297549068927765,
8,37,85,head_3,degradation,1.009765625,0.9669188857078552,0,AAAAAN,2.0,4067,TAGTCC,2.0546875,4067,TAGTCC,2.0546875,0,AAAAAN,0.00011536654346855357,4067,TAGTCC,6.622473847528454e-06,845,AGGGCN,0.08160974085330963,False,False,True,0.0001241341233253479,
8,38,85,head_3,degradation,0.99072265625,0.9378384947776794,0,AAAAAN,2.0,4067,TAGTCC,2.05078125,4067,TAGTCC,2.05078125,0,AAAAAN,0.0001137957297032699,4067,TAGTCC,6.59141551295761e-06,845,AGGGCN,0.08101104944944382,False,False,True,-0.00018664449453353882,
8,39,85,head_3,degradation,1.009765625,0.9468323588371277,0,AAAAAN,2.0,4067,TAGTCC,2.0546875,4067,TAGTCC,2.0546875,0,AAAAAN,0.00011428791913203895,4067,TAGTCC,6.607389423152199e-06,845,AGGGCN,0.08160765469074249,False,False,True,-0.0002400018274784088,
8,40,85,head_3,degradation,1.0,0.9876254796981812,0,AAAAAN,2.0,4067,TAGTCC,2.052734375,4067,TAGTCC,2.052734375,0,AAAAAN,0.00011646205530269071,4067,TAGTCC,6.6216102823091205e-06,845,AGGGCN,0.0816464051604271,False,False,True,-9.167194366455078e-05,
8,41,85,head_3,degradation,0.9814453125,1.0058640241622925,0,AAAAAN,2.0,4067,TAGTCC,2.048828125,4067,TAGTCC,2.048828125,0,AAAAAN,0.00011739930050680414,4067,TAGTCC,6.5931567405641545e-06,845,AGGGCN,0.08214293420314789,False,False,True,6.026029586791992e-05,
8,42,85,head_3,degradation,1.0,0.990142285823822,0,AAAAAN,2.0,4067,TAGTCC,2.052734375,4067,TAGTCC,2.052734375,0,AAAAAN,0.0001166344663943164,4067,TAGTCC,6.660764029220445e-06,845,AGGGCN,0.08208730816841125,False,False,True,9.708106517791748e-06,
8,43,85,head_3,degradation,1.0185546875,1.006667971611023,0,AAAAAN,2.0,4067,TAGTCC,2.056640625,4067,TAGTCC,2.056640625,0,AAAAAN,0.00011758151231333613,4067,TAGTCC,6.7328019213164225e-06,845,AGGGCN,0.08310822397470474,False,False,True,-9.134039282798767e-05,
8,44,85,head_3,degradation,1.0283203125,1.006848931312561,0,AAAAAN,2.0,4067,TAGTCC,2.05859375,4067,TAGTCC,2.05859375,0,AAAAAN,0.00011759886547224596,4067,TAGTCC,6.740569915564265e-06,845,AGGGCN,0.08312810212373734,False,False,True,-0.00013258308172225952,
8,45,85,head_3,degradation,0.9814453125,1.0308024883270264,0,AAAAAN,2.0,4067,TAGTCC,2.048828125,4067,TAGTCC,2.048828125,0,AAAAAN,0.00011883708066307008,4067,TAGTCC,6.7104924710292835e-06,845,AGGGCN,0.08365296572446823,False,False,True,3.5278499126434326e-05,
8,46,85,head_3,degradation,0.9814453125,1.0166088342666626,0,AAAAAN,2.0,4067,TAGTCC,2.048828125,4067,TAGTCC,2.048828125,0,AAAAAN,0.00011803720553871244,4067,TAGTCC,6.662139639956877e-06,845,AGGGCN,0.0828973650932312,False,False,True,3.7517398595809937e-05,
8,47,85,head_3,degradation,0.9814453125,0.994123637676239,0,AAAAAN,2.0,4067,TAGTCC,2.048828125,4067,TAGTCC,2.048828125,0,AAAAAN,0.00011683972115861252,4067,TAGTCC,6.655209745076718e-06,845,AGGGCN,0.08234479278326035,False,False,True,0.0001575760543346405,
8,48,85,head_3,degradation,1.0,0.9851980209350586,0,AAAAAN,2.0,4067,TAGTCC,2.052734375,4067,TAGTCC,2.052734375,0,AAAAAN,0.0001163712513516657,4067,TAGTCC,6.659336122538662e-06,845,AGGGCN,0.08172477781772614,False,False,True,1.6976147890090942e-05,
8,49,85,head_3,degradation,1.009765625,0.9969952702522278,0,AAAAAN,2.0,4067,TAGTCC,2.0546875,4067,TAGTCC,2.0546875,0,AAAAAN,0.00011698394519044086,4067,TAGTCC,6.647390819125576e-06,845,AGGGCN,0.08277670294046402,False,False,True,0.00015395134687423706,
8,50,85,head_3,degradation,1.0,1.008782982826233,0,AAAAAN,2.0,4067,TAGTCC,2.052734375,4067,TAGTCC,2.052734375,0,AAAAAN,0.0001176105288323015,4067,TAGTCC,6.649833721894538e-06,845,AGGGCN,0.08362489938735962,False,False,True,0.000202082097530365,
8,51,85,head_3,degradation,1.009765625,0.9969220161437988,0,AAAAAN,2.0,4067,TAGTCC,2.0546875,4067,TAGTCC,2.0546875,0,AAAAAN,0.00011700954200932756,4067,TAGTCC,6.676861630694475e-06,845,AGGGCN,0.08335001766681671,False,False,True,0.00011831149458885193,
9,0,85,head_3,degradation,0.99072265625,0.9936554431915283,0,AAAAAN,2.0,4067,TAGTCC,2.05078125,4067,TAGTCC,2.05078125,0,AAAAAN,0.00011679197632474825,4067,TAGTCC,6.632253644056618e-06,845,AGGGCN,0.083017498254776,False,False,True,-5.21540641784668e-07,
9,1,85,head_3,degradation,0.9814453125,0.9939067959785461,0,AAAAAN,2.0,4067,TAGTCC,2.048828125,4067,TAGTCC,2.048828125,0,AAAAAN,0.0001167968730442226,4067,TAGTCC,6.623846275033429e-06,845,AGGGCN,0.0827629491686821,False,False,True,1.3478100299835205e-05,
9,2,85,head_3,degradation,0.9814453125,1.0023936033248901,0,AAAAAN,2.0,4067,TAGTCC,2.048828125,4067,TAGTCC,2.048828125,0,AAAAAN,0.0001172357369796373,4067,TAGTCC,6.61334070173325e-06,845,AGGGCN,0.08283346891403198,False,False,True,-6.898865103721619e-05,
9,3,85,head_3,degradation,0.99072265625,1.0037885904312134,0,AAAAAN,2.0,4067,TAGTCC,2.05078125,4067,TAGTCC,2.05078125,0,AAAAAN,0.00011730567348422483,4067,TAGTCC,6.609420324821258e-06,845,AGGGCN,0.08272367715835571,False,False,True,-7.471069693565369e-05,
9,4,85,head_3,degradation,0.99072265625,0.981259822845459,0,AAAAAN,2.0,4067,TAGTCC,2.05078125,4067,TAGTCC,2.05078125,0,AAAAAN,0.00011610109504545107,4067,TAGTCC,6.597698302357458e-06,845,AGGGCN,0.0825817808508873,False,False,True,-0.00011157244443893433,
9,5,85,head_3,degradation,1.0,0.9846686720848083,0,AAAAAN,2.0,4067,TAGTCC,2.052734375,4067,TAGTCC,2.052734375,0,AAAAAN,0.00011630890367086977,4067,TAGTCC,6.625016794714611e-06,845,AGGGCN,0.08227390050888062,False,False,True,-4.653260111808777e-05,
9,6,85,head_3,degradation,0.9814453125,0.9886136651039124,0,AAAAAN,2.0,4067,TAGTCC,2.048828125,4067,TAGTCC,2.048828125,0,AAAAAN,0.00011647827341221273,4067,TAGTCC,6.585504252143437e-06,845,AGGGCN,0.08328612148761749,False,False,True,2.93925404548645e-06,
9,7,85,head_3,degradation,0.9814453125,1.0080734491348267,0,AAAAAN,2.0,4067,TAGTCC,2.048828125,4067,TAGTCC,2.048828125,0,AAAAAN,0.0001175589204649441,4067,TAGTCC,6.635789759457111e-06,845,AGGGCN,0.0826042890548706,False,False,True,4.5690685510635376e-05,
9,8,85,head_3,degradation,1.0,1.0122510194778442,0,AAAAAN,2.0,4067,TAGTCC,2.052734375,4067,TAGTCC,2.052734375,0,AAAAAN,0.00011778774205595255,4067,TAGTCC,6.64342223899439e-06,845,AGGGCN,0.08307887613773346,False,False,True,3.5434961318969727e-05,
9,9,85,head_3,degradation,1.0,1.0021371841430664,0,AAAAAN,2.0,4067,TAGTCC,2.052734375,4067,TAGTCC,2.052734375,0,AAAAAN,0.00011727365927072242,4067,TAGTCC,6.664845841442002e-06,845,AGGGCN,0.0825750082731247,False,False,True,0.00018851831555366516,
9,10,85,head_3,degradation,1.0,0.9983571767807007,0,AAAAAN,2.0,4067,TAGTCC,2.052734375,4067,TAGTCC,2.052734375,0,AAAAAN,0.00011704002099577338,4067,TAGTCC,6.631349151575705e-06,845,AGGGCN,0.08287201076745987,False,False,True,0.00010003894567489624,
9,11,85,head_3,degradation,0.9814453125,0.9906371235847473,0,AAAAAN,2.0,4067,TAGTCC,2.048828125,4067,TAGTCC,2.048828125,0,AAAAAN,0.00011661805910989642,4067,TAGTCC,6.618154202442383e-06,845,AGGGCN,0.08282052725553513,False,False,True,4.563480615615845e-05,
9,12,85,head_3,degradation,1.0,0.9933678507804871,0,AAAAAN,2.0,4067,TAGTCC,2.052734375,4067,TAGTCC,2.052734375,0,AAAAAN,0.00011680352326948196,4067,TAGTCC,6.65903280605562e-06,845,AGGGCN,0.08269192278385162,False,False,True,-9.967759251594543e-05,
9,13,85,head_3,degradation,1.0,1.0017836093902588,0,AAAAAN,2.0,4067,TAGTCC,2.052734375,4067,TAGTCC,2.052734375,0,AAAAAN,0.000117231895274017,4067,TAGTCC,6.641800155193778e-06,845,AGGGCN,0.08257835358381271,False,False,True,1.7657876014709473e-06,
9,14,85,head_3,degradation,0.9814453125,1.0012263059616089,0,AAAAAN,2.0,4067,TAGTCC,2.048828125,4067,TAGTCC,2.048828125,0,AAAAAN,0.00011716255539795384,4067,TAGTCC,6.601971563213738e-06,845,AGGGCN,0.08291575312614441,False,False,True,0.00011061877012252808,
9,15,85,head_3,degradation,0.9814453125,1.0008549690246582,0,AAAAAN,2.0,4067,TAGTCC,2.048828125,4067,TAGTCC,2.048828125,0,AAAAAN,0.00011717291636159644,4067,TAGTCC,6.631993983319262e-06,845,AGGGCN,0.08312071114778519,False,False,True,8.941814303398132e-05,
9,16,85,head_3,degradation,0.99072265625,0.9987450838088989,0,AAAAAN,2.0,4067,TAGTCC,2.05078125,4067,TAGTCC,2.05078125,0,AAAAAN,0.00011709809768944979,4067,TAGTCC,6.668889909633435e-06,845,AGGGCN,0.08260753750801086,False,False,True,-1.850724220275879e-05,
9,17,85,head_3,degradation,1.0,1.0050994157791138,0,AAAAAN,2.0,4067,TAGTCC,2.052734375,4067,TAGTCC,2.052734375,0,AAAAAN,0.00011742486822186038,4067,TAGTCC,6.659207883785712e-06,845,AGGGCN,0.0825226828455925,False,False,True,-7.502362132072449e-05,
9,18,85,head_3,degradation,1.0,0.9914292097091675,0,AAAAAN,2.0,4067,TAGTCC,2.052734375,4067,TAGTCC,2.052734375,0,AAAAAN,0.00011667794024106115,4067,TAGTCC,6.6360917116981e-06,845,AGGGCN,0.0828150287270546,False,False,True,-0.00023083016276359558,
9,19,85,head_3,degradation,1.009765625,0.9888306260108948,0,AAAAAN,2.0,4067,TAGTCC,2.0546875,4067,TAGTCC,2.0546875,0,AAAAAN,0.00011654685658868402,4067,TAGTCC,6.642597782047233e-06,845,AGGGCN,0.08307109028100967,False,False,True,9.477511048316956e-05,
9,20,85,head_3,degradation,1.0,0.9932911992073059,0,AAAAAN,2.0,4067,TAGTCC,2.052734375,4067,TAGTCC,2.052734375,0,AAAAAN,0.00011678675218718126,4067,TAGTCC,6.646320343861589e-06,845,AGGGCN,0.08284168690443039,False,False,True,-8.340179920196533e-05,
9,21,85,head_3,degradation,1.0,0.9875776767730713,0,AAAAAN,2.0,4067,TAGTCC,2.052734375,4067,TAGTCC,2.052734375,0,AAAAAN,0.00011646793427644297,4067,TAGTCC,6.630020834563766e-06,845,AGGGCN,0.08275683224201202,False,False,True,-4.855915904045105e-05,
9,22,85,head_3,degradation,0.9814453125,0.9931133389472961,0,AAAAAN,2.0,4067,TAGTCC,2.048828125,4067,TAGTCC,2.048828125,0,AAAAAN,0.00011676540452754125,4067,TAGTCC,6.634384135395521e-06,845,AGGGCN,0.08294036984443665,False,False,True,0.00026237964630126953,
9,23,85,head_3,degradation,0.9814453125,1.0035316944122314,0,AAAAAN,2.0,4067,TAGTCC,2.048828125,4067,TAGTCC,2.048828125,0,AAAAAN,0.00011732614075299352,4067,TAGTCC,6.6434872678655665e-06,845,AGGGCN,0.08280631899833679,False,False,True,0.00015472248196601868,
9,24,85,head_3,degradation,0.9814453125,1.002536654472351,0,AAAAAN,2.0,4067,TAGTCC,2.048828125,4067,TAGTCC,2.048828125,0,AAAAAN,0.000117269650218077,4067,TAGTCC,6.639685580012156e-06,845,AGGGCN,0.08281444758176804,False,False,True,2.3070722818374634e-05,
9,25,85,head_3,degradation,1.0,0.9975792765617371,0,AAAAAN,2.0,4067,TAGTCC,2.052734375,4067,TAGTCC,2.052734375,0,AAAAAN,0.00011699978495016694,4067,TAGTCC,6.63230594000197e-06,845,AGGGCN,0.08282835781574249,False,False,True,1.2025237083435059e-05,
9,26,85,head_3,degradation,0.9814453125,0.986616313457489,0,AAAAAN,2.0,4067,TAGTCC,2.048828125,4067,TAGTCC,2.048828125,0,AAAAAN,0.0001163911001640372,4067,TAGTCC,6.604085228900658e-06,845,AGGGCN,0.08240745961666107,False,False,True,-0.00012586265802383423,
9,27,85,head_3,degradation,0.9814453125,0.9904786944389343,0,AAAAAN,2.0,4067,TAGTCC,2.048828125,4067,TAGTCC,2.048828125,0,AAAAAN,0.00011660360905807465,4067,TAGTCC,6.612095148739172e-06,845,AGGGCN,0.0821106806397438,False,False,True,-3.184378147125244e-05,
9,28,85,head_3,degradation,1.0,0.982982337474823,0,AAAAAN,2.0,4067,TAGTCC,2.052734375,4067,TAGTCC,2.052734375,0,AAAAAN,0.00011623500904534012,4067,TAGTCC,6.640412721026223e-06,845,AGGGCN,0.08272752910852432,False,False,True,-3.260001540184021e-05,
9,29,85,head_3,degradation,0.99072265625,0.9875173568725586,0,AAAAAN,2.0,4067,TAGTCC,2.05078125,4067,TAGTCC,2.05078125,0,AAAAAN,0.00011645149788819253,4067,TAGTCC,6.6167758632218465e-06,845,AGGGCN,0.08251064270734787,False,False,True,-0.0001491345465183258,
9,30,85,head_3,degradation,1.0,0.9930221438407898,0,AAAAAN,2.0,4067,TAGTCC,2.052734375,4067,TAGTCC,2.052734375,0,AAAAAN,0.00011678347073029727,4067,TAGTCC,6.657282483502058e-06,845,AGGGCN,0.08249878138303757,False,False,True,-0.00012358278036117554,
9,31,85,head_3,degradation,1.009765625,0.9834775924682617,0,AAAAAN,2.0,4067,TAGTCC,2.0546875,4067,TAGTCC,2.0546875,0,AAAAAN,0.00011626260675257072,4067,TAGTCC,6.641784239036497e-06,845,AGGGCN,0.0831725001335144,False,False,True,6.446987390518188e-05,
9,32,85,head_3,degradation,1.0,0.9991384148597717,0,AAAAAN,2.0,4067,TAGTCC,2.052734375,4067,TAGTCC,2.052734375,0,AAAAAN,0.00011708729289239272,4067,TAGTCC,6.6372590481478255e-06,845,AGGGCN,0.08273109793663025,False,False,True,8.560344576835632e-05,
9,33,85,head_3,degradation,1.0,1.0067486763000488,0,AAAAAN,2.0,4067,TAGTCC,2.052734375,4067,TAGTCC,2.052734375,0,AAAAAN,0.00011747110693249851,4067,TAGTCC,6.618122824875172e-06,845,AGGGCN,0.0830884799361229,False,False,True,0.00017968565225601196,
9,34,85,head_3,degradation,0.9814453125,1.0016790628433228,0,AAAAAN,2.0,4067,TAGTCC,2.048828125,4067,TAGTCC,2.048828125,0,AAAAAN,0.00011717135203070939,4067,TAGTCC,6.586792551388498e-06,845,AGGGCN,0.0826062560081482,False,False,True,0.00022390857338905334,
9,35,85,head_3,degradation,1.0,1.0049564838409424,0,AAAAAN,2.0,4067,TAGTCC,2.052734375,4067,TAGTCC,2.052734375,0,AAAAAN,0.00011735818407032639,4067,TAGTCC,6.600094820896629e-06,845,AGGGCN,0.0830998420715332,False,False,True,0.00021231546998023987,
9,36,85,head_3,degradation,0.9814453125,0.9949260354042053,0,AAAAAN,2.0,4067,TAGTCC,2.048828125,4067,TAGTCC,2.048828125,0,AAAAAN,0.00011684039782267064,4067,TAGTCC,6.613401183130918e-06,845,AGGGCN,0.08305951952934265,False,False,True,0.00019418075680732727,
9,37,85,head_3,degradation,1.0,0.9917910099029541,0,AAAAAN,2.0,4067,TAGTCC,2.052734375,4067,TAGTCC,2.052734375,0,AAAAAN,0.00011672704567899927,4067,TAGTCC,6.666043645964237e-06,845,AGGGCN,0.08273113518953323,False,False,True,-1.0214745998382568e-05,
9,38,85,head_3,degradation,1.0,0.983087420463562,0,AAAAAN,2.0,4067,TAGTCC,2.052734375,4067,TAGTCC,2.052734375,0,AAAAAN,0.00011622783495113254,4067,TAGTCC,6.627671155001735e-06,845,AGGGCN,0.08268960565328598,False,False,True,2.732500433921814e-05,
9,39,85,head_3,degradation,0.9814453125,0.9912244081497192,0,AAAAAN,2.0,4067,TAGTCC,2.048828125,4067,TAGTCC,2.048828125,0,AAAAAN,0.00011665830243146047,4067,TAGTCC,6.6272978074266575e-06,845,AGGGCN,0.08224703371524811,False,False,True,4.6893954277038574e-05,
9,40,85,head_3,degradation,0.9814453125,1.0010212659835815,0,AAAAAN,2.0,4067,TAGTCC,2.048828125,4067,TAGTCC,2.048828125,0,AAAAAN,0.000117189105367288,4067,TAGTCC,6.63937998979236e-06,845,AGGGCN,0.08219628036022186,False,False,True,-3.579258918762207e-05,
9,41,85,head_3,degradation,1.009765625,0.9983431696891785,0,AAAAAN,2.0,4067,TAGTCC,2.0546875,4067,TAGTCC,2.0546875,0,AAAAAN,0.00011706692021107301,4067,TAGTCC,6.658994607278146e-06,845,AGGGCN,0.08269397914409637,False,False,True,5.5398792028427124e-05,
9,42,85,head_3,degradation,1.0,0.9905923008918762,0,AAAAAN,2.0,4067,TAGTCC,2.052734375,4067,TAGTCC,2.052734375,0,AAAAAN,0.00011662067845463753,4067,TAGTCC,6.6231445998710115e-06,845,AGGGCN,0.0832836776971817,False,False,True,4.7266483306884766e-05,
9,43,85,head_3,degradation,1.009765625,0.9947866797447205,0,AAAAAN,2.0,4067,TAGTCC,2.0546875,4067,TAGTCC,2.0546875,0,AAAAAN,0.00011689094390021637,4067,TAGTCC,6.67132371745538e-06,845,AGGGCN,0.08269575983285904,False,False,True,-1.551210880279541e-05,
9,44,85,head_3,degradation,1.0,1.0065969228744507,0,AAAAAN,2.0,4067,TAGTCC,2.052734375,4067,TAGTCC,2.052734375,0,AAAAAN,0.00011748979159165174,4067,TAGTCC,6.644840141234454e-06,845,AGGGCN,0.08327433466911316,False,False,True,8.575990796089172e-05,
9,45,85,head_3,degradation,1.009765625,1.0036579370498657,0,AAAAAN,2.0,4067,TAGTCC,2.0546875,4067,TAGTCC,2.0546875,0,AAAAAN,0.00011737780005205423,4067,TAGTCC,6.688464509352343e-06,845,AGGGCN,0.08278970420360565,False,False,True,6.578117609024048e-05,
9,46,85,head_3,degradation,1.009765625,0.9956676363945007,0,AAAAAN,2.0,4067,TAGTCC,2.0546875,4067,TAGTCC,2.0546875,0,AAAAAN,0.0001169384631793946,4067,TAGTCC,6.6722018345899414e-06,845,AGGGCN,0.083431676030159,False,False,True,-4.295259714126587e-06,
9,47,85,head_3,degradation,1.009765625,1.0136016607284546,0,AAAAAN,2.0,4067,TAGTCC,2.0546875,4067,TAGTCC,2.0546875,0,AAAAAN,0.00011790271673817188,4067,TAGTCC,6.686879714834504e-06,845,AGGGCN,0.08321329206228256,False,False,True,3.177672624588013e-05,
9,48,85,head_3,degradation,1.009765625,0.99721759557724,0,AAAAAN,2.0,4067,TAGTCC,2.0546875,4067,TAGTCC,2.0546875,0,AAAAAN,0.00011699492461048067,4067,TAGTCC,6.646596830250928e-06,845,AGGGCN,0.08310341089963913,False,False,True,7.168203592300415e-05,
9,49,85,head_3,degradation,0.9814453125,0.9950623512268066,0,AAAAAN,2.0,4067,TAGTCC,2.048828125,4067,TAGTCC,2.048828125,0,AAAAAN,0.00011684228229569271,4067,TAGTCC,6.6080683609470725e-06,845,AGGGCN,0.0826587975025177,False,False,True,-8.17812979221344e-05,
9,50,85,head_3,degradation,1.0,0.9895709156990051,0,AAAAAN,2.0,4067,TAGTCC,2.052734375,4067,TAGTCC,2.052734375,0,AAAAAN,0.00011657597497105598,4067,TAGTCC,6.632523309235694e-06,845,AGGGCN,0.08268459141254425,False,False,True,7.150322198867798e-05,
9,51,85,head_3,degradation,1.0,0.9899431467056274,0,AAAAAN,2.0,4067,TAGTCC,2.052734375,4067,TAGTCC,2.052734375,0,AAAAAN,0.00011656566493911669,4067,TAGTCC,6.602498615393415e-06,845,AGGGCN,0.08249329775571823,False,False,True,4.4405460357666016e-05,
10,0,85,head_3,degradation,1.009765625,1.0065749883651733,0,AAAAAN,2.0,4067,TAGTCC,2.0546875,4067,TAGTCC,2.0546875,0,AAAAAN,0.0001175117795355618,4067,TAGTCC,6.66798950987868e-06,845,AGGGCN,0.08254848420619965,False,False,True,1.4692544937133789e-05,
10,1,85,head_3,degradation,1.0,1.002501130104065,0,AAAAAN,2.0,4067,TAGTCC,2.052734375,4067,TAGTCC,2.052734375,0,AAAAAN,0.00011726444063242525,4067,TAGTCC,6.6363577388983686e-06,845,AGGGCN,0.08244765549898148,False,False,True,0.00011027231812477112,
10,2,85,head_3,degradation,1.0,0.9914765954017639,0,AAAAAN,2.0,4067,TAGTCC,2.052734375,4067,TAGTCC,2.052734375,0,AAAAAN,0.00011667995568132028,4067,TAGTCC,6.63559922031709e-06,845,AGGGCN,0.08259434998035431,False,False,True,2.6717782020568848e-05,
10,3,85,head_3,degradation,1.009765625,0.992963969707489,0,AAAAAN,2.0,4067,TAGTCC,2.0546875,4067,TAGTCC,2.0546875,0,AAAAAN,0.00011676752910716459,4067,TAGTCC,6.644418590440182e-06,845,AGGGCN,0.08251269161701202,False,False,True,9.328499436378479e-05,
10,4,85,head_3,degradation,1.009765625,0.9894855618476868,0,AAAAAN,2.0,4067,TAGTCC,2.0546875,4067,TAGTCC,2.0546875,0,AAAAAN,0.00011657118739094585,4067,TAGTCC,6.632251370319864e-06,845,AGGGCN,0.08254505693912506,False,False,True,0.00013470277190208435,
10,5,85,head_3,degradation,1.0,0.9996581077575684,0,AAAAAN,2.0,4067,TAGTCC,2.052734375,4067,TAGTCC,2.052734375,0,AAAAAN,0.00011714418360497802,4067,TAGTCC,6.666632998530986e-06,845,AGGGCN,0.08239074796438217,False,False,True,1.0922551155090332e-05,
10,6,85,head_3,degradation,1.009765625,1.0081462860107422,0,AAAAAN,2.0,4067,TAGTCC,2.0546875,4067,TAGTCC,2.0546875,0,AAAAAN,0.00011760838242480531,4067,TAGTCC,6.6813977355195675e-06,845,AGGGCN,0.08284862339496613,False,False,True,9.128451347351074e-05,
10,7,85,head_3,degradation,1.009765625,1.0075503587722778,0,AAAAAN,2.0,4067,TAGTCC,2.0546875,4067,TAGTCC,2.0546875,0,AAAAAN,0.00011756802996387705,4067,TAGTCC,6.672599283774616e-06,845,AGGGCN,0.08231373131275177,False,False,True,0.00011679902672767639,
10,8,85,head_3,degradation,1.009765625,1.0104434490203857,0,AAAAAN,2.0,4067,TAGTCC,2.0546875,4067,TAGTCC,2.0546875,0,AAAAAN,0.00011772696598200127,4067,TAGTCC,6.678350928268628e-06,845,AGGGCN,0.0827905684709549,False,False,True,0.00013191252946853638,
10,9,85,head_3,degradation,1.0,0.993625819683075,0,AAAAAN,2.0,4067,TAGTCC,2.052734375,4067,TAGTCC,2.052734375,0,AAAAAN,0.00011680446186801419,4067,TAGTCC,6.646313977398677e-06,845,AGGGCN,0.08274559676647186,False,False,True,-7.580965757369995e-06,
10,10,85,head_3,degradation,1.0,0.9946299195289612,0,AAAAAN,2.0,4067,TAGTCC,2.052734375,4067,TAGTCC,2.052734375,0,AAAAAN,0.00011687869118759409,4067,TAGTCC,6.667374236712931e-06,845,AGGGCN,0.08256857097148895,False,False,True,-5.8688223361968994e-05,
10,11,85,head_3,degradation,0.99072265625,0.9877064228057861,0,AAAAAN,2.0,4067,TAGTCC,2.05078125,4067,TAGTCC,2.05078125,0,AAAAAN,0.00011646788334473968,4067,TAGTCC,6.6231523305759765e-06,845,AGGGCN,0.08274921774864197,False,False,True,1.471489667892456e-06,
10,12,85,head_3,degradation,0.99072265625,0.9955173134803772,0,AAAAAN,2.0,4067,TAGTCC,2.05078125,4067,TAGTCC,2.05078125,0,AAAAAN,0.00011690013343468308,4067,TAGTCC,6.641826075792778e-06,845,AGGGCN,0.08248548209667206,False,False,True,8.266791701316833e-05,
10,13,85,head_3,degradation,0.99072265625,0.9982517957687378,0,AAAAAN,2.0,4067,TAGTCC,2.05078125,4067,TAGTCC,2.05078125,0,AAAAAN,0.00011704589269356802,4067,TAGTCC,6.642804237344535e-06,845,AGGGCN,0.08288627862930298,False,False,True,1.6219913959503174e-05,
10,14,85,head_3,degradation,1.0,1.0016131401062012,0,AAAAAN,2.0,4067,TAGTCC,2.052734375,4067,TAGTCC,2.052734375,0,AAAAAN,0.00011723134230123833,4067,TAGTCC,6.650274826824898e-06,845,AGGGCN,0.08211556822061539,False,False,True,0.00014692172408103943,
10,15,85,head_3,degradation,1.0,0.997086226940155,0,AAAAAN,2.0,4067,TAGTCC,2.052734375,4067,TAGTCC,2.052734375,0,AAAAAN,0.00011697297304635867,4067,TAGTCC,6.631596534134587e-06,845,AGGGCN,0.08255703747272491,False,False,True,6.836652755737305e-05,
10,16,85,head_3,degradation,0.99072265625,0.9988372921943665,0,AAAAAN,2.0,4067,TAGTCC,2.05078125,4067,TAGTCC,2.05078125,0,AAAAAN,0.00011708326928783208,4067,TAGTCC,6.649176157225156e-06,845,AGGGCN,0.08231020718812943,False,False,True,-0.00020365417003631592,
10,17,85,head_3,degradation,1.0,1.001376748085022,0,AAAAAN,2.0,4067,TAGTCC,2.052734375,4067,TAGTCC,2.052734375,0,AAAAAN,0.00011724432988557965,4067,TAGTCC,6.6757820604834706e-06,845,AGGGCN,0.08264510333538055,False,False,True,-0.00023324787616729736,
10,18,85,head_3,degradation,1.0,0.9957470893859863,0,AAAAAN,2.0,4067,TAGTCC,2.052734375,4067,TAGTCC,2.052734375,0,AAAAAN,0.00011693258420564234,4067,TAGTCC,6.662115083599929e-06,845,AGGGCN,0.08297046273946762,False,False,True,-0.0002086348831653595,
10,19,85,head_3,degradation,0.9814453125,0.999546229839325,0,AAAAAN,2.0,4067,TAGTCC,2.048828125,4067,TAGTCC,2.048828125,0,AAAAAN,0.0001171269323094748,4067,TAGTCC,6.655302058788948e-06,845,AGGGCN,0.08308809250593185,False,False,True,-0.00017813965678215027,
10,20,85,head_3,degradation,0.9814453125,0.9939342737197876,0,AAAAAN,2.0,4067,TAGTCC,2.048828125,4067,TAGTCC,2.048828125,0,AAAAAN,0.00011680184252327308,4067,TAGTCC,6.627357379329624e-06,845,AGGGCN,0.08307519555091858,False,False,True,-0.0012387782335281372,
10,21,85,head_3,degradation,0.9814453125,0.997603178024292,0,AAAAAN,2.0,4067,TAGTCC,2.048828125,4067,TAGTCC,2.048828125,0,AAAAAN,0.00011701635958161205,4067,TAGTCC,6.647610462096054e-06,845,AGGGCN,0.08246174454689026,False,False,True,-0.0016572624444961548,
10,22,85,head_3,degradation,0.99072265625,0.9937854409217834,0,AAAAAN,2.0,4067,TAGTCC,2.05078125,4067,TAGTCC,2.05078125,0,AAAAAN,0.00011677062866510823,4067,TAGTCC,6.604022473766236e-06,845,AGGGCN,0.08259046077728271,False,False,True,-0.0015032440423965454,
10,23,85,head_3,degradation,0.99072265625,0.9890311360359192,0,AAAAAN,2.0,4067,TAGTCC,2.05078125,4067,TAGTCC,2.05078125,0,AAAAAN,0.00011651554086711258,4067,TAGTCC,6.600668257306097e-06,845,AGGGCN,0.08294238150119781,False,False,True,-0.0004891268908977509,
10,24,85,head_3,degradation,1.0,0.9896057844161987,0,AAAAAN,2.0,4067,TAGTCC,2.052734375,4067,TAGTCC,2.052734375,0,AAAAAN,0.00011655504931695759,4067,TAGTCC,6.609748652408598e-06,845,AGGGCN,0.08287941664457321,False,False,True,-0.00012848526239395142,
10,25,85,head_3,degradation,1.0,0.9887932538986206,0,AAAAAN,2.0,4067,TAGTCC,2.052734375,4067,TAGTCC,2.052734375,0,AAAAAN,0.00011653295950964093,4067,TAGTCC,6.630685220443411e-06,845,AGGGCN,0.0824953243136406,False,False,True,-0.00010624527931213379,
10,26,85,head_3,degradation,0.99072265625,0.9957926869392395,0,AAAAAN,2.0,4067,TAGTCC,2.05078125,4067,TAGTCC,2.05078125,0,AAAAAN,0.00011691237159539014,4067,TAGTCC,6.639485036430415e-06,845,AGGGCN,0.08266549557447433,False,False,True,-0.00011636316776275635,
10,27,85,head_3,degradation,1.0,0.991287350654602,0,AAAAAN,2.0,4067,TAGTCC,2.052734375,4067,TAGTCC,2.052734375,0,AAAAAN,0.00011666204954963177,4067,TAGTCC,6.627712082263315e-06,845,AGGGCN,0.08336663991212845,False,False,True,-0.00013569742441177368,
10,28,85,head_3,degradation,0.99072265625,0.9956154227256775,0,AAAAAN,2.0,4067,TAGTCC,2.05078125,4067,TAGTCC,2.05078125,0,AAAAAN,0.00011686841025948524,4067,TAGTCC,6.604913323826622e-06,845,AGGGCN,0.083463154733181,False,False,True,-0.00011677294969558716,
10,29,85,head_3,degradation,1.0,0.9852303266525269,0,AAAAAN,2.0,4067,TAGTCC,2.052734375,4067,TAGTCC,2.052734375,0,AAAAAN,0.00011628459469648078,4067,TAGTCC,6.570965069840895e-06,845,AGGGCN,0.08373329788446426,False,False,True,-1.953914761543274e-05,
10,30,85,head_3,degradation,0.99072265625,0.9805600643157959,0,AAAAAN,2.0,4067,TAGTCC,2.05078125,4067,TAGTCC,2.05078125,0,AAAAAN,0.00011604627798078582,4067,TAGTCC,6.57993450658978e-06,845,AGGGCN,0.08356676995754242,False,False,True,1.0583549737930298e-05,
10,31,85,head_3,degradation,0.9814453125,0.9769061803817749,0,AAAAAN,2.0,4067,TAGTCC,2.048828125,4067,TAGTCC,2.048828125,0,AAAAAN,0.00011587758490350097,4067,TAGTCC,6.604708232771372e-06,845,AGGGCN,0.08312249183654785,False,False,True,5.3279101848602295e-05,
10,32,85,head_3,degradation,0.97216796875,0.9883010387420654,0,AAAAAN,2.0,4067,TAGTCC,2.046875,4067,TAGTCC,2.046875,0,AAAAAN,0.00011655068374238908,4067,TAGTCC,6.674467840639409e-06,845,AGGGCN,0.08321082592010498,False,False,True,-0.0005489997565746307,
10,33,85,head_3,degradation,1.0,0.9948659539222717,0,AAAAAN,2.0,4067,TAGTCC,2.052734375,4067,TAGTCC,2.052734375,0,AAAAAN,0.00011692023690557107,4067,TAGTCC,6.696418040519347e-06,845,AGGGCN,0.08304022252559662,False,False,True,-0.000554453581571579,
10,34,85,head_3,degradation,1.0185546875,1.0016188621520996,0,AAAAAN,2.0,4067,TAGTCC,2.056640625,4067,TAGTCC,2.056640625,0,AAAAAN,0.00011728884419426322,4067,TAGTCC,6.7074761318508536e-06,845,AGGGCN,0.08338087797164917,False,False,True,-0.0003393106162548065,
10,35,85,head_3,degradation,1.009765625,1.0216820240020752,0,AAAAAN,2.0,4067,TAGTCC,2.0546875,4067,TAGTCC,2.0546875,0,AAAAAN,0.00011834281031042337,4067,TAGTCC,6.699136065435596e-06,845,AGGGCN,0.08290934562683105,False,False,True,0.00015559792518615723,
10,36,85,head_3,degradation,1.0185546875,1.0022292137145996,0,AAAAAN,2.0,4067,TAGTCC,2.056640625,4067,TAGTCC,2.056640625,0,AAAAAN,0.00011730039113899693,4067,TAGTCC,6.68670827508322e-06,845,AGGGCN,0.08276540786027908,False,False,True,-2.9414892196655273e-05,
10,37,85,head_3,degradation,1.0185546875,1.0142468214035034,0,AAAAAN,2.0,4067,TAGTCC,2.056640625,4067,TAGTCC,2.056640625,0,AAAAAN,0.00011795970203820616,4067,TAGTCC,6.709706667606952e-06,845,AGGGCN,0.08321540802717209,False,False,True,7.599219679832458e-05,
10,38,85,head_3,degradation,1.0,1.00989830493927,0,AAAAAN,2.0,4067,TAGTCC,2.052734375,4067,TAGTCC,2.052734375,0,AAAAAN,0.00011766302486648783,4067,TAGTCC,6.643276265094755e-06,845,AGGGCN,0.08361118286848068,False,False,True,-9.718909859657288e-05,
10,39,85,head_3,degradation,1.009765625,1.0103604793548584,0,AAAAAN,2.0,4067,TAGTCC,2.0546875,4067,TAGTCC,2.0546875,0,AAAAAN,0.00011771519348258153,4067,TAGTCC,6.6709721977531444e-06,845,AGGGCN,0.08286822587251663,False,False,True,-0.00012579187750816345,
10,40,85,head_3,degradation,0.9814453125,0.997140645980835,0,AAAAAN,2.0,4067,TAGTCC,2.048828125,4067,TAGTCC,2.048828125,0,AAAAAN,0.00011695762805175036,4067,TAGTCC,6.613372988795163e-06,845,AGGGCN,0.08251345902681351,False,False,True,-0.00014363601803779602,
10,41,85,head_3,degradation,1.0,1.0019510984420776,0,AAAAAN,2.0,4067,TAGTCC,2.052734375,4067,TAGTCC,2.052734375,0,AAAAAN,0.00011727269156835973,4067,TAGTCC,6.673732514173025e-06,845,AGGGCN,0.08274838328361511,False,False,True,-5.535408854484558e-05,
10,42,85,head_3,degradation,1.009765625,1.021182656288147,0,AAAAAN,2.0,4067,TAGTCC,2.0546875,4067,TAGTCC,2.0546875,0,AAAAAN,0.00011826393892988563,4067,TAGTCC,6.646706424362492e-06,845,AGGGCN,0.08273785561323166,False,False,True,0.00013943389058113098,
10,43,85,head_3,degradation,1.009765625,1.004485011100769,0,AAAAAN,2.0,4067,TAGTCC,2.0546875,4067,TAGTCC,2.0546875,0,AAAAAN,0.00011735029693227261,4067,TAGTCC,6.617171038669767e-06,845,AGGGCN,0.08301568776369095,False,False,True,0.0001668781042098999,
10,44,85,head_3,degradation,0.97216796875,1.0116046667099,0,AAAAAN,2.0,4067,TAGTCC,2.046875,4067,TAGTCC,2.046875,0,AAAAAN,0.00011770916171371937,4067,TAGTCC,6.599062544410117e-06,845,AGGGCN,0.08266192674636841,False,False,True,0.00021216273307800293,
10,45,85,head_3,degradation,1.0,0.995919406414032,0,AAAAAN,2.0,4067,TAGTCC,2.052734375,4067,TAGTCC,2.052734375,0,AAAAAN,0.0001169023453257978,4067,TAGTCC,6.622752607654547e-06,845,AGGGCN,0.0826684907078743,False,False,True,9.128451347351074e-05,
10,46,85,head_3,degradation,0.99072265625,1.0116064548492432,0,AAAAAN,2.0,4067,TAGTCC,2.05078125,4067,TAGTCC,2.05078125,0,AAAAAN,0.00011776402971008793,4067,TAGTCC,6.65383595332969e-06,845,AGGGCN,0.08213203400373459,False,False,True,8.141621947288513e-05,
10,47,85,head_3,degradation,1.0,0.9988561272621155,0,AAAAAN,2.0,4067,TAGTCC,2.052734375,4067,TAGTCC,2.052734375,0,AAAAAN,0.00011706416989909485,4067,TAGTCC,6.629078598052729e-06,845,AGGGCN,0.08256343752145767,False,False,True,6.046891212463379e-05,
10,48,85,head_3,degradation,1.0,0.9941578507423401,0,AAAAAN,2.0,4067,TAGTCC,2.052734375,4067,TAGTCC,2.052734375,0,AAAAAN,0.00011682896729325876,4067,TAGTCC,6.642645075771725e-06,845,AGGGCN,0.08260651677846909,False,False,True,5.2303075790405273e-05,
10,49,85,head_3,degradation,0.99072265625,1.0017753839492798,0,AAAAAN,2.0,4067,TAGTCC,2.05078125,4067,TAGTCC,2.05078125,0,AAAAAN,0.00011721836199285462,4067,TAGTCC,6.628702067246195e-06,845,AGGGCN,0.08234737813472748,False,False,True,3.3564865589141846e-06,
10,50,85,head_3,degradation,1.009765625,1.0098137855529785,0,AAAAAN,2.0,4067,TAGTCC,2.0546875,4067,TAGTCC,2.0546875,0,AAAAAN,0.00011771062418119982,4067,TAGTCC,6.695353931718273e-06,845,AGGGCN,0.08221261948347092,False,False,True,5.2601099014282227e-05,
10,51,85,head_3,degradation,0.99072265625,0.9977962374687195,0,AAAAAN,2.0,4067,TAGTCC,2.05078125,4067,TAGTCC,2.05078125,0,AAAAAN,0.00011700575851136819,4067,TAGTCC,6.626785761909559e-06,845,AGGGCN,0.0826633870601654,False,False,True,0.00010535493493080139,
11,0,85,head_3,degradation,1.0,1.0099239349365234,0,AAAAAN,2.0,4067,TAGTCC,2.052734375,4067,TAGTCC,2.052734375,0,AAAAAN,0.00011768746480811387,4067,TAGTCC,6.666355147899594e-06,845,AGGGCN,0.08234959840774536,False,False,True,8.60355794429779e-05,
11,1,85,head_3,degradation,1.0,0.998593270778656,0,AAAAAN,2.0,4067,TAGTCC,2.052734375,4067,TAGTCC,2.052734375,0,AAAAAN,0.00011707687372108921,4067,TAGTCC,6.655705874436535e-06,845,AGGGCN,0.08280455321073532,False,False,True,2.09808349609375e-05,
11,2,85,head_3,degradation,1.009765625,0.9944809079170227,0,AAAAAN,2.0,4067,TAGTCC,2.0546875,4067,TAGTCC,2.0546875,0,AAAAAN,0.00011684645869536325,4067,TAGTCC,6.643030246777926e-06,845,AGGGCN,0.08301061391830444,False,False,True,-4.947930574417114e-05,
11,3,85,head_3,degradation,1.0,0.9969512820243835,0,AAAAAN,2.0,4067,TAGTCC,2.052734375,4067,TAGTCC,2.052734375,0,AAAAAN,0.00011695661669364199,4067,TAGTCC,6.622390628763242e-06,845,AGGGCN,0.08256816864013672,False,False,True,-4.808604717254639e-05,
11,4,85,head_3,degradation,1.0,0.995879590511322,0,AAAAAN,2.0,4067,TAGTCC,2.052734375,4067,TAGTCC,2.052734375,0,AAAAAN,0.00011689904204104096,4067,TAGTCC,6.621556622121716e-06,845,AGGGCN,0.08272168040275574,False,False,True,3.062933683395386e-05,
11,5,85,head_3,degradation,0.9814453125,1.0002630949020386,0,AAAAAN,2.0,4067,TAGTCC,2.048828125,4067,TAGTCC,2.048828125,0,AAAAAN,0.00011715106666088104,4067,TAGTCC,6.641475920332596e-06,845,AGGGCN,0.08278373628854752,False,False,True,6.755441427230835e-05,
11,6,85,head_3,degradation,1.0,0.9949889779090881,0,AAAAAN,2.0,4067,TAGTCC,2.052734375,4067,TAGTCC,2.052734375,0,AAAAAN,0.00011685461504384875,4067,TAGTCC,6.6242896537005436e-06,845,AGGGCN,0.08266248553991318,False,False,True,6.053224205970764e-05,
11,7,85,head_3,degradation,0.9814453125,1.001074194908142,0,AAAAAN,2.0,4067,TAGTCC,2.048828125,4067,TAGTCC,2.048828125,0,AAAAAN,0.00011715978325810283,4067,TAGTCC,6.607249815715477e-06,845,AGGGCN,0.0828176960349083,False,False,True,8.016452193260193e-05,
11,8,85,head_3,degradation,0.99072265625,0.9986603260040283,0,AAAAAN,2.0,4067,TAGTCC,2.05078125,4067,TAGTCC,2.05078125,0,AAAAAN,0.00011706067743944004,4067,TAGTCC,6.635954377998132e-06,845,AGGGCN,0.08242753893136978,False,False,True,0.00011369958519935608,
11,9,85,head_3,degradation,1.0,0.9906874299049377,0,AAAAAN,2.0,4067,TAGTCC,2.052734375,4067,TAGTCC,2.052734375,0,AAAAAN,0.00011663222539937124,4067,TAGTCC,6.629656127188355e-06,845,AGGGCN,0.08279774338006973,False,False,True,5.91278076171875e-05,
11,10,85,head_3,degradation,0.99072265625,0.9786103963851929,0,AAAAAN,2.0,4067,TAGTCC,2.05078125,4067,TAGTCC,2.05078125,0,AAAAAN,0.0001159707026090473,4067,TAGTCC,6.6075917857233435e-06,845,AGGGCN,0.08326549082994461,False,False,True,7.234513759613037e-06,
11,11,85,head_3,degradation,1.0,1.0053598880767822,0,AAAAAN,2.0,4067,TAGTCC,2.052734375,4067,TAGTCC,2.052734375,0,AAAAAN,0.0001174295975943096,4067,TAGTCC,6.650146588071948e-06,845,AGGGCN,0.08265453577041626,False,False,True,-1.8615275621414185e-05,
11,12,85,head_3,degradation,0.9814453125,1.00209379196167,0,AAAAAN,2.0,4067,TAGTCC,2.048828125,4067,TAGTCC,2.048828125,0,AAAAAN,0.0001172441552625969,4067,TAGTCC,6.637637397943763e-06,845,AGGGCN,0.08260463178157806,False,False,True,-2.7805566787719727e-05,
11,13,85,head_3,degradation,1.009765625,1.009942650794983,0,AAAAAN,2.0,4067,TAGTCC,2.0546875,4067,TAGTCC,2.0546875,0,AAAAAN,0.00011767410614993423,4067,TAGTCC,6.65200468574767e-06,845,AGGGCN,0.0826902836561203,False,False,True,-0.00020759552717208862,
11,14,85,head_3,degradation,1.0,0.9959226846694946,0,AAAAAN,2.0,4067,TAGTCC,2.052734375,4067,TAGTCC,2.052734375,0,AAAAAN,0.0001168952658190392,4067,TAGTCC,6.615493930439698e-06,845,AGGGCN,0.08231356739997864,False,False,True,-0.0004941672086715698,
11,15,85,head_3,degradation,1.0,0.9770257472991943,0,AAAAAN,2.0,4067,TAGTCC,2.052734375,4067,TAGTCC,2.052734375,0,AAAAAN,0.00011589070345507935,4067,TAGTCC,6.611496246478055e-06,845,AGGGCN,0.08263109624385834,False,False,True,-0.0009074099361896515,
11,16,85,head_3,degradation,0.9814453125,0.951411247253418,0,AAAAAN,2.0,4067,TAGTCC,2.048828125,4067,TAGTCC,2.048828125,0,AAAAAN,0.00011446879943832755,4067,TAGTCC,6.5458334574941546e-06,845,AGGGCN,0.08366494625806808,False,False,True,-0.002355199307203293,
11,17,85,head_3,degradation,0.97216796875,0.9932513236999512,0,AAAAAN,2.0,4067,TAGTCC,2.046875,4067,TAGTCC,2.046875,0,AAAAAN,0.00011683149932650849,4067,TAGTCC,6.693177965644281e-06,845,AGGGCN,0.08248990029096603,False,False,True,-0.002329990267753601,
11,18,85,head_3,degradation,0.96240234375,1.004205584526062,0,AAAAAN,2.0,4067,TAGTCC,2.044921875,4067,TAGTCC,2.044921875,0,AAAAAN,0.0001174159042420797,4067,TAGTCC,6.697567641822388e-06,845,AGGGCN,0.0825541615486145,False,False,True,-0.002629287540912628,
11,19,85,head_3,degradation,0.97216796875,1.0151731967926025,0,AAAAAN,2.0,4067,TAGTCC,2.046875,4067,TAGTCC,2.046875,0,AAAAAN,0.00011801365326391533,4067,TAGTCC,6.714612027280964e-06,845,AGGGCN,0.08133234828710556,False,False,True,-0.0010157711803913116,
11,20,85,head_3,degradation,0.9814453125,0.9904884099960327,0,AAAAAN,2.0,4067,TAGTCC,2.048828125,4067,TAGTCC,2.048828125,0,AAAAAN,0.00011657645518425852,4067,TAGTCC,6.584423772437731e-06,845,AGGGCN,0.08249841630458832,False,False,True,-0.003642268478870392,
11,21,85,head_3,degradation,0.9814453125,1.0051658153533936,0,AAAAAN,2.0,4067,TAGTCC,2.048828125,4067,TAGTCC,2.048828125,0,AAAAAN,0.00011741440539481118,4067,TAGTCC,6.645237135671778e-06,845,AGGGCN,0.08273468911647797,False,False,True,-0.0011385530233383179,
11,22,85,head_3,degradation,0.99072265625,0.9988502264022827,0,AAAAAN,2.0,4067,TAGTCC,2.05078125,4067,TAGTCC,2.05078125,0,AAAAAN,0.00011712213017744943,4067,TAGTCC,6.687351287837373e-06,845,AGGGCN,0.08295799046754837,False,False,True,-0.0006544031202793121,
11,23,85,head_3,degradation,0.99072265625,0.9982920289039612,0,AAAAAN,2.0,4067,TAGTCC,2.05078125,4067,TAGTCC,2.05078125,0,AAAAAN,0.00011704729695338756,4067,TAGTCC,6.642074822593713e-06,845,AGGGCN,0.08299358934164047,False,False,True,0.002306576818227768,
11,24,85,head_3,degradation,0.9814453125,0.9960491061210632,0,AAAAAN,2.0,4067,TAGTCC,2.048828125,4067,TAGTCC,2.048828125,0,AAAAAN,0.00011691926192725077,4067,TAGTCC,6.632797976635629e-06,845,AGGGCN,0.08233047276735306,False,False,True,0.00040790438652038574,
11,25,85,head_3,degradation,0.99072265625,0.9962339401245117,0,AAAAAN,2.0,4067,TAGTCC,2.05078125,4067,TAGTCC,2.05078125,0,AAAAAN,0.00011695497232722118,4067,TAGTCC,6.658720394625561e-06,845,AGGGCN,0.08231541514396667,False,False,True,4.59328293800354e-06,
11,26,85,head_3,degradation,0.9814453125,0.9954715967178345,0,AAAAAN,2.0,4067,TAGTCC,2.048828125,4067,TAGTCC,2.048828125,0,AAAAAN,0.00011689863458741456,4067,TAGTCC,6.642753760388587e-06,845,AGGGCN,0.08240894973278046,False,False,True,3.91937792301178e-05,
11,27,85,head_3,degradation,1.0,0.9828433990478516,0,AAAAAN,2.0,4067,TAGTCC,2.052734375,4067,TAGTCC,2.052734375,0,AAAAAN,0.00011624267790466547,4067,TAGTCC,6.6554352997627575e-06,845,AGGGCN,0.08271784335374832,False,False,True,3.588572144508362e-05,
11,28,85,head_3,degradation,1.0,0.9905688166618347,0,AAAAAN,2.0,4067,TAGTCC,2.052734375,4067,TAGTCC,2.052734375,0,AAAAAN,0.00011664658813970163,4067,TAGTCC,6.650301202171249e-06,845,AGGGCN,0.08275236189365387,False,False,True,-0.00021961331367492676,
11,29,85,head_3,degradation,1.0,1.003477931022644,0,AAAAAN,2.0,4067,TAGTCC,2.052734375,4067,TAGTCC,2.052734375,0,AAAAAN,0.00011734267172869295,4067,TAGTCC,6.662872692686506e-06,845,AGGGCN,0.08249511569738388,False,False,True,-0.00013243407011032104,
11,30,85,head_3,degradation,1.009765625,0.9922881722450256,0,AAAAAN,2.0,4067,TAGTCC,2.0546875,4067,TAGTCC,2.0546875,0,AAAAAN,0.00011675366840790957,4067,TAGTCC,6.666343324468471e-06,845,AGGGCN,0.08251296728849411,False,False,True,-5.61252236366272e-05,
11,31,85,head_3,degradation,0.99072265625,1.0040138959884644,0,AAAAAN,2.0,4067,TAGTCC,2.05078125,4067,TAGTCC,2.05078125,0,AAAAAN,0.00011737297609215602,4067,TAGTCC,6.664794454991352e-06,845,AGGGCN,0.08280905336141586,False,False,True,-0.0004383660852909088,
11,32,85,head_3,degradation,0.9814453125,0.9792711138725281,0,AAAAAN,2.0,4067,TAGTCC,2.048828125,4067,TAGTCC,2.048828125,0,AAAAAN,0.00011601485311985016,4067,TAGTCC,6.616754035349004e-06,845,AGGGCN,0.08318288624286652,False,False,True,-0.0007441379129886627,
11,33,85,head_3,degradation,0.99072265625,0.9767206311225891,0,AAAAAN,2.0,4067,TAGTCC,2.05078125,4067,TAGTCC,2.05078125,0,AAAAAN,0.00011590097710723057,4067,TAGTCC,6.637921160290716e-06,845,AGGGCN,0.08266869187355042,False,False,True,-0.0006895959377288818,
11,34,85,head_3,degradation,1.009765625,0.9737718105316162,0,AAAAAN,2.0,4067,TAGTCC,2.0546875,4067,TAGTCC,2.0546875,0,AAAAAN,0.00011572830408113077,4067,TAGTCC,6.621385182370432e-06,845,AGGGCN,0.08315740525722504,False,False,True,-0.0002571791410446167,
11,35,85,head_3,degradation,1.009765625,0.976257860660553,0,AAAAAN,2.0,4067,TAGTCC,2.0546875,4067,TAGTCC,2.0546875,0,AAAAAN,0.00011587476910790429,4067,TAGTCC,6.636220859945752e-06,845,AGGGCN,0.08328806608915329,False,False,True,-5.825236439704895e-05,
11,36,85,head_3,degradation,1.0,1.0025405883789062,0,AAAAAN,2.0,4067,TAGTCC,2.052734375,4067,TAGTCC,2.052734375,0,AAAAAN,0.00011726922821253538,4067,TAGTCC,6.639054845436476e-06,845,AGGGCN,0.08411828428506851,False,False,True,0.00014172494411468506,
11,37,85,head_3,degradation,1.0,0.9978468418121338,0,AAAAAN,2.0,4067,TAGTCC,2.052734375,4067,TAGTCC,2.052734375,0,AAAAAN,0.00011701929906848818,4067,TAGTCC,6.637656042585149e-06,845,AGGGCN,0.08396460860967636,False,False,True,0.00033984705805778503,
11,38,85,head_3,degradation,1.009765625,1.002221703529358,0,AAAAAN,2.0,4067,TAGTCC,2.0546875,4067,TAGTCC,2.0546875,0,AAAAAN,0.00011727173841791227,4067,TAGTCC,6.658443908236222e-06,845,AGGGCN,0.08365160971879959,False,False,True,0.00024220719933509827,
11,39,85,head_3,degradation,0.9814453125,1.0003867149353027,0,AAAAAN,2.0,4067,TAGTCC,2.048828125,4067,TAGTCC,2.048828125,0,AAAAAN,0.00011711545084835961,4067,TAGTCC,6.5993208409054205e-06,845,AGGGCN,0.08250891417264938,False,False,True,0.0001772269606590271,
11,40,85,head_3,degradation,0.99072265625,1.0088835954666138,0,AAAAAN,2.0,4067,TAGTCC,2.05078125,4067,TAGTCC,2.05078125,0,AAAAAN,0.00011758682376239449,4067,TAGTCC,6.620799013035139e-06,845,AGGGCN,0.08221140503883362,False,False,True,9.704753756523132e-05,
11,41,85,head_3,degradation,0.9814453125,1.004488468170166,0,AAAAAN,2.0,4067,TAGTCC,2.048828125,4067,TAGTCC,2.048828125,0,AAAAAN,0.00011735369480447844,4067,TAGTCC,6.620387921429938e-06,845,AGGGCN,0.08240975439548492,False,False,True,0.00016099587082862854,
11,42,85,head_3,degradation,0.97216796875,1.0018813610076904,0,AAAAAN,2.0,4067,TAGTCC,2.046875,4067,TAGTCC,2.046875,0,AAAAAN,0.00011721745977411047,4067,TAGTCC,6.622190085181501e-06,845,AGGGCN,0.08311678469181061,False,False,True,5.014240741729736e-06,
11,43,85,head_3,degradation,0.90673828125,0.9783438444137573,0,AAAAAN,2.0,4067,TAGTCC,2.033203125,4067,TAGTCC,2.033203125,0,AAAAAN,0.00011577690747799352,4067,TAGTCC,6.427907464967575e-06,845,AGGGCN,0.08295148611068726,False,False,True,-3.638118505477905e-05,
11,44,85,head_3,degradation,0.916015625,0.9832994937896729,0,AAAAAN,2.0,4067,TAGTCC,2.03515625,4067,TAGTCC,2.03515625,0,AAAAAN,0.00011606531188590452,4067,TAGTCC,6.453917649196228e-06,845,AGGGCN,0.08262942731380463,False,False,True,-3.613904118537903e-05,
11,45,85,head_3,degradation,0.916015625,1.007211685180664,0,AAAAAN,2.0,4067,TAGTCC,2.03515625,4067,TAGTCC,2.03515625,0,AAAAAN,0.00011732819984899834,4067,TAGTCC,6.450702585425461e-06,845,AGGGCN,0.08342412859201431,False,False,True,-0.0001784786581993103,
11,46,85,head_3,degradation,1.0185546875,1.0146582126617432,0,AAAAAN,2.0,4067,TAGTCC,2.056640625,4067,TAGTCC,2.056640625,0,AAAAAN,0.00011795532191172242,4067,TAGTCC,6.683542778773699e-06,845,AGGGCN,0.08368343859910965,False,False,True,6.150081753730774e-05,
11,47,85,head_3,degradation,1.037109375,1.0090985298156738,0,AAAAAN,2.0,4067,TAGTCC,2.060546875,4067,TAGTCC,2.060546875,0,AAAAAN,0.00011774508311646059,4067,TAGTCC,6.76767876939266e-06,845,AGGGCN,0.08359292149543762,False,False,True,6.520375609397888e-05,
11,48,85,head_3,degradation,1.009765625,0.9888104200363159,0,AAAAAN,2.0,4067,TAGTCC,2.0546875,4067,TAGTCC,2.0546875,0,AAAAAN,0.00011661413009278476,4067,TAGTCC,6.710940397169907e-06,845,AGGGCN,0.08323073387145996,False,False,True,0.00011162832379341125,
11,49,85,head_3,degradation,0.9814453125,0.953719973564148,0,AAAAAN,2.0,4067,TAGTCC,2.048828125,4067,TAGTCC,2.048828125,0,AAAAAN,0.00011460226232884452,4067,TAGTCC,6.557050710398471e-06,845,AGGGCN,0.08400058001279831,False,False,True,-0.00026084110140800476,
11,50,85,head_3,degradation,0.953125,0.9483564496040344,0,AAAAAN,2.0,4067,TAGTCC,2.04296875,4067,TAGTCC,2.04296875,0,AAAAAN,0.00011423505929997191,4067,TAGTCC,6.473832399933599e-06,845,AGGGCN,0.08393094688653946,False,False,True,-0.0003564693033695221,
11,51,85,head_3,degradation,0.9345703125,0.953140377998352,0,AAAAAN,2.0,4067,TAGTCC,2.0390625,4067,TAGTCC,2.0390625,0,AAAAAN,0.0001144853449659422,4067,TAGTCC,6.470820153481327e-06,845,AGGGCN,0.08385343104600906,False,False,True,-0.0002919919788837433,
12,0,85,head_3,degradation,1.0,0.9751240015029907,0,AAAAAN,2.0,4067,TAGTCC,2.052734375,4067,TAGTCC,2.052734375,0,AAAAAN,0.00011578606063267216,4067,TAGTCC,6.6075476752303075e-06,845,AGGGCN,0.08325731754302979,False,False,True,-0.0003716796636581421,
12,1,85,head_3,degradation,1.009765625,0.9637125134468079,0,AAAAAN,2.0,4067,TAGTCC,2.0546875,4067,TAGTCC,2.0546875,0,AAAAAN,0.00011516255472088233,4067,TAGTCC,6.588258656847756e-06,845,AGGGCN,0.08294805884361267,False,False,True,-0.00027273595333099365,
12,2,85,head_3,degradation,0.99072265625,0.9736406207084656,0,AAAAAN,2.0,4067,TAGTCC,2.05078125,4067,TAGTCC,2.05078125,0,AAAAAN,0.0001156165380962193,4067,TAGTCC,6.516568191727856e-06,845,AGGGCN,0.08298586308956146,False,False,True,0.0003837309777736664,
12,3,85,head_3,degradation,1.009765625,0.9605409502983093,0,AAAAAN,2.0,4067,TAGTCC,2.0546875,4067,TAGTCC,2.0546875,0,AAAAAN,0.00011494228965602815,4067,TAGTCC,6.535922693728935e-06,845,AGGGCN,0.08300948888063431,False,False,True,0.0004528053104877472,
12,4,85,head_3,degradation,1.0185546875,0.9801221489906311,0,AAAAAN,2.0,4067,TAGTCC,2.056640625,4067,TAGTCC,2.056640625,0,AAAAAN,0.00011604512110352516,4067,TAGTCC,6.601960649277316e-06,845,AGGGCN,0.0826251357793808,False,False,True,0.00037909671664237976,
12,5,85,head_3,degradation,1.009765625,0.9896000027656555,0,AAAAAN,2.0,4067,TAGTCC,2.0546875,4067,TAGTCC,2.0546875,0,AAAAAN,0.00011657289724098518,4067,TAGTCC,6.627903530898038e-06,845,AGGGCN,0.08276572078466415,False,False,True,4.738569259643555e-05,
12,6,85,head_3,degradation,1.009765625,0.9599117040634155,0,AAAAAN,2.0,4067,TAGTCC,2.0546875,4067,TAGTCC,2.0546875,0,AAAAAN,0.00011492388148326427,4067,TAGTCC,6.550827947648941e-06,845,AGGGCN,0.08312293887138367,False,False,True,-0.00016907602548599243,
12,7,85,head_3,degradation,1.0,0.9649829268455505,0,AAAAAN,2.0,4067,TAGTCC,2.052734375,4067,TAGTCC,2.052734375,0,AAAAAN,0.00011520012049004436,4067,TAGTCC,6.558552286151098e-06,845,AGGGCN,0.08315509557723999,False,False,True,-0.00016129016876220703,
12,8,85,head_3,degradation,1.0,0.9577300548553467,0,AAAAAN,2.0,4067,TAGTCC,2.052734375,4067,TAGTCC,2.052734375,0,AAAAAN,0.0001148259689216502,4067,TAGTCC,6.568429853359703e-06,845,AGGGCN,0.0837392657995224,False,False,True,-0.00014077499508857727,
12,9,85,head_3,degradation,1.009765625,1.0049433708190918,0,AAAAAN,2.0,4067,TAGTCC,2.0546875,4067,TAGTCC,2.0546875,0,AAAAAN,0.0001174292410723865,4067,TAGTCC,6.6718448579194956e-06,845,AGGGCN,0.08295246958732605,False,False,True,1.1514872312545776e-05,
12,10,85,head_3,degradation,1.0,0.9966505765914917,0,AAAAAN,2.0,4067,TAGTCC,2.052734375,4067,TAGTCC,2.052734375,0,AAAAAN,0.00011697599256876856,4067,TAGTCC,6.65768357066554e-06,845,AGGGCN,0.08280645310878754,False,False,True,-2.261251211166382e-05,
12,11,85,head_3,degradation,1.0,0.9993814826011658,0,AAAAAN,2.0,4067,TAGTCC,2.052734375,4067,TAGTCC,2.052734375,0,AAAAAN,0.00011711424303939566,4067,TAGTCC,6.651338935625972e-06,845,AGGGCN,0.08272489160299301,False,False,True,3.2298266887664795e-06,
12,12,85,head_3,degradation,0.99072265625,1.010076880455017,0,AAAAAN,2.0,4067,TAGTCC,2.05078125,4067,TAGTCC,2.05078125,0,AAAAAN,0.00011768055992433801,4067,TAGTCC,6.651355306530604e-06,845,AGGGCN,0.08272005617618561,False,False,True,-8.174777030944824e-05,
12,13,85,head_3,degradation,1.0,0.9979002475738525,0,AAAAAN,2.0,4067,TAGTCC,2.052734375,4067,TAGTCC,2.052734375,0,AAAAAN,0.0001170631730929017,4067,TAGTCC,6.678696536255302e-06,845,AGGGCN,0.0824519470334053,False,False,True,5.474686622619629e-05,
12,14,85,head_3,degradation,1.0,0.9907800555229187,0,AAAAAN,2.0,4067,TAGTCC,2.052734375,4067,TAGTCC,2.052734375,0,AAAAAN,0.00011666597129078582,4067,TAGTCC,6.658501206402434e-06,845,AGGGCN,0.08273327350616455,False,False,True,-0.0002346523106098175,
12,15,85,head_3,degradation,1.0,1.0064724683761597,0,AAAAAN,2.0,4067,TAGTCC,2.052734375,4067,TAGTCC,2.052734375,0,AAAAAN,0.00011755770538002253,4067,TAGTCC,6.719349130435148e-06,845,AGGGCN,0.08221111446619034,False,False,True,-0.0004966147243976593,
12,16,85,head_3,degradation,0.9814453125,0.994192361831665,0,AAAAAN,2.0,4067,TAGTCC,2.048828125,4067,TAGTCC,2.048828125,0,AAAAAN,0.00011681846808642149,4067,TAGTCC,6.630319603573298e-06,845,AGGGCN,0.08268231153488159,False,False,True,-0.0005466528236865997,
12,17,85,head_3,degradation,1.0283203125,0.9978086352348328,0,AAAAAN,2.0,4067,TAGTCC,2.05859375,4067,TAGTCC,2.05859375,0,AAAAAN,0.00011703476775437593,4067,TAGTCC,6.655140623479383e-06,845,AGGGCN,0.08293407410383224,False,False,True,-0.0006515718996524811,
12,18,85,head_3,degradation,1.009765625,0.9927415251731873,0,AAAAAN,2.0,4067,TAGTCC,2.0546875,4067,TAGTCC,2.0546875,0,AAAAAN,0.0001167073569376953,4067,TAGTCC,6.596025741600897e-06,845,AGGGCN,0.08339393138885498,False,False,True,-0.000251036137342453,
12,19,85,head_3,degradation,0.97216796875,1.0049924850463867,0,AAAAAN,2.0,4067,TAGTCC,2.046875,4067,TAGTCC,2.046875,0,AAAAAN,0.00011733447900041938,4067,TAGTCC,6.574478902621195e-06,845,AGGGCN,0.0834515169262886,False,False,True,-0.0014856383204460144,
12,20,85,head_3,degradation,0.953125,1.0179908275604248,0,AAAAAN,2.0,4067,TAGTCC,2.04296875,4067,TAGTCC,2.04296875,0,AAAAAN,0.00011809604620793834,4067,TAGTCC,6.6478091866883915e-06,845,AGGGCN,0.08320742845535278,False,False,True,-0.006600569933652878,
12,21,85,head_3,degradation,0.953125,1.0080604553222656,0,AAAAAN,2.0,4067,TAGTCC,2.04296875,4067,TAGTCC,2.04296875,0,AAAAAN,0.00011760269990190864,4067,TAGTCC,6.680261321889702e-06,845,AGGGCN,0.08342815935611725,False,False,True,-0.0059950463473796844,
12,22,85,head_3,degradation,0.99072265625,1.0119776725769043,0,AAAAAN,2.0,4067,TAGTCC,2.05078125,4067,TAGTCC,2.05078125,0,AAAAAN,0.00011785531387431547,4067,TAGTCC,6.725465937051922e-06,845,AGGGCN,0.08307075500488281,False,False,True,-0.004918493330478668,
12,23,85,head_3,degradation,0.99072265625,1.0280001163482666,0,AAAAAN,2.0,4067,TAGTCC,2.05078125,4067,TAGTCC,2.05078125,0,AAAAAN,0.00011871455353684723,4067,TAGTCC,6.736346222169232e-06,845,AGGGCN,0.08256791532039642,False,False,True,0.000486224889755249,
12,24,85,head_3,degradation,1.0,1.0278078317642212,0,AAAAAN,2.0,4067,TAGTCC,2.052734375,4067,TAGTCC,2.052734375,0,AAAAAN,0.00011864183034049347,4067,TAGTCC,6.673809366475325e-06,845,AGGGCN,0.08255763351917267,False,False,True,-0.0002841576933860779,
12,25,85,head_3,degradation,1.0,1.0257974863052368,0,AAAAAN,2.0,4067,TAGTCC,2.052734375,4067,TAGTCC,2.052734375,0,AAAAAN,0.000118551921332255,4067,TAGTCC,6.690334430459188e-06,845,AGGGCN,0.08241454511880875,False,False,True,-0.00027853623032569885,
12,26,85,head_3,degradation,1.0,0.9971129894256592,0,AAAAAN,2.0,4067,TAGTCC,2.052734375,4067,TAGTCC,2.052734375,0,AAAAAN,0.00011698820162564516,4067,TAGTCC,6.6454058469389565e-06,845,AGGGCN,0.08262072503566742,False,False,True,-0.00026688724756240845,
12,27,85,head_3,degradation,1.0,0.9999127388000488,0,AAAAAN,2.0,4067,TAGTCC,2.052734375,4067,TAGTCC,2.052734375,0,AAAAAN,0.00011714943684637547,4067,TAGTCC,6.658404799964046e-06,845,AGGGCN,0.08261854201555252,False,False,True,7.811933755874634e-06,
12,28,85,head_3,degradation,1.009765625,1.0038553476333618,0,AAAAAN,2.0,4067,TAGTCC,2.0546875,4067,TAGTCC,2.0546875,0,AAAAAN,0.00011736623127944767,4067,TAGTCC,6.6664420046436135e-06,845,AGGGCN,0.0824437215924263,False,False,True,3.0681490898132324e-05,
12,29,85,head_3,degradation,1.0,1.0016533136367798,0,AAAAAN,2.0,4067,TAGTCC,2.052734375,4067,TAGTCC,2.052734375,0,AAAAAN,0.00011724197247531265,4067,TAGTCC,6.658784968749387e-06,845,AGGGCN,0.08230867981910706,False,False,True,-0.00023970380425453186,
12,30,85,head_3,degradation,0.99072265625,1.003770351409912,0,AAAAAN,2.0,4067,TAGTCC,2.05078125,4067,TAGTCC,2.05078125,0,AAAAAN,0.0001173541386378929,4067,TAGTCC,6.658853635599371e-06,845,AGGGCN,0.08239246159791946,False,False,True,-0.00020118430256843567,
12,31,85,head_3,degradation,0.99072265625,1.008095622062683,0,AAAAAN,2.0,4067,TAGTCC,2.05078125,4067,TAGTCC,2.05078125,0,AAAAAN,0.00011755651939893141,4067,TAGTCC,6.632217719015898e-06,845,AGGGCN,0.08253204822540283,False,False,True,1.6558915376663208e-05,
12,32,85,head_3,degradation,0.9814453125,0.9869505167007446,0,AAAAAN,2.0,4067,TAGTCC,2.048828125,4067,TAGTCC,2.048828125,0,AAAAAN,0.00011641946184681728,4067,TAGTCC,6.61475633023656e-06,845,AGGGCN,0.08274510502815247,False,False,True,0.00031034648418426514,
12,33,85,head_3,degradation,0.99072265625,0.9820486903190613,0,AAAAAN,2.0,4067,TAGTCC,2.05078125,4067,TAGTCC,2.05078125,0,AAAAAN,0.00011617465497693047,4067,TAGTCC,6.629490599152632e-06,845,AGGGCN,0.08287402987480164,False,False,True,-0.0005255155265331268,
12,34,85,head_3,degradation,0.99072265625,0.9563609957695007,0,AAAAAN,2.0,4067,TAGTCC,2.05078125,4067,TAGTCC,2.05078125,0,AAAAAN,0.00011485542199807242,4067,TAGTCC,6.67036965751322e-06,845,AGGGCN,0.08152630925178528,False,False,True,-0.0008896701037883759,
12,35,85,head_3,degradation,0.99072265625,0.963384211063385,0,AAAAAN,2.0,4067,TAGTCC,2.05078125,4067,TAGTCC,2.05078125,0,AAAAAN,0.00011525645822985098,4067,TAGTCC,6.699544883304043e-06,845,AGGGCN,0.08195093274116516,False,False,True,-0.0011055432260036469,
12,36,85,head_3,degradation,1.0,0.9513179659843445,0,AAAAAN,2.0,4067,TAGTCC,2.052734375,4067,TAGTCC,2.052734375,0,AAAAAN,0.00011464622366474941,4067,TAGTCC,6.728193056915188e-06,845,AGGGCN,0.08130830526351929,False,False,True,-0.0004211217164993286,
12,37,85,head_3,degradation,1.0654296875,0.9692792892456055,0,AAAAAN,2.0,4067,TAGTCC,2.06640625,4067,TAGTCC,2.06640625,0,AAAAAN,0.00011565556633286178,4067,TAGTCC,6.786518042645184e-06,845,AGGGCN,0.0829353854060173,False,False,True,-0.0002031959593296051,
12,38,85,head_3,degradation,1.046875,0.9503046274185181,0,AAAAAN,2.0,4067,TAGTCC,2.0625,4067,TAGTCC,2.0625,0,AAAAAN,0.00011463138071121648,4067,TAGTCC,6.767003924323944e-06,845,AGGGCN,0.0819028988480568,False,False,True,-0.00026558712124824524,
12,39,85,head_3,degradation,1.0654296875,0.9724233746528625,0,AAAAAN,2.0,4067,TAGTCC,2.06640625,4067,TAGTCC,2.06640625,0,AAAAAN,0.00011585245374590158,4067,TAGTCC,6.816932909714524e-06,845,AGGGCN,0.08275522291660309,False,False,True,-1.819804310798645e-05,
12,40,85,head_3,degradation,1.009765625,0.9671308994293213,0,AAAAAN,2.0,4067,TAGTCC,2.0546875,4067,TAGTCC,2.0546875,0,AAAAAN,0.0001154842393589206,4067,TAGTCC,6.728945663780905e-06,845,AGGGCN,0.08249972015619278,False,False,True,0.00020997971296310425,
12,41,85,head_3,degradation,1.0283203125,0.9767566323280334,0,AAAAAN,2.0,4067,TAGTCC,2.05859375,4067,TAGTCC,2.05859375,0,AAAAAN,0.00011601424921536818,4067,TAGTCC,6.749286512786057e-06,845,AGGGCN,0.08342140913009644,False,False,True,0.0002375282347202301,
12,42,85,head_3,degradation,0.9814453125,0.9823683500289917,0,AAAAAN,2.0,4067,TAGTCC,2.048828125,4067,TAGTCC,2.048828125,0,AAAAAN,0.00011618404096225277,4067,TAGTCC,6.621948159590829e-06,845,AGGGCN,0.08301995694637299,False,False,True,0.00010010972619056702,
12,43,85,head_3,degradation,1.0,1.0231608152389526,0,AAAAAN,2.0,4067,TAGTCC,2.052734375,4067,TAGTCC,2.052734375,0,AAAAAN,0.00011838995851576328,4067,TAGTCC,6.667986326647224e-06,845,AGGGCN,0.08344253152608871,False,False,True,0.00015257298946380615,
12,44,85,head_3,degradation,1.0,1.0128999948501587,0,AAAAAN,2.0,4067,TAGTCC,2.052734375,4067,TAGTCC,2.052734375,0,AAAAAN,0.00011782802175730467,4067,TAGTCC,6.64933713778737e-06,845,AGGGCN,0.08235491812229156,False,False,True,4.065409302711487e-05,
12,45,85,head_3,degradation,1.009765625,1.0019543170928955,0,AAAAAN,2.0,4067,TAGTCC,2.0546875,4067,TAGTCC,2.0546875,0,AAAAAN,0.00011722990166163072,4067,TAGTCC,6.630768893955974e-06,845,AGGGCN,0.08400287479162216,False,False,True,0.00014499574899673462,
12,46,85,head_3,degradation,1.0,0.9995875954627991,0,AAAAAN,2.0,4067,TAGTCC,2.052734375,4067,TAGTCC,2.052734375,0,AAAAAN,0.0001171020048786886,4067,TAGTCC,6.628187747992342e-06,845,AGGGCN,0.08481228351593018,False,False,True,9.516999125480652e-05,
12,47,85,head_3,degradation,0.9814453125,1.0202586650848389,0,AAAAAN,2.0,4067,TAGTCC,2.048828125,4067,TAGTCC,2.048828125,0,AAAAAN,0.00011823574459413067,4067,TAGTCC,6.667434263363248e-06,845,AGGGCN,0.08377750962972641,False,False,True,0.00020999088883399963,
12,48,85,head_3,degradation,0.97216796875,1.01157808303833,0,AAAAAN,2.0,4067,TAGTCC,2.046875,4067,TAGTCC,2.046875,0,AAAAAN,0.00011777383770095184,4067,TAGTCC,6.665145065198885e-06,845,AGGGCN,0.08246539533138275,False,False,True,0.00010918453335762024,
12,49,85,head_3,degradation,0.953125,0.9783064126968384,0,AAAAAN,2.0,4067,TAGTCC,2.04296875,4067,TAGTCC,2.04296875,0,AAAAAN,0.00011591194197535515,4067,TAGTCC,6.564923751284368e-06,845,AGGGCN,0.08221858739852905,False,False,True,0.0001845322549343109,
12,50,85,head_3,degradation,0.97216796875,0.9569557309150696,0,AAAAAN,2.0,4067,TAGTCC,2.046875,4067,TAGTCC,2.046875,0,AAAAAN,0.00011472945334389806,4067,TAGTCC,6.5129138420161325e-06,845,AGGGCN,0.08363313227891922,False,False,True,9.936466813087463e-05,
12,51,85,head_3,degradation,0.99072265625,0.9683341383934021,0,AAAAAN,2.0,4067,TAGTCC,2.05078125,4067,TAGTCC,2.05078125,0,AAAAAN,0.00011535164230735973,4067,TAGTCC,6.532638963108184e-06,845,AGGGCN,0.08330769091844559,False,False,True,0.00014446303248405457,
13,0,85,head_3,degradation,1.0,0.9987562298774719,0,AAAAAN,2.0,4067,TAGTCC,2.052734375,4067,TAGTCC,2.052734375,0,AAAAAN,0.00011710346734616905,4067,TAGTCC,6.673667940049199e-06,845,AGGGCN,0.08249039947986603,False,False,True,0.00012724101543426514,
13,1,85,head_3,degradation,1.0,0.99615079164505,0,AAAAAN,2.0,4067,TAGTCC,2.052734375,4067,TAGTCC,2.052734375,0,AAAAAN,0.00011696645378833637,4067,TAGTCC,6.674609721812885e-06,845,AGGGCN,0.08265579491853714,False,False,True,3.419071435928345e-05,
13,2,85,head_3,degradation,1.0,1.0181478261947632,0,AAAAAN,2.0,4067,TAGTCC,2.052734375,4067,TAGTCC,2.052734375,0,AAAAAN,0.00011816242476925254,4067,TAGTCC,6.7058781496598385e-06,845,AGGGCN,0.08243002742528915,False,False,True,-2.4612993001937866e-05,
13,3,85,head_3,degradation,1.0,1.0116859674453735,0,AAAAAN,2.0,4067,TAGTCC,2.052734375,4067,TAGTCC,2.052734375,0,AAAAAN,0.00011782764340750873,4067,TAGTCC,6.713242328260094e-06,845,AGGGCN,0.08238229900598526,False,False,True,2.261251211166382e-06,
13,4,85,head_3,degradation,1.0,1.0056966543197632,0,AAAAAN,2.0,4067,TAGTCC,2.052734375,4067,TAGTCC,2.052734375,0,AAAAAN,0.0001174907447420992,4067,TAGTCC,6.693463546980638e-06,845,AGGGCN,0.08305926620960236,False,False,True,-1.3880431652069092e-05,
13,5,85,head_3,degradation,1.0,0.9941843748092651,0,AAAAAN,2.0,4067,TAGTCC,2.052734375,4067,TAGTCC,2.052734375,0,AAAAAN,0.00011683926277328283,4067,TAGTCC,6.651533567492152e-06,845,AGGGCN,0.08261127024888992,False,False,True,-6.32256269454956e-05,
13,6,85,head_3,degradation,0.99072265625,0.9982746243476868,0,AAAAAN,2.0,4067,TAGTCC,2.05078125,4067,TAGTCC,2.05078125,0,AAAAAN,0.00011704631469910964,4067,TAGTCC,6.642019343416905e-06,845,AGGGCN,0.08286129683256149,False,False,True,-5.342066287994385e-05,
13,7,85,head_3,degradation,1.009765625,1.0161041021347046,0,AAAAAN,2.0,4067,TAGTCC,2.0546875,4067,TAGTCC,2.0546875,0,AAAAAN,0.00011803842062363401,4067,TAGTCC,6.690079771942692e-06,845,AGGGCN,0.08277183026075363,False,False,True,6.582587957382202e-06,
13,8,85,head_3,degradation,1.0,1.0069726705551147,0,AAAAAN,2.0,4067,TAGTCC,2.052734375,4067,TAGTCC,2.052734375,0,AAAAAN,0.00011754207662306726,4067,TAGTCC,6.677230430796044e-06,845,AGGGCN,0.08288534730672836,False,False,True,0.00013313442468643188,
13,9,85,head_3,degradation,1.0,1.0063621997833252,0,AAAAAN,2.0,4067,TAGTCC,2.052734375,4067,TAGTCC,2.052734375,0,AAAAAN,0.00011749036639230326,4067,TAGTCC,6.657843641733052e-06,845,AGGGCN,0.08266199380159378,False,False,True,0.00012786313891410828,
13,10,85,head_3,degradation,1.0,0.995295524597168,0,AAAAAN,2.0,4067,TAGTCC,2.052734375,4067,TAGTCC,2.052734375,0,AAAAAN,0.00011692016414599493,4067,TAGTCC,6.6735992731992155e-06,845,AGGGCN,0.08251221477985382,False,False,True,0.00012923404574394226,
13,11,85,head_3,degradation,0.97216796875,0.9958387613296509,0,AAAAAN,2.0,4067,TAGTCC,2.046875,4067,TAGTCC,2.046875,0,AAAAAN,0.00011689397069858387,4067,TAGTCC,6.618647148570744e-06,845,AGGGCN,0.08302409946918488,False,False,True,-2.5503337383270264e-05,
13,12,85,head_3,degradation,1.0,0.9856285452842712,0,AAAAAN,2.0,4067,TAGTCC,2.052734375,4067,TAGTCC,2.052734375,0,AAAAAN,0.0001164025379694067,4067,TAGTCC,6.667824436590308e-06,845,AGGGCN,0.08303660154342651,False,False,True,0.00011401623487472534,
13,13,85,head_3,degradation,0.99072265625,0.9944334030151367,0,AAAAAN,2.0,4067,TAGTCC,2.05078125,4067,TAGTCC,2.05078125,0,AAAAAN,0.00011686766083585098,4067,TAGTCC,6.666745775874006e-06,845,AGGGCN,0.08238711208105087,False,False,True,0.0002285577356815338,
13,14,85,head_3,degradation,1.0,1.0079935789108276,0,AAAAAN,2.0,4067,TAGTCC,2.052734375,4067,TAGTCC,2.052734375,0,AAAAAN,0.00011759355402318761,4067,TAGTCC,6.674656106042676e-06,845,AGGGCN,0.0825328528881073,False,False,True,0.0002626366913318634,
13,15,85,head_3,degradation,1.0,1.0085419416427612,0,AAAAAN,2.0,4067,TAGTCC,2.052734375,4067,TAGTCC,2.052734375,0,AAAAAN,0.00011761700443457812,4067,TAGTCC,6.669072718068492e-06,845,AGGGCN,0.08260224014520645,False,False,True,5.521625280380249e-05,
13,16,85,head_3,degradation,1.009765625,1.002654790878296,0,AAAAAN,2.0,4067,TAGTCC,2.0546875,4067,TAGTCC,2.0546875,0,AAAAAN,0.00011729561083484441,4067,TAGTCC,6.659392056462821e-06,845,AGGGCN,0.08282520622015,False,False,True,-1.0680407285690308e-05,
13,17,85,head_3,degradation,1.0,0.9997656941413879,0,AAAAAN,2.0,4067,TAGTCC,2.052734375,4067,TAGTCC,2.052734375,0,AAAAAN,0.00011715065193129703,4067,TAGTCC,6.6674069785221945e-06,845,AGGGCN,0.08300606161355972,False,False,True,-2.4102628231048584e-05,
13,18,85,head_3,degradation,0.99072265625,1.0004873275756836,0,AAAAAN,2.0,4067,TAGTCC,2.05078125,4067,TAGTCC,2.05078125,0,AAAAAN,0.00011718879250111058,4067,TAGTCC,6.667340130661614e-06,845,AGGGCN,0.08267909288406372,False,False,True,-5.483999848365784e-05,
13,19,85,head_3,degradation,1.0,1.000841498374939,0,AAAAAN,2.0,4067,TAGTCC,2.052734375,4067,TAGTCC,2.052734375,0,AAAAAN,0.00011722507770173252,4067,TAGTCC,6.684864274575375e-06,845,AGGGCN,0.08264413475990295,False,False,True,0.0002483390271663666,
13,20,85,head_3,degradation,1.0,0.9964264631271362,0,AAAAAN,2.0,4067,TAGTCC,2.052734375,4067,TAGTCC,2.052734375,0,AAAAAN,0.00011698948947014287,4067,TAGTCC,6.683046194666531e-06,845,AGGGCN,0.08247552067041397,False,False,True,9.303539991378784e-05,
13,21,85,head_3,degradation,1.0,0.9919643998146057,0,AAAAAN,2.0,4067,TAGTCC,2.052734375,4067,TAGTCC,2.052734375,0,AAAAAN,0.00011672559048747644,4067,TAGTCC,6.6554071054270025e-06,845,AGGGCN,0.08271748572587967,False,False,True,-0.0004702955484390259,
13,22,85,head_3,degradation,1.0,1.0000520944595337,0,AAAAAN,2.0,4067,TAGTCC,2.052734375,4067,TAGTCC,2.052734375,0,AAAAAN,0.00011720194743247703,4067,TAGTCC,6.703536200802773e-06,845,AGGGCN,0.08214259147644043,False,False,True,-0.0011207126080989838,
13,23,85,head_3,degradation,1.0,1.0266681909561157,0,AAAAAN,2.0,4067,TAGTCC,2.052734375,4067,TAGTCC,2.052734375,0,AAAAAN,0.00011864762927871197,4067,TAGTCC,6.7399437284620944e-06,845,AGGGCN,0.08253144472837448,False,False,True,-0.0009227320551872253,
13,24,85,head_3,degradation,1.0,1.027480959892273,0,AAAAAN,2.0,4067,TAGTCC,2.052734375,4067,TAGTCC,2.052734375,0,AAAAAN,0.00011867259308928624,4067,TAGTCC,6.721873432979919e-06,845,AGGGCN,0.08257904648780823,False,False,True,-0.00041149184107780457,
13,25,85,head_3,degradation,1.0,1.023914098739624,0,AAAAAN,2.0,4067,TAGTCC,2.052734375,4067,TAGTCC,2.052734375,0,AAAAAN,0.00011848260328406468,4067,TAGTCC,6.72074520480237e-06,845,AGGGCN,0.08265592902898788,False,False,True,-7.358193397521973e-05,
13,26,85,head_3,degradation,1.0,1.0046370029449463,0,AAAAAN,2.0,4067,TAGTCC,2.052734375,4067,TAGTCC,2.052734375,0,AAAAAN,0.00011745225492632017,4067,TAGTCC,6.71108045935398e-06,845,AGGGCN,0.08234819024801254,False,False,True,-9.063258767127991e-05,
13,27,85,head_3,degradation,1.0,0.9960334897041321,0,AAAAAN,2.0,4067,TAGTCC,2.052734375,4067,TAGTCC,2.052734375,0,AAAAAN,0.00011697282025124878,4067,TAGTCC,6.687187578791054e-06,845,AGGGCN,0.08282189071178436,False,False,True,2.8751790523529053e-05,
13,28,85,head_3,degradation,1.0,1.0058929920196533,0,AAAAAN,2.0,4067,TAGTCC,2.052734375,4067,TAGTCC,2.052734375,0,AAAAAN,0.00011751909187296405,4067,TAGTCC,6.711416972393636e-06,845,AGGGCN,0.08278319984674454,False,False,True,0.00015440955758094788,
13,29,85,head_3,degradation,1.009765625,1.0054357051849365,0,AAAAAN,2.0,4067,TAGTCC,2.0546875,4067,TAGTCC,2.0546875,0,AAAAAN,0.00011748020187951624,4067,TAGTCC,6.696739546896424e-06,845,AGGGCN,0.08282149583101273,False,False,True,0.0002876371145248413,
13,30,85,head_3,degradation,1.009765625,1.010001540184021,0,AAAAAN,2.0,4067,TAGTCC,2.0546875,4067,TAGTCC,2.0546875,0,AAAAAN,0.00011771468416554853,4067,TAGTCC,6.689467227261048e-06,845,AGGGCN,0.08272889256477356,False,False,True,-2.649053931236267e-05,
13,31,85,head_3,degradation,1.0,1.0049755573272705,0,AAAAAN,2.0,4067,TAGTCC,2.052734375,4067,TAGTCC,2.052734375,0,AAAAAN,0.00011746433301595971,4067,TAGTCC,6.705228315695422e-06,845,AGGGCN,0.0826588124036789,False,False,True,-0.0004547201097011566,
13,32,85,head_3,degradation,1.009765625,0.9995161294937134,0,AAAAAN,2.0,4067,TAGTCC,2.0546875,4067,TAGTCC,2.0546875,0,AAAAAN,0.00011717748566297814,4067,TAGTCC,6.707450665999204e-06,845,AGGGCN,0.08311380445957184,False,False,True,-0.0006521902978420258,
13,33,85,head_3,degradation,1.0,1.0099081993103027,0,AAAAAN,2.0,4067,TAGTCC,2.052734375,4067,TAGTCC,2.052734375,0,AAAAAN,0.00011771268327720463,4067,TAGTCC,6.692411716358038e-06,845,AGGGCN,0.08336614817380905,False,False,True,-0.0006583034992218018,
13,34,85,head_3,degradation,0.99072265625,1.0198802947998047,0,AAAAAN,2.0,4067,TAGTCC,2.05078125,4067,TAGTCC,2.05078125,0,AAAAAN,0.00011820033250842243,4067,TAGTCC,6.652049250988057e-06,845,AGGGCN,0.0839725211262703,False,False,True,-0.0005370751023292542,
13,35,85,head_3,degradation,1.0,1.0136208534240723,0,AAAAAN,2.0,4067,TAGTCC,2.052734375,4067,TAGTCC,2.052734375,0,AAAAAN,0.000117855379357934,4067,TAGTCC,6.638526883762097e-06,845,AGGGCN,0.08418091386556625,False,False,True,-0.000310700386762619,
13,36,85,head_3,degradation,0.99072265625,1.0212759971618652,0,AAAAAN,2.0,4067,TAGTCC,2.05078125,4067,TAGTCC,2.05078125,0,AAAAAN,0.00011825738329207525,4067,TAGTCC,6.63520950183738e-06,845,AGGGCN,0.084300696849823,False,False,True,-0.000471360981464386,
13,37,85,head_3,degradation,1.009765625,1.0052192211151123,0,AAAAAN,2.0,4067,TAGTCC,2.0546875,4067,TAGTCC,2.0546875,0,AAAAAN,0.00011746696691261604,4067,TAGTCC,6.694966032227967e-06,845,AGGGCN,0.08395469188690186,False,False,True,-0.0002475045621395111,
13,38,85,head_3,degradation,1.0,1.0033422708511353,0,AAAAAN,2.0,4067,TAGTCC,2.052734375,4067,TAGTCC,2.052734375,0,AAAAAN,0.00011739843466784805,4067,TAGTCC,6.7258165472594555e-06,845,AGGGCN,0.08290540426969528,False,False,True,-0.0002447068691253662,
13,39,85,head_3,degradation,1.009765625,0.9704062342643738,0,AAAAAN,2.0,4067,TAGTCC,2.0546875,4067,TAGTCC,2.0546875,0,AAAAAN,0.00011568234913283959,4067,TAGTCC,6.753631623723777e-06,845,AGGGCN,0.08191061019897461,False,False,True,-0.00014764070510864258,
13,40,85,head_3,degradation,0.9814453125,0.9567303657531738,0,AAAAAN,2.0,4067,TAGTCC,2.048828125,4067,TAGTCC,2.048828125,0,AAAAAN,0.00011494387581478804,4067,TAGTCC,6.739268428646028e-06,845,AGGGCN,0.08008188009262085,False,False,True,-0.00020681321620941162,
13,41,85,head_3,degradation,0.99072265625,0.9759740829467773,0,AAAAAN,2.0,4067,TAGTCC,2.05078125,4067,TAGTCC,2.05078125,0,AAAAAN,0.0001159332605311647,4067,TAGTCC,6.709733497700654e-06,845,AGGGCN,0.0805816575884819,False,False,True,-0.00011154264211654663,
13,42,85,head_3,degradation,1.0283203125,0.9884534478187561,0,AAAAAN,2.0,4067,TAGTCC,2.05859375,4067,TAGTCC,2.05859375,0,AAAAAN,0.00011668143997667357,4067,TAGTCC,6.7971554926771205e-06,845,AGGGCN,0.0811760276556015,False,False,True,-0.00011848285794258118,
13,43,85,head_3,degradation,1.0185546875,0.9781819581985474,0,AAAAAN,2.0,4067,TAGTCC,2.056640625,4067,TAGTCC,2.056640625,0,AAAAAN,0.0001160069223260507,4067,TAGTCC,6.666490662610158e-06,845,AGGGCN,0.08307825773954391,False,False,True,1.7508864402770996e-06,
13,44,85,head_3,degradation,1.009765625,0.9936162829399109,0,AAAAAN,2.0,4067,TAGTCC,2.0546875,4067,TAGTCC,2.0546875,0,AAAAAN,0.0001168351445812732,4067,TAGTCC,6.677496912743663e-06,845,AGGGCN,0.08245975524187088,False,False,True,6.000325083732605e-05,
13,45,85,head_3,degradation,1.0,0.9913673400878906,0,AAAAAN,2.0,4067,TAGTCC,2.052734375,4067,TAGTCC,2.052734375,0,AAAAAN,0.00011666311183944345,4067,TAGTCC,6.6245420384802856e-06,845,AGGGCN,0.08295119553804398,False,False,True,5.640089511871338e-05,
13,46,85,head_3,degradation,1.0185546875,1.0187232494354248,0,AAAAAN,2.0,4067,TAGTCC,2.056640625,4067,TAGTCC,2.056640625,0,AAAAAN,0.00011819061182904989,4067,TAGTCC,6.703593044221634e-06,845,AGGGCN,0.08242453634738922,False,False,True,8.535757660865784e-05,
13,47,85,head_3,degradation,1.0283203125,1.039090633392334,0,AAAAAN,2.0,4067,TAGTCC,2.05859375,4067,TAGTCC,2.05859375,0,AAAAAN,0.00011927371087949723,4067,TAGTCC,6.7082814894092735e-06,845,AGGGCN,0.08341635018587112,False,False,True,7.750838994979858e-05,
13,48,85,head_3,degradation,1.009765625,1.0311000347137451,0,AAAAAN,2.0,4067,TAGTCC,2.0546875,4067,TAGTCC,2.0546875,0,AAAAAN,0.00011884987179655582,4067,TAGTCC,6.707533884764416e-06,845,AGGGCN,0.08333580195903778,False,False,True,-1.6119331121444702e-05,
13,49,85,head_3,degradation,1.0,1.0547183752059937,0,AAAAAN,2.0,4067,TAGTCC,2.052734375,4067,TAGTCC,2.052734375,0,AAAAAN,0.00012012449587928131,4067,TAGTCC,6.7316104832571e-06,845,AGGGCN,0.08321022242307663,False,False,True,4.3176114559173584e-05,
13,50,85,head_3,degradation,1.0,1.0321780443191528,0,AAAAAN,2.0,4067,TAGTCC,2.052734375,4067,TAGTCC,2.052734375,0,AAAAAN,0.00011892533802893013,4067,TAGTCC,6.725914317939896e-06,845,AGGGCN,0.08239458501338959,False,False,True,2.9917806386947632e-05,
13,51,85,head_3,degradation,1.009765625,1.0558311939239502,0,AAAAAN,2.0,4067,TAGTCC,2.0546875,4067,TAGTCC,2.0546875,0,AAAAAN,0.00012023229646729305,4067,TAGTCC,6.78048309055157e-06,845,AGGGCN,0.0816117376089096,False,False,True,8.962303400039673e-05,
14,0,85,head_3,degradation,0.99072265625,0.9931610226631165,0,AAAAAN,2.0,4067,TAGTCC,2.05078125,4067,TAGTCC,2.05078125,0,AAAAAN,0.00011676572466967627,4067,TAGTCC,6.632179520238424e-06,845,AGGGCN,0.08244094252586365,False,False,True,5.539506673812866e-06,
14,1,85,head_3,degradation,1.009765625,0.9883636832237244,0,AAAAAN,2.0,4067,TAGTCC,2.0546875,4067,TAGTCC,2.0546875,0,AAAAAN,0.00011651978275040165,4067,TAGTCC,6.640247647737851e-06,845,AGGGCN,0.08260691165924072,False,False,True,-2.335384488105774e-05,
14,2,85,head_3,degradation,1.0,1.005579948425293,0,AAAAAN,2.0,4067,TAGTCC,2.052734375,4067,TAGTCC,2.052734375,0,AAAAAN,0.00011746691598091274,4067,TAGTCC,6.675813438050682e-06,845,AGGGCN,0.08260515332221985,False,False,True,-1.6652047634124756e-06,
14,3,85,head_3,degradation,1.0,1.0077749490737915,0,AAAAAN,2.0,4067,TAGTCC,2.052734375,4067,TAGTCC,2.052734375,0,AAAAAN,0.00011756900494219735,4067,TAGTCC,6.661684437858639e-06,845,AGGGCN,0.08277035504579544,False,False,True,1.6108155250549316e-05,
14,4,85,head_3,degradation,1.0,1.0060003995895386,0,AAAAAN,2.0,4067,TAGTCC,2.052734375,4067,TAGTCC,2.052734375,0,AAAAAN,0.0001175084471469745,4067,TAGTCC,6.695082447549794e-06,845,AGGGCN,0.08281107246875763,False,False,True,-1.6558915376663208e-05,
14,5,85,head_3,degradation,1.009765625,1.0067399740219116,0,AAAAAN,2.0,4067,TAGTCC,2.0546875,4067,TAGTCC,2.0546875,0,AAAAAN,0.00011753246508305892,4067,TAGTCC,6.679941179754678e-06,845,AGGGCN,0.0824773982167244,False,False,True,-5.3707510232925415e-05,
14,6,85,head_3,degradation,1.009765625,0.9840426445007324,0,AAAAAN,2.0,4067,TAGTCC,2.0546875,4067,TAGTCC,2.0546875,0,AAAAAN,0.00011629884102148935,4067,TAGTCC,6.648103862971766e-06,845,AGGGCN,0.08292972296476364,False,False,True,-1.9088387489318848e-05,
14,7,85,head_3,degradation,1.0,0.9939896464347839,0,AAAAAN,2.0,4067,TAGTCC,2.052734375,4067,TAGTCC,2.052734375,0,AAAAAN,0.00011681823525577784,4067,TAGTCC,6.640820629399968e-06,845,AGGGCN,0.0828791931271553,False,False,True,-3.674626350402832e-05,
14,8,85,head_3,degradation,1.0,0.990517258644104,0,AAAAAN,2.0,4067,TAGTCC,2.052734375,4067,TAGTCC,2.052734375,0,AAAAAN,0.00011662631732178852,4067,TAGTCC,6.632755230384646e-06,845,AGGGCN,0.08282133936882019,False,False,True,-0.00017396360635757446,
14,9,85,head_3,degradation,1.0,1.003991961479187,0,AAAAAN,2.0,4067,TAGTCC,2.052734375,4067,TAGTCC,2.052734375,0,AAAAAN,0.00011737820750568062,4067,TAGTCC,6.671186383755412e-06,845,AGGGCN,0.08265871554613113,False,False,True,-7.572770118713379e-05,
14,10,85,head_3,degradation,1.0,1.0091445446014404,0,AAAAAN,2.0,4067,TAGTCC,2.052734375,4067,TAGTCC,2.052734375,0,AAAAAN,0.00011764974624384195,4067,TAGTCC,6.669909907941474e-06,845,AGGGCN,0.08268576860427856,False,False,True,-0.00010352581739425659,
14,11,85,head_3,degradation,1.0,0.9965802431106567,0,AAAAAN,2.0,4067,TAGTCC,2.052734375,4067,TAGTCC,2.052734375,0,AAAAAN,0.00011697333684423938,4067,TAGTCC,6.658749953203369e-06,845,AGGGCN,0.08256737142801285,False,False,True,7.930397987365723e-05,
14,12,85,head_3,degradation,0.9814453125,1.0076771974563599,0,AAAAAN,2.0,4067,TAGTCC,2.048828125,4067,TAGTCC,2.048828125,0,AAAAAN,0.00011754204024327919,4067,TAGTCC,6.6398947637935635e-06,845,AGGGCN,0.08290556073188782,False,False,True,-4.192069172859192e-05,
14,13,85,head_3,degradation,0.99072265625,1.009799838066101,0,AAAAAN,2.0,4067,TAGTCC,2.05078125,4067,TAGTCC,2.05078125,0,AAAAAN,0.00011768718104576692,4067,TAGTCC,6.672639756288845e-06,845,AGGGCN,0.08250788599252701,False,False,True,-0.00016511976718902588,
14,14,85,head_3,degradation,0.9814453125,1.008935570716858,0,AAAAAN,2.0,4067,TAGTCC,2.048828125,4067,TAGTCC,2.048828125,0,AAAAAN,0.00011765765520976856,4067,TAGTCC,6.688880148431053e-06,845,AGGGCN,0.08268124610185623,False,False,True,-0.00036606937646865845,
14,15,85,head_3,degradation,0.9814453125,1.0125211477279663,0,AAAAAN,2.0,4067,TAGTCC,2.048828125,4067,TAGTCC,2.048828125,0,AAAAAN,0.00011784033995354548,4067,TAGTCC,6.6817178776545916e-06,845,AGGGCN,0.08263543993234634,False,False,True,-0.0007169432938098907,
14,16,85,head_3,degradation,1.0,0.9876400828361511,0,AAAAAN,2.0,4067,TAGTCC,2.052734375,4067,TAGTCC,2.052734375,0,AAAAAN,0.00011648837971733883,4067,TAGTCC,6.647165264439536e-06,845,AGGGCN,0.08271327614784241,False,False,True,-0.0016888566315174103,
14,17,85,head_3,degradation,1.009765625,0.9767684936523438,0,AAAAAN,2.0,4067,TAGTCC,2.0546875,4067,TAGTCC,2.0546875,0,AAAAAN,0.00011590773647185415,4067,TAGTCC,6.642152129643364e-06,845,AGGGCN,0.0833677127957344,False,False,True,-0.0017526187002658844,
14,18,85,head_3,degradation,1.0,0.9765942096710205,0,AAAAAN,2.0,4067,TAGTCC,2.052734375,4067,TAGTCC,2.052734375,0,AAAAAN,0.00011588658526306972,4067,TAGTCC,6.630225016124314e-06,845,AGGGCN,0.08323302865028381,False,False,True,-0.0010422132909297943,
14,19,85,head_3,degradation,0.9814453125,1.0032413005828857,0,AAAAAN,2.0,4067,TAGTCC,2.048828125,4067,TAGTCC,2.048828125,0,AAAAAN,0.00011730854748748243,4067,TAGTCC,6.64127810523496e-06,845,AGGGCN,0.08299627900123596,False,False,True,-0.0013560689985752106,
14,20,85,head_3,degradation,0.9814453125,1.0128265619277954,0,AAAAAN,2.0,4067,TAGTCC,2.048828125,4067,TAGTCC,2.048828125,0,AAAAAN,0.00011782025831053033,4067,TAGTCC,6.645455869147554e-06,845,AGGGCN,0.08257094025611877,False,False,True,-0.0010919533669948578,
14,21,85,head_3,degradation,1.0,1.0082905292510986,0,AAAAAN,2.0,4067,TAGTCC,2.052734375,4067,TAGTCC,2.052734375,0,AAAAAN,0.00011758203618228436,4067,TAGTCC,6.647415375482524e-06,845,AGGGCN,0.08287052810192108,False,False,True,-0.0018656179308891296,
14,22,85,head_3,degradation,1.009765625,0.9742594957351685,0,AAAAAN,2.0,4067,TAGTCC,2.0546875,4067,TAGTCC,2.0546875,0,AAAAAN,0.000115746064693667,4067,TAGTCC,6.613324785575969e-06,845,AGGGCN,0.08273221552371979,False,False,True,-0.0008822903037071228,
14,23,85,head_3,degradation,1.0,0.9772817492485046,0,AAAAAN,2.0,4067,TAGTCC,2.052734375,4067,TAGTCC,2.052734375,0,AAAAAN,0.00011591898510232568,4067,TAGTCC,6.626218691963004e-06,845,AGGGCN,0.08260335773229599,False,False,True,-0.0011146888136863708,
14,24,85,head_3,degradation,1.0,0.9828169941902161,0,AAAAAN,2.0,4067,TAGTCC,2.052734375,4067,TAGTCC,2.052734375,0,AAAAAN,0.00011622915917541832,4067,TAGTCC,6.643316282861633e-06,845,AGGGCN,0.08255942910909653,False,False,True,-0.0007212087512016296,
14,25,85,head_3,degradation,1.0,0.9826485514640808,0,AAAAAN,2.0,4067,TAGTCC,2.052734375,4067,TAGTCC,2.052734375,0,AAAAAN,0.00011626019113464281,4067,TAGTCC,6.6832640186476056e-06,845,AGGGCN,0.08220932632684708,False,False,True,-0.0006266646087169647,
14,26,85,head_3,degradation,1.0,0.9992193579673767,0,AAAAAN,2.0,4067,TAGTCC,2.052734375,4067,TAGTCC,2.052734375,0,AAAAAN,0.00011714825814124197,4067,TAGTCC,6.693938757962314e-06,845,AGGGCN,0.08227049559354782,False,False,True,-0.00026344507932662964,
14,27,85,head_3,degradation,0.99072265625,1.0030479431152344,0,AAAAAN,2.0,4067,TAGTCC,2.05078125,4067,TAGTCC,2.05078125,0,AAAAAN,0.00011731682025128976,4067,TAGTCC,6.659783139184583e-06,845,AGGGCN,0.08249959349632263,False,False,True,-8.22208821773529e-05,
14,28,85,head_3,degradation,1.0,0.9935599565505981,0,AAAAAN,2.0,4067,TAGTCC,2.052734375,4067,TAGTCC,2.052734375,0,AAAAAN,0.00011679797898977995,4067,TAGTCC,6.64331446387223e-06,845,AGGGCN,0.08264006674289703,False,False,True,-0.0001551322638988495,
14,29,85,head_3,degradation,1.0,1.0132510662078857,0,AAAAAN,2.0,4067,TAGTCC,2.052734375,4067,TAGTCC,2.052734375,0,AAAAAN,0.0001178724633064121,4067,TAGTCC,6.67519179842202e-06,845,AGGGCN,0.08274377137422562,False,False,True,-0.00017566606402397156,
14,30,85,head_3,degradation,1.0,1.003590703010559,0,AAAAAN,2.0,4067,TAGTCC,2.052734375,4067,TAGTCC,2.052734375,0,AAAAAN,0.00011733760766219348,4067,TAGTCC,6.651833245996386e-06,845,AGGGCN,0.08270328491926193,False,False,True,-0.0004132501780986786,
14,31,85,head_3,degradation,1.009765625,0.9871905446052551,0,AAAAAN,2.0,4067,TAGTCC,2.0546875,4067,TAGTCC,2.0546875,0,AAAAAN,0.00011649738007690758,4067,TAGTCC,6.679964371869573e-06,845,AGGGCN,0.08239466696977615,False,False,True,-0.0008522719144821167,
14,32,85,head_3,degradation,1.0,0.9834535121917725,0,AAAAAN,2.0,4067,TAGTCC,2.052734375,4067,TAGTCC,2.052734375,0,AAAAAN,0.00011629892833298072,4067,TAGTCC,6.679380021523684e-06,845,AGGGCN,0.08252332359552383,False,False,True,-0.0005615241825580597,
14,33,85,head_3,degradation,0.99072265625,0.9901712536811829,0,AAAAAN,2.0,4067,TAGTCC,2.05078125,4067,TAGTCC,2.05078125,0,AAAAAN,0.00011665593046927825,4067,TAGTCC,6.68069105813629e-06,845,AGGGCN,0.08236341923475266,False,False,True,-0.0004403553903102875,
14,34,85,head_3,degradation,1.0,0.982146680355072,0,AAAAAN,2.0,4067,TAGTCC,2.052734375,4067,TAGTCC,2.052734375,0,AAAAAN,0.00011624302715063095,4067,TAGTCC,6.692671831842745e-06,845,AGGGCN,0.08266761153936386,False,False,True,0.0001751445233821869,
14,35,85,head_3,degradation,1.0,0.9914173483848572,0,AAAAAN,2.0,4067,TAGTCC,2.052734375,4067,TAGTCC,2.052734375,0,AAAAAN,0.00011674235429381952,4067,TAGTCC,6.701134225295391e-06,845,AGGGCN,0.08251504600048065,False,False,True,9.800121188163757e-05,
14,36,85,head_3,degradation,1.0,0.9721287488937378,0,AAAAAN,2.0,4067,TAGTCC,2.052734375,4067,TAGTCC,2.052734375,0,AAAAAN,0.00011571391951292753,4067,TAGTCC,6.693996510875877e-06,845,AGGGCN,0.0827016681432724,False,False,True,0.00017087161540985107,
14,37,85,head_3,degradation,1.0,0.9993705153465271,0,AAAAAN,2.0,4067,TAGTCC,2.052734375,4067,TAGTCC,2.052734375,0,AAAAAN,0.0001171576077467762,4067,TAGTCC,6.695288902847096e-06,845,AGGGCN,0.08239013701677322,False,False,True,6.982311606407166e-05,
14,38,85,head_3,degradation,0.99072265625,0.9890897870063782,0,AAAAAN,2.0,4067,TAGTCC,2.05078125,4067,TAGTCC,2.05078125,0,AAAAAN,0.00011659001756925136,4067,TAGTCC,6.672039944533026e-06,845,AGGGCN,0.08274251967668533,False,False,True,0.0001913011074066162,
14,39,85,head_3,degradation,0.9814453125,1.0090593099594116,0,AAAAAN,2.0,4067,TAGTCC,2.048828125,4067,TAGTCC,2.048828125,0,AAAAAN,0.00011760844790842384,4067,TAGTCC,6.63312130200211e-06,845,AGGGCN,0.08346789330244064,False,False,True,9.944289922714233e-05,
14,40,85,head_3,degradation,0.96240234375,1.0402904748916626,0,AAAAAN,2.0,4067,TAGTCC,2.044921875,4067,TAGTCC,2.044921875,0,AAAAAN,0.00011922124394914135,4067,TAGTCC,6.592286354134558e-06,845,AGGGCN,0.08392853289842606,False,False,True,1.7687678337097168e-05,
14,41,85,head_3,degradation,0.97216796875,1.0307530164718628,0,AAAAAN,2.0,4067,TAGTCC,2.046875,4067,TAGTCC,2.046875,0,AAAAAN,0.00011870730668306351,4067,TAGTCC,6.5833396547532175e-06,845,AGGGCN,0.08323837071657181,False,False,True,4.628673195838928e-05,
14,42,85,head_3,degradation,0.953125,1.0173790454864502,0,AAAAAN,2.0,4067,TAGTCC,2.04296875,4067,TAGTCC,2.04296875,0,AAAAAN,0.00011798155901487917,4067,TAGTCC,6.565716830664314e-06,845,AGGGCN,0.0832003578543663,False,False,True,6.649643182754517e-05,
14,43,85,head_3,degradation,1.009765625,0.9800241589546204,0,AAAAAN,2.0,4067,TAGTCC,2.0546875,4067,TAGTCC,2.0546875,0,AAAAAN,0.00011609058128669858,4067,TAGTCC,6.6526154114399105e-06,845,AGGGCN,0.0831204205751419,False,False,True,6.87427818775177e-05,
14,44,85,head_3,degradation,0.99072265625,0.996454119682312,0,AAAAAN,2.0,4067,TAGTCC,2.05078125,4067,TAGTCC,2.05078125,0,AAAAAN,0.0001169210227089934,4067,TAGTCC,6.61312014926807e-06,845,AGGGCN,0.08331237733364105,False,False,True,2.644956111907959e-05,
14,45,85,head_3,degradation,0.9814453125,1.0336291790008545,0,AAAAAN,2.0,4067,TAGTCC,2.048828125,4067,TAGTCC,2.048828125,0,AAAAAN,0.00011894813360413536,4067,TAGTCC,6.67187805447611e-06,845,AGGGCN,0.0827329233288765,False,False,True,3.7029385566711426e-05,
14,46,85,head_3,degradation,0.9814453125,1.0363589525222778,0,AAAAAN,2.0,4067,TAGTCC,2.048828125,4067,TAGTCC,2.048828125,0,AAAAAN,0.00011907821317436174,4067,TAGTCC,6.657421181444079e-06,845,AGGGCN,0.08220896869897842,False,False,True,4.526972770690918e-05,
14,47,85,head_3,degradation,0.9814453125,1.0183942317962646,0,AAAAAN,2.0,4067,TAGTCC,2.048828125,4067,TAGTCC,2.048828125,0,AAAAAN,0.00011814017489086837,4067,TAGTCC,6.67058520775754e-06,845,AGGGCN,0.08335545659065247,False,False,True,-3.0290335416793823e-05,
14,48,85,head_3,degradation,1.0,0.9927738308906555,0,AAAAAN,2.0,4067,TAGTCC,2.052734375,4067,TAGTCC,2.052734375,0,AAAAAN,0.00011677017027977854,4067,TAGTCC,6.6571333263709676e-06,845,AGGGCN,0.08377816528081894,False,False,True,-0.00010120868682861328,
14,49,85,head_3,degradation,1.0,0.9926226735115051,0,AAAAAN,2.0,4067,TAGTCC,2.052734375,4067,TAGTCC,2.052734375,0,AAAAAN,0.00011677417205646634,4067,TAGTCC,6.669138201687019e-06,845,AGGGCN,0.08381684869527817,False,False,True,-0.00017527863383293152,
14,50,85,head_3,degradation,1.0,1.0115286111831665,0,AAAAAN,2.0,4067,TAGTCC,2.052734375,4067,TAGTCC,2.052734375,0,AAAAAN,0.00011777859617723152,4067,TAGTCC,6.672526978945825e-06,845,AGGGCN,0.08258205652236938,False,False,True,2.366676926612854e-05,
14,51,85,head_3,degradation,1.009765625,1.0106048583984375,0,AAAAAN,2.0,4067,TAGTCC,2.0546875,4067,TAGTCC,2.0546875,0,AAAAAN,0.0001177520098281093,4067,TAGTCC,6.694848252664087e-06,845,AGGGCN,0.08245010673999786,False,False,True,8.780881762504578e-05,
15,0,85,head_3,degradation,0.9814453125,1.0037544965744019,0,AAAAAN,2.0,4067,TAGTCC,2.048828125,4067,TAGTCC,2.048828125,0,AAAAAN,0.00011732406710507348,4067,TAGTCC,6.629619292652933e-06,845,AGGGCN,0.08287563920021057,False,False,True,7.022172212600708e-06,
15,1,85,head_3,degradation,0.99072265625,0.997384250164032,0,AAAAAN,2.0,4067,TAGTCC,2.05078125,4067,TAGTCC,2.05078125,0,AAAAAN,0.00011702622578013688,4067,TAGTCC,6.669068170594983e-06,845,AGGGCN,0.08265766501426697,False,False,True,6.020069122314453e-06,
15,2,85,head_3,degradation,1.0,1.0003960132598877,0,AAAAAN,2.0,4067,TAGTCC,2.052734375,4067,TAGTCC,2.052734375,0,AAAAAN,0.000117185823910404,4067,TAGTCC,6.669203230558196e-06,845,AGGGCN,0.08269213885068893,False,False,True,6.097927689552307e-05,
15,3,85,head_3,degradation,1.0,1.0005409717559814,0,AAAAAN,2.0,4067,TAGTCC,2.052734375,4067,TAGTCC,2.052734375,0,AAAAAN,0.00011719763278961182,4067,TAGTCC,6.673330062767491e-06,845,AGGGCN,0.08276358991861343,False,False,True,3.7088990211486816e-05,
15,4,85,head_3,degradation,0.99072265625,1.0019659996032715,0,AAAAAN,2.0,4067,TAGTCC,2.05078125,4067,TAGTCC,2.05078125,0,AAAAAN,0.00011726491356967017,4067,TAGTCC,6.665161890850868e-06,845,AGGGCN,0.08256129175424576,False,False,True,5.707144737243652e-06,
15,5,85,head_3,degradation,1.0,1.0052460432052612,0,AAAAAN,2.0,4067,TAGTCC,2.052734375,4067,TAGTCC,2.052734375,0,AAAAAN,0.00011743137292796746,4067,TAGTCC,6.657953235844616e-06,845,AGGGCN,0.08255243301391602,False,False,True,-0.0001179426908493042,
15,6,85,head_3,degradation,1.0,1.0017515420913696,0,AAAAAN,2.0,4067,TAGTCC,2.052734375,4067,TAGTCC,2.052734375,0,AAAAAN,0.00011725524382200092,4067,TAGTCC,6.666848094027955e-06,845,AGGGCN,0.08251167088747025,False,False,True,-0.0001446455717086792,
15,7,85,head_3,degradation,1.0,0.9995502233505249,0,AAAAAN,2.0,4067,TAGTCC,2.052734375,4067,TAGTCC,2.052734375,0,AAAAAN,0.00011712263949448243,4067,TAGTCC,6.650801879004575e-06,845,AGGGCN,0.08246363699436188,False,False,True,-1.276656985282898e-05,
15,8,85,head_3,degradation,0.9814453125,0.9988469481468201,0,AAAAAN,2.0,4067,TAGTCC,2.048828125,4067,TAGTCC,2.048828125,0,AAAAAN,0.00011708058445947245,4067,TAGTCC,6.645985649811337e-06,845,AGGGCN,0.0826607346534729,False,False,True,-1.7892569303512573e-05,
15,9,85,head_3,degradation,0.9814453125,1.009304165840149,0,AAAAAN,2.0,4067,TAGTCC,2.048828125,4067,TAGTCC,2.048828125,0,AAAAAN,0.00011766474926844239,4067,TAGTCC,6.676453267573379e-06,845,AGGGCN,0.08272156119346619,False,False,True,6.123259663581848e-05,
15,10,85,head_3,degradation,0.9814453125,1.007912278175354,0,AAAAAN,2.0,4067,TAGTCC,2.048828125,4067,TAGTCC,2.048828125,0,AAAAAN,0.0001175780053017661,4067,TAGTCC,6.663411568297306e-06,845,AGGGCN,0.08277669548988342,False,False,True,5.82374632358551e-05,
15,11,85,head_3,degradation,0.9814453125,1.005881428718567,0,AAAAAN,2.0,4067,TAGTCC,2.048828125,4067,TAGTCC,2.048828125,0,AAAAAN,0.0001174704812001437,4067,TAGTCC,6.663414751528762e-06,845,AGGGCN,0.08289048820734024,False,False,True,0.00011206790804862976,
15,12,85,head_3,degradation,0.99072265625,1.0057282447814941,0,AAAAAN,2.0,4067,TAGTCC,2.05078125,4067,TAGTCC,2.05078125,0,AAAAAN,0.00011746511154342443,4067,TAGTCC,6.6661577875493094e-06,845,AGGGCN,0.08275527507066727,False,False,True,7.852539420127869e-05,
15,13,85,head_3,degradation,1.0,1.011973261833191,0,AAAAAN,2.0,4067,TAGTCC,2.052734375,4067,TAGTCC,2.052734375,0,AAAAAN,0.00011783943773480132,4067,TAGTCC,6.709823082928779e-06,845,AGGGCN,0.08249621838331223,False,False,True,-6.329268217086792e-06,
15,14,85,head_3,degradation,0.99072265625,1.0149530172348022,0,AAAAAN,2.0,4067,TAGTCC,2.05078125,4067,TAGTCC,2.05078125,0,AAAAAN,0.00011795311002060771,4067,TAGTCC,6.665722594334511e-06,845,AGGGCN,0.08251786231994629,False,False,True,-9.012594819068909e-05,
15,15,85,head_3,degradation,1.0,1.0028367042541504,0,AAAAAN,2.0,4067,TAGTCC,2.052734375,4067,TAGTCC,2.052734375,0,AAAAAN,0.00011729571997420862,4067,TAGTCC,6.649867373198504e-06,845,AGGGCN,0.08277979493141174,False,False,True,-0.00022724270820617676,
15,16,85,head_3,degradation,1.0,1.0074652433395386,0,AAAAAN,2.0,4067,TAGTCC,2.052734375,4067,TAGTCC,2.052734375,0,AAAAAN,0.0001175723155029118,4067,TAGTCC,6.681387731077848e-06,845,AGGGCN,0.08238962292671204,False,False,True,-0.00016289576888084412,
15,17,85,head_3,degradation,0.9814453125,1.0102795362472534,0,AAAAAN,2.0,4067,TAGTCC,2.048828125,4067,TAGTCC,2.048828125,0,AAAAAN,0.00011765104136429727,4067,TAGTCC,6.6111001615354326e-06,845,AGGGCN,0.08294953405857086,False,False,True,-1.979246735572815e-05,
15,18,85,head_3,degradation,0.9814453125,1.0135389566421509,0,AAAAAN,2.0,4067,TAGTCC,2.048828125,4067,TAGTCC,2.048828125,0,AAAAAN,0.00011782554793171585,4067,TAGTCC,6.613028745050542e-06,845,AGGGCN,0.08276386559009552,False,False,True,0.0002875775098800659,
15,19,85,head_3,degradation,0.953125,0.9924771189689636,0,AAAAAN,2.0,4067,TAGTCC,2.04296875,4067,TAGTCC,2.04296875,0,AAAAAN,0.0001166445726994425,4067,TAGTCC,6.547238626808394e-06,845,AGGGCN,0.08283935487270355,False,False,True,0.0008265040814876556,
15,20,85,head_3,degradation,0.97216796875,0.9893150329589844,0,AAAAAN,2.0,4067,TAGTCC,2.046875,4067,TAGTCC,2.046875,0,AAAAAN,0.00011653872934402898,4067,TAGTCC,6.608824151044246e-06,845,AGGGCN,0.0824742317199707,False,False,True,-1.2207776308059692e-05,
15,21,85,head_3,degradation,0.97216796875,0.9915139675140381,0,AAAAAN,2.0,4067,TAGTCC,2.046875,4067,TAGTCC,2.046875,0,AAAAAN,0.00011665296187857166,4067,TAGTCC,6.60663090457092e-06,845,AGGGCN,0.08260548859834671,False,False,True,-0.00019134953618049622,
15,22,85,head_3,degradation,1.0,0.9923953413963318,0,AAAAAN,2.0,4067,TAGTCC,2.052734375,4067,TAGTCC,2.052734375,0,AAAAAN,0.00011672059918055311,4067,TAGTCC,6.627599759667646e-06,845,AGGGCN,0.08288829773664474,False,False,True,-0.0005255378782749176,
15,23,85,head_3,degradation,1.0,1.008648157119751,0,AAAAAN,2.0,4067,TAGTCC,2.052734375,4067,TAGTCC,2.052734375,0,AAAAAN,0.00011761005589505658,4067,TAGTCC,6.656497589574428e-06,845,AGGGCN,0.08300165086984634,False,False,True,0.0004340223968029022,
15,24,85,head_3,degradation,0.99072265625,1.003051519393921,0,AAAAAN,2.0,4067,TAGTCC,2.05078125,4067,TAGTCC,2.05078125,0,AAAAAN,0.00011731636914191768,4067,TAGTCC,6.659147402388044e-06,845,AGGGCN,0.08291067183017731,False,False,True,0.00045089051127433777,
15,25,85,head_3,degradation,1.0,1.0144414901733398,0,AAAAAN,2.0,4067,TAGTCC,2.052734375,4067,TAGTCC,2.052734375,0,AAAAAN,0.00011795071623055264,4067,TAGTCC,6.6904135564982425e-06,845,AGGGCN,0.0830213651061058,False,False,True,0.00027954578399658203,
15,26,85,head_3,degradation,1.0,1.0051640272140503,0,AAAAAN,2.0,4067,TAGTCC,2.052734375,4067,TAGTCC,2.052734375,0,AAAAAN,0.00011742762580979615,4067,TAGTCC,6.658552138105733e-06,845,AGGGCN,0.08297411352396011,False,False,True,-8.941814303398132e-05,
15,27,85,head_3,degradation,0.99072265625,1.0083963871002197,0,AAAAAN,2.0,4067,TAGTCC,2.05078125,4067,TAGTCC,2.05078125,0,AAAAAN,0.00011761401401599869,4067,TAGTCC,6.673782536381623e-06,845,AGGGCN,0.08243394643068314,False,False,True,-0.00039127469062805176,
15,28,85,head_3,degradation,1.0,1.0110862255096436,0,AAAAAN,2.0,4067,TAGTCC,2.052734375,4067,TAGTCC,2.052734375,0,AAAAAN,0.00011776131577789783,4067,TAGTCC,6.678667432424845e-06,845,AGGGCN,0.08255733549594879,False,False,True,-0.0005085356533527374,
15,29,85,head_3,degradation,0.9814453125,1.0154640674591064,0,AAAAAN,2.0,4067,TAGTCC,2.048828125,4067,TAGTCC,2.048828125,0,AAAAAN,0.00011796200851676986,4067,TAGTCC,6.647562713624211e-06,845,AGGGCN,0.08272328972816467,False,False,True,-0.0006190240383148193,
15,30,85,head_3,degradation,0.99072265625,1.0112022161483765,0,AAAAAN,2.0,4067,TAGTCC,2.05078125,4067,TAGTCC,2.05078125,0,AAAAAN,0.0001177389858639799,4067,TAGTCC,6.650193427049089e-06,845,AGGGCN,0.08274849504232407,False,False,True,-0.00029456615447998047,
15,31,85,head_3,degradation,1.0,1.0064586400985718,0,AAAAAN,2.0,4067,TAGTCC,2.052734375,4067,TAGTCC,2.052734375,0,AAAAAN,0.00011751990678021684,4067,TAGTCC,6.68228130962234e-06,845,AGGGCN,0.08251892775297165,False,False,True,-1.3917684555053711e-05,
15,32,85,head_3,degradation,1.009765625,0.9967125654220581,0,AAAAAN,2.0,4067,TAGTCC,2.0546875,4067,TAGTCC,2.0546875,0,AAAAAN,0.00011701788025675341,4067,TAGTCC,6.69628616378759e-06,845,AGGGCN,0.08234964311122894,False,False,True,-0.0002691037952899933,
15,33,85,head_3,degradation,1.0,0.9987180233001709,0,AAAAAN,2.0,4067,TAGTCC,2.052734375,4067,TAGTCC,2.052734375,0,AAAAAN,0.00011711146362358704,4067,TAGTCC,6.683687388431281e-06,845,AGGGCN,0.08258671313524246,False,False,True,-0.0004000626504421234,
15,34,85,head_3,degradation,1.0,0.9668701887130737,0,AAAAAN,2.0,4067,TAGTCC,2.052734375,4067,TAGTCC,2.052734375,0,AAAAAN,0.00011540763080120087,4067,TAGTCC,6.666138688160572e-06,845,AGGGCN,0.08288393914699554,False,False,True,-0.0003307424485683441,
15,35,85,head_3,degradation,0.99072265625,0.993541419506073,0,AAAAAN,2.0,4067,TAGTCC,2.05078125,4067,TAGTCC,2.05078125,0,AAAAAN,0.00011681606702040881,4067,TAGTCC,6.662385203526355e-06,845,AGGGCN,0.082930788397789,False,False,True,-8.375197649002075e-05,
15,36,85,head_3,degradation,1.0,1.0123283863067627,0,AAAAAN,2.0,4067,TAGTCC,2.052734375,4067,TAGTCC,2.052734375,0,AAAAAN,0.0001178338352474384,4067,TAGTCC,6.685421794827562e-06,845,AGGGCN,0.08312153071165085,False,False,True,-6.880611181259155e-06,
15,37,85,head_3,degradation,0.99072265625,1.0442581176757812,0,AAAAAN,2.0,4067,TAGTCC,2.05078125,4067,TAGTCC,2.05078125,0,AAAAAN,0.00011951450869673863,4067,TAGTCC,6.6754701038007624e-06,845,AGGGCN,0.08279269933700562,False,False,True,-0.00011080875992774963,
15,38,85,head_3,degradation,0.99072265625,1.015621542930603,0,AAAAAN,2.0,4067,TAGTCC,2.05078125,4067,TAGTCC,2.05078125,0,AAAAAN,0.00011803730740211904,4067,TAGTCC,6.714523351547541e-06,845,AGGGCN,0.08244583010673523,False,False,True,-6.271526217460632e-05,
15,39,85,head_3,degradation,0.99072265625,0.9928775429725647,0,AAAAAN,2.0,4067,TAGTCC,2.05078125,4067,TAGTCC,2.05078125,0,AAAAAN,0.0001168235030490905,4067,TAGTCC,6.7049691097054165e-06,845,AGGGCN,0.0821150541305542,False,False,True,-8.450821042060852e-05,
15,40,85,head_3,degradation,1.009765625,0.953403115272522,0,AAAAAN,2.0,4067,TAGTCC,2.0546875,4067,TAGTCC,2.0546875,0,AAAAAN,0.00011468055163277313,4067,TAGTCC,6.652115189353935e-06,845,AGGGCN,0.08332748711109161,False,False,True,-2.4512410163879395e-05,
15,41,85,head_3,degradation,1.0283203125,0.971804141998291,0,AAAAAN,2.0,4067,TAGTCC,2.05859375,4067,TAGTCC,2.05859375,0,AAAAAN,0.00011562850704649463,4067,TAGTCC,6.625769856327679e-06,845,AGGGCN,0.083380326628685,False,False,True,-6.298348307609558e-05,
15,42,85,head_3,degradation,1.009765625,0.9649349451065063,0,AAAAAN,2.0,4067,TAGTCC,2.0546875,4067,TAGTCC,2.0546875,0,AAAAAN,0.00011524250294314697,4067,TAGTCC,6.60348086967133e-06,845,AGGGCN,0.08361326903104782,False,False,True,-5.079805850982666e-05,
15,43,85,head_3,degradation,1.0283203125,0.9937984943389893,0,AAAAAN,2.0,4067,TAGTCC,2.05859375,4067,TAGTCC,2.05859375,0,AAAAAN,0.00011686136713251472,4067,TAGTCC,6.6940706346940715e-06,845,AGGGCN,0.08181393891572952,False,False,True,7.972121238708496e-07,
15,44,85,head_3,degradation,1.009765625,0.9694548845291138,0,AAAAAN,2.0,4067,TAGTCC,2.0546875,4067,TAGTCC,2.0546875,0,AAAAAN,0.0001155119898612611,4067,TAGTCC,6.633640168729471e-06,845,AGGGCN,0.0816577896475792,False,False,True,2.0638108253479004e-06,
15,45,85,head_3,degradation,1.0,0.9679375290870667,0,AAAAAN,2.0,4067,TAGTCC,2.052734375,4067,TAGTCC,2.052734375,0,AAAAAN,0.00011546674068085849,4067,TAGTCC,6.668734840786783e-06,845,AGGGCN,0.08171053230762482,False,False,True,2.8625130653381348e-05,
15,46,85,head_3,degradation,0.9814453125,0.9724751710891724,0,AAAAAN,2.0,4067,TAGTCC,2.048828125,4067,TAGTCC,2.048828125,0,AAAAAN,0.00011568077752599493,4067,TAGTCC,6.6425100158085115e-06,845,AGGGCN,0.08227023482322693,False,False,True,-3.6697834730148315e-05,
15,47,85,head_3,degradation,0.99072265625,0.9899699687957764,0,AAAAAN,2.0,4067,TAGTCC,2.05078125,4067,TAGTCC,2.05078125,0,AAAAAN,0.0001166476504295133,4067,TAGTCC,6.683067567792023e-06,845,AGGGCN,0.08244558423757553,False,False,True,-6.845220923423767e-05,
15,48,85,head_3,degradation,1.0,0.9886620044708252,0,AAAAAN,2.0,4067,TAGTCC,2.052734375,4067,TAGTCC,2.052734375,0,AAAAAN,0.00011657980940071866,4067,TAGTCC,6.684480467811227e-06,845,AGGGCN,0.08238756656646729,False,False,True,-0.00010146945714950562,
15,49,85,head_3,degradation,0.9814453125,0.988481342792511,0,AAAAAN,2.0,4067,TAGTCC,2.048828125,4067,TAGTCC,2.048828125,0,AAAAAN,0.00011652166722342372,4067,TAGTCC,6.6359052652842365e-06,845,AGGGCN,0.08256036788225174,False,False,True,-6.321817636489868e-05,
15,50,85,head_3,degradation,1.0,0.9920100569725037,0,AAAAAN,2.0,4067,TAGTCC,2.052734375,4067,TAGTCC,2.052734375,0,AAAAAN,0.00011671654647216201,4067,TAGTCC,6.643949291174067e-06,845,AGGGCN,0.08290059119462967,False,False,True,-2.2526830434799194e-05,
15,51,85,head_3,degradation,0.99072265625,1.0008021593093872,0,AAAAAN,2.0,4067,TAGTCC,2.05078125,4067,TAGTCC,2.05078125,0,AAAAAN,0.00011716609151335433,4067,TAGTCC,6.62797128825332e-06,845,AGGGCN,0.08296381682157516,False,False,True,-5.744770169258118e-05,
16,0,85,head_3,degradation,1.0,1.002363920211792,0,AAAAAN,2.0,4067,TAGTCC,2.052734375,4067,TAGTCC,2.052734375,0,AAAAAN,0.00011730861297110096,4067,TAGTCC,6.687787390546873e-06,845,AGGGCN,0.08240575343370438,False,False,True,-9.695068001747131e-05,
16,1,85,head_3,degradation,1.0,0.9986540079116821,0,AAAAAN,2.0,4067,TAGTCC,2.052734375,4067,TAGTCC,2.052734375,0,AAAAAN,0.00011710204125847667,4067,TAGTCC,6.677654710074421e-06,845,AGGGCN,0.08279456198215485,False,False,True,-0.00015955418348312378,
16,2,85,head_3,degradation,1.0,0.9961066842079163,0,AAAAAN,2.0,4067,TAGTCC,2.052734375,4067,TAGTCC,2.052734375,0,AAAAAN,0.00011694373824866489,4067,TAGTCC,6.654227945546154e-06,845,AGGGCN,0.08280635625123978,False,False,True,-0.00010667741298675537,
16,3,85,head_3,degradation,1.009765625,0.9951905608177185,0,AAAAAN,2.0,4067,TAGTCC,2.0546875,4067,TAGTCC,2.0546875,0,AAAAAN,0.00011690823157550767,4067,TAGTCC,6.667227808065945e-06,845,AGGGCN,0.08250630646944046,False,False,True,-0.0001938343048095703,
16,4,85,head_3,degradation,1.0,0.9967293739318848,0,AAAAAN,2.0,4067,TAGTCC,2.052734375,4067,TAGTCC,2.052734375,0,AAAAAN,0.00011697654554154724,4067,TAGTCC,6.654064236499835e-06,845,AGGGCN,0.08278662711381912,False,False,True,-0.00017972290515899658,
16,5,85,head_3,degradation,1.0,1.0035226345062256,0,AAAAAN,2.0,4067,TAGTCC,2.052734375,4067,TAGTCC,2.052734375,0,AAAAAN,0.0001173458294942975,4067,TAGTCC,6.66365986035089e-06,845,AGGGCN,0.08275957405567169,False,False,True,-0.0002505108714103699,
16,6,85,head_3,degradation,1.0,0.999495804309845,0,AAAAAN,2.0,4067,TAGTCC,2.052734375,4067,TAGTCC,2.052734375,0,AAAAAN,0.0001171614057966508,4067,TAGTCC,6.692445367662003e-06,845,AGGGCN,0.08261185884475708,False,False,True,-0.00019842013716697693,
16,7,85,head_3,degradation,1.0,0.9990925192832947,0,AAAAAN,2.0,4067,TAGTCC,2.052734375,4067,TAGTCC,2.052734375,0,AAAAAN,0.00011712752166204154,4067,TAGTCC,6.6799198066291865e-06,845,AGGGCN,0.08263081312179565,False,False,True,-0.00015086308121681213,
16,8,85,head_3,degradation,0.99072265625,1.0032154321670532,0,AAAAAN,2.0,4067,TAGTCC,2.05078125,4067,TAGTCC,2.05078125,0,AAAAAN,0.00011734194413293153,4067,TAGTCC,6.676039902231423e-06,845,AGGGCN,0.08249963074922562,False,False,True,-0.00010914355516433716,
16,9,85,head_3,degradation,0.99072265625,1.0039982795715332,0,AAAAAN,2.0,4067,TAGTCC,2.05078125,4067,TAGTCC,2.05078125,0,AAAAAN,0.00011736262968042865,4067,TAGTCC,6.655277502432e-06,845,AGGGCN,0.08284218609333038,False,False,True,-0.00012273341417312622,
16,10,85,head_3,degradation,0.99072265625,1.0032414197921753,0,AAAAAN,2.0,4067,TAGTCC,2.05078125,4067,TAGTCC,2.05078125,0,AAAAAN,0.00011733133578673005,4067,TAGTCC,6.664056400040863e-06,845,AGGGCN,0.08265344798564911,False,False,True,-0.00018296390771865845,
16,11,85,head_3,degradation,0.97216796875,1.025749921798706,0,AAAAAN,2.0,4067,TAGTCC,2.046875,4067,TAGTCC,2.046875,0,AAAAAN,0.00011851520685013384,4067,TAGTCC,6.656141522398684e-06,845,AGGGCN,0.08298707753419876,False,False,True,-0.00016894936561584473,
16,12,85,head_3,degradation,0.97216796875,1.0267643928527832,0,AAAAAN,2.0,4067,TAGTCC,2.046875,4067,TAGTCC,2.046875,0,AAAAAN,0.00011857189383590594,4067,TAGTCC,6.659117843810236e-06,845,AGGGCN,0.08302677422761917,False,False,True,-0.00023565441370010376,
16,13,85,head_3,degradation,0.9814453125,1.025359869003296,0,AAAAAN,2.0,4067,TAGTCC,2.048828125,4067,TAGTCC,2.048828125,0,AAAAAN,0.00011851118324557319,4067,TAGTCC,6.672771178273251e-06,845,AGGGCN,0.08297159522771835,False,False,True,-0.0001490265130996704,
16,14,85,head_3,degradation,1.0,1.0061078071594238,0,AAAAAN,2.0,4067,TAGTCC,2.052734375,4067,TAGTCC,2.052734375,0,AAAAAN,0.00011748103133868426,4067,TAGTCC,6.66198229737347e-06,845,AGGGCN,0.08265289664268494,False,False,True,-9.432807564735413e-05,
16,15,85,head_3,degradation,1.0,1.0027037858963013,0,AAAAAN,2.0,4067,TAGTCC,2.052734375,4067,TAGTCC,2.052734375,0,AAAAAN,0.00011730395635822788,4067,TAGTCC,6.6651441557041835e-06,845,AGGGCN,0.08245279639959335,False,False,True,0.00012859702110290527,
16,16,85,head_3,degradation,0.99072265625,0.9958071708679199,0,AAAAAN,2.0,4067,TAGTCC,2.05078125,4067,TAGTCC,2.05078125,0,AAAAAN,0.00011692434054566547,4067,TAGTCC,6.6506931943877134e-06,845,AGGGCN,0.08266133815050125,False,False,True,9.497255086898804e-05,
16,17,85,head_3,degradation,0.99072265625,0.9932878613471985,0,AAAAAN,2.0,4067,TAGTCC,2.05078125,4067,TAGTCC,2.05078125,0,AAAAAN,0.00011675358837237582,4067,TAGTCC,6.613328878302127e-06,845,AGGGCN,0.08275752514600754,False,False,True,0.00035045668482780457,
16,18,85,head_3,degradation,0.99072265625,0.9967789649963379,0,AAAAAN,2.0,4067,TAGTCC,2.05078125,4067,TAGTCC,2.05078125,0,AAAAAN,0.00011693882697727531,4067,TAGTCC,6.613723144255346e-06,845,AGGGCN,0.08261609822511673,False,False,True,0.000612843781709671,
16,19,85,head_3,degradation,0.99072265625,1.0014842748641968,0,AAAAAN,2.0,4067,TAGTCC,2.05078125,4067,TAGTCC,2.05078125,0,AAAAAN,0.00011720351903932169,4067,TAGTCC,6.629277777392417e-06,845,AGGGCN,0.08270714432001114,False,False,True,0.0007940568029880524,
16,20,85,head_3,degradation,0.99072265625,1.0071221590042114,0,AAAAAN,2.0,4067,TAGTCC,2.05078125,4067,TAGTCC,2.05078125,0,AAAAAN,0.0001175239885924384,4067,TAGTCC,6.651227522525005e-06,845,AGGGCN,0.08269070088863373,False,False,True,1.8537044525146484e-05,
16,21,85,head_3,degradation,1.0,0.9981891512870789,0,AAAAAN,2.0,4067,TAGTCC,2.052734375,4067,TAGTCC,2.052734375,0,AAAAAN,0.00011707248631864786,4067,TAGTCC,6.6727179728331976e-06,845,AGGGCN,0.08261719346046448,False,False,True,-6.506964564323425e-05,
16,22,85,head_3,degradation,1.0,0.9962232112884521,0,AAAAAN,2.0,4067,TAGTCC,2.052734375,4067,TAGTCC,2.052734375,0,AAAAAN,0.0001169715978903696,4067,TAGTCC,6.675919848930789e-06,845,AGGGCN,0.08265186101198196,False,False,True,-0.0002515166997909546,
16,23,85,head_3,degradation,1.0,0.9997005462646484,0,AAAAAN,2.0,4067,TAGTCC,2.052734375,4067,TAGTCC,2.052734375,0,AAAAAN,0.00011712936247931793,4067,TAGTCC,6.649561328231357e-06,845,AGGGCN,0.08282145857810974,False,False,True,9.09753143787384e-05,
16,24,85,head_3,degradation,0.9814453125,1.0025246143341064,0,AAAAAN,2.0,4067,TAGTCC,2.048828125,4067,TAGTCC,2.048828125,0,AAAAAN,0.00011725633521564305,4067,TAGTCC,6.627008588111494e-06,845,AGGGCN,0.08288848400115967,False,False,True,-0.0002814680337905884,
16,25,85,head_3,degradation,1.0,0.9990506172180176,0,AAAAAN,2.0,4067,TAGTCC,2.052734375,4067,TAGTCC,2.052734375,0,AAAAAN,0.00011708879901561886,4067,TAGTCC,6.643414053542074e-06,845,AGGGCN,0.08271952718496323,False,False,True,-0.00026957690715789795,
16,26,85,head_3,degradation,1.0,1.0012280941009521,0,AAAAAN,2.0,4067,TAGTCC,2.052734375,4067,TAGTCC,2.052734375,0,AAAAAN,0.00011721531336661428,4067,TAGTCC,6.65463630866725e-06,845,AGGGCN,0.08280133455991745,False,False,True,-8.739903569221497e-05,
16,27,85,head_3,degradation,1.0,1.0044631958007812,0,AAAAAN,2.0,4067,TAGTCC,2.052734375,4067,TAGTCC,2.052734375,0,AAAAAN,0.00011739216279238462,4067,TAGTCC,6.660196049779188e-06,845,AGGGCN,0.08276446908712387,False,False,True,0.00016618520021438599,
16,28,85,head_3,degradation,1.0,1.0074135065078735,0,AAAAAN,2.0,4067,TAGTCC,2.052734375,4067,TAGTCC,2.052734375,0,AAAAAN,0.00011755690502468497,4067,TAGTCC,6.6687171056400985e-06,845,AGGGCN,0.08239138871431351,False,False,True,0.0001995079219341278,
16,29,85,head_3,degradation,1.0,1.0037262439727783,0,AAAAAN,2.0,4067,TAGTCC,2.052734375,4067,TAGTCC,2.052734375,0,AAAAAN,0.00011732590064639226,4067,TAGTCC,6.632955319219036e-06,845,AGGGCN,0.0827455222606659,False,False,True,0.00010572373867034912,
16,30,85,head_3,degradation,1.0,0.9994817972183228,0,AAAAAN,2.0,4067,TAGTCC,2.052734375,4067,TAGTCC,2.052734375,0,AAAAAN,0.00011712352716131136,4067,TAGTCC,6.655312063230667e-06,845,AGGGCN,0.08257002383470535,False,False,True,-0.00020467862486839294,
16,31,85,head_3,degradation,1.0,0.9946476221084595,0,AAAAAN,2.0,4067,TAGTCC,2.052734375,4067,TAGTCC,2.052734375,0,AAAAAN,0.00011687796359183267,4067,TAGTCC,6.665707587671932e-06,845,AGGGCN,0.08266638964414597,False,False,True,-0.0002817288041114807,
16,32,85,head_3,degradation,0.99072265625,1.0030689239501953,0,AAAAAN,2.0,4067,TAGTCC,2.05078125,4067,TAGTCC,2.05078125,0,AAAAAN,0.00011731004633475095,4067,TAGTCC,6.651895546383457e-06,845,AGGGCN,0.08275454491376877,False,False,True,-0.00019860267639160156,
16,33,85,head_3,degradation,0.99072265625,0.995750367641449,0,AAAAAN,2.0,4067,TAGTCC,2.05078125,4067,TAGTCC,2.05078125,0,AAAAAN,0.0001169087117887102,4067,TAGTCC,6.6380639509588946e-06,845,AGGGCN,0.08252930641174316,False,False,True,0.000345081090927124,
16,34,85,head_3,degradation,1.0,0.9656555652618408,0,AAAAAN,2.0,4067,TAGTCC,2.052734375,4067,TAGTCC,2.052734375,0,AAAAAN,0.00011532453208928928,4067,TAGTCC,6.647354439337505e-06,845,AGGGCN,0.08236048370599747,False,False,True,0.0004061684012413025,
16,35,85,head_3,degradation,1.0,0.9632418751716614,0,AAAAAN,2.0,4067,TAGTCC,2.052734375,4067,TAGTCC,2.052734375,0,AAAAAN,0.00011520354019012302,4067,TAGTCC,6.654163826169679e-06,845,AGGGCN,0.0827474594116211,False,False,True,0.0004439614713191986,
16,36,85,head_3,degradation,1.0,0.9753045439720154,0,AAAAAN,2.0,4067,TAGTCC,2.052734375,4067,TAGTCC,2.052734375,0,AAAAAN,0.0001158815503004007,4067,TAGTCC,6.69347491566441e-06,845,AGGGCN,0.08259180188179016,False,False,True,-4.867091774940491e-05,
16,37,85,head_3,degradation,0.9814453125,0.9451138377189636,0,AAAAAN,2.0,4067,TAGTCC,2.048828125,4067,TAGTCC,2.048828125,0,AAAAAN,0.00011428578000050038,4067,TAGTCC,6.696246600768063e-06,845,AGGGCN,0.08284066617488861,False,False,True,-0.00013252347707748413,
16,38,85,head_3,degradation,0.9814453125,0.9189270734786987,0,AAAAAN,2.0,4067,TAGTCC,2.048828125,4067,TAGTCC,2.048828125,0,AAAAAN,0.00011290878319414333,4067,TAGTCC,6.705793111905223e-06,845,AGGGCN,0.08257249742746353,False,False,True,-0.00014641880989074707,
16,39,85,head_3,degradation,1.0,0.8878293633460999,0,AAAAAN,2.0,4067,TAGTCC,2.052734375,4067,TAGTCC,2.052734375,0,AAAAAN,0.00011131277278764173,4067,TAGTCC,6.756346010661218e-06,845,AGGGCN,0.081973597407341,False,False,True,-0.00012355297803878784,
16,40,85,head_3,degradation,1.037109375,0.8985647559165955,0,AAAAAN,2.0,4067,TAGTCC,2.060546875,4067,TAGTCC,2.060546875,0,AAAAAN,0.00011191082012373954,4067,TAGTCC,6.785974619560875e-06,845,AGGGCN,0.08186758309602737,False,False,True,-2.0012259483337402e-05,
16,41,85,head_3,degradation,1.0751953125,0.9057364463806152,0,AAAAAN,2.0,4067,TAGTCC,2.068359375,4067,TAGTCC,2.068359375,0,AAAAAN,0.00011230530799366534,4067,TAGTCC,6.800737537560053e-06,845,AGGGCN,0.08135034888982773,False,False,True,-2.5190412998199463e-05,
16,42,85,head_3,degradation,1.0283203125,0.9386240839958191,0,AAAAAN,2.0,4067,TAGTCC,2.05859375,4067,TAGTCC,2.05859375,0,AAAAAN,0.00011396894842619076,4067,TAGTCC,6.723035312461434e-06,845,AGGGCN,0.0817008763551712,False,False,True,-4.424154758453369e-05,
16,43,85,head_3,degradation,1.0,0.9749632477760315,0,AAAAAN,2.0,4067,TAGTCC,2.052734375,4067,TAGTCC,2.052734375,0,AAAAAN,0.00011583882587729022,4067,TAGTCC,6.668822607025504e-06,845,AGGGCN,0.08213914185762405,False,False,True,-5.5652111768722534e-05,
16,44,85,head_3,degradation,0.953125,0.9689398407936096,0,AAAAAN,2.0,4067,TAGTCC,2.04296875,4067,TAGTCC,2.04296875,0,AAAAAN,0.00011545887537067756,4067,TAGTCC,6.607802788494155e-06,845,AGGGCN,0.08317165821790695,False,False,True,-0.00012391433119773865,
16,45,85,head_3,degradation,0.99072265625,0.9459735155105591,0,AAAAAN,2.0,4067,TAGTCC,2.05078125,4067,TAGTCC,2.05078125,0,AAAAAN,0.00011416302731959149,4067,TAGTCC,6.527975529024843e-06,845,AGGGCN,0.08395997434854507,False,False,True,-9.54940915107727e-05,
16,46,85,head_3,degradation,1.0,0.9389492273330688,0,AAAAAN,2.0,4067,TAGTCC,2.052734375,4067,TAGTCC,2.052734375,0,AAAAAN,0.00011376521433703601,4067,TAGTCC,6.502089945570333e-06,845,AGGGCN,0.08439823985099792,False,False,True,-6.138905882835388e-05,
16,47,85,head_3,degradation,1.0,0.974855363368988,0,AAAAAN,2.0,4067,TAGTCC,2.052734375,4067,TAGTCC,2.052734375,0,AAAAAN,0.00011573627853067592,4067,TAGTCC,6.5719882513803896e-06,845,AGGGCN,0.08305153250694275,False,False,True,-5.7850033044815063e-05,
16,48,85,head_3,degradation,1.0,1.0162512063980103,0,AAAAAN,2.0,4067,TAGTCC,2.052734375,4067,TAGTCC,2.052734375,0,AAAAAN,0.00011801454820670187,4067,TAGTCC,6.6584275373315904e-06,845,AGGGCN,0.08254069834947586,False,False,True,-6.678327918052673e-05,
16,49,85,head_3,degradation,1.009765625,1.0056638717651367,0,AAAAAN,2.0,4067,TAGTCC,2.0546875,4067,TAGTCC,2.0546875,0,AAAAAN,0.00011747076496249065,4067,TAGTCC,6.675218628515722e-06,845,AGGGCN,0.08234106749296188,False,False,True,-0.00020519644021987915,
16,50,85,head_3,degradation,1.009765625,0.9827433228492737,0,AAAAAN,2.0,4067,TAGTCC,2.0546875,4067,TAGTCC,2.0546875,0,AAAAAN,0.0001162312546512112,4067,TAGTCC,6.649309398198966e-06,845,AGGGCN,0.0829346626996994,False,False,True,-0.00015399977564811707,
16,51,85,head_3,degradation,1.009765625,0.9916092157363892,0,AAAAAN,2.0,4067,TAGTCC,2.0546875,4067,TAGTCC,2.0546875,0,AAAAAN,0.00011671834363369271,4067,TAGTCC,6.6669704210653435e-06,845,AGGGCN,0.0827653780579567,False,False,True,-9.995326399803162e-05,
17,0,85,head_3,degradation,1.0,1.0000165700912476,0,AAAAAN,2.0,4067,TAGTCC,2.052734375,4067,TAGTCC,2.052734375,0,AAAAAN,0.00011716711014742032,4067,TAGTCC,6.670577931799926e-06,845,AGGGCN,0.08270163834095001,False,False,True,-1.422688364982605e-05,
17,1,85,head_3,degradation,1.0,1.0000429153442383,0,AAAAAN,2.0,4067,TAGTCC,2.052734375,4067,TAGTCC,2.052734375,0,AAAAAN,0.00011716836888808757,4067,TAGTCC,6.6704469645628706e-06,845,AGGGCN,0.08270252496004105,False,False,True,-3.4403055906295776e-05,
17,2,85,head_3,degradation,1.0,1.0000029802322388,0,AAAAAN,2.0,4067,TAGTCC,2.052734375,4067,TAGTCC,2.052734375,0,AAAAAN,0.00011716613516910002,4067,TAGTCC,6.670319635304622e-06,845,AGGGCN,0.0827009528875351,False,False,True,-5.1490962505340576e-05,
17,3,85,head_3,degradation,1.0,1.0000420808792114,0,AAAAAN,2.0,4067,TAGTCC,2.052734375,4067,TAGTCC,2.052734375,0,AAAAAN,0.00011716832523234189,4067,TAGTCC,6.670444236078765e-06,845,AGGGCN,0.08270249515771866,False,False,True,-4.727393388748169e-05,
17,4,85,head_3,degradation,1.0,0.999980628490448,0,AAAAAN,2.0,4067,TAGTCC,2.052734375,4067,TAGTCC,2.052734375,0,AAAAAN,0.00011716509470716119,4067,TAGTCC,6.6704633354675025e-06,845,AGGGCN,0.08270273357629776,False,False,True,-2.979487180709839e-05,
17,5,85,head_3,degradation,1.0,1.000015139579773,0,AAAAAN,2.0,4067,TAGTCC,2.052734375,4067,TAGTCC,2.052734375,0,AAAAAN,0.0001171674593933858,4067,TAGTCC,6.671004939562408e-06,845,AGGGCN,0.08270189166069031,False,False,True,-4.92781400680542e-05,
17,6,85,head_3,degradation,1.0,1.0000066757202148,0,AAAAAN,2.0,4067,TAGTCC,2.052734375,4067,TAGTCC,2.052734375,0,AAAAAN,0.0001171672047348693,4067,TAGTCC,6.671193659713026e-06,845,AGGGCN,0.08270170539617538,False,False,True,-4.040077328681946e-05,
17,7,85,head_3,degradation,1.0,0.999998927116394,0,AAAAAN,2.0,4067,TAGTCC,2.052734375,4067,TAGTCC,2.052734375,0,AAAAAN,0.00011716676090145484,4067,TAGTCC,6.6711681938613765e-06,845,AGGGCN,0.08270139247179031,False,False,True,-4.244223237037659e-05,
17,8,85,head_3,degradation,1.0,1.000046968460083,0,AAAAAN,2.0,4067,TAGTCC,2.052734375,4067,TAGTCC,2.052734375,0,AAAAAN,0.00011716903100023046,4067,TAGTCC,6.670890797977336e-06,845,AGGGCN,0.08270299434661865,False,False,True,-2.0429491996765137e-05,
17,9,85,head_3,degradation,1.0,1.0000214576721191,0,AAAAAN,2.0,4067,TAGTCC,2.052734375,4067,TAGTCC,2.052734375,0,AAAAAN,0.00011716716835508123,4067,TAGTCC,6.670378297712887e-06,845,AGGGCN,0.0827016830444336,False,False,True,-1.7505139112472534e-05,
17,10,85,head_3,degradation,1.0,0.9999780058860779,0,AAAAAN,2.0,4067,TAGTCC,2.052734375,4067,TAGTCC,2.052734375,0,AAAAAN,0.00011716494191205129,4067,TAGTCC,6.6704551500151865e-06,845,AGGGCN,0.0827026292681694,False,False,True,-3.478303551673889e-05,
17,11,85,head_3,degradation,1.0,1.000042200088501,0,AAAAAN,2.0,4067,TAGTCC,2.052734375,4067,TAGTCC,2.052734375,0,AAAAAN,0.00011716855078702793,4067,TAGTCC,6.670660241070436e-06,845,AGGGCN,0.08270265907049179,False,False,True,-6.316229701042175e-05,
17,12,85,head_3,degradation,1.0,1.0000420808792114,0,AAAAAN,2.0,4067,TAGTCC,2.052734375,4067,TAGTCC,2.052734375,0,AAAAAN,0.00011716875451384112,4067,TAGTCC,6.670874881820055e-06,845,AGGGCN,0.08270280063152313,False,False,True,-7.34478235244751e-05,
17,13,85,head_3,degradation,1.0,1.0000801086425781,0,AAAAAN,2.0,4067,TAGTCC,2.052734375,4067,TAGTCC,2.052734375,0,AAAAAN,0.0001171721814898774,4067,TAGTCC,6.6722896008286625e-06,845,AGGGCN,0.08269765228033066,False,False,True,-9.909644722938538e-05,
17,14,85,head_3,degradation,1.0,1.0000509023666382,0,AAAAAN,2.0,4067,TAGTCC,2.052734375,4067,TAGTCC,2.052734375,0,AAAAAN,0.00011717097368091345,4067,TAGTCC,6.672627478110371e-06,845,AGGGCN,0.08269679546356201,False,False,True,-7.187202572822571e-05,
17,15,85,head_3,degradation,1.0,1.0001193284988403,0,AAAAAN,2.0,4067,TAGTCC,2.052734375,4067,TAGTCC,2.052734375,0,AAAAAN,0.0001171776166302152,4067,TAGTCC,6.675649274257012e-06,845,AGGGCN,0.08269138634204865,False,False,True,-6.718188524246216e-05,
17,16,85,head_3,degradation,1.0,1.0000563859939575,0,AAAAAN,2.0,4067,TAGTCC,2.052734375,4067,TAGTCC,2.052734375,0,AAAAAN,0.0001171730036730878,4067,TAGTCC,6.674369615211617e-06,845,AGGGCN,0.0826931819319725,False,False,True,0.00011897832155227661,
17,17,85,head_3,degradation,1.0,1.0000824928283691,0,AAAAAN,2.0,4067,TAGTCC,2.052734375,4067,TAGTCC,2.052734375,0,AAAAAN,0.00011717296001734212,4067,TAGTCC,6.672943527519237e-06,845,AGGGCN,0.08269819617271423,False,False,True,6.620585918426514e-05,
17,18,85,head_3,degradation,1.0,0.9999445080757141,0,AAAAAN,2.0,4067,TAGTCC,2.052734375,4067,TAGTCC,2.052734375,0,AAAAAN,0.00011716112203430384,4067,TAGTCC,6.6684087869361974e-06,845,AGGGCN,0.08270750194787979,False,False,True,-0.0002955310046672821,
17,19,85,head_3,degradation,1.0,0.9999219179153442,0,AAAAAN,2.0,4067,TAGTCC,2.052734375,4067,TAGTCC,2.052734375,0,AAAAAN,0.00011715770233422518,4067,TAGTCC,6.666183253400959e-06,845,AGGGCN,0.08271266520023346,False,False,True,-0.0006215982139110565,
17,20,85,head_3,degradation,1.0,0.9999290704727173,0,AAAAAN,2.0,4067,TAGTCC,2.052734375,4067,TAGTCC,2.052734375,0,AAAAAN,0.00011715789150912315,4067,TAGTCC,6.665989985776832e-06,845,AGGGCN,0.0827127993106842,False,False,True,-0.0009701624512672424,
17,21,85,head_3,degradation,1.0,0.9996993541717529,0,AAAAAN,2.0,4067,TAGTCC,2.052734375,4067,TAGTCC,2.052734375,0,AAAAAN,0.00011713746062014252,4067,TAGTCC,6.657725407421822e-06,845,AGGGCN,0.08273119479417801,False,False,True,-0.0008053742349147797,
17,22,85,head_3,degradation,1.0,0.9997989535331726,0,AAAAAN,2.0,4067,TAGTCC,2.052734375,4067,TAGTCC,2.052734375,0,AAAAAN,0.00011714627908077091,4067,TAGTCC,6.661269708274631e-06,845,AGGGCN,0.0827222689986229,False,False,True,-0.0006855912506580353,
17,23,85,head_3,degradation,1.0,0.9996314644813538,0,AAAAAN,2.0,4067,TAGTCC,2.052734375,4067,TAGTCC,2.052734375,0,AAAAAN,0.00011713946150848642,4067,TAGTCC,6.663318799837725e-06,845,AGGGCN,0.08271745592355728,False,False,True,-0.0002985633909702301,
17,24,85,head_3,degradation,1.0,1.0000087022781372,0,AAAAAN,2.0,4067,TAGTCC,2.052734375,4067,TAGTCC,2.052734375,0,AAAAAN,0.00011716839071596041,4067,TAGTCC,6.672277322650189e-06,845,AGGGCN,0.08269749581813812,False,False,True,-9.213760495185852e-05,
17,25,85,head_3,degradation,1.0,0.9998371601104736,0,AAAAAN,2.0,4067,TAGTCC,2.052734375,4067,TAGTCC,2.052734375,0,AAAAAN,0.00011716005246853456,4067,TAGTCC,6.673022198810941e-06,845,AGGGCN,0.08269412815570831,False,False,True,-6.117671728134155e-05,
17,26,85,head_3,degradation,1.0,1.0002176761627197,0,AAAAAN,2.0,4067,TAGTCC,2.052734375,4067,TAGTCC,2.052734375,0,AAAAAN,0.00011718228051904589,4067,TAGTCC,6.6751013036991935e-06,845,AGGGCN,0.08269216120243073,False,False,True,-7.928907871246338e-05,
17,27,85,head_3,degradation,1.0,1.0008066892623901,0,AAAAAN,2.0,4067,TAGTCC,2.052734375,4067,TAGTCC,2.052734375,0,AAAAAN,0.00011721318878699094,4067,TAGTCC,6.6748252720572054e-06,845,AGGGCN,0.08269630372524261,False,False,True,-7.459893822669983e-05,
17,28,85,head_3,degradation,1.0,1.0021429061889648,0,AAAAAN,2.0,4067,TAGTCC,2.052734375,4067,TAGTCC,2.052734375,0,AAAAAN,0.0001172778574982658,4067,TAGTCC,6.668741661997046e-06,845,AGGGCN,0.08272173255681992,False,False,True,-1.2349337339401245e-05,
17,29,85,head_3,degradation,1.0,1.0029418468475342,0,AAAAAN,2.0,4067,TAGTCC,2.052734375,4067,TAGTCC,2.052734375,0,AAAAAN,0.00011732335406122729,4067,TAGTCC,6.671934897894971e-06,845,AGGGCN,0.08272100239992142,False,False,True,0.00015171244740486145,
17,30,85,head_3,degradation,1.0,1.002712607383728,0,AAAAAN,2.0,4067,TAGTCC,2.052734375,4067,TAGTCC,2.052734375,0,AAAAAN,0.00011731307313311845,4067,TAGTCC,6.673790721833939e-06,845,AGGGCN,0.08271375298500061,False,False,True,0.00011137500405311584,
17,31,85,head_3,degradation,1.0,0.9998098015785217,0,AAAAAN,2.0,4067,TAGTCC,2.052734375,4067,TAGTCC,2.052734375,0,AAAAAN,0.00011716434528352693,4067,TAGTCC,6.678760200884426e-06,845,AGGGCN,0.0826769769191742,False,False,True,9.659677743911743e-05,
17,32,85,head_3,degradation,1.0,0.9896937608718872,0,AAAAAN,2.0,4067,TAGTCC,2.052734375,4067,TAGTCC,2.052734375,0,AAAAAN,0.00011663581244647503,4067,TAGTCC,6.685853350063553e-06,845,AGGGCN,0.08257066458463669,False,False,True,-0.0001469925045967102,
17,33,85,head_3,degradation,1.0,0.9798315167427063,0,AAAAAN,2.0,4067,TAGTCC,2.052734375,4067,TAGTCC,2.052734375,0,AAAAAN,0.00011612832895480096,4067,TAGTCC,6.7005589698965196e-06,845,AGGGCN,0.08243998885154724,False,False,True,-0.00016196072101593018,
17,34,85,head_3,degradation,1.0,0.988644003868103,0,AAAAAN,2.0,4067,TAGTCC,2.052734375,4067,TAGTCC,2.052734375,0,AAAAAN,0.0001165987050626427,4067,TAGTCC,6.704330644424772e-06,845,AGGGCN,0.08248395472764969,False,False,True,-0.00019825249910354614,
17,35,85,head_3,degradation,1.0,0.9989836812019348,0,AAAAAN,2.0,4067,TAGTCC,2.052734375,4067,TAGTCC,2.052734375,0,AAAAAN,0.00011714152060449123,4067,TAGTCC,6.6996767600358e-06,845,AGGGCN,0.08252979815006256,False,False,True,-7.890909910202026e-05,
17,36,85,head_3,degradation,1.0,0.9996337890625,0,AAAAAN,2.0,4067,TAGTCC,2.052734375,4067,TAGTCC,2.052734375,0,AAAAAN,0.00011721996270352975,4067,TAGTCC,6.743700851075118e-06,845,AGGGCN,0.08223047107458115,False,False,True,-4.972517490386963e-05,
17,37,85,head_3,degradation,1.0,0.9829158186912537,0,AAAAAN,2.0,4067,TAGTCC,2.052734375,4067,TAGTCC,2.052734375,0,AAAAAN,0.00011636289127636701,4067,TAGTCC,6.771811513317516e-06,845,AGGGCN,0.08183620125055313,False,False,True,-3.9126724004745483e-05,
17,38,85,head_3,degradation,1.0,0.9737542271614075,0,AAAAAN,2.0,4067,TAGTCC,2.052734375,4067,TAGTCC,2.052734375,0,AAAAAN,0.00011588023335207254,4067,TAGTCC,6.774244411644759e-06,845,AGGGCN,0.08208579570055008,False,False,True,-6.0852617025375366e-05,
17,39,85,head_3,degradation,1.0,0.9661372303962708,0,AAAAAN,2.0,4067,TAGTCC,2.052734375,4067,TAGTCC,2.052734375,0,AAAAAN,0.00011545979214133695,4067,TAGTCC,6.757108621968655e-06,845,AGGGCN,0.08209552615880966,False,False,True,-4.63537871837616e-05,
17,40,85,head_3,degradation,1.0,0.9627973437309265,0,AAAAAN,2.0,4067,TAGTCC,2.052734375,4067,TAGTCC,2.052734375,0,AAAAAN,0.00011520810221554711,4067,TAGTCC,6.682264938717708e-06,845,AGGGCN,0.08007513731718063,False,False,True,-3.099814057350159e-05,
17,41,85,head_3,degradation,0.9814453125,0.9775136709213257,0,AAAAAN,2.0,4067,TAGTCC,2.048828125,4067,TAGTCC,2.048828125,0,AAAAAN,0.00011597067350521684,4067,TAGTCC,6.665629371127579e-06,845,AGGGCN,0.08009762316942215,False,False,True,-8.851289749145508e-06,
17,42,85,head_3,degradation,0.9814453125,0.9980245232582092,0,AAAAAN,2.0,4067,TAGTCC,2.048828125,4067,TAGTCC,2.048828125,0,AAAAAN,0.00011706539953593165,4067,TAGTCC,6.674347787338775e-06,845,AGGGCN,0.08037896454334259,False,False,True,-1.8324702978134155e-05,
17,43,85,head_3,degradation,0.9814453125,1.0249625444412231,0,AAAAAN,2.0,4067,TAGTCC,2.048828125,4067,TAGTCC,2.048828125,0,AAAAAN,0.00011860958329634741,4067,TAGTCC,6.7922087509941775e-06,845,AGGGCN,0.08221092075109482,False,False,True,-2.0328909158706665e-05,
17,44,85,head_3,degradation,1.0,1.0164748430252075,0,AAAAAN,2.0,4067,TAGTCC,2.052734375,4067,TAGTCC,2.052734375,0,AAAAAN,0.00011816733604064211,4067,TAGTCC,6.799369202781236e-06,845,AGGGCN,0.08214466273784637,False,False,True,-2.5097280740737915e-05,
17,45,85,head_3,degradation,1.0,1.021522879600525,0,AAAAAN,2.0,4067,TAGTCC,2.052734375,4067,TAGTCC,2.052734375,0,AAAAAN,0.00011844474647659808,4067,TAGTCC,6.809497335780179e-06,845,AGGGCN,0.08212923258543015,False,False,True,-4.995614290237427e-06,
17,46,85,head_3,degradation,1.0,1.012052297592163,0,AAAAAN,2.0,4067,TAGTCC,2.052734375,4067,TAGTCC,2.052734375,0,AAAAAN,0.00011788127449108288,4067,TAGTCC,6.747475254087476e-06,845,AGGGCN,0.08255574107170105,False,False,True,9.760260581970215e-07,
17,47,85,head_3,degradation,1.0,1.004450798034668,0,AAAAAN,2.0,4067,TAGTCC,2.052734375,4067,TAGTCC,2.052734375,0,AAAAAN,0.00011745330266421661,4067,TAGTCC,6.7219875745649915e-06,845,AGGGCN,0.08280252665281296,False,False,True,8.597970008850098e-06,
17,48,85,head_3,degradation,1.0,0.9923953413963318,0,AAAAAN,2.0,4067,TAGTCC,2.052734375,4067,TAGTCC,2.052734375,0,AAAAAN,0.00011674957204377279,4067,TAGTCC,6.6565689849085175e-06,845,AGGGCN,0.083088718354702,False,False,True,-2.9902905225753784e-05,
17,49,85,head_3,degradation,1.0,0.9884210228919983,0,AAAAAN,2.0,4067,TAGTCC,2.052734375,4067,TAGTCC,2.052734375,0,AAAAAN,0.00011652449757093564,4067,TAGTCC,6.641932031925535e-06,845,AGGGCN,0.08329375088214874,False,False,True,-4.542246460914612e-05,
17,50,85,head_3,degradation,1.0,0.9982004165649414,0,AAAAAN,2.0,4067,TAGTCC,2.052734375,4067,TAGTCC,2.052734375,0,AAAAAN,0.00011707570956787094,4067,TAGTCC,6.6753418650478125e-06,845,AGGGCN,0.08291499316692352,False,False,True,-4.680827260017395e-05,
17,51,85,head_3,degradation,1.0,1.0051445960998535,0,AAAAAN,2.0,4067,TAGTCC,2.052734375,4067,TAGTCC,2.052734375,0,AAAAAN,0.0001174629942397587,4067,TAGTCC,6.6949437496077735e-06,845,AGGGCN,0.08269067108631134,False,False,True,-0.00010009855031967163,
