Layer,Time_Offset,Target_Timestep,Component,Metric_Mode,Logit_Score,Posteriors_Score,Target_Transition_Prior,Target_String_Prior,Target_Logit,Wrong_Transition_Prior,Wrong_String_Prior,Wrong_Logit,Actual_Argmax_Prior,Actual_String_Prior,Actual_Argmax_Logit,Target_Transition_Post,Target_String_Post,Target_Prob,Wrong_Transition_Post,Wrong_String_Post,Wrong_Prob,Actual_Transition_Post,actual_String_Post,actual_Prob,Is_Target_Logit_Argmax,Is_Target_Prob_Argmax,Should_Decode,Global_MSE_Change,New_String
0,0,29,head_0,recovery,-0.0126953125,-0.07559800148010254,4693,TGGGGG,2.80859375,1493,CAGGGG,2.853515625,1493,CAGGGG,2.853515625,4693,TGGGGG,3.794044823735021e-05,1493,CAGGGG,0.03788843750953674,2932,GCAGGC,0.12758171558380127,False,False,True,-0.00029718130826950073,
0,1,29,head_0,recovery,0.00634765625,-0.18257975578308105,4693,TGGGGG,2.80859375,1493,CAGGGG,2.84765625,1493,CAGGGG,2.84765625,4693,TGGGGG,3.8152571505634114e-05,1493,CAGGGG,0.03773697465658188,2932,GCAGGC,0.12722690403461456,False,False,True,-0.0004137270152568817,
0,2,29,head_0,recovery,0.0,-0.19780123233795166,4693,TGGGGG,2.80859375,1493,CAGGGG,2.849609375,1493,CAGGGG,2.849609375,4693,TGGGGG,3.788697358686477e-05,1493,CAGGGG,0.0377151258289814,2932,GCAGGC,0.12616375088691711,False,False,True,-0.00010073557496070862,
0,3,29,head_0,recovery,0.00634765625,-0.311309814453125,4693,TGGGGG,2.802734375,1493,CAGGGG,2.841796875,1493,CAGGGG,2.841796875,4693,TGGGGG,3.7582023651339114e-05,1493,CAGGGG,0.03755389153957367,2932,GCAGGC,0.12620268762111664,False,False,True,-0.0006465688347816467,
0,4,29,head_0,recovery,0.00634765625,-0.03693580627441406,4693,TGGGGG,2.810546875,1493,CAGGGG,2.849609375,1493,CAGGGG,2.849609375,4693,TGGGGG,3.810694033745676e-05,1493,CAGGGG,0.037943415343761444,2932,GCAGGC,0.12666234374046326,False,False,True,-0.0004436895251274109,
0,5,29,head_0,recovery,0.00634765625,-0.1440725326538086,4693,TGGGGG,2.80859375,1493,CAGGGG,2.84765625,1493,CAGGGG,2.84765625,4693,TGGGGG,3.7547873944276944e-05,1493,CAGGGG,0.03779096156358719,2932,GCAGGC,0.1282750368118286,False,False,True,-0.0009604655206203461,
0,6,29,head_0,recovery,0.0,-0.21284937858581543,4693,TGGGGG,2.80859375,1493,CAGGGG,2.849609375,1493,CAGGGG,2.849609375,4693,TGGGGG,3.7490404793061316e-05,1493,CAGGGG,0.03769339621067047,2932,GCAGGC,0.12722356617450714,False,False,True,-0.0006794966757297516,
0,7,29,head_0,recovery,0.00634765625,-0.33397531509399414,4693,TGGGGG,2.8046875,1493,CAGGGG,2.84375,1493,CAGGGG,2.84375,4693,TGGGGG,3.7183523090789095e-05,1493,CAGGGG,0.0375213585793972,2932,GCAGGC,0.12778231501579285,False,False,True,-0.0011506341397762299,
0,8,29,head_0,recovery,0.00634765625,-0.3396036624908447,4693,TGGGGG,2.8046875,1493,CAGGGG,2.84375,1493,CAGGGG,2.84375,4693,TGGGGG,3.7399378925329074e-05,1493,CAGGGG,0.03751359507441521,2932,GCAGGC,0.12582319974899292,False,False,True,-0.0005111843347549438,
0,9,29,head_0,recovery,0.00634765625,-0.2596675157546997,4693,TGGGGG,2.8046875,1493,CAGGGG,2.84375,1493,CAGGGG,2.84375,4693,TGGGGG,3.740605461644009e-05,1493,CAGGGG,0.03762693330645561,2932,GCAGGC,0.12728053331375122,False,False,True,-0.0006250888109207153,
0,10,29,head_0,recovery,0.0,-0.13442671298980713,4693,TGGGGG,2.802734375,1493,CAGGGG,2.84375,1493,CAGGGG,2.84375,4693,TGGGGG,3.750473842956126e-05,1493,CAGGGG,0.03780459612607956,2932,GCAGGC,0.12710724771022797,False,False,True,-0.000612746924161911,
0,11,29,head_0,recovery,0.0,-0.26042163372039795,4693,TGGGGG,2.802734375,1493,CAGGGG,2.84375,1493,CAGGGG,2.84375,4693,TGGGGG,3.759624814847484e-05,1493,CAGGGG,0.037626054137945175,2932,GCAGGC,0.12631984055042267,False,False,True,-0.00025049224495887756,
0,12,29,head_0,recovery,0.00634765625,-0.43453526496887207,4693,TGGGGG,2.810546875,1493,CAGGGG,2.849609375,1493,CAGGGG,2.849609375,4693,TGGGGG,3.7741563573945314e-05,1493,CAGGGG,0.037379346787929535,2932,GCAGGC,0.12545138597488403,False,False,True,-1.2367963790893555e-05,
0,13,29,head_0,recovery,0.01220703125,-0.4651491641998291,4693,TGGGGG,2.8046875,1493,CAGGGG,2.841796875,1493,CAGGGG,2.841796875,4693,TGGGGG,3.746128277271055e-05,1493,CAGGGG,0.03733566403388977,2932,GCAGGC,0.12668514251708984,False,False,True,-0.0008164942264556885,
0,14,29,head_0,recovery,0.01220703125,-0.25321686267852783,4693,TGGGGG,2.8125,1493,CAGGGG,2.849609375,1493,CAGGGG,2.849609375,4693,TGGGGG,3.8057063648011535e-05,1493,CAGGGG,0.03763673081994057,2932,GCAGGC,0.12679605185985565,False,False,True,-0.00037738680839538574,
0,15,29,head_0,recovery,0.00634765625,-0.21026122570037842,4693,TGGGGG,2.8125,1493,CAGGGG,2.8515625,1493,CAGGGG,2.8515625,4693,TGGGGG,3.7671386962756515e-05,1493,CAGGGG,0.03769724443554878,2932,GCAGGC,0.12710848450660706,False,False,True,-0.0003655478358268738,
0,16,29,head_0,recovery,0.01220703125,-0.0428847074508667,4693,TGGGGG,2.8125,1493,CAGGGG,2.849609375,1493,CAGGGG,2.849609375,4693,TGGGGG,3.766922964132391e-05,1493,CAGGGG,0.037934545427560806,2932,GCAGGC,0.12804922461509705,False,False,True,-0.0007865801453590393,
0,17,29,head_0,recovery,-0.005859375,-0.598645806312561,4693,TGGGGG,2.796875,1493,CAGGGG,2.83984375,1493,CAGGGG,2.83984375,4693,TGGGGG,3.736926009878516e-05,1493,CAGGGG,0.03714630380272865,2932,GCAGGC,0.1261349618434906,False,False,True,-0.00037266314029693604,
0,18,29,head_0,recovery,0.00634765625,-0.3158292770385742,4693,TGGGGG,2.810546875,1493,CAGGGG,2.849609375,1493,CAGGGG,2.849609375,4693,TGGGGG,3.778158134082332e-05,1493,CAGGGG,0.03754768520593643,2932,GCAGGC,0.12582805752754211,False,False,True,-0.0003903880715370178,
0,19,29,head_0,recovery,0.00634765625,-0.2574734687805176,4693,TGGGGG,2.802734375,1493,CAGGGG,2.841796875,1493,CAGGGG,2.841796875,4693,TGGGGG,3.772235140786506e-05,1493,CAGGGG,0.0376303605735302,2932,GCAGGC,0.12646932899951935,False,False,True,-0.00011314824223518372,
0,20,29,head_0,recovery,0.00634765625,-0.3361194133758545,4693,TGGGGG,2.8046875,1493,CAGGGG,2.84375,1493,CAGGGG,2.84375,4693,TGGGGG,3.758522871066816e-05,1493,CAGGGG,0.03751872107386589,2932,GCAGGC,0.12638884782791138,False,False,True,-0.000118304044008255,
0,21,29,head_0,recovery,-0.0126953125,-0.2999246120452881,4693,TGGGGG,2.8046875,1493,CAGGGG,2.849609375,1493,CAGGGG,2.849609375,4693,TGGGGG,3.777947131311521e-05,1493,CAGGGG,0.03757023066282272,2932,GCAGGC,0.12602278590202332,False,False,True,0.00010227784514427185,
0,22,29,head_0,recovery,0.0,0.09584605693817139,4693,TGGGGG,2.80859375,1493,CAGGGG,2.849609375,1493,CAGGGG,2.849609375,4693,TGGGGG,3.7645604606950656e-05,1493,CAGGGG,0.03813120722770691,2932,GCAGGC,0.12766464054584503,False,False,True,-0.0004474818706512451,
0,23,29,head_0,recovery,0.00634765625,-0.27007007598876953,4693,TGGGGG,2.8046875,1493,CAGGGG,2.84375,1493,CAGGGG,2.84375,4693,TGGGGG,3.762966298381798e-05,1493,CAGGGG,0.03761240839958191,2932,GCAGGC,0.126957967877388,False,False,True,-0.0008585155010223389,
0,24,29,head_0,recovery,-0.0126953125,-0.006369233131408691,4693,TGGGGG,2.8046875,1493,CAGGGG,2.849609375,1493,CAGGGG,2.849609375,4693,TGGGGG,3.7746602174593136e-05,1493,CAGGGG,0.0379863940179348,2932,GCAGGC,0.1278315633535385,False,False,True,-0.0005605071783065796,
0,25,29,head_0,recovery,0.00634765625,-0.26762115955352783,4693,TGGGGG,2.80859375,1493,CAGGGG,2.84765625,1493,CAGGGG,2.84765625,4693,TGGGGG,3.834431117866188e-05,1493,CAGGGG,0.03761659562587738,2932,GCAGGC,0.12641726434230804,False,False,True,0.00014923885464668274,
0,26,29,head_0,recovery,-0.005859375,0.08090829849243164,4693,TGGGGG,2.80859375,1493,CAGGGG,2.8515625,1493,CAGGGG,2.8515625,4693,TGGGGG,3.76804600819014e-05,1493,CAGGGG,0.03811006620526314,2932,GCAGGC,0.12795260548591614,False,False,True,-0.0004032030701637268,
0,27,29,head_0,recovery,-0.0126953125,-0.08015680313110352,4693,TGGGGG,2.8046875,1493,CAGGGG,2.849609375,1493,CAGGGG,2.849609375,4693,TGGGGG,3.7637400964740664e-05,1493,CAGGGG,0.03788166865706444,2932,GCAGGC,0.12763682007789612,False,False,True,-0.00040016695857048035,
0,28,29,head_0,recovery,0.0,-0.10224425792694092,4693,TGGGGG,2.810546875,1493,CAGGGG,2.8515625,1493,CAGGGG,2.8515625,4693,TGGGGG,3.7531121051870286e-05,1493,CAGGGG,0.03785024955868721,2932,GCAGGC,0.127729594707489,False,False,True,-0.0006001889705657959,
0,29,29,head_0,recovery,0.00634765625,-0.3862614631652832,4693,TGGGGG,2.802734375,1493,CAGGGG,2.841796875,1493,CAGGGG,2.841796875,4693,TGGGGG,3.801856655627489e-05,1493,CAGGGG,0.03744806721806526,2932,GCAGGC,0.12594887614250183,False,False,True,-0.0002023652195930481,
0,30,29,head_0,recovery,0.00634765625,0.11687719821929932,4693,TGGGGG,2.810546875,1493,CAGGGG,2.849609375,1493,CAGGGG,2.849609375,4693,TGGGGG,3.768024907913059e-05,1493,CAGGGG,0.03816106170415878,2932,GCAGGC,0.12730921804904938,False,False,True,-0.000416826456785202,
0,31,29,head_0,recovery,-0.005859375,-0.0011771917343139648,4693,TGGGGG,2.80859375,1493,CAGGGG,2.8515625,1493,CAGGGG,2.8515625,4693,TGGGGG,3.742902845260687e-05,1493,CAGGGG,0.03799343481659889,2932,GCAGGC,0.12760773301124573,False,False,True,-0.0006747469305992126,
1,0,29,head_0,recovery,0.0,-0.16434693336486816,4693,TGGGGG,2.80859375,1493,CAGGGG,2.849609375,1493,CAGGGG,2.849609375,4693,TGGGGG,3.7634621548932046e-05,1493,CAGGGG,0.03776230290532112,2932,GCAGGC,0.12711042165756226,False,False,True,-0.00033384189009666443,
1,1,29,head_0,recovery,-0.0126953125,-0.23412489891052246,4693,TGGGGG,2.8046875,1493,CAGGGG,2.849609375,1493,CAGGGG,2.849609375,4693,TGGGGG,3.7574955058516935e-05,1493,CAGGGG,0.03766331449151039,2932,GCAGGC,0.12668827176094055,False,False,True,-0.00020981952548027039,
1,2,29,head_0,recovery,0.00634765625,-0.22395873069763184,4693,TGGGGG,2.810546875,1493,CAGGGG,2.849609375,1493,CAGGGG,2.849609375,4693,TGGGGG,3.81234785891138e-05,1493,CAGGGG,0.03767827898263931,2932,GCAGGC,0.1262136846780777,False,False,True,-6.778165698051453e-05,
1,3,29,head_0,recovery,0.00634765625,-0.17237424850463867,4693,TGGGGG,2.810546875,1493,CAGGGG,2.849609375,1493,CAGGGG,2.849609375,4693,TGGGGG,3.782431667787023e-05,1493,CAGGGG,0.03775111213326454,2932,GCAGGC,0.12620706856250763,False,False,True,-0.0002063959836959839,
1,4,29,head_0,recovery,0.01220703125,-0.24502933025360107,4693,TGGGGG,2.810546875,1493,CAGGGG,2.84765625,1493,CAGGGG,2.84765625,4693,TGGGGG,3.773774005821906e-05,1493,CAGGGG,0.03764801844954491,2932,GCAGGC,0.12683407962322235,False,False,True,-0.00028885528445243835,
1,5,29,head_0,recovery,0.00634765625,-0.36001455783843994,4693,TGGGGG,2.80859375,1493,CAGGGG,2.84765625,1493,CAGGGG,2.84765625,4693,TGGGGG,3.7515161238843575e-05,1493,CAGGGG,0.03748477250337601,2932,GCAGGC,0.12764215469360352,False,False,True,-0.0004282556474208832,
1,6,29,head_0,recovery,0.0,-0.24876046180725098,4693,TGGGGG,2.80859375,1493,CAGGGG,2.849609375,1493,CAGGGG,2.849609375,4693,TGGGGG,3.7909157981630415e-05,1493,CAGGGG,0.03764289990067482,2932,GCAGGC,0.12655392289161682,False,False,True,0.00012252852320671082,
1,7,29,head_0,recovery,0.0,-0.17726409435272217,4693,TGGGGG,2.810546875,1493,CAGGGG,2.8515625,1493,CAGGGG,2.8515625,4693,TGGGGG,3.7958532630000263e-05,1493,CAGGGG,0.03774431347846985,2932,GCAGGC,0.12660670280456543,False,False,True,3.4864991903305054e-05,
1,8,29,head_0,recovery,0.00634765625,-0.23135018348693848,4693,TGGGGG,2.810546875,1493,CAGGGG,2.849609375,1493,CAGGGG,2.849609375,4693,TGGGGG,3.781720806728117e-05,1493,CAGGGG,0.03766749054193497,2932,GCAGGC,0.1264435201883316,False,False,True,-0.00023313239216804504,
1,9,29,head_0,recovery,0.00634765625,-0.2940887212753296,4693,TGGGGG,2.8046875,1493,CAGGGG,2.84375,1493,CAGGGG,2.84375,4693,TGGGGG,3.762772757909261e-05,1493,CAGGGG,0.03757835552096367,2932,GCAGGC,0.12687399983406067,False,False,True,-0.0004301704466342926,
1,10,29,head_0,recovery,0.0,-0.24631941318511963,4693,TGGGGG,2.802734375,1493,CAGGGG,2.84375,1493,CAGGGG,2.84375,4693,TGGGGG,3.7546233215834945e-05,1493,CAGGGG,0.03764599934220314,2932,GCAGGC,0.12657980620861053,False,False,True,-0.00034262239933013916,
1,11,29,head_0,recovery,0.0,-0.17901933193206787,4693,TGGGGG,2.80859375,1493,CAGGGG,2.849609375,1493,CAGGGG,2.849609375,4693,TGGGGG,3.781025588978082e-05,1493,CAGGGG,0.037741679698228836,2932,GCAGGC,0.12667517364025116,False,False,True,-6.122514605522156e-05,
1,12,29,head_0,recovery,0.0,-0.08146798610687256,4693,TGGGGG,2.810546875,1493,CAGGGG,2.8515625,1493,CAGGGG,2.8515625,4693,TGGGGG,3.77823889721185e-05,1493,CAGGGG,0.037879955023527145,2932,GCAGGC,0.12659530341625214,False,False,True,-0.0003635920584201813,
1,13,29,head_0,recovery,0.00634765625,-0.09297406673431396,4693,TGGGGG,2.810546875,1493,CAGGGG,2.849609375,1493,CAGGGG,2.849609375,4693,TGGGGG,3.800793638220057e-05,1493,CAGGGG,0.03786386922001839,2932,GCAGGC,0.12686635553836823,False,False,True,-0.000309724360704422,
1,14,29,head_0,recovery,-0.005859375,-0.15044188499450684,4693,TGGGGG,2.80859375,1493,CAGGGG,2.8515625,1493,CAGGGG,2.8515625,4693,TGGGGG,3.768708120333031e-05,1493,CAGGGG,0.03778207302093506,2932,GCAGGC,0.1272643357515335,False,False,True,-0.00038887932896614075,
1,15,29,head_0,recovery,-0.005859375,-0.1131749153137207,4693,TGGGGG,2.80859375,1493,CAGGGG,2.8515625,1493,CAGGGG,2.8515625,4693,TGGGGG,3.769201794057153e-05,1493,CAGGGG,0.03783491253852844,2932,GCAGGC,0.12735094130039215,False,False,True,-0.0003108605742454529,
1,16,29,head_0,recovery,-0.0126953125,-0.02895057201385498,4693,TGGGGG,2.8046875,1493,CAGGGG,2.849609375,1493,CAGGGG,2.849609375,4693,TGGGGG,3.779548569582403e-05,1493,CAGGGG,0.0379544273018837,2932,GCAGGC,0.12653875350952148,False,False,True,-0.00010677799582481384,
1,17,29,head_0,recovery,-0.005859375,-0.10595703125,4693,TGGGGG,2.810546875,1493,CAGGGG,2.853515625,1493,CAGGGG,2.853515625,4693,TGGGGG,3.783949068747461e-05,1493,CAGGGG,0.03784529119729996,2932,GCAGGC,0.12748311460018158,False,False,True,-0.000624585896730423,
1,18,29,head_0,recovery,-0.0126953125,0.16659879684448242,4693,TGGGGG,2.80859375,1493,CAGGGG,2.853515625,1493,CAGGGG,2.853515625,4693,TGGGGG,3.785900480579585e-05,1493,CAGGGG,0.038231734186410904,2932,GCAGGC,0.12810085713863373,False,False,True,-0.0007902607321739197,
1,19,29,head_0,recovery,0.0,-0.23164701461791992,4693,TGGGGG,2.80859375,1493,CAGGGG,2.849609375,1493,CAGGGG,2.849609375,4693,TGGGGG,3.75853524019476e-05,1493,CAGGGG,0.037666838616132736,2932,GCAGGC,0.12707574665546417,False,False,True,-0.0006023310124874115,
1,20,29,head_0,recovery,0.0,-0.1130225658416748,4693,TGGGGG,2.810546875,1493,CAGGGG,2.8515625,1493,CAGGGG,2.8515625,4693,TGGGGG,3.7651971069863066e-05,1493,CAGGGG,0.03783508762717247,2932,GCAGGC,0.1270991861820221,False,False,True,-0.0003643520176410675,
1,21,29,head_0,recovery,-0.0126953125,-0.3014249801635742,4693,TGGGGG,2.8046875,1493,CAGGGG,2.849609375,1493,CAGGGG,2.849609375,4693,TGGGGG,3.757711601792835e-05,1493,CAGGGG,0.037567902356386185,2932,GCAGGC,0.12632106244564056,False,False,True,-0.0002110786736011505,
1,22,29,head_0,recovery,0.00634765625,-0.15870821475982666,4693,TGGGGG,2.80859375,1493,CAGGGG,2.84765625,1493,CAGGGG,2.84765625,4693,TGGGGG,3.810061389231123e-05,1493,CAGGGG,0.03777076676487923,2932,GCAGGC,0.1262689232826233,False,False,True,-0.00011085346341133118,
1,23,29,head_0,recovery,-0.0126953125,-0.14666342735290527,4693,TGGGGG,2.8046875,1493,CAGGGG,2.849609375,1493,CAGGGG,2.849609375,4693,TGGGGG,3.764411303563975e-05,1493,CAGGGG,0.037787385284900665,2932,GCAGGC,0.1271676868200302,False,False,True,-0.00035895779728889465,
1,24,29,head_0,recovery,-0.005859375,-0.07223725318908691,4693,TGGGGG,2.8046875,1493,CAGGGG,2.84765625,1493,CAGGGG,2.84765625,4693,TGGGGG,3.7729139876319095e-05,1493,CAGGGG,0.037892989814281464,2932,GCAGGC,0.12692518532276154,False,False,True,-0.0003156140446662903,
1,25,29,head_0,recovery,0.0,-0.13263475894927979,4693,TGGGGG,2.810546875,1493,CAGGGG,2.8515625,1493,CAGGGG,2.8515625,4693,TGGGGG,3.846193430945277e-05,1493,CAGGGG,0.037808094173669815,2932,GCAGGC,0.12629345059394836,False,False,True,5.300343036651611e-05,
1,26,29,head_0,recovery,0.0,-0.1317150592803955,4693,TGGGGG,2.810546875,1493,CAGGGG,2.8515625,1493,CAGGGG,2.8515625,4693,TGGGGG,3.78191216441337e-05,1493,CAGGGG,0.03780875355005264,2932,GCAGGC,0.1269235461950302,False,False,True,-9.150058031082153e-05,
1,27,29,head_0,recovery,-0.005859375,-0.06237077713012695,4693,TGGGGG,2.80859375,1493,CAGGGG,2.8515625,1493,CAGGGG,2.8515625,4693,TGGGGG,3.786776869674213e-05,1493,CAGGGG,0.03790711611509323,2932,GCAGGC,0.12713146209716797,False,False,True,-0.00034693628549575806,
1,28,29,head_0,recovery,0.0,-0.2566037178039551,4693,TGGGGG,2.8125,1493,CAGGGG,2.853515625,1493,CAGGGG,2.853515625,4693,TGGGGG,3.845995888696052e-05,1493,CAGGGG,0.037632331252098083,2932,GCAGGC,0.12594249844551086,False,False,True,-2.489238977432251e-05,
1,29,29,head_0,recovery,0.0,0.11644887924194336,4693,TGGGGG,2.80859375,1493,CAGGGG,2.849609375,1493,CAGGGG,2.849609375,4693,TGGGGG,3.751487747649662e-05,1493,CAGGGG,0.0381602868437767,2932,GCAGGC,0.12778930366039276,False,False,True,-0.0005993060767650604,
1,30,29,head_0,recovery,0.01220703125,-0.2570793628692627,4693,TGGGGG,2.810546875,1493,CAGGGG,2.84765625,1493,CAGGGG,2.84765625,4693,TGGGGG,3.829693014267832e-05,1493,CAGGGG,0.03763149306178093,2932,GCAGGC,0.12606658041477203,False,False,True,-7.516518235206604e-05,
1,31,29,head_0,recovery,-0.005859375,-0.1063011884689331,4693,TGGGGG,2.8125,1493,CAGGGG,2.85546875,1493,CAGGGG,2.85546875,4693,TGGGGG,3.7979672924848273e-05,1493,CAGGGG,0.0378449447453022,2932,GCAGGC,0.12682035565376282,False,False,True,-0.00025828927755355835,
2,0,29,head_0,recovery,-0.005859375,-0.0687636137008667,4693,TGGGGG,2.8046875,1493,CAGGGG,2.84765625,1493,CAGGGG,2.84765625,4693,TGGGGG,3.74430492229294e-05,1493,CAGGGG,0.03789762780070305,2932,GCAGGC,0.12737922370433807,False,False,True,-0.0006560869514942169,
2,1,29,head_0,recovery,0.00634765625,-0.17665457725524902,4693,TGGGGG,2.810546875,1493,CAGGGG,2.849609375,1493,CAGGGG,2.849609375,4693,TGGGGG,3.775649383896962e-05,1493,CAGGGG,0.037744976580142975,2932,GCAGGC,0.12702497839927673,False,False,True,-0.0005653500556945801,
2,2,29,head_0,recovery,0.0,-0.09965336322784424,4693,TGGGGG,2.810546875,1493,CAGGGG,2.8515625,1493,CAGGGG,2.8515625,4693,TGGGGG,3.783456850214861e-05,1493,CAGGGG,0.03785422444343567,2932,GCAGGC,0.12685726583003998,False,False,True,-0.00046014413237571716,
2,3,29,head_0,recovery,0.00634765625,-0.14224374294281006,4693,TGGGGG,2.80859375,1493,CAGGGG,2.84765625,1493,CAGGGG,2.84765625,4693,TGGGGG,3.786599700106308e-05,1493,CAGGGG,0.037793874740600586,2932,GCAGGC,0.12711775302886963,False,False,True,-0.00019607692956924438,
2,4,29,head_0,recovery,-0.005859375,0.006009280681610107,4693,TGGGGG,2.80859375,1493,CAGGGG,2.8515625,1493,CAGGGG,2.8515625,4693,TGGGGG,3.754842691705562e-05,1493,CAGGGG,0.038003742694854736,2932,GCAGGC,0.12737970054149628,False,False,True,-0.0006079226732254028,
2,5,29,head_0,recovery,0.00634765625,-0.24068593978881836,4693,TGGGGG,2.80859375,1493,CAGGGG,2.84765625,1493,CAGGGG,2.84765625,4693,TGGGGG,3.7466565117938444e-05,1493,CAGGGG,0.037653904408216476,2932,GCAGGC,0.12738342583179474,False,False,True,-0.000713050365447998,
2,6,29,head_0,recovery,0.0185546875,-0.30449914932250977,4693,TGGGGG,2.80859375,1493,CAGGGG,2.84375,1493,CAGGGG,2.84375,4693,TGGGGG,3.800089325523004e-05,1493,CAGGGG,0.03756396844983101,2932,GCAGGC,0.1264544129371643,False,False,True,-0.0002444051206111908,
2,7,29,head_0,recovery,0.00634765625,-0.25274384021759033,4693,TGGGGG,2.810546875,1493,CAGGGG,2.849609375,1493,CAGGGG,2.849609375,4693,TGGGGG,3.797936369664967e-05,1493,CAGGGG,0.03763732314109802,2932,GCAGGC,0.12644639611244202,False,False,True,-0.0005757100880146027,
2,8,29,head_0,recovery,0.00634765625,-0.31034553050994873,4693,TGGGGG,2.8046875,1493,CAGGGG,2.84375,1493,CAGGGG,2.84375,4693,TGGGGG,3.77565374947153e-05,1493,CAGGGG,0.03755543380975723,2932,GCAGGC,0.126750186085701,False,False,True,-0.0005194954574108124,
2,9,29,head_0,recovery,0.0,-0.03016197681427002,4693,TGGGGG,2.80859375,1493,CAGGGG,2.849609375,1493,CAGGGG,2.849609375,4693,TGGGGG,3.7422796594910324e-05,1493,CAGGGG,0.03795233741402626,2932,GCAGGC,0.12819533050060272,False,False,True,-0.0007297024130821228,
2,10,29,head_0,recovery,-0.0126953125,-0.19575703144073486,4693,TGGGGG,2.8046875,1493,CAGGGG,2.849609375,1493,CAGGGG,2.849609375,4693,TGGGGG,3.7607438571285456e-05,1493,CAGGGG,0.03771774470806122,2932,GCAGGC,0.12671272456645966,False,False,True,-0.00023239105939865112,
2,11,29,head_0,recovery,0.01220703125,-0.25123298168182373,4693,TGGGGG,2.8046875,1493,CAGGGG,2.841796875,1493,CAGGGG,2.841796875,4693,TGGGGG,3.712995385285467e-05,1493,CAGGGG,0.03763861581683159,2932,GCAGGC,0.12693791091442108,False,False,True,-0.0006689615547657013,
2,12,29,head_0,recovery,-0.005859375,-0.13141298294067383,4693,TGGGGG,2.80859375,1493,CAGGGG,2.8515625,1493,CAGGGG,2.8515625,4693,TGGGGG,3.767544330912642e-05,1493,CAGGGG,0.037809036672115326,2932,GCAGGC,0.12745042145252228,False,False,True,-0.00025474652647972107,
2,13,29,head_0,recovery,0.00634765625,-0.21627569198608398,4693,TGGGGG,2.8046875,1493,CAGGGG,2.84375,1493,CAGGGG,2.84375,4693,TGGGGG,3.734502024599351e-05,1493,CAGGGG,0.03768839314579964,2932,GCAGGC,0.1280948668718338,False,False,True,-0.0006893202662467957,
2,14,29,head_0,recovery,0.0,-0.2127547264099121,4693,TGGGGG,2.810546875,1493,CAGGGG,2.8515625,1493,CAGGGG,2.8515625,4693,TGGGGG,3.752260818146169e-05,1493,CAGGGG,0.037693560123443604,2932,GCAGGC,0.12736785411834717,False,False,True,-0.00026221945881843567,
2,15,29,head_0,recovery,0.0,-0.11702167987823486,4693,TGGGGG,2.8125,1493,CAGGGG,2.853515625,1493,CAGGGG,2.853515625,4693,TGGGGG,3.776262019528076e-05,1493,CAGGGG,0.037829529494047165,2932,GCAGGC,0.1270824372768402,False,False,True,-0.000316862016916275,
2,16,29,head_0,recovery,0.00634765625,-0.16997253894805908,4693,TGGGGG,2.810546875,1493,CAGGGG,2.849609375,1493,CAGGGG,2.849609375,4693,TGGGGG,3.786760862567462e-05,1493,CAGGGG,0.03775456175208092,2932,GCAGGC,0.1271367371082306,False,False,True,-0.0005198270082473755,
2,17,29,head_0,recovery,0.0,-0.3291405439376831,4693,TGGGGG,2.80859375,1493,CAGGGG,2.849609375,1493,CAGGGG,2.849609375,4693,TGGGGG,3.766410009120591e-05,1493,CAGGGG,0.03752869367599487,2932,GCAGGC,0.12657105922698975,False,False,True,-0.0003438033163547516,
2,18,29,head_0,recovery,0.0,-0.20321404933929443,4693,TGGGGG,2.80859375,1493,CAGGGG,2.849609375,1493,CAGGGG,2.849609375,4693,TGGGGG,3.7695190258091316e-05,1493,CAGGGG,0.037707261741161346,2932,GCAGGC,0.12664270401000977,False,False,True,-0.000473756343126297,
2,19,29,head_0,recovery,0.00634765625,-0.3143315315246582,4693,TGGGGG,2.80859375,1493,CAGGGG,2.84765625,1493,CAGGGG,2.84765625,4693,TGGGGG,3.762538835871965e-05,1493,CAGGGG,0.03754965215921402,2932,GCAGGC,0.1267809420824051,False,False,True,-0.0007647313177585602,
2,20,29,head_0,recovery,0.00634765625,-0.3190244436264038,4693,TGGGGG,2.8046875,1493,CAGGGG,2.84375,1493,CAGGGG,2.84375,4693,TGGGGG,3.7425059417728335e-05,1493,CAGGGG,0.03754279762506485,2932,GCAGGC,0.1272597461938858,False,False,True,-0.0006022341549396515,
2,21,29,head_0,recovery,0.00634765625,-0.2968660593032837,4693,TGGGGG,2.810546875,1493,CAGGGG,2.849609375,1493,CAGGGG,2.849609375,4693,TGGGGG,3.779192047659308e-05,1493,CAGGGG,0.03757458180189133,2932,GCAGGC,0.1262182891368866,False,False,True,-0.00047996267676353455,
2,22,29,head_0,recovery,0.00634765625,-0.2611100673675537,4693,TGGGGG,2.80859375,1493,CAGGGG,2.84765625,1493,CAGGGG,2.84765625,4693,TGGGGG,3.783947249758057e-05,1493,CAGGGG,0.03762532025575638,2932,GCAGGC,0.12661457061767578,False,False,True,-0.0004361644387245178,
2,23,29,head_0,recovery,0.00634765625,-0.21783649921417236,4693,TGGGGG,2.810546875,1493,CAGGGG,2.849609375,1493,CAGGGG,2.849609375,4693,TGGGGG,3.774470678763464e-05,1493,CAGGGG,0.037686578929424286,2932,GCAGGC,0.12747257947921753,False,False,True,-0.000745084136724472,
2,24,29,head_0,recovery,0.00634765625,-0.06741833686828613,4693,TGGGGG,2.80859375,1493,CAGGGG,2.84765625,1493,CAGGGG,2.84765625,4693,TGGGGG,3.7687572330469266e-05,1493,CAGGGG,0.03789978101849556,2932,GCAGGC,0.12734757363796234,False,False,True,-0.0007321685552597046,
2,25,29,head_0,recovery,0.0,-0.05914413928985596,4693,TGGGGG,2.80859375,1493,CAGGGG,2.849609375,1493,CAGGGG,2.849609375,4693,TGGGGG,3.763540371437557e-05,1493,CAGGGG,0.03791145980358124,2932,GCAGGC,0.12743543088436127,False,False,True,-0.0005714818835258484,
2,26,29,head_0,recovery,-0.005859375,-0.19585943222045898,4693,TGGGGG,2.8046875,1493,CAGGGG,2.84765625,1493,CAGGGG,2.84765625,4693,TGGGGG,3.7557943869614974e-05,1493,CAGGGG,0.0377175509929657,2932,GCAGGC,0.12639731168746948,False,False,True,-0.0002557709813117981,
2,27,29,head_0,recovery,-0.005859375,-0.2796659469604492,4693,TGGGGG,2.8046875,1493,CAGGGG,2.84765625,1493,CAGGGG,2.84765625,4693,TGGGGG,3.721666871570051e-05,1493,CAGGGG,0.0375983901321888,2932,GCAGGC,0.12695907056331635,False,False,True,-0.0006428621709346771,
2,28,29,head_0,recovery,0.0,-0.16644906997680664,4693,TGGGGG,2.80859375,1493,CAGGGG,2.849609375,1493,CAGGGG,2.849609375,4693,TGGGGG,3.780848783208057e-05,1493,CAGGGG,0.03775949776172638,2932,GCAGGC,0.12681043148040771,False,False,True,-0.0003829561173915863,
2,29,29,head_0,recovery,-0.005859375,0.008657872676849365,4693,TGGGGG,2.80859375,1493,CAGGGG,2.8515625,1493,CAGGGG,2.8515625,4693,TGGGGG,3.8003825466148555e-05,1493,CAGGGG,0.0380079559981823,2932,GCAGGC,0.12714135646820068,False,False,True,-0.00024667009711265564,
2,30,29,head_0,recovery,0.0,-0.11579203605651855,4693,TGGGGG,2.80859375,1493,CAGGGG,2.849609375,1493,CAGGGG,2.849609375,4693,TGGGGG,3.753210694412701e-05,1493,CAGGGG,0.03783104196190834,2932,GCAGGC,0.1280178427696228,False,False,True,-0.0004995353519916534,
2,31,29,head_0,recovery,-0.0185546875,-0.30450439453125,4693,TGGGGG,2.8046875,1493,CAGGGG,2.8515625,1493,CAGGGG,2.8515625,4693,TGGGGG,3.7506255466723815e-05,1493,CAGGGG,0.03756346553564072,2932,GCAGGC,0.12713761627674103,False,False,True,-0.0006001144647598267,
3,0,29,head_0,recovery,0.0,-0.16911602020263672,4693,TGGGGG,2.80859375,1493,CAGGGG,2.849609375,1493,CAGGGG,2.849609375,4693,TGGGGG,3.791280323639512e-05,1493,CAGGGG,0.0377558209002018,2932,GCAGGC,0.12642134726047516,False,False,True,-0.0003273487091064453,
3,1,29,head_0,recovery,0.00634765625,-0.24195504188537598,4693,TGGGGG,2.80859375,1493,CAGGGG,2.84765625,1493,CAGGGG,2.84765625,4693,TGGGGG,3.7757097743451595e-05,1493,CAGGGG,0.0376523956656456,2932,GCAGGC,0.12677721679210663,False,False,True,-0.0003065653145313263,
3,2,29,head_0,recovery,0.0,-0.19095373153686523,4693,TGGGGG,2.80859375,1493,CAGGGG,2.849609375,1493,CAGGGG,2.849609375,4693,TGGGGG,3.763951826840639e-05,1493,CAGGGG,0.03772458806633949,2932,GCAGGC,0.12716379761695862,False,False,True,-0.0004474744200706482,
3,3,29,head_0,recovery,-0.005859375,-0.07565057277679443,4693,TGGGGG,2.810546875,1493,CAGGGG,2.853515625,1493,CAGGGG,2.853515625,4693,TGGGGG,3.775197546929121e-05,1493,CAGGGG,0.03788817301392555,2932,GCAGGC,0.12738241255283356,False,False,True,-0.0006773881614208221,
3,4,29,head_0,recovery,0.01220703125,-0.22336232662200928,4693,TGGGGG,2.8125,1493,CAGGGG,2.849609375,1493,CAGGGG,2.849609375,4693,TGGGGG,3.787540481425822e-05,1493,CAGGGG,0.03767887502908707,2932,GCAGGC,0.12662656605243683,False,False,True,-0.0006612986326217651,
3,5,29,head_0,recovery,0.00634765625,-0.2948218584060669,4693,TGGGGG,2.810546875,1493,CAGGGG,2.849609375,1493,CAGGGG,2.849609375,4693,TGGGGG,3.790464688790962e-05,1493,CAGGGG,0.037577591836452484,2932,GCAGGC,0.12682496011257172,False,False,True,-0.0004605501890182495,
3,6,29,head_0,recovery,0.00634765625,-0.2524101734161377,4693,TGGGGG,2.8125,1493,CAGGGG,2.8515625,1493,CAGGGG,2.8515625,4693,TGGGGG,3.815947275143117e-05,1493,CAGGGG,0.03763797506690025,2932,GCAGGC,0.12633287906646729,False,False,True,-0.00035587698221206665,
3,7,29,head_0,recovery,0.00634765625,-0.26017463207244873,4693,TGGGGG,2.810546875,1493,CAGGGG,2.849609375,1493,CAGGGG,2.849609375,4693,TGGGGG,3.7789995985804126e-05,1493,CAGGGG,0.03762659803032875,2932,GCAGGC,0.1262253373861313,False,False,True,-0.00016496703028678894,
3,8,29,head_0,recovery,0.00634765625,-0.2602928876876831,4693,TGGGGG,2.80859375,1493,CAGGGG,2.84765625,1493,CAGGGG,2.84765625,4693,TGGGGG,3.7985373637638986e-05,1493,CAGGGG,0.03762662783265114,2932,GCAGGC,0.12606759369373322,False,False,True,-0.00038264691829681396,
3,9,29,head_0,recovery,0.0,-0.24878931045532227,4693,TGGGGG,2.80859375,1493,CAGGGG,2.849609375,1493,CAGGGG,2.849609375,4693,TGGGGG,3.739055318874307e-05,1493,CAGGGG,0.03764234110713005,2932,GCAGGC,0.12718507647514343,False,False,True,-0.000409495085477829,
3,10,29,head_0,recovery,0.00634765625,-0.11155891418457031,4693,TGGGGG,2.810546875,1493,CAGGGG,2.849609375,1493,CAGGGG,2.849609375,4693,TGGGGG,3.766669033211656e-05,1493,CAGGGG,0.03783717751502991,2932,GCAGGC,0.12719933688640594,False,False,True,-0.0005034022033214569,
3,11,29,head_0,recovery,0.0,-0.04085874557495117,4693,TGGGGG,2.80859375,1493,CAGGGG,2.849609375,1493,CAGGGG,2.849609375,4693,TGGGGG,3.760656181839295e-05,1493,CAGGGG,0.03793735429644585,2932,GCAGGC,0.1278458833694458,False,False,True,-0.00031912699341773987,
3,12,29,head_0,recovery,0.0,-0.08266091346740723,4693,TGGGGG,2.80859375,1493,CAGGGG,2.849609375,1493,CAGGGG,2.849609375,4693,TGGGGG,3.723147528944537e-05,1493,CAGGGG,0.03787771239876747,2932,GCAGGC,0.12711040675640106,False,False,True,-0.00019999220967292786,
3,13,29,head_0,recovery,0.00634765625,-0.24753594398498535,4693,TGGGGG,2.810546875,1493,CAGGGG,2.849609375,1493,CAGGGG,2.849609375,4693,TGGGGG,3.761337211471982e-05,1493,CAGGGG,0.037644341588020325,2932,GCAGGC,0.1261635273694992,False,False,True,-0.00032249465584754944,
3,14,29,head_0,recovery,0.0,-0.0847550630569458,4693,TGGGGG,2.8125,1493,CAGGGG,2.853515625,1493,CAGGGG,2.853515625,4693,TGGGGG,3.800977356149815e-05,1493,CAGGGG,0.037875521928071976,2932,GCAGGC,0.1264762431383133,False,False,True,3.991276025772095e-05,
3,15,29,head_0,recovery,0.01220703125,-0.2091313600540161,4693,TGGGGG,2.8125,1493,CAGGGG,2.849609375,1493,CAGGGG,2.849609375,4693,TGGGGG,3.7951289414195344e-05,1493,CAGGGG,0.037699125707149506,2932,GCAGGC,0.1263413429260254,False,False,True,-0.00026755407452583313,
3,16,29,head_0,recovery,0.0,-0.11601006984710693,4693,TGGGGG,2.80859375,1493,CAGGGG,2.849609375,1493,CAGGGG,2.849609375,4693,TGGGGG,3.779405233217403e-05,1493,CAGGGG,0.03783099353313446,2932,GCAGGC,0.1264297366142273,False,False,True,-0.00019090250134468079,
3,17,29,head_0,recovery,-0.005859375,-0.0898447036743164,4693,TGGGGG,2.80859375,1493,CAGGGG,2.8515625,1493,CAGGGG,2.8515625,4693,TGGGGG,3.7861187593080103e-05,1493,CAGGGG,0.037868157029151917,2932,GCAGGC,0.12629543244838715,False,False,True,0.00011490657925605774,
3,18,29,head_0,recovery,0.0,-0.1427246332168579,4693,TGGGGG,2.8125,1493,CAGGGG,2.853515625,1493,CAGGGG,2.853515625,4693,TGGGGG,3.805951200774871e-05,1493,CAGGGG,0.03779338672757149,2932,GCAGGC,0.12589038908481598,False,False,True,0.00021051988005638123,
3,19,29,head_0,recovery,0.0,-0.07087099552154541,4693,TGGGGG,2.80859375,1493,CAGGGG,2.849609375,1493,CAGGGG,2.849609375,4693,TGGGGG,3.7948324461467564e-05,1493,CAGGGG,0.03789514675736427,2932,GCAGGC,0.12640281021595,False,False,True,-7.31348991394043e-05,
3,20,29,head_0,recovery,0.0,-0.1655634641647339,4693,TGGGGG,2.80859375,1493,CAGGGG,2.849609375,1493,CAGGGG,2.849609375,4693,TGGGGG,3.785364970099181e-05,1493,CAGGGG,0.03776079788804054,2932,GCAGGC,0.12647274136543274,False,False,True,-0.0004352182149887085,
3,21,29,head_0,recovery,0.00634765625,-0.17156755924224854,4693,TGGGGG,2.80859375,1493,CAGGGG,2.84765625,1493,CAGGGG,2.84765625,4693,TGGGGG,3.7752182834083214e-05,1493,CAGGGG,0.0377521850168705,2932,GCAGGC,0.12716948986053467,False,False,True,-0.0005296654999256134,
3,22,29,head_0,recovery,0.0,-0.06742095947265625,4693,TGGGGG,2.810546875,1493,CAGGGG,2.8515625,1493,CAGGGG,2.8515625,4693,TGGGGG,3.80280616809614e-05,1493,CAGGGG,0.03790011629462242,2932,GCAGGC,0.12639625370502472,False,False,True,-0.0002285391092300415,
3,23,29,head_0,recovery,0.00634765625,-0.319105863571167,4693,TGGGGG,2.810546875,1493,CAGGGG,2.849609375,1493,CAGGGG,2.849609375,4693,TGGGGG,3.7813264498254284e-05,1493,CAGGGG,0.03754306957125664,2932,GCAGGC,0.12615670263767242,False,False,True,-0.00030600279569625854,
3,24,29,head_0,recovery,0.0,-0.3275982141494751,4693,TGGGGG,2.80859375,1493,CAGGGG,2.849609375,1493,CAGGGG,2.849609375,4693,TGGGGG,3.7584712117677554e-05,1493,CAGGGG,0.0375308021903038,2932,GCAGGC,0.12657430768013,False,False,True,-0.0002559572458267212,
3,25,29,head_0,recovery,0.00634765625,0.01652747392654419,4693,TGGGGG,2.810546875,1493,CAGGGG,2.849609375,1493,CAGGGG,2.849609375,4693,TGGGGG,3.7519614124903455e-05,1493,CAGGGG,0.03801862895488739,2932,GCAGGC,0.12745489180088043,False,False,True,-0.00058760866522789,
3,26,29,head_0,recovery,0.0,-0.19352352619171143,4693,TGGGGG,2.80859375,1493,CAGGGG,2.849609375,1493,CAGGGG,2.849609375,4693,TGGGGG,3.790348637267016e-05,1493,CAGGGG,0.03772120922803879,2932,GCAGGC,0.12671275436878204,False,False,True,-0.00033952295780181885,
3,27,29,head_0,recovery,0.01220703125,-0.25464093685150146,4693,TGGGGG,2.810546875,1493,CAGGGG,2.84765625,1493,CAGGGG,2.84765625,4693,TGGGGG,3.778691461775452e-05,1493,CAGGGG,0.03763443976640701,2932,GCAGGC,0.1270594745874405,False,False,True,-0.0002364031970500946,
3,28,29,head_0,recovery,0.00634765625,-0.28328680992126465,4693,TGGGGG,2.80859375,1493,CAGGGG,2.84765625,1493,CAGGGG,2.84765625,4693,TGGGGG,3.7969824916217476e-05,1493,CAGGGG,0.037594009190797806,2932,GCAGGC,0.12627968192100525,False,False,True,-1.665949821472168e-05,
3,29,29,head_0,recovery,0.0,0.05975896120071411,4693,TGGGGG,2.810546875,1493,CAGGGG,2.8515625,1493,CAGGGG,2.8515625,4693,TGGGGG,3.7955578591208905e-05,1493,CAGGGG,0.038080357015132904,2932,GCAGGC,0.12718157470226288,False,False,True,-0.00015075504779815674,
3,30,29,head_0,recovery,-0.005859375,-0.005121111869812012,4693,TGGGGG,2.810546875,1493,CAGGGG,2.853515625,1493,CAGGGG,2.853515625,4693,TGGGGG,3.77293472411111e-05,1493,CAGGGG,0.037988144904375076,2932,GCAGGC,0.12620551884174347,False,False,True,-9.991228580474854e-06,
3,31,29,head_0,recovery,-0.005859375,-0.02209007740020752,4693,TGGGGG,2.810546875,1493,CAGGGG,2.853515625,1493,CAGGGG,2.853515625,4693,TGGGGG,3.783289866987616e-05,1493,CAGGGG,0.037964191287755966,2932,GCAGGC,0.12679167091846466,False,False,True,-0.00012030452489852905,
4,0,29,head_0,recovery,0.00634765625,-0.012974977493286133,4693,TGGGGG,2.810546875,1493,CAGGGG,2.849609375,1493,CAGGGG,2.849609375,4693,TGGGGG,3.789609399973415e-05,1493,CAGGGG,0.037977177649736404,2932,GCAGGC,0.12735477089881897,False,False,True,-0.0002650357782840729,
4,1,29,head_0,recovery,0.00634765625,-0.0505518913269043,4693,TGGGGG,2.80859375,1493,CAGGGG,2.84765625,1493,CAGGGG,2.84765625,4693,TGGGGG,3.786254455917515e-05,1493,CAGGGG,0.037923868745565414,2932,GCAGGC,0.12753745913505554,False,False,True,-0.0005281828343868256,
4,2,29,head_0,recovery,0.0,0.012835681438446045,4693,TGGGGG,2.810546875,1493,CAGGGG,2.8515625,1493,CAGGGG,2.8515625,4693,TGGGGG,3.794364238274284e-05,1493,CAGGGG,0.03801381587982178,2932,GCAGGC,0.12698839604854584,False,False,True,-0.0002231784164905548,
4,3,29,head_0,recovery,-0.005859375,-0.5138118267059326,4693,TGGGGG,2.8046875,1493,CAGGGG,2.84765625,1493,CAGGGG,2.84765625,4693,TGGGGG,3.77701799152419e-05,1493,CAGGGG,0.03726698085665703,2932,GCAGGC,0.12544505298137665,False,False,True,-0.00016402453184127808,
4,4,29,head_0,recovery,0.00634765625,-0.0976564884185791,4693,TGGGGG,2.810546875,1493,CAGGGG,2.849609375,1493,CAGGGG,2.849609375,4693,TGGGGG,3.784086584346369e-05,1493,CAGGGG,0.0378570631146431,2932,GCAGGC,0.12696358561515808,False,False,True,-0.00028308480978012085,
4,5,29,head_0,recovery,0.00634765625,-0.18358337879180908,4693,TGGGGG,2.810546875,1493,CAGGGG,2.849609375,1493,CAGGGG,2.849609375,4693,TGGGGG,3.7806072214152664e-05,1493,CAGGGG,0.03773520141839981,2932,GCAGGC,0.1268661916255951,False,False,True,-0.0004417300224304199,
4,6,29,head_0,recovery,-0.005859375,-0.12715363502502441,4693,TGGGGG,2.810546875,1493,CAGGGG,2.853515625,1493,CAGGGG,2.853515625,4693,TGGGGG,3.797316094278358e-05,1493,CAGGGG,0.03781537339091301,2932,GCAGGC,0.12644504010677338,False,False,True,-0.0002506040036678314,
4,7,29,head_0,recovery,0.00634765625,-0.14678418636322021,4693,TGGGGG,2.810546875,1493,CAGGGG,2.849609375,1493,CAGGGG,2.849609375,4693,TGGGGG,3.7890193198109046e-05,1493,CAGGGG,0.037787459790706635,2932,GCAGGC,0.12709422409534454,False,False,True,-0.0004755258560180664,
4,8,29,head_0,recovery,0.0,-0.2947824001312256,4693,TGGGGG,2.80859375,1493,CAGGGG,2.849609375,1493,CAGGGG,2.849609375,4693,TGGGGG,3.7521167541854084e-05,1493,CAGGGG,0.03757726401090622,2932,GCAGGC,0.12639881670475006,False,False,True,-0.00020942091941833496,
4,9,29,head_0,recovery,0.00634765625,-0.3625370264053345,4693,TGGGGG,2.8046875,1493,CAGGGG,2.84375,1493,CAGGGG,2.84375,4693,TGGGGG,3.737949737114832e-05,1493,CAGGGG,0.03748106211423874,2932,GCAGGC,0.1270214170217514,False,False,True,-0.0008114278316497803,
4,10,29,head_0,recovery,0.00634765625,-0.14241719245910645,4693,TGGGGG,2.80859375,1493,CAGGGG,2.84765625,1493,CAGGGG,2.84765625,4693,TGGGGG,3.7355195672716945e-05,1493,CAGGGG,0.0377931147813797,2932,GCAGGC,0.12795783579349518,False,False,True,-0.00084710493683815,
4,11,29,head_0,recovery,-0.005859375,-0.025164246559143066,4693,TGGGGG,2.80078125,1493,CAGGGG,2.84375,1493,CAGGGG,2.84375,4693,TGGGGG,3.719107553479262e-05,1493,CAGGGG,0.03795918822288513,2932,GCAGGC,0.12767182290554047,False,False,True,-0.0005547516047954559,
4,12,29,head_0,recovery,0.0,-0.24932539463043213,4693,TGGGGG,2.80859375,1493,CAGGGG,2.849609375,1493,CAGGGG,2.849609375,4693,TGGGGG,3.8501657400047407e-05,1493,CAGGGG,0.037642691284418106,2932,GCAGGC,0.12563738226890564,False,False,True,7.70464539527893e-05,
4,13,29,head_0,recovery,-0.03125,0.3168514370918274,4693,TGGGGG,2.80859375,1493,CAGGGG,2.859375,1493,CAGGGG,2.859375,4693,TGGGGG,3.84962659154553e-05,1493,CAGGGG,0.03844539448618889,2932,GCAGGC,0.1274404078722,False,False,True,-0.0001787133514881134,
4,14,29,head_0,recovery,-0.111328125,0.6267082691192627,4693,TGGGGG,2.7578125,1493,CAGGGG,2.833984375,1493,CAGGGG,2.833984375,4693,TGGGGG,3.4171163861174136e-05,1493,CAGGGG,0.038880374282598495,2932,GCAGGC,0.13992388546466827,False,False,True,-0.00413278304040432,
4,15,29,head_0,recovery,0.037109375,1.702500581741333,4693,TGGGGG,2.802734375,1493,CAGGGG,2.83203125,853,AGGGGG,2.841796875,4693,TGGGGG,3.118960376014002e-05,1493,CAGGGG,0.0404026135802269,2932,GCAGGC,0.15743808448314667,False,False,True,-0.011269105598330498,
4,16,29,head_0,recovery,0.037109375,1.626230001449585,4693,TGGGGG,2.802734375,1493,CAGGGG,2.83203125,853,AGGGGG,2.83984375,4693,TGGGGG,3.123408532701433e-05,1493,CAGGGG,0.040294524282217026,2932,GCAGGC,0.15639518201351166,False,False,True,-0.010616246610879898,
4,17,29,head_0,recovery,0.080078125,1.8359341621398926,4693,TGGGGG,2.853515625,1493,CAGGGG,2.869140625,853,AGGGGG,2.869140625,4693,TGGGGG,3.5443707020021975e-05,1493,CAGGGG,0.040596045553684235,2932,GCAGGC,0.1423702836036682,False,False,True,-0.006817447021603584,
4,18,29,head_0,recovery,-0.0126953125,-0.037511229515075684,4693,TGGGGG,2.810546875,1493,CAGGGG,2.85546875,1493,CAGGGG,2.85546875,4693,TGGGGG,3.830740024568513e-05,1493,CAGGGG,0.0379428006708622,2932,GCAGGC,0.12655597925186157,False,False,True,0.00021499767899513245,
4,19,29,head_0,recovery,0.00634765625,-0.30406296253204346,4693,TGGGGG,2.810546875,1493,CAGGGG,2.849609375,1493,CAGGGG,2.849609375,4693,TGGGGG,3.764917710213922e-05,1493,CAGGGG,0.0375642329454422,2932,GCAGGC,0.12770599126815796,False,False,True,-0.00036879628896713257,
4,20,29,head_0,recovery,0.00634765625,-0.34822988510131836,4693,TGGGGG,2.80859375,1493,CAGGGG,2.84765625,1493,CAGGGG,2.84765625,4693,TGGGGG,3.7611069274134934e-05,1493,CAGGGG,0.03750157728791237,2932,GCAGGC,0.12633495032787323,False,False,True,-0.0003007650375366211,
4,21,29,head_0,recovery,0.01220703125,-0.4939473867416382,4693,TGGGGG,2.8046875,1493,CAGGGG,2.841796875,1493,CAGGGG,2.841796875,4693,TGGGGG,3.75966883439105e-05,1493,CAGGGG,0.03729496896266937,2932,GCAGGC,0.1267615705728531,False,False,True,-0.00034337863326072693,
4,22,29,head_0,recovery,0.00634765625,-0.31976282596588135,4693,TGGGGG,2.80859375,1493,CAGGGG,2.84765625,1493,CAGGGG,2.84765625,4693,TGGGGG,3.7856232665944844e-05,1493,CAGGGG,0.037542182952165604,2932,GCAGGC,0.12633094191551208,False,False,True,-0.00011151283979415894,
4,23,29,head_0,recovery,0.00634765625,-0.2520790100097656,4693,TGGGGG,2.810546875,1493,CAGGGG,2.849609375,1493,CAGGGG,2.849609375,4693,TGGGGG,3.7976256862748414e-05,1493,CAGGGG,0.037638261914253235,2932,GCAGGC,0.12623749673366547,False,False,True,4.4208019971847534e-05,
4,24,29,head_0,recovery,-0.005859375,-0.1498401165008545,4693,TGGGGG,2.80859375,1493,CAGGGG,2.8515625,1493,CAGGGG,2.8515625,4693,TGGGGG,3.8098754885140806e-05,1493,CAGGGG,0.03778333589434624,2932,GCAGGC,0.126447856426239,False,False,True,1.2706965208053589e-05,
4,25,29,head_0,recovery,0.00634765625,-0.189858078956604,4693,TGGGGG,2.8125,1493,CAGGGG,2.8515625,1493,CAGGGG,2.8515625,4693,TGGGGG,3.818059849436395e-05,1493,CAGGGG,0.03772668167948723,2932,GCAGGC,0.1261100023984909,False,False,True,-3.619864583015442e-05,
4,26,29,head_0,recovery,0.0,-0.05327141284942627,4693,TGGGGG,2.810546875,1493,CAGGGG,2.8515625,1493,CAGGGG,2.8515625,4693,TGGGGG,3.8009879062883556e-05,1493,CAGGGG,0.037920158356428146,2932,GCAGGC,0.12660983204841614,False,False,True,-0.0002553500235080719,
4,27,29,head_0,recovery,-0.005859375,-0.1425642967224121,4693,TGGGGG,2.80859375,1493,CAGGGG,2.8515625,1493,CAGGGG,2.8515625,4693,TGGGGG,3.771319825318642e-05,1493,CAGGGG,0.03779326751828194,2932,GCAGGC,0.12621696293354034,False,False,True,-0.00014284998178482056,
4,28,29,head_0,recovery,0.0,-0.10548138618469238,4693,TGGGGG,2.80859375,1493,CAGGGG,2.849609375,1493,CAGGGG,2.849609375,4693,TGGGGG,3.7871381209697574e-05,1493,CAGGGG,0.037845999002456665,2932,GCAGGC,0.12614260613918304,False,False,True,-0.0002754591405391693,
4,29,29,head_0,recovery,-0.005859375,-0.1306246519088745,4693,TGGGGG,2.810546875,1493,CAGGGG,2.853515625,1493,CAGGGG,2.853515625,4693,TGGGGG,3.802565697696991e-05,1493,CAGGGG,0.03781050443649292,2932,GCAGGC,0.12621673941612244,False,False,True,-2.0172446966171265e-05,
4,30,29,head_0,recovery,-0.005859375,-0.14927256107330322,4693,TGGGGG,2.810546875,1493,CAGGGG,2.853515625,1493,CAGGGG,2.853515625,4693,TGGGGG,3.79503435397055e-05,1493,CAGGGG,0.037783991545438766,2932,GCAGGC,0.12671080231666565,False,False,True,-2.195686101913452e-05,
4,31,29,head_0,recovery,0.0,-0.094879150390625,4693,TGGGGG,2.810546875,1493,CAGGGG,2.8515625,1493,CAGGGG,2.8515625,4693,TGGGGG,3.8115642382763326e-05,1493,CAGGGG,0.03786127641797066,2932,GCAGGC,0.12606072425842285,False,False,True,-7.770583033561707e-05,
5,0,29,head_0,recovery,0.0,0.06644350290298462,4693,TGGGGG,2.80859375,1493,CAGGGG,2.849609375,1493,CAGGGG,2.849609375,4693,TGGGGG,3.7948222598060966e-05,1493,CAGGGG,0.038089826703071594,2932,GCAGGC,0.12660321593284607,False,False,True,-6.679445505142212e-05,
5,1,29,head_0,recovery,0.00634765625,-0.24728631973266602,4693,TGGGGG,2.810546875,1493,CAGGGG,2.849609375,1493,CAGGGG,2.849609375,4693,TGGGGG,3.798311809077859e-05,1493,CAGGGG,0.037645064294338226,2932,GCAGGC,0.1261967569589615,False,False,True,-2.9690563678741455e-05,
5,2,29,head_0,recovery,0.0,-0.07473349571228027,4693,TGGGGG,2.802734375,1493,CAGGGG,2.84375,1493,CAGGGG,2.84375,4693,TGGGGG,3.7851405068067834e-05,1493,CAGGGG,0.037889573723077774,2932,GCAGGC,0.12685564160346985,False,False,True,-0.0002611503005027771,
5,3,29,head_0,recovery,0.00634765625,-0.052225708961486816,4693,TGGGGG,2.8125,1493,CAGGGG,2.8515625,1493,CAGGGG,2.8515625,4693,TGGGGG,3.80322671844624e-05,1493,CAGGGG,0.037921663373708725,2932,GCAGGC,0.12667281925678253,False,False,True,-3.4421682357788086e-06,
5,4,29,head_0,recovery,0.00634765625,-0.2651170492172241,4693,TGGGGG,2.8046875,1493,CAGGGG,2.84375,1493,CAGGGG,2.84375,4693,TGGGGG,3.7941943446639925e-05,1493,CAGGGG,0.03761974349617958,2932,GCAGGC,0.1262485682964325,False,False,True,-0.00014426931738853455,
5,5,29,head_0,recovery,0.0,0.001813054084777832,4693,TGGGGG,2.810546875,1493,CAGGGG,2.8515625,1493,CAGGGG,2.8515625,4693,TGGGGG,3.789561742451042e-05,1493,CAGGGG,0.03799814358353615,2932,GCAGGC,0.1275690346956253,False,False,True,-0.0003375895321369171,
5,6,29,head_0,recovery,0.0,0.0956069827079773,4693,TGGGGG,2.810546875,1493,CAGGGG,2.8515625,1493,CAGGGG,2.8515625,4693,TGGGGG,3.8050984585424885e-05,1493,CAGGGG,0.03813127428293228,2932,GCAGGC,0.12685705721378326,False,False,True,-0.00020819157361984253,
5,7,29,head_0,recovery,0.0,0.08839952945709229,4693,TGGGGG,2.810546875,1493,CAGGGG,2.8515625,1493,CAGGGG,2.8515625,4693,TGGGGG,3.7844372855033726e-05,1493,CAGGGG,0.038120850920677185,2932,GCAGGC,0.127357617020607,False,False,True,-0.0005103833973407745,
5,8,29,head_0,recovery,0.0,0.061196208000183105,4693,TGGGGG,2.810546875,1493,CAGGGG,2.8515625,1493,CAGGGG,2.8515625,4693,TGGGGG,3.7957030144752935e-05,1493,CAGGGG,0.03808239474892616,2932,GCAGGC,0.12747010588645935,False,False,True,-0.0003482140600681305,
5,9,29,head_0,recovery,-0.005859375,0.015274107456207275,4693,TGGGGG,2.810546875,1493,CAGGGG,2.853515625,1493,CAGGGG,2.853515625,4693,TGGGGG,3.842700243694708e-05,1493,CAGGGG,0.03801775723695755,2932,GCAGGC,0.125994011759758,False,False,True,4.993751645088196e-05,
5,10,29,head_0,recovery,-0.0126953125,0.2963011860847473,4693,TGGGGG,2.814453125,1493,CAGGGG,2.859375,1493,CAGGGG,2.859375,4693,TGGGGG,3.844651655526832e-05,1493,CAGGGG,0.03841620683670044,2932,GCAGGC,0.1265707165002823,False,False,True,0.00038684532046318054,
5,11,29,head_0,recovery,-0.005859375,0.048757314682006836,4693,TGGGGG,2.81640625,1493,CAGGGG,2.859375,1493,CAGGGG,2.859375,4693,TGGGGG,3.8950896851019934e-05,1493,CAGGGG,0.03806575387716293,2932,GCAGGC,0.12633606791496277,False,False,True,0.0007408298552036285,
5,12,29,head_0,recovery,0.01220703125,-0.1917210817337036,4693,TGGGGG,2.81640625,1493,CAGGGG,2.853515625,1493,CAGGGG,2.853515625,4693,TGGGGG,3.908876169589348e-05,1493,CAGGGG,0.037724949419498444,2932,GCAGGC,0.12609651684761047,False,False,True,0.0008165426552295685,
5,13,29,head_0,recovery,0.00634765625,-0.2320253849029541,4693,TGGGGG,2.810546875,1493,CAGGGG,2.849609375,1493,CAGGGG,2.849609375,4693,TGGGGG,3.8479141949210316e-05,1493,CAGGGG,0.03766719624400139,2932,GCAGGC,0.1276755928993225,False,False,True,-0.0002760589122772217,
5,14,29,head_0,recovery,-0.005859375,-0.0959012508392334,4693,TGGGGG,2.810546875,1493,CAGGGG,2.853515625,1493,CAGGGG,2.853515625,4693,TGGGGG,3.80159544874914e-05,1493,CAGGGG,0.0378597266972065,2932,GCAGGC,0.1277206391096115,False,False,True,3.7845224142074585e-05,
5,15,29,head_0,recovery,0.0,0.0500185489654541,4693,TGGGGG,2.810546875,1493,CAGGGG,2.8515625,1493,CAGGGG,2.8515625,4693,TGGGGG,3.799455953412689e-05,1493,CAGGGG,0.03806658461689949,2932,GCAGGC,0.12835383415222168,False,False,True,-0.00013162195682525635,
5,16,29,head_0,recovery,0.01220703125,0.0014714598655700684,4693,TGGGGG,2.8125,1493,CAGGGG,2.849609375,1493,CAGGGG,2.849609375,4693,TGGGGG,3.765172004932538e-05,1493,CAGGGG,0.03799741342663765,2932,GCAGGC,0.12841221690177917,False,False,True,-0.0004527531564235687,
5,17,29,head_0,recovery,0.0185546875,0.004974007606506348,4693,TGGGGG,2.80859375,1493,CAGGGG,2.84375,1493,CAGGGG,2.84375,4693,TGGGGG,3.776778976316564e-05,1493,CAGGGG,0.03800249472260475,2932,GCAGGC,0.12832558155059814,False,False,True,-0.0011211633682250977,
5,18,29,head_0,recovery,-0.0126953125,0.2816314101219177,4693,TGGGGG,2.8046875,1493,CAGGGG,2.849609375,1493,CAGGGG,2.849609375,4693,TGGGGG,3.709845259436406e-05,1493,CAGGGG,0.03839406371116638,2932,GCAGGC,0.12884318828582764,False,False,True,-0.0011236369609832764,
5,19,29,head_0,recovery,-0.005859375,-0.31557178497314453,4693,TGGGGG,2.8046875,1493,CAGGGG,2.84765625,1493,CAGGGG,2.84765625,4693,TGGGGG,3.757884041988291e-05,1493,CAGGGG,0.037547845393419266,2932,GCAGGC,0.12693163752555847,False,False,True,-0.0004203692078590393,
5,20,29,head_0,recovery,-0.005859375,-0.3169959783554077,4693,TGGGGG,2.810546875,1493,CAGGGG,2.853515625,1493,CAGGGG,2.853515625,4693,TGGGGG,3.8201669667614624e-05,1493,CAGGGG,0.03754645213484764,2932,GCAGGC,0.12469054758548737,False,False,True,0.0006906241178512573,
5,21,29,head_0,recovery,0.00634765625,-0.5499751567840576,4693,TGGGGG,2.80859375,1493,CAGGGG,2.84765625,1493,CAGGGG,2.84765625,4693,TGGGGG,3.799043770413846e-05,1493,CAGGGG,0.037215929478406906,2932,GCAGGC,0.12482480704784393,False,False,True,0.0006717406213283539,
5,22,29,head_0,recovery,-0.005859375,-0.12418186664581299,4693,TGGGGG,2.810546875,1493,CAGGGG,2.853515625,1493,CAGGGG,2.853515625,4693,TGGGGG,3.829769775620662e-05,1493,CAGGGG,0.037819910794496536,2932,GCAGGC,0.1257828027009964,False,False,True,0.0005661696195602417,
5,23,29,head_0,recovery,0.0,-0.0508882999420166,4693,TGGGGG,2.80859375,1493,CAGGGG,2.849609375,1493,CAGGGG,2.849609375,4693,TGGGGG,3.828005355899222e-05,1493,CAGGGG,0.03792380914092064,2932,GCAGGC,0.1263209581375122,False,False,True,0.0003346949815750122,
5,24,29,head_0,recovery,0.0,-0.24415957927703857,4693,TGGGGG,2.810546875,1493,CAGGGG,2.8515625,1493,CAGGGG,2.8515625,4693,TGGGGG,3.7945272197248414e-05,1493,CAGGGG,0.03764946013689041,2932,GCAGGC,0.12601904571056366,False,False,True,0.00024992600083351135,
5,25,29,head_0,recovery,-0.005859375,0.13678103685379028,4693,TGGGGG,2.8125,1493,CAGGGG,2.85546875,1493,CAGGGG,2.85546875,4693,TGGGGG,3.799771729973145e-05,1493,CAGGGG,0.038189597427845,2932,GCAGGC,0.12754447758197784,False,False,True,3.480538725852966e-05,
5,26,29,head_0,recovery,-0.005859375,-0.05790388584136963,4693,TGGGGG,2.810546875,1493,CAGGGG,2.853515625,1493,CAGGGG,2.853515625,4693,TGGGGG,3.8074740587035194e-05,1493,CAGGGG,0.03791365772485733,2932,GCAGGC,0.12692853808403015,False,False,True,-0.0001884177327156067,
5,27,29,head_0,recovery,0.00634765625,-0.14843440055847168,4693,TGGGGG,2.80859375,1493,CAGGGG,2.84765625,1493,CAGGGG,2.84765625,4693,TGGGGG,3.8082158425822854e-05,1493,CAGGGG,0.03778531402349472,2932,GCAGGC,0.12625782191753387,False,False,True,-3.619492053985596e-05,
5,28,29,head_0,recovery,0.0,0.17289185523986816,4693,TGGGGG,2.810546875,1493,CAGGGG,2.8515625,1493,CAGGGG,2.8515625,4693,TGGGGG,3.804811058216728e-05,1493,CAGGGG,0.03824084252119064,2932,GCAGGC,0.12648026645183563,False,False,True,-0.00017789006233215332,
5,29,29,head_0,recovery,0.00634765625,0.012499392032623291,4693,TGGGGG,2.8125,1493,CAGGGG,2.8515625,1493,CAGGGG,2.8515625,4693,TGGGGG,3.812495560850948e-05,1493,CAGGGG,0.0380135215818882,2932,GCAGGC,0.12630526721477509,False,False,True,1.3750046491622925e-05,
5,30,29,head_0,recovery,0.0,-0.11865079402923584,4693,TGGGGG,2.810546875,1493,CAGGGG,2.8515625,1493,CAGGGG,2.8515625,4693,TGGGGG,3.780300903599709e-05,1493,CAGGGG,0.0378272607922554,2932,GCAGGC,0.12662963569164276,False,False,True,-0.00019637122750282288,
5,31,29,head_0,recovery,-0.005859375,-0.10787773132324219,4693,TGGGGG,2.810546875,1493,CAGGGG,2.853515625,1493,CAGGGG,2.853515625,4693,TGGGGG,3.829948036582209e-05,1493,CAGGGG,0.03784302994608879,2932,GCAGGC,0.12600767612457275,False,False,True,9.127706289291382e-05,
6,0,29,head_0,recovery,0.0,-0.31573474407196045,4693,TGGGGG,2.80859375,1493,CAGGGG,2.849609375,1493,CAGGGG,2.849609375,4693,TGGGGG,3.7747689930256456e-05,1493,CAGGGG,0.03754778578877449,2932,GCAGGC,0.1265794187784195,False,False,True,-0.0005421563982963562,
6,1,29,head_0,recovery,-0.005859375,-0.24946725368499756,4693,TGGGGG,2.8046875,1493,CAGGGG,2.84765625,1493,CAGGGG,2.84765625,4693,TGGGGG,3.7600297218887135e-05,1493,CAGGGG,0.03764158859848976,2932,GCAGGC,0.1268046796321869,False,False,True,-0.0006098784506320953,
6,2,29,head_0,recovery,-0.005859375,-0.27244019508361816,4693,TGGGGG,2.8046875,1493,CAGGGG,2.84765625,1493,CAGGGG,2.84765625,4693,TGGGGG,3.751385156647302e-05,1493,CAGGGG,0.037608932703733444,2932,GCAGGC,0.12672172486782074,False,False,True,-0.000512000173330307,
6,3,29,head_0,recovery,-0.0126953125,-0.17885899543762207,4693,TGGGGG,2.8046875,1493,CAGGGG,2.849609375,1493,CAGGGG,2.849609375,4693,TGGGGG,3.746907532331534e-05,1493,CAGGGG,0.037741564214229584,2932,GCAGGC,0.12625989317893982,False,False,True,-0.0005499571561813354,
6,4,29,head_0,recovery,0.00634765625,-0.09929871559143066,4693,TGGGGG,2.80859375,1493,CAGGGG,2.84765625,1493,CAGGGG,2.84765625,4693,TGGGGG,3.79432640329469e-05,1493,CAGGGG,0.03785483539104462,2932,GCAGGC,0.1273927390575409,False,False,True,-0.0005428344011306763,
6,5,29,head_0,recovery,-0.005859375,-0.286763072013855,4693,TGGGGG,2.8046875,1493,CAGGGG,2.84765625,1493,CAGGGG,2.84765625,4693,TGGGGG,3.766918234759942e-05,1493,CAGGGG,0.037588782608509064,2932,GCAGGC,0.12657848000526428,False,False,True,-0.0002987682819366455,
6,6,29,head_0,recovery,-0.005859375,-0.30576038360595703,4693,TGGGGG,2.8046875,1493,CAGGGG,2.84765625,1493,CAGGGG,2.84765625,4693,TGGGGG,3.790114351431839e-05,1493,CAGGGG,0.03756207972764969,2932,GCAGGC,0.1260915994644165,False,False,True,-0.00019367411732673645,
6,7,29,head_0,recovery,0.0,-0.38069891929626465,4693,TGGGGG,2.802734375,1493,CAGGGG,2.84375,1493,CAGGGG,2.84375,4693,TGGGGG,3.773446223931387e-05,1493,CAGGGG,0.037455666810274124,2932,GCAGGC,0.12569409608840942,False,False,True,-0.00026131048798561096,
6,8,29,head_0,recovery,0.01220703125,-0.33118486404418945,4693,TGGGGG,2.8046875,1493,CAGGGG,2.841796875,1493,CAGGGG,2.841796875,4693,TGGGGG,3.7551511923084036e-05,1493,CAGGGG,0.037525683641433716,2932,GCAGGC,0.12647981941699982,False,False,True,-0.0003000609576702118,
6,9,29,head_0,recovery,-0.005859375,-0.33155274391174316,4693,TGGGGG,2.8046875,1493,CAGGGG,2.84765625,1493,CAGGGG,2.84765625,4693,TGGGGG,3.7588852137560025e-05,1493,CAGGGG,0.037525199353694916,2932,GCAGGC,0.1270681768655777,False,False,True,-0.0005144216120243073,
6,10,29,head_0,recovery,0.01220703125,-0.3197864294052124,4693,TGGGGG,2.810546875,1493,CAGGGG,2.84765625,1493,CAGGGG,2.84765625,4693,TGGGGG,3.781864506890997e-05,1493,CAGGGG,0.03754211217164993,2932,GCAGGC,0.1260015070438385,False,False,True,-0.00038197264075279236,
6,11,29,head_0,recovery,0.01220703125,-0.5304522514343262,4693,TGGGGG,2.8046875,1493,CAGGGG,2.841796875,1493,CAGGGG,2.841796875,4693,TGGGGG,3.754963836399838e-05,1493,CAGGGG,0.03724316880106926,2932,GCAGGC,0.1268175095319748,False,False,True,-0.0008314810693264008,
6,12,29,head_0,recovery,0.0185546875,-0.5315532684326172,4693,TGGGGG,2.80859375,1493,CAGGGG,2.84375,1493,CAGGGG,2.84375,4693,TGGGGG,3.789656329900026e-05,1493,CAGGGG,0.03724195435643196,2932,GCAGGC,0.12604942917823792,False,False,True,-0.0005967803299427032,
6,13,29,head_0,recovery,0.00634765625,-0.32359111309051514,4693,TGGGGG,2.80859375,1493,CAGGGG,2.84765625,1493,CAGGGG,2.84765625,4693,TGGGGG,3.787446621572599e-05,1493,CAGGGG,0.03753677383065224,2932,GCAGGC,0.12664468586444855,False,False,True,-0.00035632774233818054,
6,14,29,head_0,recovery,0.00634765625,-0.19491088390350342,4693,TGGGGG,2.80859375,1493,CAGGGG,2.84765625,1493,CAGGGG,2.84765625,4693,TGGGGG,3.798494435613975e-05,1493,CAGGGG,0.037719324231147766,2932,GCAGGC,0.1266600340604782,False,False,True,-0.0002880804240703583,
6,15,29,head_0,recovery,-0.005859375,-0.24306917190551758,4693,TGGGGG,2.8046875,1493,CAGGGG,2.84765625,1493,CAGGGG,2.84765625,4693,TGGGGG,3.764268330996856e-05,1493,CAGGGG,0.0376507043838501,2932,GCAGGC,0.12697866559028625,False,False,True,-0.00042054057121276855,
6,16,29,head_0,recovery,0.01220703125,-0.3536926507949829,4693,TGGGGG,2.810546875,1493,CAGGGG,2.84765625,1493,CAGGGG,2.84765625,4693,TGGGGG,3.783887586905621e-05,1493,CAGGGG,0.03749405965209007,2932,GCAGGC,0.12626144289970398,False,False,True,-0.0003488697111606598,
6,17,29,head_0,recovery,0.00634765625,-0.2768334150314331,4693,TGGGGG,2.8046875,1493,CAGGGG,2.84375,1493,CAGGGG,2.84375,4693,TGGGGG,3.76298266928643e-05,1493,CAGGGG,0.03760281950235367,2932,GCAGGC,0.1272979974746704,False,False,True,-0.0006506927311420441,
6,18,29,head_0,recovery,0.00634765625,-0.18583524227142334,4693,TGGGGG,2.80859375,1493,CAGGGG,2.84765625,1493,CAGGGG,2.84765625,4693,TGGGGG,3.779364124056883e-05,1493,CAGGGG,0.037731997668743134,2932,GCAGGC,0.12675093114376068,False,False,True,-0.0005160234868526459,
6,19,29,head_0,recovery,-0.0126953125,-0.12245023250579834,4693,TGGGGG,2.8046875,1493,CAGGGG,2.849609375,1493,CAGGGG,2.849609375,4693,TGGGGG,3.7611080188071355e-05,1493,CAGGGG,0.037821680307388306,2932,GCAGGC,0.12710067629814148,False,False,True,-0.0004973560571670532,
6,20,29,head_0,recovery,0.00634765625,-0.1374826431274414,4693,TGGGGG,2.80859375,1493,CAGGGG,2.84765625,1493,CAGGGG,2.84765625,4693,TGGGGG,3.763753920793533e-05,1493,CAGGGG,0.037800393998622894,2932,GCAGGC,0.12680061161518097,False,False,True,-0.0005640797317028046,
6,21,29,head_0,recovery,0.0,-0.28755927085876465,4693,TGGGGG,2.802734375,1493,CAGGGG,2.84375,1493,CAGGGG,2.84375,4693,TGGGGG,3.731425749720074e-05,1493,CAGGGG,0.03758729621767998,2932,GCAGGC,0.12721051275730133,False,False,True,-0.0006242506206035614,
6,22,29,head_0,recovery,-0.005859375,-0.11194264888763428,4693,TGGGGG,2.80859375,1493,CAGGGG,2.8515625,1493,CAGGGG,2.8515625,4693,TGGGGG,3.783330612350255e-05,1493,CAGGGG,0.03783680126070976,2932,GCAGGC,0.12688788771629333,False,False,True,-0.00041574984788894653,
6,23,29,head_0,recovery,0.0,-0.017100214958190918,4693,TGGGGG,2.80859375,1493,CAGGGG,2.849609375,1493,CAGGGG,2.849609375,4693,TGGGGG,3.787232344620861e-05,1493,CAGGGG,0.03797130286693573,2932,GCAGGC,0.1269567608833313,False,False,True,-0.0003257058560848236,
6,24,29,head_0,recovery,0.0,-0.21284937858581543,4693,TGGGGG,2.810546875,1493,CAGGGG,2.8515625,1493,CAGGGG,2.8515625,4693,TGGGGG,3.785743683692999e-05,1493,CAGGGG,0.03769376128911972,2932,GCAGGC,0.12619814276695251,False,False,True,2.4903565645217896e-05,
6,25,29,head_0,recovery,0.00634765625,-0.1665804386138916,4693,TGGGGG,2.810546875,1493,CAGGGG,2.849609375,1493,CAGGGG,2.849609375,4693,TGGGGG,3.8099820812931284e-05,1493,CAGGGG,0.037759602069854736,2932,GCAGGC,0.12659037113189697,False,False,True,-4.6718865633010864e-05,
6,26,29,head_0,recovery,0.0,-0.17548787593841553,4693,TGGGGG,2.80859375,1493,CAGGGG,2.849609375,1493,CAGGGG,2.849609375,4693,TGGGGG,3.806961831287481e-05,1493,CAGGGG,0.03774694353342056,2932,GCAGGC,0.12635497748851776,False,False,True,-0.00013885647058486938,
6,27,29,head_0,recovery,0.0,-0.19756734371185303,4693,TGGGGG,2.80859375,1493,CAGGGG,2.849609375,1493,CAGGGG,2.849609375,4693,TGGGGG,3.786937304539606e-05,1493,CAGGGG,0.03771543875336647,2932,GCAGGC,0.12651757895946503,False,False,True,-8.95187258720398e-05,
6,28,29,head_0,recovery,0.00634765625,-0.27306556701660156,4693,TGGGGG,2.80859375,1493,CAGGGG,2.84765625,1493,CAGGGG,2.84765625,4693,TGGGGG,3.7795864045619965e-05,1493,CAGGGG,0.03760832920670509,2932,GCAGGC,0.12636056542396545,False,False,True,-0.00021474063396453857,
6,29,29,head_0,recovery,0.0,-0.08805525302886963,4693,TGGGGG,2.810546875,1493,CAGGGG,2.8515625,1493,CAGGGG,2.8515625,4693,TGGGGG,3.786719753406942e-05,1493,CAGGGG,0.037870701402425766,2932,GCAGGC,0.1270364671945572,False,False,True,-0.0002688504755496979,
6,30,29,head_0,recovery,0.00634765625,-0.261491060256958,4693,TGGGGG,2.80859375,1493,CAGGGG,2.84765625,1493,CAGGGG,2.84765625,4693,TGGGGG,3.801615457632579e-05,1493,CAGGGG,0.03762495890259743,2932,GCAGGC,0.12568746507167816,False,False,True,-0.0003730282187461853,
6,31,29,head_0,recovery,0.0,0.0028141140937805176,4693,TGGGGG,2.810546875,1493,CAGGGG,2.8515625,1493,CAGGGG,2.8515625,4693,TGGGGG,3.805824599112384e-05,1493,CAGGGG,0.037999723106622696,2932,GCAGGC,0.12697617709636688,False,False,True,-0.00022073090076446533,
7,0,29,head_0,recovery,0.0,-0.13718044757843018,4693,TGGGGG,2.810546875,1493,CAGGGG,2.8515625,1493,CAGGGG,2.8515625,4693,TGGGGG,3.8132591726025566e-05,1493,CAGGGG,0.03780131787061691,2932,GCAGGC,0.12639227509498596,False,False,True,-2.619624137878418e-05,
7,1,29,head_0,recovery,0.0,-0.10983788967132568,4693,TGGGGG,2.810546875,1493,CAGGGG,2.8515625,1493,CAGGGG,2.8515625,4693,TGGGGG,3.815540185314603e-05,1493,CAGGGG,0.0378401055932045,2932,GCAGGC,0.126390740275383,False,False,True,-0.00015137717127799988,
7,2,29,head_0,recovery,0.0,-0.043541550636291504,4693,TGGGGG,2.8125,1493,CAGGGG,2.853515625,1493,CAGGGG,2.853515625,4693,TGGGGG,3.796627788688056e-05,1493,CAGGGG,0.03793390840291977,2932,GCAGGC,0.12639126181602478,False,False,True,-0.0002124384045600891,
7,3,29,head_0,recovery,0.0,-0.10417807102203369,4693,TGGGGG,2.810546875,1493,CAGGGG,2.8515625,1493,CAGGGG,2.8515625,4693,TGGGGG,3.81646714231465e-05,1493,CAGGGG,0.03784814104437828,2932,GCAGGC,0.12638095021247864,False,False,True,-0.00017080456018447876,
7,4,29,head_0,recovery,0.0,-0.2799786329269409,4693,TGGGGG,2.80859375,1493,CAGGGG,2.849609375,1493,CAGGGG,2.849609375,4693,TGGGGG,3.801576531259343e-05,1493,CAGGGG,0.03759874776005745,2932,GCAGGC,0.12612420320510864,False,False,True,9.086728096008301e-05,
7,5,29,head_0,recovery,0.00634765625,-0.11033189296722412,4693,TGGGGG,2.810546875,1493,CAGGGG,2.849609375,1493,CAGGGG,2.849609375,4693,TGGGGG,3.804938751272857e-05,1493,CAGGGG,0.03783930093050003,2932,GCAGGC,0.12631286680698395,False,False,True,-0.00011879205703735352,
7,6,29,head_0,recovery,0.0,-0.09147906303405762,4693,TGGGGG,2.810546875,1493,CAGGGG,2.8515625,1493,CAGGGG,2.8515625,4693,TGGGGG,3.817525794147514e-05,1493,CAGGGG,0.03786615654826164,2932,GCAGGC,0.126169353723526,False,False,True,-6.0051679611206055e-05,
7,7,29,head_0,recovery,0.0,-0.1066821813583374,4693,TGGGGG,2.810546875,1493,CAGGGG,2.8515625,1493,CAGGGG,2.8515625,4693,TGGGGG,3.7888192309765145e-05,1493,CAGGGG,0.03784431517124176,2932,GCAGGC,0.12721361219882965,False,False,True,-0.0002716854214668274,
7,8,29,head_0,recovery,0.0,-0.07986247539520264,4693,TGGGGG,2.810546875,1493,CAGGGG,2.8515625,1493,CAGGGG,2.8515625,4693,TGGGGG,3.836665564449504e-05,1493,CAGGGG,0.037882816046476364,2932,GCAGGC,0.12622487545013428,False,False,True,0.00013540685176849365,
7,9,29,head_0,recovery,0.0,-0.07251060009002686,4693,TGGGGG,2.8125,1493,CAGGGG,2.853515625,1493,CAGGGG,2.853515625,4693,TGGGGG,3.833563096122816e-05,1493,CAGGGG,0.03789320960640907,2932,GCAGGC,0.12662801146507263,False,False,True,3.87728214263916e-05,
7,10,29,head_0,recovery,0.0,-0.15422022342681885,4693,TGGGGG,2.810546875,1493,CAGGGG,2.8515625,1493,CAGGGG,2.8515625,4693,TGGGGG,3.805005690082908e-05,1493,CAGGGG,0.03777707740664482,2932,GCAGGC,0.1262129694223404,False,False,True,6.349384784698486e-05,
7,11,29,head_0,recovery,-0.005859375,-0.03183305263519287,4693,TGGGGG,2.8046875,1493,CAGGGG,2.84765625,1493,CAGGGG,2.84765625,4693,TGGGGG,3.798290345002897e-05,1493,CAGGGG,0.03795052692294121,2932,GCAGGC,0.12711207568645477,False,False,True,5.926564335823059e-05,
7,12,29,head_0,recovery,-0.0126953125,-0.20585215091705322,4693,TGGGGG,2.8046875,1493,CAGGGG,2.849609375,1493,CAGGGG,2.849609375,4693,TGGGGG,3.814364390564151e-05,1493,CAGGGG,0.037703968584537506,2932,GCAGGC,0.12665291130542755,False,False,True,0.0004047863185405731,
7,13,29,head_0,recovery,-0.03125,-0.030240774154663086,4693,TGGGGG,2.802734375,1493,CAGGGG,2.853515625,1493,CAGGGG,2.853515625,4693,TGGGGG,3.8409205444622785e-05,1493,CAGGGG,0.0379532091319561,2932,GCAGGC,0.12678205966949463,False,False,True,0.0006043985486030579,
7,14,29,head_0,recovery,0.0,-0.06298828125,4693,TGGGGG,2.80859375,1493,CAGGGG,2.849609375,1493,CAGGGG,2.849609375,4693,TGGGGG,3.851655492326245e-05,1493,CAGGGG,0.037906888872385025,2932,GCAGGC,0.12665438652038574,False,False,True,0.0007939301431179047,
7,15,29,head_0,recovery,0.02490234375,-0.11099398136138916,4693,TGGGGG,2.810546875,1493,CAGGGG,2.84375,1493,CAGGGG,2.84375,4693,TGGGGG,3.848788401228376e-05,1493,CAGGGG,0.03783880174160004,2932,GCAGGC,0.12708838284015656,False,False,True,0.000363718718290329,
7,16,29,head_0,recovery,0.0615234375,0.21214783191680908,4693,TGGGGG,2.828125,1493,CAGGGG,2.849609375,1493,CAGGGG,2.849609375,4693,TGGGGG,3.811166970990598e-05,1493,CAGGGG,0.03829656541347504,2932,GCAGGC,0.12675541639328003,False,False,True,-0.00014890730381011963,
7,17,29,head_0,recovery,0.00634765625,0.004033327102661133,4693,TGGGGG,2.814453125,1493,CAGGGG,2.853515625,1493,CAGGGG,2.853515625,4693,TGGGGG,3.802745050052181e-05,1493,CAGGGG,0.038001421838998795,2932,GCAGGC,0.12668576836585999,False,False,True,-0.0002003200352191925,
7,18,29,head_0,recovery,-0.005859375,-0.02981245517730713,4693,TGGGGG,2.8046875,1493,CAGGGG,2.84765625,1493,CAGGGG,2.84765625,4693,TGGGGG,3.746788206626661e-05,1493,CAGGGG,0.03795287758111954,2932,GCAGGC,0.12771877646446228,False,False,True,-0.0011735297739505768,
7,19,29,head_0,recovery,-0.005859375,0.1470811367034912,4693,TGGGGG,2.80859375,1493,CAGGGG,2.8515625,1493,CAGGGG,2.8515625,4693,TGGGGG,3.765465226024389e-05,1493,CAGGGG,0.03820385783910751,2932,GCAGGC,0.1283458173274994,False,False,True,-0.0011022575199604034,
7,20,29,head_0,recovery,0.00634765625,-0.1748046875,4693,TGGGGG,2.80859375,1493,CAGGGG,2.84765625,1493,CAGGGG,2.84765625,4693,TGGGGG,3.763708446058445e-05,1493,CAGGGG,0.03774747997522354,2932,GCAGGC,0.128168523311615,False,False,True,-0.001080349087715149,
7,21,29,head_0,recovery,0.0,-0.0037442445755004883,4693,TGGGGG,2.80859375,1493,CAGGGG,2.849609375,1493,CAGGGG,2.849609375,4693,TGGGGG,3.809486224781722e-05,1493,CAGGGG,0.03799046203494072,2932,GCAGGC,0.12696075439453125,False,False,True,-0.00039309263229370117,
7,22,29,head_0,recovery,-0.005859375,0.029928088188171387,4693,TGGGGG,2.8125,1493,CAGGGG,2.85546875,1493,CAGGGG,2.85546875,4693,TGGGGG,3.790817936533131e-05,1493,CAGGGG,0.038038015365600586,2932,GCAGGC,0.12734097242355347,False,False,True,-0.00023010745644569397,
7,23,29,head_0,recovery,0.0,-0.19290077686309814,4693,TGGGGG,2.80859375,1493,CAGGGG,2.849609375,1493,CAGGGG,2.849609375,4693,TGGGGG,3.798143734456971e-05,1493,CAGGGG,0.03772217035293579,2932,GCAGGC,0.12577016651630402,False,False,True,2.787262201309204e-05,
7,24,29,head_0,recovery,0.00634765625,-0.06931281089782715,4693,TGGGGG,2.8125,1493,CAGGGG,2.8515625,1493,CAGGGG,2.8515625,4693,TGGGGG,3.829750494332984e-05,1493,CAGGGG,0.03789770230650902,2932,GCAGGC,0.12650589644908905,False,False,True,4.172325134277344e-07,
7,25,29,head_0,recovery,0.00634765625,-0.19006562232971191,4693,TGGGGG,2.810546875,1493,CAGGGG,2.849609375,1493,CAGGGG,2.849609375,4693,TGGGGG,3.819604171440005e-05,1493,CAGGGG,0.037726402282714844,2932,GCAGGC,0.12629006803035736,False,False,True,-0.0002008303999900818,
7,26,29,head_0,recovery,0.00634765625,-0.13134455680847168,4693,TGGGGG,2.810546875,1493,CAGGGG,2.849609375,1493,CAGGGG,2.849609375,4693,TGGGGG,3.809902773355134e-05,1493,CAGGGG,0.03780955821275711,2932,GCAGGC,0.12636002898216248,False,False,True,-0.00031123310327529907,
7,27,29,head_0,recovery,0.00634765625,-0.19862890243530273,4693,TGGGGG,2.810546875,1493,CAGGGG,2.849609375,1493,CAGGGG,2.849609375,4693,TGGGGG,3.8046382542233914e-05,1493,CAGGGG,0.03771411255002022,2932,GCAGGC,0.12625086307525635,False,False,True,-0.00034180283546447754,
7,28,29,head_0,recovery,0.00634765625,-0.08294463157653809,4693,TGGGGG,2.8125,1493,CAGGGG,2.8515625,1493,CAGGGG,2.8515625,4693,TGGGGG,3.8027443224564195e-05,1493,CAGGGG,0.03787810727953911,2932,GCAGGC,0.1268327534198761,False,False,True,-0.00025730207562446594,
7,29,29,head_0,recovery,0.0,-0.019851326942443848,4693,TGGGGG,2.810546875,1493,CAGGGG,2.8515625,1493,CAGGGG,2.8515625,4693,TGGGGG,3.79784542019479e-05,1493,CAGGGG,0.037967510521411896,2932,GCAGGC,0.12625057995319366,False,False,True,-9.854882955551147e-05,
7,30,29,head_0,recovery,0.0,-0.04912519454956055,4693,TGGGGG,2.810546875,1493,CAGGGG,2.8515625,1493,CAGGGG,2.8515625,4693,TGGGGG,3.79444427380804e-05,1493,CAGGGG,0.037925973534584045,2932,GCAGGC,0.12659253180027008,False,False,True,-5.885958671569824e-05,
7,31,29,head_0,recovery,0.01220703125,-0.17232167720794678,4693,TGGGGG,2.8125,1493,CAGGGG,2.849609375,1493,CAGGGG,2.849609375,4693,TGGGGG,3.8100908568594605e-05,1493,CAGGGG,0.037751466035842896,2932,GCAGGC,0.12603889405727386,False,False,True,-5.487352609634399e-06,
8,0,29,head_0,recovery,0.0185546875,-0.20692944526672363,4693,TGGGGG,2.8125,1493,CAGGGG,2.84765625,1493,CAGGGG,2.84765625,4693,TGGGGG,3.8337715523084626e-05,1493,CAGGGG,0.03770263493061066,2932,GCAGGC,0.12588931620121002,False,False,True,-9.208172559738159e-05,
8,1,29,head_0,recovery,0.00634765625,-0.14323437213897705,4693,TGGGGG,2.810546875,1493,CAGGGG,2.849609375,1493,CAGGGG,2.849609375,4693,TGGGGG,3.8151294575072825e-05,1493,CAGGGG,0.03779275342822075,2932,GCAGGC,0.12630580365657806,False,False,True,-2.779066562652588e-05,
8,2,29,head_0,recovery,0.0,-0.10960924625396729,4693,TGGGGG,2.8125,1493,CAGGGG,2.853515625,1493,CAGGGG,2.853515625,4693,TGGGGG,3.806611130130477e-05,1493,CAGGGG,0.0378403402864933,2932,GCAGGC,0.1260429322719574,False,False,True,-0.0001584962010383606,
8,3,29,head_0,recovery,0.00634765625,-0.13594019412994385,4693,TGGGGG,2.8125,1493,CAGGGG,2.8515625,1493,CAGGGG,2.8515625,4693,TGGGGG,3.8074438634794205e-05,1493,CAGGGG,0.03780302032828331,2932,GCAGGC,0.12584371864795685,False,False,True,-0.00010905042290687561,
8,4,29,head_0,recovery,0.00634765625,-0.15879487991333008,4693,TGGGGG,2.810546875,1493,CAGGGG,2.849609375,1493,CAGGGG,2.849609375,4693,TGGGGG,3.800286867772229e-05,1493,CAGGGG,0.03777054324746132,2932,GCAGGC,0.12672755122184753,False,False,True,-9.539350867271423e-05,
8,5,29,head_0,recovery,0.00634765625,0.01998007297515869,4693,TGGGGG,2.8125,1493,CAGGGG,2.8515625,1493,CAGGGG,2.8515625,4693,TGGGGG,3.798854959313758e-05,1493,CAGGGG,0.03802398964762688,2932,GCAGGC,0.1268984079360962,False,False,True,-0.00015593692660331726,
8,6,29,head_0,recovery,0.00634765625,-0.14071190357208252,4693,TGGGGG,2.8125,1493,CAGGGG,2.8515625,1493,CAGGGG,2.8515625,4693,TGGGGG,3.807517350651324e-05,1493,CAGGGG,0.0377962552011013,2932,GCAGGC,0.12644284963607788,False,False,True,-0.00016535446047782898,
8,7,29,head_0,recovery,0.0,-0.05558633804321289,4693,TGGGGG,2.810546875,1493,CAGGGG,2.8515625,1493,CAGGGG,2.8515625,4693,TGGGGG,3.816535900114104e-05,1493,CAGGGG,0.03791703283786774,2932,GCAGGC,0.12660326063632965,False,False,True,-0.00020558759570121765,
8,8,29,head_0,recovery,-0.005859375,0.01915764808654785,4693,TGGGGG,2.810546875,1493,CAGGGG,2.853515625,1493,CAGGGG,2.853515625,4693,TGGGGG,3.8176374800968915e-05,1493,CAGGGG,0.03802301362156868,2932,GCAGGC,0.12672293186187744,False,False,True,0.00014550983905792236,
8,9,29,head_0,recovery,0.0,0.11583667993545532,4693,TGGGGG,2.8125,1493,CAGGGG,2.853515625,1493,CAGGGG,2.853515625,4693,TGGGGG,3.845711762551218e-05,1493,CAGGGG,0.03816036134958267,2932,GCAGGC,0.12674865126609802,False,False,True,0.0003469400107860565,
8,10,29,head_0,recovery,-0.005859375,0.18561190366744995,4693,TGGGGG,2.810546875,1493,CAGGGG,2.853515625,1493,CAGGGG,2.853515625,4693,TGGGGG,3.893555549439043e-05,1493,CAGGGG,0.03825976699590683,2932,GCAGGC,0.12669934332370758,False,False,True,0.00039200112223625183,
8,11,29,head_0,recovery,-0.005859375,0.2940860986709595,4693,TGGGGG,2.810546875,1493,CAGGGG,2.853515625,1493,CAGGGG,2.853515625,4693,TGGGGG,3.885649857693352e-05,1493,CAGGGG,0.03841347619891167,2932,GCAGGC,0.12735207378864288,False,False,True,0.00037919357419013977,
8,12,29,head_0,recovery,-0.005859375,0.2887495160102844,4693,TGGGGG,2.8046875,1493,CAGGGG,2.84765625,1493,CAGGGG,2.84765625,4693,TGGGGG,3.802946230280213e-05,1493,CAGGGG,0.03840508311986923,2932,GCAGGC,0.1275206357240677,False,False,True,-0.00016525015234947205,
8,13,29,head_0,recovery,-0.0126953125,-0.20974886417388916,4693,TGGGGG,2.794921875,1493,CAGGGG,2.83984375,1493,CAGGGG,2.83984375,4693,TGGGGG,3.7303470890037715e-05,1493,CAGGGG,0.03769760578870773,2932,GCAGGC,0.12701082229614258,False,False,True,-0.00031929463148117065,
8,14,29,head_0,recovery,-0.005859375,-0.6121803522109985,4693,TGGGGG,2.791015625,1493,CAGGGG,2.833984375,1493,CAGGGG,2.833984375,4693,TGGGGG,3.7125904782442376e-05,1493,CAGGGG,0.037126872688531876,2932,GCAGGC,0.12680985033512115,False,False,True,-0.00033392012119293213,
8,15,29,head_0,recovery,-0.0185546875,-0.21790742874145508,4693,TGGGGG,2.794921875,1493,CAGGGG,2.841796875,1493,CAGGGG,2.841796875,4693,TGGGGG,3.7296002119546756e-05,1493,CAGGGG,0.03768603131175041,2932,GCAGGC,0.1272258758544922,False,False,True,-0.0006975606083869934,
8,16,29,head_0,recovery,-0.005859375,-0.23573815822601318,4693,TGGGGG,2.80078125,1493,CAGGGG,2.84375,1493,CAGGGG,2.84375,4693,TGGGGG,3.732677942025475e-05,1493,CAGGGG,0.03766078129410744,2932,GCAGGC,0.12700103223323822,False,False,True,-0.0007133744657039642,
8,17,29,head_0,recovery,-0.0126953125,-0.13930094242095947,4693,TGGGGG,2.80859375,1493,CAGGGG,2.853515625,1493,CAGGGG,2.853515625,4693,TGGGGG,3.779565304284915e-05,1493,CAGGGG,0.03779797628521919,2932,GCAGGC,0.12697838246822357,False,False,True,-0.0004769265651702881,
8,18,29,head_0,recovery,0.00634765625,-0.2519371509552002,4693,TGGGGG,2.810546875,1493,CAGGGG,2.849609375,1493,CAGGGG,2.849609375,4693,TGGGGG,3.806529275607318e-05,1493,CAGGGG,0.037638552486896515,2932,GCAGGC,0.12610755860805511,False,False,True,0.0001958608627319336,
8,19,29,head_0,recovery,-0.005859375,-0.07001698017120361,4693,TGGGGG,2.810546875,1493,CAGGGG,2.853515625,1493,CAGGGG,2.853515625,4693,TGGGGG,3.812320210272446e-05,1493,CAGGGG,0.0378965325653553,2932,GCAGGC,0.1266893595457077,False,False,True,0.00019488483667373657,
8,20,29,head_0,recovery,-0.005859375,-0.25528204441070557,4693,TGGGGG,2.80859375,1493,CAGGGG,2.8515625,1493,CAGGGG,2.8515625,4693,TGGGGG,3.822065264103003e-05,1493,CAGGGG,0.03763396665453911,2932,GCAGGC,0.12553928792476654,False,False,True,-2.6650726795196533e-05,
8,21,29,head_0,recovery,-0.005859375,-0.16714012622833252,4693,TGGGGG,2.80859375,1493,CAGGGG,2.8515625,1493,CAGGGG,2.8515625,4693,TGGGGG,3.8029269489925355e-05,1493,CAGGGG,0.03775873780250549,2932,GCAGGC,0.1261902004480362,False,False,True,-0.00018598884344100952,
8,22,29,head_0,recovery,-0.005859375,0.06454116106033325,4693,TGGGGG,2.810546875,1493,CAGGGG,2.853515625,1493,CAGGGG,2.853515625,4693,TGGGGG,3.8246864278335124e-05,1493,CAGGGG,0.038087427616119385,2932,GCAGGC,0.1269511580467224,False,False,True,-4.5299530029296875e-05,
8,23,29,head_0,recovery,0.01220703125,-0.26911628246307373,4693,TGGGGG,2.8125,1493,CAGGGG,2.849609375,1493,CAGGGG,2.849609375,4693,TGGGGG,3.804180596489459e-05,1493,CAGGGG,0.03761417418718338,2932,GCAGGC,0.1257416009902954,False,False,True,-0.00012014433741569519,
8,24,29,head_0,recovery,0.0,0.003076910972595215,4693,TGGGGG,2.8125,1493,CAGGGG,2.853515625,1493,CAGGGG,2.853515625,4693,TGGGGG,3.8065594708314165e-05,1493,CAGGGG,0.03800010308623314,2932,GCAGGC,0.12636861205101013,False,False,True,-7.912889122962952e-05,
8,25,29,head_0,recovery,0.0,-0.10972225666046143,4693,TGGGGG,2.810546875,1493,CAGGGG,2.8515625,1493,CAGGGG,2.8515625,4693,TGGGGG,3.817305332631804e-05,1493,CAGGGG,0.03784028813242912,2932,GCAGGC,0.12644729018211365,False,False,True,-0.0001577809453010559,
8,26,29,head_0,recovery,0.00634765625,-0.05162918567657471,4693,TGGGGG,2.8125,1493,CAGGGG,2.8515625,1493,CAGGGG,2.8515625,4693,TGGGGG,3.8073787436587736e-05,1493,CAGGGG,0.03792254999279976,2932,GCAGGC,0.12643440067768097,False,False,True,-5.383044481277466e-05,
8,27,29,head_0,recovery,0.0,-0.028708934783935547,4693,TGGGGG,2.8125,1493,CAGGGG,2.853515625,1493,CAGGGG,2.853515625,4693,TGGGGG,3.8176338421180844e-05,1493,CAGGGG,0.0379551500082016,2932,GCAGGC,0.12652572989463806,False,False,True,8.349493145942688e-05,
8,28,29,head_0,recovery,0.0,-0.21000897884368896,4693,TGGGGG,2.80859375,1493,CAGGGG,2.849609375,1493,CAGGGG,2.849609375,4693,TGGGGG,3.78996592189651e-05,1493,CAGGGG,0.03769783303141594,2932,GCAGGC,0.12601356208324432,False,False,True,-5.333125591278076e-05,
8,29,29,head_0,recovery,0.00634765625,-0.1802910566329956,4693,TGGGGG,2.8125,1493,CAGGGG,2.8515625,1493,CAGGGG,2.8515625,4693,TGGGGG,3.828484477708116e-05,1493,CAGGGG,0.037740349769592285,2932,GCAGGC,0.12620189785957336,False,False,True,-2.2858381271362305e-05,
8,30,29,head_0,recovery,0.00634765625,-0.125679612159729,4693,TGGGGG,2.810546875,1493,CAGGGG,2.849609375,1493,CAGGGG,2.849609375,4693,TGGGGG,3.805944652413018e-05,1493,CAGGGG,0.03781755268573761,2932,GCAGGC,0.12658748030662537,False,False,True,-0.00015385448932647705,
8,31,29,head_0,recovery,0.0,-0.13358855247497559,4693,TGGGGG,2.810546875,1493,CAGGGG,2.8515625,1493,CAGGGG,2.8515625,4693,TGGGGG,3.809815098065883e-05,1493,CAGGGG,0.037806376814842224,2932,GCAGGC,0.12616446614265442,False,False,True,0.000135909765958786,
9,0,29,head_0,recovery,0.0,-0.2872123718261719,4693,TGGGGG,2.80859375,1493,CAGGGG,2.849609375,1493,CAGGGG,2.849609375,4693,TGGGGG,3.796072633122094e-05,1493,CAGGGG,0.03758843615651131,2932,GCAGGC,0.1257418692111969,False,False,True,-8.202344179153442e-05,
9,1,29,head_0,recovery,-0.005859375,-0.056064605712890625,4693,TGGGGG,2.810546875,1493,CAGGGG,2.853515625,1493,CAGGGG,2.853515625,4693,TGGGGG,3.821949576376937e-05,1493,CAGGGG,0.037916406989097595,2932,GCAGGC,0.12641198933124542,False,False,True,-1.025572419166565e-05,
9,2,29,head_0,recovery,0.0,-0.05273544788360596,4693,TGGGGG,2.810546875,1493,CAGGGG,2.8515625,1493,CAGGGG,2.8515625,4693,TGGGGG,3.808849578490481e-05,1493,CAGGGG,0.0379209965467453,2932,GCAGGC,0.12643499672412872,False,False,True,-0.00019364431500434875,
9,3,29,head_0,recovery,0.00634765625,-0.14111387729644775,4693,TGGGGG,2.810546875,1493,CAGGGG,2.849609375,1493,CAGGGG,2.849609375,4693,TGGGGG,3.832483707810752e-05,1493,CAGGGG,0.037795934826135635,2932,GCAGGC,0.1267295777797699,False,False,True,-0.0001416131854057312,
9,4,29,head_0,recovery,0.0,0.11255216598510742,4693,TGGGGG,2.8125,1493,CAGGGG,2.853515625,1493,CAGGGG,2.853515625,4693,TGGGGG,3.817685501417145e-05,1493,CAGGGG,0.03815542533993721,2932,GCAGGC,0.12690448760986328,False,False,True,-0.00011096149682998657,
9,5,29,head_0,recovery,-0.005859375,-0.04266655445098877,4693,TGGGGG,2.810546875,1493,CAGGGG,2.853515625,1493,CAGGGG,2.853515625,4693,TGGGGG,3.8054586184443906e-05,1493,CAGGGG,0.03793523833155632,2932,GCAGGC,0.12631855905056,False,False,True,-0.0002157837152481079,
9,6,29,head_0,recovery,0.0,-0.07922923564910889,4693,TGGGGG,2.810546875,1493,CAGGGG,2.8515625,1493,CAGGGG,2.8515625,4693,TGGGGG,3.8238882552832365e-05,1493,CAGGGG,0.037883587181568146,2932,GCAGGC,0.1262601763010025,False,False,True,-0.00010596588253974915,
9,7,29,head_0,recovery,0.0,-0.07405030727386475,4693,TGGGGG,2.8125,1493,CAGGGG,2.853515625,1493,CAGGGG,2.853515625,4693,TGGGGG,3.817860851995647e-05,1493,CAGGGG,0.03789086639881134,2932,GCAGGC,0.12641553580760956,False,False,True,-9.25213098526001e-05,
9,8,29,head_0,recovery,-0.005859375,-0.06279647350311279,4693,TGGGGG,2.810546875,1493,CAGGGG,2.853515625,1493,CAGGGG,2.853515625,4693,TGGGGG,3.787294917856343e-05,1493,CAGGGG,0.03790651634335518,2932,GCAGGC,0.1266106367111206,False,False,True,-6.125867366790771e-05,
9,9,29,head_0,recovery,0.0,-0.1335359811782837,4693,TGGGGG,2.810546875,1493,CAGGGG,2.8515625,1493,CAGGGG,2.8515625,4693,TGGGGG,3.816810203716159e-05,1493,CAGGGG,0.037806522101163864,2932,GCAGGC,0.1259917914867401,False,False,True,-1.1585652828216553e-05,
9,10,29,head_0,recovery,0.00634765625,-0.19441163539886475,4693,TGGGGG,2.810546875,1493,CAGGGG,2.849609375,1493,CAGGGG,2.849609375,4693,TGGGGG,3.810067937592976e-05,1493,CAGGGG,0.037720147520303726,2932,GCAGGC,0.12616898119449615,False,False,True,-3.341585397720337e-05,
9,11,29,head_0,recovery,-0.005859375,-0.13249289989471436,4693,TGGGGG,2.810546875,1493,CAGGGG,2.853515625,1493,CAGGGG,2.853515625,4693,TGGGGG,3.7842848541913554e-05,1493,CAGGGG,0.03780767321586609,2932,GCAGGC,0.12645980715751648,False,False,True,-5.57824969291687e-05,
9,12,29,head_0,recovery,0.0,-0.08004117012023926,4693,TGGGGG,2.8125,1493,CAGGGG,2.853515625,1493,CAGGGG,2.853515625,4693,TGGGGG,3.808097608271055e-05,1493,CAGGGG,0.03788227587938309,2932,GCAGGC,0.12653933465480804,False,False,True,0.00014201924204826355,
9,13,29,head_0,recovery,0.0,-0.17724835872650146,4693,TGGGGG,2.80859375,1493,CAGGGG,2.849609375,1493,CAGGGG,2.849609375,4693,TGGGGG,3.818820187007077e-05,1493,CAGGGG,0.037744566798210144,2932,GCAGGC,0.12616592645645142,False,False,True,0.0001266971230506897,
9,14,29,head_0,recovery,-0.005859375,-0.17719578742980957,4693,TGGGGG,2.8125,1493,CAGGGG,2.85546875,1493,CAGGGG,2.85546875,4693,TGGGGG,3.844455204671249e-05,1493,CAGGGG,0.03774489834904671,2932,GCAGGC,0.12617473304271698,False,False,True,0.00016196072101593018,
9,15,29,head_0,recovery,-0.0126953125,0.08526742458343506,4693,TGGGGG,2.8046875,1493,CAGGGG,2.849609375,1493,CAGGGG,2.849609375,4693,TGGGGG,3.771132469410077e-05,1493,CAGGGG,0.038116276264190674,2932,GCAGGC,0.12681683897972107,False,False,True,-0.0001168958842754364,
9,16,29,head_0,recovery,0.0,-0.05660581588745117,4693,TGGGGG,2.810546875,1493,CAGGGG,2.8515625,1493,CAGGGG,2.8515625,4693,TGGGGG,3.8301688618957996e-05,1493,CAGGGG,0.03791572526097298,2932,GCAGGC,0.1266259402036667,False,False,True,-0.00016059726476669312,
9,17,29,head_0,recovery,0.0,-0.06838524341583252,4693,TGGGGG,2.8125,1493,CAGGGG,2.853515625,1493,CAGGGG,2.853515625,4693,TGGGGG,3.813193688984029e-05,1493,CAGGGG,0.03789885342121124,2932,GCAGGC,0.12644605338573456,False,False,True,9.234994649887085e-06,
9,18,29,head_0,recovery,0.0,0.011232912540435791,4693,TGGGGG,2.8125,1493,CAGGGG,2.853515625,1493,CAGGGG,2.853515625,4693,TGGGGG,3.8034184399293736e-05,1493,CAGGGG,0.03801163658499718,2932,GCAGGC,0.1265941858291626,False,False,True,-9.133294224739075e-05,
9,19,29,head_0,recovery,0.00634765625,-0.21560049057006836,4693,TGGGGG,2.810546875,1493,CAGGGG,2.849609375,1493,CAGGGG,2.849609375,4693,TGGGGG,3.822059079539031e-05,1493,CAGGGG,0.03769022598862648,2932,GCAGGC,0.12571927905082703,False,False,True,-0.00011214613914489746,
9,20,29,head_0,recovery,-0.005859375,0.031341731548309326,4693,TGGGGG,2.810546875,1493,CAGGGG,2.853515625,1493,CAGGGG,2.853515625,4693,TGGGGG,3.800523700192571e-05,1493,CAGGGG,0.03804011642932892,2932,GCAGGC,0.1266658455133438,False,False,True,-7.872655987739563e-05,
9,21,29,head_0,recovery,0.01220703125,-0.21781814098358154,4693,TGGGGG,2.810546875,1493,CAGGGG,2.84765625,1493,CAGGGG,2.84765625,4693,TGGGGG,3.8052021409384906e-05,1493,CAGGGG,0.03768691420555115,2932,GCAGGC,0.12638522684574127,False,False,True,-0.00021363794803619385,
9,22,29,head_0,recovery,0.00634765625,0.09327632188796997,4693,TGGGGG,2.810546875,1493,CAGGGG,2.849609375,1493,CAGGGG,2.849609375,4693,TGGGGG,3.7975129089318216e-05,1493,CAGGGG,0.03812789544463158,2932,GCAGGC,0.12708023190498352,False,False,True,-7.947534322738647e-05,
9,23,29,head_0,recovery,0.0,-0.12351703643798828,4693,TGGGGG,2.810546875,1493,CAGGGG,2.8515625,1493,CAGGGG,2.8515625,4693,TGGGGG,3.8004451198503375e-05,1493,CAGGGG,0.03782056272029877,2932,GCAGGC,0.12649713456630707,False,False,True,4.105269908905029e-05,
9,24,29,head_0,recovery,0.0,-0.018264293670654297,4693,TGGGGG,2.810546875,1493,CAGGGG,2.8515625,1493,CAGGGG,2.8515625,4693,TGGGGG,3.8071873859735206e-05,1493,CAGGGG,0.03796985372900963,2932,GCAGGC,0.12635475397109985,False,False,True,1.0535120964050293e-05,
9,25,29,head_0,recovery,0.0,-0.07814669609069824,4693,TGGGGG,2.810546875,1493,CAGGGG,2.8515625,1493,CAGGGG,2.8515625,4693,TGGGGG,3.8054025935707614e-05,1493,CAGGGG,0.03788493573665619,2932,GCAGGC,0.12645748257637024,False,False,True,1.2565404176712036e-05,
9,26,29,head_0,recovery,0.00634765625,-0.08628427982330322,4693,TGGGGG,2.810546875,1493,CAGGGG,2.849609375,1493,CAGGGG,2.849609375,4693,TGGGGG,3.8021524233045056e-05,1493,CAGGGG,0.037873364984989166,2932,GCAGGC,0.1265501081943512,False,False,True,-9.359419345855713e-05,
9,27,29,head_0,recovery,0.0,0.025335073471069336,4693,TGGGGG,2.810546875,1493,CAGGGG,2.8515625,1493,CAGGGG,2.8515625,4693,TGGGGG,3.8226011383812875e-05,1493,CAGGGG,0.038031820207834244,2932,GCAGGC,0.1264181286096573,False,False,True,-0.00010992586612701416,
9,28,29,head_0,recovery,0.0,-0.05251467227935791,4693,TGGGGG,2.810546875,1493,CAGGGG,2.8515625,1493,CAGGGG,2.8515625,4693,TGGGGG,3.794079020735808e-05,1493,CAGGGG,0.03792116418480873,2932,GCAGGC,0.12663251161575317,False,False,True,-0.0001497603952884674,
9,29,29,head_0,recovery,0.0,-0.05407547950744629,4693,TGGGGG,2.8125,1493,CAGGGG,2.853515625,1493,CAGGGG,2.853515625,4693,TGGGGG,3.8225258322199807e-05,1493,CAGGGG,0.03791923448443413,2932,GCAGGC,0.1266898363828659,False,False,True,-0.00018604472279548645,
9,30,29,head_0,recovery,0.00634765625,-0.09884154796600342,4693,TGGGGG,2.810546875,1493,CAGGGG,2.849609375,1493,CAGGGG,2.849609375,4693,TGGGGG,3.8025114918127656e-05,1493,CAGGGG,0.037855565547943115,2932,GCAGGC,0.12670892477035522,False,False,True,-0.0001290924847126007,
9,31,29,head_0,recovery,0.00634765625,-0.10270929336547852,4693,TGGGGG,2.8125,1493,CAGGGG,2.8515625,1493,CAGGGG,2.8515625,4693,TGGGGG,3.8220430724322796e-05,1493,CAGGGG,0.0378502793610096,2932,GCAGGC,0.12605297565460205,False,False,True,-0.00012977048754692078,
10,0,29,head_0,recovery,0.0,-0.012446880340576172,4693,TGGGGG,2.8125,1493,CAGGGG,2.853515625,1493,CAGGGG,2.853515625,4693,TGGGGG,3.8191374187590554e-05,1493,CAGGGG,0.037978220731019974,2932,GCAGGC,0.12687723338603973,False,False,True,8.586421608924866e-05,
10,1,29,head_0,recovery,0.0,-0.08935332298278809,4693,TGGGGG,2.80859375,1493,CAGGGG,2.849609375,1493,CAGGGG,2.849609375,4693,TGGGGG,3.799567639362067e-05,1493,CAGGGG,0.037868987768888474,2932,GCAGGC,0.12663784623146057,False,False,True,-5.7891011238098145e-06,
10,2,29,head_0,recovery,0.0,-0.1429978609085083,4693,TGGGGG,2.810546875,1493,CAGGGG,2.8515625,1493,CAGGGG,2.8515625,4693,TGGGGG,3.804400694207288e-05,1493,CAGGGG,0.037792980670928955,2932,GCAGGC,0.12606202065944672,False,False,True,1.2021511793136597e-05,
10,3,29,head_0,recovery,-0.005859375,-0.06013202667236328,4693,TGGGGG,2.810546875,1493,CAGGGG,2.853515625,1493,CAGGGG,2.853515625,4693,TGGGGG,3.7947935197735205e-05,1493,CAGGGG,0.03791037201881409,2932,GCAGGC,0.12630896270275116,False,False,True,-4.349276423454285e-05,
10,4,29,head_0,recovery,-0.005859375,-0.17005670070648193,4693,TGGGGG,2.810546875,1493,CAGGGG,2.853515625,1493,CAGGGG,2.853515625,4693,TGGGGG,3.792246207012795e-05,1493,CAGGGG,0.037754498422145844,2932,GCAGGC,0.1260220855474472,False,False,True,8.673220872879028e-05,
10,5,29,head_0,recovery,0.0,-0.19885492324829102,4693,TGGGGG,2.810546875,1493,CAGGGG,2.8515625,1493,CAGGGG,2.8515625,4693,TGGGGG,3.793352152570151e-05,1493,CAGGGG,0.037713680416345596,2932,GCAGGC,0.12628601491451263,False,False,True,8.320063352584839e-05,
10,6,29,head_0,recovery,0.0,-0.15347671508789062,4693,TGGGGG,2.810546875,1493,CAGGGG,2.8515625,1493,CAGGGG,2.8515625,4693,TGGGGG,3.7990739656379446e-05,1493,CAGGGG,0.03777807205915451,2932,GCAGGC,0.12626251578330994,False,False,True,6.334111094474792e-05,
10,7,29,head_0,recovery,-0.005859375,0.022736430168151855,4693,TGGGGG,2.8125,1493,CAGGGG,2.85546875,1493,CAGGGG,2.85546875,4693,TGGGGG,3.8207133911782876e-05,1493,CAGGGG,0.03802811726927757,2932,GCAGGC,0.1267264038324356,False,False,True,-0.0001568831503391266,
10,8,29,head_0,recovery,0.0,0.17655205726623535,4693,TGGGGG,2.8125,1493,CAGGGG,2.853515625,1493,CAGGGG,2.853515625,4693,TGGGGG,3.828174158115871e-05,1493,CAGGGG,0.038246266543865204,2932,GCAGGC,0.12677645683288574,False,False,True,-4.522502422332764e-06,
10,9,29,head_0,recovery,-0.0126953125,0.05381274223327637,4693,TGGGGG,2.810546875,1493,CAGGGG,2.85546875,1493,CAGGGG,2.85546875,4693,TGGGGG,3.828533226624131e-05,1493,CAGGGG,0.03807225450873375,2932,GCAGGC,0.1262381672859192,False,False,True,0.00023008882999420166,
10,10,29,head_0,recovery,0.0,0.034599900245666504,4693,TGGGGG,2.810546875,1493,CAGGGG,2.8515625,1493,CAGGGG,2.8515625,4693,TGGGGG,3.813309740507975e-05,1493,CAGGGG,0.03804486244916916,2932,GCAGGC,0.12691383063793182,False,False,True,4.011392593383789e-05,
10,11,29,head_0,recovery,-0.0126953125,0.22865420579910278,4693,TGGGGG,2.80859375,1493,CAGGGG,2.853515625,1493,CAGGGG,2.853515625,4693,TGGGGG,3.8030881114536896e-05,1493,CAGGGG,0.03831988573074341,2932,GCAGGC,0.12629766762256622,False,False,True,3.7338584661483765e-05,
10,12,29,head_0,recovery,-0.03125,0.24220728874206543,4693,TGGGGG,2.80859375,1493,CAGGGG,2.859375,1493,CAGGGG,2.859375,4693,TGGGGG,3.835857569356449e-05,1493,CAGGGG,0.03833942860364914,2932,GCAGGC,0.12668254971504211,False,False,True,6.303191184997559e-05,
10,13,29,head_0,recovery,-0.03125,0.01306694746017456,4693,TGGGGG,2.802734375,1493,CAGGGG,2.853515625,1493,CAGGGG,2.853515625,4693,TGGGGG,3.7507317756535485e-05,1493,CAGGGG,0.03801370784640312,2932,GCAGGC,0.1276368796825409,False,False,True,-0.00035850703716278076,
10,14,29,head_0,recovery,-0.0244140625,0.13298159837722778,4693,TGGGGG,2.8125,1493,CAGGGG,2.861328125,1493,CAGGGG,2.861328125,4693,TGGGGG,3.80475030397065e-05,1493,CAGGGG,0.038184259086847305,2932,GCAGGC,0.12768825888633728,False,False,True,-0.00021445751190185547,
10,15,29,head_0,recovery,-0.0244140625,0.028041481971740723,4693,TGGGGG,2.80078125,1493,CAGGGG,2.849609375,1493,CAGGGG,2.849609375,4693,TGGGGG,3.707093128468841e-05,1493,CAGGGG,0.038034502416849136,2932,GCAGGC,0.1302175372838974,False,False,True,-0.0024122074246406555,
10,16,29,head_0,recovery,-0.0244140625,0.04715973138809204,4693,TGGGGG,2.80078125,1493,CAGGGG,2.849609375,1493,CAGGGG,2.849609375,4693,TGGGGG,3.7256319046719e-05,1493,CAGGGG,0.03806179389357567,2932,GCAGGC,0.1284356266260147,False,False,True,-0.0017563365399837494,
10,17,29,head_0,recovery,-0.0185546875,-0.42144203186035156,4693,TGGGGG,2.7890625,1493,CAGGGG,2.8359375,1493,CAGGGG,2.8359375,4693,TGGGGG,3.6602192267309874e-05,1493,CAGGGG,0.03739676997065544,2932,GCAGGC,0.1284019649028778,False,False,True,-0.001905001699924469,
10,18,29,head_0,recovery,0.0,-0.2004157304763794,4693,TGGGGG,2.810546875,1493,CAGGGG,2.8515625,1493,CAGGGG,2.8515625,4693,TGGGGG,3.7859535950701684e-05,1493,CAGGGG,0.03771139308810234,2932,GCAGGC,0.12626679241657257,False,False,True,0.00035228580236434937,
10,19,29,head_0,recovery,-0.005859375,-0.09841585159301758,4693,TGGGGG,2.810546875,1493,CAGGGG,2.853515625,1493,CAGGGG,2.853515625,4693,TGGGGG,3.7986261304467916e-05,1493,CAGGGG,0.03785613179206848,2932,GCAGGC,0.12691980600357056,False,False,True,0.00014442577958106995,
10,20,29,head_0,recovery,0.0,-0.025894761085510254,4693,TGGGGG,2.8125,1493,CAGGGG,2.853515625,1493,CAGGGG,2.853515625,4693,TGGGGG,3.8143050915095955e-05,1493,CAGGGG,0.037959106266498566,2932,GCAGGC,0.1261052042245865,False,False,True,7.769465446472168e-05,
10,21,29,head_0,recovery,0.0,-0.07371926307678223,4693,TGGGGG,2.810546875,1493,CAGGGG,2.8515625,1493,CAGGGG,2.8515625,4693,TGGGGG,3.8102207327028736e-05,1493,CAGGGG,0.03789126127958298,2932,GCAGGC,0.12628190219402313,False,False,True,-8.803606033325195e-05,
10,22,29,head_0,recovery,-0.005859375,0.05953824520111084,4693,TGGGGG,2.810546875,1493,CAGGGG,2.853515625,1493,CAGGGG,2.853515625,4693,TGGGGG,3.8148755265865475e-05,1493,CAGGGG,0.038080234080553055,2932,GCAGGC,0.12634749710559845,False,False,True,-3.740191459655762e-05,
10,23,29,head_0,recovery,0.00634765625,-0.18107151985168457,4693,TGGGGG,2.8125,1493,CAGGGG,2.8515625,1493,CAGGGG,2.8515625,4693,TGGGGG,3.812037903117016e-05,1493,CAGGGG,0.03773907944560051,2932,GCAGGC,0.12603214383125305,False,False,True,-5.0164759159088135e-05,
10,24,29,head_0,recovery,0.00634765625,-0.19495820999145508,4693,TGGGGG,2.810546875,1493,CAGGGG,2.849609375,1493,CAGGGG,2.849609375,4693,TGGGGG,3.79518314730376e-05,1493,CAGGGG,0.03771922364830971,2932,GCAGGC,0.12624870240688324,False,False,True,-4.3079257011413574e-05,
10,25,29,head_0,recovery,0.0,-0.06507980823516846,4693,TGGGGG,2.8125,1493,CAGGGG,2.853515625,1493,CAGGGG,2.853515625,4693,TGGGGG,3.798206671490334e-05,1493,CAGGGG,0.03790339082479477,2932,GCAGGC,0.12618745863437653,False,False,True,-5.40614128112793e-05,
10,26,29,head_0,recovery,0.00634765625,0.007958948612213135,4693,TGGGGG,2.8125,1493,CAGGGG,2.8515625,1493,CAGGGG,2.8515625,4693,TGGGGG,3.81388672394678e-05,1493,CAGGGG,0.03800709918141365,2932,GCAGGC,0.12644395232200623,False,False,True,-7.714703679084778e-05,
10,27,29,head_0,recovery,0.0,-0.18560409545898438,4693,TGGGGG,2.810546875,1493,CAGGGG,2.8515625,1493,CAGGGG,2.8515625,4693,TGGGGG,3.8072586903581396e-05,1493,CAGGGG,0.03773260489106178,2932,GCAGGC,0.12634554505348206,False,False,True,-0.00013345107436180115,
10,28,29,head_0,recovery,0.0,-0.24838995933532715,4693,TGGGGG,2.80859375,1493,CAGGGG,2.849609375,1493,CAGGGG,2.849609375,4693,TGGGGG,3.777331585297361e-05,1493,CAGGGG,0.03764329105615616,2932,GCAGGC,0.12601953744888306,False,False,True,-0.00024803727865219116,
10,29,29,head_0,recovery,0.0,-0.09754085540771484,4693,TGGGGG,2.810546875,1493,CAGGGG,2.8515625,1493,CAGGGG,2.8515625,4693,TGGGGG,3.807519533438608e-05,1493,CAGGGG,0.03785746172070503,2932,GCAGGC,0.12609995901584625,False,False,True,-0.00010832399129867554,
10,30,29,head_0,recovery,0.0,-0.06981730461120605,4693,TGGGGG,2.810546875,1493,CAGGGG,2.8515625,1493,CAGGGG,2.8515625,4693,TGGGGG,3.8006652175681666e-05,1493,CAGGGG,0.03789669647812843,2932,GCAGGC,0.12658941745758057,False,False,True,-0.0001527741551399231,
10,31,29,head_0,recovery,-0.005859375,0.025829076766967773,4693,TGGGGG,2.810546875,1493,CAGGGG,2.853515625,1493,CAGGGG,2.853515625,4693,TGGGGG,3.808745896094479e-05,1493,CAGGGG,0.03803238272666931,2932,GCAGGC,0.12633514404296875,False,False,True,4.229694604873657e-05,
11,0,29,head_0,recovery,0.00634765625,-0.026866912841796875,4693,TGGGGG,2.8125,1493,CAGGGG,2.8515625,1493,CAGGGG,2.8515625,4693,TGGGGG,3.8048008718760684e-05,1493,CAGGGG,0.037957631051540375,2932,GCAGGC,0.12655523419380188,False,False,True,-8.247420191764832e-05,
11,1,29,head_0,recovery,0.00634765625,-0.14274299144744873,4693,TGGGGG,2.8125,1493,CAGGGG,2.8515625,1493,CAGGGG,2.8515625,4693,TGGGGG,3.783985448535532e-05,1493,CAGGGG,0.03779314085841179,2932,GCAGGC,0.1263437122106552,False,False,True,-4.801899194717407e-05,
11,2,29,head_0,recovery,-0.005859375,-0.052614569664001465,4693,TGGGGG,2.810546875,1493,CAGGGG,2.853515625,1493,CAGGGG,2.853515625,4693,TGGGGG,3.773611388169229e-05,1493,CAGGGG,0.037920817732810974,2932,GCAGGC,0.12662748992443085,False,False,True,-9.879469871520996e-05,
11,3,29,head_0,recovery,0.0,-0.19789326190948486,4693,TGGGGG,2.810546875,1493,CAGGGG,2.8515625,1493,CAGGGG,2.8515625,4693,TGGGGG,3.769871182157658e-05,1493,CAGGGG,0.03771480917930603,2932,GCAGGC,0.12632064521312714,False,False,True,-1.0922551155090332e-05,
11,4,29,head_0,recovery,0.00634765625,-0.11066555976867676,4693,TGGGGG,2.8125,1493,CAGGGG,2.8515625,1493,CAGGGG,2.8515625,4693,TGGGGG,3.783396823564544e-05,1493,CAGGGG,0.037838611751794815,2932,GCAGGC,0.12698499858379364,False,False,True,-0.00012633204460144043,
11,5,29,head_0,recovery,0.0,-0.0024384260177612305,4693,TGGGGG,2.810546875,1493,CAGGGG,2.8515625,1493,CAGGGG,2.8515625,4693,TGGGGG,3.818523691734299e-05,1493,CAGGGG,0.03799240291118622,2932,GCAGGC,0.12672336399555206,False,False,True,-8.508563041687012e-06,
11,6,29,head_0,recovery,0.0,0.14432746171951294,4693,TGGGGG,2.8125,1493,CAGGGG,2.853515625,1493,CAGGGG,2.853515625,4693,TGGGGG,3.8184043660294265e-05,1493,CAGGGG,0.03820048272609711,2932,GCAGGC,0.12694582343101501,False,False,True,-5.675479769706726e-05,
11,7,29,head_0,recovery,0.0,-0.016414403915405273,4693,TGGGGG,2.810546875,1493,CAGGGG,2.8515625,1493,CAGGGG,2.8515625,4693,TGGGGG,3.830310015473515e-05,1493,CAGGGG,0.03797270730137825,2932,GCAGGC,0.12620238959789276,False,False,True,-9.269267320632935e-05,
11,8,29,head_0,recovery,0.00634765625,0.054424941539764404,4693,TGGGGG,2.8125,1493,CAGGGG,2.8515625,1493,CAGGGG,2.8515625,4693,TGGGGG,3.82289472327102e-05,1493,CAGGGG,0.038073066622018814,2932,GCAGGC,0.12696139514446259,False,False,True,-0.000179193913936615,
11,9,29,head_0,recovery,0.00634765625,-0.08007538318634033,4693,TGGGGG,2.810546875,1493,CAGGGG,2.849609375,1493,CAGGGG,2.849609375,4693,TGGGGG,3.826979445875622e-05,1493,CAGGGG,0.03788241744041443,2932,GCAGGC,0.1267562210559845,False,False,True,-0.0003142841160297394,
11,10,29,head_0,recovery,0.01220703125,-0.12612366676330566,4693,TGGGGG,2.810546875,1493,CAGGGG,2.84765625,1493,CAGGGG,2.84765625,4693,TGGGGG,3.764553912333213e-05,1493,CAGGGG,0.03781650587916374,2932,GCAGGC,0.1273181289434433,False,False,True,-0.0007799863815307617,
11,11,29,head_0,recovery,0.037109375,-0.27753233909606934,4693,TGGGGG,2.814453125,1493,CAGGGG,2.84375,1493,CAGGGG,2.84375,4693,TGGGGG,3.7811423680977896e-05,1493,CAGGGG,0.0376020111143589,2932,GCAGGC,0.12787151336669922,False,False,True,-0.0009252168238162994,
11,12,29,head_0,recovery,0.03076171875,-0.1847684383392334,4693,TGGGGG,2.8125,1493,CAGGGG,2.84375,1493,CAGGGG,2.84375,4693,TGGGGG,3.786042725550942e-05,1493,CAGGGG,0.03773357719182968,2932,GCAGGC,0.12818974256515503,False,False,True,-0.0006798356771469116,
11,13,29,head_0,recovery,0.03076171875,0.3974759578704834,4693,TGGGGG,2.8203125,1493,CAGGGG,2.8515625,1493,CAGGGG,2.8515625,4693,TGGGGG,3.841790385195054e-05,1493,CAGGGG,0.038559623062610626,2932,GCAGGC,0.1274217814207077,False,False,True,-0.0011577121913433075,
11,14,29,head_0,recovery,0.0556640625,-0.11860346794128418,4693,TGGGGG,2.791015625,1493,CAGGGG,2.814453125,853,AGGGGG,2.822265625,4693,TGGGGG,3.7724650610471144e-05,1493,CAGGGG,0.037827249616384506,2932,GCAGGC,0.1265079230070114,False,False,True,-0.0011117495596408844,
11,15,29,head_0,recovery,0.08642578125,-0.7679167985916138,4693,TGGGGG,2.80859375,1493,CAGGGG,2.822265625,853,AGGGGG,2.83203125,4693,TGGGGG,3.4957720345119014e-05,1493,CAGGGG,0.03690390661358833,2932,GCAGGC,0.13503211736679077,False,False,True,-0.005980107933282852,
11,16,29,head_0,recovery,0.04931640625,-1.3293323516845703,4693,TGGGGG,2.796875,1493,CAGGGG,2.822265625,1493,CAGGGG,2.822265625,4693,TGGGGG,3.444589674472809e-05,1493,CAGGGG,0.036107439547777176,2932,GCAGGC,0.13462293148040771,False,False,True,-0.005368631333112717,
11,17,29,head_0,recovery,0.0185546875,-0.7592064142227173,4693,TGGGGG,2.8203125,1493,CAGGGG,2.85546875,1493,CAGGGG,2.85546875,4693,TGGGGG,3.470558294793591e-05,1493,CAGGGG,0.03691600263118744,2932,GCAGGC,0.13512377440929413,False,False,True,-0.0053903404623270035,
11,18,29,head_0,recovery,-0.005859375,0.09928816556930542,4693,TGGGGG,2.810546875,1493,CAGGGG,2.853515625,1493,CAGGGG,2.853515625,4693,TGGGGG,3.775521327042952e-05,1493,CAGGGG,0.03813619911670685,2932,GCAGGC,0.12668193876743317,False,False,True,-0.0002952069044113159,
11,19,29,head_0,recovery,0.0,0.0022518038749694824,4693,TGGGGG,2.810546875,1493,CAGGGG,2.8515625,1493,CAGGGG,2.8515625,4693,TGGGGG,3.7647645513061434e-05,1493,CAGGGG,0.037998516112565994,2932,GCAGGC,0.1268095076084137,False,False,True,-0.00036386772990226746,
11,20,29,head_0,recovery,0.0,-0.0042934417724609375,4693,TGGGGG,2.80859375,1493,CAGGGG,2.849609375,1493,CAGGGG,2.849609375,4693,TGGGGG,3.795994052779861e-05,1493,CAGGGG,0.037989549338817596,2932,GCAGGC,0.12665970623493195,False,False,True,-0.00031116604804992676,
11,21,29,head_0,recovery,0.0,0.038459837436676025,4693,TGGGGG,2.80859375,1493,CAGGGG,2.849609375,1493,CAGGGG,2.849609375,4693,TGGGGG,3.777806705329567e-05,1493,CAGGGG,0.038049980998039246,2932,GCAGGC,0.12681473791599274,False,False,True,-0.000300087034702301,
11,22,29,head_0,recovery,-0.005859375,0.002099454402923584,4693,TGGGGG,2.810546875,1493,CAGGGG,2.853515625,1493,CAGGGG,2.853515625,4693,TGGGGG,3.7996258470229805e-05,1493,CAGGGG,0.03799865022301674,2932,GCAGGC,0.1263946145772934,False,False,True,-3.123655915260315e-05,
11,23,29,head_0,recovery,0.0,0.016537964344024658,4693,TGGGGG,2.8125,1493,CAGGGG,2.853515625,1493,CAGGGG,2.853515625,4693,TGGGGG,3.817497781710699e-05,1493,CAGGGG,0.03801929950714111,2932,GCAGGC,0.12628783285617828,False,False,True,0.00015739724040031433,
11,24,29,head_0,recovery,0.00634765625,-0.06226825714111328,4693,TGGGGG,2.810546875,1493,CAGGGG,2.849609375,1493,CAGGGG,2.849609375,4693,TGGGGG,3.817679680651054e-05,1493,CAGGGG,0.037907570600509644,2932,GCAGGC,0.12645584344863892,False,False,True,0.00010306388139724731,
11,25,29,head_0,recovery,-0.005859375,0.04549908638000488,4693,TGGGGG,2.810546875,1493,CAGGGG,2.853515625,1493,CAGGGG,2.853515625,4693,TGGGGG,3.8227324694162235e-05,1493,CAGGGG,0.03806041181087494,2932,GCAGGC,0.12679338455200195,False,False,True,-7.348135113716125e-05,
11,26,29,head_0,recovery,0.0,-0.15437006950378418,4693,TGGGGG,2.810546875,1493,CAGGGG,2.8515625,1493,CAGGGG,2.8515625,4693,TGGGGG,3.793671203311533e-05,1493,CAGGGG,0.037776753306388855,2932,GCAGGC,0.12626966834068298,False,False,True,0.00012190639972686768,
11,27,29,head_0,recovery,0.0,-0.12229001522064209,4693,TGGGGG,2.810546875,1493,CAGGGG,2.8515625,1493,CAGGGG,2.8515625,4693,TGGGGG,3.798648322117515e-05,1493,CAGGGG,0.037822283804416656,2932,GCAGGC,0.12608280777931213,False,False,True,-2.6203691959381104e-05,
11,28,29,head_0,recovery,0.0,-0.1037524938583374,4693,TGGGGG,2.8125,1493,CAGGGG,2.853515625,1493,CAGGGG,2.853515625,4693,TGGGGG,3.7955465813865885e-05,1493,CAGGGG,0.03784853592514992,2932,GCAGGC,0.12641504406929016,False,False,True,-1.3493001461029053e-05,
11,29,29,head_0,recovery,0.00634765625,-0.16768395900726318,4693,TGGGGG,2.8125,1493,CAGGGG,2.8515625,1493,CAGGGG,2.8515625,4693,TGGGGG,3.8018624763935804e-05,1493,CAGGGG,0.037757959216833115,2932,GCAGGC,0.12654045224189758,False,False,True,-0.00017582252621650696,
11,30,29,head_0,recovery,0.0,-0.13122904300689697,4693,TGGGGG,2.8125,1493,CAGGGG,2.853515625,1493,CAGGGG,2.853515625,4693,TGGGGG,3.810967245954089e-05,1493,CAGGGG,0.03780973330140114,2932,GCAGGC,0.1265149563550949,False,False,True,-0.00019333884119987488,
11,31,29,head_0,recovery,0.0,-0.11488807201385498,4693,TGGGGG,2.810546875,1493,CAGGGG,2.8515625,1493,CAGGGG,2.8515625,4693,TGGGGG,3.8121972465887666e-05,1493,CAGGGG,0.03783291205763817,2932,GCAGGC,0.12650562822818756,False,False,True,-0.00013954564929008484,
12,0,29,head_0,recovery,0.0,-0.17979967594146729,4693,TGGGGG,2.810546875,1493,CAGGGG,2.8515625,1493,CAGGGG,2.8515625,4693,TGGGGG,3.818221011897549e-05,1493,CAGGGG,0.03774094209074974,2932,GCAGGC,0.12633875012397766,False,False,True,-3.6582350730895996e-06,
12,1,29,head_0,recovery,-0.005859375,-0.18356502056121826,4693,TGGGGG,2.80859375,1493,CAGGGG,2.8515625,1493,CAGGGG,2.8515625,4693,TGGGGG,3.796577584580518e-05,1493,CAGGGG,0.037735387682914734,2932,GCAGGC,0.12632979452610016,False,False,True,-6.476044654846191e-05,
12,2,29,head_0,recovery,0.0,-0.06650650501251221,4693,TGGGGG,2.810546875,1493,CAGGGG,2.8515625,1493,CAGGGG,2.8515625,4693,TGGGGG,3.815791569650173e-05,1493,CAGGGG,0.03790154308080673,2932,GCAGGC,0.12655732035636902,False,False,True,-1.2516975402832031e-05,
12,3,29,head_0,recovery,0.0,-0.12231099605560303,4693,TGGGGG,2.810546875,1493,CAGGGG,2.8515625,1493,CAGGGG,2.8515625,4693,TGGGGG,3.80456585844513e-05,1493,CAGGGG,0.037822313606739044,2932,GCAGGC,0.1266034096479416,False,False,True,-8.362159132957458e-05,
12,4,29,head_0,recovery,0.0,-0.09852361679077148,4693,TGGGGG,2.810546875,1493,CAGGGG,2.8515625,1493,CAGGGG,2.8515625,4693,TGGGGG,3.806042150245048e-05,1493,CAGGGG,0.037856053560972214,2932,GCAGGC,0.1261741816997528,False,False,True,-5.7384371757507324e-05,
12,5,29,head_0,recovery,0.00634765625,-0.08843100070953369,4693,TGGGGG,2.8125,1493,CAGGGG,2.8515625,1493,CAGGGG,2.8515625,4693,TGGGGG,3.801149796345271e-05,1493,CAGGGG,0.037870313972234726,2932,GCAGGC,0.1264086663722992,False,False,True,-0.00016235187649726868,
12,6,29,head_0,recovery,0.00634765625,-0.26085519790649414,4693,TGGGGG,2.810546875,1493,CAGGGG,2.849609375,1493,CAGGGG,2.849609375,4693,TGGGGG,3.794746589846909e-05,1493,CAGGGG,0.037625789642333984,2932,GCAGGC,0.12636716663837433,False,False,True,-9.005889296531677e-05,
12,7,29,head_0,recovery,0.0,-0.22913765907287598,4693,TGGGGG,2.810546875,1493,CAGGGG,2.8515625,1493,CAGGGG,2.8515625,4693,TGGGGG,3.78041913791094e-05,1493,CAGGGG,0.03767061606049538,2932,GCAGGC,0.12654472887516022,False,False,True,-0.0001262091100215912,
12,8,29,head_0,recovery,0.0,-0.22229290008544922,4693,TGGGGG,2.8125,1493,CAGGGG,2.853515625,1493,CAGGGG,2.853515625,4693,TGGGGG,3.8184716686373577e-05,1493,CAGGGG,0.03768070042133331,2932,GCAGGC,0.1261659562587738,False,False,True,-8.576735854148865e-05,
12,9,29,head_0,recovery,0.00634765625,-0.47862863540649414,4693,TGGGGG,2.8125,1493,CAGGGG,2.8515625,1493,CAGGGG,2.8515625,4693,TGGGGG,3.808621477219276e-05,1493,CAGGGG,0.0373171791434288,2932,GCAGGC,0.12579625844955444,False,False,True,4.015117883682251e-05,
12,10,29,head_0,recovery,0.00634765625,-0.32730650901794434,4693,TGGGGG,2.810546875,1493,CAGGGG,2.849609375,1493,CAGGGG,2.849609375,4693,TGGGGG,3.827610271400772e-05,1493,CAGGGG,0.037531908601522446,2932,GCAGGC,0.12602491676807404,False,False,True,1.9844621419906616e-05,
12,11,29,head_0,recovery,-0.005859375,-0.2916635274887085,4693,TGGGGG,2.810546875,1493,CAGGGG,2.853515625,1493,CAGGGG,2.853515625,4693,TGGGGG,3.8269779906840995e-05,1493,CAGGGG,0.037582434713840485,2932,GCAGGC,0.12535972893238068,False,False,True,7.3015689849853516e-06,
12,12,29,head_0,recovery,-0.005859375,-0.08564317226409912,4693,TGGGGG,2.8125,1493,CAGGGG,2.85546875,1493,CAGGGG,2.85546875,4693,TGGGGG,3.849330096272752e-05,1493,CAGGGG,0.037874747067689896,2932,GCAGGC,0.12601132690906525,False,False,True,9.110942482948303e-05,
12,13,29,head_0,recovery,0.0,-0.13924574851989746,4693,TGGGGG,2.810546875,1493,CAGGGG,2.8515625,1493,CAGGGG,2.8515625,4693,TGGGGG,3.789512993535027e-05,1493,CAGGGG,0.03779815137386322,2932,GCAGGC,0.12629106640815735,False,False,True,-0.000569712370634079,
12,14,29,head_0,recovery,0.0556640625,-0.5316872596740723,4693,TGGGGG,2.8125,1493,CAGGGG,2.8359375,1493,CAGGGG,2.8359375,4693,TGGGGG,3.7793499359395355e-05,1493,CAGGGG,0.03724166005849838,2932,GCAGGC,0.12691690027713776,False,False,True,-0.0008586347103118896,
12,15,29,head_0,recovery,0.04296875,-0.28141331672668457,4693,TGGGGG,2.814453125,1493,CAGGGG,2.841796875,1493,CAGGGG,2.841796875,4693,TGGGGG,3.762102278415114e-05,1493,CAGGGG,0.03759631887078285,2932,GCAGGC,0.12783262133598328,False,False,True,-0.0012732930481433868,
12,16,29,head_0,recovery,0.04296875,-0.33759355545043945,4693,TGGGGG,2.814453125,1493,CAGGGG,2.841796875,1493,CAGGGG,2.841796875,4693,TGGGGG,3.822442522505298e-05,1493,CAGGGG,0.03751727193593979,2932,GCAGGC,0.12706266343593597,False,False,True,-0.0006925687193870544,
12,17,29,head_0,recovery,-0.0185546875,0.22396403551101685,4693,TGGGGG,2.8125,1493,CAGGGG,2.859375,1493,CAGGGG,2.859375,4693,TGGGGG,3.8034737372072414e-05,1493,CAGGGG,0.03831323981285095,2932,GCAGGC,0.12727198004722595,False,False,True,-0.000578906387090683,
12,18,29,head_0,recovery,0.00634765625,-0.2488182783126831,4693,TGGGGG,2.810546875,1493,CAGGGG,2.849609375,1493,CAGGGG,2.849609375,4693,TGGGGG,3.817397009697743e-05,1493,CAGGGG,0.037643082439899445,2932,GCAGGC,0.12615546584129333,False,False,True,-0.00012119859457015991,
12,19,29,head_0,recovery,0.0,-0.3421996831893921,4693,TGGGGG,2.80859375,1493,CAGGGG,2.849609375,1493,CAGGGG,2.849609375,4693,TGGGGG,3.8068661524448544e-05,1493,CAGGGG,0.03751058503985405,2932,GCAGGC,0.12609755992889404,False,False,True,1.2133270502090454e-05,
12,20,29,head_0,recovery,0.0,-0.2653142213821411,4693,TGGGGG,2.810546875,1493,CAGGGG,2.8515625,1493,CAGGGG,2.8515625,4693,TGGGGG,3.789707989199087e-05,1493,CAGGGG,0.037619419395923615,2932,GCAGGC,0.12649622559547424,False,False,True,8.573010563850403e-05,
12,21,29,head_0,recovery,0.00634765625,-0.22858333587646484,4693,TGGGGG,2.810546875,1493,CAGGGG,2.849609375,1493,CAGGGG,2.849609375,4693,TGGGGG,3.814129377133213e-05,1493,CAGGGG,0.037671737372875214,2932,GCAGGC,0.12602820992469788,False,False,True,0.00015798211097717285,
12,22,29,head_0,recovery,-0.005859375,-0.29348182678222656,4693,TGGGGG,2.8046875,1493,CAGGGG,2.84765625,1493,CAGGGG,2.84765625,4693,TGGGGG,3.7971451092744246e-05,1493,CAGGGG,0.03757955878973007,2932,GCAGGC,0.12613873183727264,False,False,True,-2.5816261768341064e-05,
12,23,29,head_0,recovery,0.0185546875,-0.27271342277526855,4693,TGGGGG,2.80859375,1493,CAGGGG,2.84375,1493,CAGGGG,2.84375,4693,TGGGGG,3.8043603126425296e-05,1493,CAGGGG,0.037609074264764786,2932,GCAGGC,0.12636497616767883,False,False,True,-0.00013777241110801697,
12,24,29,head_0,recovery,0.00634765625,-0.2473362684249878,4693,TGGGGG,2.810546875,1493,CAGGGG,2.849609375,1493,CAGGGG,2.849609375,4693,TGGGGG,3.8127163861645386e-05,1493,CAGGGG,0.037645138800144196,2932,GCAGGC,0.12618736922740936,False,False,True,-9.641051292419434e-05,
12,25,29,head_0,recovery,0.00634765625,-0.22766625881195068,4693,TGGGGG,2.810546875,1493,CAGGGG,2.849609375,1493,CAGGGG,2.849609375,4693,TGGGGG,3.79537814296782e-05,1493,CAGGGG,0.037672851234674454,2932,GCAGGC,0.1264711618423462,False,False,True,-7.174164056777954e-05,
12,26,29,head_0,recovery,0.0,-0.19109570980072021,4693,TGGGGG,2.80859375,1493,CAGGGG,2.849609375,1493,CAGGGG,2.849609375,4693,TGGGGG,3.793822179432027e-05,1493,CAGGGG,0.03772468492388725,2932,GCAGGC,0.12644051015377045,False,False,True,-0.00010013207793235779,
12,27,29,head_0,recovery,-0.005859375,-0.09268510341644287,4693,TGGGGG,2.810546875,1493,CAGGGG,2.853515625,1493,CAGGGG,2.853515625,4693,TGGGGG,3.794861549977213e-05,1493,CAGGGG,0.03786421939730644,2932,GCAGGC,0.12654271721839905,False,False,True,-0.00011502578854560852,
12,28,29,head_0,recovery,0.00634765625,-0.12609469890594482,4693,TGGGGG,2.8125,1493,CAGGGG,2.8515625,1493,CAGGGG,2.8515625,4693,TGGGGG,3.82079160772264e-05,1493,CAGGGG,0.03781710937619209,2932,GCAGGC,0.126601442694664,False,False,True,-0.00017140060663223267,
12,29,29,head_0,recovery,0.0,-0.17035889625549316,4693,TGGGGG,2.810546875,1493,CAGGGG,2.8515625,1493,CAGGGG,2.8515625,4693,TGGGGG,3.823193765128963e-05,1493,CAGGGG,0.03775437921285629,2932,GCAGGC,0.1263355165719986,False,False,True,-6.871297955513e-05,
12,30,29,head_0,recovery,0.00634765625,-0.11909747123718262,4693,TGGGGG,2.8125,1493,CAGGGG,2.8515625,1493,CAGGGG,2.8515625,4693,TGGGGG,3.8176538510015234e-05,1493,CAGGGG,0.03782700002193451,2932,GCAGGC,0.12679891288280487,False,False,True,-0.00011095032095909119,
12,31,29,head_0,recovery,0.0,-0.13819730281829834,4693,TGGGGG,2.80859375,1493,CAGGGG,2.849609375,1493,CAGGGG,2.849609375,4693,TGGGGG,3.804505831794813e-05,1493,CAGGGG,0.03779979050159454,2932,GCAGGC,0.12616750597953796,False,False,True,8.463859558105469e-06,
13,0,29,head_0,recovery,0.0,-0.18600869178771973,4693,TGGGGG,2.810546875,1493,CAGGGG,2.8515625,1493,CAGGGG,2.8515625,4693,TGGGGG,3.796924283960834e-05,1493,CAGGGG,0.03773192688822746,2932,GCAGGC,0.12616795301437378,False,False,True,-5.2716583013534546e-05,
13,1,29,head_0,recovery,0.0,-0.09469783306121826,4693,TGGGGG,2.810546875,1493,CAGGGG,2.8515625,1493,CAGGGG,2.8515625,4693,TGGGGG,3.7961970519972965e-05,1493,CAGGGG,0.037861377000808716,2932,GCAGGC,0.12638655304908752,False,False,True,-2.8625130653381348e-05,
13,2,29,head_0,recovery,0.00634765625,-0.1435103416442871,4693,TGGGGG,2.810546875,1493,CAGGGG,2.849609375,1493,CAGGGG,2.849609375,4693,TGGGGG,3.7982910725986585e-05,1493,CAGGGG,0.03779219463467598,2932,GCAGGC,0.1265585869550705,False,False,True,-4.842877388000488e-08,
13,3,29,head_0,recovery,0.0,-0.03652071952819824,4693,TGGGGG,2.810546875,1493,CAGGGG,2.8515625,1493,CAGGGG,2.8515625,4693,TGGGGG,3.8139547541504726e-05,1493,CAGGGG,0.03794403746724129,2932,GCAGGC,0.12654465436935425,False,False,True,3.2063573598861694e-05,
13,4,29,head_0,recovery,0.00634765625,-0.2072683572769165,4693,TGGGGG,2.810546875,1493,CAGGGG,2.849609375,1493,CAGGGG,2.849609375,4693,TGGGGG,3.805551023106091e-05,1493,CAGGGG,0.03770187124609947,2932,GCAGGC,0.12646819651126862,False,False,True,-4.302710294723511e-05,
13,5,29,head_0,recovery,0.01220703125,-0.3293718099594116,4693,TGGGGG,2.8125,1493,CAGGGG,2.849609375,1493,CAGGGG,2.849609375,4693,TGGGGG,3.8354439311660826e-05,1493,CAGGGG,0.03752905875444412,2932,GCAGGC,0.12585394084453583,False,False,True,-4.844740033149719e-05,
13,6,29,head_0,recovery,0.01220703125,-0.3218175172805786,4693,TGGGGG,2.814453125,1493,CAGGGG,2.8515625,1493,CAGGGG,2.8515625,4693,TGGGGG,3.8334939745254815e-05,1493,CAGGGG,0.03753974661231041,2932,GCAGGC,0.12631116807460785,False,False,True,-0.00010962039232254028,
13,7,29,head_0,recovery,0.00634765625,-0.07495427131652832,4693,TGGGGG,2.814453125,1493,CAGGGG,2.853515625,1493,CAGGGG,2.853515625,4693,TGGGGG,3.861647564917803e-05,1493,CAGGGG,0.03789002448320389,2932,GCAGGC,0.1263568103313446,False,False,True,-0.00027588754892349243,
13,8,29,head_0,recovery,0.00634765625,0.256128191947937,4693,TGGGGG,2.81640625,1493,CAGGGG,2.85546875,1493,CAGGGG,2.85546875,4693,TGGGGG,3.857869887724519e-05,1493,CAGGGG,0.038359384983778,2932,GCAGGC,0.1276743859052658,False,False,True,-0.0002634376287460327,
13,9,29,head_0,recovery,-0.0126953125,0.40854328870773315,4693,TGGGGG,2.814453125,1493,CAGGGG,2.859375,1493,CAGGGG,2.859375,4693,TGGGGG,3.820301571977325e-05,1493,CAGGGG,0.03857509791851044,2932,GCAGGC,0.12840020656585693,False,False,True,-0.00022470951080322266,
13,10,29,head_0,recovery,0.00634765625,0.1778448224067688,4693,TGGGGG,2.81640625,1493,CAGGGG,2.85546875,1493,CAGGGG,2.85546875,4693,TGGGGG,3.8370777474483475e-05,1493,CAGGGG,0.03824818879365921,2932,GCAGGC,0.1273120492696762,False,False,True,-0.0001248568296432495,
13,11,29,head_0,recovery,0.0185546875,0.019885480403900146,4693,TGGGGG,2.814453125,1493,CAGGGG,2.849609375,1493,CAGGGG,2.849609375,4693,TGGGGG,3.792465940932743e-05,1493,CAGGGG,0.03802379220724106,2932,GCAGGC,0.1280003935098648,False,False,True,-0.0006040073931217194,
13,12,29,head_0,recovery,0.01220703125,0.07107067108154297,4693,TGGGGG,2.8125,1493,CAGGGG,2.849609375,1493,CAGGGG,2.849609375,4693,TGGGGG,3.789337642956525e-05,1493,CAGGGG,0.03809633105993271,2932,GCAGGC,0.12758876383304596,False,False,True,-0.0005623959004878998,
13,13,29,head_0,recovery,0.00634765625,0.8467782139778137,4693,TGGGGG,2.81640625,1493,CAGGGG,2.85546875,1493,CAGGGG,2.85546875,4693,TGGGGG,3.775079676415771e-05,1493,CAGGGG,0.0391959622502327,2932,GCAGGC,0.12906886637210846,False,False,True,-0.0010376647114753723,
13,14,29,head_0,recovery,0.02490234375,0.5860176086425781,4693,TGGGGG,2.8203125,1493,CAGGGG,2.853515625,1493,CAGGGG,2.853515625,4693,TGGGGG,3.796695818891749e-05,1493,CAGGGG,0.03882648050785065,2932,GCAGGC,0.12617962062358856,False,False,True,-0.000784311443567276,
13,15,29,head_0,recovery,0.02490234375,0.5788049697875977,4693,TGGGGG,2.8203125,1493,CAGGGG,2.853515625,1493,CAGGGG,2.853515625,4693,TGGGGG,3.772409399971366e-05,1493,CAGGGG,0.03881600871682167,2932,GCAGGC,0.12773776054382324,False,False,True,-0.0015125758945941925,
13,16,29,head_0,recovery,0.03076171875,-0.10282754898071289,4693,TGGGGG,2.8125,1493,CAGGGG,2.84375,1493,CAGGGG,2.84375,4693,TGGGGG,3.786589513765648e-05,1493,CAGGGG,0.03784975782036781,2932,GCAGGC,0.12749814987182617,False,False,True,-0.0010748133063316345,
13,17,29,head_0,recovery,0.0,0.08291316032409668,4693,TGGGGG,2.8125,1493,CAGGGG,2.853515625,1493,CAGGGG,2.853515625,4693,TGGGGG,3.808531619142741e-05,1493,CAGGGG,0.0381133109331131,2932,GCAGGC,0.12852510809898376,False,False,True,-0.0008000694215297699,
13,18,29,head_0,recovery,0.00634765625,-0.0724344253540039,4693,TGGGGG,2.810546875,1493,CAGGGG,2.849609375,1493,CAGGGG,2.849609375,4693,TGGGGG,3.836912219412625e-05,1493,CAGGGG,0.037893351167440414,2932,GCAGGC,0.1267947554588318,False,False,True,0.00017474591732025146,
13,19,29,head_0,recovery,0.0,-0.2232283353805542,4693,TGGGGG,2.810546875,1493,CAGGGG,2.8515625,1493,CAGGGG,2.8515625,4693,TGGGGG,3.8214864616747946e-05,1493,CAGGGG,0.03767940402030945,2932,GCAGGC,0.12671144306659698,False,False,True,0.00010069087147712708,
13,20,29,head_0,recovery,0.0,-0.26191675662994385,4693,TGGGGG,2.810546875,1493,CAGGGG,2.8515625,1493,CAGGGG,2.8515625,4693,TGGGGG,3.809922782238573e-05,1493,CAGGGG,0.03762443736195564,2932,GCAGGC,0.12634718418121338,False,False,True,0.00014659762382507324,
13,21,29,head_0,recovery,0.0,-0.1253800392150879,4693,TGGGGG,2.810546875,1493,CAGGGG,2.8515625,1493,CAGGGG,2.8515625,4693,TGGGGG,3.8048834539949894e-05,1493,CAGGGG,0.03781796619296074,2932,GCAGGC,0.12656182050704956,False,False,True,-4.194676876068115e-05,
13,22,29,head_0,recovery,0.0,-0.2016611099243164,4693,TGGGGG,2.810546875,1493,CAGGGG,2.8515625,1493,CAGGGG,2.8515625,4693,TGGGGG,3.8169480831129476e-05,1493,CAGGGG,0.03770993649959564,2932,GCAGGC,0.1260501742362976,False,False,True,-3.342330455780029e-05,
13,23,29,head_0,recovery,-0.005859375,-0.020931243896484375,4693,TGGGGG,2.80859375,1493,CAGGGG,2.8515625,1493,CAGGGG,2.8515625,4693,TGGGGG,3.810937414527871e-05,1493,CAGGGG,0.037966109812259674,2932,GCAGGC,0.12654294073581696,False,False,True,-4.399940371513367e-05,
13,24,29,head_0,recovery,0.0,-0.05258035659790039,4693,TGGGGG,2.810546875,1493,CAGGGG,2.8515625,1493,CAGGGG,2.8515625,4693,TGGGGG,3.815042146015912e-05,1493,CAGGGG,0.03792127966880798,2932,GCAGGC,0.12634916603565216,False,False,True,3.7185847759246826e-05,
13,25,29,head_0,recovery,0.00634765625,-0.14473998546600342,4693,TGGGGG,2.8125,1493,CAGGGG,2.8515625,1493,CAGGGG,2.8515625,4693,TGGGGG,3.827517866739072e-05,1493,CAGGGG,0.03779074177145958,2932,GCAGGC,0.12623357772827148,False,False,True,5.13419508934021e-05,
13,26,29,head_0,recovery,0.0,-0.15429389476776123,4693,TGGGGG,2.810546875,1493,CAGGGG,2.8515625,1493,CAGGGG,2.8515625,4693,TGGGGG,3.7873731344006956e-05,1493,CAGGGG,0.037776798009872437,2932,GCAGGC,0.12664222717285156,False,False,True,1.6421079635620117e-05,
13,27,29,head_0,recovery,0.00634765625,-0.16014552116394043,4693,TGGGGG,2.8125,1493,CAGGGG,2.8515625,1493,CAGGGG,2.8515625,4693,TGGGGG,3.808168912655674e-05,1493,CAGGGG,0.03776870667934418,2932,GCAGGC,0.12623506784439087,False,False,True,-2.2761523723602295e-06,
13,28,29,head_0,recovery,0.00634765625,-0.123940110206604,4693,TGGGGG,2.810546875,1493,CAGGGG,2.849609375,1493,CAGGGG,2.849609375,4693,TGGGGG,3.811543865595013e-05,1493,CAGGGG,0.03782007470726967,2932,GCAGGC,0.1264646351337433,False,False,True,-5.958974361419678e-05,
13,29,29,head_0,recovery,0.00634765625,-0.14052534103393555,4693,TGGGGG,2.8125,1493,CAGGGG,2.8515625,1493,CAGGGG,2.8515625,4693,TGGGGG,3.813479270320386e-05,1493,CAGGGG,0.03779657930135727,2932,GCAGGC,0.1263667792081833,False,False,True,-3.8743019104003906e-05,
13,30,29,head_0,recovery,0.00634765625,-0.20676124095916748,4693,TGGGGG,2.810546875,1493,CAGGGG,2.849609375,1493,CAGGGG,2.849609375,4693,TGGGGG,3.820355050265789e-05,1493,CAGGGG,0.037702739238739014,2932,GCAGGC,0.12617427110671997,False,False,True,-7.439404726028442e-06,
13,31,29,head_0,recovery,0.00634765625,-0.1734856367111206,4693,TGGGGG,2.8125,1493,CAGGGG,2.8515625,1493,CAGGGG,2.8515625,4693,TGGGGG,3.820060010184534e-05,1493,CAGGGG,0.03774991258978844,2932,GCAGGC,0.126445934176445,False,False,True,-6.948783993721008e-05,
14,0,29,head_0,recovery,0.0,-0.08961343765258789,4693,TGGGGG,2.810546875,1493,CAGGGG,2.8515625,1493,CAGGGG,2.8515625,4693,TGGGGG,3.8215839595068246e-05,1493,CAGGGG,0.037868838757276535,2932,GCAGGC,0.12654657661914825,False,False,True,-4.505366086959839e-05,
14,1,29,head_0,recovery,0.0,-0.022870421409606934,4693,TGGGGG,2.810546875,1493,CAGGGG,2.8515625,1493,CAGGGG,2.8515625,4693,TGGGGG,3.807403481914662e-05,1493,CAGGGG,0.037963323295116425,2932,GCAGGC,0.12682746350765228,False,False,True,-6.128102540969849e-05,
14,2,29,head_0,recovery,0.00634765625,-0.04090607166290283,4693,TGGGGG,2.8125,1493,CAGGGG,2.8515625,1493,CAGGGG,2.8515625,4693,TGGGGG,3.8243510061874986e-05,1493,CAGGGG,0.03793792426586151,2932,GCAGGC,0.12650881707668304,False,False,True,-3.891065716743469e-05,
14,3,29,head_0,recovery,0.0,-0.06126976013183594,4693,TGGGGG,2.8125,1493,CAGGGG,2.853515625,1493,CAGGGG,2.853515625,4693,TGGGGG,3.824707891908474e-05,1493,CAGGGG,0.03790905699133873,2932,GCAGGC,0.12639133632183075,False,False,True,-7.243454456329346e-05,
14,4,29,head_0,recovery,0.00634765625,-0.10675311088562012,4693,TGGGGG,2.810546875,1493,CAGGGG,2.849609375,1493,CAGGGG,2.849609375,4693,TGGGGG,3.7925132346572354e-05,1493,CAGGGG,0.03784424811601639,2932,GCAGGC,0.12640652060508728,False,False,True,-5.5767595767974854e-05,
14,5,29,head_0,recovery,0.00634765625,-0.43026280403137207,4693,TGGGGG,2.810546875,1493,CAGGGG,2.849609375,1493,CAGGGG,2.849609375,4693,TGGGGG,3.766880035982467e-05,1493,CAGGGG,0.03738533332943916,2932,GCAGGC,0.12573789060115814,False,False,True,-0.0001341216266155243,
14,6,29,head_0,recovery,0.00634765625,-0.31198251247406006,4693,TGGGGG,2.814453125,1493,CAGGGG,2.853515625,1493,CAGGGG,2.853515625,4693,TGGGGG,3.743902198038995e-05,1493,CAGGGG,0.03755279630422592,2932,GCAGGC,0.12592779099941254,False,False,True,-4.2051076889038086e-05,
14,7,29,head_0,recovery,0.0,-0.32635796070098877,4693,TGGGGG,2.8125,1493,CAGGGG,2.853515625,1493,CAGGGG,2.853515625,4693,TGGGGG,3.745469803106971e-05,1493,CAGGGG,0.03753243014216423,2932,GCAGGC,0.1258748471736908,False,False,True,-4.1171908378601074e-05,
14,8,29,head_0,recovery,0.0,-0.24318468570709229,4693,TGGGGG,2.814453125,1493,CAGGGG,2.85546875,1493,CAGGGG,2.85546875,4693,TGGGGG,3.79182820324786e-05,1493,CAGGGG,0.03765081614255905,2932,GCAGGC,0.12591210007667542,False,False,True,-0.00012973695993423462,
14,9,29,head_0,recovery,0.0,-0.23596417903900146,4693,TGGGGG,2.80859375,1493,CAGGGG,2.849609375,1493,CAGGGG,2.849609375,4693,TGGGGG,3.7896759749855846e-05,1493,CAGGGG,0.037661030888557434,2932,GCAGGC,0.1263967752456665,False,False,True,-3.590434789657593e-05,
14,10,29,head_0,recovery,-0.0126953125,-0.06481707096099854,4693,TGGGGG,2.8046875,1493,CAGGGG,2.849609375,1493,CAGGGG,2.849609375,4693,TGGGGG,3.8257185224210843e-05,1493,CAGGGG,0.0379040390253067,2932,GCAGGC,0.12744936347007751,False,False,True,-0.00025762245059013367,
14,11,29,head_0,recovery,0.0185546875,-0.06649863719940186,4693,TGGGGG,2.80078125,1493,CAGGGG,2.8359375,1493,CAGGGG,2.8359375,4693,TGGGGG,3.845097671728581e-05,1493,CAGGGG,0.037901848554611206,2932,GCAGGC,0.12788811326026917,False,False,True,-0.00021330639719963074,
14,12,29,head_0,recovery,0.0,0.11698752641677856,4693,TGGGGG,2.80078125,1493,CAGGGG,2.841796875,1493,CAGGGG,2.841796875,4693,TGGGGG,3.8653644878650084e-05,1493,CAGGGG,0.03816219046711922,2932,GCAGGC,0.12793810665607452,False,False,True,-0.00019714608788490295,
14,13,29,head_0,recovery,-0.005859375,1.1860953569412231,4693,TGGGGG,2.810546875,1493,CAGGGG,2.853515625,1493,CAGGGG,2.853515625,4693,TGGGGG,3.8599166146013886e-05,1493,CAGGGG,0.039677880704402924,2932,GCAGGC,0.12792940437793732,False,False,True,-0.0005974806845188141,
14,14,29,head_0,recovery,-0.005859375,1.5622459650039673,4693,TGGGGG,2.80859375,1493,CAGGGG,2.8515625,1493,CAGGGG,2.8515625,4693,TGGGGG,3.830499554169364e-05,1493,CAGGGG,0.04021088033914566,2932,GCAGGC,0.12505461275577545,False,False,True,-0.001047275960445404,
14,15,29,head_0,recovery,-0.0244140625,1.6325887441635132,4693,TGGGGG,2.802734375,1493,CAGGGG,2.8515625,1493,CAGGGG,2.8515625,4693,TGGGGG,3.773051139432937e-05,1493,CAGGGG,0.04031003639101982,2932,GCAGGC,0.12540315091609955,False,False,True,-0.0013626329600811005,
14,16,29,head_0,recovery,-0.0185546875,0.5920820236206055,4693,TGGGGG,2.79296875,1493,CAGGGG,2.83984375,1493,CAGGGG,2.83984375,4693,TGGGGG,3.7424470065161586e-05,1493,CAGGGG,0.03883453458547592,2932,GCAGGC,0.12537851929664612,False,False,True,-0.0009735114872455597,
14,17,29,head_0,recovery,-0.0244140625,0.12863296270370483,4693,TGGGGG,2.8046875,1493,CAGGGG,2.853515625,1493,CAGGGG,2.853515625,4693,TGGGGG,3.757890226552263e-05,1493,CAGGGG,0.03817762807011604,2932,GCAGGC,0.12669384479522705,False,False,True,-0.0005193464457988739,
14,18,29,head_0,recovery,-0.04296875,0.4659768342971802,4693,TGGGGG,2.8125,1493,CAGGGG,2.8671875,1493,CAGGGG,2.8671875,4693,TGGGGG,3.7684007111238316e-05,1493,CAGGGG,0.03865600749850273,2932,GCAGGC,0.1273432970046997,False,False,True,-0.00048429518938064575,
14,19,29,head_0,recovery,-0.03125,0.49463844299316406,4693,TGGGGG,2.8125,1493,CAGGGG,2.86328125,1493,CAGGGG,2.86328125,4693,TGGGGG,3.772076524910517e-05,1493,CAGGGG,0.03869668021798134,2932,GCAGGC,0.12801331281661987,False,False,True,-0.0005546845495700836,
14,20,29,head_0,recovery,-0.0244140625,0.741047203540802,4693,TGGGGG,2.814453125,1493,CAGGGG,2.86328125,1493,CAGGGG,2.86328125,4693,TGGGGG,3.838606062345207e-05,1493,CAGGGG,0.039046693593263626,2932,GCAGGC,0.12908056378364563,False,False,True,-0.0005612000823020935,
14,21,29,head_0,recovery,-0.005859375,0.3666282296180725,4693,TGGGGG,2.810546875,1493,CAGGGG,2.853515625,1493,CAGGGG,2.853515625,4693,TGGGGG,3.8585832953685895e-05,1493,CAGGGG,0.038516055792570114,2932,GCAGGC,0.12764345109462738,False,False,True,-0.0002278946340084076,
14,22,29,head_0,recovery,0.0,0.062454819679260254,4693,TGGGGG,2.810546875,1493,CAGGGG,2.8515625,1493,CAGGGG,2.8515625,4693,TGGGGG,3.8457063055830076e-05,1493,CAGGGG,0.03808467835187912,2932,GCAGGC,0.12687617540359497,False,False,True,-0.00013464316725730896,
14,23,29,head_0,recovery,0.00634765625,-0.2409512996673584,4693,TGGGGG,2.80859375,1493,CAGGGG,2.84765625,1493,CAGGGG,2.84765625,4693,TGGGGG,3.819578341790475e-05,1493,CAGGGG,0.03765425831079483,2932,GCAGGC,0.12603703141212463,False,False,True,-8.415430784225464e-05,
14,24,29,head_0,recovery,0.00634765625,-0.22567451000213623,4693,TGGGGG,2.810546875,1493,CAGGGG,2.849609375,1493,CAGGGG,2.849609375,4693,TGGGGG,3.815770833170973e-05,1493,CAGGGG,0.0376758798956871,2932,GCAGGC,0.12588638067245483,False,False,True,-0.00016844645142555237,
14,25,29,head_0,recovery,0.0,-0.19857370853424072,4693,TGGGGG,2.80859375,1493,CAGGGG,2.849609375,1493,CAGGGG,2.849609375,4693,TGGGGG,3.807319444604218e-05,1493,CAGGGG,0.037714216858148575,2932,GCAGGC,0.12620113790035248,False,False,True,-8.511915802955627e-05,
14,26,29,head_0,recovery,0.0,-0.087027907371521,4693,TGGGGG,2.80859375,1493,CAGGGG,2.849609375,1493,CAGGGG,2.849609375,4693,TGGGGG,3.804892912739888e-05,1493,CAGGGG,0.03787234053015709,2932,GCAGGC,0.12680763006210327,False,False,True,2.7630478143692017e-05,
14,27,29,head_0,recovery,0.0,-0.08222997188568115,4693,TGGGGG,2.810546875,1493,CAGGGG,2.8515625,1493,CAGGGG,2.8515625,4693,TGGGGG,3.805344022111967e-05,1493,CAGGGG,0.03787914663553238,2932,GCAGGC,0.12632246315479279,False,False,True,2.5153160095214844e-05,
14,28,29,head_0,recovery,0.00634765625,-0.028170228004455566,4693,TGGGGG,2.810546875,1493,CAGGGG,2.849609375,1493,CAGGGG,2.849609375,4693,TGGGGG,3.822201324510388e-05,1493,CAGGGG,0.037955958396196365,2932,GCAGGC,0.12689189612865448,False,False,True,5.4351985454559326e-05,
14,29,29,head_0,recovery,0.0,0.07880622148513794,4693,TGGGGG,2.810546875,1493,CAGGGG,2.8515625,1493,CAGGGG,2.8515625,4693,TGGGGG,3.819654375547543e-05,1493,CAGGGG,0.038107600063085556,2932,GCAGGC,0.12692734599113464,False,False,True,3.3114105463027954e-05,
14,30,29,head_0,recovery,-0.005859375,0.08455801010131836,4693,TGGGGG,2.810546875,1493,CAGGGG,2.853515625,1493,CAGGGG,2.853515625,4693,TGGGGG,3.8121397665236145e-05,1493,CAGGGG,0.03811568021774292,2932,GCAGGC,0.12666209042072296,False,False,True,1.3481825590133667e-05,
14,31,29,head_0,recovery,0.0,0.012136757373809814,4693,TGGGGG,2.810546875,1493,CAGGGG,2.8515625,1493,CAGGGG,2.8515625,4693,TGGGGG,3.824455416179262e-05,1493,CAGGGG,0.03801312670111656,2932,GCAGGC,0.12671318650245667,False,False,True,1.1567026376724243e-05,
15,0,29,head_0,recovery,0.0,-0.12767648696899414,4693,TGGGGG,2.810546875,1493,CAGGGG,2.8515625,1493,CAGGGG,2.8515625,4693,TGGGGG,3.808856490650214e-05,1493,CAGGGG,0.03781474754214287,2932,GCAGGC,0.12630026042461395,False,False,True,-5.445629358291626e-05,
15,1,29,head_0,recovery,0.0,-0.0309370756149292,4693,TGGGGG,2.810546875,1493,CAGGGG,2.8515625,1493,CAGGGG,2.8515625,4693,TGGGGG,3.8001588109182194e-05,1493,CAGGGG,0.037951815873384476,2932,GCAGGC,0.12666334211826324,False,False,True,-2.0526349544525146e-05,
15,2,29,head_0,recovery,0.0,-0.08708047866821289,4693,TGGGGG,2.810546875,1493,CAGGGG,2.8515625,1493,CAGGGG,2.8515625,4693,TGGGGG,3.809477493632585e-05,1493,CAGGGG,0.0378723107278347,2932,GCAGGC,0.12647323310375214,False,False,True,-4.379451274871826e-05,
15,3,29,head_0,recovery,0.00634765625,-0.14987695217132568,4693,TGGGGG,2.8125,1493,CAGGGG,2.8515625,1493,CAGGGG,2.8515625,4693,TGGGGG,3.82777325285133e-05,1493,CAGGGG,0.037783462554216385,2932,GCAGGC,0.12626512348651886,False,False,True,-2.415478229522705e-05,
15,4,29,head_0,recovery,0.00634765625,-0.25429677963256836,4693,TGGGGG,2.810546875,1493,CAGGGG,2.849609375,1493,CAGGGG,2.849609375,4693,TGGGGG,3.8009628042345867e-05,1493,CAGGGG,0.03763515129685402,2932,GCAGGC,0.1261962503194809,False,False,True,-0.00010212510824203491,
15,5,29,head_0,recovery,0.00634765625,-0.20790421962738037,4693,TGGGGG,2.810546875,1493,CAGGGG,2.849609375,1493,CAGGGG,2.849609375,4693,TGGGGG,3.828190529020503e-05,1493,CAGGGG,0.03770119696855545,2932,GCAGGC,0.12600558996200562,False,False,True,-6.835535168647766e-05,
15,6,29,head_0,recovery,0.0,-0.15040504932403564,4693,TGGGGG,2.810546875,1493,CAGGGG,2.8515625,1493,CAGGGG,2.8515625,4693,TGGGGG,3.812472277786583e-05,1493,CAGGGG,0.03778256103396416,2932,GCAGGC,0.12628908455371857,False,False,True,-8.270144462585449e-05,
15,7,29,head_0,recovery,0.00634765625,-0.0965660810470581,4693,TGGGGG,2.8125,1493,CAGGGG,2.8515625,1493,CAGGGG,2.8515625,4693,TGGGGG,3.852399095194414e-05,1493,CAGGGG,0.03785929083824158,2932,GCAGGC,0.12670397758483887,False,False,True,-7.579848170280457e-05,
15,8,29,head_0,recovery,0.00634765625,-0.10545778274536133,4693,TGGGGG,2.810546875,1493,CAGGGG,2.849609375,1493,CAGGGG,2.849609375,4693,TGGGGG,3.8219404814299196e-05,1493,CAGGGG,0.03784637898206711,2932,GCAGGC,0.12686000764369965,False,False,True,-0.0001833885908126831,
15,9,29,head_0,recovery,0.00634765625,-0.15944385528564453,4693,TGGGGG,2.810546875,1493,CAGGGG,2.849609375,1493,CAGGGG,2.849609375,4693,TGGGGG,3.796714736381546e-05,1493,CAGGGG,0.03776958957314491,2932,GCAGGC,0.12700699269771576,False,False,True,-0.0002613067626953125,
15,10,29,head_0,recovery,0.0615234375,-0.9672629833221436,4693,TGGGGG,2.830078125,1493,CAGGGG,2.8515625,853,AGGGGG,2.8515625,4693,TGGGGG,3.821842619800009e-05,1493,CAGGGG,0.03662453964352608,2932,GCAGGC,0.12379903346300125,False,False,True,-0.00011147186160087585,
15,11,29,head_0,recovery,0.06787109375,-1.6096606254577637,4693,TGGGGG,2.8203125,1493,CAGGGG,2.83984375,853,AGGGGG,2.85546875,4693,TGGGGG,3.847883635899052e-05,1493,CAGGGG,0.035714030265808105,2932,GCAGGC,0.12300657480955124,False,False,True,-0.00033373013138771057,
15,12,29,head_0,recovery,0.08642578125,-0.9767801761627197,4693,TGGGGG,2.8203125,1493,CAGGGG,2.833984375,853,AGGGGG,2.8671875,4693,TGGGGG,3.8873466110089794e-05,1493,CAGGGG,0.03661170229315758,2932,GCAGGC,0.12325622141361237,False,False,True,-0.00037756189703941345,
15,13,29,head_0,recovery,0.00634765625,-0.21270751953125,4693,TGGGGG,2.80859375,1493,CAGGGG,2.84765625,1493,CAGGGG,2.84765625,4693,TGGGGG,3.903703691321425e-05,1493,CAGGGG,0.03769514337182045,2932,GCAGGC,0.1328296959400177,False,False,True,-9.825080633163452e-05,
15,14,29,head_0,recovery,0.0185546875,-0.008707761764526367,4693,TGGGGG,2.82421875,1493,CAGGGG,2.859375,1493,CAGGGG,2.859375,4693,TGGGGG,3.828955959761515e-05,1493,CAGGGG,0.037983618676662445,2932,GCAGGC,0.13396677374839783,False,False,True,0.00014703720808029175,
15,15,29,head_0,recovery,-0.037109375,-0.3984954357147217,4693,TGGGGG,2.822265625,1493,CAGGGG,2.875,1493,CAGGGG,2.875,4693,TGGGGG,3.639709029812366e-05,1493,CAGGGG,0.037429098039865494,2932,GCAGGC,0.13500140607357025,False,False,True,-0.0011916160583496094,
15,16,29,head_0,recovery,-0.0244140625,-0.3863980770111084,4693,TGGGGG,2.814453125,1493,CAGGGG,2.86328125,1493,CAGGGG,2.86328125,4693,TGGGGG,3.573900175979361e-05,1493,CAGGGG,0.03744559362530708,2932,GCAGGC,0.1277482807636261,False,False,True,-0.0017399229109287262,
15,17,29,head_0,recovery,-0.04296875,0.4376673698425293,4693,TGGGGG,2.80859375,1493,CAGGGG,2.86328125,1493,CAGGGG,2.86328125,4693,TGGGGG,3.576930612325668e-05,1493,CAGGGG,0.03861395642161369,2932,GCAGGC,0.12879259884357452,False,False,True,-0.0020923838019371033,
15,18,29,head_0,recovery,0.00634765625,0.15790939331054688,4693,TGGGGG,2.8125,1493,CAGGGG,2.8515625,1493,CAGGGG,2.8515625,4693,TGGGGG,3.767324233194813e-05,1493,CAGGGG,0.03821922838687897,2932,GCAGGC,0.12748965620994568,False,False,True,-0.0007333233952522278,
15,19,29,head_0,recovery,0.01220703125,0.12447088956832886,4693,TGGGGG,2.8125,1493,CAGGGG,2.849609375,1493,CAGGGG,2.849609375,4693,TGGGGG,3.790501432376914e-05,1493,CAGGGG,0.038172051310539246,2932,GCAGGC,0.12740808725357056,False,False,True,-0.0005837045609951019,
15,20,29,head_0,recovery,0.0,-0.14221227169036865,4693,TGGGGG,2.80859375,1493,CAGGGG,2.849609375,1493,CAGGGG,2.849609375,4693,TGGGGG,3.786835077335127e-05,1493,CAGGGG,0.03779391944408417,2932,GCAGGC,0.12600938975811005,False,False,True,-0.00027669966220855713,
15,21,29,head_0,recovery,0.0,-0.12258422374725342,4693,TGGGGG,2.80859375,1493,CAGGGG,2.849609375,1493,CAGGGG,2.849609375,4693,TGGGGG,3.7995920138200745e-05,1493,CAGGGG,0.037821874022483826,2932,GCAGGC,0.1264706552028656,False,False,True,-0.00023079663515090942,
15,22,29,head_0,recovery,0.0,-0.1542149782180786,4693,TGGGGG,2.810546875,1493,CAGGGG,2.8515625,1493,CAGGGG,2.8515625,4693,TGGGGG,3.8033798773540184e-05,1493,CAGGGG,0.037777069956064224,2932,GCAGGC,0.12630927562713623,False,False,True,-0.0001889057457447052,
15,23,29,head_0,recovery,0.0,-0.20657730102539062,4693,TGGGGG,2.810546875,1493,CAGGGG,2.8515625,1493,CAGGGG,2.8515625,4693,TGGGGG,3.8046044210204855e-05,1493,CAGGGG,0.03770284354686737,2932,GCAGGC,0.12605147063732147,False,False,True,-7.429346442222595e-05,
15,24,29,head_0,recovery,0.0,-0.08185422420501709,4693,TGGGGG,2.810546875,1493,CAGGGG,2.8515625,1493,CAGGGG,2.8515625,4693,TGGGGG,3.8054560718592256e-05,1493,CAGGGG,0.03787967935204506,2932,GCAGGC,0.12642836570739746,False,False,True,-1.763179898262024e-05,
15,25,29,head_0,recovery,0.0,-0.004900455474853516,4693,TGGGGG,2.8125,1493,CAGGGG,2.853515625,1493,CAGGGG,2.853515625,4693,TGGGGG,3.8138608942972496e-05,1493,CAGGGG,0.03798886761069298,2932,GCAGGC,0.12650291621685028,False,False,True,-3.98978590965271e-06,
15,26,29,head_0,recovery,0.00634765625,-0.1491779088973999,4693,TGGGGG,2.8125,1493,CAGGGG,2.8515625,1493,CAGGGG,2.8515625,4693,TGGGGG,3.823900988209061e-05,1493,CAGGGG,0.03778441622853279,2932,GCAGGC,0.12626637518405914,False,False,True,-4.018843173980713e-05,
15,27,29,head_0,recovery,0.0,-0.17084228992462158,4693,TGGGGG,2.810546875,1493,CAGGGG,2.8515625,1493,CAGGGG,2.8515625,4693,TGGGGG,3.810535417869687e-05,1493,CAGGGG,0.03775356709957123,2932,GCAGGC,0.12601321935653687,False,False,True,-5.29363751411438e-06,
15,28,29,head_0,recovery,0.0,-0.1522364616394043,4693,TGGGGG,2.810546875,1493,CAGGGG,2.8515625,1493,CAGGGG,2.8515625,4693,TGGGGG,3.823753650067374e-05,1493,CAGGGG,0.03778007626533508,2932,GCAGGC,0.1262769252061844,False,False,True,-2.6240944862365723e-05,
15,29,29,head_0,recovery,0.0,-0.11157214641571045,4693,TGGGGG,2.810546875,1493,CAGGGG,2.8515625,1493,CAGGGG,2.8515625,4693,TGGGGG,3.812031354755163e-05,1493,CAGGGG,0.03783761337399483,2932,GCAGGC,0.12624943256378174,False,False,True,-8.713826537132263e-05,
15,30,29,head_0,recovery,0.0,-0.10779893398284912,4693,TGGGGG,2.810546875,1493,CAGGGG,2.8515625,1493,CAGGGG,2.8515625,4693,TGGGGG,3.8189220504136756e-05,1493,CAGGGG,0.03784302994608879,2932,GCAGGC,0.12617890536785126,False,False,True,-8.511915802955627e-05,
15,31,29,head_0,recovery,0.0,-0.10014736652374268,4693,TGGGGG,2.810546875,1493,CAGGGG,2.8515625,1493,CAGGGG,2.8515625,4693,TGGGGG,3.815121090156026e-05,1493,CAGGGG,0.03785384073853493,2932,GCAGGC,0.12652155756950378,False,False,True,-0.00013702735304832458,
16,0,29,head_0,recovery,0.00634765625,-0.021561861038208008,4693,TGGGGG,2.8125,1493,CAGGGG,2.8515625,1493,CAGGGG,2.8515625,4693,TGGGGG,3.8203445001272485e-05,1493,CAGGGG,0.037965308874845505,2932,GCAGGC,0.12635503709316254,False,False,True,-2.0097941160202026e-05,
16,1,29,head_0,recovery,0.0,0.004929304122924805,4693,TGGGGG,2.810546875,1493,CAGGGG,2.8515625,1493,CAGGGG,2.8515625,4693,TGGGGG,3.8147365557961166e-05,1493,CAGGGG,0.03800281137228012,2932,GCAGGC,0.12638145685195923,False,False,True,-2.314150333404541e-05,
16,2,29,head_0,recovery,0.0,-0.013773798942565918,4693,TGGGGG,2.810546875,1493,CAGGGG,2.8515625,1493,CAGGGG,2.8515625,4693,TGGGGG,3.812364229816012e-05,1493,CAGGGG,0.03797627240419388,2932,GCAGGC,0.1265304684638977,False,False,True,-2.9552727937698364e-05,
16,3,29,head_0,recovery,0.0,-0.029618024826049805,4693,TGGGGG,2.810546875,1493,CAGGGG,2.8515625,1493,CAGGGG,2.8515625,4693,TGGGGG,3.8090027373982593e-05,1493,CAGGGG,0.03795377537608147,2932,GCAGGC,0.1263764351606369,False,False,True,-3.210827708244324e-05,
16,4,29,head_0,recovery,0.0,0.06133025884628296,4693,TGGGGG,2.8125,1493,CAGGGG,2.853515625,1493,CAGGGG,2.853515625,4693,TGGGGG,3.82049402105622e-05,1493,CAGGGG,0.03808283433318138,2932,GCAGGC,0.1260172426700592,False,False,True,-9.689480066299438e-06,
16,5,29,head_0,recovery,0.0,0.039726316928863525,4693,TGGGGG,2.810546875,1493,CAGGGG,2.8515625,1493,CAGGGG,2.8515625,4693,TGGGGG,3.8078705983934924e-05,1493,CAGGGG,0.03805207833647728,2932,GCAGGC,0.1266322284936905,False,False,True,-2.956390380859375e-05,
16,6,29,head_0,recovery,0.0,0.0518762469291687,4693,TGGGGG,2.8125,1493,CAGGGG,2.853515625,1493,CAGGGG,2.853515625,4693,TGGGGG,3.8196139939827845e-05,1493,CAGGGG,0.03806941956281662,2932,GCAGGC,0.12641187012195587,False,False,True,1.4312565326690674e-05,
16,7,29,head_0,recovery,0.0,-0.0020862817764282227,4693,TGGGGG,2.8125,1493,CAGGGG,2.853515625,1493,CAGGGG,2.853515625,4693,TGGGGG,3.8372792914742604e-05,1493,CAGGGG,0.037993092089891434,2932,GCAGGC,0.12620462477207184,False,False,True,-1.255422830581665e-06,
16,8,29,head_0,recovery,0.00634765625,-0.10665857791900635,4693,TGGGGG,2.8125,1493,CAGGGG,2.8515625,1493,CAGGGG,2.8515625,4693,TGGGGG,3.834921881207265e-05,1493,CAGGGG,0.03784480690956116,2932,GCAGGC,0.1262580156326294,False,False,True,8.52346420288086e-06,
16,9,29,head_0,recovery,0.0,-0.039389967918395996,4693,TGGGGG,2.810546875,1493,CAGGGG,2.8515625,1493,CAGGGG,2.8515625,4693,TGGGGG,3.82007347070612e-05,1493,CAGGGG,0.03794002905488014,2932,GCAGGC,0.12631908059120178,False,False,True,-1.4502555131912231e-05,
16,10,29,head_0,recovery,-0.005859375,0.1105683445930481,4693,TGGGGG,2.80859375,1493,CAGGGG,2.8515625,1493,CAGGGG,2.8515625,4693,TGGGGG,3.8084959669504315e-05,1493,CAGGGG,0.03815251961350441,2932,GCAGGC,0.12654098868370056,False,False,True,-5.116313695907593e-05,
16,11,29,head_0,recovery,0.0,0.018545448780059814,4693,TGGGGG,2.80859375,1493,CAGGGG,2.849609375,1493,CAGGGG,2.849609375,4693,TGGGGG,3.801842831308022e-05,1493,CAGGGG,0.038021985441446304,2932,GCAGGC,0.12691493332386017,False,False,True,-2.8848648071289062e-05,
16,12,29,head_0,recovery,-0.005859375,0.16056060791015625,4693,TGGGGG,2.8046875,1493,CAGGGG,2.84765625,1493,CAGGGG,2.84765625,4693,TGGGGG,3.7619462091242895e-05,1493,CAGGGG,0.03822293132543564,2932,GCAGGC,0.12768696248531342,False,False,True,-6.787851452827454e-05,
16,13,29,head_0,recovery,0.0,0.16918957233428955,4693,TGGGGG,2.810546875,1493,CAGGGG,2.8515625,1493,CAGGGG,2.8515625,4693,TGGGGG,3.7694779166486114e-05,1493,CAGGGG,0.038235243409872055,2932,GCAGGC,0.12706328928470612,False,False,True,-9.883567690849304e-05,
16,14,29,head_0,recovery,0.0185546875,-0.07864856719970703,4693,TGGGGG,2.81640625,1493,CAGGGG,2.8515625,853,AGGGGG,2.861328125,4693,TGGGGG,3.784412547247484e-05,1493,CAGGGG,0.03788401558995247,2932,GCAGGC,0.12590953707695007,False,False,True,-0.00019218772649765015,
16,15,29,head_0,recovery,0.04296875,-0.08599793910980225,4693,TGGGGG,2.822265625,1493,CAGGGG,2.849609375,853,AGGGGG,2.86328125,4693,TGGGGG,3.8270067307166755e-05,1493,CAGGGG,0.037874020636081696,2932,GCAGGC,0.12440599501132965,False,False,True,-0.00011598318815231323,
16,16,29,head_0,recovery,0.03076171875,-0.05571770668029785,4693,TGGGGG,2.81640625,1493,CAGGGG,2.84765625,1493,CAGGGG,2.84765625,4693,TGGGGG,3.8169833715073764e-05,1493,CAGGGG,0.03791685029864311,2932,GCAGGC,0.12520790100097656,False,False,True,-0.00012962520122528076,
16,17,29,head_0,recovery,0.0185546875,0.08886724710464478,4693,TGGGGG,2.8125,1493,CAGGGG,2.84765625,1493,CAGGGG,2.84765625,4693,TGGGGG,3.841914440272376e-05,1493,CAGGGG,0.038122087717056274,2932,GCAGGC,0.12528391182422638,False,False,True,2.63899564743042e-05,
16,18,29,head_0,recovery,0.0,0.1532244086265564,4693,TGGGGG,2.810546875,1493,CAGGGG,2.8515625,1493,CAGGGG,2.8515625,4693,TGGGGG,3.841660509351641e-05,1493,CAGGGG,0.038213327527046204,2932,GCAGGC,0.1267407387495041,False,False,True,5.619227886199951e-05,
16,19,29,head_0,recovery,0.0,0.21007466316223145,4693,TGGGGG,2.810546875,1493,CAGGGG,2.8515625,1493,CAGGGG,2.8515625,4693,TGGGGG,3.847241896437481e-05,1493,CAGGGG,0.0382939837872982,2932,GCAGGC,0.12711292505264282,False,False,True,1.626834273338318e-05,
16,20,29,head_0,recovery,0.0,0.2837597727775574,4693,TGGGGG,2.8125,1493,CAGGGG,2.853515625,1493,CAGGGG,2.853515625,4693,TGGGGG,3.857215779135004e-05,1493,CAGGGG,0.03839855268597603,2932,GCAGGC,0.12727542221546173,False,False,True,-2.6289373636245728e-05,
16,21,29,head_0,recovery,0.00634765625,0.11333781480789185,4693,TGGGGG,2.8125,1493,CAGGGG,2.8515625,1493,CAGGGG,2.8515625,4693,TGGGGG,3.823573570116423e-05,1493,CAGGGG,0.038156598806381226,2932,GCAGGC,0.12691807746887207,False,False,True,-4.706159234046936e-05,
16,22,29,head_0,recovery,0.0,0.005042314529418945,4693,TGGGGG,2.810546875,1493,CAGGGG,2.8515625,1493,CAGGGG,2.8515625,4693,TGGGGG,3.82303333026357e-05,1493,CAGGGG,0.03800305351614952,2932,GCAGGC,0.1263880431652069,False,False,True,1.4603137969970703e-05,
16,23,29,head_0,recovery,0.00634765625,-0.004532575607299805,4693,TGGGGG,2.8125,1493,CAGGGG,2.8515625,1493,CAGGGG,2.8515625,4693,TGGGGG,3.822659346042201e-05,1493,CAGGGG,0.03798947483301163,2932,GCAGGC,0.12640269100666046,False,False,True,-1.3329088687896729e-05,
16,24,29,head_0,recovery,0.0,0.05271703004837036,4693,TGGGGG,2.810546875,1493,CAGGGG,2.8515625,1493,CAGGGG,2.8515625,4693,TGGGGG,3.820084020844661e-05,1493,CAGGGG,0.038070615381002426,2932,GCAGGC,0.12654322385787964,False,False,True,1.7151236534118652e-05,
16,25,29,head_0,recovery,0.0,0.04294770956039429,4693,TGGGGG,2.810546875,1493,CAGGGG,2.8515625,1493,CAGGGG,2.8515625,4693,TGGGGG,3.822719008894637e-05,1493,CAGGGG,0.03805679455399513,2932,GCAGGC,0.12643937766551971,False,False,True,-2.183765172958374e-05,
16,26,29,head_0,recovery,0.0,0.06995654106140137,4693,TGGGGG,2.80859375,1493,CAGGGG,2.849609375,1493,CAGGGG,2.849609375,4693,TGGGGG,3.810823545791209e-05,1493,CAGGGG,0.03809496760368347,2932,GCAGGC,0.12673820555210114,False,False,True,-1.0993331670761108e-05,
16,27,29,head_0,recovery,0.0,0.04442179203033447,4693,TGGGGG,2.810546875,1493,CAGGGG,2.8515625,1493,CAGGGG,2.8515625,4693,TGGGGG,3.816921525867656e-05,1493,CAGGGG,0.038058824837207794,2932,GCAGGC,0.12683260440826416,False,False,True,-2.3655593395233154e-05,
16,28,29,head_0,recovery,0.0,0.02359563112258911,4693,TGGGGG,2.810546875,1493,CAGGGG,2.8515625,1493,CAGGGG,2.8515625,4693,TGGGGG,3.814249066635966e-05,1493,CAGGGG,0.038029272109270096,2932,GCAGGC,0.12645982205867767,False,False,True,3.255903720855713e-06,
16,29,29,head_0,recovery,0.0,0.031176209449768066,4693,TGGGGG,2.810546875,1493,CAGGGG,2.8515625,1493,CAGGGG,2.8515625,4693,TGGGGG,3.812939758063294e-05,1493,CAGGGG,0.038040004670619965,2932,GCAGGC,0.12649936974048615,False,False,True,1.9069761037826538e-05,
16,30,29,head_0,recovery,0.0,-0.031601905822753906,4693,TGGGGG,2.810546875,1493,CAGGGG,2.8515625,1493,CAGGGG,2.8515625,4693,TGGGGG,3.808893961831927e-05,1493,CAGGGG,0.03795095905661583,2932,GCAGGC,0.12631884217262268,False,False,True,5.6996941566467285e-06,
16,31,29,head_0,recovery,0.0,0.017943739891052246,4693,TGGGGG,2.810546875,1493,CAGGGG,2.8515625,1493,CAGGGG,2.8515625,4693,TGGGGG,3.8116395444376394e-05,1493,CAGGGG,0.038021232932806015,2932,GCAGGC,0.1264793872833252,False,False,True,1.2516975402832031e-05,
17,0,29,head_0,recovery,0.0,-8.14199447631836e-05,4693,TGGGGG,2.810546875,1493,CAGGGG,2.8515625,1493,CAGGGG,2.8515625,4693,TGGGGG,3.806517634075135e-05,1493,CAGGGG,0.03799562528729439,2932,GCAGGC,0.1262669861316681,False,False,True,3.98978590965271e-06,
17,1,29,head_0,recovery,0.0,-0.00010251998901367188,4693,TGGGGG,2.810546875,1493,CAGGGG,2.8515625,1493,CAGGGG,2.8515625,4693,TGGGGG,3.8077931094449013e-05,1493,CAGGGG,0.037995606660842896,2932,GCAGGC,0.12626692652702332,False,False,True,-3.2819807529449463e-06,
17,2,29,head_0,recovery,0.0,-9.465217590332031e-05,4693,TGGGGG,2.810546875,1493,CAGGGG,2.8515625,1493,CAGGGG,2.8515625,4693,TGGGGG,3.807910979958251e-05,1493,CAGGGG,0.03799562156200409,2932,GCAGGC,0.1262669712305069,False,False,True,-5.554407835006714e-06,
17,3,29,head_0,recovery,0.0,-0.0003783702850341797,4693,TGGGGG,2.810546875,1493,CAGGGG,2.8515625,1493,CAGGGG,2.8515625,4693,TGGGGG,3.810662747127935e-05,1493,CAGGGG,0.037995245307683945,2932,GCAGGC,0.1262618750333786,False,False,True,6.489455699920654e-06,
17,4,29,head_0,recovery,0.0,-0.00016558170318603516,4693,TGGGGG,2.810546875,1493,CAGGGG,2.8515625,1493,CAGGGG,2.8515625,4693,TGGGGG,3.811507849604823e-05,1493,CAGGGG,0.03799555450677872,2932,GCAGGC,0.12625905871391296,False,False,True,1.012161374092102e-05,
17,5,29,head_0,recovery,0.0,-0.001087784767150879,4693,TGGGGG,2.810546875,1493,CAGGGG,2.8515625,1493,CAGGGG,2.8515625,4693,TGGGGG,3.808234760072082e-05,1493,CAGGGG,0.03799421712756157,2932,GCAGGC,0.12626616656780243,False,False,True,-1.8738210201263428e-06,
17,6,29,head_0,recovery,0.0,-0.000956416130065918,4693,TGGGGG,2.810546875,1493,CAGGGG,2.8515625,1493,CAGGGG,2.8515625,4693,TGGGGG,3.809533154708333e-05,1493,CAGGGG,0.03799441456794739,2932,GCAGGC,0.12625910341739655,False,False,True,-1.0721385478973389e-05,
17,7,29,head_0,recovery,0.0,0.0014320015907287598,4693,TGGGGG,2.810546875,1493,CAGGGG,2.8515625,1493,CAGGGG,2.8515625,4693,TGGGGG,3.82024263672065e-05,1493,CAGGGG,0.037997908890247345,2932,GCAGGC,0.1262514442205429,False,False,True,-8.784234523773193e-06,
17,8,29,head_0,recovery,0.0,0.02036106586456299,4693,TGGGGG,2.810546875,1493,CAGGGG,2.8515625,1493,CAGGGG,2.8515625,4693,TGGGGG,3.829720299108885e-05,1493,CAGGGG,0.038024839013814926,2932,GCAGGC,0.12629275023937225,False,False,True,-6.701797246932983e-06,
17,9,29,head_0,recovery,0.0,0.040162503719329834,4693,TGGGGG,2.810546875,1493,CAGGGG,2.8515625,1493,CAGGGG,2.8515625,4693,TGGGGG,3.8242491427809e-05,1493,CAGGGG,0.03805286064743996,2932,GCAGGC,0.1263761818408966,False,False,True,-9.950250387191772e-06,
17,10,29,head_0,recovery,0.0,0.03562730550765991,4693,TGGGGG,2.810546875,1493,CAGGGG,2.8515625,1493,CAGGGG,2.8515625,4693,TGGGGG,3.8338330341503024e-05,1493,CAGGGG,0.03804652392864227,2932,GCAGGC,0.1262606978416443,False,False,True,-1.6469508409500122e-05,
17,11,29,head_0,recovery,0.0,0.12456810474395752,4693,TGGGGG,2.810546875,1493,CAGGGG,2.8515625,1493,CAGGGG,2.8515625,4693,TGGGGG,3.834645031020045e-05,1493,CAGGGG,0.038172632455825806,2932,GCAGGC,0.1265265941619873,False,False,True,-3.5040080547332764e-05,
17,12,29,head_0,recovery,0.0,0.14950114488601685,4693,TGGGGG,2.810546875,1493,CAGGGG,2.8515625,1493,CAGGGG,2.8515625,4693,TGGGGG,3.841129728243686e-05,1493,CAGGGG,0.038208045065402985,2932,GCAGGC,0.12645474076271057,False,False,True,-3.29725444316864e-05,
17,13,29,head_0,recovery,-0.04296875,0.3513961434364319,4693,TGGGGG,2.8046875,1493,CAGGGG,2.859375,1493,CAGGGG,2.859375,4693,TGGGGG,3.782986823352985e-05,1493,CAGGGG,0.03849370405077934,2932,GCAGGC,0.12618900835514069,False,False,True,-4.892796277999878e-05,
17,14,29,head_0,recovery,-0.04296875,0.37703341245651245,4693,TGGGGG,2.8046875,1493,CAGGGG,2.859375,1493,CAGGGG,2.859375,4693,TGGGGG,3.76879506802652e-05,1493,CAGGGG,0.038529910147190094,2932,GCAGGC,0.1266898810863495,False,False,True,-5.111098289489746e-05,
17,15,29,head_0,recovery,-0.04296875,0.41163331270217896,4693,TGGGGG,2.8046875,1493,CAGGGG,2.859375,1493,CAGGGG,2.859375,4693,TGGGGG,3.747011942323297e-05,1493,CAGGGG,0.03857874497771263,2932,GCAGGC,0.12745384871959686,False,False,True,-6.265193223953247e-05,
17,16,29,head_0,recovery,0.0,0.23191505670547485,4693,TGGGGG,2.810546875,1493,CAGGGG,2.8515625,1493,CAGGGG,2.8515625,4693,TGGGGG,3.783736246987246e-05,1493,CAGGGG,0.03832431510090828,2932,GCAGGC,0.12794753909111023,False,False,True,-6.838515400886536e-05,
17,17,29,head_0,recovery,0.0,0.237737774848938,4693,TGGGGG,2.810546875,1493,CAGGGG,2.8515625,1493,CAGGGG,2.8515625,4693,TGGGGG,3.80465789930895e-05,1493,CAGGGG,0.038332778960466385,2932,GCAGGC,0.12767541408538818,False,False,True,-8.63783061504364e-05,
17,18,29,head_0,recovery,0.0,0.1640920639038086,4693,TGGGGG,2.810546875,1493,CAGGGG,2.8515625,1493,CAGGGG,2.8515625,4693,TGGGGG,3.823250517598353e-05,1493,CAGGGG,0.03822855278849602,2932,GCAGGC,0.1269093006849289,False,False,True,-0.00020151212811470032,
17,19,29,head_0,recovery,0.0,0.17231637239456177,4693,TGGGGG,2.810546875,1493,CAGGGG,2.8515625,1493,CAGGGG,2.8515625,4693,TGGGGG,3.824709710897878e-05,1493,CAGGGG,0.0382402278482914,2932,GCAGGC,0.1269248127937317,False,False,True,-0.00019666552543640137,
17,20,29,head_0,recovery,0.0,0.07204025983810425,4693,TGGGGG,2.810546875,1493,CAGGGG,2.8515625,1493,CAGGGG,2.8515625,4693,TGGGGG,3.814438241533935e-05,1493,CAGGGG,0.03809795528650284,2932,GCAGGC,0.1265413761138916,False,False,True,-0.0001847781240940094,
17,21,29,head_0,recovery,0.0,0.08027243614196777,4693,TGGGGG,2.810546875,1493,CAGGGG,2.8515625,1493,CAGGGG,2.8515625,4693,TGGGGG,3.815141462837346e-05,1493,CAGGGG,0.038109634071588516,2932,GCAGGC,0.1265840381383896,False,False,True,-7.142871618270874e-05,
17,22,29,head_0,recovery,0.0,0.043365478515625,4693,TGGGGG,2.810546875,1493,CAGGGG,2.8515625,1493,CAGGGG,2.8515625,4693,TGGGGG,3.811528586084023e-05,1493,CAGGGG,0.038057271391153336,2932,GCAGGC,0.12643517553806305,False,False,True,-6.112083792686462e-05,
17,23,29,head_0,recovery,0.0,0.019696295261383057,4693,TGGGGG,2.810546875,1493,CAGGGG,2.8515625,1493,CAGGGG,2.8515625,4693,TGGGGG,3.809212284977548e-05,1493,CAGGGG,0.038023691624403,2932,GCAGGC,0.12632940709590912,False,False,True,-4.4226646423339844e-05,
17,24,29,head_0,recovery,0.0,0.019047319889068604,4693,TGGGGG,2.810546875,1493,CAGGGG,2.8515625,1493,CAGGGG,2.8515625,4693,TGGGGG,3.809062036452815e-05,1493,CAGGGG,0.03802277147769928,2932,GCAGGC,0.1263340562582016,False,False,True,-2.3618340492248535e-05,
17,25,29,head_0,recovery,0.0,0.02319622039794922,4693,TGGGGG,2.810546875,1493,CAGGGG,2.8515625,1493,CAGGGG,2.8515625,4693,TGGGGG,3.80924429919105e-05,1493,CAGGGG,0.03802865371108055,2932,GCAGGC,0.12635360658168793,False,False,True,-8.683651685714722e-06,
17,26,29,head_0,recovery,0.0,0.009217560291290283,4693,TGGGGG,2.810546875,1493,CAGGGG,2.8515625,1493,CAGGGG,2.8515625,4693,TGGGGG,3.807548637269065e-05,1493,CAGGGG,0.03800882026553154,2932,GCAGGC,0.12629927694797516,False,False,True,4.731118679046631e-07,
17,27,29,head_0,recovery,0.0,-0.010205507278442383,4693,TGGGGG,2.810546875,1493,CAGGGG,2.8515625,1493,CAGGGG,2.8515625,4693,TGGGGG,3.80507881345693e-05,1493,CAGGGG,0.03798125684261322,2932,GCAGGC,0.12622694671154022,False,False,True,-5.580484867095947e-06,
17,28,29,head_0,recovery,0.0,-0.0051316022872924805,4693,TGGGGG,2.810546875,1493,CAGGGG,2.8515625,1493,CAGGGG,2.8515625,4693,TGGGGG,3.8057412893977016e-05,1493,CAGGGG,0.03798845782876015,2932,GCAGGC,0.12624701857566833,False,False,True,-5.580484867095947e-06,
17,29,29,head_0,recovery,0.0,-0.004141092300415039,4693,TGGGGG,2.810546875,1493,CAGGGG,2.8515625,1493,CAGGGG,2.8515625,4693,TGGGGG,3.805882442975417e-05,1493,CAGGGG,0.03798986226320267,2932,GCAGGC,0.1262497752904892,False,False,True,-2.1062791347503662e-05,
17,30,29,head_0,recovery,0.0,0.0011876821517944336,4693,TGGGGG,2.810546875,1493,CAGGGG,2.8515625,1493,CAGGGG,2.8515625,4693,TGGGGG,3.8064656109781936e-05,1493,CAGGGG,0.037997424602508545,2932,GCAGGC,0.1262691169977188,False,False,True,-3.5040080547332764e-05,
17,31,29,head_0,recovery,0.0,0.0033265352249145508,4693,TGGGGG,2.810546875,1493,CAGGGG,2.8515625,1493,CAGGGG,2.8515625,4693,TGGGGG,3.8067697460064664e-05,1493,CAGGGG,0.03800046071410179,2932,GCAGGC,0.12627920508384705,False,False,True,-4.429370164871216e-05,
