Layer,Time_Offset,Target_Timestep,Component,Metric_Mode,Logit_Score,Posteriors_Score,Target_Transition_Prior,Target_String_Prior,Target_Logit,Wrong_Transition_Prior,Wrong_String_Prior,Wrong_Logit,Actual_Argmax_Prior,Actual_String_Prior,Actual_Argmax_Logit,Target_Transition_Post,Target_String_Post,Target_Prob,Wrong_Transition_Post,Wrong_String_Post,Wrong_Prob,Actual_Transition_Post,actual_String_Post,actual_Prob,Is_Target_Logit_Argmax,Is_Target_Prob_Argmax,Should_Decode,Global_MSE_Change,New_String
0,0,58,layer,degradation,0.99462890625,0.9946151375770569,2763,GAGGAG,0.93994140625,1596,CATTTA,2.11328125,1596,CATTTA,2.11328125,3410,GGGGGN,0.04302699491381645,850,AGGGGN,0.07581721246242523,850,AGGGGN,0.07581721246242523,False,False,True,-0.0030869245529174805,
0,1,58,layer,degradation,0.99560546875,0.9899807572364807,2763,GAGGAG,0.9375,1596,CATTTA,2.11328125,1596,CATTTA,2.11328125,3410,GGGGGN,0.04336714744567871,850,AGGGGN,0.07587515562772751,850,AGGGGN,0.07587515562772751,False,False,True,-0.002959206700325012,
0,2,58,layer,degradation,1.001953125,0.9953969120979309,2763,GAGGAG,0.93310546875,1596,CATTTA,2.123046875,1596,CATTTA,2.123046875,3410,GGGGGN,0.04302264750003815,850,AGGGGN,0.07586047053337097,850,AGGGGN,0.07586047053337097,False,False,True,0.0023427605628967285,
0,3,58,layer,degradation,1.001953125,0.9941726922988892,2763,GAGGAG,0.9267578125,1596,CATTTA,2.1171875,1596,CATTTA,2.1171875,3410,GGGGGN,0.042727481573820114,850,AGGGGN,0.07549075782299042,850,AGGGGN,0.07549075782299042,False,False,True,0.0028007030487060547,
0,4,58,layer,degradation,1.00390625,0.9969326853752136,2763,GAGGAG,0.927734375,1596,CATTTA,2.12109375,1596,CATTTA,2.12109375,3410,GGGGGN,0.04255687817931175,850,AGGGGN,0.07548822462558746,850,AGGGGN,0.07548822462558746,False,False,True,0.0023784339427948,
0,5,58,layer,degradation,1.001953125,1.0017651319503784,2763,GAGGAG,0.931640625,1596,CATTTA,2.12109375,1596,CATTTA,2.12109375,3410,GGGGGN,0.0429627001285553,850,AGGGGN,0.07618831843137741,850,AGGGGN,0.07618831843137741,False,False,True,0.0006588250398635864,
0,6,58,layer,degradation,1.001953125,1.004631757736206,2763,GAGGAG,0.931640625,1596,CATTTA,2.12109375,1596,CATTTA,2.12109375,3410,GGGGGN,0.04270607978105545,850,AGGGGN,0.07610625773668289,850,AGGGGN,0.07610625773668289,False,False,True,0.0008746236562728882,
0,7,58,layer,degradation,1.005859375,1.003853678703308,2763,GAGGAG,0.923828125,1596,CATTTA,2.123046875,1596,CATTTA,2.123046875,3410,GGGGGN,0.04241370037198067,850,AGGGGN,0.07576649636030197,850,AGGGGN,0.07576649636030197,False,False,True,0.0035143643617630005,
0,8,58,layer,degradation,1.005859375,1.011178731918335,2763,GAGGAG,0.921875,1596,CATTTA,2.12109375,1596,CATTTA,2.12109375,3410,GGGGGN,0.04255077615380287,850,AGGGGN,0.07634963095188141,850,AGGGGN,0.07634963095188141,False,False,True,0.00322018563747406,
0,9,58,layer,degradation,1.0048828125,1.005513310432434,2763,GAGGAG,0.92529296875,1596,CATTTA,2.123046875,1596,CATTTA,2.123046875,3410,GGGGGN,0.04250979796051979,850,AGGGGN,0.07596366107463837,850,AGGGGN,0.07596366107463837,False,False,True,0.003829091787338257,
0,10,58,layer,degradation,1.001953125,0.9947699904441833,2763,GAGGAG,0.93017578125,1596,CATTTA,2.119140625,1596,CATTTA,2.119140625,3410,GGGGGN,0.043074317276477814,850,AGGGGN,0.075873963534832,850,AGGGGN,0.075873963534832,False,False,True,0.001318216323852539,
0,11,58,layer,degradation,0.99462890625,0.9906627535820007,2763,GAGGAG,0.935546875,1596,CATTTA,2.109375,1596,CATTTA,2.109375,3410,GGGGGN,0.04324374347925186,850,AGGGGN,0.07579328119754791,850,AGGGGN,0.07579328119754791,False,False,True,0.0013156235218048096,
0,12,58,layer,degradation,1.0,0.9893889427185059,2763,GAGGAG,0.93701171875,1596,CATTTA,2.123046875,1596,CATTTA,2.123046875,3410,GGGGGN,0.04280855506658554,850,AGGGGN,0.07528052479028702,850,AGGGGN,0.07528052479028702,False,False,True,0.0020360201597213745,
0,13,58,layer,degradation,0.998046875,0.9939082860946655,2763,GAGGAG,0.9345703125,1596,CATTTA,2.1171875,1596,CATTTA,2.1171875,3410,GGGGGN,0.042781662195920944,850,AGGGGN,0.0755288377404213,850,AGGGGN,0.0755288377404213,False,False,True,0.0005397796630859375,
0,14,58,layer,degradation,0.99658203125,0.9917142391204834,2763,GAGGAG,0.943359375,1596,CATTTA,2.12109375,1596,CATTTA,2.12109375,3410,GGGGGN,0.04323659837245941,850,AGGGGN,0.07585016638040543,850,AGGGGN,0.07585016638040543,False,False,True,-0.0022783279418945312,
0,15,58,layer,degradation,0.998046875,0.9945725798606873,2763,GAGGAG,0.9326171875,1596,CATTTA,2.11328125,1596,CATTTA,2.11328125,3410,GGGGGN,0.04296899959445,850,AGGGGN,0.07575662434101105,850,AGGGGN,0.07575662434101105,False,False,True,-0.003157183527946472,
0,16,58,layer,degradation,0.998046875,0.9964110255241394,2763,GAGGAG,0.9306640625,1596,CATTTA,2.111328125,1596,CATTTA,2.111328125,3410,GGGGGN,0.042852479964494705,850,AGGGGN,0.07575205713510513,850,AGGGGN,0.07575205713510513,False,False,True,-0.002491489052772522,
0,17,58,layer,degradation,1.00390625,0.995631754398346,2763,GAGGAG,0.92333984375,1596,CATTTA,2.1171875,1596,CATTTA,2.1171875,3410,GGGGGN,0.04264822229743004,850,AGGGGN,0.07550034672021866,850,AGGGGN,0.07550034672021866,False,False,True,0.002035871148109436,
0,18,58,layer,degradation,1.00390625,0.9965592622756958,2763,GAGGAG,0.9267578125,1596,CATTTA,2.119140625,1596,CATTTA,2.119140625,3410,GGGGGN,0.04295022785663605,850,AGGGGN,0.07585883140563965,850,AGGGGN,0.07585883140563965,False,False,True,0.0003413259983062744,
0,19,58,layer,degradation,1.048828125,1.0049469470977783,2763,GAGGAG,0.81005859375,1596,CATTTA,2.103515625,1596,CATTTA,2.103515625,3410,GGGGGN,0.0429723784327507,850,AGGGGN,0.07639174908399582,850,AGGGGN,0.07639174908399582,False,False,True,0.024124085903167725,
0,20,58,layer,degradation,1.0048828125,1.0898641347885132,2763,GAGGAG,0.765625,1596,CATTTA,1.9638671875,0,AAAAAN,2.0,3410,GGGGGN,0.05940163508057594,850,AGGGGN,0.09799203276634216,850,AGGGGN,0.09799203276634216,False,False,True,-0.02273455262184143,
0,21,58,layer,degradation,0.1602783203125,0.10619014501571655,2763,GAGGAG,2.193359375,1596,CATTTA,1.5419921875,2763,GAGGAG,2.193359375,3410,GGGGGN,0.09464641660451889,850,AGGGGN,0.07333599776029587,3410,GGGGGN,0.09464641660451889,True,True,False,-0.2051394023001194,
0,22,58,layer,degradation,-0.06964111328125,-0.0935157760977745,2763,GAGGAG,2.541015625,1596,CATTTA,1.38671875,2763,GAGGAG,2.541015625,3410,GGGGGN,0.102491095662117,850,AGGGGN,0.06901958584785461,3410,GGGGGN,0.102491095662117,True,True,False,-0.21313818404451013,
0,23,58,layer,degradation,0.224609375,0.623695433139801,2763,GAGGAG,2.150390625,1596,CATTTA,1.6396484375,2123,CGGGAG,2.208984375,3410,GGGGGN,0.05630703270435333,850,AGGGGN,0.06651009619235992,850,AGGGGN,0.06651009619235992,False,False,True,-0.18786071240901947,
0,24,58,layer,degradation,0.71533203125,0.7865654826164246,2763,GAGGAG,1.515625,1596,CATTTA,2.078125,1596,CATTTA,2.078125,3410,GGGGGN,0.05061059072613716,850,AGGGGN,0.07073162496089935,850,AGGGGN,0.07073162496089935,False,False,True,-0.08222246170043945,
0,25,58,layer,degradation,0.935546875,0.9567578434944153,2763,GAGGAG,1.037109375,1596,CATTTA,2.08203125,1596,CATTTA,2.08203125,3410,GGGGGN,0.04581203684210777,850,AGGGGN,0.07629693299531937,850,AGGGGN,0.07629693299531937,False,False,True,-0.01668146252632141,
0,26,58,layer,degradation,0.98193359375,0.9876319766044617,2763,GAGGAG,0.96484375,1596,CATTTA,2.111328125,1596,CATTTA,2.111328125,3410,GGGGGN,0.04405435174703598,850,AGGGGN,0.07641933113336563,850,AGGGGN,0.07641933113336563,False,False,True,-0.005268380045890808,
0,27,58,layer,degradation,0.99755859375,1.0029358863830566,2763,GAGGAG,0.93701171875,1596,CATTTA,2.1171875,1596,CATTTA,2.1171875,3410,GGGGGN,0.04311974719166756,850,AGGGGN,0.07641665637493134,850,AGGGGN,0.07641665637493134,False,False,True,-0.0004607290029525757,
0,28,58,layer,degradation,1.0068359375,1.0031201839447021,2763,GAGGAG,0.9208984375,1596,CATTTA,2.12109375,1596,CATTTA,2.12109375,3410,GGGGGN,0.043338943272829056,850,AGGGGN,0.0766470730304718,850,AGGGGN,0.0766470730304718,False,False,True,2.002716064453125e-05,
0,29,58,layer,degradation,1.005859375,1.0070948600769043,2763,GAGGAG,0.91845703125,1596,CATTTA,2.1171875,1596,CATTTA,2.1171875,3410,GGGGGN,0.043364156037569046,850,AGGGGN,0.07691432535648346,850,AGGGGN,0.07691432535648346,False,False,True,-0.0006392747163772583,
0,30,58,layer,degradation,1.005859375,1.0027000904083252,2763,GAGGAG,0.91748046875,1596,CATTTA,2.1171875,1596,CATTTA,2.1171875,3410,GGGGGN,0.04325704649090767,850,AGGGGN,0.07653959840536118,850,AGGGGN,0.07653959840536118,False,False,True,-0.0026735514402389526,
0,31,58,layer,degradation,1.0,0.9981832504272461,2763,GAGGAG,0.9267578125,1596,CATTTA,2.11328125,1596,CATTTA,2.11328125,3410,GGGGGN,0.04284091666340828,850,AGGGGN,0.07584841549396515,850,AGGGGN,0.07584841549396515,False,False,True,-0.0017589926719665527,
0,32,58,layer,degradation,0.9990234375,0.9970042109489441,2763,GAGGAG,0.92724609375,1596,CATTTA,2.111328125,1596,CATTTA,2.111328125,3410,GGGGGN,0.043153926730155945,850,AGGGGN,0.07608962804079056,850,AGGGGN,0.07608962804079056,False,False,True,-0.0031943917274475098,
0,33,58,layer,degradation,0.998046875,0.9836281538009644,2763,GAGGAG,0.93310546875,1596,CATTTA,2.115234375,1596,CATTTA,2.115234375,3410,GGGGGN,0.042953528463840485,850,AGGGGN,0.0750746950507164,850,AGGGGN,0.0750746950507164,False,False,True,-0.0023067891597747803,
0,34,58,layer,degradation,0.99462890625,0.9790450930595398,2763,GAGGAG,0.93701171875,1596,CATTTA,2.111328125,1596,CATTTA,2.111328125,3410,GGGGGN,0.042819794267416,850,AGGGGN,0.07466187328100204,850,AGGGGN,0.07466187328100204,False,False,True,-0.0023471564054489136,
0,35,58,layer,degradation,1.0,0.986275851726532,2763,GAGGAG,0.92822265625,1596,CATTTA,2.11328125,1596,CATTTA,2.11328125,3410,GGGGGN,0.04285075515508652,850,AGGGGN,0.07513315230607986,850,AGGGGN,0.07513315230607986,False,False,True,0.00011992454528808594,
0,36,58,layer,degradation,1.00390625,0.9865639805793762,2763,GAGGAG,0.927734375,1596,CATTTA,2.12109375,1596,CATTTA,2.12109375,3410,GGGGGN,0.042945705354213715,850,AGGGGN,0.07524564862251282,850,AGGGGN,0.07524564862251282,False,False,True,0.00230388343334198,
0,37,58,layer,degradation,1.00390625,0.9924915432929993,2763,GAGGAG,0.927734375,1596,CATTTA,2.12109375,1596,CATTTA,2.12109375,3410,GGGGGN,0.04279386252164841,850,AGGGGN,0.07545476406812668,850,AGGGGN,0.07545476406812668,False,False,True,0.002745330333709717,
0,38,58,layer,degradation,1.00390625,0.9898232221603394,2763,GAGGAG,0.923828125,1596,CATTTA,2.1171875,1596,CATTTA,2.1171875,3410,GGGGGN,0.04282372072339058,850,AGGGGN,0.07532213628292084,850,AGGGGN,0.07532213628292084,False,False,True,0.002673819661140442,
0,39,58,layer,degradation,1.005859375,0.9952268600463867,2763,GAGGAG,0.923828125,1596,CATTTA,2.123046875,1596,CATTTA,2.123046875,3410,GGGGGN,0.04272252321243286,850,AGGGGN,0.07554998993873596,850,AGGGGN,0.07554998993873596,False,False,True,0.0035974085330963135,
0,40,58,layer,degradation,1.0068359375,1.0055946111679077,2763,GAGGAG,0.9248046875,1596,CATTTA,2.126953125,1596,CATTTA,2.126953125,3410,GGGGGN,0.042900312691926956,850,AGGGGN,0.07635912299156189,850,AGGGGN,0.07635912299156189,False,False,True,0.002204492688179016,
0,41,58,layer,degradation,1.00390625,0.9968439936637878,2763,GAGGAG,0.9306640625,1596,CATTTA,2.125,1596,CATTTA,2.125,3410,GGGGGN,0.042856719344854355,850,AGGGGN,0.0757826641201973,850,AGGGGN,0.0757826641201973,False,False,True,0.0008757859468460083,
1,0,58,layer,degradation,0.99365234375,0.973398745059967,2763,GAGGAG,0.9375,1596,CATTTA,2.109375,1596,CATTTA,2.109375,3410,GGGGGN,0.043931201100349426,850,AGGGGN,0.07542944699525833,850,AGGGGN,0.07542944699525833,False,False,True,-0.0014713257551193237,
1,1,58,layer,degradation,0.99462890625,0.9606636166572571,2763,GAGGAG,0.94482421875,1596,CATTTA,2.119140625,1596,CATTTA,2.119140625,3410,GGGGGN,0.043600451201200485,850,AGGGGN,0.07432319223880768,850,AGGGGN,0.07432319223880768,False,False,True,-0.00048257410526275635,
1,2,58,layer,degradation,1.0048828125,0.975350558757782,2763,GAGGAG,0.9306640625,1596,CATTTA,2.12890625,1596,CATTTA,2.12890625,3410,GGGGGN,0.042538564652204514,850,AGGGGN,0.07415566593408585,850,AGGGGN,0.07415566593408585,False,False,True,0.003532230854034424,
1,3,58,layer,degradation,1.0107421875,0.9656033515930176,2763,GAGGAG,0.9228515625,1596,CATTTA,2.130859375,1596,CATTTA,2.130859375,3410,GGGGGN,0.04277247563004494,850,AGGGGN,0.07379601895809174,850,AGGGGN,0.07379601895809174,False,False,True,0.00483664870262146,
1,4,58,layer,degradation,1.0087890625,0.9776812195777893,2763,GAGGAG,0.92236328125,1596,CATTTA,2.126953125,1596,CATTTA,2.126953125,3410,GGGGGN,0.042709652334451675,850,AGGGGN,0.07446867972612381,850,AGGGGN,0.07446867972612381,False,False,True,0.002546742558479309,
1,5,58,layer,degradation,1.0,0.9813503623008728,2763,GAGGAG,0.9365234375,1596,CATTTA,2.123046875,1596,CATTTA,2.123046875,3410,GGGGGN,0.04296398162841797,850,AGGGGN,0.07494644075632095,850,AGGGGN,0.07494644075632095,False,False,True,-0.001296505331993103,
1,6,58,layer,degradation,0.9990234375,1.000245451927185,2763,GAGGAG,0.93359375,1596,CATTTA,2.1171875,1596,CATTTA,2.1171875,3410,GGGGGN,0.042933136224746704,850,AGGGGN,0.07606621086597443,850,AGGGGN,0.07606621086597443,False,False,True,-0.0031939297914505005,
1,7,58,layer,degradation,0.99365234375,0.9920743107795715,2763,GAGGAG,0.94482421875,1596,CATTTA,2.1171875,1596,CATTTA,2.1171875,3410,GGGGGN,0.04268231987953186,850,AGGGGN,0.07531781494617462,850,AGGGGN,0.07531781494617462,False,False,True,-0.001984715461730957,
1,8,58,layer,degradation,1.0,0.9937779307365417,2763,GAGGAG,0.9384765625,1596,CATTTA,2.123046875,1596,CATTTA,2.123046875,3410,GGGGGN,0.04260621219873428,850,AGGGGN,0.07534544914960861,850,AGGGGN,0.07534544914960861,False,False,True,-0.002384856343269348,
1,9,58,layer,degradation,0.99560546875,0.9787090420722961,2763,GAGGAG,0.947265625,1596,CATTTA,2.123046875,1596,CATTTA,2.123046875,3410,GGGGGN,0.04296429455280304,850,AGGGGN,0.07478591054677963,850,AGGGGN,0.07478591054677963,False,False,True,-0.0003324151039123535,
1,10,58,layer,degradation,0.99560546875,0.9732943177223206,2763,GAGGAG,0.9453125,1596,CATTTA,2.12109375,1596,CATTTA,2.12109375,3410,GGGGGN,0.043232861906290054,850,AGGGGN,0.07472474873065948,850,AGGGGN,0.07472474873065948,False,False,True,-0.0005213022232055664,
1,11,58,layer,degradation,0.998046875,0.965117871761322,2763,GAGGAG,0.9423828125,1596,CATTTA,2.123046875,1596,CATTTA,2.123046875,3410,GGGGGN,0.04299824684858322,850,AGGGGN,0.07399222999811172,850,AGGGGN,0.07399222999811172,False,False,True,0.005384370684623718,
1,12,58,layer,degradation,0.9990234375,0.9663816094398499,2763,GAGGAG,0.953125,1596,CATTTA,2.13671875,1596,CATTTA,2.13671875,3410,GGGGGN,0.04314271733164787,850,AGGGGN,0.0742136538028717,850,AGGGGN,0.0742136538028717,False,False,True,0.009918317198753357,
1,13,58,layer,degradation,1.001953125,0.9793193936347961,2763,GAGGAG,0.9482421875,1596,CATTTA,2.13671875,1596,CATTTA,2.13671875,3410,GGGGGN,0.04312111809849739,850,AGGGGN,0.07497990131378174,850,AGGGGN,0.07497990131378174,False,False,True,0.009268522262573242,
1,14,58,layer,degradation,0.98681640625,0.9865280389785767,2763,GAGGAG,0.95751953125,1596,CATTTA,2.11328125,1596,CATTTA,2.11328125,3410,GGGGGN,0.04409780353307724,850,AGGGGN,0.07639555633068085,850,AGGGGN,0.07639555633068085,False,False,True,-0.004610583186149597,
1,15,58,layer,degradation,0.97509765625,0.9717034697532654,2763,GAGGAG,0.97119140625,1596,CATTTA,2.1015625,1596,CATTTA,2.1015625,3410,GGGGGN,0.04532138258218765,850,AGGGGN,0.07671639323234558,850,AGGGGN,0.07671639323234558,False,False,True,-0.015883371233940125,
1,16,58,layer,degradation,0.990234375,0.993325412273407,2763,GAGGAG,0.94189453125,1596,CATTTA,2.10546875,1596,CATTTA,2.10546875,3410,GGGGGN,0.04424533620476723,850,AGGGGN,0.07695701718330383,850,AGGGGN,0.07695701718330383,False,False,True,-0.01155109703540802,
1,17,58,layer,degradation,1.01171875,0.9964398741722107,2763,GAGGAG,0.91552734375,1596,CATTTA,2.126953125,1596,CATTTA,2.126953125,3410,GGGGGN,0.042415667325258255,850,AGGGGN,0.07531700283288956,850,AGGGGN,0.07531700283288956,False,False,True,-0.0021483004093170166,
1,18,58,layer,degradation,1.0224609375,0.9860298037528992,2763,GAGGAG,0.892578125,1596,CATTTA,2.126953125,1596,CATTTA,2.126953125,3410,GGGGGN,0.04155198484659195,850,AGGGGN,0.07381939888000488,850,AGGGGN,0.07381939888000488,False,False,True,0.004340112209320068,
1,19,58,layer,degradation,1.0185546875,0.8930038213729858,2763,GAGGAG,0.85546875,1596,CATTTA,2.08203125,1596,CATTTA,2.08203125,3410,GGGGGN,0.04173683375120163,850,AGGGGN,0.06833942979574203,850,AGGGGN,0.06833942979574203,False,False,True,0.016610190272331238,
1,20,58,layer,degradation,1.0107421875,1.0610874891281128,2763,GAGGAG,0.779296875,1596,CATTTA,1.98828125,0,AAAAAN,2.0,3410,GGGGGN,0.05712420865893364,850,AGGGGN,0.09396226704120636,850,AGGGGN,0.09396226704120636,False,False,True,-0.02944883704185486,
1,21,58,layer,degradation,0.440185546875,0.516913115978241,2763,GAGGAG,1.70703125,1596,CATTTA,1.66796875,0,AAAAAN,2.0,3410,GGGGGN,0.0721491202712059,850,AGGGGN,0.07584967464208603,850,AGGGGN,0.07584967464208603,False,False,True,-0.17495150864124298,
1,22,58,layer,degradation,0.28125,0.4083821475505829,2763,GAGGAG,1.90625,1596,CATTTA,1.51953125,0,AAAAAN,2.0,3410,GGGGGN,0.08003191649913788,850,AGGGGN,0.0771234780550003,3410,GGGGGN,0.08003191649913788,False,True,True,-0.20045481249690056,
1,23,58,layer,degradation,0.3916015625,0.7225193381309509,2763,GAGGAG,1.771484375,1596,CATTTA,1.6259765625,0,AAAAAN,2.0,3410,GGGGGN,0.05459015443921089,850,AGGGGN,0.07081110030412674,850,AGGGGN,0.07081110030412674,False,False,True,-0.17836539447307587,
1,24,58,layer,degradation,0.55810546875,0.6997724771499634,2763,GAGGAG,1.7890625,1596,CATTTA,2.0078125,2123,CGGGAG,2.123046875,3410,GGGGGN,0.05732821673154831,850,AGGGGN,0.07216399163007736,850,AGGGGN,0.07216399163007736,False,False,True,-0.10195489227771759,
1,25,58,layer,degradation,0.7177734375,0.8505153656005859,2763,GAGGAG,1.4052734375,1596,CATTTA,1.9736328125,0,AAAAAN,2.0,3410,GGGGGN,0.05375479906797409,850,AGGGGN,0.07777006179094315,850,AGGGGN,0.07777006179094315,False,False,True,-0.05034668743610382,
1,26,58,layer,degradation,0.833984375,0.9346047043800354,2763,GAGGAG,1.2265625,1596,CATTTA,2.048828125,1596,CATTTA,2.048828125,3410,GGGGGN,0.04832591861486435,850,AGGGGN,0.07746180146932602,850,AGGGGN,0.07746180146932602,False,False,True,-0.03442701697349548,
1,27,58,layer,degradation,0.94091796875,0.9874441623687744,2763,GAGGAG,1.0302734375,1596,CATTTA,2.087890625,1596,CATTTA,2.087890625,3410,GGGGGN,0.04521988332271576,850,AGGGGN,0.07757342606782913,850,AGGGGN,0.07757342606782913,False,False,True,-0.014156311750411987,
1,28,58,layer,degradation,1.013671875,1.029491662979126,2763,GAGGAG,0.912109375,1596,CATTTA,2.126953125,1596,CATTTA,2.126953125,3410,GGGGGN,0.04308944195508957,850,AGGGGN,0.07800346612930298,850,AGGGGN,0.07800346612930298,False,False,True,-0.0006180703639984131,
1,29,58,layer,degradation,1.01171875,1.0328596830368042,2763,GAGGAG,0.90869140625,1596,CATTTA,2.119140625,1596,CATTTA,2.119140625,3410,GGGGGN,0.042895521968603134,850,AGGGGN,0.07801464200019836,850,AGGGGN,0.07801464200019836,False,False,True,0.001923784613609314,
1,30,58,layer,degradation,0.98046875,1.0132944583892822,2763,GAGGAG,0.970703125,1596,CATTTA,2.11328125,1596,CATTTA,2.11328125,3410,GGGGGN,0.043674737215042114,850,AGGGGN,0.07760243117809296,850,AGGGGN,0.07760243117809296,False,False,True,-0.0033412277698516846,
1,31,58,layer,degradation,0.9609375,0.9822440147399902,2763,GAGGAG,1.0166015625,1596,CATTTA,2.1171875,1596,CATTTA,2.1171875,3410,GGGGGN,0.044083140790462494,850,AGGGGN,0.07612001895904541,850,AGGGGN,0.07612001895904541,False,False,True,-0.00516904890537262,
1,32,58,layer,degradation,0.96240234375,0.9842038154602051,2763,GAGGAG,1.0078125,1596,CATTTA,2.111328125,1596,CATTTA,2.111328125,3410,GGGGGN,0.04395213723182678,850,AGGGGN,0.07610835880041122,850,AGGGGN,0.07610835880041122,False,False,True,-0.008720695972442627,
1,33,58,layer,degradation,0.9873046875,0.9991990923881531,2763,GAGGAG,0.96142578125,1596,CATTTA,2.119140625,1596,CATTTA,2.119140625,3410,GGGGGN,0.04288811981678009,850,AGGGGN,0.07595747709274292,850,AGGGGN,0.07595747709274292,False,False,True,-0.0036843568086624146,
1,34,58,layer,degradation,0.99658203125,0.9960544109344482,2763,GAGGAG,0.94775390625,1596,CATTTA,2.125,1596,CATTTA,2.125,3410,GGGGGN,0.042937271296978,850,AGGGGN,0.07581513375043869,850,AGGGGN,0.07581513375043869,False,False,True,-0.0011392384767532349,
1,35,58,layer,degradation,1.00390625,0.998004674911499,2763,GAGGAG,0.9248046875,1596,CATTTA,2.1171875,1596,CATTTA,2.1171875,3410,GGGGGN,0.04341724514961243,850,AGGGGN,0.07641386985778809,850,AGGGGN,0.07641386985778809,False,False,True,0.0019426196813583374,
1,36,58,layer,degradation,1.009765625,1.0001614093780518,2763,GAGGAG,0.91796875,1596,CATTTA,2.125,1596,CATTTA,2.125,3410,GGGGGN,0.04319396987557411,850,AGGGGN,0.07632192969322205,850,AGGGGN,0.07632192969322205,False,False,True,0.0015674084424972534,
1,37,58,layer,degradation,1.0087890625,1.0067545175552368,2763,GAGGAG,0.9130859375,1596,CATTTA,2.119140625,1596,CATTTA,2.119140625,3410,GGGGGN,0.042945995926856995,850,AGGGGN,0.07647544145584106,850,AGGGGN,0.07647544145584106,False,False,True,0.0004458874464035034,
1,38,58,layer,degradation,1.0166015625,1.005690574645996,2763,GAGGAG,0.90380859375,1596,CATTTA,2.126953125,1596,CATTTA,2.126953125,3410,GGGGGN,0.0428495854139328,850,AGGGGN,0.07631424069404602,850,AGGGGN,0.07631424069404602,False,False,True,0.0012340694665908813,
1,39,58,layer,degradation,1.017578125,1.0128631591796875,2763,GAGGAG,0.9111328125,1596,CATTTA,2.134765625,1596,CATTTA,2.134765625,3410,GGGGGN,0.0423349104821682,850,AGGGGN,0.07623634487390518,850,AGGGGN,0.07623634487390518,False,False,True,0.002293422818183899,
1,40,58,layer,degradation,1.009765625,1.004584550857544,2763,GAGGAG,0.93017578125,1596,CATTTA,2.13671875,1596,CATTTA,2.13671875,3410,GGGGGN,0.043154504150152206,850,AGGGGN,0.07655180990695953,850,AGGGGN,0.07655180990695953,False,False,True,-0.0019615590572357178,
1,41,58,layer,degradation,0.99267578125,0.983690619468689,2763,GAGGAG,0.9599609375,1596,CATTTA,2.130859375,1596,CATTTA,2.130859375,3410,GGGGGN,0.0441051609814167,850,AGGGGN,0.07623013108968735,850,AGGGGN,0.07623013108968735,False,False,True,-0.006992772221565247,
2,0,58,layer,degradation,0.9921875,0.9528589248657227,2763,GAGGAG,0.94970703125,1596,CATTTA,2.1171875,1596,CATTTA,2.1171875,3410,GGGGGN,0.0431487113237381,850,AGGGGN,0.07339618355035782,850,AGGGGN,0.07339618355035782,False,False,True,0.003539443016052246,
2,1,58,layer,degradation,0.98681640625,0.9477993845939636,2763,GAGGAG,0.95947265625,1596,CATTTA,2.115234375,1596,CATTTA,2.115234375,3410,GGGGGN,0.04324261471629143,850,AGGGGN,0.07318198680877686,850,AGGGGN,0.07318198680877686,False,False,True,0.003300026059150696,
2,2,58,layer,degradation,1.00390625,0.9745948910713196,2763,GAGGAG,0.9306640625,1596,CATTTA,2.125,1596,CATTTA,2.125,3410,GGGGGN,0.0421743206679821,850,AGGGGN,0.07374540716409683,850,AGGGGN,0.07374540716409683,False,False,True,0.00573219358921051,
2,3,58,layer,degradation,1.01171875,0.9779807329177856,2763,GAGGAG,0.91796875,1596,CATTTA,2.12890625,1596,CATTTA,2.12890625,3410,GGGGGN,0.04208308085799217,850,AGGGGN,0.07386034727096558,850,AGGGGN,0.07386034727096558,False,False,True,0.005248814821243286,
2,4,58,layer,degradation,1.015625,0.980930745601654,2763,GAGGAG,0.908203125,1596,CATTTA,2.12890625,1596,CATTTA,2.12890625,3410,GGGGGN,0.04159102216362953,850,AGGGGN,0.07354792952537537,850,AGGGGN,0.07354792952537537,False,False,True,0.00891508162021637,
2,5,58,layer,degradation,1.0087890625,0.9737764000892639,2763,GAGGAG,0.923828125,1596,CATTTA,2.12890625,1596,CATTTA,2.12890625,3410,GGGGGN,0.04221903160214424,850,AGGGGN,0.07374027371406555,850,AGGGGN,0.07374027371406555,False,False,True,0.005303099751472473,
2,6,58,layer,degradation,1.0,1.0019211769104004,2763,GAGGAG,0.931640625,1596,CATTTA,2.1171875,1596,CATTTA,2.1171875,3410,GGGGGN,0.04158272221684456,850,AGGGGN,0.07481784373521805,850,AGGGGN,0.07481784373521805,False,False,True,0.0018909275531768799,
2,7,58,layer,degradation,0.9912109375,0.9927933216094971,2763,GAGGAG,0.94677734375,1596,CATTTA,2.11328125,1596,CATTTA,2.11328125,3410,GGGGGN,0.04207500442862511,850,AGGGGN,0.07475428283214569,850,AGGGGN,0.07475428283214569,False,False,True,-0.002581372857093811,
2,8,58,layer,degradation,0.9892578125,0.9801044464111328,2763,GAGGAG,0.958984375,1596,CATTTA,2.12109375,1596,CATTTA,2.12109375,3410,GGGGGN,0.04210937023162842,850,AGGGGN,0.07401596009731293,850,AGGGGN,0.07401596009731293,False,False,True,-0.0036638379096984863,
2,9,58,layer,degradation,0.99365234375,0.9721154570579529,2763,GAGGAG,0.958984375,1596,CATTTA,2.130859375,1596,CATTTA,2.130859375,3410,GGGGGN,0.04279903694987297,850,AGGGGN,0.07421913743019104,850,AGGGGN,0.07421913743019104,False,False,True,-0.0029278546571731567,
2,10,58,layer,degradation,1.0048828125,0.9736959934234619,2763,GAGGAG,0.9345703125,1596,CATTTA,2.1328125,1596,CATTTA,2.1328125,3410,GGGGGN,0.04275123402476311,850,AGGGGN,0.07426758110523224,850,AGGGGN,0.07426758110523224,False,False,True,1.0266900062561035e-05,
2,11,58,layer,degradation,1.005859375,0.9764971733093262,2763,GAGGAG,0.931640625,1596,CATTTA,2.130859375,1596,CATTTA,2.130859375,3410,GGGGGN,0.04312828928232193,850,AGGGGN,0.07481521368026733,850,AGGGGN,0.07481521368026733,False,False,True,0.006920412182807922,
2,12,58,layer,degradation,1.0048828125,0.964062511920929,2763,GAGGAG,0.94970703125,1596,CATTTA,2.14453125,1596,CATTTA,2.14453125,3410,GGGGGN,0.04342824965715408,850,AGGGGN,0.07435796409845352,850,AGGGGN,0.07435796409845352,False,False,True,0.013332843780517578,
2,13,58,layer,degradation,0.9892578125,0.9682153463363647,2763,GAGGAG,0.9697265625,1596,CATTTA,2.1328125,1596,CATTTA,2.1328125,3410,GGGGGN,0.04422367364168167,850,AGGGGN,0.0754062756896019,850,AGGGGN,0.0754062756896019,False,False,True,0.012622326612472534,
2,14,58,layer,degradation,0.98681640625,0.9847252368927002,2763,GAGGAG,0.958984375,1596,CATTTA,2.115234375,1596,CATTTA,2.115234375,3410,GGGGGN,0.04469047114253044,850,AGGGGN,0.07687844336032867,850,AGGGGN,0.07687844336032867,False,False,True,0.0003047436475753784,
2,15,58,layer,degradation,0.98291015625,0.9929994940757751,2763,GAGGAG,0.955078125,1596,CATTTA,2.103515625,1596,CATTTA,2.103515625,3410,GGGGGN,0.04472298547625542,850,AGGGGN,0.07741481810808182,850,AGGGGN,0.07741481810808182,False,False,True,-0.011166796088218689,
2,16,58,layer,degradation,0.9912109375,0.9988002777099609,2763,GAGGAG,0.9384765625,1596,CATTTA,2.10546875,1596,CATTTA,2.10546875,3410,GGGGGN,0.04444069787859917,850,AGGGGN,0.07748576998710632,850,AGGGGN,0.07748576998710632,False,False,True,-0.014070957899093628,
2,17,58,layer,degradation,1.0107421875,0.9481394290924072,2763,GAGGAG,0.9111328125,1596,CATTTA,2.12109375,1596,CATTTA,2.12109375,3410,GGGGGN,0.04363156110048294,850,AGGGGN,0.07359164208173752,850,AGGGGN,0.07359164208173752,False,False,True,-0.00423005223274231,
2,18,58,layer,degradation,1.01953125,0.9196080565452576,2763,GAGGAG,0.8896484375,1596,CATTTA,2.119140625,1596,CATTTA,2.119140625,3410,GGGGGN,0.04346797987818718,850,AGGGGN,0.0716906413435936,850,AGGGGN,0.0716906413435936,False,False,True,0.001205146312713623,
2,19,58,layer,degradation,0.9697265625,0.8016815185546875,2763,GAGGAG,0.9677734375,1596,CATTTA,2.087890625,1596,CATTTA,2.087890625,3410,GGGGGN,0.041533470153808594,850,AGGGGN,0.06257499754428864,850,AGGGGN,0.06257499754428864,False,False,True,0.014946773648262024,
2,20,58,layer,degradation,0.92333984375,1.0605381727218628,2763,GAGGAG,0.9853515625,1596,CATTTA,2.00390625,1596,CATTTA,2.00390625,3410,GGGGGN,0.06066121533513069,850,AGGGGN,0.09746582061052322,850,AGGGGN,0.09746582061052322,False,False,True,-0.0601654052734375,
2,21,58,layer,degradation,0.440185546875,0.4494142234325409,2763,GAGGAG,1.6611328125,1596,CATTTA,1.6220703125,0,AAAAAN,2.0,3410,GGGGGN,0.07298514246940613,850,AGGGGN,0.07257535308599472,3410,GGGGGN,0.07298514246940613,False,True,True,-0.16618946567177773,
2,22,58,layer,degradation,0.41796875,0.5316686630249023,2763,GAGGAG,1.63671875,1596,CATTTA,1.548828125,0,AAAAAN,2.0,3410,GGGGGN,0.07844183593988419,850,AGGGGN,0.08304093033075333,850,AGGGGN,0.08304093033075333,False,False,True,-0.18432414159178734,
2,23,58,layer,degradation,0.466064453125,0.6706430912017822,2763,GAGGAG,1.716796875,1596,CATTTA,1.734375,0,AAAAAN,2.0,3410,GGGGGN,0.064311183989048,850,AGGGGN,0.07737312465906143,850,AGGGGN,0.07737312465906143,False,False,True,-0.17467278242111206,
2,24,58,layer,degradation,0.6328125,0.8443897366523743,2763,GAGGAG,1.6220703125,1596,CATTTA,2.00390625,2123,CGGGAG,2.041015625,3410,GGGGGN,0.05394574999809265,850,AGGGGN,0.07758799195289612,850,AGGGGN,0.07758799195289612,False,False,True,-0.09603448212146759,
2,25,58,layer,degradation,0.6689453125,0.8606442809104919,2763,GAGGAG,1.4453125,1596,CATTTA,1.90625,0,AAAAAN,2.0,3410,GGGGGN,0.05162466689944267,850,AGGGGN,0.07625672966241837,850,AGGGGN,0.07625672966241837,False,False,True,-0.055619269609451294,
2,26,58,layer,degradation,0.77783203125,0.9354291558265686,2763,GAGGAG,1.3046875,1596,CATTTA,2.00390625,843,AGGGAG,2.005859375,3410,GGGGGN,0.04539438709616661,850,AGGGGN,0.07458047568798065,850,AGGGGN,0.07458047568798065,False,False,True,-0.03893478214740753,
2,27,58,layer,degradation,0.88720703125,0.9728170037269592,2763,GAGGAG,1.1142578125,1596,CATTTA,2.052734375,1596,CATTTA,2.052734375,3410,GGGGGN,0.04464579001069069,850,AGGGGN,0.07610861212015152,850,AGGGGN,0.07610861212015152,False,False,True,-0.020251870155334473,
2,28,58,layer,degradation,0.99267578125,1.0480265617370605,2763,GAGGAG,0.958984375,1596,CATTTA,2.12890625,1596,CATTTA,2.12890625,3410,GGGGGN,0.04286585748195648,850,AGGGGN,0.07890856266021729,850,AGGGGN,0.07890856266021729,False,False,True,-0.005888491868972778,
2,29,58,layer,degradation,1.0048828125,1.0686354637145996,2763,GAGGAG,0.9296875,1596,CATTTA,2.126953125,1596,CATTTA,2.126953125,3410,GGGGGN,0.04242526739835739,850,AGGGGN,0.07972295582294464,850,AGGGGN,0.07972295582294464,False,False,True,-0.0018673539161682129,
2,30,58,layer,degradation,0.97412109375,1.025530457496643,2763,GAGGAG,1.00390625,1596,CATTTA,2.1328125,1596,CATTTA,2.1328125,3410,GGGGGN,0.04243520647287369,850,AGGGGN,0.07710801064968109,850,AGGGGN,0.07710801064968109,False,False,True,-0.00413823127746582,
2,31,58,layer,degradation,0.93212890625,0.9444526433944702,2763,GAGGAG,1.0927734375,1596,CATTTA,2.130859375,1596,CATTTA,2.130859375,3410,GGGGGN,0.04402325302362442,850,AGGGGN,0.07375882565975189,850,AGGGGN,0.07375882565975189,False,False,True,-0.008731946349143982,
2,32,58,layer,degradation,0.9287109375,0.9207763671875,2763,GAGGAG,1.0966796875,1596,CATTTA,2.126953125,1596,CATTTA,2.126953125,3410,GGGGGN,0.04464539512991905,850,AGGGGN,0.0729392021894455,850,AGGGGN,0.0729392021894455,False,False,True,-0.014245390892028809,
2,33,58,layer,degradation,0.9462890625,0.9210121631622314,2763,GAGGAG,1.0458984375,1596,CATTTA,2.115234375,1596,CATTTA,2.115234375,3410,GGGGGN,0.04504663124680519,850,AGGGGN,0.0733547955751419,850,AGGGGN,0.0733547955751419,False,False,True,-0.009520694613456726,
2,34,58,layer,degradation,0.97607421875,0.9576897621154785,2763,GAGGAG,0.98095703125,1596,CATTTA,2.11328125,1596,CATTTA,2.11328125,3410,GGGGGN,0.04377075657248497,850,AGGGGN,0.07431240379810333,850,AGGGGN,0.07431240379810333,False,False,True,-0.006191432476043701,
2,35,58,layer,degradation,0.99755859375,0.980190098285675,2763,GAGGAG,0.93212890625,1596,CATTTA,2.111328125,1596,CATTTA,2.111328125,3410,GGGGGN,0.04395882785320282,850,AGGGGN,0.07587063312530518,850,AGGGGN,0.07587063312530518,False,False,True,0.0005769878625869751,
2,36,58,layer,degradation,1.0087890625,1.0119287967681885,2763,GAGGAG,0.908203125,1596,CATTTA,2.11328125,1596,CATTTA,2.11328125,3410,GGGGGN,0.043841198086738586,850,AGGGGN,0.07768572866916656,850,AGGGGN,0.07768572866916656,False,False,True,-0.0021195560693740845,
2,37,58,layer,degradation,1.0126953125,1.0152478218078613,2763,GAGGAG,0.908203125,1596,CATTTA,2.12109375,1596,CATTTA,2.12109375,3410,GGGGGN,0.043679866939783096,850,AGGGGN,0.07772651314735413,850,AGGGGN,0.07772651314735413,False,False,True,-0.0016961842775344849,
2,38,58,layer,degradation,1.021484375,1.0129623413085938,2763,GAGGAG,0.8935546875,1596,CATTTA,2.125,1596,CATTTA,2.125,3410,GGGGGN,0.04322388768196106,850,AGGGGN,0.07713136076927185,850,AGGGGN,0.07713136076927185,False,False,True,0.0013794004917144775,
2,39,58,layer,degradation,1.017578125,1.0037841796875,2763,GAGGAG,0.9111328125,1596,CATTTA,2.13671875,1596,CATTTA,2.13671875,3410,GGGGGN,0.04256458207964897,850,AGGGGN,0.07591314613819122,850,AGGGGN,0.07591314613819122,False,False,True,0.004151105880737305,
2,40,58,layer,degradation,1.0146484375,1.0060089826583862,2763,GAGGAG,0.9296875,1596,CATTTA,2.146484375,1596,CATTTA,2.146484375,3410,GGGGGN,0.04286547750234604,850,AGGGGN,0.07634952664375305,850,AGGGGN,0.07634952664375305,False,False,True,0.0017406940460205078,
2,41,58,layer,degradation,0.99365234375,0.9833795428276062,2763,GAGGAG,0.97705078125,1596,CATTTA,2.1484375,1596,CATTTA,2.1484375,3410,GGGGGN,0.04398355633020401,850,AGGGGN,0.07608958333730698,850,AGGGGN,0.07608958333730698,False,False,True,-0.0032867789268493652,
3,0,58,layer,degradation,1.001953125,0.960192084312439,2763,GAGGAG,0.9248046875,1596,CATTTA,2.11328125,1596,CATTTA,2.11328125,3410,GGGGGN,0.04302312061190605,850,AGGGGN,0.0737171471118927,850,AGGGGN,0.0737171471118927,False,False,True,0.002780243754386902,
3,1,58,layer,degradation,0.9990234375,0.9520145058631897,2763,GAGGAG,0.935546875,1596,CATTTA,2.119140625,1596,CATTTA,2.119140625,3410,GGGGGN,0.04295601323246956,850,AGGGGN,0.07315206527709961,850,AGGGGN,0.07315206527709961,False,False,True,0.002104252576828003,
3,2,58,layer,degradation,1.0009765625,0.9568210244178772,2763,GAGGAG,0.93505859375,1596,CATTTA,2.123046875,1596,CATTTA,2.123046875,3410,GGGGGN,0.04270407557487488,850,AGGGGN,0.07319281995296478,850,AGGGGN,0.07319281995296478,False,False,True,0.0029644668102264404,
3,3,58,layer,degradation,1.001953125,0.9537677764892578,2763,GAGGAG,0.923828125,1596,CATTTA,2.11328125,1596,CATTTA,2.11328125,3410,GGGGGN,0.04287781938910484,850,AGGGGN,0.07318063825368881,850,AGGGGN,0.07318063825368881,False,False,True,0.001544564962387085,
3,4,58,layer,degradation,1.0,0.9488807916641235,2763,GAGGAG,0.919921875,1596,CATTTA,2.10546875,1596,CATTTA,2.10546875,3410,GGGGGN,0.04265931248664856,850,AGGGGN,0.0726645365357399,850,AGGGGN,0.0726645365357399,False,False,True,0.0026315301656723022,
3,5,58,layer,degradation,1.0009765625,0.9557980298995972,2763,GAGGAG,0.91845703125,1596,CATTTA,2.10546875,1596,CATTTA,2.10546875,3410,GGGGGN,0.04321824014186859,850,AGGGGN,0.07364469021558762,850,AGGGGN,0.07364469021558762,False,False,True,0.000237196683883667,
3,6,58,layer,degradation,1.0048828125,1.0108083486557007,2763,GAGGAG,0.91015625,1596,CATTTA,2.107421875,1596,CATTTA,2.107421875,3410,GGGGGN,0.04238350689411163,850,AGGGGN,0.07615981251001358,850,AGGGGN,0.07615981251001358,False,False,True,-0.0013584345579147339,
3,7,58,layer,degradation,0.99462890625,1.0160210132598877,2763,GAGGAG,0.9228515625,1596,CATTTA,2.09765625,1596,CATTTA,2.09765625,3410,GGGGGN,0.04221944883465767,850,AGGGGN,0.07631317526102066,850,AGGGGN,0.07631317526102066,False,False,True,-0.010013535618782043,
3,8,58,layer,degradation,0.9912109375,1.0042755603790283,2763,GAGGAG,0.94189453125,1596,CATTTA,2.107421875,1596,CATTTA,2.107421875,3410,GGGGGN,0.04208246245980263,850,AGGGGN,0.07546094805002213,850,AGGGGN,0.07546094805002213,False,False,True,-0.011484533548355103,
3,9,58,layer,degradation,0.98486328125,0.9750917553901672,2763,GAGGAG,0.9609375,1596,CATTTA,2.11328125,1596,CATTTA,2.11328125,3410,GGGGGN,0.04286807030439377,850,AGGGGN,0.07446940988302231,850,AGGGGN,0.07446940988302231,False,False,True,-0.009975016117095947,
3,10,58,layer,degradation,0.9892578125,0.947203516960144,2763,GAGGAG,0.966796875,1596,CATTTA,2.12890625,1596,CATTTA,2.12890625,3410,GGGGGN,0.04339556023478508,850,AGGGGN,0.07329864799976349,850,AGGGGN,0.07329864799976349,False,False,True,-0.003462880849838257,
3,11,58,layer,degradation,0.9921875,0.9360468983650208,2763,GAGGAG,0.96875,1596,CATTTA,2.13671875,1596,CATTTA,2.13671875,3410,GGGGGN,0.043641407042741776,850,AGGGGN,0.07286511361598969,850,AGGGGN,0.07286511361598969,False,False,True,0.005936324596405029,
3,12,58,layer,degradation,0.99462890625,0.924950361251831,2763,GAGGAG,0.97900390625,1596,CATTTA,2.15234375,1596,CATTTA,2.15234375,3410,GGGGGN,0.04350435733795166,850,AGGGGN,0.07205233722925186,850,AGGGGN,0.07205233722925186,False,False,True,0.016858652234077454,
3,13,58,layer,degradation,1.0009765625,0.9571370482444763,2763,GAGGAG,0.955078125,1596,CATTTA,2.142578125,1596,CATTTA,2.142578125,3410,GGGGGN,0.04386083781719208,850,AGGGGN,0.07436882704496384,850,AGGGGN,0.07436882704496384,False,False,True,0.018738240003585815,
3,14,58,layer,degradation,1.00390625,0.9982849955558777,2763,GAGGAG,0.931640625,1596,CATTTA,2.125,1596,CATTTA,2.125,3410,GGGGGN,0.044243261218070984,850,AGGGGN,0.0772569552063942,850,AGGGGN,0.0772569552063942,False,False,True,0.0015400946140289307,
3,15,58,layer,degradation,1.01171875,1.036075472831726,2763,GAGGAG,0.89599609375,1596,CATTTA,2.107421875,1596,CATTTA,2.107421875,3410,GGGGGN,0.044944725930690765,850,AGGGGN,0.08025967329740524,850,AGGGGN,0.08025967329740524,False,False,True,-0.01300761103630066,
3,16,58,layer,degradation,1.0166015625,1.058060646057129,2763,GAGGAG,0.88134765625,1596,CATTTA,2.103515625,1596,CATTTA,2.103515625,3410,GGGGGN,0.046267636120319366,850,AGGGGN,0.08292137086391449,850,AGGGGN,0.08292137086391449,False,False,True,-0.023378267884254456,
3,17,58,layer,degradation,1.025390625,1.0260790586471558,2763,GAGGAG,0.86474609375,1596,CATTTA,2.10546875,1596,CATTTA,2.10546875,3410,GGGGGN,0.045120030641555786,850,AGGGGN,0.0798262432217598,850,AGGGGN,0.0798262432217598,False,False,True,-0.016697272658348083,
3,18,58,layer,degradation,1.025390625,0.9873138070106506,2763,GAGGAG,0.86865234375,1596,CATTTA,2.109375,1596,CATTTA,2.109375,3410,GGGGGN,0.04508830979466438,850,AGGGGN,0.07743391394615173,850,AGGGGN,0.07743391394615173,False,False,True,-0.006407022476196289,
3,19,58,layer,degradation,0.9560546875,0.7939926385879517,2763,GAGGAG,1.01171875,1596,CATTTA,2.1015625,1596,CATTTA,2.1015625,3410,GGGGGN,0.04046044126152992,850,AGGGGN,0.06103375181555748,850,AGGGGN,0.06103375181555748,False,False,True,0.013424679636955261,
3,20,58,layer,degradation,0.9599609375,0.9219008684158325,2763,GAGGAG,0.978515625,1596,CATTTA,2.076171875,1596,CATTTA,2.076171875,3410,GGGGGN,0.05075895041227341,850,AGGGGN,0.07912123203277588,850,AGGGGN,0.07912123203277588,False,False,True,-0.025893375277519226,
3,21,58,layer,degradation,0.6171875,0.5554154515266418,2763,GAGGAG,1.3916015625,1596,CATTTA,1.740234375,0,AAAAAN,2.0,3410,GGGGGN,0.07169784605503082,850,AGGGGN,0.07774300128221512,850,AGGGGN,0.07774300128221512,False,False,True,-0.10863666981458664,
3,22,58,layer,degradation,0.67138671875,0.8395233750343323,2763,GAGGAG,1.3125,1596,CATTTA,1.779296875,0,AAAAAN,2.0,3410,GGGGGN,0.06034071370959282,850,AGGGGN,0.08368661999702454,850,AGGGGN,0.08368661999702454,False,False,True,-0.14967045933008194,
3,23,58,layer,degradation,0.677734375,0.9417980313301086,2763,GAGGAG,1.3857421875,1596,CATTTA,1.8662109375,0,AAAAAN,2.0,3410,GGGGGN,0.04890359565615654,850,AGGGGN,0.07847751677036285,850,AGGGGN,0.07847751677036285,False,False,True,-0.14268586784601212,
3,24,58,layer,degradation,0.755859375,1.1498546600341797,2763,GAGGAG,1.3876953125,1596,CATTTA,2.0390625,206,AAGGCA,2.1484375,3410,GGGGGN,0.0447058230638504,850,AGGGGN,0.08694934844970703,850,AGGGGN,0.08694934844970703,False,False,True,-0.08601900935173035,
3,25,58,layer,degradation,0.66943359375,1.0315759181976318,2763,GAGGAG,1.369140625,1596,CATTTA,1.83203125,0,AAAAAN,2.0,3410,GGGGGN,0.04853128641843796,850,AGGGGN,0.08357223123311996,850,AGGGGN,0.08357223123311996,False,False,True,-0.06349042057991028,
3,26,58,layer,degradation,0.71435546875,1.0027964115142822,2763,GAGGAG,1.326171875,1596,CATTTA,1.88671875,843,AGGGAG,2.05078125,3410,GGGGGN,0.04301832243800163,850,AGGGGN,0.07630673795938492,850,AGGGGN,0.07630673795938492,False,False,True,-0.047450706362724304,
3,27,58,layer,degradation,0.76220703125,0.949589192867279,2763,GAGGAG,1.2294921875,1596,CATTTA,1.89453125,0,AAAAAN,2.0,3410,GGGGGN,0.04375028610229492,850,AGGGGN,0.07379864901304245,850,AGGGGN,0.07379864901304245,False,False,True,-0.02633361518383026,
3,28,58,layer,degradation,0.91796875,1.0642236471176147,2763,GAGGAG,1.0654296875,1596,CATTTA,2.0703125,1596,CATTTA,2.0703125,3410,GGGGGN,0.0415097139775753,850,AGGGGN,0.07853874564170837,850,AGGGGN,0.07853874564170837,False,False,True,-0.012583374977111816,
3,29,58,layer,degradation,0.966796875,1.0539026260375977,2763,GAGGAG,1.0390625,1596,CATTTA,2.15234375,1596,CATTTA,2.15234375,3410,GGGGGN,0.042738690972328186,850,AGGGGN,0.07913921773433685,850,AGGGGN,0.07913921773433685,False,False,True,0.0014037787914276123,
3,30,58,layer,degradation,0.9501953125,1.0168625116348267,2763,GAGGAG,1.064453125,1596,CATTTA,2.140625,1596,CATTTA,2.140625,3410,GGGGGN,0.042787209153175354,850,AGGGGN,0.07693217694759369,850,AGGGGN,0.07693217694759369,False,False,True,-0.00046774744987487793,
3,31,58,layer,degradation,0.90625,0.9237132668495178,2763,GAGGAG,1.13671875,1596,CATTTA,2.1171875,1596,CATTTA,2.1171875,3410,GGGGGN,0.04541425406932831,850,AGGGGN,0.07388690114021301,850,AGGGGN,0.07388690114021301,False,False,True,-0.004929855465888977,
3,32,58,layer,degradation,0.8984375,0.8879385590553284,2763,GAGGAG,1.14453125,1596,CATTTA,2.107421875,1596,CATTTA,2.107421875,3410,GGGGGN,0.04708173871040344,850,AGGGGN,0.0733758881688118,850,AGGGGN,0.0733758881688118,False,False,True,-0.014888271689414978,
3,33,58,layer,degradation,0.9375,0.9091188907623291,2763,GAGGAG,1.068359375,1596,CATTTA,2.1171875,1596,CATTTA,2.1171875,3410,GGGGGN,0.04610101506114006,850,AGGGGN,0.0736849382519722,850,AGGGGN,0.0736849382519722,False,False,True,-0.0073435306549072266,
3,34,58,layer,degradation,0.9609375,0.9358952045440674,2763,GAGGAG,1.0185546875,1596,CATTTA,2.1171875,1596,CATTTA,2.1171875,3410,GGGGGN,0.045212652534246445,850,AGGGGN,0.07442712038755417,850,AGGGGN,0.07442712038755417,False,False,True,-0.00574001669883728,
3,35,58,layer,degradation,0.99658203125,0.9839328527450562,2763,GAGGAG,0.92724609375,1596,CATTTA,2.10546875,1596,CATTTA,2.10546875,3410,GGGGGN,0.04474572837352753,850,AGGGGN,0.07688544690608978,850,AGGGGN,0.07688544690608978,False,False,True,-0.0009210705757141113,
3,36,58,layer,degradation,1.001953125,1.0160393714904785,2763,GAGGAG,0.91748046875,1596,CATTTA,2.107421875,1596,CATTTA,2.107421875,3410,GGGGGN,0.0443812794983387,850,AGGGGN,0.07847612351179123,850,AGGGGN,0.07847612351179123,False,False,True,-0.003480389714241028,
3,37,58,layer,degradation,1.0048828125,1.029887318611145,2763,GAGGAG,0.90869140625,1596,CATTTA,2.10546875,1596,CATTTA,2.10546875,3410,GGGGGN,0.04356818646192551,850,AGGGGN,0.07850630581378937,850,AGGGGN,0.07850630581378937,False,False,True,-0.003524467349052429,
3,38,58,layer,degradation,1.0126953125,1.0144057273864746,2763,GAGGAG,0.908203125,1596,CATTTA,2.12109375,1596,CATTTA,2.12109375,3410,GGGGGN,0.04355793446302414,850,AGGGGN,0.07755330204963684,850,AGGGGN,0.07755330204963684,False,False,True,-0.002162158489227295,
3,39,58,layer,degradation,1.005859375,0.9952976107597351,2763,GAGGAG,0.9296875,1596,CATTTA,2.12890625,1596,CATTTA,2.12890625,3410,GGGGGN,0.043476495891809464,850,AGGGGN,0.07630827277898788,850,AGGGGN,0.07630827277898788,False,False,True,-0.0019163936376571655,
3,40,58,layer,degradation,0.99462890625,1.0055791139602661,2763,GAGGAG,0.9580078125,1596,CATTTA,2.130859375,1596,CATTTA,2.130859375,3410,GGGGGN,0.044186413288116455,850,AGGGGN,0.07764428108930588,850,AGGGGN,0.07764428108930588,False,False,True,-0.006516993045806885,
3,41,58,layer,degradation,0.97509765625,0.9863021373748779,2763,GAGGAG,1.001953125,1596,CATTTA,2.1328125,1596,CATTTA,2.1328125,3410,GGGGGN,0.04556858539581299,850,AGGGGN,0.07785258442163467,850,AGGGGN,0.07785258442163467,False,False,True,-0.009650632739067078,
4,0,58,layer,degradation,0.9775390625,0.9716185331344604,2763,GAGGAG,0.951171875,1596,CATTTA,2.087890625,1596,CATTTA,2.087890625,3410,GGGGGN,0.04477832466363907,850,AGGGGN,0.07616816461086273,850,AGGGGN,0.07616816461086273,False,False,True,-0.006140485405921936,
4,1,58,layer,degradation,0.9765625,0.9749950170516968,2763,GAGGAG,0.95947265625,1596,CATTTA,2.09375,1596,CATTTA,2.09375,3410,GGGGGN,0.045237328857183456,850,AGGGGN,0.07683277875185013,850,AGGGGN,0.07683277875185013,False,False,True,-0.007652699947357178,
4,2,58,layer,degradation,0.9794921875,0.983159065246582,2763,GAGGAG,0.95751953125,1596,CATTTA,2.09765625,1596,CATTTA,2.09765625,3410,GGGGGN,0.044608451426029205,850,AGGGGN,0.07670105248689651,850,AGGGGN,0.07670105248689651,False,False,True,-0.0065222978591918945,
4,3,58,layer,degradation,0.9697265625,0.9198421239852905,2763,GAGGAG,1.001953125,1596,CATTTA,2.12109375,1596,CATTTA,2.12109375,3410,GGGGGN,0.04501509293913841,850,AGGGGN,0.07325200736522675,850,AGGGGN,0.07325200736522675,False,False,True,-0.0024871081113815308,
4,4,58,layer,degradation,0.9697265625,0.9011698365211487,2763,GAGGAG,0.99658203125,1596,CATTTA,2.115234375,1596,CATTTA,2.115234375,3410,GGGGGN,0.04436434432864189,850,AGGGGN,0.07146421074867249,850,AGGGGN,0.07146421074867249,False,False,True,-0.0016544163227081299,
4,5,58,layer,degradation,0.97119140625,0.8963037729263306,2763,GAGGAG,0.9912109375,1596,CATTTA,2.115234375,1596,CATTTA,2.115234375,3410,GGGGGN,0.044275857508182526,850,AGGGGN,0.07107940316200256,850,AGGGGN,0.07107940316200256,False,False,True,-0.00048044323921203613,
4,6,58,layer,degradation,0.99658203125,0.9890097975730896,2763,GAGGAG,0.9404296875,1596,CATTTA,2.1171875,1596,CATTTA,2.1171875,3410,GGGGGN,0.04389617592096329,850,AGGGGN,0.0763450562953949,850,AGGGGN,0.0763450562953949,False,False,True,-0.008222788572311401,
4,7,58,layer,degradation,0.99755859375,0.9861162900924683,2763,GAGGAG,0.9453125,1596,CATTTA,2.125,1596,CATTTA,2.125,3410,GGGGGN,0.044462405145168304,850,AGGGGN,0.07673508673906326,850,AGGGGN,0.07673508673906326,False,False,True,-0.01180565357208252,
4,8,58,layer,degradation,0.998046875,1.0007283687591553,2763,GAGGAG,0.943359375,1596,CATTTA,2.125,1596,CATTTA,2.125,3410,GGGGGN,0.043658629059791565,850,AGGGGN,0.07682111114263535,850,AGGGGN,0.07682111114263535,False,False,True,-0.012818202376365662,
4,9,58,layer,degradation,0.9892578125,0.9859475493431091,2763,GAGGAG,0.9521484375,1596,CATTTA,2.11328125,1596,CATTTA,2.11328125,3410,GGGGGN,0.04269223287701607,850,AGGGGN,0.07495463639497757,850,AGGGGN,0.07495463639497757,False,False,True,-0.008736282587051392,
4,10,58,layer,degradation,0.99462890625,0.9692822694778442,2763,GAGGAG,0.958984375,1596,CATTTA,2.1328125,1596,CATTTA,2.1328125,3410,GGGGGN,0.042228616774082184,850,AGGGGN,0.07347618788480759,850,AGGGGN,0.07347618788480759,False,False,True,0.0032549798488616943,
4,11,58,layer,degradation,1.001953125,0.9387041330337524,2763,GAGGAG,0.9619140625,1596,CATTTA,2.15234375,1596,CATTTA,2.15234375,3410,GGGGGN,0.04216078296303749,850,AGGGGN,0.07154630124568939,850,AGGGGN,0.07154630124568939,False,False,True,0.015361249446868896,
4,12,58,layer,degradation,1.00390625,0.9240393042564392,2763,GAGGAG,0.96630859375,1596,CATTTA,2.16015625,1596,CATTTA,2.16015625,3410,GGGGGN,0.04248155653476715,850,AGGGGN,0.07097405940294266,850,AGGGGN,0.07097405940294266,False,False,True,0.020933672785758972,
4,13,58,layer,degradation,1.0029296875,0.9456620812416077,2763,GAGGAG,0.94140625,1596,CATTTA,2.1328125,1596,CATTTA,2.1328125,3410,GGGGGN,0.043597981333732605,850,AGGGGN,0.07340720295906067,850,AGGGGN,0.07340720295906067,False,False,True,0.014458775520324707,
4,14,58,layer,degradation,0.99658203125,0.985989511013031,2763,GAGGAG,0.9248046875,1596,CATTTA,2.1015625,1596,CATTTA,2.1015625,3410,GGGGGN,0.04560713842511177,850,AGGGGN,0.07787209749221802,850,AGGGGN,0.07787209749221802,False,False,True,-0.00452461838722229,
4,15,58,layer,degradation,0.98681640625,0.9855419993400574,2763,GAGGAG,0.921875,1596,CATTTA,2.078125,1596,CATTTA,2.078125,3410,GGGGGN,0.04688524454832077,850,AGGGGN,0.07912295311689377,850,AGGGGN,0.07912295311689377,False,False,True,-0.015477299690246582,
4,16,58,layer,degradation,0.99267578125,1.001441240310669,2763,GAGGAG,0.91748046875,1596,CATTTA,2.087890625,1596,CATTTA,2.087890625,3410,GGGGGN,0.0486755333840847,850,AGGGGN,0.08188142627477646,850,AGGGGN,0.08188142627477646,False,False,True,-0.025701433420181274,
4,17,58,layer,degradation,1.021484375,0.9259707927703857,2763,GAGGAG,0.9150390625,1596,CATTTA,2.146484375,1596,CATTTA,2.146484375,3410,GGGGGN,0.04633231833577156,850,AGGGGN,0.0749424397945404,850,AGGGGN,0.0749424397945404,False,False,True,-0.02072615921497345,
4,18,58,layer,degradation,1.0244140625,0.9225542545318604,2763,GAGGAG,0.90380859375,1596,CATTTA,2.142578125,1596,CATTTA,2.142578125,3410,GGGGGN,0.04534658417105675,850,AGGGGN,0.07374865561723709,850,AGGGGN,0.07374865561723709,False,False,True,-0.011255472898483276,
4,19,58,layer,degradation,0.845703125,0.7249957919120789,2763,GAGGAG,1.16796875,1596,CATTTA,2.015625,1596,CATTTA,2.015625,3410,GGGGGN,0.040397759526968,850,AGGGGN,0.05676950886845589,850,AGGGGN,0.05676950886845589,False,False,True,0.0018422603607177734,
4,20,58,layer,degradation,0.8515625,0.8337265849113464,2763,GAGGAG,1.044921875,1596,CATTTA,1.9052734375,0,AAAAAN,2.0,3410,GGGGGN,0.04908160865306854,850,AGGGGN,0.0720745176076889,850,AGGGGN,0.0720745176076889,False,False,True,-0.040270209312438965,
4,21,58,layer,degradation,0.70947265625,0.8537186980247498,2763,GAGGAG,1.2265625,1596,CATTTA,1.7763671875,0,AAAAAN,2.0,3410,GGGGGN,0.061489287763834,850,AGGGGN,0.08569961786270142,850,AGGGGN,0.08569961786270142,False,False,True,-0.08641545474529266,
4,22,58,layer,degradation,0.75537109375,1.1627469062805176,2763,GAGGAG,1.228515625,1596,CATTTA,1.87890625,0,AAAAAN,2.0,3410,GGGGGN,0.05167200416326523,850,AGGGGN,0.09470060467720032,850,AGGGGN,0.09470060467720032,False,False,True,-0.13173697143793106,
4,23,58,layer,degradation,0.736328125,1.2149908542633057,2763,GAGGAG,1.255859375,1596,CATTTA,1.8642578125,0,AAAAAN,2.0,3410,GGGGGN,0.04285939782857895,850,AGGGGN,0.08906939625740051,850,AGGGGN,0.08906939625740051,False,False,True,-0.10544589161872864,
4,24,58,layer,degradation,0.7939453125,1.2314949035644531,2763,GAGGAG,1.3203125,1596,CATTTA,2.0546875,206,AAGGCA,2.068359375,3410,GGGGGN,0.046087346971035004,850,AGGGGN,0.09330235421657562,850,AGGGGN,0.09330235421657562,False,False,True,-0.07293708622455597,
4,25,58,layer,degradation,0.671875,1.0107028484344482,2763,GAGGAG,1.3720703125,1596,CATTTA,1.83984375,3241,GGAGAA,2.025390625,3410,GGGGGN,0.0498826801776886,850,AGGGGN,0.0836525559425354,850,AGGGGN,0.0836525559425354,False,False,True,-0.06164371967315674,
4,26,58,layer,degradation,0.67431640625,0.896570086479187,2763,GAGGAG,1.42578125,1596,CATTTA,1.8984375,843,AGGGAG,2.03515625,3410,GGGGGN,0.04662764072418213,850,AGGGGN,0.07344740629196167,850,AGGGGN,0.07344740629196167,False,False,True,-0.045795053243637085,
4,27,58,layer,degradation,0.689453125,0.8381608724594116,2763,GAGGAG,1.40234375,1596,CATTTA,1.908203125,0,AAAAAN,2.0,3410,GGGGGN,0.04703430458903313,850,AGGGGN,0.0702972412109375,850,AGGGGN,0.0702972412109375,False,False,True,-0.027218937873840332,
4,28,58,layer,degradation,0.8828125,0.9475510120391846,2763,GAGGAG,1.1611328125,1596,CATTTA,2.08984375,1596,CATTTA,2.08984375,3410,GGGGGN,0.04394439980387688,850,AGGGGN,0.07386864721775055,850,AGGGGN,0.07386864721775055,False,False,True,-0.01167529821395874,
4,29,58,layer,degradation,0.97607421875,0.9965198636054993,2763,GAGGAG,1.02734375,1596,CATTTA,2.16015625,1596,CATTTA,2.16015625,3410,GGGGGN,0.04269298166036606,850,AGGGGN,0.07559918612241745,850,AGGGGN,0.07559918612241745,False,False,True,0.0015089213848114014,
4,30,58,layer,degradation,0.97119140625,0.9751392006874084,2763,GAGGAG,1.0205078125,1596,CATTTA,2.14453125,1596,CATTTA,2.14453125,3410,GGGGGN,0.042892031371593475,850,AGGGGN,0.07449626177549362,850,AGGGGN,0.07449626177549362,False,False,True,-0.00472491979598999,
4,31,58,layer,degradation,0.94384765625,0.9405069947242737,2763,GAGGAG,1.1015625,1596,CATTTA,2.1640625,1596,CATTTA,2.1640625,3410,GGGGGN,0.04364771768450737,850,AGGGGN,0.07314302027225494,850,AGGGGN,0.07314302027225494,False,False,True,-0.011083841323852539,
4,32,58,layer,degradation,0.9501953125,0.9081604480743408,2763,GAGGAG,1.048828125,1596,CATTTA,2.125,1596,CATTTA,2.125,3410,GGGGGN,0.04503767937421799,850,AGGGGN,0.07256323844194412,850,AGGGGN,0.07256323844194412,False,False,True,-0.011349350214004517,
4,33,58,layer,degradation,0.96533203125,0.9151985049247742,2763,GAGGAG,1.025390625,1596,CATTTA,2.134765625,1596,CATTTA,2.134765625,3410,GGGGGN,0.044564295560121536,850,AGGGGN,0.07251843810081482,850,AGGGGN,0.07251843810081482,False,False,True,0.002551719546318054,
4,34,58,layer,degradation,0.99365234375,0.9525739550590515,2763,GAGGAG,0.939453125,1596,CATTTA,2.111328125,1596,CATTTA,2.111328125,3410,GGGGGN,0.04311118274927139,850,AGGGGN,0.07334130257368088,850,AGGGGN,0.07334130257368088,False,False,True,0.004755735397338867,
4,35,58,layer,degradation,0.99755859375,0.9921121001243591,2763,GAGGAG,0.92724609375,1596,CATTTA,2.107421875,1596,CATTTA,2.107421875,3410,GGGGGN,0.04377700760960579,850,AGGGGN,0.0764148011803627,850,AGGGGN,0.0764148011803627,False,False,True,-0.0008335113525390625,
4,36,58,layer,degradation,0.9990234375,1.0128079652786255,2763,GAGGAG,0.923828125,1596,CATTTA,2.107421875,1596,CATTTA,2.107421875,3410,GGGGGN,0.04310113191604614,850,AGGGGN,0.07699920237064362,850,AGGGGN,0.07699920237064362,False,False,True,-0.007280334830284119,
4,37,58,layer,degradation,0.99560546875,1.0123958587646484,2763,GAGGAG,0.931640625,1596,CATTTA,2.107421875,1596,CATTTA,2.107421875,3410,GGGGGN,0.04318590834736824,850,AGGGGN,0.07705888152122498,850,AGGGGN,0.07705888152122498,False,False,True,-0.006373479962348938,
4,38,58,layer,degradation,1.029296875,1.018191933631897,2763,GAGGAG,0.8984375,1596,CATTTA,2.1484375,1596,CATTTA,2.1484375,3410,GGGGGN,0.04143023118376732,850,AGGGGN,0.07565616071224213,850,AGGGGN,0.07565616071224213,False,False,True,0.003692448139190674,
4,39,58,layer,degradation,1.037109375,1.0247832536697388,2763,GAGGAG,0.8916015625,1596,CATTTA,2.158203125,1596,CATTTA,2.158203125,3410,GGGGGN,0.040843505412340164,850,AGGGGN,0.07547081261873245,850,AGGGGN,0.07547081261873245,False,False,True,0.006784841418266296,
4,40,58,layer,degradation,1.0263671875,0.9998796582221985,2763,GAGGAG,0.9150390625,1596,CATTTA,2.16015625,1596,CATTTA,2.16015625,3410,GGGGGN,0.042596396058797836,850,AGGGGN,0.07570719718933105,850,AGGGGN,0.07570719718933105,False,False,True,0.002436041831970215,
4,41,58,layer,degradation,0.99560546875,0.981408953666687,2763,GAGGAG,0.93798828125,1596,CATTTA,2.11328125,1596,CATTTA,2.11328125,3410,GGGGGN,0.04472094029188156,850,AGGGGN,0.07670696824789047,850,AGGGGN,0.07670696824789047,False,False,True,-0.016884922981262207,
5,0,58,layer,degradation,0.98583984375,0.9915555119514465,2763,GAGGAG,0.95703125,1596,CATTTA,2.111328125,1596,CATTTA,2.111328125,3410,GGGGGN,0.04412805661559105,850,AGGGGN,0.07673195749521255,850,AGGGGN,0.07673195749521255,False,False,True,-0.007512420415878296,
5,1,58,layer,degradation,0.98681640625,1.0092370510101318,2763,GAGGAG,0.953125,1596,CATTTA,2.109375,1596,CATTTA,2.109375,3410,GGGGGN,0.04435800388455391,850,AGGGGN,0.07803862541913986,850,AGGGGN,0.07803862541913986,False,False,True,-0.010552585124969482,
5,2,58,layer,degradation,0.9912109375,1.02336847782135,2763,GAGGAG,0.935546875,1596,CATTTA,2.1015625,1596,CATTTA,2.1015625,3410,GGGGGN,0.04331939294934273,850,AGGGGN,0.07786054164171219,850,AGGGGN,0.07786054164171219,False,False,True,-0.010776907205581665,
5,3,58,layer,degradation,0.9873046875,1.0200486183166504,2763,GAGGAG,0.94970703125,1596,CATTTA,2.107421875,1596,CATTTA,2.107421875,3410,GGGGGN,0.043390680104494095,850,AGGGGN,0.07772967219352722,850,AGGGGN,0.07772967219352722,False,False,True,-0.009512186050415039,
5,4,58,layer,degradation,0.9873046875,1.0196216106414795,2763,GAGGAG,0.9423828125,1596,CATTTA,2.1015625,1596,CATTTA,2.1015625,3410,GGGGGN,0.04281358793377876,850,AGGGGN,0.07712657749652863,850,AGGGGN,0.07712657749652863,False,False,True,-0.008156150579452515,
5,5,58,layer,degradation,0.98193359375,1.004172921180725,2763,GAGGAG,0.9541015625,1596,CATTTA,2.099609375,1596,CATTTA,2.099609375,3410,GGGGGN,0.04294172301888466,850,AGGGGN,0.07631396502256393,850,AGGGGN,0.07631396502256393,False,False,True,-0.00718235969543457,
5,6,58,layer,degradation,0.978515625,0.9523234367370605,2763,GAGGAG,0.9599609375,1596,CATTTA,2.09765625,1596,CATTTA,2.09765625,3410,GGGGGN,0.04332816228270531,850,AGGGGN,0.07354302704334259,850,AGGGGN,0.07354302704334259,False,False,True,-0.01253722608089447,
5,7,58,layer,degradation,0.97607421875,0.8510655164718628,2763,GAGGAG,1.015625,1596,CATTTA,2.1484375,1596,CATTTA,2.1484375,3410,GGGGGN,0.04417725279927254,850,AGGGGN,0.06822601705789566,850,AGGGGN,0.06822601705789566,False,False,True,-0.01344163715839386,
5,8,58,layer,degradation,0.9814453125,0.8730556964874268,2763,GAGGAG,0.99853515625,1596,CATTTA,2.142578125,1596,CATTTA,2.142578125,3410,GGGGGN,0.044099483639001846,850,AGGGGN,0.06948734074831009,850,AGGGGN,0.06948734074831009,False,False,True,-0.016733691096305847,
5,9,58,layer,degradation,0.98681640625,0.9086393713951111,2763,GAGGAG,0.97607421875,1596,CATTTA,2.1328125,1596,CATTTA,2.1328125,3410,GGGGGN,0.04341086372733116,850,AGGGGN,0.07096558809280396,850,AGGGGN,0.07096558809280396,False,False,True,-0.017009124159812927,
5,10,58,layer,degradation,0.99365234375,0.9944211840629578,2763,GAGGAG,0.92333984375,1596,CATTTA,2.095703125,1596,CATTTA,2.095703125,3410,GGGGGN,0.04405686631798744,850,AGGGGN,0.0768352746963501,850,AGGGGN,0.0768352746963501,False,False,True,-0.014608711004257202,
5,11,58,layer,degradation,0.9990234375,0.9521893858909607,2763,GAGGAG,0.93310546875,1596,CATTTA,2.1171875,1596,CATTTA,2.1171875,3410,GGGGGN,0.04414946585893631,850,AGGGGN,0.07435616850852966,850,AGGGGN,0.07435616850852966,False,False,True,-0.010800138115882874,
5,12,58,layer,degradation,1.0126953125,0.9527209401130676,2763,GAGGAG,0.9365234375,1596,CATTTA,2.1484375,1596,CATTTA,2.1484375,3410,GGGGGN,0.04495399072766304,850,AGGGGN,0.07519306242465973,850,AGGGGN,0.07519306242465973,False,False,True,-0.002417534589767456,
5,13,58,layer,degradation,1.009765625,0.9678958058357239,2763,GAGGAG,0.943359375,1596,CATTTA,2.150390625,1596,CATTTA,2.150390625,3410,GGGGGN,0.045063916593790054,850,AGGGGN,0.07622706145048141,850,AGGGGN,0.07622706145048141,False,False,True,0.0006781518459320068,
5,14,58,layer,degradation,1.0048828125,1.011911153793335,2763,GAGGAG,0.91259765625,1596,CATTTA,2.107421875,1596,CATTTA,2.107421875,3410,GGGGGN,0.045076433569192886,850,AGGGGN,0.0789198949933052,850,AGGGGN,0.0789198949933052,False,False,True,-0.005991116166114807,
5,15,58,layer,degradation,0.98583984375,0.9824628233909607,2763,GAGGAG,0.935546875,1596,CATTTA,2.08984375,1596,CATTTA,2.08984375,3410,GGGGGN,0.04681750014424324,850,AGGGGN,0.07886770367622375,850,AGGGGN,0.07886770367622375,False,False,True,-0.010049998760223389,
5,16,58,layer,degradation,1.0048828125,0.9425491690635681,2763,GAGGAG,0.9423828125,1596,CATTTA,2.140625,1596,CATTTA,2.140625,3410,GGGGGN,0.047210101038217545,850,AGGGGN,0.07682976126670837,850,AGGGGN,0.07682976126670837,False,False,True,0.0025112032890319824,
5,17,58,layer,degradation,1.0,0.8663559556007385,2763,GAGGAG,0.94775390625,1596,CATTTA,2.1328125,1596,CATTTA,2.1328125,3410,GGGGGN,0.049305059015750885,850,AGGGGN,0.07428493350744247,850,AGGGGN,0.07428493350744247,False,False,True,0.005215570330619812,
5,18,58,layer,degradation,1.0029296875,0.8703225255012512,2763,GAGGAG,0.921875,1596,CATTTA,2.11328125,1596,CATTTA,2.11328125,3410,GGGGGN,0.04757994785904884,850,AGGGGN,0.0728013664484024,850,AGGGGN,0.0728013664484024,False,False,True,0.008231252431869507,
5,19,58,layer,degradation,0.845703125,0.7842364311218262,2763,GAGGAG,1.11328125,1596,CATTTA,1.9609375,0,AAAAAN,2.0,3410,GGGGGN,0.04258526861667633,850,AGGGGN,0.06256447732448578,850,AGGGGN,0.06256447732448578,False,False,True,-0.00563301146030426,
5,20,58,layer,degradation,0.87109375,0.8609273433685303,2763,GAGGAG,1.03515625,1596,CATTTA,1.9384765625,0,AAAAAN,2.0,3410,GGGGGN,0.04683026671409607,850,AGGGGN,0.07147956639528275,850,AGGGGN,0.07147956639528275,False,False,True,-0.054090991616249084,
5,21,58,layer,degradation,0.7529296875,0.8624165058135986,2763,GAGGAG,1.142578125,1596,CATTTA,1.7880859375,0,AAAAAN,2.0,3410,GGGGGN,0.05671161413192749,850,AGGGGN,0.08145159482955933,850,AGGGGN,0.08145159482955933,False,False,True,-0.08649612963199615,
5,22,58,layer,degradation,0.72705078125,1.1466437578201294,2763,GAGGAG,1.248046875,1596,CATTTA,1.8369140625,0,AAAAAN,2.0,3410,GGGGGN,0.05060993880033493,850,AGGGGN,0.09265793859958649,850,AGGGGN,0.09265793859958649,False,False,True,-0.12746009230613708,
5,23,58,layer,degradation,0.72607421875,1.2378010749816895,2763,GAGGAG,1.3232421875,1596,CATTTA,1.9091796875,682,AGAGAC,2.00390625,3410,GGGGGN,0.04608482867479324,850,AGGGGN,0.09368385374546051,850,AGGGGN,0.09368385374546051,False,False,True,-0.09726244956254959,
5,24,58,layer,degradation,0.80029296875,1.2318356037139893,2763,GAGGAG,1.3173828125,1596,CATTTA,2.06640625,1596,CATTTA,2.06640625,3410,GGGGGN,0.046924639493227005,850,AGGGGN,0.09416039288043976,850,AGGGGN,0.09416039288043976,False,False,True,-0.07318434119224548,
5,25,58,layer,degradation,0.7578125,1.1254159212112427,2763,GAGGAG,1.2412109375,1596,CATTTA,1.896484375,0,AAAAAN,2.0,3410,GGGGGN,0.04896676167845726,850,AGGGGN,0.08972209692001343,850,AGGGGN,0.08972209692001343,False,False,True,-0.0602618008852005,
5,26,58,layer,degradation,0.7509765625,0.9940820932388306,2763,GAGGAG,1.2685546875,1596,CATTTA,1.9091796875,843,AGGGAG,2.02734375,3410,GGGGGN,0.047659434378147125,850,AGGGGN,0.0804171934723854,850,AGGGGN,0.0804171934723854,False,False,True,-0.053325459361076355,
5,27,58,layer,degradation,0.73681640625,0.9069710373878479,2763,GAGGAG,1.291015625,1596,CATTTA,1.900390625,0,AAAAAN,2.0,3410,GGGGGN,0.04838016629219055,850,AGGGGN,0.07583329826593399,850,AGGGGN,0.07583329826593399,False,False,True,-0.039432838559150696,
5,28,58,layer,degradation,0.8134765625,0.8352771401405334,2763,GAGGAG,1.291015625,1596,CATTTA,2.068359375,1596,CATTTA,2.068359375,3410,GGGGGN,0.047989919781684875,850,AGGGGN,0.07107724994421005,850,AGGGGN,0.07107724994421005,False,False,True,-0.021541282534599304,
5,29,58,layer,degradation,0.91162109375,0.8627054691314697,2763,GAGGAG,1.138671875,1596,CATTTA,2.130859375,1596,CATTTA,2.130859375,3410,GGGGGN,0.046010054647922516,850,AGGGGN,0.07076763361692429,850,AGGGGN,0.07076763361692429,False,False,True,-0.0017029494047164917,
5,30,58,layer,degradation,0.94384765625,0.870589017868042,2763,GAGGAG,1.064453125,1596,CATTTA,2.126953125,1596,CATTTA,2.126953125,3410,GGGGGN,0.04425184056162834,850,AGGGGN,0.069489486515522,850,AGGGGN,0.069489486515522,False,False,True,0.004294976592063904,
5,31,58,layer,degradation,0.95556640625,0.9108739495277405,2763,GAGGAG,1.0576171875,1596,CATTTA,2.146484375,1596,CATTTA,2.146484375,3410,GGGGGN,0.043824829161167145,850,AGGGGN,0.07151562720537186,850,AGGGGN,0.07151562720537186,False,False,True,0.0057756006717681885,
5,32,58,layer,degradation,0.95361328125,0.9104906916618347,2763,GAGGAG,1.0283203125,1596,CATTTA,2.11328125,1596,CATTTA,2.11328125,3410,GGGGGN,0.043412599712610245,850,AGGGGN,0.07108005881309509,850,AGGGGN,0.07108005881309509,False,False,True,0.0024591833353042603,
5,33,58,layer,degradation,0.96435546875,0.9048851728439331,2763,GAGGAG,1.0078125,1596,CATTTA,2.115234375,1596,CATTTA,2.115234375,3410,GGGGGN,0.0428820364177227,850,AGGGGN,0.07020814716815948,850,AGGGGN,0.07020814716815948,False,False,True,0.006842941045761108,
5,34,58,layer,degradation,0.99462890625,0.963873565196991,2763,GAGGAG,0.9072265625,1596,CATTTA,2.08203125,1596,CATTTA,2.08203125,3410,GGGGGN,0.0408078208565712,850,AGGGGN,0.07172603160142899,850,AGGGGN,0.07172603160142899,False,False,True,0.006552308797836304,
5,35,58,layer,degradation,1.00390625,1.0090383291244507,2763,GAGGAG,0.8955078125,1596,CATTTA,2.08984375,1596,CATTTA,2.08984375,3410,GGGGGN,0.0410749688744545,850,AGGGGN,0.07474348694086075,850,AGGGGN,0.07474348694086075,False,False,True,0.00012797117233276367,
5,36,58,layer,degradation,0.99365234375,1.0190556049346924,2763,GAGGAG,0.90283203125,1596,CATTTA,2.07421875,1596,CATTTA,2.07421875,3410,GGGGGN,0.041915662586688995,850,AGGGGN,0.07619418203830719,850,AGGGGN,0.07619418203830719,False,False,True,-0.007333606481552124,
5,37,58,layer,degradation,0.99658203125,1.0228403806686401,2763,GAGGAG,0.9248046875,1596,CATTTA,2.1015625,1596,CATTTA,2.1015625,3410,GGGGGN,0.04246211796998978,850,AGGGGN,0.07697111368179321,850,AGGGGN,0.07697111368179321,False,False,True,-0.005278483033180237,
5,38,58,layer,degradation,1.001953125,1.0234990119934082,2763,GAGGAG,0.9453125,1596,CATTTA,2.134765625,1596,CATTTA,2.134765625,3410,GGGGGN,0.044443633407354355,850,AGGGGN,0.07899273186922073,850,AGGGGN,0.07899273186922073,False,False,True,-0.003360167145729065,
5,39,58,layer,degradation,0.99462890625,1.0354359149932861,2763,GAGGAG,0.94775390625,1596,CATTTA,2.12109375,1596,CATTTA,2.12109375,3410,GGGGGN,0.04436451569199562,850,AGGGGN,0.07964050769805908,850,AGGGGN,0.07964050769805908,False,False,True,0.001589059829711914,
5,40,58,layer,degradation,0.98681640625,0.9801371097564697,2763,GAGGAG,0.9765625,1596,CATTTA,2.1328125,1596,CATTTA,2.1328125,3410,GGGGGN,0.046324990689754486,850,AGGGGN,0.07823356986045837,850,AGGGGN,0.07823356986045837,False,False,True,-0.0023074448108673096,
5,41,58,layer,degradation,0.958984375,0.947404682636261,2763,GAGGAG,1.01171875,1596,CATTTA,2.107421875,1596,CATTTA,2.107421875,3410,GGGGGN,0.04618236795067787,850,AGGGGN,0.07609770447015762,850,AGGGGN,0.07609770447015762,False,False,True,-0.012979045510292053,
6,0,58,layer,degradation,0.998046875,1.0108819007873535,2763,GAGGAG,0.93798828125,1596,CATTTA,2.119140625,1596,CATTTA,2.119140625,3410,GGGGGN,0.043815385550260544,850,AGGGGN,0.07759616523981094,850,AGGGGN,0.07759616523981094,False,False,True,-0.006565690040588379,
6,1,58,layer,degradation,1.001953125,1.0278987884521484,2763,GAGGAG,0.927734375,1596,CATTTA,2.1171875,1596,CATTTA,2.1171875,3410,GGGGGN,0.043338384479284286,850,AGGGGN,0.07815540581941605,850,AGGGGN,0.07815540581941605,False,False,True,-0.006446152925491333,
6,2,58,layer,degradation,1.00390625,1.0200430154800415,2763,GAGGAG,0.9267578125,1596,CATTTA,2.119140625,1596,CATTTA,2.119140625,3410,GGGGGN,0.04254310205578804,850,AGGGGN,0.07688175141811371,850,AGGGGN,0.07688175141811371,False,False,True,-0.002826690673828125,
6,3,58,layer,degradation,0.99658203125,1.003749966621399,2763,GAGGAG,0.9443359375,1596,CATTTA,2.12109375,1596,CATTTA,2.12109375,3410,GGGGGN,0.04274289682507515,850,AGGGGN,0.07608938217163086,850,AGGGGN,0.07608938217163086,False,False,True,0.00034809112548828125,
6,4,58,layer,degradation,0.9912109375,0.9929538369178772,2763,GAGGAG,0.9521484375,1596,CATTTA,2.1171875,1596,CATTTA,2.1171875,3410,GGGGGN,0.04323841258883476,850,AGGGGN,0.07592746615409851,850,AGGGGN,0.07592746615409851,False,False,True,-0.0011959075927734375,
6,5,58,layer,degradation,0.98583984375,0.9742555618286133,2763,GAGGAG,0.9619140625,1596,CATTTA,2.1171875,1596,CATTTA,2.1171875,3410,GGGGGN,0.04348626732826233,850,AGGGGN,0.07503668963909149,850,AGGGGN,0.07503668963909149,False,False,True,-0.001000717282295227,
6,6,58,layer,degradation,0.9697265625,0.9470414519309998,2763,GAGGAG,0.9736328125,1596,CATTTA,2.091796875,1596,CATTTA,2.091796875,3410,GGGGGN,0.04470925033092499,850,AGGGGN,0.07460246980190277,850,AGGGGN,0.07460246980190277,False,False,True,-0.012636050581932068,
6,7,58,layer,degradation,0.947265625,0.8644654154777527,2763,GAGGAG,1.037109375,1596,CATTTA,2.107421875,1596,CATTTA,2.107421875,3410,GGGGGN,0.046397287398576736,850,AGGGGN,0.07126203924417496,850,AGGGGN,0.07126203924417496,False,False,True,-0.022927209734916687,
6,8,58,layer,degradation,0.947265625,0.8750168681144714,2763,GAGGAG,1.037109375,1596,CATTTA,2.107421875,1596,CATTTA,2.107421875,3410,GGGGGN,0.0466463603079319,850,AGGGGN,0.07215364277362823,850,AGGGGN,0.07215364277362823,False,False,True,-0.023090437054634094,
6,9,58,layer,degradation,0.9765625,0.9053365588188171,2763,GAGGAG,0.986328125,1596,CATTTA,2.12109375,1596,CATTTA,2.12109375,3410,GGGGGN,0.04348807781934738,850,AGGGGN,0.07084167748689651,850,AGGGGN,0.07084167748689651,False,False,True,-0.019362255930900574,
6,10,58,layer,degradation,1.0205078125,1.0011504888534546,2763,GAGGAG,0.90576171875,1596,CATTTA,2.13671875,1596,CATTTA,2.13671875,3410,GGGGGN,0.04131655395030975,850,AGGGGN,0.07450474053621292,850,AGGGGN,0.07450474053621292,False,False,True,-0.003966137766838074,
6,11,58,layer,degradation,1.0263671875,1.0310795307159424,2763,GAGGAG,0.8876953125,1596,CATTTA,2.130859375,1596,CATTTA,2.130859375,3410,GGGGGN,0.04168723523616791,850,AGGGGN,0.0766979530453682,850,AGGGGN,0.0766979530453682,False,False,True,-0.006992369890213013,
6,12,58,layer,degradation,1.0341796875,1.0757017135620117,2763,GAGGAG,0.87109375,1596,CATTTA,2.130859375,1596,CATTTA,2.130859375,3410,GGGGGN,0.043109964579343796,850,AGGGGN,0.08083795011043549,850,AGGGGN,0.08083795011043549,False,False,True,-0.0041586607694625854,
6,13,58,layer,degradation,1.0126953125,1.0465025901794434,2763,GAGGAG,0.90625,1596,CATTTA,2.119140625,1596,CATTTA,2.119140625,3410,GGGGGN,0.04483911022543907,850,AGGGGN,0.08078901469707489,850,AGGGGN,0.08078901469707489,False,False,True,-0.003090307116508484,
6,14,58,layer,degradation,1.001953125,1.0319429636001587,2763,GAGGAG,0.9248046875,1596,CATTTA,2.115234375,1596,CATTTA,2.115234375,3410,GGGGGN,0.044816985726356506,850,AGGGGN,0.07988028228282928,850,AGGGGN,0.07988028228282928,False,False,True,-0.006301119923591614,
6,15,58,layer,degradation,0.97119140625,0.9826114773750305,2763,GAGGAG,0.978515625,1596,CATTTA,2.1015625,1596,CATTTA,2.1015625,3410,GGGGGN,0.04689409211277962,850,AGGGGN,0.0789533481001854,850,AGGGGN,0.0789533481001854,False,False,True,-0.013813674449920654,
6,16,58,layer,degradation,0.98583984375,0.9309285283088684,2763,GAGGAG,0.970703125,1596,CATTTA,2.125,1596,CATTTA,2.125,3410,GGGGGN,0.04836402088403702,850,AGGGGN,0.07727604359388351,850,AGGGGN,0.07727604359388351,False,False,True,-0.0028728842735290527,
6,17,58,layer,degradation,0.9599609375,0.805645227432251,2763,GAGGAG,1.0234375,1596,CATTTA,2.12109375,1596,CATTTA,2.12109375,3410,GGGGGN,0.053714439272880554,850,AGGGGN,0.07499733567237854,850,AGGGGN,0.07499733567237854,False,False,True,0.0014594793319702148,
6,18,58,layer,degradation,0.96533203125,0.8211647272109985,2763,GAGGAG,0.990234375,1596,CATTTA,2.099609375,1596,CATTTA,2.099609375,3410,GGGGGN,0.05073140934109688,850,AGGGGN,0.07295936346054077,850,AGGGGN,0.07295936346054077,False,False,True,0.007499322295188904,
6,19,58,layer,degradation,0.880859375,0.8333022594451904,2763,GAGGAG,1.1025390625,1596,CATTTA,2.02734375,1596,CATTTA,2.02734375,3410,GGGGGN,0.04547242820262909,850,AGGGGN,0.06843949854373932,3250,GGAGGN,0.0722799003124237,False,False,True,-0.021917998790740967,
6,20,58,layer,degradation,0.833984375,0.8697429895401001,2763,GAGGAG,1.037109375,1596,CATTTA,1.859375,0,AAAAAN,2.0,3410,GGGGGN,0.046445392072200775,850,AGGGGN,0.071631520986557,850,AGGGGN,0.071631520986557,False,False,True,-0.06216110289096832,
6,21,58,layer,degradation,0.8408203125,1.0452029705047607,2763,GAGGAG,1.0478515625,1596,CATTTA,1.884765625,0,AAAAAN,2.0,3410,GGGGGN,0.047701913863420486,850,AGGGGN,0.08357267081737518,850,AGGGGN,0.08357267081737518,False,False,True,-0.07692880928516388,
6,22,58,layer,degradation,0.77978515625,1.1147418022155762,2763,GAGGAG,1.1845703125,1596,CATTTA,1.888671875,0,AAAAAN,2.0,3410,GGGGGN,0.0472373366355896,850,AGGGGN,0.08734266459941864,850,AGGGGN,0.08734266459941864,False,False,True,-0.113875612616539,
6,23,58,layer,degradation,0.7900390625,1.2011300325393677,2763,GAGGAG,1.287109375,1596,CATTTA,2.013671875,682,AGAGAC,2.021484375,3410,GGGGGN,0.04943319037556648,850,AGGGGN,0.09479913860559464,850,AGGGGN,0.09479913860559464,False,False,True,-0.07153397798538208,
6,24,58,layer,degradation,0.8359375,1.1448423862457275,2763,GAGGAG,1.302734375,1596,CATTTA,2.12890625,1596,CATTTA,2.12890625,3410,GGGGGN,0.04823106899857521,850,AGGGGN,0.09016937762498856,850,AGGGGN,0.09016937762498856,False,False,True,-0.06249527633190155,
6,25,58,layer,degradation,0.8427734375,1.1830147504806519,2763,GAGGAG,1.1484375,1596,CATTTA,1.990234375,0,AAAAAN,2.0,3410,GGGGGN,0.05111714079976082,850,AGGGGN,0.09537995606660843,850,AGGGGN,0.09537995606660843,False,False,True,-0.04119780659675598,
6,26,58,layer,degradation,0.76953125,0.9896320104598999,2763,GAGGAG,1.2431640625,1596,CATTTA,1.9248046875,3241,GGAGAA,2.06640625,3410,GGGGGN,0.049451444298028946,850,AGGGGN,0.08193821460008621,850,AGGGGN,0.08193821460008621,False,False,True,-0.03919792175292969,
6,27,58,layer,degradation,0.7578125,0.8572230935096741,2763,GAGGAG,1.28515625,1596,CATTTA,1.94140625,3241,GGAGAA,2.05859375,3410,GGGGGN,0.049474749714136124,850,AGGGGN,0.07389847934246063,850,AGGGGN,0.07389847934246063,False,False,True,-0.027430176734924316,
6,28,58,layer,degradation,0.80859375,0.8687222003936768,2763,GAGGAG,1.2412109375,1596,CATTTA,2.0078125,1596,CATTTA,2.0078125,3410,GGGGGN,0.049260519444942474,850,AGGGGN,0.07438448816537857,850,AGGGGN,0.07438448816537857,False,False,True,-0.020299389958381653,
6,29,58,layer,degradation,0.8837890625,0.8754940629005432,2763,GAGGAG,1.162109375,1596,CATTTA,2.09375,1596,CATTTA,2.09375,3410,GGGGGN,0.04590647295117378,850,AGGGGN,0.07144281268119812,850,AGGGGN,0.07144281268119812,False,False,True,-0.004772946238517761,
6,30,58,layer,degradation,0.9296875,0.8919953107833862,2763,GAGGAG,1.12109375,1596,CATTTA,2.15234375,1596,CATTTA,2.15234375,3410,GGGGGN,0.04467470571398735,850,AGGGGN,0.07121589034795761,850,AGGGGN,0.07121589034795761,False,False,True,-0.004787266254425049,
6,31,58,layer,degradation,0.927734375,0.9227271676063538,2763,GAGGAG,1.142578125,1596,CATTTA,2.169921875,1596,CATTTA,2.169921875,3410,GGGGGN,0.04525933787226677,850,AGGGGN,0.07367193698883057,850,AGGGGN,0.07367193698883057,False,False,True,-0.009525686502456665,
6,32,58,layer,degradation,0.95166015625,0.913910984992981,2763,GAGGAG,1.0439453125,1596,CATTTA,2.125,1596,CATTTA,2.125,3410,GGGGGN,0.044253479689359665,850,AGGGGN,0.07212921977043152,850,AGGGGN,0.07212921977043152,False,False,True,-0.0050440579652786255,
6,33,58,layer,degradation,0.966796875,0.9171913266181946,2763,GAGGAG,0.98876953125,1596,CATTTA,2.1015625,1596,CATTTA,2.1015625,3410,GGGGGN,0.043411143124103546,850,AGGGGN,0.07148663699626923,850,AGGGGN,0.07148663699626923,False,False,True,0.00176277756690979,
6,34,58,layer,degradation,1.001953125,0.9476855397224426,2763,GAGGAG,0.91064453125,1596,CATTTA,2.099609375,1596,CATTTA,2.099609375,3410,GGGGGN,0.04037884622812271,850,AGGGGN,0.0703112855553627,850,AGGGGN,0.0703112855553627,False,False,True,0.007431581616401672,
6,35,58,layer,degradation,1.0146484375,1.0097270011901855,2763,GAGGAG,0.91748046875,1596,CATTTA,2.134765625,1596,CATTTA,2.134765625,3410,GGGGGN,0.04180622100830078,850,AGGGGN,0.07551667839288712,850,AGGGGN,0.07551667839288712,False,False,True,-0.0008947551250457764,
6,36,58,layer,degradation,0.998046875,1.0235899686813354,2763,GAGGAG,0.91748046875,1596,CATTTA,2.099609375,1596,CATTTA,2.099609375,3410,GGGGGN,0.04287365451455116,850,AGGGGN,0.07742829620838165,850,AGGGGN,0.07742829620838165,False,False,True,-0.002630859613418579,
6,37,58,layer,degradation,0.9912109375,1.0191478729248047,2763,GAGGAG,0.9375,1596,CATTTA,2.103515625,1596,CATTTA,2.103515625,3410,GGGGGN,0.04376174509525299,850,AGGGGN,0.07804588228464127,850,AGGGGN,0.07804588228464127,False,False,True,-0.0064521729946136475,
6,38,58,layer,degradation,0.99462890625,1.0239790678024292,2763,GAGGAG,0.94775390625,1596,CATTTA,2.12109375,1596,CATTTA,2.12109375,3410,GGGGGN,0.0450977087020874,850,AGGGGN,0.07967603951692581,850,AGGGGN,0.07967603951692581,False,False,True,-0.012349903583526611,
6,39,58,layer,degradation,0.98046875,0.9707410335540771,2763,GAGGAG,1.0009765625,1596,CATTTA,2.142578125,1596,CATTTA,2.142578125,3410,GGGGGN,0.0457644984126091,850,AGGGGN,0.07710090279579163,850,AGGGGN,0.07710090279579163,False,False,True,-0.012140333652496338,
6,40,58,layer,degradation,0.978515625,0.9426707029342651,2763,GAGGAG,0.9970703125,1596,CATTTA,2.13671875,1596,CATTTA,2.13671875,3410,GGGGGN,0.04472940415143967,850,AGGGGN,0.07435646653175354,850,AGGGGN,0.07435646653175354,False,False,True,-0.007812678813934326,
6,41,58,layer,degradation,0.9501953125,0.9251784682273865,2763,GAGGAG,1.0146484375,1596,CATTTA,2.091796875,1596,CATTTA,2.091796875,3410,GGGGGN,0.04351378604769707,850,AGGGGN,0.07207565754652023,850,AGGGGN,0.07207565754652023,False,False,True,-0.005456671118736267,
7,0,58,layer,degradation,0.9921875,1.0267033576965332,2763,GAGGAG,0.93359375,1596,CATTTA,2.1015625,1596,CATTTA,2.1015625,3410,GGGGGN,0.043418657034635544,850,AGGGGN,0.07816288620233536,850,AGGGGN,0.07816288620233536,False,False,True,-0.007300153374671936,
7,1,58,layer,degradation,0.99365234375,1.0271905660629272,2763,GAGGAG,0.9296875,1596,CATTTA,2.1015625,1596,CATTTA,2.1015625,3410,GGGGGN,0.04328027740120888,850,AGGGGN,0.07805418223142624,850,AGGGGN,0.07805418223142624,False,False,True,-0.00760689377784729,
7,2,58,layer,degradation,1.001953125,1.031596302986145,2763,GAGGAG,0.92333984375,1596,CATTTA,2.11328125,1596,CATTTA,2.11328125,3410,GGGGGN,0.04293243587017059,850,AGGGGN,0.07797462493181229,850,AGGGGN,0.07797462493181229,False,False,True,-0.0053685009479522705,
7,3,58,layer,degradation,0.98193359375,0.981611430644989,2763,GAGGAG,0.96435546875,1596,CATTTA,2.111328125,1596,CATTTA,2.111328125,3410,GGGGGN,0.04387730360031128,850,AGGGGN,0.0758756622672081,850,AGGGGN,0.0758756622672081,False,False,True,-0.012924373149871826,
7,4,58,layer,degradation,0.9765625,0.9777838587760925,2763,GAGGAG,0.9716796875,1596,CATTTA,2.10546875,1596,CATTTA,2.10546875,3410,GGGGGN,0.04387790337204933,850,AGGGGN,0.07564318180084229,850,AGGGGN,0.07564318180084229,False,False,True,-0.011190518736839294,
7,5,58,layer,degradation,0.97412109375,0.9630005359649658,2763,GAGGAG,0.98583984375,1596,CATTTA,2.115234375,1596,CATTTA,2.115234375,3410,GGGGGN,0.044108059257268906,850,AGGGGN,0.07497310638427734,850,AGGGGN,0.07497310638427734,False,False,True,-0.012598127126693726,
7,6,58,layer,degradation,0.95703125,0.944226086139679,2763,GAGGAG,1.0068359375,1596,CATTTA,2.09765625,1596,CATTTA,2.09765625,3410,GGGGGN,0.04689309373497963,850,AGGGGN,0.0766148716211319,850,AGGGGN,0.0766148716211319,False,False,True,-0.013041168451309204,
7,7,58,layer,degradation,0.93115234375,0.9016827940940857,2763,GAGGAG,1.091796875,1596,CATTTA,2.126953125,1596,CATTTA,2.126953125,3410,GGGGGN,0.049564555287361145,850,AGGGGN,0.07669565826654434,850,AGGGGN,0.07669565826654434,False,False,True,-0.0055292099714279175,
7,8,58,layer,degradation,0.93115234375,0.9062671661376953,2763,GAGGAG,1.087890625,1596,CATTTA,2.123046875,1596,CATTTA,2.123046875,3410,GGGGGN,0.04885953664779663,850,AGGGGN,0.07626980543136597,850,AGGGGN,0.07626980543136597,False,False,True,-0.005007699131965637,
7,9,58,layer,degradation,0.96435546875,0.93476402759552,2763,GAGGAG,1.0263671875,1596,CATTTA,2.1328125,1596,CATTTA,2.1328125,3410,GGGGGN,0.04511656612157822,850,AGGGGN,0.07426214963197708,850,AGGGGN,0.07426214963197708,False,False,True,-0.001473546028137207,
7,10,58,layer,degradation,1.021484375,1.0318328142166138,2763,GAGGAG,0.89306640625,1596,CATTTA,2.125,1596,CATTTA,2.125,3410,GGGGGN,0.04263542219996452,850,AGGGGN,0.07769200950860977,850,AGGGGN,0.07769200950860977,False,False,True,-0.011041194200515747,
7,11,58,layer,degradation,1.0185546875,1.060718059539795,2763,GAGGAG,0.8828125,1596,CATTTA,2.109375,1596,CATTTA,2.109375,3410,GGGGGN,0.043152935802936554,850,AGGGGN,0.07996848970651627,850,AGGGGN,0.07996848970651627,False,False,True,-0.01632554829120636,
7,12,58,layer,degradation,1.0263671875,1.095628023147583,2763,GAGGAG,0.87939453125,1596,CATTTA,2.12109375,1596,CATTTA,2.12109375,3410,GGGGGN,0.043405916541814804,850,AGGGGN,0.0823473110795021,850,AGGGGN,0.0823473110795021,False,False,True,-0.013786420226097107,
7,13,58,layer,degradation,1.015625,1.044336199760437,2763,GAGGAG,0.90771484375,1596,CATTTA,2.126953125,1596,CATTTA,2.126953125,3410,GGGGGN,0.043688394129276276,850,AGGGGN,0.07950637489557266,850,AGGGGN,0.07950637489557266,False,False,True,-0.008528187870979309,
7,14,58,layer,degradation,1.01953125,1.0455142259597778,2763,GAGGAG,0.90771484375,1596,CATTTA,2.13671875,1596,CATTTA,2.13671875,3410,GGGGGN,0.04313819855451584,850,AGGGGN,0.07902791351079941,850,AGGGGN,0.07902791351079941,False,False,True,-0.007591262459754944,
7,15,58,layer,degradation,1.0029296875,1.03202223777771,2763,GAGGAG,0.927734375,1596,CATTTA,2.119140625,1596,CATTTA,2.119140625,3410,GGGGGN,0.04528810828924179,850,AGGGGN,0.08035623282194138,850,AGGGGN,0.08035623282194138,False,False,True,-0.020019277930259705,
7,16,58,layer,degradation,1.0234375,1.0200343132019043,2763,GAGGAG,0.90576171875,1596,CATTTA,2.142578125,1596,CATTTA,2.142578125,3410,GGGGGN,0.04613179340958595,850,AGGGGN,0.08046991378068924,850,AGGGGN,0.08046991378068924,False,False,True,-0.022310569882392883,
7,17,58,layer,degradation,1.015625,0.8873412013053894,2763,GAGGAG,0.9306640625,1596,CATTTA,2.150390625,1596,CATTTA,2.150390625,3410,GGGGGN,0.052531320601701736,850,AGGGGN,0.07878909260034561,850,AGGGGN,0.07878909260034561,False,False,True,-0.016103938221931458,
7,18,58,layer,degradation,1.0068359375,0.8739832639694214,2763,GAGGAG,0.9287109375,1596,CATTTA,2.12890625,1596,CATTTA,2.12890625,3410,GGGGGN,0.04999479278922081,850,AGGGGN,0.07543913275003433,850,AGGGGN,0.07543913275003433,False,False,True,-0.004202544689178467,
7,19,58,layer,degradation,0.9384765625,0.9163493514060974,2763,GAGGAG,0.94287109375,1596,CATTTA,1.9931640625,0,AAAAAN,2.0,3410,GGGGGN,0.04489262029528618,850,AGGGGN,0.07291684299707413,850,AGGGGN,0.07291684299707413,False,False,True,-0.016356661915779114,
7,20,58,layer,degradation,0.89599609375,0.9168830513954163,2763,GAGGAG,0.9248046875,1596,CATTTA,1.8828125,0,AAAAAN,2.0,3410,GGGGGN,0.04292752966284752,850,AGGGGN,0.07098425179719925,850,AGGGGN,0.07098425179719925,False,False,True,-0.02883279323577881,
7,21,58,layer,degradation,0.89208984375,0.9990120530128479,2763,GAGGAG,0.9658203125,1596,CATTTA,1.9150390625,0,AAAAAN,2.0,3410,GGGGGN,0.04484241083264351,850,AGGGGN,0.07790037989616394,850,AGGGGN,0.07790037989616394,False,False,True,-0.04562795162200928,
7,22,58,layer,degradation,0.79443359375,1.028046727180481,2763,GAGGAG,1.2109375,1596,CATTTA,1.947265625,0,AAAAAN,2.0,3410,GGGGGN,0.04513789713382721,850,AGGGGN,0.07996392995119095,850,AGGGGN,0.07996392995119095,False,False,True,-0.08773268759250641,
7,23,58,layer,degradation,0.8076171875,1.0817047357559204,2763,GAGGAG,1.2509765625,1596,CATTTA,2.015625,1596,CATTTA,2.015625,3410,GGGGGN,0.0468951053917408,850,AGGGGN,0.08498863875865936,850,AGGGGN,0.08498863875865936,False,False,True,-0.06293044984340668,
7,24,58,layer,degradation,0.87255859375,1.044741153717041,2763,GAGGAG,1.2392578125,1596,CATTTA,2.146484375,1596,CATTTA,2.146484375,3410,GGGGGN,0.04469766095280647,850,AGGGGN,0.08054029941558838,850,AGGGGN,0.08054029941558838,False,False,True,-0.045096755027770996,
7,25,58,layer,degradation,0.8671875,1.0781253576278687,2763,GAGGAG,1.109375,1596,CATTTA,2.00390625,1596,CATTTA,2.00390625,3410,GGGGGN,0.04821696877479553,850,AGGGGN,0.08609253913164139,850,AGGGGN,0.08609253913164139,False,False,True,-0.031844496726989746,
7,26,58,layer,degradation,0.7978515625,0.9721150994300842,2763,GAGGAG,1.1796875,1596,CATTTA,1.9228515625,0,AAAAAN,2.0,3410,GGGGGN,0.04988415911793709,850,AGGGGN,0.08130423724651337,850,AGGGGN,0.08130423724651337,False,False,True,-0.03673885762691498,
7,27,58,layer,degradation,0.7412109375,0.8624453544616699,2763,GAGGAG,1.2998046875,1596,CATTTA,1.9189453125,0,AAAAAN,2.0,3410,GGGGGN,0.051023200154304504,850,AGGGGN,0.07576493918895721,850,AGGGGN,0.07576493918895721,False,False,True,-0.04097016155719757,
7,28,58,layer,degradation,0.7001953125,0.7902205586433411,2763,GAGGAG,1.4150390625,1596,CATTTA,1.9443359375,3241,GGAGAA,2.087890625,3410,GGGGGN,0.05328784137964249,850,AGGGGN,0.07363145053386688,850,AGGGGN,0.07363145053386688,False,False,True,-0.03527176380157471,
7,29,58,layer,degradation,0.771484375,0.8044847846031189,2763,GAGGAG,1.404296875,1596,CATTTA,2.08984375,1596,CATTTA,2.08984375,3410,GGGGGN,0.048044603317976,850,AGGGGN,0.06925683468580246,850,AGGGGN,0.06925683468580246,False,False,True,-0.015132218599319458,
7,30,58,layer,degradation,0.86962890625,0.8533753156661987,2763,GAGGAG,1.23046875,1596,CATTTA,2.130859375,1596,CATTTA,2.130859375,3410,GGGGGN,0.0461934432387352,850,AGGGGN,0.07038286328315735,850,AGGGGN,0.07038286328315735,False,False,True,-0.00870618224143982,
7,31,58,layer,degradation,0.92041015625,0.9065511226654053,2763,GAGGAG,1.138671875,1596,CATTTA,2.150390625,1596,CATTTA,2.150390625,3410,GGGGGN,0.04653958976268768,850,AGGGGN,0.07396715134382248,850,AGGGGN,0.07396715134382248,False,False,True,-0.0071111321449279785,
7,32,58,layer,degradation,0.95166015625,0.8881919384002686,2763,GAGGAG,1.033203125,1596,CATTTA,2.11328125,1596,CATTTA,2.11328125,3410,GGGGGN,0.0454743392765522,850,AGGGGN,0.07178391516208649,850,AGGGGN,0.07178391516208649,False,False,True,-0.0037142187356948853,
7,33,58,layer,degradation,0.92333984375,0.8866350650787354,2763,GAGGAG,1.068359375,1596,CATTTA,2.0859375,1596,CATTTA,2.0859375,3410,GGGGGN,0.04608124494552612,850,AGGGGN,0.07229601591825485,850,AGGGGN,0.07229601591825485,False,False,True,-0.007217705249786377,
7,34,58,layer,degradation,0.94482421875,0.9039413332939148,2763,GAGGAG,1.0126953125,1596,CATTTA,2.076171875,1596,CATTTA,2.076171875,3410,GGGGGN,0.044212859123945236,850,AGGGGN,0.07148149609565735,850,AGGGGN,0.07148149609565735,False,False,True,-0.004167631268501282,
7,35,58,layer,degradation,0.97216796875,0.9852778315544128,2763,GAGGAG,0.98193359375,1596,CATTTA,2.107421875,1596,CATTTA,2.107421875,3410,GGGGGN,0.04418984800577164,850,AGGGGN,0.07641147077083588,850,AGGGGN,0.07641147077083588,False,False,True,-0.012258633971214294,
7,36,58,layer,degradation,0.98486328125,1.000718355178833,2763,GAGGAG,0.947265625,1596,CATTTA,2.099609375,1596,CATTTA,2.099609375,3410,GGGGGN,0.043704163283109665,850,AGGGGN,0.0768660381436348,850,AGGGGN,0.0768660381436348,False,False,True,-0.003695562481880188,
7,37,58,layer,degradation,0.978515625,0.9933261275291443,2763,GAGGAG,0.9638671875,1596,CATTTA,2.103515625,1596,CATTTA,2.103515625,3410,GGGGGN,0.043323665857315063,850,AGGGGN,0.07603538781404495,850,AGGGGN,0.07603538781404495,False,False,True,-0.003434613347053528,
7,38,58,layer,degradation,0.99658203125,0.9811724424362183,2763,GAGGAG,0.9677734375,1596,CATTTA,2.146484375,1596,CATTTA,2.146484375,3410,GGGGGN,0.04265464097261429,850,AGGGGN,0.07462626695632935,850,AGGGGN,0.07462626695632935,False,False,True,-0.008276477456092834,
7,39,58,layer,degradation,0.98828125,0.9616492986679077,2763,GAGGAG,0.99609375,1596,CATTTA,2.15625,1596,CATTTA,2.15625,3410,GGGGGN,0.043258409947156906,850,AGGGGN,0.07404117286205292,850,AGGGGN,0.07404117286205292,False,False,True,-0.008610740303993225,
7,40,58,layer,degradation,0.9990234375,0.9397882223129272,2763,GAGGAG,0.98095703125,1596,CATTTA,2.1640625,1596,CATTTA,2.1640625,3410,GGGGGN,0.04247302561998367,850,AGGGGN,0.07192455977201462,850,AGGGGN,0.07192455977201462,False,False,True,-0.0005921870470046997,
7,41,58,layer,degradation,0.966796875,0.9330992102622986,2763,GAGGAG,0.98388671875,1596,CATTTA,2.09765625,1596,CATTTA,2.09765625,3410,GGGGGN,0.045091044157743454,850,AGGGGN,0.07413525134325027,850,AGGGGN,0.07413525134325027,False,False,True,-0.0003315359354019165,
8,0,58,layer,degradation,0.998046875,1.0028294324874878,2763,GAGGAG,0.939453125,1596,CATTTA,2.12109375,1596,CATTTA,2.12109375,3410,GGGGGN,0.04243139922618866,850,AGGGGN,0.07572182267904282,850,AGGGGN,0.07572182267904282,False,False,True,-0.0008067935705184937,
8,1,58,layer,degradation,1.0048828125,1.0086339712142944,2763,GAGGAG,0.9296875,1596,CATTTA,2.125,1596,CATTTA,2.125,3410,GGGGGN,0.04209417104721069,850,AGGGGN,0.07573806494474411,850,AGGGGN,0.07573806494474411,False,False,True,-0.0010194629430770874,
8,2,58,layer,degradation,1.0068359375,1.0101301670074463,2763,GAGGAG,0.92578125,1596,CATTTA,2.126953125,1596,CATTTA,2.126953125,3410,GGGGGN,0.04242504760622978,850,AGGGGN,0.07616005092859268,850,AGGGGN,0.07616005092859268,False,False,True,0.000536799430847168,
8,3,58,layer,degradation,0.9765625,0.9563419818878174,2763,GAGGAG,0.9990234375,1596,CATTTA,2.134765625,1596,CATTTA,2.134765625,3410,GGGGGN,0.044557541608810425,850,AGGGGN,0.07501711696386337,850,AGGGGN,0.07501711696386337,False,False,True,-0.005946069955825806,
8,4,58,layer,degradation,0.9677734375,0.9530437588691711,2763,GAGGAG,1.001953125,1596,CATTTA,2.1171875,1596,CATTTA,2.1171875,3410,GGGGGN,0.04493718594312668,850,AGGGGN,0.07519591599702835,850,AGGGGN,0.07519591599702835,False,False,True,-0.00688818097114563,
8,5,58,layer,degradation,0.96630859375,0.9427875280380249,2763,GAGGAG,1.009765625,1596,CATTTA,2.12109375,1596,CATTTA,2.12109375,3410,GGGGGN,0.04544100537896156,850,AGGGGN,0.0750751793384552,850,AGGGGN,0.0750751793384552,False,False,True,-0.009068474173545837,
8,6,58,layer,degradation,0.97314453125,0.9758530259132385,2763,GAGGAG,0.9580078125,1596,CATTTA,2.0859375,1596,CATTTA,2.0859375,3410,GGGGGN,0.04602886736392975,850,AGGGGN,0.07767656445503235,850,AGGGGN,0.07767656445503235,False,False,True,-0.015566200017929077,
8,7,58,layer,degradation,0.94921875,0.9630089998245239,2763,GAGGAG,0.984375,1596,CATTTA,2.05859375,1596,CATTTA,2.05859375,3410,GGGGGN,0.04718686267733574,850,AGGGGN,0.07805242389440536,850,AGGGGN,0.07805242389440536,False,False,True,-0.02005109190940857,
8,8,58,layer,degradation,0.94921875,0.9743496775627136,2763,GAGGAG,0.98095703125,1596,CATTTA,2.0546875,1596,CATTTA,2.0546875,3410,GGGGGN,0.0464826300740242,850,AGGGGN,0.0780387818813324,850,AGGGGN,0.0780387818813324,False,False,True,-0.019032016396522522,
8,9,58,layer,degradation,0.970703125,0.9761912822723389,2763,GAGGAG,0.95654296875,1596,CATTTA,2.078125,1596,CATTTA,2.078125,3410,GGGGGN,0.043620236217975616,850,AGGGGN,0.07528853416442871,850,AGGGGN,0.07528853416442871,False,False,True,-0.01062341034412384,
8,10,58,layer,degradation,1.0087890625,1.0670311450958252,2763,GAGGAG,0.9345703125,1596,CATTTA,2.140625,1596,CATTTA,2.140625,3410,GGGGGN,0.04343065619468689,850,AGGGGN,0.08063064515590668,850,AGGGGN,0.08063064515590668,False,False,True,-0.009894698858261108,
8,11,58,layer,degradation,1.015625,1.0864803791046143,2763,GAGGAG,0.9248046875,1596,CATTTA,2.14453125,1596,CATTTA,2.14453125,3410,GGGGGN,0.04430650919675827,850,AGGGGN,0.08269085735082626,850,AGGGGN,0.08269085735082626,False,False,True,-0.01279015839099884,
8,12,58,layer,degradation,1.0205078125,1.1156457662582397,2763,GAGGAG,0.919921875,1596,CATTTA,2.150390625,1596,CATTTA,2.150390625,3410,GGGGGN,0.044378653168678284,850,AGGGGN,0.084539033472538,850,AGGGGN,0.084539033472538,False,False,True,-0.011873364448547363,
8,13,58,layer,degradation,1.017578125,1.0459675788879395,2763,GAGGAG,0.90869140625,1596,CATTTA,2.1328125,1596,CATTTA,2.1328125,3410,GGGGGN,0.043242547661066055,850,AGGGGN,0.07915987074375153,850,AGGGGN,0.07915987074375153,False,False,True,-0.00870378315448761,
8,14,58,layer,degradation,1.0244140625,1.063395380973816,2763,GAGGAG,0.89306640625,1596,CATTTA,2.130859375,1596,CATTTA,2.130859375,3410,GGGGGN,0.041954148560762405,850,AGGGGN,0.0789327397942543,850,AGGGGN,0.0789327397942543,False,False,True,-0.00893084704875946,
8,15,58,layer,degradation,1.0146484375,1.0346598625183105,2763,GAGGAG,0.900390625,1596,CATTTA,2.1171875,1596,CATTTA,2.1171875,3410,GGGGGN,0.04421519488096237,850,AGGGGN,0.07944393903017044,850,AGGGGN,0.07944393903017044,False,False,True,-0.023008376359939575,
8,16,58,layer,degradation,1.0234375,0.9766680002212524,2763,GAGGAG,0.9326171875,1596,CATTTA,2.169921875,1596,CATTTA,2.169921875,3410,GGGGGN,0.044403381645679474,850,AGGGGN,0.07610070705413818,850,AGGGGN,0.07610070705413818,False,False,True,-0.024036511778831482,
8,17,58,layer,degradation,1.0517578125,0.9144162535667419,2763,GAGGAG,0.9287109375,1596,CATTTA,2.228515625,1596,CATTTA,2.228515625,3410,GGGGGN,0.04674872010946274,850,AGGGGN,0.07465522736310959,850,AGGGGN,0.07465522736310959,False,False,True,-0.02376618981361389,
8,18,58,layer,degradation,1.029296875,0.9207748174667358,2763,GAGGAG,0.93701171875,1596,CATTTA,2.1875,1596,CATTTA,2.1875,3410,GGGGGN,0.04391050711274147,850,AGGGGN,0.07220421731472015,850,AGGGGN,0.07220421731472015,False,False,True,-0.009923487901687622,
8,19,58,layer,degradation,0.9814453125,0.9978830814361572,2763,GAGGAG,0.89306640625,1596,CATTTA,2.037109375,1596,CATTTA,2.037109375,3410,GGGGGN,0.04052446782588959,850,AGGGGN,0.0735136866569519,850,AGGGGN,0.0735136866569519,False,False,True,-0.01954488456249237,
8,20,58,layer,degradation,0.88671875,0.9008917808532715,2763,GAGGAG,0.92578125,1596,CATTTA,1.86328125,0,AAAAAN,2.0,3410,GGGGGN,0.04309011250734329,850,AGGGGN,0.07017304748296738,850,AGGGGN,0.07017304748296738,False,False,True,-0.019913792610168457,
8,21,58,layer,degradation,0.87939453125,1.0058354139328003,2763,GAGGAG,0.9140625,1596,CATTTA,1.8359375,0,AAAAAN,2.0,3410,GGGGGN,0.04200783744454384,850,AGGGGN,0.07548131048679352,850,AGGGGN,0.07548131048679352,False,False,True,-0.03353659808635712,
8,22,58,layer,degradation,0.8359375,1.0541678667068481,2763,GAGGAG,1.18359375,1596,CATTTA,2.009765625,1596,CATTTA,2.009765625,3410,GGGGGN,0.04441864416003227,850,AGGGGN,0.08083532750606537,850,AGGGGN,0.08083532750606537,False,False,True,-0.07970309257507324,
8,23,58,layer,degradation,0.88623046875,1.150349497795105,2763,GAGGAG,1.1513671875,1596,CATTTA,2.087890625,1596,CATTTA,2.087890625,3410,GGGGGN,0.04549477994441986,850,AGGGGN,0.08776844292879105,850,AGGGGN,0.08776844292879105,False,False,True,-0.057103097438812256,
8,24,58,layer,degradation,0.9189453125,1.131650686264038,2763,GAGGAG,1.15234375,1596,CATTTA,2.16015625,1596,CATTTA,2.16015625,3410,GGGGGN,0.04457103833556175,850,AGGGGN,0.08570603281259537,850,AGGGGN,0.08570603281259537,False,False,True,-0.03915086388587952,
8,25,58,layer,degradation,0.90771484375,1.0825530290603638,2763,GAGGAG,1.0654296875,1596,CATTTA,2.048828125,1596,CATTTA,2.048828125,3410,GGGGGN,0.050036072731018066,850,AGGGGN,0.0881812646985054,850,AGGGGN,0.0881812646985054,False,False,True,-0.028554365038871765,
8,26,58,layer,degradation,0.84619140625,0.984145998954773,2763,GAGGAG,1.1796875,1596,CATTTA,2.029296875,1596,CATTTA,2.029296875,3410,GGGGGN,0.052177708595991135,850,AGGGGN,0.08433040976524353,850,AGGGGN,0.08433040976524353,False,False,True,-0.03134913742542267,
8,27,58,layer,degradation,0.76904296875,0.8988974094390869,2763,GAGGAG,1.302734375,1596,CATTTA,1.9833984375,0,AAAAAN,2.0,3410,GGGGGN,0.051177795976400375,850,AGGGGN,0.0781392827630043,850,AGGGGN,0.0781392827630043,False,False,True,-0.03496992588043213,
8,28,58,layer,degradation,0.71435546875,0.8376110792160034,2763,GAGGAG,1.4365234375,1596,CATTTA,1.9970703125,0,AAAAAN,2.0,3410,GGGGGN,0.051883041858673096,850,AGGGGN,0.07511249929666519,850,AGGGGN,0.07511249929666519,False,False,True,-0.02850307524204254,
8,29,58,layer,degradation,0.7275390625,0.7770158648490906,2763,GAGGAG,1.44921875,1596,CATTTA,2.0390625,1596,CATTTA,2.0390625,3410,GGGGGN,0.04957280680537224,850,AGGGGN,0.06911231577396393,850,AGGGGN,0.06911231577396393,False,False,True,-0.010974481701850891,
8,30,58,layer,degradation,0.82568359375,0.829849362373352,2763,GAGGAG,1.2890625,1596,CATTTA,2.09375,1596,CATTTA,2.09375,3410,GGGGGN,0.045585744082927704,850,AGGGGN,0.06834255158901215,850,AGGGGN,0.06834255158901215,False,False,True,-0.0035729557275772095,
8,31,58,layer,degradation,0.87548828125,0.8335853815078735,2763,GAGGAG,1.2177734375,1596,CATTTA,2.130859375,1596,CATTTA,2.130859375,3410,GGGGGN,0.04600773751735687,850,AGGGGN,0.06899204850196838,850,AGGGGN,0.06899204850196838,False,False,True,-0.003754034638404846,
8,32,58,layer,degradation,0.9169921875,0.8546715378761292,2763,GAGGAG,1.158203125,1596,CATTTA,2.162109375,1596,CATTTA,2.162109375,3410,GGGGGN,0.045647211372852325,850,AGGGGN,0.06991556286811829,850,AGGGGN,0.06991556286811829,False,False,True,-0.007646039128303528,
8,33,58,layer,degradation,0.85009765625,0.7924533486366272,2763,GAGGAG,1.244140625,1596,CATTTA,2.1015625,1596,CATTTA,2.1015625,3410,GGGGGN,0.04791004955768585,850,AGGGGN,0.06838962435722351,850,AGGGGN,0.06838962435722351,False,False,True,-0.008310079574584961,
8,34,58,layer,degradation,0.89892578125,0.8592999577522278,2763,GAGGAG,1.1171875,1596,CATTTA,2.08203125,1596,CATTTA,2.08203125,3410,GGGGGN,0.04606188088655472,850,AGGGGN,0.07061208039522171,850,AGGGGN,0.07061208039522171,False,False,True,-0.008866429328918457,
8,35,58,layer,degradation,0.93212890625,0.921058714389801,2763,GAGGAG,1.05859375,1596,CATTTA,2.095703125,1596,CATTTA,2.095703125,3410,GGGGGN,0.04499419778585434,850,AGGGGN,0.07330519706010818,850,AGGGGN,0.07330519706010818,False,False,True,-0.012135684490203857,
8,36,58,layer,degradation,0.978515625,0.992113471031189,2763,GAGGAG,0.95751953125,1596,CATTTA,2.095703125,1596,CATTTA,2.095703125,3410,GGGGGN,0.043755240738391876,850,AGGGGN,0.07639311999082565,850,AGGGGN,0.07639311999082565,False,False,True,-0.006372272968292236,
8,37,58,layer,degradation,0.96875,0.979848325252533,2763,GAGGAG,0.98583984375,1596,CATTTA,2.103515625,1596,CATTTA,2.103515625,3410,GGGGGN,0.0443427748978138,850,AGGGGN,0.07623376697301865,850,AGGGGN,0.07623376697301865,False,False,True,-0.009196579456329346,
8,38,58,layer,degradation,0.97119140625,0.952362596988678,2763,GAGGAG,0.994140625,1596,CATTTA,2.1171875,1596,CATTTA,2.1171875,3410,GGGGGN,0.045573312789201736,850,AGGGGN,0.07579056173563004,850,AGGGGN,0.07579056173563004,False,False,True,-0.02051563560962677,
8,39,58,layer,degradation,0.958984375,0.9219568967819214,2763,GAGGAG,1.0263671875,1596,CATTTA,2.123046875,1596,CATTTA,2.123046875,3410,GGGGGN,0.04743079096078873,850,AGGGGN,0.07579648494720459,850,AGGGGN,0.07579648494720459,False,False,True,-0.022198930382728577,
8,40,58,layer,degradation,0.9765625,0.9211534261703491,2763,GAGGAG,0.9970703125,1596,CATTTA,2.130859375,1596,CATTTA,2.130859375,3410,GGGGGN,0.04460439831018448,850,AGGGGN,0.07292116433382034,850,AGGGGN,0.07292116433382034,False,False,True,-0.012361660599708557,
8,41,58,layer,degradation,0.978515625,0.9734851717948914,2763,GAGGAG,0.9677734375,1596,CATTTA,2.10546875,1596,CATTTA,2.10546875,3410,GGGGGN,0.045171041041612625,850,AGGGGN,0.07667455077171326,850,AGGGGN,0.07667455077171326,False,False,True,-0.011792615056037903,
9,0,58,layer,degradation,1.001953125,0.9953761100769043,2763,GAGGAG,0.93310546875,1596,CATTTA,2.123046875,1596,CATTTA,2.123046875,3410,GGGGGN,0.04280950129032135,850,AGGGGN,0.0756460577249527,850,AGGGGN,0.0756460577249527,False,False,True,0.002078309655189514,
9,1,58,layer,degradation,1.0048828125,0.9899716973304749,2763,GAGGAG,0.9365234375,1596,CATTTA,2.1328125,1596,CATTTA,2.1328125,3410,GGGGGN,0.042628876864910126,850,AGGGGN,0.07513633370399475,850,AGGGGN,0.07513633370399475,False,False,True,0.0011668950319290161,
9,2,58,layer,degradation,1.0048828125,0.9986690282821655,2763,GAGGAG,0.93505859375,1596,CATTTA,2.1328125,1596,CATTTA,2.1328125,3410,GGGGGN,0.04260704293847084,850,AGGGGN,0.0756441205739975,850,AGGGGN,0.0756441205739975,False,False,True,0.0010117888450622559,
9,3,58,layer,degradation,0.9921875,0.9752411842346191,2763,GAGGAG,0.96240234375,1596,CATTTA,2.130859375,1596,CATTTA,2.130859375,3410,GGGGGN,0.04315938428044319,850,AGGGGN,0.07476982474327087,850,AGGGGN,0.07476982474327087,False,False,True,-0.00581023097038269,
9,4,58,layer,degradation,0.990234375,0.9865635633468628,2763,GAGGAG,0.95166015625,1596,CATTTA,2.115234375,1596,CATTTA,2.115234375,3410,GGGGGN,0.04312947764992714,850,AGGGGN,0.07542939484119415,850,AGGGGN,0.07542939484119415,False,False,True,-0.006853953003883362,
9,5,58,layer,degradation,0.98681640625,0.9772987365722656,2763,GAGGAG,0.96142578125,1596,CATTTA,2.1171875,1596,CATTTA,2.1171875,3410,GGGGGN,0.04373691603541374,850,AGGGGN,0.07547265291213989,850,AGGGGN,0.07547265291213989,False,False,True,-0.010525405406951904,
9,6,58,layer,degradation,0.966796875,0.9568403363227844,2763,GAGGAG,0.96484375,1596,CATTTA,2.078125,1596,CATTTA,2.078125,3410,GGGGGN,0.04606913775205612,850,AGGGGN,0.07655905932188034,850,AGGGGN,0.07655905932188034,False,False,True,-0.016856253147125244,
9,7,58,layer,degradation,0.9501953125,0.9481170177459717,2763,GAGGAG,0.98388671875,1596,CATTTA,2.060546875,1596,CATTTA,2.060546875,3410,GGGGGN,0.047474008053541183,850,AGGGGN,0.07743272185325623,850,AGGGGN,0.07743272185325623,False,False,True,-0.01846882700920105,
9,8,58,layer,degradation,0.94921875,0.948807954788208,2763,GAGGAG,0.98095703125,1596,CATTTA,2.0546875,1596,CATTTA,2.0546875,3410,GGGGGN,0.046220965683460236,850,AGGGGN,0.0762217566370964,850,AGGGGN,0.0762217566370964,False,False,True,-0.014807134866714478,
9,9,58,layer,degradation,0.98193359375,0.9767047166824341,2763,GAGGAG,0.9521484375,1596,CATTTA,2.09765625,1596,CATTTA,2.09765625,3410,GGGGGN,0.04394027963280678,850,AGGGGN,0.07563984394073486,850,AGGGGN,0.07563984394073486,False,False,True,-0.003064274787902832,
9,10,58,layer,degradation,1.0068359375,1.0611449480056763,2763,GAGGAG,0.9560546875,1596,CATTTA,2.158203125,1596,CATTTA,2.158203125,3410,GGGGGN,0.0444643571972847,850,AGGGGN,0.08130590617656708,850,AGGGGN,0.08130590617656708,False,False,True,-0.01230381429195404,
9,11,58,layer,degradation,1.0087890625,1.0831282138824463,2763,GAGGAG,0.951171875,1596,CATTTA,2.15625,1596,CATTTA,2.15625,3410,GGGGGN,0.04547940939664841,850,AGGGGN,0.08365963399410248,850,AGGGGN,0.08365963399410248,False,False,True,-0.014885187149047852,
9,12,58,layer,degradation,1.0126953125,1.108413577079773,2763,GAGGAG,0.94287109375,1596,CATTTA,2.15625,1596,CATTTA,2.15625,3410,GGGGGN,0.04514080286026001,850,AGGGGN,0.08486077934503555,850,AGGGGN,0.08486077934503555,False,False,True,-0.017299622297286987,
9,13,58,layer,degradation,1.015625,1.0292316675186157,2763,GAGGAG,0.9130859375,1596,CATTTA,2.1328125,1596,CATTTA,2.1328125,3410,GGGGGN,0.04316697642207146,850,AGGGGN,0.0780651643872261,850,AGGGGN,0.0780651643872261,False,False,True,-0.007388412952423096,
9,14,58,layer,degradation,1.0166015625,1.0463637113571167,2763,GAGGAG,0.89453125,1596,CATTTA,2.1171875,1596,CATTTA,2.1171875,3410,GGGGGN,0.04201549291610718,850,AGGGGN,0.07795693725347519,850,AGGGGN,0.07795693725347519,False,False,True,-0.009938478469848633,
9,15,58,layer,degradation,0.9990234375,1.021860122680664,2763,GAGGAG,0.91748046875,1596,CATTTA,2.1015625,1596,CATTTA,2.1015625,3410,GGGGGN,0.04375195875763893,850,AGGGGN,0.07820125669240952,850,AGGGGN,0.07820125669240952,False,False,True,-0.022473901510238647,
9,16,58,layer,degradation,1.0146484375,1.005742073059082,2763,GAGGAG,0.9306640625,1596,CATTTA,2.1484375,1596,CATTTA,2.1484375,3410,GGGGGN,0.044177621603012085,850,AGGGGN,0.07764541357755661,850,AGGGGN,0.07764541357755661,False,False,True,-0.024672314524650574,
9,17,58,layer,degradation,1.0498046875,0.9508740305900574,2763,GAGGAG,0.9287109375,1596,CATTTA,2.224609375,1596,CATTTA,2.224609375,3410,GGGGGN,0.046669624745845795,850,AGGGGN,0.07679622620344162,850,AGGGGN,0.07679622620344162,False,False,True,-0.023959413170814514,
9,18,58,layer,degradation,1.041015625,0.9463544487953186,2763,GAGGAG,0.927734375,1596,CATTTA,2.203125,1596,CATTTA,2.203125,3410,GGGGGN,0.0439947247505188,850,AGGGGN,0.07384610921144485,850,AGGGGN,0.07384610921144485,False,False,True,-0.01070435345172882,
9,19,58,layer,degradation,0.9892578125,1.0081801414489746,2763,GAGGAG,0.92041015625,1596,CATTTA,2.08203125,1596,CATTTA,2.08203125,3410,GGGGGN,0.04341919720172882,850,AGGGGN,0.07703545689582825,850,AGGGGN,0.07703545689582825,False,False,True,-0.025124147534370422,
9,20,58,layer,degradation,0.8974609375,0.9002317786216736,2763,GAGGAG,0.94775390625,1596,CATTTA,1.9091796875,0,AAAAAN,2.0,3410,GGGGGN,0.0413857065141201,850,AGGGGN,0.06842844933271408,850,AGGGGN,0.06842844933271408,False,False,True,-0.028045445680618286,
9,21,58,layer,degradation,0.87939453125,1.006677508354187,2763,GAGGAG,0.95263671875,1596,CATTTA,1.8740234375,0,AAAAAN,2.0,3410,GGGGGN,0.042790964245796204,850,AGGGGN,0.07631572335958481,850,AGGGGN,0.07631572335958481,False,False,True,-0.044128283858299255,
9,22,58,layer,degradation,0.818359375,1.1039190292358398,2763,GAGGAG,1.1044921875,1596,CATTTA,1.892578125,2313,CTATGG,2.021484375,3410,GGGGGN,0.040684692561626434,850,AGGGGN,0.08013097196817398,850,AGGGGN,0.08013097196817398,False,False,True,-0.0690738707780838,
9,23,58,layer,degradation,0.85693359375,1.1563152074813843,2763,GAGGAG,1.0830078125,1596,CATTTA,1.955078125,2313,CTATGG,2.109375,3410,GGGGGN,0.043214101344347,850,AGGGGN,0.0858510434627533,850,AGGGGN,0.0858510434627533,False,False,True,-0.05545218288898468,
9,24,58,layer,degradation,0.86572265625,1.0917632579803467,2763,GAGGAG,1.1435546875,1596,CATTTA,2.03515625,1596,CATTTA,2.03515625,3410,GGGGGN,0.0438554473221302,850,AGGGGN,0.08256150037050247,850,AGGGGN,0.08256150037050247,False,False,True,-0.04345732927322388,
9,25,58,layer,degradation,0.9501953125,0.9783533215522766,2763,GAGGAG,1.0693359375,1596,CATTTA,2.14453125,1596,CATTTA,2.14453125,3410,GGGGGN,0.05371098592877388,850,AGGGGN,0.08551093935966492,850,AGGGGN,0.08551093935966492,False,False,True,-0.020036280155181885,
9,26,58,layer,degradation,0.8798828125,0.897953450679779,2763,GAGGAG,1.1513671875,1596,CATTTA,2.07421875,1596,CATTTA,2.07421875,3410,GGGGGN,0.06111878529191017,850,AGGGGN,0.08802279084920883,850,AGGGGN,0.08802279084920883,False,False,True,-0.023943781852722168,
9,27,58,layer,degradation,0.8505859375,0.9803924560546875,2763,GAGGAG,1.1494140625,1596,CATTTA,2.0078125,1596,CATTTA,2.0078125,3410,GGGGGN,0.053821317851543427,850,AGGGGN,0.0857454463839531,850,AGGGGN,0.0857454463839531,False,False,True,-0.03290960192680359,
9,28,58,layer,degradation,0.65625,0.8098798394203186,2763,GAGGAG,1.5048828125,1596,CATTTA,1.9384765625,3241,GGAGAA,2.04296875,3410,GGGGGN,0.0552004873752594,850,AGGGGN,0.07674124836921692,850,AGGGGN,0.07674124836921692,False,False,True,-0.03245586156845093,
9,29,58,layer,degradation,0.697265625,0.751613438129425,2763,GAGGAG,1.537109375,1596,CATTTA,2.060546875,1596,CATTTA,2.060546875,3410,GGGGGN,0.049977585673332214,850,AGGGGN,0.06797021627426147,850,AGGGGN,0.06797021627426147,False,False,True,-0.012752920389175415,
9,30,58,layer,degradation,0.74267578125,0.7383137941360474,2763,GAGGAG,1.517578125,1596,CATTTA,2.140625,1596,CATTTA,2.140625,3410,GGGGGN,0.05002063140273094,850,AGGGGN,0.06720338016748428,850,AGGGGN,0.06720338016748428,False,False,True,-0.00842595100402832,
9,31,58,layer,degradation,0.8876953125,0.8715366125106812,2763,GAGGAG,1.20703125,1596,CATTTA,2.146484375,1596,CATTTA,2.146484375,3410,GGGGGN,0.044737737625837326,850,AGGGGN,0.07003308832645416,850,AGGGGN,0.07003308832645416,False,False,True,0.000941932201385498,
9,32,58,layer,degradation,0.94384765625,0.8694096207618713,2763,GAGGAG,1.107421875,1596,CATTTA,2.169921875,1596,CATTTA,2.169921875,3410,GGGGGN,0.04430075362324715,850,AGGGGN,0.06946658343076706,850,AGGGGN,0.06946658343076706,False,False,True,-0.006806671619415283,
9,33,58,layer,degradation,0.8515625,0.7857530117034912,2763,GAGGAG,1.234375,1596,CATTTA,2.095703125,1596,CATTTA,2.095703125,3410,GGGGGN,0.046003229916095734,850,AGGGGN,0.06607478857040405,850,AGGGGN,0.06607478857040405,False,False,True,-0.006862014532089233,
9,34,58,layer,degradation,0.8984375,0.838968813419342,2763,GAGGAG,1.1240234375,1596,CATTTA,2.087890625,1596,CATTTA,2.087890625,3410,GGGGGN,0.044854260981082916,850,AGGGGN,0.06816639751195908,850,AGGGGN,0.06816639751195908,False,False,True,-0.012683078646659851,
9,35,58,layer,degradation,0.91796875,0.9066912531852722,2763,GAGGAG,1.0859375,1596,CATTTA,2.091796875,1596,CATTTA,2.091796875,3410,GGGGGN,0.045295074582099915,850,AGGGGN,0.07273116707801819,850,AGGGGN,0.07273116707801819,False,False,True,-0.01630464196205139,
9,36,58,layer,degradation,0.9765625,0.9995107054710388,2763,GAGGAG,0.9580078125,1596,CATTTA,2.09375,1596,CATTTA,2.09375,3410,GGGGGN,0.0438784658908844,850,AGGGGN,0.0769667997956276,850,AGGGGN,0.0769667997956276,False,False,True,-0.009002655744552612,
9,37,58,layer,degradation,0.96630859375,0.9766369462013245,2763,GAGGAG,0.9853515625,1596,CATTTA,2.09765625,1596,CATTTA,2.09765625,3410,GGGGGN,0.04521091654896736,850,AGGGGN,0.07690635323524475,850,AGGGGN,0.07690635323524475,False,False,True,-0.008367955684661865,
9,38,58,layer,degradation,0.98291015625,0.9544844627380371,2763,GAGGAG,0.97119140625,1596,CATTTA,2.119140625,1596,CATTTA,2.119140625,3410,GGGGGN,0.04561445862054825,850,AGGGGN,0.0759609192609787,850,AGGGGN,0.0759609192609787,False,False,True,-0.013561323285102844,
9,39,58,layer,degradation,0.95458984375,0.910210132598877,2763,GAGGAG,1.02734375,1596,CATTTA,2.11328125,1596,CATTTA,2.11328125,3410,GGGGGN,0.04817432537674904,850,AGGGGN,0.07582470029592514,850,AGGGGN,0.07582470029592514,False,False,True,-0.01493234932422638,
9,40,58,layer,degradation,0.96435546875,0.924174427986145,2763,GAGGAG,1.0048828125,1596,CATTTA,2.11328125,1596,CATTTA,2.11328125,3410,GGGGGN,0.04552212730050087,850,AGGGGN,0.07402285933494568,850,AGGGGN,0.07402285933494568,False,False,True,-0.008826524019241333,
9,41,58,layer,degradation,0.9609375,0.9859920144081116,2763,GAGGAG,0.99072265625,1596,CATTTA,2.08984375,1596,CATTTA,2.08984375,3410,GGGGGN,0.04623901844024658,850,AGGGGN,0.07850413024425507,850,AGGGGN,0.07850413024425507,False,False,True,-0.012191757559776306,
10,0,58,layer,degradation,1.0087890625,1.0222235918045044,2763,GAGGAG,0.9365234375,1596,CATTTA,2.142578125,1596,CATTTA,2.142578125,3410,GGGGGN,0.04332581162452698,850,AGGGGN,0.07779724895954132,850,AGGGGN,0.07779724895954132,False,False,True,-0.0038690418004989624,
10,1,58,layer,degradation,1.001953125,1.0236001014709473,2763,GAGGAG,0.94287109375,1596,CATTTA,2.1328125,1596,CATTTA,2.1328125,3410,GGGGGN,0.04393520951271057,850,AGGGGN,0.07849046587944031,850,AGGGGN,0.07849046587944031,False,False,True,-0.008012041449546814,
10,2,58,layer,degradation,1.0009765625,1.0234346389770508,2763,GAGGAG,0.93994140625,1596,CATTTA,2.126953125,1596,CATTTA,2.126953125,3410,GGGGGN,0.04361354932188988,850,AGGGGN,0.07815872877836227,850,AGGGGN,0.07815872877836227,False,False,True,-0.007396697998046875,
10,3,58,layer,degradation,0.98193359375,0.9940782189369202,2763,GAGGAG,0.9736328125,1596,CATTTA,2.12109375,1596,CATTTA,2.12109375,3410,GGGGGN,0.043854519724845886,850,AGGGGN,0.07661204040050507,850,AGGGGN,0.07661204040050507,False,False,True,-0.010754704475402832,
10,4,58,layer,degradation,0.9912109375,1.0064127445220947,2763,GAGGAG,0.95458984375,1596,CATTTA,2.12109375,1596,CATTTA,2.12109375,3410,GGGGGN,0.043252963572740555,850,AGGGGN,0.07676159590482712,850,AGGGGN,0.07676159590482712,False,False,True,-0.00943031907081604,
10,5,58,layer,degradation,0.9912109375,1.0054908990859985,2763,GAGGAG,0.9609375,1596,CATTTA,2.126953125,1596,CATTTA,2.126953125,3410,GGGGGN,0.044127751141786575,850,AGGGGN,0.07758025079965591,850,AGGGGN,0.07758025079965591,False,False,True,-0.011166930198669434,
10,6,58,layer,degradation,0.9921875,1.0225474834442139,2763,GAGGAG,0.943359375,1596,CATTTA,2.111328125,1596,CATTTA,2.111328125,3410,GGGGGN,0.046726007014513016,850,AGGGGN,0.08121716231107712,850,AGGGGN,0.08121716231107712,False,False,True,-0.008570656180381775,
10,7,58,layer,degradation,0.99267578125,1.0213005542755127,2763,GAGGAG,0.958984375,1596,CATTTA,2.12890625,1596,CATTTA,2.12890625,3410,GGGGGN,0.04854105785489082,850,AGGGGN,0.08295628428459167,850,AGGGGN,0.08295628428459167,False,False,True,0.0005522966384887695,
10,8,58,layer,degradation,0.99560546875,1.0227792263031006,2763,GAGGAG,0.94970703125,1596,CATTTA,2.125,1596,CATTTA,2.125,3410,GGGGGN,0.047400590032339096,850,AGGGGN,0.08190585672855377,850,AGGGGN,0.08190585672855377,False,False,True,0.0020213425159454346,
10,9,58,layer,degradation,1.0048828125,1.0059902667999268,2763,GAGGAG,0.9326171875,1596,CATTTA,2.12890625,1596,CATTTA,2.12890625,3410,GGGGGN,0.04430259019136429,850,AGGGGN,0.07778549939393997,850,AGGGGN,0.07778549939393997,False,False,True,0.0016788095235824585,
10,10,58,layer,degradation,0.96142578125,0.9990454912185669,2763,GAGGAG,0.97607421875,1596,CATTTA,2.078125,1596,CATTTA,2.078125,3410,GGGGGN,0.044550005346536636,850,AGGGGN,0.07761000841856003,850,AGGGGN,0.07761000841856003,False,False,True,-0.017063558101654053,
10,11,58,layer,degradation,0.94921875,1.0042190551757812,2763,GAGGAG,1.00390625,1596,CATTTA,2.078125,1596,CATTTA,2.078125,3410,GGGGGN,0.04538343474268913,850,AGGGGN,0.07875848561525345,850,AGGGGN,0.07875848561525345,False,False,True,-0.01948067545890808,
10,12,58,layer,degradation,0.9462890625,1.0249544382095337,2763,GAGGAG,1.0029296875,1596,CATTTA,2.072265625,1596,CATTTA,2.072265625,3410,GGGGGN,0.04497416689991951,850,AGGGGN,0.0796118974685669,850,AGGGGN,0.0796118974685669,False,False,True,-0.022429555654525757,
10,13,58,layer,degradation,1.001953125,1.0144426822662354,2763,GAGGAG,0.9228515625,1596,CATTTA,2.11328125,1596,CATTTA,2.11328125,3410,GGGGGN,0.042954862117767334,850,AGGGGN,0.0769524797797203,850,AGGGGN,0.0769524797797203,False,False,True,-0.007514134049415588,
10,14,58,layer,degradation,0.998046875,1.0172858238220215,2763,GAGGAG,0.90625,1596,CATTTA,2.087890625,1596,CATTTA,2.087890625,3410,GGGGGN,0.04193451628088951,850,AGGGGN,0.0761052668094635,850,AGGGGN,0.0761052668094635,False,False,True,-0.008948177099227905,
10,15,58,layer,degradation,0.9814453125,0.9812178611755371,2763,GAGGAG,0.921875,1596,CATTTA,2.06640625,1596,CATTTA,2.06640625,3410,GGGGGN,0.042248181998729706,850,AGGGGN,0.07422257214784622,850,AGGGGN,0.07422257214784622,False,False,True,-0.0138825923204422,
10,16,58,layer,degradation,0.978515625,0.9890096783638,2763,GAGGAG,0.9677734375,1596,CATTTA,2.10546875,1596,CATTTA,2.10546875,3410,GGGGGN,0.04219425469636917,850,AGGGGN,0.07464312762022018,850,AGGGGN,0.07464312762022018,False,False,True,-0.018649637699127197,
10,17,58,layer,degradation,1.076171875,0.9710098505020142,2763,GAGGAG,0.888671875,1596,CATTTA,2.240234375,1596,CATTTA,2.240234375,3410,GGGGGN,0.04171304404735565,850,AGGGGN,0.07306581735610962,850,AGGGGN,0.07306581735610962,False,False,True,-0.023834794759750366,
10,18,58,layer,degradation,1.0712890625,0.9776437282562256,2763,GAGGAG,0.8857421875,1596,CATTTA,2.2265625,1596,CATTTA,2.2265625,3410,GGGGGN,0.040365852415561676,850,AGGGGN,0.07212259620428085,850,AGGGGN,0.07212259620428085,False,False,True,-0.013109266757965088,
10,19,58,layer,degradation,1.078125,1.0227700471878052,2763,GAGGAG,0.849609375,1596,CATTTA,2.205078125,1596,CATTTA,2.205078125,3410,GGGGGN,0.03981913626194,850,AGGGGN,0.07432384788990021,3250,GGAGGN,0.0765942633152008,False,False,True,-0.012078642845153809,
10,20,58,layer,degradation,0.95703125,0.8403909802436829,2763,GAGGAG,0.9345703125,1596,CATTTA,2.025390625,1596,CATTTA,2.025390625,3410,GGGGGN,0.04355311021208763,850,AGGGGN,0.06695184856653214,850,AGGGGN,0.06695184856653214,False,False,True,-0.004813000559806824,
10,21,58,layer,degradation,0.9482421875,0.8792353868484497,2763,GAGGAG,0.94287109375,1596,CATTTA,2.015625,1596,CATTTA,2.015625,3410,GGGGGN,0.050299711525440216,850,AGGGGN,0.07606387883424759,850,AGGGGN,0.07606387883424759,False,False,True,-0.0211179256439209,
10,22,58,layer,degradation,0.8623046875,0.9417075514793396,2763,GAGGAG,1.0693359375,1596,CATTTA,1.9541015625,0,AAAAAN,2.0,3410,GGGGGN,0.050715841352939606,850,AGGGGN,0.0802842527627945,850,AGGGGN,0.0802842527627945,False,False,True,-0.06555664539337158,
10,23,58,layer,degradation,0.873046875,1.0298274755477905,2763,GAGGAG,1.11328125,1596,CATTTA,2.021484375,2313,CTATGG,2.072265625,3410,GGGGGN,0.051560066640377045,850,AGGGGN,0.08649454265832901,850,AGGGGN,0.08649454265832901,False,False,True,-0.05547554790973663,
10,24,58,layer,degradation,0.8798828125,0.9765437841415405,2763,GAGGAG,1.1416015625,1596,CATTTA,2.064453125,1596,CATTTA,2.064453125,3410,GGGGGN,0.047579072415828705,850,AGGGGN,0.07926883548498154,850,AGGGGN,0.07926883548498154,False,False,True,-0.0422712117433548,
10,25,58,layer,degradation,0.9765625,0.9307581782341003,2763,GAGGAG,0.9638671875,1596,CATTTA,2.099609375,1596,CATTTA,2.099609375,3410,GGGGGN,0.05361789092421532,850,AGGGGN,0.0825195387005806,850,AGGGGN,0.0825195387005806,False,False,True,-0.024349525570869446,
10,26,58,layer,degradation,0.92333984375,0.9399727582931519,2763,GAGGAG,1.001953125,1596,CATTTA,2.01953125,3241,GGAGAA,2.021484375,3410,GGGGGN,0.059143535792827606,850,AGGGGN,0.08860630542039871,850,AGGGGN,0.08860630542039871,False,False,True,-0.03892683982849121,
10,27,58,layer,degradation,0.87841796875,1.055253505706787,2763,GAGGAG,1.0625,1596,CATTTA,1.982421875,3241,GGAGAA,2.009765625,3410,GGGGGN,0.049289435148239136,850,AGGGGN,0.08577222377061844,850,AGGGGN,0.08577222377061844,False,False,True,-0.037226125597953796,
10,28,58,layer,degradation,0.4990234375,0.710335910320282,2763,GAGGAG,1.822265625,1596,CATTTA,1.912109375,3241,GGAGAA,2.283203125,3410,GGGGGN,0.05773228406906128,850,AGGGGN,0.07321131974458694,850,AGGGGN,0.07321131974458694,False,False,True,-0.04490458965301514,
10,29,58,layer,degradation,0.5302734375,0.6454192996025085,2763,GAGGAG,1.865234375,1596,CATTTA,2.0234375,3241,GGAGAA,2.072265625,3410,GGGGGN,0.05505724623799324,850,AGGGGN,0.06658318638801575,850,AGGGGN,0.06658318638801575,False,False,True,-0.028122365474700928,
10,30,58,layer,degradation,0.5888671875,0.5877794027328491,2763,GAGGAG,1.8076171875,1596,CATTTA,2.09375,3241,GGAGAA,2.09765625,3410,GGGGGN,0.058350857347249985,850,AGGGGN,0.06636681407690048,850,AGGGGN,0.06636681407690048,False,False,True,-0.02834455668926239,
10,31,58,layer,degradation,0.890625,0.8407367467880249,2763,GAGGAG,1.2099609375,1596,CATTTA,2.15625,1596,CATTTA,2.15625,3410,GGGGGN,0.047526661306619644,850,AGGGGN,0.07094645500183105,850,AGGGGN,0.07094645500183105,False,False,True,-0.007284879684448242,
10,32,58,layer,degradation,1.01171875,0.9356396198272705,2763,GAGGAG,0.99072265625,1596,CATTTA,2.201171875,1596,CATTTA,2.201171875,3410,GGGGGN,0.04304284229874611,850,AGGGGN,0.07224174588918686,850,AGGGGN,0.07224174588918686,False,False,True,-0.009918704628944397,
10,33,58,layer,degradation,0.916015625,0.8153710961341858,2763,GAGGAG,1.1015625,1596,CATTTA,2.103515625,1596,CATTTA,2.103515625,3410,GGGGGN,0.045983437448740005,850,AGGGGN,0.06785859167575836,850,AGGGGN,0.06785859167575836,False,False,True,-0.011635944247245789,
10,34,58,layer,degradation,0.95703125,0.8571387529373169,2763,GAGGAG,1.001953125,1596,CATTTA,2.09375,1596,CATTTA,2.09375,3410,GGGGGN,0.0452084019780159,850,AGGGGN,0.06962699443101883,850,AGGGGN,0.06962699443101883,False,False,True,-0.016135960817337036,
10,35,58,layer,degradation,0.90185546875,0.8332001566886902,2763,GAGGAG,1.08984375,1596,CATTTA,2.060546875,1596,CATTTA,2.060546875,3410,GGGGGN,0.048235971480607986,850,AGGGGN,0.07119682431221008,850,AGGGGN,0.07119682431221008,False,False,True,-0.017175033688545227,
10,36,58,layer,degradation,0.95556640625,0.9721696376800537,2763,GAGGAG,1.0087890625,1596,CATTTA,2.095703125,1596,CATTTA,2.095703125,3410,GGGGGN,0.045530304312705994,850,AGGGGN,0.0769537016749382,850,AGGGGN,0.0769537016749382,False,False,True,-0.01112261414527893,
10,37,58,layer,degradation,0.9501953125,0.9572066068649292,2763,GAGGAG,1.017578125,1596,CATTTA,2.09375,1596,CATTTA,2.09375,3410,GGGGGN,0.046101074665784836,850,AGGGGN,0.07661329954862595,850,AGGGGN,0.07661329954862595,False,False,True,-0.007720455527305603,
10,38,58,layer,degradation,0.98046875,0.9509026408195496,2763,GAGGAG,0.953125,1596,CATTTA,2.095703125,1596,CATTTA,2.095703125,3410,GGGGGN,0.04394741356372833,850,AGGGGN,0.07407575845718384,850,AGGGGN,0.07407575845718384,False,False,True,-0.004285737872123718,
10,39,58,layer,degradation,0.97119140625,0.953107476234436,2763,GAGGAG,0.9677734375,1596,CATTTA,2.08984375,1596,CATTTA,2.08984375,3410,GGGGGN,0.04475608840584755,850,AGGGGN,0.07501869648694992,850,AGGGGN,0.07501869648694992,False,False,True,-0.00646539032459259,
10,40,58,layer,degradation,0.98583984375,0.9682035446166992,2763,GAGGAG,0.95654296875,1596,CATTTA,2.111328125,1596,CATTTA,2.111328125,3410,GGGGGN,0.042640406638383865,850,AGGGGN,0.07382228970527649,850,AGGGGN,0.07382228970527649,False,False,True,-0.0028766989707946777,
10,41,58,layer,degradation,1.00390625,1.055056095123291,2763,GAGGAG,0.92333984375,1596,CATTTA,2.1171875,1596,CATTTA,2.1171875,3410,GGGGGN,0.044266972690820694,850,AGGGGN,0.08073773980140686,850,AGGGGN,0.08073773980140686,False,False,True,-0.015217170119285583,
11,0,58,layer,degradation,1.0107421875,1.008158564567566,2763,GAGGAG,0.92724609375,1596,CATTTA,2.13671875,1596,CATTTA,2.13671875,3410,GGGGGN,0.043447885662317276,850,AGGGGN,0.07706283032894135,850,AGGGGN,0.07706283032894135,False,False,True,-1.4260411262512207e-05,
11,1,58,layer,degradation,1.0078125,1.010001540184021,2763,GAGGAG,0.92578125,1596,CATTTA,2.12890625,1596,CATTTA,2.12890625,3410,GGGGGN,0.04353809729218483,850,AGGGGN,0.07726527005434036,850,AGGGGN,0.07726527005434036,False,False,True,-0.00346355140209198,
11,2,58,layer,degradation,1.0048828125,1.0138088464736938,2763,GAGGAG,0.935546875,1596,CATTTA,2.130859375,1596,CATTTA,2.130859375,3410,GGGGGN,0.043364815413951874,850,AGGGGN,0.07732383161783218,850,AGGGGN,0.07732383161783218,False,False,True,-0.004343166947364807,
11,3,58,layer,degradation,1.00390625,1.0242794752120972,2763,GAGGAG,0.95947265625,1596,CATTTA,2.15234375,1596,CATTTA,2.15234375,3410,GGGGGN,0.043908655643463135,850,AGGGGN,0.07850528508424759,850,AGGGGN,0.07850528508424759,False,False,True,-0.014695093035697937,
11,4,58,layer,degradation,1.015625,1.0438185930252075,2763,GAGGAG,0.92333984375,1596,CATTTA,2.14453125,1596,CATTTA,2.14453125,3410,GGGGGN,0.04337045177817345,850,AGGGGN,0.07915692031383514,850,AGGGGN,0.07915692031383514,False,False,True,-0.012301191687583923,
11,5,58,layer,degradation,1.0263671875,1.035515546798706,2763,GAGGAG,0.90625,1596,CATTTA,2.150390625,1596,CATTTA,2.150390625,3410,GGGGGN,0.044193871319293976,850,AGGGGN,0.07947471737861633,850,AGGGGN,0.07947471737861633,False,False,True,-0.013309717178344727,
11,6,58,layer,degradation,1.0185546875,1.0513290166854858,2763,GAGGAG,0.904296875,1596,CATTTA,2.130859375,1596,CATTTA,2.130859375,3410,GGGGGN,0.047286491841077805,850,AGGGGN,0.08353029936552048,850,AGGGGN,0.08353029936552048,False,False,True,-0.008214011788368225,
11,7,58,layer,degradation,1.0107421875,1.0529289245605469,2763,GAGGAG,0.9658203125,1596,CATTTA,2.173828125,1596,CATTTA,2.173828125,3410,GGGGGN,0.04950595274567604,850,AGGGGN,0.08584719151258469,850,AGGGGN,0.08584719151258469,False,False,True,-0.0031860023736953735,
11,8,58,layer,degradation,1.0087890625,1.0510138273239136,2763,GAGGAG,0.98046875,1596,CATTTA,2.185546875,1596,CATTTA,2.185546875,3410,GGGGGN,0.04791666939854622,850,AGGGGN,0.08414128422737122,850,AGGGGN,0.08414128422737122,False,False,True,0.0007751733064651489,
11,9,58,layer,degradation,1.00390625,0.9874200224876404,2763,GAGGAG,0.9716796875,1596,CATTTA,2.1640625,1596,CATTTA,2.1640625,3410,GGGGGN,0.04353676363825798,850,AGGGGN,0.07588883489370346,850,AGGGGN,0.07588883489370346,False,False,True,0.0033681541681289673,
11,10,58,layer,degradation,1.001953125,1.0179225206375122,2763,GAGGAG,0.9619140625,1596,CATTTA,2.15234375,1596,CATTTA,2.15234375,3410,GGGGGN,0.04556400328874588,850,AGGGGN,0.07977352291345596,850,AGGGGN,0.07977352291345596,False,False,True,-0.01615673303604126,
11,11,58,layer,degradation,0.98046875,1.0193731784820557,2763,GAGGAG,0.98388671875,1596,CATTTA,2.126953125,1596,CATTTA,2.126953125,3410,GGGGGN,0.04610902816057205,850,AGGGGN,0.08040688931941986,850,AGGGGN,0.08040688931941986,False,False,True,-0.020855367183685303,
11,12,58,layer,degradation,0.97314453125,1.0445873737335205,2763,GAGGAG,0.9892578125,1596,CATTTA,2.115234375,1596,CATTTA,2.115234375,3410,GGGGGN,0.045842595398426056,850,AGGGGN,0.08167587220668793,850,AGGGGN,0.08167587220668793,False,False,True,-0.02629484236240387,
11,13,58,layer,degradation,0.98583984375,0.989601731300354,2763,GAGGAG,0.953125,1596,CATTTA,2.107421875,1596,CATTTA,2.107421875,3410,GGGGGN,0.041416235268116,850,AGGGGN,0.07390116155147552,850,AGGGGN,0.07390116155147552,False,False,True,-0.012800872325897217,
11,14,58,layer,degradation,0.9873046875,0.9989039897918701,2763,GAGGAG,0.93701171875,1596,CATTTA,2.095703125,1596,CATTTA,2.095703125,3410,GGGGGN,0.0405842661857605,850,AGGGGN,0.07363565266132355,850,AGGGGN,0.07363565266132355,False,False,True,-0.009916722774505615,
11,15,58,layer,degradation,0.9765625,0.9350044131278992,2763,GAGGAG,0.951171875,1596,CATTTA,2.0859375,1596,CATTTA,2.0859375,3410,GGGGGN,0.04101289063692093,850,AGGGGN,0.07017311453819275,850,AGGGGN,0.07017311453819275,False,False,True,-0.019879698753356934,
11,16,58,layer,degradation,0.9365234375,0.9535322189331055,2763,GAGGAG,0.98828125,1596,CATTTA,2.03515625,1596,CATTTA,2.03515625,3410,GGGGGN,0.040472470223903656,850,AGGGGN,0.07076094299554825,850,AGGGGN,0.07076094299554825,False,False,True,-0.023135602474212646,
11,17,58,layer,degradation,0.95361328125,0.8609738945960999,2763,GAGGAG,0.9716796875,1596,CATTTA,2.0546875,1596,CATTTA,2.0546875,3410,GGGGGN,0.03788060322403908,850,AGGGGN,0.06253273785114288,850,AGGGGN,0.06253273785114288,False,False,True,-0.041222646832466125,
11,18,58,layer,degradation,0.94091796875,0.8958791494369507,2763,GAGGAG,0.9658203125,1596,CATTTA,2.0234375,1596,CATTTA,2.0234375,3410,GGGGGN,0.03672385588288307,850,AGGGGN,0.06350154429674149,850,AGGGGN,0.06350154429674149,False,False,True,-0.032286643981933594,
11,19,58,layer,degradation,0.9892578125,0.9666626453399658,2763,GAGGAG,0.9443359375,1596,CATTTA,2.10546875,1596,CATTTA,2.10546875,3410,GGGGGN,0.03900482878088951,850,AGGGGN,0.07009287923574448,850,AGGGGN,0.07009287923574448,False,False,True,-0.03883771598339081,
11,20,58,layer,degradation,0.9296875,1.0961071252822876,2763,GAGGAG,0.958984375,1596,CATTTA,1.990234375,0,AAAAAN,2.0,3410,GGGGGN,0.03738313540816307,850,AGGGGN,0.07635370641946793,850,AGGGGN,0.07635370641946793,False,False,True,0.0031580477952957153,
11,21,58,layer,degradation,0.92578125,1.141080617904663,2763,GAGGAG,0.98046875,1596,CATTTA,2.00390625,1596,CATTTA,2.00390625,3410,GGGGGN,0.042737387120723724,850,AGGGGN,0.08444661647081375,850,AGGGGN,0.08444661647081375,False,False,True,-0.007086113095283508,
11,22,58,layer,degradation,0.939453125,1.0874934196472168,2763,GAGGAG,0.93798828125,1596,CATTTA,1.990234375,0,AAAAAN,2.0,3410,GGGGGN,0.04473734274506569,850,AGGGGN,0.08318338543176651,850,AGGGGN,0.08318338543176651,False,False,True,-0.034508347511291504,
11,23,58,layer,degradation,0.93212890625,1.094274878501892,2763,GAGGAG,0.9404296875,1596,CATTTA,1.9775390625,0,AAAAAN,2.0,3410,GGGGGN,0.05631446838378906,850,AGGGGN,0.09517346322536469,850,AGGGGN,0.09517346322536469,False,False,True,-0.04501470923423767,
11,24,58,layer,degradation,0.9462890625,1.0013213157653809,2763,GAGGAG,0.9833984375,1596,CATTTA,2.05078125,1596,CATTTA,2.05078125,3410,GGGGGN,0.05510694906115532,850,AGGGGN,0.08830554038286209,850,AGGGGN,0.08830554038286209,False,False,True,-0.03486526012420654,
11,25,58,layer,degradation,1.015625,0.918799102306366,2763,GAGGAG,0.98876953125,1596,CATTTA,2.208984375,1596,CATTTA,2.208984375,3410,GGGGGN,0.05318161100149155,850,AGGGGN,0.0813550129532814,850,AGGGGN,0.0813550129532814,False,False,True,-0.018593668937683105,
11,26,58,layer,degradation,0.96337890625,1.036454677581787,2763,GAGGAG,1.03125,1596,CATTTA,2.13671875,1596,CATTTA,2.13671875,3410,GGGGGN,0.05576721578836441,850,AGGGGN,0.09110525250434875,850,AGGGGN,0.09110525250434875,False,False,True,-0.03157389163970947,
11,27,58,layer,degradation,0.98388671875,1.112471580505371,2763,GAGGAG,0.94775390625,1596,CATTTA,2.09765625,1596,CATTTA,2.09765625,3410,GGGGGN,0.050794944167137146,850,AGGGGN,0.09076202660799026,850,AGGGGN,0.09076202660799026,False,False,True,-0.0316033661365509,
11,28,58,layer,degradation,0.5673828125,0.6705409288406372,2763,GAGGAG,1.7236328125,1596,CATTTA,1.962890625,3241,GGAGAA,2.33203125,3410,GGGGGN,0.06300278753042221,850,AGGGGN,0.07605850696563721,850,AGGGGN,0.07605850696563721,False,False,True,-0.048437923192977905,
11,29,58,layer,degradation,0.57568359375,0.6247998476028442,2763,GAGGAG,1.833984375,1596,CATTTA,2.091796875,3241,GGAGAA,2.138671875,3410,GGGGGN,0.053165022283792496,850,AGGGGN,0.06343533843755722,850,AGGGGN,0.06343533843755722,False,False,True,-0.02501632273197174,
11,30,58,layer,degradation,0.603515625,0.5897582769393921,2763,GAGGAG,1.767578125,1596,CATTTA,2.0859375,1596,CATTTA,2.0859375,3410,GGGGGN,0.05657609924674034,850,AGGGGN,0.06471256166696548,850,AGGGGN,0.06471256166696548,False,False,True,-0.025591567158699036,
11,31,58,layer,degradation,0.80810546875,0.8339518904685974,2763,GAGGAG,1.3359375,1596,CATTTA,2.1015625,1596,CATTTA,2.1015625,3410,GGGGGN,0.04286443069577217,850,AGGGGN,0.06587105989456177,850,AGGGGN,0.06587105989456177,False,False,True,0.0019811242818832397,
11,32,58,layer,degradation,0.95556640625,0.8936012387275696,2763,GAGGAG,1.0439453125,1596,CATTTA,2.130859375,1596,CATTTA,2.130859375,3410,GGGGGN,0.04656799137592316,850,AGGGGN,0.07320696860551834,850,AGGGGN,0.07320696860551834,False,False,True,-0.018223509192466736,
11,33,58,layer,degradation,0.9111328125,0.8180646300315857,2763,GAGGAG,1.0361328125,1596,CATTTA,2.02734375,1596,CATTTA,2.02734375,3410,GGGGGN,0.046111978590488434,850,AGGGGN,0.06815115362405777,850,AGGGGN,0.06815115362405777,False,False,True,-0.012393981218338013,
11,34,58,layer,degradation,0.9677734375,0.8669096231460571,2763,GAGGAG,0.9189453125,1596,CATTTA,2.033203125,1596,CATTTA,2.033203125,3410,GGGGGN,0.04548412933945656,850,AGGGGN,0.07049772143363953,850,AGGGGN,0.07049772143363953,False,False,True,-0.01748897135257721,
11,35,58,layer,degradation,0.92138671875,0.8600543141365051,2763,GAGGAG,1.0244140625,1596,CATTTA,2.037109375,1596,CATTTA,2.037109375,3410,GGGGGN,0.046249520033597946,850,AGGGGN,0.07084565609693527,850,AGGGGN,0.07084565609693527,False,False,True,-0.010728657245635986,
11,36,58,layer,degradation,0.9599609375,0.9547653794288635,2763,GAGGAG,1.021484375,1596,CATTTA,2.119140625,1596,CATTTA,2.119140625,3410,GGGGGN,0.0472036674618721,850,AGGGGN,0.07756723463535309,850,AGGGGN,0.07756723463535309,False,False,True,-0.010911256074905396,
11,37,58,layer,degradation,0.95458984375,0.9424901008605957,2763,GAGGAG,1.02734375,1596,CATTTA,2.11328125,1596,CATTTA,2.11328125,3410,GGGGGN,0.04777602106332779,850,AGGGGN,0.0773920863866806,850,AGGGGN,0.0773920863866806,False,False,True,-0.007503539323806763,
11,38,58,layer,degradation,0.97314453125,0.9713745713233948,2763,GAGGAG,0.9794921875,1596,CATTTA,2.10546875,1596,CATTTA,2.10546875,3410,GGGGGN,0.04419603943824768,850,AGGGGN,0.07557102292776108,850,AGGGGN,0.07557102292776108,False,False,True,-0.006224691867828369,
11,39,58,layer,degradation,0.98193359375,0.9813762307167053,2763,GAGGAG,0.9443359375,1596,CATTTA,2.091796875,1596,CATTTA,2.091796875,3410,GGGGGN,0.04364268109202385,850,AGGGGN,0.07562671601772308,850,AGGGGN,0.07562671601772308,False,False,True,-0.0067130327224731445,
11,40,58,layer,degradation,0.98046875,0.9887963533401489,2763,GAGGAG,0.9482421875,1596,CATTTA,2.08984375,1596,CATTTA,2.08984375,3410,GGGGGN,0.04308662936091423,850,AGGGGN,0.0755225121974945,850,AGGGGN,0.0755225121974945,False,False,True,-0.007304266095161438,
11,41,58,layer,degradation,0.98681640625,1.0335547924041748,2763,GAGGAG,0.91845703125,1596,CATTTA,2.07421875,1596,CATTTA,2.07421875,3410,GGGGGN,0.0466955341398716,850,AGGGGN,0.08185698091983795,850,AGGGGN,0.08185698091983795,False,False,True,-0.01574769616127014,
12,0,58,layer,degradation,1.0068359375,1.0072118043899536,2763,GAGGAG,0.9443359375,1596,CATTTA,2.146484375,1596,CATTTA,2.146484375,3410,GGGGGN,0.043327879160642624,850,AGGGGN,0.0768851712346077,850,AGGGGN,0.0768851712346077,False,False,True,-0.0026962310075759888,
12,1,58,layer,degradation,1.0048828125,1.0140206813812256,2763,GAGGAG,0.951171875,1596,CATTTA,2.1484375,1596,CATTTA,2.1484375,3410,GGGGGN,0.04306657612323761,850,AGGGGN,0.07703849673271179,850,AGGGGN,0.07703849673271179,False,False,True,-0.00589732825756073,
12,2,58,layer,degradation,1.00390625,1.0079686641693115,2763,GAGGAG,0.9404296875,1596,CATTTA,2.134765625,1596,CATTTA,2.134765625,3410,GGGGGN,0.04290025681257248,850,AGGGGN,0.07650363445281982,850,AGGGGN,0.07650363445281982,False,False,True,-0.006050765514373779,
12,3,58,layer,degradation,0.99560546875,1.0074877738952637,2763,GAGGAG,0.935546875,1596,CATTTA,2.111328125,1596,CATTTA,2.111328125,3410,GGGGGN,0.04272177815437317,850,AGGGGN,0.0762958750128746,850,AGGGGN,0.0762958750128746,False,False,True,-0.009409189224243164,
12,4,58,layer,degradation,1.00390625,1.005519986152649,2763,GAGGAG,0.91357421875,1596,CATTTA,2.107421875,1596,CATTTA,2.107421875,3410,GGGGGN,0.04241620749235153,850,AGGGGN,0.07587047666311264,850,AGGGGN,0.07587047666311264,False,False,True,-0.007079631090164185,
12,5,58,layer,degradation,1.0126953125,0.996768593788147,2763,GAGGAG,0.89794921875,1596,CATTTA,2.111328125,1596,CATTTA,2.111328125,3410,GGGGGN,0.043309010565280914,850,AGGGGN,0.07623036205768585,850,AGGGGN,0.07623036205768585,False,False,True,-0.008062809705734253,
12,6,58,layer,degradation,1.015625,1.0193455219268799,2763,GAGGAG,0.919921875,1596,CATTTA,2.138671875,1596,CATTTA,2.138671875,3410,GGGGGN,0.046789202839136124,850,AGGGGN,0.08108537644147873,850,AGGGGN,0.08108537644147873,False,False,True,-0.010501518845558167,
12,7,58,layer,degradation,1.01171875,1.0183074474334717,2763,GAGGAG,0.984375,1596,CATTTA,2.1953125,1596,CATTTA,2.1953125,3410,GGGGGN,0.05024157091975212,850,AGGGGN,0.08447453379631042,850,AGGGGN,0.08447453379631042,False,False,True,-0.01180054247379303,
12,8,58,layer,degradation,1.0029296875,1.019776463508606,2763,GAGGAG,1.0,1596,CATTTA,2.19140625,1596,CATTTA,2.19140625,3410,GGGGGN,0.04881702736020088,850,AGGGGN,0.08313944190740585,850,AGGGGN,0.08313944190740585,False,False,True,-0.007482290267944336,
12,9,58,layer,degradation,0.99658203125,1.0175342559814453,2763,GAGGAG,0.99169921875,1596,CATTTA,2.169921875,1596,CATTTA,2.169921875,3410,GGGGGN,0.046412449330091476,850,AGGGGN,0.08059832453727722,850,AGGGGN,0.08059832453727722,False,False,True,-0.006566464900970459,
12,10,58,layer,degradation,0.98583984375,1.0471529960632324,2763,GAGGAG,0.95654296875,1596,CATTTA,2.111328125,1596,CATTTA,2.111328125,3410,GGGGGN,0.048202019184827805,850,AGGGGN,0.08419152349233627,850,AGGGGN,0.08419152349233627,False,False,True,-0.026386365294456482,
12,11,58,layer,degradation,0.98193359375,1.048439383506775,2763,GAGGAG,0.958984375,1596,CATTTA,2.10546875,1596,CATTTA,2.10546875,3410,GGGGGN,0.0486084446310997,850,AGGGGN,0.08467628806829453,850,AGGGGN,0.08467628806829453,False,False,True,-0.030591368675231934,
12,12,58,layer,degradation,0.98486328125,1.0439461469650269,2763,GAGGAG,0.94140625,1596,CATTTA,2.09375,1596,CATTTA,2.09375,3410,GGGGGN,0.046699926257133484,850,AGGGGN,0.08249415457248688,850,AGGGGN,0.08249415457248688,False,False,True,-0.034460246562957764,
12,13,58,layer,degradation,0.98681640625,0.9764605164527893,2763,GAGGAG,0.94677734375,1596,CATTTA,2.103515625,1596,CATTTA,2.103515625,3410,GGGGGN,0.0433138869702816,850,AGGGGN,0.07499857991933823,850,AGGGGN,0.07499857991933823,False,False,True,-0.01889611780643463,
12,14,58,layer,degradation,0.99267578125,0.9835063219070435,2763,GAGGAG,0.94140625,1596,CATTTA,2.111328125,1596,CATTTA,2.111328125,3410,GGGGGN,0.04247593879699707,850,AGGGGN,0.07458968460559845,850,AGGGGN,0.07458968460559845,False,False,True,-0.01801583170890808,
12,15,58,layer,degradation,1.0078125,0.950742244720459,2763,GAGGAG,0.91796875,1596,CATTTA,2.12109375,1596,CATTTA,2.12109375,3410,GGGGGN,0.0417366549372673,850,AGGGGN,0.07185523211956024,850,AGGGGN,0.07185523211956024,False,False,True,-0.028216689825057983,
12,16,58,layer,degradation,0.99267578125,1.001165509223938,2763,GAGGAG,0.9404296875,1596,CATTTA,2.111328125,1596,CATTTA,2.111328125,3410,GGGGGN,0.040538135915994644,850,AGGGGN,0.07372723519802094,850,AGGGGN,0.07372723519802094,False,False,True,-0.025324419140815735,
12,17,58,layer,degradation,1.0361328125,0.9768965840339661,2763,GAGGAG,0.921875,1596,CATTTA,2.185546875,1596,CATTTA,2.185546875,3410,GGGGGN,0.039440054446458817,850,AGGGGN,0.07115130126476288,850,AGGGGN,0.07115130126476288,False,False,True,-0.03082500398159027,
12,18,58,layer,degradation,1.025390625,0.9900925159454346,2763,GAGGAG,0.9306640625,1596,CATTTA,2.171875,1596,CATTTA,2.171875,3410,GGGGGN,0.03972667083144188,850,AGGGGN,0.07224148511886597,850,AGGGGN,0.07224148511886597,False,False,True,-0.012382090091705322,
12,19,58,layer,degradation,1.0205078125,1.1479346752166748,2763,GAGGAG,0.89599609375,1596,CATTTA,2.126953125,1596,CATTTA,2.126953125,3410,GGGGGN,0.042267218232154846,850,AGGGGN,0.08439382910728455,850,AGGGGN,0.08439382910728455,False,False,True,-0.02427467703819275,
12,20,58,layer,degradation,0.8916015625,1.2353042364120483,2763,GAGGAG,0.9560546875,1596,CATTTA,1.904296875,0,AAAAAN,2.0,3410,GGGGGN,0.037463050335645676,850,AGGGGN,0.08491002768278122,850,AGGGGN,0.08491002768278122,False,False,True,-0.005803212523460388,
12,21,58,layer,degradation,0.87890625,1.2327508926391602,2763,GAGGAG,0.9755859375,1596,CATTTA,1.896484375,0,AAAAAN,2.0,3410,GGGGGN,0.040448158979415894,850,AGGGGN,0.08773965388536453,850,AGGGGN,0.08773965388536453,False,False,True,-0.021239623427391052,
12,22,58,layer,degradation,0.9130859375,1.0484282970428467,2763,GAGGAG,0.95703125,1596,CATTTA,1.9521484375,0,AAAAAN,2.0,3410,GGGGGN,0.04136897996068001,850,AGGGGN,0.07743614912033081,850,AGGGGN,0.07743614912033081,False,False,True,-0.02944369614124298,
12,23,58,layer,degradation,0.94091796875,1.0247418880462646,2763,GAGGAG,0.927734375,1596,CATTTA,1.984375,0,AAAAAN,2.0,3410,GGGGGN,0.05252993479371071,850,AGGGGN,0.08715472370386124,850,AGGGGN,0.08715472370386124,False,False,True,-0.03533172607421875,
12,24,58,layer,degradation,0.95166015625,0.9944242835044861,2763,GAGGAG,0.9892578125,1596,CATTTA,2.0703125,1596,CATTTA,2.0703125,3410,GGGGGN,0.05150708928704262,850,AGGGGN,0.0842856839299202,850,AGGGGN,0.0842856839299202,False,False,True,-0.02269478142261505,
12,25,58,layer,degradation,1.0205078125,1.004979133605957,2763,GAGGAG,0.9921875,1596,CATTTA,2.22265625,1596,CATTTA,2.22265625,3410,GGGGGN,0.047591689974069595,850,AGGGGN,0.081013023853302,850,AGGGGN,0.081013023853302,False,False,True,-0.014417409896850586,
12,26,58,layer,degradation,0.95166015625,1.1082502603530884,2763,GAGGAG,1.04296875,1596,CATTTA,2.123046875,1596,CATTTA,2.123046875,3410,GGGGGN,0.049142416566610336,850,AGGGGN,0.08885244280099869,850,AGGGGN,0.08885244280099869,False,False,True,-0.026042819023132324,
12,27,58,layer,degradation,0.9609375,1.1277985572814941,2763,GAGGAG,0.9951171875,1596,CATTTA,2.095703125,1596,CATTTA,2.095703125,3410,GGGGGN,0.04378081485629082,850,AGGGGN,0.08468123525381088,850,AGGGGN,0.08468123525381088,False,False,True,-0.020968690514564514,
12,28,58,layer,degradation,0.5048828125,0.7215535044670105,2763,GAGGAG,1.822265625,1596,CATTTA,1.9248046875,3241,GGAGAA,2.1796875,3410,GGGGGN,0.05397478863596916,850,AGGGGN,0.0701369196176529,850,AGGGGN,0.0701369196176529,False,False,True,-0.036899492144584656,
12,29,58,layer,degradation,0.5107421875,0.6100784540176392,2763,GAGGAG,1.95703125,1596,CATTTA,2.072265625,3657,GTCGTC,2.078125,3410,GGGGGN,0.04967875778675079,850,AGGGGN,0.059052616357803345,850,AGGGGN,0.059052616357803345,False,False,True,-0.017823755741119385,
12,30,58,layer,degradation,0.5751953125,0.5150840282440186,2763,GAGGAG,1.806640625,1596,CATTTA,2.0625,1596,CATTTA,2.0625,3410,GGGGGN,0.0591924674808979,850,AGGGGN,0.06278163939714432,850,AGGGGN,0.06278163939714432,False,False,True,-0.023814290761947632,
12,31,58,layer,degradation,0.81884765625,0.7427630424499512,2763,GAGGAG,1.3125,1596,CATTTA,2.1015625,1596,CATTTA,2.1015625,3410,GGGGGN,0.046543657779693604,850,AGGGGN,0.06399734318256378,850,AGGGGN,0.06399734318256378,False,False,True,-0.003398805856704712,
12,32,58,layer,degradation,0.9482421875,0.8286802768707275,2763,GAGGAG,1.0244140625,1596,CATTTA,2.095703125,1596,CATTTA,2.095703125,3410,GGGGGN,0.048986952751874924,850,AGGGGN,0.07167256623506546,850,AGGGGN,0.07167256623506546,False,False,True,-0.024404913187026978,
12,33,58,layer,degradation,0.89697265625,0.7524845600128174,2763,GAGGAG,1.033203125,1596,CATTTA,1.9931640625,0,AAAAAN,2.0,3410,GGGGGN,0.04663388431072235,850,AGGGGN,0.06467956304550171,850,AGGGGN,0.06467956304550171,False,False,True,-0.01724974811077118,
12,34,58,layer,degradation,0.94384765625,0.8052459955215454,2763,GAGGAG,0.93310546875,1596,CATTTA,1.99609375,0,AAAAAN,2.0,3410,GGGGGN,0.045828111469745636,850,AGGGGN,0.06708669662475586,850,AGGGGN,0.06708669662475586,False,False,True,-0.01943543553352356,
12,35,58,layer,degradation,0.9111328125,0.8272278904914856,2763,GAGGAG,1.0224609375,1596,CATTTA,2.013671875,1596,CATTTA,2.013671875,3410,GGGGGN,0.04495657980442047,850,AGGGGN,0.06755375117063522,850,AGGGGN,0.06755375117063522,False,False,True,-0.009976580739021301,
12,36,58,layer,degradation,0.9453125,1.004197597503662,2763,GAGGAG,1.03515625,1596,CATTTA,2.1015625,1596,CATTTA,2.1015625,3410,GGGGGN,0.04929381236433983,850,AGGGGN,0.08266755193471909,850,AGGGGN,0.08266755193471909,False,False,True,-0.01213066279888153,
12,37,58,layer,degradation,0.935546875,1.0015984773635864,2763,GAGGAG,1.0517578125,1596,CATTTA,2.09765625,1596,CATTTA,2.09765625,3410,GGGGGN,0.05055677890777588,850,AGGGGN,0.08377224951982498,850,AGGGGN,0.08377224951982498,False,False,True,-0.0132579505443573,
12,38,58,layer,degradation,0.95166015625,1.0262631177902222,2763,GAGGAG,0.9736328125,1596,CATTTA,2.052734375,1596,CATTTA,2.052734375,3410,GGGGGN,0.04932049661874771,850,AGGGGN,0.0840379148721695,850,AGGGGN,0.0840379148721695,False,False,True,-0.016678839921951294,
12,39,58,layer,degradation,0.9697265625,0.9995194673538208,2763,GAGGAG,0.93310546875,1596,CATTTA,2.052734375,1596,CATTTA,2.052734375,3410,GGGGGN,0.04855513200163841,850,AGGGGN,0.08164399862289429,850,AGGGGN,0.08164399862289429,False,False,True,-0.019492030143737793,
12,40,58,layer,degradation,0.978515625,1.0045971870422363,2763,GAGGAG,0.923828125,1596,CATTTA,2.0625,1596,CATTTA,2.0625,3410,GGGGGN,0.045519597828388214,850,AGGGGN,0.07891767472028732,850,AGGGGN,0.07891767472028732,False,False,True,-0.01168583333492279,
12,41,58,layer,degradation,0.9697265625,0.9935007095336914,2763,GAGGAG,0.9716796875,1596,CATTTA,2.091796875,1596,CATTTA,2.091796875,3410,GGGGGN,0.048412173986434937,850,AGGGGN,0.08113452792167664,850,AGGGGN,0.08113452792167664,False,False,True,-0.011583536863327026,
13,0,58,layer,degradation,1.0068359375,1.0165120363235474,2763,GAGGAG,0.92578125,1596,CATTTA,2.126953125,1596,CATTTA,2.126953125,3410,GGGGGN,0.04264897108078003,850,AGGGGN,0.07677260041236877,850,AGGGGN,0.07677260041236877,False,False,True,-0.004454806447029114,
13,1,58,layer,degradation,1.005859375,1.0254461765289307,2763,GAGGAG,0.919921875,1596,CATTTA,2.119140625,1596,CATTTA,2.119140625,3410,GGGGGN,0.042209524661302567,850,AGGGGN,0.07687719911336899,850,AGGGGN,0.07687719911336899,False,False,True,-0.008230209350585938,
13,2,58,layer,degradation,1.00390625,1.0171418190002441,2763,GAGGAG,0.921875,1596,CATTTA,2.115234375,1596,CATTTA,2.115234375,3410,GGGGGN,0.042483728379011154,850,AGGGGN,0.07664570957422256,850,AGGGGN,0.07664570957422256,False,False,True,-0.007202014327049255,
13,3,58,layer,degradation,0.998046875,1.0346616506576538,2763,GAGGAG,0.92236328125,1596,CATTTA,2.103515625,1596,CATTTA,2.103515625,3410,GGGGGN,0.042345281690359116,850,AGGGGN,0.07757412642240524,850,AGGGGN,0.07757412642240524,False,False,True,-0.012135863304138184,
13,4,58,layer,degradation,1.0068359375,1.0400375127792358,2763,GAGGAG,0.89453125,1596,CATTTA,2.095703125,1596,CATTTA,2.095703125,3410,GGGGGN,0.042744506150484085,850,AGGGGN,0.07830071449279785,850,AGGGGN,0.07830071449279785,False,False,True,-0.008104309439659119,
13,5,58,layer,degradation,1.0126953125,1.0393946170806885,2763,GAGGAG,0.8798828125,1596,CATTTA,2.09375,1596,CATTTA,2.09375,3410,GGGGGN,0.043884556740522385,850,AGGGGN,0.07940162718296051,850,AGGGGN,0.07940162718296051,False,False,True,-0.010292381048202515,
13,6,58,layer,degradation,1.0087890625,1.0211364030838013,2763,GAGGAG,0.8935546875,1596,CATTTA,2.09765625,1596,CATTTA,2.09765625,3410,GGGGGN,0.044753868132829666,850,AGGGGN,0.07915909588336945,850,AGGGGN,0.07915909588336945,False,False,True,-0.005920857191085815,
13,7,58,layer,degradation,1.0068359375,1.0246968269348145,2763,GAGGAG,0.9296875,1596,CATTTA,2.130859375,1596,CATTTA,2.130859375,3410,GGGGGN,0.04544031620025635,850,AGGGGN,0.08006235957145691,850,AGGGGN,0.08006235957145691,False,False,True,-0.013339132070541382,
13,8,58,layer,degradation,1.0,1.024980068206787,2763,GAGGAG,0.9423828125,1596,CATTTA,2.12890625,1596,CATTTA,2.12890625,3410,GGGGGN,0.043777696788311005,850,AGGGGN,0.07841698825359344,850,AGGGGN,0.07841698825359344,False,False,True,-0.010271355509757996,
13,9,58,layer,degradation,1.0048828125,1.0372506380081177,2763,GAGGAG,0.947265625,1596,CATTTA,2.142578125,1596,CATTTA,2.142578125,3410,GGGGGN,0.04443918541073799,850,AGGGGN,0.07982568442821503,850,AGGGGN,0.07982568442821503,False,False,True,-0.01393464207649231,
13,10,58,layer,degradation,1.021484375,1.0315289497375488,2763,GAGGAG,0.8955078125,1596,CATTTA,2.126953125,1596,CATTTA,2.126953125,3410,GGGGGN,0.04388978332281113,850,AGGGGN,0.07892786711454391,850,AGGGGN,0.07892786711454391,False,False,True,-0.01449914276599884,
13,11,58,layer,degradation,1.021484375,1.0296939611434937,2763,GAGGAG,0.8935546875,1596,CATTTA,2.125,1596,CATTTA,2.125,3410,GGGGGN,0.044183194637298584,850,AGGGGN,0.07910953462123871,850,AGGGGN,0.07910953462123871,False,False,True,-0.01779066026210785,
13,12,58,layer,degradation,1.0224609375,1.0335826873779297,2763,GAGGAG,0.87109375,1596,CATTTA,2.10546875,1596,CATTTA,2.10546875,3410,GGGGGN,0.04178489372134209,850,AGGGGN,0.07694804668426514,850,AGGGGN,0.07694804668426514,False,False,True,-0.026068806648254395,
13,13,58,layer,degradation,0.98681640625,0.9994741082191467,2763,GAGGAG,0.93505859375,1596,CATTTA,2.091796875,1596,CATTTA,2.091796875,3410,GGGGGN,0.04276285320520401,850,AGGGGN,0.07584895938634872,850,AGGGGN,0.07584895938634872,False,False,True,-0.025326326489448547,
13,14,58,layer,degradation,0.9921875,1.0022636651992798,2763,GAGGAG,0.93310546875,1596,CATTTA,2.1015625,1596,CATTTA,2.1015625,3410,GGGGGN,0.042356621474027634,850,AGGGGN,0.07561259716749191,850,AGGGGN,0.07561259716749191,False,False,True,-0.025970280170440674,
13,15,58,layer,degradation,1.005859375,0.9829100370407104,2763,GAGGAG,0.927734375,1596,CATTTA,2.126953125,1596,CATTTA,2.126953125,3410,GGGGGN,0.04218689724802971,850,AGGGGN,0.07426433265209198,850,AGGGGN,0.07426433265209198,False,False,True,-0.023900672793388367,
13,16,58,layer,degradation,0.97509765625,1.0201743841171265,2763,GAGGAG,0.982421875,1596,CATTTA,2.11328125,1596,CATTTA,2.11328125,3410,GGGGGN,0.04179602116346359,850,AGGGGN,0.07614266872406006,850,AGGGGN,0.07614266872406006,False,False,True,-0.019263863563537598,
13,17,58,layer,degradation,0.9873046875,0.9458050727844238,2763,GAGGAG,0.98828125,1596,CATTTA,2.146484375,1596,CATTTA,2.146484375,3410,GGGGGN,0.04178285971283913,850,AGGGGN,0.0716007873415947,850,AGGGGN,0.0716007873415947,False,False,True,-0.02828317880630493,
13,18,58,layer,degradation,0.96630859375,0.9429031610488892,2763,GAGGAG,1.0068359375,1596,CATTTA,2.119140625,1596,CATTTA,2.119140625,3410,GGGGGN,0.04281676560640335,850,AGGGGN,0.07245798408985138,850,AGGGGN,0.07245798408985138,False,False,True,-0.01581895351409912,
13,19,58,layer,degradation,0.97607421875,1.1182368993759155,2763,GAGGAG,0.98876953125,1596,CATTTA,2.12109375,1596,CATTTA,2.12109375,3410,GGGGGN,0.04460027068853378,850,AGGGGN,0.08491843193769455,850,AGGGGN,0.08491843193769455,False,False,True,-0.03399442136287689,
13,20,58,layer,degradation,0.86474609375,1.3287783861160278,2763,GAGGAG,1.029296875,1596,CATTTA,1.9189453125,0,AAAAAN,2.0,3410,GGGGGN,0.0411752313375473,850,AGGGGN,0.0943143218755722,850,AGGGGN,0.0943143218755722,False,False,True,-0.009131550788879395,
13,21,58,layer,degradation,0.91162109375,1.2972419261932373,2763,GAGGAG,0.98583984375,1596,CATTTA,1.978515625,0,AAAAAN,2.0,3410,GGGGGN,0.043337028473615646,850,AGGGGN,0.09455570578575134,850,AGGGGN,0.09455570578575134,False,False,True,-0.021462932229042053,
13,22,58,layer,degradation,0.9013671875,1.0927844047546387,2763,GAGGAG,0.9326171875,1596,CATTTA,1.90234375,0,AAAAAN,2.0,3410,GGGGGN,0.03978164121508598,850,AGGGGN,0.07854987680912018,850,AGGGGN,0.07854987680912018,False,False,True,-0.01884649693965912,
13,23,58,layer,degradation,0.98046875,1.0337834358215332,2763,GAGGAG,0.8720703125,1596,CATTTA,2.013671875,1596,CATTTA,2.013671875,3410,GGGGGN,0.04676052927970886,850,AGGGGN,0.08193589746952057,850,AGGGGN,0.08193589746952057,False,False,True,-0.02770581841468811,
13,24,58,layer,degradation,0.97314453125,0.9632474184036255,2763,GAGGAG,0.888671875,1596,CATTTA,2.015625,206,AAGGCA,2.041015625,3410,GGGGGN,0.048489585518836975,850,AGGGGN,0.07936966419219971,850,AGGGGN,0.07936966419219971,False,False,True,-0.02266763150691986,
13,25,58,layer,degradation,1.0205078125,1.0221682786941528,2763,GAGGAG,0.970703125,1596,CATTTA,2.201171875,1596,CATTTA,2.201171875,3410,GGGGGN,0.05083903297781944,850,AGGGGN,0.08530709892511368,850,AGGGGN,0.08530709892511368,False,False,True,-0.029025495052337646,
13,26,58,layer,degradation,0.935546875,1.1310969591140747,2763,GAGGAG,1.076171875,1596,CATTTA,2.12109375,1596,CATTTA,2.12109375,3410,GGGGGN,0.055839281529188156,850,AGGGGN,0.09694056212902069,850,AGGGGN,0.09694056212902069,False,False,True,-0.032983675599098206,
13,27,58,layer,degradation,0.97607421875,1.144547462463379,2763,GAGGAG,1.02734375,1596,CATTTA,2.16015625,1596,CATTTA,2.16015625,3410,GGGGGN,0.0478096641600132,850,AGGGGN,0.08973000943660736,850,AGGGGN,0.08973000943660736,False,False,True,-0.020169109106063843,
13,28,58,layer,degradation,0.476806640625,0.770352840423584,2763,GAGGAG,2.02734375,1596,CATTTA,2.068359375,206,AAGGCA,2.09765625,3410,GGGGGN,0.05397316440939903,850,AGGGGN,0.07310692965984344,850,AGGGGN,0.07310692965984344,False,False,True,-0.023615404963493347,
13,29,58,layer,degradation,0.47314453125,0.5960066914558411,2763,GAGGAG,2.009765625,1596,CATTTA,2.04296875,3657,GTCGTC,2.08984375,3410,GGGGGN,0.05445718392729759,850,AGGGGN,0.06297414004802704,850,AGGGGN,0.06297414004802704,False,False,True,-0.018273308873176575,
13,30,58,layer,degradation,0.419677734375,0.3565153479576111,2763,GAGGAG,2.12109375,1596,CATTTA,2.037109375,3657,GTCGTC,2.17578125,3410,GGGGGN,0.07015043497085571,850,AGGGGN,0.06408356875181198,3410,GGGGGN,0.07015043497085571,False,True,True,-0.04111050069332123,
13,31,58,layer,degradation,0.783203125,0.5928084850311279,2763,GAGGAG,1.333984375,1596,CATTTA,2.044921875,1596,CATTTA,2.044921875,3410,GGGGGN,0.05820652097463608,850,AGGGGN,0.06652872264385223,850,AGGGGN,0.06652872264385223,False,False,True,-0.024108439683914185,
13,32,58,layer,degradation,0.90478515625,0.7656083703041077,2763,GAGGAG,1.1181640625,1596,CATTTA,2.095703125,1596,CATTTA,2.095703125,3410,GGGGGN,0.05138568580150604,850,AGGGGN,0.07023053616285324,850,AGGGGN,0.07023053616285324,False,False,True,-0.03213798999786377,
13,33,58,layer,degradation,0.958984375,0.7761634588241577,2763,GAGGAG,0.9599609375,1596,CATTTA,2.0546875,1596,CATTTA,2.0546875,3410,GGGGGN,0.04341844469308853,850,AGGGGN,0.06290604919195175,850,AGGGGN,0.06290604919195175,False,False,True,-0.017648771405220032,
13,34,58,layer,degradation,0.99462890625,0.7860426306724548,2763,GAGGAG,0.892578125,1596,CATTTA,2.06640625,1596,CATTTA,2.06640625,3410,GGGGGN,0.04369167238473892,850,AGGGGN,0.06378086656332016,850,AGGGGN,0.06378086656332016,False,False,True,-0.016280099749565125,
13,35,58,layer,degradation,0.9765625,0.8440666198730469,2763,GAGGAG,0.9814453125,1596,CATTTA,2.1171875,1596,CATTTA,2.1171875,3410,GGGGGN,0.04720529913902283,850,AGGGGN,0.07082786411046982,850,AGGGGN,0.07082786411046982,False,False,True,-0.009826570749282837,
13,36,58,layer,degradation,0.97119140625,1.0043967962265015,2763,GAGGAG,1.0029296875,1596,CATTTA,2.126953125,1596,CATTTA,2.126953125,3410,GGGGGN,0.05048929527401924,850,AGGGGN,0.08387516438961029,850,AGGGGN,0.08387516438961029,False,False,True,-0.008988991379737854,
13,37,58,layer,degradation,0.966796875,1.0065040588378906,2763,GAGGAG,1.009765625,1596,CATTTA,2.123046875,1596,CATTTA,2.123046875,3410,GGGGGN,0.051390621811151505,850,AGGGGN,0.08490481227636337,850,AGGGGN,0.08490481227636337,False,False,True,-0.009993582963943481,
13,38,58,layer,degradation,0.94091796875,1.0009596347808838,2763,GAGGAG,0.97216796875,1596,CATTTA,2.029296875,1596,CATTTA,2.029296875,3410,GGGGGN,0.05516665056347847,850,AGGGGN,0.08834321796894073,850,AGGGGN,0.08834321796894073,False,False,True,-0.01666620373725891,
13,39,58,layer,degradation,0.95263671875,0.9729186296463013,2763,GAGGAG,0.951171875,1596,CATTTA,2.033203125,1596,CATTTA,2.033203125,3410,GGGGGN,0.05380178987979889,850,AGGGGN,0.08527079969644547,850,AGGGGN,0.08527079969644547,False,False,True,-0.019163548946380615,
13,40,58,layer,degradation,0.96630859375,0.9920915961265564,2763,GAGGAG,0.9248046875,1596,CATTTA,2.03515625,1596,CATTTA,2.03515625,3410,GGGGGN,0.05079667270183563,850,AGGGGN,0.08343321830034256,850,AGGGGN,0.08343321830034256,False,False,True,-0.015600383281707764,
13,41,58,layer,degradation,0.970703125,0.9877907037734985,2763,GAGGAG,0.962890625,1596,CATTTA,2.083984375,1596,CATTTA,2.083984375,3410,GGGGGN,0.047287873923778534,850,AGGGGN,0.0796625167131424,850,AGGGGN,0.0796625167131424,False,False,True,-0.014353618025779724,
14,0,58,layer,degradation,1.0048828125,1.0011179447174072,2763,GAGGAG,0.9267578125,1596,CATTTA,2.125,1596,CATTTA,2.125,3410,GGGGGN,0.0426175482571125,850,AGGGGN,0.07580375671386719,850,AGGGGN,0.07580375671386719,False,False,True,-0.006132572889328003,
14,1,58,layer,degradation,1.0009765625,0.9964724183082581,2763,GAGGAG,0.9296875,1596,CATTTA,2.1171875,1596,CATTTA,2.1171875,3410,GGGGGN,0.04188566282391548,850,AGGGGN,0.07478898018598557,850,AGGGGN,0.07478898018598557,False,False,True,-0.007184639573097229,
14,2,58,layer,degradation,1.0029296875,0.9974530935287476,2763,GAGGAG,0.92529296875,1596,CATTTA,2.1171875,1596,CATTTA,2.1171875,3410,GGGGGN,0.04201703891158104,850,AGGGGN,0.07498007267713547,850,AGGGGN,0.07498007267713547,False,False,True,-0.00410972535610199,
14,3,58,layer,degradation,0.99658203125,0.9945396184921265,2763,GAGGAG,0.93798828125,1596,CATTTA,2.115234375,1596,CATTTA,2.115234375,3410,GGGGGN,0.04212513938546181,850,AGGGGN,0.07491075992584229,850,AGGGGN,0.07491075992584229,False,False,True,-0.008709907531738281,
14,4,58,layer,degradation,1.0068359375,1.0104881525039673,2763,GAGGAG,0.9033203125,1596,CATTTA,2.10546875,1596,CATTTA,2.10546875,3410,GGGGGN,0.04235175624489784,850,AGGGGN,0.07610855996608734,850,AGGGGN,0.07610855996608734,False,False,True,-0.007857874035835266,
14,5,58,layer,degradation,1.017578125,1.0161716938018799,2763,GAGGAG,0.873046875,1596,CATTTA,2.09765625,1596,CATTTA,2.09765625,3410,GGGGGN,0.04270073398947716,850,AGGGGN,0.07680363953113556,850,AGGGGN,0.07680363953113556,False,False,True,-0.008886754512786865,
14,6,58,layer,degradation,1.0087890625,1.0478801727294922,2763,GAGGAG,0.8759765625,1596,CATTTA,2.080078125,1596,CATTTA,2.080078125,3410,GGGGGN,0.04353783652186394,850,AGGGGN,0.07957162708044052,850,AGGGGN,0.07957162708044052,False,False,True,-0.003705739974975586,
14,7,58,layer,degradation,0.9892578125,1.0648258924484253,2763,GAGGAG,0.9326171875,1596,CATTTA,2.095703125,1596,CATTTA,2.095703125,3410,GGGGGN,0.04467770829796791,850,AGGGGN,0.08174341171979904,850,AGGGGN,0.08174341171979904,False,False,True,-0.010120004415512085,
14,8,58,layer,degradation,0.978515625,1.0612810850143433,2763,GAGGAG,0.966796875,1596,CATTTA,2.10546875,1596,CATTTA,2.10546875,3410,GGGGGN,0.04450283572077751,850,AGGGGN,0.08135268092155457,850,AGGGGN,0.08135268092155457,False,False,True,-0.008997246623039246,
14,9,58,layer,degradation,0.9794921875,1.0273436307907104,2763,GAGGAG,0.98828125,1596,CATTTA,2.12890625,1596,CATTTA,2.12890625,3410,GGGGGN,0.045577846467494965,850,AGGGGN,0.08036106824874878,850,AGGGGN,0.08036106824874878,False,False,True,-0.013253703713417053,
14,10,58,layer,degradation,1.021484375,1.0036743879318237,2763,GAGGAG,0.8974609375,1596,CATTTA,2.130859375,1596,CATTTA,2.130859375,3410,GGGGGN,0.045521754771471024,850,AGGGGN,0.07886363565921783,850,AGGGGN,0.07886363565921783,False,False,True,-0.014051079750061035,
14,11,58,layer,degradation,1.015625,1.017166018486023,2763,GAGGAG,0.90087890625,1596,CATTTA,2.12109375,1596,CATTTA,2.12109375,3410,GGGGGN,0.045567478984594345,850,AGGGGN,0.07973093539476395,850,AGGGGN,0.07973093539476395,False,False,True,-0.01844245195388794,
14,12,58,layer,degradation,1.01953125,1.032923936843872,2763,GAGGAG,0.8779296875,1596,CATTTA,2.10546875,1596,CATTTA,2.10546875,3410,GGGGGN,0.04337548837065697,850,AGGGGN,0.07849851995706558,850,AGGGGN,0.07849851995706558,False,False,True,-0.026426181197166443,
14,13,58,layer,degradation,0.9892578125,0.998745322227478,2763,GAGGAG,0.9609375,1596,CATTTA,2.123046875,1596,CATTTA,2.123046875,3410,GGGGGN,0.042665187269449234,850,AGGGGN,0.07570691406726837,850,AGGGGN,0.07570691406726837,False,False,True,-0.023730844259262085,
14,14,58,layer,degradation,0.99462890625,1.00595223903656,2763,GAGGAG,0.95166015625,1596,CATTTA,2.125,1596,CATTTA,2.125,3410,GGGGGN,0.0421806275844574,850,AGGGGN,0.07566121965646744,850,AGGGGN,0.07566121965646744,False,False,True,-0.02310749888420105,
14,15,58,layer,degradation,0.9892578125,0.9741241931915283,2763,GAGGAG,0.9658203125,1596,CATTTA,2.126953125,1596,CATTTA,2.126953125,3410,GGGGGN,0.04280814528465271,850,AGGGGN,0.07435056567192078,850,AGGGGN,0.07435056567192078,False,False,True,-0.018014386296272278,
14,16,58,layer,degradation,0.958984375,0.9718502163887024,2763,GAGGAG,0.98828125,1596,CATTTA,2.083984375,1596,CATTTA,2.083984375,3410,GGGGGN,0.041942063719034195,850,AGGGGN,0.07334601134061813,850,AGGGGN,0.07334601134061813,False,False,True,-0.021125897765159607,
14,17,58,layer,degradation,0.95361328125,0.9832450747489929,2763,GAGGAG,1.0380859375,1596,CATTTA,2.12109375,1596,CATTTA,2.12109375,3410,GGGGGN,0.042192861437797546,850,AGGGGN,0.0742907002568245,850,AGGGGN,0.0742907002568245,False,False,True,-0.02257932722568512,
14,18,58,layer,degradation,0.97119140625,0.9903357625007629,2763,GAGGAG,1.0048828125,1596,CATTTA,2.126953125,1596,CATTTA,2.126953125,3410,GGGGGN,0.042700108140707016,850,AGGGGN,0.07522973418235779,850,AGGGGN,0.07522973418235779,False,False,True,-0.014773473143577576,
14,19,58,layer,degradation,1.00390625,1.136112093925476,2763,GAGGAG,0.96728515625,1596,CATTTA,2.16015625,1596,CATTTA,2.16015625,3410,GGGGGN,0.04030706733465195,850,AGGGGN,0.08171374350786209,850,AGGGGN,0.08171374350786209,False,False,True,-0.014145135879516602,
14,20,58,layer,degradation,0.96630859375,1.2611064910888672,2763,GAGGAG,0.9423828125,1596,CATTTA,2.052734375,1596,CATTTA,2.052734375,3410,GGGGGN,0.03563784807920456,850,AGGGGN,0.08465605229139328,850,AGGGGN,0.08465605229139328,False,False,True,-0.01358640193939209,
14,21,58,layer,degradation,0.98583984375,1.2720330953598022,2763,GAGGAG,0.9248046875,1596,CATTTA,2.080078125,1596,CATTTA,2.080078125,3410,GGGGGN,0.03907201066613197,850,AGGGGN,0.08875560015439987,850,AGGGGN,0.08875560015439987,False,False,True,-0.03204469382762909,
14,22,58,layer,degradation,0.96630859375,1.172114610671997,2763,GAGGAG,0.8173828125,1596,CATTTA,1.9296875,682,AGAGAC,2.00390625,3410,GGGGGN,0.043928347527980804,850,AGGGGN,0.08752739429473877,850,AGGGGN,0.08752739429473877,False,False,True,-0.03803245723247528,
14,23,58,layer,degradation,0.98046875,1.0771512985229492,2763,GAGGAG,0.83056640625,1596,CATTTA,1.9736328125,0,AAAAAN,2.0,3410,GGGGGN,0.050897303968667984,850,AGGGGN,0.08871356397867203,850,AGGGGN,0.08871356397867203,False,False,True,-0.0369689017534256,
14,24,58,layer,degradation,0.939453125,1.0795224905014038,2763,GAGGAG,0.87353515625,1596,CATTTA,1.92578125,0,AAAAAN,2.0,3410,GGGGGN,0.049068208783864975,850,AGGGGN,0.0870288610458374,850,AGGGGN,0.0870288610458374,False,False,True,-0.028603732585906982,
14,25,58,layer,degradation,0.9765625,1.041648268699646,2763,GAGGAG,1.0205078125,1596,CATTTA,2.154296875,1596,CATTTA,2.154296875,3410,GGGGGN,0.048170119524002075,850,AGGGGN,0.08382441848516464,850,AGGGGN,0.08382441848516464,False,False,True,-0.030285850167274475,
14,26,58,layer,degradation,0.90576171875,1.0747677087783813,2763,GAGGAG,1.1318359375,1596,CATTTA,2.111328125,1596,CATTTA,2.111328125,3410,GGGGGN,0.05740489810705185,850,AGGGGN,0.09507600963115692,850,AGGGGN,0.09507600963115692,False,False,True,-0.03292074799537659,
14,27,58,layer,degradation,0.97607421875,1.0899611711502075,2763,GAGGAG,1.078125,1596,CATTTA,2.2109375,1596,CATTTA,2.2109375,3410,GGGGGN,0.052959125488996506,850,AGGGGN,0.09155543893575668,850,AGGGGN,0.09155543893575668,False,False,True,-0.022790372371673584,
14,28,58,layer,degradation,0.444580078125,0.7642539739608765,2763,GAGGAG,2.119140625,1596,CATTTA,2.08984375,206,AAGGCA,2.228515625,3410,GGGGGN,0.058679986745119095,850,AGGGGN,0.07744236290454865,850,AGGGGN,0.07744236290454865,False,False,True,-0.02420373260974884,
14,29,58,layer,degradation,0.423095703125,0.6308032274246216,2763,GAGGAG,2.150390625,1596,CATTTA,2.07421875,206,AAGGCA,2.15234375,3410,GGGGGN,0.0566447414457798,850,AGGGGN,0.06728063523769379,850,AGGGGN,0.06728063523769379,False,False,True,-0.017043069005012512,
14,30,58,layer,degradation,0.384765625,0.416837602853775,2763,GAGGAG,2.2265625,1596,CATTTA,2.06640625,2763,GAGGAG,2.2265625,3410,GGGGGN,0.06835419684648514,850,AGGGGN,0.06596065312623978,3410,GGGGGN,0.06835419684648514,True,True,False,-0.03958377242088318,
14,31,58,layer,degradation,0.82568359375,0.6438906192779541,2763,GAGGAG,1.2158203125,1596,CATTTA,2.01953125,1596,CATTTA,2.01953125,3410,GGGGGN,0.06146421283483505,850,AGGGGN,0.0728970617055893,850,AGGGGN,0.0728970617055893,False,False,True,-0.030410796403884888,
14,32,58,layer,degradation,0.93017578125,0.7471904754638672,2763,GAGGAG,1.0498046875,1596,CATTTA,2.083984375,1596,CATTTA,2.083984375,3410,GGGGGN,0.05410752445459366,850,AGGGGN,0.07183081656694412,850,AGGGGN,0.07183081656694412,False,False,True,-0.029487580060958862,
14,33,58,layer,degradation,0.9267578125,0.7788318395614624,2763,GAGGAG,0.982421875,1596,CATTTA,2.0078125,1596,CATTTA,2.0078125,3410,GGGGGN,0.04715443402528763,850,AGGGGN,0.06680452823638916,850,AGGGGN,0.06680452823638916,False,False,True,-0.016087353229522705,
14,34,58,layer,degradation,0.95556640625,0.7939088344573975,2763,GAGGAG,0.9443359375,1596,CATTTA,2.03125,1596,CATTTA,2.03125,3410,GGGGGN,0.04804637283086777,850,AGGGGN,0.06861457973718643,850,AGGGGN,0.06861457973718643,False,False,True,-0.014906316995620728,
14,35,58,layer,degradation,0.96875,0.8644373416900635,2763,GAGGAG,0.93701171875,1596,CATTTA,2.0546875,1596,CATTTA,2.0546875,3410,GGGGGN,0.049043282866477966,850,AGGGGN,0.0739063248038292,850,AGGGGN,0.0739063248038292,False,False,True,-0.0189274400472641,
14,36,58,layer,degradation,0.978515625,1.016147255897522,2763,GAGGAG,0.94970703125,1596,CATTTA,2.087890625,1596,CATTTA,2.087890625,3410,GGGGGN,0.04757927358150482,850,AGGGGN,0.08168069273233414,850,AGGGGN,0.08168069273233414,False,False,True,-0.016892284154891968,
14,37,58,layer,degradation,0.9765625,1.0155104398727417,2763,GAGGAG,0.95703125,1596,CATTTA,2.091796875,1596,CATTTA,2.091796875,3410,GGGGGN,0.048381365835666656,850,AGGGGN,0.08244400471448898,850,AGGGGN,0.08244400471448898,False,False,True,-0.016233578324317932,
14,38,58,layer,degradation,0.95556640625,0.9979153871536255,2763,GAGGAG,0.96630859375,1596,CATTTA,2.0546875,1596,CATTTA,2.0546875,3410,GGGGGN,0.04947824031114578,850,AGGGGN,0.08246942609548569,850,AGGGGN,0.08246942609548569,False,False,True,-0.01646357774734497,
14,39,58,layer,degradation,0.94189453125,0.9462628960609436,2763,GAGGAG,1.013671875,1596,CATTTA,2.072265625,1596,CATTTA,2.072265625,3410,GGGGGN,0.05320996418595314,850,AGGGGN,0.0830557718873024,850,AGGGGN,0.0830557718873024,False,False,True,-0.016290798783302307,
14,40,58,layer,degradation,0.9501953125,0.9556859731674194,2763,GAGGAG,0.99169921875,1596,CATTTA,2.068359375,1596,CATTTA,2.068359375,3410,GGGGGN,0.051622964441776276,850,AGGGGN,0.08204258978366852,850,AGGGGN,0.08204258978366852,False,False,True,-0.016480520367622375,
14,41,58,layer,degradation,0.95556640625,0.9681345224380493,2763,GAGGAG,1.0087890625,1596,CATTTA,2.095703125,1596,CATTTA,2.095703125,3410,GGGGGN,0.04778195545077324,850,AGGGGN,0.0789596363902092,850,AGGGGN,0.0789596363902092,False,False,True,-0.014481186866760254,
15,0,58,layer,degradation,1.0,0.9935080409049988,2763,GAGGAG,0.931640625,1596,CATTTA,2.1171875,1596,CATTTA,2.1171875,3410,GGGGGN,0.04267919063568115,850,AGGGGN,0.07540199160575867,850,AGGGGN,0.07540199160575867,False,False,True,-0.0041250139474868774,
15,1,58,layer,degradation,0.9990234375,0.9896357655525208,2763,GAGGAG,0.92822265625,1596,CATTTA,2.111328125,1596,CATTTA,2.111328125,3410,GGGGGN,0.04200320690870285,850,AGGGGN,0.07449020445346832,850,AGGGGN,0.07449020445346832,False,False,True,-0.006128653883934021,
15,2,58,layer,degradation,1.0,0.9915883541107178,2763,GAGGAG,0.9287109375,1596,CATTTA,2.11328125,1596,CATTTA,2.11328125,3410,GGGGGN,0.04213188588619232,850,AGGGGN,0.0747377872467041,850,AGGGGN,0.0747377872467041,False,False,True,-0.005990803241729736,
15,3,58,layer,degradation,1.0,0.985967218875885,2763,GAGGAG,0.92724609375,1596,CATTTA,2.11328125,1596,CATTTA,2.11328125,3410,GGGGGN,0.04201672598719597,850,AGGGGN,0.07428032904863358,850,AGGGGN,0.07428032904863358,False,False,True,-0.010826438665390015,
15,4,58,layer,degradation,1.0009765625,0.9883054494857788,2763,GAGGAG,0.93017578125,1596,CATTTA,2.1171875,1596,CATTTA,2.1171875,3410,GGGGGN,0.04288984090089798,850,AGGGGN,0.0752958282828331,850,AGGGGN,0.0752958282828331,False,False,True,-0.009504631161689758,
15,5,58,layer,degradation,0.998046875,0.986851692199707,2763,GAGGAG,0.9326171875,1596,CATTTA,2.11328125,1596,CATTTA,2.11328125,3410,GGGGGN,0.043054673820734024,850,AGGGGN,0.0753721371293068,850,AGGGGN,0.0753721371293068,False,False,True,-0.009693101048469543,
15,6,58,layer,degradation,0.978515625,1.0463287830352783,2763,GAGGAG,0.95703125,1596,CATTTA,2.095703125,1596,CATTTA,2.095703125,3410,GGGGGN,0.04435785114765167,850,AGGGGN,0.08029717206954956,850,AGGGGN,0.08029717206954956,False,False,True,-0.009248390793800354,
15,7,58,layer,degradation,0.9775390625,1.062864065170288,2763,GAGGAG,0.958984375,1596,CATTTA,2.095703125,1596,CATTTA,2.095703125,3410,GGGGGN,0.04523448273539543,850,AGGGGN,0.08218072354793549,850,AGGGGN,0.08218072354793549,False,False,True,-0.014192581176757812,
15,8,58,layer,degradation,0.9794921875,1.0656073093414307,2763,GAGGAG,0.95751953125,1596,CATTTA,2.09765625,1596,CATTTA,2.09765625,3410,GGGGGN,0.04514437913894653,850,AGGGGN,0.08225766569375992,850,AGGGGN,0.08225766569375992,False,False,True,-0.01327832043170929,
15,9,58,layer,degradation,0.9873046875,1.0133380889892578,2763,GAGGAG,0.96728515625,1596,CATTTA,2.125,1596,CATTTA,2.125,3410,GGGGGN,0.045539986342191696,850,AGGGGN,0.07947033643722534,850,AGGGGN,0.07947033643722534,False,False,True,-0.011502489447593689,
15,10,58,layer,degradation,1.0244140625,1.0194315910339355,2763,GAGGAG,0.888671875,1596,CATTTA,2.126953125,1596,CATTTA,2.126953125,3410,GGGGGN,0.04665150120854378,850,AGGGGN,0.08095292001962662,850,AGGGGN,0.08095292001962662,False,False,True,-0.011351794004440308,
15,11,58,layer,degradation,1.015625,1.0270193815231323,2763,GAGGAG,0.90234375,1596,CATTTA,2.12109375,1596,CATTTA,2.12109375,3410,GGGGGN,0.04654831066727638,850,AGGGGN,0.08131178468465805,850,AGGGGN,0.08131178468465805,False,False,True,-0.014607444405555725,
15,12,58,layer,degradation,1.0234375,1.0369387865066528,2763,GAGGAG,0.8681640625,1596,CATTTA,2.103515625,1596,CATTTA,2.103515625,3410,GGGGGN,0.043656572699546814,850,AGGGGN,0.07902409136295319,850,AGGGGN,0.07902409136295319,False,False,True,-0.023631349205970764,
15,13,58,layer,degradation,0.9892578125,1.0087177753448486,2763,GAGGAG,0.935546875,1596,CATTTA,2.09765625,1596,CATTTA,2.09765625,3410,GGGGGN,0.04050615429878235,850,AGGGGN,0.07415515184402466,850,AGGGGN,0.07415515184402466,False,False,True,-0.02091386914253235,
15,14,58,layer,degradation,0.998046875,1.0076268911361694,2763,GAGGAG,0.92041015625,1596,CATTTA,2.1015625,1596,CATTTA,2.1015625,3410,GGGGGN,0.0402284637093544,850,AGGGGN,0.07381103187799454,850,AGGGGN,0.07381103187799454,False,False,True,-0.021073967218399048,
15,15,58,layer,degradation,1.0,0.9963101744651794,2763,GAGGAG,0.9248046875,1596,CATTTA,2.111328125,1596,CATTTA,2.111328125,3410,GGGGGN,0.04189923778176308,850,AGGGGN,0.07479267567396164,850,AGGGGN,0.07479267567396164,False,False,True,-0.01596902310848236,
15,16,58,layer,degradation,0.9873046875,0.8868582248687744,2763,GAGGAG,0.9296875,1596,CATTTA,2.087890625,1596,CATTTA,2.087890625,3410,GGGGGN,0.04439510405063629,850,AGGGGN,0.07062346488237381,850,AGGGGN,0.07062346488237381,False,False,True,-0.02064695954322815,
15,17,58,layer,degradation,0.998046875,0.877878725528717,2763,GAGGAG,0.93310546875,1596,CATTTA,2.115234375,1596,CATTTA,2.115234375,3410,GGGGGN,0.04394163936376572,850,AGGGGN,0.0696231946349144,850,AGGGGN,0.0696231946349144,False,False,True,-0.024377882480621338,
15,18,58,layer,degradation,1.0009765625,0.8947377800941467,2763,GAGGAG,0.93017578125,1596,CATTTA,2.1171875,1596,CATTTA,2.1171875,3410,GGGGGN,0.04339786618947983,850,AGGGGN,0.07010605186223984,850,AGGGGN,0.07010605186223984,False,False,True,-0.01945936679840088,
15,19,58,layer,degradation,1.041015625,1.16056489944458,2763,GAGGAG,0.9140625,1596,CATTTA,2.189453125,1596,CATTTA,2.189453125,3410,GGGGGN,0.04068727046251297,850,AGGGGN,0.08358299732208252,850,AGGGGN,0.08358299732208252,False,False,True,-0.01086588203907013,
15,20,58,layer,degradation,0.99267578125,1.2389740943908691,2763,GAGGAG,0.9619140625,1596,CATTTA,2.130859375,1596,CATTTA,2.130859375,3410,GGGGGN,0.03912675380706787,850,AGGGGN,0.08679720759391785,850,AGGGGN,0.08679720759391785,False,False,True,-0.007264092564582825,
15,21,58,layer,degradation,0.98193359375,1.249334692955017,2763,GAGGAG,0.9853515625,1596,CATTTA,2.130859375,1596,CATTTA,2.130859375,3410,GGGGGN,0.04158098250627518,850,AGGGGN,0.08988234400749207,850,AGGGGN,0.08988234400749207,False,False,True,-0.02459871768951416,
15,22,58,layer,degradation,0.94482421875,1.077301263809204,2763,GAGGAG,0.9091796875,1596,CATTTA,1.97265625,0,AAAAAN,2.0,3410,GGGGGN,0.043994802981615067,850,AGGGGN,0.08182019740343094,850,AGGGGN,0.08182019740343094,False,False,True,-0.03419201076030731,
15,23,58,layer,degradation,0.9697265625,0.9986387491226196,2763,GAGGAG,0.8779296875,1596,CATTTA,1.998046875,682,AGAGAC,2.048828125,3410,GGGGGN,0.04935215413570404,850,AGGGGN,0.08238738775253296,850,AGGGGN,0.08238738775253296,False,False,True,-0.03517147898674011,
15,24,58,layer,degradation,0.9609375,1.0121660232543945,2763,GAGGAG,0.8779296875,1596,CATTTA,1.9765625,0,AAAAAN,2.0,3410,GGGGGN,0.04958062991499901,850,AGGGGN,0.08343961089849472,850,AGGGGN,0.08343961089849472,False,False,True,-0.03209580481052399,
15,25,58,layer,degradation,0.94287109375,1.0393147468566895,2763,GAGGAG,1.037109375,1596,CATTTA,2.09765625,1596,CATTTA,2.09765625,3410,GGGGGN,0.051433540880680084,850,AGGGGN,0.08694574236869812,850,AGGGGN,0.08694574236869812,False,False,True,-0.03489917516708374,
15,26,58,layer,degradation,0.8505859375,0.9195184111595154,2763,GAGGAG,1.1630859375,1596,CATTTA,2.021484375,3241,GGAGAA,2.064453125,3410,GGGGGN,0.06334797292947769,850,AGGGGN,0.09156517684459686,850,AGGGGN,0.09156517684459686,False,False,True,-0.03900180757045746,
15,27,58,layer,degradation,0.89111328125,0.9764503836631775,2763,GAGGAG,1.126953125,1596,CATTTA,2.07421875,1596,CATTTA,2.07421875,3410,GGGGGN,0.05699470266699791,850,AGGGGN,0.08867877721786499,850,AGGGGN,0.08867877721786499,False,False,True,-0.02912043035030365,
15,28,58,layer,degradation,0.316162109375,0.5431678295135498,2763,GAGGAG,2.138671875,1596,CATTTA,1.828125,3241,GGAGAA,2.162109375,3410,GGGGGN,0.06810171902179718,850,AGGGGN,0.0734010562300682,850,AGGGGN,0.0734010562300682,False,False,True,-0.02100539207458496,
15,29,58,layer,degradation,0.25537109375,0.5714172720909119,2763,GAGGAG,2.271484375,1596,CATTTA,1.828125,2763,GAGGAG,2.271484375,3410,GGGGGN,0.06384727358818054,850,AGGGGN,0.07086686044931412,850,AGGGGN,0.07086686044931412,True,False,True,-0.013672962784767151,
15,30,58,layer,degradation,0.1947021484375,0.23857875168323517,2763,GAGGAG,2.419921875,1596,CATTTA,1.84375,2763,GAGGAG,2.419921875,3410,GGGGGN,0.0780743807554245,850,AGGGGN,0.06482576578855515,3410,GGGGGN,0.0780743807554245,True,True,False,-0.026769742369651794,
15,31,58,layer,degradation,0.7265625,0.616808295249939,2763,GAGGAG,1.32421875,1596,CATTTA,1.912109375,0,AAAAAN,2.0,3410,GGGGGN,0.06446554511785507,850,AGGGGN,0.07424921542406082,850,AGGGGN,0.07424921542406082,False,False,True,-0.022334113717079163,
15,32,58,layer,degradation,0.94482421875,0.7936594486236572,2763,GAGGAG,1.015625,1596,CATTTA,2.080078125,1596,CATTTA,2.080078125,3410,GGGGGN,0.05751677602529526,850,AGGGGN,0.07806979864835739,850,AGGGGN,0.07806979864835739,False,False,True,-0.019670933485031128,
15,33,58,layer,degradation,0.98486328125,0.9302504658699036,2763,GAGGAG,0.91552734375,1596,CATTTA,2.068359375,1596,CATTTA,2.068359375,3410,GGGGGN,0.041181713342666626,850,AGGGGN,0.07005244493484497,850,AGGGGN,0.07005244493484497,False,False,True,-0.016976237297058105,
15,34,58,layer,degradation,0.9873046875,0.8655526638031006,2763,GAGGAG,0.96484375,1596,CATTTA,2.123046875,1596,CATTTA,2.123046875,3410,GGGGGN,0.03890657052397728,850,AGGGGN,0.06383752822875977,850,AGGGGN,0.06383752822875977,False,False,True,-0.015409573912620544,
15,35,58,layer,degradation,0.97119140625,0.9103667736053467,2763,GAGGAG,0.9951171875,1596,CATTTA,2.1171875,1596,CATTTA,2.1171875,3410,GGGGGN,0.03861024230718613,850,AGGGGN,0.06627015769481659,850,AGGGGN,0.06627015769481659,False,False,True,-0.02341669797897339,
15,36,58,layer,degradation,0.99267578125,0.9965977668762207,2763,GAGGAG,0.9169921875,1596,CATTTA,2.0859375,1596,CATTTA,2.0859375,3410,GGGGGN,0.042158208787441254,850,AGGGGN,0.07506915926933289,850,AGGGGN,0.07506915926933289,False,False,True,-0.024536162614822388,
15,37,58,layer,degradation,0.9912109375,1.0023508071899414,2763,GAGGAG,0.9169921875,1596,CATTTA,2.08203125,1596,CATTTA,2.08203125,3410,GGGGGN,0.04250189661979675,850,AGGGGN,0.07576318085193634,850,AGGGGN,0.07576318085193634,False,False,True,-0.024570152163505554,
15,38,58,layer,degradation,0.998046875,1.010533094406128,2763,GAGGAG,0.8974609375,1596,CATTTA,2.080078125,1596,CATTTA,2.080078125,3410,GGGGGN,0.041629139333963394,850,AGGGGN,0.07538867741823196,850,AGGGGN,0.07538867741823196,False,False,True,-0.027560323476791382,
15,39,58,layer,degradation,0.99462890625,1.0383987426757812,2763,GAGGAG,0.92578125,1596,CATTTA,2.099609375,1596,CATTTA,2.099609375,3410,GGGGGN,0.04460372403264046,850,AGGGGN,0.08006014674901962,850,AGGGGN,0.08006014674901962,False,False,True,-0.02584676444530487,
15,40,58,layer,degradation,0.998046875,1.0371685028076172,2763,GAGGAG,0.9208984375,1596,CATTTA,2.1015625,1596,CATTTA,2.1015625,3410,GGGGGN,0.04429557919502258,850,AGGGGN,0.07967708259820938,850,AGGGGN,0.07967708259820938,False,False,True,-0.023736879229545593,
15,41,58,layer,degradation,1.013671875,1.0257049798965454,2763,GAGGAG,0.9296875,1596,CATTTA,2.14453125,1596,CATTTA,2.14453125,3410,GGGGGN,0.04365237057209015,850,AGGGGN,0.07833580672740936,850,AGGGGN,0.07833580672740936,False,False,True,-0.013326942920684814,
16,0,58,layer,degradation,0.99560546875,0.9783846139907837,2763,GAGGAG,0.931640625,1596,CATTTA,2.107421875,1596,CATTTA,2.107421875,3410,GGGGGN,0.04274430498480797,850,AGGGGN,0.07454616576433182,850,AGGGGN,0.07454616576433182,False,False,True,-0.007146120071411133,
16,1,58,layer,degradation,0.99755859375,0.9780228734016418,2763,GAGGAG,0.93017578125,1596,CATTTA,2.109375,1596,CATTTA,2.109375,3410,GGGGGN,0.042900197207927704,850,AGGGGN,0.07468003034591675,850,AGGGGN,0.07468003034591675,False,False,True,-0.009053677320480347,
16,2,58,layer,degradation,0.9990234375,0.9834251403808594,2763,GAGGAG,0.92724609375,1596,CATTTA,2.111328125,1596,CATTTA,2.111328125,3410,GGGGGN,0.04296303912997246,850,AGGGGN,0.07507184147834778,850,AGGGGN,0.07507184147834778,False,False,True,-0.007706940174102783,
16,3,58,layer,degradation,1.0048828125,1.0027046203613281,2763,GAGGAG,0.921875,1596,CATTTA,2.119140625,1596,CATTTA,2.119140625,3410,GGGGGN,0.043065305799245834,850,AGGGGN,0.07634813338518143,850,AGGGGN,0.07634813338518143,False,False,True,-0.008767426013946533,
16,4,58,layer,degradation,1.00390625,1.0008511543273926,2763,GAGGAG,0.9228515625,1596,CATTTA,2.1171875,1596,CATTTA,2.1171875,3410,GGGGGN,0.04300502687692642,850,AGGGGN,0.07617498934268951,850,AGGGGN,0.07617498934268951,False,False,True,-0.007959023118019104,
16,5,58,layer,degradation,1.00390625,1.0003548860549927,2763,GAGGAG,0.923828125,1596,CATTTA,2.1171875,1596,CATTTA,2.1171875,3410,GGGGGN,0.04290268197655678,850,AGGGGN,0.07604242116212845,850,AGGGGN,0.07604242116212845,False,False,True,-0.007780179381370544,
16,6,58,layer,degradation,0.97509765625,1.0384626388549805,2763,GAGGAG,0.9638671875,1596,CATTTA,2.09375,1596,CATTTA,2.09375,3410,GGGGGN,0.043756190687417984,850,AGGGGN,0.07921649515628815,850,AGGGGN,0.07921649515628815,False,False,True,-0.006736442446708679,
16,7,58,layer,degradation,0.96240234375,1.0804476737976074,2763,GAGGAG,0.9912109375,1596,CATTTA,2.09375,1596,CATTTA,2.09375,3410,GGGGGN,0.043515559285879135,850,AGGGGN,0.0815325528383255,850,AGGGGN,0.0815325528383255,False,False,True,-0.01079598069190979,
16,8,58,layer,degradation,0.96240234375,1.081813097000122,2763,GAGGAG,0.990234375,1596,CATTTA,2.09375,1596,CATTTA,2.09375,3410,GGGGGN,0.043570809066295624,850,AGGGGN,0.08167094737291336,850,AGGGGN,0.08167094737291336,False,False,True,-0.010695964097976685,
16,9,58,layer,degradation,0.98486328125,1.0468698740005493,2763,GAGGAG,0.95947265625,1596,CATTTA,2.111328125,1596,CATTTA,2.111328125,3410,GGGGGN,0.043091073632240295,850,AGGGGN,0.07906334102153778,850,AGGGGN,0.07906334102153778,False,False,True,-0.010767608880996704,
16,10,58,layer,degradation,1.0302734375,1.0518568754196167,2763,GAGGAG,0.865234375,1596,CATTTA,2.1171875,1596,CATTTA,2.1171875,3410,GGGGGN,0.04600333422422409,850,AGGGGN,0.08227928727865219,850,AGGGGN,0.08227928727865219,False,False,True,-0.016050294041633606,
16,11,58,layer,degradation,1.025390625,1.0588603019714355,2763,GAGGAG,0.873046875,1596,CATTTA,2.11328125,1596,CATTTA,2.11328125,3410,GGGGGN,0.046298716217279434,850,AGGGGN,0.08300114423036575,850,AGGGGN,0.08300114423036575,False,False,True,-0.016591131687164307,
16,12,58,layer,degradation,1.0263671875,1.0532770156860352,2763,GAGGAG,0.8671875,1596,CATTTA,2.109375,1596,CATTTA,2.109375,3410,GGGGGN,0.04576554149389267,850,AGGGGN,0.08212797343730927,850,AGGGGN,0.08212797343730927,False,False,True,-0.027131840586662292,
16,13,58,layer,degradation,0.99462890625,1.0184426307678223,2763,GAGGAG,0.9296875,1596,CATTTA,2.103515625,1596,CATTTA,2.103515625,3410,GGGGGN,0.04248763993382454,850,AGGGGN,0.07672883570194244,850,AGGGGN,0.07672883570194244,False,False,True,-0.023391395807266235,
16,14,58,layer,degradation,1.0,1.0119028091430664,2763,GAGGAG,0.9228515625,1596,CATTTA,2.107421875,1596,CATTTA,2.107421875,3410,GGGGGN,0.041931819170713425,850,AGGGGN,0.07577476650476456,850,AGGGGN,0.07577476650476456,False,False,True,-0.02846367657184601,
16,15,58,layer,degradation,1.00390625,0.991453230381012,2763,GAGGAG,0.9228515625,1596,CATTTA,2.1171875,1596,CATTTA,2.1171875,3410,GGGGGN,0.042899880558252335,850,AGGGGN,0.07549755275249481,850,AGGGGN,0.07549755275249481,False,False,True,-0.019110068678855896,
16,16,58,layer,degradation,0.9873046875,0.9145930409431458,2763,GAGGAG,0.9267578125,1596,CATTTA,2.083984375,1596,CATTTA,2.083984375,3410,GGGGGN,0.0426713302731514,850,AGGGGN,0.0705886036157608,850,AGGGGN,0.0705886036157608,False,False,True,-0.01726403832435608,
16,17,58,layer,degradation,0.98583984375,0.9646135568618774,2763,GAGGAG,0.9287109375,1596,CATTTA,2.083984375,1596,CATTTA,2.083984375,3410,GGGGGN,0.042536407709121704,850,AGGGGN,0.07349967956542969,850,AGGGGN,0.07349967956542969,False,False,True,-0.014513298869132996,
16,18,58,layer,degradation,0.98291015625,0.9653819799423218,2763,GAGGAG,0.93505859375,1596,CATTTA,2.083984375,1596,CATTTA,2.083984375,3410,GGGGGN,0.04124976322054863,850,AGGGGN,0.0722598284482956,850,AGGGGN,0.0722598284482956,False,False,True,-0.009768187999725342,
16,19,58,layer,degradation,0.9921875,1.137416124343872,2763,GAGGAG,0.93212890625,1596,CATTTA,2.099609375,1596,CATTTA,2.099609375,3410,GGGGGN,0.04070855677127838,850,AGGGGN,0.08219464123249054,850,AGGGGN,0.08219464123249054,False,False,True,-0.01293027400970459,
16,20,58,layer,degradation,0.97509765625,1.1571550369262695,2763,GAGGAG,0.96142578125,1596,CATTTA,2.091796875,1596,CATTTA,2.091796875,3410,GGGGGN,0.042130954563617706,850,AGGGGN,0.08481904119253159,850,AGGGGN,0.08481904119253159,False,False,True,-0.013594388961791992,
16,21,58,layer,degradation,1.025390625,1.191840410232544,2763,GAGGAG,0.9130859375,1596,CATTTA,2.154296875,1596,CATTTA,2.154296875,3410,GGGGGN,0.041631411761045456,850,AGGGGN,0.08643165975809097,850,AGGGGN,0.08643165975809097,False,False,True,-0.026925906538963318,
16,22,58,layer,degradation,1.025390625,1.1040012836456299,2763,GAGGAG,0.861328125,1596,CATTTA,2.1015625,1596,CATTTA,2.1015625,3410,GGGGGN,0.04331915080547333,850,AGGGGN,0.082770437002182,850,AGGGGN,0.082770437002182,False,False,True,-0.035089731216430664,
16,23,58,layer,degradation,1.0400390625,1.0247129201889038,2763,GAGGAG,0.8359375,1596,CATTTA,2.109375,1596,CATTTA,2.109375,3410,GGGGGN,0.04437295347452164,850,AGGGGN,0.0789959728717804,850,AGGGGN,0.0789959728717804,False,False,True,-0.03314836323261261,
16,24,58,layer,degradation,0.978515625,0.9083949327468872,2763,GAGGAG,0.8837890625,1596,CATTTA,2.0234375,1596,CATTTA,2.0234375,3410,GGGGGN,0.04778764024376869,850,AGGGGN,0.07532747834920883,850,AGGGGN,0.07532747834920883,False,False,True,-0.029361307621002197,
16,25,58,layer,degradation,0.97509765625,1.011313557624817,2763,GAGGAG,0.97412109375,1596,CATTTA,2.10546875,1596,CATTTA,2.10546875,3410,GGGGGN,0.04649195820093155,850,AGGGGN,0.0802990272641182,850,AGGGGN,0.0802990272641182,False,False,True,-0.03362166881561279,
16,26,58,layer,degradation,0.91943359375,0.6455485820770264,2763,GAGGAG,1.12109375,1596,CATTTA,2.130859375,1596,CATTTA,2.130859375,3410,GGGGGN,0.06632088869810104,850,AGGGGN,0.0778547003865242,850,AGGGGN,0.0778547003865242,False,False,True,-0.034212976694107056,
16,27,58,layer,degradation,0.94287109375,0.7935162782669067,2763,GAGGAG,1.1728515625,1596,CATTTA,2.232421875,1596,CATTTA,2.232421875,3410,GGGGGN,0.06043313071131706,850,AGGGGN,0.0809774324297905,850,AGGGGN,0.0809774324297905,False,False,True,-0.026833415031433105,
16,28,58,layer,degradation,0.2303466796875,0.40816032886505127,2763,GAGGAG,2.423828125,1596,CATTTA,1.92578125,3241,GGAGAA,2.42578125,3410,GGGGGN,0.07455960661172867,850,AGGGGN,0.07163766026496887,3410,GGGGGN,0.07455960661172867,False,True,True,-0.012689679861068726,
16,29,58,layer,degradation,0.1339111328125,0.6487916111946106,2763,GAGGAG,2.369140625,1596,CATTTA,1.66015625,2763,GAGGAG,2.369140625,3410,GGGGGN,0.06680919229984283,850,AGGGGN,0.07854048907756805,850,AGGGGN,0.07854048907756805,True,False,True,-0.011439308524131775,
16,30,58,layer,degradation,0.0875244140625,0.4100315570831299,2763,GAGGAG,2.376953125,1596,CATTTA,1.56640625,2763,GAGGAG,2.376953125,3410,GGGGGN,0.07452576607465744,850,AGGGGN,0.071717768907547,3410,GGGGGN,0.07452576607465744,True,True,False,-0.01838080585002899,
16,31,58,layer,degradation,0.80126953125,0.6446789503097534,2763,GAGGAG,1.125,1596,CATTTA,1.8759765625,0,AAAAAN,2.0,3410,GGGGGN,0.06229163333773613,850,AGGGGN,0.07377249002456665,850,AGGGGN,0.07377249002456665,False,False,True,-0.01534406840801239,
16,32,58,layer,degradation,0.99462890625,0.8335155844688416,2763,GAGGAG,0.93798828125,1596,CATTTA,2.111328125,1596,CATTTA,2.111328125,3410,GGGGGN,0.054699357599020004,850,AGGGGN,0.07767941802740097,850,AGGGGN,0.07767941802740097,False,False,True,-0.01682683825492859,
16,33,58,layer,degradation,1.001953125,0.9659625291824341,2763,GAGGAG,0.9326171875,1596,CATTTA,2.12109375,1596,CATTTA,2.12109375,3410,GGGGGN,0.0426739938557148,850,AGGGGN,0.07371941208839417,850,AGGGGN,0.07371941208839417,False,False,True,-0.015998095273971558,
16,34,58,layer,degradation,1.0029296875,1.002312421798706,2763,GAGGAG,0.93017578125,1596,CATTTA,2.12109375,1596,CATTTA,2.12109375,3410,GGGGGN,0.04262919723987579,850,AGGGGN,0.07588814198970795,850,AGGGGN,0.07588814198970795,False,False,True,-0.01968882977962494,
16,35,58,layer,degradation,1.0,0.9420826435089111,2763,GAGGAG,0.9326171875,1596,CATTTA,2.1171875,1596,CATTTA,2.1171875,3410,GGGGGN,0.03836521878838539,850,AGGGGN,0.06795646995306015,850,AGGGGN,0.06795646995306015,False,False,True,-0.02657654881477356,
16,36,58,layer,degradation,0.98486328125,1.0046651363372803,2763,GAGGAG,0.93994140625,1596,CATTTA,2.091796875,1596,CATTTA,2.091796875,3410,GGGGGN,0.042720574885606766,850,AGGGGN,0.07612279057502747,850,AGGGGN,0.07612279057502747,False,False,True,-0.024258360266685486,
16,37,58,layer,degradation,0.98291015625,0.9967184066772461,2763,GAGGAG,0.94287109375,1596,CATTTA,2.091796875,1596,CATTTA,2.091796875,3410,GGGGGN,0.04224845767021179,850,AGGGGN,0.07516675442457199,850,AGGGGN,0.07516675442457199,False,False,True,-0.02115967869758606,
16,38,58,layer,degradation,0.9814453125,0.9835169315338135,2763,GAGGAG,0.94287109375,1596,CATTTA,2.087890625,1596,CATTTA,2.087890625,3410,GGGGGN,0.041314542293548584,850,AGGGGN,0.0734289363026619,850,AGGGGN,0.0734289363026619,False,False,True,-0.019446328282356262,
16,39,58,layer,degradation,0.99365234375,0.9658302664756775,2763,GAGGAG,0.93359375,1596,CATTTA,2.10546875,1596,CATTTA,2.10546875,3410,GGGGGN,0.040363069623708725,850,AGGGGN,0.07140043377876282,850,AGGGGN,0.07140043377876282,False,False,True,-0.02083788812160492,
16,40,58,layer,degradation,0.99365234375,0.9733900427818298,2763,GAGGAG,0.935546875,1596,CATTTA,2.107421875,1596,CATTTA,2.107421875,3410,GGGGGN,0.04103516787290573,850,AGGGGN,0.07253288477659225,850,AGGGGN,0.07253288477659225,False,False,True,-0.02110891044139862,
16,41,58,layer,degradation,0.99365234375,1.017910122871399,2763,GAGGAG,0.9375,1596,CATTTA,2.109375,1596,CATTTA,2.109375,3410,GGGGGN,0.04388175159692764,850,AGGGGN,0.07809051871299744,850,AGGGGN,0.07809051871299744,False,False,True,-0.012993991374969482,
17,0,58,layer,degradation,1.0,0.9999824166297913,2763,GAGGAG,0.9287109375,1596,CATTTA,2.11328125,1596,CATTTA,2.11328125,3410,GGGGGN,0.0431676022708416,850,AGGGGN,0.07628466188907623,850,AGGGGN,0.07628466188907623,False,False,True,-0.003728151321411133,
17,1,58,layer,degradation,1.0,1.0005886554718018,2763,GAGGAG,0.9287109375,1596,CATTTA,2.11328125,1596,CATTTA,2.11328125,3410,GGGGGN,0.04315199702978134,850,AGGGGN,0.07630597054958344,850,AGGGGN,0.07630597054958344,False,False,True,-0.006215095520019531,
17,2,58,layer,degradation,1.0,1.0003565549850464,2763,GAGGAG,0.9287109375,1596,CATTTA,2.11328125,1596,CATTTA,2.11328125,3410,GGGGGN,0.04315178841352463,850,AGGGGN,0.07629162818193436,850,AGGGGN,0.07629162818193436,False,False,True,-0.007106676697731018,
17,3,58,layer,degradation,1.0,1.0035350322723389,2763,GAGGAG,0.9287109375,1596,CATTTA,2.11328125,1596,CATTTA,2.11328125,3410,GGGGGN,0.04316699877381325,850,AGGGGN,0.07650039345026016,850,AGGGGN,0.07650039345026016,False,False,True,-0.007453486323356628,
17,4,58,layer,degradation,1.0,1.0031085014343262,2763,GAGGAG,0.9287109375,1596,CATTTA,2.11328125,1596,CATTTA,2.11328125,3410,GGGGGN,0.04318626970052719,850,AGGGGN,0.07649368792772293,850,AGGGGN,0.07649368792772293,False,False,True,-0.007306322455406189,
17,5,58,layer,degradation,1.0,1.006786584854126,2763,GAGGAG,0.9287109375,1596,CATTTA,2.11328125,1596,CATTTA,2.11328125,3410,GGGGGN,0.043268751353025436,850,AGGGGN,0.0768001526594162,850,AGGGGN,0.0768001526594162,False,False,True,-0.006367802619934082,
17,6,58,layer,degradation,1.0,1.0048614740371704,2763,GAGGAG,0.9287109375,1596,CATTTA,2.11328125,1596,CATTTA,2.11328125,3410,GGGGGN,0.043268561363220215,850,AGGGGN,0.07668273150920868,850,AGGGGN,0.07668273150920868,False,False,True,-0.008022412657737732,
17,7,58,layer,degradation,1.0,1.007135033607483,2763,GAGGAG,0.9287109375,1596,CATTTA,2.11328125,1596,CATTTA,2.11328125,3410,GGGGGN,0.04326586052775383,850,AGGGGN,0.07681847363710403,850,AGGGGN,0.07681847363710403,False,False,True,-0.006923705339431763,
17,8,58,layer,degradation,1.0,1.0035748481750488,2763,GAGGAG,0.9287109375,1596,CATTTA,2.11328125,1596,CATTTA,2.11328125,3410,GGGGGN,0.04319583252072334,850,AGGGGN,0.07653164863586426,850,AGGGGN,0.07653164863586426,False,False,True,-0.007011696696281433,
17,9,58,layer,degradation,1.0,1.0013675689697266,2763,GAGGAG,0.9287109375,1596,CATTTA,2.11328125,1596,CATTTA,2.11328125,3410,GGGGGN,0.043279070407152176,850,AGGGGN,0.07648047804832458,850,AGGGGN,0.07648047804832458,False,False,True,-0.005487367510795593,
17,10,58,layer,degradation,1.0,1.0038516521453857,2763,GAGGAG,0.9287109375,1596,CATTTA,2.11328125,1596,CATTTA,2.11328125,3410,GGGGGN,0.04333906248211861,850,AGGGGN,0.07669173926115036,850,AGGGGN,0.07669173926115036,False,False,True,-0.00921662151813507,
17,11,58,layer,degradation,1.0,1.003745198249817,2763,GAGGAG,0.9287109375,1596,CATTTA,2.11328125,1596,CATTTA,2.11328125,3410,GGGGGN,0.04335041716694832,850,AGGGGN,0.07669661194086075,850,AGGGGN,0.07669661194086075,False,False,True,-0.012990608811378479,
17,12,58,layer,degradation,1.0,0.990401029586792,2763,GAGGAG,0.9287109375,1596,CATTTA,2.11328125,1596,CATTTA,2.11328125,3410,GGGGGN,0.04315201938152313,850,AGGGGN,0.07568562030792236,850,AGGGGN,0.07568562030792236,False,False,True,-0.028247550129890442,
17,13,58,layer,degradation,1.0,0.9816415905952454,2763,GAGGAG,0.9287109375,1596,CATTTA,2.11328125,1596,CATTTA,2.11328125,3410,GGGGGN,0.04284216836094856,850,AGGGGN,0.07484236359596252,850,AGGGGN,0.07484236359596252,False,False,True,-0.02634221315383911,
17,14,58,layer,degradation,1.0,0.9872197508811951,2763,GAGGAG,0.9287109375,1596,CATTTA,2.11328125,1596,CATTTA,2.11328125,3410,GGGGGN,0.042773518711328506,850,AGGGGN,0.07511339336633682,850,AGGGGN,0.07511339336633682,False,False,True,-0.030137494206428528,
17,15,58,layer,degradation,1.0,0.9819241762161255,2763,GAGGAG,0.9287109375,1596,CATTTA,2.11328125,1596,CATTTA,2.11328125,3410,GGGGGN,0.043003231287002563,850,AGGGGN,0.07502063363790512,850,AGGGGN,0.07502063363790512,False,False,True,-0.015130892395973206,
17,16,58,layer,degradation,1.0,1.031598687171936,2763,GAGGAG,0.9287109375,1596,CATTTA,2.11328125,1596,CATTTA,2.11328125,3410,GGGGGN,0.044119272381067276,850,AGGGGN,0.07916159927845001,850,AGGGGN,0.07916159927845001,False,False,True,-0.014030635356903076,
17,17,58,layer,degradation,1.0,1.049237608909607,2763,GAGGAG,0.9287109375,1596,CATTTA,2.11328125,1596,CATTTA,2.11328125,3410,GGGGGN,0.043721649795770645,850,AGGGGN,0.0798381045460701,850,AGGGGN,0.0798381045460701,False,False,True,-0.006136536598205566,
17,18,58,layer,degradation,1.0,1.0609018802642822,2763,GAGGAG,0.9287109375,1596,CATTTA,2.11328125,1596,CATTTA,2.11328125,3410,GGGGGN,0.04276266694068909,850,AGGGGN,0.07958941906690598,850,AGGGGN,0.07958941906690598,False,False,True,-0.007388487458229065,
17,19,58,layer,degradation,1.0,1.067135214805603,2763,GAGGAG,0.9287109375,1596,CATTTA,2.11328125,1596,CATTTA,2.11328125,3410,GGGGGN,0.04306557774543762,850,AGGGGN,0.08027190715074539,850,AGGGGN,0.08027190715074539,False,False,True,-0.0106126070022583,
17,20,58,layer,degradation,1.0,1.1604374647140503,2763,GAGGAG,0.9287109375,1596,CATTTA,2.11328125,1596,CATTTA,2.11328125,3410,GGGGGN,0.04565989971160889,850,AGGGGN,0.08854787051677704,850,AGGGGN,0.08854787051677704,False,False,True,-0.01413068175315857,
17,21,58,layer,degradation,1.0,1.0486832857131958,2763,GAGGAG,0.9287109375,1596,CATTTA,2.11328125,1596,CATTTA,2.11328125,3410,GGGGGN,0.04362045228481293,850,AGGGGN,0.07970315217971802,3250,GGAGGN,0.08104975521564484,False,False,True,-0.023364201188087463,
17,22,58,layer,degradation,1.0,0.9614308476448059,2763,GAGGAG,0.9287109375,1596,CATTTA,2.11328125,1596,CATTTA,2.11328125,3410,GGGGGN,0.04438523203134537,850,AGGGGN,0.07515469193458557,850,AGGGGN,0.07515469193458557,False,False,True,-0.028720244765281677,
17,23,58,layer,degradation,1.0,0.8931624889373779,2763,GAGGAG,0.9287109375,1596,CATTTA,2.11328125,1596,CATTTA,2.11328125,3410,GGGGGN,0.04097020626068115,850,AGGGGN,0.06758246570825577,850,AGGGGN,0.06758246570825577,False,False,True,-0.029045939445495605,
17,24,58,layer,degradation,1.0,0.8861140012741089,2763,GAGGAG,0.9287109375,1596,CATTTA,2.11328125,1596,CATTTA,2.11328125,3410,GGGGGN,0.04324737563729286,850,AGGGGN,0.06943041831254959,850,AGGGGN,0.06943041831254959,False,False,True,-0.025148525834083557,
17,25,58,layer,degradation,1.0,1.0814756155014038,2763,GAGGAG,0.9287109375,1596,CATTTA,2.11328125,1596,CATTTA,2.11328125,3410,GGGGGN,0.03862590715289116,850,AGGGGN,0.07670550048351288,850,AGGGGN,0.07670550048351288,False,False,True,-0.032481834292411804,
17,26,58,layer,degradation,1.0,0.6276552081108093,2763,GAGGAG,0.9287109375,1596,CATTTA,2.11328125,1596,CATTTA,2.11328125,3410,GGGGGN,0.06660699844360352,850,AGGGGN,0.07705119252204895,850,AGGGGN,0.07705119252204895,False,False,True,-0.03426080942153931,
17,27,58,layer,degradation,1.0,0.540827751159668,2763,GAGGAG,0.9287109375,1596,CATTTA,2.11328125,1596,CATTTA,2.11328125,3410,GGGGGN,0.06714989244937897,850,AGGGGN,0.07230672985315323,850,AGGGGN,0.07230672985315323,False,False,True,-0.02799798548221588,
17,28,58,layer,degradation,0.0,0.2626596987247467,2763,GAGGAG,2.416015625,1596,CATTTA,1.4140625,2763,GAGGAG,2.416015625,3410,GGGGGN,0.07888133823871613,850,AGGGGN,0.06709913164377213,3410,GGGGGN,0.07888133823871613,True,True,False,-0.01352091133594513,
17,29,58,layer,degradation,0.0,0.5581532120704651,2763,GAGGAG,2.416015625,1596,CATTTA,1.4140625,2763,GAGGAG,2.416015625,3410,GGGGGN,0.06789997220039368,850,AGGGGN,0.07411184161901474,850,AGGGGN,0.07411184161901474,True,False,True,-0.010399267077445984,
17,30,58,layer,degradation,0.0,0.6901956796646118,2763,GAGGAG,2.416015625,1596,CATTTA,1.4140625,2763,GAGGAG,2.416015625,3410,GGGGGN,0.06956933438777924,850,AGGGGN,0.08382192999124527,850,AGGGGN,0.08382192999124527,True,False,True,-0.012081325054168701,
17,31,58,layer,degradation,1.0,0.7533292770385742,2763,GAGGAG,0.9287109375,1596,CATTTA,2.11328125,1596,CATTTA,2.11328125,3410,GGGGGN,0.06946117430925369,850,AGGGGN,0.08755829185247421,850,AGGGGN,0.08755829185247421,False,False,True,-0.0098952054977417,
17,32,58,layer,degradation,1.0,1.085618019104004,2763,GAGGAG,0.9287109375,1596,CATTTA,2.11328125,1596,CATTTA,2.11328125,3410,GGGGGN,0.05167258158326149,850,AGGGGN,0.09000442177057266,850,AGGGGN,0.09000442177057266,False,False,True,-0.008425801992416382,
17,33,58,layer,degradation,1.0,1.017469882965088,2763,GAGGAG,0.9287109375,1596,CATTTA,2.11328125,1596,CATTTA,2.11328125,3410,GGGGGN,0.04457447677850723,850,AGGGGN,0.0787564367055893,850,AGGGGN,0.0787564367055893,False,False,True,-0.006777539849281311,
17,34,58,layer,degradation,1.0,1.0096466541290283,2763,GAGGAG,0.9287109375,1596,CATTTA,2.11328125,1596,CATTTA,2.11328125,3410,GGGGGN,0.04417196661233902,850,AGGGGN,0.07787752896547318,850,AGGGGN,0.07787752896547318,False,False,True,-0.017099305987358093,
17,35,58,layer,degradation,1.0,0.9053221940994263,2763,GAGGAG,0.9287109375,1596,CATTTA,2.11328125,1596,CATTTA,2.11328125,3410,GGGGGN,0.03592745587229729,850,AGGGGN,0.06328018009662628,850,AGGGGN,0.06328018009662628,False,False,True,-0.01947382092475891,
17,36,58,layer,degradation,1.0,0.9344777464866638,2763,GAGGAG,0.9287109375,1596,CATTTA,2.11328125,1596,CATTTA,2.11328125,3410,GGGGGN,0.03816107288002968,850,AGGGGN,0.06728922575712204,850,AGGGGN,0.06728922575712204,False,False,True,-0.023036926984786987,
17,37,58,layer,degradation,1.0,0.9277568459510803,2763,GAGGAG,0.9287109375,1596,CATTTA,2.11328125,1596,CATTTA,2.11328125,3410,GGGGGN,0.03764478117227554,850,AGGGGN,0.06636366248130798,850,AGGGGN,0.06636366248130798,False,False,True,-0.016266226768493652,
17,38,58,layer,degradation,1.0,0.933483898639679,2763,GAGGAG,0.9287109375,1596,CATTTA,2.11328125,1596,CATTTA,2.11328125,3410,GGGGGN,0.03797328099608421,850,AGGGGN,0.06704091280698776,850,AGGGGN,0.06704091280698776,False,False,True,-0.016398444771766663,
17,39,58,layer,degradation,1.0,0.9382618069648743,2763,GAGGAG,0.9287109375,1596,CATTTA,2.11328125,1596,CATTTA,2.11328125,3410,GGGGGN,0.03840067237615585,850,AGGGGN,0.06775925308465958,850,AGGGGN,0.06775925308465958,False,False,True,-0.014583781361579895,
17,40,58,layer,degradation,1.0,0.9526211023330688,2763,GAGGAG,0.9287109375,1596,CATTTA,2.11328125,1596,CATTTA,2.11328125,3410,GGGGGN,0.039519328624010086,850,AGGGGN,0.06975232064723969,850,AGGGGN,0.06975232064723969,False,False,True,-0.014011785387992859,
17,41,58,layer,degradation,1.0,1.010170578956604,2763,GAGGAG,0.9287109375,1596,CATTTA,2.11328125,1596,CATTTA,2.11328125,3410,GGGGGN,0.04402270168066025,850,AGGGGN,0.07776016741991043,850,AGGGGN,0.07776016741991043,False,False,True,-0.011223122477531433,
