Layer,Time_Offset,Target_Timestep,Component,Metric_Mode,Logit_Score,Posteriors_Score,Target_Transition_Prior,Target_String_Prior,Target_Logit,Wrong_Transition_Prior,Wrong_String_Prior,Wrong_Logit,Actual_Argmax_Prior,Actual_String_Prior,Actual_Argmax_Logit,Target_Transition_Post,Target_String_Post,Target_Prob,Wrong_Transition_Post,Wrong_String_Post,Wrong_Prob,Actual_Transition_Post,actual_String_Post,actual_Prob,Is_Target_Logit_Argmax,Is_Target_Prob_Argmax,Should_Decode,Global_MSE_Change,New_String
0,0,46,layer,degradation,0.982421875,1.0024489164352417,2423,CTGCAG,2.123046875,582,ACTCAC,2.142578125,582,ACTCAC,2.142578125,2423,CTGCAG,0.0051706633530557156,582,ACTCAC,0.021005062386393547,3345,GGCTCN,0.0849364697933197,False,False,True,-0.0008322820067405701,
0,1,46,layer,degradation,0.96484375,1.003736138343811,2423,CTGCAG,2.126953125,582,ACTCAC,2.14453125,582,ACTCAC,2.14453125,2423,CTGCAG,0.005220501683652401,582,ACTCAC,0.021066900342702866,3345,GGCTCN,0.08545993268489838,False,False,True,-0.0007655732333660126,
0,2,46,layer,degradation,0.9296875,1.0045393705368042,2423,CTGCAG,2.12890625,582,ACTCAC,2.142578125,582,ACTCAC,2.142578125,2423,CTGCAG,0.005214394070208073,582,ACTCAC,0.021068278700113297,3345,GGCTCN,0.08535083383321762,False,False,True,-0.0005162134766578674,
0,3,46,layer,degradation,0.9296875,0.9977412819862366,2423,CTGCAG,2.125,582,ACTCAC,2.138671875,582,ACTCAC,2.138671875,2423,CTGCAG,0.005155499093234539,582,ACTCAC,0.020946014672517776,3345,GGCTCN,0.08567387610673904,False,False,True,-0.00012035295367240906,
0,4,46,layer,degradation,1.0,1.0300488471984863,2423,CTGCAG,2.125,582,ACTCAC,2.146484375,582,ACTCAC,2.146484375,2423,CTGCAG,0.005166791845113039,582,ACTCAC,0.02125847153365612,3345,GGCTCN,0.08579735457897186,False,False,True,-0.00069473497569561,
0,5,46,layer,degradation,1.017578125,1.0202083587646484,2423,CTGCAG,2.125,582,ACTCAC,2.1484375,582,ACTCAC,2.1484375,2423,CTGCAG,0.005214266013354063,582,ACTCAC,0.021214215084910393,3345,GGCTCN,0.08512634038925171,False,False,True,-0.00043313391506671906,
0,6,46,layer,degradation,1.017578125,1.0266497135162354,2423,CTGCAG,2.126953125,582,ACTCAC,2.150390625,582,ACTCAC,2.150390625,2423,CTGCAG,0.005253682844340801,582,ACTCAC,0.021313678473234177,3345,GGCTCN,0.08441175520420074,False,False,True,-0.0007367823272943497,
0,7,46,layer,degradation,1.087890625,1.060752034187317,2423,CTGCAG,2.125,582,ACTCAC,2.15625,582,ACTCAC,2.15625,2423,CTGCAG,0.005247784312814474,582,ACTCAC,0.02162567526102066,3345,GGCTCN,0.08455147594213486,False,False,True,-0.00016278214752674103,
0,8,46,layer,degradation,1.10546875,1.0652344226837158,2423,CTGCAG,2.123046875,582,ACTCAC,2.15625,582,ACTCAC,2.15625,2423,CTGCAG,0.0052713616751134396,582,ACTCAC,0.021691037341952324,3345,GGCTCN,0.084320567548275,False,False,True,-0.00027170591056346893,
0,9,46,layer,degradation,1.0703125,1.0223289728164673,2423,CTGCAG,2.1171875,582,ACTCAC,2.146484375,582,ACTCAC,2.146484375,2423,CTGCAG,0.005165516398847103,582,ACTCAC,0.02118523232638836,3345,GGCTCN,0.08521132916212082,False,False,True,0.0005840733647346497,
0,10,46,layer,degradation,0.982421875,1.0080771446228027,2423,CTGCAG,2.12109375,582,ACTCAC,2.140625,582,ACTCAC,2.140625,2423,CTGCAG,0.0051314751617610455,582,ACTCAC,0.021018339321017265,3345,GGCTCN,0.08565674722194672,False,False,True,0.00022750906646251678,
0,11,46,layer,degradation,0.912109375,0.9520061612129211,2423,CTGCAG,2.125,582,ACTCAC,2.13671875,582,ACTCAC,2.13671875,2423,CTGCAG,0.0051690018735826015,582,ACTCAC,0.020533181726932526,3345,GGCTCN,0.08615686744451523,False,False,True,-0.00036315806210041046,
0,12,46,layer,degradation,0.912109375,0.980925440788269,2423,CTGCAG,2.126953125,582,ACTCAC,2.138671875,582,ACTCAC,2.138671875,2423,CTGCAG,0.005230197682976723,582,ACTCAC,0.020863957703113556,3345,GGCTCN,0.08655259013175964,False,False,True,-0.0008910130709409714,
0,13,46,layer,degradation,0.982421875,0.9959943294525146,2423,CTGCAG,2.123046875,582,ACTCAC,2.142578125,582,ACTCAC,2.142578125,2423,CTGCAG,0.0051986235193908215,582,ACTCAC,0.020972853526473045,3345,GGCTCN,0.08511216938495636,False,False,True,-0.000669499859213829,
0,14,46,layer,degradation,1.0,1.080721378326416,2423,CTGCAG,2.1328125,582,ACTCAC,2.154296875,582,ACTCAC,2.154296875,2423,CTGCAG,0.005238381214439869,582,ACTCAC,0.021802423521876335,3345,GGCTCN,0.08485450595617294,False,False,True,-0.0009820275008678436,
0,15,46,layer,degradation,1.123046875,1.1209625005722046,2423,CTGCAG,2.125,582,ACTCAC,2.16015625,582,ACTCAC,2.16015625,2423,CTGCAG,0.0052652545273303986,582,ACTCAC,0.02220441773533821,3345,GGCTCN,0.08248302340507507,False,False,True,-0.00014037825167179108,
0,16,46,layer,degradation,-0.140380859375,1.030853033065796,2423,CTGCAG,2.22265625,582,ACTCAC,2.1171875,2423,CTGCAG,2.22265625,2423,CTGCAG,0.006793577689677477,582,ACTCAC,0.022892754524946213,3345,GGCTCN,0.09149530529975891,True,False,True,-0.01098770834505558,
0,17,46,layer,degradation,0.03509521484375,0.17436695098876953,2423,CTGCAG,2.30859375,582,ACTCAC,2.22265625,2423,CTGCAG,2.30859375,2423,CTGCAG,0.013530304655432701,582,ACTCAC,0.021645456552505493,3345,GGCTCN,0.08327610045671463,True,False,True,-0.0226230148691684,
0,18,46,layer,degradation,-0.29833984375,-0.08138883113861084,2423,CTGCAG,2.33203125,582,ACTCAC,2.208984375,2423,CTGCAG,2.33203125,2423,CTGCAG,0.0139836510643363,582,ACTCAC,0.019714688882231712,3345,GGCTCN,0.08592462539672852,True,False,True,-0.022359995637089014,
0,19,46,layer,degradation,-0.08770751953125,-0.19064348936080933,2423,CTGCAG,2.294921875,582,ACTCAC,2.1953125,2423,CTGCAG,2.294921875,2423,CTGCAG,0.01369018666446209,582,ACTCAC,0.018402770161628723,3345,GGCTCN,0.08813425898551941,True,False,True,-0.019161527510732412,
0,20,46,layer,degradation,0.982421875,0.854400634765625,2423,CTGCAG,2.130859375,582,ACTCAC,2.150390625,582,ACTCAC,2.150390625,2423,CTGCAG,0.005173144396394491,582,ACTCAC,0.019627461209893227,3345,GGCTCN,0.0810314193367958,False,False,True,-0.001432180404663086,
0,21,46,layer,degradation,0.982421875,0.9708843231201172,2423,CTGCAG,2.126953125,582,ACTCAC,2.146484375,582,ACTCAC,2.146484375,2423,CTGCAG,0.005109550431370735,582,ACTCAC,0.020649708807468414,3345,GGCTCN,0.08335825055837631,False,False,True,-0.0002928841859102249,
0,22,46,layer,degradation,0.947265625,0.9919232726097107,2423,CTGCAG,2.130859375,582,ACTCAC,2.146484375,582,ACTCAC,2.146484375,2423,CTGCAG,0.005284267943352461,582,ACTCAC,0.021020548418164253,3345,GGCTCN,0.08421031385660172,False,False,True,-0.0002690311521291733,
0,23,46,layer,degradation,0.947265625,1.0228426456451416,2423,CTGCAG,2.126953125,582,ACTCAC,2.142578125,582,ACTCAC,2.142578125,2423,CTGCAG,0.005212560296058655,582,ACTCAC,0.021237066015601158,3345,GGCTCN,0.0841044932603836,False,False,True,-0.0003627743571996689,
0,24,46,layer,degradation,0.96484375,1.007602334022522,2423,CTGCAG,2.126953125,582,ACTCAC,2.14453125,582,ACTCAC,2.14453125,2423,CTGCAG,0.005244173109531403,582,ACTCAC,0.021126611158251762,3345,GGCTCN,0.08447265625,False,False,True,-0.00047563202679157257,
0,25,46,layer,degradation,1.017578125,1.0245544910430908,2423,CTGCAG,2.123046875,582,ACTCAC,2.146484375,582,ACTCAC,2.146484375,2423,CTGCAG,0.005153774283826351,582,ACTCAC,0.02119423635303974,3345,GGCTCN,0.08530610799789429,False,False,True,-0.0005059298127889633,
0,26,46,layer,degradation,1.052734375,1.02943754196167,2423,CTGCAG,2.115234375,582,ACTCAC,2.142578125,582,ACTCAC,2.142578125,2423,CTGCAG,0.005139532033354044,582,ACTCAC,0.021225513890385628,3345,GGCTCN,0.0852874219417572,False,False,True,-0.0002519506961107254,
0,27,46,layer,degradation,1.03515625,1.0094016790390015,2423,CTGCAG,2.109375,582,ACTCAC,2.134765625,582,ACTCAC,2.134765625,2423,CTGCAG,0.005140234250575304,582,ACTCAC,0.0210394449532032,3345,GGCTCN,0.08479686081409454,False,False,True,-6.299465894699097e-05,
0,28,46,layer,degradation,1.0,0.9933197498321533,2423,CTGCAG,2.109375,582,ACTCAC,2.130859375,582,ACTCAC,2.130859375,2423,CTGCAG,0.005118482746183872,582,ACTCAC,0.020867779850959778,3345,GGCTCN,0.08565917611122131,False,False,True,0.0003494471311569214,
0,29,46,layer,degradation,1.03515625,1.0016988515853882,2423,CTGCAG,2.1171875,582,ACTCAC,2.142578125,582,ACTCAC,2.142578125,2423,CTGCAG,0.005129230208694935,582,ACTCAC,0.02095663733780384,3345,GGCTCN,0.08576703071594238,False,False,True,0.0005335435271263123,
0,30,46,layer,degradation,0.982421875,1.0072325468063354,2423,CTGCAG,2.123046875,582,ACTCAC,2.142578125,582,ACTCAC,2.142578125,2423,CTGCAG,0.005118590779602528,582,ACTCAC,0.020997580140829086,3345,GGCTCN,0.08615122735500336,False,False,True,0.0005797185003757477,
0,31,46,layer,degradation,0.947265625,0.988650918006897,2423,CTGCAG,2.130859375,582,ACTCAC,2.146484375,582,ACTCAC,2.146484375,2423,CTGCAG,0.005234755575656891,582,ACTCAC,0.02094053104519844,3345,GGCTCN,0.08540478348731995,False,False,True,0.0006954669952392578,
0,32,46,layer,degradation,1.0,0.995090126991272,2423,CTGCAG,2.126953125,582,ACTCAC,2.1484375,582,ACTCAC,2.1484375,2423,CTGCAG,0.005225677974522114,582,ACTCAC,0.020991479977965355,3345,GGCTCN,0.08520336449146271,False,False,True,0.00039981864392757416,
0,33,46,layer,degradation,1.03515625,0.9964057207107544,2423,CTGCAG,2.125,582,ACTCAC,2.150390625,582,ACTCAC,2.150390625,2423,CTGCAG,0.005222948733717203,582,ACTCAC,0.02100101299583912,3345,GGCTCN,0.08510430157184601,False,False,True,-2.6883557438850403e-05,
1,0,46,layer,degradation,1.017578125,1.0217822790145874,2423,CTGCAG,2.115234375,582,ACTCAC,2.138671875,582,ACTCAC,2.138671875,2423,CTGCAG,0.005174933932721615,582,ACTCAC,0.021189553663134575,3345,GGCTCN,0.08533672243356705,False,False,True,-0.0007105302065610886,
1,1,46,layer,degradation,0.982421875,1.0197536945343018,2423,CTGCAG,2.125,582,ACTCAC,2.14453125,582,ACTCAC,2.14453125,2423,CTGCAG,0.005221858620643616,582,ACTCAC,0.021217569708824158,3345,GGCTCN,0.0853935033082962,False,False,True,-0.000622505322098732,
1,2,46,layer,degradation,0.96484375,1.0095429420471191,2423,CTGCAG,2.126953125,582,ACTCAC,2.14453125,582,ACTCAC,2.14453125,2423,CTGCAG,0.005204256158322096,582,ACTCAC,0.021104784682393074,3345,GGCTCN,0.08497198671102524,False,False,True,-0.00047220662236213684,
1,3,46,layer,degradation,0.96484375,0.9855695366859436,2423,CTGCAG,2.130859375,582,ACTCAC,2.1484375,582,ACTCAC,2.1484375,2423,CTGCAG,0.005183612462133169,582,ACTCAC,0.020860664546489716,3345,GGCTCN,0.08484181016683578,False,False,True,-0.0003372561186552048,
1,4,46,layer,degradation,1.0,0.9986020922660828,2423,CTGCAG,2.12890625,582,ACTCAC,2.150390625,582,ACTCAC,2.150390625,2423,CTGCAG,0.005210122559219599,582,ACTCAC,0.02100866101682186,3345,GGCTCN,0.08385632932186127,False,False,True,-0.0003752950578927994,
1,5,46,layer,degradation,1.0703125,1.0296849012374878,2423,CTGCAG,2.123046875,582,ACTCAC,2.15234375,582,ACTCAC,2.15234375,2423,CTGCAG,0.005240404512733221,582,ACTCAC,0.021328693255782127,3345,GGCTCN,0.08362607657909393,False,False,True,0.00038496963679790497,
1,6,46,layer,degradation,1.228515625,1.1004902124404907,2423,CTGCAG,2.12109375,582,ACTCAC,2.16796875,582,ACTCAC,2.16796875,2423,CTGCAG,0.005237186327576637,582,ACTCAC,0.021985510364174843,3345,GGCTCN,0.08304589241743088,False,False,True,0.0010840073227882385,
1,7,46,layer,degradation,1.193359375,1.0789240598678589,2423,CTGCAG,2.12109375,582,ACTCAC,2.1640625,582,ACTCAC,2.1640625,2423,CTGCAG,0.0052618724294006824,582,ACTCAC,0.021809158846735954,3345,GGCTCN,0.0838061049580574,False,False,True,0.001721154898405075,
1,8,46,layer,degradation,1.228515625,1.0902879238128662,2423,CTGCAG,2.1171875,582,ACTCAC,2.1640625,582,ACTCAC,2.1640625,2423,CTGCAG,0.005205047782510519,582,ACTCAC,0.02185826748609543,3345,GGCTCN,0.08277969807386398,False,False,True,0.0011353343725204468,
1,9,46,layer,degradation,1.017578125,0.9749109745025635,2423,CTGCAG,2.1171875,582,ACTCAC,2.140625,582,ACTCAC,2.140625,2423,CTGCAG,0.0051782517693936825,582,ACTCAC,0.02075594663619995,3345,GGCTCN,0.08496124297380447,False,False,True,0.0014321058988571167,
1,10,46,layer,degradation,0.9296875,0.9663972854614258,2423,CTGCAG,2.119140625,582,ACTCAC,2.1328125,582,ACTCAC,2.1328125,2423,CTGCAG,0.005178349558264017,582,ACTCAC,0.02067667990922928,3345,GGCTCN,0.08599846810102463,False,False,True,0.00047913752496242523,
1,11,46,layer,degradation,0.78955078125,0.8908922076225281,2423,CTGCAG,2.125,582,ACTCAC,2.123046875,2423,CTGCAG,2.125,2423,CTGCAG,0.005183073692023754,582,ACTCAC,0.01997755840420723,3345,GGCTCN,0.08744978904724121,True,False,True,0.0008653011173009872,
1,12,46,layer,degradation,0.876953125,0.9392259120941162,2423,CTGCAG,2.12890625,582,ACTCAC,2.13671875,582,ACTCAC,2.13671875,2423,CTGCAG,0.005195983685553074,582,ACTCAC,0.020441027358174324,3345,GGCTCN,0.08627685159444809,False,False,True,0.0002408139407634735,
1,13,46,layer,degradation,0.982421875,0.9503934979438782,2423,CTGCAG,2.12890625,582,ACTCAC,2.1484375,582,ACTCAC,2.1484375,2423,CTGCAG,0.0052801258862018585,582,ACTCAC,0.020629271864891052,3345,GGCTCN,0.0845252200961113,False,False,True,0.0009761229157447815,
1,14,46,layer,degradation,1.10546875,1.06952965259552,2423,CTGCAG,2.12890625,582,ACTCAC,2.162109375,582,ACTCAC,2.162109375,2423,CTGCAG,0.005445937626063824,582,ACTCAC,0.021905651316046715,3345,GGCTCN,0.08446123450994492,False,False,True,-0.00039603374898433685,
1,15,46,layer,degradation,1.123046875,1.1097440719604492,2423,CTGCAG,2.130859375,582,ACTCAC,2.166015625,582,ACTCAC,2.166015625,2423,CTGCAG,0.005471530370414257,582,ACTCAC,0.022306116297841072,3345,GGCTCN,0.08317115902900696,False,False,True,-0.0007225833833217621,
1,16,46,layer,degradation,0.0,0.90898197889328,2423,CTGCAG,2.201171875,582,ACTCAC,2.111328125,2423,CTGCAG,2.201171875,2423,CTGCAG,0.006786089390516281,582,ACTCAC,0.021749204024672508,3345,GGCTCN,0.09435174614191055,True,False,True,-0.00972150918096304,
1,17,46,layer,degradation,0.140380859375,0.19589203596115112,2423,CTGCAG,2.302734375,582,ACTCAC,2.228515625,2423,CTGCAG,2.302734375,2423,CTGCAG,0.013299096375703812,582,ACTCAC,0.02161490172147751,3345,GGCTCN,0.08920111507177353,True,False,True,-0.019449348794296384,
1,18,46,layer,degradation,0.0701904296875,0.11548309773206711,2423,CTGCAG,2.310546875,582,ACTCAC,2.228515625,2423,CTGCAG,2.310546875,2423,CTGCAG,0.01278537604957819,582,ACTCAC,0.020351622253656387,3345,GGCTCN,0.08781452476978302,True,False,True,-0.0189264714717865,
1,19,46,layer,degradation,0.122802734375,0.09419059008359909,2423,CTGCAG,2.2890625,582,ACTCAC,2.212890625,2423,CTGCAG,2.2890625,2423,CTGCAG,0.012319772504270077,582,ACTCAC,0.019687533378601074,3345,GGCTCN,0.08304455876350403,True,False,True,-0.019588882802054286,
1,20,46,layer,degradation,0.947265625,0.8611608147621155,2423,CTGCAG,2.125,582,ACTCAC,2.140625,582,ACTCAC,2.140625,2423,CTGCAG,0.004862740635871887,582,ACTCAC,0.019380073994398117,3345,GGCTCN,0.08142894506454468,False,False,True,-0.0004965085536241531,
1,21,46,layer,degradation,1.0,0.9492641091346741,2423,CTGCAG,2.12109375,582,ACTCAC,2.142578125,582,ACTCAC,2.142578125,2423,CTGCAG,0.0049769580364227295,582,ACTCAC,0.02031557634472847,3345,GGCTCN,0.0839388519525528,False,False,True,0.0001638811081647873,
1,22,46,layer,degradation,0.9296875,0.9961007833480835,2423,CTGCAG,2.13671875,582,ACTCAC,2.150390625,582,ACTCAC,2.150390625,2423,CTGCAG,0.0053123789839446545,582,ACTCAC,0.02108760178089142,3345,GGCTCN,0.08457954227924347,False,False,True,-0.00060221366584301,
1,23,46,layer,degradation,0.9296875,1.021997094154358,2423,CTGCAG,2.1328125,582,ACTCAC,2.146484375,582,ACTCAC,2.146484375,2423,CTGCAG,0.0053055803291499615,582,ACTCAC,0.021322203800082207,3345,GGCTCN,0.0844493880867958,False,False,True,-0.000687476247549057,
1,24,46,layer,degradation,1.017578125,1.0409983396530151,2423,CTGCAG,2.12890625,582,ACTCAC,2.15234375,582,ACTCAC,2.15234375,2423,CTGCAG,0.005297008901834488,582,ACTCAC,0.021490758284926414,3345,GGCTCN,0.08305395394563675,False,False,True,-0.0011190958321094513,
1,25,46,layer,degradation,1.087890625,1.0656368732452393,2423,CTGCAG,2.12109375,582,ACTCAC,2.15234375,582,ACTCAC,2.15234375,2423,CTGCAG,0.00520278699696064,582,ACTCAC,0.021626213565468788,3345,GGCTCN,0.08426249772310257,False,False,True,-0.0008880458772182465,
1,26,46,layer,degradation,1.0703125,1.0562515258789062,2423,CTGCAG,2.123046875,582,ACTCAC,2.15234375,582,ACTCAC,2.15234375,2423,CTGCAG,0.005237296223640442,582,ACTCAC,0.021573234349489212,3345,GGCTCN,0.08569169789552689,False,False,True,-0.0005204733461141586,
1,27,46,layer,degradation,1.03515625,1.0280888080596924,2423,CTGCAG,2.107421875,582,ACTCAC,2.1328125,582,ACTCAC,2.1328125,2423,CTGCAG,0.005093746352940798,582,ACTCAC,0.021167155355215073,3345,GGCTCN,0.08647671341896057,False,False,True,0.00025848858058452606,
1,28,46,layer,degradation,1.0703125,1.0248781442642212,2423,CTGCAG,2.10546875,582,ACTCAC,2.134765625,582,ACTCAC,2.134765625,2423,CTGCAG,0.005077933426946402,582,ACTCAC,0.021121414378285408,3345,GGCTCN,0.08638733625411987,False,False,True,0.0007017478346824646,
1,29,46,layer,degradation,1.087890625,1.0105541944503784,2423,CTGCAG,2.103515625,582,ACTCAC,2.134765625,582,ACTCAC,2.134765625,2423,CTGCAG,0.004989103879779577,582,ACTCAC,0.020899059250950813,3345,GGCTCN,0.0861285924911499,False,False,True,0.001018354669213295,
1,30,46,layer,degradation,1.052734375,1.010660171508789,2423,CTGCAG,2.1171875,582,ACTCAC,2.14453125,582,ACTCAC,2.14453125,2423,CTGCAG,0.005085448734462261,582,ACTCAC,0.020996389910578728,3345,GGCTCN,0.08674651384353638,False,False,True,0.001586083322763443,
1,31,46,layer,degradation,1.0703125,0.9938229322433472,2423,CTGCAG,2.126953125,582,ACTCAC,2.15625,582,ACTCAC,2.15625,2423,CTGCAG,0.005240368656814098,582,ACTCAC,0.020994355902075768,3345,GGCTCN,0.08562561869621277,False,False,True,0.0018259324133396149,
1,32,46,layer,degradation,1.087890625,0.990515947341919,2423,CTGCAG,2.125,582,ACTCAC,2.15625,582,ACTCAC,2.15625,2423,CTGCAG,0.005207417532801628,582,ACTCAC,0.0209305789321661,3345,GGCTCN,0.08466112613677979,False,False,True,0.0013835858553647995,
1,33,46,layer,degradation,1.0703125,1.0046988725662231,2423,CTGCAG,2.130859375,582,ACTCAC,2.16015625,582,ACTCAC,2.16015625,2423,CTGCAG,0.005278170108795166,582,ACTCAC,0.02113354206085205,3345,GGCTCN,0.08464618027210236,False,False,True,0.00048343464732170105,
2,0,46,layer,degradation,1.052734375,1.0232940912246704,2423,CTGCAG,2.12109375,582,ACTCAC,2.1484375,582,ACTCAC,2.1484375,2423,CTGCAG,0.0052386741153895855,582,ACTCAC,0.02126738801598549,3345,GGCTCN,0.08494994789361954,False,False,True,-0.000594012439250946,
2,1,46,layer,degradation,1.0703125,1.0198899507522583,2423,CTGCAG,2.123046875,582,ACTCAC,2.15234375,582,ACTCAC,2.15234375,2423,CTGCAG,0.005329213570803404,582,ACTCAC,0.02132619544863701,3345,GGCTCN,0.08443556725978851,False,False,True,-0.0006958991289138794,
2,2,46,layer,degradation,1.0,1.0077672004699707,2423,CTGCAG,2.123046875,582,ACTCAC,2.14453125,582,ACTCAC,2.14453125,2423,CTGCAG,0.00515370350331068,582,ACTCAC,0.02103767916560173,3345,GGCTCN,0.08430981636047363,False,False,True,-0.0004935003817081451,
2,3,46,layer,degradation,0.96484375,0.9748070240020752,2423,CTGCAG,2.125,582,ACTCAC,2.142578125,582,ACTCAC,2.142578125,2423,CTGCAG,0.0051321787759661674,582,ACTCAC,0.020708903670310974,3345,GGCTCN,0.08533060550689697,False,False,True,0.00019820593297481537,
2,4,46,layer,degradation,0.982421875,0.9994171261787415,2423,CTGCAG,2.126953125,582,ACTCAC,2.146484375,582,ACTCAC,2.146484375,2423,CTGCAG,0.005118096712976694,582,ACTCAC,0.02092423290014267,3345,GGCTCN,0.08521600067615509,False,False,True,7.294677197933197e-05,
2,5,46,layer,degradation,1.0703125,1.0267977714538574,2423,CTGCAG,2.12109375,582,ACTCAC,2.150390625,582,ACTCAC,2.150390625,2423,CTGCAG,0.005117333028465509,582,ACTCAC,0.021178707480430603,3345,GGCTCN,0.08486852794885635,False,False,True,0.00045757927000522614,
2,6,46,layer,degradation,1.2802734375,1.1297576427459717,2423,CTGCAG,2.11328125,582,ACTCAC,2.166015625,582,ACTCAC,2.166015625,2423,CTGCAG,0.0051670498214662075,582,ACTCAC,0.022188199684023857,3345,GGCTCN,0.08336127549409866,False,False,True,0.0011719707399606705,
2,7,46,layer,degradation,1.24609375,1.1471611261367798,2423,CTGCAG,2.12109375,582,ACTCAC,2.169921875,582,ACTCAC,2.169921875,2423,CTGCAG,0.005230952985584736,582,ACTCAC,0.02241433411836624,3345,GGCTCN,0.08297237753868103,False,False,True,0.000995272770524025,
2,8,46,layer,degradation,1.2626953125,1.1697578430175781,2423,CTGCAG,2.12109375,582,ACTCAC,2.171875,582,ACTCAC,2.171875,2423,CTGCAG,0.005287495441734791,582,ACTCAC,0.022681519389152527,3345,GGCTCN,0.08230480551719666,False,False,True,0.000888824462890625,
2,9,46,layer,degradation,0.96484375,1.0081710815429688,2423,CTGCAG,2.126953125,582,ACTCAC,2.14453125,582,ACTCAC,2.14453125,2423,CTGCAG,0.005363166332244873,582,ACTCAC,0.021250905469059944,3345,GGCTCN,0.08511236310005188,False,False,True,0.00032915547490119934,
2,10,46,layer,degradation,0.876953125,0.9626373648643494,2423,CTGCAG,2.1328125,582,ACTCAC,2.140625,582,ACTCAC,2.140625,2423,CTGCAG,0.00533392233774066,582,ACTCAC,0.020797204226255417,3345,GGCTCN,0.08704924583435059,False,False,True,0.0006740894168615341,
2,11,46,layer,degradation,0.75439453125,0.8326541781425476,2423,CTGCAG,2.130859375,582,ACTCAC,2.125,2423,CTGCAG,2.130859375,2423,CTGCAG,0.00525668216869235,582,ACTCAC,0.019508281722664833,3345,GGCTCN,0.08733268082141876,True,False,True,0.0026414133608341217,
2,12,46,layer,degradation,0.947265625,0.9168826937675476,2423,CTGCAG,2.123046875,582,ACTCAC,2.138671875,582,ACTCAC,2.138671875,2423,CTGCAG,0.005225727334618568,582,ACTCAC,0.020262490957975388,3345,GGCTCN,0.08664107322692871,False,False,True,0.0014319289475679398,
2,13,46,layer,degradation,0.982421875,0.9325309991836548,2423,CTGCAG,2.126953125,582,ACTCAC,2.146484375,582,ACTCAC,2.146484375,2423,CTGCAG,0.005206917878240347,582,ACTCAC,0.020389553159475327,3345,GGCTCN,0.08504269272089005,False,False,True,0.0019190255552530289,
2,14,46,layer,degradation,1.0,1.0603731870651245,2423,CTGCAG,2.138671875,582,ACTCAC,2.16015625,582,ACTCAC,2.16015625,2423,CTGCAG,0.0054363287054002285,582,ACTCAC,0.021810688078403473,3345,GGCTCN,0.08524490147829056,False,False,True,-0.001520846039056778,
2,15,46,layer,degradation,1.158203125,1.1398204565048218,2423,CTGCAG,2.13671875,582,ACTCAC,2.17578125,582,ACTCAC,2.17578125,2423,CTGCAG,0.005473799537867308,582,ACTCAC,0.022588754072785378,3345,GGCTCN,0.0830838605761528,False,False,True,-0.0021388735622167587,
2,16,46,layer,degradation,0.4736328125,1.0500634908676147,2423,CTGCAG,2.1640625,582,ACTCAC,2.126953125,2423,CTGCAG,2.1640625,2423,CTGCAG,0.006484547164291143,582,ACTCAC,0.022762801498174667,3345,GGCTCN,0.09173563867807388,True,False,True,-0.009779193438589573,
2,17,46,layer,degradation,0.24560546875,0.20826569199562073,2423,CTGCAG,2.291015625,582,ACTCAC,2.228515625,2423,CTGCAG,2.291015625,2423,CTGCAG,0.012790580280125141,582,ACTCAC,0.02122173085808754,3345,GGCTCN,0.10024400055408478,True,False,True,-0.013163276948034763,
2,18,46,layer,degradation,-0.017547607421875,-0.0042040119878947735,2423,CTGCAG,2.294921875,582,ACTCAC,2.203125,2423,CTGCAG,2.294921875,2423,CTGCAG,0.012906155548989773,582,ACTCAC,0.01935669779777527,3345,GGCTCN,0.09759445488452911,True,False,True,-0.014709929004311562,
2,19,46,layer,degradation,-0.03509521484375,0.015142296440899372,2423,CTGCAG,2.296875,582,ACTCAC,2.203125,2423,CTGCAG,2.296875,2423,CTGCAG,0.012326217256486416,582,ACTCAC,0.018957102671265602,3345,GGCTCN,0.0942574217915535,True,False,True,-0.01042642816901207,
2,20,46,layer,degradation,0.73681640625,0.786521852016449,2423,CTGCAG,2.130859375,582,ACTCAC,2.123046875,2423,CTGCAG,2.130859375,2423,CTGCAG,0.00498106749728322,582,ACTCAC,0.01880262792110443,3345,GGCTCN,0.0805240198969841,True,False,True,-0.0007744729518890381,
2,21,46,layer,degradation,0.73681640625,0.9267868995666504,2423,CTGCAG,2.140625,582,ACTCAC,2.1328125,2423,CTGCAG,2.140625,2423,CTGCAG,0.0049622077494859695,582,ACTCAC,0.02009129710495472,3345,GGCTCN,0.0826280266046524,True,False,True,-0.00015731900930404663,
2,22,46,layer,degradation,0.84228515625,1.0601797103881836,2423,CTGCAG,2.146484375,582,ACTCAC,2.150390625,582,ACTCAC,2.150390625,2423,CTGCAG,0.00534812780097127,582,ACTCAC,0.021720683202147484,3345,GGCTCN,0.08152889460325241,False,False,True,-0.0016231909394264221,
2,23,46,layer,degradation,0.912109375,1.0177562236785889,2423,CTGCAG,2.12890625,582,ACTCAC,2.140625,582,ACTCAC,2.140625,2423,CTGCAG,0.005183391273021698,582,ACTCAC,0.021160481497645378,3345,GGCTCN,0.0839778408408165,False,False,True,-0.0011475514620542526,
2,24,46,layer,degradation,0.912109375,1.0087295770645142,2423,CTGCAG,2.125,582,ACTCAC,2.13671875,582,ACTCAC,2.13671875,2423,CTGCAG,0.005254036746919155,582,ACTCAC,0.021146981045603752,3345,GGCTCN,0.08316957205533981,False,False,True,-0.00035085156559944153,
2,25,46,layer,degradation,1.123046875,1.053932547569275,2423,CTGCAG,2.1171875,582,ACTCAC,2.15234375,582,ACTCAC,2.15234375,2423,CTGCAG,0.0051309047266840935,582,ACTCAC,0.021445225924253464,3345,GGCTCN,0.08311352878808975,False,False,True,-0.00025236234068870544,
2,26,46,layer,degradation,1.140625,1.074521541595459,2423,CTGCAG,2.123046875,582,ACTCAC,2.16015625,582,ACTCAC,2.16015625,2423,CTGCAG,0.005229865200817585,582,ACTCAC,0.021736111491918564,3345,GGCTCN,0.08341459929943085,False,False,True,0.00018118321895599365,
2,27,46,layer,degradation,1.140625,1.0802353620529175,2423,CTGCAG,2.111328125,582,ACTCAC,2.1484375,582,ACTCAC,2.1484375,2423,CTGCAG,0.005084205884486437,582,ACTCAC,0.02164371684193611,3345,GGCTCN,0.0853000357747078,False,False,True,0.0004780236631631851,
2,28,46,layer,degradation,1.193359375,1.0675703287124634,2423,CTGCAG,2.10546875,582,ACTCAC,2.1484375,582,ACTCAC,2.1484375,2423,CTGCAG,0.004961990751326084,582,ACTCAC,0.021403441205620766,3345,GGCTCN,0.0858541950583458,False,False,True,0.0013282857835292816,
2,29,46,layer,degradation,1.2626953125,1.0802438259124756,2423,CTGCAG,2.1015625,582,ACTCAC,2.15234375,582,ACTCAC,2.15234375,2423,CTGCAG,0.004902093671262264,582,ACTCAC,0.02146168239414692,3345,GGCTCN,0.0850316509604454,False,False,True,0.0008571874350309372,
2,30,46,layer,degradation,1.2626953125,1.0684634447097778,2423,CTGCAG,2.107421875,582,ACTCAC,2.158203125,582,ACTCAC,2.158203125,2423,CTGCAG,0.00498893391340971,582,ACTCAC,0.021438708528876305,3345,GGCTCN,0.08686872571706772,False,False,True,0.0015454590320587158,
2,31,46,layer,degradation,1.140625,1.06062912940979,2423,CTGCAG,2.123046875,582,ACTCAC,2.16015625,582,ACTCAC,2.16015625,2423,CTGCAG,0.0051600513979792595,582,ACTCAC,0.021536795422434807,3345,GGCTCN,0.08694187551736832,False,False,True,0.0012686792761087418,
2,32,46,layer,degradation,1.017578125,0.9666464328765869,2423,CTGCAG,2.125,582,ACTCAC,2.1484375,582,ACTCAC,2.1484375,2423,CTGCAG,0.00513445446267724,582,ACTCAC,0.020635107532143593,3345,GGCTCN,0.0888097733259201,False,False,True,0.0026668794453144073,
2,33,46,layer,degradation,1.03515625,1.0097384452819824,2423,CTGCAG,2.130859375,582,ACTCAC,2.15625,582,ACTCAC,2.15625,2423,CTGCAG,0.0052576796151697636,582,ACTCAC,0.021160028874874115,3345,GGCTCN,0.08436906337738037,False,False,True,0.00027330219745635986,
3,0,46,layer,degradation,0.947265625,0.9706062078475952,2423,CTGCAG,2.125,582,ACTCAC,2.140625,582,ACTCAC,2.140625,2423,CTGCAG,0.0052052210085093975,582,ACTCAC,0.020742787048220634,3345,GGCTCN,0.0853099599480629,False,False,True,-0.00023440271615982056,
3,1,46,layer,degradation,1.087890625,0.9691681861877441,2423,CTGCAG,2.12109375,582,ACTCAC,2.15234375,582,ACTCAC,2.15234375,2423,CTGCAG,0.005204333923757076,582,ACTCAC,0.020728494971990585,3345,GGCTCN,0.08344169706106186,False,False,True,0.0005964450538158417,
3,2,46,layer,degradation,1.087890625,0.9655482769012451,2423,CTGCAG,2.125,582,ACTCAC,2.15625,582,ACTCAC,2.15625,2423,CTGCAG,0.005183088127523661,582,ACTCAC,0.02067350409924984,3345,GGCTCN,0.08224450796842575,False,False,True,0.0007187947630882263,
3,3,46,layer,degradation,0.947265625,0.9104052782058716,2423,CTGCAG,2.130859375,582,ACTCAC,2.146484375,582,ACTCAC,2.146484375,2423,CTGCAG,0.005210955161601305,582,ACTCAC,0.020187336951494217,3345,GGCTCN,0.08329072594642639,False,False,True,0.0005753841251134872,
3,4,46,layer,degradation,0.80712890625,0.8749328851699829,2423,CTGCAG,2.125,582,ACTCAC,2.125,582,ACTCAC,2.125,2423,CTGCAG,0.005162261892110109,582,ACTCAC,0.019807975739240646,3345,GGCTCN,0.08495647460222244,False,False,True,0.0007926784455776215,
3,5,46,layer,degradation,0.84228515625,0.9158723950386047,2423,CTGCAG,2.126953125,582,ACTCAC,2.130859375,582,ACTCAC,2.130859375,2423,CTGCAG,0.005173244047909975,582,ACTCAC,0.020200589671730995,3345,GGCTCN,0.08574343472719193,False,False,True,0.00039004720747470856,
3,6,46,layer,degradation,1.087890625,1.0307294130325317,2423,CTGCAG,2.125,582,ACTCAC,2.15625,582,ACTCAC,2.15625,2423,CTGCAG,0.005206719506531954,582,ACTCAC,0.021304743364453316,3345,GGCTCN,0.0829327255487442,False,False,True,4.2982399463653564e-05,
3,7,46,layer,degradation,1.10546875,1.0511491298675537,2423,CTGCAG,2.125,582,ACTCAC,2.158203125,582,ACTCAC,2.158203125,2423,CTGCAG,0.005219418089836836,582,ACTCAC,0.02150779217481613,3345,GGCTCN,0.08242890238761902,False,False,True,-0.00038773752748966217,
3,8,46,layer,degradation,1.10546875,1.0520466566085815,2423,CTGCAG,2.126953125,582,ACTCAC,2.16015625,582,ACTCAC,2.16015625,2423,CTGCAG,0.005255160387605429,582,ACTCAC,0.02155190147459507,3345,GGCTCN,0.08155720680952072,False,False,True,-0.0005305502563714981,
3,9,46,layer,degradation,0.96484375,0.9931195378303528,2423,CTGCAG,2.126953125,582,ACTCAC,2.14453125,582,ACTCAC,2.14453125,2423,CTGCAG,0.005315585993230343,582,ACTCAC,0.02106301672756672,3345,GGCTCN,0.08306465297937393,False,False,True,-0.0003117527812719345,
3,10,46,layer,degradation,0.876953125,0.9380807876586914,2423,CTGCAG,2.126953125,582,ACTCAC,2.134765625,582,ACTCAC,2.134765625,2423,CTGCAG,0.005395869724452496,582,ACTCAC,0.020630238577723503,3345,GGCTCN,0.08663149923086166,False,False,True,0.0015105828642845154,
3,11,46,layer,degradation,0.876953125,0.8834677934646606,2423,CTGCAG,2.1328125,582,ACTCAC,2.140625,582,ACTCAC,2.140625,2423,CTGCAG,0.005461565684527159,582,ACTCAC,0.02018684148788452,3345,GGCTCN,0.08769027888774872,False,False,True,0.00428863987326622,
3,12,46,layer,degradation,1.0,0.959463894367218,2423,CTGCAG,2.12890625,582,ACTCAC,2.150390625,582,ACTCAC,2.150390625,2423,CTGCAG,0.005358053371310234,582,ACTCAC,0.020791752263903618,3345,GGCTCN,0.08716065436601639,False,False,True,0.002597920596599579,
3,13,46,layer,degradation,1.03515625,0.9561623334884644,2423,CTGCAG,2.130859375,582,ACTCAC,2.15625,582,ACTCAC,2.15625,2423,CTGCAG,0.005265828687697649,582,ACTCAC,0.020668750628829002,3345,GGCTCN,0.08468052744865417,False,False,True,0.0027265790849924088,
3,14,46,layer,degradation,0.96484375,1.1029434204101562,2423,CTGCAG,2.154296875,582,ACTCAC,2.171875,582,ACTCAC,2.171875,2423,CTGCAG,0.005584405269473791,582,ACTCAC,0.022355597466230392,3345,GGCTCN,0.08662328869104385,False,False,True,-0.004204882308840752,
3,15,46,layer,degradation,1.123046875,1.1703184843063354,2423,CTGCAG,2.15625,582,ACTCAC,2.19140625,582,ACTCAC,2.19140625,2423,CTGCAG,0.00594125734642148,582,ACTCAC,0.023340508341789246,3345,GGCTCN,0.08703865110874176,False,False,True,-0.005501445382833481,
3,16,46,layer,degradation,0.63134765625,1.0603721141815186,2423,CTGCAG,2.162109375,582,ACTCAC,2.142578125,2423,CTGCAG,2.162109375,2423,CTGCAG,0.007450707256793976,582,ACTCAC,0.023825056850910187,3345,GGCTCN,0.09653222560882568,True,False,True,-0.011953006498515606,
3,17,46,layer,degradation,0.912109375,0.8752515912055969,2423,CTGCAG,2.212890625,582,ACTCAC,2.224609375,582,ACTCAC,2.224609375,2423,CTGCAG,0.009008709341287613,582,ACTCAC,0.02365739457309246,3345,GGCTCN,0.08795420825481415,False,False,True,-0.016483142506331205,
3,18,46,layer,degradation,0.315673828125,0.44927990436553955,2423,CTGCAG,2.21875,582,ACTCAC,2.1640625,2423,CTGCAG,2.21875,2423,CTGCAG,0.008978480473160744,582,ACTCAC,0.01965632662177086,3345,GGCTCN,0.09037819504737854,True,False,True,-0.016767246183007956,
3,19,46,layer,degradation,0.9296875,0.7245790958404541,2423,CTGCAG,2.216796875,582,ACTCAC,2.23046875,582,ACTCAC,2.23046875,2423,CTGCAG,0.008000608533620834,582,ACTCAC,0.021244749426841736,3345,GGCTCN,0.07416049391031265,False,False,True,-0.01428189966827631,
3,20,46,layer,degradation,0.9296875,0.7185227274894714,2423,CTGCAG,2.146484375,582,ACTCAC,2.16015625,582,ACTCAC,2.16015625,2423,CTGCAG,0.005847830791026354,582,ACTCAC,0.019035514444112778,3345,GGCTCN,0.08165833353996277,False,False,True,-0.003013443201780319,
3,21,46,layer,degradation,0.80712890625,0.8310816287994385,2423,CTGCAG,2.150390625,582,ACTCAC,2.150390625,582,ACTCAC,2.150390625,2423,CTGCAG,0.005634142551571131,582,ACTCAC,0.01987108215689659,3345,GGCTCN,0.08361440896987915,False,False,True,-0.0014231521636247635,
3,22,46,layer,degradation,0.77197265625,0.9457887411117554,2423,CTGCAG,2.134765625,582,ACTCAC,2.130859375,2423,CTGCAG,2.134765625,2423,CTGCAG,0.0052740066312253475,582,ACTCAC,0.0205802284181118,3345,GGCTCN,0.0854615792632103,True,False,True,-0.0006971750408411026,
3,23,46,layer,degradation,0.85986328125,0.9764701724052429,2423,CTGCAG,2.130859375,582,ACTCAC,2.13671875,582,ACTCAC,2.13671875,2423,CTGCAG,0.005200295243412256,582,ACTCAC,0.0207925233989954,3345,GGCTCN,0.08518112450838089,False,False,True,0.00022677332162857056,
3,24,46,layer,degradation,0.947265625,1.028105616569519,2423,CTGCAG,2.125,582,ACTCAC,2.140625,582,ACTCAC,2.140625,2423,CTGCAG,0.005259825848042965,582,ACTCAC,0.021333390846848488,3345,GGCTCN,0.08370577543973923,False,False,True,-0.0013002939522266388,
3,25,46,layer,degradation,1.10546875,1.0726839303970337,2423,CTGCAG,2.126953125,582,ACTCAC,2.16015625,582,ACTCAC,2.16015625,2423,CTGCAG,0.0052335793152451515,582,ACTCAC,0.021722696721553802,3345,GGCTCN,0.08273331075906754,False,False,True,-0.0008153859525918961,
3,26,46,layer,degradation,1.052734375,1.080156922340393,2423,CTGCAG,2.123046875,582,ACTCAC,2.150390625,582,ACTCAC,2.150390625,2423,CTGCAG,0.005288250278681517,582,ACTCAC,0.021847030147910118,3345,GGCTCN,0.08487256616353989,False,False,True,0.00019024871289730072,
3,27,46,layer,degradation,1.158203125,1.1253904104232788,2423,CTGCAG,2.1171875,582,ACTCAC,2.15625,582,ACTCAC,2.15625,2423,CTGCAG,0.005157872103154659,582,ACTCAC,0.022138312458992004,3345,GGCTCN,0.0875934436917305,False,False,True,0.0010110586881637573,
3,28,46,layer,degradation,1.3154296875,1.1358132362365723,2423,CTGCAG,2.103515625,582,ACTCAC,2.16015625,582,ACTCAC,2.16015625,2423,CTGCAG,0.0049146306701004505,582,ACTCAC,0.02199222892522812,3345,GGCTCN,0.08538451045751572,False,False,True,0.00022497214376926422,
3,29,46,layer,degradation,1.3505859375,1.1215907335281372,2423,CTGCAG,2.091796875,582,ACTCAC,2.15234375,582,ACTCAC,2.15234375,2423,CTGCAG,0.0047978246584534645,582,ACTCAC,0.021742843091487885,3345,GGCTCN,0.0832877829670906,False,False,True,-0.00039520300924777985,
3,30,46,layer,degradation,1.2802734375,1.0964744091033936,2423,CTGCAG,2.107421875,582,ACTCAC,2.16015625,582,ACTCAC,2.16015625,2423,CTGCAG,0.004973382689058781,582,ACTCAC,0.021684270352125168,3345,GGCTCN,0.08250130712985992,False,False,True,-0.0008027367293834686,
3,31,46,layer,degradation,1.03515625,1.023918628692627,2423,CTGCAG,2.130859375,582,ACTCAC,2.15625,582,ACTCAC,2.15625,2423,CTGCAG,0.005277662537992001,582,ACTCAC,0.021312199532985687,3345,GGCTCN,0.08677352219820023,False,False,True,0.000362444669008255,
3,32,46,layer,degradation,0.876953125,0.9363784193992615,2423,CTGCAG,2.13671875,582,ACTCAC,2.14453125,582,ACTCAC,2.14453125,2423,CTGCAG,0.005199052859097719,582,ACTCAC,0.020417552441358566,3345,GGCTCN,0.09000124782323837,False,False,True,0.0018556192517280579,
3,33,46,layer,degradation,0.85986328125,1.0313762426376343,2423,CTGCAG,2.1328125,582,ACTCAC,2.138671875,582,ACTCAC,2.138671875,2423,CTGCAG,0.005171285010874271,582,ACTCAC,0.021275337785482407,3345,GGCTCN,0.08419051021337509,False,False,True,-0.0015533249825239182,
4,0,46,layer,degradation,1.0703125,0.9954745769500732,2423,CTGCAG,2.119140625,582,ACTCAC,2.1484375,582,ACTCAC,2.1484375,2423,CTGCAG,0.005251574330031872,582,ACTCAC,0.021020958200097084,3345,GGCTCN,0.08441007882356644,False,False,True,-0.0003552120178937912,
4,1,46,layer,degradation,1.2109375,1.0201454162597656,2423,CTGCAG,2.11328125,582,ACTCAC,2.158203125,582,ACTCAC,2.158203125,2423,CTGCAG,0.00516645610332489,582,ACTCAC,0.021165817975997925,3345,GGCTCN,0.08140718936920166,False,False,True,-0.00025765039026737213,
4,2,46,layer,degradation,1.140625,0.9839820265769958,2423,CTGCAG,2.119140625,582,ACTCAC,2.15625,582,ACTCAC,2.15625,2423,CTGCAG,0.0050640348345041275,582,ACTCAC,0.020726287737488747,3345,GGCTCN,0.08292005956172943,False,False,True,0.0003653373569250107,
4,3,46,layer,degradation,1.017578125,0.9672748446464539,2423,CTGCAG,2.123046875,582,ACTCAC,2.146484375,582,ACTCAC,2.146484375,2423,CTGCAG,0.0051102894358336926,582,ACTCAC,0.02061680145561695,3345,GGCTCN,0.08293764293193817,False,False,True,0.00018904171884059906,
4,4,46,layer,degradation,0.84228515625,0.9314943552017212,2423,CTGCAG,2.138671875,582,ACTCAC,2.142578125,582,ACTCAC,2.142578125,2423,CTGCAG,0.005371125880628824,582,ACTCAC,0.02054409682750702,3345,GGCTCN,0.08582860231399536,False,False,True,0.00016840361058712006,
4,5,46,layer,degradation,0.89453125,0.9588608741760254,2423,CTGCAG,2.130859375,582,ACTCAC,2.140625,582,ACTCAC,2.140625,2423,CTGCAG,0.005287299398332834,582,ACTCAC,0.02071537636220455,3345,GGCTCN,0.08468656241893768,False,False,True,3.840401768684387e-05,
4,6,46,layer,degradation,1.0,0.9774302840232849,2423,CTGCAG,2.130859375,582,ACTCAC,2.15234375,582,ACTCAC,2.15234375,2423,CTGCAG,0.00533076748251915,582,ACTCAC,0.020931946113705635,3345,GGCTCN,0.08456723392009735,False,False,True,0.0006640180945396423,
4,7,46,layer,degradation,1.087890625,1.0328344106674194,2423,CTGCAG,2.126953125,582,ACTCAC,2.158203125,582,ACTCAC,2.158203125,2423,CTGCAG,0.005272327922284603,582,ACTCAC,0.021389974281191826,3345,GGCTCN,0.08287789672613144,False,False,True,0.0002106986939907074,
4,8,46,layer,degradation,1.10546875,1.0605907440185547,2423,CTGCAG,2.130859375,582,ACTCAC,2.1640625,582,ACTCAC,2.1640625,2423,CTGCAG,0.005379588343203068,582,ACTCAC,0.021755974739789963,3345,GGCTCN,0.08337114751338959,False,False,True,-0.00016315653920173645,
4,9,46,layer,degradation,0.9296875,0.9935749173164368,2423,CTGCAG,2.125,582,ACTCAC,2.138671875,582,ACTCAC,2.138671875,2423,CTGCAG,0.005411490797996521,582,ACTCAC,0.02116316743195057,3345,GGCTCN,0.08455170691013336,False,False,True,0.0002809949219226837,
4,10,46,layer,degradation,0.82470703125,0.8353652358055115,2423,CTGCAG,2.111328125,582,ACTCAC,2.11328125,582,ACTCAC,2.11328125,2423,CTGCAG,0.005360560491681099,582,ACTCAC,0.01963743194937706,3345,GGCTCN,0.08864902704954147,False,False,True,0.005091175436973572,
4,11,46,layer,degradation,0.84228515625,0.8518701195716858,2423,CTGCAG,2.1171875,582,ACTCAC,2.12109375,582,ACTCAC,2.12109375,2423,CTGCAG,0.0053438181057572365,582,ACTCAC,0.01977454498410225,3345,GGCTCN,0.08926527202129364,False,False,True,0.005883010104298592,
4,12,46,layer,degradation,1.052734375,0.9697592854499817,2423,CTGCAG,2.12109375,582,ACTCAC,2.1484375,582,ACTCAC,2.1484375,2423,CTGCAG,0.005221162922680378,582,ACTCAC,0.020750833675265312,3345,GGCTCN,0.08573722839355469,False,False,True,0.002089262008666992,
4,13,46,layer,degradation,0.96484375,1.037392258644104,2423,CTGCAG,2.1328125,582,ACTCAC,2.150390625,582,ACTCAC,2.150390625,2423,CTGCAG,0.005146520212292671,582,ACTCAC,0.021306654438376427,3345,GGCTCN,0.08409857749938965,False,False,True,-0.0005193538963794708,
4,14,46,layer,degradation,0.96484375,1.2200592756271362,2423,CTGCAG,2.154296875,582,ACTCAC,2.171875,582,ACTCAC,2.171875,2423,CTGCAG,0.005444861017167568,582,ACTCAC,0.023307789117097855,3345,GGCTCN,0.08721555024385452,False,False,True,-0.006534339860081673,
4,15,46,layer,degradation,0.982421875,1.2714108228683472,2423,CTGCAG,2.162109375,582,ACTCAC,2.181640625,582,ACTCAC,2.181640625,2423,CTGCAG,0.0057645621709525585,582,ACTCAC,0.024106180295348167,3345,GGCTCN,0.08839494735002518,False,False,True,-0.006136247888207436,
4,16,46,layer,degradation,0.08770751953125,0.7673161625862122,2423,CTGCAG,2.20703125,582,ACTCAC,2.126953125,2423,CTGCAG,2.20703125,2423,CTGCAG,0.008298423141241074,582,ACTCAC,0.02194095216691494,3345,GGCTCN,0.10615094006061554,True,False,True,-0.013145195320248604,
4,17,46,layer,degradation,0.403564453125,0.6955577731132507,2423,CTGCAG,2.224609375,582,ACTCAC,2.1796875,2423,CTGCAG,2.224609375,2423,CTGCAG,0.008558260276913643,582,ACTCAC,0.02153186872601509,3345,GGCTCN,0.0993468165397644,True,False,True,-0.01408296450972557,
4,18,46,layer,degradation,0.24560546875,0.5570257902145386,2423,CTGCAG,2.21484375,582,ACTCAC,2.15234375,2423,CTGCAG,2.21484375,2423,CTGCAG,0.008321746252477169,582,ACTCAC,0.02000398188829422,3345,GGCTCN,0.09449753165245056,True,False,True,-0.012932530604302883,
4,19,46,layer,degradation,1.17578125,0.919986367225647,2423,CTGCAG,2.166015625,582,ACTCAC,2.20703125,582,ACTCAC,2.20703125,2423,CTGCAG,0.00614505959674716,582,ACTCAC,0.02121075615286827,3345,GGCTCN,0.06771999597549438,False,False,True,-0.010578385554254055,
4,20,46,layer,degradation,0.982421875,0.8562391400337219,2423,CTGCAG,2.13671875,582,ACTCAC,2.15625,582,ACTCAC,2.15625,2423,CTGCAG,0.005310992244631052,582,ACTCAC,0.019782446324825287,3345,GGCTCN,0.07716450840234756,False,False,True,-0.003202628344297409,
4,21,46,layer,degradation,1.017578125,0.8127154111862183,2423,CTGCAG,2.15625,582,ACTCAC,2.1796875,582,ACTCAC,2.1796875,2423,CTGCAG,0.006026416551321745,582,ACTCAC,0.020092150196433067,3345,GGCTCN,0.07731897383928299,False,False,True,-0.002127520740032196,
4,22,46,layer,degradation,1.140625,0.9232445955276489,2423,CTGCAG,2.12890625,582,ACTCAC,2.166015625,582,ACTCAC,2.166015625,2423,CTGCAG,0.0058815497905015945,582,ACTCAC,0.020977618172764778,3345,GGCTCN,0.07999440282583237,False,False,True,0.0007841009646654129,
4,23,46,layer,degradation,1.087890625,0.9185413122177124,2423,CTGCAG,2.14453125,582,ACTCAC,2.17578125,582,ACTCAC,2.17578125,2423,CTGCAG,0.005941964685916901,582,ACTCAC,0.020994190126657486,3345,GGCTCN,0.08091481775045395,False,False,True,0.0002965666353702545,
4,24,46,layer,degradation,0.982421875,1.0018486976623535,2423,CTGCAG,2.125,582,ACTCAC,2.14453125,582,ACTCAC,2.14453125,2423,CTGCAG,0.0052357022650539875,582,ACTCAC,0.021064504981040955,3345,GGCTCN,0.08558852970600128,False,False,True,0.001071559265255928,
4,25,46,layer,degradation,1.087890625,1.0656630992889404,2423,CTGCAG,2.13671875,582,ACTCAC,2.16796875,582,ACTCAC,2.16796875,2423,CTGCAG,0.005228659603744745,582,ACTCAC,0.021652329713106155,3345,GGCTCN,0.08580663055181503,False,False,True,0.0010807309299707413,
4,26,46,layer,degradation,1.03515625,1.0474417209625244,2423,CTGCAG,2.125,582,ACTCAC,2.150390625,582,ACTCAC,2.150390625,2423,CTGCAG,0.0052084485068917274,582,ACTCAC,0.02146226353943348,3345,GGCTCN,0.08736051619052887,False,False,True,0.0022299084812402725,
4,27,46,layer,degradation,1.0703125,1.0549423694610596,2423,CTGCAG,2.123046875,582,ACTCAC,2.15234375,582,ACTCAC,2.15234375,2423,CTGCAG,0.005122040398418903,582,ACTCAC,0.021445775404572487,3345,GGCTCN,0.08979955315589905,False,False,True,0.0015269238501787186,
4,28,46,layer,degradation,1.193359375,1.0630741119384766,2423,CTGCAG,2.107421875,582,ACTCAC,2.150390625,582,ACTCAC,2.150390625,2423,CTGCAG,0.004959973506629467,582,ACTCAC,0.021359510719776154,3345,GGCTCN,0.08682825416326523,False,False,True,5.402602255344391e-05,
4,29,46,layer,degradation,1.193359375,1.037610650062561,2423,CTGCAG,2.09765625,582,ACTCAC,2.140625,582,ACTCAC,2.140625,2423,CTGCAG,0.004885561298578978,582,ACTCAC,0.02104773186147213,3345,GGCTCN,0.0858040302991867,False,False,True,-0.0014255121350288391,
4,30,46,layer,degradation,1.087890625,1.0335265398025513,2423,CTGCAG,2.115234375,582,ACTCAC,2.146484375,582,ACTCAC,2.146484375,2423,CTGCAG,0.005076270084828138,582,ACTCAC,0.02120037004351616,3345,GGCTCN,0.08581391721963882,False,False,True,-0.0019364487379789352,
4,31,46,layer,degradation,0.947265625,1.0041178464889526,2423,CTGCAG,2.140625,582,ACTCAC,2.15625,582,ACTCAC,2.15625,2423,CTGCAG,0.005261369980871677,582,ACTCAC,0.021111324429512024,3345,GGCTCN,0.08947797119617462,False,False,True,-0.00026744231581687927,
4,32,46,layer,degradation,0.82470703125,0.9239141345024109,2423,CTGCAG,2.14453125,582,ACTCAC,2.146484375,582,ACTCAC,2.146484375,2423,CTGCAG,0.005325947422534227,582,ACTCAC,0.020428257063031197,3345,GGCTCN,0.09024927020072937,False,False,True,0.0008654706180095673,
4,33,46,layer,degradation,0.84228515625,1.100730061531067,2423,CTGCAG,2.14453125,582,ACTCAC,2.1484375,582,ACTCAC,2.1484375,2423,CTGCAG,0.005360711365938187,582,ACTCAC,0.02211127057671547,3345,GGCTCN,0.08203430473804474,False,False,True,-0.0022203009575605392,
5,0,46,layer,degradation,1.087890625,1.0513725280761719,2423,CTGCAG,2.125,582,ACTCAC,2.15625,582,ACTCAC,2.15625,2423,CTGCAG,0.005199729930609465,582,ACTCAC,0.0214901864528656,3345,GGCTCN,0.08389363437891006,False,False,True,-0.00072510726749897,
5,1,46,layer,degradation,1.3330078125,1.1008071899414062,2423,CTGCAG,2.11328125,582,ACTCAC,2.171875,582,ACTCAC,2.171875,2423,CTGCAG,0.005093733314424753,582,ACTCAC,0.021845011040568352,3345,GGCTCN,0.07945342361927032,False,False,True,-0.000347798690199852,
5,2,46,layer,degradation,1.24609375,1.0661962032318115,2423,CTGCAG,2.12109375,582,ACTCAC,2.169921875,582,ACTCAC,2.169921875,2423,CTGCAG,0.005059950053691864,582,ACTCAC,0.02148859016597271,3345,GGCTCN,0.08158857375383377,False,False,True,2.2685155272483826e-05,
5,3,46,layer,degradation,1.193359375,1.0609674453735352,2423,CTGCAG,2.1171875,582,ACTCAC,2.16015625,582,ACTCAC,2.16015625,2423,CTGCAG,0.005045340862125158,582,ACTCAC,0.021425239741802216,3345,GGCTCN,0.08161287009716034,False,False,True,0.0004127081483602524,
5,4,46,layer,degradation,0.71923828125,0.9044147729873657,2423,CTGCAG,2.142578125,582,ACTCAC,2.1328125,2423,CTGCAG,2.142578125,2423,CTGCAG,0.0052930209785699844,582,ACTCAC,0.02021356113255024,3345,GGCTCN,0.08873164653778076,True,False,True,0.0005842018872499466,
5,5,46,layer,degradation,0.78955078125,0.9059333801269531,2423,CTGCAG,2.134765625,582,ACTCAC,2.1328125,2423,CTGCAG,2.134765625,2423,CTGCAG,0.005315603222697973,582,ACTCAC,0.02025029994547367,3345,GGCTCN,0.08786667138338089,True,False,True,0.0006000977009534836,
5,6,46,layer,degradation,0.77197265625,0.8834273815155029,2423,CTGCAG,2.1328125,582,ACTCAC,2.12890625,2423,CTGCAG,2.1328125,2423,CTGCAG,0.005210035014897585,582,ACTCAC,0.01993493363261223,3345,GGCTCN,0.08933668583631516,True,False,True,0.002737808972597122,
5,7,46,layer,degradation,1.017578125,0.9947913885116577,2423,CTGCAG,2.123046875,582,ACTCAC,2.146484375,582,ACTCAC,2.146484375,2423,CTGCAG,0.005200306419283152,582,ACTCAC,0.02096332237124443,3345,GGCTCN,0.08525542914867401,False,False,True,0.001173200085759163,
5,8,46,layer,degradation,1.03515625,1.0137739181518555,2423,CTGCAG,2.125,582,ACTCAC,2.150390625,582,ACTCAC,2.150390625,2423,CTGCAG,0.005232089664787054,582,ACTCAC,0.02117205783724785,3345,GGCTCN,0.08522854000329971,False,False,True,0.0011815465986728668,
5,9,46,layer,degradation,1.017578125,1.0523205995559692,2423,CTGCAG,2.123046875,582,ACTCAC,2.146484375,582,ACTCAC,2.146484375,2423,CTGCAG,0.005318811628967524,582,ACTCAC,0.021618105471134186,3345,GGCTCN,0.08373242616653442,False,False,True,-0.0005786605179309845,
5,10,46,layer,degradation,0.982421875,0.951938271522522,2423,CTGCAG,2.107421875,582,ACTCAC,2.126953125,582,ACTCAC,2.126953125,2423,CTGCAG,0.005332054570317268,582,ACTCAC,0.020695600658655167,3345,GGCTCN,0.08595249056816101,False,False,True,0.002632223069667816,
5,11,46,layer,degradation,1.087890625,0.9838505387306213,2423,CTGCAG,2.10546875,582,ACTCAC,2.13671875,582,ACTCAC,2.13671875,2423,CTGCAG,0.005377481691539288,582,ACTCAC,0.021038508042693138,3345,GGCTCN,0.08491349965333939,False,False,True,0.003387637436389923,
5,12,46,layer,degradation,0.982421875,0.9671580791473389,2423,CTGCAG,2.11328125,582,ACTCAC,2.1328125,582,ACTCAC,2.1328125,2423,CTGCAG,0.005406699143350124,582,ACTCAC,0.02091212198138237,3345,GGCTCN,0.08604709059000015,False,False,True,0.0009804069995880127,
5,13,46,layer,degradation,1.0,1.023240566253662,2423,CTGCAG,2.123046875,582,ACTCAC,2.14453125,582,ACTCAC,2.14453125,2423,CTGCAG,0.005267031025141478,582,ACTCAC,0.021295245736837387,3345,GGCTCN,0.08670449256896973,False,False,True,-0.0015938151627779007,
5,14,46,layer,degradation,0.85986328125,1.0248429775238037,2423,CTGCAG,2.14453125,582,ACTCAC,2.150390625,582,ACTCAC,2.150390625,2423,CTGCAG,0.005538375116884708,582,ACTCAC,0.021581526845693588,3345,GGCTCN,0.088797427713871,False,False,True,-0.004485633224248886,
5,15,46,layer,degradation,0.912109375,1.039289116859436,2423,CTGCAG,2.15234375,582,ACTCAC,2.1640625,582,ACTCAC,2.1640625,2423,CTGCAG,0.005746873561292887,582,ACTCAC,0.021924689412117004,3345,GGCTCN,0.08969330042600632,False,False,True,-0.003338802605867386,
5,16,46,layer,degradation,0.0701904296875,0.756895124912262,2423,CTGCAG,2.21484375,582,ACTCAC,2.1328125,2423,CTGCAG,2.21484375,2423,CTGCAG,0.008588294498622417,582,ACTCAC,0.022133680060505867,3345,GGCTCN,0.10549400001764297,True,False,True,-0.011540370061993599,
5,17,46,layer,degradation,0.122802734375,0.6008570194244385,2423,CTGCAG,2.2421875,582,ACTCAC,2.166015625,2423,CTGCAG,2.2421875,2423,CTGCAG,0.00984137412160635,582,ACTCAC,0.021932197734713554,3345,GGCTCN,0.10035434365272522,True,False,True,-0.017192652449011803,
5,18,46,layer,degradation,0.368408203125,0.6365020871162415,2423,CTGCAG,2.224609375,582,ACTCAC,2.17578125,2423,CTGCAG,2.224609375,2423,CTGCAG,0.009476623497903347,582,ACTCAC,0.021899724379181862,3345,GGCTCN,0.09313731640577316,True,False,True,-0.017687381245195866,
5,19,46,layer,degradation,1.3330078125,0.8872911334037781,2423,CTGCAG,2.150390625,582,ACTCAC,2.208984375,582,ACTCAC,2.208984375,2423,CTGCAG,0.006235077045857906,582,ACTCAC,0.02099599316716194,3345,GGCTCN,0.06800585240125656,False,False,True,-0.013040738180279732,
5,20,46,layer,degradation,1.087890625,0.8759918808937073,2423,CTGCAG,2.1328125,582,ACTCAC,2.1640625,582,ACTCAC,2.1640625,2423,CTGCAG,0.005289976950734854,582,ACTCAC,0.01994556374847889,3345,GGCTCN,0.07423235476016998,False,False,True,-0.005473216995596886,
5,21,46,layer,degradation,1.10546875,0.7735710144042969,2423,CTGCAG,2.1328125,582,ACTCAC,2.166015625,582,ACTCAC,2.166015625,2423,CTGCAG,0.005838965997099876,582,ACTCAC,0.01953980140388012,3345,GGCTCN,0.07633326202630997,False,False,True,-0.004178227856755257,
5,22,46,layer,degradation,1.193359375,0.8844914436340332,2423,CTGCAG,2.1171875,582,ACTCAC,2.16015625,582,ACTCAC,2.16015625,2423,CTGCAG,0.005856454372406006,582,ACTCAC,0.02059127204120159,3345,GGCTCN,0.08039916306734085,False,False,True,-0.0015671029686927795,
5,23,46,layer,degradation,1.158203125,0.9746448397636414,2423,CTGCAG,2.146484375,582,ACTCAC,2.185546875,582,ACTCAC,2.185546875,2423,CTGCAG,0.006089119240641594,582,ACTCAC,0.0216643325984478,3345,GGCTCN,0.07986146211624146,False,False,True,-0.001380961388349533,
5,24,46,layer,degradation,0.982421875,1.053687334060669,2423,CTGCAG,2.146484375,582,ACTCAC,2.166015625,582,ACTCAC,2.166015625,2423,CTGCAG,0.005350636318325996,582,ACTCAC,0.021662671118974686,3345,GGCTCN,0.08301486819982529,False,False,True,0.0002503693103790283,
5,25,46,layer,degradation,0.982421875,1.093359112739563,2423,CTGCAG,2.158203125,582,ACTCAC,2.177734375,582,ACTCAC,2.177734375,2423,CTGCAG,0.00533904368057847,582,ACTCAC,0.022020891308784485,3345,GGCTCN,0.08383191376924515,False,False,True,0.0007163733243942261,
5,26,46,layer,degradation,1.03515625,1.0428063869476318,2423,CTGCAG,2.12109375,582,ACTCAC,2.146484375,582,ACTCAC,2.146484375,2423,CTGCAG,0.005245143547654152,582,ACTCAC,0.02145574800670147,3345,GGCTCN,0.08546595275402069,False,False,True,0.001773383468389511,
5,27,46,layer,degradation,1.228515625,1.1142351627349854,2423,CTGCAG,2.12109375,582,ACTCAC,2.16796875,582,ACTCAC,2.16796875,2423,CTGCAG,0.0051927934400737286,582,ACTCAC,0.02206924557685852,3345,GGCTCN,0.08587199449539185,False,False,True,0.00029914453625679016,
5,28,46,layer,degradation,1.3154296875,1.0601459741592407,2423,CTGCAG,2.09375,582,ACTCAC,2.150390625,582,ACTCAC,2.150390625,2423,CTGCAG,0.004881192930042744,582,ACTCAC,0.02125343307852745,3345,GGCTCN,0.08345569670200348,False,False,True,-0.0007573124021291733,
5,29,46,layer,degradation,1.3330078125,1.0708673000335693,2423,CTGCAG,2.091796875,582,ACTCAC,2.150390625,582,ACTCAC,2.150390625,2423,CTGCAG,0.004852664656937122,582,ACTCAC,0.021324848756194115,3345,GGCTCN,0.08216165006160736,False,False,True,-0.0019319802522659302,
5,30,46,layer,degradation,1.17578125,1.061653971672058,2423,CTGCAG,2.109375,582,ACTCAC,2.150390625,582,ACTCAC,2.150390625,2423,CTGCAG,0.004947705194354057,582,ACTCAC,0.021334003657102585,3345,GGCTCN,0.08511467278003693,False,False,True,-0.0009581297636032104,
5,31,46,layer,degradation,0.96484375,1.0042688846588135,2423,CTGCAG,2.13671875,582,ACTCAC,2.154296875,582,ACTCAC,2.154296875,2423,CTGCAG,0.005195315461605787,582,ACTCAC,0.021046679466962814,3345,GGCTCN,0.08930613100528717,False,False,True,0.0002378523349761963,
5,32,46,layer,degradation,0.78955078125,0.9236938953399658,2423,CTGCAG,2.150390625,582,ACTCAC,2.1484375,2423,CTGCAG,2.150390625,2423,CTGCAG,0.005309863947331905,582,ACTCAC,0.020410120487213135,3345,GGCTCN,0.08997946977615356,True,False,True,0.0008442588150501251,
5,33,46,layer,degradation,0.77197265625,1.0825027227401733,2423,CTGCAG,2.146484375,582,ACTCAC,2.142578125,2423,CTGCAG,2.146484375,2423,CTGCAG,0.00541248545050621,582,ACTCAC,0.021993132308125496,3345,GGCTCN,0.07981659471988678,True,False,True,-0.0032281316816806793,
6,0,46,layer,degradation,0.982421875,0.9898771643638611,2423,CTGCAG,2.12109375,582,ACTCAC,2.140625,582,ACTCAC,2.140625,2423,CTGCAG,0.005124817136675119,582,ACTCAC,0.020842023193836212,3345,GGCTCN,0.0854882001876831,False,False,True,-1.1453405022621155e-05,
6,1,46,layer,degradation,1.087890625,1.012284278869629,2423,CTGCAG,2.12109375,582,ACTCAC,2.15234375,582,ACTCAC,2.15234375,2423,CTGCAG,0.005131699610501528,582,ACTCAC,0.02105778083205223,3345,GGCTCN,0.08306048065423965,False,False,True,-4.497356712818146e-05,
6,2,46,layer,degradation,1.158203125,1.018897294998169,2423,CTGCAG,2.1171875,582,ACTCAC,2.15625,582,ACTCAC,2.15625,2423,CTGCAG,0.005078114569187164,582,ACTCAC,0.021065842360258102,3345,GGCTCN,0.08393201231956482,False,False,True,0.00018042512238025665,
6,3,46,layer,degradation,1.123046875,1.0338518619537354,2423,CTGCAG,2.1171875,582,ACTCAC,2.15234375,582,ACTCAC,2.15234375,2423,CTGCAG,0.00505426898598671,582,ACTCAC,0.02118140086531639,3345,GGCTCN,0.08339142799377441,False,False,True,0.00017679855227470398,
6,4,46,layer,degradation,0.85986328125,0.9309400916099548,2423,CTGCAG,2.126953125,582,ACTCAC,2.1328125,582,ACTCAC,2.1328125,2423,CTGCAG,0.005087770521640778,582,ACTCAC,0.020255574956536293,3345,GGCTCN,0.08691202104091644,False,False,True,0.0011920668184757233,
6,5,46,layer,degradation,0.82470703125,0.9051569104194641,2423,CTGCAG,2.130859375,582,ACTCAC,2.1328125,582,ACTCAC,2.1328125,2423,CTGCAG,0.005149201024323702,582,ACTCAC,0.020076658576726913,3345,GGCTCN,0.08723428845405579,False,False,True,0.001052340492606163,
6,6,46,layer,degradation,0.78955078125,0.877856969833374,2423,CTGCAG,2.134765625,582,ACTCAC,2.1328125,2423,CTGCAG,2.134765625,2423,CTGCAG,0.005330375861376524,582,ACTCAC,0.02000334858894348,3345,GGCTCN,0.08787991106510162,True,False,True,0.0010531619191169739,
6,7,46,layer,degradation,0.947265625,0.9654850959777832,2423,CTGCAG,2.130859375,582,ACTCAC,2.146484375,582,ACTCAC,2.146484375,2423,CTGCAG,0.0053664990700781345,582,ACTCAC,0.020856326445937157,3345,GGCTCN,0.08388840407133102,False,False,True,-0.0006981529295444489,
6,8,46,layer,degradation,1.017578125,1.0132381916046143,2423,CTGCAG,2.1328125,582,ACTCAC,2.15625,582,ACTCAC,2.15625,2423,CTGCAG,0.005371324252337217,582,ACTCAC,0.021306298673152924,3345,GGCTCN,0.08376037329435349,False,False,True,-0.0010051429271697998,
6,9,46,layer,degradation,1.052734375,1.0430755615234375,2423,CTGCAG,2.123046875,582,ACTCAC,2.150390625,582,ACTCAC,2.150390625,2423,CTGCAG,0.005251256283372641,582,ACTCAC,0.02146437019109726,3345,GGCTCN,0.08394130319356918,False,False,True,-0.0007496196776628494,
6,10,46,layer,degradation,0.9296875,0.9817930459976196,2423,CTGCAG,2.12109375,582,ACTCAC,2.134765625,582,ACTCAC,2.134765625,2423,CTGCAG,0.005388104822486639,582,ACTCAC,0.02102995291352272,3345,GGCTCN,0.08688385784626007,False,False,True,0.00024503283202648163,
6,11,46,layer,degradation,0.89453125,0.9490854144096375,2423,CTGCAG,2.12109375,582,ACTCAC,2.130859375,582,ACTCAC,2.130859375,2423,CTGCAG,0.00548869464546442,582,ACTCAC,0.020825646817684174,3345,GGCTCN,0.08682183921337128,False,False,True,0.0006986670196056366,
6,12,46,layer,degradation,0.84228515625,0.9959043860435486,2423,CTGCAG,2.1328125,582,ACTCAC,2.13671875,582,ACTCAC,2.13671875,2423,CTGCAG,0.005588402505964041,582,ACTCAC,0.02136179432272911,3345,GGCTCN,0.08721332997083664,False,False,True,-0.0012420807033777237,
6,13,46,layer,degradation,0.982421875,1.0805734395980835,2423,CTGCAG,2.1328125,582,ACTCAC,2.15234375,582,ACTCAC,2.15234375,2423,CTGCAG,0.005374669563025236,582,ACTCAC,0.021937333047389984,3345,GGCTCN,0.08651262521743774,False,False,True,-0.002679755911231041,
6,14,46,layer,degradation,0.96484375,1.0992794036865234,2423,CTGCAG,2.142578125,582,ACTCAC,2.16015625,582,ACTCAC,2.16015625,2423,CTGCAG,0.0055338721722364426,582,ACTCAC,0.02227090857923031,3345,GGCTCN,0.08776383101940155,False,False,True,-0.004019271582365036,
6,15,46,layer,degradation,0.96484375,1.0402357578277588,2423,CTGCAG,2.138671875,582,ACTCAC,2.15625,582,ACTCAC,2.15625,2423,CTGCAG,0.005470762029290199,582,ACTCAC,0.02165740355849266,3345,GGCTCN,0.08778969198465347,False,False,True,-0.0032676663249731064,
6,16,46,layer,degradation,-0.28076171875,0.6869012713432312,2423,CTGCAG,2.271484375,582,ACTCAC,2.150390625,2423,CTGCAG,2.271484375,2423,CTGCAG,0.009798598475754261,582,ACTCAC,0.02269151248037815,3345,GGCTCN,0.11825990676879883,True,False,True,-0.011437955312430859,
6,17,46,layer,degradation,-0.052642822265625,0.4647374153137207,2423,CTGCAG,2.224609375,582,ACTCAC,2.12890625,2423,CTGCAG,2.224609375,2423,CTGCAG,0.010056480765342712,582,ACTCAC,0.020878419280052185,3345,GGCTCN,0.10506943613290787,True,False,True,-0.01665520668029785,
6,18,46,layer,degradation,0.1578369140625,0.451007604598999,2423,CTGCAG,2.22265625,582,ACTCAC,2.150390625,2423,CTGCAG,2.22265625,2423,CTGCAG,0.010207324288785458,582,ACTCAC,0.020901275798678398,3345,GGCTCN,0.10028046369552612,True,False,True,-0.016555872280150652,
6,19,46,layer,degradation,1.4208984375,0.7045770287513733,2423,CTGCAG,2.1015625,582,ACTCAC,2.169921875,582,ACTCAC,2.169921875,2423,CTGCAG,0.005851695314049721,582,ACTCAC,0.018909379839897156,3345,GGCTCN,0.07006841152906418,False,False,True,-0.0077110761776566505,
6,20,46,layer,degradation,1.3857421875,0.9320911765098572,2423,CTGCAG,2.12109375,582,ACTCAC,2.185546875,582,ACTCAC,2.185546875,2423,CTGCAG,0.005096768494695425,582,ACTCAC,0.020275304093956947,3345,GGCTCN,0.074447400867939,False,False,True,-0.004278963431715965,
6,21,46,layer,degradation,1.24609375,0.9371521472930908,2423,CTGCAG,2.115234375,582,ACTCAC,2.1640625,582,ACTCAC,2.1640625,2423,CTGCAG,0.005241533741354942,582,ACTCAC,0.0204672459512949,3345,GGCTCN,0.07727792114019394,False,False,True,-0.004022274166345596,
6,22,46,layer,degradation,1.193359375,1.0089787244796753,2423,CTGCAG,2.109375,582,ACTCAC,2.15234375,582,ACTCAC,2.15234375,2423,CTGCAG,0.005771046970039606,582,ACTCAC,0.02166631445288658,3345,GGCTCN,0.07666853070259094,False,False,True,-0.0025062188506126404,
6,23,46,layer,degradation,1.193359375,1.1045581102371216,2423,CTGCAG,2.15234375,582,ACTCAC,2.1953125,582,ACTCAC,2.1953125,2423,CTGCAG,0.0058874101378023624,582,ACTCAC,0.022673653438687325,3345,GGCTCN,0.07883989065885544,False,False,True,-0.0013017989695072174,
6,24,46,layer,degradation,1.087890625,1.0775127410888672,2423,CTGCAG,2.16796875,582,ACTCAC,2.19921875,582,ACTCAC,2.19921875,2423,CTGCAG,0.005797434598207474,582,ACTCAC,0.022331565618515015,3345,GGCTCN,0.07910825312137604,False,False,True,-0.0003670640289783478,
6,25,46,layer,degradation,0.947265625,1.1115704774856567,2423,CTGCAG,2.18359375,582,ACTCAC,2.19921875,582,ACTCAC,2.19921875,2423,CTGCAG,0.005674972198903561,582,ACTCAC,0.022526582702994347,3345,GGCTCN,0.08220037072896957,False,False,True,-3.147125244140625e-05,
6,26,46,layer,degradation,0.947265625,1.0671554803848267,2423,CTGCAG,2.140625,582,ACTCAC,2.15625,582,ACTCAC,2.15625,2423,CTGCAG,0.005388542544096708,582,ACTCAC,0.0218261256814003,3345,GGCTCN,0.08639118075370789,False,False,True,0.0008368175476789474,
6,27,46,layer,degradation,1.123046875,1.079295039176941,2423,CTGCAG,2.125,582,ACTCAC,2.16015625,582,ACTCAC,2.16015625,2423,CTGCAG,0.005164634436368942,582,ACTCAC,0.021715380251407623,3345,GGCTCN,0.08818872272968292,False,False,True,0.0008729360997676849,
6,28,46,layer,degradation,1.3154296875,1.0740455389022827,2423,CTGCAG,2.099609375,582,ACTCAC,2.15625,582,ACTCAC,2.15625,2423,CTGCAG,0.0049469079822301865,582,ACTCAC,0.021448718383908272,3345,GGCTCN,0.08421096205711365,False,False,True,0.0005831718444824219,
6,29,46,layer,degradation,1.3681640625,1.0884501934051514,2423,CTGCAG,2.087890625,582,ACTCAC,2.150390625,582,ACTCAC,2.150390625,2423,CTGCAG,0.004863849841058254,582,ACTCAC,0.021499939262866974,3345,GGCTCN,0.08167402446269989,False,False,True,-0.0005115773528814316,
6,30,46,layer,degradation,1.228515625,1.1060229539871216,2423,CTGCAG,2.11328125,582,ACTCAC,2.16015625,582,ACTCAC,2.16015625,2423,CTGCAG,0.0050447676330804825,582,ACTCAC,0.021844666451215744,3345,GGCTCN,0.08262474834918976,False,False,True,-0.0011331234127283096,
6,31,46,layer,degradation,0.89453125,1.0449068546295166,2423,CTGCAG,2.14453125,582,ACTCAC,2.154296875,582,ACTCAC,2.154296875,2423,CTGCAG,0.005265927407890558,582,ACTCAC,0.021496111527085304,3345,GGCTCN,0.08811594545841217,False,False,True,-0.00023501180112361908,
6,32,46,layer,degradation,0.75439453125,0.9700897336006165,2423,CTGCAG,2.16015625,582,ACTCAC,2.154296875,2423,CTGCAG,2.16015625,2423,CTGCAG,0.00540520716458559,582,ACTCAC,0.020937958732247353,3345,GGCTCN,0.08906605839729309,True,False,True,0.0006229132413864136,
6,33,46,layer,degradation,0.77197265625,1.1087907552719116,2423,CTGCAG,2.15234375,582,ACTCAC,2.1484375,2423,CTGCAG,2.15234375,2423,CTGCAG,0.0055077350698411465,582,ACTCAC,0.022333435714244843,3345,GGCTCN,0.08093667030334473,True,False,True,-0.0023545995354652405,
7,0,46,layer,degradation,1.017578125,0.9692001938819885,2423,CTGCAG,2.126953125,582,ACTCAC,2.150390625,582,ACTCAC,2.150390625,2423,CTGCAG,0.0051323240622878075,582,ACTCAC,0.020656783133745193,3345,GGCTCN,0.0843568742275238,False,False,True,8.677877485752106e-05,
7,1,46,layer,degradation,0.876953125,0.8636660575866699,2423,CTGCAG,2.138671875,582,ACTCAC,2.146484375,582,ACTCAC,2.146484375,2423,CTGCAG,0.0053688050247728825,582,ACTCAC,0.019909491762518883,3345,GGCTCN,0.0885729268193245,False,False,True,0.0005957651883363724,
7,2,46,layer,degradation,0.876953125,0.8786132335662842,2423,CTGCAG,2.1328125,582,ACTCAC,2.140625,582,ACTCAC,2.140625,2423,CTGCAG,0.005325511563569307,582,ACTCAC,0.02000553347170353,3345,GGCTCN,0.08885229378938675,False,False,True,0.0007050037384033203,
7,3,46,layer,degradation,0.876953125,0.8827927708625793,2423,CTGCAG,2.126953125,582,ACTCAC,2.134765625,582,ACTCAC,2.134765625,2423,CTGCAG,0.005276717711240053,582,ACTCAC,0.01999570056796074,3345,GGCTCN,0.08840031176805496,False,False,True,0.0010789185762405396,
7,4,46,layer,degradation,0.947265625,0.9404397010803223,2423,CTGCAG,2.123046875,582,ACTCAC,2.138671875,582,ACTCAC,2.138671875,2423,CTGCAG,0.005131470505148172,582,ACTCAC,0.02038782835006714,3345,GGCTCN,0.08486439287662506,False,False,True,0.0018356572836637497,
7,5,46,layer,degradation,0.947265625,0.9090675115585327,2423,CTGCAG,2.119140625,582,ACTCAC,2.134765625,582,ACTCAC,2.134765625,2423,CTGCAG,0.005133063066750765,582,ACTCAC,0.020096974447369576,3345,GGCTCN,0.0847509428858757,False,False,True,0.0018526241183280945,
7,6,46,layer,degradation,0.84228515625,0.8978102207183838,2423,CTGCAG,2.12890625,582,ACTCAC,2.1328125,582,ACTCAC,2.1328125,2423,CTGCAG,0.0051985932514071465,582,ACTCAC,0.020057566463947296,3345,GGCTCN,0.08510129153728485,False,False,True,0.001339975744485855,
7,7,46,layer,degradation,0.982421875,0.9960744380950928,2423,CTGCAG,2.126953125,582,ACTCAC,2.146484375,582,ACTCAC,2.146484375,2423,CTGCAG,0.0052028801292181015,582,ACTCAC,0.02097785659134388,3345,GGCTCN,0.08360698074102402,False,False,True,-0.0003996212035417557,
7,8,46,layer,degradation,1.087890625,1.0387839078903198,2423,CTGCAG,2.125,582,ACTCAC,2.15625,582,ACTCAC,2.15625,2423,CTGCAG,0.005177160259336233,582,ACTCAC,0.02135026827454567,3345,GGCTCN,0.08332327008247375,False,False,True,-0.000583430752158165,
7,9,46,layer,degradation,1.052734375,1.0322421789169312,2423,CTGCAG,2.125,582,ACTCAC,2.15234375,582,ACTCAC,2.15234375,2423,CTGCAG,0.005213491152971983,582,ACTCAC,0.021325618028640747,3345,GGCTCN,0.08447451889514923,False,False,True,-0.0003873426467180252,
7,10,46,layer,degradation,1.017578125,0.9745391607284546,2423,CTGCAG,2.1171875,582,ACTCAC,2.140625,582,ACTCAC,2.140625,2423,CTGCAG,0.005230596289038658,582,ACTCAC,0.02080482430756092,3345,GGCTCN,0.08680122345685959,False,False,True,0.000856379047036171,
7,11,46,layer,degradation,0.947265625,0.9517134428024292,2423,CTGCAG,2.12109375,582,ACTCAC,2.13671875,582,ACTCAC,2.13671875,2423,CTGCAG,0.005316995549947023,582,ACTCAC,0.02067844569683075,3345,GGCTCN,0.08684983104467392,False,False,True,0.0009026005864143372,
7,12,46,layer,degradation,0.876953125,0.9395650029182434,2423,CTGCAG,2.12890625,582,ACTCAC,2.13671875,582,ACTCAC,2.13671875,2423,CTGCAG,0.00548893678933382,582,ACTCAC,0.020737141370773315,3345,GGCTCN,0.08879521489143372,False,False,True,0.00010977685451507568,
7,13,46,layer,degradation,0.947265625,1.011914610862732,2423,CTGCAG,2.13671875,582,ACTCAC,2.15234375,582,ACTCAC,2.15234375,2423,CTGCAG,0.005609912797808647,582,ACTCAC,0.02153254859149456,3345,GGCTCN,0.08872712403535843,False,False,True,-0.0017705298960208893,
7,14,46,layer,degradation,0.947265625,1.0570844411849976,2423,CTGCAG,2.14453125,582,ACTCAC,2.16015625,582,ACTCAC,2.16015625,2423,CTGCAG,0.005628946237266064,582,ACTCAC,0.021972646936774254,3345,GGCTCN,0.09024130553007126,False,False,True,-0.0027200989425182343,
7,15,46,layer,degradation,0.912109375,1.0499567985534668,2423,CTGCAG,2.142578125,582,ACTCAC,2.154296875,582,ACTCAC,2.154296875,2423,CTGCAG,0.00563710555434227,582,ACTCAC,0.021914364770054817,3345,GGCTCN,0.08723552525043488,False,False,True,-0.0037239771336317062,
7,16,46,layer,degradation,-0.03509521484375,0.8836348056793213,2423,CTGCAG,2.248046875,582,ACTCAC,2.154296875,2423,CTGCAG,2.248046875,2423,CTGCAG,0.009298374876379967,582,ACTCAC,0.0240252073854208,3345,GGCTCN,0.10748960822820663,True,False,True,-0.010780862532556057,
7,17,46,layer,degradation,0.017547607421875,0.6852474808692932,2423,CTGCAG,2.21875,582,ACTCAC,2.130859375,2423,CTGCAG,2.21875,2423,CTGCAG,0.009588735178112984,582,ACTCAC,0.022466233000159264,3345,GGCTCN,0.09987413138151169,True,False,True,-0.015022482722997665,
7,18,46,layer,degradation,0.03509521484375,0.5564911365509033,2423,CTGCAG,2.2109375,582,ACTCAC,2.125,2423,CTGCAG,2.2109375,2423,CTGCAG,0.009345948696136475,582,ACTCAC,0.021023200824856758,3345,GGCTCN,0.09713611006736755,True,False,True,-0.014332855120301247,
7,19,46,layer,degradation,1.2978515625,0.6998489499092102,2423,CTGCAG,2.10546875,582,ACTCAC,2.16015625,582,ACTCAC,2.16015625,2423,CTGCAG,0.005737340543419123,582,ACTCAC,0.018750950694084167,3345,GGCTCN,0.07859945297241211,False,False,True,-0.008127469569444656,
7,20,46,layer,degradation,1.193359375,0.7757923603057861,2423,CTGCAG,2.1171875,582,ACTCAC,2.16015625,582,ACTCAC,2.16015625,2423,CTGCAG,0.005130697041749954,582,ACTCAC,0.018852239474654198,3345,GGCTCN,0.08097460120916367,False,False,True,-0.0036410465836524963,
7,21,46,layer,degradation,1.2802734375,0.8626565933227539,2423,CTGCAG,2.119140625,582,ACTCAC,2.171875,582,ACTCAC,2.171875,2423,CTGCAG,0.005484806373715401,582,ACTCAC,0.020016083493828773,3345,GGCTCN,0.08365841954946518,False,False,True,-0.0035209674388170242,
7,22,46,layer,degradation,0.96484375,0.8828665018081665,2423,CTGCAG,2.119140625,582,ACTCAC,2.13671875,582,ACTCAC,2.13671875,2423,CTGCAG,0.005953379441052675,582,ACTCAC,0.020673049613833427,3345,GGCTCN,0.07968925684690475,False,False,True,-0.0022586341947317123,
7,23,46,layer,degradation,1.158203125,1.0539709329605103,2423,CTGCAG,2.1640625,582,ACTCAC,2.203125,582,ACTCAC,2.203125,2423,CTGCAG,0.006064633373171091,582,ACTCAC,0.022379310801625252,3345,GGCTCN,0.08034294843673706,False,False,True,-0.0016861669719219208,
7,24,46,layer,degradation,1.0703125,1.0213446617126465,2423,CTGCAG,2.169921875,582,ACTCAC,2.19921875,582,ACTCAC,2.19921875,2423,CTGCAG,0.005947093479335308,582,ACTCAC,0.021957634016871452,3345,GGCTCN,0.077995166182518,False,False,True,-0.0008208062499761581,
7,25,46,layer,degradation,1.123046875,1.114615797996521,2423,CTGCAG,2.169921875,582,ACTCAC,2.205078125,582,ACTCAC,2.205078125,2423,CTGCAG,0.005658635403960943,582,ACTCAC,0.02253863587975502,3345,GGCTCN,0.08035510778427124,False,False,True,-0.00031358376145362854,
7,26,46,layer,degradation,1.052734375,1.086989164352417,2423,CTGCAG,2.1328125,582,ACTCAC,2.16015625,582,ACTCAC,2.16015625,2423,CTGCAG,0.005473730154335499,582,ACTCAC,0.02209619991481304,3345,GGCTCN,0.08423935621976852,False,False,True,0.00028944574296474457,
7,27,46,layer,degradation,1.10546875,1.1331188678741455,2423,CTGCAG,2.12890625,582,ACTCAC,2.162109375,582,ACTCAC,2.162109375,2423,CTGCAG,0.005240366794168949,582,ACTCAC,0.02229285053908825,3345,GGCTCN,0.0864645466208458,False,False,True,0.00019524060189723969,
7,28,46,layer,degradation,1.193359375,1.1252351999282837,2423,CTGCAG,2.12109375,582,ACTCAC,2.1640625,582,ACTCAC,2.1640625,2423,CTGCAG,0.005104721989482641,582,ACTCAC,0.022083714604377747,3345,GGCTCN,0.08407621085643768,False,False,True,-0.0001802891492843628,
7,29,46,layer,degradation,1.3681640625,1.1256717443466187,2423,CTGCAG,2.1015625,582,ACTCAC,2.1640625,582,ACTCAC,2.1640625,2423,CTGCAG,0.004971760790795088,582,ACTCAC,0.021954823285341263,3345,GGCTCN,0.0811697468161583,False,False,True,-0.0012660399079322815,
7,30,46,layer,degradation,1.2109375,1.0716900825500488,2423,CTGCAG,2.107421875,582,ACTCAC,2.15234375,582,ACTCAC,2.15234375,2423,CTGCAG,0.005028886254876852,582,ACTCAC,0.02150874026119709,3345,GGCTCN,0.08269835263490677,False,False,True,-0.001504926010966301,
7,31,46,layer,degradation,1.017578125,1.0188404321670532,2423,CTGCAG,2.12109375,582,ACTCAC,2.14453125,582,ACTCAC,2.14453125,2423,CTGCAG,0.005085507873445749,582,ACTCAC,0.02107270434498787,3345,GGCTCN,0.08678857237100601,False,False,True,-0.0008920356631278992,
7,32,46,layer,degradation,0.78955078125,0.9231458902359009,2423,CTGCAG,2.138671875,582,ACTCAC,2.13671875,2423,CTGCAG,2.138671875,2423,CTGCAG,0.005342472810298204,582,ACTCAC,0.02043762058019638,3345,GGCTCN,0.08647993206977844,True,False,True,-0.0001637618988752365,
7,33,46,layer,degradation,0.876953125,1.166416049003601,2423,CTGCAG,2.138671875,582,ACTCAC,2.146484375,582,ACTCAC,2.146484375,2423,CTGCAG,0.005553315859287977,582,ACTCAC,0.022916190326213837,3345,GGCTCN,0.075623519718647,False,False,True,-0.0031558815389871597,
8,0,46,layer,degradation,0.982421875,1.0226210355758667,2423,CTGCAG,2.13671875,582,ACTCAC,2.15625,582,ACTCAC,2.15625,2423,CTGCAG,0.005219378042966127,582,ACTCAC,0.021241817623376846,3345,GGCTCN,0.08298607170581818,False,False,True,0.00016770325601100922,
8,1,46,layer,degradation,1.0703125,1.0192853212356567,2423,CTGCAG,2.130859375,582,ACTCAC,2.16015625,582,ACTCAC,2.16015625,2423,CTGCAG,0.005122277420014143,582,ACTCAC,0.021113622933626175,3345,GGCTCN,0.08305738866329193,False,False,True,0.00032759271562099457,
8,2,46,layer,degradation,1.03515625,1.0004994869232178,2423,CTGCAG,2.125,582,ACTCAC,2.150390625,582,ACTCAC,2.150390625,2423,CTGCAG,0.005111547652631998,582,ACTCAC,0.020927773788571358,3345,GGCTCN,0.0841873437166214,False,False,True,0.0001902654767036438,
8,3,46,layer,degradation,1.017578125,0.9800278544425964,2423,CTGCAG,2.12109375,582,ACTCAC,2.14453125,582,ACTCAC,2.14453125,2423,CTGCAG,0.005097149405628443,582,ACTCAC,0.020722541958093643,3345,GGCTCN,0.08456861972808838,False,False,True,0.0002941396087408066,
8,4,46,layer,degradation,0.876953125,0.9324476718902588,2423,CTGCAG,2.12890625,582,ACTCAC,2.13671875,582,ACTCAC,2.13671875,2423,CTGCAG,0.0052864705212414265,582,ACTCAC,0.020468328148126602,3345,GGCTCN,0.08566616475582123,False,False,True,0.0005647502839565277,
8,5,46,layer,degradation,0.84228515625,0.9127352833747864,2423,CTGCAG,2.130859375,582,ACTCAC,2.134765625,582,ACTCAC,2.134765625,2423,CTGCAG,0.005321526899933815,582,ACTCAC,0.020319629460573196,3345,GGCTCN,0.0857657641172409,False,False,True,0.000710751861333847,
8,6,46,layer,degradation,0.77197265625,0.88454270362854,2423,CTGCAG,2.142578125,582,ACTCAC,2.138671875,2423,CTGCAG,2.142578125,2423,CTGCAG,0.0054786792024970055,582,ACTCAC,0.02021397463977337,3345,GGCTCN,0.08784165233373642,True,False,True,1.813843846321106e-05,
8,7,46,layer,degradation,0.85986328125,0.9750620722770691,2423,CTGCAG,2.142578125,582,ACTCAC,2.1484375,582,ACTCAC,2.1484375,2423,CTGCAG,0.005448183044791222,582,ACTCAC,0.02102728560566902,3345,GGCTCN,0.086717888712883,False,False,True,-0.0014663934707641602,
8,8,46,layer,degradation,0.876953125,0.984210193157196,2423,CTGCAG,2.14453125,582,ACTCAC,2.15234375,582,ACTCAC,2.15234375,2423,CTGCAG,0.005428534932434559,582,ACTCAC,0.021092915907502174,3345,GGCTCN,0.08714265376329422,False,False,True,-0.0013901479542255402,
8,9,46,layer,degradation,0.982421875,0.9981958866119385,2423,CTGCAG,2.13671875,582,ACTCAC,2.15625,582,ACTCAC,2.15625,2423,CTGCAG,0.005208767484873533,582,ACTCAC,0.021003520116209984,3345,GGCTCN,0.08567605912685394,False,False,True,-0.00029812008142471313,
8,10,46,layer,degradation,0.89453125,0.9373199939727783,2423,CTGCAG,2.130859375,582,ACTCAC,2.140625,582,ACTCAC,2.140625,2423,CTGCAG,0.0052198744378983974,582,ACTCAC,0.020447151735424995,3345,GGCTCN,0.08790957927703857,False,False,True,0.0009089745581150055,
8,11,46,layer,degradation,0.876953125,0.9187268614768982,2423,CTGCAG,2.125,582,ACTCAC,2.1328125,582,ACTCAC,2.1328125,2423,CTGCAG,0.0052436599507927895,582,ACTCAC,0.020297614857554436,3345,GGCTCN,0.08818628638982773,False,False,True,0.0010863468050956726,
8,12,46,layer,degradation,0.85986328125,0.8983294367790222,2423,CTGCAG,2.130859375,582,ACTCAC,2.13671875,582,ACTCAC,2.13671875,2423,CTGCAG,0.005329191219061613,582,ACTCAC,0.020193004980683327,3345,GGCTCN,0.08884046226739883,False,False,True,0.0009562503546476364,
8,13,46,layer,degradation,0.9296875,0.9748548269271851,2423,CTGCAG,2.138671875,582,ACTCAC,2.15234375,582,ACTCAC,2.15234375,2423,CTGCAG,0.005497721489518881,582,ACTCAC,0.021074892953038216,3345,GGCTCN,0.08893731981515884,False,False,True,-0.001352023333311081,
8,14,46,layer,degradation,1.0703125,1.1136624813079834,2423,CTGCAG,2.15234375,582,ACTCAC,2.181640625,582,ACTCAC,2.181640625,2423,CTGCAG,0.005563163198530674,582,ACTCAC,0.022434277459979057,3345,GGCTCN,0.08776780962944031,False,False,True,-0.003779679536819458,
8,15,46,layer,degradation,1.123046875,1.1924633979797363,2423,CTGCAG,2.150390625,582,ACTCAC,2.185546875,582,ACTCAC,2.185546875,2423,CTGCAG,0.005754891317337751,582,ACTCAC,0.02336057461798191,3345,GGCTCN,0.08634064346551895,False,False,True,-0.005581848323345184,
8,16,46,layer,degradation,0.1578369140625,0.9843536615371704,2423,CTGCAG,2.232421875,582,ACTCAC,2.16015625,2423,CTGCAG,2.232421875,2423,CTGCAG,0.0090703796595335,582,ACTCAC,0.02473609708249569,3345,GGCTCN,0.10704609751701355,True,False,True,-0.010638482868671417,
8,17,46,layer,degradation,0.140380859375,0.7395305037498474,2423,CTGCAG,2.205078125,582,ACTCAC,2.130859375,2423,CTGCAG,2.205078125,2423,CTGCAG,0.009277313947677612,582,ACTCAC,0.02266082912683487,3345,GGCTCN,0.1018722727894783,True,False,True,-0.013841226696968079,
8,18,46,layer,degradation,0.24560546875,0.6336376070976257,2423,CTGCAG,2.189453125,582,ACTCAC,2.126953125,2423,CTGCAG,2.189453125,2423,CTGCAG,0.008892616257071495,582,ACTCAC,0.02128901518881321,3345,GGCTCN,0.09821132570505142,True,False,True,-0.013265399262309074,
8,19,46,layer,degradation,1.4208984375,0.6835060715675354,2423,CTGCAG,2.0859375,582,ACTCAC,2.154296875,582,ACTCAC,2.154296875,2423,CTGCAG,0.005422528367489576,582,ACTCAC,0.018283793702721596,3345,GGCTCN,0.07779592275619507,False,False,True,-0.006903793662786484,
8,20,46,layer,degradation,1.2109375,0.7490147352218628,2423,CTGCAG,2.07421875,582,ACTCAC,2.119140625,649,AGAACT,2.15625,2423,CTGCAG,0.0047613889910280704,582,ACTCAC,0.018233314156532288,3345,GGCTCN,0.0732072964310646,False,False,True,-0.002771567553281784,
8,21,46,layer,degradation,1.3681640625,0.7802286148071289,2423,CTGCAG,2.08203125,582,ACTCAC,2.14453125,582,ACTCAC,2.14453125,2423,CTGCAG,0.005140015389770269,582,ACTCAC,0.018902912735939026,3345,GGCTCN,0.0762893557548523,False,False,True,-0.002198774367570877,
8,22,46,layer,degradation,1.052734375,0.8910309672355652,2423,CTGCAG,2.11328125,582,ACTCAC,2.140625,582,ACTCAC,2.140625,2423,CTGCAG,0.005867660511285067,582,ACTCAC,0.020663438364863396,3345,GGCTCN,0.07558830827474594,False,False,True,-0.0028769727796316147,
8,23,46,layer,degradation,1.123046875,1.0250240564346313,2423,CTGCAG,2.17578125,582,ACTCAC,2.2109375,582,ACTCAC,2.2109375,2423,CTGCAG,0.006050627212971449,582,ACTCAC,0.022095467895269394,3345,GGCTCN,0.07898212969303131,False,False,True,-0.001487869769334793,
8,24,46,layer,degradation,0.982421875,1.0180317163467407,2423,CTGCAG,2.171875,582,ACTCAC,2.19140625,582,ACTCAC,2.19140625,2423,CTGCAG,0.005743177141994238,582,ACTCAC,0.021722836419939995,3345,GGCTCN,0.07893675565719604,False,False,True,-0.0013010501861572266,
8,25,46,layer,degradation,1.087890625,1.122124433517456,2423,CTGCAG,2.169921875,582,ACTCAC,2.201171875,582,ACTCAC,2.201171875,2423,CTGCAG,0.005516619887202978,582,ACTCAC,0.022466614842414856,3345,GGCTCN,0.08070684224367142,False,False,True,-0.0008902754634618759,
8,26,46,layer,degradation,1.140625,1.0789787769317627,2423,CTGCAG,2.125,582,ACTCAC,2.162109375,582,ACTCAC,2.162109375,2423,CTGCAG,0.005346791818737984,582,ACTCAC,0.021894589066505432,3345,GGCTCN,0.08526002615690231,False,False,True,-9.793229401111603e-05,
8,27,46,layer,degradation,1.140625,1.120582938194275,2423,CTGCAG,2.126953125,582,ACTCAC,2.1640625,582,ACTCAC,2.1640625,2423,CTGCAG,0.0052937394939363,582,ACTCAC,0.02222936414182186,3345,GGCTCN,0.08608029037714005,False,False,True,-4.756078124046326e-05,
8,28,46,layer,degradation,1.052734375,1.084210753440857,2423,CTGCAG,2.126953125,582,ACTCAC,2.154296875,582,ACTCAC,2.154296875,2423,CTGCAG,0.005225539673119783,582,ACTCAC,0.021822107955813408,3345,GGCTCN,0.08480033278465271,False,False,True,-0.00041018053889274597,
8,29,46,layer,degradation,1.17578125,1.1212570667266846,2423,CTGCAG,2.109375,582,ACTCAC,2.150390625,582,ACTCAC,2.150390625,2423,CTGCAG,0.005066870711743832,582,ACTCAC,0.022008778527379036,3345,GGCTCN,0.08014929294586182,False,False,True,-0.0019230116158723831,
8,30,46,layer,degradation,0.89453125,1.0536013841629028,2423,CTGCAG,2.130859375,582,ACTCAC,2.140625,582,ACTCAC,2.140625,2423,CTGCAG,0.0050926487892866135,582,ACTCAC,0.021403882652521133,3345,GGCTCN,0.08495936542749405,False,False,True,-0.0026114732027053833,
8,31,46,layer,degradation,0.82470703125,1.0199122428894043,2423,CTGCAG,2.138671875,582,ACTCAC,2.140625,582,ACTCAC,2.140625,2423,CTGCAG,0.005229853093624115,582,ACTCAC,0.021227041259407997,3345,GGCTCN,0.08754570037126541,False,False,True,-0.002230444923043251,
8,32,46,layer,degradation,0.63134765625,0.9232937097549438,2423,CTGCAG,2.1484375,582,ACTCAC,2.12890625,2423,CTGCAG,2.1484375,2423,CTGCAG,0.005373424384742975,582,ACTCAC,0.020469950512051582,3345,GGCTCN,0.08773943781852722,True,False,True,-0.001255858689546585,
8,33,46,layer,degradation,0.96484375,1.1599504947662354,2423,CTGCAG,2.1328125,582,ACTCAC,2.150390625,582,ACTCAC,2.150390625,2423,CTGCAG,0.005482623819261789,582,ACTCAC,0.02278522588312626,3345,GGCTCN,0.07571287453174591,False,False,True,-0.0030375774949789047,
9,0,46,layer,degradation,1.03515625,1.0485706329345703,2423,CTGCAG,2.12890625,582,ACTCAC,2.154296875,582,ACTCAC,2.154296875,2423,CTGCAG,0.005223703570663929,582,ACTCAC,0.021488042548298836,3345,GGCTCN,0.08332522958517075,False,False,True,-0.00017963536083698273,
9,1,46,layer,degradation,1.03515625,1.0065919160842896,2423,CTGCAG,2.126953125,582,ACTCAC,2.15234375,582,ACTCAC,2.15234375,2423,CTGCAG,0.00508857611566782,582,ACTCAC,0.020961593836545944,3345,GGCTCN,0.08302746713161469,False,False,True,0.0006703007966279984,
9,2,46,layer,degradation,1.0703125,0.9869269132614136,2423,CTGCAG,2.12109375,582,ACTCAC,2.150390625,582,ACTCAC,2.150390625,2423,CTGCAG,0.0050412798300385475,582,ACTCAC,0.020730983465909958,3345,GGCTCN,0.08435557782649994,False,False,True,0.00037535838782787323,
9,3,46,layer,degradation,1.052734375,0.9634823799133301,2423,CTGCAG,2.1171875,582,ACTCAC,2.14453125,582,ACTCAC,2.14453125,2423,CTGCAG,0.0050103385001420975,582,ACTCAC,0.020481497049331665,3345,GGCTCN,0.08408637344837189,False,False,True,0.0008910633623600006,
9,4,46,layer,degradation,0.912109375,0.9335227012634277,2423,CTGCAG,2.125,582,ACTCAC,2.13671875,582,ACTCAC,2.13671875,2423,CTGCAG,0.005223026033490896,582,ACTCAC,0.02041490562260151,3345,GGCTCN,0.08513154089450836,False,False,True,0.000748954713344574,
9,5,46,layer,degradation,0.876953125,0.9010744690895081,2423,CTGCAG,2.126953125,582,ACTCAC,2.134765625,582,ACTCAC,2.134765625,2423,CTGCAG,0.005262585356831551,582,ACTCAC,0.020151987671852112,3345,GGCTCN,0.08512180298566818,False,False,True,0.0010711625218391418,
9,6,46,layer,degradation,0.73681640625,0.8603004217147827,2423,CTGCAG,2.138671875,582,ACTCAC,2.130859375,2423,CTGCAG,2.138671875,2423,CTGCAG,0.005399063695222139,582,ACTCAC,0.019908376038074493,3345,GGCTCN,0.08658891916275024,True,False,True,0.0009434837847948074,
9,7,46,layer,degradation,0.876953125,0.9720816016197205,2423,CTGCAG,2.14453125,582,ACTCAC,2.15234375,582,ACTCAC,2.15234375,2423,CTGCAG,0.005505512934178114,582,ACTCAC,0.021056832745671272,3345,GGCTCN,0.08508996665477753,False,False,True,-0.0015373844653367996,
9,8,46,layer,degradation,0.912109375,1.0187009572982788,2423,CTGCAG,2.150390625,582,ACTCAC,2.162109375,582,ACTCAC,2.162109375,2423,CTGCAG,0.0055358619429171085,582,ACTCAC,0.021521758288145065,3345,GGCTCN,0.08508642017841339,False,False,True,-0.0020592622458934784,
9,9,46,layer,degradation,0.96484375,0.9985583424568176,2423,CTGCAG,2.138671875,582,ACTCAC,2.15625,582,ACTCAC,2.15625,2423,CTGCAG,0.005279486998915672,582,ACTCAC,0.02107761800289154,3345,GGCTCN,0.08563397079706192,False,False,True,-0.0012791231274604797,
9,10,46,layer,degradation,0.912109375,0.9608829021453857,2423,CTGCAG,2.12890625,582,ACTCAC,2.140625,582,ACTCAC,2.140625,2423,CTGCAG,0.005218089558184147,582,ACTCAC,0.020665016025304794,3345,GGCTCN,0.08732745796442032,False,False,True,0.00023011118173599243,
9,11,46,layer,degradation,0.9296875,0.9463973641395569,2423,CTGCAG,2.126953125,582,ACTCAC,2.140625,582,ACTCAC,2.140625,2423,CTGCAG,0.005294512491673231,582,ACTCAC,0.020606407895684242,3345,GGCTCN,0.08802966773509979,False,False,True,0.0005759187042713165,
9,12,46,layer,degradation,0.84228515625,0.9395495057106018,2423,CTGCAG,2.142578125,582,ACTCAC,2.146484375,582,ACTCAC,2.146484375,2423,CTGCAG,0.005529393907636404,582,ACTCAC,0.02077745459973812,3345,GGCTCN,0.08847775310277939,False,False,True,-0.00056474469602108,
9,13,46,layer,degradation,0.9296875,0.986868143081665,2423,CTGCAG,2.150390625,582,ACTCAC,2.1640625,582,ACTCAC,2.1640625,2423,CTGCAG,0.005749366246163845,582,ACTCAC,0.02143852412700653,3345,GGCTCN,0.08913177251815796,False,False,True,-0.002124980092048645,
9,14,46,layer,degradation,1.0,1.2209758758544922,2423,CTGCAG,2.171875,582,ACTCAC,2.193359375,582,ACTCAC,2.193359375,2423,CTGCAG,0.005834442097693682,582,ACTCAC,0.02370591275393963,3345,GGCTCN,0.08915171772241592,False,False,True,-0.005161566659808159,
9,15,46,layer,degradation,1.140625,1.3469443321228027,2423,CTGCAG,2.1640625,582,ACTCAC,2.201171875,582,ACTCAC,2.201171875,2423,CTGCAG,0.005976261105388403,582,ACTCAC,0.02502199076116085,3345,GGCTCN,0.08662788569927216,False,False,True,-0.00651211105287075,
9,16,46,layer,degradation,0.315673828125,1.1256353855133057,2423,CTGCAG,2.236328125,582,ACTCAC,2.181640625,2423,CTGCAG,2.236328125,2423,CTGCAG,0.009010049514472485,582,ACTCAC,0.025992771610617638,3345,GGCTCN,0.10537626594305038,True,False,True,-0.010928609408438206,
9,17,46,layer,degradation,0.333251953125,0.6126308441162109,2423,CTGCAG,2.177734375,582,ACTCAC,2.125,2423,CTGCAG,2.177734375,2423,CTGCAG,0.008985588327050209,582,ACTCAC,0.021186165511608124,3345,GGCTCN,0.09779054671525955,True,False,True,-0.012433736585080624,
9,18,46,layer,degradation,0.368408203125,0.5011246800422668,2423,CTGCAG,2.15234375,582,ACTCAC,2.103515625,2423,CTGCAG,2.15234375,2423,CTGCAG,0.008349333889782429,582,ACTCAC,0.01951046846807003,3345,GGCTCN,0.09743310511112213,True,False,True,-0.01240957248955965,
9,19,46,layer,degradation,1.3681640625,0.5839074850082397,2423,CTGCAG,2.080078125,582,ACTCAC,2.142578125,582,ACTCAC,2.142578125,2423,CTGCAG,0.005423086695373058,582,ACTCAC,0.017355909571051598,3345,GGCTCN,0.07765211910009384,False,False,True,-0.00482882559299469,
9,20,46,layer,degradation,0.64892578125,0.6549457311630249,2423,CTGCAG,2.09375,582,ACTCAC,2.076171875,649,AGAACT,2.123046875,2423,CTGCAG,0.004752575885504484,582,ACTCAC,0.017347605898976326,3345,GGCTCN,0.07919048517942429,False,False,True,-0.0015791617333889008,
9,21,46,layer,degradation,0.96484375,0.7344733476638794,2423,CTGCAG,2.1171875,582,ACTCAC,2.134765625,582,ACTCAC,2.134765625,2423,CTGCAG,0.005293518304824829,582,ACTCAC,0.0186298917979002,3345,GGCTCN,0.07948533445596695,False,False,True,-0.0013295523822307587,
9,22,46,layer,degradation,1.087890625,0.8389021754264832,2423,CTGCAG,2.10546875,582,ACTCAC,2.13671875,582,ACTCAC,2.13671875,2423,CTGCAG,0.005648904945701361,582,ACTCAC,0.019958747550845146,3345,GGCTCN,0.07729469239711761,False,False,True,-0.0018023457378149033,
9,23,46,layer,degradation,1.4208984375,1.1118894815444946,2423,CTGCAG,2.166015625,582,ACTCAC,2.234375,582,ACTCAC,2.234375,2423,CTGCAG,0.005915280431509018,582,ACTCAC,0.0227698665112257,3345,GGCTCN,0.07794933766126633,False,False,True,-0.002137972041964531,
9,24,46,layer,degradation,1.228515625,1.082656741142273,2423,CTGCAG,2.150390625,582,ACTCAC,2.197265625,582,ACTCAC,2.197265625,2423,CTGCAG,0.005532680545002222,582,ACTCAC,0.022114763036370277,3345,GGCTCN,0.07960913330316544,False,False,True,-0.0009454451501369476,
9,25,46,layer,degradation,0.982421875,1.0915751457214355,2423,CTGCAG,2.1640625,582,ACTCAC,2.18359375,582,ACTCAC,2.18359375,2423,CTGCAG,0.005494713317602873,582,ACTCAC,0.022159932181239128,3345,GGCTCN,0.08318396657705307,False,False,True,-0.0006118975579738617,
9,26,46,layer,degradation,1.03515625,1.0447925329208374,2423,CTGCAG,2.12890625,582,ACTCAC,2.154296875,582,ACTCAC,2.154296875,2423,CTGCAG,0.005381434224545956,582,ACTCAC,0.021610554307699203,3345,GGCTCN,0.08763054758310318,False,False,True,4.9427151679992676e-05,
9,27,46,layer,degradation,0.982421875,1.058924913406372,2423,CTGCAG,2.1328125,582,ACTCAC,2.15234375,582,ACTCAC,2.15234375,2423,CTGCAG,0.0053725275211036205,582,ACTCAC,0.02173338644206524,3345,GGCTCN,0.08718033879995346,False,False,True,-0.0002616066485643387,
9,28,46,layer,degradation,0.9296875,1.0271039009094238,2423,CTGCAG,2.130859375,582,ACTCAC,2.14453125,582,ACTCAC,2.14453125,2423,CTGCAG,0.005239453166723251,582,ACTCAC,0.021303681656718254,3345,GGCTCN,0.0869455561041832,False,False,True,-0.0004981830716133118,
9,29,46,layer,degradation,1.03515625,1.0686513185501099,2423,CTGCAG,2.11328125,582,ACTCAC,2.138671875,582,ACTCAC,2.138671875,2423,CTGCAG,0.005105914548039436,582,ACTCAC,0.021557440981268883,3345,GGCTCN,0.08289825171232224,False,False,True,-0.0015870984643697739,
9,30,46,layer,degradation,0.912109375,1.0158649682998657,2423,CTGCAG,2.125,582,ACTCAC,2.13671875,582,ACTCAC,2.13671875,2423,CTGCAG,0.005105684511363506,582,ACTCAC,0.02106514573097229,3345,GGCTCN,0.08535247296094894,False,False,True,-0.002112802118062973,
9,31,46,layer,degradation,0.876953125,1.0052257776260376,2423,CTGCAG,2.130859375,582,ACTCAC,2.138671875,582,ACTCAC,2.138671875,2423,CTGCAG,0.005239302758127451,582,ACTCAC,0.02109958603978157,3345,GGCTCN,0.08619146794080734,False,False,True,-0.0021526291966438293,
9,32,46,layer,degradation,0.68408203125,0.8889120221138,2423,CTGCAG,2.140625,582,ACTCAC,2.126953125,2423,CTGCAG,2.140625,2423,CTGCAG,0.005339435301721096,582,ACTCAC,0.020115461200475693,3345,GGCTCN,0.08657726645469666,True,False,True,-0.001120045781135559,
9,33,46,layer,degradation,0.947265625,1.1156384944915771,2423,CTGCAG,2.130859375,582,ACTCAC,2.146484375,582,ACTCAC,2.146484375,2423,CTGCAG,0.005404316354542971,582,ACTCAC,0.022293848916888237,3345,GGCTCN,0.07544442266225815,False,False,True,-0.002856738865375519,
10,0,46,layer,degradation,1.017578125,1.0177654027938843,2423,CTGCAG,2.1328125,582,ACTCAC,2.15625,582,ACTCAC,2.15625,2423,CTGCAG,0.005241753067821264,582,ACTCAC,0.021218929439783096,3345,GGCTCN,0.0839698538184166,False,False,True,-6.75395131111145e-06,
10,1,46,layer,degradation,1.087890625,1.0300356149673462,2423,CTGCAG,2.1328125,582,ACTCAC,2.1640625,582,ACTCAC,2.1640625,2423,CTGCAG,0.005171755328774452,582,ACTCAC,0.02126331254839897,3345,GGCTCN,0.08201586455106735,False,False,True,0.0003722347319126129,
10,2,46,layer,degradation,1.087890625,1.0192018747329712,2423,CTGCAG,2.126953125,582,ACTCAC,2.158203125,582,ACTCAC,2.158203125,2423,CTGCAG,0.005183049011975527,582,ACTCAC,0.021173615008592606,3345,GGCTCN,0.08348552882671356,False,False,True,-9.19494777917862e-05,
10,3,46,layer,degradation,1.0703125,0.957760751247406,2423,CTGCAG,2.119140625,582,ACTCAC,2.1484375,582,ACTCAC,2.1484375,2423,CTGCAG,0.005156907252967358,582,ACTCAC,0.02057472988963127,3345,GGCTCN,0.08392953872680664,False,False,True,0.0010893885046243668,
10,4,46,layer,degradation,0.9296875,0.949064314365387,2423,CTGCAG,2.126953125,582,ACTCAC,2.140625,582,ACTCAC,2.140625,2423,CTGCAG,0.005274565890431404,582,ACTCAC,0.020611321553587914,3345,GGCTCN,0.08536636829376221,False,False,True,0.0014366265386343002,
10,5,46,layer,degradation,0.82470703125,0.8963820338249207,2423,CTGCAG,2.1328125,582,ACTCAC,2.134765625,582,ACTCAC,2.134765625,2423,CTGCAG,0.00534159317612648,582,ACTCAC,0.0201872531324625,3345,GGCTCN,0.08561495691537857,False,False,True,0.0017491243779659271,
10,6,46,layer,degradation,0.75439453125,0.9041947722434998,2423,CTGCAG,2.1328125,582,ACTCAC,2.126953125,2423,CTGCAG,2.1328125,2423,CTGCAG,0.005425207782536745,582,ACTCAC,0.02034369669854641,3345,GGCTCN,0.08526676148176193,True,False,True,0.0008546877652406693,
10,7,46,layer,degradation,0.80712890625,0.9473974704742432,2423,CTGCAG,2.140625,582,ACTCAC,2.140625,582,ACTCAC,2.140625,2423,CTGCAG,0.0055400109849870205,582,ACTCAC,0.020861228927969933,3345,GGCTCN,0.08570811152458191,False,False,True,-0.00138750858604908,
10,8,46,layer,degradation,0.85986328125,0.9532541036605835,2423,CTGCAG,2.14453125,582,ACTCAC,2.150390625,582,ACTCAC,2.150390625,2423,CTGCAG,0.005563565529882908,582,ACTCAC,0.020939378067851067,3345,GGCTCN,0.0865466296672821,False,False,True,-0.0017517581582069397,
10,9,46,layer,degradation,0.96484375,1.0625823736190796,2423,CTGCAG,2.15234375,582,ACTCAC,2.169921875,582,ACTCAC,2.169921875,2423,CTGCAG,0.005451470147818327,582,ACTCAC,0.02184642292559147,3345,GGCTCN,0.08661147952079773,False,False,True,-0.0028718803077936172,
10,10,46,layer,degradation,1.03515625,1.071354866027832,2423,CTGCAG,2.140625,582,ACTCAC,2.166015625,582,ACTCAC,2.166015625,2423,CTGCAG,0.005362480878829956,582,ACTCAC,0.021839208900928497,3345,GGCTCN,0.08691248297691345,False,False,True,-0.0015631280839443207,
10,11,46,layer,degradation,1.052734375,1.077612042427063,2423,CTGCAG,2.1328125,582,ACTCAC,2.16015625,582,ACTCAC,2.16015625,2423,CTGCAG,0.005383858922868967,582,ACTCAC,0.02191891521215439,3345,GGCTCN,0.08615424484014511,False,False,True,-0.0016144756227731705,
10,12,46,layer,degradation,1.052734375,1.0276721715927124,2423,CTGCAG,2.12890625,582,ACTCAC,2.15625,582,ACTCAC,2.15625,2423,CTGCAG,0.005223506595939398,582,ACTCAC,0.0212930329144001,3345,GGCTCN,0.08626793324947357,False,False,True,-0.0013195611536502838,
10,13,46,layer,degradation,0.912109375,1.023669719696045,2423,CTGCAG,2.146484375,582,ACTCAC,2.158203125,582,ACTCAC,2.158203125,2423,CTGCAG,0.005643045529723167,582,ACTCAC,0.021675260737538338,3345,GGCTCN,0.08913683146238327,False,False,True,-0.0035286732017993927,
10,14,46,layer,degradation,0.96484375,1.2245533466339111,2423,CTGCAG,2.15625,582,ACTCAC,2.173828125,582,ACTCAC,2.173828125,2423,CTGCAG,0.005556850228458643,582,ACTCAC,0.02346166968345642,3345,GGCTCN,0.09241681545972824,False,False,True,-0.005494602024555206,
10,15,46,layer,degradation,0.85986328125,1.223181962966919,2423,CTGCAG,2.1640625,582,ACTCAC,2.169921875,582,ACTCAC,2.169921875,2423,CTGCAG,0.005942737217992544,582,ACTCAC,0.023834774270653725,3345,GGCTCN,0.0927063450217247,False,False,True,-0.006421338766813278,
10,16,46,layer,degradation,0.29833984375,1.0824652910232544,2423,CTGCAG,2.220703125,582,ACTCAC,2.1640625,2423,CTGCAG,2.220703125,2423,CTGCAG,0.008385694585740566,582,ACTCAC,0.02496599219739437,3345,GGCTCN,0.1093478873372078,True,False,True,-0.009934614412486553,
10,17,46,layer,degradation,0.4384765625,0.6114634275436401,2423,CTGCAG,2.18359375,582,ACTCAC,2.142578125,2423,CTGCAG,2.18359375,2423,CTGCAG,0.008636445738375187,582,ACTCAC,0.02082614041864872,3345,GGCTCN,0.09546513110399246,True,False,True,-0.011282706633210182,
10,18,46,layer,degradation,0.64892578125,0.5200891494750977,2423,CTGCAG,2.14453125,582,ACTCAC,2.126953125,2423,CTGCAG,2.14453125,2423,CTGCAG,0.007816650904715061,582,ACTCAC,0.019154569134116173,3345,GGCTCN,0.0912642553448677,True,False,True,-0.011440214700996876,
10,19,46,layer,degradation,1.4736328125,0.593593955039978,2423,CTGCAG,2.072265625,582,ACTCAC,2.146484375,582,ACTCAC,2.146484375,2423,CTGCAG,0.005178078077733517,582,ACTCAC,0.017201196402311325,3345,GGCTCN,0.07406359910964966,False,False,True,-0.00365392304956913,
10,20,46,layer,degradation,0.71923828125,0.6729977130889893,2423,CTGCAG,2.095703125,582,ACTCAC,2.0859375,649,AGAACT,2.126953125,2423,CTGCAG,0.004873181693255901,582,ACTCAC,0.017636489123106003,3345,GGCTCN,0.07775408029556274,False,False,True,1.6316771507263184e-06,
10,21,46,layer,degradation,1.0,0.7457873821258545,2423,CTGCAG,2.130859375,582,ACTCAC,2.15234375,582,ACTCAC,2.15234375,2423,CTGCAG,0.005545004270970821,582,ACTCAC,0.018986845389008522,3345,GGCTCN,0.07922114431858063,False,False,True,-0.00011670216917991638,
10,22,46,layer,degradation,0.84228515625,0.7519031167030334,2423,CTGCAG,2.12109375,582,ACTCAC,2.125,582,ACTCAC,2.125,2423,CTGCAG,0.0059734368696808815,582,ACTCAC,0.019472287967801094,3345,GGCTCN,0.07912513613700867,False,False,True,-0.00141092948615551,
10,23,46,layer,degradation,1.2802734375,1.0647529363632202,2423,CTGCAG,2.154296875,582,ACTCAC,2.20703125,582,ACTCAC,2.20703125,2423,CTGCAG,0.005898605566471815,582,ACTCAC,0.022313792258501053,3345,GGCTCN,0.0778304859995842,False,False,True,-0.002058185636997223,
10,24,46,layer,degradation,0.9296875,0.9714550971984863,2423,CTGCAG,2.14453125,582,ACTCAC,2.158203125,582,ACTCAC,2.158203125,2423,CTGCAG,0.005587362684309483,582,ACTCAC,0.02113284170627594,3345,GGCTCN,0.08096223324537277,False,False,True,-0.001010684296488762,
10,25,46,layer,degradation,0.912109375,1.0303095579147339,2423,CTGCAG,2.1640625,582,ACTCAC,2.17578125,582,ACTCAC,2.17578125,2423,CTGCAG,0.0055367364548146725,582,ACTCAC,0.021630847826600075,3345,GGCTCN,0.0847991332411766,False,False,True,-0.00041054002940654755,
10,26,46,layer,degradation,0.96484375,0.9570054411888123,2423,CTGCAG,2.130859375,582,ACTCAC,2.1484375,582,ACTCAC,2.1484375,2423,CTGCAG,0.0053604478016495705,582,ACTCAC,0.02077122963964939,3345,GGCTCN,0.09108370542526245,False,False,True,-5.311146378517151e-05,
10,27,46,layer,degradation,0.89453125,1.0365829467773438,2423,CTGCAG,2.140625,582,ACTCAC,2.150390625,582,ACTCAC,2.150390625,2423,CTGCAG,0.005275956355035305,582,ACTCAC,0.02142854779958725,3345,GGCTCN,0.09007172286510468,False,False,True,-0.0003862902522087097,
10,28,46,layer,degradation,0.84228515625,0.9731602072715759,2423,CTGCAG,2.13671875,582,ACTCAC,2.140625,582,ACTCAC,2.140625,2423,CTGCAG,0.00513951713219285,582,ACTCAC,0.020700890570878983,3345,GGCTCN,0.09033448249101639,False,False,True,-0.0007294937968254089,
10,29,46,layer,degradation,0.912109375,1.0180888175964355,2423,CTGCAG,2.12109375,582,ACTCAC,2.1328125,582,ACTCAC,2.1328125,2423,CTGCAG,0.004989891313016415,582,ACTCAC,0.02097008377313614,3345,GGCTCN,0.08696365356445312,False,False,True,-0.0016615353524684906,
10,30,46,layer,degradation,0.947265625,0.98519366979599,2423,CTGCAG,2.12109375,582,ACTCAC,2.13671875,582,ACTCAC,2.13671875,2423,CTGCAG,0.005040558520704508,582,ACTCAC,0.020714106038212776,3345,GGCTCN,0.08711252361536026,False,False,True,-0.001817440614104271,
10,31,46,layer,degradation,0.982421875,1.0299938917160034,2423,CTGCAG,2.125,582,ACTCAC,2.14453125,582,ACTCAC,2.14453125,2423,CTGCAG,0.005221668165177107,582,ACTCAC,0.021312836557626724,3345,GGCTCN,0.08577954024076462,False,False,True,-0.0017238762229681015,
10,32,46,layer,degradation,0.85986328125,0.9705342650413513,2423,CTGCAG,2.13671875,582,ACTCAC,2.142578125,582,ACTCAC,2.142578125,2423,CTGCAG,0.005393879022449255,582,ACTCAC,0.02093077450990677,3345,GGCTCN,0.084291972219944,False,False,True,-0.001139191910624504,
10,33,46,layer,degradation,1.03515625,1.2109870910644531,2423,CTGCAG,2.130859375,582,ACTCAC,2.15625,582,ACTCAC,2.15625,2423,CTGCAG,0.00543020898476243,582,ACTCAC,0.02320856600999832,3345,GGCTCN,0.07434647530317307,False,False,True,-0.003124317154288292,
11,0,46,layer,degradation,1.123046875,1.0586837530136108,2423,CTGCAG,2.126953125,582,ACTCAC,2.162109375,582,ACTCAC,2.162109375,2423,CTGCAG,0.0051741404458880424,582,ACTCAC,0.021532751619815826,3345,GGCTCN,0.08342982828617096,False,False,True,-0.0007640831172466278,
11,1,46,layer,degradation,1.140625,1.0227450132369995,2423,CTGCAG,2.126953125,582,ACTCAC,2.1640625,582,ACTCAC,2.1640625,2423,CTGCAG,0.0052749174647033215,582,ACTCAC,0.021298512816429138,3345,GGCTCN,0.08184758573770523,False,False,True,-0.0002878643572330475,
11,2,46,layer,degradation,1.0703125,1.0033572912216187,2423,CTGCAG,2.130859375,582,ACTCAC,2.16015625,582,ACTCAC,2.16015625,2423,CTGCAG,0.005287435837090015,582,ACTCAC,0.02113030105829239,3345,GGCTCN,0.0829671323299408,False,False,True,-0.00024271756410598755,
11,3,46,layer,degradation,1.017578125,0.9698548913002014,2423,CTGCAG,2.123046875,582,ACTCAC,2.146484375,582,ACTCAC,2.146484375,2423,CTGCAG,0.005233725067228079,582,ACTCAC,0.020764287561178207,3345,GGCTCN,0.08192531764507294,False,False,True,0.0008392073214054108,
11,4,46,layer,degradation,0.85986328125,0.9482646584510803,2423,CTGCAG,2.130859375,582,ACTCAC,2.13671875,582,ACTCAC,2.13671875,2423,CTGCAG,0.0052709211595356464,582,ACTCAC,0.020600222051143646,3345,GGCTCN,0.08454154431819916,False,False,True,0.0008270926773548126,
11,5,46,layer,degradation,0.80712890625,0.9219594597816467,2423,CTGCAG,2.1328125,582,ACTCAC,2.1328125,582,ACTCAC,2.1328125,2423,CTGCAG,0.005345291458070278,582,ACTCAC,0.020429380238056183,3345,GGCTCN,0.08453022688627243,False,False,True,0.0009541548788547516,
11,6,46,layer,degradation,0.70166015625,0.9217942357063293,2423,CTGCAG,2.138671875,582,ACTCAC,2.126953125,2423,CTGCAG,2.138671875,2423,CTGCAG,0.005352041684091091,582,ACTCAC,0.020434590056538582,3345,GGCTCN,0.08632736653089523,True,False,True,0.0008652526885271072,
11,7,46,layer,degradation,0.80712890625,0.9859991669654846,2423,CTGCAG,2.140625,582,ACTCAC,2.140625,582,ACTCAC,2.140625,2423,CTGCAG,0.005325388163328171,582,ACTCAC,0.021006444469094276,3345,GGCTCN,0.08577432483434677,False,False,True,-0.0007989984005689621,
11,8,46,layer,degradation,0.77197265625,0.9120525121688843,2423,CTGCAG,2.142578125,582,ACTCAC,2.138671875,2423,CTGCAG,2.142578125,2423,CTGCAG,0.005352497566491365,582,ACTCAC,0.020344235002994537,3345,GGCTCN,0.08851704746484756,True,False,True,-0.00010270439088344574,
11,9,46,layer,degradation,1.3505859375,1.2378336191177368,2423,CTGCAG,2.150390625,582,ACTCAC,2.2109375,582,ACTCAC,2.2109375,2423,CTGCAG,0.00543677993118763,582,ACTCAC,0.023465396836400032,3345,GGCTCN,0.08283735066652298,False,False,True,-0.0035545378923416138,
11,10,46,layer,degradation,1.3154296875,1.2093651294708252,2423,CTGCAG,2.14453125,582,ACTCAC,2.201171875,582,ACTCAC,2.201171875,2423,CTGCAG,0.005443026311695576,582,ACTCAC,0.02320626564323902,3345,GGCTCN,0.08399209380149841,False,False,True,-0.003019578754901886,
11,11,46,layer,degradation,1.3505859375,1.2484891414642334,2423,CTGCAG,2.134765625,582,ACTCAC,2.1953125,582,ACTCAC,2.1953125,2423,CTGCAG,0.00538040092214942,582,ACTCAC,0.02350834757089615,3345,GGCTCN,0.08190206438302994,False,False,True,-0.0028800014406442642,
11,12,46,layer,degradation,0.876953125,0.9911813735961914,2423,CTGCAG,2.12890625,582,ACTCAC,2.13671875,582,ACTCAC,2.13671875,2423,CTGCAG,0.005209366325289011,582,ACTCAC,0.020938729867339134,3345,GGCTCN,0.0880531519651413,False,False,True,-0.0009191874414682388,
11,13,46,layer,degradation,0.4560546875,0.8017799258232117,2423,CTGCAG,2.146484375,582,ACTCAC,2.107421875,2423,CTGCAG,2.146484375,2423,CTGCAG,0.005705289077013731,582,ACTCAC,0.01966908387839794,3345,GGCTCN,0.09637830406427383,True,False,True,-0.0013759471476078033,
11,14,46,layer,degradation,0.4912109375,0.9299595952033997,2423,CTGCAG,2.16015625,582,ACTCAC,2.125,2423,CTGCAG,2.16015625,2423,CTGCAG,0.005756865721195936,582,ACTCAC,0.020915530622005463,3345,GGCTCN,0.09969259798526764,True,False,True,-0.0030221398919820786,
11,15,46,layer,degradation,0.4384765625,0.963309109210968,2423,CTGCAG,2.177734375,582,ACTCAC,2.13671875,2423,CTGCAG,2.177734375,2423,CTGCAG,0.006183477118611336,582,ACTCAC,0.02165302075445652,3345,GGCTCN,0.09816650301218033,True,False,True,-0.0037135258316993713,
11,16,46,layer,degradation,0.052642822265625,0.8934652209281921,2423,CTGCAG,2.234375,582,ACTCAC,2.150390625,2423,CTGCAG,2.234375,2423,CTGCAG,0.008690143935382366,582,ACTCAC,0.02350861392915249,3345,GGCTCN,0.1101519986987114,True,False,True,-0.009068470448255539,
11,17,46,layer,degradation,0.4560546875,0.5666325688362122,2423,CTGCAG,2.185546875,582,ACTCAC,2.146484375,2423,CTGCAG,2.185546875,2423,CTGCAG,0.00829768180847168,582,ACTCAC,0.02006947062909603,3345,GGCTCN,0.09964373707771301,True,False,True,-0.009657718241214752,
11,18,46,layer,degradation,0.73681640625,0.5537405014038086,2423,CTGCAG,2.16015625,582,ACTCAC,2.15234375,2423,CTGCAG,2.16015625,2423,CTGCAG,0.007615977898240089,582,ACTCAC,0.01926758885383606,3345,GGCTCN,0.09676793217658997,True,False,True,-0.010568499565124512,
11,19,46,layer,degradation,2.17578125,0.7967281937599182,2423,CTGCAG,2.0703125,582,ACTCAC,2.22265625,582,ACTCAC,2.22265625,2423,CTGCAG,0.0048394575715065,582,ACTCAC,0.018756160512566566,3345,GGCTCN,0.07785605639219284,False,False,True,-0.0034948550164699554,
11,20,46,layer,degradation,1.3857421875,0.869704008102417,2423,CTGCAG,2.087890625,582,ACTCAC,2.15234375,582,ACTCAC,2.15234375,2423,CTGCAG,0.004715410061180592,582,ACTCAC,0.019312381744384766,3345,GGCTCN,0.07608529925346375,False,False,True,-0.0017208866775035858,
11,21,46,layer,degradation,1.6142578125,0.8617979884147644,2423,CTGCAG,2.09375,582,ACTCAC,2.18359375,582,ACTCAC,2.18359375,2423,CTGCAG,0.005172057077288628,582,ACTCAC,0.019695330411195755,3345,GGCTCN,0.07964770495891571,False,False,True,-0.0009058210998773575,
11,22,46,layer,degradation,1.0,0.72665935754776,2423,CTGCAG,2.068359375,582,ACTCAC,2.08984375,649,AGAACT,2.111328125,2423,CTGCAG,0.0056079295463860035,582,ACTCAC,0.01887146197259426,3345,GGCTCN,0.07858008146286011,False,False,True,-0.0019529983401298523,
11,23,46,layer,degradation,1.017578125,0.9536853432655334,2423,CTGCAG,2.1328125,582,ACTCAC,2.15625,582,ACTCAC,2.15625,2423,CTGCAG,0.005823551677167416,582,ACTCAC,0.021203383803367615,3345,GGCTCN,0.07799308001995087,False,False,True,-0.0013769622892141342,
11,24,46,layer,degradation,0.350830078125,0.818631112575531,2423,CTGCAG,2.1484375,582,ACTCAC,2.09765625,2423,CTGCAG,2.1484375,2423,CTGCAG,0.005823738407343626,582,ACTCAC,0.01994461752474308,3345,GGCTCN,0.07741104811429977,True,False,True,-0.00020016543567180634,
11,25,46,layer,degradation,0.350830078125,0.9455347657203674,2423,CTGCAG,2.203125,582,ACTCAC,2.15234375,2423,CTGCAG,2.203125,2423,CTGCAG,0.005818862468004227,582,ACTCAC,0.02112271636724472,3345,GGCTCN,0.08257242292165756,True,False,True,3.997050225734711e-05,
11,26,46,layer,degradation,0.73681640625,0.9187021851539612,2423,CTGCAG,2.15234375,582,ACTCAC,2.14453125,2423,CTGCAG,2.15234375,2423,CTGCAG,0.005488991737365723,582,ACTCAC,0.02054271660745144,3345,GGCTCN,0.08953897655010223,True,False,True,0.00021097436547279358,
11,27,46,layer,degradation,0.912109375,1.0780857801437378,2423,CTGCAG,2.1484375,582,ACTCAC,2.16015625,582,ACTCAC,2.16015625,2423,CTGCAG,0.005405605770647526,582,ACTCAC,0.021945077925920486,3345,GGCTCN,0.09016934782266617,False,False,True,-0.00030155666172504425,
11,28,46,layer,degradation,0.89453125,0.9725901484489441,2423,CTGCAG,2.1328125,582,ACTCAC,2.142578125,582,ACTCAC,2.142578125,2423,CTGCAG,0.005272154230624437,582,ACTCAC,0.020828213542699814,3345,GGCTCN,0.08971749246120453,False,False,True,-0.0010254811495542526,
11,29,46,layer,degradation,0.912109375,0.9945316314697266,2423,CTGCAG,2.1171875,582,ACTCAC,2.12890625,582,ACTCAC,2.12890625,2423,CTGCAG,0.005170593038201332,582,ACTCAC,0.020931188017129898,3345,GGCTCN,0.08527684956789017,False,False,True,-0.0021145548671483994,
11,30,46,layer,degradation,0.82470703125,0.9322417378425598,2423,CTGCAG,2.119140625,582,ACTCAC,2.12109375,582,ACTCAC,2.12109375,2423,CTGCAG,0.005103166215121746,582,ACTCAC,0.020283104851841927,3345,GGCTCN,0.08560246229171753,False,False,True,-0.0018173251301050186,
11,31,46,layer,degradation,0.84228515625,1.016175627708435,2423,CTGCAG,2.130859375,582,ACTCAC,2.134765625,582,ACTCAC,2.134765625,2423,CTGCAG,0.00527655566111207,582,ACTCAC,0.021238911896944046,3345,GGCTCN,0.08435085415840149,False,False,True,-0.0019975919276475906,
11,32,46,layer,degradation,0.71923828125,0.9826634526252747,2423,CTGCAG,2.146484375,582,ACTCAC,2.13671875,2423,CTGCAG,2.146484375,2423,CTGCAG,0.005462042987346649,582,ACTCAC,0.021112004294991493,3345,GGCTCN,0.08304847776889801,True,False,True,-0.0018430724740028381,
11,33,46,layer,degradation,0.947265625,1.2416331768035889,2423,CTGCAG,2.14453125,582,ACTCAC,2.16015625,582,ACTCAC,2.16015625,2423,CTGCAG,0.005482762586325407,582,ACTCAC,0.023546798154711723,3345,GGCTCN,0.07352764159440994,False,False,True,-0.003535360097885132,
12,0,46,layer,degradation,0.982421875,1.0180820226669312,2423,CTGCAG,2.125,582,ACTCAC,2.14453125,582,ACTCAC,2.14453125,2423,CTGCAG,0.0052387909963727,582,ACTCAC,0.0212189182639122,3345,GGCTCN,0.08469298481941223,False,False,True,-0.0003905724734067917,
12,1,46,layer,degradation,1.123046875,1.0458173751831055,2423,CTGCAG,2.1171875,582,ACTCAC,2.15234375,582,ACTCAC,2.15234375,2423,CTGCAG,0.005254330579191446,582,ACTCAC,0.021493002772331238,3345,GGCTCN,0.08270217478275299,False,False,True,-0.0007212851196527481,
12,2,46,layer,degradation,1.10546875,1.008900761604309,2423,CTGCAG,2.1171875,582,ACTCAC,2.150390625,582,ACTCAC,2.150390625,2423,CTGCAG,0.005215594079345465,582,ACTCAC,0.021110136061906815,3345,GGCTCN,0.08274642378091812,False,False,True,-0.0006489455699920654,
12,3,46,layer,degradation,1.10546875,1.0163822174072266,2423,CTGCAG,2.1171875,582,ACTCAC,2.150390625,582,ACTCAC,2.150390625,2423,CTGCAG,0.005240920465439558,582,ACTCAC,0.021205203607678413,3345,GGCTCN,0.08229372650384903,False,False,True,-0.0006926953792572021,
12,4,46,layer,degradation,0.947265625,1.0130795240402222,2423,CTGCAG,2.1328125,582,ACTCAC,2.1484375,582,ACTCAC,2.1484375,2423,CTGCAG,0.005362614057958126,582,ACTCAC,0.02129610814154148,3345,GGCTCN,0.08302696794271469,False,False,True,-0.0002418719232082367,
12,5,46,layer,degradation,0.89453125,0.9801623225212097,2423,CTGCAG,2.1328125,582,ACTCAC,2.142578125,582,ACTCAC,2.142578125,2423,CTGCAG,0.0053619383834302425,582,ACTCAC,0.02098858542740345,3345,GGCTCN,0.08308239281177521,False,False,True,3.475695848464966e-06,
12,6,46,layer,degradation,0.75439453125,0.9265782237052917,2423,CTGCAG,2.1328125,582,ACTCAC,2.126953125,2423,CTGCAG,2.1328125,2423,CTGCAG,0.005303331650793552,582,ACTCAC,0.02043047547340393,3345,GGCTCN,0.08447802066802979,True,False,True,0.00043461844325065613,
12,7,46,layer,degradation,0.70166015625,0.8904474973678589,2423,CTGCAG,2.1328125,582,ACTCAC,2.12109375,2423,CTGCAG,2.1328125,2423,CTGCAG,0.005218405742198229,582,ACTCAC,0.020008744671940804,3345,GGCTCN,0.08643259108066559,True,False,True,9.316019713878632e-05,
12,8,46,layer,degradation,0.64892578125,0.8548870086669922,2423,CTGCAG,2.140625,582,ACTCAC,2.123046875,2423,CTGCAG,2.140625,2423,CTGCAG,0.005225797649472952,582,ACTCAC,0.019684648141264915,3345,GGCTCN,0.08807651698589325,True,False,True,0.0006012171506881714,
12,9,46,layer,degradation,1.5087890625,1.3459924459457397,2423,CTGCAG,2.146484375,582,ACTCAC,2.224609375,582,ACTCAC,2.224609375,2423,CTGCAG,0.005317055154591799,582,ACTCAC,0.024353910237550735,3345,GGCTCN,0.0790158361196518,False,False,True,-0.0033340882509946823,
12,10,46,layer,degradation,1.5791015625,1.3808737993240356,2423,CTGCAG,2.138671875,582,ACTCAC,2.224609375,582,ACTCAC,2.224609375,2423,CTGCAG,0.005334900226444006,582,ACTCAC,0.024696914479136467,3345,GGCTCN,0.08019476383924484,False,False,True,-0.0028916392475366592,
12,11,46,layer,degradation,1.5791015625,1.3891558647155762,2423,CTGCAG,2.130859375,582,ACTCAC,2.216796875,582,ACTCAC,2.216796875,2423,CTGCAG,0.005324594676494598,582,ACTCAC,0.024763813242316246,3345,GGCTCN,0.07955888658761978,False,False,True,-0.00297662615776062,
12,12,46,layer,degradation,0.876953125,0.9798893928527832,2423,CTGCAG,2.125,582,ACTCAC,2.1328125,582,ACTCAC,2.1328125,2423,CTGCAG,0.005193151067942381,582,ACTCAC,0.02081725373864174,3345,GGCTCN,0.089933380484581,False,False,True,-0.000767923891544342,
12,13,46,layer,degradation,0.6142578125,0.8677926659584045,2423,CTGCAG,2.1328125,582,ACTCAC,2.111328125,2423,CTGCAG,2.1328125,2423,CTGCAG,0.005680036265403032,582,ACTCAC,0.02025919035077095,3345,GGCTCN,0.0968504548072815,True,False,True,-0.0020027868449687958,
12,14,46,layer,degradation,0.5615234375,0.9877209663391113,2423,CTGCAG,2.14453125,582,ACTCAC,2.1171875,2423,CTGCAG,2.14453125,2423,CTGCAG,0.005745687987655401,582,ACTCAC,0.021442795172333717,3345,GGCTCN,0.09923519939184189,True,False,True,-0.0036293286830186844,
12,15,46,layer,degradation,0.421142578125,0.9387222528457642,2423,CTGCAG,2.16015625,582,ACTCAC,2.1171875,2423,CTGCAG,2.16015625,2423,CTGCAG,0.00601930171251297,582,ACTCAC,0.021259650588035583,3345,GGCTCN,0.10008503496646881,True,False,True,-0.0036386586725711823,
12,16,46,layer,degradation,-0.08770751953125,0.8434533476829529,2423,CTGCAG,2.228515625,582,ACTCAC,2.12890625,2423,CTGCAG,2.228515625,2423,CTGCAG,0.008586954325437546,582,ACTCAC,0.022939221933484077,3345,GGCTCN,0.11264404654502869,True,False,True,-0.008382468484342098,
12,17,46,layer,degradation,0.368408203125,0.5849727392196655,2423,CTGCAG,2.189453125,582,ACTCAC,2.140625,2423,CTGCAG,2.189453125,2423,CTGCAG,0.008130970411002636,582,ACTCAC,0.020073723047971725,3345,GGCTCN,0.10170657187700272,True,False,True,-0.009535283781588078,
12,18,46,layer,degradation,0.70166015625,0.5923176407814026,2423,CTGCAG,2.162109375,582,ACTCAC,2.150390625,2423,CTGCAG,2.162109375,2423,CTGCAG,0.007670728024095297,582,ACTCAC,0.01968194916844368,3345,GGCTCN,0.10014855861663818,True,False,True,-0.010175572708249092,
12,19,46,layer,degradation,2.0,0.843431293964386,2423,CTGCAG,2.083984375,582,ACTCAC,2.216796875,582,ACTCAC,2.216796875,2423,CTGCAG,0.005035127513110638,582,ACTCAC,0.01938718929886818,3345,GGCTCN,0.07759110629558563,False,False,True,-0.003304446116089821,
12,20,46,layer,degradation,1.2978515625,0.8866218328475952,2423,CTGCAG,2.09765625,582,ACTCAC,2.15234375,582,ACTCAC,2.15234375,2423,CTGCAG,0.004839894827455282,582,ACTCAC,0.019594572484493256,3345,GGCTCN,0.0775832012295723,False,False,True,-0.0007388163357973099,
12,21,46,layer,degradation,1.6318359375,0.935789167881012,2423,CTGCAG,2.107421875,582,ACTCAC,2.19921875,582,ACTCAC,2.19921875,2423,CTGCAG,0.005266482010483742,582,ACTCAC,0.020479489117860794,3345,GGCTCN,0.0771697387099266,False,False,True,-0.000789029523730278,
12,22,46,layer,degradation,0.876953125,0.7068753838539124,2423,CTGCAG,2.09375,582,ACTCAC,2.1015625,582,ACTCAC,2.1015625,2423,CTGCAG,0.005822096951305866,582,ACTCAC,0.01890120655298233,3345,GGCTCN,0.07849525660276413,False,False,True,-0.0017178747802972794,
12,23,46,layer,degradation,0.85986328125,0.8659913539886475,2423,CTGCAG,2.146484375,582,ACTCAC,2.15234375,582,ACTCAC,2.15234375,2423,CTGCAG,0.006247904617339373,582,ACTCAC,0.020810266956686974,3345,GGCTCN,0.07694052904844284,False,False,True,-0.0014828555285930634,
12,24,46,layer,degradation,0.333251953125,0.7615764141082764,2423,CTGCAG,2.150390625,582,ACTCAC,2.09765625,2423,CTGCAG,2.150390625,2423,CTGCAG,0.006028716452419758,582,ACTCAC,0.01961774006485939,3345,GGCTCN,0.07385939359664917,True,False,True,-0.0005703549832105637,
12,25,46,layer,degradation,0.5263671875,0.9253969192504883,2423,CTGCAG,2.1875,582,ACTCAC,2.15625,2423,CTGCAG,2.1875,2423,CTGCAG,0.0057071177288889885,582,ACTCAC,0.020823249593377113,3345,GGCTCN,0.07973112910985947,True,False,True,-0.0002622753381729126,
12,26,46,layer,degradation,0.96484375,0.9058003425598145,2423,CTGCAG,2.1484375,582,ACTCAC,2.166015625,582,ACTCAC,2.166015625,2423,CTGCAG,0.0053076897747814655,582,ACTCAC,0.0202411450445652,3345,GGCTCN,0.08569300174713135,False,False,True,1.085922122001648e-05,
12,27,46,layer,degradation,0.912109375,1.0024468898773193,2423,CTGCAG,2.154296875,582,ACTCAC,2.166015625,582,ACTCAC,2.166015625,2423,CTGCAG,0.005353780463337898,582,ACTCAC,0.02118816040456295,3345,GGCTCN,0.08871947973966599,False,False,True,-0.0009233579039573669,
12,28,46,layer,degradation,0.89453125,0.909471333026886,2423,CTGCAG,2.1484375,582,ACTCAC,2.158203125,582,ACTCAC,2.158203125,2423,CTGCAG,0.005367319565266371,582,ACTCAC,0.020334996283054352,3345,GGCTCN,0.08924020081758499,False,False,True,-0.0014939121901988983,
12,29,46,layer,degradation,0.876953125,0.9921276569366455,2423,CTGCAG,2.125,582,ACTCAC,2.1328125,582,ACTCAC,2.1328125,2423,CTGCAG,0.005302826873958111,582,ACTCAC,0.021041013300418854,3345,GGCTCN,0.08459122478961945,False,False,True,-0.00285191647708416,
12,30,46,layer,degradation,0.85986328125,0.9401847124099731,2423,CTGCAG,2.125,582,ACTCAC,2.130859375,582,ACTCAC,2.130859375,2423,CTGCAG,0.005237071309238672,582,ACTCAC,0.02049105241894722,3345,GGCTCN,0.08620340377092361,False,False,True,-0.0022213924676179886,
12,31,46,layer,degradation,0.947265625,1.0636448860168457,2423,CTGCAG,2.119140625,582,ACTCAC,2.134765625,582,ACTCAC,2.134765625,2423,CTGCAG,0.005250288173556328,582,ACTCAC,0.021655146032571793,3345,GGCTCN,0.08316096663475037,False,False,True,-0.002308264374732971,
12,32,46,layer,degradation,0.89453125,0.9954349994659424,2423,CTGCAG,2.126953125,582,ACTCAC,2.13671875,582,ACTCAC,2.13671875,2423,CTGCAG,0.0053371284157037735,582,ACTCAC,0.021106144413352013,3345,GGCTCN,0.08273078501224518,False,False,True,-0.0009636338800191879,
12,33,46,layer,degradation,0.9296875,1.2092201709747314,2423,CTGCAG,2.150390625,582,ACTCAC,2.1640625,582,ACTCAC,2.1640625,2423,CTGCAG,0.0053776707500219345,582,ACTCAC,0.023139556869864464,3345,GGCTCN,0.07772069424390793,False,False,True,-0.0026802346110343933,
13,0,46,layer,degradation,0.96484375,1.0069187879562378,2423,CTGCAG,2.126953125,582,ACTCAC,2.14453125,582,ACTCAC,2.14453125,2423,CTGCAG,0.005239090882241726,582,ACTCAC,0.021115155890583992,3345,GGCTCN,0.08482586592435837,False,False,True,-0.0003927871584892273,
13,1,46,layer,degradation,1.052734375,1.000108242034912,2423,CTGCAG,2.119140625,582,ACTCAC,2.146484375,582,ACTCAC,2.146484375,2423,CTGCAG,0.005225984379649162,582,ACTCAC,0.021038563922047615,3345,GGCTCN,0.08503560721874237,False,False,True,-0.0005290880799293518,
13,2,46,layer,degradation,1.0703125,1.0069379806518555,2423,CTGCAG,2.123046875,582,ACTCAC,2.15234375,582,ACTCAC,2.15234375,2423,CTGCAG,0.005237448029220104,582,ACTCAC,0.021113691851496696,3345,GGCTCN,0.08470745384693146,False,False,True,-0.00047526322305202484,
13,3,46,layer,degradation,1.0703125,0.9861284494400024,2423,CTGCAG,2.1171875,582,ACTCAC,2.146484375,582,ACTCAC,2.146484375,2423,CTGCAG,0.005246744025498629,582,ACTCAC,0.020929004997015,3345,GGCTCN,0.08435946702957153,False,False,True,-0.0004147626459598541,
13,4,46,layer,degradation,0.9296875,0.9692709445953369,2423,CTGCAG,2.126953125,582,ACTCAC,2.140625,582,ACTCAC,2.140625,2423,CTGCAG,0.005321209318935871,582,ACTCAC,0.020846327766776085,3345,GGCTCN,0.08396982401609421,False,False,True,-0.00012982450425624847,
13,5,46,layer,degradation,0.96484375,0.9840789437294006,2423,CTGCAG,2.126953125,582,ACTCAC,2.14453125,582,ACTCAC,2.14453125,2423,CTGCAG,0.005269801709800959,582,ACTCAC,0.020932957530021667,3345,GGCTCN,0.08378523588180542,False,False,True,-0.00015331804752349854,
13,6,46,layer,degradation,0.89453125,1.0048129558563232,2423,CTGCAG,2.13671875,582,ACTCAC,2.146484375,582,ACTCAC,2.146484375,2423,CTGCAG,0.005262987222522497,582,ACTCAC,0.02111942321062088,3345,GGCTCN,0.08356333523988724,False,False,True,-0.0006548184901475906,
13,7,46,layer,degradation,0.85986328125,1.014562964439392,2423,CTGCAG,2.140625,582,ACTCAC,2.146484375,582,ACTCAC,2.146484375,2423,CTGCAG,0.005241831298917532,582,ACTCAC,0.02118915505707264,3345,GGCTCN,0.08436539024114609,False,False,True,-0.0013888627290725708,
13,8,46,layer,degradation,0.75439453125,0.9555199146270752,2423,CTGCAG,2.150390625,582,ACTCAC,2.14453125,2423,CTGCAG,2.150390625,2423,CTGCAG,0.005310600623488426,582,ACTCAC,0.02070753462612629,3345,GGCTCN,0.08632548153400421,True,False,True,-0.0017470084130764008,
13,9,46,layer,degradation,0.96484375,1.0152547359466553,2423,CTGCAG,2.142578125,582,ACTCAC,2.16015625,582,ACTCAC,2.16015625,2423,CTGCAG,0.005218934267759323,582,ACTCAC,0.02117270603775978,3345,GGCTCN,0.08458852767944336,False,False,True,-0.002581067383289337,
13,10,46,layer,degradation,1.03515625,1.0285507440567017,2423,CTGCAG,2.134765625,582,ACTCAC,2.16015625,582,ACTCAC,2.16015625,2423,CTGCAG,0.005199309438467026,582,ACTCAC,0.02127702534198761,3345,GGCTCN,0.08562234044075012,False,False,True,-0.0022258199751377106,
13,11,46,layer,degradation,1.052734375,1.0369975566864014,2423,CTGCAG,2.125,582,ACTCAC,2.15234375,582,ACTCAC,2.15234375,2423,CTGCAG,0.005099641624838114,582,ACTCAC,0.02125609666109085,3345,GGCTCN,0.08415673673152924,False,False,True,-0.002012869343161583,
13,12,46,layer,degradation,1.017578125,1.0074917078018188,2423,CTGCAG,2.119140625,582,ACTCAC,2.142578125,582,ACTCAC,2.142578125,2423,CTGCAG,0.005127329844981432,582,ACTCAC,0.02100873552262783,3345,GGCTCN,0.08925400674343109,False,False,True,-0.0012712497264146805,
13,13,46,layer,degradation,0.78955078125,0.9389181137084961,2423,CTGCAG,2.134765625,582,ACTCAC,2.1328125,2423,CTGCAG,2.134765625,2423,CTGCAG,0.005757609382271767,582,ACTCAC,0.020999783650040627,3345,GGCTCN,0.09349897503852844,True,False,True,-0.0022886786609888077,
13,14,46,layer,degradation,0.64892578125,0.9815532565116882,2423,CTGCAG,2.15234375,582,ACTCAC,2.134765625,2423,CTGCAG,2.15234375,2423,CTGCAG,0.006123258266597986,582,ACTCAC,0.021762870252132416,3345,GGCTCN,0.09770717471837997,True,False,True,-0.003995263949036598,
13,15,46,layer,degradation,0.5791015625,0.9859985709190369,2423,CTGCAG,2.16015625,582,ACTCAC,2.134765625,2423,CTGCAG,2.16015625,2423,CTGCAG,0.0064110527746379375,582,ACTCAC,0.022092103958129883,3345,GGCTCN,0.09676653146743774,True,False,True,-0.004917768761515617,
13,16,46,layer,degradation,0.22802734375,0.902463972568512,2423,CTGCAG,2.21875,582,ACTCAC,2.154296875,2423,CTGCAG,2.21875,2423,CTGCAG,0.008599568158388138,582,ACTCAC,0.02350192330777645,3345,GGCTCN,0.11093692481517792,True,False,True,-0.008867026306688786,
13,17,46,layer,degradation,0.73681640625,0.6971043348312378,2423,CTGCAG,2.17578125,582,ACTCAC,2.16796875,2423,CTGCAG,2.17578125,2423,CTGCAG,0.007893716916441917,582,ACTCAC,0.020881742238998413,3345,GGCTCN,0.10306618362665176,True,False,True,-0.009198429994285107,
13,18,46,layer,degradation,1.03515625,0.7150688767433167,2423,CTGCAG,2.150390625,582,ACTCAC,2.17578125,582,ACTCAC,2.17578125,2423,CTGCAG,0.007243803236633539,582,ACTCAC,0.020399291068315506,3345,GGCTCN,0.10197754949331284,False,False,True,-0.009326508268713951,
13,19,46,layer,degradation,2.087890625,0.9845770597457886,2423,CTGCAG,2.07421875,582,ACTCAC,2.216796875,582,ACTCAC,2.216796875,2423,CTGCAG,0.0050458284094929695,582,ACTCAC,0.020713627338409424,3345,GGCTCN,0.0838475301861763,False,False,True,-0.003957157954573631,
13,20,46,layer,degradation,1.3857421875,0.9779418706893921,2423,CTGCAG,2.0859375,582,ACTCAC,2.150390625,582,ACTCAC,2.150390625,2423,CTGCAG,0.004960940219461918,582,ACTCAC,0.02056688815355301,3345,GGCTCN,0.07814743369817734,False,False,True,-0.002208709716796875,
13,21,46,layer,degradation,1.4912109375,0.9429779052734375,2423,CTGCAG,2.126953125,582,ACTCAC,2.203125,582,ACTCAC,2.203125,2423,CTGCAG,0.005587892606854439,582,ACTCAC,0.020867912098765373,3345,GGCTCN,0.07698783278465271,False,False,True,-0.0017968062311410904,
13,22,46,layer,degradation,0.4384765625,0.5848451256752014,2423,CTGCAG,2.125,582,ACTCAC,2.083984375,2423,CTGCAG,2.125,2423,CTGCAG,0.0062819537706673145,582,ACTCAC,0.018223516643047333,3345,GGCTCN,0.07626163214445114,True,False,True,-0.0017209053039550781,
13,23,46,layer,degradation,0.4912109375,0.7560557723045349,2423,CTGCAG,2.15625,582,ACTCAC,2.12109375,2423,CTGCAG,2.15625,2423,CTGCAG,0.006452942732721567,582,ACTCAC,0.019990503787994385,3345,GGCTCN,0.07583112269639969,True,False,True,-0.001198936253786087,
13,24,46,layer,degradation,0.1754150390625,0.7020900845527649,2423,CTGCAG,2.16015625,582,ACTCAC,2.08984375,2423,CTGCAG,2.16015625,2423,CTGCAG,0.006353385746479034,582,ACTCAC,0.01938788779079914,3345,GGCTCN,0.07249784469604492,True,False,True,-0.0009038783609867096,
13,25,46,layer,degradation,0.64892578125,0.8899245858192444,2423,CTGCAG,2.18359375,582,ACTCAC,2.166015625,2423,CTGCAG,2.18359375,2423,CTGCAG,0.005848850589245558,582,ACTCAC,0.02063431590795517,3345,GGCTCN,0.07751031219959259,True,False,True,-0.0005427040159702301,
13,26,46,layer,degradation,0.82470703125,0.8574174642562866,2423,CTGCAG,2.169921875,582,ACTCAC,2.171875,582,ACTCAC,2.171875,2423,CTGCAG,0.005532247480005026,582,ACTCAC,0.02001468650996685,3345,GGCTCN,0.08499973267316818,False,False,True,-0.0004251766949892044,
13,27,46,layer,degradation,0.876953125,0.9877997040748596,2423,CTGCAG,2.15625,582,ACTCAC,2.1640625,582,ACTCAC,2.1640625,2423,CTGCAG,0.0052650244906544685,582,ACTCAC,0.02096286416053772,3345,GGCTCN,0.0897357240319252,False,False,True,-0.0010653287172317505,
13,28,46,layer,degradation,0.912109375,0.9488922357559204,2423,CTGCAG,2.146484375,582,ACTCAC,2.158203125,582,ACTCAC,2.158203125,2423,CTGCAG,0.005178216379135847,582,ACTCAC,0.020513368770480156,3345,GGCTCN,0.08947383612394333,False,False,True,-0.0014547668397426605,
13,29,46,layer,degradation,0.947265625,1.0187491178512573,2423,CTGCAG,2.130859375,582,ACTCAC,2.146484375,582,ACTCAC,2.146484375,2423,CTGCAG,0.005089228041470051,582,ACTCAC,0.021075572818517685,3345,GGCTCN,0.08531396090984344,False,False,True,-0.002047307789325714,
13,30,46,layer,degradation,0.9296875,0.945568323135376,2423,CTGCAG,2.12109375,582,ACTCAC,2.134765625,582,ACTCAC,2.134765625,2423,CTGCAG,0.005044015124440193,582,ACTCAC,0.020348181948065758,3345,GGCTCN,0.08628824353218079,False,False,True,-0.001708967611193657,
13,31,46,layer,degradation,0.982421875,1.0254288911819458,2423,CTGCAG,2.12109375,582,ACTCAC,2.140625,582,ACTCAC,2.140625,2423,CTGCAG,0.0051607610657811165,582,ACTCAC,0.02120937407016754,3345,GGCTCN,0.08418215066194534,False,False,True,-0.0017915107309818268,
13,32,46,layer,degradation,1.0,1.0341730117797852,2423,CTGCAG,2.125,582,ACTCAC,2.146484375,582,ACTCAC,2.146484375,2423,CTGCAG,0.005277907010167837,582,ACTCAC,0.02140803262591362,3345,GGCTCN,0.08235135674476624,False,False,True,-0.0017208307981491089,
13,33,46,layer,degradation,1.0703125,1.2504045963287354,2423,CTGCAG,2.130859375,582,ACTCAC,2.16015625,582,ACTCAC,2.16015625,2423,CTGCAG,0.005191876087337732,582,ACTCAC,0.023337677121162415,3345,GGCTCN,0.07701795548200607,False,False,True,-0.0028594285249710083,
14,0,46,layer,degradation,0.982421875,1.0191566944122314,2423,CTGCAG,2.125,582,ACTCAC,2.14453125,582,ACTCAC,2.14453125,2423,CTGCAG,0.005214025266468525,582,ACTCAC,0.02120417170226574,3345,GGCTCN,0.08523937314748764,False,False,True,-0.0006613563746213913,
14,1,46,layer,degradation,1.03515625,1.055040717124939,2423,CTGCAG,2.126953125,582,ACTCAC,2.15234375,582,ACTCAC,2.15234375,2423,CTGCAG,0.005179608706384897,582,ACTCAC,0.02150425873696804,3345,GGCTCN,0.0849277600646019,False,False,True,-0.0007760897278785706,
14,2,46,layer,degradation,1.017578125,1.042954683303833,2423,CTGCAG,2.12890625,582,ACTCAC,2.15234375,582,ACTCAC,2.15234375,2423,CTGCAG,0.0051873065531253815,582,ACTCAC,0.02139929309487343,3345,GGCTCN,0.08438564836978912,False,False,True,-0.0006986446678638458,
14,3,46,layer,degradation,1.0,1.0280632972717285,2423,CTGCAG,2.12890625,582,ACTCAC,2.150390625,582,ACTCAC,2.150390625,2423,CTGCAG,0.005239612422883511,582,ACTCAC,0.021312784403562546,3345,GGCTCN,0.08456936478614807,False,False,True,-0.0006616618484258652,
14,4,46,layer,degradation,0.96484375,1.015535593032837,2423,CTGCAG,2.130859375,582,ACTCAC,2.1484375,582,ACTCAC,2.1484375,2423,CTGCAG,0.005266559310257435,582,ACTCAC,0.021222949028015137,3345,GGCTCN,0.08444709330797195,False,False,True,-0.0007636379450559616,
14,5,46,layer,degradation,0.96484375,1.0182545185089111,2423,CTGCAG,2.126953125,582,ACTCAC,2.14453125,582,ACTCAC,2.14453125,2423,CTGCAG,0.005226282402873039,582,ACTCAC,0.0212080180644989,3345,GGCTCN,0.08440442383289337,False,False,True,-0.0006303358823060989,
14,6,46,layer,degradation,0.912109375,1.002214789390564,2423,CTGCAG,2.125,582,ACTCAC,2.13671875,582,ACTCAC,2.13671875,2423,CTGCAG,0.005157829262316227,582,ACTCAC,0.020990045741200447,3345,GGCTCN,0.08445975184440613,False,False,True,-0.0008947998285293579,
14,7,46,layer,degradation,0.9296875,1.0142128467559814,2423,CTGCAG,2.126953125,582,ACTCAC,2.140625,582,ACTCAC,2.140625,2423,CTGCAG,0.005139358341693878,582,ACTCAC,0.021083418279886246,3345,GGCTCN,0.0845150351524353,False,False,True,-0.0015454217791557312,
14,8,46,layer,degradation,0.89453125,1.017906665802002,2423,CTGCAG,2.134765625,582,ACTCAC,2.14453125,582,ACTCAC,2.14453125,2423,CTGCAG,0.005110022611916065,582,ACTCAC,0.02108851633965969,3345,GGCTCN,0.0858929231762886,False,False,True,-0.0021669864654541016,
14,9,46,layer,degradation,0.9296875,1.0524190664291382,2423,CTGCAG,2.146484375,582,ACTCAC,2.16015625,582,ACTCAC,2.16015625,2423,CTGCAG,0.005165622569620609,582,ACTCAC,0.021465836092829704,3345,GGCTCN,0.08592860400676727,False,False,True,-0.0021990109235048294,
14,10,46,layer,degradation,0.912109375,1.0433121919631958,2423,CTGCAG,2.14453125,582,ACTCAC,2.15625,582,ACTCAC,2.15625,2423,CTGCAG,0.005191823001950979,582,ACTCAC,0.021407142281532288,3345,GGCTCN,0.08673818409442902,False,False,True,-0.0016303714364767075,
14,11,46,layer,degradation,0.96484375,1.030405879020691,2423,CTGCAG,2.130859375,582,ACTCAC,2.1484375,582,ACTCAC,2.1484375,2423,CTGCAG,0.005111881997436285,582,ACTCAC,0.021206891164183617,3345,GGCTCN,0.087061807513237,False,False,True,-0.0014997497200965881,
14,12,46,layer,degradation,0.96484375,1.0270512104034424,2423,CTGCAG,2.125,582,ACTCAC,2.142578125,582,ACTCAC,2.142578125,2423,CTGCAG,0.004958834033459425,582,ACTCAC,0.021022571250796318,3345,GGCTCN,0.08967740088701248,False,False,True,-0.0012285299599170685,
14,13,46,layer,degradation,0.9296875,0.9791932702064514,2423,CTGCAG,2.125,582,ACTCAC,2.138671875,582,ACTCAC,2.138671875,2423,CTGCAG,0.005382737144827843,582,ACTCAC,0.021000349894165993,3345,GGCTCN,0.08808348327875137,False,False,True,-0.0018926914781332016,
14,14,46,layer,degradation,0.947265625,0.9494966268539429,2423,CTGCAG,2.14453125,582,ACTCAC,2.16015625,582,ACTCAC,2.16015625,2423,CTGCAG,0.00551424827426672,582,ACTCAC,0.02085503377020359,3345,GGCTCN,0.08895593881607056,False,False,True,-0.004355417564511299,
14,15,46,layer,degradation,0.78955078125,0.9603386521339417,2423,CTGCAG,2.154296875,582,ACTCAC,2.15234375,2423,CTGCAG,2.154296875,2423,CTGCAG,0.005979422014206648,582,ACTCAC,0.021421276032924652,3345,GGCTCN,0.08988741040229797,True,False,True,-0.0058892108500003815,
14,16,46,layer,degradation,0.5615234375,0.9829457998275757,2423,CTGCAG,2.185546875,582,ACTCAC,2.158203125,2423,CTGCAG,2.185546875,2423,CTGCAG,0.008424204774200916,582,ACTCAC,0.0240767989307642,3345,GGCTCN,0.11030187457799911,True,False,True,-0.009538069367408752,
14,17,46,layer,degradation,0.70166015625,0.7160081267356873,2423,CTGCAG,2.16796875,582,ACTCAC,2.15625,2423,CTGCAG,2.16796875,2423,CTGCAG,0.008511609397828579,582,ACTCAC,0.021675853058695793,3345,GGCTCN,0.10772119462490082,True,False,True,-0.00910080038011074,
14,18,46,layer,degradation,1.123046875,0.653764009475708,2423,CTGCAG,2.13671875,582,ACTCAC,2.171875,582,ACTCAC,2.171875,2423,CTGCAG,0.0078072757460176945,582,ACTCAC,0.02039128914475441,3345,GGCTCN,0.10379909723997116,False,False,True,-0.008488673716783524,
14,19,46,layer,degradation,2.0,0.9028356671333313,2423,CTGCAG,2.087890625,582,ACTCAC,2.220703125,582,ACTCAC,2.220703125,2423,CTGCAG,0.005178303923457861,582,ACTCAC,0.02008412405848503,3345,GGCTCN,0.08614349365234375,False,False,True,-0.003941752016544342,
14,20,46,layer,degradation,1.771484375,0.9786369800567627,2423,CTGCAG,2.0703125,582,ACTCAC,2.177734375,582,ACTCAC,2.177734375,2423,CTGCAG,0.0051246825605630875,582,ACTCAC,0.02073710970580578,3345,GGCTCN,0.07919560372829437,False,False,True,-0.0024029631167650223,
14,21,46,layer,degradation,1.6669921875,0.9657659530639648,2423,CTGCAG,2.1171875,582,ACTCAC,2.212890625,582,ACTCAC,2.212890625,2423,CTGCAG,0.005719023756682873,582,ACTCAC,0.021211469545960426,3345,GGCTCN,0.07760962098836899,False,False,True,-0.0017095338553190231,
14,22,46,layer,degradation,0.0701904296875,0.5583946108818054,2423,CTGCAG,2.16796875,582,ACTCAC,2.0859375,2423,CTGCAG,2.16796875,2423,CTGCAG,0.006430026143789291,582,ACTCAC,0.01812502183020115,3345,GGCTCN,0.07449939101934433,True,False,True,-0.001782681792974472,
14,23,46,layer,degradation,0.0,0.7329455614089966,2423,CTGCAG,2.2109375,582,ACTCAC,2.12109375,2423,CTGCAG,2.2109375,2423,CTGCAG,0.006784182507544756,582,ACTCAC,0.02010631375014782,3345,GGCTCN,0.07542328536510468,True,False,True,-0.0013161785900592804,
14,24,46,layer,degradation,-0.26318359375,0.6481929421424866,2423,CTGCAG,2.2109375,582,ACTCAC,2.091796875,2423,CTGCAG,2.2109375,2423,CTGCAG,0.006967425812035799,582,ACTCAC,0.019499506801366806,3345,GGCTCN,0.07228269428014755,True,False,True,-0.0011346526443958282,
14,25,46,layer,degradation,0.71923828125,0.8687817454338074,2423,CTGCAG,2.17578125,582,ACTCAC,2.166015625,2423,CTGCAG,2.17578125,2423,CTGCAG,0.006295507773756981,582,ACTCAC,0.02088388241827488,3345,GGCTCN,0.07572851330041885,True,False,True,-0.0012416262179613113,
14,26,46,layer,degradation,0.82470703125,0.8671162724494934,2423,CTGCAG,2.16796875,582,ACTCAC,2.169921875,582,ACTCAC,2.169921875,2423,CTGCAG,0.005898042116314173,582,ACTCAC,0.020470891147851944,3345,GGCTCN,0.08399795740842819,False,False,True,-0.0011655166745185852,
14,27,46,layer,degradation,0.912109375,1.013990879058838,2423,CTGCAG,2.1484375,582,ACTCAC,2.16015625,582,ACTCAC,2.16015625,2423,CTGCAG,0.005252739414572716,582,ACTCAC,0.021194729954004288,3345,GGCTCN,0.09046147763729095,False,False,True,-0.0014985725283622742,
14,28,46,layer,degradation,0.947265625,0.9555961489677429,2423,CTGCAG,2.140625,582,ACTCAC,2.15625,582,ACTCAC,2.15625,2423,CTGCAG,0.005048961378633976,582,ACTCAC,0.02044660598039627,3345,GGCTCN,0.09128222614526749,False,False,True,-0.0013832859694957733,
14,29,46,layer,degradation,0.912109375,0.9871798753738403,2423,CTGCAG,2.126953125,582,ACTCAC,2.138671875,582,ACTCAC,2.138671875,2423,CTGCAG,0.005044680554419756,582,ACTCAC,0.02073674276471138,3345,GGCTCN,0.08587796241044998,False,False,True,-0.0023154523223638535,
14,30,46,layer,degradation,0.912109375,0.9557906985282898,2423,CTGCAG,2.125,582,ACTCAC,2.13671875,582,ACTCAC,2.13671875,2423,CTGCAG,0.005071407184004784,582,ACTCAC,0.020470865070819855,3345,GGCTCN,0.08540920168161392,False,False,True,-0.0016976110637187958,
14,31,46,layer,degradation,0.947265625,1.0063910484313965,2423,CTGCAG,2.12109375,582,ACTCAC,2.13671875,582,ACTCAC,2.13671875,2423,CTGCAG,0.00519074872136116,582,ACTCAC,0.021061895415186882,3345,GGCTCN,0.08381009101867676,False,False,True,-0.001964917406439781,
14,32,46,layer,degradation,0.96484375,0.9800910353660583,2423,CTGCAG,2.1171875,582,ACTCAC,2.134765625,582,ACTCAC,2.134765625,2423,CTGCAG,0.005107669159770012,582,ACTCAC,0.020733650773763657,3345,GGCTCN,0.08392602205276489,False,False,True,-0.001111440360546112,
14,33,46,layer,degradation,1.123046875,1.099147081375122,2423,CTGCAG,2.1171875,582,ACTCAC,2.15234375,582,ACTCAC,2.15234375,2423,CTGCAG,0.0049980925396084785,582,ACTCAC,0.02173389494419098,3345,GGCTCN,0.07942649722099304,False,False,True,-0.0019438937306404114,
15,0,46,layer,degradation,1.017578125,1.0078670978546143,2423,CTGCAG,2.123046875,582,ACTCAC,2.146484375,582,ACTCAC,2.146484375,2423,CTGCAG,0.005221102386713028,582,ACTCAC,0.02110600844025612,3345,GGCTCN,0.08462108671665192,False,False,True,-0.0005042757838964462,
15,1,46,layer,degradation,1.03515625,1.0357729196548462,2423,CTGCAG,2.12109375,582,ACTCAC,2.146484375,582,ACTCAC,2.146484375,2423,CTGCAG,0.005152070429176092,582,ACTCAC,0.021297110244631767,3345,GGCTCN,0.084424689412117,False,False,True,-0.0006874501705169678,
15,2,46,layer,degradation,0.982421875,1.0330891609191895,2423,CTGCAG,2.125,582,ACTCAC,2.14453125,582,ACTCAC,2.14453125,2423,CTGCAG,0.00516640767455101,582,ACTCAC,0.021286429837346077,3345,GGCTCN,0.08511686325073242,False,False,True,-0.0007210522890090942,
15,3,46,layer,degradation,0.912109375,1.028519630432129,2423,CTGCAG,2.125,582,ACTCAC,2.13671875,582,ACTCAC,2.13671875,2423,CTGCAG,0.005164817441254854,582,ACTCAC,0.02124224230647087,3345,GGCTCN,0.08565603196620941,False,False,True,-0.0005373284220695496,
15,4,46,layer,degradation,0.9296875,1.0118807554244995,2423,CTGCAG,2.123046875,582,ACTCAC,2.13671875,582,ACTCAC,2.13671875,2423,CTGCAG,0.005149369593709707,582,ACTCAC,0.021071691066026688,3345,GGCTCN,0.08718790113925934,False,False,True,-0.0006869155913591385,
15,5,46,layer,degradation,0.876953125,0.9898202419281006,2423,CTGCAG,2.125,582,ACTCAC,2.1328125,582,ACTCAC,2.1328125,2423,CTGCAG,0.005177028942853212,582,ACTCAC,0.020893704146146774,3345,GGCTCN,0.08702585101127625,False,False,True,-0.0003968793898820877,
15,6,46,layer,degradation,0.89453125,0.9726041555404663,2423,CTGCAG,2.123046875,582,ACTCAC,2.1328125,582,ACTCAC,2.1328125,2423,CTGCAG,0.005181629676371813,582,ACTCAC,0.020737819373607635,3345,GGCTCN,0.0878479927778244,False,False,True,-0.0010935626924037933,
15,7,46,layer,degradation,0.982421875,1.026180624961853,2423,CTGCAG,2.125,582,ACTCAC,2.14453125,582,ACTCAC,2.14453125,2423,CTGCAG,0.005158436484634876,582,ACTCAC,0.021214058622717857,3345,GGCTCN,0.08654015511274338,False,False,True,-0.0014973264187574387,
15,8,46,layer,degradation,0.982421875,1.0448205471038818,2423,CTGCAG,2.1328125,582,ACTCAC,2.15234375,582,ACTCAC,2.15234375,2423,CTGCAG,0.0051767947152256966,582,ACTCAC,0.021406173706054688,3345,GGCTCN,0.08581668883562088,False,False,True,-0.001698387786746025,
15,9,46,layer,degradation,0.947265625,1.0990979671478271,2423,CTGCAG,2.146484375,582,ACTCAC,2.162109375,582,ACTCAC,2.162109375,2423,CTGCAG,0.005310344509780407,582,ACTCAC,0.022045690566301346,3345,GGCTCN,0.08233946561813354,False,False,True,-0.002025829628109932,
15,10,46,layer,degradation,0.85986328125,1.05088472366333,2423,CTGCAG,2.14453125,582,ACTCAC,2.150390625,582,ACTCAC,2.150390625,2423,CTGCAG,0.005352253559976816,582,ACTCAC,0.021638162434101105,3345,GGCTCN,0.08271748572587967,False,False,True,-0.0017124619334936142,
15,11,46,layer,degradation,0.84228515625,1.0157278776168823,2423,CTGCAG,2.134765625,582,ACTCAC,2.138671875,582,ACTCAC,2.138671875,2423,CTGCAG,0.005328200291842222,582,ACTCAC,0.021286383271217346,3345,GGCTCN,0.08435127139091492,False,False,True,-0.0021496769040822983,
15,12,46,layer,degradation,0.9296875,0.9781332015991211,2423,CTGCAG,2.12109375,582,ACTCAC,2.134765625,582,ACTCAC,2.134765625,2423,CTGCAG,0.005239818245172501,582,ACTCAC,0.02084754966199398,3345,GGCTCN,0.08677400648593903,False,False,True,-0.0017111040651798248,
15,13,46,layer,degradation,0.85986328125,0.9516936540603638,2423,CTGCAG,2.126953125,582,ACTCAC,2.1328125,582,ACTCAC,2.1328125,2423,CTGCAG,0.005308966618031263,582,ACTCAC,0.02067023329436779,3345,GGCTCN,0.08772751688957214,False,False,True,-0.0022926144301891327,
15,14,46,layer,degradation,0.85986328125,0.8653323650360107,2423,CTGCAG,2.125,582,ACTCAC,2.130859375,582,ACTCAC,2.130859375,2423,CTGCAG,0.005332306493073702,582,ACTCAC,0.01988852582871914,3345,GGCTCN,0.08792784065008163,False,False,True,-0.003601914271712303,
15,15,46,layer,degradation,0.947265625,0.886231005191803,2423,CTGCAG,2.125,582,ACTCAC,2.140625,582,ACTCAC,2.140625,2423,CTGCAG,0.005194128956645727,582,ACTCAC,0.019945163279771805,3345,GGCTCN,0.0861053615808487,False,False,True,-0.004452735185623169,
15,16,46,layer,degradation,0.85986328125,0.8685212135314941,2423,CTGCAG,2.126953125,582,ACTCAC,2.1328125,582,ACTCAC,2.1328125,2423,CTGCAG,0.005946820601820946,582,ACTCAC,0.020532766357064247,3345,GGCTCN,0.09209447354078293,False,False,True,-0.0067811645567417145,
15,17,46,layer,degradation,1.10546875,0.6759786605834961,2423,CTGCAG,2.13671875,582,ACTCAC,2.169921875,582,ACTCAC,2.169921875,2423,CTGCAG,0.006227390840649605,582,ACTCAC,0.01901848614215851,3345,GGCTCN,0.0931846871972084,False,False,True,-0.00706368125975132,
15,18,46,layer,degradation,1.140625,0.690528392791748,2423,CTGCAG,2.125,582,ACTCAC,2.162109375,582,ACTCAC,2.162109375,2423,CTGCAG,0.006107531953603029,582,ACTCAC,0.019034257158637047,3345,GGCTCN,0.09603612869977951,False,False,True,-0.0069569312036037445,
15,19,46,layer,degradation,1.96484375,1.1094878911972046,2423,CTGCAG,2.12109375,582,ACTCAC,2.25,582,ACTCAC,2.25,2423,CTGCAG,0.00591497914865613,582,ACTCAC,0.022747177630662918,3345,GGCTCN,0.10225420445203781,False,False,True,-0.0041491929441690445,
15,20,46,layer,degradation,1.6669921875,1.1836603879928589,2423,CTGCAG,2.11328125,582,ACTCAC,2.208984375,582,ACTCAC,2.208984375,2423,CTGCAG,0.006331772077828646,582,ACTCAC,0.02385539375245571,3345,GGCTCN,0.09849534183740616,False,False,True,-0.0027844905853271484,
15,21,46,layer,degradation,1.7021484375,1.122743844985962,2423,CTGCAG,2.1484375,582,ACTCAC,2.248046875,582,ACTCAC,2.248046875,2423,CTGCAG,0.00711282342672348,582,ACTCAC,0.024068592116236687,3345,GGCTCN,0.09652706235647202,False,False,True,-0.0025480855256319046,
15,22,46,layer,degradation,0.1754150390625,0.6148913502693176,2423,CTGCAG,2.18359375,582,ACTCAC,2.11328125,2423,CTGCAG,2.18359375,2423,CTGCAG,0.007126307114958763,582,ACTCAC,0.019347956404089928,3345,GGCTCN,0.07783924788236618,True,False,True,-0.0019858255982398987,
15,23,46,layer,degradation,-0.017547607421875,0.7673693299293518,2423,CTGCAG,2.234375,582,ACTCAC,2.142578125,2423,CTGCAG,2.234375,2423,CTGCAG,0.007083423901349306,582,ACTCAC,0.02072644792497158,3345,GGCTCN,0.07110355794429779,True,False,True,-0.0014999471604824066,
15,24,46,layer,degradation,-0.4384765625,0.6356339454650879,2423,CTGCAG,2.24609375,582,ACTCAC,2.107421875,2423,CTGCAG,2.24609375,2423,CTGCAG,0.007465338334441185,582,ACTCAC,0.019880346953868866,3345,GGCTCN,0.06423330307006836,True,False,True,-0.0012978129088878632,
15,25,46,layer,degradation,0.4560546875,0.8005714416503906,2423,CTGCAG,2.205078125,582,ACTCAC,2.166015625,2423,CTGCAG,2.205078125,2423,CTGCAG,0.0067708478309214115,582,ACTCAC,0.0207233764231205,3345,GGCTCN,0.06949809193611145,True,False,True,-0.0014963522553443909,
15,26,46,layer,degradation,0.68408203125,0.8222981095314026,2423,CTGCAG,2.169921875,582,ACTCAC,2.15625,2423,CTGCAG,2.169921875,2423,CTGCAG,0.006149254739284515,582,ACTCAC,0.02030431665480137,3345,GGCTCN,0.07990053296089172,True,False,True,-0.0013464707881212234,
15,27,46,layer,degradation,0.912109375,0.9756729006767273,2423,CTGCAG,2.1328125,582,ACTCAC,2.14453125,582,ACTCAC,2.14453125,2423,CTGCAG,0.005378155503422022,582,ACTCAC,0.020962951704859734,3345,GGCTCN,0.08900516480207443,False,False,True,-0.0017236042767763138,
15,28,46,layer,degradation,0.912109375,0.9565594792366028,2423,CTGCAG,2.1328125,582,ACTCAC,2.14453125,582,ACTCAC,2.14453125,2423,CTGCAG,0.005268172360956669,582,ACTCAC,0.020674796774983406,3345,GGCTCN,0.08904033899307251,False,False,True,-0.001963365823030472,
15,29,46,layer,degradation,1.0,1.0237970352172852,2423,CTGCAG,2.119140625,582,ACTCAC,2.140625,582,ACTCAC,2.140625,2423,CTGCAG,0.005160551518201828,582,ACTCAC,0.02119395323097706,3345,GGCTCN,0.08440252393484116,False,False,True,-0.0030008796602487564,
15,30,46,layer,degradation,1.10546875,1.0105124711990356,2423,CTGCAG,2.11328125,582,ACTCAC,2.146484375,582,ACTCAC,2.146484375,2423,CTGCAG,0.005135695915669203,582,ACTCAC,0.02104526199400425,3345,GGCTCN,0.08386537432670593,False,False,True,-0.0026247557252645493,
15,31,46,layer,degradation,1.0703125,1.0238299369812012,2423,CTGCAG,2.115234375,582,ACTCAC,2.14453125,582,ACTCAC,2.14453125,2423,CTGCAG,0.005135950166732073,582,ACTCAC,0.02116965875029564,3345,GGCTCN,0.08386185765266418,False,False,True,-0.0025351475924253464,
15,32,46,layer,degradation,1.03515625,0.9918121695518494,2423,CTGCAG,2.119140625,582,ACTCAC,2.14453125,582,ACTCAC,2.14453125,2423,CTGCAG,0.005130699370056391,582,ACTCAC,0.020865943282842636,3345,GGCTCN,0.08466668426990509,False,False,True,-0.0015931203961372375,
15,33,46,layer,degradation,1.087890625,1.0595293045043945,2423,CTGCAG,2.125,582,ACTCAC,2.15625,582,ACTCAC,2.15625,2423,CTGCAG,0.0050619905814528465,582,ACTCAC,0.021428484469652176,3345,GGCTCN,0.0822942927479744,False,False,True,-0.001641489565372467,
16,0,46,layer,degradation,1.0703125,1.0044059753417969,2423,CTGCAG,2.119140625,582,ACTCAC,2.1484375,582,ACTCAC,2.1484375,2423,CTGCAG,0.00522753968834877,582,ACTCAC,0.021080181002616882,3345,GGCTCN,0.08561956137418747,False,False,True,-0.0006422940641641617,
16,1,46,layer,degradation,1.087890625,1.0262492895126343,2423,CTGCAG,2.12109375,582,ACTCAC,2.15234375,582,ACTCAC,2.15234375,2423,CTGCAG,0.005226165521889925,582,ACTCAC,0.02128242701292038,3345,GGCTCN,0.08544958382844925,False,False,True,-0.0009890608489513397,
16,2,46,layer,degradation,1.017578125,1.0236644744873047,2423,CTGCAG,2.12109375,582,ACTCAC,2.14453125,582,ACTCAC,2.14453125,2423,CTGCAG,0.005169740412384272,582,ACTCAC,0.021201906725764275,3345,GGCTCN,0.08525107800960541,False,False,True,-0.0009554289281368256,
16,3,46,layer,degradation,0.947265625,1.0220863819122314,2423,CTGCAG,2.125,582,ACTCAC,2.140625,582,ACTCAC,2.140625,2423,CTGCAG,0.00515479501336813,582,ACTCAC,0.02117225155234337,3345,GGCTCN,0.08513443171977997,False,False,True,-0.000897873193025589,
16,4,46,layer,degradation,0.9296875,1.0121899843215942,2423,CTGCAG,2.126953125,582,ACTCAC,2.140625,582,ACTCAC,2.140625,2423,CTGCAG,0.005147598683834076,582,ACTCAC,0.02107280120253563,3345,GGCTCN,0.0852845311164856,False,False,True,-0.0008286163210868835,
16,5,46,layer,degradation,0.9296875,1.0064752101898193,2423,CTGCAG,2.126953125,582,ACTCAC,2.140625,582,ACTCAC,2.140625,2423,CTGCAG,0.0051568783819675446,582,ACTCAC,0.021028809249401093,3345,GGCTCN,0.0852312445640564,False,False,True,-0.000597439706325531,
16,6,46,layer,degradation,0.982421875,1.0218966007232666,2423,CTGCAG,2.125,582,ACTCAC,2.14453125,582,ACTCAC,2.14453125,2423,CTGCAG,0.005146436393260956,582,ACTCAC,0.02116212248802185,3345,GGCTCN,0.08589993417263031,False,False,True,-0.0010844562202692032,
16,7,46,layer,degradation,0.982421875,1.0218830108642578,2423,CTGCAG,2.125,582,ACTCAC,2.14453125,582,ACTCAC,2.14453125,2423,CTGCAG,0.005129413679242134,582,ACTCAC,0.02114497311413288,3345,GGCTCN,0.08605850487947464,False,False,True,-0.0016040150076150894,
16,8,46,layer,degradation,0.96484375,1.0269007682800293,2423,CTGCAG,2.125,582,ACTCAC,2.142578125,582,ACTCAC,2.142578125,2423,CTGCAG,0.0051404573023319244,582,ACTCAC,0.02120279148221016,3345,GGCTCN,0.08619116991758347,False,False,True,-0.001692451536655426,
16,9,46,layer,degradation,0.947265625,1.0094704627990723,2423,CTGCAG,2.12890625,582,ACTCAC,2.14453125,582,ACTCAC,2.14453125,2423,CTGCAG,0.0052287704311311245,582,ACTCAC,0.021128622815012932,3345,GGCTCN,0.08393460512161255,False,False,True,-0.002007201313972473,
16,10,46,layer,degradation,0.947265625,1.0088393688201904,2423,CTGCAG,2.130859375,582,ACTCAC,2.146484375,582,ACTCAC,2.146484375,2423,CTGCAG,0.005251177120953798,582,ACTCAC,0.02114514634013176,3345,GGCTCN,0.08377368748188019,False,False,True,-0.0015829484909772873,
16,11,46,layer,degradation,0.9296875,1.0012140274047852,2423,CTGCAG,2.130859375,582,ACTCAC,2.14453125,582,ACTCAC,2.14453125,2423,CTGCAG,0.0052584754303097725,582,ACTCAC,0.021081363782286644,3345,GGCTCN,0.08380184322595596,False,False,True,-0.0016292054206132889,
16,12,46,layer,degradation,0.982421875,0.9895085096359253,2423,CTGCAG,2.123046875,582,ACTCAC,2.142578125,582,ACTCAC,2.142578125,2423,CTGCAG,0.005190904252231121,582,ACTCAC,0.020904675126075745,3345,GGCTCN,0.08584468811750412,False,False,True,-0.0014135297387838364,
16,13,46,layer,degradation,0.84228515625,0.9956899881362915,2423,CTGCAG,2.1328125,582,ACTCAC,2.13671875,582,ACTCAC,2.13671875,2423,CTGCAG,0.005294655449688435,582,ACTCAC,0.021066049113869667,3345,GGCTCN,0.08664342761039734,False,False,True,-0.0017329622060060501,
16,14,46,layer,degradation,0.80712890625,0.9165424108505249,2423,CTGCAG,2.130859375,582,ACTCAC,2.130859375,582,ACTCAC,2.130859375,2423,CTGCAG,0.005337758455425501,582,ACTCAC,0.020371349528431892,3345,GGCTCN,0.0866134986281395,False,False,True,-0.0029891282320022583,
16,15,46,layer,degradation,0.85986328125,0.8851918578147888,2423,CTGCAG,2.126953125,582,ACTCAC,2.1328125,582,ACTCAC,2.1328125,2423,CTGCAG,0.00527117308229208,582,ACTCAC,0.020012520253658295,3345,GGCTCN,0.08506578952074051,False,False,True,-0.004475221037864685,
16,16,46,layer,degradation,0.89453125,0.8004289865493774,2423,CTGCAG,2.130859375,582,ACTCAC,2.140625,582,ACTCAC,2.140625,2423,CTGCAG,0.005765929818153381,582,ACTCAC,0.019717130810022354,3345,GGCTCN,0.09165086597204208,False,False,True,-0.005961498245596886,
16,17,46,layer,degradation,1.17578125,0.5948928594589233,2423,CTGCAG,2.130859375,582,ACTCAC,2.171875,582,ACTCAC,2.171875,2423,CTGCAG,0.0060301274061203,582,ACTCAC,0.018065353855490685,3345,GGCTCN,0.09349151700735092,False,False,True,-0.006431560963392258,
16,18,46,layer,degradation,1.123046875,0.6096054315567017,2423,CTGCAG,2.1171875,582,ACTCAC,2.15234375,582,ACTCAC,2.15234375,2423,CTGCAG,0.006159448530524969,582,ACTCAC,0.018331823870539665,3345,GGCTCN,0.09551109373569489,False,False,True,-0.005936950445175171,
16,19,46,layer,degradation,2.123046875,1.0955264568328857,2423,CTGCAG,2.095703125,582,ACTCAC,2.2421875,582,ACTCAC,2.2421875,2423,CTGCAG,0.005787191446870565,582,ACTCAC,0.022489244118332863,3345,GGCTCN,0.09449847787618637,False,False,True,-0.0038815122097730637,
16,20,46,layer,degradation,2.10546875,1.2898443937301636,2423,CTGCAG,2.087890625,582,ACTCAC,2.232421875,582,ACTCAC,2.232421875,2423,CTGCAG,0.005929070990532637,582,ACTCAC,0.02444252371788025,3345,GGCTCN,0.09723863750696182,False,False,True,-0.002666231244802475,
16,21,46,layer,degradation,2.087890625,1.231581449508667,2423,CTGCAG,2.140625,582,ACTCAC,2.283203125,582,ACTCAC,2.283203125,2423,CTGCAG,0.00676294881850481,582,ACTCAC,0.02473328448832035,3345,GGCTCN,0.09865846484899521,False,False,True,-0.0022141169756650925,
16,22,46,layer,degradation,0.1578369140625,0.6288190484046936,2423,CTGCAG,2.232421875,582,ACTCAC,2.16015625,2423,CTGCAG,2.232421875,2423,CTGCAG,0.007654111832380295,582,ACTCAC,0.020005593076348305,3345,GGCTCN,0.08781202882528305,True,False,True,-0.0017738211899995804,
16,23,46,layer,degradation,-0.29833984375,0.6853266358375549,2423,CTGCAG,2.267578125,582,ACTCAC,2.14453125,2423,CTGCAG,2.267578125,2423,CTGCAG,0.007794058416038752,582,ACTCAC,0.02067229337990284,3345,GGCTCN,0.07760795205831528,True,False,True,-0.0016284361481666565,
16,24,46,layer,degradation,-0.5615234375,0.6704378724098206,2423,CTGCAG,2.2578125,582,ACTCAC,2.10546875,2423,CTGCAG,2.2578125,2423,CTGCAG,0.007459900341928005,582,ACTCAC,0.02019934542477131,3345,GGCTCN,0.06926780194044113,True,False,True,-0.0014919731765985489,
16,25,46,layer,degradation,0.5439453125,0.8559042811393738,2423,CTGCAG,2.17578125,582,ACTCAC,2.146484375,2423,CTGCAG,2.17578125,2423,CTGCAG,0.006475705187767744,582,ACTCAC,0.020944038406014442,3345,GGCTCN,0.07127346843481064,True,False,True,-0.0016603581607341766,
16,26,46,layer,degradation,0.75439453125,0.8720775246620178,2423,CTGCAG,2.150390625,582,ACTCAC,2.14453125,2423,CTGCAG,2.150390625,2423,CTGCAG,0.005986400414258242,582,ACTCAC,0.02060549706220627,3345,GGCTCN,0.07624275237321854,True,False,True,-0.001711960881948471,
16,27,46,layer,degradation,0.947265625,1.0213598012924194,2423,CTGCAG,2.12890625,582,ACTCAC,2.14453125,582,ACTCAC,2.14453125,2423,CTGCAG,0.005224419757723808,582,ACTCAC,0.02123510278761387,3345,GGCTCN,0.08200458437204361,False,False,True,-0.0018650442361831665,
16,28,46,layer,degradation,0.947265625,1.0380994081497192,2423,CTGCAG,2.126953125,582,ACTCAC,2.142578125,582,ACTCAC,2.142578125,2423,CTGCAG,0.005065052304416895,582,ACTCAC,0.02123177796602249,3345,GGCTCN,0.08266382664442062,False,False,True,-0.0018146336078643799,
16,29,46,layer,degradation,0.982421875,1.061434030532837,2423,CTGCAG,2.125,582,ACTCAC,2.14453125,582,ACTCAC,2.14453125,2423,CTGCAG,0.00493540707975626,582,ACTCAC,0.02131965383887291,3345,GGCTCN,0.0819963663816452,False,False,True,-0.0031282473355531693,
16,30,46,layer,degradation,1.03515625,0.9987593293190002,2423,CTGCAG,2.12109375,582,ACTCAC,2.146484375,582,ACTCAC,2.146484375,2423,CTGCAG,0.005118591245263815,582,ACTCAC,0.020918596535921097,3345,GGCTCN,0.08391064405441284,False,False,True,-0.0027771443128585815,
16,31,46,layer,degradation,1.052734375,0.9989481568336487,2423,CTGCAG,2.119140625,582,ACTCAC,2.146484375,582,ACTCAC,2.146484375,2423,CTGCAG,0.0051076989620924,582,ACTCAC,0.020909463986754417,3345,GGCTCN,0.08417531847953796,False,False,True,-0.0027320124208927155,
16,32,46,layer,degradation,1.10546875,1.0188783407211304,2423,CTGCAG,2.11328125,582,ACTCAC,2.146484375,582,ACTCAC,2.146484375,2423,CTGCAG,0.005155873019248247,582,ACTCAC,0.02114342339336872,3345,GGCTCN,0.08482284843921661,False,False,True,-0.001759011298418045,
16,33,46,layer,degradation,1.0703125,1.0383098125457764,2423,CTGCAG,2.115234375,582,ACTCAC,2.14453125,582,ACTCAC,2.14453125,2423,CTGCAG,0.005157021339982748,582,ACTCAC,0.02132570929825306,3345,GGCTCN,0.08412884920835495,False,False,True,-0.001080099493265152,
17,0,46,layer,degradation,1.0,0.9999362826347351,2423,CTGCAG,2.12109375,582,ACTCAC,2.142578125,582,ACTCAC,2.142578125,2423,CTGCAG,0.005146430805325508,582,ACTCAC,0.020957406610250473,3345,GGCTCN,0.0856289491057396,False,False,True,-0.0006503313779830933,
17,1,46,layer,degradation,1.0,0.9998237490653992,2423,CTGCAG,2.12109375,582,ACTCAC,2.142578125,582,ACTCAC,2.142578125,2423,CTGCAG,0.005146506242454052,582,ACTCAC,0.020956432446837425,3345,GGCTCN,0.08563020080327988,False,False,True,-0.0009033996611833572,
17,2,46,layer,degradation,1.0,0.999972403049469,2423,CTGCAG,2.12109375,582,ACTCAC,2.142578125,582,ACTCAC,2.142578125,2423,CTGCAG,0.005146436858922243,582,ACTCAC,0.02095774933695793,3345,GGCTCN,0.08562774211168289,False,False,True,-0.0008787792176008224,
17,3,46,layer,degradation,1.0,1.000233769416809,2423,CTGCAG,2.12109375,582,ACTCAC,2.142578125,582,ACTCAC,2.142578125,2423,CTGCAG,0.005146189127117395,582,ACTCAC,0.020959937945008278,3345,GGCTCN,0.0856236144900322,False,False,True,-0.0008742585778236389,
17,4,46,layer,degradation,1.0,1.0004063844680786,2423,CTGCAG,2.12109375,582,ACTCAC,2.142578125,582,ACTCAC,2.142578125,2423,CTGCAG,0.0051462966948747635,582,ACTCAC,0.02096165530383587,3345,GGCTCN,0.08562541007995605,False,False,True,-0.0008525792509317398,
17,5,46,layer,degradation,1.0,1.0002639293670654,2423,CTGCAG,2.12109375,582,ACTCAC,2.142578125,582,ACTCAC,2.142578125,2423,CTGCAG,0.005146384239196777,582,ACTCAC,0.02096041478216648,3345,GGCTCN,0.08562817424535751,False,False,True,-0.0006887353956699371,
17,6,46,layer,degradation,1.0,0.9986974000930786,2423,CTGCAG,2.12109375,582,ACTCAC,2.142578125,582,ACTCAC,2.142578125,2423,CTGCAG,0.0051475646905601025,582,ACTCAC,0.020946992561221123,3345,GGCTCN,0.0856543481349945,False,False,True,-0.0008247904479503632,
17,7,46,layer,degradation,1.0,0.9956028461456299,2423,CTGCAG,2.12109375,582,ACTCAC,2.142578125,582,ACTCAC,2.142578125,2423,CTGCAG,0.005149198696017265,582,ACTCAC,0.02091977931559086,3345,GGCTCN,0.08569199591875076,False,False,True,-0.0014687161892652512,
17,8,46,layer,degradation,1.0,0.9960836172103882,2423,CTGCAG,2.12109375,582,ACTCAC,2.142578125,582,ACTCAC,2.142578125,2423,CTGCAG,0.005148786120116711,582,ACTCAC,0.020923849195241928,3345,GGCTCN,0.08568251132965088,False,False,True,-0.0016031377017498016,
17,9,46,layer,degradation,1.0,0.9931319355964661,2423,CTGCAG,2.12109375,582,ACTCAC,2.142578125,582,ACTCAC,2.142578125,2423,CTGCAG,0.005143343470990658,582,ACTCAC,0.020890889689326286,3345,GGCTCN,0.08558410406112671,False,False,True,-0.0017032120376825333,
17,10,46,layer,degradation,1.0,0.9977062940597534,2423,CTGCAG,2.12109375,582,ACTCAC,2.142578125,582,ACTCAC,2.142578125,2423,CTGCAG,0.005135925021022558,582,ACTCAC,0.020926114171743393,3345,GGCTCN,0.08543068170547485,False,False,True,-0.001163329929113388,
17,11,46,layer,degradation,1.0,0.9975546598434448,2423,CTGCAG,2.12109375,582,ACTCAC,2.142578125,582,ACTCAC,2.142578125,2423,CTGCAG,0.005127372220158577,582,ACTCAC,0.020916147157549858,3345,GGCTCN,0.08526499569416046,False,False,True,-0.0012652631849050522,
17,12,46,layer,degradation,1.0,1.002219319343567,2423,CTGCAG,2.12109375,582,ACTCAC,2.142578125,582,ACTCAC,2.142578125,2423,CTGCAG,0.005129766184836626,582,ACTCAC,0.020962024107575417,3345,GGCTCN,0.08530089259147644,False,False,True,-0.001487506553530693,
17,13,46,layer,degradation,1.0,0.9963105916976929,2423,CTGCAG,2.12109375,582,ACTCAC,2.142578125,582,ACTCAC,2.142578125,2423,CTGCAG,0.0051314858719706535,582,ACTCAC,0.020908664911985397,3345,GGCTCN,0.08534902334213257,False,False,True,-0.002337232232093811,
17,14,46,layer,degradation,1.0,0.974152684211731,2423,CTGCAG,2.12109375,582,ACTCAC,2.142578125,582,ACTCAC,2.142578125,2423,CTGCAG,0.00512465788051486,582,ACTCAC,0.020695284008979797,3345,GGCTCN,0.08527578413486481,False,False,True,-0.0024553798139095306,
17,15,46,layer,degradation,1.0,0.9182268381118774,2423,CTGCAG,2.12109375,582,ACTCAC,2.142578125,582,ACTCAC,2.142578125,2423,CTGCAG,0.0050811730325222015,582,ACTCAC,0.020130466669797897,3345,GGCTCN,0.08452767133712769,False,False,True,-0.003636334091424942,
17,16,46,layer,degradation,1.0,0.7890055179595947,2423,CTGCAG,2.12109375,582,ACTCAC,2.142578125,582,ACTCAC,2.142578125,2423,CTGCAG,0.005465642083436251,582,ACTCAC,0.019310355186462402,3345,GGCTCN,0.09237226098775864,False,False,True,-0.004839541390538216,
17,17,46,layer,degradation,1.0,0.7332385778427124,2423,CTGCAG,2.12109375,582,ACTCAC,2.142578125,582,ACTCAC,2.142578125,2423,CTGCAG,0.005073669366538525,582,ACTCAC,0.018398532643914223,3345,GGCTCN,0.08433718979358673,False,False,True,-0.005480822175741196,
17,18,46,layer,degradation,1.0,0.7532733678817749,2423,CTGCAG,2.12109375,582,ACTCAC,2.142578125,582,ACTCAC,2.142578125,2423,CTGCAG,0.005063660908490419,582,ACTCAC,0.018575284630060196,3345,GGCTCN,0.08373016864061356,False,False,True,-0.005082057788968086,
17,19,46,layer,degradation,1.0,1.0226857662200928,2423,CTGCAG,2.12109375,582,ACTCAC,2.142578125,582,ACTCAC,2.142578125,2423,CTGCAG,0.00514589436352253,582,ACTCAC,0.021168937906622887,3345,GGCTCN,0.08400627970695496,False,False,True,-0.0032958947122097015,
17,20,46,layer,degradation,1.0,0.8582348823547363,2423,CTGCAG,2.12109375,582,ACTCAC,2.142578125,582,ACTCAC,2.142578125,2423,CTGCAG,0.007176107261329889,582,ACTCAC,0.021666165441274643,3345,GGCTCN,0.09974704682826996,False,False,True,-0.0027692466974258423,
17,21,46,layer,degradation,1.0,0.6232962608337402,2423,CTGCAG,2.12109375,582,ACTCAC,2.142578125,582,ACTCAC,2.142578125,2423,CTGCAG,0.009235984645783901,582,ACTCAC,0.021535983309149742,3345,GGCTCN,0.09801055490970612,False,False,True,-0.002016739919781685,
17,22,46,layer,degradation,0.0,0.5229399800300598,2423,CTGCAG,2.328125,582,ACTCAC,2.23828125,2423,CTGCAG,2.328125,2423,CTGCAG,0.010272214189171791,582,ACTCAC,0.021636707708239555,3345,GGCTCN,0.09267255663871765,True,False,True,-0.001767616719007492,
17,23,46,layer,degradation,0.0,0.8662054538726807,2423,CTGCAG,2.328125,582,ACTCAC,2.23828125,2423,CTGCAG,2.328125,2423,CTGCAG,0.008037622086703777,582,ACTCAC,0.022601980715990067,3345,GGCTCN,0.08485627174377441,True,False,True,-0.0014686062932014465,
17,24,46,layer,degradation,0.0,1.0726759433746338,2423,CTGCAG,2.328125,582,ACTCAC,2.23828125,2423,CTGCAG,2.328125,2423,CTGCAG,0.007064673118293285,582,ACTCAC,0.023553716018795967,3345,GGCTCN,0.08030856400728226,True,False,True,-0.001025000587105751,
17,25,46,layer,degradation,1.0,1.0345394611358643,2423,CTGCAG,2.12109375,582,ACTCAC,2.142578125,582,ACTCAC,2.142578125,2423,CTGCAG,0.006164653226733208,582,ACTCAC,0.022298194468021393,3345,GGCTCN,0.07423711568117142,False,False,True,-0.0011804532259702682,
17,26,46,layer,degradation,1.0,0.9727391004562378,2423,CTGCAG,2.12109375,582,ACTCAC,2.142578125,582,ACTCAC,2.142578125,2423,CTGCAG,0.006137616001069546,582,ACTCAC,0.02169506438076496,3345,GGCTCN,0.07217513769865036,False,False,True,-0.0016454514116048813,
17,27,46,layer,degradation,1.0,0.9732492566108704,2423,CTGCAG,2.12109375,582,ACTCAC,2.142578125,582,ACTCAC,2.142578125,2423,CTGCAG,0.005598598159849644,582,ACTCAC,0.021160801872611046,3345,GGCTCN,0.07819119095802307,False,False,True,-0.0017829407006502151,
17,28,46,layer,degradation,1.0,0.9187803268432617,2423,CTGCAG,2.12109375,582,ACTCAC,2.142578125,582,ACTCAC,2.142578125,2423,CTGCAG,0.00535634346306324,582,ACTCAC,0.020410796627402306,3345,GGCTCN,0.08139042556285858,False,False,True,-0.0017412658780813217,
17,29,46,layer,degradation,1.0,0.95148104429245,2423,CTGCAG,2.12109375,582,ACTCAC,2.142578125,582,ACTCAC,2.142578125,2423,CTGCAG,0.005300551187247038,582,ACTCAC,0.020659836009144783,3345,GGCTCN,0.08350354433059692,False,False,True,-0.0017268974334001541,
17,30,46,layer,degradation,1.0,0.9687952399253845,2423,CTGCAG,2.12109375,582,ACTCAC,2.142578125,582,ACTCAC,2.142578125,2423,CTGCAG,0.00519247492775321,582,ACTCAC,0.020713159814476967,3345,GGCTCN,0.0848534032702446,False,False,True,-0.0026759710162878036,
17,31,46,layer,degradation,1.0,0.9936144948005676,2423,CTGCAG,2.12109375,582,ACTCAC,2.142578125,582,ACTCAC,2.142578125,2423,CTGCAG,0.00512631656602025,582,ACTCAC,0.02087836153805256,3345,GGCTCN,0.08497081696987152,False,False,True,-0.002635182812809944,
17,32,46,layer,degradation,1.0,0.9939849376678467,2423,CTGCAG,2.12109375,582,ACTCAC,2.142578125,582,ACTCAC,2.142578125,2423,CTGCAG,0.005130033474415541,582,ACTCAC,0.020885532721877098,3345,GGCTCN,0.08501297235488892,False,False,True,-0.0022056661546230316,
17,33,46,layer,degradation,1.0,0.9955602884292603,2423,CTGCAG,2.12109375,582,ACTCAC,2.142578125,582,ACTCAC,2.142578125,2423,CTGCAG,0.005158251151442528,582,ACTCAC,0.020928435027599335,3345,GGCTCN,0.08539062738418579,False,False,True,-0.0011781919747591019,
