Layer,Time_Offset,Target_Timestep,Component,Metric_Mode,Logit_Score,Posteriors_Score,Target_Transition_Prior,Target_String_Prior,Target_Logit,Wrong_Transition_Prior,Wrong_String_Prior,Wrong_Logit,Actual_Argmax_Prior,Actual_String_Prior,Actual_Argmax_Logit,Target_Transition_Post,Target_String_Post,Target_Prob,Wrong_Transition_Post,Wrong_String_Post,Wrong_Prob,Actual_Transition_Post,actual_String_Post,actual_Prob,Is_Target_Logit_Argmax,Is_Target_Prob_Argmax,Should_Decode,Global_MSE_Change,New_String
0,0,66,head_4,recovery,-0.029296875,0.07385098934173584,4763,TGTGAG,3.76953125,721,AGCAAA,3.806640625,721,AGCAAA,3.806640625,4763,TGTGAG,2.449208295729477e-05,721,AGCAAA,0.06246604025363922,721,AGCAAA,0.06246604025363922,False,False,True,0.00023985584266483784,
0,1,66,head_4,recovery,-0.087890625,-0.011566996574401855,4763,TGTGAG,3.76953125,721,AGCAAA,3.810546875,721,AGCAAA,3.810546875,4763,TGTGAG,2.4506471163476817e-05,721,AGCAAA,0.06288827210664749,721,AGCAAA,0.06288827210664749,False,False,True,0.00019551115110516548,
0,2,66,head_4,recovery,-0.087890625,0.019572317600250244,4763,TGTGAG,3.767578125,721,AGCAAA,3.80859375,721,AGCAAA,3.80859375,4763,TGTGAG,2.438204683130607e-05,721,AGCAAA,0.06273423135280609,721,AGCAAA,0.06273423135280609,False,False,True,0.00018559233285486698,
0,3,66,head_4,recovery,-0.05859375,0.03865021467208862,4763,TGTGAG,3.767578125,721,AGCAAA,3.806640625,721,AGCAAA,3.806640625,4763,TGTGAG,2.443582889100071e-05,721,AGCAAA,0.062639981508255,721,AGCAAA,0.062639981508255,False,False,True,0.0002454747445881367,
0,4,66,head_4,recovery,-0.087890625,0.0007702112197875977,4763,TGTGAG,3.765625,721,AGCAAA,3.806640625,721,AGCAAA,3.806640625,4763,TGTGAG,2.4409222532995045e-05,721,AGCAAA,0.06282719224691391,721,AGCAAA,0.06282719224691391,False,False,True,3.7652673199772835e-05,
0,5,66,head_4,recovery,0.029296875,0.030260562896728516,4763,TGTGAG,3.7734375,721,AGCAAA,3.806640625,721,AGCAAA,3.806640625,4763,TGTGAG,2.4564566047047265e-05,721,AGCAAA,0.06268157809972763,721,AGCAAA,0.06268157809972763,False,False,True,0.0001650277990847826,
0,6,66,head_4,recovery,0.05859375,0.046730875968933105,4763,TGTGAG,3.77734375,721,AGCAAA,3.80859375,721,AGCAAA,3.80859375,4763,TGTGAG,2.4512455638614483e-05,721,AGCAAA,0.06260011345148087,721,AGCAAA,0.06260011345148087,False,False,True,0.00011749682016670704,
0,7,66,head_4,recovery,0.0,-0.01015925407409668,4763,TGTGAG,3.7734375,721,AGCAAA,3.80859375,721,AGCAAA,3.80859375,4763,TGTGAG,2.4519093130948022e-05,721,AGCAAA,0.06288132816553116,721,AGCAAA,0.06288132816553116,False,False,True,0.00026537547819316387,
0,8,66,head_4,recovery,0.029296875,0.04107242822647095,4763,TGTGAG,3.77734375,721,AGCAAA,3.810546875,721,AGCAAA,3.810546875,4763,TGTGAG,2.4737628336879425e-05,721,AGCAAA,0.06262830644845963,721,AGCAAA,0.06262830644845963,False,False,True,0.0001415233127772808,
0,9,66,head_4,recovery,-0.029296875,0.02977067232131958,4763,TGTGAG,3.771484375,721,AGCAAA,3.80859375,721,AGCAAA,3.80859375,4763,TGTGAG,2.4482071239617653e-05,721,AGCAAA,0.06268391758203506,721,AGCAAA,0.06268391758203506,False,False,True,-3.2078009098768234e-05,
0,10,66,head_4,recovery,0.0,0.024119853973388672,4763,TGTGAG,3.771484375,721,AGCAAA,3.806640625,721,AGCAAA,3.806640625,4763,TGTGAG,2.446720282023307e-05,721,AGCAAA,0.06271183490753174,721,AGCAAA,0.06271183490753174,False,False,True,8.087512105703354e-05,
0,11,66,head_4,recovery,0.14697265625,0.04158341884613037,4763,TGTGAG,3.78125,721,AGCAAA,3.806640625,721,AGCAAA,3.806640625,4763,TGTGAG,2.4699667847016826e-05,721,AGCAAA,0.06262574344873428,721,AGCAAA,0.06262574344873428,False,False,True,7.105828262865543e-05,
0,12,66,head_4,recovery,0.0,0.04019218683242798,4763,TGTGAG,3.77734375,721,AGCAAA,3.8125,721,AGCAAA,3.8125,4763,TGTGAG,2.4550196030759253e-05,721,AGCAAA,0.0626324713230133,721,AGCAAA,0.0626324713230133,False,False,True,0.00013344641774892807,
0,13,66,head_4,recovery,-0.029296875,0.005272567272186279,4763,TGTGAG,3.771484375,721,AGCAAA,3.80859375,721,AGCAAA,3.80859375,4763,TGTGAG,2.435482747387141e-05,721,AGCAAA,0.06280488520860672,721,AGCAAA,0.06280488520860672,False,False,True,0.00022845040075480938,
0,14,66,head_4,recovery,0.029296875,-0.0009616613388061523,4763,TGTGAG,3.77734375,721,AGCAAA,3.810546875,721,AGCAAA,3.810546875,4763,TGTGAG,2.4587876396253705e-05,721,AGCAAA,0.0628359317779541,721,AGCAAA,0.0628359317779541,False,False,True,0.00012829317711293697,
0,15,66,head_4,recovery,-0.029296875,0.009488463401794434,4763,TGTGAG,3.7734375,721,AGCAAA,3.810546875,721,AGCAAA,3.810546875,4763,TGTGAG,2.4465913156745955e-05,721,AGCAAA,0.06278415769338608,721,AGCAAA,0.06278415769338608,False,False,True,2.6623951271176338e-05,
0,16,66,head_4,recovery,-0.029296875,-0.008688092231750488,4763,TGTGAG,3.771484375,721,AGCAAA,3.80859375,721,AGCAAA,3.80859375,4763,TGTGAG,2.4454981030430645e-05,721,AGCAAA,0.06287398934364319,721,AGCAAA,0.06287398934364319,False,False,True,0.0001665353775024414,
0,17,66,head_4,recovery,0.0,0.04605555534362793,4763,TGTGAG,3.771484375,721,AGCAAA,3.806640625,721,AGCAAA,3.806640625,4763,TGTGAG,2.4469663912896067e-05,721,AGCAAA,0.0626034066081047,721,AGCAAA,0.0626034066081047,False,False,True,-1.6471371054649353e-05,
0,18,66,head_4,recovery,-0.029296875,0.022103071212768555,4763,TGTGAG,3.76953125,721,AGCAAA,3.806640625,721,AGCAAA,3.806640625,4763,TGTGAG,2.4437140382360667e-05,721,AGCAAA,0.06272177398204803,721,AGCAAA,0.06272177398204803,False,False,True,0.0003218080382794142,
0,19,66,head_4,recovery,-0.05859375,0.0027523040771484375,4763,TGTGAG,3.771484375,721,AGCAAA,3.810546875,721,AGCAAA,3.810546875,4763,TGTGAG,2.442106051603332e-05,721,AGCAAA,0.06281740963459015,721,AGCAAA,0.06281740963459015,False,False,True,0.00022157607600092888,
0,20,66,head_4,recovery,-0.029296875,-0.03450965881347656,4763,TGTGAG,3.7734375,721,AGCAAA,3.810546875,721,AGCAAA,3.810546875,4763,TGTGAG,2.4437416868750006e-05,721,AGCAAA,0.0630016103386879,721,AGCAAA,0.0630016103386879,False,False,True,0.00022810581140220165,
0,21,66,head_4,recovery,-0.029296875,0.016045212745666504,4763,TGTGAG,3.7734375,721,AGCAAA,3.810546875,721,AGCAAA,3.810546875,4763,TGTGAG,2.4612372726551257e-05,721,AGCAAA,0.0627518892288208,721,AGCAAA,0.0627518892288208,False,False,True,0.00017958483658730984,
0,22,66,head_4,recovery,-0.029296875,0.043681561946868896,4763,TGTGAG,3.76953125,721,AGCAAA,3.806640625,721,AGCAAA,3.806640625,4763,TGTGAG,2.4438428226858377e-05,721,AGCAAA,0.06261511147022247,721,AGCAAA,0.06261511147022247,False,False,True,-4.974496550858021e-05,
0,23,66,head_4,recovery,-0.05859375,0.05202299356460571,4763,TGTGAG,3.771484375,721,AGCAAA,3.810546875,721,AGCAAA,3.810546875,4763,TGTGAG,2.4496979676769115e-05,721,AGCAAA,0.06257393956184387,721,AGCAAA,0.06257393956184387,False,False,True,0.00012334133498370647,
0,24,66,head_4,recovery,0.05859375,0.03751671314239502,4763,TGTGAG,3.779296875,721,AGCAAA,3.810546875,721,AGCAAA,3.810546875,4763,TGTGAG,2.460150972183328e-05,721,AGCAAA,0.06264574825763702,721,AGCAAA,0.06264574825763702,False,False,True,0.0001598831731826067,
0,25,66,head_4,recovery,0.029296875,0.06185513734817505,4763,TGTGAG,3.77734375,721,AGCAAA,3.810546875,721,AGCAAA,3.810546875,4763,TGTGAG,2.459101415297482e-05,721,AGCAAA,0.0625254362821579,721,AGCAAA,0.0625254362821579,False,False,True,0.00013586925342679024,
0,26,66,head_4,recovery,0.05859375,0.04630279541015625,4763,TGTGAG,3.77734375,721,AGCAAA,3.80859375,721,AGCAAA,3.80859375,4763,TGTGAG,2.455146750435233e-05,721,AGCAAA,0.06260226666927338,721,AGCAAA,0.06260226666927338,False,False,True,0.00013497215695679188,
0,27,66,head_4,recovery,0.029296875,0.1074908971786499,4763,TGTGAG,3.7734375,721,AGCAAA,3.806640625,721,AGCAAA,3.806640625,4763,TGTGAG,2.437550574541092e-05,721,AGCAAA,0.062299638986587524,721,AGCAAA,0.062299638986587524,False,False,True,-8.398597128689289e-05,
0,28,66,head_4,recovery,0.029296875,0.02425849437713623,4763,TGTGAG,3.77734375,721,AGCAAA,3.810546875,721,AGCAAA,3.810546875,4763,TGTGAG,2.4444178052362986e-05,721,AGCAAA,0.06271112710237503,721,AGCAAA,0.06271112710237503,False,False,True,9.629642590880394e-05,
0,29,66,head_4,recovery,0.05859375,0.15583837032318115,4763,TGTGAG,3.7734375,721,AGCAAA,3.8046875,721,AGCAAA,3.8046875,4763,TGTGAG,2.4421713533229195e-05,721,AGCAAA,0.062060706317424774,721,AGCAAA,0.062060706317424774,False,False,True,-0.00011557573452591896,
0,30,66,head_4,recovery,0.029296875,0.018575966358184814,4763,TGTGAG,3.77734375,721,AGCAAA,3.810546875,721,AGCAAA,3.810546875,4763,TGTGAG,2.4522383682779036e-05,721,AGCAAA,0.0627392902970314,721,AGCAAA,0.0627392902970314,False,False,True,9.607803076505661e-05,
0,31,66,head_4,recovery,-0.05859375,0.034844279289245605,4763,TGTGAG,3.76953125,721,AGCAAA,3.80859375,721,AGCAAA,3.80859375,4763,TGTGAG,2.4330791347892955e-05,721,AGCAAA,0.06265868991613388,721,AGCAAA,0.06265868991613388,False,False,True,2.4314969778060913e-05,
0,32,66,head_4,recovery,-0.029296875,-0.010552644729614258,4763,TGTGAG,3.771484375,721,AGCAAA,3.80859375,721,AGCAAA,3.80859375,4763,TGTGAG,2.445147947582882e-05,721,AGCAAA,0.06288320571184158,721,AGCAAA,0.06288320571184158,False,False,True,0.00010129972361028194,
0,33,66,head_4,recovery,-0.029296875,-0.0799713134765625,4763,TGTGAG,3.7734375,721,AGCAAA,3.810546875,721,AGCAAA,3.810546875,4763,TGTGAG,2.463259079377167e-05,721,AGCAAA,0.06322652101516724,721,AGCAAA,0.06322652101516724,False,False,True,0.00025334255769848824,
0,34,66,head_4,recovery,0.05859375,0.08931207656860352,4763,TGTGAG,3.779296875,721,AGCAAA,3.810546875,721,AGCAAA,3.810546875,4763,TGTGAG,2.4591607143520378e-05,721,AGCAAA,0.062389712780714035,721,AGCAAA,0.062389712780714035,False,False,True,7.177935913205147e-06,
1,0,66,head_4,recovery,-0.029296875,0.02130568027496338,4763,TGTGAG,3.7734375,721,AGCAAA,3.810546875,721,AGCAAA,3.810546875,4763,TGTGAG,2.4586788640590385e-05,721,AGCAAA,0.06272586435079575,721,AGCAAA,0.06272586435079575,False,False,True,0.00032978784292936325,
1,1,66,head_4,recovery,0.0,0.02865678071975708,4763,TGTGAG,3.7734375,721,AGCAAA,3.80859375,721,AGCAAA,3.80859375,4763,TGTGAG,2.4410730475210585e-05,721,AGCAAA,0.06268934905529022,721,AGCAAA,0.06268934905529022,False,False,True,0.00013533397577703,
1,2,66,head_4,recovery,-0.029296875,0.012394547462463379,4763,TGTGAG,3.771484375,721,AGCAAA,3.80859375,721,AGCAAA,3.80859375,4763,TGTGAG,2.4377226509386674e-05,721,AGCAAA,0.06276970356702805,721,AGCAAA,0.06276970356702805,False,False,True,0.0002109904307872057,
1,3,66,head_4,recovery,-0.029296875,-0.009135723114013672,4763,TGTGAG,3.771484375,721,AGCAAA,3.80859375,721,AGCAAA,3.80859375,4763,TGTGAG,2.4471144570270553e-05,721,AGCAAA,0.06287621706724167,721,AGCAAA,0.06287621706724167,False,False,True,0.00011278083547949791,
1,4,66,head_4,recovery,0.0,0.09440678358078003,4763,TGTGAG,3.771484375,721,AGCAAA,3.806640625,721,AGCAAA,3.806640625,4763,TGTGAG,2.464477438479662e-05,721,AGCAAA,0.06236458569765091,721,AGCAAA,0.06236458569765091,False,False,True,6.502307951450348e-05,
1,5,66,head_4,recovery,0.05859375,0.031383514404296875,4763,TGTGAG,3.77734375,721,AGCAAA,3.80859375,721,AGCAAA,3.80859375,4763,TGTGAG,2.461792428221088e-05,721,AGCAAA,0.0626760795712471,721,AGCAAA,0.0626760795712471,False,False,True,9.767687879502773e-05,
1,6,66,head_4,recovery,-0.029296875,0.0010731816291809082,4763,TGTGAG,3.771484375,721,AGCAAA,3.80859375,721,AGCAAA,3.80859375,4763,TGTGAG,2.445449172228109e-05,721,AGCAAA,0.06282573938369751,721,AGCAAA,0.06282573938369751,False,False,True,-1.0556541383266449e-05,
1,7,66,head_4,recovery,0.05859375,0.06944739818572998,4763,TGTGAG,3.77734375,721,AGCAAA,3.80859375,721,AGCAAA,3.80859375,4763,TGTGAG,2.454102286719717e-05,721,AGCAAA,0.062487855553627014,721,AGCAAA,0.062487855553627014,False,False,True,0.00016570626758038998,
1,8,66,head_4,recovery,0.05859375,0.05567365884780884,4763,TGTGAG,3.77734375,721,AGCAAA,3.80859375,721,AGCAAA,3.80859375,4763,TGTGAG,2.4676342945895158e-05,721,AGCAAA,0.06255607306957245,721,AGCAAA,0.06255607306957245,False,False,True,7.309927605092525e-05,
1,9,66,head_4,recovery,-0.05859375,0.0015254020690917969,4763,TGTGAG,3.76953125,721,AGCAAA,3.80859375,721,AGCAAA,3.80859375,4763,TGTGAG,2.4454740923829377e-05,721,AGCAAA,0.06282350420951843,721,AGCAAA,0.06282350420951843,False,False,True,0.00016323383897542953,
1,10,66,head_4,recovery,-0.029296875,0.030537903308868408,4763,TGTGAG,3.767578125,721,AGCAAA,3.8046875,721,AGCAAA,3.8046875,4763,TGTGAG,2.432049222989008e-05,721,AGCAAA,0.0626799613237381,721,AGCAAA,0.0626799613237381,False,False,True,-2.1995743736624718e-05,
1,11,66,head_4,recovery,-0.05859375,0.007427990436553955,4763,TGTGAG,3.771484375,721,AGCAAA,3.810546875,721,AGCAAA,3.810546875,4763,TGTGAG,2.45499122684123e-05,721,AGCAAA,0.06279442459344864,721,AGCAAA,0.06279442459344864,False,False,True,0.00023616082035005093,
1,12,66,head_4,recovery,-0.029296875,-0.008704662322998047,4763,TGTGAG,3.7734375,721,AGCAAA,3.810546875,721,AGCAAA,3.810546875,4763,TGTGAG,2.444009078317322e-05,721,AGCAAA,0.06287405639886856,721,AGCAAA,0.06287405639886856,False,False,True,6.088591180741787e-05,
1,13,66,head_4,recovery,-0.029296875,-0.03141963481903076,4763,TGTGAG,3.7734375,721,AGCAAA,3.810546875,721,AGCAAA,3.810546875,4763,TGTGAG,2.4545457563363016e-05,721,AGCAAA,0.06298644095659256,721,AGCAAA,0.06298644095659256,False,False,True,0.00018360698595643044,
1,14,66,head_4,recovery,0.029296875,0.00842583179473877,4763,TGTGAG,3.77734375,721,AGCAAA,3.810546875,721,AGCAAA,3.810546875,4763,TGTGAG,2.4524399123038165e-05,721,AGCAAA,0.06278946995735168,721,AGCAAA,0.06278946995735168,False,False,True,0.00011157151311635971,
1,15,66,head_4,recovery,0.029296875,0.04386097192764282,4763,TGTGAG,3.7734375,721,AGCAAA,3.806640625,721,AGCAAA,3.806640625,4763,TGTGAG,2.439226045680698e-05,721,AGCAAA,0.06261418014764786,721,AGCAAA,0.06261418014764786,False,False,True,6.0458434745669365e-05,
1,16,66,head_4,recovery,0.08837890625,0.071571946144104,4763,TGTGAG,3.77734375,721,AGCAAA,3.806640625,721,AGCAAA,3.806640625,4763,TGTGAG,2.473689164617099e-05,721,AGCAAA,0.06247754767537117,721,AGCAAA,0.06247754767537117,False,False,True,2.198154106736183e-05,
1,17,66,head_4,recovery,0.029296875,0.023589253425598145,4763,TGTGAG,3.7734375,721,AGCAAA,3.806640625,721,AGCAAA,3.806640625,4763,TGTGAG,2.437432704027742e-05,721,AGCAAA,0.0627143606543541,721,AGCAAA,0.0627143606543541,False,False,True,-6.702984683215618e-05,
1,18,66,head_4,recovery,0.08837890625,0.015495061874389648,4763,TGTGAG,3.77734375,721,AGCAAA,3.806640625,721,AGCAAA,3.806640625,4763,TGTGAG,2.4565038984292187e-05,721,AGCAAA,0.0627545639872551,721,AGCAAA,0.0627545639872551,False,False,True,-4.598940722644329e-05,
1,19,66,head_4,recovery,0.0,0.051331162452697754,4763,TGTGAG,3.771484375,721,AGCAAA,3.806640625,721,AGCAAA,3.806640625,4763,TGTGAG,2.4545088308514096e-05,721,AGCAAA,0.06257740408182144,721,AGCAAA,0.06257740408182144,False,False,True,4.2845262214541435e-05,
1,20,66,head_4,recovery,-0.05859375,-0.02288532257080078,4763,TGTGAG,3.76953125,721,AGCAAA,3.80859375,721,AGCAAA,3.80859375,4763,TGTGAG,2.4366003344766796e-05,721,AGCAAA,0.06294407695531845,721,AGCAAA,0.06294407695531845,False,False,True,0.00011138012632727623,
1,21,66,head_4,recovery,0.05859375,0.026537537574768066,4763,TGTGAG,3.779296875,721,AGCAAA,3.810546875,721,AGCAAA,3.810546875,4763,TGTGAG,2.473239874234423e-05,721,AGCAAA,0.06270015239715576,721,AGCAAA,0.06270015239715576,False,False,True,1.3383571058511734e-05,
1,22,66,head_4,recovery,-0.029296875,0.013220548629760742,4763,TGTGAG,3.771484375,721,AGCAAA,3.80859375,721,AGCAAA,3.80859375,4763,TGTGAG,2.4406159354839474e-05,721,AGCAAA,0.06276565045118332,721,AGCAAA,0.06276565045118332,False,False,True,6.45066611468792e-05,
1,23,66,head_4,recovery,-0.05859375,-0.030403733253479004,4763,TGTGAG,3.771484375,721,AGCAAA,3.810546875,721,AGCAAA,3.810546875,4763,TGTGAG,2.4665516320965253e-05,721,AGCAAA,0.06298154592514038,721,AGCAAA,0.06298154592514038,False,False,True,7.635308429598808e-05,
1,24,66,head_4,recovery,0.0,0.014326870441436768,4763,TGTGAG,3.7734375,721,AGCAAA,3.80859375,721,AGCAAA,3.80859375,4763,TGTGAG,2.4614579160697758e-05,721,AGCAAA,0.06276039034128189,721,AGCAAA,0.06276039034128189,False,False,True,5.0845323130488396e-05,
1,25,66,head_4,recovery,-0.029296875,0.06442654132843018,4763,TGTGAG,3.76953125,721,AGCAAA,3.806640625,721,AGCAAA,3.806640625,4763,TGTGAG,2.4514089091098867e-05,721,AGCAAA,0.06251264363527298,721,AGCAAA,0.06251264363527298,False,False,True,0.0001369717065244913,
1,26,66,head_4,recovery,-0.029296875,0.021058499813079834,4763,TGTGAG,3.771484375,721,AGCAAA,3.80859375,721,AGCAAA,3.80859375,4763,TGTGAG,2.442424010951072e-05,721,AGCAAA,0.06272692233324051,721,AGCAAA,0.06272692233324051,False,False,True,6.176810711622238e-05,
1,27,66,head_4,recovery,0.05859375,0.06708848476409912,4763,TGTGAG,3.77734375,721,AGCAAA,3.80859375,721,AGCAAA,3.80859375,4763,TGTGAG,2.4635655790916644e-05,721,AGCAAA,0.06249960884451866,721,AGCAAA,0.06249960884451866,False,False,True,1.7467187717556953e-05,
1,28,66,head_4,recovery,0.05859375,0.05201244354248047,4763,TGTGAG,3.77734375,721,AGCAAA,3.80859375,721,AGCAAA,3.80859375,4763,TGTGAG,2.4670676793903112e-05,721,AGCAAA,0.06257416307926178,721,AGCAAA,0.06257416307926178,False,False,True,0.00010955473408102989,
1,29,66,head_4,recovery,0.05859375,0.06369173526763916,4763,TGTGAG,3.77734375,721,AGCAAA,3.80859375,721,AGCAAA,3.80859375,4763,TGTGAG,2.4656192181282677e-05,721,AGCAAA,0.06251642107963562,721,AGCAAA,0.06251642107963562,False,False,True,7.571093738079071e-05,
1,30,66,head_4,recovery,0.0,0.05790448188781738,4763,TGTGAG,3.7734375,721,AGCAAA,3.80859375,721,AGCAAA,3.80859375,4763,TGTGAG,2.4527480491087772e-05,721,AGCAAA,0.06254489719867706,721,AGCAAA,0.06254489719867706,False,False,True,0.0001313420943915844,
1,31,66,head_4,recovery,-0.087890625,0.0050313472747802734,4763,TGTGAG,3.767578125,721,AGCAAA,3.80859375,721,AGCAAA,3.80859375,4763,TGTGAG,2.4573286282247864e-05,721,AGCAAA,0.06280629336833954,721,AGCAAA,0.06280629336833954,False,False,True,0.00018283119425177574,
1,32,66,head_4,recovery,-0.029296875,0.028487980365753174,4763,TGTGAG,3.76953125,721,AGCAAA,3.806640625,721,AGCAAA,3.806640625,4763,TGTGAG,2.449762359901797e-05,721,AGCAAA,0.06269027292728424,721,AGCAAA,0.06269027292728424,False,False,True,3.4023309126496315e-05,
1,33,66,head_4,recovery,0.05859375,0.04552197456359863,4763,TGTGAG,3.77734375,721,AGCAAA,3.80859375,721,AGCAAA,3.80859375,4763,TGTGAG,2.4443828806397505e-05,721,AGCAAA,0.06260602176189423,721,AGCAAA,0.06260602176189423,False,False,True,-1.127622090280056e-05,
1,34,66,head_4,recovery,-0.029296875,0.004024505615234375,4763,TGTGAG,3.7734375,721,AGCAAA,3.810546875,721,AGCAAA,3.810546875,4763,TGTGAG,2.4526534616597928e-05,721,AGCAAA,0.0628112256526947,721,AGCAAA,0.0628112256526947,False,False,True,7.35835637897253e-05,
2,0,66,head_4,recovery,-0.029296875,0.050588011741638184,4763,TGTGAG,3.771484375,721,AGCAAA,3.80859375,721,AGCAAA,3.80859375,4763,TGTGAG,2.4472483346471563e-05,721,AGCAAA,0.06258101016283035,721,AGCAAA,0.06258101016283035,False,False,True,0.00013419450260698795,
2,1,66,head_4,recovery,0.029296875,-0.0012601613998413086,4763,TGTGAG,3.7734375,721,AGCAAA,3.806640625,721,AGCAAA,3.806640625,4763,TGTGAG,2.4651943022035994e-05,721,AGCAAA,0.06283747404813766,721,AGCAAA,0.06283747404813766,False,False,True,0.00013357657007873058,
2,2,66,head_4,recovery,0.0,0.009003102779388428,4763,TGTGAG,3.7734375,721,AGCAAA,3.80859375,721,AGCAAA,3.80859375,4763,TGTGAG,2.4488508643116802e-05,721,AGCAAA,0.06278657913208008,721,AGCAAA,0.06278657913208008,False,False,True,6.488058716058731e-05,
2,3,66,head_4,recovery,0.029296875,0.08050644397735596,4763,TGTGAG,3.771484375,721,AGCAAA,3.8046875,721,AGCAAA,3.8046875,4763,TGTGAG,2.452891021675896e-05,721,AGCAAA,0.06243317574262619,721,AGCAAA,0.06243317574262619,False,False,True,0.00017121643759310246,
2,4,66,head_4,recovery,-0.05859375,0.03365802764892578,4763,TGTGAG,3.76953125,721,AGCAAA,3.80859375,721,AGCAAA,3.80859375,4763,TGTGAG,2.444545316393487e-05,721,AGCAAA,0.06266466528177261,721,AGCAAA,0.06266466528177261,False,False,True,0.00014585349708795547,
2,5,66,head_4,recovery,-0.029296875,0.004039585590362549,4763,TGTGAG,3.771484375,721,AGCAAA,3.80859375,721,AGCAAA,3.80859375,4763,TGTGAG,2.4607474188087508e-05,721,AGCAAA,0.0628112331032753,721,AGCAAA,0.0628112331032753,False,False,True,0.00017314101569354534,
2,6,66,head_4,recovery,0.0,0.06667095422744751,4763,TGTGAG,3.7734375,721,AGCAAA,3.80859375,721,AGCAAA,3.80859375,4763,TGTGAG,2.4654898879816756e-05,721,AGCAAA,0.0625016912817955,721,AGCAAA,0.0625016912817955,False,False,True,0.00014702044427394867,
2,7,66,head_4,recovery,0.05859375,0.015870392322540283,4763,TGTGAG,3.77734375,721,AGCAAA,3.80859375,721,AGCAAA,3.80859375,4763,TGTGAG,2.464127101120539e-05,721,AGCAAA,0.06275278329849243,721,AGCAAA,0.06275278329849243,False,False,True,0.00014360109344124794,
2,8,66,head_4,recovery,-0.029296875,-0.036710262298583984,4763,TGTGAG,3.771484375,721,AGCAAA,3.80859375,721,AGCAAA,3.80859375,4763,TGTGAG,2.45815135713201e-05,721,AGCAAA,0.06301262974739075,721,AGCAAA,0.06301262974739075,False,False,True,0.00021782773546874523,
2,9,66,head_4,recovery,0.0,0.0035225749015808105,4763,TGTGAG,3.7734375,721,AGCAAA,3.80859375,721,AGCAAA,3.80859375,4763,TGTGAG,2.4572829715907574e-05,721,AGCAAA,0.06281375139951706,721,AGCAAA,0.06281375139951706,False,False,True,0.00012590899132192135,
2,10,66,head_4,recovery,-0.029296875,0.05609869956970215,4763,TGTGAG,3.771484375,721,AGCAAA,3.80859375,721,AGCAAA,3.80859375,4763,TGTGAG,2.4524993932573125e-05,721,AGCAAA,0.06255382299423218,721,AGCAAA,0.06255382299423218,False,False,True,0.0002730188425630331,
2,11,66,head_4,recovery,-0.029296875,0.08258277177810669,4763,TGTGAG,3.767578125,721,AGCAAA,3.8046875,721,AGCAAA,3.8046875,4763,TGTGAG,2.43990925810067e-05,721,AGCAAA,0.06242278590798378,721,AGCAAA,0.06242278590798378,False,False,True,3.3217715099453926e-05,
2,12,66,head_4,recovery,0.0,0.041676878929138184,4763,TGTGAG,3.771484375,721,AGCAAA,3.806640625,721,AGCAAA,3.806640625,4763,TGTGAG,2.465091529302299e-05,721,AGCAAA,0.06262523680925369,721,AGCAAA,0.06262523680925369,False,False,True,0.00016679568216204643,
2,13,66,head_4,recovery,-0.029296875,0.04552954435348511,4763,TGTGAG,3.771484375,721,AGCAAA,3.80859375,721,AGCAAA,3.80859375,4763,TGTGAG,2.4471803044434637e-05,721,AGCAAA,0.06260601431131363,721,AGCAAA,0.06260601431131363,False,False,True,8.872547186911106e-05,
2,14,66,head_4,recovery,0.0,0.01199960708618164,4763,TGTGAG,3.771484375,721,AGCAAA,3.806640625,721,AGCAAA,3.806640625,4763,TGTGAG,2.4629613108118065e-05,721,AGCAAA,0.06277190893888474,721,AGCAAA,0.06277190893888474,False,False,True,0.0002590212970972061,
2,15,66,head_4,recovery,-0.029296875,0.038610994815826416,4763,TGTGAG,3.76953125,721,AGCAAA,3.806640625,721,AGCAAA,3.806640625,4763,TGTGAG,2.4483673769282177e-05,721,AGCAAA,0.0626402199268341,721,AGCAAA,0.0626402199268341,False,False,True,0.0001177741214632988,
2,16,66,head_4,recovery,0.029296875,-0.011968016624450684,4763,TGTGAG,3.7734375,721,AGCAAA,3.806640625,721,AGCAAA,3.806640625,4763,TGTGAG,2.442436380079016e-05,721,AGCAAA,0.06289017200469971,721,AGCAAA,0.06289017200469971,False,False,True,0.00017788680270314217,
2,17,66,head_4,recovery,-0.029296875,-0.011655926704406738,4763,TGTGAG,3.76953125,721,AGCAAA,3.806640625,721,AGCAAA,3.806640625,4763,TGTGAG,2.4237770048785023e-05,721,AGCAAA,0.06288844347000122,721,AGCAAA,0.06288844347000122,False,False,True,6.768596358597279e-05,
2,18,66,head_4,recovery,0.0,0.0511593222618103,4763,TGTGAG,3.771484375,721,AGCAAA,3.806640625,721,AGCAAA,3.806640625,4763,TGTGAG,2.4290207875310443e-05,721,AGCAAA,0.0625780001282692,721,AGCAAA,0.0625780001282692,False,False,True,2.259877510368824e-05,
2,19,66,head_4,recovery,0.08837890625,0.11186808347702026,4763,TGTGAG,3.771484375,721,AGCAAA,3.80078125,721,AGCAAA,3.80078125,4763,TGTGAG,2.464561657689046e-05,721,AGCAAA,0.062278274446725845,721,AGCAAA,0.062278274446725845,False,False,True,-2.773245796561241e-05,
2,20,66,head_4,recovery,0.029296875,0.0654025673866272,4763,TGTGAG,3.7734375,721,AGCAAA,3.806640625,721,AGCAAA,3.806640625,4763,TGTGAG,2.459987263137009e-05,721,AGCAAA,0.06250790506601334,721,AGCAAA,0.06250790506601334,False,False,True,0.00015264027751982212,
2,21,66,head_4,recovery,0.029296875,0.01565033197402954,4763,TGTGAG,3.7734375,721,AGCAAA,3.806640625,721,AGCAAA,3.806640625,4763,TGTGAG,2.4378785383305512e-05,721,AGCAAA,0.06275361031293869,721,AGCAAA,0.06275361031293869,False,False,True,8.469936437904835e-05,
2,22,66,head_4,recovery,0.0,0.0501132607460022,4763,TGTGAG,3.771484375,721,AGCAAA,3.806640625,721,AGCAAA,3.806640625,4763,TGTGAG,2.4505163310095668e-05,721,AGCAAA,0.06258338689804077,721,AGCAAA,0.06258338689804077,False,False,True,0.00013856193982064724,
2,23,66,head_4,recovery,0.0,0.005996048450469971,4763,TGTGAG,3.76953125,721,AGCAAA,3.8046875,721,AGCAAA,3.8046875,4763,TGTGAG,2.4459572159685194e-05,721,AGCAAA,0.06280141323804855,721,AGCAAA,0.06280141323804855,False,False,True,9.581935591995716e-05,
2,24,66,head_4,recovery,-0.029296875,-0.03493022918701172,4763,TGTGAG,3.7734375,721,AGCAAA,3.810546875,721,AGCAAA,3.810546875,4763,TGTGAG,2.4573206246714108e-05,721,AGCAAA,0.06300382316112518,721,AGCAAA,0.06300382316112518,False,False,True,0.0002606671769171953,
2,25,66,head_4,recovery,-0.05859375,0.012919068336486816,4763,TGTGAG,3.76953125,721,AGCAAA,3.80859375,721,AGCAAA,3.80859375,4763,TGTGAG,2.4526949346181937e-05,721,AGCAAA,0.06276725977659225,721,AGCAAA,0.06276725977659225,False,False,True,0.00012193131260573864,
2,26,66,head_4,recovery,0.029296875,0.02432781457901001,4763,TGTGAG,3.7734375,721,AGCAAA,3.806640625,721,AGCAAA,3.806640625,4763,TGTGAG,2.4551696697017178e-05,721,AGCAAA,0.06271088868379593,721,AGCAAA,0.06271088868379593,False,False,True,0.0002392306923866272,
2,27,66,head_4,recovery,0.0,0.05796778202056885,4763,TGTGAG,3.771484375,721,AGCAAA,3.806640625,721,AGCAAA,3.806640625,4763,TGTGAG,2.4721988665987737e-05,721,AGCAAA,0.06254477798938751,721,AGCAAA,0.06254477798938751,False,False,True,0.000201784772798419,
2,28,66,head_4,recovery,0.0,0.05518227815628052,4763,TGTGAG,3.771484375,721,AGCAAA,3.806640625,721,AGCAAA,3.806640625,4763,TGTGAG,2.458671951899305e-05,721,AGCAAA,0.06255841255187988,721,AGCAAA,0.06255841255187988,False,False,True,0.00016118050552904606,
2,29,66,head_4,recovery,0.0,-0.006490468978881836,4763,TGTGAG,3.7734375,721,AGCAAA,3.80859375,721,AGCAAA,3.80859375,4763,TGTGAG,2.4672246581758372e-05,721,AGCAAA,0.06286334246397018,721,AGCAAA,0.06286334246397018,False,False,True,0.00013881083577871323,
2,30,66,head_4,recovery,0.08837890625,0.07729285955429077,4763,TGTGAG,3.77734375,721,AGCAAA,3.806640625,721,AGCAAA,3.806640625,4763,TGTGAG,2.4543764084228314e-05,721,AGCAAA,0.062449075281620026,721,AGCAAA,0.062449075281620026,False,False,True,5.837529897689819e-06,
2,31,66,head_4,recovery,0.05859375,0.039976656436920166,4763,TGTGAG,3.77734375,721,AGCAAA,3.80859375,721,AGCAAA,3.80859375,4763,TGTGAG,2.4658740585437045e-05,721,AGCAAA,0.06263364851474762,721,AGCAAA,0.06263364851474762,False,False,True,8.064694702625275e-05,
2,32,66,head_4,recovery,-0.029296875,-0.022216081619262695,4763,TGTGAG,3.7734375,721,AGCAAA,3.810546875,721,AGCAAA,3.810546875,4763,TGTGAG,2.453596425766591e-05,721,AGCAAA,0.06294094026088715,721,AGCAAA,0.06294094026088715,False,False,True,0.00011228304356336594,
2,33,66,head_4,recovery,0.029296875,0.03527235984802246,4763,TGTGAG,3.7734375,721,AGCAAA,3.806640625,721,AGCAAA,3.806640625,4763,TGTGAG,2.4675424356246367e-05,721,AGCAAA,0.06265691667795181,721,AGCAAA,0.06265691667795181,False,False,True,0.00015664193779230118,
2,34,66,head_4,recovery,-0.05859375,-0.04309976100921631,4763,TGTGAG,3.76953125,721,AGCAAA,3.80859375,721,AGCAAA,3.80859375,4763,TGTGAG,2.452974695188459e-05,721,AGCAAA,0.06304416060447693,721,AGCAAA,0.06304416060447693,False,False,True,0.00012969248928129673,
3,0,66,head_4,recovery,-0.029296875,0.03897577524185181,4763,TGTGAG,3.771484375,721,AGCAAA,3.80859375,721,AGCAAA,3.80859375,4763,TGTGAG,2.4447503164992668e-05,721,AGCAAA,0.06263837963342667,721,AGCAAA,0.06263837963342667,False,False,True,0.00015076389536261559,
3,1,66,head_4,recovery,0.0,0.018172025680541992,4763,TGTGAG,3.771484375,721,AGCAAA,3.806640625,721,AGCAAA,3.806640625,4763,TGTGAG,2.457073424011469e-05,721,AGCAAA,0.06274133920669556,721,AGCAAA,0.06274133920669556,False,False,True,9.817141108214855e-05,
3,2,66,head_4,recovery,-0.029296875,0.038341224193573,4763,TGTGAG,3.771484375,721,AGCAAA,3.80859375,721,AGCAAA,3.80859375,4763,TGTGAG,2.4568777007516474e-05,721,AGCAAA,0.06264164298772812,721,AGCAAA,0.06264164298772812,False,False,True,0.00013844668865203857,
3,3,66,head_4,recovery,0.029296875,0.06494057178497314,4763,TGTGAG,3.7734375,721,AGCAAA,3.806640625,721,AGCAAA,3.806640625,4763,TGTGAG,2.455089816066902e-05,721,AGCAAA,0.06251014024019241,721,AGCAAA,0.06251014024019241,False,False,True,9.880820289254189e-05,
3,4,66,head_4,recovery,-0.029296875,0.004258096218109131,4763,TGTGAG,3.76953125,721,AGCAAA,3.806640625,721,AGCAAA,3.806640625,4763,TGTGAG,2.4416305677732453e-05,721,AGCAAA,0.06280995905399323,721,AGCAAA,0.06280995905399323,False,False,True,0.00013952539302408695,
3,5,66,head_4,recovery,-0.029296875,0.005617737770080566,4763,TGTGAG,3.76953125,721,AGCAAA,3.806640625,721,AGCAAA,3.806640625,4763,TGTGAG,2.4581151592428796e-05,721,AGCAAA,0.06280340254306793,721,AGCAAA,0.06280340254306793,False,False,True,0.00012943707406520844,
3,6,66,head_4,recovery,0.0,-0.02253270149230957,4763,TGTGAG,3.7734375,721,AGCAAA,3.80859375,721,AGCAAA,3.80859375,4763,TGTGAG,2.4556051357649267e-05,721,AGCAAA,0.06294252723455429,721,AGCAAA,0.06294252723455429,False,False,True,8.051376789808273e-05,
3,7,66,head_4,recovery,-0.029296875,-0.04131054878234863,4763,TGTGAG,3.7734375,721,AGCAAA,3.810546875,721,AGCAAA,3.810546875,4763,TGTGAG,2.4521068553440273e-05,721,AGCAAA,0.06303530931472778,721,AGCAAA,0.06303530931472778,False,False,True,0.0001659267581999302,
3,8,66,head_4,recovery,0.0,0.009205102920532227,4763,TGTGAG,3.771484375,721,AGCAAA,3.806640625,721,AGCAAA,3.806640625,4763,TGTGAG,2.456334186717868e-05,721,AGCAAA,0.06278565526008606,721,AGCAAA,0.06278565526008606,False,False,True,6.080395542085171e-05,
3,9,66,head_4,recovery,0.0,0.050865352153778076,4763,TGTGAG,3.771484375,721,AGCAAA,3.806640625,721,AGCAAA,3.806640625,4763,TGTGAG,2.4553859475417994e-05,721,AGCAAA,0.06257972121238708,721,AGCAAA,0.06257972121238708,False,False,True,7.935799658298492e-06,
3,10,66,head_4,recovery,-0.029296875,-0.007982611656188965,4763,TGTGAG,3.771484375,721,AGCAAA,3.80859375,721,AGCAAA,3.80859375,4763,TGTGAG,2.4552704417146742e-05,721,AGCAAA,0.06287059932947159,721,AGCAAA,0.06287059932947159,False,False,True,0.00010978756472468376,
3,11,66,head_4,recovery,-0.1171875,-0.07854700088500977,4763,TGTGAG,3.76953125,721,AGCAAA,3.8125,721,AGCAAA,3.8125,4763,TGTGAG,2.451511136314366e-05,721,AGCAAA,0.06321936100721359,721,AGCAAA,0.06321936100721359,False,False,True,0.00021279370412230492,
3,12,66,head_4,recovery,-0.029296875,-0.002904534339904785,4763,TGTGAG,3.7734375,721,AGCAAA,3.810546875,721,AGCAAA,3.810546875,4763,TGTGAG,2.456088623148389e-05,721,AGCAAA,0.06284551322460175,721,AGCAAA,0.06284551322460175,False,False,True,0.00014535360969603062,
3,13,66,head_4,recovery,0.05859375,0.03384643793106079,4763,TGTGAG,3.77734375,721,AGCAAA,3.80859375,721,AGCAAA,3.80859375,4763,TGTGAG,2.4677819965290837e-05,721,AGCAAA,0.0626639649271965,721,AGCAAA,0.0626639649271965,False,False,True,0.00018491316586732864,
3,14,66,head_4,recovery,0.0,0.02799057960510254,4763,TGTGAG,3.7734375,721,AGCAAA,3.80859375,721,AGCAAA,3.80859375,4763,TGTGAG,2.4653081709402613e-05,721,AGCAAA,0.06269288808107376,721,AGCAAA,0.06269288808107376,False,False,True,0.00014548073522746563,
3,15,66,head_4,recovery,0.029296875,0.02189052104949951,4763,TGTGAG,3.771484375,721,AGCAAA,3.8046875,721,AGCAAA,3.8046875,4763,TGTGAG,2.4426362870144658e-05,721,AGCAAA,0.06272280961275101,721,AGCAAA,0.06272280961275101,False,False,True,-8.973991498351097e-06,
3,16,66,head_4,recovery,0.08837890625,0.06263363361358643,4763,TGTGAG,3.77734375,721,AGCAAA,3.806640625,721,AGCAAA,3.806640625,4763,TGTGAG,2.4673683583387174e-05,721,AGCAAA,0.06252166628837585,721,AGCAAA,0.06252166628837585,False,False,True,9.297695942223072e-05,
3,17,66,head_4,recovery,0.0,0.03726804256439209,4763,TGTGAG,3.7734375,721,AGCAAA,3.80859375,721,AGCAAA,3.80859375,4763,TGTGAG,2.4554741685278714e-05,721,AGCAAA,0.06264693289995193,721,AGCAAA,0.06264693289995193,False,False,True,6.5256142988801e-05,
3,18,66,head_4,recovery,-0.05859375,-0.027547478675842285,4763,TGTGAG,3.76953125,721,AGCAAA,3.80859375,721,AGCAAA,3.80859375,4763,TGTGAG,2.450320425850805e-05,721,AGCAAA,0.06296726316213608,721,AGCAAA,0.06296726316213608,False,False,True,7.40434043109417e-05,
3,19,66,head_4,recovery,-0.029296875,-0.003367304801940918,4763,TGTGAG,3.76953125,721,AGCAAA,3.806640625,721,AGCAAA,3.806640625,4763,TGTGAG,2.4655273591633886e-05,721,AGCAAA,0.06284788995981216,721,AGCAAA,0.06284788995981216,False,False,True,0.0002139299176633358,
3,20,66,head_4,recovery,-0.029296875,-0.0599137544631958,4763,TGTGAG,3.76953125,721,AGCAAA,3.806640625,721,AGCAAA,3.806640625,4763,TGTGAG,2.4604471036582254e-05,721,AGCAAA,0.06312734633684158,721,AGCAAA,0.06312734633684158,False,False,True,0.00010007084347307682,
3,21,66,head_4,recovery,-0.029296875,0.023317933082580566,4763,TGTGAG,3.76953125,721,AGCAAA,3.806640625,721,AGCAAA,3.806640625,4763,TGTGAG,2.4631326596136205e-05,721,AGCAAA,0.06271596252918243,721,AGCAAA,0.06271596252918243,False,False,True,0.0001328587532043457,
3,22,66,head_4,recovery,-0.087890625,-0.07893741130828857,4763,TGTGAG,3.767578125,721,AGCAAA,3.80859375,721,AGCAAA,3.80859375,4763,TGTGAG,2.455029789416585e-05,721,AGCAAA,0.06322132796049118,721,AGCAAA,0.06322132796049118,False,False,True,7.919967174530029e-05,
3,23,66,head_4,recovery,-0.05859375,-0.029008030891418457,4763,TGTGAG,3.76953125,721,AGCAAA,3.80859375,721,AGCAAA,3.80859375,4763,TGTGAG,2.4561415557400323e-05,721,AGCAAA,0.06297454237937927,721,AGCAAA,0.06297454237937927,False,False,True,3.120186738669872e-05,
3,24,66,head_4,recovery,-0.029296875,-0.027193188667297363,4763,TGTGAG,3.771484375,721,AGCAAA,3.80859375,721,AGCAAA,3.80859375,4763,TGTGAG,2.4683016818016768e-05,721,AGCAAA,0.06296569108963013,721,AGCAAA,0.06296569108963013,False,False,True,0.0002418996300548315,
3,25,66,head_4,recovery,0.029296875,0.037023842334747314,4763,TGTGAG,3.7734375,721,AGCAAA,3.806640625,721,AGCAAA,3.806640625,4763,TGTGAG,2.4562334147049114e-05,721,AGCAAA,0.06264814734458923,721,AGCAAA,0.06264814734458923,False,False,True,0.00019159400835633278,
3,26,66,head_4,recovery,0.0,0.012221217155456543,4763,TGTGAG,3.771484375,721,AGCAAA,3.806640625,721,AGCAAA,3.806640625,4763,TGTGAG,2.4573999326094054e-05,721,AGCAAA,0.06277075409889221,721,AGCAAA,0.06277075409889221,False,False,True,0.00011363113299012184,
3,27,66,head_4,recovery,-0.05859375,-0.002279043197631836,4763,TGTGAG,3.76953125,721,AGCAAA,3.80859375,721,AGCAAA,3.80859375,4763,TGTGAG,2.4528964786441065e-05,721,AGCAAA,0.06284238398075104,721,AGCAAA,0.06284238398075104,False,False,True,9.151827543973923e-05,
3,28,66,head_4,recovery,-0.029296875,-0.048964619636535645,4763,TGTGAG,3.7734375,721,AGCAAA,3.810546875,721,AGCAAA,3.810546875,4763,TGTGAG,2.4537281205994077e-05,721,AGCAAA,0.06307315826416016,721,AGCAAA,0.06307315826416016,False,False,True,0.0001811012625694275,
3,29,66,head_4,recovery,0.0,0.010487794876098633,4763,TGTGAG,3.76953125,721,AGCAAA,3.8046875,721,AGCAAA,3.8046875,4763,TGTGAG,2.448639497742988e-05,721,AGCAAA,0.06277924031019211,721,AGCAAA,0.06277924031019211,False,False,True,0.0002238037995994091,
3,30,66,head_4,recovery,-0.029296875,-0.041657328605651855,4763,TGTGAG,3.7734375,721,AGCAAA,3.810546875,721,AGCAAA,3.810546875,4763,TGTGAG,2.4492192096658982e-05,721,AGCAAA,0.06303699314594269,721,AGCAAA,0.06303699314594269,False,False,True,0.00012513459660112858,
3,31,66,head_4,recovery,-0.029296875,0.060225725173950195,4763,TGTGAG,3.771484375,721,AGCAAA,3.80859375,721,AGCAAA,3.80859375,4763,TGTGAG,2.4508392016286962e-05,721,AGCAAA,0.06253340095281601,721,AGCAAA,0.06253340095281601,False,False,True,0.0001024280209094286,
3,32,66,head_4,recovery,-0.029296875,0.05356794595718384,4763,TGTGAG,3.76953125,721,AGCAAA,3.806640625,721,AGCAAA,3.806640625,4763,TGTGAG,2.4449183911201544e-05,721,AGCAAA,0.06256625801324844,721,AGCAAA,0.06256625801324844,False,False,True,3.2792799174785614e-05,
3,33,66,head_4,recovery,0.0,0.019071877002716064,4763,TGTGAG,3.771484375,721,AGCAAA,3.806640625,721,AGCAAA,3.806640625,4763,TGTGAG,2.460838368278928e-05,721,AGCAAA,0.06273692846298218,721,AGCAAA,0.06273692846298218,False,False,True,9.531923569738865e-05,
3,34,66,head_4,recovery,-0.029296875,0.022300541400909424,4763,TGTGAG,3.771484375,721,AGCAAA,3.80859375,721,AGCAAA,3.80859375,4763,TGTGAG,2.4527536879759282e-05,721,AGCAAA,0.062720887362957,721,AGCAAA,0.062720887362957,False,False,True,0.0002023873385041952,
4,0,66,head_4,recovery,0.0,-0.013942480087280273,4763,TGTGAG,3.7734375,721,AGCAAA,3.80859375,721,AGCAAA,3.80859375,4763,TGTGAG,2.4511045921826735e-05,721,AGCAAA,0.06290002167224884,721,AGCAAA,0.06290002167224884,False,False,True,0.00012122443877160549,
4,1,66,head_4,recovery,-0.029296875,-0.02289140224456787,4763,TGTGAG,3.771484375,721,AGCAAA,3.80859375,721,AGCAAA,3.80859375,4763,TGTGAG,2.4514061806257814e-05,721,AGCAAA,0.06294425576925278,721,AGCAAA,0.06294425576925278,False,False,True,6.99006486684084e-05,
4,2,66,head_4,recovery,0.05859375,0.012076497077941895,4763,TGTGAG,3.77734375,721,AGCAAA,3.80859375,721,AGCAAA,3.80859375,4763,TGTGAG,2.4656534151290543e-05,721,AGCAAA,0.06277155131101608,721,AGCAAA,0.06277155131101608,False,False,True,8.553266525268555e-05,
4,3,66,head_4,recovery,0.029296875,0.07282751798629761,4763,TGTGAG,3.7734375,721,AGCAAA,3.806640625,721,AGCAAA,3.806640625,4763,TGTGAG,2.461733492964413e-05,721,AGCAAA,0.06247122213244438,721,AGCAAA,0.06247122213244438,False,False,True,7.182802073657513e-05,
4,4,66,head_4,recovery,-0.029296875,0.01685464382171631,4763,TGTGAG,3.771484375,721,AGCAAA,3.80859375,721,AGCAAA,3.80859375,4763,TGTGAG,2.4466278773616068e-05,721,AGCAAA,0.06274774670600891,721,AGCAAA,0.06274774670600891,False,False,True,0.00010958290658891201,
4,5,66,head_4,recovery,-0.029296875,0.013133108615875244,4763,TGTGAG,3.771484375,721,AGCAAA,3.80859375,721,AGCAAA,3.80859375,4763,TGTGAG,2.4493623641319573e-05,721,AGCAAA,0.0627661645412445,721,AGCAAA,0.0627661645412445,False,False,True,7.763318717479706e-05,
4,6,66,head_4,recovery,-0.029296875,-0.012976408004760742,4763,TGTGAG,3.7734375,721,AGCAAA,3.810546875,721,AGCAAA,3.810546875,4763,TGTGAG,2.4539120204281062e-05,721,AGCAAA,0.0628952756524086,721,AGCAAA,0.0628952756524086,False,False,True,0.00010358402505517006,
4,7,66,head_4,recovery,0.0,0.014320850372314453,4763,TGTGAG,3.771484375,721,AGCAAA,3.806640625,721,AGCAAA,3.806640625,4763,TGTGAG,2.4556069547543302e-05,721,AGCAAA,0.0627603605389595,721,AGCAAA,0.0627603605389595,False,False,True,4.028435796499252e-05,
4,8,66,head_4,recovery,-0.05859375,-0.0005260705947875977,4763,TGTGAG,3.76953125,721,AGCAAA,3.80859375,721,AGCAAA,3.80859375,4763,TGTGAG,2.4425869924016297e-05,721,AGCAAA,0.06283361464738846,721,AGCAAA,0.06283361464738846,False,False,True,6.564264185726643e-05,
4,9,66,head_4,recovery,-0.029296875,0.0033356547355651855,4763,TGTGAG,3.771484375,721,AGCAAA,3.80859375,721,AGCAAA,3.80859375,4763,TGTGAG,2.452524313412141e-05,721,AGCAAA,0.0628146305680275,721,AGCAAA,0.0628146305680275,False,False,True,0.00012208404950797558,
4,10,66,head_4,recovery,0.029296875,0.05834311246871948,4763,TGTGAG,3.7734375,721,AGCAAA,3.806640625,721,AGCAAA,3.806640625,4763,TGTGAG,2.4544973712181672e-05,721,AGCAAA,0.06254274398088455,721,AGCAAA,0.06254274398088455,False,False,True,0.0001233271323144436,
4,11,66,head_4,recovery,-0.05859375,-0.009092092514038086,4763,TGTGAG,3.771484375,721,AGCAAA,3.810546875,721,AGCAAA,3.810546875,4763,TGTGAG,2.4565340936533175e-05,721,AGCAAA,0.06287609785795212,721,AGCAAA,0.06287609785795212,False,False,True,0.00020580249838531017,
4,12,66,head_4,recovery,0.0,0.02873671054840088,4763,TGTGAG,3.7734375,721,AGCAAA,3.80859375,721,AGCAAA,3.80859375,4763,TGTGAG,2.4497519916621968e-05,721,AGCAAA,0.06268904358148575,721,AGCAAA,0.06268904358148575,False,False,True,-2.8294045478105545e-05,
4,13,66,head_4,recovery,0.0,0.035294950008392334,4763,TGTGAG,3.7734375,721,AGCAAA,3.80859375,721,AGCAAA,3.80859375,4763,TGTGAG,2.4470655262121e-05,721,AGCAAA,0.06265659630298615,721,AGCAAA,0.06265659630298615,False,False,True,-2.21391674131155e-05,
4,14,66,head_4,recovery,0.08837890625,0.0536990761756897,4763,TGTGAG,3.77734375,721,AGCAAA,3.806640625,721,AGCAAA,3.806640625,4763,TGTGAG,2.4592976842541248e-05,721,AGCAAA,0.06256575137376785,721,AGCAAA,0.06256575137376785,False,False,True,3.5286182537674904e-05,
4,15,66,head_4,recovery,0.05859375,0.04017561674118042,4763,TGTGAG,3.77734375,721,AGCAAA,3.80859375,721,AGCAAA,3.80859375,4763,TGTGAG,2.4666256649652496e-05,721,AGCAAA,0.06263267248868942,721,AGCAAA,0.06263267248868942,False,False,True,-2.8154347091913223e-05,
4,16,66,head_4,recovery,0.0,0.04412776231765747,4763,TGTGAG,3.7734375,721,AGCAAA,3.80859375,721,AGCAAA,3.80859375,4763,TGTGAG,2.449057501507923e-05,721,AGCAAA,0.06261295825242996,721,AGCAAA,0.06261295825242996,False,False,True,-0.0001980417873710394,
4,17,66,head_4,recovery,0.05859375,0.0876050591468811,4763,TGTGAG,3.7734375,721,AGCAAA,3.8046875,721,AGCAAA,3.8046875,4763,TGTGAG,2.466671503498219e-05,721,AGCAAA,0.06239822506904602,721,AGCAAA,0.06239822506904602,False,False,True,-0.0001812521368265152,
4,18,66,head_4,recovery,0.05859375,0.08196777105331421,4763,TGTGAG,3.7734375,721,AGCAAA,3.8046875,721,AGCAAA,3.8046875,4763,TGTGAG,2.4632210624986328e-05,721,AGCAAA,0.06242605671286583,721,AGCAAA,0.06242605671286583,False,False,True,-0.0002093964722007513,
4,19,66,head_4,recovery,-0.029296875,0.0035572052001953125,4763,TGTGAG,3.76953125,721,AGCAAA,3.806640625,721,AGCAAA,3.806640625,4763,TGTGAG,2.4614793801447377e-05,721,AGCAAA,0.06281362473964691,721,AGCAAA,0.06281362473964691,False,False,True,5.9492653235793114e-05,
4,20,66,head_4,recovery,-0.029296875,-0.014168620109558105,4763,TGTGAG,3.771484375,721,AGCAAA,3.80859375,721,AGCAAA,3.80859375,4763,TGTGAG,2.4654014850966632e-05,721,AGCAAA,0.06290128082036972,721,AGCAAA,0.06290128082036972,False,False,True,0.00026380596682429314,
4,21,66,head_4,recovery,-0.05859375,-0.0027674436569213867,4763,TGTGAG,3.76953125,721,AGCAAA,3.80859375,721,AGCAAA,3.80859375,4763,TGTGAG,2.44510592892766e-05,721,AGCAAA,0.06284472346305847,721,AGCAAA,0.06284472346305847,False,False,True,0.00014727306552231312,
4,22,66,head_4,recovery,-0.029296875,0.06701010465621948,4763,TGTGAG,3.771484375,721,AGCAAA,3.80859375,721,AGCAAA,3.80859375,4763,TGTGAG,2.4576862415415235e-05,721,AGCAAA,0.062499936670064926,721,AGCAAA,0.062499936670064926,False,False,True,0.0002100283745676279,
4,23,66,head_4,recovery,0.0,0.00488513708114624,4763,TGTGAG,3.771484375,721,AGCAAA,3.806640625,721,AGCAAA,3.806640625,4763,TGTGAG,2.4514771212125197e-05,721,AGCAAA,0.06280695647001266,721,AGCAAA,0.06280695647001266,False,False,True,0.00013454467989504337,
4,24,66,head_4,recovery,0.05859375,0.0474543571472168,4763,TGTGAG,3.77734375,721,AGCAAA,3.80859375,721,AGCAAA,3.80859375,4763,TGTGAG,2.4713097445783205e-05,721,AGCAAA,0.06259673833847046,721,AGCAAA,0.06259673833847046,False,False,True,0.00013803644105792046,
4,25,66,head_4,recovery,-0.029296875,-0.010101914405822754,4763,TGTGAG,3.767578125,721,AGCAAA,3.8046875,721,AGCAAA,3.8046875,4763,TGTGAG,2.4498040147591382e-05,721,AGCAAA,0.06288102269172668,721,AGCAAA,0.06288102269172668,False,False,True,0.00020422576926648617,
4,26,66,head_4,recovery,0.0,0.0071596503257751465,4763,TGTGAG,3.7734375,721,AGCAAA,3.80859375,721,AGCAAA,3.80859375,4763,TGTGAG,2.4582293917774223e-05,721,AGCAAA,0.06279578059911728,721,AGCAAA,0.06279578059911728,False,False,True,0.0001658347900956869,
4,27,66,head_4,recovery,-0.029296875,0.028071999549865723,4763,TGTGAG,3.76953125,721,AGCAAA,3.806640625,721,AGCAAA,3.806640625,4763,TGTGAG,2.457068330841139e-05,721,AGCAAA,0.06269240379333496,721,AGCAAA,0.06269240379333496,False,False,True,7.066386751830578e-05,
4,28,66,head_4,recovery,-0.029296875,-0.0033568143844604492,4763,TGTGAG,3.76953125,721,AGCAAA,3.806640625,721,AGCAAA,3.806640625,4763,TGTGAG,2.4537033823435195e-05,721,AGCAAA,0.06284771859645844,721,AGCAAA,0.06284771859645844,False,False,True,9.844708256423473e-05,
4,29,66,head_4,recovery,-0.029296875,-0.04071223735809326,4763,TGTGAG,3.771484375,721,AGCAAA,3.80859375,721,AGCAAA,3.80859375,4763,TGTGAG,2.457460323057603e-05,721,AGCAAA,0.06303240358829498,721,AGCAAA,0.06303240358829498,False,False,True,0.00014445814304053783,
4,30,66,head_4,recovery,-0.05859375,0.001918792724609375,4763,TGTGAG,3.771484375,721,AGCAAA,3.810546875,721,AGCAAA,3.810546875,4763,TGTGAG,2.450029569445178e-05,721,AGCAAA,0.06282160431146622,721,AGCAAA,0.06282160431146622,False,False,True,0.0001287513878196478,
4,31,66,head_4,recovery,-0.05859375,-0.007519960403442383,4763,TGTGAG,3.76953125,721,AGCAAA,3.80859375,721,AGCAAA,3.80859375,4763,TGTGAG,2.4471775759593584e-05,721,AGCAAA,0.06286823749542236,721,AGCAAA,0.06286823749542236,False,False,True,9.448174387216568e-05,
4,32,66,head_4,recovery,0.029296875,0.008933782577514648,4763,TGTGAG,3.7734375,721,AGCAAA,3.806640625,721,AGCAAA,3.806640625,4763,TGTGAG,2.4642324206070043e-05,721,AGCAAA,0.06278707087039948,721,AGCAAA,0.06278707087039948,False,False,True,0.00011533754877746105,
4,33,66,head_4,recovery,-0.05859375,0.026083827018737793,4763,TGTGAG,3.771484375,721,AGCAAA,3.810546875,721,AGCAAA,3.810546875,4763,TGTGAG,2.4570408641011454e-05,721,AGCAAA,0.0627022311091423,721,AGCAAA,0.0627022311091423,False,False,True,0.0001356443390250206,
4,34,66,head_4,recovery,0.0,-0.012712597846984863,4763,TGTGAG,3.7734375,721,AGCAAA,3.80859375,721,AGCAAA,3.80859375,4763,TGTGAG,2.466135447320994e-05,721,AGCAAA,0.06289409101009369,721,AGCAAA,0.06289409101009369,False,False,True,0.00015052384696900845,
5,0,66,head_4,recovery,-0.029296875,0.0681496262550354,4763,TGTGAG,3.76953125,721,AGCAAA,3.806640625,721,AGCAAA,3.806640625,4763,TGTGAG,2.4592276531620882e-05,721,AGCAAA,0.062494318932294846,721,AGCAAA,0.062494318932294846,False,False,True,9.611714631319046e-06,
5,1,66,head_4,recovery,0.0,0.021813631057739258,4763,TGTGAG,3.771484375,721,AGCAAA,3.806640625,721,AGCAAA,3.806640625,4763,TGTGAG,2.4479495550622232e-05,721,AGCAAA,0.06272324919700623,721,AGCAAA,0.06272324919700623,False,False,True,9.497394785284996e-06,
5,2,66,head_4,recovery,0.029296875,0.057263851165771484,4763,TGTGAG,3.771484375,721,AGCAAA,3.8046875,721,AGCAAA,3.8046875,4763,TGTGAG,2.45212359004654e-05,721,AGCAAA,0.06254805624485016,721,AGCAAA,0.06254805624485016,False,False,True,7.540709339082241e-05,
5,3,66,head_4,recovery,0.0,0.016441643238067627,4763,TGTGAG,3.771484375,721,AGCAAA,3.806640625,721,AGCAAA,3.806640625,4763,TGTGAG,2.4581580873928033e-05,721,AGCAAA,0.06274989992380142,721,AGCAAA,0.06274989992380142,False,False,True,3.828434273600578e-06,
5,4,66,head_4,recovery,-0.029296875,0.014296770095825195,4763,TGTGAG,3.76953125,721,AGCAAA,3.806640625,721,AGCAAA,3.806640625,4763,TGTGAG,2.4477556507918052e-05,721,AGCAAA,0.06276039779186249,721,AGCAAA,0.06276039779186249,False,False,True,6.758375093340874e-05,
5,5,66,head_4,recovery,0.029296875,0.051444172859191895,4763,TGTGAG,3.771484375,721,AGCAAA,3.8046875,721,AGCAAA,3.8046875,4763,TGTGAG,2.456847687426489e-05,721,AGCAAA,0.06257687509059906,721,AGCAAA,0.06257687509059906,False,False,True,1.3745389878749847e-05,
5,6,66,head_4,recovery,-0.05859375,-0.021495580673217773,4763,TGTGAG,3.767578125,721,AGCAAA,3.806640625,721,AGCAAA,3.806640625,4763,TGTGAG,2.4474751626257785e-05,721,AGCAAA,0.06293731927871704,721,AGCAAA,0.06293731927871704,False,False,True,-4.8515619710087776e-05,
5,7,66,head_4,recovery,0.0,0.027128398418426514,4763,TGTGAG,3.771484375,721,AGCAAA,3.806640625,721,AGCAAA,3.806640625,4763,TGTGAG,2.4538037905585952e-05,721,AGCAAA,0.06269703060388565,721,AGCAAA,0.06269703060388565,False,False,True,5.6268880143761635e-05,
5,8,66,head_4,recovery,-0.029296875,-0.0012631416320800781,4763,TGTGAG,3.76953125,721,AGCAAA,3.806640625,721,AGCAAA,3.806640625,4763,TGTGAG,2.4632772692712024e-05,721,AGCAAA,0.06283746659755707,721,AGCAAA,0.06283746659755707,False,False,True,6.20547216385603e-05,
5,9,66,head_4,recovery,0.0,0.039673686027526855,4763,TGTGAG,3.7734375,721,AGCAAA,3.80859375,721,AGCAAA,3.80859375,4763,TGTGAG,2.4502551241312176e-05,721,AGCAAA,0.06263498961925507,721,AGCAAA,0.06263498961925507,False,False,True,-3.3108051866292953e-05,
5,10,66,head_4,recovery,0.029296875,0.10191315412521362,4763,TGTGAG,3.7734375,721,AGCAAA,3.806640625,721,AGCAAA,3.806640625,4763,TGTGAG,2.4576427676947787e-05,721,AGCAAA,0.06232741102576256,721,AGCAAA,0.06232741102576256,False,False,True,-8.034240454435349e-05,
5,11,66,head_4,recovery,0.08837890625,0.09292960166931152,4763,TGTGAG,3.77734375,721,AGCAAA,3.806640625,721,AGCAAA,3.806640625,4763,TGTGAG,2.4525732442270964e-05,721,AGCAAA,0.062371768057346344,721,AGCAAA,0.062371768057346344,False,False,True,-0.0001826935913413763,
5,12,66,head_4,recovery,0.08837890625,0.035160839557647705,4763,TGTGAG,3.779296875,721,AGCAAA,3.80859375,721,AGCAAA,3.80859375,4763,TGTGAG,2.4622984710731544e-05,721,AGCAAA,0.0626574158668518,721,AGCAAA,0.0626574158668518,False,False,True,-0.0001882370561361313,
5,13,66,head_4,recovery,0.029296875,-0.017923355102539062,4763,TGTGAG,3.7734375,721,AGCAAA,3.806640625,721,AGCAAA,3.806640625,4763,TGTGAG,2.4648123144288547e-05,721,AGCAAA,0.06291983276605606,721,AGCAAA,0.06291983276605606,False,False,True,3.790808841586113e-05,
5,14,66,head_4,recovery,0.08837890625,0.04335296154022217,4763,TGTGAG,3.77734375,721,AGCAAA,3.806640625,721,AGCAAA,3.806640625,4763,TGTGAG,2.482278250681702e-05,721,AGCAAA,0.06261712312698364,721,AGCAAA,0.06261712312698364,False,False,True,1.1964235454797745e-05,
5,15,66,head_4,recovery,0.0,0.07571250200271606,4763,TGTGAG,3.771484375,721,AGCAAA,3.806640625,721,AGCAAA,3.806640625,4763,TGTGAG,2.4712944650673307e-05,721,AGCAAA,0.06245705857872963,721,AGCAAA,0.06245705857872963,False,False,True,1.31980050355196e-05,
5,16,66,head_4,recovery,0.029296875,0.08893376588821411,4763,TGTGAG,3.7734375,721,AGCAAA,3.806640625,721,AGCAAA,3.806640625,4763,TGTGAG,2.4594593924121e-05,721,AGCAAA,0.06239158660173416,721,AGCAAA,0.06239158660173416,False,False,True,-2.709822729229927e-05,
5,17,66,head_4,recovery,0.08837890625,0.026704847812652588,4763,TGTGAG,3.77734375,721,AGCAAA,3.806640625,721,AGCAAA,3.806640625,4763,TGTGAG,2.4648808903293684e-05,721,AGCAAA,0.06269923597574234,721,AGCAAA,0.06269923597574234,False,False,True,-8.732802234590054e-05,
5,18,66,head_4,recovery,0.11767578125,0.054861247539520264,4763,TGTGAG,3.77734375,721,AGCAAA,3.8046875,721,AGCAAA,3.8046875,4763,TGTGAG,2.4705428586457856e-05,721,AGCAAA,0.06256011873483658,721,AGCAAA,0.06256011873483658,False,False,True,5.72926364839077e-06,
5,19,66,head_4,recovery,-0.05859375,0.0023182034492492676,4763,TGTGAG,3.771484375,721,AGCAAA,3.810546875,721,AGCAAA,3.810546875,4763,TGTGAG,2.4568033040850423e-05,721,AGCAAA,0.0628196969628334,721,AGCAAA,0.0628196969628334,False,False,True,2.794293686747551e-05,
5,20,66,head_4,recovery,0.05859375,0.033725857734680176,4763,TGTGAG,3.77734375,721,AGCAAA,3.80859375,721,AGCAAA,3.80859375,4763,TGTGAG,2.4619757823529653e-05,721,AGCAAA,0.06266450136899948,721,AGCAAA,0.06266450136899948,False,False,True,3.46330925822258e-05,
5,21,66,head_4,recovery,0.0,0.020063698291778564,4763,TGTGAG,3.7734375,721,AGCAAA,3.80859375,721,AGCAAA,3.80859375,4763,TGTGAG,2.4495200705132447e-05,721,AGCAAA,0.06273191422224045,721,AGCAAA,0.06273191422224045,False,False,True,6.430805660784245e-05,
5,22,66,head_4,recovery,-0.029296875,0.03753930330276489,4763,TGTGAG,3.76953125,721,AGCAAA,3.806640625,721,AGCAAA,3.806640625,4763,TGTGAG,2.4485743779223412e-05,721,AGCAAA,0.06264551728963852,721,AGCAAA,0.06264551728963852,False,False,True,5.2026938647031784e-05,
5,23,66,head_4,recovery,0.0,0.016966164112091064,4763,TGTGAG,3.771484375,721,AGCAAA,3.806640625,721,AGCAAA,3.806640625,4763,TGTGAG,2.457943992340006e-05,721,AGCAAA,0.06274730712175369,721,AGCAAA,0.06274730712175369,False,False,True,8.758530020713806e-05,
5,24,66,head_4,recovery,0.0,0.06720077991485596,4763,TGTGAG,3.7734375,721,AGCAAA,3.80859375,721,AGCAAA,3.80859375,4763,TGTGAG,2.4592622139607556e-05,721,AGCAAA,0.06249901279807091,721,AGCAAA,0.06249901279807091,False,False,True,-1.4538876712322235e-05,
5,25,66,head_4,recovery,0.0,0.010742545127868652,4763,TGTGAG,3.771484375,721,AGCAAA,3.806640625,721,AGCAAA,3.806640625,4763,TGTGAG,2.4532277166144922e-05,721,AGCAAA,0.06277802586555481,721,AGCAAA,0.06277802586555481,False,False,True,1.843925565481186e-05,
5,26,66,head_4,recovery,0.05859375,0.04595911502838135,4763,TGTGAG,3.77734375,721,AGCAAA,3.80859375,721,AGCAAA,3.80859375,4763,TGTGAG,2.4624543584650382e-05,721,AGCAAA,0.06260403990745544,721,AGCAAA,0.06260403990745544,False,False,True,1.2126751244068146e-05,
5,27,66,head_4,recovery,-0.029296875,-0.00879967212677002,4763,TGTGAG,3.7734375,721,AGCAAA,3.810546875,721,AGCAAA,3.810546875,4763,TGTGAG,2.4644741642987356e-05,721,AGCAAA,0.06287473440170288,721,AGCAAA,0.06287473440170288,False,False,True,9.569106623530388e-06,
5,28,66,head_4,recovery,-0.029296875,-0.026436567306518555,4763,TGTGAG,3.771484375,721,AGCAAA,3.80859375,721,AGCAAA,3.80859375,4763,TGTGAG,2.462624979671091e-05,721,AGCAAA,0.0629618912935257,721,AGCAAA,0.0629618912935257,False,False,True,4.6749599277973175e-05,
5,29,66,head_4,recovery,0.08837890625,0.05581533908843994,4763,TGTGAG,3.77734375,721,AGCAAA,3.806640625,721,AGCAAA,3.806640625,4763,TGTGAG,2.469376522640232e-05,721,AGCAAA,0.06255538761615753,721,AGCAAA,0.06255538761615753,False,False,True,5.421089008450508e-05,
5,30,66,head_4,recovery,-0.029296875,-0.02661895751953125,4763,TGTGAG,3.771484375,721,AGCAAA,3.80859375,721,AGCAAA,3.80859375,4763,TGTGAG,2.4446895622531883e-05,721,AGCAAA,0.0629626139998436,721,AGCAAA,0.0629626139998436,False,False,True,7.315538823604584e-07,
5,31,66,head_4,recovery,-0.029296875,0.022365331649780273,4763,TGTGAG,3.76953125,721,AGCAAA,3.806640625,721,AGCAAA,3.806640625,4763,TGTGAG,2.4482540538883768e-05,721,AGCAAA,0.06272052228450775,721,AGCAAA,0.06272052228450775,False,False,True,3.5471050068736076e-05,
5,32,66,head_4,recovery,-0.05859375,-0.029624462127685547,4763,TGTGAG,3.771484375,721,AGCAAA,3.810546875,721,AGCAAA,3.810546875,4763,TGTGAG,2.4498971470165998e-05,721,AGCAAA,0.06297752261161804,721,AGCAAA,0.06297752261161804,False,False,True,5.904235877096653e-05,
5,33,66,head_4,recovery,0.029296875,-0.03548789024353027,4763,TGTGAG,3.77734375,721,AGCAAA,3.810546875,721,AGCAAA,3.810546875,4763,TGTGAG,2.4569408196839504e-05,721,AGCAAA,0.06300657987594604,721,AGCAAA,0.06300657987594604,False,False,True,1.2827105820178986e-05,
5,34,66,head_4,recovery,0.029296875,0.02028071880340576,4763,TGTGAG,3.7734375,721,AGCAAA,3.806640625,721,AGCAAA,3.806640625,4763,TGTGAG,2.449590465403162e-05,721,AGCAAA,0.06273084133863449,721,AGCAAA,0.06273084133863449,False,False,True,-3.5092467442154884e-05,
6,0,66,head_4,recovery,-0.029296875,-0.00854635238647461,4763,TGTGAG,3.771484375,721,AGCAAA,3.80859375,721,AGCAAA,3.80859375,4763,TGTGAG,2.444277379254345e-05,721,AGCAAA,0.06287328153848648,721,AGCAAA,0.06287328153848648,False,False,True,7.761386223137379e-05,
6,1,66,head_4,recovery,-0.029296875,0.041970789432525635,4763,TGTGAG,3.771484375,721,AGCAAA,3.80859375,721,AGCAAA,3.80859375,4763,TGTGAG,2.4563236365793273e-05,721,AGCAAA,0.06262369453907013,721,AGCAAA,0.06262369453907013,False,False,True,-2.055428922176361e-06,
6,2,66,head_4,recovery,0.0,-0.007981181144714355,4763,TGTGAG,3.7734375,721,AGCAAA,3.80859375,721,AGCAAA,3.80859375,4763,TGTGAG,2.450778629281558e-05,721,AGCAAA,0.06287054717540741,721,AGCAAA,0.06287054717540741,False,False,True,2.4480046704411507e-05,
6,3,66,head_4,recovery,-0.087890625,-0.001493692398071289,4763,TGTGAG,3.76953125,721,AGCAAA,3.810546875,721,AGCAAA,3.810546875,4763,TGTGAG,2.4409844627371058e-05,721,AGCAAA,0.06283838301897049,721,AGCAAA,0.06283838301897049,False,False,True,3.121537156403065e-05,
6,4,66,head_4,recovery,-0.029296875,0.01492077112197876,4763,TGTGAG,3.76953125,721,AGCAAA,3.806640625,721,AGCAAA,3.806640625,4763,TGTGAG,2.4446495444863103e-05,721,AGCAAA,0.06275728344917297,721,AGCAAA,0.06275728344917297,False,False,True,6.280350498855114e-05,
6,5,66,head_4,recovery,0.08837890625,-0.0010701417922973633,4763,TGTGAG,3.77734375,721,AGCAAA,3.806640625,721,AGCAAA,3.806640625,4763,TGTGAG,2.4633523935335688e-05,721,AGCAAA,0.06283651292324066,721,AGCAAA,0.06283651292324066,False,False,True,7.935892790555954e-05,
6,6,66,head_4,recovery,0.029296875,0.046189725399017334,4763,TGTGAG,3.771484375,721,AGCAAA,3.8046875,721,AGCAAA,3.8046875,4763,TGTGAG,2.4454477170365863e-05,721,AGCAAA,0.06260272860527039,721,AGCAAA,0.06260272860527039,False,False,True,5.072401836514473e-05,
6,7,66,head_4,recovery,-0.029296875,0.052689194679260254,4763,TGTGAG,3.771484375,721,AGCAAA,3.80859375,721,AGCAAA,3.80859375,4763,TGTGAG,2.4553695766371675e-05,721,AGCAAA,0.06257070600986481,721,AGCAAA,0.06257070600986481,False,False,True,0.0001199641264975071,
6,8,66,head_4,recovery,-0.029296875,0.022066891193389893,4763,TGTGAG,3.771484375,721,AGCAAA,3.80859375,721,AGCAAA,3.80859375,4763,TGTGAG,2.4526490960852243e-05,721,AGCAAA,0.06272204220294952,721,AGCAAA,0.06272204220294952,False,False,True,2.5984598323702812e-05,
6,9,66,head_4,recovery,-0.05859375,-0.027021408081054688,4763,TGTGAG,3.76953125,721,AGCAAA,3.80859375,721,AGCAAA,3.80859375,4763,TGTGAG,2.4455128368572332e-05,721,AGCAAA,0.06296461075544357,721,AGCAAA,0.06296461075544357,False,False,True,0.00013242848217487335,
6,10,66,head_4,recovery,-0.029296875,0.03359776735305786,4763,TGTGAG,3.771484375,721,AGCAAA,3.80859375,721,AGCAAA,3.80859375,4763,TGTGAG,2.4622266209917143e-05,721,AGCAAA,0.06266514211893082,721,AGCAAA,0.06266514211893082,False,False,True,8.809776045382023e-05,
6,11,66,head_4,recovery,-0.029296875,0.023483753204345703,4763,TGTGAG,3.771484375,721,AGCAAA,3.80859375,721,AGCAAA,3.80859375,4763,TGTGAG,2.450355350447353e-05,721,AGCAAA,0.06271501630544662,721,AGCAAA,0.06271501630544662,False,False,True,6.941216997802258e-05,
6,12,66,head_4,recovery,-0.05859375,-0.0002155303955078125,4763,TGTGAG,3.76953125,721,AGCAAA,3.80859375,721,AGCAAA,3.80859375,4763,TGTGAG,2.4577431759098545e-05,721,AGCAAA,0.06283223628997803,721,AGCAAA,0.06283223628997803,False,False,True,0.00019109412096440792,
6,13,66,head_4,recovery,0.0,0.013030588626861572,4763,TGTGAG,3.7734375,721,AGCAAA,3.80859375,721,AGCAAA,3.80859375,4763,TGTGAG,2.4547700377297588e-05,721,AGCAAA,0.06276673078536987,721,AGCAAA,0.06276673078536987,False,False,True,0.0001474199816584587,
6,14,66,head_4,recovery,0.0,0.037655413150787354,4763,TGTGAG,3.771484375,721,AGCAAA,3.806640625,721,AGCAAA,3.806640625,4763,TGTGAG,2.4571229005232453e-05,721,AGCAAA,0.06264503300189972,721,AGCAAA,0.06264503300189972,False,False,True,0.0001496064942330122,
6,15,66,head_4,recovery,0.0,0.0543864369392395,4763,TGTGAG,3.76953125,721,AGCAAA,3.8046875,721,AGCAAA,3.8046875,4763,TGTGAG,2.4392827981500886e-05,721,AGCAAA,0.06256215274333954,721,AGCAAA,0.06256215274333954,False,False,True,9.275088086724281e-05,
6,16,66,head_4,recovery,0.0,-0.018233776092529297,4763,TGTGAG,3.76953125,721,AGCAAA,3.8046875,721,AGCAAA,3.8046875,4763,TGTGAG,2.433258487144485e-05,721,AGCAAA,0.06292105466127396,721,AGCAAA,0.06292105466127396,False,False,True,-0.00014645420014858246,
6,17,66,head_4,recovery,-0.05859375,-0.026588797569274902,4763,TGTGAG,3.76953125,721,AGCAAA,3.80859375,721,AGCAAA,3.80859375,4763,TGTGAG,2.443453013256658e-05,721,AGCAAA,0.06296245753765106,721,AGCAAA,0.06296245753765106,False,False,True,-0.00011156429536640644,
6,18,66,head_4,recovery,0.029296875,0.017535924911499023,4763,TGTGAG,3.7734375,721,AGCAAA,3.806640625,721,AGCAAA,3.806640625,4763,TGTGAG,2.450755528116133e-05,721,AGCAAA,0.06274441629648209,721,AGCAAA,0.06274441629648209,False,False,True,-0.00017382623627781868,
6,19,66,head_4,recovery,-0.029296875,0.03027266263961792,4763,TGTGAG,3.771484375,721,AGCAAA,3.80859375,721,AGCAAA,3.80859375,4763,TGTGAG,2.4595297873020172e-05,721,AGCAAA,0.06268154829740524,721,AGCAAA,0.06268154829740524,False,False,True,3.323052078485489e-05,
6,20,66,head_4,recovery,0.08837890625,0.05983078479766846,4763,TGTGAG,3.771484375,721,AGCAAA,3.80078125,721,AGCAAA,3.80078125,4763,TGTGAG,2.4678398403921165e-05,721,AGCAAA,0.06253552436828613,721,AGCAAA,0.06253552436828613,False,False,True,4.224875010550022e-05,
6,21,66,head_4,recovery,0.08837890625,0.04756438732147217,4763,TGTGAG,3.77734375,721,AGCAAA,3.806640625,721,AGCAAA,3.806640625,4763,TGTGAG,2.4636830858071335e-05,721,AGCAAA,0.06259611994028091,721,AGCAAA,0.06259611994028091,False,False,True,6.634043529629707e-05,
6,22,66,head_4,recovery,-0.029296875,0.05629467964172363,4763,TGTGAG,3.771484375,721,AGCAAA,3.80859375,721,AGCAAA,3.80859375,4763,TGTGAG,2.4515258701285347e-05,721,AGCAAA,0.06255283951759338,721,AGCAAA,0.06255283951759338,False,False,True,7.338449358940125e-05,
6,23,66,head_4,recovery,-0.029296875,-0.02464437484741211,4763,TGTGAG,3.771484375,721,AGCAAA,3.80859375,721,AGCAAA,3.80859375,4763,TGTGAG,2.446847975079436e-05,721,AGCAAA,0.06295287609100342,721,AGCAAA,0.06295287609100342,False,False,True,8.455570787191391e-05,
6,24,66,head_4,recovery,-0.029296875,0.002624213695526123,4763,TGTGAG,3.76953125,721,AGCAAA,3.806640625,721,AGCAAA,3.806640625,4763,TGTGAG,2.4501556254108436e-05,721,AGCAAA,0.06281812489032745,721,AGCAAA,0.06281812489032745,False,False,True,0.00013249577023088932,
6,25,66,head_4,recovery,0.0,-0.030898213386535645,4763,TGTGAG,3.771484375,721,AGCAAA,3.806640625,721,AGCAAA,3.806640625,4763,TGTGAG,2.4557562937843613e-05,721,AGCAAA,0.06298387795686722,721,AGCAAA,0.06298387795686722,False,False,True,0.00012842053547501564,
6,26,66,head_4,recovery,-0.05859375,-0.05483710765838623,4763,TGTGAG,3.76953125,721,AGCAAA,3.80859375,721,AGCAAA,3.80859375,4763,TGTGAG,2.4520873921574093e-05,721,AGCAAA,0.06310217082500458,721,AGCAAA,0.06310217082500458,False,False,True,0.00017862720414996147,
6,27,66,head_4,recovery,-0.029296875,0.019911468029022217,4763,TGTGAG,3.771484375,721,AGCAAA,3.80859375,721,AGCAAA,3.80859375,4763,TGTGAG,2.451793261570856e-05,721,AGCAAA,0.06273268908262253,721,AGCAAA,0.06273268908262253,False,False,True,5.8542005717754364e-05,
6,28,66,head_4,recovery,0.05859375,0.012276947498321533,4763,TGTGAG,3.77734375,721,AGCAAA,3.80859375,721,AGCAAA,3.80859375,4763,TGTGAG,2.4645238227094524e-05,721,AGCAAA,0.0627705529332161,721,AGCAAA,0.0627705529332161,False,False,True,4.107644781470299e-05,
6,29,66,head_4,recovery,0.0,0.010481774806976318,4763,TGTGAG,3.7734375,721,AGCAAA,3.80859375,721,AGCAAA,3.80859375,4763,TGTGAG,2.4494254830642603e-05,721,AGCAAA,0.06277927756309509,721,AGCAAA,0.06277927756309509,False,False,True,1.3981480151414871e-05,
6,30,66,head_4,recovery,0.0,0.007649540901184082,4763,TGTGAG,3.7734375,721,AGCAAA,3.80859375,721,AGCAAA,3.80859375,4763,TGTGAG,2.4621887860121205e-05,721,AGCAAA,0.06279340386390686,721,AGCAAA,0.06279340386390686,False,False,True,6.414507515728474e-05,
6,31,66,head_4,recovery,-0.029296875,-0.020012378692626953,4763,TGTGAG,3.771484375,721,AGCAAA,3.80859375,721,AGCAAA,3.80859375,4763,TGTGAG,2.4565057174186222e-05,721,AGCAAA,0.06293007731437683,721,AGCAAA,0.06293007731437683,False,False,True,3.016134724020958e-05,
6,32,66,head_4,recovery,-0.029296875,0.022897422313690186,4763,TGTGAG,3.771484375,721,AGCAAA,3.80859375,721,AGCAAA,3.80859375,4763,TGTGAG,2.4606975784990937e-05,721,AGCAAA,0.06271801888942719,721,AGCAAA,0.06271801888942719,False,False,True,3.966246731579304e-05,
6,33,66,head_4,recovery,0.0,-0.010168194770812988,4763,TGTGAG,3.76953125,721,AGCAAA,3.8046875,721,AGCAAA,3.8046875,4763,TGTGAG,2.4547560315113515e-05,721,AGCAAA,0.06288140267133713,721,AGCAAA,0.06288140267133713,False,False,True,9.096041321754456e-05,
6,34,66,head_4,recovery,0.0,0.005129337310791016,4763,TGTGAG,3.7734375,721,AGCAAA,3.80859375,721,AGCAAA,3.80859375,4763,TGTGAG,2.4537126591894776e-05,721,AGCAAA,0.06280577182769775,721,AGCAAA,0.06280577182769775,False,False,True,0.00013857358135282993,
7,0,66,head_4,recovery,0.0,-0.048727989196777344,4763,TGTGAG,3.7734375,721,AGCAAA,3.80859375,721,AGCAAA,3.80859375,4763,TGTGAG,2.4482975277351215e-05,721,AGCAAA,0.06307193636894226,721,AGCAAA,0.06307193636894226,False,False,True,1.0775402188301086e-05,
7,1,66,head_4,recovery,-0.05859375,-0.0015118122100830078,4763,TGTGAG,3.76953125,721,AGCAAA,3.80859375,721,AGCAAA,3.80859375,4763,TGTGAG,2.451027830829844e-05,721,AGCAAA,0.06283857673406601,721,AGCAAA,0.06283857673406601,False,False,True,1.69344712048769e-05,
7,2,66,head_4,recovery,0.0,-0.009223222732543945,4763,TGTGAG,3.7734375,721,AGCAAA,3.80859375,721,AGCAAA,3.80859375,4763,TGTGAG,2.443102130200714e-05,721,AGCAAA,0.0628766119480133,721,AGCAAA,0.0628766119480133,False,False,True,4.39351424574852e-07,
7,3,66,head_4,recovery,0.0,-0.04669010639190674,4763,TGTGAG,3.7734375,721,AGCAAA,3.80859375,721,AGCAAA,3.80859375,4763,TGTGAG,2.4529539587092586e-05,721,AGCAAA,0.0630619078874588,721,AGCAAA,0.0630619078874588,False,False,True,3.711436875164509e-05,
7,4,66,head_4,recovery,0.029296875,0.021462440490722656,4763,TGTGAG,3.7734375,721,AGCAAA,3.806640625,721,AGCAAA,3.806640625,4763,TGTGAG,2.4522045350749977e-05,721,AGCAAA,0.0627250224351883,721,AGCAAA,0.0627250224351883,False,False,True,2.8117792680859566e-05,
7,5,66,head_4,recovery,-0.029296875,0.014881610870361328,4763,TGTGAG,3.7734375,721,AGCAAA,3.810546875,721,AGCAAA,3.810546875,4763,TGTGAG,2.45624814851908e-05,721,AGCAAA,0.06275759637355804,721,AGCAAA,0.06275759637355804,False,False,True,3.1169503927230835e-05,
7,6,66,head_4,recovery,-0.05859375,0.0014394521713256836,4763,TGTGAG,3.76953125,721,AGCAAA,3.80859375,721,AGCAAA,3.80859375,4763,TGTGAG,2.4461998691549525e-05,721,AGCAAA,0.06282393634319305,721,AGCAAA,0.06282393634319305,False,False,True,-1.7230398952960968e-05,
7,7,66,head_4,recovery,-0.029296875,-0.020110368728637695,4763,TGTGAG,3.7734375,721,AGCAAA,3.810546875,721,AGCAAA,3.810546875,4763,TGTGAG,2.4552875402150676e-05,721,AGCAAA,0.06293054670095444,721,AGCAAA,0.06293054670095444,False,False,True,5.736621096730232e-05,
7,8,66,head_4,recovery,-0.029296875,-0.03518497943878174,4763,TGTGAG,3.771484375,721,AGCAAA,3.80859375,721,AGCAAA,3.80859375,4763,TGTGAG,2.4465949536534026e-05,721,AGCAAA,0.0630049780011177,721,AGCAAA,0.0630049780011177,False,False,True,6.813835352659225e-05,
7,9,66,head_4,recovery,0.029296875,0.03234213590621948,4763,TGTGAG,3.7734375,721,AGCAAA,3.806640625,721,AGCAAA,3.806640625,4763,TGTGAG,2.456803122186102e-05,721,AGCAAA,0.06267128884792328,721,AGCAAA,0.06267128884792328,False,False,True,3.462308086454868e-05,
7,10,66,head_4,recovery,0.0,0.017578125,4763,TGTGAG,3.7734375,721,AGCAAA,3.80859375,721,AGCAAA,3.80859375,4763,TGTGAG,2.4637958631501533e-05,721,AGCAAA,0.06274434179067612,721,AGCAAA,0.06274434179067612,False,False,True,-5.909707397222519e-06,
7,11,66,head_4,recovery,0.11767578125,0.053910136222839355,4763,TGTGAG,3.779296875,721,AGCAAA,3.806640625,721,AGCAAA,3.806640625,4763,TGTGAG,2.4602701159892604e-05,721,AGCAAA,0.06256471574306488,721,AGCAAA,0.06256471574306488,False,False,True,-0.00014906562864780426,
7,12,66,head_4,recovery,0.05859375,0.06155514717102051,4763,TGTGAG,3.7734375,721,AGCAAA,3.8046875,721,AGCAAA,3.8046875,4763,TGTGAG,2.4535747797926888e-05,721,AGCAAA,0.06252685934305191,721,AGCAAA,0.06252685934305191,False,False,True,-0.0004329197108745575,
7,13,66,head_4,recovery,0.14697265625,0.03573662042617798,4763,TGTGAG,3.779296875,721,AGCAAA,3.8046875,721,AGCAAA,3.8046875,4763,TGTGAG,2.462074189679697e-05,721,AGCAAA,0.06265456974506378,721,AGCAAA,0.06265456974506378,False,False,True,-0.00042857625521719456,
7,14,66,head_4,recovery,0.05859375,0.016286373138427734,4763,TGTGAG,3.7734375,721,AGCAAA,3.8046875,721,AGCAAA,3.8046875,4763,TGTGAG,2.459313691360876e-05,721,AGCAAA,0.0627506822347641,721,AGCAAA,0.0627506822347641,False,False,True,-0.00032640760764479637,
7,15,66,head_4,recovery,0.029296875,0.06268113851547241,4763,TGTGAG,3.771484375,721,AGCAAA,3.8046875,721,AGCAAA,3.8046875,4763,TGTGAG,2.446739381412044e-05,721,AGCAAA,0.06252122670412064,721,AGCAAA,0.06252122670412064,False,False,True,-0.00011491426266729832,
7,16,66,head_4,recovery,0.029296875,0.0019655227661132812,4763,TGTGAG,3.7734375,721,AGCAAA,3.806640625,721,AGCAAA,3.806640625,4763,TGTGAG,2.445464087941218e-05,721,AGCAAA,0.06282132863998413,721,AGCAAA,0.06282132863998413,False,False,True,-0.00021429359912872314,
7,17,66,head_4,recovery,0.029296875,0.025586426258087158,4763,TGTGAG,3.7734375,721,AGCAAA,3.806640625,721,AGCAAA,3.806640625,4763,TGTGAG,2.4434157239738852e-05,721,AGCAAA,0.06270454823970795,721,AGCAAA,0.06270454823970795,False,False,True,-9.663472883403301e-05,
7,18,66,head_4,recovery,0.029296875,0.02605670690536499,4763,TGTGAG,3.7734375,721,AGCAAA,3.806640625,721,AGCAAA,3.806640625,4763,TGTGAG,2.4489614588674158e-05,721,AGCAAA,0.06270228326320648,721,AGCAAA,0.06270228326320648,False,False,True,-6.148545071482658e-05,
7,19,66,head_4,recovery,0.0,-0.023464202880859375,4763,TGTGAG,3.7734375,721,AGCAAA,3.80859375,721,AGCAAA,3.80859375,4763,TGTGAG,2.4586341169197112e-05,721,AGCAAA,0.06294716149568558,721,AGCAAA,0.06294716149568558,False,False,True,7.426762022078037e-05,
7,20,66,head_4,recovery,-0.05859375,-0.04454672336578369,4763,TGTGAG,3.771484375,721,AGCAAA,3.810546875,721,AGCAAA,3.810546875,4763,TGTGAG,2.4519058570149355e-05,721,AGCAAA,0.06305130571126938,721,AGCAAA,0.06305130571126938,False,False,True,2.675713039934635e-05,
7,21,66,head_4,recovery,-0.029296875,-0.05966043472290039,4763,TGTGAG,3.771484375,721,AGCAAA,3.80859375,721,AGCAAA,3.80859375,4763,TGTGAG,2.4568347726017237e-05,721,AGCAAA,0.06312606483697891,721,AGCAAA,0.06312606483697891,False,False,True,-1.169624738395214e-05,
7,22,66,head_4,recovery,-0.05859375,-0.049700260162353516,4763,TGTGAG,3.771484375,721,AGCAAA,3.810546875,721,AGCAAA,3.810546875,4763,TGTGAG,2.4466913600917906e-05,721,AGCAAA,0.06307672709226608,721,AGCAAA,0.06307672709226608,False,False,True,6.0193706303834915e-06,
7,23,66,head_4,recovery,0.0,-0.015309691429138184,4763,TGTGAG,3.7734375,721,AGCAAA,3.80859375,721,AGCAAA,3.80859375,4763,TGTGAG,2.4479666535626166e-05,721,AGCAAA,0.06290674954652786,721,AGCAAA,0.06290674954652786,False,False,True,1.571723259985447e-05,
7,24,66,head_4,recovery,0.0,0.0089036226272583,4763,TGTGAG,3.771484375,721,AGCAAA,3.806640625,721,AGCAAA,3.806640625,4763,TGTGAG,2.448160194035154e-05,721,AGCAAA,0.06278706341981888,721,AGCAAA,0.06278706341981888,False,False,True,6.642192602157593e-06,
7,25,66,head_4,recovery,0.0,0.0016459822654724121,4763,TGTGAG,3.771484375,721,AGCAAA,3.806640625,721,AGCAAA,3.806640625,4763,TGTGAG,2.4570086679887027e-05,721,AGCAAA,0.06282302737236023,721,AGCAAA,0.06282302737236023,False,False,True,6.837677210569382e-05,
7,26,66,head_4,recovery,-0.029296875,-0.061727046966552734,4763,TGTGAG,3.771484375,721,AGCAAA,3.80859375,721,AGCAAA,3.80859375,4763,TGTGAG,2.4475404643453658e-05,721,AGCAAA,0.06313618272542953,721,AGCAAA,0.06313618272542953,False,False,True,2.96181533485651e-05,
7,27,66,head_4,recovery,0.0,0.005852878093719482,4763,TGTGAG,3.771484375,721,AGCAAA,3.806640625,721,AGCAAA,3.806640625,4763,TGTGAG,2.450916508678347e-05,721,AGCAAA,0.06280217319726944,721,AGCAAA,0.06280217319726944,False,False,True,3.4453580155968666e-05,
7,28,66,head_4,recovery,0.0,0.020808279514312744,4763,TGTGAG,3.771484375,721,AGCAAA,3.806640625,721,AGCAAA,3.806640625,4763,TGTGAG,2.4584376660641283e-05,721,AGCAAA,0.06272832304239273,721,AGCAAA,0.06272832304239273,False,False,True,4.7690002247691154e-05,
7,29,66,head_4,recovery,-0.029296875,0.003515005111694336,4763,TGTGAG,3.76953125,721,AGCAAA,3.806640625,721,AGCAAA,3.806640625,4763,TGTGAG,2.453163506288547e-05,721,AGCAAA,0.06281375139951706,721,AGCAAA,0.06281375139951706,False,False,True,2.096709795296192e-05,
7,30,66,head_4,recovery,-0.029296875,-0.0062416791915893555,4763,TGTGAG,3.771484375,721,AGCAAA,3.80859375,721,AGCAAA,3.80859375,4763,TGTGAG,2.451677937642671e-05,721,AGCAAA,0.06286196410655975,721,AGCAAA,0.06286196410655975,False,False,True,-1.0659918189048767e-05,
7,31,66,head_4,recovery,0.0,0.020321428775787354,4763,TGTGAG,3.771484375,721,AGCAAA,3.806640625,721,AGCAAA,3.806640625,4763,TGTGAG,2.449320709274616e-05,721,AGCAAA,0.06273063272237778,721,AGCAAA,0.06273063272237778,False,False,True,9.594717994332314e-06,
7,32,66,head_4,recovery,0.029296875,0.017944395542144775,4763,TGTGAG,3.7734375,721,AGCAAA,3.806640625,721,AGCAAA,3.806640625,4763,TGTGAG,2.458354902046267e-05,721,AGCAAA,0.06274247914552689,721,AGCAAA,0.06274247914552689,False,False,True,-1.7665326595306396e-05,
7,33,66,head_4,recovery,0.029296875,-0.0019006729125976562,4763,TGTGAG,3.7734375,721,AGCAAA,3.806640625,721,AGCAAA,3.806640625,4763,TGTGAG,2.450579086143989e-05,721,AGCAAA,0.06284049153327942,721,AGCAAA,0.06284049153327942,False,False,True,1.9627856090664864e-05,
7,34,66,head_4,recovery,0.029296875,0.036909282207489014,4763,TGTGAG,3.771484375,721,AGCAAA,3.8046875,721,AGCAAA,3.8046875,4763,TGTGAG,2.4538203433621675e-05,721,AGCAAA,0.06264868378639221,721,AGCAAA,0.06264868378639221,False,False,True,-5.746958777308464e-06,
8,0,66,head_4,recovery,0.029296875,0.03829902410507202,4763,TGTGAG,3.7734375,721,AGCAAA,3.806640625,721,AGCAAA,3.806640625,4763,TGTGAG,2.4457021936541423e-05,721,AGCAAA,0.06264173984527588,721,AGCAAA,0.06264173984527588,False,False,True,-1.0633142665028572e-05,
8,1,66,head_4,recovery,0.0,0.02619987726211548,4763,TGTGAG,3.771484375,721,AGCAAA,3.806640625,721,AGCAAA,3.806640625,4763,TGTGAG,2.451064756314736e-05,721,AGCAAA,0.06270159780979156,721,AGCAAA,0.06270159780979156,False,False,True,3.8656871765851974e-05,
8,2,66,head_4,recovery,-0.029296875,0.003132164478302002,4763,TGTGAG,3.771484375,721,AGCAAA,3.80859375,721,AGCAAA,3.80859375,4763,TGTGAG,2.4513663447578438e-05,721,AGCAAA,0.06281562149524689,721,AGCAAA,0.06281562149524689,False,False,True,3.563473001122475e-05,
8,3,66,head_4,recovery,0.05859375,0.018405675888061523,4763,TGTGAG,3.77734375,721,AGCAAA,3.80859375,721,AGCAAA,3.80859375,4763,TGTGAG,2.461418443999719e-05,721,AGCAAA,0.06274022907018661,721,AGCAAA,0.06274022907018661,False,False,True,6.0228630900382996e-05,
8,4,66,head_4,recovery,0.0,-0.01672351360321045,4763,TGTGAG,3.7734375,721,AGCAAA,3.80859375,721,AGCAAA,3.80859375,4763,TGTGAG,2.4419332476099953e-05,721,AGCAAA,0.062913678586483,721,AGCAAA,0.062913678586483,False,False,True,-1.7547281458973885e-05,
8,5,66,head_4,recovery,0.0,0.0015570521354675293,4763,TGTGAG,3.7734375,721,AGCAAA,3.80859375,721,AGCAAA,3.80859375,4763,TGTGAG,2.4513708922313526e-05,721,AGCAAA,0.06282340735197067,721,AGCAAA,0.06282340735197067,False,False,True,7.705995813012123e-06,
8,6,66,head_4,recovery,0.0,0.0035753250122070312,4763,TGTGAG,3.7734375,721,AGCAAA,3.80859375,721,AGCAAA,3.80859375,4763,TGTGAG,2.453900560794864e-05,721,AGCAAA,0.06281346082687378,721,AGCAAA,0.06281346082687378,False,False,True,3.4967903047800064e-05,
8,7,66,head_4,recovery,0.0,0.01206594705581665,4763,TGTGAG,3.771484375,721,AGCAAA,3.806640625,721,AGCAAA,3.806640625,4763,TGTGAG,2.455968024150934e-05,721,AGCAAA,0.0627715066075325,721,AGCAAA,0.0627715066075325,False,False,True,1.1239666491746902e-05,
8,8,66,head_4,recovery,0.0,0.034984469413757324,4763,TGTGAG,3.771484375,721,AGCAAA,3.806640625,721,AGCAAA,3.806640625,4763,TGTGAG,2.458616108924616e-05,721,AGCAAA,0.06265825033187866,721,AGCAAA,0.06265825033187866,False,False,True,-8.209352381527424e-05,
8,9,66,head_4,recovery,-0.029296875,0.05500441789627075,4763,TGTGAG,3.771484375,721,AGCAAA,3.80859375,721,AGCAAA,3.80859375,4763,TGTGAG,2.453422530379612e-05,721,AGCAAA,0.06255923956632614,721,AGCAAA,0.06255923956632614,False,False,True,-6.538513116538525e-05,
8,10,66,head_4,recovery,-0.05859375,-0.012809038162231445,4763,TGTGAG,3.76953125,721,AGCAAA,3.80859375,721,AGCAAA,3.80859375,4763,TGTGAG,2.4350065359612927e-05,721,AGCAAA,0.06289425492286682,721,AGCAAA,0.06289425492286682,False,False,True,-5.366746336221695e-06,
8,11,66,head_4,recovery,-0.029296875,-0.0230104923248291,4763,TGTGAG,3.7734375,721,AGCAAA,3.810546875,721,AGCAAA,3.810546875,4763,TGTGAG,2.4534125259378925e-05,721,AGCAAA,0.06294486671686172,721,AGCAAA,0.06294486671686172,False,False,True,0.00014904607087373734,
8,12,66,head_4,recovery,0.0,-0.0048067569732666016,4763,TGTGAG,3.7734375,721,AGCAAA,3.80859375,721,AGCAAA,3.80859375,4763,TGTGAG,2.4606573788332753e-05,721,AGCAAA,0.06285496056079865,721,AGCAAA,0.06285496056079865,False,False,True,-1.4877645298838615e-05,
8,13,66,head_4,recovery,-0.029296875,-0.024939775466918945,4763,TGTGAG,3.771484375,721,AGCAAA,3.80859375,721,AGCAAA,3.80859375,4763,TGTGAG,2.4461582142976113e-05,721,AGCAAA,0.06295432895421982,721,AGCAAA,0.06295432895421982,False,False,True,-0.00015881354920566082,
8,14,66,head_4,recovery,0.0,0.028524160385131836,4763,TGTGAG,3.771484375,721,AGCAAA,3.806640625,721,AGCAAA,3.806640625,4763,TGTGAG,2.447364568070043e-05,721,AGCAAA,0.06269007176160812,721,AGCAAA,0.06269007176160812,False,False,True,-0.00030776718631386757,
8,15,66,head_4,recovery,0.11767578125,0.0340002179145813,4763,TGTGAG,3.77734375,721,AGCAAA,3.8046875,721,AGCAAA,3.8046875,4763,TGTGAG,2.4601953555247746e-05,721,AGCAAA,0.06266313046216965,721,AGCAAA,0.06266313046216965,False,False,True,-3.917701542377472e-05,
8,16,66,head_4,recovery,-0.029296875,0.019228637218475342,4763,TGTGAG,3.771484375,721,AGCAAA,3.80859375,721,AGCAAA,3.80859375,4763,TGTGAG,2.451363980071619e-05,721,AGCAAA,0.06273605674505234,721,AGCAAA,0.06273605674505234,False,False,True,-0.0002328262198716402,
8,17,66,head_4,recovery,0.0,0.03747302293777466,4763,TGTGAG,3.771484375,721,AGCAAA,3.806640625,721,AGCAAA,3.806640625,4763,TGTGAG,2.4476907128700987e-05,721,AGCAAA,0.06264583766460419,721,AGCAAA,0.06264583766460419,False,False,True,-0.0001923954114317894,
8,18,66,head_4,recovery,0.0,0.06740272045135498,4763,TGTGAG,3.771484375,721,AGCAAA,3.806640625,721,AGCAAA,3.806640625,4763,TGTGAG,2.4489254428772256e-05,721,AGCAAA,0.06249791011214256,721,AGCAAA,0.06249791011214256,False,False,True,-0.0002779716160148382,
8,19,66,head_4,recovery,0.0,0.0367012619972229,4763,TGTGAG,3.771484375,721,AGCAAA,3.806640625,721,AGCAAA,3.806640625,4763,TGTGAG,2.4513534299330786e-05,721,AGCAAA,0.0626496896147728,721,AGCAAA,0.0626496896147728,False,False,True,-4.232930950820446e-05,
8,20,66,head_4,recovery,0.0,0.012174487113952637,4763,TGTGAG,3.7734375,721,AGCAAA,3.80859375,721,AGCAAA,3.80859375,4763,TGTGAG,2.4571842004661448e-05,721,AGCAAA,0.06277098506689072,721,AGCAAA,0.06277098506689072,False,False,True,5.5631622672080994e-05,
8,21,66,head_4,recovery,-0.029296875,0.027455508708953857,4763,TGTGAG,3.771484375,721,AGCAAA,3.80859375,721,AGCAAA,3.80859375,4763,TGTGAG,2.4525803382857703e-05,721,AGCAAA,0.06269540637731552,721,AGCAAA,0.06269540637731552,False,False,True,9.718607179820538e-05,
8,22,66,head_4,recovery,-0.029296875,-0.012899518013000488,4763,TGTGAG,3.771484375,721,AGCAAA,3.80859375,721,AGCAAA,3.80859375,4763,TGTGAG,2.4500806830474176e-05,721,AGCAAA,0.06289485096931458,721,AGCAAA,0.06289485096931458,False,False,True,6.664637476205826e-05,
8,23,66,head_4,recovery,0.0,0.028812050819396973,4763,TGTGAG,3.771484375,721,AGCAAA,3.806640625,721,AGCAAA,3.806640625,4763,TGTGAG,2.454077184665948e-05,721,AGCAAA,0.06268871575593948,721,AGCAAA,0.06268871575593948,False,False,True,8.275476284325123e-05,
8,24,66,head_4,recovery,-0.029296875,0.0013475418090820312,4763,TGTGAG,3.771484375,721,AGCAAA,3.80859375,721,AGCAAA,3.80859375,4763,TGTGAG,2.4518603822798468e-05,721,AGCAAA,0.06282445043325424,721,AGCAAA,0.06282445043325424,False,False,True,2.8556212782859802e-05,
8,25,66,head_4,recovery,0.0,0.027214348316192627,4763,TGTGAG,3.7734375,721,AGCAAA,3.80859375,721,AGCAAA,3.80859375,4763,TGTGAG,2.463579221512191e-05,721,AGCAAA,0.06269671022891998,721,AGCAAA,0.06269671022891998,False,False,True,3.913184627890587e-05,
8,26,66,head_4,recovery,0.0,0.001697242259979248,4763,TGTGAG,3.7734375,721,AGCAAA,3.80859375,721,AGCAAA,3.80859375,4763,TGTGAG,2.4563236365793273e-05,721,AGCAAA,0.06282276660203934,721,AGCAAA,0.06282276660203934,False,False,True,3.3353688195347786e-05,
8,27,66,head_4,recovery,0.029296875,0.03384643793106079,4763,TGTGAG,3.7734375,721,AGCAAA,3.806640625,721,AGCAAA,3.806640625,4763,TGTGAG,2.459887218719814e-05,721,AGCAAA,0.06266389042139053,721,AGCAAA,0.06266389042139053,False,False,True,1.8069753423333168e-05,
8,28,66,head_4,recovery,0.0,-0.019135236740112305,4763,TGTGAG,3.7734375,721,AGCAAA,3.80859375,721,AGCAAA,3.80859375,4763,TGTGAG,2.4518052669009194e-05,721,AGCAAA,0.06292569637298584,721,AGCAAA,0.06292569637298584,False,False,True,2.5195535272359848e-05,
8,29,66,head_4,recovery,-0.029296875,-0.03279590606689453,4763,TGTGAG,3.771484375,721,AGCAAA,3.80859375,721,AGCAAA,3.80859375,4763,TGTGAG,2.4530882001272403e-05,721,AGCAAA,0.06299322843551636,721,AGCAAA,0.06299322843551636,False,False,True,-2.9617920517921448e-05,
8,30,66,head_4,recovery,-0.029296875,0.0036340951919555664,4763,TGTGAG,3.771484375,721,AGCAAA,3.80859375,721,AGCAAA,3.80859375,4763,TGTGAG,2.4532902898499742e-05,721,AGCAAA,0.0628131628036499,721,AGCAAA,0.0628131628036499,False,False,True,4.229368641972542e-05,
8,31,66,head_4,recovery,0.0,-0.014697670936584473,4763,TGTGAG,3.7734375,721,AGCAAA,3.80859375,721,AGCAAA,3.80859375,4763,TGTGAG,2.4456458049826324e-05,721,AGCAAA,0.06290369480848312,721,AGCAAA,0.06290369480848312,False,False,True,2.8502894565463066e-05,
8,32,66,head_4,recovery,0.029296875,0.003513514995574951,4763,TGTGAG,3.7734375,721,AGCAAA,3.806640625,721,AGCAAA,3.806640625,4763,TGTGAG,2.454961031617131e-05,721,AGCAAA,0.06281377375125885,721,AGCAAA,0.06281377375125885,False,False,True,4.532746970653534e-06,
8,33,66,head_4,recovery,0.029296875,0.020050108432769775,4763,TGTGAG,3.7734375,721,AGCAAA,3.806640625,721,AGCAAA,3.806640625,4763,TGTGAG,2.45247756538447e-05,721,AGCAAA,0.06273201107978821,721,AGCAAA,0.06273201107978821,False,False,True,3.4266384318470955e-05,
8,34,66,head_4,recovery,0.0,-0.06460750102996826,4763,TGTGAG,3.7734375,721,AGCAAA,3.80859375,721,AGCAAA,3.80859375,4763,TGTGAG,2.449661769787781e-05,721,AGCAAA,0.06315044313669205,721,AGCAAA,0.06315044313669205,False,False,True,3.6217039451003075e-05,
9,0,66,head_4,recovery,0.0,-0.00334775447845459,4763,TGTGAG,3.771484375,721,AGCAAA,3.806640625,721,AGCAAA,3.806640625,4763,TGTGAG,2.462290649418719e-05,721,AGCAAA,0.06284776329994202,721,AGCAAA,0.06284776329994202,False,False,True,-5.003996193408966e-06,
9,1,66,head_4,recovery,0.0,-0.03147244453430176,4763,TGTGAG,3.7734375,721,AGCAAA,3.80859375,721,AGCAAA,3.80859375,4763,TGTGAG,2.4504019165760837e-05,721,AGCAAA,0.06298666447401047,721,AGCAAA,0.06298666447401047,False,False,True,2.1546147763729095e-05,
9,2,66,head_4,recovery,0.0,-0.0029000043869018555,4763,TGTGAG,3.771484375,721,AGCAAA,3.806640625,721,AGCAAA,3.806640625,4763,TGTGAG,2.4538778234273195e-05,721,AGCAAA,0.06284546852111816,721,AGCAAA,0.06284546852111816,False,False,True,7.10685271769762e-05,
9,3,66,head_4,recovery,-0.029296875,-0.011481165885925293,4763,TGTGAG,3.771484375,721,AGCAAA,3.80859375,721,AGCAAA,3.80859375,4763,TGTGAG,2.4502940505044535e-05,721,AGCAAA,0.06288784742355347,721,AGCAAA,0.06288784742355347,False,False,True,1.0952353477478027e-06,
9,4,66,head_4,recovery,0.0,-0.0122452974319458,4763,TGTGAG,3.771484375,721,AGCAAA,3.806640625,721,AGCAAA,3.806640625,4763,TGTGAG,2.4518622012692504e-05,721,AGCAAA,0.0628916397690773,721,AGCAAA,0.0628916397690773,False,False,True,5.132751539349556e-06,
9,5,66,head_4,recovery,0.029296875,0.009298563003540039,4763,TGTGAG,3.771484375,721,AGCAAA,3.8046875,721,AGCAAA,3.8046875,4763,TGTGAG,2.4597664378234185e-05,721,AGCAAA,0.06278522312641144,721,AGCAAA,0.06278522312641144,False,False,True,8.260831236839294e-06,
9,6,66,head_4,recovery,-0.029296875,-0.02339637279510498,4763,TGTGAG,3.7734375,721,AGCAAA,3.810546875,721,AGCAAA,3.810546875,4763,TGTGAG,2.449185194564052e-05,721,AGCAAA,0.06294672936201096,721,AGCAAA,0.06294672936201096,False,False,True,4.3770065531134605e-05,
9,7,66,head_4,recovery,0.029296875,0.00699537992477417,4763,TGTGAG,3.7734375,721,AGCAAA,3.806640625,721,AGCAAA,3.806640625,4763,TGTGAG,2.4607379600638524e-05,721,AGCAAA,0.06279662251472473,721,AGCAAA,0.06279662251472473,False,False,True,5.280598998069763e-06,
9,8,66,head_4,recovery,-0.029296875,-0.07331967353820801,4763,TGTGAG,3.7734375,721,AGCAAA,3.810546875,721,AGCAAA,3.810546875,4763,TGTGAG,2.4544760890421458e-05,721,AGCAAA,0.06319355219602585,721,AGCAAA,0.06319355219602585,False,False,True,4.551582969725132e-05,
9,9,66,head_4,recovery,0.029296875,-0.008139371871948242,4763,TGTGAG,3.7734375,721,AGCAAA,3.806640625,721,AGCAAA,3.806640625,4763,TGTGAG,2.470370236551389e-05,721,AGCAAA,0.0628715306520462,721,AGCAAA,0.0628715306520462,False,False,True,7.725623436272144e-05,
9,10,66,head_4,recovery,0.0,0.04137992858886719,4763,TGTGAG,3.7734375,721,AGCAAA,3.80859375,721,AGCAAA,3.80859375,4763,TGTGAG,2.4692526494618505e-05,721,AGCAAA,0.06262674182653427,721,AGCAAA,0.06262674182653427,False,False,True,-5.432171747088432e-06,
9,11,66,head_4,recovery,0.05859375,0.044641733169555664,4763,TGTGAG,3.77734375,721,AGCAAA,3.80859375,721,AGCAAA,3.80859375,4763,TGTGAG,2.4576052965130657e-05,721,AGCAAA,0.06261050701141357,721,AGCAAA,0.06261050701141357,False,False,True,-2.710474655032158e-05,
9,12,66,head_4,recovery,0.08837890625,0.011964976787567139,4763,TGTGAG,3.77734375,721,AGCAAA,3.806640625,721,AGCAAA,3.806640625,4763,TGTGAG,2.4597004085080698e-05,721,AGCAAA,0.06277204304933548,721,AGCAAA,0.06277204304933548,False,False,True,-0.00017799274064600468,
9,13,66,head_4,recovery,0.05859375,-0.007069230079650879,4763,TGTGAG,3.77734375,721,AGCAAA,3.80859375,721,AGCAAA,3.80859375,4763,TGTGAG,2.4539331207051873e-05,721,AGCAAA,0.06286607682704926,721,AGCAAA,0.06286607682704926,False,False,True,-0.0002602413296699524,
9,14,66,head_4,recovery,0.029296875,0.030216872692108154,4763,TGTGAG,3.7734375,721,AGCAAA,3.806640625,721,AGCAAA,3.806640625,4763,TGTGAG,2.4467017283313908e-05,721,AGCAAA,0.06268169730901718,721,AGCAAA,0.06268169730901718,False,False,True,-0.0001796965952962637,
9,15,66,head_4,recovery,0.029296875,-0.02598583698272705,4763,TGTGAG,3.77734375,721,AGCAAA,3.810546875,721,AGCAAA,3.810546875,4763,TGTGAG,2.4491971998941153e-05,721,AGCAAA,0.06295952945947647,721,AGCAAA,0.06295952945947647,False,False,True,3.156694583594799e-05,
9,16,66,head_4,recovery,-0.05859375,-0.025104045867919922,4763,TGTGAG,3.76953125,721,AGCAAA,3.80859375,721,AGCAAA,3.80859375,4763,TGTGAG,2.4499247956555337e-05,721,AGCAAA,0.06295517832040787,721,AGCAAA,0.06295517832040787,False,False,True,6.601028144359589e-05,
9,17,66,head_4,recovery,0.0,-0.03655052185058594,4763,TGTGAG,3.7734375,721,AGCAAA,3.80859375,721,AGCAAA,3.80859375,4763,TGTGAG,2.4506305635441095e-05,721,AGCAAA,0.0630117654800415,721,AGCAAA,0.0630117654800415,False,False,True,9.551062248647213e-05,
9,18,66,head_4,recovery,0.0,0.017454564571380615,4763,TGTGAG,3.7734375,721,AGCAAA,3.80859375,721,AGCAAA,3.80859375,4763,TGTGAG,2.456499896652531e-05,721,AGCAAA,0.0627448782324791,721,AGCAAA,0.0627448782324791,False,False,True,3.331433981657028e-05,
9,19,66,head_4,recovery,-0.029296875,0.019129157066345215,4763,TGTGAG,3.76953125,721,AGCAAA,3.806640625,721,AGCAAA,3.806640625,4763,TGTGAG,2.455800677125808e-05,721,AGCAAA,0.06273659318685532,721,AGCAAA,0.06273659318685532,False,False,True,-1.0541407391428947e-05,
9,20,66,head_4,recovery,-0.029296875,-0.01598036289215088,4763,TGTGAG,3.76953125,721,AGCAAA,3.806640625,721,AGCAAA,3.806640625,4763,TGTGAG,2.447124097670894e-05,721,AGCAAA,0.0629100501537323,721,AGCAAA,0.0629100501537323,False,False,True,-7.087830454111099e-06,
9,21,66,head_4,recovery,-0.029296875,-0.019711017608642578,4763,TGTGAG,3.771484375,721,AGCAAA,3.80859375,721,AGCAAA,3.80859375,4763,TGTGAG,2.448775376251433e-05,721,AGCAAA,0.06292851269245148,721,AGCAAA,0.06292851269245148,False,False,True,-2.0479783415794373e-06,
9,22,66,head_4,recovery,0.0,0.022611021995544434,4763,TGTGAG,3.7734375,721,AGCAAA,3.80859375,721,AGCAAA,3.80859375,4763,TGTGAG,2.4488419512636028e-05,721,AGCAAA,0.06271931529045105,721,AGCAAA,0.06271931529045105,False,False,True,-1.0672025382518768e-05,
9,23,66,head_4,recovery,0.0,-0.017875075340270996,4763,TGTGAG,3.7734375,721,AGCAAA,3.80859375,721,AGCAAA,3.80859375,4763,TGTGAG,2.451936961733736e-05,721,AGCAAA,0.06291946768760681,721,AGCAAA,0.06291946768760681,False,False,True,-1.8800608813762665e-05,
9,24,66,head_4,recovery,0.0,0.005950808525085449,4763,TGTGAG,3.7734375,721,AGCAAA,3.80859375,721,AGCAAA,3.80859375,4763,TGTGAG,2.46398394665448e-05,721,AGCAAA,0.06280181556940079,721,AGCAAA,0.06280181556940079,False,False,True,1.5696510672569275e-05,
9,25,66,head_4,recovery,-0.029296875,-0.04948318004608154,4763,TGTGAG,3.771484375,721,AGCAAA,3.80859375,721,AGCAAA,3.80859375,4763,TGTGAG,2.45941319008125e-05,721,AGCAAA,0.06307578086853027,721,AGCAAA,0.06307578086853027,False,False,True,8.905073627829552e-05,
9,26,66,head_4,recovery,-0.029296875,0.024722754955291748,4763,TGTGAG,3.771484375,721,AGCAAA,3.80859375,721,AGCAAA,3.80859375,4763,TGTGAG,2.4562550606788136e-05,721,AGCAAA,0.06270895153284073,721,AGCAAA,0.06270895153284073,False,False,True,7.697194814682007e-05,
9,27,66,head_4,recovery,-0.029296875,0.03648269176483154,4763,TGTGAG,3.76953125,721,AGCAAA,3.806640625,721,AGCAAA,3.806640625,4763,TGTGAG,2.4562257749494165e-05,721,AGCAAA,0.06265082210302353,721,AGCAAA,0.06265082210302353,False,False,True,3.67059838026762e-05,
9,28,66,head_4,recovery,0.029296875,0.06278359889984131,4763,TGTGAG,3.771484375,721,AGCAAA,3.8046875,721,AGCAAA,3.8046875,4763,TGTGAG,2.4593333364464343e-05,721,AGCAAA,0.06252084672451019,721,AGCAAA,0.06252084672451019,False,False,True,7.56443478167057e-06,
9,29,66,head_4,recovery,-0.029296875,0.01926332712173462,4763,TGTGAG,3.7734375,721,AGCAAA,3.810546875,721,AGCAAA,3.810546875,4763,TGTGAG,2.4531533199478872e-05,721,AGCAAA,0.0627359077334404,721,AGCAAA,0.0627359077334404,False,False,True,3.4278957173228264e-05,
9,30,66,head_4,recovery,-0.029296875,0.014525830745697021,4763,TGTGAG,3.771484375,721,AGCAAA,3.80859375,721,AGCAAA,3.80859375,4763,TGTGAG,2.4644259610795416e-05,721,AGCAAA,0.06275943666696548,721,AGCAAA,0.06275943666696548,False,False,True,1.7889076843857765e-05,
9,31,66,head_4,recovery,-0.029296875,0.01732790470123291,4763,TGTGAG,3.771484375,721,AGCAAA,3.80859375,721,AGCAAA,3.80859375,4763,TGTGAG,2.4549504814785905e-05,721,AGCAAA,0.06274548918008804,721,AGCAAA,0.06274548918008804,False,False,True,3.2115262001752853e-05,
9,32,66,head_4,recovery,-0.087890625,-0.07504546642303467,4763,TGTGAG,3.76953125,721,AGCAAA,3.810546875,721,AGCAAA,3.810546875,4763,TGTGAG,2.4436338208033703e-05,721,AGCAAA,0.06320197880268097,721,AGCAAA,0.06320197880268097,False,False,True,5.087163299322128e-05,
9,33,66,head_4,recovery,-0.029296875,0.014577090740203857,4763,TGTGAG,3.771484375,721,AGCAAA,3.80859375,721,AGCAAA,3.80859375,4763,TGTGAG,2.4536095224902965e-05,721,AGCAAA,0.06275907158851624,721,AGCAAA,0.06275907158851624,False,False,True,3.7394929677248e-06,
9,34,66,head_4,recovery,-0.05859375,0.04157739877700806,4763,TGTGAG,3.771484375,721,AGCAAA,3.810546875,721,AGCAAA,3.810546875,4763,TGTGAG,2.4479066269122995e-05,721,AGCAAA,0.06262555718421936,721,AGCAAA,0.06262555718421936,False,False,True,3.91968060284853e-05,
10,0,66,head_4,recovery,-0.029296875,-0.015311121940612793,4763,TGTGAG,3.771484375,721,AGCAAA,3.80859375,721,AGCAAA,3.80859375,4763,TGTGAG,2.4461742214043625e-05,721,AGCAAA,0.06290673464536667,721,AGCAAA,0.06290673464536667,False,False,True,3.208918496966362e-05,
10,1,66,head_4,recovery,0.0,-0.011431336402893066,4763,TGTGAG,3.7734375,721,AGCAAA,3.80859375,721,AGCAAA,3.80859375,4763,TGTGAG,2.4494245735695586e-05,721,AGCAAA,0.06288759410381317,721,AGCAAA,0.06288759410381317,False,False,True,2.1047890186309814e-06,
10,2,66,head_4,recovery,-0.029296875,0.00953817367553711,4763,TGTGAG,3.76953125,721,AGCAAA,3.806640625,721,AGCAAA,3.806640625,4763,TGTGAG,2.4499437131453305e-05,721,AGCAAA,0.06278394162654877,721,AGCAAA,0.06278394162654877,False,False,True,4.7245994210243225e-05,
10,3,66,head_4,recovery,0.0,-0.010187864303588867,4763,TGTGAG,3.771484375,721,AGCAAA,3.806640625,721,AGCAAA,3.806640625,4763,TGTGAG,2.4461969587719068e-05,721,AGCAAA,0.06288141012191772,721,AGCAAA,0.06288141012191772,False,False,True,3.337627276778221e-05,
10,4,66,head_4,recovery,-0.05859375,-0.010505914688110352,4763,TGTGAG,3.771484375,721,AGCAAA,3.810546875,721,AGCAAA,3.810546875,4763,TGTGAG,2.4517890778952278e-05,721,AGCAAA,0.06288304179906845,721,AGCAAA,0.06288304179906845,False,False,True,2.1816464141011238e-05,
10,5,66,head_4,recovery,0.05859375,0.022500991821289062,4763,TGTGAG,3.77734375,721,AGCAAA,3.80859375,721,AGCAAA,3.80859375,4763,TGTGAG,2.4649831175338477e-05,721,AGCAAA,0.06272001564502716,721,AGCAAA,0.06272001564502716,False,False,True,-6.377836689352989e-05,
10,6,66,head_4,recovery,0.05859375,0.013656139373779297,4763,TGTGAG,3.77734375,721,AGCAAA,3.80859375,721,AGCAAA,3.80859375,4763,TGTGAG,2.4554356059525162e-05,721,AGCAAA,0.06276364624500275,721,AGCAAA,0.06276364624500275,False,False,True,-7.636332884430885e-05,
10,7,66,head_4,recovery,0.05859375,0.004295825958251953,4763,TGTGAG,3.77734375,721,AGCAAA,3.80859375,721,AGCAAA,3.80859375,4763,TGTGAG,2.4601346012786962e-05,721,AGCAAA,0.06280995905399323,721,AGCAAA,0.06280995905399323,False,False,True,-0.0001006291713565588,
10,8,66,head_4,recovery,0.0,-0.008065581321716309,4763,TGTGAG,3.7734375,721,AGCAAA,3.80859375,721,AGCAAA,3.80859375,4763,TGTGAG,2.4447441319352947e-05,721,AGCAAA,0.06287090480327606,721,AGCAAA,0.06287090480327606,False,False,True,-0.00012281956151127815,
10,9,66,head_4,recovery,0.05859375,0.03706151247024536,4763,TGTGAG,3.77734375,721,AGCAAA,3.80859375,721,AGCAAA,3.80859375,4763,TGTGAG,2.452817716402933e-05,721,AGCAAA,0.06264792382717133,721,AGCAAA,0.06264792382717133,False,False,True,-9.956071153283119e-05,
10,10,66,head_4,recovery,0.05859375,0.05937105417251587,4763,TGTGAG,3.77734375,721,AGCAAA,3.80859375,721,AGCAAA,3.80859375,4763,TGTGAG,2.4541108359699138e-05,721,AGCAAA,0.06253766268491745,721,AGCAAA,0.06253766268491745,False,False,True,-0.0001455687452107668,
10,11,66,head_4,recovery,0.11767578125,0.02542513608932495,4763,TGTGAG,3.779296875,721,AGCAAA,3.806640625,721,AGCAAA,3.806640625,4763,TGTGAG,2.458143535477575e-05,721,AGCAAA,0.06270549446344376,721,AGCAAA,0.06270549446344376,False,False,True,-0.0001415652222931385,
10,12,66,head_4,recovery,0.11767578125,0.08443450927734375,4763,TGTGAG,3.779296875,721,AGCAAA,3.806640625,721,AGCAAA,3.806640625,4763,TGTGAG,2.4500339350197464e-05,721,AGCAAA,0.06241373345255852,721,AGCAAA,0.06241373345255852,False,False,True,-0.00022844504565000534,
10,13,66,head_4,recovery,0.08837890625,0.034773409366607666,4763,TGTGAG,3.779296875,721,AGCAAA,3.80859375,721,AGCAAA,3.80859375,4763,TGTGAG,2.4473160010529682e-05,721,AGCAAA,0.06265918165445328,721,AGCAAA,0.06265918165445328,False,False,True,-0.000286605441942811,
10,14,66,head_4,recovery,0.05859375,0.01038980484008789,4763,TGTGAG,3.77734375,721,AGCAAA,3.80859375,721,AGCAAA,3.80859375,4763,TGTGAG,2.45183637161972e-05,721,AGCAAA,0.0627797544002533,721,AGCAAA,0.0627797544002533,False,False,True,-0.00022623850964009762,
10,15,66,head_4,recovery,0.0,0.0031592845916748047,4763,TGTGAG,3.771484375,721,AGCAAA,3.806640625,721,AGCAAA,3.806640625,4763,TGTGAG,2.4399794710916467e-05,721,AGCAAA,0.06281537562608719,721,AGCAAA,0.06281537562608719,False,False,True,-0.00011438829824328423,
10,16,66,head_4,recovery,0.0,0.004009425640106201,4763,TGTGAG,3.771484375,721,AGCAAA,3.806640625,721,AGCAAA,3.806640625,4763,TGTGAG,2.4466758986818604e-05,721,AGCAAA,0.0628112405538559,721,AGCAAA,0.0628112405538559,False,False,True,-9.218649938702583e-05,
10,17,66,head_4,recovery,0.0,0.015690982341766357,4763,TGTGAG,3.76953125,721,AGCAAA,3.8046875,721,AGCAAA,3.8046875,4763,TGTGAG,2.449467319820542e-05,721,AGCAAA,0.06275352835655212,721,AGCAAA,0.06275352835655212,False,False,True,-4.5312801375985146e-05,
10,18,66,head_4,recovery,-0.029296875,-0.024082183837890625,4763,TGTGAG,3.76953125,721,AGCAAA,3.806640625,721,AGCAAA,3.806640625,4763,TGTGAG,2.4559411031077616e-05,721,AGCAAA,0.06295018643140793,721,AGCAAA,0.06295018643140793,False,False,True,-1.8828315660357475e-05,
10,19,66,head_4,recovery,0.0,0.005931258201599121,4763,TGTGAG,3.771484375,721,AGCAAA,3.806640625,721,AGCAAA,3.806640625,4763,TGTGAG,2.4437687898171134e-05,721,AGCAAA,0.06280171126127243,721,AGCAAA,0.06280171126127243,False,False,True,1.6523990780115128e-05,
10,20,66,head_4,recovery,0.0,-0.03676152229309082,4763,TGTGAG,3.7734375,721,AGCAAA,3.80859375,721,AGCAAA,3.80859375,4763,TGTGAG,2.4513445168850012e-05,721,AGCAAA,0.06301281601190567,721,AGCAAA,0.06301281601190567,False,False,True,2.4697743356227875e-05,
10,21,66,head_4,recovery,0.029296875,-0.010198354721069336,4763,TGTGAG,3.7734375,721,AGCAAA,3.806640625,721,AGCAAA,3.806640625,4763,TGTGAG,2.4485143512720242e-05,721,AGCAAA,0.0628814846277237,721,AGCAAA,0.0628814846277237,False,False,True,3.338954411447048e-05,
10,22,66,head_4,recovery,0.0,0.018681466579437256,4763,TGTGAG,3.7734375,721,AGCAAA,3.80859375,721,AGCAAA,3.80859375,4763,TGTGAG,2.4510209186701104e-05,721,AGCAAA,0.06273876130580902,721,AGCAAA,0.06273876130580902,False,False,True,4.7345878556370735e-05,
10,23,66,head_4,recovery,0.05859375,-0.014825820922851562,4763,TGTGAG,3.77734375,721,AGCAAA,3.80859375,721,AGCAAA,3.80859375,4763,TGTGAG,2.4541563107050024e-05,721,AGCAAA,0.06290441751480103,721,AGCAAA,0.06290441751480103,False,False,True,3.214622847735882e-05,
10,24,66,head_4,recovery,0.0,0.001905202865600586,4763,TGTGAG,3.7734375,721,AGCAAA,3.80859375,721,AGCAAA,3.80859375,4763,TGTGAG,2.450107058393769e-05,721,AGCAAA,0.06282167136669159,721,AGCAAA,0.06282167136669159,False,False,True,4.0464336052536964e-05,
10,25,66,head_4,recovery,0.0,-0.022096991539001465,4763,TGTGAG,3.7734375,721,AGCAAA,3.80859375,721,AGCAAA,3.80859375,4763,TGTGAG,2.4504681277903728e-05,721,AGCAAA,0.0629403218626976,721,AGCAAA,0.0629403218626976,False,False,True,1.23616773635149e-05,
10,26,66,head_4,recovery,-0.029296875,0.0007385611534118652,4763,TGTGAG,3.771484375,721,AGCAAA,3.80859375,721,AGCAAA,3.80859375,4763,TGTGAG,2.44984603341436e-05,721,AGCAAA,0.06282743811607361,721,AGCAAA,0.06282743811607361,False,False,True,2.5988556444644928e-05,
10,27,66,head_4,recovery,0.0,0.015032291412353516,4763,TGTGAG,3.771484375,721,AGCAAA,3.806640625,721,AGCAAA,3.806640625,4763,TGTGAG,2.4535967895644717e-05,721,AGCAAA,0.06275682151317596,721,AGCAAA,0.06275682151317596,False,False,True,-3.850553184747696e-06,
10,28,66,head_4,recovery,-0.029296875,-0.0024508237838745117,4763,TGTGAG,3.771484375,721,AGCAAA,3.80859375,721,AGCAAA,3.80859375,4763,TGTGAG,2.4521812520106323e-05,721,AGCAAA,0.06284322589635849,721,AGCAAA,0.06284322589635849,False,False,True,-5.050329491496086e-06,
10,29,66,head_4,recovery,0.0,-0.007455110549926758,4763,TGTGAG,3.7734375,721,AGCAAA,3.80859375,721,AGCAAA,3.80859375,4763,TGTGAG,2.4538203433621675e-05,721,AGCAAA,0.06286797672510147,721,AGCAAA,0.06286797672510147,False,False,True,1.0973308235406876e-05,
10,30,66,head_4,recovery,-0.029296875,0.00501781702041626,4763,TGTGAG,3.771484375,721,AGCAAA,3.80859375,721,AGCAAA,3.80859375,4763,TGTGAG,2.4510029106750153e-05,721,AGCAAA,0.06280630081892014,721,AGCAAA,0.06280630081892014,False,False,True,2.0635779947042465e-05,
10,31,66,head_4,recovery,0.0,-0.024553894996643066,4763,TGTGAG,3.7734375,721,AGCAAA,3.80859375,721,AGCAAA,3.80859375,4763,TGTGAG,2.45689443545416e-05,721,AGCAAA,0.06295253336429596,721,AGCAAA,0.06295253336429596,False,False,True,3.772648051381111e-05,
10,32,66,head_4,recovery,0.029296875,-0.04383230209350586,4763,TGTGAG,3.7734375,721,AGCAAA,3.806640625,721,AGCAAA,3.806640625,4763,TGTGAG,2.4562996259192005e-05,721,AGCAAA,0.06304781883955002,721,AGCAAA,0.06304781883955002,False,False,True,2.9273563995957375e-05,
10,33,66,head_4,recovery,0.0,-0.030052542686462402,4763,TGTGAG,3.7734375,721,AGCAAA,3.80859375,721,AGCAAA,3.80859375,4763,TGTGAG,2.458480048517231e-05,721,AGCAAA,0.06297972798347473,721,AGCAAA,0.06297972798347473,False,False,True,2.423650585114956e-05,
10,34,66,head_4,recovery,-0.029296875,-0.05029261112213135,4763,TGTGAG,3.7734375,721,AGCAAA,3.810546875,721,AGCAAA,3.810546875,4763,TGTGAG,2.4472159566357732e-05,721,AGCAAA,0.06307966262102127,721,AGCAAA,0.06307966262102127,False,False,True,8.520437404513359e-06,
11,0,66,head_4,recovery,0.029296875,0.01312708854675293,4763,TGTGAG,3.7734375,721,AGCAAA,3.806640625,721,AGCAAA,3.806640625,4763,TGTGAG,2.455388312228024e-05,721,AGCAAA,0.06276626139879227,721,AGCAAA,0.06276626139879227,False,False,True,1.7750076949596405e-05,
11,1,66,head_4,recovery,0.0,-0.006143808364868164,4763,TGTGAG,3.7734375,721,AGCAAA,3.80859375,721,AGCAAA,3.80859375,4763,TGTGAG,2.448443956382107e-05,721,AGCAAA,0.06286144256591797,721,AGCAAA,0.06286144256591797,False,False,True,1.808255910873413e-05,
11,2,66,head_4,recovery,-0.029296875,-0.020331978797912598,4763,TGTGAG,3.7734375,721,AGCAAA,3.810546875,721,AGCAAA,3.810546875,4763,TGTGAG,2.4415820007561706e-05,721,AGCAAA,0.06293150782585144,721,AGCAAA,0.06293150782585144,False,False,True,-2.4940818548202515e-06,
11,3,66,head_4,recovery,0.0,-0.008014321327209473,4763,TGTGAG,3.7734375,721,AGCAAA,3.80859375,721,AGCAAA,3.80859375,4763,TGTGAG,2.4492148440913297e-05,721,AGCAAA,0.06287069618701935,721,AGCAAA,0.06287069618701935,False,False,True,1.2227799743413925e-05,
11,4,66,head_4,recovery,-0.029296875,0.02227187156677246,4763,TGTGAG,3.7734375,721,AGCAAA,3.810546875,721,AGCAAA,3.810546875,4763,TGTGAG,2.450252759444993e-05,721,AGCAAA,0.06272100657224655,721,AGCAAA,0.06272100657224655,False,False,True,1.4347955584526062e-05,
11,5,66,head_4,recovery,-0.029296875,0.04186981916427612,4763,TGTGAG,3.771484375,721,AGCAAA,3.80859375,721,AGCAAA,3.80859375,4763,TGTGAG,2.445722020638641e-05,721,AGCAAA,0.06262408941984177,721,AGCAAA,0.06262408941984177,False,False,True,1.4717690646648407e-05,
11,6,66,head_4,recovery,0.0,0.013720989227294922,4763,TGTGAG,3.7734375,721,AGCAAA,3.80859375,721,AGCAAA,3.80859375,4763,TGTGAG,2.4511931769666262e-05,721,AGCAAA,0.0627632811665535,721,AGCAAA,0.0627632811665535,False,False,True,-1.7507700249552727e-05,
11,7,66,head_4,recovery,0.05859375,-0.02849400043487549,4763,TGTGAG,3.77734375,721,AGCAAA,3.80859375,721,AGCAAA,3.80859375,4763,TGTGAG,2.4551058231736533e-05,721,AGCAAA,0.06297198683023453,721,AGCAAA,0.06297198683023453,False,False,True,-1.9103754311800003e-06,
11,8,66,head_4,recovery,0.0,-0.02277982234954834,4763,TGTGAG,3.7734375,721,AGCAAA,3.80859375,721,AGCAAA,3.80859375,4763,TGTGAG,2.449589919706341e-05,721,AGCAAA,0.06294368952512741,721,AGCAAA,0.06294368952512741,False,False,True,4.255538806319237e-05,
11,9,66,head_4,recovery,0.0,0.018132805824279785,4763,TGTGAG,3.771484375,721,AGCAAA,3.806640625,721,AGCAAA,3.806640625,4763,TGTGAG,2.4468667106702924e-05,721,AGCAAA,0.06274142861366272,721,AGCAAA,0.06274142861366272,False,False,True,3.889668732881546e-06,
11,10,66,head_4,recovery,0.0,0.02932155132293701,4763,TGTGAG,3.771484375,721,AGCAAA,3.806640625,721,AGCAAA,3.806640625,4763,TGTGAG,2.449564271955751e-05,721,AGCAAA,0.06268615275621414,721,AGCAAA,0.06268615275621414,False,False,True,3.2095471397042274e-05,
11,11,66,head_4,recovery,0.0,-0.033474087715148926,4763,TGTGAG,3.7734375,721,AGCAAA,3.80859375,721,AGCAAA,3.80859375,4763,TGTGAG,2.4441771529382095e-05,721,AGCAAA,0.06299649924039841,721,AGCAAA,0.06299649924039841,False,False,True,3.844243474304676e-05,
11,12,66,head_4,recovery,0.08837890625,0.012524187564849854,4763,TGTGAG,3.77734375,721,AGCAAA,3.806640625,721,AGCAAA,3.806640625,4763,TGTGAG,2.4608683816040866e-05,721,AGCAAA,0.06276929378509521,721,AGCAAA,0.06276929378509521,False,False,True,7.413327693939209e-07,
11,13,66,head_4,recovery,0.0,0.044273972511291504,4763,TGTGAG,3.7734375,721,AGCAAA,3.80859375,721,AGCAAA,3.80859375,4763,TGTGAG,2.462556403770577e-05,721,AGCAAA,0.0626123696565628,721,AGCAAA,0.0626123696565628,False,False,True,-8.998601697385311e-05,
11,14,66,head_4,recovery,0.08837890625,0.04210042953491211,4763,TGTGAG,3.77734375,721,AGCAAA,3.806640625,721,AGCAAA,3.806640625,4763,TGTGAG,2.469978790031746e-05,721,AGCAAA,0.06262318789958954,721,AGCAAA,0.06262318789958954,False,False,True,-7.80716072767973e-05,
11,15,66,head_4,recovery,0.08837890625,0.038642704486846924,4763,TGTGAG,3.77734375,721,AGCAAA,3.806640625,721,AGCAAA,3.806640625,4763,TGTGAG,2.4671493520145305e-05,721,AGCAAA,0.0626402497291565,721,AGCAAA,0.0626402497291565,False,False,True,-0.00011251005344092846,
11,16,66,head_4,recovery,0.0,-0.0383608341217041,4763,TGTGAG,3.771484375,721,AGCAAA,3.806640625,721,AGCAAA,3.806640625,4763,TGTGAG,2.4476152248098515e-05,721,AGCAAA,0.06302068382501602,721,AGCAAA,0.06302068382501602,False,False,True,-0.00019700638949871063,
11,17,66,head_4,recovery,0.0,-0.05543398857116699,4763,TGTGAG,3.771484375,721,AGCAAA,3.806640625,721,AGCAAA,3.806640625,4763,TGTGAG,2.4543729523429647e-05,721,AGCAAA,0.06310514360666275,721,AGCAAA,0.06310514360666275,False,False,True,-0.00016576005145907402,
11,18,66,head_4,recovery,0.0,-0.0281217098236084,4763,TGTGAG,3.771484375,721,AGCAAA,3.806640625,721,AGCAAA,3.806640625,4763,TGTGAG,2.452675107633695e-05,721,AGCAAA,0.0629701241850853,721,AGCAAA,0.0629701241850853,False,False,True,-0.00010077864862978458,
11,19,66,head_4,recovery,0.029296875,-0.007250070571899414,4763,TGTGAG,3.7734375,721,AGCAAA,3.806640625,721,AGCAAA,3.806640625,4763,TGTGAG,2.452358603477478e-05,721,AGCAAA,0.0628669485449791,721,AGCAAA,0.0628669485449791,False,False,True,6.326287984848022e-05,
11,20,66,head_4,recovery,0.0,-0.052420854568481445,4763,TGTGAG,3.7734375,721,AGCAAA,3.80859375,721,AGCAAA,3.80859375,4763,TGTGAG,2.4536439013900235e-05,721,AGCAAA,0.0630902424454689,721,AGCAAA,0.0630902424454689,False,False,True,6.831483915448189e-05,
11,21,66,head_4,recovery,-0.029296875,-0.03974902629852295,4763,TGTGAG,3.7734375,721,AGCAAA,3.810546875,721,AGCAAA,3.810546875,4763,TGTGAG,2.4531165763619356e-05,721,AGCAAA,0.06302760541439056,721,AGCAAA,0.06302760541439056,False,False,True,3.898167051374912e-05,
11,22,66,head_4,recovery,-0.029296875,-0.07358789443969727,4763,TGTGAG,3.7734375,721,AGCAAA,3.810546875,721,AGCAAA,3.810546875,4763,TGTGAG,2.456738002365455e-05,721,AGCAAA,0.06319490075111389,721,AGCAAA,0.06319490075111389,False,False,True,5.6540826335549355e-05,
11,23,66,head_4,recovery,-0.029296875,-0.05223703384399414,4763,TGTGAG,3.76953125,721,AGCAAA,3.806640625,721,AGCAAA,3.806640625,4763,TGTGAG,2.4504657631041482e-05,721,AGCAAA,0.06308930367231369,721,AGCAAA,0.06308930367231369,False,False,True,2.4180393666028976e-05,
11,24,66,head_4,recovery,0.0,-0.04816734790802002,4763,TGTGAG,3.7734375,721,AGCAAA,3.80859375,721,AGCAAA,3.80859375,4763,TGTGAG,2.453986780892592e-05,721,AGCAAA,0.06306922435760498,721,AGCAAA,0.06306922435760498,False,False,True,3.917957656085491e-05,
11,25,66,head_4,recovery,0.029296875,-0.013576269149780273,4763,TGTGAG,3.77734375,721,AGCAAA,3.810546875,721,AGCAAA,3.810546875,4763,TGTGAG,2.4665661840117536e-05,721,AGCAAA,0.06289836764335632,721,AGCAAA,0.06289836764335632,False,False,True,2.7987640351057053e-05,
11,26,66,head_4,recovery,0.0,-0.0004099607467651367,4763,TGTGAG,3.771484375,721,AGCAAA,3.806640625,721,AGCAAA,3.806640625,4763,TGTGAG,2.451226464472711e-05,721,AGCAAA,0.06283313035964966,721,AGCAAA,0.06283313035964966,False,False,True,1.2402189895510674e-05,
11,27,66,head_4,recovery,0.0,0.010627985000610352,4763,TGTGAG,3.7734375,721,AGCAAA,3.80859375,721,AGCAAA,3.80859375,4763,TGTGAG,2.4508177375537343e-05,721,AGCAAA,0.06277856230735779,721,AGCAAA,0.06277856230735779,False,False,True,3.296509385108948e-05,
11,28,66,head_4,recovery,0.0,0.0351412296295166,4763,TGTGAG,3.7734375,721,AGCAAA,3.80859375,721,AGCAAA,3.80859375,4763,TGTGAG,2.4482160370098427e-05,721,AGCAAA,0.06265737116336823,721,AGCAAA,0.06265737116336823,False,False,True,1.7941230908036232e-05,
11,29,66,head_4,recovery,-0.029296875,0.025869786739349365,4763,TGTGAG,3.771484375,721,AGCAAA,3.80859375,721,AGCAAA,3.80859375,4763,TGTGAG,2.4484370442223735e-05,721,AGCAAA,0.0627031996846199,721,AGCAAA,0.0627031996846199,False,False,True,2.6320340111851692e-05,
11,30,66,head_4,recovery,0.11767578125,0.061782777309417725,4763,TGTGAG,3.7734375,721,AGCAAA,3.80078125,721,AGCAAA,3.80078125,4763,TGTGAG,2.4521459636162035e-05,721,AGCAAA,0.06252571940422058,721,AGCAAA,0.06252571940422058,False,False,True,-2.1396204829216003e-05,
11,31,66,head_4,recovery,0.05859375,0.046102285385131836,4763,TGTGAG,3.7734375,721,AGCAAA,3.8046875,721,AGCAAA,3.8046875,4763,TGTGAG,2.44438269874081e-05,721,AGCAAA,0.06260315328836441,721,AGCAAA,0.06260315328836441,False,False,True,-1.667207106947899e-05,
11,32,66,head_4,recovery,0.08837890625,0.03212660551071167,4763,TGTGAG,3.77734375,721,AGCAAA,3.806640625,721,AGCAAA,3.806640625,4763,TGTGAG,2.4637898604851216e-05,721,AGCAAA,0.06267242878675461,721,AGCAAA,0.06267242878675461,False,False,True,-2.0156148821115494e-06,
11,33,66,head_4,recovery,0.0,-0.03302490711212158,4763,TGTGAG,3.7734375,721,AGCAAA,3.80859375,721,AGCAAA,3.80859375,4763,TGTGAG,2.450326610414777e-05,721,AGCAAA,0.0629943385720253,721,AGCAAA,0.0629943385720253,False,False,True,2.405373379588127e-06,
11,34,66,head_4,recovery,0.0,-0.027901649475097656,4763,TGTGAG,3.76953125,721,AGCAAA,3.8046875,721,AGCAAA,3.8046875,4763,TGTGAG,2.4300590666825883e-05,721,AGCAAA,0.06296881288290024,721,AGCAAA,0.06296881288290024,False,False,True,1.4892779290676117e-05,
12,0,66,head_4,recovery,0.0,0.016875743865966797,4763,TGTGAG,3.771484375,721,AGCAAA,3.806640625,721,AGCAAA,3.806640625,4763,TGTGAG,2.4496495825587772e-05,721,AGCAAA,0.06274767220020294,721,AGCAAA,0.06274767220020294,False,False,True,2.7349451556801796e-05,
12,1,66,head_4,recovery,0.029296875,0.010373234748840332,4763,TGTGAG,3.7734375,721,AGCAAA,3.806640625,721,AGCAAA,3.806640625,4763,TGTGAG,2.4507548005203716e-05,721,AGCAAA,0.06277982145547867,721,AGCAAA,0.06277982145547867,False,False,True,2.5112181901931763e-05,
12,2,66,head_4,recovery,0.029296875,-0.014905691146850586,4763,TGTGAG,3.77734375,721,AGCAAA,3.810546875,721,AGCAAA,3.810546875,4763,TGTGAG,2.453123488521669e-05,721,AGCAAA,0.06290480494499207,721,AGCAAA,0.06290480494499207,False,False,True,1.7396407201886177e-05,
12,3,66,head_4,recovery,0.0,0.0012420415878295898,4763,TGTGAG,3.7734375,721,AGCAAA,3.80859375,721,AGCAAA,3.80859375,4763,TGTGAG,2.442023833282292e-05,721,AGCAAA,0.06282487511634827,721,AGCAAA,0.06282487511634827,False,False,True,7.809605449438095e-06,
12,4,66,head_4,recovery,-0.029296875,-0.010064244270324707,4763,TGTGAG,3.771484375,721,AGCAAA,3.80859375,721,AGCAAA,3.80859375,4763,TGTGAG,2.445315294608008e-05,721,AGCAAA,0.06288079172372818,721,AGCAAA,0.06288079172372818,False,False,True,3.8903672248125076e-05,
12,5,66,head_4,recovery,0.0,0.010459184646606445,4763,TGTGAG,3.771484375,721,AGCAAA,3.806640625,721,AGCAAA,3.806640625,4763,TGTGAG,2.4499155188095756e-05,721,AGCAAA,0.06277938932180405,721,AGCAAA,0.06277938932180405,False,False,True,3.8011232390999794e-05,
12,6,66,head_4,recovery,-0.029296875,-0.041642189025878906,4763,TGTGAG,3.771484375,721,AGCAAA,3.80859375,721,AGCAAA,3.80859375,4763,TGTGAG,2.44678849412594e-05,721,AGCAAA,0.06303689628839493,721,AGCAAA,0.06303689628839493,False,False,True,5.3502852097153664e-05,
12,7,66,head_4,recovery,-0.029296875,-0.006752729415893555,4763,TGTGAG,3.771484375,721,AGCAAA,3.80859375,721,AGCAAA,3.80859375,4763,TGTGAG,2.4504670363967307e-05,721,AGCAAA,0.06286447495222092,721,AGCAAA,0.06286447495222092,False,False,True,4.3351901695132256e-05,
12,8,66,head_4,recovery,0.0,0.012370407581329346,4763,TGTGAG,3.771484375,721,AGCAAA,3.806640625,721,AGCAAA,3.806640625,4763,TGTGAG,2.4440585548290983e-05,721,AGCAAA,0.06276988238096237,721,AGCAAA,0.06276988238096237,False,False,True,3.4517375752329826e-05,
12,9,66,head_4,recovery,-0.029296875,-0.027585148811340332,4763,TGTGAG,3.7734375,721,AGCAAA,3.810546875,721,AGCAAA,3.810546875,4763,TGTGAG,2.448458872095216e-05,721,AGCAAA,0.06296742707490921,721,AGCAAA,0.06296742707490921,False,False,True,-8.87131318449974e-06,
12,10,66,head_4,recovery,-0.029296875,-0.01793086528778076,4763,TGTGAG,3.771484375,721,AGCAAA,3.80859375,721,AGCAAA,3.80859375,4763,TGTGAG,2.446565849822946e-05,721,AGCAAA,0.06291969120502472,721,AGCAAA,0.06291969120502472,False,False,True,8.27014446258545e-06,
12,11,66,head_4,recovery,0.029296875,0.01826399564743042,4763,TGTGAG,3.7734375,721,AGCAAA,3.806640625,721,AGCAAA,3.806640625,4763,TGTGAG,2.4484099412802607e-05,721,AGCAAA,0.06274079531431198,721,AGCAAA,0.06274079531431198,False,False,True,-9.150244295597076e-08,
12,12,66,head_4,recovery,0.0,0.0046228766441345215,4763,TGTGAG,3.7734375,721,AGCAAA,3.80859375,721,AGCAAA,3.80859375,4763,TGTGAG,2.4466324248351157e-05,721,AGCAAA,0.06280820816755295,721,AGCAAA,0.06280820816755295,False,False,True,-2.357224002480507e-05,
12,13,66,head_4,recovery,0.0,0.010478734970092773,4763,TGTGAG,3.7734375,721,AGCAAA,3.80859375,721,AGCAAA,3.80859375,4763,TGTGAG,2.4490895157214254e-05,721,AGCAAA,0.06277928501367569,721,AGCAAA,0.06277928501367569,False,False,True,-2.757832407951355e-05,
12,14,66,head_4,recovery,0.0,-0.0071822404861450195,4763,TGTGAG,3.7734375,721,AGCAAA,3.80859375,721,AGCAAA,3.80859375,4763,TGTGAG,2.4452458092127927e-05,721,AGCAAA,0.06286654621362686,721,AGCAAA,0.06286654621362686,False,False,True,-1.3119308277964592e-05,
12,15,66,head_4,recovery,0.0,-0.014153599739074707,4763,TGTGAG,3.771484375,721,AGCAAA,3.806640625,721,AGCAAA,3.806640625,4763,TGTGAG,2.448602936055977e-05,721,AGCAAA,0.06290103495121002,721,AGCAAA,0.06290103495121002,False,False,True,-2.9778573662042618e-05,
12,16,66,head_4,recovery,-0.029296875,-0.010444045066833496,4763,TGTGAG,3.771484375,721,AGCAAA,3.80859375,721,AGCAAA,3.80859375,4763,TGTGAG,2.4496455807820894e-05,721,AGCAAA,0.06288271397352219,721,AGCAAA,0.06288271397352219,False,False,True,-5.6220218539237976e-05,
12,17,66,head_4,recovery,-0.029296875,-0.03482925891876221,4763,TGTGAG,3.771484375,721,AGCAAA,3.80859375,721,AGCAAA,3.80859375,4763,TGTGAG,2.4464892703690566e-05,721,AGCAAA,0.06300321966409683,721,AGCAAA,0.06300321966409683,False,False,True,-6.123539060354233e-05,
12,18,66,head_4,recovery,0.0,-0.023090362548828125,4763,TGTGAG,3.7734375,721,AGCAAA,3.80859375,721,AGCAAA,3.80859375,4763,TGTGAG,2.4541021048207767e-05,721,AGCAAA,0.06294526904821396,721,AGCAAA,0.06294526904821396,False,False,True,-3.6016106605529785e-05,
12,19,66,head_4,recovery,-0.029296875,-0.02329087257385254,4763,TGTGAG,3.771484375,721,AGCAAA,3.80859375,721,AGCAAA,3.80859375,4763,TGTGAG,2.4446475435979664e-05,721,AGCAAA,0.06294616311788559,721,AGCAAA,0.06294616311788559,False,False,True,-3.714696504175663e-05,
12,20,66,head_4,recovery,-0.029296875,-0.02415597438812256,4763,TGTGAG,3.771484375,721,AGCAAA,3.80859375,721,AGCAAA,3.80859375,4763,TGTGAG,2.45105147769209e-05,721,AGCAAA,0.0629505068063736,721,AGCAAA,0.0629505068063736,False,False,True,2.612289972603321e-05,
12,21,66,head_4,recovery,-0.029296875,-0.00717926025390625,4763,TGTGAG,3.771484375,721,AGCAAA,3.80859375,721,AGCAAA,3.80859375,4763,TGTGAG,2.444984420435503e-05,721,AGCAAA,0.06286653131246567,721,AGCAAA,0.06286653131246567,False,False,True,5.993526428937912e-06,
12,22,66,head_4,recovery,0.0,0.026516437530517578,4763,TGTGAG,3.7734375,721,AGCAAA,3.80859375,721,AGCAAA,3.80859375,4763,TGTGAG,2.4500308427377604e-05,721,AGCAAA,0.06270001828670502,721,AGCAAA,0.06270001828670502,False,False,True,-1.8218765035271645e-05,
12,23,66,head_4,recovery,-0.029296875,-0.006449699401855469,4763,TGTGAG,3.771484375,721,AGCAAA,3.80859375,721,AGCAAA,3.80859375,4763,TGTGAG,2.4460381609969772e-05,721,AGCAAA,0.06286293268203735,721,AGCAAA,0.06286293268203735,False,False,True,1.039355993270874e-05,
12,24,66,head_4,recovery,0.0,-0.025720596313476562,4763,TGTGAG,3.7734375,721,AGCAAA,3.80859375,721,AGCAAA,3.80859375,4763,TGTGAG,2.4533355826861225e-05,721,AGCAAA,0.062958262860775,721,AGCAAA,0.062958262860775,False,False,True,2.1692831069231033e-05,
12,25,66,head_4,recovery,0.029296875,0.02099066972732544,4763,TGTGAG,3.7734375,721,AGCAAA,3.806640625,721,AGCAAA,3.806640625,4763,TGTGAG,2.45828978222562e-05,721,AGCAAA,0.0627274140715599,721,AGCAAA,0.0627274140715599,False,False,True,3.5095494240522385e-05,
12,26,66,head_4,recovery,0.0,0.014064610004425049,4763,TGTGAG,3.7734375,721,AGCAAA,3.80859375,721,AGCAAA,3.80859375,4763,TGTGAG,2.4533344912924804e-05,721,AGCAAA,0.06276160478591919,721,AGCAAA,0.06276160478591919,False,False,True,4.030833952128887e-05,
12,27,66,head_4,recovery,0.0,-0.03135335445404053,4763,TGTGAG,3.7734375,721,AGCAAA,3.80859375,721,AGCAAA,3.80859375,4763,TGTGAG,2.4503791792085394e-05,721,AGCAAA,0.06298607587814331,721,AGCAAA,0.06298607587814331,False,False,True,1.2783333659172058e-05,
12,28,66,head_4,recovery,0.0,-0.024339914321899414,4763,TGTGAG,3.771484375,721,AGCAAA,3.806640625,721,AGCAAA,3.806640625,4763,TGTGAG,2.441382093820721e-05,721,AGCAAA,0.06295131891965866,721,AGCAAA,0.06295131891965866,False,False,True,2.392847090959549e-05,
12,29,66,head_4,recovery,0.0,-0.025431156158447266,4763,TGTGAG,3.771484375,721,AGCAAA,3.806640625,721,AGCAAA,3.806640625,4763,TGTGAG,2.4493523596902378e-05,721,AGCAAA,0.0629567876458168,721,AGCAAA,0.0629567876458168,False,False,True,2.812524326145649e-05,
12,30,66,head_4,recovery,0.0,0.0032256245613098145,4763,TGTGAG,3.7734375,721,AGCAAA,3.80859375,721,AGCAAA,3.80859375,4763,TGTGAG,2.4506376576027833e-05,721,AGCAAA,0.06281515210866928,721,AGCAAA,0.06281515210866928,False,False,True,3.4804921597242355e-05,
12,31,66,head_4,recovery,0.029296875,0.04241544008255005,4763,TGTGAG,3.771484375,721,AGCAAA,3.8046875,721,AGCAAA,3.8046875,4763,TGTGAG,2.4563874831073917e-05,721,AGCAAA,0.06262149661779404,721,AGCAAA,0.06262149661779404,False,False,True,3.816373646259308e-05,
12,32,66,head_4,recovery,0.05859375,0.003489375114440918,4763,TGTGAG,3.77734375,721,AGCAAA,3.80859375,721,AGCAAA,3.80859375,4763,TGTGAG,2.4654766093590297e-05,721,AGCAAA,0.06281399726867676,721,AGCAAA,0.06281399726867676,False,False,True,3.412878140807152e-05,
12,33,66,head_4,recovery,-0.029296875,0.019472837448120117,4763,TGTGAG,3.76953125,721,AGCAAA,3.806640625,721,AGCAAA,3.806640625,4763,TGTGAG,2.4495968318660744e-05,721,AGCAAA,0.06273483484983444,721,AGCAAA,0.06273483484983444,False,False,True,2.1336833015084267e-05,
12,34,66,head_4,recovery,0.0,0.07256823778152466,4763,TGTGAG,3.771484375,721,AGCAAA,3.806640625,721,AGCAAA,3.806640625,4763,TGTGAG,2.4487468181177974e-05,721,AGCAAA,0.062472373247146606,721,AGCAAA,0.062472373247146606,False,False,True,1.4122575521469116e-05,
13,0,66,head_4,recovery,0.0,-0.010947585105895996,4763,TGTGAG,3.7734375,721,AGCAAA,3.80859375,721,AGCAAA,3.80859375,4763,TGTGAG,2.4578299417044036e-05,721,AGCAAA,0.06288528442382812,721,AGCAAA,0.06288528442382812,False,False,True,2.0573381334543228e-05,
13,1,66,head_4,recovery,0.0,0.015430212020874023,4763,TGTGAG,3.7734375,721,AGCAAA,3.80859375,721,AGCAAA,3.80859375,4763,TGTGAG,2.4450364435324445e-05,721,AGCAAA,0.06275477260351181,721,AGCAAA,0.06275477260351181,False,False,True,1.3235025107860565e-05,
13,2,66,head_4,recovery,0.0,-0.00804603099822998,4763,TGTGAG,3.771484375,721,AGCAAA,3.806640625,721,AGCAAA,3.806640625,4763,TGTGAG,2.4477638362441212e-05,721,AGCAAA,0.06287083774805069,721,AGCAAA,0.06287083774805069,False,False,True,3.0603259801864624e-06,
13,3,66,head_4,recovery,0.0,-0.014042019844055176,4763,TGTGAG,3.7734375,721,AGCAAA,3.80859375,721,AGCAAA,3.80859375,4763,TGTGAG,2.452994158375077e-05,721,AGCAAA,0.06290052831172943,721,AGCAAA,0.06290052831172943,False,False,True,1.968001015484333e-05,
13,4,66,head_4,recovery,0.0,-0.0056765079498291016,4763,TGTGAG,3.7734375,721,AGCAAA,3.80859375,721,AGCAAA,3.80859375,4763,TGTGAG,2.4470093194395304e-05,721,AGCAAA,0.06285911798477173,721,AGCAAA,0.06285911798477173,False,False,True,3.2456591725349426e-06,
13,5,66,head_4,recovery,0.029296875,0.04421067237854004,4763,TGTGAG,3.7734375,721,AGCAAA,3.806640625,721,AGCAAA,3.806640625,4763,TGTGAG,2.453829256410245e-05,721,AGCAAA,0.06261259317398071,721,AGCAAA,0.06261259317398071,False,False,True,1.4301389455795288e-05,
13,6,66,head_4,recovery,0.029296875,0.023147642612457275,4763,TGTGAG,3.7734375,721,AGCAAA,3.806640625,721,AGCAAA,3.806640625,4763,TGTGAG,2.4537874196539633e-05,721,AGCAAA,0.06271670758724213,721,AGCAAA,0.06271670758724213,False,False,True,2.2662803530693054e-05,
13,7,66,head_4,recovery,-0.029296875,-0.05982029438018799,4763,TGTGAG,3.771484375,721,AGCAAA,3.80859375,721,AGCAAA,3.80859375,4763,TGTGAG,2.4408724129898474e-05,721,AGCAAA,0.06312669068574905,721,AGCAAA,0.06312669068574905,False,False,True,2.929801121354103e-05,
13,8,66,head_4,recovery,0.0,0.00025773048400878906,4763,TGTGAG,3.7734375,721,AGCAAA,3.80859375,721,AGCAAA,3.80859375,4763,TGTGAG,2.4400897018495016e-05,721,AGCAAA,0.06282971799373627,721,AGCAAA,0.06282971799373627,False,False,True,-2.480507828295231e-05,
13,9,66,head_4,recovery,0.0,0.025669336318969727,4763,TGTGAG,3.7734375,721,AGCAAA,3.80859375,721,AGCAAA,3.80859375,4763,TGTGAG,2.446160215185955e-05,721,AGCAAA,0.0627041682600975,721,AGCAAA,0.0627041682600975,False,False,True,-2.9706628993153572e-05,
13,10,66,head_4,recovery,-0.029296875,0.0042626261711120605,4763,TGTGAG,3.771484375,721,AGCAAA,3.80859375,721,AGCAAA,3.80859375,4763,TGTGAG,2.4395441869273782e-05,721,AGCAAA,0.06280991435050964,721,AGCAAA,0.06280991435050964,False,False,True,-5.108444020152092e-05,
13,11,66,head_4,recovery,0.0,0.0079118013381958,4763,TGTGAG,3.7734375,721,AGCAAA,3.80859375,721,AGCAAA,3.80859375,4763,TGTGAG,2.439067066006828e-05,721,AGCAAA,0.06279187649488449,721,AGCAAA,0.06279187649488449,False,False,True,-1.515052281320095e-05,
13,12,66,head_4,recovery,-0.029296875,-0.003825545310974121,4763,TGTGAG,3.7734375,721,AGCAAA,3.810546875,721,AGCAAA,3.810546875,4763,TGTGAG,2.4346618374693207e-05,721,AGCAAA,0.06284984946250916,721,AGCAAA,0.06284984946250916,False,False,True,-9.061535820364952e-05,
13,13,66,head_4,recovery,-0.05859375,0.038240253925323486,4763,TGTGAG,3.76953125,721,AGCAAA,3.80859375,721,AGCAAA,3.80859375,4763,TGTGAG,2.4291259251185693e-05,721,AGCAAA,0.06264185905456543,721,AGCAAA,0.06264185905456543,False,False,True,-0.00016480754129588604,
13,14,66,head_4,recovery,0.0,0.024376094341278076,4763,TGTGAG,3.771484375,721,AGCAAA,3.806640625,721,AGCAAA,3.806640625,4763,TGTGAG,2.445327481837012e-05,721,AGCAAA,0.06271055340766907,721,AGCAAA,0.06271055340766907,False,False,True,-0.00020166649483144283,
13,15,66,head_4,recovery,0.0,-0.012928128242492676,4763,TGTGAG,3.7734375,721,AGCAAA,3.80859375,721,AGCAAA,3.80859375,4763,TGTGAG,2.4522181774955243e-05,721,AGCAAA,0.06289501488208771,721,AGCAAA,0.06289501488208771,False,False,True,-0.00012529711239039898,
13,16,66,head_4,recovery,-0.029296875,-0.011557936668395996,4763,TGTGAG,3.771484375,721,AGCAAA,3.80859375,721,AGCAAA,3.80859375,4763,TGTGAG,2.454200148349628e-05,721,AGCAAA,0.0628882646560669,721,AGCAAA,0.0628882646560669,False,False,True,-0.00011289585381746292,
13,17,66,head_4,recovery,0.029296875,0.02951294183731079,4763,TGTGAG,3.7734375,721,AGCAAA,3.806640625,721,AGCAAA,3.806640625,4763,TGTGAG,2.4531556846341118e-05,721,AGCAAA,0.06268524378538132,721,AGCAAA,0.06268524378538132,False,False,True,-2.7353409677743912e-05,
13,18,66,head_4,recovery,-0.05859375,-0.025853276252746582,4763,TGTGAG,3.771484375,721,AGCAAA,3.810546875,721,AGCAAA,3.810546875,4763,TGTGAG,2.4488357666996308e-05,721,AGCAAA,0.06295887380838394,721,AGCAAA,0.06295887380838394,False,False,True,-2.8100330382585526e-05,
13,19,66,head_4,recovery,0.0,0.0008998513221740723,4763,TGTGAG,3.7734375,721,AGCAAA,3.80859375,721,AGCAAA,3.80859375,4763,TGTGAG,2.4493665478075854e-05,721,AGCAAA,0.06282663345336914,721,AGCAAA,0.06282663345336914,False,False,True,3.0150869861245155e-05,
13,20,66,head_4,recovery,0.0,0.00044614076614379883,4763,TGTGAG,3.771484375,721,AGCAAA,3.806640625,721,AGCAAA,3.806640625,4763,TGTGAG,2.4556286007282324e-05,721,AGCAAA,0.06282894313335419,721,AGCAAA,0.06282894313335419,False,False,True,3.6974670365452766e-05,
13,21,66,head_4,recovery,0.029296875,0.0229109525680542,4763,TGTGAG,3.7734375,721,AGCAAA,3.806640625,721,AGCAAA,3.806640625,4763,TGTGAG,2.4597560695838183e-05,721,AGCAAA,0.06271793693304062,721,AGCAAA,0.06271793693304062,False,False,True,-1.6401289030909538e-05,
13,22,66,head_4,recovery,0.029296875,0.007830440998077393,4763,TGTGAG,3.7734375,721,AGCAAA,3.806640625,721,AGCAAA,3.806640625,4763,TGTGAG,2.4542396204196848e-05,721,AGCAAA,0.06279242783784866,721,AGCAAA,0.06279242783784866,False,False,True,-1.566065475344658e-05,
13,23,66,head_4,recovery,0.0,-0.03963291645050049,4763,TGTGAG,3.7734375,721,AGCAAA,3.80859375,721,AGCAAA,3.80859375,4763,TGTGAG,2.4577771910117008e-05,721,AGCAAA,0.06302707642316818,721,AGCAAA,0.06302707642316818,False,False,True,-1.7788726836442947e-05,
13,24,66,head_4,recovery,-0.029296875,-0.010221004486083984,4763,TGTGAG,3.771484375,721,AGCAAA,3.80859375,721,AGCAAA,3.80859375,4763,TGTGAG,2.4524824766558595e-05,721,AGCAAA,0.06288164108991623,721,AGCAAA,0.06288164108991623,False,False,True,1.137610524892807e-05,
13,25,66,head_4,recovery,-0.029296875,-0.018672466278076172,4763,TGTGAG,3.771484375,721,AGCAAA,3.80859375,721,AGCAAA,3.80859375,4763,TGTGAG,2.449809107929468e-05,721,AGCAAA,0.0629233866930008,721,AGCAAA,0.0629233866930008,False,False,True,2.3367581889033318e-05,
13,26,66,head_4,recovery,0.029296875,0.009966254234313965,4763,TGTGAG,3.7734375,721,AGCAAA,3.806640625,721,AGCAAA,3.806640625,4763,TGTGAG,2.454500827298034e-05,721,AGCAAA,0.06278187036514282,721,AGCAAA,0.06278187036514282,False,False,True,4.3325359001755714e-05,
13,27,66,head_4,recovery,-0.029296875,0.018875956535339355,4763,TGTGAG,3.771484375,721,AGCAAA,3.80859375,721,AGCAAA,3.80859375,4763,TGTGAG,2.45393966906704e-05,721,AGCAAA,0.0627378299832344,721,AGCAAA,0.0627378299832344,False,False,True,1.7208978533744812e-05,
13,28,66,head_4,recovery,0.029296875,0.0047841668128967285,4763,TGTGAG,3.77734375,721,AGCAAA,3.810546875,721,AGCAAA,3.810546875,4763,TGTGAG,2.4612416382296942e-05,721,AGCAAA,0.06280755251646042,721,AGCAAA,0.06280755251646042,False,False,True,-9.823823347687721e-06,
13,29,66,head_4,recovery,-0.029296875,0.012212157249450684,4763,TGTGAG,3.7734375,721,AGCAAA,3.810546875,721,AGCAAA,3.810546875,4763,TGTGAG,2.4556775315431878e-05,721,AGCAAA,0.0627707839012146,721,AGCAAA,0.0627707839012146,False,False,True,3.795139491558075e-08,
13,30,66,head_4,recovery,0.0,-0.018260955810546875,4763,TGTGAG,3.771484375,721,AGCAAA,3.806640625,721,AGCAAA,3.806640625,4763,TGTGAG,2.447936094540637e-05,721,AGCAAA,0.06292133778333664,721,AGCAAA,0.06292133778333664,False,False,True,1.2593809515237808e-05,
13,31,66,head_4,recovery,0.0,-0.01572871208190918,4763,TGTGAG,3.771484375,721,AGCAAA,3.806640625,721,AGCAAA,3.806640625,4763,TGTGAG,2.448868690407835e-05,721,AGCAAA,0.0629088282585144,721,AGCAAA,0.0629088282585144,False,False,True,1.4346558600664139e-05,
13,32,66,head_4,recovery,0.029296875,-0.004740476608276367,4763,TGTGAG,3.77734375,721,AGCAAA,3.810546875,721,AGCAAA,3.810546875,4763,TGTGAG,2.4673370717209764e-05,721,AGCAAA,0.06285469979047775,721,AGCAAA,0.06285469979047775,False,False,True,9.674113243818283e-06,
13,33,66,head_4,recovery,0.029296875,0.0405886173248291,4763,TGTGAG,3.7734375,721,AGCAAA,3.806640625,721,AGCAAA,3.806640625,4763,TGTGAG,2.457941445754841e-05,721,AGCAAA,0.0626305416226387,721,AGCAAA,0.0626305416226387,False,False,True,-2.6165274903178215e-05,
13,34,66,head_4,recovery,0.0,-0.01237940788269043,4763,TGTGAG,3.7734375,721,AGCAAA,3.80859375,721,AGCAAA,3.80859375,4763,TGTGAG,2.4469545678584836e-05,721,AGCAAA,0.06289225071668625,721,AGCAAA,0.06289225071668625,False,False,True,2.183765172958374e-05,
14,0,66,head_4,recovery,0.0,0.021207749843597412,4763,TGTGAG,3.7734375,721,AGCAAA,3.80859375,721,AGCAAA,3.80859375,4763,TGTGAG,2.452964508847799e-05,721,AGCAAA,0.06272628903388977,721,AGCAAA,0.06272628903388977,False,False,True,1.9382452592253685e-05,
14,1,66,head_4,recovery,-0.029296875,-0.040041446685791016,4763,TGTGAG,3.7734375,721,AGCAAA,3.810546875,721,AGCAAA,3.810546875,4763,TGTGAG,2.4427889002254233e-05,721,AGCAAA,0.06302894651889801,721,AGCAAA,0.06302894651889801,False,False,True,-2.520647831261158e-05,
14,2,66,head_4,recovery,-0.029296875,-0.0592188835144043,4763,TGTGAG,3.771484375,721,AGCAAA,3.80859375,721,AGCAAA,3.80859375,4763,TGTGAG,2.4365901481360197e-05,721,AGCAAA,0.0631236732006073,721,AGCAAA,0.0631236732006073,False,False,True,-2.656807191669941e-05,
14,3,66,head_4,recovery,0.0,-0.031983375549316406,4763,TGTGAG,3.771484375,721,AGCAAA,3.806640625,721,AGCAAA,3.806640625,4763,TGTGAG,2.4413940991507843e-05,721,AGCAAA,0.06298910081386566,721,AGCAAA,0.06298910081386566,False,False,True,-2.3888424038887024e-07,
14,4,66,head_4,recovery,-0.029296875,-0.03217184543609619,4763,TGTGAG,3.7734375,721,AGCAAA,3.810546875,721,AGCAAA,3.810546875,4763,TGTGAG,2.4431814381387085e-05,721,AGCAAA,0.06299004703760147,721,AGCAAA,0.06299004703760147,False,False,True,1.8719583749771118e-07,
14,5,66,head_4,recovery,0.029296875,0.03886878490447998,4763,TGTGAG,3.7734375,721,AGCAAA,3.806640625,721,AGCAAA,3.806640625,4763,TGTGAG,2.4485418180120178e-05,721,AGCAAA,0.06263894587755203,721,AGCAAA,0.06263894587755203,False,False,True,-2.6649795472621918e-06,
14,6,66,head_4,recovery,0.0,0.02527439594268799,4763,TGTGAG,3.771484375,721,AGCAAA,3.806640625,721,AGCAAA,3.806640625,4763,TGTGAG,2.435956230328884e-05,721,AGCAAA,0.06270601600408554,721,AGCAAA,0.06270601600408554,False,False,True,-9.524635970592499e-06,
14,7,66,head_4,recovery,0.0,0.04607665538787842,4763,TGTGAG,3.771484375,721,AGCAAA,3.806640625,721,AGCAAA,3.806640625,4763,TGTGAG,2.4385390133829787e-05,721,AGCAAA,0.06260322034358978,721,AGCAAA,0.06260322034358978,False,False,True,-2.318248152732849e-05,
14,8,66,head_4,recovery,0.0,0.0019911527633666992,4763,TGTGAG,3.7734375,721,AGCAAA,3.80859375,721,AGCAAA,3.80859375,4763,TGTGAG,2.4506140107405372e-05,721,AGCAAA,0.06282125413417816,721,AGCAAA,0.06282125413417816,False,False,True,-1.7226440832018852e-05,
14,9,66,head_4,recovery,0.0,-0.011850357055664062,4763,TGTGAG,3.7734375,721,AGCAAA,3.80859375,721,AGCAAA,3.80859375,4763,TGTGAG,2.4581166144344024e-05,721,AGCAAA,0.06288974732160568,721,AGCAAA,0.06288974732160568,False,False,True,-2.3290980607271194e-05,
14,10,66,head_4,recovery,0.0,-0.0031005144119262695,4763,TGTGAG,3.771484375,721,AGCAAA,3.806640625,721,AGCAAA,3.806640625,4763,TGTGAG,2.4506609406671487e-05,721,AGCAAA,0.06284642219543457,721,AGCAAA,0.06284642219543457,False,False,True,1.4526303857564926e-06,
14,11,66,head_4,recovery,0.0,0.00160980224609375,4763,TGTGAG,3.7734375,721,AGCAAA,3.80859375,721,AGCAAA,3.80859375,4763,TGTGAG,2.4460925487801433e-05,721,AGCAAA,0.0628230944275856,721,AGCAAA,0.0628230944275856,False,False,True,-7.399404421448708e-05,
14,12,66,head_4,recovery,0.029296875,0.015284061431884766,4763,TGTGAG,3.7734375,721,AGCAAA,3.806640625,721,AGCAAA,3.806640625,4763,TGTGAG,2.443125231366139e-05,721,AGCAAA,0.06275547295808792,721,AGCAAA,0.06275547295808792,False,False,True,-0.00010807812213897705,
14,13,66,head_4,recovery,-0.029296875,0.002833724021911621,4763,TGTGAG,3.771484375,721,AGCAAA,3.80859375,721,AGCAAA,3.80859375,4763,TGTGAG,2.4473130906699225e-05,721,AGCAAA,0.0628170594573021,721,AGCAAA,0.0628170594573021,False,False,True,-0.00011108932085335255,
14,14,66,head_4,recovery,0.0,0.014504730701446533,4763,TGTGAG,3.7734375,721,AGCAAA,3.80859375,721,AGCAAA,3.80859375,4763,TGTGAG,2.4483879315084778e-05,721,AGCAAA,0.06275937706232071,721,AGCAAA,0.06275937706232071,False,False,True,-9.66070219874382e-05,
14,15,66,head_4,recovery,0.0,0.020752549171447754,4763,TGTGAG,3.7734375,721,AGCAAA,3.80859375,721,AGCAAA,3.80859375,4763,TGTGAG,2.4507706257281825e-05,721,AGCAAA,0.06272851675748825,721,AGCAAA,0.06272851675748825,False,False,True,-9.111408144235611e-05,
14,16,66,head_4,recovery,0.0,0.01892566680908203,4763,TGTGAG,3.7734375,721,AGCAAA,3.80859375,721,AGCAAA,3.80859375,4763,TGTGAG,2.4500761355739087e-05,721,AGCAAA,0.06273753941059113,721,AGCAAA,0.06273753941059113,False,False,True,-6.9792615249753e-05,
14,17,66,head_4,recovery,0.0,0.0004506707191467285,4763,TGTGAG,3.771484375,721,AGCAAA,3.806640625,721,AGCAAA,3.806640625,4763,TGTGAG,2.442809272906743e-05,721,AGCAAA,0.06282879412174225,721,AGCAAA,0.06282879412174225,False,False,True,-4.744227044284344e-05,
14,18,66,head_4,recovery,0.0,0.032988786697387695,4763,TGTGAG,3.771484375,721,AGCAAA,3.806640625,721,AGCAAA,3.806640625,4763,TGTGAG,2.448669147270266e-05,721,AGCAAA,0.06266801804304123,721,AGCAAA,0.06266801804304123,False,False,True,1.885928213596344e-06,
14,19,66,head_4,recovery,0.029296875,0.04075288772583008,4763,TGTGAG,3.7734375,721,AGCAAA,3.806640625,721,AGCAAA,3.806640625,4763,TGTGAG,2.4488879716955125e-05,721,AGCAAA,0.06262964010238647,721,AGCAAA,0.06262964010238647,False,False,True,1.1797994375228882e-05,
14,20,66,head_4,recovery,0.029296875,-0.020375728607177734,4763,TGTGAG,3.77734375,721,AGCAAA,3.810546875,721,AGCAAA,3.810546875,4763,TGTGAG,2.4553391995141283e-05,721,AGCAAA,0.06293186545372009,721,AGCAAA,0.06293186545372009,False,False,True,7.74790532886982e-06,
14,21,66,head_4,recovery,0.05859375,0.022692441940307617,4763,TGTGAG,3.77734375,721,AGCAAA,3.80859375,721,AGCAAA,3.80859375,4763,TGTGAG,2.4617511371616274e-05,721,AGCAAA,0.06271903961896896,721,AGCAAA,0.06271903961896896,False,False,True,-2.473290078341961e-05,
14,22,66,head_4,recovery,0.029296875,0.019962668418884277,4763,TGTGAG,3.7734375,721,AGCAAA,3.806640625,721,AGCAAA,3.806640625,4763,TGTGAG,2.457363916619215e-05,721,AGCAAA,0.06273248791694641,721,AGCAAA,0.06273248791694641,False,False,True,-2.1820655092597008e-05,
14,23,66,head_4,recovery,-0.029296875,-0.03417348861694336,4763,TGTGAG,3.7734375,721,AGCAAA,3.810546875,721,AGCAAA,3.810546875,4763,TGTGAG,2.4494262106600218e-05,721,AGCAAA,0.06300000846385956,721,AGCAAA,0.06300000846385956,False,False,True,3.563240170478821e-06,
14,24,66,head_4,recovery,0.0,-0.012067437171936035,4763,TGTGAG,3.7734375,721,AGCAAA,3.80859375,721,AGCAAA,3.80859375,4763,TGTGAG,2.4603723431937397e-05,721,AGCAAA,0.06289084255695343,721,AGCAAA,0.06289084255695343,False,False,True,1.744180917739868e-05,
14,25,66,head_4,recovery,0.029296875,0.010887205600738525,4763,TGTGAG,3.77734375,721,AGCAAA,3.810546875,721,AGCAAA,3.810546875,4763,TGTGAG,2.4607728846604005e-05,721,AGCAAA,0.06277738511562347,721,AGCAAA,0.06277738511562347,False,False,True,1.6775913536548615e-05,
14,26,66,head_4,recovery,-0.05859375,0.018912076950073242,4763,TGTGAG,3.76953125,721,AGCAAA,3.80859375,721,AGCAAA,3.80859375,4763,TGTGAG,2.4396706066909246e-05,721,AGCAAA,0.06273750215768814,721,AGCAAA,0.06273750215768814,False,False,True,2.74518970400095e-05,
14,27,66,head_4,recovery,-0.029296875,0.0032618045806884766,4763,TGTGAG,3.7734375,721,AGCAAA,3.810546875,721,AGCAAA,3.810546875,4763,TGTGAG,2.454859895806294e-05,721,AGCAAA,0.06281501799821854,721,AGCAAA,0.06281501799821854,False,False,True,1.4784745872020721e-05,
14,28,66,head_4,recovery,0.029296875,-0.004841446876525879,4763,TGTGAG,3.7734375,721,AGCAAA,3.806640625,721,AGCAAA,3.806640625,4763,TGTGAG,2.456987385812681e-05,721,AGCAAA,0.06285509467124939,721,AGCAAA,0.06285509467124939,False,False,True,1.4114659279584885e-05,
14,29,66,head_4,recovery,0.029296875,0.05765879154205322,4763,TGTGAG,3.771484375,721,AGCAAA,3.8046875,721,AGCAAA,3.8046875,4763,TGTGAG,2.4492050215485506e-05,721,AGCAAA,0.06254607439041138,721,AGCAAA,0.06254607439041138,False,False,True,-4.035420715808868e-06,
14,30,66,head_4,recovery,0.029296875,0.014993131160736084,4763,TGTGAG,3.771484375,721,AGCAAA,3.8046875,721,AGCAAA,3.8046875,4763,TGTGAG,2.45020000875229e-05,721,AGCAAA,0.0627569854259491,721,AGCAAA,0.0627569854259491,False,False,True,7.103662937879562e-07,
14,31,66,head_4,recovery,-0.029296875,0.03555876016616821,4763,TGTGAG,3.76953125,721,AGCAAA,3.806640625,721,AGCAAA,3.806640625,4763,TGTGAG,2.4369543098146096e-05,721,AGCAAA,0.06265519559383392,721,AGCAAA,0.06265519559383392,False,False,True,4.218891263008118e-06,
14,32,66,head_4,recovery,0.0,0.03797346353530884,4763,TGTGAG,3.771484375,721,AGCAAA,3.806640625,721,AGCAAA,3.806640625,4763,TGTGAG,2.4491260774084367e-05,721,AGCAAA,0.0626433789730072,721,AGCAAA,0.0626433789730072,False,False,True,2.4961773306131363e-06,
14,33,66,head_4,recovery,-0.029296875,0.013356208801269531,4763,TGTGAG,3.771484375,721,AGCAAA,3.80859375,721,AGCAAA,3.80859375,4763,TGTGAG,2.4498052880517207e-05,721,AGCAAA,0.06276506930589676,721,AGCAAA,0.06276506930589676,False,False,True,-2.4565262719988823e-05,
14,34,66,head_4,recovery,-0.029296875,0.021212220191955566,4763,TGTGAG,3.7734375,721,AGCAAA,3.810546875,721,AGCAAA,3.810546875,4763,TGTGAG,2.4589598979218863e-05,721,AGCAAA,0.06272632628679276,721,AGCAAA,0.06272632628679276,False,False,True,1.3911398127675056e-05,
15,0,66,head_4,recovery,0.0,0.00457918643951416,4763,TGTGAG,3.7734375,721,AGCAAA,3.80859375,721,AGCAAA,3.80859375,4763,TGTGAG,2.4509003196726553e-05,721,AGCAAA,0.06280846893787384,721,AGCAAA,0.06280846893787384,False,False,True,-6.470596417784691e-06,
15,1,66,head_4,recovery,0.029296875,0.03569591045379639,4763,TGTGAG,3.7734375,721,AGCAAA,3.806640625,721,AGCAAA,3.806640625,4763,TGTGAG,2.450949432386551e-05,721,AGCAAA,0.06265465915203094,721,AGCAAA,0.06265465915203094,False,False,True,-1.7846468836069107e-05,
15,2,66,head_4,recovery,0.0,-0.009749174118041992,4763,TGTGAG,3.7734375,721,AGCAAA,3.80859375,721,AGCAAA,3.80859375,4763,TGTGAG,2.4529899746994488e-05,721,AGCAAA,0.06287930905818939,721,AGCAAA,0.06287930905818939,False,False,True,-9.099720045924187e-06,
15,3,66,head_4,recovery,0.029296875,0.014852941036224365,4763,TGTGAG,3.7734375,721,AGCAAA,3.806640625,721,AGCAAA,3.806640625,4763,TGTGAG,2.4540808226447552e-05,721,AGCAAA,0.0627577155828476,721,AGCAAA,0.0627577155828476,False,False,True,-8.075498044490814e-06,
15,4,66,head_4,recovery,0.05859375,-0.0016324520111083984,4763,TGTGAG,3.77734375,721,AGCAAA,3.80859375,721,AGCAAA,3.80859375,4763,TGTGAG,2.463235978211742e-05,721,AGCAAA,0.06283929198980331,721,AGCAAA,0.06283929198980331,False,False,True,1.3618264347314835e-06,
15,5,66,head_4,recovery,0.0,-0.0030975341796875,4763,TGTGAG,3.7734375,721,AGCAAA,3.80859375,721,AGCAAA,3.80859375,4763,TGTGAG,2.4554141418775544e-05,721,AGCAAA,0.06284645944833755,721,AGCAAA,0.06284645944833755,False,False,True,-1.2551434338092804e-05,
15,6,66,head_4,recovery,-0.029296875,-0.002336263656616211,4763,TGTGAG,3.771484375,721,AGCAAA,3.80859375,721,AGCAAA,3.80859375,4763,TGTGAG,2.4467770344926976e-05,721,AGCAAA,0.06284260749816895,721,AGCAAA,0.06284260749816895,False,False,True,6.1823520809412e-06,
15,7,66,head_4,recovery,0.0,-0.021723270416259766,4763,TGTGAG,3.7734375,721,AGCAAA,3.80859375,721,AGCAAA,3.80859375,4763,TGTGAG,2.4516302801202983e-05,721,AGCAAA,0.06293848901987076,721,AGCAAA,0.06293848901987076,False,False,True,4.77861613035202e-06,
15,8,66,head_4,recovery,-0.029296875,-0.05022633075714111,4763,TGTGAG,3.7734375,721,AGCAAA,3.810546875,721,AGCAAA,3.810546875,4763,TGTGAG,2.4495564503013156e-05,721,AGCAAA,0.0630793571472168,721,AGCAAA,0.0630793571472168,False,False,True,6.739981472492218e-06,
15,9,66,head_4,recovery,0.0,-0.0008350610733032227,4763,TGTGAG,3.7734375,721,AGCAAA,3.80859375,721,AGCAAA,3.80859375,4763,TGTGAG,2.449177554808557e-05,721,AGCAAA,0.0628352090716362,721,AGCAAA,0.0628352090716362,False,False,True,2.2691674530506134e-06,
15,10,66,head_4,recovery,0.0,-0.017386674880981445,4763,TGTGAG,3.7734375,721,AGCAAA,3.80859375,721,AGCAAA,3.80859375,4763,TGTGAG,2.4483282686560415e-05,721,AGCAAA,0.06291701644659042,721,AGCAAA,0.06291701644659042,False,False,True,1.364201307296753e-05,
15,11,66,head_4,recovery,0.0,-0.023598313331604004,4763,TGTGAG,3.7734375,721,AGCAAA,3.80859375,721,AGCAAA,3.80859375,4763,TGTGAG,2.4552109607611783e-05,721,AGCAAA,0.06294778734445572,721,AGCAAA,0.06294778734445572,False,False,True,1.553189940750599e-05,
15,12,66,head_4,recovery,0.0,-0.009973764419555664,4763,TGTGAG,3.7734375,721,AGCAAA,3.80859375,721,AGCAAA,3.80859375,4763,TGTGAG,2.4473880330333486e-05,721,AGCAAA,0.06288036704063416,721,AGCAAA,0.06288036704063416,False,False,True,1.1700671166181564e-05,
15,13,66,head_4,recovery,0.0,-0.0086594820022583,4763,TGTGAG,3.7734375,721,AGCAAA,3.80859375,721,AGCAAA,3.80859375,4763,TGTGAG,2.4479195417370647e-05,721,AGCAAA,0.06287387758493423,721,AGCAAA,0.06287387758493423,False,False,True,-1.1087628081440926e-05,
15,14,66,head_4,recovery,0.05859375,-0.0021735429763793945,4763,TGTGAG,3.77734375,721,AGCAAA,3.80859375,721,AGCAAA,3.80859375,4763,TGTGAG,2.458309245412238e-05,721,AGCAAA,0.06284191459417343,721,AGCAAA,0.06284191459417343,False,False,True,-2.7403002604842186e-05,
15,15,66,head_4,recovery,0.0,0.013758659362792969,4763,TGTGAG,3.7734375,721,AGCAAA,3.80859375,721,AGCAAA,3.80859375,4763,TGTGAG,2.457590017002076e-05,721,AGCAAA,0.06276316195726395,721,AGCAAA,0.06276316195726395,False,False,True,-0.00010883389040827751,
15,16,66,head_4,recovery,0.05859375,0.018380045890808105,4763,TGTGAG,3.77734375,721,AGCAAA,3.80859375,721,AGCAAA,3.80859375,4763,TGTGAG,2.463151395204477e-05,721,AGCAAA,0.06274037063121796,721,AGCAAA,0.06274037063121796,False,False,True,-8.606049232184887e-05,
15,17,66,head_4,recovery,0.05859375,-0.0045626163482666016,4763,TGTGAG,3.77734375,721,AGCAAA,3.80859375,721,AGCAAA,3.80859375,4763,TGTGAG,2.4602722987765446e-05,721,AGCAAA,0.06285374611616135,721,AGCAAA,0.06285374611616135,False,False,True,-6.37995544821024e-05,
15,18,66,head_4,recovery,0.0,-0.014828801155090332,4763,TGTGAG,3.7734375,721,AGCAAA,3.80859375,721,AGCAAA,3.80859375,4763,TGTGAG,2.4493310775142163e-05,721,AGCAAA,0.06290438026189804,721,AGCAAA,0.06290438026189804,False,False,True,-3.7492020055651665e-05,
15,19,66,head_4,recovery,0.029296875,0.018572986125946045,4763,TGTGAG,3.7734375,721,AGCAAA,3.806640625,721,AGCAAA,3.806640625,4763,TGTGAG,2.4504433895344846e-05,721,AGCAAA,0.0627392902970314,721,AGCAAA,0.0627392902970314,False,False,True,-5.031959153711796e-05,
15,20,66,head_4,recovery,0.029296875,0.036211371421813965,4763,TGTGAG,3.7734375,721,AGCAAA,3.806640625,721,AGCAAA,3.806640625,4763,TGTGAG,2.456577931297943e-05,721,AGCAAA,0.06265216320753098,721,AGCAAA,0.06265216320753098,False,False,True,-3.117299638688564e-05,
15,21,66,head_4,recovery,0.0,0.030963003635406494,4763,TGTGAG,3.7734375,721,AGCAAA,3.80859375,721,AGCAAA,3.80859375,4763,TGTGAG,2.4507049602107145e-05,721,AGCAAA,0.06267804652452469,721,AGCAAA,0.06267804652452469,False,False,True,-4.133163020014763e-05,
15,22,66,head_4,recovery,0.0,0.012967288494110107,4763,TGTGAG,3.7734375,721,AGCAAA,3.80859375,721,AGCAAA,3.80859375,4763,TGTGAG,2.452012267895043e-05,721,AGCAAA,0.06276701390743256,721,AGCAAA,0.06276701390743256,False,False,True,-2.4458859115839005e-05,
15,23,66,head_4,recovery,0.0,0.029734551906585693,4763,TGTGAG,3.7734375,721,AGCAAA,3.80859375,721,AGCAAA,3.80859375,4763,TGTGAG,2.4506804038537666e-05,721,AGCAAA,0.06268411874771118,721,AGCAAA,0.06268411874771118,False,False,True,-7.6231081038713455e-06,
15,24,66,head_4,recovery,0.0,0.03373187780380249,4763,TGTGAG,3.7734375,721,AGCAAA,3.80859375,721,AGCAAA,3.80859375,4763,TGTGAG,2.4486374968546443e-05,721,AGCAAA,0.06266434490680695,721,AGCAAA,0.06266434490680695,False,False,True,7.157889194786549e-05,
15,25,66,head_4,recovery,-0.029296875,0.01765197515487671,4763,TGTGAG,3.771484375,721,AGCAAA,3.80859375,721,AGCAAA,3.80859375,4763,TGTGAG,2.4490140276611783e-05,721,AGCAAA,0.06274382770061493,721,AGCAAA,0.06274382770061493,False,False,True,4.275841638445854e-05,
15,26,66,head_4,recovery,-0.029296875,0.002699553966522217,4763,TGTGAG,3.7734375,721,AGCAAA,3.810546875,721,AGCAAA,3.810546875,4763,TGTGAG,2.454257082717959e-05,721,AGCAAA,0.06281778961420059,721,AGCAAA,0.06281778961420059,False,False,True,2.1102605387568474e-05,
15,27,66,head_4,recovery,0.029296875,0.023245573043823242,4763,TGTGAG,3.7734375,721,AGCAAA,3.806640625,721,AGCAAA,3.806640625,4763,TGTGAG,2.4532069801352918e-05,721,AGCAAA,0.06271622329950333,721,AGCAAA,0.06271622329950333,False,False,True,6.473623216152191e-06,
15,28,66,head_4,recovery,0.0,-0.008074641227722168,4763,TGTGAG,3.7734375,721,AGCAAA,3.80859375,721,AGCAAA,3.80859375,4763,TGTGAG,2.4490022042300552e-05,721,AGCAAA,0.06287099421024323,721,AGCAAA,0.06287099421024323,False,False,True,2.9471702873706818e-06,
15,29,66,head_4,recovery,0.0,0.0054895877838134766,4763,TGTGAG,3.7734375,721,AGCAAA,3.80859375,721,AGCAAA,3.80859375,4763,TGTGAG,2.453043998684734e-05,721,AGCAAA,0.06280398368835449,721,AGCAAA,0.06280398368835449,False,False,True,2.08243727684021e-06,
15,30,66,head_4,recovery,0.029296875,0.011143505573272705,4763,TGTGAG,3.7734375,721,AGCAAA,3.806640625,721,AGCAAA,3.806640625,4763,TGTGAG,2.453224988130387e-05,721,AGCAAA,0.06277604401111603,721,AGCAAA,0.06277604401111603,False,False,True,2.76835635304451e-06,
15,31,66,head_4,recovery,0.0,0.029818952083587646,4763,TGTGAG,3.771484375,721,AGCAAA,3.806640625,721,AGCAAA,3.806640625,4763,TGTGAG,2.4462931833113544e-05,721,AGCAAA,0.06268365681171417,721,AGCAAA,0.06268365681171417,False,False,True,1.885928213596344e-08,
15,32,66,head_4,recovery,-0.087890625,0.01498711109161377,4763,TGTGAG,3.767578125,721,AGCAAA,3.80859375,721,AGCAAA,3.80859375,4763,TGTGAG,2.4454571757814847e-05,721,AGCAAA,0.0627569630742073,721,AGCAAA,0.0627569630742073,False,False,True,1.3061100617051125e-05,
15,33,66,head_4,recovery,-0.1767578125,-0.021961331367492676,4763,TGTGAG,3.765625,721,AGCAAA,3.8125,721,AGCAAA,3.8125,4763,TGTGAG,2.4269249479402788e-05,721,AGCAAA,0.06293941289186478,721,AGCAAA,0.06293941289186478,False,False,True,-1.2596137821674347e-07,
15,34,66,head_4,recovery,-0.2353515625,-0.02919948101043701,4763,TGTGAG,3.76171875,721,AGCAAA,3.8125,721,AGCAAA,3.8125,4763,TGTGAG,2.420647069811821e-05,721,AGCAAA,0.06297513097524643,721,AGCAAA,0.06297513097524643,False,False,True,-3.839842975139618e-06,
16,0,66,head_4,recovery,0.0,-0.005219817161560059,4763,TGTGAG,3.7734375,721,AGCAAA,3.80859375,721,AGCAAA,3.80859375,4763,TGTGAG,2.4580731405876577e-05,721,AGCAAA,0.06285697221755981,721,AGCAAA,0.06285697221755981,False,False,True,-3.3492688089609146e-06,
16,1,66,head_4,recovery,0.0,0.019367337226867676,4763,TGTGAG,3.771484375,721,AGCAAA,3.806640625,721,AGCAAA,3.806640625,4763,TGTGAG,2.445136124151759e-05,721,AGCAAA,0.06273531168699265,721,AGCAAA,0.06273531168699265,False,False,True,-1.2481585144996643e-05,
16,2,66,head_4,recovery,0.029296875,0.010423004627227783,4763,TGTGAG,3.7734375,721,AGCAAA,3.806640625,721,AGCAAA,3.806640625,4763,TGTGAG,2.45123101194622e-05,721,AGCAAA,0.06277958303689957,721,AGCAAA,0.06277958303689957,False,False,True,-9.700190275907516e-06,
16,3,66,head_4,recovery,0.029296875,0.028344810009002686,4763,TGTGAG,3.7734375,721,AGCAAA,3.806640625,721,AGCAAA,3.806640625,4763,TGTGAG,2.449229396006558e-05,721,AGCAAA,0.06269097328186035,721,AGCAAA,0.06269097328186035,False,False,True,-1.5875324606895447e-05,
16,4,66,head_4,recovery,0.0,0.00927746295928955,4763,TGTGAG,3.7734375,721,AGCAAA,3.80859375,721,AGCAAA,3.80859375,4763,TGTGAG,2.453885281283874e-05,721,AGCAAA,0.06278527528047562,721,AGCAAA,0.06278527528047562,False,False,True,-7.846392691135406e-06,
16,5,66,head_4,recovery,0.0,0.008826732635498047,4763,TGTGAG,3.7734375,721,AGCAAA,3.80859375,721,AGCAAA,3.80859375,4763,TGTGAG,2.454234163451474e-05,721,AGCAAA,0.0627875030040741,721,AGCAAA,0.0627875030040741,False,False,True,-2.043088898062706e-06,
16,6,66,head_4,recovery,0.05859375,0.005222797393798828,4763,TGTGAG,3.77734375,721,AGCAAA,3.80859375,721,AGCAAA,3.80859375,4763,TGTGAG,2.4598048184998333e-05,721,AGCAAA,0.06280536949634552,721,AGCAAA,0.06280536949634552,False,False,True,1.1044787243008614e-05,
16,7,66,head_4,recovery,0.05859375,0.002735733985900879,4763,TGTGAG,3.77734375,721,AGCAAA,3.80859375,721,AGCAAA,3.80859375,4763,TGTGAG,2.461037365719676e-05,721,AGCAAA,0.06281767785549164,721,AGCAAA,0.06281767785549164,False,False,True,1.8818536773324013e-05,
16,8,66,head_4,recovery,0.05859375,0.00420689582824707,4763,TGTGAG,3.77734375,721,AGCAAA,3.80859375,721,AGCAAA,3.80859375,4763,TGTGAG,2.4625554942758754e-05,721,AGCAAA,0.06281042098999023,721,AGCAAA,0.06281042098999023,False,False,True,3.395485691726208e-05,
16,9,66,head_4,recovery,0.05859375,0.007328510284423828,4763,TGTGAG,3.77734375,721,AGCAAA,3.80859375,721,AGCAAA,3.80859375,4763,TGTGAG,2.4625140213174745e-05,721,AGCAAA,0.062794990837574,721,AGCAAA,0.062794990837574,False,False,True,1.5757977962493896e-05,
16,10,66,head_4,recovery,0.05859375,0.0031276345252990723,4763,TGTGAG,3.77734375,721,AGCAAA,3.80859375,721,AGCAAA,3.80859375,4763,TGTGAG,2.461299482092727e-05,721,AGCAAA,0.06281574815511703,721,AGCAAA,0.06281574815511703,False,False,True,-5.55720180273056e-06,
16,11,66,head_4,recovery,0.0,0.014222919940948486,4763,TGTGAG,3.771484375,721,AGCAAA,3.806640625,721,AGCAAA,3.806640625,4763,TGTGAG,2.4501616280758753e-05,721,AGCAAA,0.06276079267263412,721,AGCAAA,0.06276079267263412,False,False,True,-6.676977500319481e-05,
16,12,66,head_4,recovery,0.0,-0.008677482604980469,4763,TGTGAG,3.7734375,721,AGCAAA,3.80859375,721,AGCAAA,3.80859375,4763,TGTGAG,2.4538690922781825e-05,721,AGCAAA,0.06287402659654617,721,AGCAAA,0.06287402659654617,False,False,True,-7.314281538128853e-05,
16,13,66,head_4,recovery,0.0,-0.00966787338256836,4763,TGTGAG,3.7734375,721,AGCAAA,3.80859375,721,AGCAAA,3.80859375,4763,TGTGAG,2.4521512386854738e-05,721,AGCAAA,0.06287889927625656,721,AGCAAA,0.06287889927625656,False,False,True,-7.151579484343529e-05,
16,14,66,head_4,recovery,0.0,0.007230520248413086,4763,TGTGAG,3.7734375,721,AGCAAA,3.80859375,721,AGCAAA,3.80859375,4763,TGTGAG,2.454730201861821e-05,721,AGCAAA,0.06279540061950684,721,AGCAAA,0.06279540061950684,False,False,True,-2.527213655412197e-05,
16,15,66,head_4,recovery,0.0,0.01813584566116333,4763,TGTGAG,3.7734375,721,AGCAAA,3.80859375,721,AGCAAA,3.80859375,4763,TGTGAG,2.4559927624068223e-05,721,AGCAAA,0.06274150311946869,721,AGCAAA,0.06274150311946869,False,False,True,-7.083499804139137e-05,
16,16,66,head_4,recovery,0.029296875,0.02933359146118164,4763,TGTGAG,3.7734375,721,AGCAAA,3.806640625,721,AGCAAA,3.806640625,4763,TGTGAG,2.457498703734018e-05,721,AGCAAA,0.06268616765737534,721,AGCAAA,0.06268616765737534,False,False,True,-0.00010595354251563549,
16,17,66,head_4,recovery,0.0,0.008130371570587158,4763,TGTGAG,3.7734375,721,AGCAAA,3.80859375,721,AGCAAA,3.80859375,4763,TGTGAG,2.4559047233196907e-05,721,AGCAAA,0.06279096007347107,721,AGCAAA,0.06279096007347107,False,False,True,-4.921783693134785e-05,
16,18,66,head_4,recovery,0.0,0.007082819938659668,4763,TGTGAG,3.7734375,721,AGCAAA,3.80859375,721,AGCAAA,3.80859375,4763,TGTGAG,2.4546836357330903e-05,721,AGCAAA,0.06279613077640533,721,AGCAAA,0.06279613077640533,False,False,True,-7.733004167675972e-06,
16,19,66,head_4,recovery,0.0,0.02748262882232666,4763,TGTGAG,3.7734375,721,AGCAAA,3.80859375,721,AGCAAA,3.80859375,4763,TGTGAG,2.4550834496039897e-05,721,AGCAAA,0.06269529461860657,721,AGCAAA,0.06269529461860657,False,False,True,2.54723709076643e-05,
16,20,66,head_4,recovery,0.0,0.00680696964263916,4763,TGTGAG,3.7734375,721,AGCAAA,3.80859375,721,AGCAAA,3.80859375,4763,TGTGAG,2.453950401104521e-05,721,AGCAAA,0.06279748678207397,721,AGCAAA,0.06279748678207397,False,False,True,-3.536371514201164e-05,
16,21,66,head_4,recovery,-0.029296875,-0.0011078119277954102,4763,TGTGAG,3.7734375,721,AGCAAA,3.810546875,721,AGCAAA,3.810546875,4763,TGTGAG,2.4522214516764507e-05,721,AGCAAA,0.06283658742904663,721,AGCAAA,0.06283658742904663,False,False,True,-2.09116842597723e-05,
16,22,66,head_4,recovery,0.0,0.019100546836853027,4763,TGTGAG,3.7734375,721,AGCAAA,3.80859375,721,AGCAAA,3.80859375,4763,TGTGAG,2.4535591364838183e-05,721,AGCAAA,0.06273671239614487,721,AGCAAA,0.06273671239614487,False,False,True,8.558854460716248e-06,
16,23,66,head_4,recovery,0.0,0.023896753787994385,4763,TGTGAG,3.7734375,721,AGCAAA,3.80859375,721,AGCAAA,3.80859375,4763,TGTGAG,2.4509487047907896e-05,721,AGCAAA,0.06271298229694366,721,AGCAAA,0.06271298229694366,False,False,True,2.9228394851088524e-05,
16,24,66,head_4,recovery,0.0,0.0008561611175537109,4763,TGTGAG,3.7734375,721,AGCAAA,3.80859375,721,AGCAAA,3.80859375,4763,TGTGAG,2.458623748680111e-05,721,AGCAAA,0.06282694637775421,721,AGCAAA,0.06282694637775421,False,False,True,1.8710270524024963e-05,
16,25,66,head_4,recovery,0.0,0.007724940776824951,4763,TGTGAG,3.7734375,721,AGCAAA,3.80859375,721,AGCAAA,3.80859375,4763,TGTGAG,2.4568074877606705e-05,721,AGCAAA,0.06279297173023224,721,AGCAAA,0.06279297173023224,False,False,True,-4.638684913516045e-06,
16,26,66,head_4,recovery,0.0,0.0007265210151672363,4763,TGTGAG,3.7734375,721,AGCAAA,3.80859375,721,AGCAAA,3.80859375,4763,TGTGAG,2.4581611796747893e-05,721,AGCAAA,0.06282757967710495,721,AGCAAA,0.06282757967710495,False,False,True,6.598653271794319e-06,
16,27,66,head_4,recovery,0.0,0.04462367296218872,4763,TGTGAG,3.7734375,721,AGCAAA,3.80859375,721,AGCAAA,3.80859375,4763,TGTGAG,2.4616998416604474e-05,721,AGCAAA,0.06261063367128372,721,AGCAAA,0.06261063367128372,False,False,True,3.7695281207561493e-07,
16,28,66,head_4,recovery,0.0,0.02731078863143921,4763,TGTGAG,3.7734375,721,AGCAAA,3.80859375,721,AGCAAA,3.80859375,4763,TGTGAG,2.4622073397040367e-05,721,AGCAAA,0.06269621849060059,721,AGCAAA,0.06269621849060059,False,False,True,-7.788185030221939e-07,
16,29,66,head_4,recovery,-0.029296875,0.014946401119232178,4763,TGTGAG,3.7734375,721,AGCAAA,3.810546875,721,AGCAAA,3.810546875,4763,TGTGAG,2.4618260795250535e-05,721,AGCAAA,0.06275732815265656,721,AGCAAA,0.06275732815265656,False,False,True,3.5532284528017044e-06,
16,30,66,head_4,recovery,-0.029296875,0.02990633249282837,4763,TGTGAG,3.7734375,721,AGCAAA,3.810546875,721,AGCAAA,3.810546875,4763,TGTGAG,2.4535660486435518e-05,721,AGCAAA,0.06268329918384552,721,AGCAAA,0.06268329918384552,False,False,True,-1.0887160897254944e-05,
16,31,66,head_4,recovery,-0.029296875,0.028073489665985107,4763,TGTGAG,3.7734375,721,AGCAAA,3.810546875,721,AGCAAA,3.810546875,4763,TGTGAG,2.452834633004386e-05,721,AGCAAA,0.06269235163927078,721,AGCAAA,0.06269235163927078,False,False,True,-1.1666212230920792e-05,
16,32,66,head_4,recovery,0.08837890625,0.10052716732025146,4763,TGTGAG,3.767578125,721,AGCAAA,3.796875,721,AGCAAA,3.796875,4763,TGTGAG,2.4352159016416408e-05,721,AGCAAA,0.06233403831720352,721,AGCAAA,0.06233403831720352,False,False,True,-1.730700023472309e-05,
16,33,66,head_4,recovery,0.14697265625,0.13821572065353394,4763,TGTGAG,3.767578125,721,AGCAAA,3.79296875,721,AGCAAA,3.79296875,4763,TGTGAG,2.4414233848801814e-05,721,AGCAAA,0.06214780732989311,721,AGCAAA,0.06214780732989311,False,False,True,3.1921081244945526e-07,
16,34,66,head_4,recovery,0.14697265625,0.13348883390426636,4763,TGTGAG,3.767578125,721,AGCAAA,3.79296875,721,AGCAAA,3.79296875,4763,TGTGAG,2.4427883545286022e-05,721,AGCAAA,0.06217118352651596,721,AGCAAA,0.06217118352651596,False,False,True,-3.0284281820058823e-06,
17,0,66,head_4,recovery,0.0,-5.424022674560547e-05,4763,TGTGAG,3.7734375,721,AGCAAA,3.80859375,721,AGCAAA,3.80859375,4763,TGTGAG,2.4567747459514067e-05,721,AGCAAA,0.06283142417669296,721,AGCAAA,0.06283142417669296,False,False,True,-1.284060999751091e-06,
17,1,66,head_4,recovery,0.0,-5.424022674560547e-05,4763,TGTGAG,3.7734375,721,AGCAAA,3.80859375,721,AGCAAA,3.80859375,4763,TGTGAG,2.4567747459514067e-05,721,AGCAAA,0.06283142417669296,721,AGCAAA,0.06283142417669296,False,False,True,-2.8614886105060577e-06,
17,2,66,head_4,recovery,0.0,1.2040138244628906e-05,4763,TGTGAG,3.7734375,721,AGCAAA,3.80859375,721,AGCAAA,3.80859375,4763,TGTGAG,2.4567618311266415e-05,721,AGCAAA,0.0628310963511467,721,AGCAAA,0.0628310963511467,False,False,True,-3.613065928220749e-06,
17,3,66,head_4,recovery,0.0,-5.424022674560547e-05,4763,TGTGAG,3.7734375,721,AGCAAA,3.80859375,721,AGCAAA,3.80859375,4763,TGTGAG,2.4567747459514067e-05,721,AGCAAA,0.06283142417669296,721,AGCAAA,0.06283142417669296,False,False,True,-6.8515073508024216e-06,
17,4,66,head_4,recovery,0.0,1.2040138244628906e-05,4763,TGTGAG,3.7734375,721,AGCAAA,3.80859375,721,AGCAAA,3.80859375,4763,TGTGAG,2.4567618311266415e-05,721,AGCAAA,0.0628310963511467,721,AGCAAA,0.0628310963511467,False,False,True,-4.900852218270302e-06,
17,5,66,head_4,recovery,0.0,1.2040138244628906e-05,4763,TGTGAG,3.7734375,721,AGCAAA,3.80859375,721,AGCAAA,3.80859375,4763,TGTGAG,2.4567618311266415e-05,721,AGCAAA,0.0628310963511467,721,AGCAAA,0.0628310963511467,False,False,True,-5.913199856877327e-06,
17,6,66,head_4,recovery,0.0,7.68899917602539e-05,4763,TGTGAG,3.7734375,721,AGCAAA,3.80859375,721,AGCAAA,3.80859375,4763,TGTGAG,2.4567116270191036e-05,721,AGCAAA,0.06283077597618103,721,AGCAAA,0.06283077597618103,False,False,True,-3.902474418282509e-06,
17,7,66,head_4,recovery,0.0,-6.628036499023438e-05,4763,TGTGAG,3.7734375,721,AGCAAA,3.80859375,721,AGCAAA,3.80859375,4763,TGTGAG,2.4567392756580375e-05,721,AGCAAA,0.06283148378133774,721,AGCAAA,0.06283148378133774,False,False,True,-1.2949109077453613e-05,
17,8,66,head_4,recovery,0.0,-6.330013275146484e-05,4763,TGTGAG,3.7734375,721,AGCAAA,3.80859375,721,AGCAAA,3.80859375,4763,TGTGAG,2.4567387299612164e-05,721,AGCAAA,0.06283146888017654,721,AGCAAA,0.06283146888017654,False,False,True,-1.6975216567516327e-05,
17,9,66,head_4,recovery,0.0,1.2040138244628906e-05,4763,TGTGAG,3.7734375,721,AGCAAA,3.80859375,721,AGCAAA,3.80859375,4763,TGTGAG,2.4567618311266415e-05,721,AGCAAA,0.0628310963511467,721,AGCAAA,0.0628310963511467,False,False,True,-1.4450633898377419e-05,
17,10,66,head_4,recovery,0.0,1.4901161193847656e-06,4763,TGTGAG,3.7734375,721,AGCAAA,3.80859375,721,AGCAAA,3.80859375,4763,TGTGAG,2.4567638320149854e-05,721,AGCAAA,0.06283114850521088,721,AGCAAA,0.06283114850521088,False,False,True,-1.1709751561284065e-05,
17,11,66,head_4,recovery,0.0,-6.330013275146484e-05,4763,TGTGAG,3.7734375,721,AGCAAA,3.80859375,721,AGCAAA,3.80859375,4763,TGTGAG,2.456738548062276e-05,721,AGCAAA,0.06283146888017654,721,AGCAAA,0.06283146888017654,False,False,True,-1.0212184861302376e-05,
17,12,66,head_4,recovery,0.0,7.086992263793945e-05,4763,TGTGAG,3.7734375,721,AGCAAA,3.80859375,721,AGCAAA,3.80859375,4763,TGTGAG,2.456712900311686e-05,721,AGCAAA,0.06283080577850342,721,AGCAAA,0.06283080577850342,False,False,True,-1.955777406692505e-06,
17,13,66,head_4,recovery,0.0,8.291006088256836e-05,4763,TGTGAG,3.7734375,721,AGCAAA,3.80859375,721,AGCAAA,3.80859375,4763,TGTGAG,2.456785659887828e-05,721,AGCAAA,0.06283074617385864,721,AGCAAA,0.06283074617385864,False,False,True,-8.43079760670662e-06,
17,14,66,head_4,recovery,0.0,4.976987838745117e-05,4763,TGTGAG,3.7734375,721,AGCAAA,3.80859375,721,AGCAAA,3.80859375,4763,TGTGAG,2.4567545551690273e-05,721,AGCAAA,0.06283091008663177,721,AGCAAA,0.06283091008663177,False,False,True,-2.0492123439908028e-05,
17,15,66,head_4,recovery,0.0,-4.220008850097656e-05,4763,TGTGAG,3.7734375,721,AGCAAA,3.80859375,721,AGCAAA,3.80859375,4763,TGTGAG,2.4568096705479547e-05,721,AGCAAA,0.06283136457204819,721,AGCAAA,0.06283136457204819,False,False,True,-4.287390038371086e-05,
17,16,66,head_4,recovery,0.0,-0.0001583099365234375,4763,TGTGAG,3.7734375,721,AGCAAA,3.80859375,721,AGCAAA,3.80859375,4763,TGTGAG,2.4570197638240643e-05,721,AGCAAA,0.06283194571733475,721,AGCAAA,0.06283194571733475,False,False,True,-3.911973908543587e-05,
17,17,66,head_4,recovery,0.0,-0.0002110004425048828,4763,TGTGAG,3.7734375,721,AGCAAA,3.80859375,721,AGCAAA,3.80859375,4763,TGTGAG,2.4570674213464372e-05,721,AGCAAA,0.06283220648765564,721,AGCAAA,0.06283220648765564,False,False,True,-1.8515856936573982e-05,
17,18,66,head_4,recovery,0.0,-0.00040853023529052734,4763,TGTGAG,3.7734375,721,AGCAAA,3.80859375,721,AGCAAA,3.80859375,4763,TGTGAG,2.4572555048507638e-05,721,AGCAAA,0.06283318251371384,721,AGCAAA,0.06283318251371384,False,False,True,-5.813315510749817e-06,
17,19,66,head_4,recovery,0.0,-0.0004462003707885742,4763,TGTGAG,3.7734375,721,AGCAAA,3.80859375,721,AGCAAA,3.80859375,4763,TGTGAG,2.4570754248998128e-05,721,AGCAAA,0.06283336877822876,721,AGCAAA,0.06283336877822876,False,False,True,-8.786097168922424e-06,
17,20,66,head_4,recovery,0.0,-0.0010113716125488281,4763,TGTGAG,3.7734375,721,AGCAAA,3.80859375,721,AGCAAA,3.80859375,4763,TGTGAG,2.4576349460403435e-05,721,AGCAAA,0.0628361701965332,721,AGCAAA,0.0628361701965332,False,False,True,-2.3505184799432755e-05,
17,21,66,head_4,recovery,0.0,-0.0017635822296142578,4763,TGTGAG,3.7734375,721,AGCAAA,3.80859375,721,AGCAAA,3.80859375,4763,TGTGAG,2.4585677238064818e-05,721,AGCAAA,0.06283989548683167,721,AGCAAA,0.06283989548683167,False,False,True,-4.961155354976654e-05,
17,22,66,head_4,recovery,0.0,0.001017451286315918,4763,TGTGAG,3.7734375,721,AGCAAA,3.80859375,721,AGCAAA,3.80859375,4763,TGTGAG,2.4590051907580346e-05,721,AGCAAA,0.06282614916563034,721,AGCAAA,0.06282614916563034,False,False,True,-4.63780015707016e-05,
17,23,66,head_4,recovery,0.0,-0.003322124481201172,4763,TGTGAG,3.7734375,721,AGCAAA,3.80859375,721,AGCAAA,3.80859375,4763,TGTGAG,2.4575938368798234e-05,721,AGCAAA,0.06284759193658829,721,AGCAAA,0.06284759193658829,False,False,True,-4.312070086598396e-05,
17,24,66,head_4,recovery,0.0,-0.0025066137313842773,4763,TGTGAG,3.7734375,721,AGCAAA,3.80859375,721,AGCAAA,3.80859375,4763,TGTGAG,2.458786366332788e-05,721,AGCAAA,0.06284356862306595,721,AGCAAA,0.06284356862306595,False,False,True,-2.8741778805851936e-05,
17,25,66,head_4,recovery,0.0,-0.002710103988647461,4763,TGTGAG,3.7734375,721,AGCAAA,3.80859375,721,AGCAAA,3.80859375,4763,TGTGAG,2.460364339640364e-05,721,AGCAAA,0.06284458935260773,721,AGCAAA,0.06284458935260773,False,False,True,-2.4257926270365715e-05,
17,26,66,head_4,recovery,0.0,0.007541000843048096,4763,TGTGAG,3.7734375,721,AGCAAA,3.80859375,721,AGCAAA,3.80859375,4763,TGTGAG,2.4611956177977845e-05,721,AGCAAA,0.06279392540454865,721,AGCAAA,0.06279392540454865,False,False,True,-1.8991529941558838e-05,
17,27,66,head_4,recovery,0.0,0.0219041109085083,4763,TGTGAG,3.7734375,721,AGCAAA,3.80859375,721,AGCAAA,3.80859375,4763,TGTGAG,2.4599141397629865e-05,721,AGCAAA,0.06272292137145996,721,AGCAAA,0.06272292137145996,False,False,True,-9.245472028851509e-06,
17,28,66,head_4,recovery,0.0,0.031948745250701904,4763,TGTGAG,3.7734375,721,AGCAAA,3.80859375,721,AGCAAA,3.80859375,4763,TGTGAG,2.4594672140665352e-05,721,AGCAAA,0.06267326325178146,721,AGCAAA,0.06267326325178146,False,False,True,-7.983529940247536e-06,
17,29,66,head_4,recovery,0.0,0.014130949974060059,4763,TGTGAG,3.7734375,721,AGCAAA,3.80859375,721,AGCAAA,3.80859375,4763,TGTGAG,2.4596936782472767e-05,721,AGCAAA,0.0627613365650177,721,AGCAAA,0.0627613365650177,False,False,True,-7.737427949905396e-06,
17,30,66,head_4,recovery,0.0,-0.010118484497070312,4763,TGTGAG,3.7734375,721,AGCAAA,3.80859375,721,AGCAAA,3.80859375,4763,TGTGAG,2.4594324713689275e-05,721,AGCAAA,0.06288120150566101,721,AGCAAA,0.06288120150566101,False,False,True,-4.244036972522736e-06,
17,31,66,head_4,recovery,0.0,-0.028937220573425293,4763,TGTGAG,3.7734375,721,AGCAAA,3.80859375,721,AGCAAA,3.80859375,4763,TGTGAG,2.4578150259912945e-05,721,AGCAAA,0.06297420710325241,721,AGCAAA,0.06297420710325241,False,False,True,-3.595370799303055e-06,
17,32,66,head_4,recovery,-0.029296875,0.008569002151489258,4763,TGTGAG,3.771484375,721,AGCAAA,3.80859375,721,AGCAAA,3.80859375,4763,TGTGAG,2.4527116693207063e-05,721,AGCAAA,0.06278876215219498,721,AGCAAA,0.06278876215219498,False,False,True,-1.3594981282949448e-06,
17,33,66,head_4,recovery,-0.029296875,0.0044133663177490234,4763,TGTGAG,3.771484375,721,AGCAAA,3.80859375,721,AGCAAA,3.80859375,4763,TGTGAG,2.4459261112497188e-05,721,AGCAAA,0.06280923634767532,721,AGCAAA,0.06280923634767532,False,False,True,-3.389548510313034e-06,
17,34,66,head_4,recovery,-0.029296875,-0.010554075241088867,4763,TGTGAG,3.771484375,721,AGCAAA,3.80859375,721,AGCAAA,3.80859375,4763,TGTGAG,2.431308530503884e-05,721,AGCAAA,0.06288307160139084,721,AGCAAA,0.06288307160139084,False,False,True,-3.789318725466728e-06,
